lum,agg,int,atm,col,dep_bis,pays,region,com_bis,com_codeINSEE,communes,N_voie,numac,infra,catr,type_route,voie,circ,nbv,pr,pr1,vosp,situ,lat,long,adr,accident_velo,vehicule_imp,cycl_mort,cycl_bgv,cycl_blg,cycl_indm
1,9,1,1,2,6,FRANCE,PROVENCE-ALPES-COTE-D'AZUR,088,6088,NICE,PROMENADE DES ANGLAIS,5228,0,4,VC,0,3,4,,,0,1,,,,1,7,0,0,1,0
1,9,1,1,6,6,FRANCE,PROVENCE-ALPES-COTE-D'AZUR,088,6088,NICE,AVENUE THIERS,5232,0,4,VC,0,2,3,,,0,1,,,,1,7,0,0,1,0
1,9,1,1,3,6,FRANCE,PROVENCE-ALPES-COTE-D'AZUR,088,6088,NICE,BOULEVARD DES DEUX CORNICHES,5235,0,4,VC,0,2,2,,,0,1,,,,1,7,0,0,1,0
1,9,1,9,6,6,FRANCE,PROVENCE-ALPES-COTE-D'AZUR,088,6088,NICE,BOULEVARD DE STALINGRAD ,5253,0,4,VC,0,1,2,,,0,0,,,,1,,0,0,1,0
5,9,2,1,2,6,FRANCE,PROVENCE-ALPES-COTE-D'AZUR,088,6088,NICE,RUE DE LEPANTE,5294,0,4,VC,0,2,2,,,0,1,,,,1,2,0,0,1,0
1,6,2,1,3,6,FRANCE,PROVENCE-ALPES-COTE-D'AZUR,027,6027,CAGNES-SUR-MER,CHEMIN DE ST LAURENT ,5313,5,4,VC,0,2,2,,,0,1,,,,1,7,0,0,1,0
5,7,1,1,2,6,FRANCE,PROVENCE-ALPES-COTE-D'AZUR,029,6029,CANNES,RUE JEAN DOLLFUS,5327,0,4,VC,0,2,2,,,0,2,,,,1,7,0,0,1,0
1,9,1,1,3,6,FRANCE,PROVENCE-ALPES-COTE-D'AZUR,088,6088,NICE,PROMENADE DES ANGLAIS,5442,0,9,Autre,0,2,2,,,1,5,,,,1,,0,0,0,1
1,7,1,1,3,6,FRANCE,PROVENCE-ALPES-COTE-D'AZUR,004,6004,ANTIBES,AVENUE DE NICE,5451,0,2,RN,0,2,2,,,0,1,,,,1,7,0,0,1,0
1,6,1,1,3,6,FRANCE,PROVENCE-ALPES-COTE-D'AZUR,027,6027,CAGNES-SUR-MER,BOULEVARD DE LA PLAGE,5459,0,4,VC,0,2,4,,,0,1,,,,1,99,0,0,1,0
2,7,1,1,3,6,FRANCE,PROVENCE-ALPES-COTE-D'AZUR,029,6029,CANNES,BOULEVARD DU MIDI,5465,5,4,VC,0,0,2,,,0,1,,,,1,7,0,0,1,0
1,9,1,1,3,6,FRANCE,PROVENCE-ALPES-COTE-D'AZUR,088,6088,NICE,PLACE DU GENERAL DE GAULLE,5542,0,4,VC,0,2,2,,,0,1,,,,1,7,0,0,1,0
4,9,1,1,3,6,FRANCE,PROVENCE-ALPES-COTE-D'AZUR,088,6088,NICE,BOULEVARD CORNIGLION MOLINIER,5551,0,4,VC,0,3,6,,,0,1,,,,1,7,0,0,1,0
1,9,2,1,3,6,FRANCE,PROVENCE-ALPES-COTE-D'AZUR,088,6088,NICE,RUE ALBERTI,5568,0,4,VC,0,1,2,,,0,1,,,,1,7,0,0,1,0
1,9,1,1,3,6,FRANCE,PROVENCE-ALPES-COTE-D'AZUR,088,6088,NICE,BOULEVARD CARABACEL,5575,0,4,VC,0,2,4,,,0,1,,,,1,7,0,0,1,0
1,9,1,1,7,6,FRANCE,PROVENCE-ALPES-COTE-D'AZUR,088,6088,NICE,BOULEVARD RENE CASSIN,5576,0,4,VC,0,2,3,,,0,1,,,,1,7,0,0,1,0
5,9,3,1,3,6,FRANCE,PROVENCE-ALPES-COTE-D'AZUR,088,6088,NICE,RUE ROUGET DE L'ISLE,5645,0,4,VC,0,3,2,,,0,1,,,,1,7,0,0,1,0
1,9,2,1,2,6,FRANCE,PROVENCE-ALPES-COTE-D'AZUR,088,6088,NICE,RUE EMMANUEL PHILIBERT,5659,0,4,VC,0,2,2,,,0,1,,,,1,32,,,,
1,9,1,1,2,6,FRANCE,PROVENCE-ALPES-COTE-D'AZUR,088,6088,NICE,PROMENADE DES ANGLAIS,5671,0,4,VC,0,3,3,,,0,1,,,,1,7,0,0,1,0
1,1,1,1,3,6,FRANCE,PROVENCE-ALPES-COTE-D'AZUR,088,6088,NICE,RD 6202,5673,0,3,RD,0,3,4,,,0,5,,,,1,15,0,0,1,0
1,7,1,1,3,6,FRANCE,PROVENCE-ALPES-COTE-D'AZUR,029,6029,CANNES,AVENUE FRANCIS TONNER,5739,0,2,RN,0,2,2,,,0,1,,,,1,7,0,0,1,0
1,4,3,1,3,6,FRANCE,PROVENCE-ALPES-COTE-D'AZUR,091,6091,PEILLE,RD 21,5859,0,3,RD,21,2,0,7,500,0,1,0,0,,1,7,0,0,1,0
1,7,1,1,2,6,FRANCE,PROVENCE-ALPES-COTE-D'AZUR,004,6004,ANTIBES,AVENUE DE NICE,5865,0,3,RD,0,2,2,1,0,0,0,,,,1,2,0,0,1,0
1,9,2,1,3,6,FRANCE,PROVENCE-ALPES-COTE-D'AZUR,088,6088,NICE,RUE SORGENTINO,5936,0,4,VC,0,1,2,,,0,1,,,,1,7,0,0,1,0
1,9,1,1,2,6,FRANCE,PROVENCE-ALPES-COTE-D'AZUR,088,6088,NICE,BOULEVARD CIMIEZ ,5938,0,4,VC,0,2,2,,,0,1,,,,1,7,0,0,1,0
1,9,1,1,3,6,FRANCE,PROVENCE-ALPES-COTE-D'AZUR,088,6088,NICE,RUE BARLA,5945,0,4,VC,0,3,3,,,0,1,,,,1,33,0,0,1,0
1,9,1,1,3,6,FRANCE,PROVENCE-ALPES-COTE-D'AZUR,088,6088,NICE,PROMENADE DES ANGLAIS,5947,0,4,VC,0,1,3,,,0,1,,,,1,7,0,0,1,0
1,9,1,1,6,6,FRANCE,PROVENCE-ALPES-COTE-D'AZUR,088,6088,NICE,AVENUE DE LA REPUBLIQUE,5970,0,4,VC,0,0,1,,,3,4,,,,1,,0,0,0,1
1,9,1,1,3,6,FRANCE,PROVENCE-ALPES-COTE-D'AZUR,088,6088,NICE,BOULEVARD GAMBETTA,6008,0,4,VC,0,2,4,,,3,1,,,,1,7,0,0,1,0
1,1,1,1,3,6,FRANCE,PROVENCE-ALPES-COTE-D'AZUR,029,6029,CANNES,BOULEVARD DU MIDI,6031,0,4,VC,0,2,2,,,0,1,,,,1,33,0,0,1,0
1,7,2,1,3,6,FRANCE,PROVENCE-ALPES-COTE-D'AZUR,029,6029,CANNES,RUE HADDAD SIMON,6033,0,4,VC,0,1,1,,,0,1,,,,1,7,0,0,1,0
1,7,1,1,3,6,FRANCE,PROVENCE-ALPES-COTE-D'AZUR,029,6029,CANNES,AVENUE DES COTEAUX,6048,0,4,VC,0,2,2,,,0,1,,,,1,7,0,0,1,0
1,9,1,1,3,6,FRANCE,PROVENCE-ALPES-COTE-D'AZUR,088,6088,NICE,AVENUE MALAUSSENA,6069,0,4,VC,0,1,1,,,3,1,,,,1,7,0,0,1,0
1,9,1,1,6,6,FRANCE,PROVENCE-ALPES-COTE-D'AZUR,088,6088,NICE,RUE DE ROQUEBILLIERE,6095,0,4,VC,0,1,2,,,3,4,,,,1,,0,0,0,1
1,7,1,1,6,6,FRANCE,PROVENCE-ALPES-COTE-D'AZUR,004,6004,ANTIBES,AVENUE DE L'ILETTE,6153,0,4,VC,0,0,1,1,0,0,1,,,,1,7,0,0,1,0
1,6,1,1,6,6,FRANCE,PROVENCE-ALPES-COTE-D'AZUR,027,6027,CAGNES-SUR-MER,RUE DES FRENES ,6159,0,4,VC,0,2,2,,,0,1,,,,1,10,0,0,1,0
1,6,1,1,3,6,FRANCE,PROVENCE-ALPES-COTE-D'AZUR,027,6027,CAGNES-SUR-MER,AVENUE DES ALPES,6163,0,4,VC,0,3,2,,,1,5,,,,1,10,0,0,1,0
1,9,1,1,6,6,FRANCE,PROVENCE-ALPES-COTE-D'AZUR,088,6088,NICE,AVENUE CYRNOS,6237,0,4,VC,0,2,2,,,0,1,,,,1,,0,0,0,1
1,9,1,1,3,6,FRANCE,PROVENCE-ALPES-COTE-D'AZUR,088,6088,NICE,AVENUE GALLIENI,6240,0,4,VC,0,1,2,,,0,1,,,,1,7,0,0,1,0
1,9,1,1,3,6,FRANCE,PROVENCE-ALPES-COTE-D'AZUR,088,6088,NICE,RUE COMBATTANTS D'AFN,6269,0,4,VC,0,0,2,,,0,1,,,,1,7,0,0,1,0
1,9,3,1,3,6,FRANCE,PROVENCE-ALPES-COTE-D'AZUR,088,6088,NICE,IMPASSE DES LISERONS,6272,0,4,VC,0,2,2,,,0,1,,,,1,7,0,0,1,0
1,9,1,1,5,6,FRANCE,PROVENCE-ALPES-COTE-D'AZUR,088,6088,NICE,AVENUE CALIFORNIE,6293,0,4,VC,0,3,6,,,3,1,,,,1,7,0,0,1,0
1,7,1,1,3,6,FRANCE,PROVENCE-ALPES-COTE-D'AZUR,004,6004,ANTIBES,AVENUE GALLICE ,6304,0,4,VC,0,2,2,1,0,0,1,,,,1,7,0,0,1,0
1,7,1,1,3,6,FRANCE,PROVENCE-ALPES-COTE-D'AZUR,029,6029,CANNES,AVENUE DOCTEUR PICAUD  BOCCA,6319,0,4,VC,0,1,2,,,0,1,,,,1,7,0,0,1,0
5,7,1,1,3,6,FRANCE,PROVENCE-ALPES-COTE-D'AZUR,029,6029,CANNES,PROMENADE DE LA PANTIERO,6324,0,4,VC,0,0,2,,,0,1,,,,1,7,0,0,1,1
1,6,3,1,3,6,FRANCE,PROVENCE-ALPES-COTE-D'AZUR,069,6069,GRASSE,BOULEVARD CARNOT,6334,0,3,RD,0,2,2,,,0,1,,,,1,7,0,0,1,0
1,5,1,1,6,6,FRANCE,PROVENCE-ALPES-COTE-D'AZUR,104,6104,ROQUEBRUNE-CAP-MARTIN,AVENUE CLAUDE DEBUSSY,6349,0,4,VC,0,2,2,,,0,1,,,,1,7,0,0,1,0
1,6,6,1,3,6,FRANCE,PROVENCE-ALPES-COTE-D'AZUR,083,6083,MENTON,AVENUE CERNUSCHI,6350,0,3,RD,0,1,1,,,0,0,,,,1,7,0,0,1,0
1,9,1,1,6,6,FRANCE,PROVENCE-ALPES-COTE-D'AZUR,088,6088,NICE,AVENUE STE MARGUERITE ,6364,0,4,VC,0,2,2,,,0,1,,,,1,10,0,0,1,0
1,1,1,1,2,6,FRANCE,PROVENCE-ALPES-COTE-D'AZUR,088,6088,NICE,PROMENADE DES ANGLAIS,6409,0,4,VC,0,3,5,,,0,1,,,,1,32,0,0,1,0
1,7,1,1,2,6,FRANCE,PROVENCE-ALPES-COTE-D'AZUR,004,6004,ANTIBES,AVENUE JAMES WYLLIE,6448,0,4,VC,0,2,2,1,0,0,1,,,,1,7,0,0,1,0
1,6,6,1,3,6,FRANCE,PROVENCE-ALPES-COTE-D'AZUR,123,6123,SAINT-LAURENT-DU-VAR,AVENUE MISTRAL FREDERIC ,6463,0,4,VC,0,1,2,,,0,1,,,,1,30,0,0,1,0
1,6,6,1,3,6,FRANCE,PROVENCE-ALPES-COTE-D'AZUR,083,6083,MENTON,AVENUE FELIX FAURE,6491,5,3,RD,0,2,2,73,165,0,1,,,,1,7,0,0,1,0
1,6,3,1,5,6,FRANCE,PROVENCE-ALPES-COTE-D'AZUR,083,6083,MENTON,AVENUE FELIX FAURE,6493,0,3,RD,0,2,2,,,0,1,,,,1,7,,,,
2,9,2,1,3,6,FRANCE,PROVENCE-ALPES-COTE-D'AZUR,088,6088,NICE,BOULEVARD DU TZAREWITCH,6509,0,4,VC,0,2,2,,,0,1,,,,1,7,0,0,1,0
1,9,2,1,6,6,FRANCE,PROVENCE-ALPES-COTE-D'AZUR,088,6088,NICE,RUE ALFRED BINET,6523,0,4,VC,0,2,3,,,0,1,,,,1,7,0,0,1,0
1,9,1,1,6,6,FRANCE,PROVENCE-ALPES-COTE-D'AZUR,088,6088,NICE,BOULEVARD JEAN JAURES,6536,6,9,Autre,0,0,1,,,0,4,,,,1,,0,0,0,1
2,6,1,1,2,6,FRANCE,PROVENCE-ALPES-COTE-D'AZUR,030,6030,CANNET (LE),CHEMIN DES CIGALES,6609,0,4,VC,0,2,2,,,0,1,,,,1,7,0,0,1,0
2,9,2,1,3,6,FRANCE,PROVENCE-ALPES-COTE-D'AZUR,088,6088,NICE,RUE EL-NOUZAH,6683,0,4,VC,0,2,2,,,0,1,,,,1,7,0,0,1,0
1,9,1,1,3,6,FRANCE,PROVENCE-ALPES-COTE-D'AZUR,088,6088,NICE,RUELLE SAINT-JEAN D'ANGELY,6711,0,4,VC,0,2,2,,,0,0,,,,1,7,0,0,1,0
1,7,2,1,3,6,FRANCE,PROVENCE-ALPES-COTE-D'AZUR,004,6004,ANTIBES,AVENUE DES FRERESROUSTAN,6723,0,4,VC,0,1,1,1,0,0,0,,,,1,7,0,0,1,0
1,6,1,1,3,6,FRANCE,PROVENCE-ALPES-COTE-D'AZUR,027,6027,CAGNES-SUR-MER,AVENUE DE CANNES,6729,0,3,RD,0,2,3,,,1,1,,,,1,7,0,0,1,0
1,6,1,1,2,6,FRANCE,PROVENCE-ALPES-COTE-D'AZUR,027,6027,CAGNES-SUR-MER,BOULEVARD DE LA PLAGE,6733,0,4,VC,0,2,4,,,1,1,,,,1,7,0,0,1,0
1,6,3,1,2,6,FRANCE,PROVENCE-ALPES-COTE-D'AZUR,069,6069,GRASSE,AVENUE RIOU BLANQUET,6745,0,3,RD,0,2,2,,,0,1,,,,1,7,0,0,1,0
1,6,6,1,3,6,FRANCE,PROVENCE-ALPES-COTE-D'AZUR,069,6069,GRASSE,ROND-POINT des Quatre Chemins,6755,0,3,RD,0,1,2,,,0,1,,,,1,7,0,0,1,0
5,9,1,1,2,6,FRANCE,PROVENCE-ALPES-COTE-D'AZUR,088,6088,NICE,BOULEVARD DE RIQUIER,6824,0,4,VC,0,1,3,,,3,1,,,,1,7,0,0,1,0
1,6,3,1,3,6,FRANCE,PROVENCE-ALPES-COTE-D'AZUR,155,6155,VALLAURIS,AVENUE DU TAPIS VERT,6884,0,4,VC,0,2,2,,,0,1,,,,1,7,0,0,1,0
1,6,1,2,6,6,FRANCE,PROVENCE-ALPES-COTE-D'AZUR,123,6123,SAINT-LAURENT-DU-VAR,AVENUE DE LA LIBERATION ,6891,0,4,VC,0,2,2,,,0,4,,,,1,,0,0,0,1
1,6,3,1,3,6,FRANCE,PROVENCE-ALPES-COTE-D'AZUR,027,6027,CAGNES-SUR-MER,CHEMIN DES MASSENET ,6905,0,4,VC,0,2,2,,,0,4,,,,1,2,0,0,1,0
1,6,1,1,7,6,FRANCE,PROVENCE-ALPES-COTE-D'AZUR,069,6069,GRASSE,CHEMIN DES HAUTES CHAUVES,6923,0,4,VC,0,2,2,,,0,1,,,,1,,0,0,1,0
5,6,1,1,1,6,FRANCE,PROVENCE-ALPES-COTE-D'AZUR,069,6069,GRASSE,ROUTE DE CANNES,6924,0,3,RD,0,2,2,,,0,1,,,,1,7,0,0,1,0
1,9,1,1,3,6,FRANCE,PROVENCE-ALPES-COTE-D'AZUR,088,6088,NICE,ROUTE DE TURIN,6955,0,4,VC,0,1,2,,,0,1,,,,1,7,0,0,1,0
1,9,1,1,3,6,FRANCE,PROVENCE-ALPES-COTE-D'AZUR,088,6088,NICE,AVENUE CALIFORNIE,6969,0,4,VC,0,3,6,,,0,1,,,,1,7,0,0,1,0
1,9,1,1,2,6,FRANCE,PROVENCE-ALPES-COTE-D'AZUR,088,6088,NICE,VOIE RAPIDE,7008,0,4,VC,0,0,2,,,0,0,,,,1,,0,0,1,0
1,9,1,1,3,6,FRANCE,PROVENCE-ALPES-COTE-D'AZUR,088,6088,NICE,BOULEVARD CARLONE,7083,0,4,VC,0,2,3,,,0,1,,,,1,7,0,0,1,0
1,7,2,7,3,6,FRANCE,PROVENCE-ALPES-COTE-D'AZUR,004,6004,ANTIBES,BOULEVARD DE LA GAROUPE ,7271,0,3,RD,2559,2,2,10,0,0,1,,,,1,7,0,0,1,0
1,7,1,1,3,6,FRANCE,PROVENCE-ALPES-COTE-D'AZUR,004,6004,ANTIBES,GRASSE RTE DE,7273,0,4,VC,0,1,2,1,0,0,1,,,,1,7,0,0,1,0
1,4,1,1,1,6,FRANCE,PROVENCE-ALPES-COTE-D'AZUR,057,6057,ESCARENE (L'),RD 21,7424,0,3,RD,21,2,2,13,500,0,1,0,0,,1,7,0,0,1,0
1,7,1,1,3,6,FRANCE,PROVENCE-ALPES-COTE-D'AZUR,004,6004,ANTIBES,RD 6098,7481,0,3,RD,6098,3,3,1,0,1,1,,,,1,7,0,0,1,0
1,9,1,1,3,6,FRANCE,PROVENCE-ALPES-COTE-D'AZUR,088,6088,NICE,AVENUE MARECHAL FOCH,7492,0,4,VC,0,1,2,,,0,1,,,,1,10,0,0,1,0
1,6,1,1,7,6,FRANCE,PROVENCE-ALPES-COTE-D'AZUR,069,6069,GRASSE,AVENUE DE LA LIBERATION ,7497,0,3,RD,2562,2,2,0,,0,1,,,,1,,0,0,1,0
1,7,1,1,4,6,FRANCE,PROVENCE-ALPES-COTE-D'AZUR,004,6004,ANTIBES,AVENUE GUY DEMAUPASSANT,7522,0,4,VC,0,2,2,1,0,0,1,,,,1,10,0,0,1,0
1,6,1,1,1,6,FRANCE,PROVENCE-ALPES-COTE-D'AZUR,069,6069,GRASSE,CHEMIN DES BASTIDES,7524,0,5,Hors_reseau,0,2,1,,,0,1,,,,1,7,0,0,1,0
1,6,2,1,2,6,FRANCE,PROVENCE-ALPES-COTE-D'AZUR,027,6027,CAGNES-SUR-MER,AVENUE DE NICE,7541,0,4,VC,0,2,2,,,0,1,,,,1,7,0,0,1,0
1,7,1,1,7,6,FRANCE,PROVENCE-ALPES-COTE-D'AZUR,029,6029,CANNES,RUE DU COMMANDANT VIDAL,7563,0,4,VC,0,1,1,,,0,1,,,,1,,0,0,0,1
1,9,2,1,3,6,FRANCE,PROVENCE-ALPES-COTE-D'AZUR,088,6088,NICE,PROMENADE DES ANGLAIS,7565,0,4,VC,0,3,0,,,0,0,,,,1,7,0,0,1,0
1,9,2,1,3,6,FRANCE,PROVENCE-ALPES-COTE-D'AZUR,088,6088,NICE,RUE DU CONGRES,7589,0,4,VC,0,1,1,,,0,1,,,,1,7,0,0,1,0
1,6,1,1,3,6,FRANCE,PROVENCE-ALPES-COTE-D'AZUR,030,6030,CANNET (LE),BOULEVARD DU FOURCHAUX,7603,0,4,VC,0,2,2,,,0,1,,,,1,7,0,0,1,0
1,7,1,1,3,6,FRANCE,PROVENCE-ALPES-COTE-D'AZUR,029,6029,CANNES,BOULEVARD CARNOT,7621,0,4,VC,6285,2,5,0,,0,1,,,,1,33,0,0,0,1
1,9,2,1,3,6,FRANCE,PROVENCE-ALPES-COTE-D'AZUR,088,6088,NICE,AVENUE DES BLEUETS,7638,0,4,VC,0,2,2,,,0,1,,,,1,7,0,0,1,0
1,6,1,1,3,6,FRANCE,PROVENCE-ALPES-COTE-D'AZUR,069,6069,GRASSE,CHEMIN DU LAC,7726,0,4,VC,0,2,2,,,0,1,,,,1,7,0,0,1,0
1,7,1,1,3,6,FRANCE,PROVENCE-ALPES-COTE-D'AZUR,029,6029,CANNES,BOULEVARD VALLOMBROSA,7729,0,4,VC,0,2,4,,,0,1,,,,1,7,0,0,1,0
1,9,1,1,3,6,FRANCE,PROVENCE-ALPES-COTE-D'AZUR,088,6088,NICE,TRAVERSE DE LA DIGUE DES FRANCAIS,7847,0,4,VC,0,2,4,,,0,1,,,,1,7,0,0,1,0
1,9,1,1,3,6,FRANCE,PROVENCE-ALPES-COTE-D'AZUR,088,6088,NICE,BOULEVARD PAUL MONTEL,7857,0,4,VC,0,1,2,,,0,1,,,,1,7,0,0,1,0
1,6,1,1,6,6,FRANCE,PROVENCE-ALPES-COTE-D'AZUR,069,6069,GRASSE,BOULEVARD VICTOR HUGO,7865,0,3,RD,4,2,2,0,,0,1,,,,1,7,0,0,1,0
1,6,3,1,1,6,FRANCE,PROVENCE-ALPES-COTE-D'AZUR,083,6083,MENTON,AVENUE DE VERDUN,7903,0,3,RD,2566,2,2,74,,0,0,,,,1,30,0,0,1,0
1,5,1,1,3,6,FRANCE,PROVENCE-ALPES-COTE-D'AZUR,104,6104,ROQUEBRUNE-CAP-MARTIN,PROMENADE ROBERT SCHUMANN,7904,0,3,RD,52,2,3,3,100,0,1,,,,1,7,0,0,1,0
1,9,1,1,2,6,FRANCE,PROVENCE-ALPES-COTE-D'AZUR,088,6088,NICE,BOULEVARD GROSSO,7913,0,4,VC,0,1,3,,,3,1,,,,1,37,0,0,1,0
5,9,1,1,3,6,FRANCE,PROVENCE-ALPES-COTE-D'AZUR,088,6088,NICE,BOULEVARD PAUL MONTEL,7943,0,4,VC,0,1,1,,,0,1,,,,1,7,0,0,1,0
1,6,1,1,7,6,FRANCE,PROVENCE-ALPES-COTE-D'AZUR,069,6069,GRASSE,CHEMIN DES COMTESSES,8026,0,4,VC,0,2,2,,,0,1,,,,1,,0,0,1,0
1,9,1,1,6,6,FRANCE,PROVENCE-ALPES-COTE-D'AZUR,088,6088,NICE,PROMENADE DES ANGLAIS,8055,0,4,VC,0,3,5,,,0,1,,,,1,,0,0,0,1
1,9,1,1,3,6,FRANCE,PROVENCE-ALPES-COTE-D'AZUR,088,6088,NICE,ROUTE DE GRENOBLE,8088,0,4,VC,0,2,6,,,0,1,,,,1,10,0,0,1,0
1,9,3,1,3,6,FRANCE,PROVENCE-ALPES-COTE-D'AZUR,088,6088,NICE,BOULEVARD DUBOUCHAGE,8093,0,4,VC,0,1,3,,,0,1,,,,1,10,0,0,1,0
1,9,1,1,7,6,FRANCE,PROVENCE-ALPES-COTE-D'AZUR,088,6088,NICE,RUE ALPHONSE KARR,8094,0,4,VC,0,1,1,,,0,1,,,,1,7,0,0,1,0
1,6,1,1,7,6,FRANCE,PROVENCE-ALPES-COTE-D'AZUR,069,6069,GRASSE,RUE DU 11 NOVEMBRE,8117,0,3,RD,0,2,2,,,0,1,,,,1,,0,0,1,0
1,6,1,1,7,6,FRANCE,PROVENCE-ALPES-COTE-D'AZUR,069,6069,GRASSE,ROND-POINT STE MARTHE,8122,0,4,VC,0,2,2,,,0,1,,,,1,,0,0,1,0
1,9,2,1,6,6,FRANCE,PROVENCE-ALPES-COTE-D'AZUR,088,6088,NICE,RUE VERNIER,8139,0,4,VC,0,2,2,,,0,1,,,,1,7,0,0,1,0
1,9,1,2,6,6,FRANCE,PROVENCE-ALPES-COTE-D'AZUR,088,6088,NICE,RUE ANATOLE DE MONZIE,8144,0,4,VC,0,2,2,,,0,2,,,,1,,0,0,1,0
1,9,1,1,1,6,FRANCE,PROVENCE-ALPES-COTE-D'AZUR,088,6088,NICE,ROUTE DE BELLET,8145,0,4,VC,0,2,2,,,0,1,,,,1,7,0,0,1,0
1,7,1,1,6,6,FRANCE,PROVENCE-ALPES-COTE-D'AZUR,029,6029,CANNES,QUAI ST PIERRE,8163,0,4,VC,0,0,2,,,0,1,,,,1,7,0,0,1,0
1,6,1,1,2,6,FRANCE,PROVENCE-ALPES-COTE-D'AZUR,123,6123,SAINT-LAURENT-DU-VAR,RD 98,8171,0,4,VC,0,3,5,,,0,1,,,,1,7,0,0,1,0
1,6,3,1,3,6,FRANCE,PROVENCE-ALPES-COTE-D'AZUR,027,6027,CAGNES-SUR-MER,AVENUE JEAN JAURES,8172,0,4,VC,0,2,4,,,0,1,,,,1,7,0,0,1,0
1,9,2,1,6,6,FRANCE,PROVENCE-ALPES-COTE-D'AZUR,088,6088,NICE,BOULEVARD GAMBETTA,8206,0,4,VC,0,2,4,,,1,1,,,,1,,0,0,0,1
1,9,1,1,2,6,FRANCE,PROVENCE-ALPES-COTE-D'AZUR,088,6088,NICE,ROUTE DE TURIN,8225,0,4,VC,0,3,4,,,0,1,,,,1,7,0,0,1,0
1,7,1,1,3,6,FRANCE,PROVENCE-ALPES-COTE-D'AZUR,029,6029,CANNES,COUVERTURE VOIE FERREE,8290,0,4,VC,0,3,2,,,0,1,,,,1,30,0,0,0,1
1,9,1,1,6,6,FRANCE,PROVENCE-ALPES-COTE-D'AZUR,088,6088,NICE,PONT VINCENT AURIOL,8365,2,9,Autre,0,0,1,,,0,4,,,,1,33,0,0,1,0
1,6,1,1,2,6,FRANCE,PROVENCE-ALPES-COTE-D'AZUR,123,6123,SAINT-LAURENT-DU-VAR,RD 98,8373,0,4,VC,0,3,3,,,0,1,,,,1,7,0,0,1,0
1,6,1,1,3,6,FRANCE,PROVENCE-ALPES-COTE-D'AZUR,123,6123,SAINT-LAURENT-DU-VAR,AVENUE FRANCE D'OUTRE MER ,8380,0,4,VC,0,1,2,,,0,1,,,,1,7,0,0,1,0
1,9,1,1,2,6,FRANCE,PROVENCE-ALPES-COTE-D'AZUR,088,6088,NICE,PROMENADE DES ANGLAIS,8462,0,4,VC,0,3,6,,,0,1,,,,1,7,0,0,1,0
1,7,1,1,2,6,FRANCE,PROVENCE-ALPES-COTE-D'AZUR,004,6004,ANTIBES,AVENUE GALLICE ,8540,0,4,VC,0,0,2,1,0,0,1,,,,1,7,0,0,1,0
1,5,1,1,3,6,FRANCE,PROVENCE-ALPES-COTE-D'AZUR,159,6159,VILLEFRANCHE-SUR-MER,BOULEVARD NAPOLEON III,8591,5,4,VC,0,3,4,,,0,1,,,,1,7,0,0,1,0
1,9,1,1,6,6,FRANCE,PROVENCE-ALPES-COTE-D'AZUR,088,6088,NICE,RUE BEAUMONT,8610,0,4,VC,0,1,1,,,0,0,,,,1,,,,,
1,9,1,1,6,6,FRANCE,PROVENCE-ALPES-COTE-D'AZUR,088,6088,NICE,RUE DE FRANCE,8674,0,4,VC,0,1,3,,,0,1,,,,1,,0,0,1,0
1,1,1,1,3,6,FRANCE,PROVENCE-ALPES-COTE-D'AZUR,088,6088,NICE,MIN NICE ST AUGUSTIN,8718,0,4,VC,0,1,1,,,0,1,,,,1,7,0,0,1,0
1,7,1,1,2,6,FRANCE,PROVENCE-ALPES-COTE-D'AZUR,029,6029,CANNES,QUAI ST PIERRE,8724,0,4,VC,0,2,2,,,0,1,,,,1,10,0,0,1,0
5,9,1,1,6,6,FRANCE,PROVENCE-ALPES-COTE-D'AZUR,088,6088,NICE,QUAI DES ETATS UNIS,8727,0,4,VC,0,1,3,,,0,1,,,,1,7,0,0,1,0
1,6,1,1,2,6,FRANCE,PROVENCE-ALPES-COTE-D'AZUR,123,6123,SAINT-LAURENT-DU-VAR,RD 98,8729,0,4,VC,0,3,5,,,0,1,,,,1,37,0,0,1,0
1,7,1,1,6,6,FRANCE,PROVENCE-ALPES-COTE-D'AZUR,029,6029,CANNES,PLACE DU DIX HUIT JUIN,8785,0,4,VC,0,2,4,,,0,1,,,,1,30,0,0,1,0
1,9,1,1,3,6,FRANCE,PROVENCE-ALPES-COTE-D'AZUR,088,6088,NICE,AVENUE DES DIABLES BLEUS,8815,0,4,VC,0,2,3,,,0,1,,,,1,2,0,0,1,0
1,7,1,1,7,6,FRANCE,PROVENCE-ALPES-COTE-D'AZUR,029,6029,CANNES,RUE GEORGES CLEMENCEAU,8817,0,4,VC,0,2,2,,,0,1,,,,1,37,0,0,1,0
1,9,1,1,3,6,FRANCE,PROVENCE-ALPES-COTE-D'AZUR,088,6088,NICE,BOULEVARD DE SAINT-ROCH,8826,0,4,VC,0,1,1,,,0,1,,,,1,7,0,0,1,0
1,9,3,1,3,6,FRANCE,PROVENCE-ALPES-COTE-D'AZUR,088,6088,NICE,QUAI DES DEUX EMMANUELS,8861,0,4,VC,0,1,2,,,0,1,,,,1,7,0,0,1,0
1,6,1,1,3,6,FRANCE,PROVENCE-ALPES-COTE-D'AZUR,123,6123,SAINT-LAURENT-DU-VAR,RD 98,8868,0,4,VC,0,3,6,,,0,1,,,,1,7,0,0,1,0
1,9,1,1,3,6,FRANCE,PROVENCE-ALPES-COTE-D'AZUR,088,6088,NICE,AVENUE DURANTE,8870,0,4,VC,0,1,1,,,1,1,,,,1,7,0,0,1,0
1,9,2,1,3,6,FRANCE,PROVENCE-ALPES-COTE-D'AZUR,088,6088,NICE,RUE RAOUL BOSIO,8906,0,4,VC,0,2,2,,,0,1,,,,1,7,0,0,1,0
1,6,4,1,3,6,FRANCE,PROVENCE-ALPES-COTE-D'AZUR,123,6123,SAINT-LAURENT-DU-VAR,BOULEVARD OSSOLA JEAN ,8928,0,4,VC,0,2,2,,,0,1,,,,1,7,0,0,1,0
1,5,1,1,3,6,FRANCE,PROVENCE-ALPES-COTE-D'AZUR,161,6161,VILLENEUVE-LOUBET,RD 6007,8954,0,3,RD,6007,2,0,29,100,1,1,0,0,,1,7,0,0,1,0
1,7,1,1,3,6,FRANCE,PROVENCE-ALPES-COTE-D'AZUR,029,6029,CANNES,BOULEVARD CARNOT,8974,0,4,VC,0,2,4,,,0,0,,,,1,7,0,0,1,0