lum,agg,int,atm,col,dep_bis,pays,region,com_bis,com_codeINSEE,communes,N_voie,numac,infra,catr,type_route,voie,circ,nbv,pr,pr1,vosp,situ,lat,long,adr,accident_velo,vehicule_imp,cycl_mort,cycl_bgv,cycl_blg,cycl_indm
1,7,1,1,3,6,FRANCE,PROVENCE-ALPES-COTE-D'AZUR,029,6029,CANNES,BOULEVARD EUGENE GAZAGNAIRE,8979,0,4,VC,0,0,2,,,1,1,,,,1,7,0,0,1,0
1,6,3,1,3,6,FRANCE,PROVENCE-ALPES-COTE-D'AZUR,083,6083,MENTON,AVENUE DU GENERAL DE GAULLE,9003,0,3,RD,0,1,2,1,0,0,1,,,,1,32,0,0,1,0
1,9,1,1,5,6,FRANCE,PROVENCE-ALPES-COTE-D'AZUR,088,6088,NICE,BOULEVARD CIMIEZ ,9004,0,4,VC,0,2,3,,,0,1,,,,1,7,0,0,1,0
1,9,3,1,6,6,FRANCE,PROVENCE-ALPES-COTE-D'AZUR,088,6088,NICE,BOULEVARD AUGUSTE RAYNAUD,9046,0,4,VC,0,1,2,,,0,1,,,,1,,0,0,0,1
5,9,1,1,6,6,FRANCE,PROVENCE-ALPES-COTE-D'AZUR,088,6088,NICE,AVENUE FELIX FAURE,9052,0,4,VC,0,2,5,,,0,1,,,,1,7,0,0,1,0
1,9,1,1,3,6,FRANCE,PROVENCE-ALPES-COTE-D'AZUR,088,6088,NICE,RUE JEAN CANAVESE,9059,0,4,VC,0,2,2,,,0,1,,,,1,7,0,0,1,0
1,9,3,1,6,6,FRANCE,PROVENCE-ALPES-COTE-D'AZUR,088,6088,NICE,AVENUE DE LA CORNICHE FLEURIE,9068,0,4,VC,0,2,2,,,0,1,,,,1,7,0,0,1,0
1,9,1,1,3,6,FRANCE,PROVENCE-ALPES-COTE-D'AZUR,088,6088,NICE,BOULEVARD RISSO,9092,0,4,VC,0,1,2,,,1,1,,,,1,7,0,0,1,0
1,9,1,1,6,6,FRANCE,PROVENCE-ALPES-COTE-D'AZUR,088,6088,NICE,BOULEVARD VICTOR HUGO,9109,0,4,VC,0,1,2,,,0,1,,,,1,7,0,0,1,0
1,9,1,1,6,6,FRANCE,PROVENCE-ALPES-COTE-D'AZUR,088,6088,NICE,RUE GEORGES VILLE,9132,0,4,VC,0,1,2,,,0,1,,,,1,,0,0,0,1
1,9,1,1,6,6,FRANCE,PROVENCE-ALPES-COTE-D'AZUR,088,6088,NICE,AVENUE FELIX FAURE,9140,0,4,VC,0,1,3,,,1,1,,,,1,99,0,0,1,0
1,9,1,1,6,6,FRANCE,PROVENCE-ALPES-COTE-D'AZUR,088,6088,NICE,BOULEVARD RISSO,9154,0,4,VC,0,1,1,,,0,1,,,,1,7,0,0,1,0
1,9,1,1,6,6,FRANCE,PROVENCE-ALPES-COTE-D'AZUR,088,6088,NICE,BOULEVARD GAMBETTA,9178,0,4,VC,0,2,4,,,0,1,,,,1,,0,0,0,1
1,6,1,1,3,6,FRANCE,PROVENCE-ALPES-COTE-D'AZUR,027,6027,CAGNES-SUR-MER,AVENUE DE LA GARE ,9216,0,4,VC,0,2,3,,,0,1,,,,1,7,0,0,1,0
1,9,1,1,4,6,FRANCE,PROVENCE-ALPES-COTE-D'AZUR,088,6088,NICE,PROMENADE DES ANGLAIS,9223,0,4,VC,0,1,3,,,0,1,,,,1,7,0,0,1,0
1,6,1,1,3,6,FRANCE,PROVENCE-ALPES-COTE-D'AZUR,069,6069,GRASSE,BOULEVARD CARNOT,9246,0,3,RD,0,2,2,,,0,1,,,,1,7,0,0,1,0
1,9,1,1,6,6,FRANCE,PROVENCE-ALPES-COTE-D'AZUR,088,6088,NICE,BOULEVARD GAMBETTA,9260,0,4,VC,0,2,4,,,1,1,,,,1,,0,0,0,1
1,9,1,1,6,6,FRANCE,PROVENCE-ALPES-COTE-D'AZUR,088,6088,NICE,TRAVERSE DE LA DIGUE DES FRANCAIS,9268,0,4,VC,0,2,5,,,3,1,,,,1,7,0,0,1,0
1,9,1,1,6,6,FRANCE,PROVENCE-ALPES-COTE-D'AZUR,088,6088,NICE,AVENUE JEAN MEDECIN,9349,0,4,VC,0,2,2,,,3,4,,,,1,,0,0,0,1
1,6,1,1,3,6,FRANCE,PROVENCE-ALPES-COTE-D'AZUR,123,6123,SAINT-LAURENT-DU-VAR,CHEMIN DES PLATEAUX FLEURIS ,9352,0,4,VC,0,2,2,,,0,1,,,,1,10,0,0,1,0
1,6,1,1,1,6,FRANCE,PROVENCE-ALPES-COTE-D'AZUR,027,6027,CAGNES-SUR-MER,CHEMIN DE ST LAURENT ,9366,0,4,VC,0,2,2,,,0,1,,,,1,7,0,0,1,0
1,9,1,1,3,6,FRANCE,PROVENCE-ALPES-COTE-D'AZUR,088,6088,NICE,BOULEVARD RENE CASSIN,9374,0,4,VC,0,1,3,,,3,1,,,,1,7,0,0,1,0
1,6,1,1,7,6,FRANCE,PROVENCE-ALPES-COTE-D'AZUR,069,6069,GRASSE,BOULEVARD DU DOCTEUR BELLETRUD,9392,0,3,RD,0,2,2,,,0,1,,,,1,,0,0,1,0
1,9,1,1,3,6,FRANCE,PROVENCE-ALPES-COTE-D'AZUR,088,6088,NICE,AVENUE SAINT-JEAN BAPTISTE,9506,0,4,VC,0,1,4,,,1,1,,,,1,14,0,0,1,0
5,9,1,1,2,6,FRANCE,PROVENCE-ALPES-COTE-D'AZUR,088,6088,NICE,BOULEVARD CIMIEZ PARTIR,9519,0,4,VC,0,2,4,,,0,1,,,,1,7,0,0,1,0
1,6,1,1,3,6,FRANCE,PROVENCE-ALPES-COTE-D'AZUR,069,6069,GRASSE,JARDIN DU CLAVECIN,9530,0,3,RD,0,1,1,,,0,1,,,,1,7,0,0,1,0
1,7,1,7,3,6,FRANCE,PROVENCE-ALPES-COTE-D'AZUR,029,6029,CANNES,ROND-POINT GENERAL MAUBERT,9535,0,4,VC,0,4,2,,,0,1,,,,1,7,0,0,1,0
1,7,1,1,6,6,FRANCE,PROVENCE-ALPES-COTE-D'AZUR,029,6029,CANNES,BOULEVARD DU MIDI,9536,0,4,VC,0,2,2,,,0,1,,,,1,7,0,0,1,0
1,9,2,1,3,6,FRANCE,PROVENCE-ALPES-COTE-D'AZUR,088,6088,NICE,RUE ASSALIT,9546,0,4,VC,0,2,2,,,0,1,,,,1,7,0,0,1,0
1,6,1,1,3,6,FRANCE,PROVENCE-ALPES-COTE-D'AZUR,123,6123,SAINT-LAURENT-DU-VAR,GERBAULT ALAIN PROMENADE,9551,0,4,VC,0,1,2,,,2,1,,,,1,7,0,0,1,0
1,1,1,1,2,6,FRANCE,PROVENCE-ALPES-COTE-D'AZUR,069,6069,GRASSE,AVENUE SAINT LAURENT,9592,0,4,VC,0,2,2,,,0,1,,,,1,7,0,0,1,0
1,9,2,1,3,6,FRANCE,PROVENCE-ALPES-COTE-D'AZUR,088,6088,NICE,RUE SMOLETT,9638,0,4,VC,0,1,1,,,0,1,,,,1,7,0,0,1,0
1,9,1,1,3,6,FRANCE,PROVENCE-ALPES-COTE-D'AZUR,088,6088,NICE,RD 6202,9640,0,3,RD,0,3,4,,,0,1,,,,1,7,0,0,1,0
1,9,3,1,3,6,FRANCE,PROVENCE-ALPES-COTE-D'AZUR,088,6088,NICE,RUE AMIRAL DE GRASSE,9688,0,4,VC,0,1,1,,,0,1,,,,1,7,0,0,1,0
1,9,1,1,3,6,FRANCE,PROVENCE-ALPES-COTE-D'AZUR,088,6088,NICE,RUE RAOUL DUFY,9698,0,4,VC,0,3,3,,,0,1,,,,1,7,0,0,1,0
1,6,1,2,3,6,FRANCE,PROVENCE-ALPES-COTE-D'AZUR,069,6069,GRASSE,AVENUE PIERRE SEMARD,9733,0,3,RD,0,2,2,,,0,1,,,,1,7,0,0,1,0
1,7,1,1,6,6,FRANCE,PROVENCE-ALPES-COTE-D'AZUR,029,6029,CANNES,RUE WALTER SCOTT,9748,0,4,VC,0,2,2,,,0,1,,,,1,7,0,0,1,0
2,7,1,1,3,6,FRANCE,PROVENCE-ALPES-COTE-D'AZUR,029,6029,CANNES,AVENUE FRANCIS TONNER,9760,0,4,VC,0,2,2,,,0,1,,,,1,7,0,0,1,0
1,9,1,1,3,6,FRANCE,PROVENCE-ALPES-COTE-D'AZUR,088,6088,NICE,AVENUE SAINT-JEAN BAPTISTE,9794,0,4,VC,0,2,6,,,1,1,,,,1,7,0,0,1,0
1,9,1,1,3,6,FRANCE,PROVENCE-ALPES-COTE-D'AZUR,088,6088,NICE,QUAI DES ETATS UNIS,9810,0,4,VC,0,2,2,,,1,5,,,,1,31,0,0,1,0
5,9,2,1,3,6,FRANCE,PROVENCE-ALPES-COTE-D'AZUR,088,6088,NICE,AVENUE MARECHAL FOCH,9822,0,4,VC,0,1,1,,,0,1,,,,1,7,0,0,1,0
1,6,1,2,3,6,FRANCE,PROVENCE-ALPES-COTE-D'AZUR,027,6027,CAGNES-SUR-MER,AVENUE DE GRASSE,9861,0,4,VC,0,2,2,,,0,1,,,,1,7,0,0,1,0
1,6,1,1,3,6,FRANCE,PROVENCE-ALPES-COTE-D'AZUR,030,6030,CANNET (LE),RUE REBUFFEL,9868,0,4,VC,0,1,1,,,0,0,,,,1,7,0,0,1,0
1,9,1,1,3,6,FRANCE,PROVENCE-ALPES-COTE-D'AZUR,088,6088,NICE,AVENUE SAINT-LAMBERT ,9889,0,4,VC,0,2,2,,,0,1,,,,1,7,0,0,1,0
1,9,1,1,6,6,FRANCE,PROVENCE-ALPES-COTE-D'AZUR,088,6088,NICE,RAYBAUD JOSEPH,9944,0,4,VC,0,2,2,,,0,1,,,,1,,0,0,0,1
1,7,1,1,6,6,FRANCE,PROVENCE-ALPES-COTE-D'AZUR,029,6029,CANNES,PLACE DU GENERAL DE GAULLE,9961,0,4,VC,0,1,1,,,0,1,,,,1,,0,0,0,1
1,9,3,1,3,6,FRANCE,PROVENCE-ALPES-COTE-D'AZUR,088,6088,NICE,AVENUE SAINT-JOSEPH,10000,0,4,VC,0,1,1,,,0,1,,,,1,7,0,0,1,0
1,9,1,1,6,6,FRANCE,PROVENCE-ALPES-COTE-D'AZUR,088,6088,NICE,AVENUE DES ARENES DE CIMIEZ,10002,0,3,RD,0,2,2,,,0,1,,,,1,,0,0,0,1
1,6,1,1,6,6,FRANCE,PROVENCE-ALPES-COTE-D'AZUR,027,6027,CAGNES-SUR-MER,BOULEVARD DE LA PLAGE,10088,0,9,Autre,0,2,0,,,2,5,,,,1,,0,0,1,0
5,6,3,1,3,6,FRANCE,PROVENCE-ALPES-COTE-D'AZUR,123,6123,SAINT-LAURENT-DU-VAR,MOATTI PASSAGE,10123,0,4,VC,0,3,2,,,0,1,,,,1,10,0,0,1,0
1,6,1,1,2,6,FRANCE,PROVENCE-ALPES-COTE-D'AZUR,123,6123,SAINT-LAURENT-DU-VAR,MAICON PROMENADE,10131,0,4,VC,0,1,1,,,0,1,,,,1,10,0,0,1,0
1,6,3,1,3,6,FRANCE,PROVENCE-ALPES-COTE-D'AZUR,027,6027,CAGNES-SUR-MER,AVENUE CYRILLE BESSET,10132,0,4,VC,0,2,2,,,0,1,,,,1,31,0,0,0,1
1,6,1,1,3,6,FRANCE,PROVENCE-ALPES-COTE-D'AZUR,027,6027,CAGNES-SUR-MER,AVENUE DES ALPES,10140,0,4,VC,0,3,4,,,1,1,,,,1,10,0,0,1,0
1,6,1,1,2,6,FRANCE,PROVENCE-ALPES-COTE-D'AZUR,027,6027,CAGNES-SUR-MER,BOULEVARD DE LA PLAGE,10141,0,4,VC,0,2,4,,,1,1,,,,1,7,0,0,1,0
1,6,1,1,3,6,FRANCE,PROVENCE-ALPES-COTE-D'AZUR,027,6027,CAGNES-SUR-MER,RUE BIR HAKEIM ,10146,0,4,VC,0,2,2,,,0,1,,,,1,7,0,0,1,0
1,6,3,1,3,6,FRANCE,PROVENCE-ALPES-COTE-D'AZUR,123,6123,SAINT-LAURENT-DU-VAR,AVENUE MISTRAL FREDERIC ,10155,0,4,VC,0,1,2,,,1,1,,,,1,10,0,0,1,0
1,6,1,1,3,6,FRANCE,PROVENCE-ALPES-COTE-D'AZUR,027,6027,CAGNES-SUR-MER,BOULEVARD DE LA PLAGE,10165,0,4,VC,0,3,4,,,1,5,,,,1,33,0,0,1,0
1,6,2,1,3,6,FRANCE,PROVENCE-ALPES-COTE-D'AZUR,027,6027,CAGNES-SUR-MER,AVENUE DES CHENES,10187,0,4,VC,0,2,3,,,0,1,,,,1,30,0,0,1,0
1,6,1,1,3,6,FRANCE,PROVENCE-ALPES-COTE-D'AZUR,123,6123,SAINT-LAURENT-DU-VAR,AVENUE DES ORANGERS,10190,0,4,VC,0,2,2,,,0,4,,,,1,7,0,0,1,0
1,6,1,1,3,6,FRANCE,PROVENCE-ALPES-COTE-D'AZUR,027,6027,CAGNES-SUR-MER,BOULEVARD DU MARECHAL JUIN,10198,0,4,VC,0,1,2,,,2,5,,,,1,7,0,0,1,0
1,6,1,1,3,6,FRANCE,PROVENCE-ALPES-COTE-D'AZUR,027,6027,CAGNES-SUR-MER,BOULEVARD DE LA PLAGE,10213,0,4,VC,0,3,4,,,1,5,,,,1,7,0,0,1,0
1,6,3,1,3,6,FRANCE,PROVENCE-ALPES-COTE-D'AZUR,123,6123,SAINT-LAURENT-DU-VAR,ALLEE  DES SERRURIERS,10226,0,4,VC,0,2,2,,,0,1,,,,1,7,0,0,1,0
1,7,1,1,3,6,FRANCE,PROVENCE-ALPES-COTE-D'AZUR,029,6029,CANNES,RUE DU DOCTEUR GAZAGNAIRE,10234,0,4,VC,0,0,2,,,0,1,,,,1,10,0,0,1,0
1,7,1,1,3,6,FRANCE,PROVENCE-ALPES-COTE-D'AZUR,029,6029,CANNES,RUE D'ANTIBES,10273,0,3,RD,0,2,2,,,0,1,,,,1,7,0,0,1,0
1,7,1,1,6,6,FRANCE,PROVENCE-ALPES-COTE-D'AZUR,029,6029,CANNES,AVENUE LOUIS GROSSOT,10314,0,4,VC,0,1,1,,,0,1,,,,1,7,0,0,1,0
1,7,9,1,3,6,FRANCE,PROVENCE-ALPES-COTE-D'AZUR,029,6029,CANNES,BOULEVARD JEAN HIBERT,10362,0,4,VC,0,2,2,,,0,0,,,,1,7,0,0,1,0
1,6,1,1,2,6,FRANCE,PROVENCE-ALPES-COTE-D'AZUR,069,6069,GRASSE,ROUTE DE CANNES,10455,0,3,RD,0,2,2,,,0,1,,,,1,,0,0,1,0
1,6,1,1,7,6,FRANCE,PROVENCE-ALPES-COTE-D'AZUR,069,6069,GRASSE,AVENUE RIOU BLANQUET,10501,0,4,VC,0,2,2,,,0,1,,,,1,,0,0,1,0
1,6,9,1,6,6,FRANCE,PROVENCE-ALPES-COTE-D'AZUR,069,6069,GRASSE,BOULEVARD EMILE ZOLA,10507,0,5,Hors_reseau,0,0,1,,,0,0,,,,1,,0,0,1,1
1,6,1,1,6,6,FRANCE,PROVENCE-ALPES-COTE-D'AZUR,069,6069,GRASSE,ROUTE DE CANNES,10527,0,5,Hors_reseau,0,0,0,,,0,0,,,,1,2,0,0,1,0
5,9,1,2,3,6,FRANCE,PROVENCE-ALPES-COTE-D'AZUR,088,6088,NICE,AVENUE JEAN MEDECIN,10597,4,4,VC,0,2,2,,,3,0,,,,1,40,0,0,1,0
2,9,1,1,3,6,FRANCE,PROVENCE-ALPES-COTE-D'AZUR,088,6088,NICE,BOULEVARD DE LA MADELEINE,10617,0,4,VC,0,3,2,,,0,1,,,,1,7,0,0,1,0
1,9,2,1,3,6,FRANCE,PROVENCE-ALPES-COTE-D'AZUR,088,6088,NICE,RUE SORGENTINO,10634,0,4,VC,0,2,2,,,0,1,,,,1,10,0,0,1,0
1,9,1,1,6,6,FRANCE,PROVENCE-ALPES-COTE-D'AZUR,088,6088,NICE,PROMENADE DES ANGLAIS,10662,0,4,VC,0,1,3,,,1,1,,,,1,7,0,0,1,0
1,9,1,1,6,6,FRANCE,PROVENCE-ALPES-COTE-D'AZUR,088,6088,NICE,PROMENADE DES ANGLAIS,10666,0,4,VC,0,1,3,,,0,1,,,,1,7,0,0,1,0
1,9,1,1,3,6,FRANCE,PROVENCE-ALPES-COTE-D'AZUR,088,6088,NICE,AVENUE FELIX FAURE,10695,0,4,VC,0,2,4,,,1,1,,,,1,7,0,0,1,0
1,9,1,1,3,6,FRANCE,PROVENCE-ALPES-COTE-D'AZUR,088,6088,NICE,PROMENADE DES ANGLAIS,10745,0,4,VC,0,3,4,,,1,1,,,,1,7,0,0,1,0
1,9,1,1,6,6,FRANCE,PROVENCE-ALPES-COTE-D'AZUR,088,6088,NICE,PLACE GARIBALDI,10775,0,4,VC,0,0,2,,,0,1,,,,1,,0,0,0,1
1,9,3,1,7,6,FRANCE,PROVENCE-ALPES-COTE-D'AZUR,088,6088,NICE,AVENUE DE VERDUN,10782,0,4,VC,0,1,1,,,0,1,,,,1,30,0,0,0,1
1,9,1,1,3,6,FRANCE,PROVENCE-ALPES-COTE-D'AZUR,088,6088,NICE,ROUTE DE GRENOBLE,10797,0,4,VC,0,3,3,,,0,1,,,,1,7,0,0,1,0
1,9,1,1,6,6,FRANCE,PROVENCE-ALPES-COTE-D'AZUR,088,6088,NICE,PROMENADE DES ANGLAIS,10802,6,9,Autre,0,2,1,,,1,5,,,,1,14,0,0,1,0
1,9,1,1,3,6,FRANCE,PROVENCE-ALPES-COTE-D'AZUR,088,6088,NICE,AVENUE SAINT-JEAN BAPTISTE,10845,0,4,VC,0,2,3,,,1,1,,,,1,2,0,0,1,0
5,9,2,1,3,6,FRANCE,PROVENCE-ALPES-COTE-D'AZUR,088,6088,NICE,BOULEVARD CARABACEL,10922,0,4,VC,0,0,4,,,0,1,,,,1,7,0,0,1,0
1,9,1,1,3,6,FRANCE,PROVENCE-ALPES-COTE-D'AZUR,088,6088,NICE,BOULEVARD CARABACEL,10923,0,4,VC,0,2,4,,,0,1,,,,1,7,0,0,1,0
1,9,1,1,3,6,FRANCE,PROVENCE-ALPES-COTE-D'AZUR,088,6088,NICE,PROMENADE DES ANGLAIS,10935,0,4,VC,0,3,3,,,0,1,,,,1,32,0,0,0,1
1,9,1,1,6,6,FRANCE,PROVENCE-ALPES-COTE-D'AZUR,088,6088,NICE,BOULEVARD DE L'ARMEE DES ALPES,10952,0,4,VC,0,2,4,,,0,1,,,,1,7,0,0,1,0
1,9,3,1,6,6,FRANCE,PROVENCE-ALPES-COTE-D'AZUR,088,6088,NICE,RUE SEGURANE,11007,0,4,VC,0,1,2,,,0,1,,,,1,7,0,0,1,0
1,9,1,1,6,6,FRANCE,PROVENCE-ALPES-COTE-D'AZUR,088,6088,NICE,AVENUE THIERS,11013,0,4,VC,0,2,4,,,0,1,,,,1,7,0,0,1,0
1,9,1,1,3,6,FRANCE,PROVENCE-ALPES-COTE-D'AZUR,088,6088,NICE,ROUTE DE TURIN,11054,1,4,VC,0,1,2,,,0,1,,,,1,7,0,0,1,0
1,9,2,1,3,6,FRANCE,PROVENCE-ALPES-COTE-D'AZUR,088,6088,NICE,RUE ARSON,11064,0,4,VC,0,1,1,,,0,1,,,,1,7,0,0,1,0
1,9,6,1,2,6,FRANCE,PROVENCE-ALPES-COTE-D'AZUR,088,6088,NICE,ROUTE DE GRENOBLE,11069,0,3,RD,0,3,5,,,0,1,,,,1,7,0,0,1,0
5,9,2,1,3,6,FRANCE,PROVENCE-ALPES-COTE-D'AZUR,088,6088,NICE,AVENUE JEAN MEDECIN,11089,0,4,VC,0,3,2,,,0,1,,,,1,7,0,0,1,0
5,9,1,1,6,6,FRANCE,PROVENCE-ALPES-COTE-D'AZUR,088,6088,NICE,PROMENADE DES ANGLAIS,11092,0,9,Autre,0,2,0,,,1,0,,,,1,,0,0,0,1
1,9,2,1,3,6,FRANCE,PROVENCE-ALPES-COTE-D'AZUR,088,6088,NICE,RUE LASCARIS,11111,0,4,VC,0,1,2,,,0,1,,,,1,30,0,0,0,1
1,9,1,1,1,6,FRANCE,PROVENCE-ALPES-COTE-D'AZUR,088,6088,NICE,RUE GUIGLIONDA SAINT-AGATHE,11146,0,4,VC,0,2,1,,,0,1,,,,1,7,0,0,1,0
1,9,1,1,3,6,FRANCE,PROVENCE-ALPES-COTE-D'AZUR,088,6088,NICE,RUE VERNIER,11160,0,4,VC,0,2,2,,,0,1,,,,1,31,0,0,1,0
1,9,1,1,5,6,FRANCE,PROVENCE-ALPES-COTE-D'AZUR,088,6088,NICE,PLACE DE L'ILE-DE-BEAUTE,11168,0,4,VC,0,1,3,,,0,1,,,,1,7,0,0,1,0
1,9,1,1,6,6,FRANCE,PROVENCE-ALPES-COTE-D'AZUR,088,6088,NICE,BOULEVARD CARLONE,11176,0,4,VC,0,2,3,,,0,1,,,,1,30,0,0,0,1
5,9,1,1,3,6,FRANCE,PROVENCE-ALPES-COTE-D'AZUR,088,6088,NICE,RUE DE ROQUEBILLIERE,11268,0,4,VC,0,2,2,,,0,1,,,,1,30,0,0,0,1
1,5,6,1,6,7,FRANCE,RHONE-ALPES,281,7281,SAINT-PERAY,AVENUE DE GROSS-UMSTADT,11296,5,4,VC,0,1,2,,,0,1,,,,1,7,0,0,1,0
1,5,1,1,3,7,FRANCE,RHONE-ALPES,324,7324,TOURNON-SUR-RHONE,Autre 0,11300,0,9,Autre,0,1,1,0,0,1,1,4506900,483800,,1,7,0,0,1,0
1,5,3,1,3,7,FRANCE,RHONE-ALPES,324,7324,TOURNON-SUR-RHONE,VC 0,11303,5,4,VC,0,1,1,0,0,0,1,4506800,484000,,1,10,0,0,1,0
1,1,1,1,3,7,FRANCE,RHONE-ALPES,281,7281,SAINT-PERAY,CD 533,11326,0,3,RD,0,2,2,54,100,0,1,,,,1,7,0,0,1,0
1,5,1,7,3,7,FRANCE,RHONE-ALPES,281,7281,SAINT-PERAY,AVENUE DU HUIT MAI,11333,5,4,VC,0,2,2,,,2,5,,,,1,7,0,0,1,0
1,1,1,8,1,7,FRANCE,RHONE-ALPES,030,7030,BEAUVENE,RD 120,11359,0,3,RD,120,2,2,34,100,0,1,0,0,,1,7,0,0,1,0
1,5,1,1,1,7,FRANCE,RHONE-ALPES,324,7324,TOURNON-SUR-RHONE,RD 86,11360,0,3,RD,86,2,2,0,0,0,1,4507400,483000,,1,17,0,0,1,0
2,5,1,1,3,7,FRANCE,RHONE-ALPES,102,7102,GUILHERAND-GRANGES,AVENUE DE LA REPUBLIQUE,11362,5,4,VC,0,2,2,,,2,1,,,,1,10,0,0,1,0
1,5,7,1,3,7,FRANCE,RHONE-ALPES,186,7186,PRIVAS,BOULEVARD DE LA GLACIERE,11371,0,4,VC,0,2,2,,,0,1,,,,1,7,0,0,1,0
1,5,6,1,3,7,FRANCE,RHONE-ALPES,102,7102,GUILHERAND-GRANGES,AVENUE DE LA REPUBLIQUE,11410,5,4,VC,0,2,2,,,2,1,,,,1,7,0,0,1,0
1,5,3,1,6,7,FRANCE,RHONE-ALPES,281,7281,SAINT-PERAY,RUE JEANNE D'ARC,11411,0,4,VC,0,2,2,,,0,1,,,,1,7,0,0,1,0
1,6,2,1,3,8,FRANCE,CHAMPAGNE-ARDENNE,409,8409,SEDAN,AVENUE DE LA MARNE,11428,0,2,RN,0,2,2,,,0,1,,,,1,7,0,0,1,0
1,4,1,1,1,8,FRANCE,CHAMPAGNE-ARDENNE,142,8142,DONCHERY,RD 764,11430,5,3,RD,764,2,2,14,400,0,1,4969600,487500,,1,7,0,0,1,0
1,7,3,1,3,8,FRANCE,CHAMPAGNE-ARDENNE,105,8105,CHARLEVILLE-MEZIERES,AVENUE DU PRESIDENT AURIOL,11452,0,2,RN,0,2,2,42,905,0,1,,,,1,7,0,0,1,0
1,3,1,1,1,8,FRANCE,CHAMPAGNE-ARDENNE,008,8008,AMAGNE,RD 21,11460,0,3,RD,21,2,2,11,0,0,1,0,0,,1,7,0,0,1,0
1,6,6,2,6,8,FRANCE,CHAMPAGNE-ARDENNE,409,8409,SEDAN,ROND-POINT BELLE VUE,11461,0,3,RD,0,4,1,,,0,1,,,,1,7,0,0,1,0
1,4,9,1,1,8,FRANCE,CHAMPAGNE-ARDENNE,302,8302,MONTHERME,RD 1,11502,0,3,RD,1,2,2,18,400,0,1,4988150,473011,,1,7,0,0,1,0
1,4,1,1,1,9,FRANCE,MIDI-PYRENEES,194,9194,MIREPOIX,VC 0,11521,0,4,VC,0,2,2,0,0,0,1,0,0,,1,7,0,0,1,0
2,5,1,8,3,9,FRANCE,MIDI-PYRENEES,160,9160,LAVELANET,RD 117,11554,0,3,RD,117,2,0,0,0,0,1,4293400,185300,,1,7,0,0,1,0
1,3,4,1,3,9,FRANCE,MIDI-PYRENEES,047,9047,BELESTA,,11591,,4,VC,,2,2,,,0,,4291000,-38000,,1,21,0,0,1,0
1,3,3,1,1,9,FRANCE,MIDI-PYRENEES,238,9238,PUJOLS (LES),RD 30,11595,0,3,RD,30,2,2,9,150,0,0,0,0,,1,7,0,0,1,0
1,1,1,1,6,9,FRANCE,MIDI-PYRENEES,185,9185,MAZERES,VC 0,11597,0,4,VC,0,2,1,0,0,0,1,0,0,,1,7,0,0,1,0
1,5,1,1,1,9,FRANCE,MIDI-PYRENEES,122,9122,FOIX,RESIDENCE DU LAC,11603,0,4,VC,0,2,2,,,0,1,,,,1,7,0,0,1,0
1,1,1,1,3,9,FRANCE,MIDI-PYRENEES,065,9065,BOUSSENAC,RD 618,11604,0,3,RD,618,2,2,63,190,0,1,,,,1,7,0,0,1,0
1,1,2,7,3,9,FRANCE,MIDI-PYRENEES,336,9336,VILLENEUVE-D'OLMES,RD 117,11615,5,3,RD,117,2,2,17,200,0,1,4291567,180761,,1,7,0,0,1,0
5,5,1,1,3,10,FRANCE,CHAMPAGNE-ARDENNE,333,10333,SAINT-ANDRE-LES-VERGERS,RUE CHARLES BALTET,11627,0,4,VC,0,2,2,,,0,1,,,,1,2,0,0,0,1
1,7,6,1,3,10,FRANCE,CHAMPAGNE-ARDENNE,387,10387,TROYES,RUE GEORGES POMPIDOU,11633,0,4,VC,0,1,2,,,0,1,,,,1,7,0,0,1,0
1,7,1,1,2,10,FRANCE,CHAMPAGNE-ARDENNE,387,10387,TROYES,NATIONALE GENERAL PATTON,11642,0,2,RN,0,1,2,,,0,1,,,,1,31,0,0,0,1
1,7,1,1,3,10,FRANCE,CHAMPAGNE-ARDENNE,387,10387,TROYES,RUE DES MAROTS,11643,0,4,VC,0,2,2,,,0,1,,,,1,10,0,0,1,0
1,7,6,1,3,10,FRANCE,CHAMPAGNE-ARDENNE,387,10387,TROYES,RUE JULES GUESDE ,11651,0,4,VC,0,1,1,,,0,1,,,,1,7,0,0,1,0
1,7,1,1,6,10,FRANCE,CHAMPAGNE-ARDENNE,387,10387,TROYES,RUE JULES GUESDE ,11654,0,9,Autre,0,0,1,,,0,4,,,,1,,0,0,0,1
1,7,1,1,3,10,FRANCE,CHAMPAGNE-ARDENNE,387,10387,TROYES,CHAUSSEE DU VOULDY,11655,0,4,VC,0,2,4,,,0,1,,,,1,7,0,0,1,0
1,5,2,1,3,10,FRANCE,CHAMPAGNE-ARDENNE,343,10343,SAINT-JULIEN-LES-VILLAS,RUE FABLE,11676,0,4,VC,0,2,2,,,0,1,,,,1,7,0,0,1,0
1,5,1,1,3,10,FRANCE,CHAMPAGNE-ARDENNE,033,10033,BAR-SUR-AUBE,RD 619,11677,5,3,RD,619,2,0,115,0,0,1,0,0,,1,7,0,0,1,0
1,7,6,1,3,10,FRANCE,CHAMPAGNE-ARDENNE,387,10387,TROYES,RUE ROBERT GALLEY,11680,0,4,VC,0,1,2,,,2,5,,,,1,7,0,0,1,0
1,1,1,1,1,10,FRANCE,CHAMPAGNE-ARDENNE,030,10030,BARBEREY-SAINT-SULPICE,RD 20,11685,0,3,RD,20,2,2,29,654,0,1,0,0,,1,7,0,0,1,0
1,7,3,1,3,10,FRANCE,CHAMPAGNE-ARDENNE,387,10387,TROYES,RUE JULES LEBOCEY,11687,0,4,VC,0,1,0,,,0,1,,,,1,7,0,0,1,0
2,7,2,1,2,10,FRANCE,CHAMPAGNE-ARDENNE,387,10387,TROYES,VC 0,11691,0,4,VC,0,2,4,,,1,1,,,,1,7,0,0,1,0
1,7,9,1,6,10,FRANCE,CHAMPAGNE-ARDENNE,387,10387,TROYES,RUE PLANCHE DES PRES,11697,0,4,VC,0,0,2,,,0,1,,,,1,7,0,0,1,0
1,4,1,1,3,10,FRANCE,CHAMPAGNE-ARDENNE,325,10325,ROSIERES-PRES-TROYES,RUE FERNAND SASTRE,11698,0,4,VC,0,2,2,,,0,1,,,,1,7,0,0,1,0
2,7,2,1,3,10,FRANCE,CHAMPAGNE-ARDENNE,387,10387,TROYES,RUE GAMBETTA,11700,0,4,VC,0,2,3,,,0,1,,,,1,7,0,0,1,0