lum,agg,int,atm,col,dep_bis,pays,region,com_bis,com_codeINSEE,communes,N_voie,numac,infra,catr,type_route,voie,circ,nbv,pr,pr1,vosp,situ,lat,long,adr,accident_velo,vehicule_imp,cycl_mort,cycl_bgv,cycl_blg,cycl_indm
5,7,6,1,2,10,FRANCE,CHAMPAGNE-ARDENNE,387,10387,TROYES,RUE POINTELA GRAISSE,11708,0,4,VC,0,4,2,,,0,1,,,,1,7,0,0,1,0
1,5,6,1,2,10,FRANCE,CHAMPAGNE-ARDENNE,343,10343,SAINT-JULIEN-LES-VILLAS,RUE DU CHATEAU DES COURS,11735,0,4,VC,0,3,2,,,0,0,,,,1,7,0,0,1,0
1,7,1,1,3,10,FRANCE,CHAMPAGNE-ARDENNE,387,10387,TROYES,RUE DU MARECHAL DE LATTRE DE TASSIGNY,11736,0,4,VC,0,2,2,,,0,1,,,,1,7,0,0,1,0
5,7,2,1,1,10,FRANCE,CHAMPAGNE-ARDENNE,387,10387,TROYES,RUE PIERRE BROSSOLETTE,11743,0,4,VC,0,2,4,,,0,1,,,,1,7,0,0,1,0
1,5,6,1,6,10,FRANCE,CHAMPAGNE-ARDENNE,343,10343,SAINT-JULIEN-LES-VILLAS,RUE GAMBETTA,11749,0,4,VC,0,2,2,,,1,1,,,,1,7,0,0,1,0
5,7,1,1,7,10,FRANCE,CHAMPAGNE-ARDENNE,387,10387,TROYES,RUE ARISTIDE MAILLOL,11762,0,6,Parking,0,2,2,,,0,0,,,,1,,0,0,0,1
1,7,1,1,6,10,FRANCE,CHAMPAGNE-ARDENNE,387,10387,TROYES,QUAI DES COMTES DE CHAMPAGNE,11763,0,4,VC,0,1,2,,,0,1,,,,1,7,0,0,1,0
1,7,1,1,7,10,FRANCE,CHAMPAGNE-ARDENNE,387,10387,TROYES,RUE DE PREIZE,11765,0,4,VC,0,2,2,,,0,1,,,,1,7,0,0,1,0
1,7,1,1,3,10,FRANCE,CHAMPAGNE-ARDENNE,387,10387,TROYES,RUE DE LA PAIX,11775,0,4,VC,,2,2,0,0,0,1,,,,1,7,0,0,1,0
1,7,2,1,3,10,FRANCE,CHAMPAGNE-ARDENNE,387,10387,TROYES,VC 0,11782,6,4,VC,0,0,1,0,0,3,1,,,,1,7,0,0,1,0
1,7,2,2,3,10,FRANCE,CHAMPAGNE-ARDENNE,387,10387,TROYES,VC 0,11788,0,4,VC,0,2,3,0,0,0,1,,,,1,10,0,0,1,0
1,7,3,1,3,10,FRANCE,CHAMPAGNE-ARDENNE,387,10387,TROYES,RUE ANATOLE FRANCE,11791,0,4,VC,0,2,2,,,1,1,,,,1,7,0,0,1,0
1,7,1,1,2,10,FRANCE,CHAMPAGNE-ARDENNE,387,10387,TROYES,AVENUE CHOMEDEY DE MAISONNEUVE,11797,0,3,RD,619,1,3,61,325,1,1,,,,1,10,0,0,1,0
2,7,2,1,3,10,FRANCE,CHAMPAGNE-ARDENNE,387,10387,TROYES,AVENUE CHOMEDEY DE MAISONNEUVE,11798,0,3,RD,,1,3,62,20,,1,,,,1,2,0,0,0,1
1,5,2,1,1,10,FRANCE,CHAMPAGNE-ARDENNE,081,10081,CHAPELLE-SAINT-LUC (LA),RUE JULES FERRY,11800,0,3,RD,20,2,2,,,0,1,,,,1,7,0,0,1,0
1,7,3,1,3,10,FRANCE,CHAMPAGNE-ARDENNE,387,10387,TROYES,RUE DES MAROTS,11801,0,4,VC,0,2,2,,,0,1,,,,1,7,0,0,1,0
1,7,1,1,2,10,FRANCE,CHAMPAGNE-ARDENNE,387,10387,TROYES,RUE DANTON,11802,0,3,RD,619,1,2,62,767,1,1,4830310,407637,,1,7,0,0,1,0
1,7,3,1,3,10,FRANCE,CHAMPAGNE-ARDENNE,387,10387,TROYES,RUE DU 14 JUILLET,11806,0,4,VC,0,1,2,,,0,1,,,,1,7,0,0,1,0
1,7,1,1,3,10,FRANCE,CHAMPAGNE-ARDENNE,387,10387,TROYES,RUE VICTOR HUGO,11812,0,6,Parking,0,0,1,,,0,1,,,,1,7,0,0,1,0
1,4,2,1,3,10,FRANCE,CHAMPAGNE-ARDENNE,297,10297,PONT-SAINTE-MARIE,RUE ANATOLE FRANCE,11815,0,4,VC,0,2,2,,,0,1,,,,1,10,0,0,1,0
1,7,4,1,2,10,FRANCE,CHAMPAGNE-ARDENNE,387,10387,TROYES,MAIL DES CHARMILLES,11825,0,3,RD,619,1,5,36,790,1,1,4830430,408807,,1,37,0,0,1,0
1,7,1,1,2,10,FRANCE,CHAMPAGNE-ARDENNE,387,10387,TROYES,RUE EMILE ZOLA,11826,6,4,VC,0,1,1,0,0,0,1,4829620,407422,,1,10,0,0,1,0
1,7,1,1,7,10,FRANCE,CHAMPAGNE-ARDENNE,387,10387,TROYES,RUE JULES GUESDE ,11835,0,4,VC,0,1,1,,,1,4,4828671,408222,,1,7,0,0,1,0
1,7,6,1,6,10,FRANCE,CHAMPAGNE-ARDENNE,387,10387,TROYES,RUE JULES GUESDE ,11836,5,4,VC,0,1,2,,,2,5,,,,1,7,0,0,1,0
1,4,5,1,6,10,FRANCE,CHAMPAGNE-ARDENNE,357,10357,SAINT-PARRES-AUX-TERTRES,RUE LIEUTENANT MICHEL TAITTING,11843,5,3,RD,619,2,4,64,550,1,1,4830362,409811,,1,7,0,0,1,0
2,7,3,1,6,10,FRANCE,CHAMPAGNE-ARDENNE,387,10387,TROYES,RUE GUSTAVE LEHEUTRE,11846,0,4,VC,0,2,2,,,0,1,4827212,408103,,1,7,0,0,1,0
1,7,2,1,7,10,FRANCE,CHAMPAGNE-ARDENNE,387,10387,TROYES,RUE GAMBETTA,11847,0,3,RD,319,2,4,6,0,0,1,4830060,407547,,1,7,0,0,1,0
1,7,1,1,3,10,FRANCE,CHAMPAGNE-ARDENNE,387,10387,TROYES,AVENUE MAJOR GENERAL VANIER,11849,0,3,RD,619,1,3,61,470,1,1,4830935,406810,,1,2,0,0,1,0
1,7,1,1,6,10,FRANCE,CHAMPAGNE-ARDENNE,387,10387,TROYES,RUE LINARD HUBERT,11852,0,4,VC,0,2,2,,,0,1,4829323,409311,,1,7,0,0,1,0
2,5,1,1,2,10,FRANCE,CHAMPAGNE-ARDENNE,081,10081,CHAPELLE-SAINT-LUC (LA),RUE ROGER SALENGRO,11856,0,3,RD,319,1,2,1,990,0,1,4831568,404256,,1,7,0,0,1,0
1,4,4,3,3,10,FRANCE,CHAMPAGNE-ARDENNE,321,10321,RIVIERE-DE-CORPS (LA),RUE HENRI BARBUSSE,11857,0,3,RD,53,2,2,22,208,0,1,4828851,403599,,1,10,0,0,1,0
1,7,2,1,6,10,FRANCE,CHAMPAGNE-ARDENNE,387,10387,TROYES,RUE EDOUARD HERRIOT,11868,0,4,VC,0,2,2,,,1,1,4827410,408051,,1,7,0,0,1,0
1,1,1,7,1,10,FRANCE,CHAMPAGNE-ARDENNE,187,10187,LANDREVILLE,,11884,0,4,VC,,2,2,0,0,0,1,4807400,447700,,1,7,0,0,1,0
1,7,6,1,3,10,FRANCE,CHAMPAGNE-ARDENNE,387,10387,TROYES,BOULEVARD GEORGES POMPIDOU,11895,5,4,VC,,1,2,,,2,5,,,,1,7,0,0,1,0
1,7,1,1,7,10,FRANCE,CHAMPAGNE-ARDENNE,387,10387,TROYES,RUE EMILE ZOLA,11900,6,4,VC,,1,1,,,0,4,,,,1,,,,,
1,7,1,1,6,10,FRANCE,CHAMPAGNE-ARDENNE,387,10387,TROYES,CHEMIN CHAMPS DE LA LOGE,11906,6,5,Hors_reseau,,0,1,,,0,0,,,,1,,0,0,0,1
1,5,6,1,6,10,FRANCE,CHAMPAGNE-ARDENNE,333,10333,SAINT-ANDRE-LES-VERGERS,RUE CHARLES BALTET,11909,5,3,RD,41,2,2,1,226,0,1,,,,1,7,0,0,1,0
1,7,3,1,3,10,FRANCE,CHAMPAGNE-ARDENNE,387,10387,TROYES,RUE SIMART,11911,0,4,VC,,2,2,,,0,1,,,,1,37,0,0,1,0
1,7,1,1,6,10,FRANCE,CHAMPAGNE-ARDENNE,387,10387,TROYES,AVENUE CHOMEDEY DE MAISONNEUVE,11918,0,4,VC,,1,2,,,2,5,,,,1,7,0,0,1,0
1,7,3,2,3,10,FRANCE,CHAMPAGNE-ARDENNE,387,10387,TROYES,RUE CAMILLE CLAUDEL,11919,0,4,VC,0,1,1,,,0,1,,,,1,7,0,0,1,0
1,1,1,1,3,10,FRANCE,CHAMPAGNE-ARDENNE,387,10387,TROYES,RUE THENARD,11921,5,4,VC,,1,2,,,0,1,,,,1,7,0,0,1,0
1,7,2,1,3,10,FRANCE,CHAMPAGNE-ARDENNE,387,10387,TROYES,RUE CORRARD DE BREBAN,11928,0,4,VC,,2,2,,,0,1,,,,1,7,0,0,1,0
1,7,3,1,3,10,FRANCE,CHAMPAGNE-ARDENNE,387,10387,TROYES,RUE BAS TREVOIS,11936,0,4,VC,,2,2,,,0,1,,,,1,7,0,0,1,0
1,5,6,1,3,10,FRANCE,CHAMPAGNE-ARDENNE,343,10343,SAINT-JULIEN-LES-VILLAS,RUE DU CHATEAU DES COURS,11943,0,4,VC,0,2,2,,,0,1,4816187,452646,,1,7,0,0,1,0
5,7,1,1,3,10,FRANCE,CHAMPAGNE-ARDENNE,387,10387,TROYES,RUE RAYMOND BURGARD,11944,0,4,VC,,2,2,,,0,1,4816284,444720,,1,7,0,0,1,0
2,1,1,1,1,11,FRANCE,LANGUEDOC-ROUSSILLON,404,11404,VENTENAC-CABARDES,RD 35,11949,0,3,RD,35,2,1,30,900,0,1,0,0,,1,7,0,0,1,0
2,6,1,1,2,11,FRANCE,LANGUEDOC-ROUSSILLON,262,11262,NARBONNE,AVENUE DE LA MER,11953,0,3,RD,0,3,2,,,0,1,,,,1,7,0,0,1,0
1,1,1,2,1,11,FRANCE,LANGUEDOC-ROUSSILLON,028,11028,BELCAIRE,RD 613,11975,0,3,RD,613,2,2,97,650,0,1,0,0,,1,7,0,0,1,0
1,6,2,1,3,11,FRANCE,LANGUEDOC-ROUSSILLON,262,11262,NARBONNE,RUE LEBLANC,11984,0,4,VC,0,2,2,,,0,1,,,,1,10,0,0,1,0
1,4,1,1,3,11,FRANCE,LANGUEDOC-ROUSSILLON,170,11170,GRUISSAN,VC 0,12039,0,4,VC,0,2,2,0,0,0,1,0,0,,1,7,0,0,1,0
1,6,1,2,3,11,FRANCE,LANGUEDOC-ROUSSILLON,262,11262,NARBONNE,RUE DE L'AUSSOU,12060,0,4,VC,0,2,1,,,0,1,,,,1,7,0,0,1,0
1,6,3,1,3,11,FRANCE,LANGUEDOC-ROUSSILLON,262,11262,NARBONNE,RUE FABRE D'EGLANTINE,12069,0,4,VC,0,2,2,,,0,1,,,,1,7,0,0,1,0
1,6,1,1,7,11,FRANCE,LANGUEDOC-ROUSSILLON,262,11262,NARBONNE,QUAI DE LORRAINE,12126,0,4,VC,0,0,2,,,0,1,,,,1,7,0,0,1,0
1,6,1,1,6,11,FRANCE,LANGUEDOC-ROUSSILLON,262,11262,NARBONNE,PLACE VOLTAIRE,12140,0,4,VC,0,2,2,,,0,0,,,,1,7,0,0,1,0
3,6,1,1,6,11,FRANCE,LANGUEDOC-ROUSSILLON,262,11262,NARBONNE,AVENUE DU CHAMP DE MARS,12142,0,4,VC,0,0,2,,,0,0,,,,1,7,0,0,1,0
5,6,3,2,1,11,FRANCE,LANGUEDOC-ROUSSILLON,262,11262,NARBONNE,QUAI DE LORRAINE,12147,0,4,VC,0,2,2,,,0,1,,,,1,7,0,0,1,0
5,6,1,1,7,11,FRANCE,LANGUEDOC-ROUSSILLON,262,11262,NARBONNE,RUE DE LA MAJOR,12148,0,4,VC,0,2,2,,,0,1,,,,1,,0,0,1,0
5,6,1,1,3,11,FRANCE,LANGUEDOC-ROUSSILLON,069,11069,CARCASSONNE,TROIS COURONNES,12190,0,4,VC,0,0,1,,,0,1,,,,1,7,0,0,1,0
1,6,2,1,6,11,FRANCE,LANGUEDOC-ROUSSILLON,262,11262,NARBONNE,RUE DE L'INDEPENDANCE,12199,0,4,VC,,2,2,,,0,1,,,,1,7,0,0,1,0
1,6,1,1,3,11,FRANCE,LANGUEDOC-ROUSSILLON,069,11069,CARCASSONNE,PAUL LANGEVIN ,12232,0,4,VC,0,2,2,,,0,1,,,,1,7,0,0,1,0
1,1,1,1,3,11,FRANCE,LANGUEDOC-ROUSSILLON,069,11069,CARCASSONNE,ARGENTIER -CHEMIN-,12241,0,3,RD,0,2,2,120,0,0,1,,,,1,7,0,0,1,0
1,6,1,1,3,11,FRANCE,LANGUEDOC-ROUSSILLON,069,11069,CARCASSONNE,BUNAU VARILLA -AV-,12248,0,4,VC,0,2,2,,,0,0,,,,1,7,0,0,1,0
1,6,1,1,6,11,FRANCE,LANGUEDOC-ROUSSILLON,262,11262,NARBONNE,QUAI DE LORRAINE,12271,0,4,VC,0,2,2,,,0,1,,,,1,7,0,0,1,0
1,6,3,1,6,11,FRANCE,LANGUEDOC-ROUSSILLON,262,11262,NARBONNE,RUE MAZZINI,12272,0,4,VC,0,2,2,,,0,0,,,,1,7,0,0,1,0
1,6,1,1,2,11,FRANCE,LANGUEDOC-ROUSSILLON,262,11262,NARBONNE,ROUTE DE GRUISSAN,12282,0,4,VC,0,2,2,,,0,1,,,,1,7,0,0,1,0
1,6,1,1,3,11,FRANCE,LANGUEDOC-ROUSSILLON,262,11262,NARBONNE,AVENUE HUBERT MOULY,12286,0,4,VC,0,2,2,,,0,1,,,,1,7,0,0,1,0
1,6,1,1,2,11,FRANCE,LANGUEDOC-ROUSSILLON,262,11262,NARBONNE,AVENUE ANATOLE FRANCE,12294,0,4,VC,0,2,2,,,0,1,,,,1,7,0,0,1,0
1,5,2,1,3,11,FRANCE,LANGUEDOC-ROUSSILLON,076,11076,CASTELNAUDARY,RUE DES MOULINS,12337,0,4,VC,0,2,2,,,0,1,,,,1,7,0,0,1,0
1,6,1,1,7,11,FRANCE,LANGUEDOC-ROUSSILLON,262,11262,NARBONNE,RUE CHARLES TRENET,12339,0,4,VC,0,2,2,,,0,1,,,,1,31,0,0,1,0
1,1,1,1,3,11,FRANCE,LANGUEDOC-ROUSSILLON,069,11069,CARCASSONNE,RUE N 113 sens NARBONNE/TOULOUSE,12375,0,3,RD,0,2,2,51,0,0,1,,,,1,7,0,0,1,0
1,6,2,1,3,11,FRANCE,LANGUEDOC-ROUSSILLON,262,11262,NARBONNE,BOULEVARD MARCEL SEMBAT,12394,0,4,VC,0,1,3,,,0,1,,,,1,7,0,0,1,0
1,6,1,1,6,11,FRANCE,LANGUEDOC-ROUSSILLON,262,11262,NARBONNE,RUE CHARLES TRENET,12401,0,4,VC,0,2,2,,,0,1,,,,1,7,0,0,1,0
1,6,1,1,1,11,FRANCE,LANGUEDOC-ROUSSILLON,069,11069,CARCASSONNE,MARTY ANTOINE,12414,0,4,VC,0,2,2,,,0,1,,,,1,7,0,0,1,0
1,6,1,1,2,11,FRANCE,LANGUEDOC-ROUSSILLON,262,11262,NARBONNE,AVENUE MONTESQUIEU,12449,0,4,VC,0,2,2,,,0,1,,,,1,7,0,0,1,0
1,1,1,1,3,11,FRANCE,LANGUEDOC-ROUSSILLON,069,11069,CARCASSONNE,PAPIN DENIS -BD-,12497,0,4,VC,0,2,1,,,0,1,,,,1,7,0,0,1,0
5,6,1,1,7,11,FRANCE,LANGUEDOC-ROUSSILLON,262,11262,NARBONNE,AVENUE D'ESPAGNE,12513,0,3,RD,0,3,4,,,0,4,,,,1,,0,0,1,0
5,6,1,1,6,11,FRANCE,LANGUEDOC-ROUSSILLON,262,11262,NARBONNE,BOULEVARD DE LA MAYOLLE,12521,0,4,VC,0,0,2,,,0,1,,,,1,7,0,0,1,0
1,4,1,6,1,11,FRANCE,LANGUEDOC-ROUSSILLON,202,11202,LEUCATE,Autre 0,12528,0,9,Autre,0,2,0,0,0,0,1,4285400,304500,,1,14,0,0,1,0
1,1,1,1,7,11,FRANCE,LANGUEDOC-ROUSSILLON,069,11069,CARCASSONNE,CAVAYERE -ROUTE DE LA -,12543,0,4,VC,0,0,2,,,0,0,,,,1,,0,0,1,0
1,6,2,1,3,11,FRANCE,LANGUEDOC-ROUSSILLON,069,11069,CARCASSONNE,AVENUE DU GENERAL LECLERC,12549,0,4,VC,0,2,4,,,0,1,,,,1,7,0,0,1,0
1,6,2,1,3,11,FRANCE,LANGUEDOC-ROUSSILLON,069,11069,CARCASSONNE,BAUDELAIRE,12553,0,4,VC,0,0,0,,,0,0,,,,1,7,0,0,1,0
1,6,6,1,3,11,FRANCE,LANGUEDOC-ROUSSILLON,262,11262,NARBONNE,RD 6009,12571,0,3,RD,6009,1,2,11,200,0,1,,,,1,7,0,0,1,0
1,6,1,1,2,11,FRANCE,LANGUEDOC-ROUSSILLON,262,11262,NARBONNE,AVENUE DU GENERAL LECLERC,12586,0,4,VC,0,2,2,,,0,1,,,,1,7,0,0,1,0
1,5,2,1,3,11,FRANCE,LANGUEDOC-ROUSSILLON,076,11076,CASTELNAUDARY,,12617,0,4,VC,,2,0,,,,1,,,,1,7,0,0,1,0
2,6,1,1,3,11,FRANCE,LANGUEDOC-ROUSSILLON,069,11069,CARCASSONNE,ALLEE D'IENA,12661,0,4,VC,0,1,1,,,0,1,,,,1,7,0,0,1,0
1,6,1,1,7,11,FRANCE,LANGUEDOC-ROUSSILLON,069,11069,CARCASSONNE,BERGES DE L'AUDE -AV-,12662,0,9,Autre,0,0,1,,,0,0,,,,1,,0,0,1,0
3,1,1,1,3,11,FRANCE,LANGUEDOC-ROUSSILLON,069,11069,CARCASSONNE,BARTAVELLES -CHEMIN-,12675,0,4,VC,0,0,1,,,0,1,,,,1,7,0,0,1,0
1,6,1,1,3,11,FRANCE,LANGUEDOC-ROUSSILLON,069,11069,CARCASSONNE,DUPLEIX JOSEPH FRANCOIS,12680,0,4,VC,0,1,1,,,0,0,,,,1,7,0,0,1,0
1,6,1,1,3,11,FRANCE,LANGUEDOC-ROUSSILLON,069,11069,CARCASSONNE,MARTY ANTOINE,12683,0,4,VC,0,2,2,,,0,1,,,,1,7,0,0,1,0
1,1,1,1,2,11,FRANCE,LANGUEDOC-ROUSSILLON,069,11069,CARCASSONNE,ROCADE SUD RD 342,12690,0,3,RD,0,2,2,1,0,0,1,,,,1,7,0,0,1,0
4,1,1,1,2,11,FRANCE,LANGUEDOC-ROUSSILLON,069,11069,CARCASSONNE,MINERVOISE -ROUTE-,12692,0,3,RD,0,2,2,1,0,0,1,,,,1,7,0,0,1,0
1,6,1,1,7,11,FRANCE,LANGUEDOC-ROUSSILLON,069,11069,CARCASSONNE,BOULEVARD BARBES ,12696,0,3,RD,0,1,0,3,500,0,1,,,,1,,0,0,1,0
1,6,2,1,1,11,FRANCE,LANGUEDOC-ROUSSILLON,069,11069,CARCASSONNE,JOURDANE GASTON -PLACE-,12716,2,3,RD,0,0,1,2,0,0,1,,,,1,7,0,0,1,0
1,1,1,1,6,11,FRANCE,LANGUEDOC-ROUSSILLON,069,11069,CARCASSONNE,ROCADE SUD RD 342,12717,0,3,RD,0,0,2,2,0,0,1,,,,1,7,0,0,1,0
1,6,3,1,3,11,FRANCE,LANGUEDOC-ROUSSILLON,069,11069,CARCASSONNE,BARCELONE,12725,0,3,RD,0,1,1,1,0,0,1,,,,1,7,0,0,1,0
1,6,1,1,3,11,FRANCE,LANGUEDOC-ROUSSILLON,262,11262,NARBONNE,AVENUE ANATOLE FRANCE,12732,0,4,VC,0,2,2,,,0,1,,,,1,7,0,0,1,0
1,6,3,1,3,11,FRANCE,LANGUEDOC-ROUSSILLON,262,11262,NARBONNE,RUE DE TURENNE,12752,0,4,VC,,1,1,,,0,0,,,,1,7,0,0,1,0
1,6,1,1,3,11,FRANCE,LANGUEDOC-ROUSSILLON,262,11262,NARBONNE,QUAI VICTOR HUGO,12753,0,4,VC,0,2,0,,,1,5,,,,1,7,0,0,1,0
1,6,1,1,6,11,FRANCE,LANGUEDOC-ROUSSILLON,262,11262,NARBONNE,RUE DROITE,12756,0,4,VC,0,1,1,,,0,1,,,,1,,0,0,0,1
1,6,1,1,3,11,FRANCE,LANGUEDOC-ROUSSILLON,262,11262,NARBONNE,ROUTE DE GRUISSAN,12758,0,4,VC,0,2,0,,,0,4,,,,1,7,0,0,1,0
2,6,3,1,3,11,FRANCE,LANGUEDOC-ROUSSILLON,262,11262,NARBONNE,RUE DE LA GRANDE ARMEE,12762,0,4,VC,0,2,1,,,0,1,,,,1,7,0,0,1,0
1,6,6,1,2,11,FRANCE,LANGUEDOC-ROUSSILLON,262,11262,NARBONNE,ROUTE DE LUNES,12767,0,4,VC,0,1,1,,,1,1,,,,1,7,0,0,1,0
1,1,6,1,3,11,FRANCE,LANGUEDOC-ROUSSILLON,262,11262,NARBONNE,RUE DES PIVOINES,12769,0,4,VC,0,2,2,,,0,1,,,,1,7,0,0,1,0
2,6,3,1,3,11,FRANCE,LANGUEDOC-ROUSSILLON,262,11262,NARBONNE,BOULEVARD MILLE HUIT CENT QUARANTE HUIT,12770,0,4,VC,0,2,2,,,0,1,,,,1,7,0,0,1,0
1,6,1,1,3,11,FRANCE,LANGUEDOC-ROUSSILLON,262,11262,NARBONNE,AVENUE POMPIDOR,12777,0,4,VC,0,3,2,,,0,1,,,,1,7,0,0,1,0
1,6,1,1,2,11,FRANCE,LANGUEDOC-ROUSSILLON,262,11262,NARBONNE,QUAI DE LORRAINE,12798,0,4,VC,0,0,2,,,0,1,,,,1,7,0,0,1,0
1,6,1,1,7,11,FRANCE,LANGUEDOC-ROUSSILLON,262,11262,NARBONNE,RN 009 NARBONNE / BEZIERS,12801,0,4,VC,0,2,2,,,0,1,,,,1,7,0,0,1,0
1,6,1,1,7,11,FRANCE,LANGUEDOC-ROUSSILLON,262,11262,NARBONNE,COURS DE LA REPUBLIQUE,12818,0,4,VC,0,0,2,,,0,1,,,,1,,0,0,1,0
1,6,1,1,7,11,FRANCE,LANGUEDOC-ROUSSILLON,262,11262,NARBONNE,PONT DE L'AVENIR,12824,0,4,VC,0,0,2,,,0,1,,,,1,,0,0,1,0
1,6,1,1,6,11,FRANCE,LANGUEDOC-ROUSSILLON,262,11262,NARBONNE,AVENUE D'ESPAGNE,12830,0,4,VC,0,2,0,,,0,1,,,,1,10,0,0,1,0
1,6,6,1,3,11,FRANCE,LANGUEDOC-ROUSSILLON,262,11262,NARBONNE,AVENUE HUBERT MOULY,12841,0,4,VC,0,2,2,,,0,1,,,,1,7,0,0,1,0
1,6,3,1,3,11,FRANCE,LANGUEDOC-ROUSSILLON,262,11262,NARBONNE,AVENUE DE WEILHEIM,12848,0,4,VC,0,2,2,,,0,1,,,,1,7,0,0,1,0
1,6,9,1,3,12,FRANCE,MIDI-PYRENEES,145,12145,MILLAU,BOULEVARD LAURET EMILE,12907,5,4,VC,0,3,1,,,0,1,,,,1,7,0,0,1,0
1,6,1,1,1,12,FRANCE,MIDI-PYRENEES,145,12145,MILLAU,BOULEVARD DU LEVEZOU,12908,0,4,VC,0,2,2,1,0,0,1,,,,1,30,0,0,1,0
1,3,1,1,1,12,FRANCE,MIDI-PYRENEES,138,12138,MARCILLAC-VALLON,RD 901,12922,0,3,RD,901,2,2,25,50,0,1,4447800,246300,,1,7,0,0,1,0
1,5,1,7,1,12,FRANCE,MIDI-PYRENEES,208,12208,SAINT-AFFRIQUE,RD 999,12928,0,3,RD,999,2,1,63,17,0,1,4396200,287200,,1,7,0,0,1,0
1,1,1,1,6,12,FRANCE,MIDI-PYRENEES,233,12233,SAINT-JUERY,VC 0,12973,0,4,VC,0,2,1,0,0,0,3,4393300,266400,,1,,0,0,1,0
1,7,1,1,3,13,FRANCE,PROVENCE-ALPES-COTE-D'AZUR,004,13004,ARLES,AVENUE DE STALINGRAD,12986,0,4,VC,0,2,1,,,0,1,,,,1,7,0,0,1,0
1,9,1,1,2,13,FRANCE,PROVENCE-ALPES-COTE-D'AZUR,055,13055,MARSEILLE,COURS FRANKLIN ROOSEVELT,13005,1,4,VC,1,2,2,,,0,0,,,,1,7,0,0,1,0
2,9,1,8,7,13,FRANCE,PROVENCE-ALPES-COTE-D'AZUR,055,13055,MARSEILLE,RUE ETIENNE MIEGE,13094,0,4,VC,1,2,1,,,0,1,,,,1,,0,0,1,0
1,9,3,1,3,13,FRANCE,PROVENCE-ALPES-COTE-D'AZUR,055,13055,MARSEILLE,BOULEVARD DE SAINT LOUP,13107,0,4,VC,1,2,0,,,0,1,,,,1,7,0,0,1,0
5,9,1,1,6,13,FRANCE,PROVENCE-ALPES-COTE-D'AZUR,055,13055,MARSEILLE,AVENUE PRADO,13204,0,4,VC,1,0,2,,,0,0,,,,1,,0,0,1,0
2,9,9,1,6,13,FRANCE,PROVENCE-ALPES-COTE-D'AZUR,055,13055,MARSEILLE,AVENUE DE SAINT MENET,13208,0,4,VC,1,2,2,,,0,1,,,,1,,0,0,1,0
1,9,1,1,6,13,FRANCE,PROVENCE-ALPES-COTE-D'AZUR,055,13055,MARSEILLE,BOULEVARD PAUL CLAUDEL,13213,0,4,VC,1,0,0,,,0,0,,,,1,,0,0,1,0
1,9,1,1,2,13,FRANCE,PROVENCE-ALPES-COTE-D'AZUR,055,13055,MARSEILLE,RUE DE ROME,13263,0,4,VC,1,1,2,,,0,1,,,,1,7,0,0,1,0
1,9,1,1,3,13,FRANCE,PROVENCE-ALPES-COTE-D'AZUR,055,13055,MARSEILLE,BOULEVARD PAUL CLAUDEL,13395,0,4,VC,1,0,4,,,0,1,,,,1,7,0,0,1,0
1,9,1,1,2,13,FRANCE,PROVENCE-ALPES-COTE-D'AZUR,055,13055,MARSEILLE,RUE FREDERIC OZANAM,13446,0,4,VC,1,1,3,,,0,1,,,,1,7,0,0,1,0
1,1,1,1,3,13,FRANCE,PROVENCE-ALPES-COTE-D'AZUR,987,13987,PALUD DES NOVES,RD 30,13487,0,3,RD,30,2,2,0,0,0,1,4383000,489000,,1,10,0,0,1,0
1,5,1,1,3,13,FRANCE,PROVENCE-ALPES-COTE-D'AZUR,110,13110,TRETS,VC 0,13492,0,4,VC,0,2,0,0,0,0,1,0,0,,1,7,0,0,1,0
1,8,1,1,3,13,FRANCE,PROVENCE-ALPES-COTE-D'AZUR,001,13001,AIX-EN-PROVENCE,COURS MIRABEAU,13500,6,4,VC,0,2,1,,,0,1,,,,1,7,0,0,0,1
1,7,1,1,7,13,FRANCE,PROVENCE-ALPES-COTE-D'AZUR,004,13004,ARLES,AVENUE EDOUARD HERRIOT,13502,2,4,VC,0,2,2,,,0,1,,,,1,10,0,0,1,0
1,9,1,1,2,13,FRANCE,PROVENCE-ALPES-COTE-D'AZUR,055,13055,MARSEILLE,BOULEVARD ROMAIN ROLLAND,13547,0,4,VC,1,1,0,,,0,1,,,,1,7,0,0,1,0
1,9,1,1,3,13,FRANCE,PROVENCE-ALPES-COTE-D'AZUR,055,13055,MARSEILLE,AVENUE DE LA CAPELETTE,13554,0,4,VC,1,3,1,,,0,1,,,,1,7,0,0,1,0
5,9,6,1,3,13,FRANCE,PROVENCE-ALPES-COTE-D'AZUR,055,13055,MARSEILLE,ROND-POINT PRADO,13589,0,4,VC,1,2,6,,,3,1,,,,1,7,0,0,1,0
1,6,1,1,3,13,FRANCE,PROVENCE-ALPES-COTE-D'AZUR,117,13117,VITROLLES,AVENUE DE MARSEILLE,13632,0,4,VC,0,0,0,,,0,1,,,,1,7,0,0,1,0
1,5,1,1,3,13,FRANCE,PROVENCE-ALPES-COTE-D'AZUR,106,13106,SEPTEMES-LES-VALLONS,RN 8,13675,0,2,RN,8,2,0,0,0,0,1,4341000,537200,,1,7,0,0,1,0
1,5,9,1,3,13,FRANCE,PROVENCE-ALPES-COTE-D'AZUR,102,13102,SAINT-VICTORET,BOULEVARD ROBERT FERRISSE ,13689,0,4,VC,0,2,2,,,0,4,,,,1,7,0,0,1,0
1,6,1,1,3,13,FRANCE,PROVENCE-ALPES-COTE-D'AZUR,054,13054,MARIGNANE,RUE DIDIER DAURAT ,13691,0,4,VC,0,2,0,,,0,1,,,,1,5,0,0,1,0