lum,agg,int,atm,col,dep_bis,pays,region,com_bis,com_codeINSEE,communes,N_voie,numac,infra,catr,type_route,voie,circ,nbv,pr,pr1,vosp,situ,lat,long,adr,accident_velo,vehicule_imp,cycl_mort,cycl_bgv,cycl_blg,cycl_indm
1,9,3,1,3,13,FRANCE,PROVENCE-ALPES-COTE-D'AZUR,055,13055,MARSEILLE,BOULEVARD VINCENT DELPUECH,13736,5,3,RD,1,3,4,,,0,1,,,,1,7,0,0,1,0
2,9,4,1,3,13,FRANCE,PROVENCE-ALPES-COTE-D'AZUR,055,13055,MARSEILLE,BOULEVARD SCHLOESING,13747,4,4,VC,1,3,3,,,0,1,,,,1,7,0,0,1,0
1,9,1,1,2,13,FRANCE,PROVENCE-ALPES-COTE-D'AZUR,055,13055,MARSEILLE,RUE RAYMOND TEISSERE,13752,0,4,VC,1,2,2,,,0,4,,,,1,5,0,0,1,0
1,6,1,1,3,13,FRANCE,PROVENCE-ALPES-COTE-D'AZUR,103,13103,SALON-DE-PROVENCE,BOULEVARD DENFERT ROCHEREAU,13837,0,4,VC,0,2,2,,,0,1,,,,1,7,0,0,1,0
1,9,1,1,3,13,FRANCE,PROVENCE-ALPES-COTE-D'AZUR,055,13055,MARSEILLE,RUE DE LESSEPS,13954,0,4,VC,1,1,2,,,0,1,,,,1,7,0,0,1,0
1,9,1,1,6,13,FRANCE,PROVENCE-ALPES-COTE-D'AZUR,055,13055,MARSEILLE,AVENUE PRADO,14086,0,4,VC,1,1,1,,,0,1,,,,1,,0,0,1,0
1,9,6,1,3,13,FRANCE,PROVENCE-ALPES-COTE-D'AZUR,055,13055,MARSEILLE,AVENUE DE TOULON,14091,0,4,VC,1,2,2,,,0,1,,,,1,7,0,0,1,0
1,5,1,1,3,13,FRANCE,PROVENCE-ALPES-COTE-D'AZUR,002,13002,ALLAUCH,AVENUE DU 7EME TIRAILLEURS ALGERIENS,14100,0,4,VC,1,2,2,,,0,1,,,,1,7,0,0,1,1
1,9,1,1,6,13,FRANCE,PROVENCE-ALPES-COTE-D'AZUR,055,13055,MARSEILLE,BOULEVARD DE SAINT LOUP,14150,0,4,VC,1,2,1,,,0,1,,,,1,,0,0,1,0
1,9,1,1,3,13,FRANCE,PROVENCE-ALPES-COTE-D'AZUR,055,13055,MARSEILLE,BOULEVARD HAMBOURG,14180,0,2,RN,1,3,4,,,0,1,,,,1,3,0,0,1,0
1,1,1,1,3,13,FRANCE,PROVENCE-ALPES-COTE-D'AZUR,063,13063,MIRAMAS,BOULEVARD THEODORE AUBANEL ,14277,0,4,VC,0,1,2,,,0,1,,,,1,7,0,0,1,0
1,6,2,1,3,13,FRANCE,PROVENCE-ALPES-COTE-D'AZUR,054,13054,MARIGNANE,AVENUE HENRIBARRELET ,14279,5,4,VC,0,2,2,,,0,1,,,,1,7,0,0,1,0
1,5,9,1,3,13,FRANCE,PROVENCE-ALPES-COTE-D'AZUR,002,13002,ALLAUCH,AVENUE LEI RIMA,14285,0,4,VC,1,2,2,,,0,1,,,,1,7,0,0,1,0
1,9,1,1,3,13,FRANCE,PROVENCE-ALPES-COTE-D'AZUR,055,13055,MARSEILLE,AVENUE MENDES FRANCE,14287,0,4,VC,1,3,2,,,0,0,,,,1,7,0,0,1,0
1,9,1,1,3,13,FRANCE,PROVENCE-ALPES-COTE-D'AZUR,055,13055,MARSEILLE,AVENUE PRADO,14288,0,3,RD,1,2,8,,,2,1,,,,1,7,0,0,1,0
2,9,1,1,3,13,FRANCE,PROVENCE-ALPES-COTE-D'AZUR,055,13055,MARSEILLE,BOULEVARD HAMBOURG,14299,0,4,VC,1,3,2,,,0,1,,,,1,7,0,0,1,0
2,9,1,1,3,13,FRANCE,PROVENCE-ALPES-COTE-D'AZUR,055,13055,MARSEILLE,BOULEVARD MIREILLE LAUZE,14301,0,4,VC,1,2,1,,,0,1,,,,1,7,0,0,1,0
1,9,1,1,3,13,FRANCE,PROVENCE-ALPES-COTE-D'AZUR,055,13055,MARSEILLE,AVENUE PRADO,14329,0,4,VC,1,1,1,,,0,0,,,,1,7,0,0,1,0
1,9,1,1,7,13,FRANCE,PROVENCE-ALPES-COTE-D'AZUR,055,13055,MARSEILLE,RUE DE ROME,14366,0,4,VC,1,2,3,,,3,1,,,,1,,0,0,1,0
1,7,5,1,3,13,FRANCE,PROVENCE-ALPES-COTE-D'AZUR,004,13004,ARLES,RUE HENRI DUNANT ,14435,0,4,VC,0,0,1,,,0,1,,,,1,10,0,0,1,0
1,6,6,1,3,13,FRANCE,PROVENCE-ALPES-COTE-D'AZUR,047,13047,ISTRES,ROND-POINT NELSON MANDELA,14441,0,4,VC,0,1,2,,,1,5,,,,1,7,0,0,1,0
1,9,1,1,6,13,FRANCE,PROVENCE-ALPES-COTE-D'AZUR,055,13055,MARSEILLE,RUE JOBIN ,14456,0,4,VC,1,2,2,,,0,1,,,,1,2,0,0,1,0
1,9,1,1,3,13,FRANCE,PROVENCE-ALPES-COTE-D'AZUR,055,13055,MARSEILLE,BOULEVARD DE SAINT MARCEL,14497,0,4,VC,1,2,2,,,0,4,,,,1,7,0,0,1,0
1,9,1,1,2,13,FRANCE,PROVENCE-ALPES-COTE-D'AZUR,055,13055,MARSEILLE,BOULEVARD ALEX FLEMING,14522,0,4,VC,1,3,4,,,0,1,,,,1,99,0,0,1,0
1,1,1,7,3,13,FRANCE,PROVENCE-ALPES-COTE-D'AZUR,077,13077,PORT-DE-BOUC,D 50,14591,0,3,RD,0,2,2,5,50,0,1,,,,1,7,0,0,1,0
5,5,1,2,2,13,FRANCE,PROVENCE-ALPES-COTE-D'AZUR,041,13041,GARDANNE,RD 58,14627,0,3,RD,58,2,2,2,100,0,1,4344300,546600,,1,7,0,0,1,0
5,8,1,3,3,13,FRANCE,PROVENCE-ALPES-COTE-D'AZUR,001,13001,AIX-EN-PROVENCE,AVENUE  JULES FERRY,14639,0,4,VC,0,2,2,,,0,1,,,,1,7,0,0,1,0
1,7,6,1,3,13,FRANCE,PROVENCE-ALPES-COTE-D'AZUR,004,13004,ARLES,ROND-POINT MARIE-MADELEINE FOURCADE,14646,0,4,VC,0,1,1,,,0,1,,,,1,7,0,0,1,0
1,6,1,1,2,13,FRANCE,PROVENCE-ALPES-COTE-D'AZUR,054,13054,MARIGNANE,PLACE DE LA REPUBLIQUE,14656,0,6,Parking,0,0,1,,,3,4,,,,1,10,0,0,1,0
1,9,1,1,2,13,FRANCE,PROVENCE-ALPES-COTE-D'AZUR,055,13055,MARSEILLE,BOULEVARD JEAN MOULIN,14696,0,4,VC,1,1,3,,,0,1,,,,1,7,0,0,1,0
1,9,3,1,3,13,FRANCE,PROVENCE-ALPES-COTE-D'AZUR,055,13055,MARSEILLE,RUE FRIEDLAND,14756,0,4,VC,1,1,2,,,0,1,,,,1,7,0,0,1,0
2,9,4,1,3,13,FRANCE,PROVENCE-ALPES-COTE-D'AZUR,055,13055,MARSEILLE,RUE SAINTE BARBE,14758,0,4,VC,1,2,2,,,0,1,,,,1,32,0,0,1,0
1,9,2,1,3,13,FRANCE,PROVENCE-ALPES-COTE-D'AZUR,055,13055,MARSEILLE,BOULEVARD HOPKINSON,14770,5,4,VC,1,0,2,,,0,1,,,,1,7,0,0,0,1
1,9,1,1,3,13,FRANCE,PROVENCE-ALPES-COTE-D'AZUR,055,13055,MARSEILLE,RUE MIREILLE,14791,6,4,VC,1,2,2,,,1,1,,,,1,7,,,,
1,6,1,1,2,13,FRANCE,PROVENCE-ALPES-COTE-D'AZUR,117,13117,VITROLLES,ROND-POINT INDOCHINE,14823,5,4,VC,0,1,0,,,0,1,,,,1,7,0,0,1,0
5,7,6,8,3,13,FRANCE,PROVENCE-ALPES-COTE-D'AZUR,004,13004,ARLES,GORODICHE,14877,0,4,VC,0,2,2,,,0,1,,,,1,7,0,0,1,0
1,5,3,1,3,13,FRANCE,PROVENCE-ALPES-COTE-D'AZUR,043,13043,GIGNAC-LA-NERTHE,AVENUE DE LA MEDITERRANEE  ,14888,0,4,VC,0,2,2,,,0,1,,,,1,10,0,0,1,0
2,9,2,1,3,13,FRANCE,PROVENCE-ALPES-COTE-D'AZUR,055,13055,MARSEILLE,BOULEVARD ROMAIN ROLLAND,14908,0,4,VC,1,2,4,,,0,1,,,,1,7,0,0,1,0
1,9,6,1,3,13,FRANCE,PROVENCE-ALPES-COTE-D'AZUR,055,13055,MARSEILLE,PLACE LOUIS BONNEFON,14909,0,4,VC,1,1,1,,,0,1,,,,1,34,0,0,1,0
1,9,3,1,3,13,FRANCE,PROVENCE-ALPES-COTE-D'AZUR,055,13055,MARSEILLE,RUE ALBE,15010,0,4,VC,1,2,2,,,0,0,,,,1,7,0,0,1,0
1,1,1,1,3,13,FRANCE,PROVENCE-ALPES-COTE-D'AZUR,071,13071,PENNES-MIRABEAU (LES),ROND-POINT DIT DE VERSAILLES,15044,5,4,VC,0,1,0,,,0,1,,,,1,7,0,0,1,0
1,1,1,1,3,13,FRANCE,PROVENCE-ALPES-COTE-D'AZUR,003,13003,ALLEINS,RD 71,15087,0,3,RD,71,2,2,0,0,0,1,4371600,516100,,1,7,0,0,1,0
3,6,1,1,2,13,FRANCE,PROVENCE-ALPES-COTE-D'AZUR,054,13054,MARIGNANE,CHEMIN DE L'ESTEOU,15105,0,4,VC,0,2,2,,,0,1,,,,1,7,0,0,1,0
5,9,1,1,7,13,FRANCE,PROVENCE-ALPES-COTE-D'AZUR,055,13055,MARSEILLE,RUE BELLE DE MAI,15147,0,4,VC,1,1,1,,,0,1,,,,1,7,0,0,1,0
2,9,1,1,6,13,FRANCE,PROVENCE-ALPES-COTE-D'AZUR,055,13055,MARSEILLE,AVENUE DE MAZARGUES,15197,0,4,VC,1,2,2,,,0,1,,,,1,10,0,0,1,0
1,9,3,1,3,13,FRANCE,PROVENCE-ALPES-COTE-D'AZUR,055,13055,MARSEILLE,BOULEVARD PAUL CLAUDEL,15326,0,4,VC,1,2,2,,,0,1,,,,1,7,0,0,1,0
1,9,3,1,3,13,FRANCE,PROVENCE-ALPES-COTE-D'AZUR,055,13055,MARSEILLE,AVENUE MARECHAL DE LATTRE,15366,5,4,VC,1,2,2,,,0,1,,,,1,7,0,0,1,0
1,9,2,1,3,13,FRANCE,PROVENCE-ALPES-COTE-D'AZUR,055,13055,MARSEILLE,RUE CONSOLAT,15375,0,4,VC,1,1,1,,,0,1,,,,1,7,0,0,1,0
1,6,1,1,3,13,FRANCE,PROVENCE-ALPES-COTE-D'AZUR,117,13117,VITROLLES,ROND-POINT DROITS DE L'HOMME,15460,0,4,VC,0,1,0,,,0,1,,,,1,7,0,0,1,0
1,7,2,1,3,13,FRANCE,PROVENCE-ALPES-COTE-D'AZUR,004,13004,ARLES,RUE DE CHARTROUSE ,15504,0,4,VC,0,1,1,0,1,0,1,,,,1,10,0,0,1,0
1,7,1,1,3,13,FRANCE,PROVENCE-ALPES-COTE-D'AZUR,004,13004,ARLES,CHEMIN DU TEMPLE,15506,0,4,VC,0,2,2,0,1,0,1,,,,1,37,0,0,1,0
1,9,1,1,3,13,FRANCE,PROVENCE-ALPES-COTE-D'AZUR,055,13055,MARSEILLE,BOULEVARD BAILLE,15520,0,4,VC,1,2,6,,,3,1,,,,1,7,0,0,1,0
1,9,1,1,3,13,FRANCE,PROVENCE-ALPES-COTE-D'AZUR,055,13055,MARSEILLE,RUE BELLE DE MAI,15560,5,4,VC,1,1,1,,,0,1,,,,1,7,0,0,1,0
1,9,1,1,1,13,FRANCE,PROVENCE-ALPES-COTE-D'AZUR,055,13055,MARSEILLE,AVENUE DE LA MARTHELINE,15593,0,4,VC,1,2,2,,,0,1,,,,1,33,0,0,1,0
1,9,1,1,3,13,FRANCE,PROVENCE-ALPES-COTE-D'AZUR,055,13055,MARSEILLE,BOULEVARD SAINT JEAN,15605,0,6,Parking,1,2,0,,,0,0,,,,1,7,0,0,1,0
5,9,3,8,3,13,FRANCE,PROVENCE-ALPES-COTE-D'AZUR,055,13055,MARSEILLE,AVENUE BONNEVEINE,15717,0,4,VC,1,3,4,,,0,1,,,,1,7,0,0,1,0
1,9,1,1,2,13,FRANCE,PROVENCE-ALPES-COTE-D'AZUR,055,13055,MARSEILLE,CHEMIN DU LITTORAL,15743,3,4,VC,1,1,3,,,0,1,,,,1,10,0,0,1,0
1,9,1,1,5,13,FRANCE,PROVENCE-ALPES-COTE-D'AZUR,055,13055,MARSEILLE,QUAI DE LA JOLIETTE,15794,0,4,VC,1,2,2,,,0,1,,,,1,7,0,0,1,0
1,9,1,1,3,13,FRANCE,PROVENCE-ALPES-COTE-D'AZUR,055,13055,MARSEILLE,AVENUE DE MAZARGUES,15819,0,4,VC,1,2,3,,,0,4,,,,1,7,0,0,1,0
1,6,2,1,3,13,FRANCE,PROVENCE-ALPES-COTE-D'AZUR,117,13117,VITROLLES,AVENUE JEAN MONNET,15842,0,4,VC,0,2,1,,,0,5,,,,1,7,0,0,1,0
1,1,1,1,2,13,FRANCE,PROVENCE-ALPES-COTE-D'AZUR,001,13001,AIX-EN-PROVENCE,ROUTE ANCIENNE ROUTE DES ALPES,15889,0,4,VC,0,2,2,,,0,1,,,,1,7,0,0,1,0
1,9,1,1,6,13,FRANCE,PROVENCE-ALPES-COTE-D'AZUR,055,13055,MARSEILLE,AVENUE MARECHAL DE LATTRE,15958,0,4,VC,1,2,2,,,0,1,,,,1,10,0,0,1,0
1,9,6,1,3,13,FRANCE,PROVENCE-ALPES-COTE-D'AZUR,055,13055,MARSEILLE,ROND-POINT JEAN MONDET,15981,5,4,VC,1,1,2,,,0,1,,,,1,7,0,0,1,0
1,9,2,1,3,13,FRANCE,PROVENCE-ALPES-COTE-D'AZUR,055,13055,MARSEILLE,RUE DE LODI,16028,0,3,RD,1,2,2,,,0,1,,,,1,7,0,0,1,0
1,9,1,1,3,13,FRANCE,PROVENCE-ALPES-COTE-D'AZUR,055,13055,MARSEILLE,TRAVERSE COLGATE,16167,0,4,VC,1,0,0,,,0,0,,,,1,7,0,0,1,0
1,5,3,1,6,13,FRANCE,PROVENCE-ALPES-COTE-D'AZUR,108,13108,TARASCON,RUE JEAN JAURES,16297,0,4,VC,0,2,1,,,0,1,,,,1,7,0,0,1,0
1,7,3,1,6,13,FRANCE,PROVENCE-ALPES-COTE-D'AZUR,004,13004,ARLES,RUE GASPARD MONGE,16350,0,4,VC,0,2,2,,,0,1,,,,1,7,0,0,1,0
1,1,1,1,3,13,FRANCE,PROVENCE-ALPES-COTE-D'AZUR,004,13004,ARLES,CHEMIN DES SEGONNAUX ,16351,0,4,VC,0,2,2,,,3,1,,,,1,7,0,0,1,0
1,6,1,1,2,13,FRANCE,PROVENCE-ALPES-COTE-D'AZUR,028,13028,CIOTAT (LA),AVENUE MARCEL CAMUSSO,16355,0,4,VC,0,2,2,,,0,1,,,,1,,0,0,1,0
1,9,2,1,3,13,FRANCE,PROVENCE-ALPES-COTE-D'AZUR,055,13055,MARSEILLE,BOULEVARD LONGCHAMP ,16370,0,4,VC,1,0,1,,,3,4,,,,1,7,0,0,1,0
1,9,1,1,6,13,FRANCE,PROVENCE-ALPES-COTE-D'AZUR,055,13055,MARSEILLE,BOULEVARD DES PLOMBIERES,16398,0,3,RD,1,2,2,,,0,1,,,,1,7,0,0,1,0
1,9,1,1,6,13,FRANCE,PROVENCE-ALPES-COTE-D'AZUR,055,13055,MARSEILLE,RUE SAINT PIERRE,16399,0,4,VC,1,2,2,,,1,5,,,,1,10,0,0,1,0
1,9,1,1,1,13,FRANCE,PROVENCE-ALPES-COTE-D'AZUR,055,13055,MARSEILLE,AVENUE DE LA VISTE,16418,0,4,VC,1,2,2,,,0,1,,,,1,7,0,0,1,0
1,9,6,1,3,13,FRANCE,PROVENCE-ALPES-COTE-D'AZUR,055,13055,MARSEILLE,BOULEVARD HAMBOURG,16510,0,3,RD,1,2,4,,,0,1,,,,1,7,0,0,1,0
1,9,1,1,2,13,FRANCE,PROVENCE-ALPES-COTE-D'AZUR,055,13055,MARSEILLE,RUE DE LODI,16515,0,4,VC,1,2,2,,,0,1,,,,1,30,0,0,1,0
5,9,1,1,2,13,FRANCE,PROVENCE-ALPES-COTE-D'AZUR,055,13055,MARSEILLE,AVENUE MENDES FRANCE,16517,0,4,VC,1,2,1,,,0,1,,,,1,7,0,0,1,0
1,5,1,1,6,13,FRANCE,PROVENCE-ALPES-COTE-D'AZUR,077,13077,PORT-DE-BOUC,RUE TURENNE,16531,0,4,VC,0,2,2,,,0,1,,,,1,7,0,0,1,0
1,1,1,1,2,13,FRANCE,PROVENCE-ALPES-COTE-D'AZUR,117,13117,VITROLLES,EUROCOPTER CD 20,16541,2,3,RD,0,3,4,,,0,2,,,,1,7,0,0,1,0
1,5,6,1,3,13,FRANCE,PROVENCE-ALPES-COTE-D'AZUR,071,13071,PENNES-MIRABEAU (LES),ROND-POINT CHARLES DE GAULLE COCA COLA,16542,0,2,RN,0,1,1,,,0,1,,,,1,7,0,0,1,0
1,6,1,1,3,13,FRANCE,PROVENCE-ALPES-COTE-D'AZUR,117,13117,VITROLLES,AVENUE PADOVANI,16545,0,4,VC,0,2,2,,,0,1,,,,1,7,0,0,1,0
1,7,3,1,7,13,FRANCE,PROVENCE-ALPES-COTE-D'AZUR,004,13004,ARLES,AVENUE DE HONGRIE,16601,0,4,VC,0,2,2,,,0,1,,,,1,7,0,0,1,0
1,7,6,1,3,13,FRANCE,PROVENCE-ALPES-COTE-D'AZUR,004,13004,ARLES,PLACE LAMARTINE ,16602,0,4,VC,0,1,2,,,0,1,,,,1,7,0,0,1,0
1,9,1,1,3,13,FRANCE,PROVENCE-ALPES-COTE-D'AZUR,055,13055,MARSEILLE,BOULEVARD MICHELET,16648,0,4,VC,1,2,0,,,1,1,,,,1,7,0,0,1,0
1,9,6,1,3,13,FRANCE,PROVENCE-ALPES-COTE-D'AZUR,055,13055,MARSEILLE,AVENUE DE MONTREDON,16704,0,9,Autre,1,0,1,,,0,1,,,,1,7,0,0,1,0
1,9,1,1,6,13,FRANCE,PROVENCE-ALPES-COTE-D'AZUR,055,13055,MARSEILLE,RUE D'ISOARD,16729,0,4,VC,1,1,0,,,0,1,,,,1,7,0,0,1,0
1,1,1,1,3,13,FRANCE,PROVENCE-ALPES-COTE-D'AZUR,101,13101,SAINT-SAVOURNIN,RD 7,16786,0,3,RD,7,2,0,15,500,0,1,0,0,,1,3,0,0,1,0
1,9,2,1,6,13,FRANCE,PROVENCE-ALPES-COTE-D'AZUR,055,13055,MARSEILLE,BOULEVARD DES DAMES,16800,4,3,RD,1,2,2,,,3,1,,,,1,7,0,0,1,0
1,9,1,1,3,13,FRANCE,PROVENCE-ALPES-COTE-D'AZUR,055,13055,MARSEILLE,BOULEVARD LA PUGETTE,16803,5,4,VC,1,2,2,,,0,1,,,,1,7,0,0,1,0
1,9,1,1,7,13,FRANCE,PROVENCE-ALPES-COTE-D'AZUR,055,13055,MARSEILLE,BOULEVARD BOMPARD,16808,0,4,VC,1,1,1,,,0,1,,,,1,,0,0,1,0
1,9,1,1,6,13,FRANCE,PROVENCE-ALPES-COTE-D'AZUR,055,13055,MARSEILLE,CORNICHE KENNEDY,16855,6,9,Autre,1,0,0,,,3,4,,,,1,,0,0,0,1
1,9,1,1,3,13,FRANCE,PROVENCE-ALPES-COTE-D'AZUR,055,13055,MARSEILLE,AVENUE MENDES FRANCE,16876,0,3,RD,1,2,2,,,0,1,,,,1,7,0,0,1,0
1,9,1,2,3,13,FRANCE,PROVENCE-ALPES-COTE-D'AZUR,055,13055,MARSEILLE,TRAVERSE DE LA GAYE,16902,0,4,VC,1,2,2,,,0,1,,,,1,7,0,0,1,0
1,6,1,1,6,13,FRANCE,PROVENCE-ALPES-COTE-D'AZUR,117,13117,VITROLLES,RUE LOUIS PASTEUR,16933,0,4,VC,0,2,2,,,0,1,,,,1,7,0,0,1,0
1,8,1,1,3,13,FRANCE,PROVENCE-ALPES-COTE-D'AZUR,001,13001,AIX-EN-PROVENCE,COURS MIRABEAU,17004,0,4,VC,0,2,1,1,0,0,0,,,,1,30,0,0,0,1
1,8,6,1,3,13,FRANCE,PROVENCE-ALPES-COTE-D'AZUR,001,13001,AIX-EN-PROVENCE,AVENUE EUROPE,17005,5,4,VC,0,1,2,1,0,0,1,,,,1,7,0,0,1,0
1,7,1,6,6,13,FRANCE,PROVENCE-ALPES-COTE-D'AZUR,004,13004,ARLES,AVENUE DE LATTRE DE TASSIGNY,17007,0,4,VC,0,2,2,,,0,1,,,,1,7,0,0,1,0
1,7,1,1,7,13,FRANCE,PROVENCE-ALPES-COTE-D'AZUR,004,13004,ARLES,CHEMIN DE FALET,17008,0,4,VC,0,2,2,,,0,0,,,,1,33,0,0,0,1
1,9,1,1,2,13,FRANCE,PROVENCE-ALPES-COTE-D'AZUR,055,13055,MARSEILLE,RUE DU PERAS,17027,0,4,VC,1,2,1,,,0,1,,,,1,7,0,0,1,0
1,9,1,1,6,13,FRANCE,PROVENCE-ALPES-COTE-D'AZUR,055,13055,MARSEILLE,RUE DES CATALANS,17043,0,3,RD,1,2,1,,,0,1,,,,1,7,0,0,1,0
1,9,3,1,3,13,FRANCE,PROVENCE-ALPES-COTE-D'AZUR,055,13055,MARSEILLE,RUE LOUIS REGE,17072,1,4,VC,1,2,6,,,1,5,,,,1,7,0,0,1,0
1,9,2,1,3,13,FRANCE,PROVENCE-ALPES-COTE-D'AZUR,055,13055,MARSEILLE,BOULEVARD BAILLE,17084,0,4,VC,1,2,6,,,0,1,,,,1,10,0,0,1,0
1,9,6,1,3,13,FRANCE,PROVENCE-ALPES-COTE-D'AZUR,055,13055,MARSEILLE,ROND-POINT MAZARGUES,17121,0,2,RN,1,1,2,,,0,1,,,,1,7,0,0,1,0
1,9,3,1,3,13,FRANCE,PROVENCE-ALPES-COTE-D'AZUR,055,13055,MARSEILLE,BOULEVARD DE LA MILLIERE,17138,0,3,RD,1,2,2,,,0,1,,,,1,7,0,0,1,0
2,9,1,1,2,13,FRANCE,PROVENCE-ALPES-COTE-D'AZUR,055,13055,MARSEILLE,AVENUE DE LA SOUDE,17152,0,4,VC,1,2,2,,,0,1,,,,1,7,0,0,1,0
1,6,6,1,3,13,FRANCE,PROVENCE-ALPES-COTE-D'AZUR,056,13056,MARTIGUES,ROND-POINT DU CHAT NOIR,17167,5,4,VC,0,1,1,,,0,1,,,,1,7,0,0,1,0
1,7,1,1,2,13,FRANCE,PROVENCE-ALPES-COTE-D'AZUR,004,13004,ARLES,RN 453,17218,0,2,RN,0,2,2,,,1,1,,,,1,7,0,0,1,0
2,7,6,1,2,13,FRANCE,PROVENCE-ALPES-COTE-D'AZUR,004,13004,ARLES,ROND-POINT LIEUTENANT COLONEL MARCEL MEZY ,17221,0,4,VC,0,1,1,,,0,1,,,,1,7,0,0,1,0
1,7,3,1,3,13,FRANCE,PROVENCE-ALPES-COTE-D'AZUR,004,13004,ARLES,COSTE BASSE ROUTE DE,17223,0,4,VC,0,1,1,,,1,5,,,,1,7,0,0,1,0
1,9,3,1,3,13,FRANCE,PROVENCE-ALPES-COTE-D'AZUR,055,13055,MARSEILLE,BOULEVARD MICHELET,17266,0,4,VC,1,1,1,,,0,1,,,,1,7,0,0,1,0
5,9,2,1,3,13,FRANCE,PROVENCE-ALPES-COTE-D'AZUR,055,13055,MARSEILLE,BOULEVARD NATIONAL,17293,0,4,VC,1,2,3,,,3,1,,,,1,7,0,0,1,0
1,9,3,1,3,13,FRANCE,PROVENCE-ALPES-COTE-D'AZUR,055,13055,MARSEILLE,BOULEVARD LIBERATION,17294,0,4,VC,1,2,2,,,0,1,,,,1,7,0,0,1,0
1,9,1,1,3,13,FRANCE,PROVENCE-ALPES-COTE-D'AZUR,055,13055,MARSEILLE,BOULEVARD RABATAU,17394,0,4,VC,1,2,4,,,0,1,,,,1,7,0,0,1,0
1,5,1,1,3,13,FRANCE,PROVENCE-ALPES-COTE-D'AZUR,077,13077,PORT-DE-BOUC,RUE VELLA PAUL,17434,0,4,VC,0,2,2,,,0,1,,,,1,7,0,0,1,0
1,6,1,1,3,13,FRANCE,PROVENCE-ALPES-COTE-D'AZUR,056,13056,MARTIGUES,TOULMOND LUCIEN,17436,0,4,VC,0,1,1,,,0,1,,,,1,,0,0,1,0
1,6,1,1,3,13,FRANCE,PROVENCE-ALPES-COTE-D'AZUR,047,13047,ISTRES,ROND-POINT Jets d'eau,17496,0,4,VC,0,1,2,,,0,1,,,,1,7,0,0,1,0
2,5,6,2,3,13,FRANCE,PROVENCE-ALPES-COTE-D'AZUR,043,13043,GIGNAC-LA-NERTHE,RN 368,17508,0,3,RD,0,0,1,,,0,1,,,,1,7,0,0,1,0
1,9,1,1,2,13,FRANCE,PROVENCE-ALPES-COTE-D'AZUR,055,13055,MARSEILLE,BOULEVARD MERLE,17547,0,4,VC,1,2,2,,,0,1,,,,1,7,0,0,1,0
1,9,1,1,7,13,FRANCE,PROVENCE-ALPES-COTE-D'AZUR,055,13055,MARSEILLE,AVENUE DU PRADO,17566,6,4,VC,1,1,2,,,0,1,,,,1,,0,0,1,0
1,9,1,1,3,13,FRANCE,PROVENCE-ALPES-COTE-D'AZUR,055,13055,MARSEILLE,TRAVERSE LE MEE,17599,0,4,VC,1,0,1,,,0,0,,,,1,7,0,0,1,0
1,9,1,1,6,13,FRANCE,PROVENCE-ALPES-COTE-D'AZUR,055,13055,MARSEILLE,PLACE JEAN JAURES,17671,0,9,Autre,1,0,0,,,0,3,,,,1,,0,0,0,1
1,6,1,1,3,13,FRANCE,PROVENCE-ALPES-COTE-D'AZUR,056,13056,MARTIGUES,AVENUE DU ALEXANDERFLEMING,17690,0,4,VC,0,2,3,,,0,4,,,,1,7,0,0,1,0
5,9,1,1,3,13,FRANCE,PROVENCE-ALPES-COTE-D'AZUR,055,13055,MARSEILLE,AVENUE JEAN LOMBARD,17891,0,4,VC,1,2,0,,,2,1,,,,1,7,0,0,1,0
1,9,1,1,2,13,FRANCE,PROVENCE-ALPES-COTE-D'AZUR,055,13055,MARSEILLE,CHEMIN SAINT JEAN,17895,0,4,VC,1,2,2,,,1,5,,,,1,7,0,0,1,0
1,9,6,1,1,13,FRANCE,PROVENCE-ALPES-COTE-D'AZUR,055,13055,MARSEILLE,BOULEVARD CAPITAINE GEZE,18002,5,4,VC,1,3,1,,,0,0,,,,1,7,0,0,1,0
1,5,6,1,3,13,FRANCE,PROVENCE-ALPES-COTE-D'AZUR,002,13002,ALLAUCH,AVENUE DU GENERAL DE GAULLE,18005,0,4,VC,1,2,2,,,0,1,,,,1,7,0,0,1,0
1,5,1,1,3,13,FRANCE,PROVENCE-ALPES-COTE-D'AZUR,108,13108,TARASCON,RD 99 ROUTE DE SAINT REMY,18058,0,3,RD,0,2,1,,,0,1,,,,1,7,0,0,1,0
1,9,1,1,6,13,FRANCE,PROVENCE-ALPES-COTE-D'AZUR,055,13055,MARSEILLE,BOULEVARD GARIBALDI,18145,0,4,VC,1,2,0,,,0,4,,,,1,,,,,
5,9,2,1,6,13,FRANCE,PROVENCE-ALPES-COTE-D'AZUR,055,13055,MARSEILLE,BOULEVARD LA PUGETTE,18193,0,4,VC,1,1,1,,,0,1,,,,1,7,0,0,1,0
1,9,1,1,6,13,FRANCE,PROVENCE-ALPES-COTE-D'AZUR,055,13055,MARSEILLE,RUE DE LODI,18195,0,4,VC,1,2,2,,,0,1,,,,1,,0,0,0,1
1,9,1,1,6,13,FRANCE,PROVENCE-ALPES-COTE-D'AZUR,055,13055,MARSEILLE,BOULEVARD ALEX FLEMING,18222,0,4,VC,1,1,4,,,0,1,,,,1,7,0,0,1,0
1,9,1,1,3,13,FRANCE,PROVENCE-ALPES-COTE-D'AZUR,055,13055,MARSEILLE,AVENUE DE LA CAPELETTE,18225,0,4,VC,1,2,3,,,0,1,,,,1,7,0,0,1,0
1,9,1,1,6,13,FRANCE,PROVENCE-ALPES-COTE-D'AZUR,055,13055,MARSEILLE,RUE D'AIX,18234,0,4,VC,1,1,2,,,0,1,,,,1,,0,0,0,1