lum,agg,int,atm,col,dep_bis,pays,region,com_bis,com_codeINSEE,communes,N_voie,numac,infra,catr,type_route,voie,circ,nbv,pr,pr1,vosp,situ,lat,long,adr,accident_velo,vehicule_imp,cycl_mort,cycl_bgv,cycl_blg,cycl_indm
1,9,1,1,3,13,FRANCE,PROVENCE-ALPES-COTE-D'AZUR,055,13055,MARSEILLE,AVENUE DE LA CAPELETTE,18299,0,4,VC,1,2,2,,,0,1,,,,1,30,0,0,1,0
1,9,1,1,3,13,FRANCE,PROVENCE-ALPES-COTE-D'AZUR,055,13055,MARSEILLE,TRAVERSE DE LA GAYE,18373,0,3,RD,1,1,1,,,0,1,,,,1,7,0,0,1,0
1,8,1,1,2,13,FRANCE,PROVENCE-ALPES-COTE-D'AZUR,001,13001,AIX-EN-PROVENCE,AVENUE CLUB HIPPIQUE,18453,0,4,VC,0,2,0,1,0,0,1,,,,1,7,0,0,1,0
2,7,1,1,3,13,FRANCE,PROVENCE-ALPES-COTE-D'AZUR,004,13004,ARLES,AVENUE SADI CARNOT,18455,0,4,VC,0,2,2,0,1,0,1,,,,1,7,0,0,1,0
1,1,1,1,3,13,FRANCE,PROVENCE-ALPES-COTE-D'AZUR,047,13047,ISTRES,RN 1569,18460,2,2,RN,0,2,2,19,0,0,1,,,,1,7,0,0,1,0
1,5,3,1,3,13,FRANCE,PROVENCE-ALPES-COTE-D'AZUR,026,13026,CHATEAUNEUF-LES-MARTIGUES,RUE DES MIGNONNIERES,18580,0,4,VC,0,2,2,,,0,1,,,,1,10,0,0,1,0
1,6,3,1,3,13,FRANCE,PROVENCE-ALPES-COTE-D'AZUR,056,13056,MARTIGUES,KLEBER QUAI JEAN BAPTISTE,18584,0,4,VC,0,2,2,,,0,1,,,,1,10,0,0,1,0
1,8,1,1,6,13,FRANCE,PROVENCE-ALPES-COTE-D'AZUR,001,13001,AIX-EN-PROVENCE,AVENUE ST JOHN PERSE,18630,0,4,VC,0,0,1,1,0,0,0,,,,1,,0,0,0,1
1,9,3,1,7,13,FRANCE,PROVENCE-ALPES-COTE-D'AZUR,055,13055,MARSEILLE,BOULEVARD SYLVESTRE,18696,0,4,VC,1,2,1,,,0,1,,,,1,7,0,0,1,0
1,9,1,1,3,13,FRANCE,PROVENCE-ALPES-COTE-D'AZUR,055,13055,MARSEILLE,BOULEVARD MICHELET,18698,0,4,VC,1,1,1,,,0,5,,,,1,7,0,0,1,0
1,9,4,1,3,13,FRANCE,PROVENCE-ALPES-COTE-D'AZUR,055,13055,MARSEILLE,CHEMIN DE SAINT HENRI,18708,0,4,VC,1,2,0,,,0,1,,,,1,7,0,0,1,0
1,9,1,1,3,13,FRANCE,PROVENCE-ALPES-COTE-D'AZUR,055,13055,MARSEILLE,AVENUE MENDES FRANCE,18712,0,4,VC,1,3,5,,,3,1,,,,1,7,0,0,1,0
1,9,1,1,6,13,FRANCE,PROVENCE-ALPES-COTE-D'AZUR,055,13055,MARSEILLE,BOULEVARD DE TIBOULEN,18726,0,4,VC,1,1,1,,,0,1,,,,1,,0,0,1,0
1,7,3,1,3,13,FRANCE,PROVENCE-ALPES-COTE-D'AZUR,004,13004,ARLES,CHEMIN DE SAINT GENEST ,18806,0,4,VC,0,4,2,,,0,1,,,,1,7,0,0,1,0
1,7,6,1,3,13,FRANCE,PROVENCE-ALPES-COTE-D'AZUR,004,13004,ARLES,RD 453,18808,0,3,RD,0,2,2,,,0,1,,,,1,7,0,0,1,0
1,6,1,1,6,13,FRANCE,PROVENCE-ALPES-COTE-D'AZUR,028,13028,CIOTAT (LA),AVENUE EMILE BODIN,18810,3,3,RD,0,3,1,,,0,1,,,,1,7,0,0,1,0
1,6,6,2,3,13,FRANCE,PROVENCE-ALPES-COTE-D'AZUR,047,13047,ISTRES,AVENUE DE RADOLFZELL,18812,0,4,VC,0,1,2,,,2,1,,,,1,13,0,0,1,0
1,9,3,1,3,13,FRANCE,PROVENCE-ALPES-COTE-D'AZUR,055,13055,MARSEILLE,ALLEE DE FEILLERAIE,18861,0,4,VC,1,2,1,,,0,1,,,,1,7,0,0,1,0
1,9,1,1,3,13,FRANCE,PROVENCE-ALPES-COTE-D'AZUR,055,13055,MARSEILLE,BOULEVARD DE SAINT MARCEL,18883,0,4,VC,1,2,2,,,0,1,,,,1,7,0,0,1,0
1,9,3,1,3,13,FRANCE,PROVENCE-ALPES-COTE-D'AZUR,055,13055,MARSEILLE,AVENUE MENDES FRANCE,18891,0,4,VC,1,3,4,,,0,0,,,,1,7,0,0,1,0
1,9,1,1,3,13,FRANCE,PROVENCE-ALPES-COTE-D'AZUR,055,13055,MARSEILLE,RUE DU COQ,18893,0,4,VC,1,1,1,,,0,1,,,,1,30,0,0,1,0
2,9,1,1,3,13,FRANCE,PROVENCE-ALPES-COTE-D'AZUR,055,13055,MARSEILLE,AVENUE PRADO,18927,0,4,VC,1,1,1,,,0,1,,,,1,7,0,0,1,0
5,7,1,1,1,13,FRANCE,PROVENCE-ALPES-COTE-D'AZUR,004,13004,ARLES,BOULEVARD GEORGES CLEMENCEAU,19032,0,4,VC,0,2,3,,,0,1,,,,1,7,0,0,1,0
1,1,1,1,3,13,FRANCE,PROVENCE-ALPES-COTE-D'AZUR,004,13004,ARLES,RD 570N,19035,0,3,RD,0,2,2,28,461,0,1,,,,1,10,0,0,1,0
1,9,1,1,2,13,FRANCE,PROVENCE-ALPES-COTE-D'AZUR,055,13055,MARSEILLE,AVENUE DES PEINTRES ROUX,19071,0,4,VC,1,2,5,,,0,1,,,,1,33,0,0,1,0
5,9,2,1,6,13,FRANCE,PROVENCE-ALPES-COTE-D'AZUR,055,13055,MARSEILLE,AVENUE ANDRE ZENATTI,19158,0,4,VC,1,2,3,,,0,1,,,,1,7,0,0,1,0
1,5,1,1,2,13,FRANCE,PROVENCE-ALPES-COTE-D'AZUR,102,13102,SAINT-VICTORET,BOULEVARD CALDERON  ,19252,0,4,VC,0,2,1,,,0,1,,,,1,2,0,0,1,0
1,9,4,1,3,13,FRANCE,PROVENCE-ALPES-COTE-D'AZUR,055,13055,MARSEILLE,AVENUE ODESSA,19312,0,4,VC,1,2,2,,,0,1,,,,1,7,0,0,1,0
1,9,1,1,3,13,FRANCE,PROVENCE-ALPES-COTE-D'AZUR,055,13055,MARSEILLE,AVENUE PRADO,19330,0,4,VC,1,1,1,,,0,1,,,,1,7,0,0,1,0
1,9,1,1,2,13,FRANCE,PROVENCE-ALPES-COTE-D'AZUR,055,13055,MARSEILLE,ROND-POINT HENRI MARTINET,19378,0,4,VC,1,2,1,,,0,1,,,,1,7,0,0,1,0
1,9,1,1,2,13,FRANCE,PROVENCE-ALPES-COTE-D'AZUR,055,13055,MARSEILLE,RUE AUGUSTE CHABAUD,19417,0,6,Parking,1,0,1,,,0,0,,,,1,7,0,0,1,0
1,9,9,1,6,13,FRANCE,PROVENCE-ALPES-COTE-D'AZUR,055,13055,MARSEILLE,TRAVERSE COLGATE,19459,0,6,Parking,1,2,2,,,0,1,,,,1,7,0,0,1,0
1,9,1,1,7,13,FRANCE,PROVENCE-ALPES-COTE-D'AZUR,055,13055,MARSEILLE,AVENUE MARECHAL DE LATTRE,19488,0,4,VC,1,2,2,,,0,1,,,,1,7,0,0,1,0
1,9,1,1,2,13,FRANCE,PROVENCE-ALPES-COTE-D'AZUR,055,13055,MARSEILLE,BOULEVARD RABATAU,19505,0,9,Autre,1,1,1,,,0,1,,,,1,99,0,0,1,0
1,6,1,1,2,13,FRANCE,PROVENCE-ALPES-COTE-D'AZUR,103,13103,SALON-DE-PROVENCE,BOULEVARD DE GLANUM,19523,0,4,VC,0,2,2,,,0,1,,,,1,7,0,0,1,0
1,6,1,8,3,13,FRANCE,PROVENCE-ALPES-COTE-D'AZUR,117,13117,VITROLLES,AVENUE JEAN MONNET,19526,0,4,VC,0,3,3,,,0,1,,,,1,7,0,0,1,0
1,1,6,1,6,13,FRANCE,PROVENCE-ALPES-COTE-D'AZUR,019,13019,CABRIES,RD 9,19565,3,3,RD,9,1,0,0,0,0,1,4348300,535600,,1,7,0,0,1,0
5,7,1,1,2,13,FRANCE,PROVENCE-ALPES-COTE-D'AZUR,004,13004,ARLES,PONT REGINEL,19575,2,4,VC,0,2,2,,,0,1,,,,1,7,0,0,1,0
1,7,6,1,2,13,FRANCE,PROVENCE-ALPES-COTE-D'AZUR,004,13004,ARLES,AVENUE DU MARECHAL JUIN,19577,0,4,VC,0,2,2,,,0,1,,,,1,7,0,0,1,0
5,9,1,1,6,13,FRANCE,PROVENCE-ALPES-COTE-D'AZUR,055,13055,MARSEILLE,AVENUE DE SAINT LOUIS,19586,0,9,Autre,1,0,2,,,0,0,,,,1,,0,0,1,0
1,9,1,1,3,13,FRANCE,PROVENCE-ALPES-COTE-D'AZUR,055,13055,MARSEILLE,BOULEVARD MICHELET,19659,0,4,VC,1,2,6,,,0,1,,,,1,7,0,0,1,0
5,9,2,1,3,13,FRANCE,PROVENCE-ALPES-COTE-D'AZUR,055,13055,MARSEILLE,RUE CHARRAS,19667,0,4,VC,1,1,2,,,0,0,,,,1,7,0,0,1,0
1,9,1,1,3,13,FRANCE,PROVENCE-ALPES-COTE-D'AZUR,055,13055,MARSEILLE,AVENUE ROGER SALENGRO,19695,0,4,VC,1,1,2,,,3,1,,,,1,7,0,0,1,0
1,6,1,1,6,13,FRANCE,PROVENCE-ALPES-COTE-D'AZUR,103,13103,SALON-DE-PROVENCE,CHEMIN DE LA CROIX BLANCHE,19717,0,4,VC,0,2,1,,,0,1,,,,1,7,0,0,1,0
1,5,2,1,3,13,FRANCE,PROVENCE-ALPES-COTE-D'AZUR,108,13108,TARASCON,CITE HLM CHATEAU GAILLARD,19718,0,4,VC,0,0,0,,,0,1,,,,1,7,0,0,1,0
5,9,1,1,3,13,FRANCE,PROVENCE-ALPES-COTE-D'AZUR,055,13055,MARSEILLE,BOULEVARD SAKAKINI,19820,0,4,VC,1,3,6,,,0,1,,,,1,7,0,0,1,0
1,9,1,1,3,13,FRANCE,PROVENCE-ALPES-COTE-D'AZUR,055,13055,MARSEILLE,BOULEVARD DES BOUIRES,19838,0,4,VC,1,2,2,,,0,1,,,,1,7,0,0,1,0
5,9,2,1,3,13,FRANCE,PROVENCE-ALPES-COTE-D'AZUR,055,13055,MARSEILLE,BOULEVARD LORD DUVEEN,19873,0,4,VC,1,1,1,,,0,0,,,,1,7,0,0,1,0
1,9,1,1,7,13,FRANCE,PROVENCE-ALPES-COTE-D'AZUR,055,13055,MARSEILLE,PLACE GARE DE L'OCTROI,19881,0,4,VC,1,1,1,,,0,1,,,,1,7,0,0,1,0
3,9,2,2,3,13,FRANCE,PROVENCE-ALPES-COTE-D'AZUR,055,13055,MARSEILLE,RUE SAINT BAZILE,19970,0,4,VC,1,1,1,,,0,1,,,,1,7,0,0,1,0
1,9,3,3,3,13,FRANCE,PROVENCE-ALPES-COTE-D'AZUR,055,13055,MARSEILLE,AVENUE DE LA ROSIERE,20009,0,4,VC,1,1,2,,,0,1,,,,1,7,0,0,1,0
1,8,1,1,3,13,FRANCE,PROVENCE-ALPES-COTE-D'AZUR,001,13001,AIX-EN-PROVENCE,AVENUE EUROPE,20062,0,4,VC,0,1,1,0,0,0,1,,,,1,7,0,0,1,0
1,9,1,1,6,13,FRANCE,PROVENCE-ALPES-COTE-D'AZUR,206,13206,MARSEILLE,RUE DE ROME,20104,0,4,VC,1,1,2,0,0,3,1,,,,1,,0,0,0,1
5,9,2,1,6,13,FRANCE,PROVENCE-ALPES-COTE-D'AZUR,201,13201,MARSEILLE,RUE NATIONALE,20133,0,4,VC,1,2,0,0,0,0,0,,,,1,7,0,0,1,0
1,8,3,1,6,13,FRANCE,PROVENCE-ALPES-COTE-D'AZUR,001,13001,AIX-EN-PROVENCE,RUE DALMAS JEAN,20175,0,9,Autre,0,2,2,0,0,0,1,,,,1,32,0,0,1,0
5,9,1,1,3,13,FRANCE,PROVENCE-ALPES-COTE-D'AZUR,206,13206,MARSEILLE,PLACE CASTELLANE,20304,0,4,VC,1,0,0,0,0,0,1,,,,1,7,0,0,1,0
1,8,1,1,2,13,FRANCE,PROVENCE-ALPES-COTE-D'AZUR,001,13001,AIX-EN-PROVENCE,SENTIER DU THOLONET,20313,0,4,VC,0,2,2,0,0,0,1,,,,1,7,0,0,1,0
1,5,3,1,1,13,FRANCE,PROVENCE-ALPES-COTE-D'AZUR,002,13002,ALLAUCH,CHEMIN ESPRIT JULIEN,20367,0,4,VC,1,2,2,0,0,0,1,,,,1,7,0,0,1,0
5,9,1,1,3,13,FRANCE,PROVENCE-ALPES-COTE-D'AZUR,055,13055,MARSEILLE,BOULEVARD HAMBOURG,20438,0,4,VC,0,1,2,0,0,0,1,,,,1,37,0,0,1,0
1,6,1,1,2,13,FRANCE,PROVENCE-ALPES-COTE-D'AZUR,028,13028,CIOTAT (LA),ROND-POINT DULAC/ROVARCH,20476,5,3,RD,559,1,2,31,20,0,1,4318950,562817,,1,7,0,0,1,0
1,9,9,1,6,13,FRANCE,PROVENCE-ALPES-COTE-D'AZUR,055,13055,MARSEILLE,RUE JOSEPH CLERISSY,20603,0,4,VC,0,2,4,0,0,1,5,,,,1,7,0,0,1,0
1,9,2,1,3,13,FRANCE,PROVENCE-ALPES-COTE-D'AZUR,208,13208,MARSEILLE,AVENUE PRADO,20635,0,4,VC,1,1,2,0,0,0,1,,,,1,7,0,0,1,0
1,1,6,1,3,13,FRANCE,PROVENCE-ALPES-COTE-D'AZUR,117,13117,VITROLLES,ROUTE NATIONALE 113 CADESTEAUX,20685,0,3,RD,113,1,2,0,0,0,1,,,,1,7,0,0,1,0
1,6,1,1,1,13,FRANCE,PROVENCE-ALPES-COTE-D'AZUR,028,13028,CIOTAT (LA),CD141,20696,0,3,RD,141,2,2,11,500,0,1,4317880,559286,,1,7,0,0,1,0
1,9,3,1,3,13,FRANCE,PROVENCE-ALPES-COTE-D'AZUR,055,13055,MARSEILLE,BOULEVARD ROMAIN ROLLAND,20707,0,4,VC,0,0,0,0,0,0,1,,,,1,7,0,0,0,1
1,9,1,1,3,13,FRANCE,PROVENCE-ALPES-COTE-D'AZUR,210,13210,MARSEILLE,AVENUE DE LA CAPELETTE,20741,0,4,VC,1,2,2,0,0,0,1,,,,1,7,0,0,1,0
1,7,3,1,3,13,FRANCE,PROVENCE-ALPES-COTE-D'AZUR,004,13004,ARLES,RUE DU DOCTEUR FANTON ,20806,0,4,VC,0,1,1,0,0,0,1,,,,1,7,0,0,1,0
1,7,1,1,3,13,FRANCE,PROVENCE-ALPES-COTE-D'AZUR,004,13004,ARLES,RUE DE LA REVOLUTION ,20809,0,4,VC,0,1,1,0,0,0,1,,,,1,7,0,0,1,0
1,1,1,1,5,13,FRANCE,PROVENCE-ALPES-COTE-D'AZUR,030,13030,CUGES-LES-PINS,RD 1,20819,0,3,RD,1,2,2,14,373,0,1,4326530,567049,,1,7,0,0,0,1
1,1,2,1,3,13,FRANCE,PROVENCE-ALPES-COTE-D'AZUR,001,13001,AIX-EN-PROVENCE,CHEMIN BARTHELEMY VERA,20834,0,4,VC,0,2,2,0,0,0,1,,,,1,7,0,0,1,0
1,6,1,1,5,13,FRANCE,PROVENCE-ALPES-COTE-D'AZUR,063,13063,MIRAMAS,AVENUE DES ANCIENS COMBATTANTS,20836,0,4,VC,0,2,2,0,0,0,1,,,,1,7,0,0,1,0
1,8,1,1,2,13,FRANCE,PROVENCE-ALPES-COTE-D'AZUR,001,13001,AIX-EN-PROVENCE,PLACE SAUZE LUCIEN,20844,0,4,VC,0,0,2,0,0,0,1,,,,1,7,0,0,1,0
1,9,1,1,2,13,FRANCE,PROVENCE-ALPES-COTE-D'AZUR,208,13208,MARSEILLE,PROMENADE POMPIDOU,20872,0,4,VC,1,3,4,0,0,1,1,,,,1,7,0,0,1,0
1,5,1,1,1,13,FRANCE,PROVENCE-ALPES-COTE-D'AZUR,002,13002,ALLAUCH,AVENUE ETIENNE CUCCA,20887,0,3,RD,908,2,2,13,576,0,1,4336030,549374,,1,7,0,0,1,0
1,9,1,1,2,13,FRANCE,PROVENCE-ALPES-COTE-D'AZUR,204,13204,MARSEILLE,AVENUE SAINT BARNA,20893,0,4,VC,1,2,2,0,0,0,1,,,,1,7,0,0,1,0
1,9,1,1,2,13,FRANCE,PROVENCE-ALPES-COTE-D'AZUR,201,13201,MARSEILLE,RUE COLBERT,20897,0,4,VC,1,1,1,0,0,0,1,,,,1,15,0,0,1,0
1,5,6,1,2,13,FRANCE,PROVENCE-ALPES-COTE-D'AZUR,002,13002,ALLAUCH,AVENUE DE VATERSTETTEN,20938,0,4,VC,1,2,2,0,0,0,1,,,,1,7,0,0,1,0
2,9,6,1,3,13,FRANCE,PROVENCE-ALPES-COTE-D'AZUR,209,13209,MARSEILLE,RUE HENRI COCHET,21051,0,4,VC,1,2,2,0,0,0,1,,,,1,7,0,0,1,0
1,9,1,1,3,13,FRANCE,PROVENCE-ALPES-COTE-D'AZUR,055,13055,MARSEILLE,BOULEVARD BOISSON,21065,0,4,VC,0,0,1,0,0,0,1,,,,1,34,0,0,1,0
1,9,4,1,3,13,FRANCE,PROVENCE-ALPES-COTE-D'AZUR,055,13055,MARSEILLE,BOULEVARD DE SAINT MARCEL,21071,0,4,VC,0,2,2,0,0,0,1,,,,1,7,0,0,1,0
1,9,2,1,3,13,FRANCE,PROVENCE-ALPES-COTE-D'AZUR,212,13212,MARSEILLE,BOULEVARD GAROUTTE,21178,0,4,VC,1,2,0,0,0,0,1,,,,1,7,0,0,1,0
1,5,3,1,3,13,FRANCE,PROVENCE-ALPES-COTE-D'AZUR,039,13039,FOS-SUR-MER,IMPASSE DES PATURAGES,21284,0,4,VC,0,2,2,0,0,0,1,,,,1,7,0,0,1,0
1,9,3,1,1,13,FRANCE,PROVENCE-ALPES-COTE-D'AZUR,211,13211,MARSEILLE,BARASSE,21301,0,4,VC,0,2,2,0,0,0,1,,,,1,7,0,0,1,0
1,9,1,1,3,13,FRANCE,PROVENCE-ALPES-COTE-D'AZUR,204,13204,MARSEILLE,BOULEVARD LIBERATION,21322,0,4,VC,1,2,2,0,0,0,1,,,,1,7,0,0,1,0
1,9,1,1,6,13,FRANCE,PROVENCE-ALPES-COTE-D'AZUR,055,13055,MARSEILLE,BOULEVARD DES PLATANES COLONEL LOUIS GONDRET,21354,0,4,VC,0,1,1,0,0,0,1,,,,1,37,0,0,1,0
1,7,2,1,2,13,FRANCE,PROVENCE-ALPES-COTE-D'AZUR,004,13004,ARLES,RUE ANDRE BENOIT ,21405,0,4,VC,0,2,2,0,0,0,1,,,,1,7,0,0,1,0
1,7,2,1,3,13,FRANCE,PROVENCE-ALPES-COTE-D'AZUR,004,13004,ARLES,AVENUE BACHAGA SAID BOUALEM ,21410,0,4,VC,0,2,2,0,0,0,1,,,,1,30,0,0,1,0
1,7,1,1,3,13,FRANCE,PROVENCE-ALPES-COTE-D'AZUR,004,13004,ARLES,AVENUE DE STALINGRAD,21412,0,4,VC,0,2,2,0,0,0,1,,,,1,7,0,0,1,0
2,9,2,1,6,13,FRANCE,PROVENCE-ALPES-COTE-D'AZUR,055,13055,MARSEILLE,RUE DE LA REPUBLIQUE ,21498,0,4,VC,0,0,2,0,0,0,0,,,,1,,0,0,0,1
1,5,6,1,3,13,FRANCE,PROVENCE-ALPES-COTE-D'AZUR,071,13071,PENNES-MIRABEAU (LES),PLAN DE CAMPAGNE,21579,0,4,VC,0,2,2,0,0,0,1,,,,1,7,0,0,1,0
1,7,1,1,6,13,FRANCE,PROVENCE-ALPES-COTE-D'AZUR,004,13004,ARLES,BOULEVARD DES LICES,21597,0,4,VC,0,2,2,0,0,0,1,,,,1,7,0,0,1,0
1,8,6,1,3,13,FRANCE,PROVENCE-ALPES-COTE-D'AZUR,001,13001,AIX-EN-PROVENCE,AVENUE PABLO PICASSO,21727,0,9,Autre,0,2,2,0,0,0,1,,,,1,7,0,0,1,0
1,6,1,1,3,13,FRANCE,PROVENCE-ALPES-COTE-D'AZUR,047,13047,ISTRES,AVENUE DE RADOLFZELL,21731,0,4,VC,0,3,2,0,0,1,1,,,,1,7,0,0,1,0
1,9,1,1,2,13,FRANCE,PROVENCE-ALPES-COTE-D'AZUR,208,13208,MARSEILLE,BOULEVARD MICHELET,21775,0,4,VC,1,2,6,0,0,0,1,,,,1,7,0,0,1,0
1,9,1,1,2,13,FRANCE,PROVENCE-ALPES-COTE-D'AZUR,055,13055,MARSEILLE,RUE  FRANCOIS MAURIAC,21823,0,4,VC,0,2,2,0,0,0,1,,,,1,7,0,0,1,0
1,6,6,1,3,13,FRANCE,PROVENCE-ALPES-COTE-D'AZUR,047,13047,ISTRES,AVENUE FELIX GOUIN ,21880,0,4,VC,0,1,2,0,0,0,1,,,,1,7,0,0,1,0
1,9,1,1,3,13,FRANCE,PROVENCE-ALPES-COTE-D'AZUR,214,13214,MARSEILLE,BOULEVARD MASSENET,21922,0,4,VC,1,2,2,0,0,0,1,,,,1,7,0,0,1,0
1,6,3,1,3,13,FRANCE,PROVENCE-ALPES-COTE-D'AZUR,054,13054,MARIGNANE,FIGUEROLLES  QUARTIER,21933,0,4,VC,0,0,2,1,0,0,1,,,,1,7,0,0,1,0
2,5,2,1,3,13,FRANCE,PROVENCE-ALPES-COTE-D'AZUR,039,13039,FOS-SUR-MER,CARREFOUR DES VALLINS,22021,5,4,VC,0,0,1,0,0,0,1,,,,1,7,0,0,1,0
1,9,6,1,2,13,FRANCE,PROVENCE-ALPES-COTE-D'AZUR,211,13211,MARSEILLE,ROUTE DE LA VALENTINE,22038,0,4,VC,0,2,2,0,0,0,0,,,,1,7,0,0,1,0
1,4,1,1,3,13,FRANCE,PROVENCE-ALPES-COTE-D'AZUR,010,13010,BARBENTANE,RD 35,22112,0,3,RD,35,2,2,69,0,0,1,4390260,475169,,1,7,0,0,1,0
5,5,1,1,1,13,FRANCE,PROVENCE-ALPES-COTE-D'AZUR,014,13014,BERRE-L'ETANG,VC 0,22117,5,4,VC,0,2,2,0,0,0,1,,,,1,7,0,0,1,0
1,9,9,1,3,13,FRANCE,PROVENCE-ALPES-COTE-D'AZUR,055,13055,MARSEILLE,RUE JOBIN ,22126,0,4,VC,0,2,2,0,0,0,1,,,,1,7,0,0,1,0
1,9,1,1,6,13,FRANCE,PROVENCE-ALPES-COTE-D'AZUR,055,13055,MARSEILLE,RUE DE ROME,22127,0,4,VC,0,2,2,0,0,3,0,,,,1,,0,0,0,1
1,1,1,1,6,13,FRANCE,PROVENCE-ALPES-COTE-D'AZUR,002,13002,ALLAUCH,AVENUE ETIENNE CUCCA,22163,0,3,RD,908,2,0,0,0,0,1,,,,1,7,0,0,1,0
1,5,1,1,5,13,FRANCE,PROVENCE-ALPES-COTE-D'AZUR,119,13119,CARNOUX-EN-PROVENCE,RD 41,22211,0,3,RD,41,2,2,1,400,0,1,4325970,557149,,1,7,0,0,1,0
1,9,1,1,6,13,FRANCE,PROVENCE-ALPES-COTE-D'AZUR,055,13055,MARSEILLE,RUE DE ROME,22289,0,4,VC,0,0,0,0,0,0,1,,,,1,10,0,0,1,0
1,1,9,1,6,13,FRANCE,PROVENCE-ALPES-COTE-D'AZUR,098,13098,SAINT-MITRE-LES-REMPARTS,ALLEE HECTOR BERLIOZ,22449,0,4,VC,0,1,1,0,0,0,1,,,,1,7,0,0,1,0
1,9,1,1,1,13,FRANCE,PROVENCE-ALPES-COTE-D'AZUR,055,13055,MARSEILLE,ROUTE DES CAMOINS,22495,0,4,VC,0,2,0,0,0,0,1,,,,1,7,0,0,1,0
1,9,1,1,3,13,FRANCE,PROVENCE-ALPES-COTE-D'AZUR,055,13055,MARSEILLE,BOULEVARD DU REDON,22519,0,4,VC,0,2,2,0,0,0,1,,,,1,7,0,0,1,0
1,9,1,1,6,13,FRANCE,PROVENCE-ALPES-COTE-D'AZUR,055,13055,MARSEILLE,BOULEVARD PERIER,22543,0,4,VC,0,2,3,0,0,0,0,,,,1,10,0,0,1,0
1,9,1,1,1,13,FRANCE,PROVENCE-ALPES-COTE-D'AZUR,055,13055,MARSEILLE,BOULEVARD DE LA CARTONNERIE,22576,0,4,VC,0,2,0,0,0,0,1,,,,1,31,0,0,1,0
1,9,1,1,1,13,FRANCE,PROVENCE-ALPES-COTE-D'AZUR,055,13055,MARSEILLE,AVENUE WILLIAM BOOTH,22577,0,4,VC,0,2,2,0,0,0,1,,,,1,7,0,0,1,0
1,9,1,1,6,13,FRANCE,PROVENCE-ALPES-COTE-D'AZUR,055,13055,MARSEILLE,PLACE DE POLOGNE,22587,0,4,VC,0,1,0,0,0,0,1,,,,1,7,0,0,1,0
1,9,1,1,2,13,FRANCE,PROVENCE-ALPES-COTE-D'AZUR,055,13055,MARSEILLE,TRAVERSEE DU CINEMA,22645,0,4,VC,0,0,0,0,0,0,1,,,,1,7,0,0,1,0
1,9,1,1,3,13,FRANCE,PROVENCE-ALPES-COTE-D'AZUR,055,13055,MARSEILLE,RUE EMILE ZOLA,22676,0,4,VC,0,2,0,0,0,0,1,,,,1,30,0,0,1,0
1,1,1,1,6,13,FRANCE,PROVENCE-ALPES-COTE-D'AZUR,001,13001,AIX-EN-PROVENCE,ROUTE DE LA TOUR D'ARBOIS,22713,0,4,VC,0,1,1,0,0,0,1,,,,1,7,0,0,1,0
1,9,4,1,2,13,FRANCE,PROVENCE-ALPES-COTE-D'AZUR,055,13055,MARSEILLE,TRAVERSEE LAROUSSE,22740,0,4,VC,0,1,1,0,0,0,1,,,,1,7,0,0,1,0
5,6,1,1,2,13,FRANCE,PROVENCE-ALPES-COTE-D'AZUR,117,13117,VITROLLES,BOULEVARD PAUL GUIGOU,22746,0,4,VC,0,1,1,0,0,0,1,,,,1,7,0,0,0,1
1,5,1,1,3,13,FRANCE,PROVENCE-ALPES-COTE-D'AZUR,026,13026,CHATEAUNEUF-LES-MARTIGUES,RUE DU QUATRE SEPTEMBRE,22792,0,4,VC,0,1,2,0,0,0,1,,,,1,7,0,0,1,0
1,9,2,1,3,13,FRANCE,PROVENCE-ALPES-COTE-D'AZUR,055,13055,MARSEILLE,RUE AUGUSTIN AUBERT,22804,0,3,RD,0,4,0,0,0,0,1,,,,1,7,0,0,1,0
1,9,3,1,2,13,FRANCE,PROVENCE-ALPES-COTE-D'AZUR,055,13055,MARSEILLE,BOULEVARD GUSTAVENUE GANAY,22824,0,4,VC,0,1,0,0,0,0,1,,,,1,7,0,0,1,0
2,9,1,1,3,13,FRANCE,PROVENCE-ALPES-COTE-D'AZUR,055,13055,MARSEILLE,AVENUE DES CHUTES LAVIE,22872,0,4,VC,0,2,2,0,0,0,1,,,,1,7,0,0,1,0
1,1,1,1,3,13,FRANCE,PROVENCE-ALPES-COTE-D'AZUR,108,13108,TARASCON,RD 570 ROUTE D'AVIGNON,22874,0,3,RD,0,2,2,0,0,0,1,,,,1,7,0,0,1,0
1,5,3,1,3,13,FRANCE,PROVENCE-ALPES-COTE-D'AZUR,002,13002,ALLAUCH,AVENUE JEAN GIONO,22920,0,4,VC,1,3,2,0,0,0,1,,,,1,7,0,0,1,0
1,9,1,1,2,13,FRANCE,PROVENCE-ALPES-COTE-D'AZUR,055,13055,MARSEILLE,QUAI DE RIVE NEUVE,22960,0,4,VC,0,2,0,0,0,0,1,,,,1,30,0,0,1,0
1,4,1,1,1,13,FRANCE,PROVENCE-ALPES-COTE-D'AZUR,074,13074,PEYROLLES-EN-PROVENCE,RD 96,23022,0,3,RD,96,2,2,49,437,0,1,4364640,558388,,1,7,0,0,1,0
1,9,3,1,1,13,FRANCE,PROVENCE-ALPES-COTE-D'AZUR,055,13055,MARSEILLE,BOULEVARD AUGUSTIN CIEUSSA,23041,0,4,VC,0,2,0,0,0,0,1,,,,1,7,0,0,1,0
1,6,1,1,2,13,FRANCE,PROVENCE-ALPES-COTE-D'AZUR,047,13047,ISTRES,AVENUE DE LA CRAU,23141,0,4,VC,0,2,2,0,0,0,1,,,,1,7,0,0,1,0
1,8,1,1,6,13,FRANCE,PROVENCE-ALPES-COTE-D'AZUR,001,13001,AIX-EN-PROVENCE,AVENUE DE BAGATELLE,23163,0,4,VC,0,2,2,0,0,0,1,,,,1,7,0,0,1,0