lum,agg,int,atm,col,dep_bis,pays,region,com_bis,com_codeINSEE,communes,N_voie,numac,infra,catr,type_route,voie,circ,nbv,pr,pr1,vosp,situ,lat,long,adr,accident_velo,vehicule_imp,cycl_mort,cycl_bgv,cycl_blg,cycl_indm
1,9,1,1,3,13,FRANCE,PROVENCE-ALPES-COTE-D'AZUR,055,13055,MARSEILLE,ROUTE DES QUATRE SAISONS AUX CAMOINS,23209,5,4,VC,0,1,1,0,0,0,1,,,,1,7,0,0,1,0
1,1,1,1,6,13,FRANCE,PROVENCE-ALPES-COTE-D'AZUR,001,13001,AIX-EN-PROVENCE,RUE RENE DESCARTES,23210,5,3,RD,0,4,1,0,0,0,1,,,,1,,0,0,1,0
5,9,1,1,6,13,FRANCE,PROVENCE-ALPES-COTE-D'AZUR,055,13055,MARSEILLE,RUE DE ROME,23222,0,4,VC,0,1,0,0,0,0,1,,,,1,,,,,
1,1,1,1,3,13,FRANCE,PROVENCE-ALPES-COTE-D'AZUR,001,13001,AIX-EN-PROVENCE,ROUTE DU COLONEL BELLEC MAURICE,23267,0,3,RD,0,2,2,0,0,0,1,,,,1,7,0,0,1,0
1,9,1,1,6,13,FRANCE,PROVENCE-ALPES-COTE-D'AZUR,055,13055,MARSEILLE,AVENUE DU PRADO,23269,0,4,VC,0,2,0,0,0,0,1,,,,1,7,0,0,1,0
1,1,1,1,2,13,FRANCE,PROVENCE-ALPES-COTE-D'AZUR,063,13063,MIRAMAS,AVENUE DE LA ROSE DES VENTS ,23290,0,4,VC,0,2,2,0,0,0,1,,,,1,7,0,0,1,0
1,7,1,1,6,13,FRANCE,PROVENCE-ALPES-COTE-D'AZUR,004,13004,ARLES,AVENUE DU GENERAL LECLERC,23292,0,4,VC,0,2,2,0,0,0,1,,,,1,99,0,0,1,0
5,9,1,1,6,13,FRANCE,PROVENCE-ALPES-COTE-D'AZUR,055,13055,MARSEILLE,RUE FONTVERT,23330,0,4,VC,0,2,0,0,0,0,1,,,,1,7,0,0,1,0
1,9,2,1,3,13,FRANCE,PROVENCE-ALPES-COTE-D'AZUR,055,13055,MARSEILLE,AVENUE DE LA CROIX ROUGE,23333,0,4,VC,0,2,0,0,0,0,1,,,,1,7,0,0,1,0
1,9,1,1,6,13,FRANCE,PROVENCE-ALPES-COTE-D'AZUR,055,13055,MARSEILLE,RUE CURIOL,23448,0,4,VC,0,1,0,0,0,0,1,,,,1,,0,0,0,1
1,6,1,1,3,13,FRANCE,PROVENCE-ALPES-COTE-D'AZUR,056,13056,MARTIGUES,AVENUE CALMETTE ET GUERIN,23450,0,4,VC,0,3,2,0,0,0,1,,,,1,7,0,0,1,0
1,9,1,1,6,13,FRANCE,PROVENCE-ALPES-COTE-D'AZUR,055,13055,MARSEILLE,BOULEVARD DE LA LIBERATION GENERAL DE MONSABERT,23511,0,4,VC,0,2,0,0,0,0,1,,,,1,,0,0,0,1
1,8,1,1,3,13,FRANCE,PROVENCE-ALPES-COTE-D'AZUR,001,13001,AIX-EN-PROVENCE,ROUTE DE GARDANNE,23514,0,4,VC,0,0,1,0,0,0,1,,,,1,7,0,0,1,0
5,9,6,1,3,13,FRANCE,PROVENCE-ALPES-COTE-D'AZUR,055,13055,MARSEILLE,PROMENADE GEORGES POMPIDOU,23516,0,4,VC,0,2,0,0,0,0,1,,,,1,7,0,0,1,0
1,1,6,1,3,13,FRANCE,PROVENCE-ALPES-COTE-D'AZUR,004,13004,ARLES,ROND-POINT MAURICE ETIENNE ,23546,0,4,VC,0,1,1,0,0,0,1,,,,1,7,0,0,1,0
1,6,1,1,3,13,FRANCE,PROVENCE-ALPES-COTE-D'AZUR,103,13103,SALON-DE-PROVENCE,AVENUE DE LA PATROUILLE DE FRANCE,23604,0,3,RD,538,3,2,7,151,0,1,4368480,509389,,1,7,0,0,1,0
1,9,1,1,6,13,FRANCE,PROVENCE-ALPES-COTE-D'AZUR,055,13055,MARSEILLE,AVENUE PIERRE MENDES FRANCE,23743,0,4,VC,0,1,0,0,0,0,1,,,,1,30,0,0,1,0
2,1,1,1,6,13,FRANCE,PROVENCE-ALPES-COTE-D'AZUR,055,13055,MARSEILLE,PLACE SADI CARNOT,23785,0,5,Hors_reseau,0,0,0,0,0,0,1,,,,1,7,0,0,1,0
5,9,3,1,3,13,FRANCE,PROVENCE-ALPES-COTE-D'AZUR,055,13055,MARSEILLE,BOULEVARD DE LA VERRERIE,23841,0,4,VC,0,2,2,0,0,0,0,,,,1,7,0,0,1,0
5,9,3,1,3,13,FRANCE,PROVENCE-ALPES-COTE-D'AZUR,055,13055,MARSEILLE,AVENUE DE MAZARGUES,23860,0,4,VC,0,2,2,0,0,0,1,,,,1,7,0,0,1,0
5,9,1,1,6,13,FRANCE,PROVENCE-ALPES-COTE-D'AZUR,055,13055,MARSEILLE,BOULEVARD DE LA BLANCARDE,23899,0,4,VC,0,2,2,0,0,0,1,,,,1,7,0,0,1,0
5,9,6,1,3,13,FRANCE,PROVENCE-ALPES-COTE-D'AZUR,055,13055,MARSEILLE,ROND-POINT JEAN DE TCHORLOU,23913,0,4,VC,0,1,0,0,0,0,1,,,,1,7,0,0,1,0
1,9,3,1,3,13,FRANCE,PROVENCE-ALPES-COTE-D'AZUR,055,13055,MARSEILLE,RUE XAVIER PROGIN,23949,0,3,RD,0,1,1,0,0,0,1,,,,1,7,0,0,1,0
1,5,1,1,1,13,FRANCE,PROVENCE-ALPES-COTE-D'AZUR,106,13106,SEPTEMES-LES-VALLONS,RD 8,23984,5,3,RD,8,2,0,0,0,3,1,4340300,536600,,1,7,0,0,1,0
5,9,1,1,2,13,FRANCE,PROVENCE-ALPES-COTE-D'AZUR,055,13055,MARSEILLE,AVENUE DU PRADO,24115,0,4,VC,0,2,0,0,0,0,1,,,,1,7,0,0,1,0
1,9,1,1,6,13,FRANCE,PROVENCE-ALPES-COTE-D'AZUR,055,13055,MARSEILLE,BOULEVARD DE PLOMBIERES,24131,0,4,VC,0,1,0,0,0,0,1,,,,1,7,0,0,1,0
1,9,1,1,3,13,FRANCE,PROVENCE-ALPES-COTE-D'AZUR,055,13055,MARSEILLE,RUE DE L'AUDIENCE,24178,0,4,VC,0,2,2,0,0,0,1,,,,1,7,0,0,1,0
2,9,3,1,6,13,FRANCE,PROVENCE-ALPES-COTE-D'AZUR,055,13055,MARSEILLE,AVENUE JULES CANTINI,24214,0,4,VC,0,2,0,0,0,0,1,,,,1,7,0,0,1,0
1,1,1,1,6,13,FRANCE,PROVENCE-ALPES-COTE-D'AZUR,055,13055,MARSEILLE,ROUTE LEON LACHAMP,24259,0,4,VC,0,2,0,0,0,0,1,,,,1,7,0,0,1,0
1,9,1,1,2,13,FRANCE,PROVENCE-ALPES-COTE-D'AZUR,055,13055,MARSEILLE,BOULEVARD DE SAINT LOUP,24280,0,4,VC,0,2,2,0,0,0,1,,,,1,7,0,0,1,0
1,1,1,1,2,13,FRANCE,PROVENCE-ALPES-COTE-D'AZUR,015,13015,BOUC-BEL-AIR,RD 60,24292,0,3,RD,60,2,1,5,100,0,1,0,0,,1,10,0,0,1,0
1,8,6,1,3,13,FRANCE,PROVENCE-ALPES-COTE-D'AZUR,001,13001,AIX-EN-PROVENCE,AVENUE FERRINI FORTUNE,24328,3,4,VC,0,2,0,,,0,0,,,,1,37,0,0,1,0
1,7,1,1,1,13,FRANCE,PROVENCE-ALPES-COTE-D'AZUR,004,13004,ARLES,BOULEVARD GEORGES CLEMENCEAU,24350,0,4,VC,0,1,1,,,0,1,,,,1,7,0,0,1,0
1,7,3,1,6,13,FRANCE,PROVENCE-ALPES-COTE-D'AZUR,004,13004,ARLES,RUE PIERRE SAXY ,24353,0,4,VC,0,2,2,,,0,1,,,,1,7,0,0,1,0
1,9,1,1,6,13,FRANCE,PROVENCE-ALPES-COTE-D'AZUR,055,13055,MARSEILLE,BOULEVARD CHARLES LIVON,24467,0,4,VC,0,2,0,,,0,1,,,,1,7,0,0,1,0
1,9,2,1,3,13,FRANCE,PROVENCE-ALPES-COTE-D'AZUR,055,13055,MARSEILLE,RUE DAUMIER,24510,0,4,VC,0,1,1,,,0,1,,,,1,7,0,0,1,0
1,9,4,1,3,13,FRANCE,PROVENCE-ALPES-COTE-D'AZUR,055,13055,MARSEILLE,CHEMIN JOSEPH AIGUIER,24572,0,4,VC,0,2,2,,,0,1,,,,1,7,0,0,1,0
5,9,1,1,7,13,FRANCE,PROVENCE-ALPES-COTE-D'AZUR,055,13055,MARSEILLE,RUE WULFRAM PUGET,24644,0,4,VC,0,2,2,,,0,1,,,,1,7,0,0,1,0
1,1,1,1,1,13,FRANCE,PROVENCE-ALPES-COTE-D'AZUR,075,13075,PLAN-DE-CUQUES,ALLEE DES TERMES,24652,0,4,VC,0,2,0,,,0,1,,,,1,7,0,0,1,0
1,9,3,1,3,13,FRANCE,PROVENCE-ALPES-COTE-D'AZUR,055,13055,MARSEILLE,CHEMIN SAINT JEAN DU DESERT,24666,0,4,VC,0,2,2,,,0,1,,,,1,30,0,0,1,0
1,9,1,1,7,13,FRANCE,PROVENCE-ALPES-COTE-D'AZUR,055,13055,MARSEILLE,BOULEVARD GUSTAVENUE DESPLACES,24690,0,4,VC,0,2,2,,,2,1,,,,1,10,0,0,1,0
1,9,1,1,1,13,FRANCE,PROVENCE-ALPES-COTE-D'AZUR,055,13055,MARSEILLE,AVENUE DE LA POINTE ROUGE,24751,0,4,VC,0,2,2,,,0,1,,,,1,7,0,0,1,0
5,9,1,1,6,13,FRANCE,PROVENCE-ALPES-COTE-D'AZUR,055,13055,MARSEILLE,AVENUE CAMILLE PELLETAN,24801,0,4,VC,0,2,2,,,0,1,,,,1,7,0,0,1,0
5,9,3,1,6,13,FRANCE,PROVENCE-ALPES-COTE-D'AZUR,055,13055,MARSEILLE,IMPASSEMELCHION,24812,0,4,VC,0,1,0,,,0,1,,,,1,7,0,0,1,0
1,9,1,1,2,13,FRANCE,PROVENCE-ALPES-COTE-D'AZUR,055,13055,MARSEILLE,BOULEVARD BAILLE,24821,0,4,VC,0,3,4,,,0,1,,,,1,7,0,0,1,0
1,9,1,1,1,13,FRANCE,PROVENCE-ALPES-COTE-D'AZUR,055,13055,MARSEILLE,CHEMIN DE LA COLLINE SAINT JOSEPH,24835,0,4,VC,0,1,1,,,0,1,,,,1,7,0,0,1,0
1,9,3,1,6,13,FRANCE,PROVENCE-ALPES-COTE-D'AZUR,055,13055,MARSEILLE,BOULEVARD DES LIBERATEURS,24843,0,4,VC,0,2,0,,,0,1,,,,1,7,0,0,1,0
1,9,3,1,2,13,FRANCE,PROVENCE-ALPES-COTE-D'AZUR,055,13055,MARSEILLE,TRAVERSEE LAURENT POUDRETTE,24861,0,4,VC,0,2,1,,,0,1,,,,1,7,0,0,1,0
1,9,2,1,6,13,FRANCE,PROVENCE-ALPES-COTE-D'AZUR,055,13055,MARSEILLE,AVENUE BERNARD LECACHE,24865,0,4,VC,,2,2,,,0,1,,,,1,13,0,0,1,0
1,9,6,1,3,13,FRANCE,PROVENCE-ALPES-COTE-D'AZUR,055,13055,MARSEILLE,BOULEVARD PIOT,24891,0,9,Autre,0,0,2,1,0,0,1,,,,1,7,0,0,1,0
1,9,2,1,3,13,FRANCE,PROVENCE-ALPES-COTE-D'AZUR,055,13055,MARSEILLE,RUE THERESA,24979,0,4,VC,0,2,2,,,0,1,,,,1,7,0,0,1,0
1,9,1,1,6,13,FRANCE,PROVENCE-ALPES-COTE-D'AZUR,055,13055,MARSEILLE,AVENUE DE SAINT BARNABE,24986,0,4,VC,0,2,0,,,0,1,,,,1,7,0,0,1,0
5,9,2,1,3,13,FRANCE,PROVENCE-ALPES-COTE-D'AZUR,055,13055,MARSEILLE,RUE CONSOLAT,24999,0,4,VC,0,1,0,,,0,1,,,,1,7,0,0,1,0
1,9,3,1,3,13,FRANCE,PROVENCE-ALPES-COTE-D'AZUR,055,13055,MARSEILLE,CR DE LA VALBARELLE A SAINT MARCEL,25011,0,4,VC,0,2,2,,,0,1,,,,1,7,0,0,1,0
1,9,1,1,3,13,FRANCE,PROVENCE-ALPES-COTE-D'AZUR,055,13055,MARSEILLE,COR PRESIDENT JOHN F KENNEDY,25065,2,4,VC,0,2,2,,,0,1,,,,1,30,0,0,1,0
1,9,2,1,3,13,FRANCE,PROVENCE-ALPES-COTE-D'AZUR,055,13055,MARSEILLE,RUE DIEUDE,25066,0,4,VC,0,1,1,,,0,0,,,,1,7,0,0,1,0
1,9,1,1,2,13,FRANCE,PROVENCE-ALPES-COTE-D'AZUR,055,13055,MARSEILLE,AVENUE CLOT BEY,25090,0,4,VC,0,2,2,,,0,1,,,,1,31,0,0,1,0
1,1,1,1,6,13,FRANCE,PROVENCE-ALPES-COTE-D'AZUR,002,13002,ALLAUCH,AVENUE ETIENNE CUCCA,25100,0,4,VC,1,2,0,,,0,1,,,,1,7,0,0,1,0
1,9,2,1,6,13,FRANCE,PROVENCE-ALPES-COTE-D'AZUR,055,13055,MARSEILLE,RUE SAINTE BARBE,25116,0,4,VC,0,0,0,,,0,1,,,,1,10,0,0,1,0
1,9,1,1,3,13,FRANCE,PROVENCE-ALPES-COTE-D'AZUR,055,13055,MARSEILLE,RUE DU SUD ET DU PERE LOUIS THEROBE,25127,0,4,VC,0,2,2,,,0,1,,,,1,32,0,0,1,0
5,9,1,1,3,13,FRANCE,PROVENCE-ALPES-COTE-D'AZUR,055,13055,MARSEILLE,BOULEVARD DUGOMMIER,25136,0,4,VC,0,3,5,,,0,1,,,,1,7,0,0,1,0
1,9,1,1,6,13,FRANCE,PROVENCE-ALPES-COTE-D'AZUR,055,13055,MARSEILLE,BOULEVARD MICHELET,25147,0,4,VC,0,2,0,,,0,1,,,,1,14,0,0,1,0
1,9,1,1,3,13,FRANCE,PROVENCE-ALPES-COTE-D'AZUR,055,13055,MARSEILLE,QUAI DE RIVE NEUVE,25158,0,4,VC,0,2,4,,,0,1,,,,1,7,0,0,1,0
1,9,1,1,3,13,FRANCE,PROVENCE-ALPES-COTE-D'AZUR,055,13055,MARSEILLE,AVENUE DE MONTOLIVET,25181,0,4,VC,0,0,0,,,0,1,,,,1,7,0,0,1,0
1,9,6,1,3,13,FRANCE,PROVENCE-ALPES-COTE-D'AZUR,055,13055,MARSEILLE,AVENUE D' HAIFA,25201,0,4,VC,0,2,2,,,0,1,,,,1,7,0,0,1,0
1,9,1,1,2,13,FRANCE,PROVENCE-ALPES-COTE-D'AZUR,055,13055,MARSEILLE,RUE AVIATEUR LE BRIX,25202,0,4,VC,0,2,3,,,0,1,,,,1,7,0,0,1,0
2,9,2,1,3,13,FRANCE,PROVENCE-ALPES-COTE-D'AZUR,055,13055,MARSEILLE,BOULEVARD NATIONAL,25211,0,4,VC,0,1,0,,,0,1,,,,1,7,0,0,1,0
1,9,1,1,2,13,FRANCE,PROVENCE-ALPES-COTE-D'AZUR,055,13055,MARSEILLE,QUAI DE RIVE NEUVE,25223,0,4,VC,0,2,4,,,3,1,,,,1,37,0,0,1,0
1,9,1,1,3,13,FRANCE,PROVENCE-ALPES-COTE-D'AZUR,055,13055,MARSEILLE,ROND-POINT ADRIEN LEGROS,25250,0,4,VC,0,1,1,,,0,1,,,,1,7,0,0,1,0
1,9,1,1,3,13,FRANCE,PROVENCE-ALPES-COTE-D'AZUR,055,13055,MARSEILLE,BOULEVARD CAMILLE FLAMMARION,25269,0,4,VC,0,2,1,,,0,1,,,,1,7,0,0,1,0
2,9,1,1,6,13,FRANCE,PROVENCE-ALPES-COTE-D'AZUR,055,13055,MARSEILLE,BOULEVARD D'ATHENES,25352,0,9,Autre,0,0,0,,,0,1,,,,1,10,0,0,1,0
1,9,1,1,3,13,FRANCE,PROVENCE-ALPES-COTE-D'AZUR,055,13055,MARSEILLE,AVENUE DE TOULON,25368,0,4,VC,0,2,3,,,0,1,,,,1,7,0,0,1,0
1,9,1,1,1,13,FRANCE,PROVENCE-ALPES-COTE-D'AZUR,055,13055,MARSEILLE,CHEMIN SAINT JEAN DU DESERT,25421,0,4,VC,0,2,1,,,0,1,,,,1,7,0,0,1,0
1,9,1,1,3,13,FRANCE,PROVENCE-ALPES-COTE-D'AZUR,055,13055,MARSEILLE,BOULEVARD BERNEX,25436,0,4,VC,0,2,2,,,0,1,,,,1,7,0,0,1,0
1,9,1,1,3,13,FRANCE,PROVENCE-ALPES-COTE-D'AZUR,055,13055,MARSEILLE,ROND-POINT LIEUTENANT COLONEL PIOLLET,25440,0,4,VC,0,4,2,,,0,1,,,,1,7,0,0,1,0
1,5,1,1,6,13,FRANCE,PROVENCE-ALPES-COTE-D'AZUR,075,13075,PLAN-DE-CUQUES,AVENUE LOUIS PASTEUR,25513,0,4,VC,0,0,0,,,0,1,,,,1,7,0,0,1,0
1,9,1,1,3,13,FRANCE,PROVENCE-ALPES-COTE-D'AZUR,055,13055,MARSEILLE,AVENUE WILLIAM BOOTH,25552,0,4,VC,0,2,2,,,3,1,,,,1,30,0,0,1,0
1,9,1,1,6,13,FRANCE,PROVENCE-ALPES-COTE-D'AZUR,055,13055,MARSEILLE,ROND-POINT ADRIEN LEGROS,25576,0,4,VC,0,0,0,,,0,1,,,,1,7,0,0,1,0
1,9,1,1,5,13,FRANCE,PROVENCE-ALPES-COTE-D'AZUR,055,13055,MARSEILLE,BOULEVARD HAGUENAU,25608,0,4,VC,0,2,3,,,0,1,,,,1,7,0,0,1,0
5,9,1,1,6,13,FRANCE,PROVENCE-ALPES-COTE-D'AZUR,055,13055,MARSEILLE,RUE DE ROME,25609,0,4,VC,0,0,0,,,0,1,,,,1,7,0,0,1,0
1,9,1,1,3,13,FRANCE,PROVENCE-ALPES-COTE-D'AZUR,055,13055,MARSEILLE,ALLEE LEON GAMBETTA,25629,0,4,VC,,1,2,,,0,1,,,,1,7,0,0,1,0
1,9,1,1,2,13,FRANCE,PROVENCE-ALPES-COTE-D'AZUR,055,13055,MARSEILLE,AVENUE DE TOULON,25668,0,4,VC,0,2,2,,,0,1,,,,1,7,0,0,1,0
1,6,1,1,3,13,FRANCE,PROVENCE-ALPES-COTE-D'AZUR,056,13056,MARTIGUES,LECLERC QUAI GENERAL CHARLES,25933,0,4,VC,0,1,2,,,0,1,,,,1,7,0,0,1,0
1,6,1,1,2,13,FRANCE,PROVENCE-ALPES-COTE-D'AZUR,056,13056,MARTIGUES,ROUGES,25945,0,4,VC,0,2,1,,,0,1,,,,1,7,0,0,1,0
1,6,3,1,3,13,FRANCE,PROVENCE-ALPES-COTE-D'AZUR,056,13056,MARTIGUES,RUE LEONARD COMBES,25949,0,4,VC,0,1,1,,,0,1,,,,1,7,0,0,1,0
1,1,2,7,3,13,FRANCE,PROVENCE-ALPES-COTE-D'AZUR,026,13026,CHATEAUNEUF-LES-MARTIGUES,RN 568 CLM,25976,0,2,RN,568,0,1,,,0,1,,,,1,7,0,0,1,0
1,6,1,1,3,13,FRANCE,PROVENCE-ALPES-COTE-D'AZUR,056,13056,MARTIGUES,TURCAN FRANCIS,25980,0,4,VC,0,2,2,,,0,1,,,,1,7,0,0,1,0
1,5,6,1,3,13,FRANCE,PROVENCE-ALPES-COTE-D'AZUR,108,13108,TARASCON,BOULEVARD ROI RENE,26001,0,4,VC,0,1,1,1,0,0,1,,,,1,7,0,0,1,0
1,1,1,1,1,13,FRANCE,PROVENCE-ALPES-COTE-D'AZUR,071,13071,PENNES-MIRABEAU (LES),CHEMIN DU VAL DES FLEURS,26050,0,4,VC,0,2,1,,,0,1,,,,1,7,0,0,1,0
1,6,1,1,3,13,FRANCE,PROVENCE-ALPES-COTE-D'AZUR,117,13117,VITROLLES,AVENUE JOSEPH CUGNOT,26052,0,4,VC,0,0,0,,,0,1,,,,1,7,0,0,1,0
1,6,1,1,3,13,FRANCE,PROVENCE-ALPES-COTE-D'AZUR,117,13117,VITROLLES,AVENUE DE MARSEILLE,26099,0,4,VC,0,2,2,,,0,1,,,,1,7,0,0,1,0
3,1,1,5,6,14,FRANCE,BASSE-NORMANDIE,308,14308,GOUSTRANVILLE,RN 175,26363,0,2,RN,175,2,0,0,0,0,3,4920900,-12100,,1,,0,0,1,0
5,5,1,1,3,14,FRANCE,BASSE-NORMANDIE,047,14047,BAYEUX,Autre 0,26390,5,9,Autre,0,1,0,0,0,0,1,4928200,-70300,,1,7,0,0,1,0
1,5,1,1,6,14,FRANCE,BASSE-NORMANDIE,333,14333,HONFLEUR,COURS ALBERT MANUEL,26400,0,3,RD,0,2,2,,,0,1,,,,1,,0,0,1,0
1,4,1,8,6,14,FRANCE,BASSE-NORMANDIE,117,14117,CABOURG,AVENUE CHARLES DE GAULLE,26414,0,4,VC,0,2,2,100,0,0,1,,,,1,7,0,0,1,0
1,4,6,1,3,14,FRANCE,BASSE-NORMANDIE,220,14220,DEAUVILLE,CHEMIN DE LA BRIQUETTERIE,26428,0,3,RD,0,0,1,499,0,0,1,,,,1,7,0,0,1,0
1,3,9,1,6,14,FRANCE,BASSE-NORMANDIE,383,14383,LOUVIGNY,RD 405,26466,0,3,RD,0,1,2,,,1,1,,,,1,7,0,0,1,0
5,8,1,1,6,14,FRANCE,BASSE-NORMANDIE,118,14118,CAEN,RUE DEMOLOMBE,26467,0,4,VC,0,1,1,,,0,1,,,,1,7,0,0,1,0
1,1,1,7,2,14,FRANCE,BASSE-NORMANDIE,738,14738,VERSON,RD 675,26478,0,3,RD,675,2,2,68,0,0,1,0,0,,1,7,0,0,1,0
1,1,1,1,3,14,FRANCE,BASSE-NORMANDIE,106,14106,BREVILLE,RD 223,26488,0,3,RD,223,2,0,7,900,0,1,0,0,,1,7,0,0,1,0
1,5,1,1,2,14,FRANCE,BASSE-NORMANDIE,341,14341,IFS,BOULEVARD D'AUVERGNE,26493,0,4,VC,0,2,2,,,0,1,,,,1,7,0,0,1,0
1,8,3,1,2,14,FRANCE,BASSE-NORMANDIE,118,14118,CAEN,RUE AUTHIE,26514,0,4,VC,0,2,0,,,0,1,,,,1,99,0,0,1,0
1,1,2,1,3,14,FRANCE,BASSE-NORMANDIE,487,14487,OUILLY-LE-VICOMTE,RD 579,26515,0,3,RD,0,2,2,,,0,1,,,,1,7,0,0,1,0
1,3,1,1,7,14,FRANCE,BASSE-NORMANDIE,383,14383,LOUVIGNY,ROUTE DE THURY HARCOURT,26526,0,3,RD,0,2,2,49,999,0,1,,,,1,7,0,0,1,0
5,4,1,1,6,14,FRANCE,BASSE-NORMANDIE,271,14271,FLEURY-SUR-ORNE,ROUTE D'HARCOURT,26553,0,3,RD,0,2,0,49,999,0,0,,,,1,7,0,0,1,0
1,6,3,1,3,14,FRANCE,BASSE-NORMANDIE,366,14366,LISIEUX,AVENUE JEAN XXIII,26555,0,4,VC,0,2,2,,,0,1,,,,1,7,0,0,1,0
5,5,1,8,7,14,FRANCE,BASSE-NORMANDIE,437,14437,MONDEVILLE,ROUTE DE ROUEN,26561,0,4,VC,0,3,2,,,0,1,,,,1,,0,0,1,0
5,8,1,1,2,14,FRANCE,BASSE-NORMANDIE,118,14118,CAEN,BOULEVARD DU MARECHAL JUIN,26562,0,4,VC,0,2,3,,,1,5,,,,1,7,0,0,1,0
1,8,1,1,2,14,FRANCE,BASSE-NORMANDIE,118,14118,CAEN,AVENUE COTE DE NACRE,26578,0,4,VC,0,2,2,,,0,1,,,,1,7,0,0,1,0
1,4,3,1,3,14,FRANCE,BASSE-NORMANDIE,221,14221,DEMOUVILLE,RUE DU CENTRE,26582,0,4,VC,0,2,2,,,0,1,,,,1,7,0,0,1,0
1,1,1,1,2,14,FRANCE,BASSE-NORMANDIE,654,14654,SAINT-PIERRE-SUR-DIVES,RD 16,26588,5,3,RD,16,2,2,0,900,0,1,4903500,-2500,,1,10,0,0,1,0
1,8,3,1,3,14,FRANCE,BASSE-NORMANDIE,118,14118,CAEN,RUE D'AUGE,26596,0,4,VC,0,1,3,,,0,4,,,,1,2,0,0,1,0
1,5,6,1,3,14,FRANCE,BASSE-NORMANDIE,225,14225,DIVES-SUR-MER,RUE DU PORT,26599,0,4,VC,0,2,1,1,0,0,0,,,,1,7,0,0,1,0
1,1,1,1,2,14,FRANCE,BASSE-NORMANDIE,431,14431,MEZIDON-CANON,RD 88,26603,0,3,RD,88,2,0,0,0,0,1,4906600,-8400,,1,7,0,0,1,0
1,4,2,1,3,14,FRANCE,BASSE-NORMANDIE,117,14117,CABOURG,AVENUE DE LA BRECHE BUHOT,26608,0,4,VC,0,1,2,,,0,0,,,,1,7,0,0,1,0
1,8,1,1,3,14,FRANCE,BASSE-NORMANDIE,118,14118,CAEN,BOULEVARD RAYMOND POINCARE,26612,0,4,VC,0,2,2,,,0,4,,,,1,7,0,0,1,0
1,5,1,1,3,14,FRANCE,BASSE-NORMANDIE,225,14225,DIVES-SUR-MER,RUE DU GENERAL GAULLE,26617,0,4,VC,0,2,3,,,0,1,,,,1,7,0,0,1,0
1,8,1,1,1,14,FRANCE,BASSE-NORMANDIE,118,14118,CAEN,AVENUE COTE DE NACRE,26633,0,4,VC,0,1,2,,,1,1,,,,1,7,0,0,1,0
1,8,1,1,2,14,FRANCE,BASSE-NORMANDIE,118,14118,CAEN,RUE AUTHIE,26634,0,4,VC,0,2,2,,,0,1,,,,1,7,0,0,1,0
3,8,1,3,6,14,FRANCE,BASSE-NORMANDIE,118,14118,CAEN,COURS DE GAULLE,26638,3,5,Hors_reseau,0,0,0,,,3,0,,,,1,,,,,
1,8,3,1,3,14,FRANCE,BASSE-NORMANDIE,118,14118,CAEN,BOULEVARD DES BALADAS,26652,0,4,VC,0,1,2,,,0,1,,,,1,10,0,0,1,0
5,6,2,1,3,14,FRANCE,BASSE-NORMANDIE,366,14366,LISIEUX,RUE JEAN MACE ,26657,0,4,VC,0,1,2,0,0,0,1,4914270,22540,,1,7,0,0,1,1
2,6,3,1,3,14,FRANCE,BASSE-NORMANDIE,366,14366,LISIEUX,RUE GAETANE BOUFFAY,26703,0,4,VC,0,1,1,0,0,0,1,,,,1,7,0,0,1,0
1,2,2,1,5,14,FRANCE,BASSE-NORMANDIE,565,14565,SAINT-COME-DE-FRESNE,RD 514,26706,0,3,RD,514,2,2,47,214,0,1,4933790,-60458,,1,7,0,0,1,1
1,3,1,1,1,14,FRANCE,BASSE-NORMANDIE,656,14656,SAINT-REMY,RD 562,26707,0,3,RD,562,2,2,15,285,0,1,4894280,-50104,,1,7,0,0,1,0
2,6,6,1,3,14,FRANCE,BASSE-NORMANDIE,366,14366,LISIEUX,AVENUE DU SIX JUIN,26709,0,4,VC,0,3,2,0,0,0,1,,,,1,7,0,0,1,0
1,6,1,1,6,14,FRANCE,BASSE-NORMANDIE,366,14366,LISIEUX,ROUTE DE PARIS ,26721,0,3,RD,406,2,2,4,4,0,1,4914910,25389,,1,7,0,0,1,0
1,1,3,1,3,14,FRANCE,BASSE-NORMANDIE,069,14069,BEUVILLERS,CHEMIN DU VAL-MENARD,26760,0,4,VC,0,2,2,0,1,0,1,4913840,25901,,1,10,0,0,1,0
1,5,3,1,3,14,FRANCE,BASSE-NORMANDIE,225,14225,DIVES-SUR-MER,RD 45,26765,0,3,RD,45,2,2,0,475,0,1,4928310,-9760,,1,2,0,0,1,0
1,4,1,1,3,14,FRANCE,BASSE-NORMANDIE,699,14699,TOUQUES,AVENUE ARISTIDE BRIAND,26766,0,9,Autre,0,2,2,499,0,0,1,,,,1,7,0,0,1,0
1,8,3,,3,14,FRANCE,BASSE-NORMANDIE,118,14118,CAEN,VC 0,26802,0,4,VC,0,2,3,0,0,0,1,4917830,-36231,,1,7,0,0,1,0
1,4,2,1,6,14,FRANCE,BASSE-NORMANDIE,220,14220,DEAUVILLE,RUE GENERAL LECLERC,26866,0,9,Autre,0,1,1,499,0,0,4,,,,1,,0,0,0,5
2,6,3,8,3,14,FRANCE,BASSE-NORMANDIE,327,14327,HEROUVILLE-SAINT-CLAIR,VC 0,26884,0,4,VC,0,2,2,0,0,0,1,4920490,-33471,,1,7,0,0,1,0