lum,agg,int,atm,col,dep_bis,pays,region,com_bis,com_codeINSEE,communes,N_voie,numac,infra,catr,type_route,voie,circ,nbv,pr,pr1,vosp,situ,lat,long,adr,accident_velo,vehicule_imp,cycl_mort,cycl_bgv,cycl_blg,cycl_indm
1,8,6,1,3,14,FRANCE,BASSE-NORMANDIE,118,14118,CAEN,RUE NICOLAS DORESME,26891,0,4,VC,0,0,2,,,0,0,,,,1,7,0,0,1,0
5,8,1,1,6,14,FRANCE,BASSE-NORMANDIE,118,14118,CAEN,RUE DE LA DELIVRANDE,26893,0,4,VC,0,2,2,,,0,1,,,,1,99,0,0,1,0
1,5,1,1,7,14,FRANCE,BASSE-NORMANDIE,715,14715,TROUVILLE-SUR-MER,RUE VICTOR HUGO,26900,0,9,Autre,0,2,2,499,0,0,1,,,,1,7,0,0,1,0
5,8,1,1,3,14,FRANCE,BASSE-NORMANDIE,118,14118,CAEN,ESPLANADE JEAN MARIE LOUVEL,26912,0,4,VC,0,1,2,,,0,1,,,,1,7,0,0,1,0
5,4,1,1,2,14,FRANCE,BASSE-NORMANDIE,220,14220,DEAUVILLE,RUE OLLIFFE,26914,0,9,Autre,0,2,2,499,0,0,1,,,,1,7,0,0,1,0
1,3,6,1,2,14,FRANCE,BASSE-NORMANDIE,536,14536,RIVIERE-SAINT-SAUVEUR (LA),RUE DES QUATRE FRANCS,26947,0,3,RD,579,2,2,0,0,0,1,4941170,25241,,1,7,0,0,1,0
5,5,1,1,3,14,FRANCE,BASSE-NORMANDIE,333,14333,HONFLEUR,RUE EMILE RENOUF,26950,0,3,RD,0,2,1,,,0,1,,,,1,7,0,0,1,0
1,6,1,1,3,14,FRANCE,BASSE-NORMANDIE,366,14366,LISIEUX,RUE VIEUX SERGENT,26964,0,4,VC,,4,1,,,0,1,4916050,22695,,1,7,0,0,1,0
1,6,1,1,3,14,FRANCE,BASSE-NORMANDIE,366,14366,LISIEUX,AVENUE DU PRESIDENT RENE COTY,26981,0,4,VC,0,2,1,,,0,1,,,,1,7,0,0,1,0
1,1,1,1,6,14,FRANCE,BASSE-NORMANDIE,557,14557,SAINT-ARNOULT,RUE DE LA VALLEE ,26983,0,3,RD,0,2,2,499,0,0,1,,,,1,7,0,0,1,0
5,5,1,2,6,14,FRANCE,BASSE-NORMANDIE,715,14715,TROUVILLE-SUR-MER,RUE DU GENERAL DE GAULLE ,26999,0,9,Autre,0,1,1,,,0,1,,,,1,7,0,0,1,0
1,3,6,1,3,15,FRANCE,AUVERGNE,196,15196,SAINT-MAMET-LA-SALVETAT,RD 20,27015,5,3,RD,20,2,0,0,0,0,1,4486300,230800,,1,10,0,0,1,0
1,3,1,1,1,15,FRANCE,AUVERGNE,119,15119,MASSIAC,VC 0,27032,0,4,VC,0,2,0,0,0,0,1,0,0,,1,7,0,0,1,0
1,6,6,1,2,15,FRANCE,AUVERGNE,014,15014,AURILLAC,PLACE DU SQUARE,27036,0,4,VC,0,1,1,0,0,0,1,0,0,,1,7,0,0,1,0
5,6,1,1,7,15,FRANCE,AUVERGNE,014,15014,AURILLAC,RUE DU VIADUC,27038,0,4,VC,0,1,2,0,0,0,1,0,0,,1,7,0,0,1,0
1,6,2,1,6,16,FRANCE,POITOU-CHARENTES,015,16015,ANGOULEME,RUE DE LIMOGES,27081,0,4,VC,0,2,2,,,0,1,,,,1,7,0,0,1,0
2,5,1,5,6,16,FRANCE,POITOU-CHARENTES,154,16154,GOND-PONTOUVRE,ROUTE DE VARS,27097,0,4,VC,0,2,2,,,0,1,,,,1,7,0,0,1,0
1,6,2,1,3,16,FRANCE,POITOU-CHARENTES,015,16015,ANGOULEME,RUE PIERRE NUMEROS AUMAITRE,27130,0,4,VC,0,0,2,,,0,1,,,,1,7,0,0,1,0
1,5,6,1,3,16,FRANCE,POITOU-CHARENTES,102,16102,COGNAC,AVENUE DE BARBEZIEUX,27151,5,3,RD,731,1,1,11,470,0,1,4568490,-32890,,1,7,0,0,1,0
1,6,6,1,6,16,FRANCE,POITOU-CHARENTES,015,16015,ANGOULEME,ROUTE DE BORDEAUX,27164,5,3,RD,910,1,1,6,990,0,1,4564300,13600,,1,10,0,0,1,0
1,6,3,1,3,16,FRANCE,POITOU-CHARENTES,015,16015,ANGOULEME,rue de la grand-Font,27214,0,4,VC,0,2,2,0,,0,1,177500,,,1,7,0,0,1,0
1,6,2,1,3,16,FRANCE,POITOU-CHARENTES,015,16015,ANGOULEME,AVENUE DE LATTRE DE TASSIGNY,27233,5,3,RD,12,2,2,12,600,3,1,4565298,16476,,1,7,0,0,1,0
2,6,1,1,6,16,FRANCE,POITOU-CHARENTES,015,16015,ANGOULEME,AVENUE DE LATTRE DE TASSIGNY,27238,0,3,RD,12,2,3,13,220,0,1,4565685,17066,,1,7,0,0,1,0
1,6,1,1,2,17,FRANCE,POITOU-CHARENTES,299,17299,ROCHEFORT,BOULEVARD BUISSON ,27242,0,4,VC,0,2,2,,,0,1,,,,1,7,0,0,1,0
5,7,1,1,2,17,FRANCE,POITOU-CHARENTES,300,17300,ROCHELLE (LA),BOULEVARD DE LA REPUBLIQUE,27245,0,4,VC,0,2,2,,,0,1,,,,1,7,0,0,1,0
1,7,3,1,3,17,FRANCE,POITOU-CHARENTES,300,17300,ROCHELLE (LA),RUE CHAUDRIER ,27246,0,4,VC,0,2,2,,,2,1,,,,1,7,0,0,1,0
1,7,1,1,3,17,FRANCE,POITOU-CHARENTES,300,17300,ROCHELLE (LA),RUE MAURICE RAVEL,27263,0,4,VC,0,2,1,,,0,1,,,,1,7,0,0,1,0
1,7,1,1,1,17,FRANCE,POITOU-CHARENTES,300,17300,ROCHELLE (LA),RUE DES GERANIUMS ,27277,0,4,VC,0,2,2,,,0,1,,,,1,7,0,0,1,0
1,4,1,1,3,17,FRANCE,POITOU-CHARENTES,291,17291,PUILBOREAU,RUE DE LA REPUBLIQUE ,27281,0,4,VC,0,2,0,,,0,1,,,,1,7,0,0,1,0
2,7,1,1,2,17,FRANCE,POITOU-CHARENTES,300,17300,ROCHELLE (LA),AVENUE CARNOT,27284,0,4,VC,0,2,2,,,2,1,,,,1,7,0,0,1,0
1,7,1,1,6,17,FRANCE,POITOU-CHARENTES,300,17300,ROCHELLE (LA),RUE ALBERT IER ,27307,0,4,VC,0,1,1,,,2,1,,,,1,7,0,0,1,0
1,4,1,1,1,17,FRANCE,POITOU-CHARENTES,193,17193,JARNE (LA),Autre 0,27309,0,9,Autre,0,0,0,0,0,0,1,0,0,,1,7,0,0,1,0
1,7,2,1,3,17,FRANCE,POITOU-CHARENTES,300,17300,ROCHELLE (LA),RUE DES PEUPLIERS,27316,0,4,VC,0,2,2,,,2,1,,,,1,7,0,0,1,0
1,7,1,1,3,17,FRANCE,POITOU-CHARENTES,300,17300,ROCHELLE (LA),AVENUE DU CIMETIERE,27317,0,4,VC,0,1,1,,,2,5,,,,1,7,0,0,1,0
1,7,1,1,2,17,FRANCE,POITOU-CHARENTES,300,17300,ROCHELLE (LA),RUE EMILE VERHAEREN,27322,0,4,VC,0,2,2,,,0,1,,,,1,7,0,0,1,0
1,7,1,1,3,17,FRANCE,POITOU-CHARENTES,300,17300,ROCHELLE (LA),BOULEVARD DE COGNEHORS ,27323,0,4,VC,0,2,2,,,0,1,,,,1,7,0,0,1,0
1,6,6,1,3,17,FRANCE,POITOU-CHARENTES,299,17299,ROCHEFORT,RUE MENARD ,27329,5,4,VC,0,2,2,,,2,1,,,,1,7,0,0,1,0
1,6,6,1,3,17,FRANCE,POITOU-CHARENTES,299,17299,ROCHEFORT,BOULEVARD ARISTIDE BRIAND,27330,5,4,VC,0,2,2,,,0,1,,,,1,7,0,0,1,0
1,7,1,1,3,17,FRANCE,POITOU-CHARENTES,300,17300,ROCHELLE (LA),RUE EDOUARD MANET,27337,0,4,VC,0,2,2,,,0,1,,,,1,7,0,0,1,0
2,7,1,1,3,17,FRANCE,POITOU-CHARENTES,300,17300,ROCHELLE (LA),AVENUE DU CIMETIERE,27345,0,4,VC,0,2,2,,,2,1,,,,1,7,0,0,1,0
1,7,1,1,6,17,FRANCE,POITOU-CHARENTES,300,17300,ROCHELLE (LA),AVENUE DE BUCAREST,27348,0,4,VC,0,1,1,,,0,1,,,,1,7,0,0,1,0
5,7,2,1,3,17,FRANCE,POITOU-CHARENTES,300,17300,ROCHELLE (LA),AVENUE MICHELCREPEAU,27351,5,4,VC,0,2,2,,,0,1,,,,1,7,0,0,1,0
1,7,1,1,3,17,FRANCE,POITOU-CHARENTES,300,17300,ROCHELLE (LA),RUE FERNAND GUILLON,27359,0,4,VC,0,1,0,,,0,1,,,,1,7,0,0,1,0
1,7,1,1,3,17,FRANCE,POITOU-CHARENTES,300,17300,ROCHELLE (LA),MAUBEC QUAI,27364,0,4,VC,0,1,2,,,2,1,,,,1,7,0,0,1,0
1,7,1,1,3,17,FRANCE,POITOU-CHARENTES,300,17300,ROCHELLE (LA),AVENUE JEAN GUITON,27370,0,4,VC,0,2,2,,,2,5,,,,1,7,0,0,1,0
1,7,2,1,3,17,FRANCE,POITOU-CHARENTES,300,17300,ROCHELLE (LA),RUE CHAUDRIER ,27373,0,4,VC,0,1,1,,,3,1,,,,1,7,0,0,1,0
1,7,1,1,2,17,FRANCE,POITOU-CHARENTES,300,17300,ROCHELLE (LA),AVENUE DE SOFIA,27376,0,4,VC,0,2,2,,,0,1,,,,1,7,0,0,1,0
1,7,1,1,7,17,FRANCE,POITOU-CHARENTES,300,17300,ROCHELLE (LA),PLACE DE VERDUN ,27378,0,9,Autre,0,0,0,,,0,4,,,,1,,0,0,0,1
1,7,1,1,7,17,FRANCE,POITOU-CHARENTES,300,17300,ROCHELLE (LA),RUE BEL AIR ,27379,0,4,VC,0,2,0,,,0,1,,,,1,32,0,0,1,0
1,6,2,1,1,17,FRANCE,POITOU-CHARENTES,415,17415,SAINTES,RUE SAINT VIVIEN ,27390,0,4,VC,0,1,1,,,0,1,,,,1,7,0,0,1,0
1,1,1,1,2,17,FRANCE,POITOU-CHARENTES,291,17291,PUILBOREAU,D 263,27400,2,3,RD,0,2,1,,,0,1,,,,1,7,0,0,1,0
1,7,1,1,3,17,FRANCE,POITOU-CHARENTES,300,17300,ROCHELLE (LA),AVENUE DU GENERAL LECLERC,27404,0,4,VC,0,2,1,,,2,1,,,,1,7,0,0,1,0
1,4,3,1,3,17,FRANCE,POITOU-CHARENTES,291,17291,PUILBOREAU,RUE DU LOGIS ,27408,5,4,VC,0,2,2,,,0,1,,,,1,7,0,0,1,0
1,7,1,1,6,17,FRANCE,POITOU-CHARENTES,300,17300,ROCHELLE (LA),RUE DU PALAIS ,27431,0,4,VC,0,1,1,,,0,1,,,,1,7,0,0,1,0
1,7,1,1,3,17,FRANCE,POITOU-CHARENTES,300,17300,ROCHELLE (LA),DURAND QUAI LOUIS,27437,0,4,VC,0,2,4,,,0,1,,,,1,7,0,0,1,0
1,1,1,1,3,17,FRANCE,POITOU-CHARENTES,028,17028,AYTRE,D 939,27443,3,3,RD,0,2,2,2,0,0,1,,,,1,7,0,0,1,0
5,6,1,1,2,17,FRANCE,POITOU-CHARENTES,415,17415,SAINTES,RUE DU CHANOINE TONNELIER,27451,0,4,VC,0,2,2,,,0,1,,,,1,7,0,0,1,0
1,6,2,1,2,17,FRANCE,POITOU-CHARENTES,299,17299,ROCHEFORT,BOULEVARD EDOUARD POUZET,27453,5,4,VC,0,2,2,,,0,1,,,,1,30,0,0,1,0
1,7,1,1,1,17,FRANCE,POITOU-CHARENTES,300,17300,ROCHELLE (LA),AVENUE DU GENERAL LECLERC,27456,0,4,VC,0,2,3,,,0,1,,,,1,7,0,0,1,0
1,7,1,1,2,17,FRANCE,POITOU-CHARENTES,300,17300,ROCHELLE (LA),RUE EMILE NORMANDIN,27457,0,4,VC,0,2,4,,,0,1,,,,1,7,0,0,1,0
1,7,3,1,3,17,FRANCE,POITOU-CHARENTES,300,17300,ROCHELLE (LA),RUE LA FONTAINE,27461,0,4,VC,0,2,2,,,0,1,,,,1,7,0,0,1,0
1,6,1,1,6,17,FRANCE,POITOU-CHARENTES,415,17415,SAINTES,COURS NATIONAL,27477,0,4,VC,0,2,2,,,0,1,,,,1,7,0,0,1,0
1,7,1,1,2,17,FRANCE,POITOU-CHARENTES,300,17300,ROCHELLE (LA),RUE EMILE VERHAEREN,27486,0,4,VC,0,2,2,,,0,1,,,,1,7,0,0,1,0
1,5,2,1,3,17,FRANCE,POITOU-CHARENTES,028,17028,AYTRE,RUE EMILE COMBES,27491,0,4,VC,0,2,2,,,0,1,,,,1,7,0,0,1,0
1,7,1,2,3,17,FRANCE,POITOU-CHARENTES,300,17300,ROCHELLE (LA),RUE DU MOULIN DES JUSTICES,27495,0,4,VC,0,2,0,,,0,1,,,,1,7,0,0,1,0
1,7,1,1,3,17,FRANCE,POITOU-CHARENTES,300,17300,ROCHELLE (LA),AVENUE CARNOT,27499,0,4,VC,0,2,2,,,0,1,,,,1,7,0,0,1,0
1,6,2,2,3,17,FRANCE,POITOU-CHARENTES,415,17415,SAINTES,RUE GARNIER ,27502,0,4,VC,0,2,2,,,0,1,,,,1,7,0,0,1,1
1,6,2,1,3,17,FRANCE,POITOU-CHARENTES,299,17299,ROCHEFORT,AVENUE DU GENERAL DE GAULLE,27506,5,4,VC,0,2,2,,,0,1,,,,1,7,0,0,1,0
1,7,1,1,3,17,FRANCE,POITOU-CHARENTES,300,17300,ROCHELLE (LA),AVENUE DES CORSAIRES ,27516,0,4,VC,0,2,3,,,0,1,,,,1,7,0,0,1,0
2,6,2,1,3,17,FRANCE,POITOU-CHARENTES,415,17415,SAINTES,RUE JEAN XXIII ,27532,0,4,VC,0,2,2,1,0,0,1,,,,1,7,0,0,1,0
1,7,3,2,6,17,FRANCE,POITOU-CHARENTES,300,17300,ROCHELLE (LA),RUE ALBERT IER ,27542,0,4,VC,0,2,2,,,2,5,,,,1,7,0,0,1,0
1,5,2,1,3,17,FRANCE,POITOU-CHARENTES,200,17200,LAGORD,RUE DU FIEF NOUVEAU,27556,0,4,VC,0,2,20,,,0,1,,,,1,7,0,0,1,0
1,6,3,1,7,17,FRANCE,POITOU-CHARENTES,299,17299,ROCHEFORT,RUE TOUFAIRE ,27568,5,4,VC,0,2,2,,,0,1,,,,1,,0,0,1,0
1,7,1,1,2,17,FRANCE,POITOU-CHARENTES,300,17300,ROCHELLE (LA),RUE SAINT-COME ,27570,0,4,VC,0,2,2,,,0,1,,,,1,2,0,0,0,1
1,4,1,1,2,17,FRANCE,POITOU-CHARENTES,291,17291,PUILBOREAU,RUE DE L' EDF,27572,0,4,VC,0,2,2,,,0,1,,,,1,7,0,0,1,0
1,6,3,2,3,17,FRANCE,POITOU-CHARENTES,299,17299,ROCHEFORT,RUE DU BREUIL,27593,5,4,VC,0,2,2,,,0,1,,,,1,7,0,0,1,0
1,7,1,1,3,17,FRANCE,POITOU-CHARENTES,300,17300,ROCHELLE (LA),RUE DE L' ARCHIMEDE,27607,0,4,VC,0,2,0,,,0,1,,,,1,7,0,0,1,0
1,7,1,1,3,17,FRANCE,POITOU-CHARENTES,300,17300,ROCHELLE (LA),SIMENON QUAI GEORGES,27638,0,4,VC,0,0,0,,,0,1,,,,1,7,0,0,1,0
1,5,1,1,3,17,FRANCE,POITOU-CHARENTES,306,17306,ROYAN,VOIE EXPRESS,27648,0,3,RD,0,2,2,,,0,1,,,,1,31,0,0,0,1
1,6,6,1,3,17,FRANCE,POITOU-CHARENTES,415,17415,SAINTES,AVENUE DE SAINTONGE,27651,5,3,RD,0,2,2,1,0,0,1,,,,1,7,0,0,1,0
1,6,6,1,3,17,FRANCE,POITOU-CHARENTES,415,17415,SAINTES,ROND-POINT BRIGADE RAC ,27653,5,4,VC,0,0,1,1,0,0,1,,,,1,7,0,0,1,0
1,1,1,1,3,17,FRANCE,POITOU-CHARENTES,337,17337,SAINT-GEORGES-D'OLERON,VC 0,27654,0,4,VC,0,2,0,0,0,0,3,4598100,-136900,,1,7,0,0,1,0
1,6,1,1,7,17,FRANCE,POITOU-CHARENTES,299,17299,ROCHEFORT,AVENUE DE LA LIBERATION ,27658,0,4,VC,0,2,2,,,2,5,,,,1,,0,0,1,1
1,6,2,1,3,17,FRANCE,POITOU-CHARENTES,299,17299,ROCHEFORT,AVENUE DU GENERAL DE GAULLE,27663,5,4,VC,0,2,2,,,0,1,,,,1,7,0,0,1,0
1,4,1,1,1,17,FRANCE,POITOU-CHARENTES,291,17291,PUILBOREAU,RUE DU TREUIL GRAS  ,27674,0,4,VC,0,2,2,,,0,1,,,,1,7,0,0,1,0
3,7,1,1,3,17,FRANCE,POITOU-CHARENTES,300,17300,ROCHELLE (LA),AVENUE DU 11 NOVEMBRE 1918 ,27681,0,4,VC,0,2,2,,,0,1,,,,1,7,0,0,1,0
1,5,1,1,7,17,FRANCE,POITOU-CHARENTES,274,17274,PERIGNY,RUE DE CHAGNOLET ,27683,0,4,VC,0,2,2,,,0,1,,,,1,,0,0,1,0
1,5,1,1,3,17,FRANCE,POITOU-CHARENTES,028,17028,AYTRE,AVENUE ROGER SALENGRO,27684,0,4,VC,0,2,2,,,0,0,,,,1,7,0,0,1,0
1,3,1,3,1,17,FRANCE,POITOU-CHARENTES,486,17486,BREE-LES-BAINS (LA),RD 734,27704,0,3,RD,734,2,0,0,0,1,1,0,0,,1,7,0,0,1,0
5,7,2,1,3,17,FRANCE,POITOU-CHARENTES,300,17300,ROCHELLE (LA),RUE AMELOT,27721,0,4,VC,0,2,0,,,0,1,,,,1,7,0,0,1,0
1,6,1,1,6,17,FRANCE,POITOU-CHARENTES,415,17415,SAINTES,ROCHES QUAI DES,27730,0,4,VC,0,2,2,,,0,1,,,,1,7,0,0,1,0
1,1,1,1,7,17,FRANCE,POITOU-CHARENTES,299,17299,ROCHEFORT,VIADUC DE ROCHEFORT,27743,2,3,RD,0,3,4,,,2,5,,,,1,,0,0,1,0
1,5,1,1,3,17,FRANCE,POITOU-CHARENTES,028,17028,AYTRE,BOULEVARD DE LA MER,27747,0,4,VC,0,2,2,,,0,4,,,,1,7,0,0,1,0
1,5,2,1,3,17,FRANCE,POITOU-CHARENTES,200,17200,LAGORD,RUE DU BOIS D'HURE ,27750,0,4,VC,0,2,2,,,0,1,,,,1,7,0,0,1,0
1,7,1,1,6,17,FRANCE,POITOU-CHARENTES,300,17300,ROCHELLE (LA),BOULEVARD DE LA REPUBLIQUE,27761,0,4,VC,0,2,2,,,2,1,,,,1,7,0,0,1,0
1,7,1,1,1,17,FRANCE,POITOU-CHARENTES,300,17300,ROCHELLE (LA),AVENUE CARNOT,27764,0,4,VC,0,2,2,,,0,0,,,,1,7,0,0,1,0
1,7,1,1,3,17,FRANCE,POITOU-CHARENTES,300,17300,ROCHELLE (LA),AVENUE DE LA REPENTIE ,27766,0,4,VC,0,2,2,,,0,1,,,,1,7,0,0,1,0
1,7,2,1,3,17,FRANCE,POITOU-CHARENTES,300,17300,ROCHELLE (LA),RUE DU CERF-VOLANT ,27767,0,4,VC,0,2,2,,,0,1,,,,1,7,0,0,1,0
5,7,1,1,6,17,FRANCE,POITOU-CHARENTES,300,17300,ROCHELLE (LA),DUPERRE QUAI,27773,0,4,VC,0,0,1,,,3,1,,,,1,,0,0,0,1
1,6,1,1,6,17,FRANCE,POITOU-CHARENTES,415,17415,SAINTES,AVENUE DE SAINTONGE,27781,0,3,RD,0,2,2,1,0,0,1,,,,1,7,0,0,1,0
1,1,9,1,3,17,FRANCE,POITOU-CHARENTES,337,17337,SAINT-GEORGES-D'OLERON,RD 273,27787,0,3,RD,273,2,2,0,0,0,1,4599400,-134300,,1,7,0,0,1,0
1,6,3,1,3,17,FRANCE,POITOU-CHARENTES,299,17299,ROCHEFORT,BOULEVARD BUISSON ,27790,5,4,VC,0,2,2,,,0,1,,,,1,7,0,0,1,0
1,7,2,1,3,17,FRANCE,POITOU-CHARENTES,300,17300,ROCHELLE (LA),RUE RAMBAUD ,27801,5,4,VC,0,1,1,,,0,1,,,,1,7,0,0,1,0
1,7,1,1,3,17,FRANCE,POITOU-CHARENTES,300,17300,ROCHELLE (LA),AVENUE MICHELCREPEAU,27805,0,4,VC,0,2,0,,,0,1,,,,1,7,0,0,1,0
1,7,1,1,7,17,FRANCE,POITOU-CHARENTES,300,17300,ROCHELLE (LA),RUE CHEF DE BAIE ,27810,0,4,VC,0,0,0,,,0,1,,,,1,,0,0,1,0
1,7,1,1,7,17,FRANCE,POITOU-CHARENTES,300,17300,ROCHELLE (LA),RUE MARIUS LACROIX,27814,0,4,VC,0,2,2,,,0,1,,,,1,7,0,0,1,0
1,4,1,1,7,17,FRANCE,POITOU-CHARENTES,380,17380,SAINT-PALAIS-SUR-MER,AVENUE TREZ LA CHASSE,27826,0,4,VC,0,0,2,,,0,1,,,,1,,0,0,1,0
1,6,6,1,3,17,FRANCE,POITOU-CHARENTES,299,17299,ROCHEFORT,ROND-POINT MAISON CAMPAGNE ,27838,5,4,VC,0,1,1,,,2,5,,,,1,7,0,0,1,0
1,7,1,1,6,17,FRANCE,POITOU-CHARENTES,300,17300,ROCHELLE (LA),AVENUE JEAN MONNET,27844,0,4,VC,0,2,2,,,0,1,,,,1,7,0,0,1,0
1,7,1,1,2,17,FRANCE,POITOU-CHARENTES,300,17300,ROCHELLE (LA),RUE EMILE NORMANDIN,27845,0,4,VC,0,2,2,,,1,1,,,,1,7,0,0,1,0
1,6,1,1,3,17,FRANCE,POITOU-CHARENTES,415,17415,SAINTES,GUILLET MAILLET,27884,0,4,VC,0,2,2,,,0,1,,,,1,7,0,0,1,0
1,6,2,1,3,17,FRANCE,POITOU-CHARENTES,415,17415,SAINTES,COURS NATIONAL,27887,0,4,VC,0,2,3,1,0,0,1,,,,1,7,0,0,1,0
1,6,6,1,1,17,FRANCE,POITOU-CHARENTES,299,17299,ROCHEFORT,Autre 0,27888,5,9,Autre,0,1,2,0,0,0,1,4593400,-96500,,1,7,0,0,1,0
1,6,1,1,7,17,FRANCE,POITOU-CHARENTES,299,17299,ROCHEFORT,AVENUE PONTY ,27891,0,4,VC,0,2,2,,,2,5,,,,1,,0,0,1,0
1,6,1,1,6,17,FRANCE,POITOU-CHARENTES,299,17299,ROCHEFORT,RUE GAMBETTA,27894,0,4,VC,0,2,2,,,0,1,,,,1,7,0,0,1,0
1,7,1,1,3,17,FRANCE,POITOU-CHARENTES,300,17300,ROCHELLE (LA),RUE EMILE NORMANDIN,27900,5,4,VC,0,3,2,,,0,1,,,,1,7,0,0,1,0
1,7,1,1,6,17,FRANCE,POITOU-CHARENTES,300,17300,ROCHELLE (LA),AVENUE DES CORSAIRES ,27902,0,4,VC,0,2,2,,,0,1,,,,1,7,0,0,1,0
1,7,1,1,6,17,FRANCE,POITOU-CHARENTES,300,17300,ROCHELLE (LA),RUE DES OEILLETS ,27909,0,4,VC,0,2,2,,,0,1,,,,1,,0,0,1,0
1,7,1,1,2,17,FRANCE,POITOU-CHARENTES,300,17300,ROCHELLE (LA),RUE DE LA SOLE ,27920,0,4,VC,0,2,0,,,2,1,,,,1,7,0,0,1,0
1,7,1,1,6,17,FRANCE,POITOU-CHARENTES,300,17300,ROCHELLE (LA),PRUNIER QUAI LOUIS,27921,0,4,VC,0,2,2,,,0,1,,,,1,,0,0,0,1
1,7,1,1,3,17,FRANCE,POITOU-CHARENTES,300,17300,ROCHELLE (LA),AVENUE DE LA PORTE DAUPHINE,27926,0,4,VC,0,2,2,,,1,1,,,,1,7,0,0,1,0
1,4,1,1,2,17,FRANCE,POITOU-CHARENTES,291,17291,PUILBOREAU,LA ROCHELLE ROUTE DE,27954,0,4,VC,0,2,0,,,0,1,,,,1,7,0,0,1,0
1,7,1,1,3,17,FRANCE,POITOU-CHARENTES,300,17300,ROCHELLE (LA),AVENUE JEAN GUITON,27961,0,4,VC,0,2,2,,,2,5,,,,1,7,0,0,1,0
1,7,2,1,3,17,FRANCE,POITOU-CHARENTES,300,17300,ROCHELLE (LA),AVENUE DE ROMPSAY,27962,0,4,VC,0,2,2,,,0,1,,,,1,7,0,0,1,0
1,7,1,1,3,17,FRANCE,POITOU-CHARENTES,300,17300,ROCHELLE (LA),MAUBEC QUAI,27963,0,4,VC,0,1,0,,,2,1,,,,1,7,0,0,1,0
1,7,1,1,6,17,FRANCE,POITOU-CHARENTES,300,17300,ROCHELLE (LA),AVENUE DU GENERAL LECLERC,27964,0,4,VC,0,2,3,,,2,1,,,,1,31,0,0,1,0
1,7,1,1,6,17,FRANCE,POITOU-CHARENTES,300,17300,ROCHELLE (LA),AVENUE DES AMERIQUES,27965,0,4,VC,0,0,1,,,3,4,,,,1,,0,0,0,1
1,7,1,1,6,17,FRANCE,POITOU-CHARENTES,300,17300,ROCHELLE (LA),RUE FRANCOIS DE VAUX FOLLETIER ,27966,0,6,Parking,0,2,1,,,0,1,,,,1,7,0,0,1,0
5,7,6,1,6,17,FRANCE,POITOU-CHARENTES,300,17300,ROCHELLE (LA),AVENUE DU CIMETIERE,27967,0,4,VC,0,0,1,,,2,5,,,,1,7,0,0,1,0
1,7,1,1,3,17,FRANCE,POITOU-CHARENTES,300,17300,ROCHELLE (LA),AVENUE DU CHAMP DE MARS,27975,0,4,VC,0,2,0,,,2,5,,,,1,7,0,0,1,0
1,5,1,1,2,17,FRANCE,POITOU-CHARENTES,200,17200,LAGORD,RUE DU MOULIN  DE VENDOME,27977,0,4,VC,0,2,2,,,0,1,,,,1,7,0,0,1,0
5,7,1,1,1,17,FRANCE,POITOU-CHARENTES,300,17300,ROCHELLE (LA),AVENUE JEAN GUITON,27980,0,4,VC,0,2,2,,,2,1,,,,1,7,0,0,1,0
1,6,1,1,3,17,FRANCE,POITOU-CHARENTES,415,17415,SAINTES,AVENUE JULESDUFAURE,27991,0,4,VC,0,2,2,1,0,0,1,,,,1,7,0,0,1,0
2,6,1,1,7,17,FRANCE,POITOU-CHARENTES,299,17299,ROCHEFORT,RUE BAUDIN ,27996,0,4,VC,0,2,2,,,0,1,,,,1,,0,0,1,0
1,6,1,3,3,17,FRANCE,POITOU-CHARENTES,299,17299,ROCHEFORT,AVENUE DU DOCTEURDIERAS,27999,0,4,VC,0,2,2,,,2,5,,,,1,7,0,0,1,0
1,6,1,1,6,17,FRANCE,POITOU-CHARENTES,299,17299,ROCHEFORT,RUE JEAN JAURES,28000,0,4,VC,0,2,2,,,0,1,,,,1,7,0,0,1,0
1,7,3,1,1,17,FRANCE,POITOU-CHARENTES,300,17300,ROCHELLE (LA),RUE CHEF DE VILLE ,28005,0,4,VC,0,1,0,,,0,1,,,,1,7,0,0,1,0
1,5,1,1,3,17,FRANCE,POITOU-CHARENTES,028,17028,AYTRE,AVENUE DU COMMANDANTLYSIACK,28024,0,4,VC,0,0,2,,,0,4,,,,1,7,0,0,1,0
1,5,1,1,3,17,FRANCE,POITOU-CHARENTES,306,17306,ROYAN,PROMENADE DE FRONT DE MER,28027,0,4,VC,0,2,2,,,0,1,,,,1,7,0,0,1,0
1,7,1,1,3,17,FRANCE,POITOU-CHARENTES,300,17300,ROCHELLE (LA),RUE DE LA SCIERIE ,28124,0,4,VC,0,2,0,,,2,1,,,,1,7,0,0,1,0
1,7,6,1,2,17,FRANCE,POITOU-CHARENTES,300,17300,ROCHELLE (LA),RUE MARCEL DEFLANDRE,28154,0,4,VC,0,1,1,,,0,1,,,,1,10,0,0,1,0
1,6,1,1,6,17,FRANCE,POITOU-CHARENTES,299,17299,ROCHEFORT,RUE GAMBETTA,28176,0,4,VC,0,2,2,,,0,1,,,,1,7,0,0,1,0