lum,agg,int,atm,col,dep_bis,pays,region,com_bis,com_codeINSEE,communes,N_voie,numac,infra,catr,type_route,voie,circ,nbv,pr,pr1,vosp,situ,lat,long,adr,accident_velo,vehicule_imp,cycl_mort,cycl_bgv,cycl_blg,cycl_indm
1,6,1,1,7,17,FRANCE,POITOU-CHARENTES,299,17299,ROCHEFORT,BOULEVARD EDOUARD POUZET,28178,0,4,VC,0,2,2,,,2,5,,,,1,,0,0,1,0
1,7,1,1,3,17,FRANCE,POITOU-CHARENTES,300,17300,ROCHELLE (LA),AVENUE JEAN GUITON,28195,0,4,VC,0,2,2,,,2,1,,,,1,7,0,0,1,0
1,5,1,1,6,17,FRANCE,POITOU-CHARENTES,333,17333,SAINT-GEORGES-DE-DIDONNE,AVENUE DES SABLES,28198,0,4,VC,0,2,2,,,0,1,,,,1,,0,0,1,0
1,6,2,1,3,17,FRANCE,POITOU-CHARENTES,299,17299,ROCHEFORT,PONT NEUF LIBERATION,28208,5,4,VC,0,2,2,,,0,1,,,,1,7,0,0,1,0
1,6,1,1,7,17,FRANCE,POITOU-CHARENTES,299,17299,ROCHEFORT,RUE DU DOCTEUR PELTIER,28209,0,4,VC,0,2,2,,,0,1,,,,1,,0,0,1,0
1,6,1,1,7,17,FRANCE,POITOU-CHARENTES,299,17299,ROCHEFORT,RUE GAMBETTA,28210,0,4,VC,0,2,2,,,0,4,,,,1,,0,0,1,0
1,6,1,2,6,17,FRANCE,POITOU-CHARENTES,299,17299,ROCHEFORT,RUE GAMBETTA,28216,0,4,VC,0,2,2,,,0,1,,,,1,7,0,0,1,0
1,7,9,1,3,17,FRANCE,POITOU-CHARENTES,300,17300,ROCHELLE (LA),MAUBEC QUAI,28219,0,4,VC,0,1,2,,,2,5,,,,1,7,0,0,1,0
1,5,1,1,6,17,FRANCE,POITOU-CHARENTES,274,17274,PERIGNY,PLACE DES DROITS DE L'HOMME,28225,0,4,VC,0,2,2,,,0,1,,,,1,7,0,0,1,0
1,5,7,1,3,17,FRANCE,POITOU-CHARENTES,028,17028,AYTRE,BOULEVARD GEORGES CLEMENCEAU,28226,0,4,VC,0,0,2,,,0,1,,,,1,7,0,0,1,0
1,7,1,1,6,17,FRANCE,POITOU-CHARENTES,300,17300,ROCHELLE (LA),RUE MARIUS LACROIX,28227,0,4,VC,0,2,2,,,0,1,,,,1,7,0,0,1,0
1,7,1,1,2,17,FRANCE,POITOU-CHARENTES,300,17300,ROCHELLE (LA),RUE DE SUEDE,28228,0,4,VC,0,2,2,,,0,1,,,,1,7,0,0,1,0
1,7,1,1,3,17,FRANCE,POITOU-CHARENTES,300,17300,ROCHELLE (LA),AVENUE DU GENERAL LECLERC,28231,0,4,VC,0,2,0,,,0,1,,,,1,7,0,0,1,0
1,7,1,1,2,17,FRANCE,POITOU-CHARENTES,300,17300,ROCHELLE (LA),RUE GUILBAUD ,28234,0,4,VC,0,1,1,,,0,1,,,,1,7,0,0,1,0
2,5,1,1,3,17,FRANCE,POITOU-CHARENTES,333,17333,SAINT-GEORGES-DE-DIDONNE,VOIE EXPRESS,28239,0,3,RD,0,2,2,,,0,1,,,,1,7,0,0,1,0
2,1,6,1,3,17,FRANCE,POITOU-CHARENTES,415,17415,SAINTES,RUE DU LYCEE AGRICOLE ,28248,5,4,VC,0,2,2,1,0,0,1,,,,1,7,0,0,1,0
1,6,6,1,7,17,FRANCE,POITOU-CHARENTES,299,17299,ROCHEFORT,AVENUE D'AUNIS,28259,5,4,VC,0,2,2,,,0,1,,,,1,,0,0,1,0
1,6,6,1,3,17,FRANCE,POITOU-CHARENTES,299,17299,ROCHEFORT,RUE BENES ,28261,5,4,VC,0,2,2,,,0,1,,,,1,7,0,0,1,0
1,7,1,1,7,17,FRANCE,POITOU-CHARENTES,300,17300,ROCHELLE (LA),ALLEE  DU MAIL,28266,0,4,VC,0,3,2,,,0,1,,,,1,,0,0,1,0
1,7,1,1,6,17,FRANCE,POITOU-CHARENTES,300,17300,ROCHELLE (LA),RUE MARIUS LACROIX,28274,0,4,VC,0,2,2,,,0,1,,,,1,7,0,0,1,0
1,5,1,1,2,17,FRANCE,POITOU-CHARENTES,200,17200,LAGORD,AVENUE DU RECTEUR PIERREMOISY,28276,0,4,VC,0,2,2,,,0,1,,,,1,7,0,0,1,0
1,7,6,1,3,17,FRANCE,POITOU-CHARENTES,300,17300,ROCHELLE (LA),AVENUE HENRIBECQUEREL,28281,0,4,VC,0,0,2,,,0,0,,,,1,7,0,0,1,0
1,5,1,1,2,17,FRANCE,POITOU-CHARENTES,306,17306,ROYAN,AVENUE DANIEL HEDDE,28291,0,3,RD,0,0,0,,,0,1,,,,1,7,0,0,1,0
1,6,1,1,2,17,FRANCE,POITOU-CHARENTES,415,17415,SAINTES,PONT PALISSY,28294,2,4,VC,0,4,4,1,0,0,1,,,,1,7,0,0,1,0
1,4,6,1,3,17,FRANCE,POITOU-CHARENTES,194,17194,JARRIE (LA),RD 108,28299,5,3,RD,108,2,2,0,0,0,1,4613900,-100800,,1,7,0,0,1,0
1,6,3,1,3,17,FRANCE,POITOU-CHARENTES,299,17299,ROCHEFORT,RUE EMILE ZOLA,28303,5,4,VC,0,2,2,,,0,1,,,,1,7,0,0,1,0
1,6,1,1,7,17,FRANCE,POITOU-CHARENTES,299,17299,ROCHEFORT,RUE GAMBETTA,28304,0,4,VC,0,2,2,,,0,1,,,,1,,0,0,1,0
1,7,1,1,1,17,FRANCE,POITOU-CHARENTES,300,17300,ROCHELLE (LA),RUE AGRIPPA D' AUBIGNE,28317,0,4,VC,0,2,0,,,0,1,,,,1,14,0,0,1,0
1,7,2,1,3,17,FRANCE,POITOU-CHARENTES,300,17300,ROCHELLE (LA),AVENUE DES CORSAIRES ,28321,0,4,VC,0,2,2,,,0,1,,,,1,7,0,0,1,0
1,7,2,1,3,17,FRANCE,POITOU-CHARENTES,300,17300,ROCHELLE (LA),AVENUE DU GENERAL DE GAULLE,28329,0,4,VC,0,2,2,,,0,1,,,,1,10,0,0,1,0
1,7,3,1,3,17,FRANCE,POITOU-CHARENTES,300,17300,ROCHELLE (LA),Jean Demoeck,28330,0,4,VC,0,2,0,,,2,5,,,,1,7,0,0,1,0
1,7,1,1,1,17,FRANCE,POITOU-CHARENTES,300,17300,ROCHELLE (LA),BOULEVARD WINSTON CHURCHILL,28332,0,9,Autre,0,2,2,,,1,5,,,,1,2,0,0,1,0
1,5,1,1,2,17,FRANCE,POITOU-CHARENTES,306,17306,ROYAN,PROMENADE DE FRONT DE MER,28347,0,4,VC,0,2,2,,,0,1,,,,1,7,0,0,1,0
1,5,6,1,3,17,FRANCE,POITOU-CHARENTES,333,17333,SAINT-GEORGES-DE-DIDONNE,AVENUE DE SUZAC,28355,0,4,VC,0,2,2,,,0,1,,,,1,7,0,0,1,0
1,7,6,1,3,17,FRANCE,POITOU-CHARENTES,300,17300,ROCHELLE (LA),RUE LAVOISIER,28372,0,4,VC,0,0,1,,,0,0,,,,1,7,0,0,0,1
1,7,6,1,3,17,FRANCE,POITOU-CHARENTES,300,17300,ROCHELLE (LA),AVENUE DE LA PORTE DAUPHINE,28379,5,4,VC,0,3,2,,,2,1,,,,1,7,0,0,1,0
1,7,9,1,3,17,FRANCE,POITOU-CHARENTES,300,17300,ROCHELLE (LA),AVENUE DE LUXEMBOURG,28382,0,4,VC,0,2,2,,,2,5,,,,1,7,0,0,1,0
1,4,1,1,3,17,FRANCE,POITOU-CHARENTES,380,17380,SAINT-PALAIS-SUR-MER,BOULEVARD DE LA COTE DE BEAUTE,28385,0,4,VC,0,0,0,,,1,1,,,,1,7,0,0,1,0
1,6,1,1,6,17,FRANCE,POITOU-CHARENTES,415,17415,SAINTES,ROCADE OUEST,28405,0,4,VC,0,2,2,1,0,0,1,,,,1,7,0,0,1,0
1,6,2,1,3,17,FRANCE,POITOU-CHARENTES,299,17299,ROCHEFORT,BOULEVARD BUISSON ,28414,5,4,VC,0,2,2,,,0,1,,,,1,7,0,0,1,0
1,6,3,1,3,17,FRANCE,POITOU-CHARENTES,299,17299,ROCHEFORT,RUE PASTEUR,28415,4,4,VC,0,2,2,,,0,1,,,,1,7,0,0,1,0
1,7,1,3,2,17,FRANCE,POITOU-CHARENTES,300,17300,ROCHELLE (LA),GEORGETTE QUAI DE LA,28421,0,4,VC,0,2,2,,,0,1,,,,1,7,0,0,1,0
1,5,9,1,1,17,FRANCE,POITOU-CHARENTES,200,17200,LAGORD,RUE DES CHAUMES ,28425,0,4,VC,0,2,2,,,0,1,,,,1,7,0,0,1,0
2,4,1,1,6,17,FRANCE,POITOU-CHARENTES,380,17380,SAINT-PALAIS-SUR-MER,AVENUE DE LA REPUBLIQUE,28435,0,4,VC,0,2,2,,,0,1,,,,1,7,0,0,1,0
1,6,6,1,3,17,FRANCE,POITOU-CHARENTES,299,17299,ROCHEFORT,BOULEVARD DE LA RESISTANCE ,28448,5,4,VC,0,2,2,,,2,1,,,,1,7,0,0,1,0
1,6,3,1,3,17,FRANCE,POITOU-CHARENTES,299,17299,ROCHEFORT,AVENUE VICTOR-LOUISBACHELARD,28449,5,4,VC,0,2,2,,,0,1,,,,1,7,0,0,1,0
1,6,6,1,3,17,FRANCE,POITOU-CHARENTES,299,17299,ROCHEFORT,AVENUE DE TORRELAVEGA,28450,5,4,VC,0,2,2,,,2,1,,,,1,7,0,0,1,0
1,7,1,1,3,17,FRANCE,POITOU-CHARENTES,300,17300,ROCHELLE (LA),RUE EMILE NORMANDIN,28457,0,9,Autre,0,2,1,,,2,5,,,,1,7,0,0,1,0
1,7,2,1,3,17,FRANCE,POITOU-CHARENTES,300,17300,ROCHELLE (LA),RUE VICTOR HUGO,28468,0,4,VC,0,2,2,,,0,1,,,,1,7,0,0,1,0
1,4,1,1,6,17,FRANCE,POITOU-CHARENTES,461,17461,VAUX-SUR-MER,RATEAU AUGUSTE,28470,0,4,VC,0,2,2,,,0,1,,,,1,7,0,0,1,0
1,1,2,1,3,17,FRANCE,POITOU-CHARENTES,415,17415,SAINTES,RUE GARNIER ,28479,0,4,VC,0,2,2,1,0,0,1,,,,1,7,0,0,1,0
1,6,6,1,3,17,FRANCE,POITOU-CHARENTES,299,17299,ROCHEFORT,BOULEVARD ARISTIDE BRIAND,28490,5,4,VC,0,2,2,,,0,1,,,,1,7,0,0,1,0
3,7,1,1,6,17,FRANCE,POITOU-CHARENTES,300,17300,ROCHELLE (LA),AVENUE GEORGES CLEMENCEAU,28495,0,4,VC,0,0,2,,,0,1,,,,1,7,0,0,1,0
1,7,1,2,6,17,FRANCE,POITOU-CHARENTES,300,17300,ROCHELLE (LA),PONT JEAN MOULIN,28498,2,4,VC,0,2,2,,,0,1,,,,1,7,0,0,1,0
5,7,1,1,6,17,FRANCE,POITOU-CHARENTES,300,17300,ROCHELLE (LA),AVENUE DU COLONEL VICTORMENARD,28500,0,4,VC,0,0,1,,,0,4,,,,1,7,0,0,1,0
1,5,1,1,7,17,FRANCE,POITOU-CHARENTES,028,17028,AYTRE,AVENUE DU COMMANDANTLYSIACK,28510,0,4,VC,0,2,2,,,0,1,,,,1,,0,0,1,0
5,5,6,1,3,17,FRANCE,POITOU-CHARENTES,449,17449,TONNAY-CHARENTE,RD 137,28528,5,3,RD,0,2,2,,,2,5,,,,1,10,0,0,1,0
1,7,1,1,7,17,FRANCE,POITOU-CHARENTES,300,17300,ROCHELLE (LA),RUE DE VAUGOUIN ,28531,0,4,VC,0,2,2,,,0,1,,,,1,,0,0,1,0
1,5,1,1,3,17,FRANCE,POITOU-CHARENTES,028,17028,AYTRE,RUE GALILEE,28535,5,4,VC,0,2,2,,,0,1,,,,1,7,0,0,1,0
1,7,1,1,6,17,FRANCE,POITOU-CHARENTES,300,17300,ROCHELLE (LA),place Francois Mitterand,28542,0,4,VC,0,2,2,,,0,1,,,,1,7,0,0,1,0
1,7,1,1,2,17,FRANCE,POITOU-CHARENTES,300,17300,ROCHELLE (LA),RUE DU MOULIN DE LA MOZAY  ,28550,0,4,VC,0,2,2,,,0,1,,,,1,7,0,0,1,0
1,7,9,1,3,17,FRANCE,POITOU-CHARENTES,300,17300,ROCHELLE (LA),AVENUE DU CHAMP DE MARS,28555,5,4,VC,0,4,2,,,1,1,,,,1,7,0,0,1,0
1,7,1,1,1,17,FRANCE,POITOU-CHARENTES,300,17300,ROCHELLE (LA),RUE EMILE NORMANDIN,28580,0,4,VC,0,2,2,,,0,1,,,,1,7,0,0,1,0
1,7,1,2,2,17,FRANCE,POITOU-CHARENTES,300,17300,ROCHELLE (LA),BOULEVARD EMILE DELMAS,28595,0,4,VC,0,2,2,,,0,1,,,,1,31,0,0,1,0
1,6,1,2,3,17,FRANCE,POITOU-CHARENTES,299,17299,ROCHEFORT,AVENUE PELLETAN ,28628,0,4,VC,0,2,2,,,2,1,,,,1,7,0,0,1,0
1,7,6,1,6,17,FRANCE,POITOU-CHARENTES,300,17300,ROCHELLE (LA),BOULEVARD DE LA REPUBLIQUE,28630,5,4,VC,0,2,2,,,2,5,,,,1,7,0,0,1,0
1,7,1,1,6,17,FRANCE,POITOU-CHARENTES,300,17300,ROCHELLE (LA),AVENUE JEAN GUITON,28648,0,4,VC,0,2,2,,,2,5,,,,1,7,0,0,1,0
1,5,1,1,3,17,FRANCE,POITOU-CHARENTES,333,17333,SAINT-GEORGES-DE-DIDONNE,DU DOCTEUR MAUDET,28662,0,4,VC,0,0,2,,,0,1,,,,1,7,0,0,1,0
1,1,1,1,3,17,FRANCE,POITOU-CHARENTES,197,17197,JONZAC,RD 2,28678,0,3,RD,2,2,2,0,0,0,1,4544800,-40900,,1,7,0,0,1,0
1,7,2,1,3,17,FRANCE,POITOU-CHARENTES,300,17300,ROCHELLE (LA),AVENUE COLIGNY ,28688,0,4,VC,0,2,2,,,0,1,,,,1,7,0,0,1,0
1,7,1,1,6,17,FRANCE,POITOU-CHARENTES,300,17300,ROCHELLE (LA),RUE ALBERT IER ,28690,0,4,VC,0,1,1,,,0,1,,,,1,7,0,0,1,0
1,7,1,1,3,17,FRANCE,POITOU-CHARENTES,300,17300,ROCHELLE (LA),AVENUE MICHELCREPEAU,28696,0,4,VC,0,2,2,,,2,1,,,,1,7,0,0,1,0
1,7,9,1,6,17,FRANCE,POITOU-CHARENTES,300,17300,ROCHELLE (LA),AVENUE DE LA PORTE DAUPHINE,28737,0,4,VC,0,1,2,,,0,5,,,,1,7,0,0,1,0
1,7,1,1,6,17,FRANCE,POITOU-CHARENTES,300,17300,ROCHELLE (LA),AVENUE DU QUATORZE JUILLET,28738,0,4,VC,0,0,2,,,3,0,,,,1,,,,,
1,7,9,1,3,17,FRANCE,POITOU-CHARENTES,300,17300,ROCHELLE (LA),RUE DE LA SOLE ,28744,0,4,VC,0,2,2,,,2,5,,,,1,7,0,0,1,0
1,7,1,1,6,17,FRANCE,POITOU-CHARENTES,300,17300,ROCHELLE (LA),AVENUE DES CORSAIRES ,28746,0,4,VC,0,2,2,,,0,1,,,,1,10,0,0,1,0
1,5,1,1,3,17,FRANCE,POITOU-CHARENTES,274,17274,PERIGNY,AVENUE LOUISEPINCHON,28747,0,4,VC,0,2,2,,,0,1,,,,1,7,0,0,1,0
1,7,1,1,6,17,FRANCE,POITOU-CHARENTES,300,17300,ROCHELLE (LA),RUE CLAUDE MONET,28749,0,4,VC,0,1,2,,,0,1,,,,1,7,0,0,1,0
1,5,3,1,3,17,FRANCE,POITOU-CHARENTES,274,17274,PERIGNY,RUE D'AMBOISE ,28758,5,4,VC,0,2,2,,,0,1,,,,1,7,0,0,1,0
1,5,1,1,7,17,FRANCE,POITOU-CHARENTES,449,17449,TONNAY-CHARENTE,RUE ALSACE LORRAINE ,28763,0,4,VC,0,2,2,,,0,1,,,,1,,0,0,1,0
1,6,6,1,3,17,FRANCE,POITOU-CHARENTES,299,17299,ROCHEFORT,RUE BEGON ,28764,5,4,VC,0,1,1,,,0,1,,,,1,7,0,0,1,0
1,6,1,1,7,17,FRANCE,POITOU-CHARENTES,299,17299,ROCHEFORT,RUE JACQUES PREVERT,28778,0,4,VC,0,2,2,,,0,1,,,,1,,0,0,1,0
1,7,1,1,6,17,FRANCE,POITOU-CHARENTES,300,17300,ROCHELLE (LA),BOULEVARD DE COGNEHORS ,28781,0,4,VC,0,1,2,,,0,1,,,,1,7,0,0,0,1
1,7,1,1,2,17,FRANCE,POITOU-CHARENTES,300,17300,ROCHELLE (LA),AVENUE EDMOND GRASSET,28782,0,4,VC,0,2,2,,,0,1,,,,1,7,0,0,1,0
1,7,1,1,2,17,FRANCE,POITOU-CHARENTES,300,17300,ROCHELLE (LA),RUE DES JARS ,28786,0,6,Parking,0,2,2,,,0,1,,,,1,7,0,0,1,0
1,6,1,1,1,17,FRANCE,POITOU-CHARENTES,299,17299,ROCHEFORT,RUE GIRAL ,28790,0,4,VC,0,2,2,,,0,1,,,,1,7,0,0,1,0
1,7,1,1,6,17,FRANCE,POITOU-CHARENTES,300,17300,ROCHELLE (LA),ALLEE  DU MAIL,28801,0,4,VC,0,2,2,,,0,1,,,,1,7,0,0,1,0
1,7,1,1,6,17,FRANCE,POITOU-CHARENTES,300,17300,ROCHELLE (LA),AVENUE DU CHAMP DE MARS,28803,0,4,VC,0,3,4,,,0,1,,,,1,7,0,0,1,0
1,7,1,1,6,17,FRANCE,POITOU-CHARENTES,300,17300,ROCHELLE (LA),RUE DU PALAIS ,28812,0,4,VC,0,1,1,,,0,1,,,,1,7,0,0,1,0
1,5,1,1,3,17,FRANCE,POITOU-CHARENTES,333,17333,SAINT-GEORGES-DE-DIDONNE,AVENUE DU PRESIDENT DULIN,28815,0,4,VC,0,0,2,,,0,1,,,,1,7,0,0,1,0
1,6,1,1,3,17,FRANCE,POITOU-CHARENTES,415,17415,SAINTES,Route Nationale 150,28818,3,2,RN,150,1,1,49,0,0,1,,,,1,10,0,0,1,0
1,6,6,1,3,17,FRANCE,POITOU-CHARENTES,415,17415,SAINTES,DICONCHE,28827,5,2,RN,141,1,2,46,900,0,1,,,,1,14,0,0,1,0
1,7,1,1,6,17,FRANCE,POITOU-CHARENTES,300,17300,ROCHELLE (LA),RUE DU PARC DES PERES,28831,6,5,Hors_reseau,0,0,1,,,3,1,,,,1,,0,0,0,1
1,7,1,1,3,17,FRANCE,POITOU-CHARENTES,300,17300,ROCHELLE (LA),BOULEVARD ANDRE SAUTEL ,28832,0,4,VC,0,2,5,,,0,1,,,,1,7,0,0,1,0
1,7,1,1,2,17,FRANCE,POITOU-CHARENTES,300,17300,ROCHELLE (LA),AVENUE DU GENERAL LECLERC,28833,0,4,VC,0,2,2,,,0,5,,,,1,7,0,0,1,0
1,7,1,1,1,17,FRANCE,POITOU-CHARENTES,300,17300,ROCHELLE (LA),AVENUE GAMBETTA,28836,0,4,VC,0,1,1,,,0,1,,,,1,,0,0,0,1
1,7,1,1,6,17,FRANCE,POITOU-CHARENTES,300,17300,ROCHELLE (LA),AVENUE HENRIBECQUEREL,28848,0,4,VC,0,2,2,,,2,1,,,,1,7,0,0,1,0
1,7,3,1,3,17,FRANCE,POITOU-CHARENTES,300,17300,ROCHELLE (LA),RUE CHEF DE BAIE ,28852,0,4,VC,0,2,2,,,0,1,,,,1,7,0,0,1,0
1,5,1,1,6,17,FRANCE,POITOU-CHARENTES,306,17306,ROYAN,PROMENADE DE FRONT DE MER,28855,0,4,VC,0,0,0,,,0,4,,,,1,,0,0,0,1
1,5,1,1,2,17,FRANCE,POITOU-CHARENTES,333,17333,SAINT-GEORGES-DE-DIDONNE,DE LA DUBOISERIE,28856,0,4,VC,0,0,2,,,0,1,,,,1,7,0,0,1,0
1,4,1,1,3,17,FRANCE,POITOU-CHARENTES,380,17380,SAINT-PALAIS-SUR-MER,VOIE EXPRESS,28869,0,3,RD,25,1,2,,,0,1,,,,1,7,0,0,1,0
5,5,3,1,3,17,FRANCE,POITOU-CHARENTES,333,17333,SAINT-GEORGES-DE-DIDONNE,DU COCA,28874,0,4,VC,0,2,2,,,0,1,,,,1,7,0,0,1,0
1,4,1,1,3,17,FRANCE,POITOU-CHARENTES,291,17291,PUILBOREAU,RUE DU 11 NOVEMBRE,28878,0,4,VC,0,2,2,,,0,1,,,,1,7,0,0,1,0
1,7,9,1,6,17,FRANCE,POITOU-CHARENTES,300,17300,ROCHELLE (LA),RUE DU TOURMENTIN ,28883,0,4,VC,0,2,2,,,0,1,,,,1,7,0,0,1,0
1,7,1,1,7,17,FRANCE,POITOU-CHARENTES,300,17300,ROCHELLE (LA),ALLEE  DU MAIL,28887,0,4,VC,0,2,2,,,0,1,,,,1,,0,0,1,0
1,5,1,1,3,17,FRANCE,POITOU-CHARENTES,094,17094,CHATELAILLON-PLAGE,RD 202,28899,0,3,RD,202,1,1,0,0,0,1,4608600,-109500,,1,7,0,0,1,0
1,7,1,1,6,17,FRANCE,POITOU-CHARENTES,300,17300,ROCHELLE (LA),RUE GASTON BALANDE,28902,0,4,VC,0,2,2,,,0,1,,,,1,2,0,0,1,0
5,7,1,1,6,17,FRANCE,POITOU-CHARENTES,300,17300,ROCHELLE (LA),BOULEVARD ANDRE SAUTEL ,28904,0,4,VC,0,3,2,,,0,1,,,,1,7,0,0,1,0
1,7,1,1,6,17,FRANCE,POITOU-CHARENTES,300,17300,ROCHELLE (LA),ACRE ESPLANADE SAINT-JEAN D',28912,0,6,Parking,0,0,1,,,0,0,,,,1,7,0,0,1,0
1,5,9,1,6,17,FRANCE,POITOU-CHARENTES,028,17028,AYTRE,AVENUE EDMOND GRASSET,28913,0,4,VC,0,2,2,,,0,1,,,,1,7,0,0,1,0
1,6,1,1,6,17,FRANCE,POITOU-CHARENTES,415,17415,SAINTES,COURS NATIONAL,28922,0,4,VC,0,2,2,,,0,4,,,,1,,0,0,0,1
1,7,1,1,6,17,FRANCE,POITOU-CHARENTES,300,17300,ROCHELLE (LA),RUE DE LA GRILLE ,28925,0,4,VC,0,2,2,,,0,1,,,,1,7,0,0,1,0
1,5,2,1,3,17,FRANCE,POITOU-CHARENTES,200,17200,LAGORD,RUE FRANCOIS HENNEBIQUE,28926,0,4,VC,0,2,2,,,0,1,,,,1,7,0,0,1,0
1,4,1,1,6,17,FRANCE,POITOU-CHARENTES,380,17380,SAINT-PALAIS-SUR-MER,AVENUE TREZ LA CHASSE,28935,0,4,VC,0,2,2,,,0,1,,,,1,7,0,0,1,0
1,5,3,1,3,17,FRANCE,POITOU-CHARENTES,306,17306,ROYAN,AVENUE DES TILLEULS,28938,0,4,VC,0,1,1,,,0,1,,,,1,7,0,0,1,0
1,6,6,1,3,17,FRANCE,POITOU-CHARENTES,299,17299,ROCHEFORT,RUE GAMBETTA,28947,5,4,VC,0,2,2,,,0,1,,,,1,7,0,0,1,0
1,7,1,1,3,17,FRANCE,POITOU-CHARENTES,300,17300,ROCHELLE (LA),AVENUE DE LUXEMBOURG,28948,0,4,VC,0,2,2,,,0,1,,,,1,7,0,0,1,0
1,7,1,1,3,17,FRANCE,POITOU-CHARENTES,300,17300,ROCHELLE (LA),RUE DU PONT DES SALINES,28950,6,4,VC,0,2,2,,,0,1,,,,1,7,0,0,1,0
5,6,1,1,7,17,FRANCE,POITOU-CHARENTES,299,17299,ROCHEFORT,BOULEVARD ARISTIDE BRIAND,28954,0,4,VC,0,2,2,,,2,1,,,,1,,0,0,1,0
5,7,1,1,6,17,FRANCE,POITOU-CHARENTES,300,17300,ROCHELLE (LA),AVENUE DE LA PORTE DAUPHINE,28956,0,4,VC,0,2,2,,,1,1,,,,1,,0,0,1,0
1,5,1,1,6,17,FRANCE,POITOU-CHARENTES,200,17200,LAGORD,AVENUE DU RECTEUR PIERREMOISY,28959,0,4,VC,0,2,2,,,1,5,,,,1,,0,0,0,1
1,5,1,1,7,17,FRANCE,POITOU-CHARENTES,449,17449,TONNAY-CHARENTE,AVENUE D'AUNIS,28960,0,4,VC,0,3,2,,,1,5,,,,1,,0,0,0,1
1,6,6,1,3,17,FRANCE,POITOU-CHARENTES,299,17299,ROCHEFORT,AVENUE SADI CARNOT,28965,5,4,VC,0,2,2,,,0,1,,,,1,7,0,0,1,0
1,5,1,1,3,17,FRANCE,POITOU-CHARENTES,449,17449,TONNAY-CHARENTE,RUE JOLIOT CURIE ,28967,0,4,VC,0,2,2,,,0,4,,,,1,7,0,0,1,0
1,7,6,1,2,17,FRANCE,POITOU-CHARENTES,300,17300,ROCHELLE (LA),RUE FRANCOIS TRUFFAUT ,28971,5,4,VC,0,0,2,,,0,0,,,,1,7,0,0,1,0
1,5,3,1,3,17,FRANCE,POITOU-CHARENTES,333,17333,SAINT-GEORGES-DE-DIDONNE,BOULEVARD DE LA CORNICHE,28983,0,4,VC,0,2,2,,,0,0,,,,1,7,0,0,1,0
1,5,1,1,6,17,FRANCE,POITOU-CHARENTES,306,17306,ROYAN,DES LOUTRES,28985,0,4,VC,0,2,2,,,0,1,,,,1,7,0,0,1,0
1,3,1,1,1,17,FRANCE,POITOU-CHARENTES,447,17447,THOU (LE),VC 0,28988,0,4,VC,0,2,2,0,0,0,1,0,0,,1,7,0,0,1,0
1,7,1,1,6,17,FRANCE,POITOU-CHARENTES,300,17300,ROCHELLE (LA),AVENUE CARNOT,28993,0,4,VC,0,2,2,,,0,1,,,,1,7,0,0,1,0
1,7,1,1,6,17,FRANCE,POITOU-CHARENTES,300,17300,ROCHELLE (LA),AVENUE DU GENERAL LECLERC,28999,0,4,VC,0,2,2,,,2,5,,,,1,7,0,0,1,0
5,7,9,1,2,17,FRANCE,POITOU-CHARENTES,300,17300,ROCHELLE (LA),AVENUE DES CORDELIERS,29002,0,4,VC,0,2,2,,,0,1,,,,1,33,0,0,0,1
1,7,1,1,2,17,FRANCE,POITOU-CHARENTES,300,17300,ROCHELLE (LA),AVENUE JEAN GUITON,29004,0,4,VC,0,2,2,,,0,1,,,,1,7,0,0,1,0
1,6,6,1,3,17,FRANCE,POITOU-CHARENTES,299,17299,ROCHEFORT,ROND-POINT DU POLYGONE,29019,5,4,VC,0,1,2,,,2,1,,,,1,7,0,0,1,0
1,7,1,1,2,17,FRANCE,POITOU-CHARENTES,300,17300,ROCHELLE (LA),RUE EMILE NORMANDIN,29023,0,4,VC,0,2,2,,,0,1,,,,1,7,0,0,1,0
1,7,1,1,2,17,FRANCE,POITOU-CHARENTES,300,17300,ROCHELLE (LA),AVENUE AMERIGOVESPUCCI,29029,0,4,VC,0,2,2,,,0,1,,,,1,7,0,0,1,0
1,7,1,1,1,17,FRANCE,POITOU-CHARENTES,300,17300,ROCHELLE (LA),AVENUE ARISTIDE BRIAND,29037,0,4,VC,0,1,1,,,0,1,,,,1,7,0,0,1,0
1,7,3,1,5,17,FRANCE,POITOU-CHARENTES,300,17300,ROCHELLE (LA),RUE DU BRAVENUE RONDEAU ,29038,0,4,VC,0,1,1,,,0,1,,,,1,7,0,0,1,0
2,7,3,1,3,17,FRANCE,POITOU-CHARENTES,300,17300,ROCHELLE (LA),BOULEVARD JOFFRE,29043,5,4,VC,0,2,2,,,0,1,,,,1,7,0,0,1,0
1,7,1,1,6,17,FRANCE,POITOU-CHARENTES,300,17300,ROCHELLE (LA),AVENUE DU GENERAL LECLERC,29046,0,4,VC,0,2,4,,,0,1,,,,1,7,0,0,1,0
2,5,1,1,2,17,FRANCE,POITOU-CHARENTES,306,17306,ROYAN,AVENUE DES SEMIS,29053,0,4,VC,0,0,0,,,0,0,,,,1,7,0,0,1,0