lum,agg,int,atm,col,dep_bis,pays,region,com_bis,com_codeINSEE,communes,N_voie,numac,infra,catr,type_route,voie,circ,nbv,pr,pr1,vosp,situ,lat,long,adr,accident_velo,vehicule_imp,cycl_mort,cycl_bgv,cycl_blg,cycl_indm
2,7,6,1,3,17,FRANCE,POITOU-CHARENTES,300,17300,ROCHELLE (LA),BOULEVARD JOFFRE,29091,0,4,VC,0,2,2,,,2,5,,,,1,7,0,0,1,0
1,7,2,1,3,17,FRANCE,POITOU-CHARENTES,300,17300,ROCHELLE (LA),AVENUE GAMBETTA,29098,0,4,VC,0,1,1,,,0,1,,,,1,7,0,0,1,0
1,6,1,1,2,17,FRANCE,POITOU-CHARENTES,299,17299,ROCHEFORT,RUE BEGON ,29106,0,4,VC,0,2,2,,,0,1,,,,1,7,0,0,1,0
5,7,1,1,6,17,FRANCE,POITOU-CHARENTES,300,17300,ROCHELLE (LA),AVENUE DE COLMAR,29139,0,4,VC,0,0,2,,,0,1,,,,1,7,0,0,1,0
1,6,1,1,2,17,FRANCE,POITOU-CHARENTES,299,17299,ROCHEFORT,RUE PASTEUR,29140,0,4,VC,0,2,2,,,0,1,,,,1,7,0,0,1,0
3,7,1,1,2,17,FRANCE,POITOU-CHARENTES,300,17300,ROCHELLE (LA),RUE DE JERICHO ,29153,0,9,Autre,0,1,1,,,0,1,,,,1,7,0,0,1,0
5,7,9,1,6,17,FRANCE,POITOU-CHARENTES,300,17300,ROCHELLE (LA),AVENUE DU CIMETIERE,29159,0,4,VC,0,2,2,,,0,1,,,,1,7,0,0,1,0
1,6,1,1,3,17,FRANCE,POITOU-CHARENTES,299,17299,ROCHEFORT,AVENUE PONTY ,29167,0,4,VC,0,2,2,,,0,1,,,,1,33,0,0,1,0
1,5,1,1,6,17,FRANCE,POITOU-CHARENTES,274,17274,PERIGNY,RUE GRANDE  RUE,29181,0,4,VC,0,2,2,18,0,0,1,,,,1,7,0,0,1,0
1,7,1,1,1,17,FRANCE,POITOU-CHARENTES,300,17300,ROCHELLE (LA),RUE PHILIPPE VINCENT,29184,0,4,VC,0,0,2,,,1,5,,,,1,,0,0,1,0
1,5,3,1,3,17,FRANCE,POITOU-CHARENTES,449,17449,TONNAY-CHARENTE,RUE MARCEL PAGNOL ,29192,5,4,VC,0,2,2,,,0,1,,,,1,7,0,0,1,0
1,7,6,1,6,17,FRANCE,POITOU-CHARENTES,300,17300,ROCHELLE (LA),RUE MAURICE RAVEL,29200,0,4,VC,0,2,2,,,0,0,,,,1,7,0,0,1,0
1,1,1,1,6,17,FRANCE,POITOU-CHARENTES,415,17415,SAINTES,DICONCHE,29212,0,4,VC,0,1,2,48,0,0,1,,,,1,7,0,0,1,0
1,7,1,1,7,17,FRANCE,POITOU-CHARENTES,300,17300,ROCHELLE (LA),AVENUE DANTON ,29219,0,4,VC,0,0,2,,,0,0,,,,1,,0,0,1,0
1,7,1,1,6,17,FRANCE,POITOU-CHARENTES,300,17300,ROCHELLE (LA),RUE SAINT LOUIS,29236,0,4,VC,0,1,1,,,0,1,,,,1,7,0,0,1,0
1,6,1,1,6,17,FRANCE,POITOU-CHARENTES,299,17299,ROCHEFORT,RUE PASTEUR,29258,0,4,VC,0,2,2,,,0,1,,,,1,7,0,0,1,0
1,7,1,1,6,17,FRANCE,POITOU-CHARENTES,300,17300,ROCHELLE (LA),RUE MIRABEAU ,29262,0,4,VC,0,2,2,,,0,1,,,,1,,0,0,1,0
1,7,1,1,7,17,FRANCE,POITOU-CHARENTES,300,17300,ROCHELLE (LA),AVENUE DE METZ,29273,0,4,VC,0,2,2,2,0,0,1,,,,1,7,0,0,1,0
1,1,2,1,3,17,FRANCE,POITOU-CHARENTES,315,17315,SAINT-CHRISTOPHE,RD 108,29293,5,3,RD,108,2,2,0,0,0,1,4614000,-94300,,1,7,0,0,1,0
1,5,1,1,2,17,FRANCE,POITOU-CHARENTES,333,17333,SAINT-GEORGES-DE-DIDONNE,BOULEVARD DE LA CORNICHE,29307,0,4,VC,0,2,2,,,0,1,,,,1,33,0,0,1,0
1,7,1,1,2,17,FRANCE,POITOU-CHARENTES,300,17300,ROCHELLE (LA),RUE DU MARAIS,29310,0,4,VC,0,2,2,,,0,1,,,,1,7,0,0,1,0
1,4,2,8,3,17,FRANCE,POITOU-CHARENTES,291,17291,PUILBOREAU,AVENUE EDMOND GRASSET,29313,0,4,VC,0,0,2,,,0,1,,,,1,7,0,0,1,0
1,7,1,1,3,17,FRANCE,POITOU-CHARENTES,300,17300,ROCHELLE (LA),PERRIER ROND-POINT GASTON,29324,0,4,VC,0,2,2,2,0,0,1,,,,1,7,0,0,1,0
1,7,2,1,3,17,FRANCE,POITOU-CHARENTES,300,17300,ROCHELLE (LA),AVENUE EDMOND GRASSET,29336,0,4,VC,0,2,2,,,0,1,,,,1,7,0,0,1,0
1,6,1,1,6,17,FRANCE,POITOU-CHARENTES,299,17299,ROCHEFORT,RUE DU 19 MARS 1962,29341,0,4,VC,0,2,2,,,0,1,,,,1,,0,0,1,0
5,7,1,1,7,17,FRANCE,POITOU-CHARENTES,300,17300,ROCHELLE (LA),RUE DES MERCIERS ,29342,0,4,VC,0,1,1,,,0,1,,,,1,,0,0,1,0
1,7,1,1,6,17,FRANCE,POITOU-CHARENTES,300,17300,ROCHELLE (LA),AVENUE JEAN-PAULSARTRE,29347,0,4,VC,0,2,2,,,1,1,,,,1,7,0,0,1,0
1,1,1,1,6,17,FRANCE,POITOU-CHARENTES,415,17415,SAINTES,ROND-POINT VOIVILLE EST ,29352,0,4,VC,0,2,2,,,0,1,,,,1,3,0,0,1,0
1,6,3,1,3,17,FRANCE,POITOU-CHARENTES,299,17299,ROCHEFORT,RUE DU DOCTEUR PELTIER,29354,5,4,VC,0,2,2,,,0,1,,,,1,7,0,0,1,0
1,7,1,1,6,17,FRANCE,POITOU-CHARENTES,300,17300,ROCHELLE (LA),RUE RAYMOND LAVENUE,29362,0,4,VC,0,2,2,,,0,1,,,,1,,0,0,1,0
1,7,1,1,6,17,FRANCE,POITOU-CHARENTES,300,17300,ROCHELLE (LA),AVENUE DU QUATORZE JUILLET,29363,0,4,VC,0,2,2,,,0,1,,,,1,,0,0,1,0
5,6,6,1,3,17,FRANCE,POITOU-CHARENTES,299,17299,ROCHEFORT,ROND-POINT LEGION D'HONNEUR,29370,5,4,VC,0,1,1,,,0,1,,,,1,7,0,0,1,0
1,6,3,1,3,17,FRANCE,POITOU-CHARENTES,299,17299,ROCHEFORT,PLACE ANGUILLES ,29372,5,4,VC,0,2,2,,,0,1,,,,1,7,0,0,1,0
1,3,1,1,3,17,FRANCE,POITOU-CHARENTES,472,17472,VILLEDOUX,RD 9,29374,0,3,RD,9,2,2,10,400,0,1,0,0,,1,13,0,0,1,0
1,7,1,1,6,17,FRANCE,POITOU-CHARENTES,300,17300,ROCHELLE (LA),RUE SURCOUFF ,29377,0,4,VC,0,2,2,,,0,1,,,,1,7,0,0,1,0
1,4,1,1,3,17,FRANCE,POITOU-CHARENTES,461,17461,VAUX-SUR-MER,AVENUE DE COURLAY,29389,0,4,VC,0,0,2,,,0,1,,,,1,7,0,0,1,0
1,5,1,1,2,17,FRANCE,POITOU-CHARENTES,306,17306,ROYAN,BOULEVARD FREDERIC GARNIER,29402,0,4,VC,0,0,2,,,0,0,,,,1,7,0,0,1,0
1,6,1,1,2,17,FRANCE,POITOU-CHARENTES,415,17415,SAINTES,AVENUE DE SAINTONGE,29408,0,4,VC,0,2,2,,,0,1,,,,1,7,0,0,1,0
1,7,9,1,6,17,FRANCE,POITOU-CHARENTES,300,17300,ROCHELLE (LA),BOULEVARD JOFFRE,29410,0,4,VC,0,2,2,,,0,1,,,,1,33,0,0,1,0
1,7,1,1,6,17,FRANCE,POITOU-CHARENTES,300,17300,ROCHELLE (LA),RUE AGRIPPA D' AUBIGNE,29413,0,4,VC,0,2,2,,,0,1,,,,1,,0,0,0,1
1,3,1,1,3,17,FRANCE,POITOU-CHARENTES,323,17323,SAINT-DENIS-D'OLERON,VC 0,29416,0,4,VC,0,2,2,0,0,0,1,0,0,,1,7,0,0,1,0
1,6,1,1,2,17,FRANCE,POITOU-CHARENTES,415,17415,SAINTES,AVENUE DE SAINTONGE,29421,0,4,VC,0,2,2,,,0,1,,,,1,7,0,0,1,0
1,7,1,1,2,17,FRANCE,POITOU-CHARENTES,300,17300,ROCHELLE (LA),AVENUE DU CHAMP DE MARS,29422,0,4,VC,0,1,2,2,0,0,1,,,,1,7,0,0,1,0
1,7,1,1,6,17,FRANCE,POITOU-CHARENTES,300,17300,ROCHELLE (LA),PONT JEAN MOULIN,29423,0,4,VC,0,2,2,,,0,1,,,,1,7,0,0,1,0
1,6,1,1,6,17,FRANCE,POITOU-CHARENTES,415,17415,SAINTES,COURS GEORGES BOUVARD,29426,0,4,VC,0,2,2,,,0,1,,,,1,7,0,0,1,0
1,6,6,1,3,17,FRANCE,POITOU-CHARENTES,299,17299,ROCHEFORT,AVENUE DU DOCTEURDIERAS,29427,5,4,VC,0,1,1,,,2,1,,,,1,7,0,0,1,0
1,5,1,1,2,17,FRANCE,POITOU-CHARENTES,306,17306,ROYAN,ALLEE EMILE ZOLA,29432,0,4,VC,0,2,2,,,0,1,,,,1,7,0,0,1,0
1,6,6,1,3,17,FRANCE,POITOU-CHARENTES,299,17299,ROCHEFORT,BOULEVARD DE LA RESISTANCE ,29460,5,4,VC,0,2,2,,,2,1,,,,1,7,0,0,1,0
1,7,1,2,1,17,FRANCE,POITOU-CHARENTES,300,17300,ROCHELLE (LA),AVENUE JEAN GUITON,29468,0,4,VC,0,2,0,,,0,0,,,,1,7,0,0,1,0
1,7,2,1,6,17,FRANCE,POITOU-CHARENTES,300,17300,ROCHELLE (LA),RUE CHAUDRIER ,29471,0,4,VC,0,0,1,,,0,1,,,,1,,0,0,0,1
1,5,1,1,2,17,FRANCE,POITOU-CHARENTES,200,17200,LAGORD,RUE JEAN-BAPTISTE JOURDAN,29476,0,4,VC,0,2,2,,,0,1,,,,1,7,0,0,1,0
1,7,1,1,3,17,FRANCE,POITOU-CHARENTES,300,17300,ROCHELLE (LA),CHEMIN DU REMPART,29480,0,4,VC,0,0,1,,,0,1,,,,1,7,0,0,1,0
1,7,6,1,6,17,FRANCE,POITOU-CHARENTES,300,17300,ROCHELLE (LA),AVENUE DES CORDELIERS,29481,0,4,VC,0,2,2,,,0,0,,,,1,7,0,0,1,0
1,6,1,1,6,17,FRANCE,POITOU-CHARENTES,415,17415,SAINTES,BOULEVARD DE VLADIMIR,29487,0,4,VC,0,0,2,,,0,1,,,,1,7,0,0,1,0
5,7,1,1,6,17,FRANCE,POITOU-CHARENTES,300,17300,ROCHELLE (LA),AVENUE JEAN-PAULSARTRE,29493,0,4,VC,0,2,2,,,0,1,,,,1,7,0,0,1,0
1,4,1,1,2,17,FRANCE,POITOU-CHARENTES,291,17291,PUILBOREAU,RUE DE BAILLAC ,29495,0,4,VC,0,2,2,,,0,1,,,,1,2,0,0,1,0
1,5,1,1,2,17,FRANCE,POITOU-CHARENTES,200,17200,LAGORD,AVENUE DU 8 MAI 1945,29500,0,4,VC,0,1,2,,,0,0,,,,1,7,0,0,1,0
2,5,1,1,3,17,FRANCE,POITOU-CHARENTES,306,17306,ROYAN,AVENUE DANIEL HEDDE,29504,0,4,VC,0,0,2,,,0,1,,,,1,7,0,0,1,0
1,7,1,1,7,17,FRANCE,POITOU-CHARENTES,300,17300,ROCHELLE (LA),BOULEVARD JOFFRE,29506,0,4,VC,0,0,1,2,0,0,1,,,,1,,0,0,1,0
1,7,6,1,1,17,FRANCE,POITOU-CHARENTES,300,17300,ROCHELLE (LA),AVENUE GEORGES CLEMENCEAU,29526,0,4,VC,0,0,0,2,0,0,1,,,,1,7,0,0,1,0
3,7,1,1,6,17,FRANCE,POITOU-CHARENTES,300,17300,ROCHELLE (LA),RUE DE ROUX ,29528,0,4,VC,0,2,2,,,0,1,,,,1,7,0,0,1,0
2,7,2,1,3,17,FRANCE,POITOU-CHARENTES,300,17300,ROCHELLE (LA),RUE DU MINAGE ,29543,5,4,VC,0,1,1,,,0,1,,,,1,7,0,0,1,0
5,6,1,1,3,17,FRANCE,POITOU-CHARENTES,299,17299,ROCHEFORT,RUE LA FAYETTE,29545,0,4,VC,0,2,2,,,0,1,,,,1,7,0,0,1,0
1,7,1,1,2,17,FRANCE,POITOU-CHARENTES,300,17300,ROCHELLE (LA),RUE EMILE NORMANDIN,29553,0,4,VC,0,2,2,,,0,1,,,,1,7,0,0,1,0
1,7,1,1,3,17,FRANCE,POITOU-CHARENTES,300,17300,ROCHELLE (LA),AVENUE JEAN-PAULSARTRE,29558,0,4,VC,0,0,2,,,0,1,,,,1,7,0,0,1,0
1,7,6,1,3,17,FRANCE,POITOU-CHARENTES,300,17300,ROCHELLE (LA),BOULEVARD DE COGNEHORS ,29582,0,4,VC,0,2,2,1,0,1,5,,,,1,7,0,0,1,0
1,6,1,1,7,17,FRANCE,POITOU-CHARENTES,299,17299,ROCHEFORT,AVENUE D'AUNIS,29601,0,4,VC,0,3,2,,,2,1,,,,1,,0,0,1,0
1,6,1,1,2,17,FRANCE,POITOU-CHARENTES,299,17299,ROCHEFORT,AVENUE WILSON ,29604,0,4,VC,0,2,2,,,0,1,,,,1,7,0,0,1,0
1,6,6,1,3,17,FRANCE,POITOU-CHARENTES,299,17299,ROCHEFORT,RUE JEAN JAURES,29610,0,4,VC,0,2,2,,,2,5,,,,1,7,0,0,1,0
1,6,6,1,3,17,FRANCE,POITOU-CHARENTES,299,17299,ROCHEFORT,ROND-POINT LEGION D'HONNEUR,29619,0,4,VC,0,1,1,,,0,1,,,,1,7,0,0,1,0
1,1,6,1,2,17,FRANCE,POITOU-CHARENTES,299,17299,ROCHEFORT,RD 137,29620,0,3,RD,0,2,2,,,0,1,,,,1,7,0,0,1,0
1,6,6,1,3,17,FRANCE,POITOU-CHARENTES,299,17299,ROCHEFORT,RUE DENFERT ROCHEREAU,29628,0,4,VC,0,2,2,,,0,1,,,,1,7,0,0,1,0
1,5,1,1,3,17,FRANCE,POITOU-CHARENTES,449,17449,TONNAY-CHARENTE,RUE DE PUYJARREAU ,29632,0,4,VC,0,2,2,,,0,1,,,,1,,0,0,1,0
4,5,6,3,3,17,FRANCE,POITOU-CHARENTES,449,17449,TONNAY-CHARENTE,RUE DE L'EGLISE,29640,5,4,VC,0,2,2,,,0,1,,,,1,7,0,0,1,0
5,7,6,2,6,17,FRANCE,POITOU-CHARENTES,300,17300,ROCHELLE (LA),BOULEVARD DE COGNEHORS ,29647,0,4,VC,0,2,2,,,2,5,,,,1,7,0,0,1,0
2,7,1,1,6,17,FRANCE,POITOU-CHARENTES,300,17300,ROCHELLE (LA),RUE DU MINAGE ,29649,0,4,VC,0,1,1,,,0,1,,,,1,,0,0,0,1
2,5,1,1,2,17,FRANCE,POITOU-CHARENTES,200,17200,LAGORD,RUE DU MOULIN  DE VENDOME,29665,0,4,VC,0,2,2,,,0,1,,,,1,7,0,0,1,0
1,7,1,1,6,17,FRANCE,POITOU-CHARENTES,300,17300,ROCHELLE (LA),huguenotte,29672,0,4,VC,0,2,2,,,0,1,,,,1,7,0,0,1,0
1,7,2,1,3,17,FRANCE,POITOU-CHARENTES,300,17300,ROCHELLE (LA),RUE CLAUDE MASSE,29676,0,3,RD,0,2,2,,,0,1,,,,1,7,0,0,1,0
1,7,1,1,2,17,FRANCE,POITOU-CHARENTES,300,17300,ROCHELLE (LA),AVENUE DU GENERAL LECLERC,29679,0,4,VC,0,2,2,,,0,1,,,,1,7,0,0,1,0
1,7,1,1,6,17,FRANCE,POITOU-CHARENTES,300,17300,ROCHELLE (LA),BOULEVARD DE COGNEHORS ,29681,0,4,VC,0,2,2,,,0,1,,,,1,7,0,0,1,0
1,7,2,1,3,17,FRANCE,POITOU-CHARENTES,300,17300,ROCHELLE (LA),RUE ALBERT IER ,29702,0,4,VC,0,0,1,,,1,5,,,,1,10,0,0,1,0
1,7,1,1,1,17,FRANCE,POITOU-CHARENTES,300,17300,ROCHELLE (LA),AVENUE CARNOT,29704,0,4,VC,0,2,2,,,0,1,,,,1,7,0,0,1,0
1,7,1,1,1,17,FRANCE,POITOU-CHARENTES,300,17300,ROCHELLE (LA),RUE DU CERF-VOLANT ,29705,0,4,VC,0,2,2,,,0,1,,,,1,33,0,0,1,0
1,7,1,1,3,17,FRANCE,POITOU-CHARENTES,300,17300,ROCHELLE (LA),RUE DE LA HUGUENOTE ,29706,0,4,VC,0,1,0,1,0,0,1,,,,1,7,0,0,1,0
5,7,3,1,3,17,FRANCE,POITOU-CHARENTES,300,17300,ROCHELLE (LA),RUE THIERS,29714,0,4,VC,,1,1,,,0,1,,,,1,7,0,0,1,0
5,5,1,1,7,17,FRANCE,POITOU-CHARENTES,200,17200,LAGORD,RUE DU BOIS D'HURE ,29715,0,4,VC,0,2,2,,,0,1,,,,1,,0,0,1,1
1,7,1,1,6,17,FRANCE,POITOU-CHARENTES,300,17300,ROCHELLE (LA),DUPERRE QUAI,29724,0,4,VC,0,1,1,,,0,1,,,,1,7,0,0,1,0
1,7,2,1,3,17,FRANCE,POITOU-CHARENTES,300,17300,ROCHELLE (LA),AVENUE DE METZ,29727,0,4,VC,0,2,2,,,0,1,,,,1,7,0,0,1,0
1,7,1,1,7,17,FRANCE,POITOU-CHARENTES,300,17300,ROCHELLE (LA),AVENUE DE LA MONNAIE ,29736,0,4,VC,0,1,1,,,0,1,,,,1,30,0,0,1,0
1,7,1,1,1,17,FRANCE,POITOU-CHARENTES,300,17300,ROCHELLE (LA),PRUNIER QUAI LOUIS,29742,0,4,VC,0,2,2,,,0,1,,,,1,,0,0,1,0
1,7,1,1,3,17,FRANCE,POITOU-CHARENTES,300,17300,ROCHELLE (LA),AVENUE JEAN MOULIN,29749,0,4,VC,0,0,0,2,0,0,1,,,,1,7,0,0,1,0
1,7,1,1,6,17,FRANCE,POITOU-CHARENTES,300,17300,ROCHELLE (LA),AVENUE DU 11 NOVEMBRE 1918 ,29751,0,9,Autre,0,0,1,,,1,5,,,,1,7,0,0,1,0
1,7,1,1,3,17,FRANCE,POITOU-CHARENTES,300,17300,ROCHELLE (LA),CHEMIN DES REMPARTS ,29758,0,4,VC,0,2,4,,,0,1,,,,1,2,0,0,0,1
1,7,1,1,6,17,FRANCE,POITOU-CHARENTES,300,17300,ROCHELLE (LA),COURS DES DAMES,29764,0,4,VC,0,1,1,,,0,0,,,,1,,0,0,1,0
1,7,9,1,3,17,FRANCE,POITOU-CHARENTES,300,17300,ROCHELLE (LA),RUE DE BETHENCOURT,29770,0,4,VC,0,2,2,,,0,1,,,,1,7,0,0,1,0
1,7,1,1,7,17,FRANCE,POITOU-CHARENTES,300,17300,ROCHELLE (LA),RUE DE LA SOMME ,29771,0,4,VC,0,2,2,,,0,1,,,,1,,0,0,1,0
1,7,1,1,1,17,FRANCE,POITOU-CHARENTES,300,17300,ROCHELLE (LA),AVENUE CARNOT,29775,0,4,VC,0,1,0,2,0,0,1,,,,1,7,0,0,1,0
5,7,1,1,6,17,FRANCE,POITOU-CHARENTES,300,17300,ROCHELLE (LA),RUE DU DOCTEUR ALBERT SCHWEITZER,29777,0,4,VC,0,2,2,,,0,1,,,,1,7,0,0,1,0
1,7,1,1,2,17,FRANCE,POITOU-CHARENTES,300,17300,ROCHELLE (LA),RUE LEONCE VIELJEUX,29787,0,4,VC,0,1,2,,,0,1,,,,1,7,0,0,1,0
1,7,1,1,1,17,FRANCE,POITOU-CHARENTES,300,17300,ROCHELLE (LA),RUE PAUL BOURGET,29790,0,4,VC,0,2,2,,,0,1,,,,1,7,0,0,1,0
1,7,1,1,1,17,FRANCE,POITOU-CHARENTES,300,17300,ROCHELLE (LA),BOULEVARD JOFFRE,29797,0,4,VC,0,1,0,2,0,0,1,,,,1,7,0,0,1,0
1,5,6,1,6,17,FRANCE,POITOU-CHARENTES,274,17274,PERIGNY,118 PK RN137 JUSTICE ROCHEFORT,29800,0,2,RN,137,3,4,,,0,0,,,,1,7,0,0,1,0
1,7,1,1,6,17,FRANCE,POITOU-CHARENTES,300,17300,ROCHELLE (LA),RUE CHARLES BAUDELAIRE,29802,0,4,VC,0,2,2,,,0,1,,,,1,7,0,0,1,0
1,1,1,1,1,17,FRANCE,POITOU-CHARENTES,300,17300,ROCHELLE (LA),RUE DE JERICHO ,29806,0,4,VC,0,0,0,2,0,0,1,,,,1,7,0,0,1,0
1,7,1,1,2,17,FRANCE,POITOU-CHARENTES,300,17300,ROCHELLE (LA),AVENUE DU LAZARET,29810,0,4,VC,0,2,2,,,0,1,,,,1,30,0,0,1,0
2,1,1,1,3,17,FRANCE,POITOU-CHARENTES,300,17300,ROCHELLE (LA),SIMENON QUAI GEORGES,29811,0,4,VC,0,0,0,2,0,0,1,,,,1,7,0,0,1,0
1,7,1,1,7,17,FRANCE,POITOU-CHARENTES,300,17300,ROCHELLE (LA),RUE DE LA MARECHALE ,29817,0,4,VC,0,1,0,2,0,1,5,,,,1,,0,0,1,0
1,7,1,1,1,17,FRANCE,POITOU-CHARENTES,300,17300,ROCHELLE (LA),BOULEVARD DE LA REPUBLIQUE,29819,0,4,VC,0,0,0,2,0,0,1,,,,1,7,0,0,1,0
1,7,9,1,3,17,FRANCE,POITOU-CHARENTES,300,17300,ROCHELLE (LA),RUE MESCHINET DE RICHEMOND ,29820,0,4,VC,0,2,2,,,0,1,,,,1,7,0,0,1,0
2,7,1,1,6,17,FRANCE,POITOU-CHARENTES,300,17300,ROCHELLE (LA),RUE MARIUS LACROIX,29822,0,4,VC,0,2,2,,,1,0,,,,1,7,0,0,1,0
1,7,1,1,2,17,FRANCE,POITOU-CHARENTES,300,17300,ROCHELLE (LA),RUE DU CHEMIN VERT,29826,0,4,VC,0,2,2,,,0,1,,,,1,7,0,0,1,0
1,5,9,1,6,17,FRANCE,POITOU-CHARENTES,028,17028,AYTRE,AVENUE DU GENERAL DE GAULLE,29832,0,4,VC,0,2,2,,,0,1,,,,1,7,0,0,1,0
1,7,9,1,7,17,FRANCE,POITOU-CHARENTES,300,17300,ROCHELLE (LA),RUE FRANCOIS TRUFFAUT ,29850,0,4,VC,0,1,2,,,0,1,,,,1,7,0,0,1,0
5,5,9,1,6,17,FRANCE,POITOU-CHARENTES,028,17028,AYTRE,BOULEVARD GEORGES CLEMENCEAU,29852,0,4,VC,0,2,2,,,0,1,,,,1,7,0,0,1,0
1,7,1,1,1,17,FRANCE,POITOU-CHARENTES,300,17300,ROCHELLE (LA),AVENUE DES CRAPAUDIERES,29862,0,4,VC,0,0,0,2,0,0,1,,,,1,7,0,0,1,0
1,7,1,1,7,17,FRANCE,POITOU-CHARENTES,300,17300,ROCHELLE (LA),RUE RABELAIS,29863,0,4,VC,0,2,2,,,0,1,,,,1,,0,0,1,0
1,7,1,1,1,17,FRANCE,POITOU-CHARENTES,300,17300,ROCHELLE (LA),RUE ALFRED KASTLER,29865,0,4,VC,0,0,0,2,0,0,1,,,,1,7,0,0,1,0
1,7,1,1,1,17,FRANCE,POITOU-CHARENTES,300,17300,ROCHELLE (LA),AVENUE JEAN MONNET,29879,0,4,VC,0,1,0,2,0,0,1,,,,1,7,0,0,1,0
1,5,1,1,3,17,FRANCE,POITOU-CHARENTES,306,17306,ROYAN,LOTI PIERRE,29895,0,4,VC,0,0,2,,,0,1,,,,1,7,0,0,1,0
1,5,1,1,3,17,FRANCE,POITOU-CHARENTES,306,17306,ROYAN,BOULEVARD GEORGES CLEMENCEAU,29900,0,4,VC,0,0,2,,,0,1,,,,1,7,0,0,1,0
1,5,3,1,3,17,FRANCE,POITOU-CHARENTES,333,17333,SAINT-GEORGES-DE-DIDONNE,AVENUE DE LA MER,29901,0,4,VC,0,1,1,,,0,1,,,,1,7,0,0,1,0
1,5,1,1,3,17,FRANCE,POITOU-CHARENTES,306,17306,ROYAN,AVENUE DE ROCHEFORT,29907,0,4,VC,0,0,2,,,0,1,,,,1,7,0,0,1,0
1,5,1,1,2,17,FRANCE,POITOU-CHARENTES,306,17306,ROYAN,DE L'ESPERANCE,29913,0,4,VC,0,0,2,,,0,1,,,,1,38,0,0,1,0
5,5,1,1,6,17,FRANCE,POITOU-CHARENTES,306,17306,ROYAN,BOULEVARD FREDERIC GARNIER,29914,0,4,VC,0,2,2,,,0,1,,,,1,,0,0,1,0
1,4,1,1,2,17,FRANCE,POITOU-CHARENTES,461,17461,VAUX-SUR-MER,BOULEVARD DE LA COTE DE BEAUTE,29918,0,4,VC,0,2,2,,,0,1,,,,1,7,0,0,1,0
3,1,1,1,6,17,FRANCE,POITOU-CHARENTES,306,17306,ROYAN,VOIE EXPRESS,29924,0,3,RD,0,3,2,,,0,1,,,,1,7,0,0,1,0
1,5,1,1,3,17,FRANCE,POITOU-CHARENTES,306,17306,ROYAN,BOULEVARD DE LATTRE DE TASSIGNY,29935,0,4,VC,0,0,0,,,0,1,,,,1,7,0,0,1,0
1,5,1,1,6,17,FRANCE,POITOU-CHARENTES,306,17306,ROYAN,AVENUE DU MAINE ARNAUD,29940,0,4,VC,0,2,2,,,0,1,,,,1,7,0,0,1,0
1,5,3,1,6,17,FRANCE,POITOU-CHARENTES,306,17306,ROYAN,DU VIVIER,29947,0,4,VC,0,2,2,,,0,1,,,,1,7,0,0,1,0
1,6,1,1,6,17,FRANCE,POITOU-CHARENTES,415,17415,SAINTES,COURS NATIONAL,29975,0,4,VC,0,0,0,,,0,4,,,,1,,0,0,0,1
1,6,1,1,6,17,FRANCE,POITOU-CHARENTES,415,17415,SAINTES,PALISSY QUAI,29979,0,4,VC,0,2,2,,,0,1,,,,1,7,0,0,1,0
1,6,1,1,6,17,FRANCE,POITOU-CHARENTES,415,17415,SAINTES,AVENUE JULESDUFAURE,29987,0,4,VC,0,2,2,,,0,1,,,,1,7,0,0,1,0
1,6,1,1,6,17,FRANCE,POITOU-CHARENTES,415,17415,SAINTES,AVENUE GAMBETTA,29990,0,4,VC,0,2,0,,,0,1,,,,1,,0,0,0,1
1,6,1,2,6,17,FRANCE,POITOU-CHARENTES,415,17415,SAINTES,AUBARREE PLACE DE L',30008,0,4,VC,0,2,2,,,0,1,,,,1,7,0,0,1,0
1,6,1,1,6,17,FRANCE,POITOU-CHARENTES,415,17415,SAINTES,ROCADE OUEST,30022,0,4,VC,0,2,2,,,0,1,,,,1,7,0,0,1,0
1,6,1,1,6,17,FRANCE,POITOU-CHARENTES,415,17415,SAINTES,ROCADE OUEST,30023,0,4,VC,0,2,2,,,0,1,,,,1,7,0,0,1,0
1,6,1,1,6,17,FRANCE,POITOU-CHARENTES,415,17415,SAINTES,SAINTONGE RUELLE  DE,30034,0,4,VC,0,0,2,,,0,1,,,,1,7,0,0,1,0
5,5,3,2,3,18,FRANCE,CENTRE,205,18205,SAINT-DOULCHARD,RUE ANDRE-CHARLES BOULLE,30040,0,3,RD,0,0,0,,,0,1,,,,1,7,0,0,1,0
2,5,1,1,1,18,FRANCE,CENTRE,197,18197,SAINT-AMAND-MONTROND,Autre 0,30048,5,9,Autre,0,2,2,0,0,1,1,0,0,,1,7,0,0,1,0
1,7,1,1,6,18,FRANCE,CENTRE,033,18033,BOURGES,RUE DES HEMERETTES,30057,0,4,VC,0,2,2,,,2,1,,,,1,7,0,0,1,0
5,7,3,2,3,18,FRANCE,CENTRE,033,18033,BOURGES,BOULEVARD DE L'AVENIR,30061,0,4,VC,0,2,2,,,0,1,,,,1,7,0,0,1,0