lum,agg,int,atm,col,dep_bis,pays,region,com_bis,com_codeINSEE,communes,N_voie,numac,infra,catr,type_route,voie,circ,nbv,pr,pr1,vosp,situ,lat,long,adr,accident_velo,vehicule_imp,cycl_mort,cycl_bgv,cycl_blg,cycl_indm
1,6,3,1,1,18,FRANCE,CENTRE,279,18279,VIERZON,AVENUE DE LA REPUBLIQUE,30089,0,3,RD,0,0,3,,,0,0,,,,1,7,0,0,1,0
1,4,1,1,3,18,FRANCE,CENTRE,108,18108,GUERCHE-SUR-L'AUBOIS (LA),RD 976,30125,0,3,RD,976,2,2,9,0,0,1,0,0,,1,7,0,0,1,0
1,5,1,1,3,18,FRANCE,CENTRE,205,18205,SAINT-DOULCHARD,RUE ANDRE-CHARLES BOULLE,30138,5,4,VC,0,2,2,,,0,1,,,,1,7,0,0,1,0
1,7,2,1,3,18,FRANCE,CENTRE,033,18033,BOURGES,ALLEE EVARISTE GALOIS,30150,0,2,RN,0,2,2,,,0,1,,,,1,14,0,0,1,0
1,7,2,1,3,18,FRANCE,CENTRE,033,18033,BOURGES,RUE EDOUARD BRANLY ,30152,0,4,VC,0,1,1,,,0,1,,,,1,7,0,0,1,0
1,6,1,1,6,18,FRANCE,CENTRE,279,18279,VIERZON,QUAI DE L'ETANG,30166,0,4,VC,0,2,2,,,0,1,,,,1,7,0,0,1,0
1,4,1,1,1,18,FRANCE,CENTRE,267,18267,TROUY,RUE DU MAI,30175,0,4,VC,0,2,1,,,0,1,,,,1,7,0,0,1,0
1,7,1,1,2,18,FRANCE,CENTRE,033,18033,BOURGES,AVENUE MARCEL HAEGELEN,30184,0,4,VC,0,3,2,,,0,1,,,,1,7,0,0,1,0
1,4,2,1,1,18,FRANCE,CENTRE,057,18057,CHATEAUMEILLANT,VC 0,30193,0,4,VC,0,2,0,0,0,0,1,0,0,,1,7,0,0,1,0
1,5,1,1,1,18,FRANCE,CENTRE,205,18205,SAINT-DOULCHARD,AVENUE DES PRES LE ROI,30198,0,2,RN,0,2,2,,,0,1,,,,1,7,0,0,1,0
1,7,5,1,3,18,FRANCE,CENTRE,033,18033,BOURGES,BOULEVARD DE L'AVENIR,30199,0,4,VC,0,3,0,,,2,1,,,,1,7,0,0,1,0
1,6,1,2,3,18,FRANCE,CENTRE,279,18279,VIERZON,ROUTE DE MASSAY,30207,0,3,RD,0,2,2,9,0,0,1,,,,1,7,0,0,1,0
1,1,1,1,3,18,FRANCE,CENTRE,051,18051,CHAPELOTTE (LA),RD 11,30208,0,3,RD,11,2,2,0,0,0,1,4735500,258600,,1,7,0,0,1,0
1,7,1,2,6,18,FRANCE,CENTRE,033,18033,BOURGES,RAMPE MARCEAU,30223,0,4,VC,0,2,4,,,0,1,,,,1,,0,0,1,0
1,5,6,8,3,18,FRANCE,CENTRE,205,18205,SAINT-DOULCHARD,AVENUE DE LA REPUBLIQUE,30225,5,4,VC,0,2,2,,,0,1,,,,1,7,0,0,1,0
1,5,3,1,3,18,FRANCE,CENTRE,205,18205,SAINT-DOULCHARD,ROUTE D'ORLEANS,30263,0,2,RN,0,1,1,,,1,1,,,,1,7,0,0,1,0
1,7,1,1,5,18,FRANCE,CENTRE,033,18033,BOURGES,AVENUE FRANCOIS MITTERAND,30274,0,4,VC,0,2,2,,,2,1,,,,1,7,0,0,1,0
1,5,2,1,3,18,FRANCE,CENTRE,205,18205,SAINT-DOULCHARD,RUE ANDRE-CHARLES BOULLE,30284,0,4,VC,0,2,2,,,0,1,,,,1,7,0,0,1,0
1,7,6,2,3,18,FRANCE,CENTRE,033,18033,BOURGES,RUE DE SERAUCOURT,30288,0,4,VC,0,2,2,,,0,1,,,,1,7,0,0,1,0
1,7,1,1,6,18,FRANCE,CENTRE,033,18033,BOURGES,RUE PAUL VERLAINE,30313,0,4,VC,0,2,2,,,0,1,,,,1,7,0,0,1,0
1,5,3,7,3,18,FRANCE,CENTRE,205,18205,SAINT-DOULCHARD,ROUTE DE VOUZERON,30319,5,3,RD,0,2,2,,,0,1,,,,1,7,0,0,1,0
1,7,2,1,3,18,FRANCE,CENTRE,033,18033,BOURGES,RUE LOUIS MALLET,30421,0,3,RD,23,2,3,24,715,0,1,,,,1,7,0,0,1,0
1,7,1,1,3,18,FRANCE,CENTRE,033,18033,BOURGES,QUAI DES MARAICHERS,30433,0,4,VC,0,0,1,,,0,1,,,,1,2,0,0,1,0
1,7,3,1,3,18,FRANCE,CENTRE,033,18033,BOURGES,CHEMIN DES VIGNES DE LA CHAPPE,30441,0,4,VC,0,1,1,,,0,1,,,,1,7,0,0,1,0
1,5,2,8,1,18,FRANCE,CENTRE,205,18205,SAINT-DOULCHARD,ROUTE DE BERRY-BOUY,30461,5,3,RD,60,2,2,0,1,0,0,,,,1,10,0,0,1,0
1,7,2,1,1,18,FRANCE,CENTRE,033,18033,BOURGES,RUE SAINTONGE,30468,0,4,VC,0,2,0,,,0,1,,,,1,7,0,0,1,0
1,7,1,1,6,18,FRANCE,CENTRE,033,18033,BOURGES,BOULEVARD GEORGES CLEMENCEAU,30482,0,4,VC,0,3,4,,,0,1,,,,1,7,0,0,1,0
1,5,2,1,6,18,FRANCE,CENTRE,205,18205,SAINT-DOULCHARD,RUE DE LA GARE DE MARCHANDISES,30486,1,3,RD,58,2,2,0,1,0,1,,,,1,7,0,0,1,0
1,7,1,1,2,18,FRANCE,CENTRE,033,18033,BOURGES,RUE JEAN BAFFIER,30491,0,4,VC,0,2,2,,,0,5,,,,1,7,0,0,1,0
1,3,1,1,2,18,FRANCE,CENTRE,127,18127,LIGNIERES,RD 940,30494,0,3,RD,940,2,2,7,310,0,1,4675700,218400,,1,7,0,0,1,0
1,7,3,1,3,18,FRANCE,CENTRE,033,18033,BOURGES,RUE VLADIMIR JANKELEVITCH,30499,2,4,VC,0,1,2,,,0,1,,,,1,7,0,0,1,0
1,7,6,1,3,18,FRANCE,CENTRE,033,18033,BOURGES,BOULEVARD DE LA LIBERTE,30511,5,4,VC,0,2,2,,,0,1,,,,1,7,0,0,1,0
1,6,1,1,3,18,FRANCE,CENTRE,279,18279,VIERZON,RUE DU HUIT MAI 1945,30518,0,4,VC,0,2,0,0,,0,1,,,,1,7,0,0,1,0
5,7,6,3,3,18,FRANCE,CENTRE,033,18033,BOURGES,AVENUE JEAN JAURES,30538,0,4,VC,0,2,2,,,0,1,,,,1,7,0,0,1,0
5,6,1,1,1,18,FRANCE,CENTRE,279,18279,VIERZON,RUE DU HUIT MAI 1945,30557,0,4,VC,0,2,2,0,0,0,1,4722760,207611,,1,7,0,0,1,0
1,5,1,1,3,18,FRANCE,CENTRE,205,18205,SAINT-DOULCHARD,ROUTE DE VOUZERON,30635,0,3,RD,104,2,2,1,895,0,1,4710610,235681,,1,10,0,0,1,0
1,1,1,1,3,18,FRANCE,CENTRE,255,18255,SUBDRAY (LE),RN 151,30643,0,4,VC,0,0,2,0,0,0,3,4703300,231415,,1,7,0,0,1,0
1,7,3,1,2,18,FRANCE,CENTRE,033,18033,BOURGES,ROUTE DE LA CHARITE,30659,2,4,VC,0,1,2,0,0,0,1,4709520,242340,,1,7,0,0,1,0
1,6,1,1,6,18,FRANCE,CENTRE,279,18279,VIERZON,RUE BLANCHE BARON,30662,0,4,VC,0,2,2,0,0,0,1,4722130,206507,,1,7,0,0,1,0
1,7,2,1,3,18,FRANCE,CENTRE,033,18033,BOURGES,RUE BARBES,30675,0,4,VC,0,2,0,0,0,0,0,4707130,238837,,1,7,0,0,1,0
1,7,1,1,3,18,FRANCE,CENTRE,033,18033,BOURGES,PLACE SERAUCOURT,30700,0,6,Parking,0,0,0,0,0,0,1,4707910,239862,,1,7,0,0,1,0
1,7,1,1,3,18,FRANCE,CENTRE,033,18033,BOURGES,RUE FRANCOIS VILLON,30756,0,4,VC,,3,2,,,0,4,4710360,241209,,1,7,0,0,1,0
1,7,1,1,1,18,FRANCE,CENTRE,033,18033,BOURGES,RUE DE SERAUCOURT,30761,0,4,VC,,2,2,,,0,1,4707640,240074,,1,7,0,0,1,0
3,7,6,1,3,18,FRANCE,CENTRE,033,18033,BOURGES,AVENUE HENRI LAUDIER,30773,5,4,VC,,1,4,,,0,1,4709370,239409,,1,7,0,0,1,0
1,7,1,1,3,18,FRANCE,CENTRE,033,18033,BOURGES,AVENUE DU MARECHAL DE LATTRE DE TASSIGNY,30777,0,4,VC,,2,2,,,0,1,4709770,241753,,1,7,0,0,1,0
1,7,6,1,2,18,FRANCE,CENTRE,033,18033,BOURGES,ROUTE DES RACINES,30789,5,3,RD,151,2,2,1,740,0,1,4712580,239399,,1,7,0,0,1,0
1,6,1,1,3,18,FRANCE,CENTRE,279,18279,VIERZON,RUE MOLIERE,30811,0,4,VC,,1,1,,,3,4,4721900,206513,,1,7,0,0,1,0
1,6,2,1,2,18,FRANCE,CENTRE,279,18279,VIERZON,BOULEVARD DE LA NATION,30826,5,3,RD,2020,2,2,3,565,1,1,4721530,205894,,1,7,0,0,1,0
1,6,3,1,3,18,FRANCE,CENTRE,279,18279,VIERZON,AVENUE DE LA REPUBLIQUE,30837,0,3,RD,2076,2,2,92,877,0,1,4722300,206635,,1,7,0,0,1,0
5,6,3,1,3,19,FRANCE,LIMOUSIN,031,19031,BRIVE-LA-GAILLARDE,AVENUE GEORGES POMPIDOU,30843,0,4,VC,0,2,2,,,0,1,,,,1,7,0,0,1,0
1,6,6,1,3,19,FRANCE,LIMOUSIN,031,19031,BRIVE-LA-GAILLARDE,RUE JEAN MARSALES,30862,0,4,VC,0,2,2,,,0,1,,,,1,7,0,0,1,0
1,6,1,1,6,19,FRANCE,LIMOUSIN,031,19031,BRIVE-LA-GAILLARDE,BOULEVARD DOCTEUR VERLHAC,30872,0,4,VC,0,2,2,,,0,1,,,,1,,0,0,0,1
1,6,1,1,3,19,FRANCE,LIMOUSIN,031,19031,BRIVE-LA-GAILLARDE,RUE COURTELINE,30896,0,4,VC,0,2,2,,,0,1,,,,1,7,0,0,1,0
1,6,9,1,2,19,FRANCE,LIMOUSIN,031,19031,BRIVE-LA-GAILLARDE,AVENUE GEORGES POMPIDOU,30900,0,4,VC,0,2,3,,,0,1,,,,1,7,0,0,1,0
1,6,1,1,6,19,FRANCE,LIMOUSIN,031,19031,BRIVE-LA-GAILLARDE,CHEMIN DES CRETES,30901,0,4,VC,0,2,2,,,0,1,,,,1,7,0,0,1,0
1,6,3,1,7,22,FRANCE,BRETAGNE,278,22278,SAINT-BRIEUC,DE GOUEDIC,34660,5,4,VC,0,2,2,,,0,1,,,,1,,0,0,1,0
1,6,1,1,6,22,FRANCE,BRETAGNE,278,22278,SAINT-BRIEUC,DE GOUEDIC,34665,5,4,VC,0,2,3,,,0,1,,,,1,7,0,0,1,0
1,1,1,1,7,22,FRANCE,BRETAGNE,215,22215,PLOUFRAGAN,RUE DE LA GRANDE METAIRIE,34694,0,4,VC,0,2,2,,,0,1,,,,1,2,0,0,0,1
1,6,1,1,3,22,FRANCE,BRETAGNE,278,22278,SAINT-BRIEUC,MARCEL PROUST,34695,5,3,RD,0,2,2,,,0,0,,,,1,7,0,0,1,0
1,6,1,1,3,22,FRANCE,BRETAGNE,278,22278,SAINT-BRIEUC,ANTOINE MAZIER,34718,0,4,VC,0,2,2,,,0,1,,,,1,7,0,0,1,0
1,6,1,1,6,22,FRANCE,BRETAGNE,278,22278,SAINT-BRIEUC,DU VAU-GICQUEL,34756,0,4,VC,0,2,0,,,0,1,,,,1,7,0,0,1,0
1,5,1,1,7,22,FRANCE,BRETAGNE,215,22215,PLOUFRAGAN,RUE DES CROIX,34765,0,4,VC,0,2,2,,,0,1,,,,1,7,0,0,1,0
1,6,2,1,3,22,FRANCE,BRETAGNE,278,22278,SAINT-BRIEUC,PLACE DU GUESCLIN,34802,5,4,VC,0,1,1,,,2,1,,,,1,7,0,0,1,0
1,5,1,1,2,22,FRANCE,BRETAGNE,360,22360,TREGUEUX,ROND-POINT BREzillet,34810,0,4,VC,0,1,0,,,0,1,,,,1,7,0,0,1,0
1,1,1,1,1,22,FRANCE,BRETAGNE,136,22136,LOUDEAC,RD 41,34833,0,3,RD,41,2,2,0,0,0,1,0,0,,1,7,0,0,1,0
5,6,2,1,3,22,FRANCE,BRETAGNE,278,22278,SAINT-BRIEUC,SAINT-GILLES,34840,0,4,VC,0,0,0,,,0,0,,,,1,7,0,0,1,0
1,1,1,1,1,22,FRANCE,BRETAGNE,212,22212,PLOUEC-DU-TRIEUX,RD 8,34846,0,3,RD,8,2,0,0,0,0,1,4867200,-320400,,1,7,0,0,1,0
1,5,6,1,3,22,FRANCE,BRETAGNE,113,22113,LANNION,AVENUE DE LA RESISTANCE,34848,0,3,RD,0,1,2,1,0,1,5,,,,1,14,0,0,1,0
1,6,1,2,3,22,FRANCE,BRETAGNE,278,22278,SAINT-BRIEUC,DE PARIS,34864,0,4,VC,0,2,2,,,0,1,,,,1,7,0,0,1,0
1,6,1,1,2,22,FRANCE,BRETAGNE,278,22278,SAINT-BRIEUC,EDMOND ROSTAND,34877,0,4,VC,0,2,1,,,0,1,,,,1,7,0,0,1,0
2,6,1,1,2,22,FRANCE,BRETAGNE,278,22278,SAINT-BRIEUC,DE DOUVENANT,34879,0,4,VC,0,0,0,,,0,1,,,,1,7,0,0,1,0
2,6,1,1,2,22,FRANCE,BRETAGNE,278,22278,SAINT-BRIEUC,GAUGUIN,34897,0,4,VC,0,1,0,,,0,1,,,,1,10,0,0,1,0
1,1,1,6,7,22,FRANCE,BRETAGNE,360,22360,TREGUEUX,RUE DU BOCAGE,34901,0,4,VC,0,2,0,,,0,1,,,,1,,0,0,0,1
1,6,1,1,3,22,FRANCE,BRETAGNE,278,22278,SAINT-BRIEUC,ABBE GARNIER,34920,0,4,VC,0,2,2,,,1,1,,,,1,7,0,0,1,0
5,6,1,1,6,22,FRANCE,BRETAGNE,278,22278,SAINT-BRIEUC,DE GOUEDIC,34924,0,4,VC,0,2,2,,,0,1,,,,1,7,0,0,1,0
1,5,1,2,7,22,FRANCE,BRETAGNE,360,22360,TREGUEUX,RUE DU DOCTEUR LAENNEC,34928,0,4,VC,0,2,0,,,1,5,,,,1,,0,0,1,0
1,1,1,1,7,22,FRANCE,BRETAGNE,278,22278,SAINT-BRIEUC,CHEMIN DE L'ECLUSES,34929,0,4,VC,0,0,0,,,0,1,,,,1,,0,0,1,0
1,6,6,1,3,22,FRANCE,BRETAGNE,278,22278,SAINT-BRIEUC,DE LA GARE,34936,0,4,VC,0,0,0,,,0,0,,,,1,7,0,0,1,0
5,6,1,1,6,22,FRANCE,BRETAGNE,278,22278,SAINT-BRIEUC,MARCEL PROUST,34942,0,6,Parking,0,0,0,,,0,1,,,,1,,0,0,1,0
2,5,3,1,7,22,FRANCE,BRETAGNE,360,22360,TREGUEUX,RUE D'ARMOR,34966,0,3,RD,1,2,2,51,600,0,1,,,,1,,0,0,1,0
1,5,6,2,3,22,FRANCE,BRETAGNE,360,22360,TREGUEUX,ROND-POINT BREzillet,34978,0,3,RD,700,1,2,46,500,0,1,,,,1,10,0,0,1,0
1,6,6,1,7,22,FRANCE,BRETAGNE,278,22278,SAINT-BRIEUC,PLACE BARATOUX,34991,0,4,VC,0,1,1,,,0,1,,,,1,30,0,0,1,0
1,1,1,1,7,22,FRANCE,BRETAGNE,278,22278,SAINT-BRIEUC,BOULEVARD SEVIGNE,34995,0,4,VC,0,2,2,,,0,1,,,,1,,0,0,1,0
1,1,2,1,3,22,FRANCE,BRETAGNE,205,22205,PLOREC-SUR-ARGUENON,RD 89,35001,0,3,RD,89,2,1,18,850,0,1,0,0,,1,10,0,0,1,0
1,1,1,1,7,22,FRANCE,BRETAGNE,215,22215,PLOUFRAGAN,RD 712,35007,0,3,RD,712,3,4,56,600,1,1,,,,1,,0,0,1,0
1,5,2,1,3,22,FRANCE,BRETAGNE,106,22106,LANGUEUX,RUE DES HAUTS CHEMINS,35012,0,3,RD,712,2,2,51,0,0,1,,,,1,7,0,0,1,0
1,6,1,1,7,22,FRANCE,BRETAGNE,278,22278,SAINT-BRIEUC,RUE ANATOLE FRANCE,35024,0,4,VC,0,2,2,,,0,1,,,,1,,0,0,1,0
1,6,1,1,6,22,FRANCE,BRETAGNE,278,22278,SAINT-BRIEUC,DE GOUEDIC,35040,0,4,VC,0,2,2,,,0,4,,,,1,,0,0,1,0
1,6,6,1,3,22,FRANCE,BRETAGNE,278,22278,SAINT-BRIEUC,BOULEVARD LAENNEC,35041,5,4,VC,0,2,2,,,0,5,,,,1,7,0,0,1,0
1,6,1,1,3,22,FRANCE,BRETAGNE,278,22278,SAINT-BRIEUC,MARCEL PROUST,35048,0,3,RD,1,2,2,52,450,0,1,,,,1,7,0,0,1,0
1,6,1,1,7,22,FRANCE,BRETAGNE,278,22278,SAINT-BRIEUC,XAVIER GRALL,35060,0,4,VC,0,0,1,,,0,1,,,,1,,0,0,1,0
5,1,1,2,2,22,FRANCE,BRETAGNE,215,22215,PLOUFRAGAN,RD 712,35079,0,3,RD,712,3,4,56,650,0,1,,,,1,7,0,0,1,0
1,5,6,1,3,22,FRANCE,BRETAGNE,360,22360,TREGUEUX,,35124,0,4,VC,,2,2,,,0,1,4848800,-274013,,1,7,0,0,1,0
1,1,1,1,7,22,FRANCE,BRETAGNE,278,22278,SAINT-BRIEUC,DU LEGUE,35129,0,4,VC,0,2,2,,,0,1,4852279,-275351,,1,,0,0,1,0
1,5,6,1,3,22,FRANCE,BRETAGNE,215,22215,PLOUFRAGAN,RUE GEORGES CHEVANCE,35142,0,3,RD,712,1,2,27,0,0,1,4850108,-277953,,1,7,0,0,1,0
1,5,6,1,3,22,FRANCE,BRETAGNE,215,22215,PLOUFRAGAN,RUE DU PRE DAVY,35159,5,3,RD,45,2,2,6,2400,0,1,4850112,-278026,,1,10,0,0,1,0
1,5,1,1,2,22,FRANCE,BRETAGNE,050,22050,DINAN,RUE DU CHATEAU,35160,0,3,RD,795,2,2,4,1795,0,1,4845071,-204407,,1,7,0,0,1,0
1,6,1,1,2,22,FRANCE,BRETAGNE,278,22278,SAINT-BRIEUC,DES LYCEENS-MARTYRS,35174,0,4,VC,0,2,2,,,0,1,4851239,-276223,,1,7,0,0,1,0
1,1,6,1,3,22,FRANCE,BRETAGNE,215,22215,PLOUFRAGAN,RUE JEAN ROSTAND ,35178,5,3,RD,790,1,2,29,400,0,1,4848273,-279344,,1,7,0,0,1,0
1,6,1,1,3,22,FRANCE,BRETAGNE,278,22278,SAINT-BRIEUC,PLACE DE LA CITE,35181,0,4,VC,0,2,2,,,0,1,4851388,-274010,,1,7,0,0,1,0
1,6,1,1,7,22,FRANCE,BRETAGNE,278,22278,SAINT-BRIEUC,BOULEVARD DE LA MER,35194,0,4,VC,0,2,2,,,0,1,4851949,-274722,,1,,0,0,1,0
1,5,1,1,7,22,FRANCE,BRETAGNE,215,22215,PLOUFRAGAN,RUE DE LA VICTOIRE,35196,0,4,VC,0,2,2,,,0,1,4850181,-278105,,1,,0,0,1,0
1,6,3,1,3,22,FRANCE,BRETAGNE,278,22278,SAINT-BRIEUC,,35219,0,4,VC,,2,2,,,0,4,4849850,-275267,,1,7,0,0,1,0
1,6,1,1,3,22,FRANCE,BRETAGNE,278,22278,SAINT-BRIEUC,BOULEVARD CHARNER,35226,5,4,VC,0,2,2,,,0,1,4850807,-276557,,1,7,0,0,1,0
1,6,6,1,3,22,FRANCE,BRETAGNE,278,22278,SAINT-BRIEUC,AVENUE DE LA LIBERATION ,35235,5,4,VC,0,2,2,,,0,1,4851104,-275915,,1,7,0,0,1,0
1,6,6,1,3,22,FRANCE,BRETAGNE,278,22278,SAINT-BRIEUC,ROND-POINT PABLO NERUDA,35248,0,4,VC,0,1,1,,,0,1,4851926,-279154,,1,7,0,0,1,0
1,6,1,1,3,22,FRANCE,BRETAGNE,278,22278,SAINT-BRIEUC,ABBE GARNIER,35258,0,4,VC,0,2,3,,,2,5,4850580,-276138,,1,7,0,0,1,0
1,1,1,1,2,22,FRANCE,BRETAGNE,190,22190,PLESLIN-TRIGAVOU,RD 766,35272,0,3,RD,766,2,2,0,929,0,1,4853243,-205619,,1,10,0,0,1,0
1,5,1,1,1,22,FRANCE,BRETAGNE,070,22070,GUINGAMP,VC 0,35278,0,4,VC,0,2,0,0,0,0,1,4856700,-314900,,1,7,0,0,1,0
1,5,6,1,3,22,FRANCE,BRETAGNE,251,22251,PORDIC,VC 0,35282,0,4,VC,0,2,1,0,0,0,1,4857600,-281500,,1,7,0,0,1,0
1,5,6,1,3,22,FRANCE,BRETAGNE,050,22050,DINAN,PLACE DU MARECHAL LECLERC,35287,0,3,RD,166,1,2,0,217,0,1,4845618,-204925,,1,7,0,0,1,0
1,5,3,1,3,22,FRANCE,BRETAGNE,050,22050,DINAN,RUE FAYON,35289,0,4,VC,0,2,2,,,0,1,4846067,-204631,,1,7,0,0,1,0
1,5,1,1,2,22,FRANCE,BRETAGNE,050,22050,DINAN,RUE CAPITAINE HESRY,35290,4,3,RD,2,2,2,18,435,0,1,4845759,-205347,,1,7,0,0,1,0
1,5,4,1,3,22,FRANCE,BRETAGNE,050,22050,DINAN,RUE CHATEAUBRIAND,35296,5,3,RD,12,2,3,6,1202,0,1,4844631,-204596,,1,7,0,0,1,0
1,5,1,1,3,22,FRANCE,BRETAGNE,050,22050,DINAN,BOULEVARD ANDRE AUBERT,35298,0,4,VC,0,2,2,,,0,1,4846485,-204152,,1,7,0,0,1,0
1,5,6,1,3,22,FRANCE,BRETAGNE,050,22050,DINAN,PLACE GENERAL LECLERC,35300,5,3,RD,166,1,1,0,329,0,1,4845654,-204888,,1,10,0,0,1,0
1,5,6,1,3,22,FRANCE,BRETAGNE,113,22113,LANNION,AVENUE DU GENERAL DE GAULLE,35315,0,4,VC,0,2,2,1,0,0,1,,,,1,7,0,0,1,0
1,5,3,2,3,22,FRANCE,BRETAGNE,113,22113,LANNION,RUE DE L'AERODROME,35324,0,4,VC,0,2,2,,,0,1,4874536,-346604,,1,7,0,0,1,0
1,1,1,1,7,22,FRANCE,BRETAGNE,106,22106,LANGUEUX,RUE DE RENNES,35333,0,3,RD,712,2,2,23,149,0,1,4849338,-271045,,1,,0,0,1,0
1,6,4,1,3,22,FRANCE,BRETAGNE,278,22278,SAINT-BRIEUC,REINE-ASTRID,35335,0,4,VC,0,2,2,,,0,1,4850184,-275534,,1,7,0,0,1,0
1,6,1,1,6,22,FRANCE,BRETAGNE,278,22278,SAINT-BRIEUC,ABBE GARNIER,35348,0,4,VC,0,2,2,,,2,5,4850591,-276130,,1,7,0,0,1,0
1,1,6,1,7,22,FRANCE,BRETAGNE,360,22360,TREGUEUX,RUE DE SAINT-RIVILY,35350,0,4,VC,0,1,1,,,0,1,4848881,-276274,,1,,0,0,1,0
1,6,1,1,7,22,FRANCE,BRETAGNE,278,22278,SAINT-BRIEUC,LUZEL,35354,0,4,VC,0,2,2,,,0,3,4850501,-277587,,1,,0,0,1,0
1,1,1,1,2,22,FRANCE,BRETAGNE,215,22215,PLOUFRAGAN,RUE DU PONT DES ILES,35361,0,3,RD,712,2,2,29,3481,0,1,4852303,-281917,,1,7,0,0,1,0
1,5,6,1,3,22,FRANCE,BRETAGNE,360,22360,TREGUEUX,RUE DE L'EPINE BLANCHE,35387,5,4,VC,0,2,2,,,0,1,4849246,-273926,,1,7,0,0,1,0
1,5,2,1,3,22,FRANCE,BRETAGNE,106,22106,LANGUEUX,RUE DES HAUTS CHEMINS,35394,0,3,RD,712,2,2,22,618,1,1,4848576,-268377,,1,7,0,0,1,0
1,6,6,1,2,22,FRANCE,BRETAGNE,278,22278,SAINT-BRIEUC,BOULEVARD Waldeck Rousseau,35415,0,4,VC,0,2,2,,,0,1,4851221,-275540,,1,7,0,0,1,0
1,1,1,1,7,22,FRANCE,BRETAGNE,360,22360,TREGUEUX,RUE DU BOCAGE,35416,0,4,VC,0,2,2,,,0,1,,,,1,,0,0,1,0
1,1,3,1,3,22,FRANCE,BRETAGNE,215,22215,PLOUFRAGAN,RUE DU PONT NOIR,35428,0,3,RD,45,2,2,5,236,0,1,4848969,-284080,,1,7,0,0,1,0
1,1,1,1,3,22,FRANCE,BRETAGNE,106,22106,LANGUEUX,RUE AMBROISE PARE,35431,0,6,Parking,0,0,0,,,0,1,4849787,-273093,,1,7,0,0,1,0
1,4,1,1,1,23,FRANCE,LIMOUSIN,193,23193,SAINTE-FEYRE,RD 3,35480,0,3,RD,3,2,2,0,0,0,1,4614400,192100,,1,7,0,0,1,0
1,1,3,1,1,23,FRANCE,LIMOUSIN,238,23238,SAINT-QUENTIN-LA-CHABANNE,VC 6,35484,0,4,VC,6,2,0,0,0,0,0,4586400,215100,,1,7,0,0,1,0
1,5,1,1,3,23,FRANCE,LIMOUSIN,096,23096,GUERET,RUE DE STALINGRAD,35536,0,4,VC,0,1,1,,,0,1,,,,1,7,0,0,1,0
1,5,6,1,6,23,FRANCE,LIMOUSIN,096,23096,GUERET,ROND-POINT DE LA GANE,35547,0,4,VC,0,1,1,0,1,0,1,,,,1,7,0,0,1,0
1,1,1,1,3,23,FRANCE,LIMOUSIN,096,23096,GUERET,ROUTE DEPARTEMENTALE 940,35550,0,3,RD,0,2,2,32,900,0,1,,,,1,7,0,0,1,0
5,5,1,2,3,23,FRANCE,LIMOUSIN,096,23096,GUERET,ROUTE DE COURTILLE,35551,0,3,RD,914,2,2,0,820,0,1,,,,1,7,0,0,1,0
5,5,3,1,6,24,FRANCE,AQUITAINE,138,24138,COULOUNIEIX-CHAMIERS,BOULEVARD JEAN MOULIN,35565,0,4,VC,0,2,2,,,0,1,,,,1,7,0,0,1,0
1,6,1,1,3,24,FRANCE,AQUITAINE,322,24322,PERIGUEUX,RUE PAUL BERT,35583,0,4,VC,0,2,2,,,0,1,,,,1,7,0,0,1,0
1,1,1,1,2,24,FRANCE,AQUITAINE,561,24561,VALEUIL,RD 78,35604,0,3,RD,78,2,2,18,600,0,1,0,0,,1,10,0,0,1,0
1,6,1,1,3,24,FRANCE,AQUITAINE,322,24322,PERIGUEUX,RUE PIERRE SEMARD,35609,0,3,RD,0,2,2,,,0,1,,,,1,10,0,0,1,0
2,6,2,3,3,24,FRANCE,AQUITAINE,322,24322,PERIGUEUX,CHEMIN DE SALTGOURDE,35629,0,4,VC,0,2,2,,,0,1,,,,1,7,0,0,1,0
1,6,3,1,6,24,FRANCE,AQUITAINE,322,24322,PERIGUEUX,RUE TALLEYRAND PERIGORD,35672,0,4,VC,0,2,2,,,0,1,,,,1,7,0,0,1,0
1,6,2,1,2,24,FRANCE,AQUITAINE,037,24037,BERGERAC,VC 0,35678,0,4,VC,0,2,1,0,100,0,1,,,,1,7,0,0,1,0
1,5,1,1,6,24,FRANCE,AQUITAINE,138,24138,COULOUNIEIX-CHAMIERS,RUE YVES FARGES,35693,0,4,VC,0,2,2,,,0,1,,,,1,7,0,0,1,0
1,6,7,1,3,24,FRANCE,AQUITAINE,037,24037,BERGERAC,VC 0,35699,0,4,VC,0,2,1,0,1,0,0,,,,1,7,0,0,1,0
1,6,1,2,6,24,FRANCE,AQUITAINE,322,24322,PERIGUEUX,PLACE ANDRE MAUROIS,35700,0,4,VC,0,1,1,,,0,1,,,,1,7,0,0,1,0
1,6,2,1,3,24,FRANCE,AQUITAINE,037,24037,BERGERAC,VC 0,35708,0,4,VC,0,2,1,0,1,0,1,,,,1,7,0,0,1,0
1,6,2,1,6,24,FRANCE,AQUITAINE,322,24322,PERIGUEUX,RUE FORQUENOT,35714,0,4,VC,0,2,2,,,0,1,,,,1,7,0,0,1,0
1,1,3,8,3,24,FRANCE,AQUITAINE,053,24053,BOULAZAC,AVENUE FRANCOIS MITTERAND,35741,5,2,RN,0,2,2,,,0,1,,,,1,7,0,0,1,0