lum,agg,int,atm,col,dep_bis,pays,region,com_bis,com_codeINSEE,communes,N_voie,numac,infra,catr,type_route,voie,circ,nbv,pr,pr1,vosp,situ,lat,long,adr,accident_velo,vehicule_imp,cycl_mort,cycl_bgv,cycl_blg,cycl_indm
5,6,2,2,3,24,FRANCE,AQUITAINE,037,24037,BERGERAC,VC 0,35746,0,4,VC,0,2,1,0,1,0,1,,,,1,7,0,0,1,0
1,6,4,1,3,24,FRANCE,AQUITAINE,322,24322,PERIGUEUX,RUE JEAN PAGES,35762,0,4,VC,0,2,2,,,0,1,,,,1,7,0,0,1,0
1,4,3,1,3,24,FRANCE,AQUITAINE,312,24312,NOTRE-DAME-DE-SANILHAC,ROUTE DE SAINT PIERRE ES LIEN,35813,0,4,VC,0,2,2,,,0,1,,,,1,7,0,0,1,0
1,1,1,1,3,24,FRANCE,AQUITAINE,103,24103,CHANGE (LE),RD 5,35822,0,3,RD,5,2,0,39,100,0,1,4519800,87700,,1,7,0,0,1,0
1,1,1,1,6,24,FRANCE,AQUITAINE,037,24037,BERGERAC,RD 32,35849,0,3,RD,0,2,2,,,0,1,,,,1,7,0,0,1,0
1,3,1,1,1,24,FRANCE,AQUITAINE,092,24092,CENDRIEUX,VC 1,35866,0,4,VC,1,2,2,0,0,0,1,0,0,,1,7,0,0,1,0
1,1,1,1,1,24,FRANCE,AQUITAINE,561,24561,VALEUIL,RD 106,35877,0,3,RD,106,0,2,27,300,0,1,4553300,5600,,1,,0,0,1,0
1,8,1,1,6,25,FRANCE,FRANCHE-COMTE,056,25056,BESANCON,RUE DES MARTELOTS ,35935,0,4,VC,0,0,0,,,0,4,,,,1,,0,0,0,1
1,8,1,2,3,25,FRANCE,FRANCHE-COMTE,056,25056,BESANCON,RUE GENERAL BRULARD ,35939,0,4,VC,0,0,0,,,0,5,,,,1,7,0,0,1,0
1,3,1,1,3,25,FRANCE,FRANCHE-COMTE,020,25020,ARBOUANS,RUE DE MONTBELIARD,35945,0,3,RD,0,3,2,,,0,1,,,,1,7,0,0,1,0
1,8,1,1,3,25,FRANCE,FRANCHE-COMTE,056,25056,BESANCON,VEIL-PICARD QUAI,35964,0,4,VC,0,1,1,,,0,1,,,,1,7,0,0,1,0
1,8,9,1,3,25,FRANCE,FRANCHE-COMTE,056,25056,BESANCON,BOULEVARD OUEST,35976,0,3,RD,0,3,2,,,0,1,,,,1,7,0,0,1,0
1,5,1,1,3,25,FRANCE,FRANCHE-COMTE,580,25580,VALENTIGNEY,RUE GRANDE  RUE,35980,0,4,VC,0,1,2,,,0,1,,,,1,7,0,0,1,0
1,8,3,1,6,25,FRANCE,FRANCHE-COMTE,056,25056,BESANCON,STRASBOURG QUAI DE,36007,0,4,VC,0,1,1,,,0,1,,,,1,,0,0,1,0
1,8,4,1,3,25,FRANCE,FRANCHE-COMTE,056,25056,BESANCON,RUE GENERAL BRULARD ,36030,0,4,VC,0,2,2,,,0,1,,,,1,7,0,0,1,0
1,8,1,1,3,25,FRANCE,FRANCHE-COMTE,056,25056,BESANCON,AVENUE DE L'ILE DE FRANCE,36039,0,4,VC,0,1,2,,,3,1,,,,1,18,0,0,1,0
5,8,1,1,3,25,FRANCE,FRANCHE-COMTE,056,25056,BESANCON,AVENUE EDGARFAURE,36048,0,4,VC,0,1,3,,,0,1,,,,1,7,0,0,1,0
1,8,1,1,3,25,FRANCE,FRANCHE-COMTE,056,25056,BESANCON,RUE DE BELFORT,36050,0,4,VC,0,1,2,,,0,1,,,,1,7,0,0,1,0
1,8,1,1,2,25,FRANCE,FRANCHE-COMTE,056,25056,BESANCON,RUE DES GRANGES ,36054,0,4,VC,0,1,1,,,0,1,,,,1,10,0,0,1,0
1,8,1,1,2,25,FRANCE,FRANCHE-COMTE,056,25056,BESANCON,AVENUE DE L'OBSERVATOIRE,36056,0,6,Parking,0,0,0,,,0,1,,,,1,7,0,0,1,0
1,8,1,1,2,25,FRANCE,FRANCHE-COMTE,056,25056,BESANCON,RUE DU PIEMONT ,36063,0,4,VC,0,2,2,,,0,1,,,,1,7,0,0,1,0
1,8,6,1,3,25,FRANCE,FRANCHE-COMTE,056,25056,BESANCON,CHEMIN DE L'EPITAPHE,36071,3,4,VC,0,2,2,,,0,1,,,,1,7,0,0,1,0
5,1,1,1,3,25,FRANCE,FRANCHE-COMTE,056,25056,BESANCON,AVENUE DE MONTRAPON,36084,0,4,VC,0,2,2,,,0,1,,,,1,7,0,0,1,0
1,6,1,1,3,25,FRANCE,FRANCHE-COMTE,388,25388,MONTBELIARD,RUE DE LA PETITE HOLLANDE,36090,0,4,VC,0,3,1,,,0,1,,,,1,7,0,0,1,0
1,8,3,1,3,25,FRANCE,FRANCHE-COMTE,056,25056,BESANCON,RUE VICTOR SELLIER,36095,0,4,VC,0,2,2,,,0,1,,,,1,7,0,0,1,0
1,8,1,1,3,25,FRANCE,FRANCHE-COMTE,056,25056,BESANCON,RUE XAVIER MARMIER,36097,0,3,RD,0,2,2,,,2,5,,,,1,7,0,0,1,0
1,8,2,1,3,25,FRANCE,FRANCHE-COMTE,056,25056,BESANCON,AVENUE  COMMANDANTMARCEAU ,36098,0,4,VC,0,2,2,,,0,1,,,,1,31,0,0,1,0
1,8,1,4,1,25,FRANCE,FRANCHE-COMTE,056,25056,BESANCON,AVENUE ELISEECUSENIER,36146,0,4,VC,0,2,2,,,2,1,,,,1,37,0,0,1,0
1,8,1,1,7,25,FRANCE,FRANCHE-COMTE,056,25056,BESANCON,RUE DE LA REPUBLIQUE ,36158,2,4,VC,0,2,3,1,0,2,1,,,,1,,0,0,1,0
1,8,1,1,2,25,FRANCE,FRANCHE-COMTE,056,25056,BESANCON,RUE DES CAUSSES ,36163,0,6,Parking,0,0,0,,,0,1,,,,1,7,0,0,1,0
1,8,1,1,3,25,FRANCE,FRANCHE-COMTE,056,25056,BESANCON,RUE FRANCIS CLERC,36165,0,4,VC,0,2,2,,,0,1,,,,1,7,0,0,1,0
1,8,1,1,6,25,FRANCE,FRANCHE-COMTE,056,25056,BESANCON,RUE MEGEVAND ,36173,0,4,VC,0,1,1,,,1,1,,,,1,,0,0,0,1
1,8,1,1,4,25,FRANCE,FRANCHE-COMTE,056,25056,BESANCON,RUE STEPHANE MALLARME,36178,5,4,VC,0,1,2,1,0,0,1,,,,1,7,0,0,0,1
2,8,1,1,3,25,FRANCE,FRANCHE-COMTE,056,25056,BESANCON,RUE DU LANGUEDOC,36191,0,4,VC,0,2,2,,,0,1,,,,1,7,0,0,1,0
5,8,1,1,6,25,FRANCE,FRANCHE-COMTE,056,25056,BESANCON,AVENUE DE L'ILE DE FRANCE,36193,0,4,VC,0,3,4,,,0,1,,,,1,7,0,0,1,0
1,8,2,1,3,25,FRANCE,FRANCHE-COMTE,056,25056,BESANCON,RUE PAUL VALERY,36235,0,4,VC,0,3,2,,,0,1,,,,1,7,0,0,1,0
1,8,1,1,3,25,FRANCE,FRANCHE-COMTE,056,25056,BESANCON,AVENUE DE MONTRAPON,36236,0,4,VC,0,0,2,,,0,1,,,,1,7,0,0,1,0
5,8,1,1,3,25,FRANCE,FRANCHE-COMTE,056,25056,BESANCON,* DU,36237,0,4,VC,0,2,2,,,0,1,,,,1,7,0,0,1,0
1,8,1,1,3,25,FRANCE,FRANCHE-COMTE,056,25056,BESANCON,RUE ROMAIN ROUSSEL,36256,0,4,VC,0,2,2,,,0,1,,,,1,7,0,0,1,0
1,8,3,1,3,25,FRANCE,FRANCHE-COMTE,056,25056,BESANCON,RUE DE DOLE ,36258,0,4,VC,0,2,3,,,1,1,,,,1,7,0,0,1,0
5,8,1,1,7,25,FRANCE,FRANCHE-COMTE,056,25056,BESANCON,RUE DU CHASNOT ,36266,0,3,RD,0,2,2,,,0,1,,,,1,,0,0,1,0
2,8,1,8,3,25,FRANCE,FRANCHE-COMTE,056,25056,BESANCON,RUE DE DOLE ,36271,0,4,VC,0,2,2,,,2,1,,,,1,7,0,0,1,0
1,8,1,1,3,25,FRANCE,FRANCHE-COMTE,056,25056,BESANCON,RUE DES ANDELYS ,36301,0,4,VC,0,2,2,,,0,1,,,,1,7,0,0,1,0
5,8,3,1,3,25,FRANCE,FRANCHE-COMTE,056,25056,BESANCON,CHEMIN DE LA GRANGE MARGUET,36313,0,4,VC,0,2,2,,,0,1,,,,1,7,0,0,1,0
5,8,2,1,3,25,FRANCE,FRANCHE-COMTE,056,25056,BESANCON,RUE NARCISSE LANCHY ,36325,0,4,VC,0,2,20,,,0,1,,,,1,7,0,0,1,0
1,2,1,1,2,25,FRANCE,FRANCHE-COMTE,631,25631,VORGES-LES-PINS,RD 104,36344,0,3,RD,104,2,2,0,0,0,1,4716300,593000,,1,7,0,0,1,0
1,8,1,3,1,25,FRANCE,FRANCHE-COMTE,056,25056,BESANCON,AVENUE LEO LAGRANGE,36347,0,4,VC,0,0,0,,,0,0,,,,1,7,0,0,1,0
1,8,9,1,3,25,FRANCE,FRANCHE-COMTE,056,25056,BESANCON,RUE RENE CHAR ,36360,0,4,VC,0,0,2,,,0,1,,,,1,7,0,0,1,0
1,8,1,2,3,25,FRANCE,FRANCHE-COMTE,056,25056,BESANCON,TARRAGNOZ FAUBOURG,36367,0,4,VC,0,4,2,,,0,4,,,,1,7,0,0,1,0
1,8,1,1,3,25,FRANCE,FRANCHE-COMTE,056,25056,BESANCON,AVENUE FRANCOIS MITTERAND,36369,0,4,VC,0,0,2,,,0,1,,,,1,7,0,0,1,0
1,8,1,1,3,25,FRANCE,FRANCHE-COMTE,056,25056,BESANCON,PLACE DU MARECHAL LECLERC,36386,0,4,VC,0,0,2,,,0,1,,,,1,7,0,0,1,0
1,8,1,1,3,25,FRANCE,FRANCHE-COMTE,056,25056,BESANCON,RUE DE DOLE ,36396,0,4,VC,0,2,2,,,1,1,,,,1,7,0,0,1,0
1,8,6,2,2,25,FRANCE,FRANCHE-COMTE,056,25056,BESANCON,AVENUE DE BOURGOGNE,36399,3,4,VC,0,1,2,,,0,1,,,,1,7,0,0,1,0
1,8,1,1,3,25,FRANCE,FRANCHE-COMTE,056,25056,BESANCON,CHEMIN DES MONTARMOTS ,36402,0,4,VC,0,1,1,,,0,1,,,,1,7,0,0,1,0
1,8,1,1,2,25,FRANCE,FRANCHE-COMTE,056,25056,BESANCON,CHEMIN DE VIEILLEY  ,36404,0,4,VC,0,2,2,,,0,1,,,,1,7,0,0,1,0
1,8,1,2,3,25,FRANCE,FRANCHE-COMTE,056,25056,BESANCON,BOULEVARD DIDEROT,36413,0,4,VC,0,1,2,,,0,1,,,,1,15,0,0,1,0
1,8,1,1,6,25,FRANCE,FRANCHE-COMTE,056,25056,BESANCON,RUE DE L' ORME DE CHAMARS,36481,0,4,VC,0,2,1,,,1,1,,,,1,,0,0,0,1
2,8,1,1,6,25,FRANCE,FRANCHE-COMTE,056,25056,BESANCON,VEIL-PICARD QUAI,36484,0,4,VC,0,1,1,,,0,1,,,,1,7,0,0,1,0
1,8,3,1,3,25,FRANCE,FRANCHE-COMTE,056,25056,BESANCON,CHEMIN DE L'EPITAPHE,36500,0,4,VC,0,2,2,,,0,1,,,,1,7,0,0,1,0
1,8,6,2,3,25,FRANCE,FRANCHE-COMTE,056,25056,BESANCON,RUE KEPLER ,36515,0,4,VC,0,2,2,,,0,1,,,,1,7,0,0,1,0
5,8,3,1,3,25,FRANCE,FRANCHE-COMTE,056,25056,BESANCON,AVENUE DES GERANIUMS,36521,0,4,VC,0,2,2,,,0,1,,,,1,7,0,0,1,0
1,8,2,1,1,25,FRANCE,FRANCHE-COMTE,056,25056,BESANCON,AVENUE DE LA GARE D'EAU ,36545,0,4,VC,0,1,2,,,0,1,,,,1,7,0,0,1,0
1,8,1,7,3,25,FRANCE,FRANCHE-COMTE,056,25056,BESANCON,AVENUE DU SOIXANTIEME R.I.,36552,0,4,VC,0,2,2,,,0,4,,,,1,7,0,0,1,0
1,8,1,1,3,25,FRANCE,FRANCHE-COMTE,056,25056,BESANCON,RUE MARECHAL LYAUTEY ,36553,0,4,VC,0,2,2,,,0,1,,,,1,7,0,0,1,0
1,8,2,1,1,25,FRANCE,FRANCHE-COMTE,056,25056,BESANCON,JOUFFROY PLACE D'ABBANS,36559,0,4,VC,0,2,2,,,0,0,,,,1,7,0,0,1,0
1,8,6,1,3,25,FRANCE,FRANCHE-COMTE,056,25056,BESANCON,CHEMIN DES MONTBOUCONS ,36574,0,4,VC,0,1,1,,,0,0,,,,1,7,0,0,1,0
1,8,1,1,2,25,FRANCE,FRANCHE-COMTE,056,25056,BESANCON,RUE MIDOL ,36590,0,4,VC,0,0,2,,,0,0,,,,1,32,0,0,1,0
1,8,1,1,7,25,FRANCE,FRANCHE-COMTE,056,25056,BESANCON,CHEMIN DES JOURNAUX ,36609,0,4,VC,0,2,2,,,0,4,,,,1,,0,0,1,0
1,8,1,1,2,25,FRANCE,FRANCHE-COMTE,056,25056,BESANCON,RUE DE VESOUL,36611,0,4,VC,0,2,2,,,0,1,,,,1,7,0,0,1,0
1,8,3,2,3,25,FRANCE,FRANCHE-COMTE,056,25056,BESANCON,AVENUE DE L'OBSERVATOIRE,36613,0,4,VC,0,2,2,,,0,1,,,,1,7,0,0,1,0
1,4,1,1,1,25,FRANCE,FRANCHE-COMTE,230,25230,EXINCOURT,RUE D'AUDINCOURT,36646,0,3,RD,437,2,1,139,0,0,1,,,,1,7,0,0,1,0
1,1,6,1,3,25,FRANCE,FRANCHE-COMTE,204,25204,DOUBS,RN 57,36649,5,2,RN,57,1,2,67,0,0,1,,,,1,7,0,0,1,0
1,8,1,1,3,25,FRANCE,FRANCHE-COMTE,056,25056,BESANCON,AVENUE DENFERT ROCHEREAU,36652,0,4,VC,,3,2,,,1,5,,,,1,7,0,0,1,0
1,5,9,1,3,25,FRANCE,FRANCHE-COMTE,367,25367,MANDEURE,RD 437,36656,0,3,RD,437,2,2,132,90,2,5,4744900,681700,,1,7,0,0,1,0
1,8,1,1,3,25,FRANCE,FRANCHE-COMTE,056,25056,BESANCON,AVENUE DENFERT ROCHEREAU,36669,0,4,VC,,1,1,,,1,1,,,,1,7,0,0,1,0
2,8,1,1,6,25,FRANCE,FRANCHE-COMTE,056,25056,BESANCON,RUE DE BELFORT,36684,0,4,VC,,0,0,,,0,4,,,,1,,0,0,0,1
5,6,6,1,3,25,FRANCE,FRANCHE-COMTE,388,25388,MONTBELIARD,ROND-POINT HELVETIE,36687,0,3,RD,663,0,2,,,0,0,,,,1,7,0,0,1,0
1,3,2,1,3,25,FRANCE,FRANCHE-COMTE,320,25320,LABERGEMENT-SAINTE-MARIE,RD 437,36694,5,3,RD,437,2,2,22,108,0,1,0,0,,1,7,0,0,1,0
5,8,6,4,3,25,FRANCE,FRANCHE-COMTE,056,25056,BESANCON,ROUTE DE GRAY RN 1057,36699,3,2,RN,1057,3,4,5,40,3,0,,,,1,7,0,0,1,0
1,8,1,1,3,25,FRANCE,FRANCHE-COMTE,056,25056,BESANCON,AVENUE MARECHAL FOCH,36717,0,4,VC,,1,1,,,3,1,,,,1,37,0,0,1,0
1,8,1,1,3,25,FRANCE,FRANCHE-COMTE,056,25056,BESANCON,RUE JEAN WYRSCH,36719,0,4,VC,,2,0,,,0,4,,,,1,7,0,0,1,0
1,8,1,8,2,25,FRANCE,FRANCHE-COMTE,056,25056,BESANCON,RUE DE LA MOUILLERE,36725,0,4,VC,,2,2,,,0,1,,,,1,7,0,0,1,0
1,8,1,1,1,25,FRANCE,FRANCHE-COMTE,056,25056,BESANCON,AVENUE  COMMANDANTMARCEAU ,36727,0,4,VC,,2,2,,,0,1,,,,1,7,0,0,1,0
1,8,1,1,2,25,FRANCE,FRANCHE-COMTE,056,25056,BESANCON,AVENUE DE MONTRAPON,36745,0,4,VC,,0,3,,,0,1,,,,1,7,0,0,1,0
1,8,2,1,3,25,FRANCE,FRANCHE-COMTE,056,25056,BESANCON,RUE DE BELFORT,36756,0,4,VC,,1,0,,,0,1,,,,1,7,0,0,1,0
1,8,1,1,1,25,FRANCE,FRANCHE-COMTE,056,25056,BESANCON,CHEMIN DES GRAVIERS BLANCS,36758,0,4,VC,,2,1,,,1,1,,,,1,3,0,0,1,0
1,8,3,1,3,25,FRANCE,FRANCHE-COMTE,056,25056,BESANCON,RUE ANTIDE JANVIER,36767,0,4,VC,,0,1,,,0,1,,,,1,7,0,0,1,0
1,8,1,1,3,25,FRANCE,FRANCHE-COMTE,056,25056,BESANCON,RUE DE VITTEL  ,36768,0,4,VC,,0,1,,,0,1,,,,1,7,0,0,1,0
1,8,1,1,6,25,FRANCE,FRANCHE-COMTE,056,25056,BESANCON,RUE DE DOLE ,36771,0,4,VC,,2,2,,,0,1,,,,1,7,0,0,1,0
1,1,1,1,6,25,FRANCE,FRANCHE-COMTE,056,25056,BESANCON,CHEMIN DE MONTOILLE ,36784,0,4,VC,,0,2,,,0,0,,,,1,,0,0,1,0
2,8,1,2,1,25,FRANCE,FRANCHE-COMTE,056,25056,BESANCON,AVENUE DE L'OBSERVATOIRE,36785,0,4,VC,,2,2,,,0,1,,,,1,7,0,0,1,0
1,8,1,1,6,25,FRANCE,FRANCHE-COMTE,056,25056,BESANCON,RUE DE LA PREFECTURE,36789,0,4,VC,,2,2,,,0,5,,,,1,7,0,0,1,0
1,8,1,2,6,25,FRANCE,FRANCHE-COMTE,056,25056,BESANCON,RUE GABRIEL PLANCON,36799,0,4,VC,,2,2,,,0,1,,,,1,7,0,0,1,0
5,8,6,1,2,25,FRANCE,FRANCHE-COMTE,056,25056,BESANCON,RUE ALAIN SAVARY,36800,0,4,VC,,0,0,,,0,1,,,,1,7,0,0,1,0
1,5,1,1,3,25,FRANCE,FRANCHE-COMTE,462,25462,PONTARLIER,DOUBS DE,36826,0,4,VC,,2,2,,,0,1,,,,1,7,0,0,1,0
1,5,7,3,3,25,FRANCE,FRANCHE-COMTE,462,25462,PONTARLIER,PLACE SAINT PIERRE ,36829,0,4,VC,0,1,1,,,0,1,,,,1,7,0,0,1,0
1,5,1,8,6,25,FRANCE,FRANCHE-COMTE,462,25462,PONTARLIER,DE LA REPUBLIQUE,36833,0,3,RD,74,1,1,67,800,0,1,,,,1,7,0,0,1,0
1,5,1,1,3,25,FRANCE,FRANCHE-COMTE,462,25462,PONTARLIER,AVENUE DE L'ARMEE DE L'EST,36835,0,4,VC,,2,2,,,0,4,,,,1,7,0,0,1,0
1,5,3,1,6,26,FRANCE,RHONE-ALPES,057,26057,BOURG-DE-PEAGE,RN 0,36854,0,2,RN,0,3,2,18,520,0,1,,,,1,,0,0,1,0
1,6,3,1,6,26,FRANCE,RHONE-ALPES,281,26281,ROMANS-SUR-ISERE,IMPASSE DES CHARMILLES,36870,0,4,VC,0,2,2,,,0,1,,,,1,7,0,0,1,0
1,1,3,1,3,26,FRANCE,RHONE-ALPES,324,26324,SAINT-PAUL-TROIS-CHATEAUX,RD 59,36876,0,3,RD,59,2,2,0,0,0,1,0,0,,1,7,0,0,1,0
1,6,6,1,6,26,FRANCE,RHONE-ALPES,281,26281,ROMANS-SUR-ISERE,RUE CLAUDE BERNARD,36882,0,4,VC,0,2,2,,,0,0,,,,1,7,0,0,1,0
1,6,1,1,6,26,FRANCE,RHONE-ALPES,281,26281,ROMANS-SUR-ISERE,PN 19,36890,0,9,Autre,0,1,1,,,1,1,,,,1,2,0,0,1,0
1,6,3,1,6,26,FRANCE,RHONE-ALPES,281,26281,ROMANS-SUR-ISERE,RUE CHATEAU BRUNET,36893,0,4,VC,0,1,2,,,0,0,,,,1,7,0,0,1,0
1,5,1,1,3,26,FRANCE,RHONE-ALPES,108,26108,CREST,RD 93,36900,0,3,RD,93,2,2,0,0,0,1,0,0,,1,7,0,0,1,0
1,1,1,1,3,26,FRANCE,RHONE-ALPES,301,26301,SAINT-DONAT-SUR-L'HERBASSE,RD 53,36902,5,3,RD,53,2,2,11,200,0,1,4512400,499900,,1,7,0,0,1,0
1,3,1,1,3,26,FRANCE,RHONE-ALPES,096,26096,CLERIEUX,VC 0,36903,0,4,VC,0,0,0,0,0,0,1,0,0,,1,13,0,0,1,0
1,6,1,1,2,26,FRANCE,RHONE-ALPES,281,26281,ROMANS-SUR-ISERE,AVENUE GAMBETTA,36909,0,3,RD,0,3,2,,,3,1,,,,1,7,0,0,1,0
2,6,3,2,6,26,FRANCE,RHONE-ALPES,281,26281,ROMANS-SUR-ISERE,RN 0,36925,0,2,RN,0,3,2,1,700,0,1,,,,1,7,0,0,1,0
1,5,2,1,3,26,FRANCE,RHONE-ALPES,058,26058,BOURG-LES-VALENCE,RUE SIMONE DE BEAUVOIR,36926,0,4,VC,0,2,2,,,0,1,,,,1,7,0,0,1,0
1,7,1,1,3,26,FRANCE,RHONE-ALPES,362,26362,VALENCE,ALLEE  RAYMOND MIAS,36932,0,4,VC,0,2,2,,,0,1,,,,1,7,0,0,1,0
1,7,4,1,6,26,FRANCE,RHONE-ALPES,362,26362,VALENCE,RUE PONT DU GAT,36938,0,4,VC,0,2,1,,,0,1,,,,1,7,0,0,1,0
3,1,3,1,3,26,FRANCE,RHONE-ALPES,281,26281,ROMANS-SUR-ISERE,RD 0,36947,0,3,RD,0,2,2,13,400,0,1,,,,1,7,0,0,1,0
1,1,6,1,3,26,FRANCE,RHONE-ALPES,362,26362,VALENCE,RUE DENIS PAPIN,36951,0,4,VC,0,2,2,,,0,1,,,,1,7,0,0,1,0
2,7,1,2,7,26,FRANCE,RHONE-ALPES,362,26362,VALENCE,RUE D'ASTI,36993,0,4,VC,0,2,2,,,0,1,,,,1,7,0,0,1,0
5,6,6,2,6,26,FRANCE,RHONE-ALPES,281,26281,ROMANS-SUR-ISERE,RD 0,37013,0,3,RD,0,2,2,34,961,0,0,,,,1,7,0,0,1,0
1,6,1,1,6,26,FRANCE,RHONE-ALPES,281,26281,ROMANS-SUR-ISERE,RN 0,37016,0,2,RN,0,2,2,2,100,0,1,,,,1,7,0,0,1,0
1,5,6,2,3,26,FRANCE,RHONE-ALPES,058,26058,BOURG-LES-VALENCE,RUE  EDITH PIAF,37018,0,4,VC,0,2,2,,,0,1,,,,1,7,0,0,1,0
1,6,1,1,6,26,FRANCE,RHONE-ALPES,281,26281,ROMANS-SUR-ISERE,BOULEVARD ROURE REMY,37025,0,4,VC,0,2,2,,,0,1,,,,1,7,0,0,1,0
5,6,6,8,6,26,FRANCE,RHONE-ALPES,281,26281,ROMANS-SUR-ISERE,PONT DES ALLOBROGES,37027,0,2,RN,0,2,2,1,500,0,0,,,,1,7,0,0,1,0
1,6,1,1,6,26,FRANCE,RHONE-ALPES,281,26281,ROMANS-SUR-ISERE,RUE ABBAT SIMONE,37045,0,4,VC,0,2,2,,,0,4,,,,1,7,0,0,1,0
1,5,1,1,6,26,FRANCE,RHONE-ALPES,252,26252,PORTES-LES-VALENCE,AVENUE DU PORT,37048,0,4,VC,0,1,2,,,0,1,,,,1,7,0,0,1,0
1,6,3,1,3,26,FRANCE,RHONE-ALPES,198,26198,MONTELIMAR,RUE PRUNIERE,37054,0,4,VC,0,2,1,,,0,1,,,,1,7,0,0,1,0
1,6,1,1,6,26,FRANCE,RHONE-ALPES,281,26281,ROMANS-SUR-ISERE,RUE JACQUEMART,37055,0,4,VC,0,1,1,,,0,1,,,,1,,0,0,0,1
5,6,3,1,6,26,FRANCE,RHONE-ALPES,281,26281,ROMANS-SUR-ISERE,COTE SAINT URSULE,37068,0,4,VC,0,2,2,,,0,0,,,,1,7,0,0,1,0
1,7,1,1,3,26,FRANCE,RHONE-ALPES,362,26362,VALENCE,BOULEVARD JOHN FITZGERALD KENNEDY,37087,0,4,VC,0,1,2,,,0,1,,,,1,7,0,0,1,0
1,5,1,1,3,26,FRANCE,RHONE-ALPES,058,26058,BOURG-LES-VALENCE,AVENUE JEANSAINT MARC,37088,1,4,VC,0,2,2,,,0,1,,,,1,7,0,0,1,0
1,1,1,1,1,26,FRANCE,RHONE-ALPES,281,26281,ROMANS-SUR-ISERE,VOIE COMMUNALE ,37099,0,4,VC,0,2,2,,,0,1,,,,1,3,0,0,1,0
1,6,1,1,6,26,FRANCE,RHONE-ALPES,281,26281,ROMANS-SUR-ISERE,PLACE BERLIOZ HECTOR,37100,0,6,Parking,0,2,1,,,0,1,,,,1,7,0,0,1,0
1,6,3,8,6,26,FRANCE,RHONE-ALPES,281,26281,ROMANS-SUR-ISERE,BOULEVARD PIERRE MENDES FRANCE,37102,0,4,VC,0,2,2,,,0,1,,,,1,7,0,0,1,0
1,5,1,1,7,26,FRANCE,RHONE-ALPES,058,26058,BOURG-LES-VALENCE,AVENUE MARCURTIN,37105,0,4,VC,0,2,2,,,1,5,,,,1,7,0,0,1,0
1,6,1,1,6,26,FRANCE,RHONE-ALPES,281,26281,ROMANS-SUR-ISERE,AVENUE BERTHELOT,37120,0,3,RD,0,2,2,14,550,0,1,,,,1,7,0,0,1,0
1,7,3,1,7,26,FRANCE,RHONE-ALPES,362,26362,VALENCE,AVENUE DE CHABEUIL,37123,0,4,VC,0,1,1,,,0,1,,,,1,,0,0,0,1
1,5,2,1,6,26,FRANCE,RHONE-ALPES,057,26057,BOURG-DE-PEAGE,NATIONALE 2532,37135,0,2,RN,0,2,2,18,520,0,1,,,,1,7,0,0,1,0
1,6,6,1,6,26,FRANCE,RHONE-ALPES,281,26281,ROMANS-SUR-ISERE,AVENUE DU MAQUIS,37138,0,2,RN,0,3,2,1,600,0,0,,,,1,7,0,0,1,0
1,6,2,1,3,26,FRANCE,RHONE-ALPES,281,26281,ROMANS-SUR-ISERE,PLACE JEAN JAURES,37140,0,3,RD,0,3,4,15,700,1,1,,,,1,7,0,0,1,0
1,7,4,1,3,26,FRANCE,RHONE-ALPES,362,26362,VALENCE,RUE QUIOT ,37143,0,4,VC,0,2,1,,,0,1,,,,1,7,0,0,1,0
1,6,3,1,6,26,FRANCE,RHONE-ALPES,281,26281,ROMANS-SUR-ISERE,AVENUE DU 11 NOVEMBRE,37150,0,4,VC,0,2,2,,,0,1,,,,1,7,0,0,1,0
5,6,6,1,6,26,FRANCE,RHONE-ALPES,281,26281,ROMANS-SUR-ISERE,PLACE DE LA PRESLE,37156,0,4,VC,0,1,0,,,1,1,,,,1,7,0,0,1,0
1,7,3,1,3,26,FRANCE,RHONE-ALPES,362,26362,VALENCE,RUE DERODON,37199,0,4,VC,0,2,2,,,0,1,,,,1,7,0,0,1,0
1,6,6,1,6,26,FRANCE,RHONE-ALPES,281,26281,ROMANS-SUR-ISERE,AVENUE SAILLANT LOUIS,37205,0,4,VC,0,2,2,,,0,0,,,,1,7,0,0,1,0
1,4,1,1,1,26,FRANCE,RHONE-ALPES,325,26325,SAINT-RAMBERT-D'ALBON,RN 7,37221,0,2,RN,7,2,0,0,0,0,1,4530000,481300,,1,7,0,0,1,0
1,7,1,1,6,26,FRANCE,RHONE-ALPES,362,26362,VALENCE,AVENUE VICTOR HUGO,37229,0,4,VC,0,1,2,,,0,1,,,,1,7,0,0,1,0
1,7,6,1,3,26,FRANCE,RHONE-ALPES,362,26362,VALENCE,RUE DENIS PAPIN,37234,0,4,VC,0,2,2,,,0,1,,,,1,7,0,0,1,0
1,7,3,2,3,26,FRANCE,RHONE-ALPES,362,26362,VALENCE,RUE SEVIGNE,37235,0,4,VC,0,2,2,,,1,1,,,,1,7,0,0,1,0
1,2,1,1,2,26,FRANCE,RHONE-ALPES,262,26262,RECOUBEAU-JANSAC,RD 93,37254,0,3,RD,93,2,2,0,0,0,1,4465700,541400,,1,7,0,0,1,0
1,5,3,1,3,26,FRANCE,RHONE-ALPES,057,26057,BOURG-DE-PEAGE,ALLEE DES CEVENNES,37261,0,4,VC,0,2,2,,,0,1,,,,1,7,0,0,1,0
5,7,2,1,3,26,FRANCE,RHONE-ALPES,362,26362,VALENCE,AVENUE DE PROVENCE ,37268,0,3,RD,0,1,2,,,1,1,,,,1,7,0,0,1,0
1,6,6,1,6,26,FRANCE,RHONE-ALPES,281,26281,ROMANS-SUR-ISERE,ROUTE DE GENISSIEUX,37272,0,3,RD,0,2,2,1,400,2,1,,,,1,7,0,0,1,0