lum,agg,int,atm,col,dep_bis,pays,region,com_bis,com_codeINSEE,communes,N_voie,numac,infra,catr,type_route,voie,circ,nbv,pr,pr1,vosp,situ,lat,long,adr,accident_velo,vehicule_imp,cycl_mort,cycl_bgv,cycl_blg,cycl_indm
5,1,1,1,6,26,FRANCE,RHONE-ALPES,362,26362,VALENCE,AVENUE SADI CARNOT,37279,0,4,VC,0,2,2,,,0,1,,,,1,33,0,0,1,0
1,3,1,1,3,26,FRANCE,RHONE-ALPES,162,26162,LENS-LESTANG,RD 137,37281,5,3,RD,137,2,0,0,0,0,1,0,0,,1,7,0,0,1,0
1,1,1,1,1,26,FRANCE,RHONE-ALPES,231,26231,PEYRINS,VC 0,37287,0,4,VC,0,2,0,0,0,0,1,0,0,,1,7,0,0,1,0
5,6,1,1,6,26,FRANCE,RHONE-ALPES,198,26198,MONTELIMAR,ROUTE DE MARSEILLE,37288,0,3,RD,0,3,2,0,100,1,1,,,,1,99,0,0,1,0
1,6,1,1,3,26,FRANCE,RHONE-ALPES,281,26281,ROMANS-SUR-ISERE,RUE COLETTE SIDONIE GABRIELLE,37290,0,4,VC,0,2,2,,,0,1,,,,1,7,0,0,1,0
1,7,6,1,3,26,FRANCE,RHONE-ALPES,362,26362,VALENCE,RUE FAVENTINES ,37302,0,4,VC,0,2,2,,,0,0,,,,1,7,0,0,1,0
1,7,1,1,3,26,FRANCE,RHONE-ALPES,362,26362,VALENCE,PONT MISTRAL,37303,2,4,VC,0,2,2,,,1,1,,,,1,7,0,0,1,0
1,7,1,1,2,26,FRANCE,RHONE-ALPES,362,26362,VALENCE,AVENUE DE L'YSER,37313,0,4,VC,0,2,2,,,0,1,,,,1,7,0,0,1,0
1,3,1,1,3,26,FRANCE,RHONE-ALPES,086,26086,CHATILLON-EN-DIOIS,RD 539,37314,0,3,RD,539,2,2,0,0,0,1,4469800,547900,,1,7,0,0,1,0
1,7,3,1,2,26,FRANCE,RHONE-ALPES,362,26362,VALENCE,AVENUE VICTOR HUGO,37348,0,4,VC,0,0,2,,,0,0,,,,1,7,0,0,1,0
1,6,1,1,6,26,FRANCE,RHONE-ALPES,281,26281,ROMANS-SUR-ISERE,AVENUE BERTHELOT,37351,0,4,VC,0,2,2,,,0,1,,,,1,7,0,0,1,0
1,6,7,1,6,26,FRANCE,RHONE-ALPES,281,26281,ROMANS-SUR-ISERE,RUE DE LA REPUBLIQUE ,37379,0,4,VC,0,2,2,,,0,1,,,,1,7,0,0,1,0
1,6,2,1,3,26,FRANCE,RHONE-ALPES,281,26281,ROMANS-SUR-ISERE,AVENUE JEAN MOULIN,37383,0,4,VC,0,2,2,,,1,1,,,,1,7,0,0,1,0
1,5,6,1,3,26,FRANCE,RHONE-ALPES,058,26058,BOURG-LES-VALENCE,AVENUE DE LYON,37387,5,4,VC,0,2,2,,,0,1,,,,1,7,0,0,1,0
1,7,2,1,3,26,FRANCE,RHONE-ALPES,362,26362,VALENCE,RUE CHAMPVILLE ,37400,0,4,VC,0,2,2,,,0,1,,,,1,7,0,0,1,0
1,6,1,1,6,26,FRANCE,RHONE-ALPES,281,26281,ROMANS-SUR-ISERE,RUE ALFRED NOBEL,37404,0,4,VC,0,2,2,,,0,1,,,,1,7,0,0,1,0
1,6,2,1,3,26,FRANCE,RHONE-ALPES,281,26281,ROMANS-SUR-ISERE,RUE ABBAT SIMONE,37408,0,4,VC,0,2,2,,,1,1,,,,1,7,0,0,1,0
1,5,1,2,2,26,FRANCE,RHONE-ALPES,058,26058,BOURG-LES-VALENCE,AVENUE DE LYON,37420,0,4,VC,0,2,2,,,1,0,,,,1,7,0,0,1,0
1,6,1,1,6,26,FRANCE,RHONE-ALPES,281,26281,ROMANS-SUR-ISERE,DIRECTION GENISSIEUX RD 52,37426,2,3,RD,52,2,3,0,20,0,1,,,,1,7,0,0,1,0
1,6,2,1,3,26,FRANCE,RHONE-ALPES,281,26281,ROMANS-SUR-ISERE,RUE MAGNARD,37428,0,4,VC,0,2,2,,,1,5,,,,1,7,0,0,1,0
1,6,3,1,6,26,FRANCE,RHONE-ALPES,281,26281,ROMANS-SUR-ISERE,RUE ETIENNE DOLET ,37442,0,4,VC,0,2,2,,,0,1,,,,1,7,0,0,1,0
1,6,3,1,6,26,FRANCE,RHONE-ALPES,281,26281,ROMANS-SUR-ISERE,AVENUE DUCHESNE,37445,0,3,RD,0,2,2,0,150,0,1,,,,1,7,0,0,1,0
1,6,3,1,6,26,FRANCE,RHONE-ALPES,281,26281,ROMANS-SUR-ISERE,RUE MAGNARD,37446,0,4,VC,0,2,2,,,1,1,,,,1,7,0,0,1,0
1,6,4,1,3,26,FRANCE,RHONE-ALPES,281,26281,ROMANS-SUR-ISERE,RUE POUCHELON,37463,0,4,VC,0,2,2,,,0,1,,,,1,7,0,0,1,0
1,7,3,1,3,26,FRANCE,RHONE-ALPES,362,26362,VALENCE,RUE DE LA FORET,37489,0,4,VC,,2,1,,,1,1,4492080,490830,,1,7,0,0,1,0
2,5,2,2,1,26,FRANCE,RHONE-ALPES,057,26057,BOURG-DE-PEAGE,RUE DU MARECHAL LECLERC,37495,0,4,VC,,2,2,,,0,1,4503980,504580,,1,7,0,0,1,0
2,6,6,2,3,26,FRANCE,RHONE-ALPES,281,26281,ROMANS-SUR-ISERE,DIRECTION ST DONAT RD 53,37507,0,3,RD,53,2,2,0,10,1,1,,,,1,7,0,0,1,0
1,7,1,1,6,26,FRANCE,RHONE-ALPES,362,26362,VALENCE,RUE DENIS PAPIN,37519,0,4,VC,,2,2,,,1,1,4492930,489400,,1,,0,0,0,1
1,3,1,1,3,26,FRANCE,RHONE-ALPES,212,26212,MONTVENDRE,RD 176,37531,0,3,RD,176,2,2,10,350,0,1,4487600,502300,,1,7,0,0,1,0
1,7,1,1,6,26,FRANCE,RHONE-ALPES,362,26362,VALENCE,AVENUE DE ROMANS,37541,0,4,VC,,2,2,,,0,0,4493870,491400,,1,7,0,0,1,0
1,3,1,1,3,26,FRANCE,RHONE-ALPES,118,26118,EPINOUZE,RD 246,37546,0,3,RD,246,2,2,4,660,0,1,4530870,495030,,1,7,0,0,1,0
1,5,1,1,6,26,FRANCE,RHONE-ALPES,057,26057,BOURG-DE-PEAGE,QUAI TABARY,37559,0,4,VC,,2,2,,,1,1,4504090,504680,,1,7,0,0,1,0
1,6,1,1,3,26,FRANCE,RHONE-ALPES,281,26281,ROMANS-SUR-ISERE,RUE DE DUNKERQUE,37560,0,4,VC,,2,2,,,0,1,4504930,503420,,1,7,0,0,1,0
1,5,3,1,3,26,FRANCE,RHONE-ALPES,058,26058,BOURG-LES-VALENCE,RUE DE L' ILE ADAM,37576,0,4,VC,,2,2,,,0,1,4456550,453280,,1,7,0,0,1,0
1,5,1,1,2,26,FRANCE,RHONE-ALPES,058,26058,BOURG-LES-VALENCE,RUE GAY LUSSAC,37582,0,4,VC,,2,2,,,0,1,4494290,489280,,1,7,0,0,1,0
1,7,6,1,3,26,FRANCE,RHONE-ALPES,362,26362,VALENCE,RUE DENIS PAPIN,37584,0,4,VC,,2,2,,,0,1,4492220,489100,,1,10,0,0,1,0
1,1,1,1,6,26,FRANCE,RHONE-ALPES,113,26113,DIE,RD 93,37586,0,3,RD,93,2,2,55,900,0,1,4473900,539100,,1,,0,0,1,0
1,7,2,1,3,26,FRANCE,RHONE-ALPES,362,26362,VALENCE,AVENUE FELIX FAURE,37593,0,4,VC,,2,2,,,0,0,4493020,489430,,1,7,0,0,1,0
1,5,1,1,3,26,FRANCE,RHONE-ALPES,057,26057,BOURG-DE-PEAGE,RD 102,37595,0,3,RD,102,2,2,14,500,0,1,,,,1,37,0,0,1,0
1,6,1,1,1,26,FRANCE,RHONE-ALPES,281,26281,ROMANS-SUR-ISERE,RUE DU PUY,37600,0,4,VC,,1,1,,,0,1,4504410,505320,,1,7,0,0,1,0
1,6,6,1,3,26,FRANCE,RHONE-ALPES,281,26281,ROMANS-SUR-ISERE,AVENUE FOLLEREAU RAOUL,37614,0,4,VC,,1,1,,,1,1,4505680,505770,,1,7,0,0,1,0
1,6,1,1,3,26,FRANCE,RHONE-ALPES,198,26198,MONTELIMAR,ROUTE DE MARSEILLE,37679,0,3,RD,540,2,2,4,550,0,1,,,,1,7,0,0,1,0
1,6,6,1,3,26,FRANCE,RHONE-ALPES,198,26198,MONTELIMAR,ROUTE D'ALLAN,37685,0,3,RD,56,2,2,4,250,0,1,,,,1,7,0,0,1,0
1,6,6,1,2,26,FRANCE,RHONE-ALPES,198,26198,MONTELIMAR,ROUTE DE SAINT PAUL,37686,0,3,RD,206,1,1,0,850,0,1,,,,1,7,0,0,1,0
5,6,6,1,3,26,FRANCE,RHONE-ALPES,281,26281,ROMANS-SUR-ISERE,QUAI DAUPHIN,37694,0,3,RD,0,1,1,1,400,0,1,4504240,504540,,1,7,0,0,1,0
1,5,1,1,5,26,FRANCE,RHONE-ALPES,057,26057,BOURG-DE-PEAGE,GRAND'RUE JEAN JAURES,37717,0,3,RD,92,2,2,0,850,0,1,,,,1,7,0,0,1,0
2,6,9,1,3,26,FRANCE,RHONE-ALPES,281,26281,ROMANS-SUR-ISERE,RUE MAGNARD,37719,0,4,VC,,2,2,,,0,1,4504300,503500,,1,7,0,0,1,0
1,6,1,1,6,26,FRANCE,RHONE-ALPES,281,26281,ROMANS-SUR-ISERE,RUE DELAY,37723,0,4,VC,,2,2,,,0,1,4504920,505280,,1,7,0,0,1,0
1,6,6,2,3,26,FRANCE,RHONE-ALPES,281,26281,ROMANS-SUR-ISERE,RUE LOUIS LE CARDONEL,37733,0,4,VC,,2,2,,,0,1,4505330,504260,,1,7,0,0,1,1
1,6,6,1,3,26,FRANCE,RHONE-ALPES,281,26281,ROMANS-SUR-ISERE,COTE DES CHAPELIERS,37735,0,3,RD,92,2,2,1,200,0,1,,,,1,7,0,0,1,0
1,6,1,1,3,26,FRANCE,RHONE-ALPES,281,26281,ROMANS-SUR-ISERE,AVENUE JEAN MOULIN,37736,0,3,RD,538,2,2,34,700,0,1,,,,1,7,0,0,1,0
1,1,1,1,2,26,FRANCE,RHONE-ALPES,281,26281,ROMANS-SUR-ISERE,ROUTE DE SAINT BARDOUX,37737,0,3,RD,574,2,2,3,300,0,1,,,,1,10,0,0,1,0
1,6,6,1,6,26,FRANCE,RHONE-ALPES,281,26281,ROMANS-SUR-ISERE,DIRECTION TAIN RD 532,37740,0,3,RD,532,3,4,16,450,1,1,,,,1,7,0,0,1,0
1,5,3,1,3,26,FRANCE,RHONE-ALPES,057,26057,BOURG-DE-PEAGE,RUE JEAN JAURES GRANDE ,37741,0,3,RD,92,2,2,0,750,0,1,,,,1,7,0,0,1,0
1,6,3,1,4,26,FRANCE,RHONE-ALPES,281,26281,ROMANS-SUR-ISERE,BOULEVARD DORMOY MARX,37742,0,3,RD,52,2,2,0,1,0,1,,,,1,7,0,0,1,0
1,6,2,2,3,26,FRANCE,RHONE-ALPES,281,26281,ROMANS-SUR-ISERE,RUE DES REMPARTS JACQUEMART,37743,0,4,VC,,1,1,,,0,1,4504550,504930,,1,7,0,0,1,0
5,6,3,1,3,26,FRANCE,RHONE-ALPES,281,26281,ROMANS-SUR-ISERE,RUE DU DOCTEUR BARLATIER,37750,0,4,VC,,2,2,,,0,1,4505190,506490,,1,7,0,0,1,0
1,6,6,1,6,26,FRANCE,RHONE-ALPES,281,26281,ROMANS-SUR-ISERE,RUE LOUIS LE CARDONEL,37767,0,4,VC,,2,2,,,1,1,4505330,504260,,1,7,0,0,1,0
1,7,1,1,3,26,FRANCE,RHONE-ALPES,362,26362,VALENCE,AVENUE DE LA LIBERATION ,37775,0,4,VC,,2,2,,,0,1,4491100,488800,,1,7,0,0,1,0
1,7,6,1,3,26,FRANCE,RHONE-ALPES,362,26362,VALENCE,BOULEVARD JOHN FITZGERALD KENNEDY,37786,0,4,VC,,1,2,,,0,1,4494000,491600,,1,7,0,0,1,0
1,5,2,1,3,26,FRANCE,RHONE-ALPES,058,26058,BOURG-LES-VALENCE,CHEMIN DE SAINT-BARTHELEMY ,37798,0,4,VC,,0,2,,,0,1,4495470,489990,,1,7,0,0,1,0
1,1,1,1,3,26,FRANCE,RHONE-ALPES,058,26058,BOURG-LES-VALENCE,IMPASSE LONGUEVILLE,37800,0,4,VC,,2,0,,,0,1,4494430,489520,,1,7,0,0,1,0
1,7,2,1,3,26,FRANCE,RHONE-ALPES,362,26362,VALENCE,AVENUE DE CHABEUIL,37801,0,4,VC,,1,1,,,0,0,4493200,489880,,1,7,0,0,0,1
1,7,1,1,7,26,FRANCE,RHONE-ALPES,362,26362,VALENCE,AVENUE VICTOR HUGO,37810,0,4,VC,,2,2,,,1,1,4492070,488590,,1,7,0,0,1,0
1,7,3,1,3,26,FRANCE,RHONE-ALPES,362,26362,VALENCE,RUE CHARLES GOUNOD,37816,0,4,VC,,0,0,,,0,1,4492790,492390,,1,7,0,0,1,0
1,7,6,1,3,26,FRANCE,RHONE-ALPES,362,26362,VALENCE,RUE DE MAUBOULE ,37820,0,4,VC,,2,2,,,0,1,4491290,487540,,1,10,0,0,1,0
1,7,6,1,7,26,FRANCE,RHONE-ALPES,362,26362,VALENCE,RUE DE LA CECILE,37822,0,4,VC,,2,2,,,0,0,4492200,489200,,1,7,0,0,1,0
1,7,1,1,2,27,FRANCE,HAUTE-NORMANDIE,229,27229,EVREUX,RUE JEAN MONNET,37846,0,4,VC,0,2,2,,,0,1,,,,1,10,0,0,1,0
1,1,1,1,3,27,FRANCE,HAUTE-NORMANDIE,701,27701,VAL-DE-REUIL,CHAUSSEE D'ANDELLE,37889,0,3,RD,0,2,2,,,0,1,,,,1,7,0,0,1,0
1,4,6,1,6,27,FRANCE,HAUTE-NORMANDIE,562,27562,SAINT-MARCEL,BOULEVARD DE GAULLE,37902,0,4,VC,0,2,2,,,0,1,,,,1,7,0,0,1,0
1,5,1,1,7,27,FRANCE,HAUTE-NORMANDIE,701,27701,VAL-DE-REUIL,CHEMIN DE LA VOIE BLANCHE,37923,0,4,VC,0,2,2,,,0,1,,,,1,,0,0,1,0
1,5,3,1,3,27,FRANCE,HAUTE-NORMANDIE,701,27701,VAL-DE-REUIL,CHEMIN DE LA VOIE BLANCHE,37945,0,4,VC,0,2,2,,,0,1,,,,1,14,0,0,1,0
1,5,1,1,3,27,FRANCE,HAUTE-NORMANDIE,701,27701,VAL-DE-REUIL,VOIE DES CLOS,37946,0,4,VC,0,2,0,,,0,1,,,,1,7,0,0,1,0
5,6,1,1,6,27,FRANCE,HAUTE-NORMANDIE,681,27681,VERNON,RUE SAINT LAZARE,37947,0,4,VC,0,1,2,,,0,1,,,,1,,0,0,1,0
1,4,1,1,3,27,FRANCE,HAUTE-NORMANDIE,458,27458,PITRES,VC 0,37951,0,4,VC,0,2,0,0,0,0,1,0,0,,1,7,0,0,1,0
2,6,9,1,6,27,FRANCE,HAUTE-NORMANDIE,681,27681,VERNON,RUE D'ALBUFERA,37976,0,4,VC,0,2,2,,,0,1,,,,1,7,0,0,1,0
1,6,9,1,6,27,FRANCE,HAUTE-NORMANDIE,681,27681,VERNON,BOULEVARD JULIEN DEVOS,38004,0,4,VC,0,2,2,,,0,1,,,,1,7,0,0,1,0
5,5,2,1,3,27,FRANCE,HAUTE-NORMANDIE,375,27375,LOUVIERS,AVENUE DU ML DE LATTRE DE TASSIGNY,38027,0,4,VC,0,2,2,,,0,1,,,,1,7,0,0,1,0
1,4,1,1,1,27,FRANCE,HAUTE-NORMANDIE,365,27365,LERY,VC 0,38034,0,4,VC,0,2,0,0,0,0,1,0,0,,1,15,0,0,1,0
1,1,1,1,2,27,FRANCE,HAUTE-NORMANDIE,117,27117,BROGLIE,RD 107,38050,0,3,RD,107,2,2,1,120,0,1,4899800,52400,,1,7,0,0,1,0
1,6,1,1,7,27,FRANCE,HAUTE-NORMANDIE,681,27681,VERNON,BOULEVARD GEORGES AZEMIA,38069,0,4,VC,0,2,2,,,0,1,,,,1,,0,0,1,0
2,7,1,1,3,27,FRANCE,HAUTE-NORMANDIE,229,27229,EVREUX,RUE CHARTRAINE,38095,0,4,VC,0,1,2,,,0,4,,,,1,7,0,0,1,0
1,5,2,1,3,27,FRANCE,HAUTE-NORMANDIE,375,27375,LOUVIERS,RUE DE LA CITADELLE,38101,5,4,VC,0,2,2,,,0,1,,,,1,7,0,0,1,0
1,6,1,1,6,27,FRANCE,HAUTE-NORMANDIE,681,27681,VERNON,RUE DU VIROLET,38105,0,4,VC,0,2,2,,,0,1,,,,1,7,0,0,1,0
1,6,3,1,6,27,FRANCE,HAUTE-NORMANDIE,681,27681,VERNON,AVENUE DE PARIS,38106,0,4,VC,0,2,2,,,0,1,,,,1,7,0,0,1,0
1,1,1,1,1,27,FRANCE,HAUTE-NORMANDIE,393,27393,MARTAINVILLE,RD 27,38109,0,3,RD,27,2,2,0,0,0,1,0,0,,1,15,0,0,1,0
1,5,1,1,3,27,FRANCE,HAUTE-NORMANDIE,701,27701,VAL-DE-REUIL,RUE DU ZENITH,38117,0,4,VC,0,1,1,,,0,1,,,,1,7,0,0,1,0
1,7,1,1,1,27,FRANCE,HAUTE-NORMANDIE,229,27229,EVREUX,RUE JOSEPHINE,38123,0,4,VC,0,1,1,,,0,1,,,,1,7,0,0,1,0
1,5,1,8,2,27,FRANCE,HAUTE-NORMANDIE,701,27701,VAL-DE-REUIL,ROUTE DE LOUVIERS,38130,0,4,VC,0,2,2,,,0,1,,,,1,7,0,0,1,0
1,5,2,2,3,27,FRANCE,HAUTE-NORMANDIE,701,27701,VAL-DE-REUIL,ROUTE DES FALAISES,38133,5,3,RD,0,3,2,,,0,1,,,,1,7,0,0,1,0
2,4,1,1,3,27,FRANCE,HAUTE-NORMANDIE,299,27299,GRAVIGNY,AVENUE ARISTIDE BRIAND,38140,0,4,VC,0,2,2,,,0,1,,,,1,7,0,0,1,0
1,6,1,1,6,27,FRANCE,HAUTE-NORMANDIE,681,27681,VERNON,RUE SAINT LOUIS,38230,0,4,VC,0,2,1,,,0,1,,,,1,,0,0,1,0
1,7,1,1,2,27,FRANCE,HAUTE-NORMANDIE,229,27229,EVREUX,RUE DE RUGBY,38244,0,4,VC,0,2,2,,,0,1,,,,1,7,0,0,1,0
1,6,1,1,6,27,FRANCE,HAUTE-NORMANDIE,681,27681,VERNON,PONT CLEMENCEAU,38253,0,4,VC,0,2,2,,,0,1,,,,1,7,0,0,1,0
1,6,3,1,6,27,FRANCE,HAUTE-NORMANDIE,681,27681,VERNON,AVENUE DE PARIS,38255,0,2,RN,0,0,1,,,0,1,,,,1,7,0,0,1,0
1,4,1,1,6,27,FRANCE,HAUTE-NORMANDIE,562,27562,SAINT-MARCEL,RUE DU GENERAL LECLERC,38269,0,4,VC,0,2,2,,,0,0,,,,1,,0,0,1,0
1,7,1,1,3,27,FRANCE,HAUTE-NORMANDIE,229,27229,EVREUX,RUE DE VERNON,38275,0,4,VC,0,2,2,,,0,1,,,,1,7,0,0,1,0
1,3,3,1,6,27,FRANCE,HAUTE-NORMANDIE,588,27588,SAINT-PIERRE-D'AUTILS,ROUTE NATIONALE 15,38290,0,2,RN,0,2,2,,,0,4,,,,1,7,0,0,1,0
5,6,1,1,6,27,FRANCE,HAUTE-NORMANDIE,681,27681,VERNON,BOULEVARD JAURES JAURES,38326,0,4,VC,0,2,2,,,1,1,,,,1,7,0,0,1,0
5,6,1,1,6,27,FRANCE,HAUTE-NORMANDIE,681,27681,VERNON,RUE PIERRE BONNARD,38329,0,4,VC,0,2,2,,,0,4,,,,1,7,0,0,1,0
1,6,3,1,6,27,FRANCE,HAUTE-NORMANDIE,681,27681,VERNON,RUE STEINLEN,38360,0,4,VC,0,2,2,0,0,0,1,,,,1,7,0,0,1,0
1,1,2,1,1,27,FRANCE,HAUTE-NORMANDIE,207,27207,DRUCOURT,RD 145,38366,0,3,RD,145,2,2,3,367,0,1,4910950,43895,,1,7,0,0,1,0
1,6,9,1,6,27,FRANCE,HAUTE-NORMANDIE,681,27681,VERNON,PONT CLEMENCEAU,38368,2,3,RD,181,2,3,13,300,1,1,4909480,148608,,1,7,0,0,1,0
1,7,6,1,3,27,FRANCE,HAUTE-NORMANDIE,229,27229,EVREUX,BOULEVARD QUATORZE JUILLET,38377,5,3,RD,52,2,2,25,791,0,1,4900950,116697,,1,7,0,0,1,0
1,7,1,1,3,27,FRANCE,HAUTE-NORMANDIE,229,27229,EVREUX,RUE DE SACQUENVILLE,38383,0,4,VC,0,2,2,0,0,0,1,4903460,113347,,1,7,0,0,1,0
1,7,3,1,3,27,FRANCE,HAUTE-NORMANDIE,229,27229,EVREUX,ROUTE DE CONCHES,38387,0,3,RD,830,2,2,1,490,0,1,4901880,111793,,1,7,0,0,1,0
1,1,1,2,1,27,FRANCE,HAUTE-NORMANDIE,278,27278,GARENNES-SUR-EURE,RD 836,38435,0,3,RD,836,2,2,2,0,0,1,4889960,145223,,1,7,0,0,1,0
1,3,1,1,6,27,FRANCE,HAUTE-NORMANDIE,554,27554,SAINT-JUST,CHEMIN LATERAL,38453,0,4,VC,31,2,2,0,0,0,1,4911110,145227,,1,,0,0,1,0
1,1,3,1,6,27,FRANCE,HAUTE-NORMANDIE,701,27701,VAL-DE-REUIL,CD110,38466,0,9,Autre,0,2,2,0,0,0,1,4928380,122316,,1,7,0,0,1,0
1,3,9,1,6,27,FRANCE,HAUTE-NORMANDIE,351,27351,INCARVILLE,RUE DE LA CROIX DU VOEU,38507,0,4,VC,,2,1,,,0,1,4923140,117804,,1,31,0,0,1,0
1,4,1,1,3,28,FRANCE,CENTRE,070,28070,CHAMPHOL,D 339 17,38523,0,3,RD,0,2,2,,,0,1,,,,1,7,0,0,1,0
1,6,1,1,2,28,FRANCE,CENTRE,085,28085,CHARTRES,RUE DES MARAIS,38545,0,4,VC,0,2,2,,,0,1,,,,1,7,0,0,1,0
1,6,3,1,1,28,FRANCE,CENTRE,134,28134,DREUX,RUE SAINT THIBAULT,38549,0,4,VC,0,1,2,,,0,1,,,,1,7,0,0,1,0
1,6,1,1,3,28,FRANCE,CENTRE,085,28085,CHARTRES,RUE D'ABOVILLE,38574,0,4,VC,0,2,2,,,0,1,,,,1,7,0,0,1,0
1,5,1,1,3,28,FRANCE,CENTRE,218,28218,LUCE,RUE ROBILLARD,38603,0,4,VC,0,2,2,,,0,1,,,,1,7,0,0,1,0
2,6,3,1,3,28,FRANCE,CENTRE,134,28134,DREUX,BOULEVARD DE L'EUROPE,38618,0,4,VC,0,2,2,0,1,0,1,,,,1,7,0,0,1,0
1,6,1,1,3,28,FRANCE,CENTRE,085,28085,CHARTRES,RUE D'ABOVILLE,38619,0,4,VC,0,0,2,,,0,0,,,,1,7,0,0,1,0
1,6,1,1,3,28,FRANCE,CENTRE,085,28085,CHARTRES,RUE DU GRAND FAUBOURG,38657,0,4,VC,0,2,2,,,0,1,,,,1,7,0,0,1,0
1,6,1,1,6,28,FRANCE,CENTRE,085,28085,CHARTRES,RUE DES GRANDES FILLES DIEU,38665,0,4,VC,0,2,2,,,0,1,,,,1,,0,0,1,0
2,6,1,1,3,28,FRANCE,CENTRE,085,28085,CHARTRES,BOULEVARD DE LA COURTILLE,38676,0,4,VC,0,2,2,,,3,1,,,,1,7,0,0,1,0
2,4,1,1,2,28,FRANCE,CENTRE,110,28110,COUDRAY (LE),RUE DE VOVES,38677,0,4,VC,0,2,2,,,0,1,,,,1,7,0,0,1,0
1,6,1,1,3,28,FRANCE,CENTRE,085,28085,CHARTRES,RUE DU BOURGNEUF,38759,0,4,VC,0,2,2,,,0,1,,,,1,7,0,0,1,0
1,4,1,1,1,28,FRANCE,CENTRE,209,28209,LEVES,AVENUE DE LA PAIX,38802,0,4,VC,0,2,0,,,0,1,,,,1,7,0,0,1,0
1,6,3,1,6,28,FRANCE,CENTRE,085,28085,CHARTRES,BOULEVARD JEAN JAURES,38819,0,4,VC,0,2,0,,,0,1,,,,1,7,0,0,1,0
1,5,1,1,3,28,FRANCE,CENTRE,229,28229,MAINVILLIERS,RUE DU CHATEAU D'EAU,38822,0,4,VC,0,0,0,,,0,1,,,,1,7,0,0,1,0
1,6,1,2,3,28,FRANCE,CENTRE,085,28085,CHARTRES,RUE DU DOCTEUR MAUNOURY,38824,0,4,VC,0,2,2,,,0,4,,,,1,7,0,0,1,0
1,4,1,2,3,28,FRANCE,CENTRE,209,28209,LEVES,RUE LONGSAULT,38833,0,4,VC,0,2,0,,,0,1,,,,1,7,0,0,1,0
1,1,4,1,1,28,FRANCE,CENTRE,298,28298,PIERRES,RD 136,38861,0,3,RD,136,2,0,0,0,0,1,4859600,155100,,1,7,0,0,1,0
1,1,1,1,2,28,FRANCE,CENTRE,191,28191,HANCHES,RD 906,38879,0,3,RD,906,2,2,68,0,0,1,4860200,163100,,1,7,0,0,1,0
1,6,1,1,3,28,FRANCE,CENTRE,085,28085,CHARTRES,BOULEVARD DE LA COURTILLE,38885,0,4,VC,0,1,1,,,0,1,,,,1,7,0,0,1,0
1,6,1,1,6,28,FRANCE,CENTRE,085,28085,CHARTRES,RUE DU 14 JUILLET,38887,0,4,VC,0,2,1,,,0,1,,,,1,7,0,0,1,0
1,6,1,1,6,28,FRANCE,CENTRE,085,28085,CHARTRES,PLACE DES EPARS,38888,0,4,VC,0,1,1,,,0,1,,,,1,7,0,0,1,0
1,6,3,5,3,28,FRANCE,CENTRE,085,28085,CHARTRES,RUE DU DOCTEUR MICHEL GIBERT,38898,0,4,VC,0,0,1,,,3,0,,,,1,7,0,0,1,0
2,6,2,1,6,28,FRANCE,CENTRE,134,28134,DREUX,AVENUE DU PRESIDENT KENNEDY,38901,0,4,VC,0,2,2,1,0,0,1,,,,1,7,0,0,1,0
5,6,3,1,3,28,FRANCE,CENTRE,085,28085,CHARTRES,RUE ARISTIDE BRIAND,38912,0,4,VC,0,2,2,,,0,1,,,,1,7,0,0,1,0
5,5,2,1,3,28,FRANCE,CENTRE,229,28229,MAINVILLIERS,RUE AUGUSTE RENOIR,38928,0,4,VC,0,2,2,,,0,1,,,,1,7,0,0,1,0
2,6,3,1,6,28,FRANCE,CENTRE,085,28085,CHARTRES,RUE DES MARAIS,38937,0,4,VC,0,2,2,,,3,1,,,,1,7,0,0,1,0
2,5,1,1,6,28,FRANCE,CENTRE,229,28229,MAINVILLIERS,RUE DU CHATEAU D'EAU,38946,0,4,VC,0,2,2,,,0,1,,,,1,7,0,0,1,0
1,1,1,1,6,28,FRANCE,CENTRE,220,28220,LUISANT,MAURICE MAUNOURY,38965,0,3,RD,7010,2,5,26,245,1,1,4843400,147782,,1,7,0,0,1,0
1,6,1,1,7,28,FRANCE,CENTRE,134,28134,DREUX,AVENUE DU GENERAL LECLERC,39005,0,3,RD,912,2,2,0,250,0,1,4874110,138444,,1,,0,0,1,0
1,6,1,1,3,28,FRANCE,CENTRE,085,28085,CHARTRES,RUE DES GRANDS PRES,39016,0,4,VC,0,2,2,0,0,0,1,4846040,148436,,1,7,0,0,1,0
1,5,1,1,1,28,FRANCE,CENTRE,218,28218,LUCE,CITE JEAN MAUNOURY,39030,0,4,VC,0,2,2,0,0,0,1,4843840,146035,,1,10,0,0,1,0
1,5,1,1,2,28,FRANCE,CENTRE,218,28218,LUCE,CENTRE COMMERCIAL GEANT CASINO,39065,0,4,VC,0,2,2,0,0,0,1,4843690,144493,,1,7,0,0,1,0
1,5,6,1,3,28,FRANCE,CENTRE,220,28220,LUISANT,fraNCois LEPINE,39067,0,3,RD,105,1,1,18,944,0,1,4842710,146328,,1,7,0,0,1,0