lum,agg,int,atm,col,dep_bis,pays,region,com_bis,com_codeINSEE,communes,N_voie,numac,infra,catr,type_route,voie,circ,nbv,pr,pr1,vosp,situ,lat,long,adr,accident_velo,vehicule_imp,cycl_mort,cycl_bgv,cycl_blg,cycl_indm
2,5,1,2,3,28,FRANCE,CENTRE,218,28218,LUCE,RUE DE LA REPUBLIQUE ,39075,0,4,VC,0,2,2,0,0,0,1,4843920,145979,,1,7,0,0,1,0
1,4,1,1,1,28,FRANCE,CENTRE,110,28110,COUDRAY (LE),DU GORD,39088,0,3,RD,935,2,2,2,250,0,1,4842180,148873,,1,7,0,0,1,0
1,5,1,1,6,28,FRANCE,CENTRE,218,28218,LUCE,RUE DE LA REPUBLIQUE ,39097,0,4,VC,0,0,1,0,0,0,1,4844000,146614,,1,,0,0,1,0
2,4,1,1,2,28,FRANCE,CENTRE,209,28209,LEVES,AVENUE DE LA PAIX,39116,0,3,RD,7154,0,1,53,100,0,1,4846970,148078,,1,7,0,0,1,0
1,6,1,1,2,28,FRANCE,CENTRE,085,28085,CHARTRES,BOULEVARD CHARLES PEGUY,39139,0,4,VC,0,0,1,0,0,0,1,4845150,148602,,1,7,0,0,1,0
1,1,1,1,2,28,FRANCE,CENTRE,229,28229,MAINVILLIERS,D105,39141,0,3,RD,105,2,2,4,200,0,1,4846030,146140,,1,7,0,0,1,0
1,6,2,1,3,28,FRANCE,CENTRE,085,28085,CHARTRES,RUE DU DIX SEPT AOUT,39186,0,3,RD,339,0,2,0,400,0,1,4844350,151080,,1,7,0,0,1,0
1,5,1,1,6,28,FRANCE,CENTRE,404,28404,VERNOUILLET,RUE D'ALLAINVILLE,39202,0,4,VC,0,2,2,0,1,0,1,4871660,133728,,1,,0,0,0,1
1,6,1,1,3,28,FRANCE,CENTRE,085,28085,CHARTRES,RUE GABRIEL PERI,39211,0,3,RD,127,0,2,0,240,0,1,4844460,148032,,1,7,0,0,1,0
2,6,1,1,2,28,FRANCE,CENTRE,085,28085,CHARTRES,RUE PIERRE BROSSOLETTE,39233,0,4,VC,0,2,2,0,0,0,1,4842280,148431,,1,7,0,0,1,0
5,6,1,1,2,28,FRANCE,CENTRE,085,28085,CHARTRES,BOULEVARD CHARLES PEGUY,39242,0,4,VC,0,2,1,0,0,0,1,4845050,148484,,1,7,0,0,1,0
1,6,1,1,3,28,FRANCE,CENTRE,085,28085,CHARTRES,BOULEVARD DE LA COURTILLE,39252,5,4,VC,0,1,2,0,0,0,1,4844190,149177,,1,7,0,0,1,0
1,6,3,1,6,28,FRANCE,CENTRE,085,28085,CHARTRES,RUE DE SOURS,39276,0,4,VC,0,1,1,0,0,0,1,4844060,150458,,1,7,,,,
1,5,1,1,3,28,FRANCE,CENTRE,218,28218,LUCE,PLACE DES ARCADES,39277,0,4,VC,0,0,2,0,0,0,1,4843580,144696,,1,7,0,0,1,0
1,6,1,1,6,28,FRANCE,CENTRE,085,28085,CHARTRES,RUE ALEXANDRE RIBOT,39290,0,4,VC,0,2,2,0,0,0,1,4843510,148062,,1,7,0,0,1,0
1,6,3,3,7,28,FRANCE,CENTRE,085,28085,CHARTRES,BOULEVARD DE LA COURTILLE,39299,0,4,VC,0,2,2,0,0,0,1,4844210,149347,,1,,0,0,1,0
1,6,1,1,2,28,FRANCE,CENTRE,085,28085,CHARTRES,RUE GEORGES BRASSENS,39308,0,4,VC,0,0,2,0,0,0,1,4843760,149611,,1,7,0,0,1,0
3,1,1,1,2,28,FRANCE,CENTRE,085,28085,CHARTRES,RD 24,39333,2,3,RD,24,2,2,44,500,0,1,,,,1,7,0,0,1,0
1,6,1,1,3,28,FRANCE,CENTRE,085,28085,CHARTRES,RUE DU FAUBOURG LA GRAPPE,39345,0,3,RD,7154,0,0,48,600,0,5,,,,1,7,0,0,1,0
1,1,1,5,2,28,FRANCE,CENTRE,085,28085,CHARTRES,RD 939,39346,0,3,RD,939,0,0,40,100,0,1,,,,1,30,0,0,0,1
1,6,1,1,3,28,FRANCE,CENTRE,085,28085,CHARTRES,RUE DU FAUBOURG SAINT JEAN,39347,0,3,RD,939,0,0,42,500,0,1,,,,1,7,0,0,1,0
1,6,7,1,1,28,FRANCE,CENTRE,085,28085,CHARTRES,BOULEVARD JEAN JAURES,39352,0,3,RD,7154,2,0,50,585,0,1,,,,1,7,0,0,1,0
1,6,5,1,3,28,FRANCE,CENTRE,085,28085,CHARTRES,RUE DE LA REPUBLIQUE ,39360,0,3,RD,24,1,1,41,560,1,1,4844743,0,,1,7,0,0,1,0
1,6,1,1,3,28,FRANCE,CENTRE,085,28085,CHARTRES,RUE DANIELE CASANOVA,39365,0,3,RD,24,0,0,41,890,0,1,,,,1,7,0,0,1,0
1,6,3,1,3,28,FRANCE,CENTRE,085,28085,CHARTRES,RUE JULES MARTIN,39370,0,3,RD,0,2,2,,,0,1,4844117,149401,,1,7,0,0,1,0
1,8,1,1,2,29,FRANCE,BRETAGNE,019,29019,BREST,RUE ANATOLE FRANCE,39441,0,9,Autre,0,2,0,,,0,1,,,,1,7,0,0,1,0
1,8,1,1,6,29,FRANCE,BRETAGNE,019,29019,BREST,AVENUE GEORGES CLEMENCEAU,39452,0,4,VC,0,2,4,,,0,1,,,,1,15,0,0,1,0
1,8,6,1,3,29,FRANCE,BRETAGNE,019,29019,BREST,TALLIN,39470,0,9,Autre,0,1,2,,,0,1,,,,1,7,0,0,1,0
1,8,1,2,3,29,FRANCE,BRETAGNE,019,29019,BREST,PONT HARTELOIRE,39504,2,4,VC,0,2,3,,,1,1,,,,1,7,0,0,1,0
1,8,3,1,2,29,FRANCE,BRETAGNE,019,29019,BREST,RUE DE L'EGLISE,39528,0,9,Autre,0,2,2,,,0,1,,,,1,7,0,0,1,0
1,1,1,1,1,29,FRANCE,BRETAGNE,195,29195,PLOUGUERNEAU,VC 0,39556,0,4,VC,0,2,0,0,0,0,1,4863500,-454200,,1,,0,0,0,1
1,8,9,1,6,29,FRANCE,BRETAGNE,019,29019,BREST,PLACE DE LA LIBERTE,39565,6,9,Autre,0,0,0,,,0,1,,,,1,,0,0,0,1
1,5,6,1,1,29,FRANCE,BRETAGNE,260,29260,SAINT-RENAN,VC 67,39642,5,4,VC,67,0,0,0,0,0,1,0,0,,1,7,0,0,1,0
1,1,1,2,3,29,FRANCE,BRETAGNE,019,29019,BREST,AVENUE LE GORGEU ,39650,0,9,Autre,0,3,3,,,3,1,,,,1,7,0,0,1,0
1,8,1,2,7,29,FRANCE,BRETAGNE,019,29019,BREST,KIEL,39651,4,4,VC,0,2,2,,,0,2,,,,1,,0,0,1,0
1,8,6,7,2,29,FRANCE,BRETAGNE,019,29019,BREST,BOULEVARD PLYMOUTH,39665,0,9,Autre,0,1,2,,,0,1,,,,1,7,0,0,1,0
5,8,2,3,3,29,FRANCE,BRETAGNE,019,29019,BREST,BOULEVARD MONTAIGNE,39686,5,4,VC,0,2,3,,,0,1,,,,1,10,0,0,1,0
1,8,2,1,3,29,FRANCE,BRETAGNE,019,29019,BREST,MARECHAL FOCH,39780,0,9,Autre,0,2,2,,,0,1,,,,1,7,0,0,1,0
1,8,7,1,3,29,FRANCE,BRETAGNE,019,29019,BREST,20 ECOLE ST ANNE LAMOTTE PICQUET,39783,0,9,Autre,0,1,2,,,0,1,,,,1,7,0,0,1,0
1,8,3,1,3,29,FRANCE,BRETAGNE,019,29019,BREST,FRANCHET D'ESPEREY,39787,1,9,Autre,0,2,0,,,0,1,,,,1,7,0,0,1,0
1,5,6,1,6,29,FRANCE,BRETAGNE,151,29151,MORLAIX,PLACE JEAN MICHEL CARRADEC,39857,0,4,VC,0,1,1,,,0,1,,,,1,,0,0,1,0
1,8,1,1,6,29,FRANCE,BRETAGNE,019,29019,BREST,GOUESNOU,39876,0,9,Autre,0,2,2,,,0,1,,,,1,7,0,0,1,0
4,8,6,1,7,29,FRANCE,BRETAGNE,019,29019,BREST,LIPPMANN GABRIEL,39888,0,9,Autre,0,2,2,,,0,1,,,,1,7,0,0,1,0
4,8,3,2,3,29,FRANCE,BRETAGNE,019,29019,BREST,MORVAN AUGUSTIN,39936,0,9,Autre,0,2,2,,,0,1,,,,1,7,0,0,1,0
2,8,1,1,3,29,FRANCE,BRETAGNE,019,29019,BREST,RICHELIEU,39938,0,9,Autre,0,2,0,,,0,1,,,,1,7,0,0,1,0
1,8,1,1,6,29,FRANCE,BRETAGNE,019,29019,BREST,PORTE,39958,0,9,Autre,0,2,0,,,0,1,,,,1,,0,0,0,1
2,8,2,1,3,29,FRANCE,BRETAGNE,019,29019,BREST,MARENGO,39971,0,4,VC,0,1,1,,,0,1,,,,1,7,0,0,1,0
1,8,1,1,6,29,FRANCE,BRETAGNE,019,29019,BREST,RUE JEAN JAURES,39980,0,9,Autre,0,2,2,,,0,1,,,,1,7,0,0,1,0
2,8,6,1,6,29,FRANCE,BRETAGNE,019,29019,BREST,FRANCAIS LIBRES,39984,0,9,Autre,0,0,2,,,0,0,,,,1,7,0,0,1,0
1,5,1,1,2,29,FRANCE,BRETAGNE,039,29039,CONCARNEAU,RUE DES SABLES BLANCS,39995,0,4,VC,0,2,1,10,0,0,1,,,,1,7,0,0,1,0
1,8,1,1,3,29,FRANCE,BRETAGNE,019,29019,BREST,VICTOR HUGO,40029,0,9,Autre,0,2,2,,,0,1,,,,1,7,0,0,1,0
1,5,6,1,1,29,FRANCE,BRETAGNE,220,29220,PONT-L'ABBE,Autre 0,40034,0,9,Autre,0,1,0,0,0,0,1,0,0,,1,7,0,0,1,0
1,1,1,1,3,29,FRANCE,BRETAGNE,151,29151,MORLAIX,PLOUGASNOU Route de,40046,0,3,RD,0,2,2,,,0,3,,,,1,33,0,0,1,0
1,7,6,1,3,29,FRANCE,BRETAGNE,232,29232,QUIMPER,BOULEVARD D' ERGUE ARMEL,40049,0,4,VC,0,3,4,,,0,1,,,,1,7,0,0,1,0
1,8,1,8,3,29,FRANCE,BRETAGNE,019,29019,BREST,AMIRAL DESFOSSES ROMAIN,40054,0,4,VC,0,2,4,,,0,1,,,,1,7,0,0,1,0
2,8,2,1,6,29,FRANCE,BRETAGNE,019,29019,BREST,RUE BRUAT,40057,0,9,Autre,0,0,0,,,0,0,,,,1,7,0,0,1,0
1,1,3,1,3,29,FRANCE,BRETAGNE,016,29016,BRASPARTS,RD 30,40063,0,3,RD,30,2,2,0,0,0,0,4832400,-396300,,1,33,0,0,1,0
3,8,2,1,3,29,FRANCE,BRETAGNE,019,29019,BREST,DUQUESNE,40071,0,9,Autre,0,2,50,,,0,1,,,,1,10,0,0,1,0
1,8,9,1,3,29,FRANCE,BRETAGNE,019,29019,BREST,ROND-POINT COAT TAN,40083,5,9,Autre,0,1,3,,,0,1,,,,1,7,0,0,1,0
1,4,1,7,3,29,FRANCE,BRETAGNE,254,29254,SAINT-MARTIN-DES-CHAMPS,ROUTE DE PLOUVORN,40110,2,4,VC,0,1,2,,,0,1,,,,1,10,0,0,1,0
1,8,1,1,2,29,FRANCE,BRETAGNE,019,29019,BREST,RUE JEAN JAURES,40114,0,9,Autre,0,2,2,,,0,1,,,,1,,0,0,0,1
1,8,2,1,3,29,FRANCE,BRETAGNE,019,29019,BREST,BOULEVARD PLYMOUTH,40116,0,9,Autre,0,2,2,,,2,5,,,,1,7,0,0,1,0
1,8,6,1,3,29,FRANCE,BRETAGNE,019,29019,BREST,AVENUE PROVENCE,40149,1,9,Autre,0,0,0,,,0,1,,,,1,7,0,0,1,0
5,8,2,1,7,29,FRANCE,BRETAGNE,019,29019,BREST,,40184,0,9,Autre,,2,2,,,0,1,,,,1,7,0,0,1,0
1,8,1,1,3,29,FRANCE,BRETAGNE,019,29019,BREST,AVENUE LE GORGEU ,40188,0,9,Autre,0,3,0,,,0,1,,,,1,7,0,0,1,0
1,7,2,1,1,29,FRANCE,BRETAGNE,232,29232,QUIMPER,DOUARNENEZ ROUTE DE,40191,0,4,VC,0,2,2,,,0,1,,,,1,7,0,0,1,0
1,8,1,1,3,29,FRANCE,BRETAGNE,019,29019,BREST,FREGATE L'INCOMPRISE,40208,0,4,VC,0,2,1,,,0,1,,,,1,10,0,0,1,0
1,1,1,1,3,29,FRANCE,BRETAGNE,177,29177,PLOUARZEL,RD 5,40217,0,3,RD,5,0,0,0,0,0,0,4844600,-472900,,1,7,0,0,1,0
1,7,1,1,6,29,FRANCE,BRETAGNE,232,29232,QUIMPER,TOURBIE PLACE DE LA,40257,0,4,VC,0,2,2,,,0,1,,,,1,7,0,0,1,0
1,7,1,1,6,29,FRANCE,BRETAGNE,232,29232,QUIMPER,BOULEVARD DE CREAC' H GWEN,40263,0,4,VC,0,2,2,,,0,1,,,,1,7,,,,
1,8,1,1,3,29,FRANCE,BRETAGNE,019,29019,BREST,Autre 0,40269,0,9,Autre,0,2,0,0,0,0,1,0,0,,1,7,0,0,1,0
1,8,6,1,3,29,FRANCE,BRETAGNE,019,29019,BREST,AVENUE LE GORGEU ,40272,0,4,VC,0,3,4,,,0,1,,,,1,7,0,0,1,0
1,4,1,1,3,29,FRANCE,BRETAGNE,040,29040,CONQUET (LE),VC 0,40289,5,4,VC,0,2,2,0,0,0,1,0,0,,1,7,0,0,1,0
1,8,6,2,3,29,FRANCE,BRETAGNE,019,29019,BREST,LESVEN JULES,40290,0,4,VC,0,2,2,,,0,1,,,,1,7,0,0,1,0
1,8,6,1,2,29,FRANCE,BRETAGNE,019,29019,BREST,BOUGUEN,40326,0,9,Autre,0,2,0,,,0,1,,,,1,7,0,0,1,0
1,5,6,1,3,29,FRANCE,BRETAGNE,260,29260,SAINT-RENAN,VC 0,40360,0,4,VC,0,2,1,0,0,0,1,4843800,-462100,,1,7,0,0,1,0
1,8,1,1,3,29,FRANCE,BRETAGNE,019,29019,BREST,RUE DE KEROURIEN,40384,0,9,Autre,0,0,0,,,0,1,4838324,-453128,,1,7,0,0,1,0
1,4,1,1,1,29,FRANCE,BRETAGNE,055,29055,FOLGOET (LE),RD 32,40389,0,3,RD,32,2,0,0,0,0,1,4856305,-433393,,1,7,0,0,1,0
1,8,5,1,3,29,FRANCE,BRETAGNE,019,29019,BREST,COLLET YVES,40392,0,9,Autre,0,2,0,,,0,1,4839654,-447525,,1,7,0,0,1,0
1,8,6,1,3,29,FRANCE,BRETAGNE,019,29019,BREST,KANT,40420,5,4,VC,0,1,0,,,0,1,4839322,-451976,,1,7,0,0,1,0
1,1,3,1,2,29,FRANCE,BRETAGNE,039,29039,CONCARNEAU,RD 783,40425,0,3,RD,0,0,2,,,0,1,4787027,-390687,,1,31,0,0,0,1
1,5,1,1,1,29,FRANCE,BRETAGNE,039,29039,CONCARNEAU,BOULEVARD BOUGAINVILLE,40426,0,4,VC,0,2,2,,,0,1,4787011,-392198,,1,7,0,0,1,0
1,5,6,1,3,29,FRANCE,BRETAGNE,039,29039,CONCARNEAU,AVENUE DE BIELEFELD SENNE,40442,0,4,VC,0,1,1,1,0,2,1,4787708,-390936,,1,7,0,0,1,0
1,8,6,1,3,29,FRANCE,BRETAGNE,019,29019,BREST,LESVEN JULES,40461,0,9,Autre,0,2,2,,,0,1,4840528,-447805,,1,7,0,0,1,0
1,5,1,1,3,29,FRANCE,BRETAGNE,039,29039,CONCARNEAU,BOULEVARD ALFRED GUILLOU,40502,0,4,VC,0,2,2,,,0,1,4787676,-393026,,1,7,0,0,1,0
1,1,1,1,2,29,FRANCE,BRETAGNE,232,29232,QUIMPER,CHEMIN DE COAT OLIER ,40519,0,9,Autre,0,1,1,,,0,0,4802483,-408627,,1,7,0,0,1,0
1,7,1,1,6,29,FRANCE,BRETAGNE,232,29232,QUIMPER,AVENUE DE LA FRANCE LIBRE,40528,0,4,VC,0,2,2,,,0,1,4800913,-409619,,1,7,0,0,1,0
3,1,1,2,2,29,FRANCE,BRETAGNE,136,29136,LOCUNOLE,VC 0,40531,0,4,VC,0,3,2,0,0,0,1,4792172,-350260,,1,7,0,0,1,0
1,7,6,1,3,29,FRANCE,BRETAGNE,232,29232,QUIMPER,CORAY ROUTE DE,40538,0,3,RD,0,3,4,,,0,0,4799513,-407249,,1,7,0,0,1,0
1,8,1,1,3,29,FRANCE,BRETAGNE,019,29019,BREST,KEROUDOT,40548,0,9,Autre,0,1,1,,,0,1,4837800,-452626,,1,7,0,0,1,0
1,8,1,1,6,29,FRANCE,BRETAGNE,019,29019,BREST,AJONCS D'OR,40565,0,9,Autre,0,2,0,,,0,1,4841752,-448453,,1,7,0,0,1,0
1,8,2,1,3,29,FRANCE,BRETAGNE,019,29019,BREST,DUVAL MARCELLIN,40587,0,9,Autre,0,2,2,,,0,1,4841342,-448668,,1,7,0,0,1,0
1,8,3,1,2,29,FRANCE,BRETAGNE,019,29019,BREST,FREGATE LA THETIS,40591,0,9,Autre,0,2,1,,,0,1,4837266,-452873,,1,7,0,0,1,0
3,8,3,1,6,29,FRANCE,BRETAGNE,019,29019,BREST,BOUILLON,40593,0,9,Autre,0,2,2,,,0,1,4838368,-449990,,1,7,0,0,1,0
1,7,3,1,3,29,FRANCE,BRETAGNE,232,29232,QUIMPER,AVENUE PIERRE MENDES FRANCE,40606,0,3,RD,0,0,3,,,0,0,4797860,-412167,,1,7,0,0,1,0
2,7,3,8,7,29,FRANCE,BRETAGNE,232,29232,QUIMPER,AVENUE PIERRE MENDES FRANCE,40617,0,3,RD,0,2,3,,,2,1,4797800,-412289,,1,7,0,0,1,0
5,8,6,2,3,29,FRANCE,BRETAGNE,019,29019,BREST,TROUDE AMIRAL,40637,0,3,RD,0,2,2,,,1,1,4839340,-444529,,1,7,0,0,1,0
5,5,9,2,1,29,FRANCE,BRETAGNE,058,29058,FOUESNANT,Autre 0,40652,0,9,Autre,0,2,0,0,0,0,1,4789961,-402043,,1,7,0,0,1,0
1,8,1,1,6,29,FRANCE,BRETAGNE,019,29019,BREST,AVENUE LE GORGEU ,40666,0,9,Autre,0,0,0,,,0,0,4840054,-449989,,1,7,0,0,1,0
3,8,2,1,6,29,FRANCE,BRETAGNE,019,29019,BREST,LEYGUES GEORGES,40669,0,9,Autre,0,0,0,,,0,1,4838282,-450704,,1,7,0,0,1,0
1,8,6,3,3,29,FRANCE,BRETAGNE,019,29019,BREST,LOUPPE ALBERT,40674,5,4,VC,0,2,2,,,0,1,4840479,-447866,,1,7,0,0,1,0
1,8,6,1,3,29,FRANCE,BRETAGNE,019,29019,BREST,AVENUE PROVENCE,40685,5,4,VC,0,0,2,,,0,1,4840651,-452034,,1,7,0,0,1,0
1,8,3,1,3,29,FRANCE,BRETAGNE,019,29019,BREST,QUIMPER,40689,0,4,VC,0,0,2,,,0,0,4840218,-446004,,1,7,0,0,1,0
1,8,2,1,3,29,FRANCE,BRETAGNE,019,29019,BREST,BOULEVARD DE L'EUROPE,40692,0,9,Autre,0,2,2,,,0,1,4842185,-446351,,1,7,0,0,1,0
1,8,1,1,2,29,FRANCE,BRETAGNE,019,29019,BREST,RUE DE KEROURIEN,40697,0,4,VC,0,0,2,,,0,0,4838320,-453596,,1,7,0,0,1,0
1,8,2,1,5,29,FRANCE,BRETAGNE,019,29019,BREST,INKERMANN,40709,0,4,VC,0,2,2,,,0,1,4839807,-447234,,1,7,0,0,1,0
1,8,2,1,6,29,FRANCE,BRETAGNE,019,29019,BREST,BOULEVARD DE L'EUROPE,40738,0,9,Autre,0,2,2,,,0,1,4841315,-448854,,1,7,0,0,1,0
1,8,3,1,6,29,FRANCE,BRETAGNE,019,29019,BREST,FORBIN CLAUDE,40755,0,9,Autre,0,2,0,,,0,1,4837966,-451947,,1,7,0,0,1,0
1,8,2,2,6,29,FRANCE,BRETAGNE,019,29019,BREST,AIGUILLON,40765,0,9,Autre,0,2,2,,,0,1,4838924,-448890,,1,,,,,
1,5,1,1,3,29,FRANCE,BRETAGNE,039,29039,CONCARNEAU,RUE DE LANRIEC,40778,0,4,VC,0,2,0,,,0,1,4786933,-388452,,1,7,0,0,1,0
1,5,3,1,3,29,FRANCE,BRETAGNE,039,29039,CONCARNEAU,RUE NEUVE,40795,0,4,VC,0,2,2,,,0,5,4789345,-390441,,1,7,0,0,1,0
1,1,9,1,2,29,FRANCE,BRETAGNE,039,29039,CONCARNEAU,RD 783,40797,0,3,RD,0,2,2,31,0,0,1,4786913,-389520,,1,7,0,0,1,0
1,5,1,1,3,29,FRANCE,BRETAGNE,151,29151,MORLAIX,RUE PAUL SERUSIER,40816,0,4,VC,0,0,2,,,0,1,4858151,-382411,,1,33,0,0,0,1
3,7,1,2,7,29,FRANCE,BRETAGNE,232,29232,QUIMPER,ODET QUAI DE L',40845,0,4,VC,0,2,2,,,0,0,4799161,-411031,,1,7,0,0,1,0
1,7,1,1,7,29,FRANCE,BRETAGNE,232,29232,QUIMPER,RUE AMIRAL RONARC'H ,40860,0,3,RD,0,2,2,,,0,0,4799510,-410812,,1,,0,0,1,0
1,7,6,1,3,29,FRANCE,BRETAGNE,232,29232,QUIMPER,AVENUE DE LA FRANCE LIBRE,40902,0,4,VC,0,2,2,,,0,1,4801051,-409588,,1,7,0,0,1,1
1,1,1,1,7,29,FRANCE,BRETAGNE,232,29232,QUIMPER,CHEMIN DE COAT BILY ,40914,0,4,VC,0,2,2,,,0,1,4802507,-408376,,1,,0,0,1,0
1,8,6,9,3,30,FRANCE,LANGUEDOC-ROUSSILLON,189,30189,NIMES,BOULEVARD DU MARECHAL JUIN,40976,0,4,VC,0,1,2,,,0,1,,,,1,7,0,0,1,0
5,3,1,1,1,30,FRANCE,LANGUEDOC-ROUSSILLON,255,30255,SAINT-GENIES-DE-MALGOIRES,Autre 0,41042,0,9,Autre,0,0,0,0,0,0,0,0,0,,1,7,0,0,1,0
1,8,1,1,6,30,FRANCE,LANGUEDOC-ROUSSILLON,189,30189,NIMES,RUE PUECH DU TEIL,41097,0,4,VC,0,2,2,,,0,1,,,,1,,0,0,1,0
1,8,1,1,6,30,FRANCE,LANGUEDOC-ROUSSILLON,189,30189,NIMES,SQUARE BOUQUERIE,41099,0,4,VC,0,1,1,,,0,1,,,,1,7,0,0,1,0
1,8,1,1,3,30,FRANCE,LANGUEDOC-ROUSSILLON,189,30189,NIMES,ROUTE BEAUCAIRE,41108,0,3,RD,0,1,2,,,0,1,,,,1,7,0,0,1,0
1,1,2,1,3,30,FRANCE,LANGUEDOC-ROUSSILLON,189,30189,NIMES,RUE DHUODA,41157,0,4,VC,0,2,2,,,0,1,,,,1,7,0,0,1,0
1,8,1,1,6,30,FRANCE,LANGUEDOC-ROUSSILLON,189,30189,NIMES,AVENUE GEORGES POMPIDOU,41201,0,4,VC,0,2,4,,,1,1,,,,1,7,0,0,1,0
1,8,2,1,3,30,FRANCE,LANGUEDOC-ROUSSILLON,189,30189,NIMES,AVENUE DE LATTRE DE TASSIGNY,41250,0,4,VC,0,2,1,,,0,1,,,,1,7,0,0,1,0
3,5,1,1,2,30,FRANCE,LANGUEDOC-ROUSSILLON,032,30032,BEAUCAIRE,JEAN MONNET,41285,0,4,VC,0,2,1,,,0,1,,,,1,7,0,0,1,0
1,8,1,8,6,30,FRANCE,LANGUEDOC-ROUSSILLON,189,30189,NIMES,RUE BEAUCAIRE,41287,0,4,VC,0,0,1,,,0,1,,,,1,7,0,0,1,0
1,8,1,1,6,30,FRANCE,LANGUEDOC-ROUSSILLON,189,30189,NIMES,ROUTE BEAUCAIRE,41323,0,4,VC,0,2,2,,,0,1,,,,1,7,0,0,1,0
1,8,1,1,6,30,FRANCE,LANGUEDOC-ROUSSILLON,189,30189,NIMES,RUE LAURIERS,41339,0,4,VC,0,2,2,,,0,1,,,,1,7,0,0,1,0
1,8,6,1,3,30,FRANCE,LANGUEDOC-ROUSSILLON,189,30189,NIMES,ROUTE SAINT GILLES,41341,0,3,RD,0,2,2,,,0,1,,,,1,7,0,0,1,0
1,8,2,1,3,30,FRANCE,LANGUEDOC-ROUSSILLON,189,30189,NIMES,RUE COLBERT,41434,0,4,VC,0,0,1,,,0,1,,,,1,7,0,0,1,0
1,8,2,1,6,30,FRANCE,LANGUEDOC-ROUSSILLON,189,30189,NIMES,RUE HENRI  IV,41445,0,4,VC,0,1,1,,,0,1,4383052,345699,,1,7,0,0,1,0
1,8,3,1,3,30,FRANCE,LANGUEDOC-ROUSSILLON,189,30189,NIMES,BOULEVARD DU MARECHAL JUIN,41503,0,4,VC,0,2,2,,,0,1,,,,1,7,0,0,1,0
1,8,1,1,1,30,FRANCE,LANGUEDOC-ROUSSILLON,189,30189,NIMES,RUE SULLY,41508,0,4,VC,0,2,3,,,0,1,,,,1,7,0,0,1,0
1,1,1,1,1,30,FRANCE,LANGUEDOC-ROUSSILLON,170,30170,MOLIERES-CAVAILLAC,VC 0,41528,0,4,VC,0,2,1,0,0,0,1,4397900,358900,,1,7,0,0,1,0
1,8,6,1,3,30,FRANCE,LANGUEDOC-ROUSSILLON,189,30189,NIMES,RUE REINACH SALOMON,41540,0,4,VC,0,2,2,,,0,1,4384227,438630,,1,7,0,0,1,0
1,5,9,1,7,30,FRANCE,LANGUEDOC-ROUSSILLON,028,30028,BAGNOLS-SUR-CEZE,AVENUE GEORGES BESSE,41579,0,4,VC,0,2,2,0,700,0,1,,,,1,10,0,0,1,0
1,8,1,6,6,30,FRANCE,LANGUEDOC-ROUSSILLON,189,30189,NIMES,RUE CIRQUE ROMAIN,41589,0,4,VC,0,1,1,,,0,1,,,,1,7,0,0,1,0
1,8,1,1,6,30,FRANCE,LANGUEDOC-ROUSSILLON,189,30189,NIMES,RUE PERRIER GENERAL,41623,0,4,VC,0,1,1,,,0,4,,,,1,7,0,0,1,0
1,8,6,1,3,30,FRANCE,LANGUEDOC-ROUSSILLON,189,30189,NIMES,NATIONS UNIES,41639,0,2,RN,0,4,2,,,0,1,4382976,435770,,1,7,0,0,1,0
1,5,1,1,3,30,FRANCE,LANGUEDOC-ROUSSILLON,351,30351,VILLENEUVE-LES-AVIGNON,BOULEVARD FREDERIC MISTRAL,41647,5,3,RD,0,3,2,,,0,1,,,,1,7,0,0,1,0
1,8,1,1,6,30,FRANCE,LANGUEDOC-ROUSSILLON,189,30189,NIMES,RUE CART,41673,0,4,VC,0,1,1,,,0,1,4383264,435949,,1,7,0,0,1,0
1,6,1,1,3,30,FRANCE,LANGUEDOC-ROUSSILLON,007,30007,ALES,RUE RENE CASSIN,41682,0,4,VC,0,3,3,,,0,1,,,,1,7,0,0,1,0
2,8,3,1,3,30,FRANCE,LANGUEDOC-ROUSSILLON,189,30189,NIMES,ROUTE SAUVE,41688,0,4,VC,0,2,3,,,0,1,4383738,432917,,1,7,0,0,1,0
1,8,1,1,6,30,FRANCE,LANGUEDOC-ROUSSILLON,189,30189,NIMES,BOULEVARD VICTOR HUGO,41699,0,4,VC,0,1,3,,,3,1,4385513,435844,,1,7,0,0,1,0
5,8,2,1,3,30,FRANCE,LANGUEDOC-ROUSSILLON,189,30189,NIMES,RUE LAZARE BERNARD,41711,0,4,VC,0,1,1,,,0,1,4338380,435178,,1,7,0,0,1,0
1,6,1,2,3,30,FRANCE,LANGUEDOC-ROUSSILLON,007,30007,ALES,AVENUE LARMINAT,41715,0,4,VC,0,2,2,,,0,1,,,,1,7,0,0,1,0
1,5,2,1,3,30,FRANCE,LANGUEDOC-ROUSSILLON,032,30032,BEAUCAIRE,MARECHAL JOFFRE,41718,5,3,RD,0,1,2,,,0,1,,,,1,7,0,0,1,0