lum,agg,int,atm,col,dep_bis,pays,region,com_bis,com_codeINSEE,communes,N_voie,numac,infra,catr,type_route,voie,circ,nbv,pr,pr1,vosp,situ,lat,long,adr,accident_velo,vehicule_imp,cycl_mort,cycl_bgv,cycl_blg,cycl_indm
5,8,1,1,3,30,FRANCE,LANGUEDOC-ROUSSILLON,189,30189,NIMES,RUE FAITA VINCENT,41722,0,4,VC,0,2,2,,,0,1,4384042,436536,,1,7,0,0,1,0
1,8,3,1,3,30,FRANCE,LANGUEDOC-ROUSSILLON,189,30189,NIMES,ROUTE BEAUCAIRE,41739,0,4,VC,0,2,2,,,0,1,4383807,437688,,1,7,0,0,1,0
5,8,1,1,6,30,FRANCE,LANGUEDOC-ROUSSILLON,189,30189,NIMES,ROUTE D'UZES,41744,0,4,VC,0,2,2,,,0,1,,,,1,,0,0,0,1
5,8,1,1,6,30,FRANCE,LANGUEDOC-ROUSSILLON,189,30189,NIMES,RUE SAINT GILLES,41745,0,4,VC,0,1,1,,,0,1,,,,1,7,0,0,1,0
1,8,6,1,6,30,FRANCE,LANGUEDOC-ROUSSILLON,189,30189,NIMES,ROND-POINT RISHON LE ZION,41751,5,4,VC,0,1,2,,,1,1,4383699,438770,,1,7,0,0,1,0
1,1,1,1,1,30,FRANCE,LANGUEDOC-ROUSSILLON,193,30193,PARIGNARGUES,RD 1,41789,0,3,RD,1,2,0,5,800,0,1,0,0,,1,7,0,0,1,0
1,5,1,1,3,30,FRANCE,LANGUEDOC-ROUSSILLON,028,30028,BAGNOLS-SUR-CEZE,AVENUE DE L'EUROPE,41791,0,2,RN,0,2,2,,,0,1,,,,1,7,0,0,1,0
1,6,1,1,3,30,FRANCE,LANGUEDOC-ROUSSILLON,007,30007,ALES,QUAI BILINA,41853,0,4,VC,0,2,0,,,0,1,,,,1,7,0,0,1,0
1,1,1,1,1,30,FRANCE,LANGUEDOC-ROUSSILLON,180,30180,MONTIGNARGUES,RD 7,41908,0,3,RD,7,2,2,2,600,0,1,0,0,,1,7,0,0,1,0
1,8,2,1,3,30,FRANCE,LANGUEDOC-ROUSSILLON,189,30189,NIMES,RUE NICOT,41951,0,4,VC,0,0,0,,,0,1,,,,1,7,0,0,1,0
1,8,2,1,3,30,FRANCE,LANGUEDOC-ROUSSILLON,189,30189,NIMES,RUE SALVADOR ALLENDE ,41961,5,4,VC,0,1,2,,,0,1,,,,1,7,0,0,1,0
1,8,1,1,6,30,FRANCE,LANGUEDOC-ROUSSILLON,189,30189,NIMES,AVENUE FEUCHERES,41963,0,3,RD,0,1,1,,,3,0,4383430,435910,,1,37,0,0,1,0
1,8,6,1,6,30,FRANCE,LANGUEDOC-ROUSSILLON,189,30189,NIMES,RUE JULES VERNE,41997,0,4,VC,0,2,1,,,0,1,4384583,345699,,1,14,0,0,1,0
1,8,6,1,6,30,FRANCE,LANGUEDOC-ROUSSILLON,189,30189,NIMES,COURS MONNET JEAN,42006,0,4,VC,0,1,2,,,0,1,4381795,434795,,1,7,0,0,1,0
1,1,1,1,2,30,FRANCE,LANGUEDOC-ROUSSILLON,344,30344,VERGEZE,RD 139,42013,0,3,RD,139,2,2,5,500,0,1,0,0,,1,10,0,0,1,0
1,8,1,1,2,30,FRANCE,LANGUEDOC-ROUSSILLON,189,30189,NIMES,ROUTE AVIGNON,42034,0,4,VC,0,2,0,,,0,1,,,,1,7,0,0,1,0
1,8,6,1,6,30,FRANCE,LANGUEDOC-ROUSSILLON,189,30189,NIMES,RUE SALVADOR ALLENDE ,42037,0,4,VC,0,2,3,,,1,1,4382720,437429,,1,7,0,0,1,0
1,8,9,1,3,30,FRANCE,LANGUEDOC-ROUSSILLON,189,30189,NIMES,RUE ENCLOS REY,42041,0,4,VC,0,2,1,,,0,1,4384015,436281,,1,7,0,0,1,0
1,1,1,1,2,30,FRANCE,LANGUEDOC-ROUSSILLON,189,30189,NIMES,ROUTE ALES,42054,0,2,RN,0,2,3,,,0,1,4387625,431438,,1,7,0,0,1,0
1,8,1,1,7,30,FRANCE,LANGUEDOC-ROUSSILLON,189,30189,NIMES,RUE DELVINCOURT CLAUDE,42074,0,4,VC,0,1,1,,,0,1,4385620,438571,,1,,0,0,1,0
1,8,2,1,3,30,FRANCE,LANGUEDOC-ROUSSILLON,189,30189,NIMES,RUE ESPERENDIEU HENRI,42085,0,4,VC,0,2,2,,,0,1,,,,1,7,0,0,1,0
1,6,1,1,3,30,FRANCE,LANGUEDOC-ROUSSILLON,007,30007,ALES,BOULEVARD LOUIS BLANC,42099,0,4,VC,0,1,2,,,0,1,,,,1,7,0,0,1,0
1,8,1,1,6,30,FRANCE,LANGUEDOC-ROUSSILLON,189,30189,NIMES,AVENUE DAYAN GEORGES,42105,0,4,VC,0,2,2,,,0,1,4381429,432877,,1,,0,0,1,0
1,8,2,1,3,30,FRANCE,LANGUEDOC-ROUSSILLON,189,30189,NIMES,RUE ALLIER EMILE,42124,0,4,VC,0,0,0,,,0,1,,,,1,7,0,0,1,0
1,1,1,1,3,30,FRANCE,LANGUEDOC-ROUSSILLON,325,30325,SUMENE,RD 20,42133,0,3,RD,20,2,2,30,530,0,1,4399700,371200,,1,7,0,0,1,0
1,6,1,1,6,30,FRANCE,LANGUEDOC-ROUSSILLON,007,30007,ALES,AVENUE DES FRERES LUMIERE,42138,0,4,VC,0,2,2,,,0,1,,,,1,7,0,0,1,0
1,1,1,1,3,30,FRANCE,LANGUEDOC-ROUSSILLON,214,30214,RIBAUTE-LES-TAVERNES,VC 26,42181,0,4,VC,26,2,0,0,0,0,1,4404600,408300,,1,7,0,0,1,0
5,8,6,1,3,30,FRANCE,LANGUEDOC-ROUSSILLON,189,30189,NIMES,ROUTE COURBESSAC,42203,5,4,VC,0,1,1,,,0,1,4385291,439785,,1,7,0,0,1,0
1,8,1,1,3,30,FRANCE,LANGUEDOC-ROUSSILLON,189,30189,NIMES,BOULEVARD BOEGNER PASTEUR MARC,42226,0,4,VC,0,1,1,,,0,1,,,,1,10,0,0,1,0
1,6,1,1,6,30,FRANCE,LANGUEDOC-ROUSSILLON,007,30007,ALES,AVENUE YOURI GAGARINE,42246,0,4,VC,0,1,0,,,0,1,,,,1,7,0,0,1,0
5,6,1,1,3,30,FRANCE,LANGUEDOC-ROUSSILLON,007,30007,ALES,ROUTE DU PONT DE GRABIEUX,42285,0,4,VC,,2,2,,,0,1,,,,1,7,0,0,1,0
1,8,6,1,3,30,FRANCE,LANGUEDOC-ROUSSILLON,189,30189,NIMES,RUE SALVADOR ALLENDE ,42300,0,2,RN,106,1,2,0,1,0,1,4381568,434029,,1,7,0,0,1,0
1,6,3,1,3,30,FRANCE,LANGUEDOC-ROUSSILLON,007,30007,ALES,RUE DES CASTORS,42371,0,4,VC,0,2,2,,,0,1,,,,1,7,0,0,1,0
1,5,3,1,3,30,FRANCE,LANGUEDOC-ROUSSILLON,032,30032,BEAUCAIRE,ROUSSEAU JJ,42441,0,4,VC,0,1,1,,,0,1,4380863,464101,,1,3,0,0,1,0
1,5,1,1,6,30,FRANCE,LANGUEDOC-ROUSSILLON,047,30047,BOUILLARGUES,VC 0,42450,0,4,VC,0,1,1,0,0,0,1,4380079,442781,,1,,0,0,1,0
1,8,2,1,3,30,FRANCE,LANGUEDOC-ROUSSILLON,189,30189,NIMES,RUE SALVADOR ALLENDE ,42470,0,4,VC,0,2,3,,,0,1,4381886,436598,,1,7,0,0,1,0
1,1,1,1,6,30,FRANCE,LANGUEDOC-ROUSSILLON,049,30049,BOURDIC,RD 22,42490,0,3,RD,22,2,2,32,500,0,1,4396956,433735,,1,,0,0,1,0
1,5,2,1,1,30,FRANCE,LANGUEDOC-ROUSSILLON,133,30133,GRAU-DU-ROI (LE),VC 0,42492,0,4,VC,0,3,1,0,0,0,1,0,0,,1,7,0,0,1,0
1,5,1,1,3,30,FRANCE,LANGUEDOC-ROUSSILLON,032,30032,BEAUCAIRE,AVENUE DE FARCIENNES,42515,0,4,VC,0,2,2,,,0,1,4381471,462543,,1,33,0,0,1,0
1,1,6,1,3,30,FRANCE,LANGUEDOC-ROUSSILLON,032,30032,BEAUCAIRE,ROUTE DE FOURQUES,42524,5,3,RD,0,0,2,,,0,1,4380218,463391,,1,7,0,0,1,0
1,1,1,1,1,30,FRANCE,LANGUEDOC-ROUSSILLON,283,30283,SAINT-MARTIAL,RD 20,42539,0,3,RD,20,2,0,21,900,0,1,4403652,372935,,1,7,0,0,1,0
1,8,2,1,3,30,FRANCE,LANGUEDOC-ROUSSILLON,189,30189,NIMES,RUE BRICONNET,42578,0,4,VC,0,1,1,,,0,1,4383161,436190,,1,7,0,0,1,0
1,8,1,1,3,30,FRANCE,LANGUEDOC-ROUSSILLON,189,30189,NIMES,BOULEVARD BOEGNER PASTEUR MARC,42580,0,2,RN,106,3,4,0,100,0,1,4381654,433998,,1,33,0,0,1,0
1,3,1,1,1,30,FRANCE,LANGUEDOC-ROUSSILLON,339,30339,VALLERAUGUE,VC 0,42586,0,4,VC,0,2,2,0,0,0,1,4408229,363930,,1,7,0,0,1,0
1,6,1,1,1,30,FRANCE,LANGUEDOC-ROUSSILLON,007,30007,ALES,CHEMIN DE TRESPEAUX,42598,0,6,Parking,0,1,1,,,0,1,,,,1,7,0,0,1,0
1,5,6,1,3,30,FRANCE,LANGUEDOC-ROUSSILLON,032,30032,BEAUCAIRE,ROUTE DE NIMES,42608,5,3,RD,999,2,2,4,0,0,1,4381852,461192,,1,7,0,0,1,0
1,3,1,1,1,30,FRANCE,LANGUEDOC-ROUSSILLON,167,30167,MEYRANNES,,42633,0,4,VC,,2,2,,,0,1,4427054,416434,,1,7,0,0,1,0
3,8,2,1,7,30,FRANCE,LANGUEDOC-ROUSSILLON,189,30189,NIMES,RUE LENOIR ETIENNE,42661,0,4,VC,,3,2,,,0,4,4381435,435341,,1,,0,0,1,0
1,6,1,1,3,30,FRANCE,LANGUEDOC-ROUSSILLON,007,30007,ALES,QUAI DU MAS D'HOURS,42671,0,4,VC,0,2,2,,,0,1,,,,1,7,0,0,1,0
1,6,1,1,3,30,FRANCE,LANGUEDOC-ROUSSILLON,007,30007,ALES,IMPASSE GEORGE SAND,42712,0,4,VC,0,2,2,,,0,1,,,,1,7,0,0,1,0
1,5,1,1,3,30,FRANCE,LANGUEDOC-ROUSSILLON,243,30243,SAINT-CHRISTOL-LES-ALES,AVENUE DE CAMPELLO,42749,0,3,RD,910,2,2,,,0,1,,,,1,7,0,0,1,0
1,5,1,1,6,30,FRANCE,LANGUEDOC-ROUSSILLON,028,30028,BAGNOLS-SUR-CEZE,AVENUE DU COMMANDO VIGAN BRAQUET,42752,0,4,VC,0,2,2,,,0,4,4416596,461200,,1,7,0,0,1,0
1,8,3,1,3,30,FRANCE,LANGUEDOC-ROUSSILLON,189,30189,NIMES,RUE SALVADOR ALLENDE ,42803,0,4,VC,0,1,1,,,0,1,4383285,438567,,1,7,0,0,1,0
1,8,1,1,1,30,FRANCE,LANGUEDOC-ROUSSILLON,189,30189,NIMES,RUE SAINTE PERPETUE,42819,0,4,VC,0,1,1,,,0,1,4383422,437182,,1,30,0,0,1,0
1,6,2,1,3,30,FRANCE,LANGUEDOC-ROUSSILLON,007,30007,ALES,CHEMIN DE LA TORTUGUE,42834,0,4,VC,0,0,0,,,0,1,4411996,410670,,1,7,0,0,1,0
1,6,1,1,3,30,FRANCE,LANGUEDOC-ROUSSILLON,007,30007,ALES,AVENUE DES MALADRERIES,42837,0,4,VC,0,1,2,,,0,1,,,,1,7,0,0,1,0
1,8,1,1,1,30,FRANCE,LANGUEDOC-ROUSSILLON,189,30189,NIMES,RUE ENCLOS REY,42849,0,4,VC,0,1,1,,,0,1,4384082,436293,,1,7,0,0,1,0
1,6,1,1,3,30,FRANCE,LANGUEDOC-ROUSSILLON,007,30007,ALES,QUAI MAX CHAPTAL,42872,0,4,VC,0,1,2,,,0,1,,,,1,7,0,0,1,0
1,6,1,1,3,30,FRANCE,LANGUEDOC-ROUSSILLON,007,30007,ALES,ROUTE D'UZES,42873,0,3,RD,60,1,2,6,200,0,1,4411294,410644,,1,7,0,0,1,0
1,6,3,8,1,30,FRANCE,LANGUEDOC-ROUSSILLON,007,30007,ALES,PLACE PIERRE SEMARD,42880,0,4,VC,0,2,0,,,0,1,,,,1,7,0,0,1,0
1,6,1,1,2,30,FRANCE,LANGUEDOC-ROUSSILLON,007,30007,ALES,MONTEE SILHOL,42882,0,4,VC,0,2,2,,,0,1,,,,1,7,0,0,1,0
1,6,2,1,3,30,FRANCE,LANGUEDOC-ROUSSILLON,007,30007,ALES,AVENUE MONGE,42886,0,3,RD,60,3,3,2,330,0,1,4414595,410100,,1,7,0,0,1,0
1,8,1,1,3,30,FRANCE,LANGUEDOC-ROUSSILLON,189,30189,NIMES,RUE NICOT,42928,0,4,VC,0,0,1,,,0,1,4384102,437099,,1,7,0,0,1,0
1,8,1,1,6,30,FRANCE,LANGUEDOC-ROUSSILLON,189,30189,NIMES,BOULEVARD FRANCAIS LIBRES,42949,0,3,RD,42,0,2,3,55,0,0,4380750,437163,,1,7,0,0,1,0
1,8,2,1,3,30,FRANCE,LANGUEDOC-ROUSSILLON,189,30189,NIMES,RUE ROUGET DE L'ISLE,42968,0,4,VC,0,0,1,,,0,0,4384072,435539,,1,7,0,0,1,0
1,8,2,1,3,30,FRANCE,LANGUEDOC-ROUSSILLON,189,30189,NIMES,RUE ADRIEN,42974,0,4,VC,0,0,1,,,0,1,4383976,435299,,1,7,0,0,1,0
1,1,1,1,3,30,FRANCE,LANGUEDOC-ROUSSILLON,001,30001,AIGALIERS,RD 125,42989,0,3,RD,125,2,2,15,200,0,1,4405195,434916,,1,7,0,0,1,0
2,1,1,8,1,30,FRANCE,LANGUEDOC-ROUSSILLON,333,30333,UCHAUD,VC 0,42991,0,4,VC,0,2,2,0,0,0,1,4375222,427153,,1,30,,,,
1,1,1,1,1,30,FRANCE,LANGUEDOC-ROUSSILLON,034,30034,BELLEGARDE,RD 38,42996,0,3,RD,38,2,0,8,0,0,1,4378143,455321,,1,7,0,0,1,0
1,8,6,1,3,30,FRANCE,LANGUEDOC-ROUSSILLON,189,30189,NIMES,Lt Col Pierre COLIN,43020,5,3,RD,6113,1,2,24,820,0,1,4381651,439284,,1,7,0,0,1,0
1,8,2,1,2,30,FRANCE,LANGUEDOC-ROUSSILLON,189,30189,NIMES,ROUTE SAUVE,43022,0,3,RD,999,2,2,26,257,0,1,4383651,433703,,1,7,0,0,1,0
1,8,1,1,3,30,FRANCE,LANGUEDOC-ROUSSILLON,189,30189,NIMES,CHEMIN BAS DU MAS DE BOUDAN,43027,0,4,VC,0,2,2,,,0,1,4382729,436429,,1,7,0,0,1,0
1,8,2,8,6,30,FRANCE,LANGUEDOC-ROUSSILLON,189,30189,NIMES,RUE NATIONALE,43059,0,4,VC,0,1,1,,,0,1,4383938,436267,,1,7,0,0,1,0
1,1,1,1,1,30,FRANCE,LANGUEDOC-ROUSSILLON,076,30076,CAVILLARGUES,RD 166,43098,0,3,RD,166,2,2,17,678,0,1,4411481,452942,,1,10,0,0,1,0
1,6,1,1,1,30,FRANCE,LANGUEDOC-ROUSSILLON,007,30007,ALES,CHEMIN DE SERRE DU LEVREAU,43104,0,4,VC,0,0,0,,,0,1,4409984,407803,,1,7,0,0,1,0
1,6,1,1,2,30,FRANCE,LANGUEDOC-ROUSSILLON,007,30007,ALES,QUAI MAX CHAPTAL,43124,0,3,RD,385,2,2,,,0,1,,,,1,7,0,0,1,0
1,6,1,3,2,30,FRANCE,LANGUEDOC-ROUSSILLON,007,30007,ALES,MONTEE DES CYPRES,43180,0,4,VC,0,0,0,,,0,1,4410207,408054,,1,7,0,0,1,0
5,5,6,1,6,30,FRANCE,LANGUEDOC-ROUSSILLON,028,30028,BAGNOLS-SUR-CEZE,ROUTE DE NIMES,43200,5,3,RD,6,2,2,48,850,0,1,4415502,461657,,1,7,0,0,1,0
1,5,2,1,6,30,FRANCE,LANGUEDOC-ROUSSILLON,028,30028,BAGNOLS-SUR-CEZE,CHEMIN VIEUX DE LYON,43212,0,4,VC,0,2,2,,,0,1,4416043,460914,,1,10,0,0,1,0
1,5,1,1,6,30,FRANCE,LANGUEDOC-ROUSSILLON,032,30032,BEAUCAIRE,MARECHAL FOCH,43222,0,3,RD,986,2,3,16,420,0,1,4380964,463859,,1,7,0,0,1,0
1,8,1,1,2,30,FRANCE,LANGUEDOC-ROUSSILLON,189,30189,NIMES,RUE CRISTINO GARCIA,43243,0,4,VC,0,2,2,,,0,1,4349410,423050,,1,7,0,0,1,0
1,1,6,1,3,30,FRANCE,LANGUEDOC-ROUSSILLON,189,30189,NIMES,ROUTE AVIGNON,43290,0,3,RD,0,1,2,,,0,0,4385715,440485,,1,7,0,0,1,0
1,8,2,1,3,30,FRANCE,LANGUEDOC-ROUSSILLON,189,30189,NIMES,MAS DE CHEYLON,43321,0,3,RD,613,2,2,1,910,0,1,4380526,433644,,1,7,0,0,1,0
5,9,1,1,6,31,FRANCE,MIDI-PYRENEES,555,31555,TOULOUSE,PONT GARIGLIANO,43369,0,4,VC,0,2,2,,,0,1,,,,1,,0,0,1,0
1,9,1,1,3,31,FRANCE,MIDI-PYRENEES,555,31555,TOULOUSE,RUE LOUIS EYDOUX,43370,0,4,VC,0,2,1,,,0,1,,,,1,7,0,0,1,0
1,9,1,1,6,31,FRANCE,MIDI-PYRENEES,555,31555,TOULOUSE,RUE CLEMENCE ISAURE,43384,0,4,VC,0,1,2,,,0,1,,,,1,,0,0,1,0
5,9,3,1,3,31,FRANCE,MIDI-PYRENEES,555,31555,TOULOUSE,AVENUE DE LA GLOIRE,43404,0,4,VC,0,2,2,,,0,1,,,,1,7,0,0,1,0
1,9,1,1,5,31,FRANCE,MIDI-PYRENEES,555,31555,TOULOUSE,CHEMIN DE L'ESPESSIERES,43414,0,4,VC,0,2,2,,,0,1,,,,1,7,0,0,1,0
5,9,1,1,3,31,FRANCE,MIDI-PYRENEES,555,31555,TOULOUSE,ALLEE EMILE MONSO,43419,0,4,VC,0,2,1,,,0,1,,,,1,7,0,0,1,0
1,9,1,1,6,31,FRANCE,MIDI-PYRENEES,555,31555,TOULOUSE,RUE MATABIAU,43431,0,4,VC,0,2,1,,,0,1,,,,1,7,0,0,1,0
2,6,6,1,3,31,FRANCE,MIDI-PYRENEES,149,31149,COLOMIERS,CHEMIN DE L'ARMURIE,43551,0,4,VC,0,2,1,11,0,0,1,,,,1,7,0,0,1,0
5,9,1,1,6,31,FRANCE,MIDI-PYRENEES,555,31555,TOULOUSE,ROUTE D'ALBI,43553,0,4,VC,0,2,2,,,0,1,,,,1,10,0,0,1,0
1,9,1,1,3,31,FRANCE,MIDI-PYRENEES,555,31555,TOULOUSE,BOULEVARD DE L'EMBOUCHURE,43556,0,4,VC,0,1,4,,,0,1,,,,1,7,0,0,1,0
1,9,1,1,4,31,FRANCE,MIDI-PYRENEES,555,31555,TOULOUSE,RUE DU FAUBOURG BONNEFOY,43562,0,4,VC,0,2,2,,,0,1,,,,1,7,0,0,1,0
1,9,1,1,3,31,FRANCE,MIDI-PYRENEES,555,31555,TOULOUSE,AVENUE DE LYON,43568,0,4,VC,0,2,4,,,0,1,,,,1,2,0,0,1,0
5,9,1,1,6,31,FRANCE,MIDI-PYRENEES,555,31555,TOULOUSE,PORT SAINT SAUVEUR,43600,0,4,VC,0,1,2,,,0,1,,,,1,99,0,0,1,0
1,9,2,1,3,31,FRANCE,MIDI-PYRENEES,555,31555,TOULOUSE,RUE GEORGES PICOT,43614,0,4,VC,0,2,1,,,0,1,,,,1,7,0,0,1,0
1,6,1,1,6,31,FRANCE,MIDI-PYRENEES,069,31069,BLAGNAC,RUE PASTEUR,43633,0,4,VC,0,1,1,,,0,1,,,,1,7,0,0,1,0
1,6,6,1,3,31,FRANCE,MIDI-PYRENEES,149,31149,COLOMIERS,A624 COLOMIERS EST,43636,0,2,RN,0,0,1,10,0,0,1,,,,1,7,0,0,1,0
1,9,1,1,6,31,FRANCE,MIDI-PYRENEES,555,31555,TOULOUSE,PONT DE LA CROIX DE PIERRE,43648,0,4,VC,0,1,2,,,0,1,,,,1,,0,0,1,0
1,9,1,1,3,31,FRANCE,MIDI-PYRENEES,555,31555,TOULOUSE,ROUTE DE SEYSSES,43651,0,4,VC,0,2,2,,,0,4,,,,1,7,0,0,1,0
1,9,1,1,5,31,FRANCE,MIDI-PYRENEES,555,31555,TOULOUSE,PL DU PARLEMENT,43652,0,4,VC,0,2,3,,,0,1,,,,1,18,0,0,0,1
1,9,1,1,3,31,FRANCE,MIDI-PYRENEES,555,31555,TOULOUSE,AVENUE DE LOMBEZ,43659,0,4,VC,0,2,1,,,0,1,,,,1,7,0,0,1,0
5,9,1,2,6,31,FRANCE,MIDI-PYRENEES,555,31555,TOULOUSE,AVENUE ETIENNE BILLIERES,43666,0,4,VC,0,3,2,,,0,1,,,,1,,0,0,1,0
1,9,1,1,6,31,FRANCE,MIDI-PYRENEES,555,31555,TOULOUSE,BOULEVARD LAZARE CARNOT,43667,0,4,VC,0,2,4,,,0,1,,,,1,,0,0,0,1
1,9,3,1,3,31,FRANCE,MIDI-PYRENEES,555,31555,TOULOUSE,RUE LOUIS PLANA,43668,0,4,VC,0,2,0,,,0,1,,,,1,7,0,0,1,0
1,9,2,1,6,31,FRANCE,MIDI-PYRENEES,555,31555,TOULOUSE,ROUTE D'ALBI,43669,0,4,VC,0,2,2,,,0,1,,,,1,,0,0,1,0
1,9,3,1,3,31,FRANCE,MIDI-PYRENEES,555,31555,TOULOUSE,AVENUE JULES JULIEN,43681,0,4,VC,0,2,3,,,0,1,,,,1,5,0,0,1,0
1,9,2,1,1,31,FRANCE,MIDI-PYRENEES,555,31555,TOULOUSE,AVENUE DE LA GLOIRE,43683,0,4,VC,0,2,2,,,0,1,,,,1,7,0,0,1,0
1,9,1,1,3,31,FRANCE,MIDI-PYRENEES,555,31555,TOULOUSE,PL ETIENNE ESQUIROL,43684,0,4,VC,0,2,3,,,3,1,,,,1,18,0,0,0,1
1,9,1,1,3,31,FRANCE,MIDI-PYRENEES,555,31555,TOULOUSE,RUE D'ALSACE LORRAINE,43687,0,4,VC,0,4,3,,,0,1,,,,1,18,0,0,1,0
1,1,2,1,3,31,FRANCE,MIDI-PYRENEES,555,31555,TOULOUSE,CHEMIN LINIERES,43692,0,4,VC,0,2,2,,,0,1,,,,1,7,0,0,1,0
1,6,3,1,3,31,FRANCE,MIDI-PYRENEES,149,31149,COLOMIERS,ALLEE DE LA CHAMPAGNE,43701,0,4,VC,0,2,2,17,0,1,1,,,,1,7,0,0,1,0
2,9,2,1,6,31,FRANCE,MIDI-PYRENEES,555,31555,TOULOUSE,RUE DU TAUR,43706,0,4,VC,0,1,3,,,0,1,,,,1,7,0,0,1,0
1,9,3,1,3,31,FRANCE,MIDI-PYRENEES,555,31555,TOULOUSE,AVENUE DE CASTRES,43707,0,4,VC,0,2,2,,,0,1,,,,1,7,0,0,1,0
1,9,2,1,3,31,FRANCE,MIDI-PYRENEES,555,31555,TOULOUSE,RUE DE LA CHAUSSEE,43709,0,4,VC,0,2,2,,,0,1,,,,1,7,0,0,1,0
1,9,4,1,2,31,FRANCE,MIDI-PYRENEES,555,31555,TOULOUSE,ROND-POINT JOSEPH SAUVEUR,43712,0,4,VC,0,1,2,,,0,1,,,,1,7,0,0,1,0
1,9,3,1,3,31,FRANCE,MIDI-PYRENEES,555,31555,TOULOUSE,RUE DES PUITS CREUSES,43721,0,4,VC,0,1,2,,,0,1,,,,1,7,0,0,1,0
1,9,1,1,3,31,FRANCE,MIDI-PYRENEES,555,31555,TOULOUSE,CHEMIN DE LAPORTE,43755,0,4,VC,0,2,2,,,0,1,,,,1,7,0,0,1,0
1,9,1,1,2,31,FRANCE,MIDI-PYRENEES,555,31555,TOULOUSE,RUE DE LA REPUBLIQUE ,43757,0,4,VC,0,1,2,,,0,1,,,,1,7,0,0,1,0
1,9,1,7,2,31,FRANCE,MIDI-PYRENEES,555,31555,TOULOUSE,ROUTE DE NARBONNE,43766,0,4,VC,0,2,3,,,0,1,,,,1,7,0,0,1,0
1,6,6,1,2,31,FRANCE,MIDI-PYRENEES,149,31149,COLOMIERS,PLACE DE LA GARE,43782,0,4,VC,0,2,2,,,1,1,,,,1,37,0,0,1,0
1,9,1,1,6,31,FRANCE,MIDI-PYRENEES,555,31555,TOULOUSE,RUE BUFFON,43788,0,4,VC,0,2,1,,,0,1,,,,1,,0,0,1,0
1,9,3,1,3,31,FRANCE,MIDI-PYRENEES,555,31555,TOULOUSE,AVENUE JEAN BAYLET,43792,0,4,VC,0,2,2,,,0,1,,,,1,7,0,0,1,0
1,9,1,1,2,31,FRANCE,MIDI-PYRENEES,555,31555,TOULOUSE,CHEMIN DU VALLON,43800,0,4,VC,0,2,2,,,0,1,,,,1,7,0,0,1,0
1,9,3,1,3,31,FRANCE,MIDI-PYRENEES,555,31555,TOULOUSE,RUE DU GEN JEAN COMPANS,43810,0,4,VC,0,2,1,,,0,1,,,,1,7,0,0,1,0
1,4,1,1,1,31,FRANCE,MIDI-PYRENEES,117,31117,CASTELMAUROU,VC 0,43841,0,4,VC,0,2,0,0,0,0,1,4368300,153400,,1,7,0,0,1,0
1,6,2,1,3,31,FRANCE,MIDI-PYRENEES,149,31149,COLOMIERS,ROUTE DE PIBRAC,43847,5,4,VC,0,3,2,,,1,1,,,,1,7,0,0,1,0
1,9,1,1,6,31,FRANCE,MIDI-PYRENEES,555,31555,TOULOUSE,BOULEVARD DE LA MARQUETTE,43855,0,4,VC,0,1,2,,,0,1,,,,1,,0,0,1,0
1,9,1,1,3,31,FRANCE,MIDI-PYRENEES,555,31555,TOULOUSE,BOULEVARD DE MARENGO,43856,0,4,VC,0,1,2,,,0,1,,,,1,7,0,0,1,0
1,9,1,1,6,31,FRANCE,MIDI-PYRENEES,555,31555,TOULOUSE,GRANDE RUE SAINT MICHEL ,43863,0,4,VC,0,2,2,,,0,1,,,,1,,0,0,0,1
1,9,3,1,6,31,FRANCE,MIDI-PYRENEES,555,31555,TOULOUSE,RUE ANTOINE COURTHIEU,43871,0,4,VC,0,2,1,,,0,1,,,,1,7,0,0,1,0
1,9,1,1,3,31,FRANCE,MIDI-PYRENEES,555,31555,TOULOUSE,RUE MATABIAU,43877,0,4,VC,0,2,2,,,0,1,,,,1,7,0,0,1,0
1,9,1,1,3,31,FRANCE,MIDI-PYRENEES,555,31555,TOULOUSE,AVENUE DE L'URSS,43887,0,4,VC,0,2,2,,,0,1,,,,1,7,0,0,1,0
1,9,1,3,3,31,FRANCE,MIDI-PYRENEES,555,31555,TOULOUSE,ROUTE DE NARBONNE,43890,0,4,VC,0,2,2,,,0,1,,,,1,7,0,0,1,0
1,9,1,1,5,31,FRANCE,MIDI-PYRENEES,555,31555,TOULOUSE,ALLEE DE BARCELONE,43898,0,4,VC,0,1,2,,,0,1,,,,1,7,0,0,0,1
1,5,1,1,3,31,FRANCE,MIDI-PYRENEES,483,31483,SAINT-GAUDENS,AVENUE FRANCOIS MITTERAND,43914,0,2,RN,0,2,2,77,722,0,1,,,,1,7,0,0,1,0
1,9,3,1,1,31,FRANCE,MIDI-PYRENEES,555,31555,TOULOUSE,CHEMIN DE LA FLAMBERE,43927,0,4,VC,0,2,2,,,0,1,,,,1,,0,0,0,1
1,9,1,1,6,31,FRANCE,MIDI-PYRENEES,555,31555,TOULOUSE,ALLEE FORAIN FRANCOIS VERDIER,43929,0,4,VC,0,1,2,,,0,1,,,,1,7,0,0,1,0
1,9,1,1,3,31,FRANCE,MIDI-PYRENEES,555,31555,TOULOUSE,BOULEVARD LASCROSSES,43930,0,4,VC,0,3,6,,,0,1,,,,1,7,0,0,1,0