lum,agg,int,atm,col,dep_bis,pays,region,com_bis,com_codeINSEE,communes,N_voie,numac,infra,catr,type_route,voie,circ,nbv,pr,pr1,vosp,situ,lat,long,adr,accident_velo,vehicule_imp,cycl_mort,cycl_bgv,cycl_blg,cycl_indm
1,9,1,1,3,31,FRANCE,MIDI-PYRENEES,555,31555,TOULOUSE,RUE LAGANNE,43946,0,4,VC,0,1,2,,,0,1,,,,1,7,0,0,1,0
2,9,1,2,4,31,FRANCE,MIDI-PYRENEES,555,31555,TOULOUSE,AVENUE DE GRANDE BRETAGNE,43965,0,4,VC,0,2,0,,,1,5,,,,1,,0,0,0,1
1,9,1,1,3,31,FRANCE,MIDI-PYRENEES,555,31555,TOULOUSE,BOULEVARD LASCROSSES,43974,0,4,VC,0,2,3,,,0,1,,,,1,7,0,0,1,0
1,6,1,2,3,31,FRANCE,MIDI-PYRENEES,069,31069,BLAGNAC,AVENUE DE CORNEBARRIEU,43991,0,4,VC,0,2,2,,,1,1,,,,1,7,0,0,1,0
1,6,1,1,3,31,FRANCE,MIDI-PYRENEES,149,31149,COLOMIERS,BOULEVARD DE PIBRAC,43996,6,3,RD,0,1,2,,,0,1,,,,1,7,0,0,1,0
1,6,3,1,3,31,FRANCE,MIDI-PYRENEES,149,31149,COLOMIERS,ALLEE DES FENASSIERS,43998,0,4,VC,0,0,2,,,0,1,,,,1,7,0,0,1,0
2,9,2,2,3,31,FRANCE,MIDI-PYRENEES,555,31555,TOULOUSE,AVENUE FREDERIC ESTEBE,44026,0,4,VC,0,1,1,,,0,1,,,,1,7,0,0,1,0
2,9,9,1,3,31,FRANCE,MIDI-PYRENEES,555,31555,TOULOUSE,ROND-POINT MARCEL ACHARD,44029,0,4,VC,0,1,2,,,0,1,,,,1,7,0,0,1,0
2,9,2,1,6,31,FRANCE,MIDI-PYRENEES,555,31555,TOULOUSE,RUE ACHILLE VIADIEU,44030,0,4,VC,0,1,3,,,0,1,,,,1,,0,0,0,1
1,9,1,1,3,31,FRANCE,MIDI-PYRENEES,555,31555,TOULOUSE,RUE ERIK SATIE,44038,0,4,VC,0,2,2,,,0,1,,,,1,7,0,0,1,0
1,9,9,1,3,31,FRANCE,MIDI-PYRENEES,555,31555,TOULOUSE,ALLEE DES SOUPIRS,44039,0,4,VC,0,2,2,,,0,1,,,,1,7,0,0,1,0
1,9,1,1,3,31,FRANCE,MIDI-PYRENEES,555,31555,TOULOUSE,ALLEE DU NIGER,44044,0,4,VC,0,2,2,,,0,1,,,,1,21,0,0,1,0
1,9,2,1,3,31,FRANCE,MIDI-PYRENEES,555,31555,TOULOUSE,CHEMIN TISSIE,44050,0,3,RD,0,2,2,,,0,1,,,,1,7,0,0,1,0
1,9,1,1,3,31,FRANCE,MIDI-PYRENEES,555,31555,TOULOUSE,CHEMIN DES MARAICHERS,44051,0,4,VC,0,2,2,,,0,1,,,,1,37,0,0,1,0
1,9,1,1,3,31,FRANCE,MIDI-PYRENEES,555,31555,TOULOUSE,CHEMIN RAYNAL,44052,0,4,VC,0,2,2,,,0,1,,,,1,7,0,0,1,0
2,9,3,1,3,31,FRANCE,MIDI-PYRENEES,555,31555,TOULOUSE,ROUTE DE NARBONNE,44054,0,4,VC,0,2,2,,,0,1,,,,1,7,0,0,1,0
1,9,1,1,6,31,FRANCE,MIDI-PYRENEES,555,31555,TOULOUSE,RUE D'ALSACE LORRAINE,44059,0,4,VC,0,2,3,,,0,1,,,,1,,,,,
5,9,1,1,1,31,FRANCE,MIDI-PYRENEES,555,31555,TOULOUSE,RUE SAINT ROME,44063,6,4,VC,0,1,1,,,3,1,,,,1,14,0,0,1,0
1,9,2,1,3,31,FRANCE,MIDI-PYRENEES,555,31555,TOULOUSE,BARRIERE DE LOMBEZ,44067,5,4,VC,0,2,2,,,0,1,,,,1,7,0,0,1,0
1,6,1,1,1,31,FRANCE,MIDI-PYRENEES,557,31557,TOURNEFEUILLE,RUE DU TOUCH,44072,0,4,VC,0,2,2,,,1,5,,,,1,,0,0,0,1
1,9,1,1,3,31,FRANCE,MIDI-PYRENEES,555,31555,TOULOUSE,ROUTE DE SEYSSES,44097,0,4,VC,0,2,3,,,0,1,,,,1,7,0,0,1,0
1,9,1,1,3,31,FRANCE,MIDI-PYRENEES,555,31555,TOULOUSE,AVENUE DE LOMBEZ,44098,0,4,VC,0,2,2,,,0,1,,,,1,10,0,0,1,0
1,9,1,1,6,31,FRANCE,MIDI-PYRENEES,555,31555,TOULOUSE,AVENUE DES MINIMES,44112,0,4,VC,0,2,4,,,0,1,,,,1,,0,0,0,1
1,9,1,1,3,31,FRANCE,MIDI-PYRENEES,555,31555,TOULOUSE,AVENUE DE GRANDE BRETAGNE,44128,0,4,VC,0,2,2,,,0,1,,,,1,37,0,0,1,0
1,9,1,1,3,31,FRANCE,MIDI-PYRENEES,555,31555,TOULOUSE,ROUTE DE SEYSSES,44134,0,4,VC,0,2,2,,,0,1,,,,1,10,0,0,1,0
1,9,1,1,2,31,FRANCE,MIDI-PYRENEES,555,31555,TOULOUSE,BOULINGRIN,44192,0,4,VC,0,1,3,,,0,1,,,,1,7,0,0,1,0
1,9,1,1,3,31,FRANCE,MIDI-PYRENEES,555,31555,TOULOUSE,AVENUE DE LOMBEZ,44205,0,4,VC,0,2,2,,,0,1,,,,1,7,0,0,1,0
2,9,1,1,6,31,FRANCE,MIDI-PYRENEES,555,31555,TOULOUSE,AVENUE FRIZAC,44207,0,4,VC,0,0,2,,,0,0,,,,1,,,,,
5,9,1,1,3,31,FRANCE,MIDI-PYRENEES,555,31555,TOULOUSE,BOULEVARD DE MARENGO,44218,0,4,VC,0,1,3,,,0,1,,,,1,7,0,0,1,0
1,9,1,1,2,31,FRANCE,MIDI-PYRENEES,555,31555,TOULOUSE,BOULEVARD DES CRETES,44222,0,4,VC,0,3,4,,,1,1,,,,1,7,0,0,1,0
5,9,1,1,2,31,FRANCE,MIDI-PYRENEES,555,31555,TOULOUSE,ROUTE DE NARBONNE,44226,0,4,VC,0,2,4,,,0,1,,,,1,37,0,0,1,0
2,9,1,5,6,31,FRANCE,MIDI-PYRENEES,555,31555,TOULOUSE,PONT DES DEMOISELLES,44228,0,4,VC,0,2,2,,,0,1,,,,1,7,0,0,1,0
1,9,1,1,6,31,FRANCE,MIDI-PYRENEES,555,31555,TOULOUSE,RUE D'ALSACE LORRAINE,44231,0,4,VC,0,2,3,,,0,1,,,,1,,0,0,0,1
5,9,1,1,3,31,FRANCE,MIDI-PYRENEES,555,31555,TOULOUSE,BOULEVARD DEODAT DE SEVERAC,44238,0,4,VC,0,2,4,,,0,1,,,,1,7,0,0,1,0
1,9,1,1,6,31,FRANCE,MIDI-PYRENEES,555,31555,TOULOUSE,RUE D'ALSACE LORRAINE,44242,0,4,VC,0,2,2,,,0,1,,,,1,,0,0,1,0
2,9,3,1,6,31,FRANCE,MIDI-PYRENEES,555,31555,TOULOUSE,RUE DE METZ,44244,0,4,VC,0,1,3,,,0,1,,,,1,7,0,0,1,0
5,9,1,1,2,31,FRANCE,MIDI-PYRENEES,555,31555,TOULOUSE,ALLEE PAUL FEUGA,44249,0,4,VC,0,2,6,,,0,1,,,,1,37,0,0,1,0
2,9,1,1,3,31,FRANCE,MIDI-PYRENEES,555,31555,TOULOUSE,BOULEVARD DE L'EMBOUCHURE,44250,0,4,VC,0,1,2,,,0,1,,,,1,7,0,0,1,0
1,1,1,2,6,31,FRANCE,MIDI-PYRENEES,091,31091,BRUGUIERES,RD 63,44267,0,3,RD,63,2,2,10,120,0,1,4374100,140200,,1,,0,0,1,0
1,9,2,8,2,31,FRANCE,MIDI-PYRENEES,555,31555,TOULOUSE,BOULEVARD DE THIBAUD,44290,0,4,VC,0,2,3,,,0,1,,,,1,7,0,0,1,0
1,9,1,2,2,31,FRANCE,MIDI-PYRENEES,555,31555,TOULOUSE,ROUTE DE SAINT SIMON,44293,0,4,VC,0,3,6,,,0,1,,,,1,7,0,0,1,0
5,9,1,1,6,31,FRANCE,MIDI-PYRENEES,555,31555,TOULOUSE,AVENUE JEAN RIEUX,44295,0,4,VC,0,2,3,,,0,1,,,,1,7,0,0,1,0
1,9,1,1,3,31,FRANCE,MIDI-PYRENEES,555,31555,TOULOUSE,GRANDE RUE SAINT MICHEL ,44301,0,4,VC,0,2,2,,,0,1,,,,1,7,0,0,1,0
1,9,2,1,3,31,FRANCE,MIDI-PYRENEES,555,31555,TOULOUSE,RUE MATABIAU,44302,0,4,VC,0,2,3,,,3,1,,,,1,7,0,0,1,0
2,9,1,1,1,31,FRANCE,MIDI-PYRENEES,555,31555,TOULOUSE,CHEMIN DE LAPORTE,44315,0,4,VC,0,2,2,,,0,5,,,,1,,0,0,0,1
1,9,1,1,2,31,FRANCE,MIDI-PYRENEES,555,31555,TOULOUSE,RUE DES FRERES LION,44318,0,4,VC,0,2,4,,,0,1,,,,1,7,0,0,1,0
1,9,1,1,3,31,FRANCE,MIDI-PYRENEES,555,31555,TOULOUSE,RUE DES COSMONAUTES,44322,0,4,VC,0,1,2,,,0,1,,,,1,7,0,0,1,0
5,9,1,1,2,31,FRANCE,MIDI-PYRENEES,555,31555,TOULOUSE,SQUARE DE L'HERACLES,44327,0,4,VC,0,1,2,,,0,1,,,,1,7,0,0,0,1
1,9,3,2,3,31,FRANCE,MIDI-PYRENEES,555,31555,TOULOUSE,CHEMIN DE LA NEBOUDE,44336,0,4,VC,0,2,2,,,0,1,,,,1,7,0,0,1,0
5,9,2,4,6,31,FRANCE,MIDI-PYRENEES,555,31555,TOULOUSE,RUE DU CAILLOU GRIS,44338,0,4,VC,0,2,2,,,0,1,,,,1,7,0,0,1,0
1,9,1,4,3,31,FRANCE,MIDI-PYRENEES,555,31555,TOULOUSE,ROUTE DE SAINT SIMON,44347,0,4,VC,0,2,1,,,0,1,,,,1,7,0,0,1,0
1,6,1,2,6,31,FRANCE,MIDI-PYRENEES,557,31557,TOURNEFEUILLE,RUE GASTON DOUMERGUE,44352,0,4,VC,0,2,2,,,0,1,,,,1,,0,0,1,0
1,6,6,1,3,31,FRANCE,MIDI-PYRENEES,069,31069,BLAGNAC,route departementale 902,44354,0,3,RD,0,1,1,1,0,0,0,,,,1,7,0,0,1,0
1,9,1,8,3,31,FRANCE,MIDI-PYRENEES,555,31555,TOULOUSE,BOULEVARD DE LA MARQUETTE,44364,0,4,VC,0,1,3,,,0,1,,,,1,32,0,0,1,0
1,9,1,2,3,31,FRANCE,MIDI-PYRENEES,555,31555,TOULOUSE,ALLEE DU PRESIDENT ROOSEVELT,44377,0,4,VC,0,1,1,,,0,1,,,,1,7,0,0,1,0
1,9,1,1,3,31,FRANCE,MIDI-PYRENEES,555,31555,TOULOUSE,BOULEVARD DE LA GARE,44390,0,4,VC,0,2,4,,,0,1,,,,1,7,0,0,1,0
5,9,1,2,3,31,FRANCE,MIDI-PYRENEES,555,31555,TOULOUSE,ROND-POINT EUGENE CLAUDIUS PETIT,44396,0,4,VC,0,1,2,,,0,1,,,,1,7,0,0,1,0
2,9,1,1,1,31,FRANCE,MIDI-PYRENEES,555,31555,TOULOUSE,BOULEVARD PR LEOPOLD ESCANDE,44410,0,4,VC,0,2,2,,,1,5,,,,1,,0,0,1,0
1,5,1,1,3,31,FRANCE,MIDI-PYRENEES,157,31157,CUGNAUX,Autre 0,44416,0,9,Autre,0,0,0,0,0,1,5,0,0,,1,,0,0,1,0
1,9,1,1,3,31,FRANCE,MIDI-PYRENEES,555,31555,TOULOUSE,BOULEVARD MATABIAU,44423,0,4,VC,0,1,2,,,0,1,,,,1,10,0,0,1,0
5,9,1,1,2,31,FRANCE,MIDI-PYRENEES,555,31555,TOULOUSE,BOULEVARD LAZARE CARNOT,44425,0,4,VC,0,2,4,,,0,1,,,,1,7,0,0,1,0
1,9,3,1,1,31,FRANCE,MIDI-PYRENEES,555,31555,TOULOUSE,RUE DES TROENES,44434,0,4,VC,0,1,1,,,0,1,,,,1,7,0,0,1,0
2,9,1,1,3,31,FRANCE,MIDI-PYRENEES,555,31555,TOULOUSE,CHEMIN DE GABARDIE,44484,0,4,VC,0,2,3,,,0,1,,,,1,10,0,0,1,0
2,6,3,1,1,31,FRANCE,MIDI-PYRENEES,557,31557,TOURNEFEUILLE,RUE GASTON DOUMERGUE,44498,0,3,RD,0,2,2,,,1,5,,,,1,7,0,0,1,0
1,6,1,1,3,31,FRANCE,MIDI-PYRENEES,069,31069,BLAGNAC,CHEMIN DE BELISAIRE,44502,0,4,VC,0,2,2,,,0,1,,,,1,10,0,0,1,0
1,9,1,1,3,31,FRANCE,MIDI-PYRENEES,555,31555,TOULOUSE,ALLEE FORAIN FRANCOIS VERDIER,44528,0,4,VC,0,1,2,,,0,1,,,,1,7,0,0,1,0
1,9,1,1,2,31,FRANCE,MIDI-PYRENEES,555,31555,TOULOUSE,RUE DE LA REPUBLIQUE ,44533,0,4,VC,0,1,2,,,0,1,,,,1,7,0,0,1,0
1,9,1,2,3,31,FRANCE,MIDI-PYRENEES,555,31555,TOULOUSE,BOULEVARD DEODAT DE SEVERAC,44534,0,4,VC,0,2,2,,,0,1,,,,1,7,0,0,1,0
1,9,1,1,3,31,FRANCE,MIDI-PYRENEES,555,31555,TOULOUSE,RUE DE METZ,44538,0,4,VC,0,1,2,,,0,1,,,,1,7,0,0,1,0
2,9,1,1,6,31,FRANCE,MIDI-PYRENEES,555,31555,TOULOUSE,CHEMIN DE LESTANG,44542,0,4,VC,0,2,2,,,0,1,,,,1,10,0,0,1,0
1,9,1,1,3,31,FRANCE,MIDI-PYRENEES,555,31555,TOULOUSE,BOULEVARD DEODAT DE SEVERAC,44548,0,4,VC,0,2,3,,,0,1,,,,1,7,0,0,1,0
1,9,1,1,5,31,FRANCE,MIDI-PYRENEES,555,31555,TOULOUSE,RUE DE LA REPUBLIQUE ,44549,0,4,VC,0,1,2,,,0,1,,,,1,7,0,0,1,0
1,9,1,1,3,31,FRANCE,MIDI-PYRENEES,555,31555,TOULOUSE,BOULEVARD DES MINIMES,44552,0,4,VC,0,1,3,,,0,1,,,,1,33,0,0,1,0
1,9,1,2,6,31,FRANCE,MIDI-PYRENEES,555,31555,TOULOUSE,GRANDE RUE SAINT MICHEL ,44555,0,4,VC,0,1,2,,,0,1,,,,1,7,0,0,1,0
1,9,1,1,6,31,FRANCE,MIDI-PYRENEES,555,31555,TOULOUSE,RUE DES FRERES LION,44563,0,4,VC,0,2,3,,,0,1,,,,1,18,0,0,1,0
1,6,3,1,3,31,FRANCE,MIDI-PYRENEES,557,31557,TOURNEFEUILLE,RUE TOULOUSE LAUTREC,44577,0,4,VC,0,2,2,,,0,5,,,,1,7,0,0,1,0
1,9,1,1,6,31,FRANCE,MIDI-PYRENEES,555,31555,TOULOUSE,ALLEE GABRIEL BIENES,44586,0,4,VC,0,1,1,,,0,1,,,,1,7,0,0,1,0
1,9,2,1,3,31,FRANCE,MIDI-PYRENEES,555,31555,TOULOUSE,AVENUE FRIZAC,44617,0,4,VC,0,1,2,,,0,1,,,,1,7,0,0,1,0
1,9,1,1,3,31,FRANCE,MIDI-PYRENEES,555,31555,TOULOUSE,AVENUE CAMILLE PUJOL,44618,0,4,VC,0,2,4,,,0,1,,,,1,7,0,0,1,0
1,9,1,1,2,31,FRANCE,MIDI-PYRENEES,555,31555,TOULOUSE,AVENUE DES MINIMES,44623,0,4,VC,0,2,2,,,0,1,,,,1,7,0,0,1,0
1,9,1,1,3,31,FRANCE,MIDI-PYRENEES,555,31555,TOULOUSE,AVENUE DU GENERAL EISENHOWER,44625,0,4,VC,0,2,3,,,2,5,,,,1,7,0,0,1,0
1,9,4,1,3,31,FRANCE,MIDI-PYRENEES,555,31555,TOULOUSE,CHEMIN COTES DE PECHANGEUR DAVID,44626,0,4,VC,0,2,2,,,0,1,,,,1,7,0,0,1,0
1,9,1,2,5,31,FRANCE,MIDI-PYRENEES,555,31555,TOULOUSE,BOULEVARD D'ARCOLE,44635,0,4,VC,0,2,4,,,0,1,,,,1,2,0,0,0,1
1,9,3,1,3,31,FRANCE,MIDI-PYRENEES,555,31555,TOULOUSE,CHEMIN AMOUROUX,44659,0,4,VC,0,2,2,,,0,1,,,,1,7,0,0,1,0
1,6,6,1,2,31,FRANCE,MIDI-PYRENEES,557,31557,TOURNEFEUILLE,ROUTE DE TARBES,44672,0,3,RD,0,1,2,,,0,1,,,,1,7,0,0,1,0
1,9,1,1,6,31,FRANCE,MIDI-PYRENEES,555,31555,TOULOUSE,RUE MATABIAU,44682,0,4,VC,0,1,1,,,0,1,,,,1,,0,0,0,1
1,9,3,1,3,31,FRANCE,MIDI-PYRENEES,555,31555,TOULOUSE,RUE BETEILLE,44683,0,4,VC,0,1,1,,,0,1,,,,1,7,0,0,1,0
1,9,1,1,3,31,FRANCE,MIDI-PYRENEES,555,31555,TOULOUSE,CHEMIN DU RAMELET MOUNDI,44694,0,4,VC,0,2,2,,,0,1,,,,1,7,0,0,1,0
1,9,1,1,3,31,FRANCE,MIDI-PYRENEES,555,31555,TOULOUSE,AVENUE DES MINIMES,44701,0,4,VC,0,2,2,,,0,1,,,,1,10,0,0,1,0
1,9,1,1,6,31,FRANCE,MIDI-PYRENEES,555,31555,TOULOUSE,RUE GAZAN,44719,0,4,VC,0,1,1,,,0,1,,,,1,,0,0,0,1
1,6,1,1,3,31,FRANCE,MIDI-PYRENEES,069,31069,BLAGNAC,CHEMIN DE BELISAIRE,44730,0,4,VC,0,2,2,,,0,1,,,,1,7,0,0,1,0
1,6,2,1,1,31,FRANCE,MIDI-PYRENEES,069,31069,BLAGNAC,RUE BACQUIE FONADE,44731,0,4,VC,0,1,1,,,0,1,,,,1,33,0,0,1,0
1,9,1,1,3,31,FRANCE,MIDI-PYRENEES,555,31555,TOULOUSE,ALLEE CHARLES DE FITTE,44739,0,4,VC,0,2,2,,,0,1,,,,1,7,0,0,1,0
1,9,1,1,2,31,FRANCE,MIDI-PYRENEES,555,31555,TOULOUSE,BOULEVARD LASCROSSES,44740,0,4,VC,0,2,3,,,0,1,,,,1,7,0,0,1,0
1,9,1,1,6,31,FRANCE,MIDI-PYRENEES,555,31555,TOULOUSE,AVENUE JEAN RIEUX,44743,0,4,VC,0,2,2,,,0,1,,,,1,7,0,0,1,0
1,9,1,1,6,31,FRANCE,MIDI-PYRENEES,555,31555,TOULOUSE,ALLEE DE BARCELONE,44744,0,4,VC,0,1,1,,,1,1,,,,1,7,0,0,1,0
1,9,1,2,2,31,FRANCE,MIDI-PYRENEES,555,31555,TOULOUSE,RUE DU BEARNAIS,44776,0,4,VC,0,1,1,,,0,1,,,,1,7,0,0,1,0
1,6,1,1,3,31,FRANCE,MIDI-PYRENEES,149,31149,COLOMIERS,ROUTE DE PIBRAC,44781,0,4,VC,0,2,2,,,0,1,,,,1,7,0,0,1,0
1,6,3,1,3,31,FRANCE,MIDI-PYRENEES,149,31149,COLOMIERS,ALLEE DES VOSGES,44792,0,4,VC,0,2,2,,,0,1,,,,1,7,0,0,1,0
1,9,3,1,3,31,FRANCE,MIDI-PYRENEES,555,31555,TOULOUSE,BOULEVARD DES RECOLLETS,44812,0,4,VC,0,2,4,,,0,1,,,,1,7,0,0,1,0
1,9,1,1,6,31,FRANCE,MIDI-PYRENEES,555,31555,TOULOUSE,AVENUE DE GRANDE BRETAGNE,44815,0,4,VC,0,2,4,,,0,1,,,,1,,0,0,1,0
1,9,1,1,6,31,FRANCE,MIDI-PYRENEES,555,31555,TOULOUSE,RUE SAINT ROME,44831,6,4,VC,0,4,1,,,0,1,,,,1,,0,0,0,1
1,9,1,1,3,31,FRANCE,MIDI-PYRENEES,555,31555,TOULOUSE,ROUTE DE LAUNAGUET,44843,0,4,VC,0,2,2,,,0,1,,,,1,7,0,0,1,0
1,9,1,1,3,31,FRANCE,MIDI-PYRENEES,555,31555,TOULOUSE,AVENUE DES MINIMES,44845,0,4,VC,0,2,2,,,0,1,,,,1,31,0,0,1,0
1,9,6,1,6,31,FRANCE,MIDI-PYRENEES,555,31555,TOULOUSE,ROND-POINT JUSTIN BOYER,44866,0,4,VC,0,2,2,,,0,1,,,,1,7,0,0,1,0
1,6,1,1,3,31,FRANCE,MIDI-PYRENEES,557,31557,TOURNEFEUILLE,CHEMIN DE PANEGANS,44876,0,4,VC,0,2,2,,,1,5,,,,1,7,0,0,1,0
1,9,1,1,3,31,FRANCE,MIDI-PYRENEES,555,31555,TOULOUSE,RUE DES SAULES,44892,0,4,VC,0,2,2,,,0,1,,,,1,7,0,0,1,0
1,9,1,1,6,31,FRANCE,MIDI-PYRENEES,555,31555,TOULOUSE,CHEMIN CASSAING,44919,0,4,VC,0,2,2,,,0,1,,,,1,7,0,0,1,0
5,9,1,1,6,31,FRANCE,MIDI-PYRENEES,555,31555,TOULOUSE,ROND-POINT DE LA CATALOGNE,44944,5,4,VC,0,1,2,,,0,1,,,,1,,0,0,1,0
1,9,1,1,3,31,FRANCE,MIDI-PYRENEES,555,31555,TOULOUSE,AVENUE DE LAVAUR,44945,0,4,VC,0,2,2,,,0,1,,,,1,7,0,0,1,0
1,9,3,1,6,31,FRANCE,MIDI-PYRENEES,555,31555,TOULOUSE,CHEMINEMENT HENRI BOSCO,44955,0,4,VC,0,2,2,,,0,1,,,,1,7,0,0,1,0
1,9,1,1,6,31,FRANCE,MIDI-PYRENEES,555,31555,TOULOUSE,RUE D'ALSACE LORRAINE,44956,0,4,VC,0,4,1,,,0,1,,,,1,,0,0,0,1
1,6,6,1,3,31,FRANCE,MIDI-PYRENEES,557,31557,TOURNEFEUILLE,AVENUE JEAN JAURES,44976,5,4,VC,0,2,2,,,0,1,,,,1,7,0,0,1,0
1,6,1,1,3,31,FRANCE,MIDI-PYRENEES,557,31557,TOURNEFEUILLE,AVENUE DU MARQUISAT,44977,0,3,RD,0,2,2,,,1,1,,,,1,7,0,0,1,0
1,9,1,1,5,31,FRANCE,MIDI-PYRENEES,555,31555,TOULOUSE,BOULEVARD PIERRE SEMARD,44999,0,4,VC,0,1,3,,,0,5,,,,1,7,0,0,1,0
1,9,1,1,6,31,FRANCE,MIDI-PYRENEES,555,31555,TOULOUSE,RUE D'ALSACE LORRAINE,45005,6,4,VC,0,0,1,,,3,1,,,,1,,,,,
1,9,1,1,3,31,FRANCE,MIDI-PYRENEES,555,31555,TOULOUSE,AVENUE ANTOINE DE ST EXUPERY,45012,0,4,VC,0,2,2,,,0,1,,,,1,7,0,0,1,1
1,9,3,1,2,31,FRANCE,MIDI-PYRENEES,555,31555,TOULOUSE,BOULEVARD LASCROSSES,45015,0,4,VC,0,2,2,,,0,1,,,,1,7,0,0,1,0
1,9,1,1,6,31,FRANCE,MIDI-PYRENEES,555,31555,TOULOUSE,AVENUE DE GRANDE BRETAGNE,45024,0,4,VC,0,2,4,,,0,1,,,,1,,0,0,0,1
5,9,1,1,2,31,FRANCE,MIDI-PYRENEES,555,31555,TOULOUSE,AVENUE DE CASTRES,45029,0,4,VC,0,2,2,,,0,1,,,,1,7,0,0,1,0
1,9,1,1,6,31,FRANCE,MIDI-PYRENEES,555,31555,TOULOUSE,RUE DES FONTAINES,45042,0,4,VC,0,1,2,,,2,1,,,,1,7,0,0,1,0
1,9,3,1,3,31,FRANCE,MIDI-PYRENEES,555,31555,TOULOUSE,CHEMIN ROQUES,45045,0,4,VC,0,2,2,,,0,1,,,,1,7,0,0,1,0
1,9,1,1,3,31,FRANCE,MIDI-PYRENEES,555,31555,TOULOUSE,ROUTE DE SEYSSES,45049,0,4,VC,0,2,2,,,0,1,,,,1,7,0,0,1,0
1,9,1,1,1,31,FRANCE,MIDI-PYRENEES,555,31555,TOULOUSE,BOULEVARD PIERRE ET MARIE CURIE,45064,0,4,VC,0,2,3,,,0,1,,,,1,32,0,0,1,0
5,5,6,5,1,31,FRANCE,MIDI-PYRENEES,232,31232,GRENADE,RD 29,45071,5,3,RD,29,2,2,23,160,0,1,0,0,,1,7,0,0,1,0
1,9,1,1,2,31,FRANCE,MIDI-PYRENEES,555,31555,TOULOUSE,ROUTE DE LAUNAGUET,45083,0,4,VC,0,2,2,,,0,1,,,,1,7,0,0,1,0
1,9,1,2,3,31,FRANCE,MIDI-PYRENEES,555,31555,TOULOUSE,AVENUE CAMILLE PUJOL,45092,0,4,VC,0,2,2,,,0,1,,,,1,7,0,0,1,0
1,9,1,2,6,31,FRANCE,MIDI-PYRENEES,555,31555,TOULOUSE,RUE DES TRENTE-SIX PONTS,45107,0,4,VC,0,1,2,,,0,4,,,,1,,0,0,0,1
1,9,3,1,3,31,FRANCE,MIDI-PYRENEES,555,31555,TOULOUSE,AVENUE DES MINIMES,45108,0,4,VC,0,2,3,,,0,1,,,,1,7,0,0,1,0
1,9,1,8,6,31,FRANCE,MIDI-PYRENEES,555,31555,TOULOUSE,RUE DES CHALETS,45111,0,4,VC,0,1,1,,,0,1,,,,1,7,0,0,1,0
1,9,1,1,3,31,FRANCE,MIDI-PYRENEES,555,31555,TOULOUSE,ROND-POINT DE L'ABBE LAFFORGUE,45112,0,4,VC,0,1,1,,,0,1,,,,1,7,0,0,1,0
1,9,1,1,3,31,FRANCE,MIDI-PYRENEES,555,31555,TOULOUSE,PONT GUILHEMERY,45127,0,4,VC,0,2,2,,,0,1,,,,1,7,0,0,1,0
5,9,3,1,3,31,FRANCE,MIDI-PYRENEES,555,31555,TOULOUSE,RUE LOUIS EYDOUX,45129,0,4,VC,0,1,1,,,0,1,,,,1,7,0,0,1,0
1,9,1,1,3,31,FRANCE,MIDI-PYRENEES,555,31555,TOULOUSE,ROUTE DE BAYONNE,45142,0,4,VC,0,2,2,,,0,1,,,,1,7,0,0,1,0
1,6,6,1,3,31,FRANCE,MIDI-PYRENEES,557,31557,TOURNEFEUILLE,BOULEVARD VINCENT AURIOL,45146,6,3,RD,0,2,2,,,0,1,,,,1,13,0,0,1,0
1,9,1,2,3,31,FRANCE,MIDI-PYRENEES,555,31555,TOULOUSE,RUE DE L'ECHARPE,45166,0,4,VC,0,1,1,,,0,1,,,,1,7,0,0,1,0
5,9,1,1,3,31,FRANCE,MIDI-PYRENEES,555,31555,TOULOUSE,AVENUE DE LYON,45202,0,4,VC,0,2,2,,,0,1,,,,1,7,0,0,1,0
5,9,3,1,3,31,FRANCE,MIDI-PYRENEES,555,31555,TOULOUSE,AVENUE DU CHATEAU D'EAU,45219,0,4,VC,0,0,2,,,0,1,,,,1,7,0,0,1,0
1,4,1,1,1,31,FRANCE,MIDI-PYRENEES,460,31460,ROQUETTES,VC 0,45222,0,4,VC,0,2,0,0,0,0,1,4350000,137400,,1,7,0,0,1,0
1,1,1,1,1,31,FRANCE,MIDI-PYRENEES,490,31490,SAINT-JORY,VC 19,45223,0,4,VC,19,2,2,0,0,0,1,4374400,135500,,1,7,0,0,1,0
1,6,6,1,3,31,FRANCE,MIDI-PYRENEES,069,31069,BLAGNAC,ROND-POINT BUXTEHUDE,45225,0,4,VC,0,1,2,,,0,1,,,,1,7,0,0,1,0
4,9,1,1,3,31,FRANCE,MIDI-PYRENEES,555,31555,TOULOUSE,GRANDE RUE SAINT MICHEL ,45242,0,4,VC,0,2,3,,,1,1,,,,1,7,0,0,1,0
1,9,3,1,3,31,FRANCE,MIDI-PYRENEES,555,31555,TOULOUSE,AVENUE EMMANUEL MAIGNAN,45244,0,4,VC,0,1,1,,,0,1,,,,1,7,0,0,1,0
1,9,6,1,3,31,FRANCE,MIDI-PYRENEES,555,31555,TOULOUSE,RUE LAGANNE,45253,0,4,VC,0,2,2,,,0,1,,,,1,7,0,0,1,0
1,9,1,1,3,31,FRANCE,MIDI-PYRENEES,555,31555,TOULOUSE,AVENUE DES ARENES ROMAINES,45260,0,4,VC,0,2,3,,,0,1,,,,1,7,0,0,1,0
1,9,1,1,6,31,FRANCE,MIDI-PYRENEES,555,31555,TOULOUSE,RUE DE METZ,45273,0,4,VC,0,1,1,,,0,1,,,,1,,0,0,0,1
1,9,1,1,3,31,FRANCE,MIDI-PYRENEES,555,31555,TOULOUSE,AVENUE DES ETATS UNIS,45286,0,4,VC,0,2,2,,,0,1,,,,1,7,0,0,1,0
1,9,1,1,6,31,FRANCE,MIDI-PYRENEES,555,31555,TOULOUSE,RUE DE BAYARD,45289,0,4,VC,0,2,2,,,0,1,,,,1,,0,0,0,1
5,9,3,1,3,31,FRANCE,MIDI-PYRENEES,555,31555,TOULOUSE,RUE LASCROSSES,45291,0,4,VC,0,1,1,,,0,1,,,,1,7,0,0,1,0