lum,agg,int,atm,col,dep_bis,pays,region,com_bis,com_codeINSEE,communes,N_voie,numac,infra,catr,type_route,voie,circ,nbv,pr,pr1,vosp,situ,lat,long,adr,accident_velo,vehicule_imp,cycl_mort,cycl_bgv,cycl_blg,cycl_indm
5,9,1,1,3,31,FRANCE,MIDI-PYRENEES,555,31555,TOULOUSE,AVENUE CRAMPEL,45293,0,4,VC,0,2,2,,,0,1,,,,1,7,0,0,1,0
1,9,1,2,6,31,FRANCE,MIDI-PYRENEES,555,31555,TOULOUSE,RUE DU POIDS DE L'HUILE,45317,0,4,VC,0,1,1,,,0,1,,,,1,,0,0,0,1
1,9,1,2,3,31,FRANCE,MIDI-PYRENEES,555,31555,TOULOUSE,ALLEE CHARLES DE FITTE,45344,0,4,VC,0,2,3,,,0,1,,,,1,37,0,0,1,0
2,9,1,2,2,31,FRANCE,MIDI-PYRENEES,555,31555,TOULOUSE,ROUTE D'ESPAGNE,45347,0,4,VC,0,2,2,,,0,1,,,,1,7,0,0,1,0
2,9,1,1,6,31,FRANCE,MIDI-PYRENEES,555,31555,TOULOUSE,AVENUE PAUL SEJOURNE,45353,0,4,VC,0,2,2,,,0,1,,,,1,7,0,0,1,0
1,6,6,2,2,31,FRANCE,MIDI-PYRENEES,557,31557,TOURNEFEUILLE,CHEMIN DE LARRAMET,45358,0,3,RD,0,2,2,,,1,0,,,,1,7,0,0,1,0
1,1,1,7,1,31,FRANCE,MIDI-PYRENEES,120,31120,CASTERA (LE),RD 87,45366,0,3,RD,87,2,2,5,659,0,0,0,0,,1,7,0,0,1,0
1,9,1,1,4,31,FRANCE,MIDI-PYRENEES,555,31555,TOULOUSE,BOULEVARD DE L'EMBOUCHURE,45375,0,4,VC,0,1,2,,,0,1,,,,1,7,0,0,0,1
1,9,1,1,2,31,FRANCE,MIDI-PYRENEES,555,31555,TOULOUSE,RUE DE L'UKRAINE,45404,0,4,VC,0,2,2,,,0,1,,,,1,7,0,0,1,0
1,9,1,1,6,31,FRANCE,MIDI-PYRENEES,555,31555,TOULOUSE,ROUTE D'ALBI,45408,0,4,VC,0,2,2,,,0,1,,,,1,10,0,0,1,0
1,9,1,1,3,31,FRANCE,MIDI-PYRENEES,555,31555,TOULOUSE,RUE ADOLPHE COLL,45409,0,4,VC,0,2,2,,,0,1,,,,1,30,0,0,0,1
1,9,1,8,3,31,FRANCE,MIDI-PYRENEES,555,31555,TOULOUSE,IMPASSEEUGENE TRUTAT,45414,0,4,VC,0,2,1,,,0,1,,,,1,7,0,0,1,0
1,9,1,1,3,31,FRANCE,MIDI-PYRENEES,555,31555,TOULOUSE,RUE FRANCOIS VILLON,45421,0,4,VC,0,1,1,,,0,4,,,,1,7,0,0,1,0
1,6,1,1,3,31,FRANCE,MIDI-PYRENEES,069,31069,BLAGNAC,ROND-POINT MAURICE BELLONTE,45430,0,4,VC,0,2,1,,,1,1,,,,1,7,0,0,1,0
1,9,1,1,6,31,FRANCE,MIDI-PYRENEES,555,31555,TOULOUSE,AVENUE DU MIRAIL,45473,0,4,VC,0,1,2,,,1,5,,,,1,,0,0,1,0
1,9,1,1,1,31,FRANCE,MIDI-PYRENEES,555,31555,TOULOUSE,ALLEE FORAIN FRANCOIS VERDIER,45499,0,4,VC,0,2,4,,,0,1,,,,1,7,0,0,1,0
1,9,1,1,2,31,FRANCE,MIDI-PYRENEES,555,31555,TOULOUSE,AVENUE DES MINIMES,45521,0,4,VC,0,2,2,,,0,1,,,,1,10,0,0,1,0
1,9,1,1,3,31,FRANCE,MIDI-PYRENEES,555,31555,TOULOUSE,ALLEE DE BELLEFONTAINE,45523,0,4,VC,0,2,2,,,0,1,,,,1,7,0,0,1,0
1,9,1,1,3,31,FRANCE,MIDI-PYRENEES,555,31555,TOULOUSE,AVENUE CAMILLE PUJOL,45544,0,4,VC,0,2,2,,,0,1,,,,1,7,0,0,1,0
1,9,1,1,1,31,FRANCE,MIDI-PYRENEES,555,31555,TOULOUSE,ROUTE DE BLAGNAC,45547,0,4,VC,0,2,2,,,0,1,,,,1,7,0,0,1,0
1,9,1,1,1,31,FRANCE,MIDI-PYRENEES,555,31555,TOULOUSE,AVENUE DES MINIMES,45563,0,4,VC,0,2,4,,,0,1,,,,1,7,0,0,1,0
1,9,6,1,3,31,FRANCE,MIDI-PYRENEES,555,31555,TOULOUSE,AVENUE YVES BRUNAUD,45577,0,4,VC,0,1,2,,,0,1,,,,1,10,0,0,1,0
1,9,2,1,1,31,FRANCE,MIDI-PYRENEES,555,31555,TOULOUSE,RUE DE LA CONCORDE,45588,0,4,VC,0,1,1,,,0,1,,,,1,7,0,0,1,0
1,9,1,1,3,31,FRANCE,MIDI-PYRENEES,555,31555,TOULOUSE,QUAI LUCIEN LOMBARD,45597,0,4,VC,0,1,2,,,1,1,,,,1,7,0,0,1,0
1,9,1,1,6,31,FRANCE,MIDI-PYRENEES,555,31555,TOULOUSE,AVENUE DE GRANDE BRETAGNE,45599,0,4,VC,0,2,4,,,0,1,,,,1,7,0,0,1,0
1,9,1,1,3,31,FRANCE,MIDI-PYRENEES,555,31555,TOULOUSE,BOULEVARD PIERRE SEMARD,45600,0,4,VC,0,1,1,,,1,1,,,,1,7,0,0,1,0
1,9,1,1,3,31,FRANCE,MIDI-PYRENEES,555,31555,TOULOUSE,RUE VALADE,45619,0,4,VC,0,1,1,,,0,1,,,,1,31,0,0,0,1
1,9,1,1,2,31,FRANCE,MIDI-PYRENEES,555,31555,TOULOUSE,RUE DU FAUBOURG BONNEFOY,45633,0,4,VC,0,2,2,,,0,1,,,,1,7,0,0,1,0
1,9,1,1,3,31,FRANCE,MIDI-PYRENEES,555,31555,TOULOUSE,CHEMIN DE LANUSSE,45646,0,4,VC,0,2,2,,,0,1,,,,1,2,0,0,0,1
1,9,1,1,2,31,FRANCE,MIDI-PYRENEES,555,31555,TOULOUSE,BOULEVARD LASCROSSES,45655,0,4,VC,0,3,3,,,0,1,,,,1,10,0,0,1,0
1,9,1,1,1,31,FRANCE,MIDI-PYRENEES,555,31555,TOULOUSE,AVENUE DE LARDENNE,45657,0,4,VC,0,2,4,,,0,1,,,,1,7,0,0,1,0
1,9,1,1,3,31,FRANCE,MIDI-PYRENEES,555,31555,TOULOUSE,AVENUE M BOURGES MAUNOURY,45662,0,4,VC,0,2,2,,,0,1,,,,1,7,0,0,1,0
1,3,1,1,1,31,FRANCE,MIDI-PYRENEES,080,31080,BOULOGNE-SUR-GESSE,RD 41,45666,0,3,RD,41,2,0,0,0,0,1,0,0,,1,3,0,0,1,0
1,6,1,1,3,31,FRANCE,MIDI-PYRENEES,069,31069,BLAGNAC,IMPASSE EMILE ZOLA,45671,0,6,Parking,0,1,2,,,0,0,,,,1,7,0,0,1,0
5,6,6,1,3,31,FRANCE,MIDI-PYRENEES,557,31557,TOURNEFEUILLE,BOULEVARD VINCENT AURIOL,45675,0,3,RD,0,1,2,,,0,1,,,,1,7,0,0,1,0
1,9,1,1,3,31,FRANCE,MIDI-PYRENEES,555,31555,TOULOUSE,RUE ROGER CAMBOULIVES,45680,0,4,VC,0,2,0,,,0,1,,,,1,7,0,0,1,0
1,9,1,1,3,31,FRANCE,MIDI-PYRENEES,555,31555,TOULOUSE,RUE DU BEARNAIS,45696,0,4,VC,0,1,2,,,1,5,,,,1,7,0,0,1,0
1,9,3,1,3,31,FRANCE,MIDI-PYRENEES,555,31555,TOULOUSE,RUE JOSEPH DE MALARET,45700,0,4,VC,0,1,1,,,0,1,,,,1,7,0,0,1,0
5,9,1,1,3,31,FRANCE,MIDI-PYRENEES,555,31555,TOULOUSE,RUE DE LA SARTHE,45719,0,4,VC,0,2,2,,,0,1,,,,1,7,0,0,1,0
2,9,1,1,6,31,FRANCE,MIDI-PYRENEES,555,31555,TOULOUSE,RUE DU FAUBOURG BONNEFOY,45725,0,4,VC,0,2,2,,,0,1,,,,1,7,0,0,1,0
5,9,1,1,5,31,FRANCE,MIDI-PYRENEES,555,31555,TOULOUSE,BOULEVARD DE LA MARQUETTE,45730,0,4,VC,0,1,3,,,0,1,,,,1,7,0,0,1,0
5,9,1,1,1,31,FRANCE,MIDI-PYRENEES,555,31555,TOULOUSE,AVENUE JEAN CHAUBET,45731,0,4,VC,0,2,0,,,0,1,,,,1,7,0,0,1,0
1,1,1,1,6,31,FRANCE,MIDI-PYRENEES,555,31555,TOULOUSE,RUE SAINT JACQUES,45741,0,4,VC,0,1,0,,,0,1,,,,1,,0,0,0,1
1,9,2,1,3,31,FRANCE,MIDI-PYRENEES,555,31555,TOULOUSE,ROUTE D'ALBI,45744,0,4,VC,0,2,2,,,1,5,,,,1,7,0,0,1,0
1,4,1,1,3,31,FRANCE,MIDI-PYRENEES,117,31117,CASTELMAUROU,VC 0,45747,0,4,VC,0,2,0,0,0,0,1,0,0,,1,7,0,0,1,0
2,9,1,1,3,31,FRANCE,MIDI-PYRENEES,555,31555,TOULOUSE,ALLEE FORAIN FRANCOIS VERDIER,45783,0,4,VC,0,2,2,,,0,1,,,,1,7,0,0,1,0
5,9,2,1,3,31,FRANCE,MIDI-PYRENEES,555,31555,TOULOUSE,ROUTE DE NARBONNE,45792,0,4,VC,0,1,1,,,1,1,,,,1,7,0,0,1,0
1,9,1,2,1,31,FRANCE,MIDI-PYRENEES,555,31555,TOULOUSE,ROUTE DE BLAGNAC,45799,0,4,VC,0,2,0,,,1,5,,,,1,2,0,0,1,0
1,9,1,1,2,31,FRANCE,MIDI-PYRENEES,555,31555,TOULOUSE,ROUTE DE SEYSSES,45808,0,4,VC,0,2,2,,,0,1,,,,1,7,0,0,1,0
5,9,1,1,1,31,FRANCE,MIDI-PYRENEES,555,31555,TOULOUSE,RUE DE NEGRENEYS,45810,0,4,VC,0,1,1,,,0,1,,,,1,7,0,0,1,0
1,6,6,1,2,31,FRANCE,MIDI-PYRENEES,557,31557,TOURNEFEUILLE,RUE PIERRE LABITRIE,45811,0,4,VC,0,2,1,,,0,1,,,,1,7,0,0,1,0
5,9,1,2,3,31,FRANCE,MIDI-PYRENEES,555,31555,TOULOUSE,AVENUE DE LYON,45832,0,4,VC,0,2,2,,,0,1,,,,1,7,0,0,1,0
1,9,2,1,1,31,FRANCE,MIDI-PYRENEES,555,31555,TOULOUSE,RUE LOUIS HEROLD,45843,0,4,VC,0,2,2,,,0,1,,,,1,7,0,0,1,0
5,9,1,1,3,31,FRANCE,MIDI-PYRENEES,555,31555,TOULOUSE,AVENUE ETIENNE BILLIERES,45845,0,4,VC,0,2,4,,,0,1,,,,1,7,0,0,1,0
1,9,1,1,1,31,FRANCE,MIDI-PYRENEES,555,31555,TOULOUSE,PL LAGANNE,45865,0,4,VC,0,2,2,,,1,1,,,,1,2,0,0,1,0
5,9,1,3,1,31,FRANCE,MIDI-PYRENEES,555,31555,TOULOUSE,AVENUE EDOUARD BELIN,45872,0,4,VC,0,1,2,,,0,1,,,,1,7,0,0,1,0
1,9,1,1,3,31,FRANCE,MIDI-PYRENEES,555,31555,TOULOUSE,RUE DES COUTELIERS,45895,0,4,VC,0,1,2,,,0,1,,,,1,7,0,0,1,0
5,9,1,2,6,31,FRANCE,MIDI-PYRENEES,555,31555,TOULOUSE,RUE LA FAYETTE,45910,0,4,VC,0,1,2,,,0,1,,,,1,,0,0,0,1
1,9,1,1,1,31,FRANCE,MIDI-PYRENEES,555,31555,TOULOUSE,RUE MATABIAU,45912,0,4,VC,0,2,2,,,0,1,,,,1,7,0,0,1,0
1,9,3,8,3,31,FRANCE,MIDI-PYRENEES,555,31555,TOULOUSE,RUE VICTOR CAPOUL,45915,0,4,VC,0,2,2,,,0,1,,,,1,7,0,0,1,0
1,9,1,1,3,31,FRANCE,MIDI-PYRENEES,555,31555,TOULOUSE,AVENUE FREDERIC ESTEBE,45941,0,4,VC,0,1,2,,,0,5,,,,1,7,0,0,1,0
1,9,3,1,3,31,FRANCE,MIDI-PYRENEES,555,31555,TOULOUSE,RUE DE LA REPUBLIQUE ,45943,0,4,VC,0,1,2,,,0,1,,,,1,7,0,0,1,0
5,9,1,2,3,31,FRANCE,MIDI-PYRENEES,555,31555,TOULOUSE,RUE DU FERETRA,45951,0,4,VC,0,2,2,,,0,1,,,,1,7,0,0,1,0
1,6,1,1,6,31,FRANCE,MIDI-PYRENEES,149,31149,COLOMIERS,ALLEE DE CATCHERE,45954,0,4,VC,0,2,2,,,0,1,,,,1,7,0,0,1,0
1,6,4,1,3,31,FRANCE,MIDI-PYRENEES,557,31557,TOURNEFEUILLE,CLOS DES CIGALES,45958,0,4,VC,0,0,1,0,0,0,0,4359310,132248,,1,7,0,0,1,0
5,9,6,1,3,31,FRANCE,MIDI-PYRENEES,555,31555,TOULOUSE,VC 0,45969,0,4,VC,0,4,2,0,0,0,1,,,,1,7,0,0,1,0
1,6,1,1,3,31,FRANCE,MIDI-PYRENEES,069,31069,BLAGNAC,CHEMIN DE BELISAIRE,45995,0,4,VC,0,2,2,0,0,0,1,,,,1,7,0,0,1,0
1,9,1,1,3,31,FRANCE,MIDI-PYRENEES,555,31555,TOULOUSE,GRANDE RUE SAINT MICHEL ,45998,0,4,VC,0,2,2,0,0,0,1,,,,1,7,0,0,1,0
3,9,1,1,1,31,FRANCE,MIDI-PYRENEES,555,31555,TOULOUSE,BOULEVARD PIERRE PAUL RIQUET,46004,0,4,VC,0,1,0,,,0,1,,,,1,7,0,0,1,0
2,9,1,1,3,31,FRANCE,MIDI-PYRENEES,555,31555,TOULOUSE,VOIE DU TOEC,46014,0,4,VC,0,2,4,0,0,0,1,,,,1,7,0,0,1,0
1,9,1,1,3,31,FRANCE,MIDI-PYRENEES,555,31555,TOULOUSE,AVENUE HONORE SERRES,46016,0,4,VC,0,2,2,0,0,0,4,,,,1,7,0,0,1,0
2,9,1,1,2,31,FRANCE,MIDI-PYRENEES,555,31555,TOULOUSE,BOULEVARD MATABIAU,46023,0,4,VC,0,1,2,0,0,0,1,,,,1,10,0,0,1,0
3,9,1,1,3,31,FRANCE,MIDI-PYRENEES,555,31555,TOULOUSE,BOULEVARD LASCROSSES,46035,0,4,VC,0,2,3,0,0,0,1,,,,1,7,0,0,1,0
1,9,1,1,3,31,FRANCE,MIDI-PYRENEES,555,31555,TOULOUSE,AVENUE JEAN CHAUBET,46037,0,4,VC,0,2,2,0,0,0,1,,,,1,7,0,0,1,0
1,9,1,1,2,31,FRANCE,MIDI-PYRENEES,555,31555,TOULOUSE,ROUTE DE NARBONNE,46050,0,4,VC,0,2,2,0,0,0,1,,,,1,7,0,0,1,0
1,9,1,1,3,31,FRANCE,MIDI-PYRENEES,555,31555,TOULOUSE,RUE ALEXANDRE SOUMET,46058,0,4,VC,0,2,2,0,0,0,1,,,,1,99,0,0,1,0
1,9,1,1,3,31,FRANCE,MIDI-PYRENEES,555,31555,TOULOUSE,AVENUE PAUL SEJOURNE,46059,0,4,VC,0,2,3,0,0,0,1,,,,1,7,0,0,1,0
1,9,1,1,3,31,FRANCE,MIDI-PYRENEES,555,31555,TOULOUSE,VC 0,46062,0,4,VC,0,2,2,0,0,3,1,,,,1,30,0,0,1,0
1,9,1,1,3,31,FRANCE,MIDI-PYRENEES,555,31555,TOULOUSE,VC 0,46070,0,4,VC,0,2,2,0,0,0,1,,,,1,7,0,0,1,0
1,9,3,1,3,31,FRANCE,MIDI-PYRENEES,555,31555,TOULOUSE,RUE EMILE LITTRE,46076,0,4,VC,0,2,2,0,0,0,1,,,,1,7,0,0,1,0
5,9,1,2,3,31,FRANCE,MIDI-PYRENEES,555,31555,TOULOUSE,RUE VALADE,46080,0,4,VC,0,1,1,0,0,0,1,,,,1,7,0,0,1,0
5,9,1,2,3,31,FRANCE,MIDI-PYRENEES,555,31555,TOULOUSE,RUE ACHILLE VIADIEU,46090,0,4,VC,0,2,2,0,0,0,1,,,,1,7,0,0,1,0
1,9,6,1,3,31,FRANCE,MIDI-PYRENEES,555,31555,TOULOUSE,RD 632,46100,0,3,RD,632,2,0,0,0,0,1,4359630,142290,,1,7,0,0,1,0
1,9,1,1,4,31,FRANCE,MIDI-PYRENEES,555,31555,TOULOUSE,AVENUE DE LYON,46103,0,4,VC,0,2,2,0,0,0,1,,,,1,7,0,0,1,0
1,9,1,1,3,31,FRANCE,MIDI-PYRENEES,555,31555,TOULOUSE,BOULEVARD DE STRASBOURG,46118,0,4,VC,0,2,2,0,0,3,1,,,,1,7,0,0,1,0
1,9,1,1,3,31,FRANCE,MIDI-PYRENEES,555,31555,TOULOUSE,AVENUE DE LYON,46119,0,4,VC,0,3,0,0,0,1,1,,,,1,7,0,0,1,0
1,9,6,1,3,31,FRANCE,MIDI-PYRENEES,555,31555,TOULOUSE,RUE HENRI EBELOT,46133,0,4,VC,0,2,0,0,0,0,1,,,,1,7,0,0,1,0
1,9,1,1,3,31,FRANCE,MIDI-PYRENEES,555,31555,TOULOUSE,BOULEVARD DE STRASBOURG,46137,0,4,VC,0,1,2,0,0,0,1,,,,1,7,0,0,1,0
1,9,1,1,3,31,FRANCE,MIDI-PYRENEES,555,31555,TOULOUSE,VC 0,46153,0,4,VC,0,2,0,0,0,0,1,,,,1,33,0,0,1,0
1,9,1,1,3,31,FRANCE,MIDI-PYRENEES,555,31555,TOULOUSE,AVENUE DE LARDENNE,46166,0,4,VC,0,2,0,0,0,1,1,,,,1,7,0,0,1,0
5,9,1,1,2,31,FRANCE,MIDI-PYRENEES,555,31555,TOULOUSE,BOULEVARD LASCROSSES,46175,0,4,VC,0,2,3,0,0,0,1,,,,1,7,0,0,1,0
5,9,1,1,3,31,FRANCE,MIDI-PYRENEES,555,31555,TOULOUSE,BOULEVARD LAZARE CARNOT,46177,0,4,VC,0,1,1,0,0,0,1,,,,1,7,0,0,1,0
1,9,1,1,6,31,FRANCE,MIDI-PYRENEES,555,31555,TOULOUSE,PL DU PARLEMENT,46199,0,4,VC,0,2,3,0,0,0,1,,,,1,,0,0,0,1
1,9,1,1,6,31,FRANCE,MIDI-PYRENEES,555,31555,TOULOUSE,ALLEE CHARLES DE FITTE,46201,0,4,VC,0,2,6,0,0,0,1,,,,1,7,0,0,1,0
1,6,3,1,1,31,FRANCE,MIDI-PYRENEES,557,31557,TOURNEFEUILLE,AVENUE DE LARDENNE,46209,0,3,RD,632,0,2,4,800,0,1,4359020,136809,,1,7,0,0,1,0
5,9,1,2,3,31,FRANCE,MIDI-PYRENEES,555,31555,TOULOUSE,RUE THEODORE OZENNE,46223,0,4,VC,0,2,2,0,0,0,1,,,,1,7,0,0,1,0
1,9,1,1,3,31,FRANCE,MIDI-PYRENEES,555,31555,TOULOUSE,RUE DE METZ,46225,0,4,VC,0,2,3,0,0,0,1,,,,1,30,0,0,0,1
1,9,1,1,3,31,FRANCE,MIDI-PYRENEES,555,31555,TOULOUSE,PONT PIERRE DE COUBERTIN,46229,0,4,VC,0,3,3,0,0,0,1,,,,1,7,0,0,1,0
1,9,1,1,2,31,FRANCE,MIDI-PYRENEES,555,31555,TOULOUSE,PONT GIORDANO BRUNO,46259,0,4,VC,0,2,0,0,0,2,1,,,,1,7,0,0,1,0
1,9,6,1,3,31,FRANCE,MIDI-PYRENEES,555,31555,TOULOUSE,CHEMIN DE CHANTELLE,46260,0,4,VC,0,2,0,0,0,0,1,,,,1,7,0,0,1,0
1,9,1,1,3,31,FRANCE,MIDI-PYRENEES,555,31555,TOULOUSE,CHEMIN DE CROIX BENITE,46261,0,4,VC,0,2,0,0,0,0,1,,,,1,33,0,0,1,0
1,9,1,1,2,31,FRANCE,MIDI-PYRENEES,555,31555,TOULOUSE,RUE D'ALSACE LORRAINE,46272,0,4,VC,0,1,1,0,0,0,1,,,,1,33,0,0,1,0
1,6,1,1,1,31,FRANCE,MIDI-PYRENEES,557,31557,TOURNEFEUILLE,RUE DU PIC DE LA GELA,46281,0,4,VC,0,2,2,0,0,0,1,,,,1,7,0,0,1,0
2,6,1,1,6,31,FRANCE,MIDI-PYRENEES,557,31557,TOURNEFEUILLE,RUE PIERRE LABITRIE,46282,0,4,VC,0,3,2,0,0,0,1,4357830,132650,,1,7,0,0,1,0
1,5,1,1,2,31,FRANCE,MIDI-PYRENEES,483,31483,SAINT-GAUDENS,AVENUE FRANCOIS MITTERAND,46283,0,3,RD,817,2,1,77,334,0,1,4310980,73156,,1,7,0,0,1,0
1,6,1,1,3,31,FRANCE,MIDI-PYRENEES,149,31149,COLOMIERS,RUE ETIENNE COLLONGUES,46289,0,4,VC,0,2,0,0,0,1,1,,,,1,7,0,0,1,0
5,6,3,1,3,31,FRANCE,MIDI-PYRENEES,149,31149,COLOMIERS,CHEMIN DES SEVENNES,46290,0,4,VC,0,2,2,0,0,0,1,,,,1,7,0,0,1,0
1,6,1,3,3,31,FRANCE,MIDI-PYRENEES,557,31557,TOURNEFEUILLE,AVENUE DU MARQUISAT,46298,0,3,RD,50,2,2,31,760,0,1,4357550,134636,,1,2,0,0,1,0
1,4,1,1,6,31,FRANCE,MIDI-PYRENEES,490,31490,SAINT-JORY,RD 20,46311,0,3,RD,20,2,2,8,338,0,1,4374450,137484,,1,7,0,0,1,0
1,9,1,1,3,31,FRANCE,MIDI-PYRENEES,555,31555,TOULOUSE,ALLEE DE BRIENNE,46321,0,4,VC,0,2,2,0,0,0,1,,,,1,7,0,0,1,0
5,9,6,1,3,31,FRANCE,MIDI-PYRENEES,555,31555,TOULOUSE,BOULEVARD GABRIEL KOENIGS,46335,0,4,VC,0,2,0,0,0,0,1,,,,1,10,0,0,1,0
1,6,3,1,3,31,FRANCE,MIDI-PYRENEES,557,31557,TOURNEFEUILLE,RUE GASTON DOUMERGUE,46339,0,3,RD,632,2,2,1,0,0,1,4358650,135302,,1,7,0,0,1,0
1,9,1,1,2,31,FRANCE,MIDI-PYRENEES,555,31555,TOULOUSE,AVENUE D'ATLANTA,46340,0,4,VC,0,2,0,0,0,0,1,,,,1,7,0,0,1,0
1,9,1,1,1,31,FRANCE,MIDI-PYRENEES,555,31555,TOULOUSE,ROUTE DE BAYONNE,46344,0,4,VC,0,2,3,0,0,1,1,,,,1,7,0,0,1,0
1,9,1,1,3,31,FRANCE,MIDI-PYRENEES,555,31555,TOULOUSE,BOULEVARD ARMAND DUPORTAL,46347,0,4,VC,0,2,2,0,0,1,1,,,,1,7,0,0,1,0
1,9,1,1,3,31,FRANCE,MIDI-PYRENEES,555,31555,TOULOUSE,AVENUE JULES JULIEN,46359,0,4,VC,0,2,2,0,0,0,1,,,,1,7,0,0,1,0
5,9,1,1,1,31,FRANCE,MIDI-PYRENEES,555,31555,TOULOUSE,RUE DE METZ,46386,0,4,VC,0,1,2,0,0,0,1,,,,1,30,0,0,1,0
1,9,1,1,3,31,FRANCE,MIDI-PYRENEES,555,31555,TOULOUSE,RUE DES FRERES LION,46399,0,4,VC,0,2,3,0,0,0,1,,,,1,7,0,0,1,0
1,9,2,1,3,31,FRANCE,MIDI-PYRENEES,555,31555,TOULOUSE,VC 0,46402,0,4,VC,0,0,0,0,0,0,0,,,,1,7,0,0,1,0
1,6,6,1,3,31,FRANCE,MIDI-PYRENEES,557,31557,TOURNEFEUILLE,CHEMIN DE L'HAUT SAUT,46410,0,3,RD,63,2,2,0,0,0,1,4356310,133935,,1,7,0,0,1,0
5,9,1,1,3,31,FRANCE,MIDI-PYRENEES,555,31555,TOULOUSE,ALLEE CHARLES DE FITTE,46431,0,4,VC,0,2,4,0,0,0,1,,,,1,7,0,0,1,0
1,9,6,1,3,31,FRANCE,MIDI-PYRENEES,555,31555,TOULOUSE,RUE CLAUDE GONIN,46439,0,4,VC,0,2,2,0,0,0,1,,,,1,7,0,0,1,0
1,9,1,1,3,31,FRANCE,MIDI-PYRENEES,555,31555,TOULOUSE,RUE GABRIEL PERI,46489,0,4,VC,0,2,2,0,0,0,1,,,,1,7,0,0,1,0
2,9,1,2,3,31,FRANCE,MIDI-PYRENEES,555,31555,TOULOUSE,BOULEVARD SILVIO TRENTIN,46503,0,4,VC,0,2,0,0,0,0,1,,,,1,7,0,0,1,0
1,9,1,1,3,31,FRANCE,MIDI-PYRENEES,555,31555,TOULOUSE,AVENUE FREDERIC ESTEBE,46508,0,4,VC,0,1,1,0,0,1,1,,,,1,7,0,0,1,0
2,6,1,8,3,31,FRANCE,MIDI-PYRENEES,557,31557,TOURNEFEUILLE,ROUTE DE TARBES,46519,0,3,RD,632,3,2,7,185,1,5,4358210,133835,,1,7,0,0,1,0
1,9,1,1,3,31,FRANCE,MIDI-PYRENEES,555,31555,TOULOUSE,VC 0,46521,0,4,VC,0,2,4,0,0,1,1,,,,1,7,0,0,1,0
1,9,1,1,6,31,FRANCE,MIDI-PYRENEES,555,31555,TOULOUSE,AVENUE JEAN CHAUBET,46548,0,4,VC,0,0,2,,,0,1,,,,1,7,0,0,1,0
1,6,6,4,3,31,FRANCE,MIDI-PYRENEES,069,31069,BLAGNAC,ROND-POINT BUXTEHUDE,46549,0,4,VC,0,1,2,,,0,1,,,,1,7,0,0,1,0
1,9,3,1,3,31,FRANCE,MIDI-PYRENEES,555,31555,TOULOUSE,ALLEE DES DEMOISELLES,46568,0,4,VC,0,2,2,,,0,1,,,,1,10,0,0,1,0
1,9,1,1,6,31,FRANCE,MIDI-PYRENEES,555,31555,TOULOUSE,RUE MATABIAU,46571,0,4,VC,0,1,1,,,0,1,,,,1,7,0,0,1,0
1,9,1,1,7,31,FRANCE,MIDI-PYRENEES,555,31555,TOULOUSE,BOULEVARD LASCROSSES,46572,0,4,VC,0,2,6,,,0,1,,,,1,7,0,0,1,0
1,9,3,1,3,31,FRANCE,MIDI-PYRENEES,555,31555,TOULOUSE,AVENUE JAMES CLERCK MAXWELL,46578,0,4,VC,0,2,2,,,0,1,,,,1,7,0,0,1,0
1,9,1,1,2,31,FRANCE,MIDI-PYRENEES,555,31555,TOULOUSE,PL DU FER A CHEVAL,46598,0,4,VC,0,1,1,,,0,1,,,,1,7,0,0,1,0
1,6,9,1,3,31,FRANCE,MIDI-PYRENEES,557,31557,TOURNEFEUILLE,RUE DES ROITELETS,46603,0,4,VC,0,0,1,,,0,1,,,,1,7,0,0,1,0
2,6,6,1,3,31,FRANCE,MIDI-PYRENEES,557,31557,TOURNEFEUILLE,BOULEVARD JEAN GAY,46610,0,4,VC,0,2,2,,,0,1,,,,1,7,0,0,1,0
3,9,1,1,6,31,FRANCE,MIDI-PYRENEES,555,31555,TOULOUSE,CHEMIN DE LAFILAIRE,46629,0,4,VC,0,2,2,,,0,1,,,,1,31,0,0,1,0
1,9,1,1,5,31,FRANCE,MIDI-PYRENEES,555,31555,TOULOUSE,RUE DE LALANDE,46636,0,4,VC,0,2,2,,,0,1,,,,1,7,0,0,1,0
1,9,1,1,3,31,FRANCE,MIDI-PYRENEES,555,31555,TOULOUSE,RUE DU FAUBOURG BONNEFOY,46637,0,4,VC,0,2,3,,,3,1,,,,1,7,0,0,1,0
1,9,1,1,6,31,FRANCE,MIDI-PYRENEES,555,31555,TOULOUSE,PL DES CARMES,46642,0,4,VC,0,1,2,,,0,1,,,,1,7,0,0,1,0
1,9,1,8,2,31,FRANCE,MIDI-PYRENEES,555,31555,TOULOUSE,AVENUE DE LATTRE DE TASSIGNY,46647,0,4,VC,0,2,2,,,0,1,,,,1,7,0,0,1,0
1,6,3,1,3,31,FRANCE,MIDI-PYRENEES,557,31557,TOURNEFEUILLE,RUE DES COUDRIERS,46656,0,4,VC,0,2,2,,,0,1,4358616,345699,,1,7,0,0,1,0
1,1,6,2,3,31,FRANCE,MIDI-PYRENEES,516,31516,SAINT-SAUVEUR,RD 4,46660,0,3,RD,4,2,2,47,960,0,1,0,0,,1,7,0,0,1,0
1,9,1,1,6,31,FRANCE,MIDI-PYRENEES,555,31555,TOULOUSE,BOULEVARD DES MINIMES,46670,0,4,VC,0,1,2,,,0,1,,,,1,,0,0,0,1
1,9,1,1,2,31,FRANCE,MIDI-PYRENEES,555,31555,TOULOUSE,IMPASSEDE LA GLACIERE,46672,0,4,VC,0,2,0,,,0,1,,,,1,7,0,0,1,0
1,9,1,1,5,31,FRANCE,MIDI-PYRENEES,555,31555,TOULOUSE,PONT DE BLAGNAC,46673,0,4,VC,0,2,2,,,0,1,,,,1,7,0,0,0,1
1,9,1,1,6,31,FRANCE,MIDI-PYRENEES,555,31555,TOULOUSE,IMPASSETEYNIER,46679,0,4,VC,0,2,0,,,0,1,,,,1,10,0,0,1,0