lum,agg,int,atm,col,dep_bis,pays,region,com_bis,com_codeINSEE,communes,N_voie,numac,infra,catr,type_route,voie,circ,nbv,pr,pr1,vosp,situ,lat,long,adr,accident_velo,vehicule_imp,cycl_mort,cycl_bgv,cycl_blg,cycl_indm
1,9,1,1,3,31,FRANCE,MIDI-PYRENEES,555,31555,TOULOUSE,RUE ALAIN LESAGE,46685,0,4,VC,0,2,2,,,0,1,,,,1,7,0,0,1,0
1,9,1,1,6,31,FRANCE,MIDI-PYRENEES,555,31555,TOULOUSE,AVENUE DES COTEAUX,46691,0,4,VC,0,2,2,,,0,1,,,,1,7,0,0,1,0
1,9,1,1,3,31,FRANCE,MIDI-PYRENEES,555,31555,TOULOUSE,AVENUE DE RANGUEIL,46701,0,6,Parking,0,2,2,,,0,1,,,,1,7,0,0,1,0
1,9,1,1,3,31,FRANCE,MIDI-PYRENEES,555,31555,TOULOUSE,BOULEVARD D'ARCOLE,46712,0,4,VC,0,2,5,,,0,1,,,,1,34,0,0,1,0
1,9,3,1,2,31,FRANCE,MIDI-PYRENEES,555,31555,TOULOUSE,AVENUE FREDERIC ESTEBE,46713,0,4,VC,0,2,2,,,1,5,,,,1,7,0,0,1,0
1,9,1,1,6,31,FRANCE,MIDI-PYRENEES,555,31555,TOULOUSE,RUE DU LANGUEDOC,46729,0,4,VC,0,1,2,,,0,1,,,,1,,0,0,0,1
1,9,1,1,3,31,FRANCE,MIDI-PYRENEES,555,31555,TOULOUSE,RUE PIERRE CAZENEUVE,46740,0,4,VC,0,2,0,,,1,1,,,,1,7,0,0,1,0
1,9,1,1,2,31,FRANCE,MIDI-PYRENEES,555,31555,TOULOUSE,AVENUE DE MURET,46742,0,4,VC,0,2,2,,,0,1,,,,1,7,0,0,1,0
5,9,1,1,3,31,FRANCE,MIDI-PYRENEES,555,31555,TOULOUSE,AVENUE DES ETATS UNIS,46756,0,4,VC,0,2,2,,,0,1,,,,1,7,0,0,1,0
1,5,2,1,3,31,FRANCE,MIDI-PYRENEES,483,31483,SAINT-GAUDENS,AVENUE ARRIEU ANSELME,46763,5,3,RD,0,0,4,,,0,1,,,,1,7,0,0,1,0
1,9,3,1,5,31,FRANCE,MIDI-PYRENEES,555,31555,TOULOUSE,ROUTE D'AGDE,46771,0,4,VC,0,2,3,,,0,1,,,,1,7,0,0,1,0
1,9,1,1,2,31,FRANCE,MIDI-PYRENEES,555,31555,TOULOUSE,ROUTE DE BAYONNE,46800,0,4,VC,0,2,2,,,0,1,,,,1,7,0,0,1,0
5,9,1,1,3,31,FRANCE,MIDI-PYRENEES,555,31555,TOULOUSE,CHEMIN COTES DE PECHANGEUR DAVID,46808,0,4,VC,0,2,0,,,0,1,,,,1,7,0,0,1,0
1,9,1,1,3,31,FRANCE,MIDI-PYRENEES,555,31555,TOULOUSE,AVENUE CAMILLE PUJOL,46809,0,4,VC,0,2,3,,,0,1,,,,1,7,0,0,1,0
1,9,3,1,3,31,FRANCE,MIDI-PYRENEES,555,31555,TOULOUSE,BOULEVARD GRIFFOUL DORVAL,46812,0,4,VC,0,2,2,,,0,1,,,,1,7,0,0,1,0
1,9,1,1,3,31,FRANCE,MIDI-PYRENEES,555,31555,TOULOUSE,ROUTE D'ALBI,46814,0,4,VC,0,2,0,,,0,1,,,,1,7,0,0,1,0
1,9,1,1,1,31,FRANCE,MIDI-PYRENEES,555,31555,TOULOUSE,RUE SAINT ROCH,46816,0,4,VC,0,2,0,,,0,1,,,,1,7,0,0,1,0
1,9,1,1,3,31,FRANCE,MIDI-PYRENEES,555,31555,TOULOUSE,RUE DE REMUSAT,46818,0,4,VC,0,1,1,,,0,1,,,,1,7,0,0,1,0
1,9,2,1,3,31,FRANCE,MIDI-PYRENEES,555,31555,TOULOUSE,BOULEVARD DEODAT DE SEVERAC,46820,0,4,VC,0,2,5,,,0,1,,,,1,7,0,0,1,0
1,9,1,1,6,31,FRANCE,MIDI-PYRENEES,555,31555,TOULOUSE,Francis DE PRESSENCE,46830,0,4,VC,0,0,2,,,0,1,,,,1,,0,0,0,1
1,9,1,1,2,31,FRANCE,MIDI-PYRENEES,555,31555,TOULOUSE,AVENUE FREDERIC ESTEBE,46834,0,4,VC,0,2,0,,,0,1,,,,1,7,0,0,1,0
1,9,1,1,2,31,FRANCE,MIDI-PYRENEES,555,31555,TOULOUSE,AVENUE YVES BRUNAUD,46837,0,4,VC,0,2,4,,,0,1,,,,1,7,0,0,1,0
5,9,1,1,3,31,FRANCE,MIDI-PYRENEES,555,31555,TOULOUSE,BOULEVARD DE STRASBOURG,46845,0,4,VC,0,2,2,,,0,1,,,,1,30,0,0,1,0
1,9,1,1,3,31,FRANCE,MIDI-PYRENEES,555,31555,TOULOUSE,RUE PAUL BERNIES,46851,0,4,VC,0,2,2,,,1,1,,,,1,,0,0,1,0
1,9,1,1,3,31,FRANCE,MIDI-PYRENEES,555,31555,TOULOUSE,ALLEE DE BARCELONE,46852,0,4,VC,0,1,0,,,0,1,,,,1,7,0,0,1,0
1,6,1,1,3,31,FRANCE,MIDI-PYRENEES,557,31557,TOURNEFEUILLE,BOULEVARD VINCENT AURIOL,46858,0,3,RD,0,2,2,,,0,1,,,,1,7,0,0,1,0
2,6,6,1,6,31,FRANCE,MIDI-PYRENEES,069,31069,BLAGNAC,PONT BELLONTE,46880,2,4,VC,0,3,4,,,0,1,,,,1,7,0,0,1,0
1,9,1,1,6,31,FRANCE,MIDI-PYRENEES,555,31555,TOULOUSE,GRANDE RUE SAINT MICHEL ,46896,0,4,VC,0,2,2,,,0,1,,,,1,7,0,0,1,0
5,9,1,1,3,31,FRANCE,MIDI-PYRENEES,555,31555,TOULOUSE,PONT NEUF,46906,0,4,VC,0,1,2,,,0,1,,,,1,31,0,0,1,0
1,5,4,1,3,31,FRANCE,MIDI-PYRENEES,588,31588,VILLENEUVE-TOLOSANE,RD 68,46923,0,3,RD,68,2,1,0,0,0,1,0,0,,1,10,0,0,1,0
1,1,6,1,3,31,FRANCE,MIDI-PYRENEES,555,31555,TOULOUSE,AVENUE LOUIS ARISTE PASSERIEU,46946,0,4,VC,0,2,0,,,0,1,,,,1,7,0,0,1,0
5,6,6,1,3,31,FRANCE,MIDI-PYRENEES,557,31557,TOURNEFEUILLE,BOULEVARD VINCENT AURIOL,46971,0,3,RD,0,1,2,,,0,1,,,,1,7,0,0,1,0
5,9,1,1,2,31,FRANCE,MIDI-PYRENEES,555,31555,TOULOUSE,AVENUE DE LARDENNE,46986,0,4,VC,0,2,0,0,0,1,1,4359030,137950,,1,10,0,0,1,0
5,9,1,1,2,31,FRANCE,MIDI-PYRENEES,555,31555,TOULOUSE,AVENUE GEORGES POMPIDOU,46989,0,4,VC,0,2,0,0,0,1,0,4361320,145985,,1,10,0,0,1,0
1,6,1,1,3,31,FRANCE,MIDI-PYRENEES,557,31557,TOURNEFEUILLE,CHEMIN DE RAMELET MOUNDI,46991,0,3,RD,50,2,2,33,180,0,4,5868820,102728,,1,7,0,0,1,0
1,9,2,1,3,31,FRANCE,MIDI-PYRENEES,555,31555,TOULOUSE,RUE DES AMIDONNIERS,47012,0,4,VC,0,0,0,0,0,0,0,4360590,142816,,1,7,0,0,1,0
1,9,3,1,2,31,FRANCE,MIDI-PYRENEES,555,31555,TOULOUSE,RUE MIREPOIX,47013,0,4,VC,0,0,0,0,0,0,0,4360470,144174,,1,2,0,0,0,1
1,5,3,1,3,31,FRANCE,MIDI-PYRENEES,033,31033,AUTERIVE,VC 0,47022,0,4,VC,0,2,2,0,0,0,1,5846760,116724,,1,7,0,0,1,0
1,6,6,1,3,31,FRANCE,MIDI-PYRENEES,149,31149,COLOMIERS,BOULEVARD GENERAL DE GAULLE,47049,0,4,VC,,1,2,,,3,1,4361284,133189,,1,7,0,0,1,0
1,5,1,1,3,31,FRANCE,MIDI-PYRENEES,483,31483,SAINT-GAUDENS,PLACE DE L'AMIRAL CASTEX,47051,0,3,RD,817,1,2,79,383,0,1,,,,1,7,0,0,1,0
1,3,6,1,3,31,FRANCE,MIDI-PYRENEES,344,31344,MIRAMONT-DE-COMMINGES,RUE DE VERDUN ,47072,0,3,RD,5,2,2,17,418,0,1,4309306,74282,,1,7,0,0,1,0
1,9,1,1,3,31,FRANCE,MIDI-PYRENEES,555,31555,TOULOUSE,AVENUE DU MIRAIL,47099,0,4,VC,0,2,2,,,0,1,,,,1,7,0,0,1,0
1,9,1,1,3,31,FRANCE,MIDI-PYRENEES,555,31555,TOULOUSE,AVENUE D'ATLANTA,47121,0,4,VC,0,2,0,,,0,1,,,,1,7,0,0,1,0
1,9,1,1,3,31,FRANCE,MIDI-PYRENEES,555,31555,TOULOUSE,PL DES AVIONS,47132,0,4,VC,0,1,2,,,0,1,,,,1,7,0,0,1,0
1,9,3,1,3,31,FRANCE,MIDI-PYRENEES,555,31555,TOULOUSE,RUE MONTMORENCY,47161,0,4,VC,0,2,2,,,0,1,,,,1,7,0,0,1,0
5,9,1,1,6,31,FRANCE,MIDI-PYRENEES,555,31555,TOULOUSE,BOULEVARD DE SUISSE,47181,0,4,VC,0,2,2,,,0,1,,,,1,7,0,0,1,0
5,9,1,1,3,31,FRANCE,MIDI-PYRENEES,555,31555,TOULOUSE,BOULEVARD MATABIAU,47199,0,4,VC,0,1,3,,,0,1,,,,1,7,0,0,1,0
5,9,1,1,1,31,FRANCE,MIDI-PYRENEES,555,31555,TOULOUSE,COURS DILLON,47206,0,4,VC,0,2,2,,,0,1,,,,1,7,0,0,1,0
5,9,3,1,3,31,FRANCE,MIDI-PYRENEES,555,31555,TOULOUSE,ALLEE XAVIER SARRADET,47220,0,4,VC,0,1,1,,,0,1,,,,1,7,0,0,1,0
1,9,2,1,3,31,FRANCE,MIDI-PYRENEES,555,31555,TOULOUSE,BOULEVARD LASCROSSES,47223,0,4,VC,0,2,5,,,0,1,,,,1,7,0,0,1,0
1,9,1,1,6,31,FRANCE,MIDI-PYRENEES,555,31555,TOULOUSE,BOULEVARD DE MARENGO,47235,0,4,VC,0,0,0,,,0,1,,,,1,2,0,0,1,0
1,9,1,1,2,31,FRANCE,MIDI-PYRENEES,555,31555,TOULOUSE,ROUTE DE REVEL,47248,0,4,VC,0,2,2,,,0,1,,,,1,7,0,0,1,0
1,9,3,1,3,31,FRANCE,MIDI-PYRENEES,555,31555,TOULOUSE,AVENUE DU GENERAL EISENHOWER,47253,0,4,VC,0,2,3,,,0,1,,,,1,7,0,0,1,0
1,9,1,1,3,31,FRANCE,MIDI-PYRENEES,555,31555,TOULOUSE,ROND-POINT JEROME PUGENS,47261,0,4,VC,0,0,0,,,0,1,,,,1,7,0,0,1,0
1,9,1,1,2,31,FRANCE,MIDI-PYRENEES,555,31555,TOULOUSE,ROUTE DE SEYSSES,47292,0,4,VC,0,2,2,,,0,1,,,,1,7,0,0,1,0
1,9,1,1,1,31,FRANCE,MIDI-PYRENEES,555,31555,TOULOUSE,PONT DES CATALANS,47300,0,4,VC,0,2,2,,,1,1,,,,1,10,0,0,1,0
1,6,1,1,3,31,FRANCE,MIDI-PYRENEES,149,31149,COLOMIERS,ALLEE DE LA CHAMPAGNE,47302,0,4,VC,0,2,0,,,0,1,4361841,132741,,1,7,0,0,1,0
5,9,3,1,3,31,FRANCE,MIDI-PYRENEES,555,31555,TOULOUSE,RUE DU REMPART ST ETIENNE,47303,0,4,VC,0,1,0,,,0,1,,,,1,7,0,0,1,0
1,9,1,1,3,31,FRANCE,MIDI-PYRENEES,555,31555,TOULOUSE,ROUTE DE SEYSSES,47310,0,4,VC,0,2,0,,,0,1,,,,1,7,0,0,1,0
1,9,3,1,3,31,FRANCE,MIDI-PYRENEES,555,31555,TOULOUSE,RUE DES TROIS JOURNEES,47315,0,4,VC,0,1,1,,,0,0,,,,1,7,0,0,1,0
1,6,1,1,3,31,FRANCE,MIDI-PYRENEES,149,31149,COLOMIERS,BOULEVARD DU CORPS-FRANC POMMIES,47323,0,3,RD,63,2,0,13,779,0,1,4361292,133826,,1,7,0,0,1,0
1,9,1,1,6,31,FRANCE,MIDI-PYRENEES,555,31555,TOULOUSE,CHEMIN DE LA LOGE,47344,0,4,VC,0,2,2,,,0,1,,,,1,7,0,0,1,0
1,1,1,1,3,31,FRANCE,MIDI-PYRENEES,555,31555,TOULOUSE,AVENUE DES ARENES ROMAINES,47358,0,4,VC,0,2,0,,,0,1,,,,1,40,0,0,1,0
1,9,1,1,2,31,FRANCE,MIDI-PYRENEES,555,31555,TOULOUSE,ALLEE CHARLES DE FITTE,47364,0,4,VC,0,0,0,,,0,1,,,,1,7,0,0,1,0
5,9,3,1,3,31,FRANCE,MIDI-PYRENEES,555,31555,TOULOUSE,AVENUE CRAMPEL,47374,0,4,VC,0,2,2,,,0,1,,,,1,7,0,0,1,0
5,9,3,1,3,31,FRANCE,MIDI-PYRENEES,555,31555,TOULOUSE,ROUTE DE SEYSSES,47379,0,4,VC,0,2,2,,,0,1,,,,1,7,0,0,1,0
5,9,1,1,3,31,FRANCE,MIDI-PYRENEES,555,31555,TOULOUSE,BOULEVARD LAZARE CARNOT,47382,0,4,VC,0,2,0,,,0,1,,,,1,30,0,0,1,0
1,9,1,1,2,31,FRANCE,MIDI-PYRENEES,555,31555,TOULOUSE,AVENUE DES ARENES ROMAINES,47401,0,4,VC,0,1,2,,,0,1,,,,1,7,0,0,1,0
1,9,1,1,3,31,FRANCE,MIDI-PYRENEES,555,31555,TOULOUSE,BOULEVARD LASCROSSES,47409,0,4,VC,0,2,2,,,0,1,,,,1,7,0,0,1,0
1,6,3,1,3,31,FRANCE,MIDI-PYRENEES,149,31149,COLOMIERS,ALLEE DE LA CHAMPAGNE,47418,0,4,VC,0,2,0,,,0,1,4361702,133008,,1,10,0,0,1,0
1,6,1,1,1,31,FRANCE,MIDI-PYRENEES,557,31557,TOURNEFEUILLE,RUE DU PETIT TRAIN,47422,0,4,VC,0,0,1,,,1,1,,,,1,2,0,0,1,0
5,9,1,1,3,31,FRANCE,MIDI-PYRENEES,555,31555,TOULOUSE,BOULEVARD DES MINIMES,47424,0,4,VC,0,1,2,,,0,1,,,,1,7,0,0,1,0
1,9,1,1,3,31,FRANCE,MIDI-PYRENEES,555,31555,TOULOUSE,BOULEVARD DE SUISSE,47430,0,4,VC,0,2,2,,,0,1,,,,1,30,0,0,0,1
1,9,1,1,1,31,FRANCE,MIDI-PYRENEES,555,31555,TOULOUSE,RUE DU FAUBOURG BONNEFOY,47467,0,4,VC,0,2,0,,,0,1,,,,1,7,0,0,1,0
5,6,6,1,2,31,FRANCE,MIDI-PYRENEES,149,31149,COLOMIERS,RN124,47472,0,2,RN,124,1,1,0,470,0,1,4360840,135300,,1,7,0,0,1,0
1,6,1,1,3,31,FRANCE,MIDI-PYRENEES,069,31069,BLAGNAC,CHEMIN DE BELISAIRE,47484,0,4,VC,0,2,0,,,0,1,,,,1,7,0,0,1,0
1,9,1,1,3,31,FRANCE,MIDI-PYRENEES,555,31555,TOULOUSE,AVENUE CRAMPEL,47488,0,4,VC,0,2,2,,,0,1,,,,1,7,0,0,1,0
1,9,1,1,3,31,FRANCE,MIDI-PYRENEES,555,31555,TOULOUSE,AVENUE DE RANGUEIL,47489,0,4,VC,0,2,0,,,0,1,,,,1,7,0,0,1,0
5,9,1,2,3,31,FRANCE,MIDI-PYRENEES,555,31555,TOULOUSE,QUAI SAINT PIERRE,47505,0,4,VC,0,2,2,,,0,1,,,,1,7,0,0,1,0
1,9,3,1,6,31,FRANCE,MIDI-PYRENEES,555,31555,TOULOUSE,RUE BERTHE MONMART,47507,0,4,VC,0,0,2,,,0,0,,,,1,10,0,0,1,0
5,9,1,1,3,31,FRANCE,MIDI-PYRENEES,555,31555,TOULOUSE,ROND-POINT DU DR GEORGES ROQUES,47513,0,4,VC,0,0,0,,,0,1,,,,1,7,0,0,1,0
1,6,1,1,3,31,FRANCE,MIDI-PYRENEES,557,31557,TOURNEFEUILLE,ROUTE DE TARBES,47518,0,3,RD,0,2,2,,,0,1,,,,1,7,0,0,1,0
1,6,6,1,3,32,FRANCE,MIDI-PYRENEES,013,32013,AUCH,JEANNE D'ALBRET,47537,0,4,VC,0,2,2,,,0,1,,,,1,7,0,0,1,0
1,6,3,1,3,32,FRANCE,MIDI-PYRENEES,013,32013,AUCH,ABBE DE MONTESQUIOU,47548,0,4,VC,0,1,1,,,0,1,,,,1,7,0,0,1,0
1,1,1,1,6,32,FRANCE,MIDI-PYRENEES,305,32305,PANJAS,VC 0,47554,0,4,VC,0,2,0,0,0,0,1,4383100,-8900,,1,,0,0,1,0
1,6,3,1,3,32,FRANCE,MIDI-PYRENEES,013,32013,AUCH,EUGENE SUE,47575,5,4,VC,0,1,2,,,0,1,,,,1,7,0,0,1,0
1,1,1,1,3,32,FRANCE,MIDI-PYRENEES,047,32047,BERRAC,RD 36,47583,0,3,RD,36,2,0,11,500,0,1,4401400,55000,,1,10,0,0,1,0
1,1,1,1,3,32,FRANCE,MIDI-PYRENEES,013,32013,AUCH,ROUTE DE PESSAN,47619,0,3,RD,0,2,2,52,0,0,1,,,,1,7,0,0,1,0
2,1,1,1,3,32,FRANCE,MIDI-PYRENEES,307,32307,PAVIE,RD 929,47646,0,3,RD,929,2,2,0,500,0,1,4361780,58165,,1,7,0,0,1,0
1,6,3,1,6,32,FRANCE,MIDI-PYRENEES,013,32013,AUCH,ONZE NOVEMBRE,47651,0,3,RD,626,2,2,54,638,0,1,4364110,59533,,1,7,0,0,1,0
1,6,1,1,6,32,FRANCE,MIDI-PYRENEES,013,32013,AUCH,AVENUE HOCHE,47677,0,4,VC,0,1,2,0,0,0,1,4364720,58971,,1,7,0,0,1,0
1,6,3,1,3,32,FRANCE,MIDI-PYRENEES,013,32013,AUCH,ROUTE DE TOULOUSE,47699,0,3,RD,924,2,2,55,350,0,1,4364970,59806,,1,7,0,0,1,0
1,3,1,1,3,32,FRANCE,MIDI-PYRENEES,249,32249,MAUVEZIN,RD 654,47711,0,3,RD,654,2,2,0,0,0,1,4373500,87200,,1,10,0,0,1,0
1,5,3,1,3,32,FRANCE,MIDI-PYRENEES,107,32107,CONDOM,VC 0,47716,0,4,VC,0,1,1,0,0,0,1,4396300,37100,,1,7,0,0,1,0
1,1,1,1,1,32,FRANCE,MIDI-PYRENEES,189,32189,LANNEMAIGNAN,RD 154,47719,0,3,RD,154,2,2,9,0,0,1,4390600,-19700,,1,7,0,0,1,0
1,3,1,1,7,32,FRANCE,MIDI-PYRENEES,096,32096,CAZAUBON,RN 524,47722,0,2,RN,524,2,1,81,100,0,1,4395700,-3400,,1,,0,0,1,0
1,3,1,1,1,32,FRANCE,MIDI-PYRENEES,319,32319,PLAISANCE,VC 0,47738,5,4,VC,0,2,2,0,0,0,1,0,0,,1,7,0,0,1,0
1,6,3,1,7,32,FRANCE,MIDI-PYRENEES,013,32013,AUCH,DOCTEUR SAMALENS,47742,0,3,RD,0,2,2,,,0,1,,,,1,,0,0,0,1
1,6,1,1,3,33,FRANCE,AQUITAINE,119,33119,CENON,AVENUE RENE CASSAGNE,47751,0,4,VC,0,3,2,,,0,1,,,,1,18,0,0,1,0
1,8,5,8,3,33,FRANCE,AQUITAINE,063,33063,BORDEAUX,COURS DE LA MARTINIQUE,47754,0,4,VC,0,1,3,,,2,1,,,,1,7,0,0,1,0
1,8,1,2,2,33,FRANCE,AQUITAINE,063,33063,BORDEAUX,COURS ANATOLE FRANCE,47774,0,4,VC,0,1,1,,,2,5,,,,1,7,0,0,1,0
1,8,1,8,3,33,FRANCE,AQUITAINE,063,33063,BORDEAUX,RUE HUGUERIE,47778,0,4,VC,0,1,1,,,0,1,,,,1,7,0,0,1,0
1,8,7,1,3,33,FRANCE,AQUITAINE,063,33063,BORDEAUX,RUE LEO SAIGNAT,47786,0,4,VC,0,2,2,,,0,1,,,,1,7,0,0,1,0
2,6,3,1,3,33,FRANCE,AQUITAINE,550,33550,VILLENAVE-D'ORNON,AVENUE DE L'OREE DU BOIS,47793,0,4,VC,0,2,2,,,0,1,,,,1,7,0,0,1,0
1,8,1,1,3,33,FRANCE,AQUITAINE,063,33063,BORDEAUX,RUE MANON CORMIER,47855,0,4,VC,0,1,1,,,0,1,,,,1,7,0,0,1,0
1,8,1,1,2,33,FRANCE,AQUITAINE,063,33063,BORDEAUX,COURS MARECHAL JUIN,47873,0,4,VC,0,3,4,,,2,1,,,,1,7,0,0,1,0
1,8,2,2,3,33,FRANCE,AQUITAINE,063,33063,BORDEAUX,RUE LECOCQ,47878,0,4,VC,0,1,1,,,0,1,,,,1,7,0,0,1,0
1,8,2,1,3,33,FRANCE,AQUITAINE,063,33063,BORDEAUX,COURS DE LA MARNE,47889,0,4,VC,0,2,3,,,3,1,,,,1,7,0,0,1,0
5,1,1,1,7,33,FRANCE,AQUITAINE,039,33039,BEGLES,Autoroute 630,47904,3,1,Autoroute,630,3,8,33,800,0,2,,,,1,,0,0,1,0
1,6,1,1,6,33,FRANCE,AQUITAINE,529,33529,TESTE-DE-BUCH (LA),RUE DU MAL FOCH,47918,0,4,VC,0,1,1,,,0,1,,,,1,7,0,0,1,0
1,8,2,1,3,33,FRANCE,AQUITAINE,063,33063,BORDEAUX,RUE FERRERE,47922,0,4,VC,0,1,2,,,2,1,,,,1,7,0,0,1,0
1,6,9,1,3,33,FRANCE,AQUITAINE,550,33550,VILLENAVE-D'ORNON,ROUTE DE LEOGNAN,47924,0,6,Parking,0,2,2,,,0,1,,,,1,7,0,0,1,0
1,1,1,2,3,33,FRANCE,AQUITAINE,063,33063,BORDEAUX,PLACE PIERRE RENAUDEL,47930,0,4,VC,0,1,1,,,0,1,,,,1,10,0,0,1,0
5,8,2,2,3,33,FRANCE,AQUITAINE,063,33063,BORDEAUX,RUE CAMILLE GODARD,47931,0,4,VC,0,2,2,,,0,1,,,,1,7,0,0,1,0
5,1,3,2,1,33,FRANCE,AQUITAINE,522,33522,TALENCE,CHEM BONTEMPS,47949,0,4,VC,0,3,3,,,0,1,,,,1,7,0,0,1,0
5,8,2,1,3,33,FRANCE,AQUITAINE,063,33063,BORDEAUX,RUE LECOCQ,47952,0,4,VC,0,1,1,,,0,1,,,,1,10,0,0,1,0
1,8,6,1,3,33,FRANCE,AQUITAINE,063,33063,BORDEAUX,RUE DU BOCAGE CAUD,47957,0,4,VC,0,1,2,,,0,1,,,,1,7,0,0,1,0
1,8,1,1,6,33,FRANCE,AQUITAINE,063,33063,BORDEAUX,COURS ARISTIDE BRIAND,47965,0,4,VC,0,2,2,,,0,1,,,,1,,0,0,1,0
1,8,1,1,3,33,FRANCE,AQUITAINE,063,33063,BORDEAUX,COURS PORTAL,47971,0,4,VC,0,2,2,,,2,1,,,,1,7,0,0,1,0
1,7,1,1,2,33,FRANCE,AQUITAINE,281,33281,MERIGNAC,AVENUE DE L'YSER,47978,0,4,VC,0,2,2,,,0,1,,,,1,7,0,0,1,0
1,1,3,7,2,33,FRANCE,AQUITAINE,075,33075,BRUGES,ROUTE DU MEDOC,47983,0,4,VC,0,3,2,,,1,1,,,,1,7,0,0,1,0
1,4,1,7,3,33,FRANCE,AQUITAINE,274,33274,MARTILLAC,RD 109,48010,5,3,RD,109,2,2,9,850,0,1,0,0,,1,7,0,0,1,0
1,8,1,1,5,33,FRANCE,AQUITAINE,063,33063,BORDEAUX,BOULEVARD DU PRESIDENT WILSON,48017,0,4,VC,0,3,3,,,1,1,,,,1,7,0,0,1,0
1,8,1,1,5,33,FRANCE,AQUITAINE,063,33063,BORDEAUX,COURS ARISTIDE BRIAND,48020,0,4,VC,0,2,4,,,3,1,,,,1,10,0,0,1,0
1,8,2,1,3,33,FRANCE,AQUITAINE,063,33063,BORDEAUX,RUE PELLEPORT,48038,0,4,VC,0,1,1,,,0,1,,,,1,7,0,0,1,0
5,8,1,1,6,33,FRANCE,AQUITAINE,063,33063,BORDEAUX,COURS PORTAL,48049,0,4,VC,0,0,1,,,0,1,,,,1,7,0,0,1,0
1,8,1,1,3,33,FRANCE,AQUITAINE,063,33063,BORDEAUX,COURS D'ALBRET,48059,0,4,VC,0,3,4,,,0,1,,,,1,7,0,0,1,0
1,8,6,1,3,33,FRANCE,AQUITAINE,063,33063,BORDEAUX,QUAI DE PALUDATE,48060,0,4,VC,0,1,20,,,2,1,,,,1,7,0,0,1,0
1,7,2,1,3,33,FRANCE,AQUITAINE,281,33281,MERIGNAC,CHEM DE LA PRINCESSE,48062,0,4,VC,0,2,2,,,0,1,,,,1,7,0,0,1,0
1,5,1,1,3,33,FRANCE,AQUITAINE,009,33009,ARCACHON,BOULEVARD DE LA PLAGE,48096,0,2,RN,0,2,2,,,0,1,,,,1,7,0,0,1,0
1,8,1,1,3,33,FRANCE,AQUITAINE,063,33063,BORDEAUX,AVENUE EMILE COUNORD,48102,0,4,VC,0,1,1,,,0,1,,,,1,10,0,0,1,0
1,7,3,1,3,33,FRANCE,AQUITAINE,281,33281,MERIGNAC,AVENUE BON AIR,48103,0,4,VC,0,2,3,,,1,1,,,,1,7,0,0,1,0
1,8,3,1,3,33,FRANCE,AQUITAINE,063,33063,BORDEAUX,RUE DU PORT,48108,0,4,VC,0,1,1,,,0,1,,,,1,10,0,0,1,0
1,8,2,1,3,33,FRANCE,AQUITAINE,063,33063,BORDEAUX,RUE FIEFFE,48113,0,4,VC,0,1,1,,,0,1,,,,1,7,0,0,1,0
1,7,1,1,3,33,FRANCE,AQUITAINE,318,33318,PESSAC,AVENUE JEAN JAURES,48117,0,4,VC,0,2,2,,,0,1,,,,1,37,0,0,1,0
1,8,1,1,4,33,FRANCE,AQUITAINE,063,33063,BORDEAUX,BOULEVARD DU PRESIDENT WILSON,48119,0,4,VC,0,3,4,,,2,1,,,,1,7,0,0,1,0
1,8,1,1,3,33,FRANCE,AQUITAINE,063,33063,BORDEAUX,BOULEVARD ANTOINE GAUTIER,48122,0,4,VC,0,3,4,,,2,1,,,,1,7,0,0,1,0
1,7,1,1,2,33,FRANCE,AQUITAINE,281,33281,MERIGNAC,RUE DE BEAUDESERT,48124,0,4,VC,0,2,2,,,0,1,,,,1,7,0,0,1,0
1,6,2,1,3,33,FRANCE,AQUITAINE,522,33522,TALENCE,RUE CHARLES GOUNOD,48135,0,4,VC,0,2,2,,,0,1,,,,1,7,0,0,1,0
1,6,2,1,3,33,FRANCE,AQUITAINE,522,33522,TALENCE,VOIE 1 FACULTE DES SCIENCES,48149,0,4,VC,0,3,2,,,2,1,,,,1,7,0,0,1,0
1,6,2,1,3,33,FRANCE,AQUITAINE,522,33522,TALENCE,RUE DE LA VIEILLE TOUR,48151,0,4,VC,0,2,2,,,0,1,,,,1,7,0,0,1,0
1,8,1,1,6,33,FRANCE,AQUITAINE,063,33063,BORDEAUX,BOULEVARD DU PRESIDENT WILSON,48152,0,4,VC,0,3,4,,,2,1,,,,1,17,0,0,1,0
1,6,1,1,2,33,FRANCE,AQUITAINE,039,33039,BEGLES,RUE LOUIS BLERIOT,48156,0,4,VC,0,2,1,,,0,1,,,,1,10,0,0,1,0
1,8,1,1,3,33,FRANCE,AQUITAINE,063,33063,BORDEAUX,BOULEVARD MARECHAL LECLERC,48188,0,4,VC,0,3,5,,,2,1,,,,1,7,0,0,1,0
1,8,3,1,1,33,FRANCE,AQUITAINE,063,33063,BORDEAUX,RUE LEO SAIGNAT,48190,0,4,VC,0,2,2,,,0,1,,,,1,7,0,0,1,0
1,8,1,1,3,33,FRANCE,AQUITAINE,063,33063,BORDEAUX,RES LANDIRAS,48194,0,4,VC,0,1,50,,,0,1,,,,1,7,0,0,1,0
1,6,5,1,6,33,FRANCE,AQUITAINE,550,33550,VILLENAVE-D'ORNON,RUE RAYMOND POINCARE,48200,0,4,VC,0,2,2,,,0,1,,,,1,,0,0,0,1
1,6,6,1,1,33,FRANCE,AQUITAINE,249,33249,LORMONT,AVENUE CARNOT,48202,0,4,VC,0,3,2,,,1,1,,,,1,7,0,0,1,0
1,8,1,1,6,33,FRANCE,AQUITAINE,063,33063,BORDEAUX,COURS DE L'ARGONNE,48207,4,4,VC,0,3,2,,,3,1,,,,1,,0,0,1,0