lum,agg,int,atm,col,dep_bis,pays,region,com_bis,com_codeINSEE,communes,N_voie,numac,infra,catr,type_route,voie,circ,nbv,pr,pr1,vosp,situ,lat,long,adr,accident_velo,vehicule_imp,cycl_mort,cycl_bgv,cycl_blg,cycl_indm
1,7,3,1,1,33,FRANCE,AQUITAINE,281,33281,MERIGNAC,AVENUE PRESIDENT J.F. KENNEDY,48210,0,4,VC,0,2,3,,,0,1,,,,1,7,0,0,1,0
1,8,3,1,2,33,FRANCE,AQUITAINE,063,33063,BORDEAUX,RUE DAVID JOHNSTON,48219,0,4,VC,0,1,1,,,2,1,,,,1,7,0,0,1,0
1,6,6,1,3,33,FRANCE,AQUITAINE,550,33550,VILLENAVE-D'ORNON,RUE VINCENT VAN GOGH,48230,0,4,VC,0,2,2,,,0,1,,,,1,10,0,0,1,0
1,6,3,1,3,33,FRANCE,AQUITAINE,192,33192,GRADIGNAN,BOULEVARD DE MALARTIC,48231,0,4,VC,0,2,0,,,0,1,,,,1,10,0,0,1,0
1,6,6,1,3,33,FRANCE,AQUITAINE,529,33529,TESTE-DE-BUCH (LA),BOULEVARD DES MIQUELOTS,48243,0,4,VC,0,3,2,,,0,1,,,,1,7,0,0,1,0
1,5,1,1,1,33,FRANCE,AQUITAINE,009,33009,ARCACHON,AVENUE GUY DE MAUPASSANT,48245,0,4,VC,0,1,1,,,0,1,,,,1,7,0,0,1,0
5,8,7,1,5,33,FRANCE,AQUITAINE,063,33063,BORDEAUX,PLACE BIR HAKEIM,48261,0,4,VC,0,3,2,,,1,1,,,,1,7,0,0,0,1
1,8,8,1,3,33,FRANCE,AQUITAINE,063,33063,BORDEAUX,COURS VICTOR HUGO,48262,2,4,VC,0,2,2,,,0,1,,,,1,7,0,0,1,0
1,8,1,1,3,33,FRANCE,AQUITAINE,063,33063,BORDEAUX,COURS DE LA MARNE,48263,0,4,VC,0,2,2,,,0,1,,,,1,7,0,0,1,0
1,6,1,1,3,33,FRANCE,AQUITAINE,069,33069,BOUSCAT (LE),AVENUE DE LA LIBERATION CHARLES DE GAULLE,48270,0,6,Parking,0,2,0,,,0,1,,,,1,7,0,0,1,0
1,8,2,1,3,33,FRANCE,AQUITAINE,063,33063,BORDEAUX,COURS DE L'ARGONNE,48275,4,4,VC,0,3,2,,,3,1,,,,1,7,0,0,1,0
1,4,6,1,6,33,FRANCE,AQUITAINE,535,33535,TRESSES,RD 242,48308,5,3,RD,242,2,0,0,0,0,1,0,0,,1,,0,0,1,0
2,1,2,1,3,33,FRANCE,AQUITAINE,529,33529,TESTE-DE-BUCH (LA),AVENUE BISCAROSSE,48313,0,6,Parking,0,1,1,,,0,1,,,,1,7,0,0,1,0
1,1,9,1,3,33,FRANCE,AQUITAINE,529,33529,TESTE-DE-BUCH (LA),AVENUE DE L'AERODROME,48314,0,4,VC,0,2,2,,,0,1,,,,1,7,0,0,1,0
1,5,1,1,3,33,FRANCE,AQUITAINE,075,33075,BRUGES,BOULEVARD DU PARC DES EXPOSITIONS,48321,0,4,VC,0,2,1,,,1,1,,,,1,7,0,0,1,0
1,8,3,1,3,33,FRANCE,AQUITAINE,063,33063,BORDEAUX,QUAI SAINTE-CROIX,48342,0,4,VC,0,1,1,,,0,1,,,,1,7,0,0,1,0
5,8,2,1,3,33,FRANCE,AQUITAINE,063,33063,BORDEAUX,RUE EUGENE TENOT,48343,0,4,VC,0,1,2,,,2,1,,,,1,7,0,0,1,0
1,8,1,1,3,33,FRANCE,AQUITAINE,063,33063,BORDEAUX,COURS DE LA SOMME,48381,0,4,VC,0,2,2,,,0,1,,,,1,7,0,0,1,0
1,8,3,1,3,33,FRANCE,AQUITAINE,063,33063,BORDEAUX,RUE HONORE TESSIER,48383,0,4,VC,0,1,1,,,0,1,,,,1,10,0,0,1,0
5,8,2,1,3,33,FRANCE,AQUITAINE,063,33063,BORDEAUX,COURS DE L'YSER,48390,0,4,VC,0,2,3,,,3,1,,,,1,7,0,0,1,0
1,8,3,1,3,33,FRANCE,AQUITAINE,063,33063,BORDEAUX,COURS DE L'YSER,48391,0,4,VC,0,2,2,,,2,1,,,,1,7,0,0,1,0
1,6,1,1,7,33,FRANCE,AQUITAINE,039,33039,BEGLES,COURS VICTOR HUGO,48404,0,4,VC,0,2,2,,,0,1,,,,1,7,0,0,1,0
1,8,2,1,2,33,FRANCE,AQUITAINE,063,33063,BORDEAUX,RUE GENERAL DE LARMINAT,48410,0,4,VC,0,3,4,,,2,1,,,,1,7,0,0,1,0
1,8,1,1,3,33,FRANCE,AQUITAINE,063,33063,BORDEAUX,COURS DE L'ARGONNE,48413,4,4,VC,0,1,1,,,3,1,,,,1,2,0,0,1,0
1,6,1,1,3,33,FRANCE,AQUITAINE,522,33522,TALENCE,AVENUE DE L'UNIVERSITE,48425,0,4,VC,0,2,2,,,1,1,,,,1,7,0,0,1,0
1,8,1,1,3,33,FRANCE,AQUITAINE,063,33063,BORDEAUX,QUAI DE LA SOUYS,48429,0,4,VC,0,3,2,,,0,1,,,,1,10,0,0,1,0
1,8,5,1,3,33,FRANCE,AQUITAINE,063,33063,BORDEAUX,COURS MARC NOUAUX,48466,0,4,VC,0,1,2,,,0,1,,,,1,7,0,0,1,0
1,8,1,1,6,33,FRANCE,AQUITAINE,063,33063,BORDEAUX,RUE JEAN RENAUD DANDICOLLE,48478,0,4,VC,0,1,1,,,2,5,,,,1,,0,0,1,0
5,8,2,1,3,33,FRANCE,AQUITAINE,063,33063,BORDEAUX,COURS DE LA SOMME,48482,0,4,VC,0,2,2,,,0,1,,,,1,7,0,0,1,0
1,8,2,1,3,33,FRANCE,AQUITAINE,063,33063,BORDEAUX,RUE PAULIN,48486,0,4,VC,0,1,1,,,2,1,,,,1,7,0,0,1,0
1,8,1,1,3,33,FRANCE,AQUITAINE,063,33063,BORDEAUX,RUE SAINT LAURENT,48488,0,4,VC,0,1,1,,,0,1,,,,1,10,0,0,1,0
1,8,2,1,3,33,FRANCE,AQUITAINE,063,33063,BORDEAUX,COURS D'ALSACE ET LORRAINE,48491,4,4,VC,0,1,1,,,3,1,,,,1,33,0,0,0,1
5,8,2,1,3,33,FRANCE,AQUITAINE,063,33063,BORDEAUX,RUE LAVOISIER CAUD,48497,0,4,VC,0,1,1,,,0,1,,,,1,7,0,0,1,0
1,8,7,1,1,33,FRANCE,AQUITAINE,063,33063,BORDEAUX,RUE EMILE COMBES,48511,0,4,VC,0,1,2,,,0,1,,,,1,7,0,0,1,0
1,8,1,1,6,33,FRANCE,AQUITAINE,063,33063,BORDEAUX,RUE STEHELIN CAUD,48524,0,4,VC,0,3,2,,,2,1,,,,1,,0,0,0,1
1,8,7,1,3,33,FRANCE,AQUITAINE,063,33063,BORDEAUX,COURS DU MEDOC,48539,5,4,VC,0,2,3,,,2,1,,,,1,14,0,0,1,0
1,8,1,1,2,33,FRANCE,AQUITAINE,063,33063,BORDEAUX,PLACE DES CAPUCINS,48542,0,4,VC,0,2,2,,,0,0,,,,1,7,0,0,1,0
1,7,1,1,3,33,FRANCE,AQUITAINE,281,33281,MERIGNAC,ALLEE DU PONT DE MADAME,48552,0,4,VC,0,2,2,,,0,1,,,,1,7,0,0,1,0
1,1,1,1,1,33,FRANCE,AQUITAINE,529,33529,TESTE-DE-BUCH (LA),CHEMIN DE MARIOLAN,48584,0,4,VC,0,3,2,,,0,1,,,,1,7,0,0,1,0
5,7,3,1,3,33,FRANCE,AQUITAINE,318,33318,PESSAC,AVENUE JEAN BABIN,48587,0,4,VC,0,2,1,,,1,5,,,,1,33,0,0,1,0
1,7,3,1,3,33,FRANCE,AQUITAINE,318,33318,PESSAC,AVENUE ROGER COHE,48591,0,4,VC,0,2,3,,,2,1,,,,1,7,0,0,1,0
1,8,1,1,6,33,FRANCE,AQUITAINE,063,33063,BORDEAUX,RUE JOSEPH ABRIA,48596,0,4,VC,0,2,1,,,0,1,,,,1,7,0,0,1,0
5,8,2,1,3,33,FRANCE,AQUITAINE,063,33063,BORDEAUX,RUE FRERE,48611,0,4,VC,0,1,1,,,0,1,,,,1,7,0,0,1,0
1,8,2,1,3,33,FRANCE,AQUITAINE,063,33063,BORDEAUX,RUE EUGENE TENOT,48618,0,4,VC,0,1,1,,,2,1,,,,1,2,0,0,0,1
1,7,2,2,3,33,FRANCE,AQUITAINE,281,33281,MERIGNAC,AVENUE ARISTIDE BRIAND,48620,0,4,VC,0,2,2,,,2,1,,,,1,10,0,0,1,0
5,7,1,1,1,33,FRANCE,AQUITAINE,281,33281,MERIGNAC,AVENUE DU MARECHAL JUIN,48621,0,4,VC,0,2,2,,,2,1,,,,1,7,0,0,1,0
5,7,1,1,3,33,FRANCE,AQUITAINE,281,33281,MERIGNAC,RUE DE CHARLIN,48626,0,4,VC,0,4,1,,,0,1,,,,1,7,0,0,1,0
2,8,1,1,3,33,FRANCE,AQUITAINE,063,33063,BORDEAUX,AVENUE MAL DE LATTRE TASSIGNY CAUD,48638,0,4,VC,0,2,3,,,2,1,,,,1,38,0,0,1,0
1,8,1,1,3,33,FRANCE,AQUITAINE,063,33063,BORDEAUX,COURS DE LA SOMME,48640,0,4,VC,0,2,2,,,0,1,,,,1,7,0,0,1,0
1,8,1,1,3,33,FRANCE,AQUITAINE,063,33063,BORDEAUX,COURS DE LA SOMME,48641,0,4,VC,0,2,2,,,0,1,,,,1,7,0,0,1,0
1,7,1,1,3,33,FRANCE,AQUITAINE,281,33281,MERIGNAC,RUE RIAUD,48644,0,4,VC,0,2,2,,,0,1,,,,1,7,0,0,1,0
1,8,2,1,3,33,FRANCE,AQUITAINE,063,33063,BORDEAUX,RUE MERY,48646,0,4,VC,0,1,1,,,0,1,,,,1,7,0,0,1,0
5,8,1,1,6,33,FRANCE,AQUITAINE,063,33063,BORDEAUX,PONT DE PIERRE,48701,2,4,VC,0,3,2,,,1,5,,,,1,,0,0,1,0
2,8,3,1,3,33,FRANCE,AQUITAINE,063,33063,BORDEAUX,RUE LEO SAIGNAT,48710,0,4,VC,0,2,2,,,0,1,,,,1,7,0,0,1,0
5,8,2,1,3,33,FRANCE,AQUITAINE,063,33063,BORDEAUX,BOULEVARD GEORGES POMPIDOU,48741,0,4,VC,0,3,4,,,3,1,,,,1,7,0,0,1,0
1,6,1,1,3,33,FRANCE,AQUITAINE,192,33192,GRADIGNAN,COURS DU GENERAL DE GAULLE,48752,0,4,VC,0,2,2,,,1,1,,,,1,7,0,0,1,0
1,6,2,5,3,33,FRANCE,AQUITAINE,192,33192,GRADIGNAN,ROUTE DE LEOGNAN,48759,0,4,VC,0,2,2,,,0,1,,,,1,7,0,0,1,0
2,7,2,2,1,33,FRANCE,AQUITAINE,318,33318,PESSAC,RUE ANDRE PUJOL,48760,0,4,VC,0,2,2,,,0,1,,,,1,7,0,0,1,0
2,7,6,1,3,33,FRANCE,AQUITAINE,318,33318,PESSAC,ALLEE MAINE DE BIRAN,48772,0,4,VC,0,2,2,,,0,1,,,,1,7,0,0,1,0
2,8,1,2,6,33,FRANCE,AQUITAINE,063,33063,BORDEAUX,RUE JUDAIQUE,48830,0,4,VC,0,1,1,,,1,1,,,,1,7,0,0,1,0
1,6,6,1,3,33,FRANCE,AQUITAINE,192,33192,GRADIGNAN,RUE NAUDET,48850,0,4,VC,0,2,2,,,0,1,,,,1,7,0,0,1,0
1,7,3,1,3,33,FRANCE,AQUITAINE,281,33281,MERIGNAC,AVENUE DE L'EUROPE,48851,0,4,VC,0,2,2,,,0,1,,,,1,7,0,0,1,0
2,6,2,2,3,33,FRANCE,AQUITAINE,522,33522,TALENCE,COURS DE LA LIBERATION,48861,0,5,Hors_reseau,0,1,1,,,0,1,,,,1,7,0,0,1,0
1,8,1,1,3,33,FRANCE,AQUITAINE,063,33063,BORDEAUX,BOULEVARD ALFRED DANEY,48911,0,4,VC,0,3,2,,,2,1,,,,1,7,0,0,1,0
5,8,2,1,6,33,FRANCE,AQUITAINE,063,33063,BORDEAUX,RUE SAINT ETIENNE,48923,0,4,VC,0,1,1,,,0,1,,,,1,7,0,0,1,0
5,7,6,1,1,33,FRANCE,AQUITAINE,318,33318,PESSAC,AVENUE DU DOCTEUR ALBERT SCHWEITZER,48926,0,4,VC,0,1,2,,,0,1,,,,1,7,0,0,1,0
1,8,1,2,3,33,FRANCE,AQUITAINE,063,33063,BORDEAUX,COURS DU MARECHAL GALLIENI,48940,0,4,VC,0,2,2,,,0,1,,,,1,7,0,0,1,0
1,5,6,2,3,33,FRANCE,AQUITAINE,009,33009,ARCACHON,BOULEVARD MESTREZAT,48974,0,4,VC,0,1,1,,,0,1,,,,1,7,0,0,1,0
1,8,4,1,3,33,FRANCE,AQUITAINE,063,33063,BORDEAUX,RUE LAPORTE CAUD,48986,0,4,VC,0,1,1,,,0,1,,,,1,7,0,0,1,0
1,8,2,1,3,33,FRANCE,AQUITAINE,063,33063,BORDEAUX,RUE DE LA BENAUGE,49004,0,4,VC,0,2,2,,,0,1,,,,1,7,0,0,1,0
1,8,2,1,3,33,FRANCE,AQUITAINE,063,33063,BORDEAUX,COURS DE LA MARNE,49016,0,4,VC,0,2,2,,,0,1,,,,1,7,0,0,1,0
1,8,1,2,3,33,FRANCE,AQUITAINE,063,33063,BORDEAUX,RUE GASTON MARCHOU,49021,0,4,VC,0,2,2,,,0,1,,,,1,7,0,0,1,0
1,6,2,1,3,33,FRANCE,AQUITAINE,522,33522,TALENCE,RUE PACARIS,49041,0,4,VC,0,2,4,,,0,1,,,,1,7,0,0,1,0
1,1,9,1,3,33,FRANCE,AQUITAINE,529,33529,TESTE-DE-BUCH (LA),BONNEVAL RN 250,49071,0,2,RN,0,2,3,41,850,0,5,,,,1,10,0,0,1,0
1,6,2,1,3,33,FRANCE,AQUITAINE,522,33522,TALENCE,COURS GAMBETTA,49077,4,4,VC,0,3,2,,,0,1,,,,1,7,0,0,1,0
1,8,1,1,2,33,FRANCE,AQUITAINE,063,33063,BORDEAUX,PLACE MARTYRS DE LA RESISTANCE,49083,0,4,VC,0,2,2,,,0,1,,,,1,7,0,0,1,0
1,6,9,2,3,33,FRANCE,AQUITAINE,522,33522,TALENCE,AVENUE DES FACULTES,49091,0,4,VC,0,2,2,,,1,5,,,,1,40,0,0,1,0
1,6,2,1,3,33,FRANCE,AQUITAINE,069,33069,BOUSCAT (LE),RUE RAYMOND POINCARE,49093,0,4,VC,0,2,2,,,1,1,,,,1,7,0,0,1,0
1,6,1,1,3,33,FRANCE,AQUITAINE,522,33522,TALENCE,COURS DE LA LIBERATION,49105,0,4,VC,0,2,1,,,0,1,,,,1,7,0,0,1,0
1,6,3,1,5,33,FRANCE,AQUITAINE,522,33522,TALENCE,COURS DE LA LIBERATION,49114,0,4,VC,0,3,4,,,1,1,,,,1,7,0,0,1,0
1,6,1,1,3,33,FRANCE,AQUITAINE,522,33522,TALENCE,COURS MARECHAL GALLIENI,49131,0,4,VC,0,2,2,,,0,1,,,,1,7,0,0,1,0
1,5,1,1,1,33,FRANCE,AQUITAINE,138,33138,COUTRAS,RD 674,49147,0,3,RD,674,2,2,0,0,0,1,4504000,-13000,,1,7,0,0,1,0
5,8,2,1,2,33,FRANCE,AQUITAINE,063,33063,BORDEAUX,RUE DE LA PORTE DIJEAUX,49171,0,4,VC,0,1,1,,,0,1,,,,1,2,0,0,1,0
1,8,3,3,3,33,FRANCE,AQUITAINE,063,33063,BORDEAUX,RUE ESPRIT-DES-LOIS,49173,0,4,VC,0,1,3,,,1,1,,,,1,7,0,0,1,0
1,8,1,2,6,33,FRANCE,AQUITAINE,063,33063,BORDEAUX,RUE MARECHAL JOFFRE,49181,0,4,VC,0,2,2,,,0,1,,,,1,,0,0,0,1
1,8,1,1,3,33,FRANCE,AQUITAINE,063,33063,BORDEAUX,AVENUE DU GENERAL LECLERC CAUD,49186,0,4,VC,0,2,2,,,2,1,,,,1,7,0,0,1,0
2,6,2,2,1,33,FRANCE,AQUITAINE,249,33249,LORMONT,RUE JEAN ZAY,49187,0,4,VC,0,2,2,,,0,1,,,,1,7,0,0,1,0
1,8,7,1,3,33,FRANCE,AQUITAINE,063,33063,BORDEAUX,PONT DE PIERRE,49196,2,4,VC,0,3,2,,,1,1,,,,1,7,0,0,1,0
1,8,2,1,3,33,FRANCE,AQUITAINE,063,33063,BORDEAUX,RUE RICHELIEU CAUD,49204,0,4,VC,0,1,1,,,2,1,,,,1,7,0,0,1,0
1,8,1,1,3,33,FRANCE,AQUITAINE,063,33063,BORDEAUX,RUE DOC CHARLES NANCEL PENARD,49206,0,4,VC,0,2,2,,,3,1,,,,1,7,0,0,1,0
1,6,1,1,6,33,FRANCE,AQUITAINE,522,33522,TALENCE,COURS MARECHAL GALLIENI,49207,0,4,VC,0,2,2,,,0,1,,,,1,,0,0,0,1
1,8,1,1,6,33,FRANCE,AQUITAINE,063,33063,BORDEAUX,RUE SAINTE- CATHERINE,49209,6,4,VC,0,1,1,,,0,1,,,,1,,,,,
5,6,9,3,3,33,FRANCE,AQUITAINE,522,33522,TALENCE,COURS DE LA LIBERATION,49211,0,4,VC,0,3,5,,,1,1,,,,1,7,0,0,1,0
1,5,1,1,3,33,FRANCE,AQUITAINE,009,33009,ARCACHON,BOULEVARD DU MAL LECLERC ,49248,0,4,VC,0,2,3,,,0,5,,,,1,7,0,0,1,0
1,8,2,1,1,33,FRANCE,AQUITAINE,063,33063,BORDEAUX,RUE FRANCOIS DE SOURDIS,49252,0,4,VC,0,2,2,,,0,1,,,,1,10,0,0,1,0
1,8,1,1,2,33,FRANCE,AQUITAINE,063,33063,BORDEAUX,COURS DE LA SOMME,49256,0,4,VC,0,2,2,,,0,1,,,,1,7,0,0,1,0
1,8,2,1,3,33,FRANCE,AQUITAINE,063,33063,BORDEAUX,BOULEVARD GEORGES POMPIDOU,49265,0,4,VC,0,2,5,,,1,1,,,,1,7,0,0,1,0
2,8,6,2,3,33,FRANCE,AQUITAINE,063,33063,BORDEAUX,PONT DU GUIT,49276,0,4,VC,0,2,2,,,0,1,,,,1,7,0,0,1,0
1,8,2,1,3,33,FRANCE,AQUITAINE,063,33063,BORDEAUX,AVENUE MAL DE LATTRE TASSIGNY CAUD,49277,0,4,VC,0,2,3,,,2,1,,,,1,7,0,0,1,0
1,8,1,1,6,33,FRANCE,AQUITAINE,063,33063,BORDEAUX,COURS DE LA MARNE,49282,0,4,VC,0,2,3,,,0,1,,,,1,,,,,
1,5,3,1,3,33,FRANCE,AQUITAINE,167,33167,FLOIRAC,RUE LEO LAGRANGE,49297,0,4,VC,0,2,2,,,0,1,,,,1,7,0,0,1,0
5,8,1,8,3,33,FRANCE,AQUITAINE,063,33063,BORDEAUX,COURS DE L'YSER,49301,0,4,VC,0,2,2,,,2,1,,,,1,10,0,0,1,0
1,6,2,1,3,33,FRANCE,AQUITAINE,192,33192,GRADIGNAN,COURS DU GENERAL DE GAULLE,49303,0,2,RN,0,3,3,,,2,1,,,,1,7,0,0,1,0
1,1,1,1,3,33,FRANCE,AQUITAINE,063,33063,BORDEAUX,RUE PIERRE TREBOD,49311,0,6,Parking,0,2,2,,,0,1,,,,1,7,0,0,1,0
1,6,1,1,3,33,FRANCE,AQUITAINE,069,33069,BOUSCAT (LE),AVENUE DE LA LIBERATION CHARLES DE GAULLE,49312,0,4,VC,0,2,2,,,0,1,,,,1,7,0,0,1,0
5,8,1,1,2,33,FRANCE,AQUITAINE,063,33063,BORDEAUX,QUAI DE LA SOUYS,49317,0,4,VC,0,2,2,,,0,1,,,,1,7,0,0,1,0
1,8,2,1,3,33,FRANCE,AQUITAINE,063,33063,BORDEAUX,RUE COMMANDANT ARNOULD,49319,0,4,VC,0,2,2,,,0,1,,,,1,7,0,0,1,0
1,8,6,1,3,33,FRANCE,AQUITAINE,063,33063,BORDEAUX,PONT EN U,49320,0,4,VC,0,2,2,,,0,1,,,,1,7,0,0,1,0
1,7,3,1,3,33,FRANCE,AQUITAINE,281,33281,MERIGNAC,AVENUE DE MAGUDAS,49324,0,4,VC,0,2,2,,,2,5,,,,1,7,0,0,1,0
1,6,4,3,3,33,FRANCE,AQUITAINE,069,33069,BOUSCAT (LE),AVENUE DE LA LIBERATION CHARLES DE GAULLE,49329,0,4,VC,0,2,3,,,0,1,,,,1,7,0,0,1,0
1,8,1,1,3,33,FRANCE,AQUITAINE,063,33063,BORDEAUX,AVENUE DE NONTRASTE,49386,0,6,Parking,0,1,1,,,0,1,,,,1,7,0,0,1,0
1,7,3,1,3,33,FRANCE,AQUITAINE,281,33281,MERIGNAC,AVENUE DE LOGNAC,49388,0,4,VC,0,2,1,,,0,1,,,,1,2,0,0,1,0
5,8,1,8,6,33,FRANCE,AQUITAINE,063,33063,BORDEAUX,QUAI DES CHARTRONS,49390,0,4,VC,0,2,2,,,0,1,,,,1,,0,0,0,1
1,8,1,1,1,33,FRANCE,AQUITAINE,063,33063,BORDEAUX,COURS VICTOR HUGO,49393,0,4,VC,0,2,2,,,0,1,,,,1,,0,0,0,1
1,8,1,1,2,33,FRANCE,AQUITAINE,063,33063,BORDEAUX,RUE GENERAL DE LARMINAT,49395,0,4,VC,0,3,5,,,2,1,,,,1,37,0,0,1,0
1,7,2,1,3,33,FRANCE,AQUITAINE,281,33281,MERIGNAC,AVENUE DU TRUC,49403,0,4,VC,0,2,2,,,0,1,,,,1,7,0,0,1,0
5,8,1,1,1,33,FRANCE,AQUITAINE,063,33063,BORDEAUX,COURS DE L'YSER,49407,0,4,VC,0,2,2,,,1,1,,,,1,10,0,0,1,0
1,8,1,3,3,33,FRANCE,AQUITAINE,063,33063,BORDEAUX,ALLEE DE BRISTOL,49408,0,4,VC,0,1,2,,,2,1,,,,1,7,0,0,1,0
1,8,1,1,3,33,FRANCE,AQUITAINE,063,33063,BORDEAUX,BOULEVARD MARECHAL LECLERC,49418,0,4,VC,0,3,2,,,0,1,,,,1,10,0,0,1,0
1,7,1,1,6,33,FRANCE,AQUITAINE,281,33281,MERIGNAC,RUE FUSTEL DE COULANGES,49421,0,4,VC,0,1,1,,,0,1,,,,1,,,,,
1,1,1,1,1,33,FRANCE,AQUITAINE,063,33063,BORDEAUX,Autoroute 630,49437,2,1,Autoroute,630,1,1,4,600,1,5,,,,1,30,0,0,1,0
1,5,1,2,3,33,FRANCE,AQUITAINE,009,33009,ARCACHON,BOULEVARD DEGANNE ,49447,0,4,VC,0,3,2,,,0,1,,,,1,7,0,0,1,0
2,6,6,1,3,33,FRANCE,AQUITAINE,529,33529,TESTE-DE-BUCH (LA),RUE JEAN DE GRAILLY ,49448,5,4,VC,0,1,1,,,0,1,,,,1,7,0,0,1,0
1,8,1,1,3,33,FRANCE,AQUITAINE,063,33063,BORDEAUX,AVENUE DE NONTRASTE,49450,0,4,VC,0,1,1,,,0,1,,,,1,7,0,0,1,0
1,7,1,1,2,33,FRANCE,AQUITAINE,281,33281,MERIGNAC,AVENUE DE LA LIBERATION ,49453,0,4,VC,0,2,3,,,2,1,,,,1,7,0,0,1,0
1,7,3,1,3,33,FRANCE,AQUITAINE,281,33281,MERIGNAC,AVENUE DE MAGUDAS,49459,0,4,VC,0,2,2,,,2,5,,,,1,7,0,0,1,0
1,8,1,1,3,33,FRANCE,AQUITAINE,063,33063,BORDEAUX,QUAI DES CHARTRONS,49478,0,4,VC,0,2,2,,,0,1,,,,1,40,0,0,1,0
1,8,1,1,7,33,FRANCE,AQUITAINE,063,33063,BORDEAUX,AVENUE DU GENERAL LECLERC CAUD,49485,0,4,VC,0,2,2,,,0,1,,,,1,7,0,0,1,0
1,5,1,1,1,33,FRANCE,AQUITAINE,227,33227,LANGON,RD 524,49524,5,3,RD,524,2,0,0,0,0,1,4455900,-24400,,1,7,0,0,1,0
5,8,2,1,4,33,FRANCE,AQUITAINE,063,33063,BORDEAUX,COURS PORTAL,49530,0,4,VC,0,2,3,,,0,1,,,,1,7,0,0,1,0
1,8,2,1,3,33,FRANCE,AQUITAINE,063,33063,BORDEAUX,RUE JUDAIQUE,49533,0,4,VC,0,1,1,,,2,1,,,,1,7,0,0,1,0
1,6,1,1,2,33,FRANCE,AQUITAINE,039,33039,BEGLES,COURS VICTOR HUGO,49553,0,4,VC,0,3,2,,,0,1,,,,1,7,0,0,1,0
1,8,1,1,3,33,FRANCE,AQUITAINE,063,33063,BORDEAUX,RUE LUCIEN FAURE,49558,0,4,VC,0,3,4,,,0,1,,,,1,7,0,0,1,0
1,8,7,1,3,33,FRANCE,AQUITAINE,063,33063,BORDEAUX,PLACE DE CAMPEYRAUT,49565,0,4,VC,0,3,2,,,0,1,,,,1,7,0,0,1,0
1,8,1,1,6,33,FRANCE,AQUITAINE,063,33063,BORDEAUX,RUE DES REMPARTS,49570,6,4,VC,0,0,1,,,3,1,,,,1,,0,0,0,1
1,8,2,1,3,33,FRANCE,AQUITAINE,063,33063,BORDEAUX,RUE CAPDEVILLE,49572,0,4,VC,0,2,3,,,0,1,,,,1,7,0,0,1,0
1,8,1,1,3,33,FRANCE,AQUITAINE,063,33063,BORDEAUX,AVENUE EMILE COUNORD,49587,4,4,VC,0,1,1,,,3,1,,,,1,7,0,0,1,0
1,7,1,1,3,33,FRANCE,AQUITAINE,281,33281,MERIGNAC,COURS D'ORNANO,49596,0,4,VC,0,1,1,,,0,1,,,,1,7,0,0,1,0
5,6,1,1,1,33,FRANCE,AQUITAINE,119,33119,CENON,COURS DE VERDUN,49598,0,4,VC,0,1,3,,,0,1,,,,1,7,0,0,1,0
5,8,6,2,3,33,FRANCE,AQUITAINE,063,33063,BORDEAUX,AVENUE DE VERDUN CAUD,49604,0,4,VC,0,2,2,,,0,1,,,,1,7,0,0,1,0
1,8,2,1,3,33,FRANCE,AQUITAINE,063,33063,BORDEAUX,PRK AUCHAN,49609,0,6,Parking,0,2,2,,,0,1,,,,1,7,0,0,1,0
1,6,3,2,2,33,FRANCE,AQUITAINE,529,33529,TESTE-DE-BUCH (LA),AVENUE SAINT EXUPERY,49639,0,4,VC,0,2,2,,,0,1,,,,1,10,0,0,1,0
1,8,2,1,6,33,FRANCE,AQUITAINE,063,33063,BORDEAUX,COURS MARECHAL JUIN,49643,0,4,VC,0,2,4,,,0,1,,,,1,,0,0,0,1
1,8,1,1,3,33,FRANCE,AQUITAINE,063,33063,BORDEAUX,RUE EDMOND MICHELET,49645,0,4,VC,0,1,3,,,0,1,,,,1,10,0,0,1,0
5,6,1,1,3,33,FRANCE,AQUITAINE,069,33069,BOUSCAT (LE),AVENUE PRESIDENT ROBERT SCHUMAN,49656,0,4,VC,0,2,2,,,0,1,,,,1,7,0,0,1,0
5,8,6,1,3,33,FRANCE,AQUITAINE,063,33063,BORDEAUX,RUE CHARLES DOMERCQ,49663,0,4,VC,0,2,2,,,0,1,,,,1,7,0,0,1,0
1,8,2,1,3,33,FRANCE,AQUITAINE,063,33063,BORDEAUX,RUE LEBERTHON,49664,0,4,VC,0,1,1,,,0,1,,,,1,7,0,0,1,0
1,8,2,1,3,33,FRANCE,AQUITAINE,063,33063,BORDEAUX,RUE TANESSE,49669,0,4,VC,0,1,1,,,0,1,,,,1,31,0,0,0,1
1,8,7,1,2,33,FRANCE,AQUITAINE,063,33063,BORDEAUX,PLACE RAVESIES,49677,0,4,VC,0,1,2,,,3,1,,,,1,7,0,0,1,0
1,8,3,1,3,33,FRANCE,AQUITAINE,063,33063,BORDEAUX,QUAI DE LA MONNAIE,49682,0,4,VC,0,1,1,,,0,1,,,,1,7,0,0,1,0
1,6,1,1,1,33,FRANCE,AQUITAINE,522,33522,TALENCE,COURS DE LA LIBERATION,49701,0,9,Autre,0,1,1,,,1,1,,,,1,,0,0,1,0
5,8,1,1,3,33,FRANCE,AQUITAINE,063,33063,BORDEAUX,BOULEVARD MARECHAL LECLERC,49708,0,4,VC,0,3,4,,,2,1,,,,1,10,0,0,1,0
1,8,2,1,2,33,FRANCE,AQUITAINE,063,33063,BORDEAUX,RUE MARCEAU ,49710,0,4,VC,0,1,1,,,0,1,,,,1,7,0,0,1,0