lum,agg,int,atm,col,dep_bis,pays,region,com_bis,com_codeINSEE,communes,N_voie,numac,infra,catr,type_route,voie,circ,nbv,pr,pr1,vosp,situ,lat,long,adr,accident_velo,vehicule_imp,cycl_mort,cycl_bgv,cycl_blg,cycl_indm
5,6,2,1,3,33,FRANCE,AQUITAINE,039,33039,BEGLES,ROUTE DE TOULOUSE,49717,0,4,VC,0,2,2,,,0,1,,,,1,33,0,0,1,0
1,1,1,1,3,33,FRANCE,AQUITAINE,529,33529,TESTE-DE-BUCH (LA),BONNEVAL RN 250,49754,0,2,RN,0,3,4,,,0,1,,,,1,7,0,0,1,0
1,8,2,1,3,33,FRANCE,AQUITAINE,063,33063,BORDEAUX,RUE DU CARDINAL LAVIGERIE,49774,0,4,VC,0,1,1,,,0,1,,,,1,7,0,0,1,0
5,8,1,1,3,33,FRANCE,AQUITAINE,063,33063,BORDEAUX,COURS DE LA MARNE,49776,0,4,VC,0,2,2,,,0,1,,,,1,7,0,0,1,0
1,8,2,1,3,33,FRANCE,AQUITAINE,063,33063,BORDEAUX,AVENUE LOUIS BARTHOU CAUD,49797,0,4,VC,0,2,2,,,0,1,,,,1,7,0,0,1,0
5,8,1,2,3,33,FRANCE,AQUITAINE,063,33063,BORDEAUX,RUE DES TREUILS,49800,0,4,VC,0,1,1,,,1,1,,,,1,7,0,0,1,0
1,8,3,1,3,33,FRANCE,AQUITAINE,063,33063,BORDEAUX,RUE DE PESSAC,49803,0,4,VC,0,2,2,,,0,1,,,,1,7,0,0,1,0
5,8,7,1,3,33,FRANCE,AQUITAINE,063,33063,BORDEAUX,PLACE TOURNY,49812,0,4,VC,0,1,4,,,0,1,,,,1,33,0,0,1,0
1,6,1,1,3,33,FRANCE,AQUITAINE,522,33522,TALENCE,AVENUE DE THOUARS,49821,0,4,VC,0,2,1,,,1,1,,,,1,3,0,0,1,0
1,7,6,1,3,33,FRANCE,AQUITAINE,318,33318,PESSAC,AVENUE DES ARTS,49826,0,4,VC,0,2,2,,,0,1,,,,1,7,0,0,1,0
1,8,3,2,3,33,FRANCE,AQUITAINE,063,33063,BORDEAUX,RUE D'ARTIGUEMALE,49857,0,4,VC,0,1,2,,,0,1,,,,1,7,0,0,1,0
1,8,1,2,2,33,FRANCE,AQUITAINE,063,33063,BORDEAUX,RUE DES FRERES BONIE,49863,4,4,VC,0,1,1,,,1,1,,,,1,10,0,0,1,0
1,7,1,8,3,33,FRANCE,AQUITAINE,318,33318,PESSAC,AVENUE DE NOES,49875,0,4,VC,0,2,2,,,1,1,,,,1,7,0,0,1,0
1,7,2,1,3,33,FRANCE,AQUITAINE,318,33318,PESSAC,RUE DE LA PRINCESSE,49882,0,4,VC,0,4,2,,,0,1,,,,1,7,0,0,1,0
2,6,3,1,3,33,FRANCE,AQUITAINE,550,33550,VILLENAVE-D'ORNON,AVENUE EDOUARD BOURLEAUD,49883,0,4,VC,0,2,2,,,0,1,,,,1,7,0,0,1,0
5,8,8,1,3,33,FRANCE,AQUITAINE,063,33063,BORDEAUX,COURS DE L'ARGONNE,49886,4,4,VC,0,3,2,,,2,1,,,,1,7,0,0,1,0
1,8,2,1,3,33,FRANCE,AQUITAINE,063,33063,BORDEAUX,PLACE LOUIS BARTHOU,49898,4,4,VC,0,2,2,,,3,1,,,,1,7,0,0,1,0
1,8,2,1,3,33,FRANCE,AQUITAINE,063,33063,BORDEAUX,QUAI DES CHARTRONS,49900,0,4,VC,0,3,6,,,0,1,,,,1,7,0,0,1,0
1,7,2,1,3,33,FRANCE,AQUITAINE,281,33281,MERIGNAC,RUE DES JACINTHES,49903,0,4,VC,0,2,2,,,0,1,,,,1,33,0,0,1,0
5,6,2,1,3,33,FRANCE,AQUITAINE,522,33522,TALENCE,BOULEVARD GEORGE V,49910,1,4,VC,0,3,3,,,0,1,,,,1,7,0,0,1,0
5,7,3,1,1,33,FRANCE,AQUITAINE,281,33281,MERIGNAC,RUE DU JARD,49918,0,4,VC,0,2,2,,,0,1,,,,1,7,0,0,1,0
1,8,2,1,7,33,FRANCE,AQUITAINE,063,33063,BORDEAUX,RUE FRANCOIS MARCEAU CAUD,49955,0,4,VC,0,1,1,,,0,1,,,,1,7,0,0,1,0
1,8,2,1,3,33,FRANCE,AQUITAINE,063,33063,BORDEAUX,RUE DE TIVOLI,49962,0,4,VC,0,2,2,,,0,1,,,,1,10,0,0,1,0
5,7,1,1,7,33,FRANCE,AQUITAINE,281,33281,MERIGNAC,AVENUE ARISTIDE BRIAND,49966,0,4,VC,0,2,2,,,2,1,,,,1,7,0,0,1,0
1,7,6,1,3,33,FRANCE,AQUITAINE,318,33318,PESSAC,AVENUE ROBERT CLAVE,49982,0,4,VC,0,2,2,,,1,1,,,,1,7,0,0,1,0
1,8,3,1,3,33,FRANCE,AQUITAINE,063,33063,BORDEAUX,RUE HENRI RODEL,49985,0,4,VC,0,1,1,,,0,1,,,,1,7,0,0,1,0
1,1,1,1,1,33,FRANCE,AQUITAINE,122,33122,CESTAS,RD 214,50021,0,3,RD,214,2,2,0,200,0,1,0,0,,1,14,0,0,1,0
1,8,1,1,3,33,FRANCE,AQUITAINE,063,33063,BORDEAUX,BOULEVARD MARECHAL LECLERC,50028,0,4,VC,0,3,2,,,0,1,,,,1,7,0,0,1,0
1,8,1,1,3,33,FRANCE,AQUITAINE,063,33063,BORDEAUX,AVENUE THIERS,50032,0,4,VC,0,2,2,,,0,1,,,,1,30,0,0,1,0
5,6,3,1,3,33,FRANCE,AQUITAINE,522,33522,TALENCE,RUE DE LA REPUBLIQUE ,50040,0,4,VC,0,1,1,,,0,1,,,,1,7,0,0,1,0
1,8,3,1,3,33,FRANCE,AQUITAINE,063,33063,BORDEAUX,RUE LACLOTTE,50041,0,4,VC,0,1,1,,,0,1,,,,1,7,0,0,1,0
1,8,2,1,3,33,FRANCE,AQUITAINE,063,33063,BORDEAUX,RUE ELISEE RECLUS,50043,0,4,VC,0,1,1,,,0,1,,,,1,7,0,0,1,0
1,7,3,1,3,33,FRANCE,AQUITAINE,318,33318,PESSAC,AVENUE DE CANEJAN,50058,0,4,VC,0,2,3,,,0,1,,,,1,7,0,0,1,0
1,6,1,1,3,33,FRANCE,AQUITAINE,069,33069,BOUSCAT (LE),AVENUE DU GENERAL LECLERC,50062,1,4,VC,0,2,2,,,0,1,,,,1,7,0,0,1,0
5,6,1,1,3,33,FRANCE,AQUITAINE,522,33522,TALENCE,COURS GAMBETTA,50068,4,4,VC,0,3,2,,,3,1,,,,1,40,0,0,1,0
1,8,1,1,6,33,FRANCE,AQUITAINE,063,33063,BORDEAUX,COURS VICTOR HUGO,50072,0,4,VC,0,0,0,,,0,4,,,,1,,0,0,0,1
1,8,1,1,3,33,FRANCE,AQUITAINE,063,33063,BORDEAUX,COURS DE LA SOMME,50074,0,4,VC,0,2,2,,,0,1,,,,1,7,0,0,1,0
5,8,5,2,3,33,FRANCE,AQUITAINE,063,33063,BORDEAUX,RUE LAGRANGE,50077,0,4,VC,0,1,0,,,0,1,,,,1,7,0,0,1,0
1,5,3,1,3,33,FRANCE,AQUITAINE,075,33075,BRUGES,RUE PASTEUR,50079,0,4,VC,0,2,2,,,0,1,,,,1,7,0,0,1,0
1,6,3,1,3,33,FRANCE,AQUITAINE,522,33522,TALENCE,RUE CLEMENT THOMAS,50084,0,4,VC,0,1,1,,,0,1,,,,1,7,0,0,1,0
5,8,1,2,3,33,FRANCE,AQUITAINE,063,33063,BORDEAUX,RUE FONDAUDEGE,50114,0,4,VC,0,1,2,,,2,1,,,,1,7,0,0,1,0
1,7,3,1,3,33,FRANCE,AQUITAINE,281,33281,MERIGNAC,AVENUE FRANCOIS MITTERRAND,50121,0,4,VC,0,2,2,,,2,1,,,,1,10,0,0,1,0
1,8,2,2,3,33,FRANCE,AQUITAINE,063,33063,BORDEAUX,RUE DE SAINT GENES,50125,0,4,VC,0,1,1,,,0,1,,,,1,7,0,0,1,0
1,7,6,1,3,33,FRANCE,AQUITAINE,281,33281,MERIGNAC,AVENUE DU MARECHAL LECLERC,50147,5,4,VC,0,2,2,,,0,1,,,,1,7,0,0,1,0
1,6,1,1,6,33,FRANCE,AQUITAINE,550,33550,VILLENAVE-D'ORNON,AVENUE DES PYRENEES,50154,0,2,RN,0,3,2,,,0,1,,,,1,,0,0,1,0
1,8,1,1,3,33,FRANCE,AQUITAINE,063,33063,BORDEAUX,RUE PERE DIEUZAIDE,50161,0,4,VC,0,2,2,,,0,1,,,,1,20,0,0,1,0
5,7,2,1,3,33,FRANCE,AQUITAINE,281,33281,MERIGNAC,AVENUE DU MARECHAL JOFFRE,50163,0,4,VC,0,2,2,,,0,1,,,,1,7,0,0,1,0
1,8,2,1,3,33,FRANCE,AQUITAINE,063,33063,BORDEAUX,COURS SAINT LOUIS,50211,0,4,VC,0,1,2,,,2,1,,,,1,7,0,0,1,0
1,8,3,1,3,33,FRANCE,AQUITAINE,063,33063,BORDEAUX,RUE PRUNIER,50229,0,4,VC,0,1,1,,,0,1,,,,1,10,0,0,1,0
1,6,3,9,3,33,FRANCE,AQUITAINE,069,33069,BOUSCAT (LE),RUE DU PRESIDENT KENNEDY,50234,0,4,VC,0,0,2,,,0,0,,,,1,7,0,0,1,0
1,5,3,1,3,33,FRANCE,AQUITAINE,075,33075,BRUGES,RUE DES ECOLES,50235,0,4,VC,0,2,2,,,0,1,,,,1,2,0,0,1,0
1,7,5,1,3,33,FRANCE,AQUITAINE,318,33318,PESSAC,AVENUE DE BARDANAC,50238,0,4,VC,0,2,2,,,0,1,,,,1,7,0,0,1,0
1,6,3,1,3,33,FRANCE,AQUITAINE,550,33550,VILLENAVE-D'ORNON,RUE VICTOR HUGO,50245,0,4,VC,0,2,2,,,0,1,,,,1,7,0,0,1,0
1,8,1,1,3,33,FRANCE,AQUITAINE,063,33063,BORDEAUX,QUAI DE LA DOUANE,50248,4,4,VC,0,3,5,,,0,1,,,,1,40,0,0,1,0
1,5,1,1,2,33,FRANCE,AQUITAINE,009,33009,ARCACHON,ALLEE DES ARBOUSIERS,50273,0,4,VC,0,2,2,,,0,1,,,,1,7,0,0,1,0
1,8,1,1,3,33,FRANCE,AQUITAINE,063,33063,BORDEAUX,AVENUE MAL DE LATTRE TASSIGNY CAUD,50297,0,4,VC,0,2,2,,,2,5,,,,1,7,0,0,1,0
1,7,2,1,3,33,FRANCE,AQUITAINE,318,33318,PESSAC,AVENUE JEAN JAURES,50302,0,4,VC,0,3,2,,,0,1,,,,1,7,0,0,1,0
1,8,1,1,6,33,FRANCE,AQUITAINE,063,33063,BORDEAUX,RUE ERNEST RENAN,50305,0,4,VC,0,1,1,,,0,1,,,,1,,0,0,1,0
1,7,3,2,1,33,FRANCE,AQUITAINE,318,33318,PESSAC,RES ANTHEOR,50319,0,4,VC,0,2,2,,,0,5,,,,1,7,0,0,1,0
1,8,7,1,3,33,FRANCE,AQUITAINE,063,33063,BORDEAUX,AVENUE EMILE COUNORD,50325,5,4,VC,0,1,3,,,0,5,,,,1,7,0,0,1,0
1,8,3,1,1,33,FRANCE,AQUITAINE,063,33063,BORDEAUX,COURS BALGUERIE STUTTENBERG,50326,0,4,VC,0,1,1,,,2,5,,,,1,7,0,0,1,0
1,6,3,1,3,33,FRANCE,AQUITAINE,119,33119,CENON,RUE JEAN RAYMOND GUYON,50332,0,4,VC,0,2,2,,,0,1,,,,1,7,0,0,1,0
2,6,1,8,3,33,FRANCE,AQUITAINE,243,33243,LIBOURNE,AVENUE GEORGES CLEMENCEAU,50335,0,4,VC,0,0,2,,,0,1,,,,1,7,0,0,1,0
1,1,6,1,3,33,FRANCE,AQUITAINE,234,33234,LATRESNE,RD 113,50351,5,3,RD,113,3,2,27,0,0,1,4480000,-51000,,1,7,0,0,1,0
1,5,1,1,2,33,FRANCE,AQUITAINE,314,33314,PAUILLAC,VC 1,50355,0,4,VC,1,2,0,0,0,0,1,4520300,-74900,,1,7,0,0,1,0
5,6,1,2,6,33,FRANCE,AQUITAINE,529,33529,TESTE-DE-BUCH (LA),AVENUE DU GENERAL LECLERC,50361,0,4,VC,0,2,2,,,0,1,,,,1,7,0,0,1,0
1,8,1,1,2,33,FRANCE,AQUITAINE,063,33063,BORDEAUX,COURS PORTAL,50367,0,4,VC,0,2,2,,,0,1,,,,1,14,0,0,1,0
1,8,1,1,2,33,FRANCE,AQUITAINE,063,33063,BORDEAUX,RUE DE LA CROIX BLANCHE,50380,0,4,VC,0,2,2,,,0,1,,,,1,7,0,0,1,0
1,8,1,1,3,33,FRANCE,AQUITAINE,063,33063,BORDEAUX,QUAI LOUIS XVIII,50385,0,4,VC,0,3,30,,,0,1,,,,1,7,0,0,1,0
1,8,2,1,3,33,FRANCE,AQUITAINE,063,33063,BORDEAUX,RUE BERTRAND DE GOTH,50395,0,4,VC,0,1,1,,,0,1,,,,1,7,0,0,1,0
2,7,1,1,3,33,FRANCE,AQUITAINE,318,33318,PESSAC,ALLEE ARAGO CAUD,50396,0,4,VC,0,2,1,,,0,1,,,,1,7,0,0,1,0
1,8,6,1,3,33,FRANCE,AQUITAINE,063,33063,BORDEAUX,RUE DUPRE SAINT MAUR,50397,5,4,VC,0,2,2,,,0,1,,,,1,7,0,0,1,0
1,8,1,8,3,33,FRANCE,AQUITAINE,063,33063,BORDEAUX,COURS DE L'YSER,50398,0,4,VC,0,2,2,,,2,1,,,,1,2,0,0,0,1
5,6,1,1,2,33,FRANCE,AQUITAINE,522,33522,TALENCE,COURS GAMBETTA,50420,0,4,VC,0,3,2,,,0,1,,,,1,2,0,0,1,0
1,5,1,1,1,33,FRANCE,AQUITAINE,013,33013,ARTIGUES-PRES-BORDEAUX,Autre 0,50429,0,9,Autre,0,2,2,0,0,0,1,4487100,-49800,,1,7,0,0,1,0
1,6,2,1,3,33,FRANCE,AQUITAINE,529,33529,TESTE-DE-BUCH (LA),AVENUE DE BISSERIE,50436,0,4,VC,0,2,2,,,0,1,,,,1,7,0,0,1,0
1,8,1,1,6,33,FRANCE,AQUITAINE,063,33063,BORDEAUX,RUE DOC CHARLES NANCEL PENARD,50450,0,4,VC,0,2,2,,,0,1,,,,1,,0,0,0,1
1,6,6,1,3,33,FRANCE,AQUITAINE,069,33069,BOUSCAT (LE),PLACE MICHEL MONTAIGNE,50453,0,4,VC,0,1,1,,,0,1,,,,1,7,0,0,1,0
1,8,2,1,3,33,FRANCE,AQUITAINE,063,33063,BORDEAUX,COURS BARBEY,50461,0,4,VC,0,2,2,,,0,1,,,,1,7,0,0,1,0
1,8,1,1,2,33,FRANCE,AQUITAINE,063,33063,BORDEAUX,RUE DE BEGLES,50462,0,4,VC,0,2,2,,,0,1,,,,1,7,0,0,1,0
2,8,2,1,2,33,FRANCE,AQUITAINE,063,33063,BORDEAUX,RUE DE MARSEILLE,50466,0,4,VC,0,2,2,,,0,1,,,,1,7,0,0,1,0
1,8,2,1,3,33,FRANCE,AQUITAINE,063,33063,BORDEAUX,RUE BELCIER,50468,0,4,VC,0,2,2,,,0,1,,,,1,10,0,0,1,0
1,8,1,1,6,33,FRANCE,AQUITAINE,063,33063,BORDEAUX,RUE DES REMPARTS,50471,6,4,VC,0,1,1,,,3,1,,,,1,,0,0,0,1
1,8,3,1,3,33,FRANCE,AQUITAINE,063,33063,BORDEAUX,RUE DUBLAN,50472,0,4,VC,0,1,1,,,0,1,,,,1,30,0,0,1,0
1,8,2,1,3,33,FRANCE,AQUITAINE,063,33063,BORDEAUX,BOULEVARD JULES SIMON,50478,0,4,VC,0,2,2,,,0,1,,,,1,7,0,0,1,0
1,8,1,1,3,33,FRANCE,AQUITAINE,063,33063,BORDEAUX,COURS MARECHAL JUIN,50481,0,4,VC,0,3,5,,,2,5,,,,1,7,0,0,1,0
1,1,1,1,7,33,FRANCE,AQUITAINE,063,33063,BORDEAUX,ROCADE A 630,50517,2,1,Autoroute,630,0,2,4,310,1,1,,,,1,,0,0,1,0
1,8,2,1,3,33,FRANCE,AQUITAINE,063,33063,BORDEAUX,COURS JOURNU AUBER,50542,0,4,VC,0,2,2,,,0,1,,,,1,7,0,0,1,0
1,8,1,1,3,33,FRANCE,AQUITAINE,063,33063,BORDEAUX,ALLEE DE BRISTOL,50543,0,4,VC,0,1,2,,,2,1,,,,1,7,0,0,1,0
1,6,6,1,3,33,FRANCE,AQUITAINE,192,33192,GRADIGNAN,RUE DE BENEDIGUES,50545,5,4,VC,0,2,2,,,0,1,,,,1,7,0,0,1,0
1,8,3,3,3,33,FRANCE,AQUITAINE,063,33063,BORDEAUX,QUAI ARMAND LALANDE,50548,0,4,VC,0,3,2,,,0,1,,,,1,7,0,0,1,0
1,6,3,1,3,33,FRANCE,AQUITAINE,249,33249,LORMONT,ROC ROCADE RIVE DROITE,50550,0,4,VC,0,2,2,,,0,1,,,,1,7,0,0,1,0
1,8,3,1,3,33,FRANCE,AQUITAINE,063,33063,BORDEAUX,AVENUE ALFRED GRIMAL CAUD,50552,0,4,VC,0,2,2,,,0,1,,,,1,31,0,0,1,0
1,8,5,1,3,33,FRANCE,AQUITAINE,063,33063,BORDEAUX,RUE DE BELFORT,50556,0,4,VC,0,1,1,,,0,1,,,,1,7,0,0,1,0
1,8,1,1,3,33,FRANCE,AQUITAINE,063,33063,BORDEAUX,ALLEE HAUSMANN,50601,0,4,VC,0,2,2,,,2,1,,,,1,7,0,0,1,0
1,7,3,1,3,33,FRANCE,AQUITAINE,318,33318,PESSAC,RUE AUGUSTE RENOIR,50604,0,4,VC,0,2,2,,,0,1,,,,1,7,0,0,1,0
1,6,3,1,3,33,FRANCE,AQUITAINE,249,33249,LORMONT,QUAI NUMA SENSINE,50616,0,4,VC,0,2,2,,,0,1,,,,1,7,0,0,1,0
1,7,1,1,7,33,FRANCE,AQUITAINE,281,33281,MERIGNAC,PLACE CHARLES DE GAULLE,50629,0,4,VC,0,3,4,,,0,1,,,,1,7,0,0,1,0
1,5,1,1,3,33,FRANCE,AQUITAINE,167,33167,FLOIRAC,CHEM DES PLATEAUX,50632,0,4,VC,0,2,2,,,0,1,,,,1,7,0,0,1,0
1,6,2,1,3,33,FRANCE,AQUITAINE,550,33550,VILLENAVE-D'ORNON,AVENUE FERNAND COIN,50647,0,4,VC,0,2,20,,,0,1,,,,1,7,0,0,1,0
1,8,1,1,3,33,FRANCE,AQUITAINE,063,33063,BORDEAUX,AVENUE D'EYSINES CAUD,50654,0,4,VC,0,2,2,,,0,1,,,,1,7,0,0,1,0
1,7,2,1,3,33,FRANCE,AQUITAINE,281,33281,MERIGNAC,AVENUE DE L'YSER,50658,0,4,VC,0,3,2,,,2,5,,,,1,7,0,0,1,0
1,6,6,1,3,33,FRANCE,AQUITAINE,069,33069,BOUSCAT (LE),AVENUE JEAN JAURES,50662,5,4,VC,0,2,2,,,0,1,,,,1,7,0,0,1,0
1,7,6,1,3,33,FRANCE,AQUITAINE,318,33318,PESSAC,AVENUE MARC DESBATS,50663,5,4,VC,0,3,2,,,1,1,,,,1,7,0,0,1,0
1,7,1,1,2,33,FRANCE,AQUITAINE,318,33318,PESSAC,AVENUE DE SAIGE,50664,2,4,VC,0,2,2,,,0,1,,,,1,7,0,0,1,0
1,6,2,1,3,33,FRANCE,AQUITAINE,039,33039,BEGLES,RUE PIERRE ET MARIE CURIE,50665,0,4,VC,0,2,2,,,0,1,,,,1,7,0,0,1,0
1,6,2,1,3,33,FRANCE,AQUITAINE,522,33522,TALENCE,RUE LAVOISIER,50667,0,4,VC,0,0,1,,,0,5,,,,1,7,0,0,1,0
2,4,1,1,1,33,FRANCE,AQUITAINE,108,33108,CASTILLON-LA-BATAILLE,RD 936,50693,5,3,RD,936,2,1,0,0,0,1,0,0,,1,7,0,0,1,0
1,8,1,1,3,33,FRANCE,AQUITAINE,063,33063,BORDEAUX,PONT SAINT- JEAN,50719,2,4,VC,0,3,2,,,1,1,,,,1,7,0,0,1,0
1,8,1,1,3,33,FRANCE,AQUITAINE,063,33063,BORDEAUX,COURS DE LA MARNE,50729,0,4,VC,0,3,3,,,0,1,,,,1,7,0,0,1,0
1,8,3,2,3,33,FRANCE,AQUITAINE,063,33063,BORDEAUX,RUE GENERAL DE LARMINAT,50735,4,4,VC,0,3,4,,,2,1,,,,1,7,0,0,1,0
1,8,1,1,3,33,FRANCE,AQUITAINE,063,33063,BORDEAUX,COURS VICTOR HUGO,50745,0,4,VC,0,3,2,,,0,1,,,,1,7,0,0,1,0
5,6,6,1,3,33,FRANCE,AQUITAINE,119,33119,CENON,AVENUE ROGER SCHWOB,50746,0,4,VC,0,1,2,,,0,1,,,,1,7,0,0,1,0
1,6,1,1,3,33,FRANCE,AQUITAINE,192,33192,GRADIGNAN,RUE NAUDET,50748,0,4,VC,0,2,2,,,0,1,,,,1,7,0,0,1,0
1,6,6,1,3,33,FRANCE,AQUITAINE,550,33550,VILLENAVE-D'ORNON,CHEM GASTON,50750,5,3,RD,0,3,2,,,0,1,,,,1,10,0,0,1,0
1,6,1,1,6,33,FRANCE,AQUITAINE,069,33069,BOUSCAT (LE),AVENUE DE LA LIBERATION CHARLES DE GAULLE,50753,0,4,VC,0,2,2,,,3,1,,,,1,7,0,0,1,0
1,8,1,3,3,33,FRANCE,AQUITAINE,063,33063,BORDEAUX,RUE GENERAL DE LARMINAT,50804,4,4,VC,0,2,4,,,2,1,,,,1,32,0,0,1,0
1,8,1,1,6,33,FRANCE,AQUITAINE,063,33063,BORDEAUX,COURS DE LA SOMME,50809,0,4,VC,0,2,2,,,0,1,,,,1,7,0,0,1,0
1,8,1,1,3,33,FRANCE,AQUITAINE,063,33063,BORDEAUX,RUE DE L'ECOLE NORMALE CAUD,50819,0,4,VC,0,1,3,,,3,1,,,,1,32,0,0,1,0
5,6,4,1,3,33,FRANCE,AQUITAINE,039,33039,BEGLES,RUE AMBROISE CROIZAT,50833,0,4,VC,0,3,2,,,0,1,,,,1,10,0,0,1,0
2,8,6,1,3,33,FRANCE,AQUITAINE,063,33063,BORDEAUX,RUE ANTOINE BOURDELLE,50844,0,4,VC,0,2,2,,,0,1,,,,1,7,0,0,1,0
1,8,2,1,3,33,FRANCE,AQUITAINE,063,33063,BORDEAUX,RUE FRANCOIS DE SOURDIS,50864,0,4,VC,0,2,2,,,0,1,,,,1,7,0,0,1,0
5,6,2,5,3,33,FRANCE,AQUITAINE,039,33039,BEGLES,RUE ALBERT THOMAS,50868,0,4,VC,0,3,2,,,0,1,,,,1,7,0,0,1,0
5,5,1,1,3,33,FRANCE,AQUITAINE,013,33013,ARTIGUES-PRES-BORDEAUX,RD 241,50897,0,3,RD,241,2,2,0,0,0,1,0,0,,1,7,0,0,1,0
1,8,3,1,3,33,FRANCE,AQUITAINE,063,33063,BORDEAUX,RUE DES TERRES DE BORDE,50907,0,4,VC,0,1,1,,,0,1,,,,1,7,0,0,1,0
5,7,1,1,3,33,FRANCE,AQUITAINE,281,33281,MERIGNAC,AVENUE HENRI BARBUSSE,50910,0,4,VC,0,2,2,,,2,1,,,,1,7,0,0,1,0
1,8,1,1,3,33,FRANCE,AQUITAINE,063,33063,BORDEAUX,RUE DE BEGLES,50919,0,4,VC,0,2,2,,,0,1,,,,1,7,0,0,1,0
5,6,1,1,1,33,FRANCE,AQUITAINE,550,33550,VILLENAVE-D'ORNON,ROUTE DE LEOGNAN,50942,0,4,VC,0,2,2,,,0,1,,,,1,,0,0,0,1
1,8,3,1,3,33,FRANCE,AQUITAINE,063,33063,BORDEAUX,QUAI LOUIS XVIII,50946,4,4,VC,0,3,8,,,0,1,,,,1,7,0,0,1,0
1,8,2,1,3,33,FRANCE,AQUITAINE,063,33063,BORDEAUX,RUE VILLEDIEU,50947,0,4,VC,0,1,1,,,0,1,,,,1,2,0,0,1,1
1,7,3,1,3,33,FRANCE,AQUITAINE,318,33318,PESSAC,VC 0,51004,0,4,VC,0,2,4,0,0,0,1,,,,1,10,0,0,1,0
1,6,1,1,2,33,FRANCE,AQUITAINE,069,33069,BOUSCAT (LE),VC 0,51020,0,4,VC,0,2,2,0,0,0,1,,,,1,7,0,0,1,0
2,8,2,1,3,33,FRANCE,AQUITAINE,063,33063,BORDEAUX,VC 0,51029,0,4,VC,0,2,3,0,0,2,1,,,,1,17,0,0,1,0
5,8,6,1,3,33,FRANCE,AQUITAINE,063,33063,BORDEAUX,VC 0,51032,0,4,VC,0,2,2,0,0,0,1,,,,1,7,0,0,1,0
2,7,4,2,3,33,FRANCE,AQUITAINE,318,33318,PESSAC,VC 0,51041,0,4,VC,0,2,2,0,0,2,1,,,,1,10,0,0,1,0
1,7,2,1,3,33,FRANCE,AQUITAINE,281,33281,MERIGNAC,VC 0,51045,0,4,VC,0,1,1,0,0,0,1,,,,1,7,0,0,1,0
1,8,1,2,3,33,FRANCE,AQUITAINE,063,33063,BORDEAUX,VC 0,51047,0,4,VC,0,3,4,0,0,0,1,,,,1,7,0,0,1,0
2,6,6,2,6,33,FRANCE,AQUITAINE,522,33522,TALENCE,VC 0,51052,0,4,VC,0,2,2,0,0,0,1,,,,1,7,0,0,1,0
1,8,1,1,6,33,FRANCE,AQUITAINE,063,33063,BORDEAUX,VC 0,51060,0,4,VC,0,2,2,0,0,0,1,,,,1,,0,0,0,1
1,8,2,1,3,33,FRANCE,AQUITAINE,063,33063,BORDEAUX,VC 0,51061,0,4,VC,0,1,1,0,0,0,1,,,,1,10,0,0,1,0
1,6,1,3,3,33,FRANCE,AQUITAINE,529,33529,TESTE-DE-BUCH (LA),AVENUE GENERAL DE GAULLE ,51065,0,4,VC,0,2,2,,,0,1,,,,1,7,0,0,1,0
1,1,3,1,3,33,FRANCE,AQUITAINE,312,33312,PAREMPUYRE,VC 1,51096,0,4,VC,1,2,2,0,0,0,1,0,0,,1,7,0,0,1,0
1,7,2,1,3,33,FRANCE,AQUITAINE,318,33318,PESSAC,AVENUE DU DOCTEUR ROGER MARCADE,51100,0,4,VC,0,3,2,,,0,1,,,,1,7,0,0,1,0
1,6,1,1,3,33,FRANCE,AQUITAINE,522,33522,TALENCE,COURS DE LA LIBERATION,51105,4,4,VC,0,3,4,,,3,1,,,,1,7,0,0,1,0
5,7,1,1,3,33,FRANCE,AQUITAINE,318,33318,PESSAC,AVENUE JEAN JAURES,51134,0,4,VC,0,2,2,,,0,1,,,,1,7,0,0,1,0
5,8,1,1,2,33,FRANCE,AQUITAINE,063,33063,BORDEAUX,COURS DE LA SOMME,51140,0,4,VC,0,2,2,,,0,1,,,,1,7,0,0,1,0
1,6,6,1,3,33,FRANCE,AQUITAINE,550,33550,VILLENAVE-D'ORNON,ROND-POINT SEEHEIM JUGENHEIM,51142,3,4,VC,0,3,0,,,1,1,,,,1,7,0,0,1,0
5,8,2,6,3,33,FRANCE,AQUITAINE,063,33063,BORDEAUX,QUAI SAINTE-CROIX,51161,0,4,VC,,3,,,,0,1,,,,1,7,0,0,1,0
1,7,2,1,3,33,FRANCE,AQUITAINE,318,33318,PESSAC,AVENUE DE BEUTRE,51184,0,4,VC,0,2,3,,,2,1,,,,1,7,0,0,1,0
1,8,2,1,3,33,FRANCE,AQUITAINE,063,33063,BORDEAUX,RUE PELLEPORT,51189,0,4,VC,0,1,1,,,2,1,,,,1,7,0,0,1,0
1,8,2,1,3,33,FRANCE,AQUITAINE,063,33063,BORDEAUX,RUE BELLUS MAREILHAC CAUD,51194,0,4,VC,0,2,2,,,0,1,,,,1,7,0,0,1,0
1,8,1,1,3,33,FRANCE,AQUITAINE,063,33063,BORDEAUX,RUE MALBEC,51198,0,4,VC,0,1,1,,,2,1,,,,1,7,0,0,1,0
1,7,3,1,3,33,FRANCE,AQUITAINE,281,33281,MERIGNAC,AVENUE ARISTIDE BRIAND,51201,0,4,VC,0,2,2,,,0,1,,,,1,7,0,0,1,0
1,8,1,1,3,33,FRANCE,AQUITAINE,063,33063,BORDEAUX,RUE GEORGES BONNAC,51208,0,4,VC,0,3,4,,,3,1,,,,1,37,0,0,1,0
3,5,1,1,2,33,FRANCE,AQUITAINE,312,33312,PAREMPUYRE,VC 1,51221,0,4,VC,1,2,2,0,0,0,1,4495800,-60600,,1,7,0,0,1,0