lum,agg,int,atm,col,dep_bis,pays,region,com_bis,com_codeINSEE,communes,N_voie,numac,infra,catr,type_route,voie,circ,nbv,pr,pr1,vosp,situ,lat,long,adr,accident_velo,vehicule_imp,cycl_mort,cycl_bgv,cycl_blg,cycl_indm
5,6,3,1,3,33,FRANCE,AQUITAINE,039,33039,BEGLES,RUE DE LAURIOL,51235,0,4,VC,0,1,1,,,0,1,,,,1,7,0,0,1,0
2,6,2,1,3,33,FRANCE,AQUITAINE,069,33069,BOUSCAT (LE),AVENUE DE TIVOLI,51237,0,4,VC,0,2,2,,,2,1,,,,1,7,0,0,1,0
1,5,1,1,1,33,FRANCE,AQUITAINE,013,33013,ARTIGUES-PRES-BORDEAUX,VC 2,51245,0,4,VC,2,2,0,0,0,0,3,0,0,,1,7,0,0,1,0
1,8,2,1,3,33,FRANCE,AQUITAINE,063,33063,BORDEAUX,RUE ALBERT,51259,0,4,VC,0,2,2,,,0,1,,,,1,7,0,0,1,0
5,7,6,1,3,33,FRANCE,AQUITAINE,318,33318,PESSAC,AVENUE MARC NOUAUX,51268,0,4,VC,0,1,2,,,0,1,,,,1,7,0,0,1,0
1,6,3,1,6,33,FRANCE,AQUITAINE,119,33119,CENON,RUE DU MARECHAL FOCH,51273,0,4,VC,0,2,2,,,0,1,,,,1,7,0,0,1,0
5,6,1,1,3,33,FRANCE,AQUITAINE,522,33522,TALENCE,AVENUE ROUL,51275,0,4,VC,0,3,2,,,2,1,,,,1,2,0,0,1,0
1,8,3,1,1,33,FRANCE,AQUITAINE,063,33063,BORDEAUX,RUE DES TREUILS,51286,0,4,VC,0,1,1,,,2,1,,,,1,7,0,0,1,0
1,7,2,1,3,33,FRANCE,AQUITAINE,281,33281,MERIGNAC,RUE DU GENERAL WEYGAND,51292,0,4,VC,0,2,2,,,0,1,,,,1,7,0,0,1,0
1,6,9,1,2,33,FRANCE,AQUITAINE,529,33529,TESTE-DE-BUCH (LA),AVENUE SAINT EXUPERY,51321,0,4,VC,0,2,2,,,0,1,,,,1,7,0,0,1,0
1,8,3,1,6,33,FRANCE,AQUITAINE,063,33063,BORDEAUX,RUE GOYA,51351,0,4,VC,0,1,1,,,0,1,,,,1,33,0,0,0,1
1,8,3,1,3,33,FRANCE,AQUITAINE,063,33063,BORDEAUX,RUE VITAL-MAREILLE,51355,0,4,VC,0,2,2,,,1,1,,,,1,7,0,0,1,0
1,8,1,1,3,33,FRANCE,AQUITAINE,063,33063,BORDEAUX,COURS DE L'ARGONNE,51357,0,4,VC,0,3,4,,,3,1,,,,1,40,0,0,1,0
1,8,1,1,1,33,FRANCE,AQUITAINE,063,33063,BORDEAUX,AVENUE THIERS,51368,0,4,VC,0,3,2,,,1,5,,,,1,99,0,0,1,0
1,6,1,1,3,33,FRANCE,AQUITAINE,119,33119,CENON,AVENUE RENE CASSAGNE,51373,0,4,VC,0,3,2,,,2,5,,,,1,7,0,0,1,0
1,6,4,1,3,33,FRANCE,AQUITAINE,192,33192,GRADIGNAN,CHEM DU SOLARIUM,51379,0,4,VC,0,1,0,,,0,1,,,,1,7,0,0,1,0
1,7,1,1,1,33,FRANCE,AQUITAINE,281,33281,MERIGNAC,RUE DES VIOLETTES,51399,0,4,VC,0,2,2,,,0,1,,,,1,7,0,0,1,0
1,8,3,1,1,33,FRANCE,AQUITAINE,063,33063,BORDEAUX,AVENUE LOUIS BARTHOU CAUD,51413,0,4,VC,0,2,2,,,0,1,,,,1,7,0,0,1,0
1,3,1,1,1,33,FRANCE,AQUITAINE,095,33095,CAPTIEUX,RD 10,51429,0,3,RD,10,2,0,0,0,0,1,4429600,-25700,,1,7,0,0,1,0
1,6,1,1,2,33,FRANCE,AQUITAINE,522,33522,TALENCE,COURS DE LA LIBERATION,51447,0,4,VC,0,1,1,,,1,1,,,,1,7,0,0,1,0
1,8,1,1,3,33,FRANCE,AQUITAINE,063,33063,BORDEAUX,RUE FLORNOY,51459,0,4,VC,0,1,1,,,0,1,,,,1,7,0,0,1,0
1,8,3,1,3,33,FRANCE,AQUITAINE,063,33063,BORDEAUX,RUE DU TAUZIN,51460,0,4,VC,0,2,2,,,0,1,,,,1,7,0,0,1,0
1,8,1,1,3,33,FRANCE,AQUITAINE,063,33063,BORDEAUX,PLACE DE CAMPEYRAUT,51467,0,4,VC,0,2,2,,,2,1,,,,1,7,0,0,1,0
1,8,2,1,3,33,FRANCE,AQUITAINE,063,33063,BORDEAUX,RUE PASTEUR CAUD,51469,0,4,VC,0,1,1,,,2,1,,,,1,7,0,0,1,0
1,8,1,1,6,33,FRANCE,AQUITAINE,063,33063,BORDEAUX,COURS BALGUERIE STUTTENBERG,51490,0,4,VC,0,2,2,,,1,1,,,,1,7,0,0,1,0
1,8,3,1,3,33,FRANCE,AQUITAINE,063,33063,BORDEAUX,COURS DE L'ARGONNE,51493,4,4,VC,0,3,2,,,0,1,,,,1,7,0,0,1,0
2,8,3,1,2,33,FRANCE,AQUITAINE,063,33063,BORDEAUX,RUE SCALIGER,51495,0,4,VC,0,2,2,,,0,1,,,,1,7,0,0,1,0
1,8,2,1,3,33,FRANCE,AQUITAINE,063,33063,BORDEAUX,COURS DU MEDOC,51510,0,4,VC,0,3,0,,,0,1,,,,1,7,0,0,1,0
1,8,1,1,6,33,FRANCE,AQUITAINE,063,33063,BORDEAUX,BOULEVARD MARECHAL LECLERC,51577,0,4,VC,0,3,4,,,2,5,,,,1,7,0,0,1,0
1,8,2,1,2,33,FRANCE,AQUITAINE,063,33063,BORDEAUX,PLACE PEY BERLAND,51588,4,4,VC,0,3,2,,,3,1,,,,1,7,0,0,1,0
1,8,1,1,2,33,FRANCE,AQUITAINE,063,33063,BORDEAUX,RUE DE LA BENAUGE,51602,0,4,VC,0,2,2,,,0,1,,,,1,7,0,0,1,0
1,8,1,1,6,33,FRANCE,AQUITAINE,063,33063,BORDEAUX,COURS SAINT LOUIS,51603,0,4,VC,0,1,2,,,3,5,,,,1,7,0,0,1,0
5,8,2,1,3,33,FRANCE,AQUITAINE,063,33063,BORDEAUX,RUE VITAL CARLES,51611,5,4,VC,0,2,2,,,3,1,,,,1,7,0,0,1,0
1,6,1,1,2,33,FRANCE,AQUITAINE,529,33529,TESTE-DE-BUCH (LA),RUE DES ALLIES ,51621,0,4,VC,0,1,1,,,0,1,,,,1,7,0,0,1,0
1,8,1,1,6,33,FRANCE,AQUITAINE,063,33063,BORDEAUX,RUE D'ORNANO,51624,0,4,VC,0,3,4,,,1,1,,,,1,7,0,0,1,0
1,8,3,1,3,33,FRANCE,AQUITAINE,063,33063,BORDEAUX,BOULEVARD DU PRESIDENT WILSON,51626,0,4,VC,0,2,2,,,2,1,,,,1,7,0,0,1,0
1,8,3,1,3,33,FRANCE,AQUITAINE,063,33063,BORDEAUX,RUE FONDAUDEGE,51630,0,4,VC,0,1,2,,,2,5,,,,1,7,0,0,1,0
1,7,6,1,3,33,FRANCE,AQUITAINE,318,33318,PESSAC,AVENUE ROGER COHE,51654,0,4,VC,0,2,2,,,0,1,,,,1,7,0,0,1,0
1,6,6,1,3,33,FRANCE,AQUITAINE,069,33069,BOUSCAT (LE),RUE RAYMOND POINCARE,51690,0,4,VC,0,2,2,,,0,1,,,,1,7,0,0,1,0
1,6,2,2,1,33,FRANCE,AQUITAINE,069,33069,BOUSCAT (LE),RUE COUDOL,51697,0,4,VC,0,2,2,,,0,1,,,,1,7,0,0,1,0
1,6,3,3,3,33,FRANCE,AQUITAINE,522,33522,TALENCE,RUE DU GENERAL ANDRE,51702,4,4,VC,0,2,2,,,0,1,,,,1,7,0,0,1,0
1,7,1,1,6,33,FRANCE,AQUITAINE,281,33281,MERIGNAC,AVENUE DE L'YSER,51706,0,4,VC,0,2,4,,,0,1,,,,1,7,0,0,1,0
1,8,2,1,3,33,FRANCE,AQUITAINE,063,33063,BORDEAUX,COURS MARECHAL JUIN,51718,4,4,VC,0,3,8,,,1,1,,,,1,7,0,0,1,0
1,8,1,1,6,33,FRANCE,AQUITAINE,063,33063,BORDEAUX,QUAI DES CHARTRONS,51724,0,4,VC,0,2,2,,,1,1,,,,1,,0,0,0,1
1,8,1,1,1,33,FRANCE,AQUITAINE,063,33063,BORDEAUX,RUE ROGER ALLO,51729,0,4,VC,0,1,0,,,0,1,,,,1,,0,0,1,0
5,6,2,1,3,33,FRANCE,AQUITAINE,522,33522,TALENCE,RUE DE COMPOSTELLE,51737,0,4,VC,0,2,2,,,0,1,,,,1,7,0,0,1,0
1,6,1,1,6,33,FRANCE,AQUITAINE,550,33550,VILLENAVE-D'ORNON,ALLEE JOHN LEWIS BROWN,51742,0,4,VC,0,2,2,,,0,1,,,,1,,0,0,0,1
1,8,1,1,3,33,FRANCE,AQUITAINE,063,33063,BORDEAUX,BOULEVARD ALBERT 1ER,51748,0,4,VC,0,3,4,,,2,1,,,,1,33,0,0,1,0
1,7,1,1,3,33,FRANCE,AQUITAINE,318,33318,PESSAC,AVENUE GUSTAVE EIFFEL,51749,0,4,VC,0,2,2,,,0,1,,,,1,10,0,0,1,0
1,5,1,1,3,33,FRANCE,AQUITAINE,075,33075,BRUGES,AVENUE CHARLES DE GAULLE,51750,0,4,VC,0,2,2,,,1,1,,,,1,7,0,0,1,0
1,6,7,1,3,33,FRANCE,AQUITAINE,119,33119,CENON,AVENUE DUBEDOUT HUBERT,51752,0,4,VC,0,1,2,,,0,1,,,,1,10,0,0,1,0
2,8,1,2,3,33,FRANCE,AQUITAINE,063,33063,BORDEAUX,AVENUE THIERS,51753,0,4,VC,0,3,4,,,2,5,,,,1,7,0,0,1,0
1,7,6,1,3,33,FRANCE,AQUITAINE,281,33281,MERIGNAC,AVENUE DE L'ARGONNE,51769,0,4,VC,0,0,0,,,0,1,,,,1,7,0,0,1,0
1,7,6,2,3,33,FRANCE,AQUITAINE,281,33281,MERIGNAC,AVENUE ROBERT CLAVE,51789,0,4,VC,0,2,2,,,0,1,,,,1,7,0,0,1,0
1,7,6,2,3,33,FRANCE,AQUITAINE,318,33318,PESSAC,AVENUE DE NOES,51790,0,4,VC,0,2,2,,,0,1,,,,1,7,0,0,1,0
1,8,2,1,3,33,FRANCE,AQUITAINE,063,33063,BORDEAUX,RUE DE CHEVERUS,51799,0,4,VC,0,2,1,,,2,1,,,,1,7,0,0,1,0
5,8,1,2,3,33,FRANCE,AQUITAINE,063,33063,BORDEAUX,COURS DE L'INTENDANCE,51840,0,4,VC,0,1,0,,,0,1,,,,1,40,0,0,1,0
1,8,3,1,3,33,FRANCE,AQUITAINE,063,33063,BORDEAUX,COURS BALGUERIE STUTTENBERG,51845,0,4,VC,0,1,1,,,0,1,,,,1,7,0,0,1,0
5,8,2,1,3,33,FRANCE,AQUITAINE,063,33063,BORDEAUX,RUE CHEVALIER,51875,0,4,VC,0,1,1,,,0,1,,,,1,7,0,0,1,0
1,8,1,2,3,33,FRANCE,AQUITAINE,063,33063,BORDEAUX,ROUTE DE TOULOUSE,51882,0,4,VC,0,2,2,,,2,1,,,,1,7,0,0,1,0
1,6,1,3,2,33,FRANCE,AQUITAINE,522,33522,TALENCE,COURS GAMBETTA,51883,4,4,VC,0,3,2,,,3,1,,,,1,7,0,0,1,0
1,6,2,1,3,33,FRANCE,AQUITAINE,550,33550,VILLENAVE-D'ORNON,CHEM DU PAS DE LA COTE,51886,0,4,VC,0,2,2,,,0,1,,,,1,7,0,0,1,0
1,6,1,1,2,33,FRANCE,AQUITAINE,039,33039,BEGLES,RUE ANDRE LAPELLETRIE,51892,0,4,VC,0,2,2,,,0,1,,,,1,7,0,0,1,0
1,8,1,1,7,33,FRANCE,AQUITAINE,063,33063,BORDEAUX,QUAI LOUIS XVIII,51903,0,4,VC,0,0,0,,,1,1,,,,1,,0,0,0,1
1,6,1,2,3,33,FRANCE,AQUITAINE,119,33119,CENON,AVENUE JEAN JAURES,51918,4,4,VC,0,3,8,,,1,1,,,,1,7,0,0,1,0
1,7,1,1,3,33,FRANCE,AQUITAINE,281,33281,MERIGNAC,AVENUE DU BEDAT,51926,0,4,VC,0,2,2,,,0,1,,,,1,7,0,0,1,0
1,6,4,1,3,33,FRANCE,AQUITAINE,522,33522,TALENCE,RUE FREDERIC SEVENE,51933,0,4,VC,0,2,2,,,0,1,,,,1,7,0,0,1,0
1,8,3,1,3,33,FRANCE,AQUITAINE,063,33063,BORDEAUX,RUE DE COULMIERS,51937,0,4,VC,0,1,1,,,0,1,,,,1,7,0,0,1,0
1,6,1,8,2,33,FRANCE,AQUITAINE,529,33529,TESTE-DE-BUCH (LA),RUE VICTOR HUGO,51978,0,4,VC,0,2,2,,,0,1,,,,1,7,0,0,1,0
5,7,6,1,1,33,FRANCE,AQUITAINE,281,33281,MERIGNAC,AVENUE DE LA LIBERATION ,51991,5,4,VC,0,3,2,,,2,1,,,,1,7,0,0,1,0
1,8,1,8,3,33,FRANCE,AQUITAINE,063,33063,BORDEAUX,RUE DE BEGLES,51997,0,4,VC,0,2,2,,,0,1,,,,1,7,0,0,1,0
1,6,4,1,6,33,FRANCE,AQUITAINE,550,33550,VILLENAVE-D'ORNON,ROUTE DE LEOGNAN,51998,0,4,VC,0,2,2,,,0,1,,,,1,,0,0,1,0
1,8,2,1,7,33,FRANCE,AQUITAINE,063,33063,BORDEAUX,RUE DE TALENCE,52000,0,4,VC,0,1,1,,,0,1,,,,1,,0,0,1,0
1,1,1,1,3,33,FRANCE,AQUITAINE,238,33238,LEOGNAN,RD 651,52003,0,3,RD,651,2,2,0,0,0,1,0,0,,1,10,0,0,1,0
1,7,2,1,3,33,FRANCE,AQUITAINE,281,33281,MERIGNAC,AVENUE DE BELLEVUE,52015,0,4,VC,0,0,0,,,0,1,,,,1,7,0,0,1,0
5,8,1,1,3,33,FRANCE,AQUITAINE,063,33063,BORDEAUX,RUE BELAIR,52039,0,4,VC,0,2,2,,,0,1,,,,1,7,0,0,1,0
1,7,3,1,3,33,FRANCE,AQUITAINE,281,33281,MERIGNAC,RUE BOILEAU,52069,0,4,VC,0,0,0,,,0,1,,,,1,7,0,0,1,0
1,8,1,2,3,33,FRANCE,AQUITAINE,063,33063,BORDEAUX,ROND-POINT DE BRIENNE,52071,5,4,VC,0,1,1,,,0,1,,,,1,30,0,0,0,1
1,6,2,1,3,33,FRANCE,AQUITAINE,529,33529,TESTE-DE-BUCH (LA),BOULEVARD DE CUREPIPE ,52105,0,4,VC,0,2,2,,,0,1,,,,1,7,0,0,1,0
1,8,3,1,3,33,FRANCE,AQUITAINE,063,33063,BORDEAUX,AVENUE THIERS,52108,0,4,VC,0,2,4,,,0,1,,,,1,7,0,0,1,0
1,6,2,1,3,33,FRANCE,AQUITAINE,039,33039,BEGLES,RUE ALBERT THOMAS,52135,0,4,VC,0,2,4,,,0,1,,,,1,7,0,0,1,0
1,7,6,2,3,33,FRANCE,AQUITAINE,281,33281,MERIGNAC,AVENUE DE MAGUDAS,52138,0,4,VC,0,3,2,,,0,1,,,,1,7,0,0,1,0
5,6,4,1,3,33,FRANCE,AQUITAINE,069,33069,BOUSCAT (LE),AVENUE DE TIVOLI,52152,0,4,VC,0,2,2,,,0,1,,,,1,7,0,0,1,0
1,8,4,1,3,33,FRANCE,AQUITAINE,063,33063,BORDEAUX,RUE STEHELIN CAUD,52193,0,4,VC,0,2,2,,,0,1,,,,1,7,0,0,1,0
1,6,2,1,3,33,FRANCE,AQUITAINE,069,33069,BOUSCAT (LE),RUE DES ECUS,52197,0,4,VC,0,2,2,,,0,1,,,,1,7,0,0,1,0
1,8,2,1,3,33,FRANCE,AQUITAINE,063,33063,BORDEAUX,COURS EDOUARD VAILLANT,52207,0,4,VC,0,2,2,,,0,1,,,,1,7,0,0,1,0
1,8,6,1,3,33,FRANCE,AQUITAINE,063,33063,BORDEAUX,PARC DE STATIONNEMENT FELIX FAURE,52218,0,4,VC,0,1,1,,,0,1,,,,1,7,0,0,1,0
1,8,1,1,6,33,FRANCE,AQUITAINE,063,33063,BORDEAUX,COURS PORTAL,52228,0,4,VC,0,2,2,,,0,1,,,,1,,0,0,1,0
1,8,1,1,1,33,FRANCE,AQUITAINE,063,33063,BORDEAUX,COURS DE L'YSER,52230,0,4,VC,0,2,2,,,2,1,,,,1,7,0,0,1,0
1,8,2,1,3,33,FRANCE,AQUITAINE,063,33063,BORDEAUX,RUE SAINT LAURENT,52236,0,4,VC,0,1,1,,,1,1,,,,1,7,0,0,1,0
1,7,4,1,3,33,FRANCE,AQUITAINE,318,33318,PESSAC,RUE DU PIN VERT,52280,0,4,VC,0,2,2,,,0,1,,,,1,7,0,0,1,0
1,8,1,1,6,33,FRANCE,AQUITAINE,063,33063,BORDEAUX,AVENUE THIERS,52282,0,4,VC,0,2,4,,,0,1,,,,1,7,0,0,1,0
1,6,1,1,3,33,FRANCE,AQUITAINE,550,33550,VILLENAVE-D'ORNON,AVENUE FERNAND COIN,52285,0,4,VC,0,2,2,,,0,1,,,,1,7,0,0,1,0
1,6,2,1,3,33,FRANCE,AQUITAINE,039,33039,BEGLES,RUE SIMONE DE BEAUVOIR,52291,0,4,VC,0,2,1,,,0,1,,,,1,7,0,0,1,0
1,8,2,1,3,33,FRANCE,AQUITAINE,063,33063,BORDEAUX,COURS DU RACCORDEMENT,52294,0,4,VC,0,2,0,,,0,1,,,,1,7,0,0,1,0
1,8,5,1,3,33,FRANCE,AQUITAINE,063,33063,BORDEAUX,RUE DE CURSOL,52301,0,4,VC,0,3,0,,,0,1,,,,1,40,0,0,1,0
1,8,6,1,3,33,FRANCE,AQUITAINE,063,33063,BORDEAUX,RUE DES PONTETS,52302,2,4,VC,0,1,1,,,0,1,,,,1,7,0,0,1,0
1,8,1,1,3,33,FRANCE,AQUITAINE,063,33063,BORDEAUX,RUE VILARIS,52308,0,4,VC,0,2,2,,,0,1,,,,1,7,0,0,1,0
1,8,5,1,3,33,FRANCE,AQUITAINE,063,33063,BORDEAUX,RUE CHARLES CHAIGNEAU,52310,0,4,VC,0,3,2,,,0,1,,,,1,7,0,0,1,0
1,5,2,1,6,33,FRANCE,AQUITAINE,167,33167,FLOIRAC,AVENUE GASTON CABANNES,52312,0,4,VC,0,2,1,,,0,1,,,,1,7,0,0,1,0
2,8,1,1,3,33,FRANCE,AQUITAINE,063,33063,BORDEAUX,PLACE DES CAPUCINS,52314,0,4,VC,0,1,0,,,0,1,,,,1,7,0,0,1,0
1,8,2,2,3,33,FRANCE,AQUITAINE,063,33063,BORDEAUX,BOULEVARD GODARD,52316,0,4,VC,0,3,7,,,0,1,,,,1,37,0,0,1,0
1,6,1,1,2,33,FRANCE,AQUITAINE,529,33529,TESTE-DE-BUCH (LA),BOULEVARD LOUIS LIGNON,52326,0,3,RD,0,2,2,,,0,1,,,,1,7,0,0,1,0
1,5,7,1,6,33,FRANCE,AQUITAINE,009,33009,ARCACHON,BOULEVARD DU MAL LECLERC ,52329,0,4,VC,,2,2,,,0,1,,,,1,7,0,0,1,0
2,4,1,1,3,33,FRANCE,AQUITAINE,214,33214,LACANAU,RD 6,52348,0,3,RD,6,2,2,0,0,0,1,4500600,-113600,,1,7,0,0,1,0
1,7,2,1,3,33,FRANCE,AQUITAINE,281,33281,MERIGNAC,RUE ALESSANDRO VOLTA,52356,0,4,VC,0,2,2,,,0,1,,,,1,7,0,0,1,0
1,8,1,1,3,33,FRANCE,AQUITAINE,063,33063,BORDEAUX,RUE DU PROFESSEUR RENE CRUCHET,52357,0,4,VC,0,2,2,,,0,1,,,,1,7,0,0,1,0
1,8,1,1,2,33,FRANCE,AQUITAINE,063,33063,BORDEAUX,BOULEVARD GEORGE V,52359,0,4,VC,0,3,2,,,0,1,,,,1,7,0,0,1,0
1,7,6,1,3,33,FRANCE,AQUITAINE,281,33281,MERIGNAC,AVENUE DES FRERES ROBINSON,52365,0,4,VC,0,3,2,,,0,1,,,,1,7,0,0,1,0
1,8,3,1,1,33,FRANCE,AQUITAINE,063,33063,BORDEAUX,COURS DE VERDUN,52368,0,4,VC,0,3,2,,,0,1,,,,1,7,0,0,1,0
1,8,1,1,2,33,FRANCE,AQUITAINE,063,33063,BORDEAUX,COURS DE LA MARNE,52375,0,4,VC,0,2,5,,,0,1,,,,1,7,0,0,1,0
1,8,1,1,3,33,FRANCE,AQUITAINE,063,33063,BORDEAUX,COURS DE L'INTENDANCE,52377,0,4,VC,0,2,2,,,0,1,,,,1,40,0,0,1,0
1,6,2,1,3,33,FRANCE,AQUITAINE,522,33522,TALENCE,RUE FREDERIC SEVENE,52418,0,4,VC,0,2,5,,,0,1,,,,1,7,0,0,1,0
1,8,4,1,3,33,FRANCE,AQUITAINE,063,33063,BORDEAUX,AVENUE ABADIE,52426,0,4,VC,0,2,2,,,0,1,,,,1,7,0,0,1,0
1,8,4,1,6,33,FRANCE,AQUITAINE,063,33063,BORDEAUX,RUE DE SAINT GENES,52441,0,4,VC,0,0,1,,,0,1,,,,1,,0,0,0,1
1,8,3,1,3,33,FRANCE,AQUITAINE,063,33063,BORDEAUX,RUE FRANCOIS MAURIAC CAUD,52444,0,4,VC,0,1,1,,,0,1,,,,1,7,0,0,1,0
1,7,3,1,3,33,FRANCE,AQUITAINE,318,33318,PESSAC,RUE LINO VENTURA,52452,0,4,VC,0,1,1,,,0,1,,,,1,7,0,0,1,0
1,8,1,1,3,33,FRANCE,AQUITAINE,063,33063,BORDEAUX,RUE TAUDIN CAUD,52456,0,4,VC,0,2,1,,,0,1,,,,1,7,0,0,1,0
1,8,2,1,3,33,FRANCE,AQUITAINE,063,33063,BORDEAUX,COURS MARECHAL JUIN,52480,4,4,VC,0,3,5,,,3,1,,,,1,7,0,0,1,0
1,8,4,1,3,33,FRANCE,AQUITAINE,063,33063,BORDEAUX,RUE ERNEST RENAN,52483,0,4,VC,0,2,1,,,0,1,,,,1,7,0,0,1,0
1,6,1,1,3,33,FRANCE,AQUITAINE,192,33192,GRADIGNAN,RUE DES FONTAINES DE MONJOUS,52503,0,4,VC,0,2,4,,,1,5,,,,1,7,0,0,1,0
1,8,3,1,5,33,FRANCE,AQUITAINE,063,33063,BORDEAUX,RUE CROIX DE SEGUEY,52505,0,4,VC,0,1,2,,,3,1,,,,1,10,0,0,1,0
1,6,3,1,3,33,FRANCE,AQUITAINE,119,33119,CENON,AVENUE CARNOT,52506,0,4,VC,0,3,2,,,1,0,,,,1,7,0,0,1,0
1,8,1,1,3,33,FRANCE,AQUITAINE,063,33063,BORDEAUX,QUAI DE BACALAN,52517,4,4,VC,0,2,6,,,3,1,,,,1,40,0,0,1,0
1,8,1,1,3,33,FRANCE,AQUITAINE,063,33063,BORDEAUX,COURS DU MEDOC,52518,0,4,VC,0,2,2,,,1,1,,,,1,10,0,0,1,0
1,7,6,1,7,33,FRANCE,AQUITAINE,281,33281,MERIGNAC,AVENUE DE L'YSER,52521,0,4,VC,0,2,2,,,0,1,,,,1,7,0,0,1,0
1,8,2,1,3,33,FRANCE,AQUITAINE,063,33063,BORDEAUX,BOULEVARD GEORGE V,52534,0,4,VC,0,3,5,,,2,1,,,,1,3,0,0,1,0
1,6,2,1,3,33,FRANCE,AQUITAINE,522,33522,TALENCE,BOULEVARD DU PRESIDENT FRANKLIN ROOSEVELT,52538,0,4,VC,0,3,2,,,0,1,,,,1,7,0,0,1,0
1,5,4,1,3,33,FRANCE,AQUITAINE,075,33075,BRUGES,AVENUE DE TERREFORT,52541,0,4,VC,0,2,2,,,0,1,,,,1,7,0,0,1,0
1,8,2,1,3,33,FRANCE,AQUITAINE,063,33063,BORDEAUX,RUE PERMENTADE,52553,0,4,VC,0,1,1,,,0,1,,,,1,7,0,0,1,0
2,8,5,1,3,33,FRANCE,AQUITAINE,063,33063,BORDEAUX,BOULEVARD DU PRESIDENT FRANKLIN ROOSEVELT,52554,0,4,VC,0,3,4,,,0,1,,,,1,7,0,0,1,0
1,8,1,1,6,33,FRANCE,AQUITAINE,063,33063,BORDEAUX,AVENUE D'ARES CAUD,52563,0,4,VC,0,1,1,,,0,1,,,,1,7,0,0,1,0
1,8,3,1,3,33,FRANCE,AQUITAINE,063,33063,BORDEAUX,ALLEE DE BRISTOL,52588,0,4,VC,0,2,2,,,0,1,,,,1,37,0,0,1,0
1,6,6,1,3,33,FRANCE,AQUITAINE,550,33550,VILLENAVE-D'ORNON,ROUTE DE LEOGNAN,52594,5,4,VC,0,2,2,,,1,1,,,,1,10,0,0,1,0
5,8,2,1,3,33,FRANCE,AQUITAINE,063,33063,BORDEAUX,RUE SAINTE- CATHERINE,52616,6,4,VC,0,3,1,,,3,1,,,,1,40,0,0,1,0
1,7,1,1,2,33,FRANCE,AQUITAINE,318,33318,PESSAC,AVENUE PASTEUR ,52628,0,4,VC,0,2,2,,,1,5,,,,1,10,0,0,1,0
1,6,1,1,3,33,FRANCE,AQUITAINE,522,33522,TALENCE,COURS DE LA LIBERATION,52651,4,4,VC,0,3,4,,,3,0,,,,1,40,0,0,1,0
1,7,1,1,6,33,FRANCE,AQUITAINE,318,33318,PESSAC,AVENUE DU GENERAL LECLERC,52657,0,4,VC,0,2,2,,,1,3,,,,1,7,0,0,1,0
1,8,3,1,3,33,FRANCE,AQUITAINE,063,33063,BORDEAUX,RUE DES MENUTS,52671,5,4,VC,0,1,1,,,0,0,,,,1,7,0,0,1,0
1,8,2,1,6,33,FRANCE,AQUITAINE,063,33063,BORDEAUX,BOULEVARD DU PRESIDENT WILSON,52680,0,4,VC,0,3,4,,,2,1,,,,1,,0,0,0,1
1,7,1,1,3,33,FRANCE,AQUITAINE,318,33318,PESSAC,AVENUE DU MARECHAL DE LATTRE DE TASSIGNY,52698,0,4,VC,0,3,5,,,2,1,,,,1,10,0,0,1,0
1,6,1,1,3,33,FRANCE,AQUITAINE,039,33039,BEGLES,AVENUE DU PROFESSEUR BERGONIE,52700,0,4,VC,0,2,2,,,0,1,,,,1,7,0,0,1,0
1,6,1,1,3,33,FRANCE,AQUITAINE,550,33550,VILLENAVE-D'ORNON,ROUTE DE LEOGNAN,52701,0,4,VC,0,2,2,,,0,1,,,,1,7,0,0,1,0
1,8,6,1,3,33,FRANCE,AQUITAINE,063,33063,BORDEAUX,AVENUE DES 4 PONTS,52706,5,4,VC,0,3,4,,,1,5,,,,1,2,0,0,1,0
1,5,6,1,3,33,FRANCE,AQUITAINE,032,33032,BASSENS,AVENUE DE LA SOMME,52718,5,4,VC,0,2,2,,,0,1,,,,1,7,0,0,1,0
5,6,3,2,3,33,FRANCE,AQUITAINE,550,33550,VILLENAVE-D'ORNON,RUE MAURICE UTRILLO,52723,0,4,VC,0,3,4,,,1,1,,,,1,7,0,0,1,0
1,5,1,1,3,33,FRANCE,AQUITAINE,167,33167,FLOIRAC,AVENUE PASTEUR ,52725,0,4,VC,0,2,2,,,0,1,,,,1,7,0,0,1,0
2,1,1,1,3,33,FRANCE,AQUITAINE,529,33529,TESTE-DE-BUCH (LA),CAMICAS-OUSTALET RN 250,52736,0,3,RD,0,1,2,47,0,0,1,,,,1,37,0,0,1,0
1,6,3,1,6,33,FRANCE,AQUITAINE,529,33529,TESTE-DE-BUCH (LA),RUE ALPHONSE LAMARTINE,52737,0,4,VC,0,1,1,,,0,1,,,,1,7,0,0,1,0
1,5,1,1,6,33,FRANCE,AQUITAINE,009,33009,ARCACHON,BOULEVARD DE L'OCEAN,52738,0,4,VC,0,1,1,,,0,1,,,,1,7,0,0,1,0
1,6,1,1,3,33,FRANCE,AQUITAINE,529,33529,TESTE-DE-BUCH (LA),RUE HENRI DHEURLE,52739,0,4,VC,0,2,2,,,0,1,,,,1,7,0,0,1,0
1,5,2,1,3,33,FRANCE,AQUITAINE,009,33009,ARCACHON,ALLEE CHARLES RHONE,52744,0,4,VC,0,2,2,,,0,1,,,,1,7,0,0,1,0
1,6,1,1,6,33,FRANCE,AQUITAINE,529,33529,TESTE-DE-BUCH (LA),BOULEVARD DE L'OCEAN,52753,0,4,VC,0,2,2,,,0,1,,,,1,7,0,0,1,0
1,6,1,1,3,33,FRANCE,AQUITAINE,529,33529,TESTE-DE-BUCH (LA),ROND-POINT DU FIGUIER,52758,0,4,VC,0,2,1,,,0,1,,,,1,7,0,0,1,0