lum,agg,int,atm,col,dep_bis,pays,region,com_bis,com_codeINSEE,communes,N_voie,numac,infra,catr,type_route,voie,circ,nbv,pr,pr1,vosp,situ,lat,long,adr,accident_velo,vehicule_imp,cycl_mort,cycl_bgv,cycl_blg,cycl_indm
1,1,1,1,3,33,FRANCE,AQUITAINE,529,33529,TESTE-DE-BUCH (LA),BOULEVARD DES PORTES DE L'OCEAN,52760,0,4,VC,0,2,2,,,0,1,,,,1,7,0,0,1,0
5,8,1,1,6,33,FRANCE,AQUITAINE,063,33063,BORDEAUX,PONT DE PIERRE,52781,0,4,VC,0,2,2,0,0,1,5,5988480,-159209,,1,,0,0,0,1
1,8,1,1,6,33,FRANCE,AQUITAINE,063,33063,BORDEAUX,COURS MARECHAL JUIN,52786,0,4,VC,0,2,2,0,0,0,1,5988350,-161759,,1,7,0,0,1,0
1,8,1,8,2,33,FRANCE,AQUITAINE,063,33063,BORDEAUX,RUE LEO SAIGNAT,52788,0,4,VC,0,0,2,0,0,0,1,5987490,-164036,,1,10,0,0,1,0
1,8,3,1,2,33,FRANCE,AQUITAINE,063,33063,BORDEAUX,RUE DE L'EGLISE CAUD,52794,0,4,VC,0,2,2,0,0,0,1,5989880,-165948,,1,7,0,0,1,0
1,6,2,1,3,33,FRANCE,AQUITAINE,069,33069,BOUSCAT (LE),RUE HENRI GROSSARD,52796,0,4,VC,0,2,2,0,0,0,1,5991460,-163648,,1,10,0,0,1,0
1,8,1,1,3,33,FRANCE,AQUITAINE,063,33063,BORDEAUX,RUE CASTEJA,52808,0,4,VC,0,1,1,0,0,0,1,5988970,-161778,,1,7,0,0,1,0
1,8,1,1,3,33,FRANCE,AQUITAINE,063,33063,BORDEAUX,RUE DE TIVOLI,52810,0,4,VC,0,2,2,0,0,0,1,5990250,-162708,,1,7,0,0,1,0
1,6,3,1,3,33,FRANCE,AQUITAINE,522,33522,TALENCE,COURS MARECHAL GALLIENI,52816,0,4,VC,0,2,0,0,0,0,1,5987260,-162690,,1,7,0,0,1,0
1,8,1,1,6,33,FRANCE,AQUITAINE,063,33063,BORDEAUX,COURS PORTAL,52831,0,4,VC,0,2,2,,,0,1,,,,1,7,0,0,1,0
1,8,1,1,3,33,FRANCE,AQUITAINE,063,33063,BORDEAUX,COURS DE L'YSER,52842,0,4,VC,0,2,2,,,0,1,,,,1,7,0,0,1,0
1,8,9,1,3,33,FRANCE,AQUITAINE,063,33063,BORDEAUX,AVENUE DE NONTRASTE,52845,0,4,VC,0,2,1,,,0,1,,,,1,7,0,0,1,0
1,7,1,1,6,33,FRANCE,AQUITAINE,318,33318,PESSAC,RUE LOUIS PASTEUR,52848,0,4,VC,0,2,3,,,1,5,,,,1,,0,0,1,0
1,6,1,1,3,33,FRANCE,AQUITAINE,069,33069,BOUSCAT (LE),AVENUE DE LA LIBERATION CHARLES DE GAULLE,52864,0,4,VC,0,2,2,,,0,1,,,,1,7,0,0,1,0
1,7,2,1,3,33,FRANCE,AQUITAINE,318,33318,PESSAC,RUE ANDRE PUJOL,52871,5,4,VC,0,2,3,,,0,0,,,,1,10,0,0,1,0
1,8,6,1,3,33,FRANCE,AQUITAINE,063,33063,BORDEAUX,BOULEVARD ALBERT BRANDENBURG,52872,5,4,VC,0,2,2,,,0,1,,,,1,7,0,0,1,0
1,8,1,1,2,33,FRANCE,AQUITAINE,063,33063,BORDEAUX,COURS DE L'ARGONNE,52876,0,4,VC,0,3,4,,,3,1,,,,1,10,0,0,1,0
1,8,2,1,3,33,FRANCE,AQUITAINE,063,33063,BORDEAUX,BOULEVARD DU PRESIDENT WILSON,52877,5,4,VC,0,3,4,,,2,0,,,,1,7,0,0,1,0
1,6,3,1,3,33,FRANCE,AQUITAINE,529,33529,TESTE-DE-BUCH (LA),ALLEE CHRISTOPHE COLOMB,52905,0,4,VC,0,2,2,,,0,1,,,,1,7,0,0,1,0
1,7,1,2,3,33,FRANCE,AQUITAINE,281,33281,MERIGNAC,AVENUE VICTOR HUGO,52926,0,4,VC,0,2,2,,,0,1,,,,1,7,0,0,1,0
5,7,5,1,3,33,FRANCE,AQUITAINE,318,33318,PESSAC,RUE DE COMPOSTELLE,52927,0,4,VC,0,2,2,,,0,1,,,,1,7,0,0,1,0
1,8,1,1,3,33,FRANCE,AQUITAINE,063,33063,BORDEAUX,PLACE ANDRE MEUNIER DIT MUREINE,52943,0,3,RD,0,3,0,,,0,1,,,,1,7,0,0,1,0
5,8,7,1,6,33,FRANCE,AQUITAINE,063,33063,BORDEAUX,COURS GEORGES CLEMENCEAU,52949,0,4,VC,0,3,6,,,1,1,,,,1,,0,0,0,1
5,8,2,1,3,33,FRANCE,AQUITAINE,063,33063,BORDEAUX,RUE CAMILLE SAINT-SAENS,52951,0,4,VC,0,2,2,,,0,1,,,,1,7,0,0,1,0
1,8,1,8,6,33,FRANCE,AQUITAINE,063,33063,BORDEAUX,RUE SAINTE- CATHERINE,52991,0,4,VC,0,0,1,,,0,1,,,,1,,0,0,0,1
1,8,3,1,6,33,FRANCE,AQUITAINE,063,33063,BORDEAUX,QUAI SAINTE-CROIX,53006,0,4,VC,0,3,7,,,0,1,,,,1,10,0,0,1,0
5,5,3,1,2,33,FRANCE,AQUITAINE,075,33075,BRUGES,AVENUE DE VERDUN,53026,0,4,VC,0,2,2,,,0,1,,,,1,10,0,0,1,0
5,7,1,1,6,33,FRANCE,AQUITAINE,281,33281,MERIGNAC,RUE PAUL DOUMER,53031,0,4,VC,0,2,2,,,0,1,,,,1,7,0,0,1,0
1,6,4,1,3,33,FRANCE,AQUITAINE,522,33522,TALENCE,RUE FREDERIC SEVENE,53038,0,4,VC,0,2,2,,,0,1,,,,1,7,0,0,1,0
5,6,2,2,3,33,FRANCE,AQUITAINE,522,33522,TALENCE,AVENUE MARECHAL LECLERC ,53055,5,4,VC,0,0,3,,,0,0,,,,1,7,0,0,1,0
1,8,2,1,6,33,FRANCE,AQUITAINE,063,33063,BORDEAUX,RUE FRANCOIS DE SOURDIS,53068,0,4,VC,0,0,2,,,0,0,,,,1,7,0,0,1,0
1,8,4,1,3,33,FRANCE,AQUITAINE,063,33063,BORDEAUX,RUE FONDAUDEGE,53072,0,4,VC,0,1,4,,,0,1,,,,1,7,0,0,1,0
5,6,3,1,3,33,FRANCE,AQUITAINE,192,33192,GRADIGNAN,BOULEVARD DE MALARTIC,53075,0,4,VC,0,2,2,,,0,1,,,,1,7,0,0,1,0
4,8,2,1,3,33,FRANCE,AQUITAINE,063,33063,BORDEAUX,COURS DE LA SOMME,53077,0,4,VC,0,2,2,,,0,1,,,,1,7,0,0,1,0
3,1,1,4,2,33,FRANCE,AQUITAINE,529,33529,TESTE-DE-BUCH (LA),RUE ETIENNE TURPIN,53082,0,4,VC,0,2,2,,,0,1,,,,1,7,0,0,1,0
1,1,3,1,1,33,FRANCE,AQUITAINE,122,33122,CESTAS,RD 1010,53117,0,3,RD,1010,2,0,2,960,0,1,0,0,,1,7,0,0,1,0
1,6,2,1,3,33,FRANCE,AQUITAINE,529,33529,TESTE-DE-BUCH (LA),AVENUE GENERAL DE GAULLE ,53121,0,4,VC,0,2,2,,,0,1,,,,1,7,0,0,1,0
1,6,2,1,3,33,FRANCE,AQUITAINE,529,33529,TESTE-DE-BUCH (LA),RUE DE METZ,53122,0,3,RD,0,1,1,,,0,1,,,,1,7,0,0,1,0
1,5,1,1,3,33,FRANCE,AQUITAINE,009,33009,ARCACHON,BOULEVARD DE LA PLAGE,53132,0,4,VC,0,2,2,,,0,1,,,,1,7,0,0,1,0
1,6,1,1,2,33,FRANCE,AQUITAINE,529,33529,TESTE-DE-BUCH (LA),AVENUE CHARLES DE GAULLE,53141,0,4,VC,0,1,1,,,0,1,,,,1,2,0,0,1,0
1,1,1,1,1,33,FRANCE,AQUITAINE,529,33529,TESTE-DE-BUCH (LA),PLACE Louis GAUME,53148,0,4,VC,0,2,2,,,0,1,,,,1,7,0,0,1,0
1,5,1,1,6,33,FRANCE,AQUITAINE,009,33009,ARCACHON,BOULEVARD COTE D'ARGENT ,53153,0,4,VC,0,2,2,,,0,1,,,,1,37,0,0,1,0
1,6,1,1,6,33,FRANCE,AQUITAINE,529,33529,TESTE-DE-BUCH (LA),BOULEVARD DE CAZAUX,53158,0,4,VC,0,2,2,,,1,5,,,,1,7,0,0,1,0
1,1,1,1,6,33,FRANCE,AQUITAINE,529,33529,TESTE-DE-BUCH (LA),AVENUE FREDERIC DE CANDALE,53162,0,4,VC,0,2,2,,,0,1,,,,1,7,0,0,1,0
2,7,3,1,3,33,FRANCE,AQUITAINE,281,33281,MERIGNAC,AVENUE PIERRE MENDES FRANCE,53169,0,4,VC,0,2,4,,,2,5,,,,1,10,0,0,1,0
1,8,3,1,6,33,FRANCE,AQUITAINE,063,33063,BORDEAUX,QUAI LOUIS XVIII,53178,4,4,VC,0,3,7,,,3,1,,,,1,7,0,0,1,0
1,7,1,2,6,33,FRANCE,AQUITAINE,318,33318,PESSAC,AVENUE DE SAIGE,53185,0,4,VC,0,2,2,,,0,1,,,,1,7,0,0,1,0
5,8,3,1,3,33,FRANCE,AQUITAINE,063,33063,BORDEAUX,RUE DES MENUTS,53201,0,4,VC,0,2,2,,,0,1,,,,1,7,0,0,1,0
5,8,2,1,6,33,FRANCE,AQUITAINE,063,33063,BORDEAUX,COURS PASTEUR,53206,5,4,VC,0,1,3,,,0,1,,,,1,40,0,0,1,0
1,6,6,1,7,33,FRANCE,AQUITAINE,069,33069,BOUSCAT (LE),RUE FERDINAND BUISSON,53219,0,4,VC,0,2,2,,,0,1,,,,1,7,0,0,1,0
1,7,6,1,3,33,FRANCE,AQUITAINE,318,33318,PESSAC,AVENUE GUSTAVE EIFFEL,53224,0,4,VC,0,2,2,,,0,1,,,,1,7,0,0,1,0
5,8,2,1,3,33,FRANCE,AQUITAINE,063,33063,BORDEAUX,COURS DU MEDOC,53229,0,4,VC,0,2,2,,,0,1,,,,1,7,0,0,1,0
1,7,2,1,6,33,FRANCE,AQUITAINE,281,33281,MERIGNAC,RUE RAOUL AMAT,53231,0,4,VC,0,2,2,,,1,5,,,,1,,0,0,1,0
1,8,2,1,3,33,FRANCE,AQUITAINE,063,33063,BORDEAUX,RUE ROBERT SCHUMAN,53238,0,4,VC,0,2,2,,,0,1,,,,1,7,0,0,1,0
1,8,1,1,6,33,FRANCE,AQUITAINE,063,33063,BORDEAUX,COURS DE LA MARNE,53239,0,4,VC,0,1,2,,,0,1,,,,1,7,0,0,1,0
1,8,1,1,6,33,FRANCE,AQUITAINE,063,33063,BORDEAUX,PLACE DE LA VICTOIRE,53247,4,4,VC,0,2,2,,,0,1,,,,1,,0,0,0,1
1,8,2,1,6,33,FRANCE,AQUITAINE,063,33063,BORDEAUX,RUE CAMILLE GODARD,53265,0,4,VC,0,3,4,,,2,1,,,,1,7,0,0,1,0
1,8,1,1,6,33,FRANCE,AQUITAINE,063,33063,BORDEAUX,COURS DU MEDOC,53279,0,4,VC,0,3,4,,,0,1,,,,1,7,0,0,1,0
2,6,2,1,6,33,FRANCE,AQUITAINE,192,33192,GRADIGNAN,RUE DU CHOUINEY,53282,5,4,VC,0,2,2,,,2,1,,,,1,7,0,0,1,0
1,8,4,1,3,33,FRANCE,AQUITAINE,063,33063,BORDEAUX,RUE PIERRE DUHEM,53291,0,4,VC,0,1,1,,,0,1,,,,1,7,0,0,1,1
1,8,4,7,3,33,FRANCE,AQUITAINE,063,33063,BORDEAUX,RUE DOMION CAUD,53294,0,4,VC,0,2,2,,,0,1,,,,1,7,0,0,1,0
1,5,1,1,7,33,FRANCE,AQUITAINE,032,33032,BASSENS,AVENUE JEAN JAURES,53307,0,4,VC,0,2,2,,,0,1,,,,1,7,0,0,1,0
5,7,6,1,3,33,FRANCE,AQUITAINE,318,33318,PESSAC,AVENUE ROGER COHE,53310,0,4,VC,0,2,2,,,0,1,,,,1,10,0,0,1,0
5,8,1,1,6,33,FRANCE,AQUITAINE,063,33063,BORDEAUX,COURS DE LA MARNE,53313,0,4,VC,0,2,3,,,0,1,,,,1,7,0,0,1,0
1,7,1,1,6,33,FRANCE,AQUITAINE,318,33318,PESSAC,AVENUE LEON BLUM,53315,0,4,VC,0,2,2,,,0,1,,,,1,7,0,0,1,0
1,8,5,1,6,33,FRANCE,AQUITAINE,063,33063,BORDEAUX,COURS DE LA SOMME,53318,0,4,VC,0,2,3,,,1,1,,,,1,7,0,0,1,0
1,8,2,1,3,33,FRANCE,AQUITAINE,063,33063,BORDEAUX,PLACE DES QUINCONCES,53320,0,4,VC,0,2,2,,,0,1,,,,1,40,0,0,1,0
1,8,3,1,6,33,FRANCE,AQUITAINE,063,33063,BORDEAUX,AVENUE THIERS,53326,4,4,VC,0,2,10,,,1,1,,,,1,7,0,0,1,0
1,6,1,1,6,33,FRANCE,AQUITAINE,522,33522,TALENCE,COURS DE LA LIBERATION,53348,0,6,Parking,0,2,2,,,0,1,,,,1,7,0,0,1,0
1,8,4,1,3,33,FRANCE,AQUITAINE,063,33063,BORDEAUX,RUE DE SEZE,53357,0,4,VC,0,1,1,,,0,1,,,,1,37,0,0,1,0
1,6,5,1,6,33,FRANCE,AQUITAINE,522,33522,TALENCE,PLACE LOUIS BARTHOU,53358,5,4,VC,0,2,5,,,0,1,,,,1,7,0,0,1,0
1,7,1,1,6,33,FRANCE,AQUITAINE,281,33281,MERIGNAC,AVENUE DE MAGUDAS,53365,0,4,VC,0,2,3,,,2,1,,,,1,7,0,0,1,0
1,6,5,1,3,33,FRANCE,AQUITAINE,522,33522,TALENCE,COURS GAMBETTA,53366,4,4,VC,0,2,4,,,3,1,,,,1,7,0,0,1,1
1,8,1,1,3,33,FRANCE,AQUITAINE,063,33063,BORDEAUX,AVENUE THIERS,53376,0,4,VC,0,3,0,,,0,1,,,,1,7,0,0,1,0
1,8,2,1,3,33,FRANCE,AQUITAINE,063,33063,BORDEAUX,RUE PEYRONNET,53400,0,4,VC,0,1,2,,,2,1,,,,1,7,0,0,1,0
1,8,5,1,3,33,FRANCE,AQUITAINE,063,33063,BORDEAUX,PLACE LUCIEN VICTOR MEUNIER,53401,0,4,VC,0,3,2,,,0,1,,,,1,7,0,0,1,0
1,8,1,1,6,33,FRANCE,AQUITAINE,063,33063,BORDEAUX,RUE RODRIGUES PEREIRE,53403,0,4,VC,0,1,1,,,0,1,,,,1,7,0,0,1,0
1,6,1,1,3,33,FRANCE,AQUITAINE,119,33119,CENON,RUE CAMILLE PELLETAN,53412,0,4,VC,0,1,1,,,0,1,,,,1,7,0,0,1,0
1,8,2,1,6,33,FRANCE,AQUITAINE,063,33063,BORDEAUX,RUE PASTEUR CAUD,53421,0,4,VC,0,2,2,,,2,1,,,,1,7,0,0,1,0
5,8,2,1,6,33,FRANCE,AQUITAINE,063,33063,BORDEAUX,RUE DE TAUZIA,53423,4,4,VC,0,1,2,,,3,1,,,,1,40,0,0,1,0
1,8,1,1,3,33,FRANCE,AQUITAINE,063,33063,BORDEAUX,BOULEVARD DU PRESIDENT WILSON,53446,0,4,VC,0,3,4,,,2,1,,,,1,7,0,0,1,0
1,6,4,3,3,33,FRANCE,AQUITAINE,522,33522,TALENCE,RUE SALVADOR ALLENDE ,53456,0,4,VC,0,2,2,,,0,1,,,,1,7,0,0,1,0
1,8,4,1,3,33,FRANCE,AQUITAINE,063,33063,BORDEAUX,RUE DE TIVOLI,53465,0,4,VC,0,2,2,,,0,1,,,,1,7,0,0,1,0
1,8,3,1,1,33,FRANCE,AQUITAINE,063,33063,BORDEAUX,RUE DE TIVOLI,53467,0,4,VC,0,2,2,,,0,1,,,,1,7,0,0,1,0
1,8,5,1,3,33,FRANCE,AQUITAINE,063,33063,BORDEAUX,RUE BERTRAND DE GOTH,53468,0,4,VC,0,0,1,,,0,1,,,,1,7,0,0,1,0
1,6,1,1,3,33,FRANCE,AQUITAINE,119,33119,CENON,COURS DE VERDUN,53470,0,4,VC,0,2,1,,,0,1,,,,1,7,0,0,1,0
2,8,1,1,6,33,FRANCE,AQUITAINE,063,33063,BORDEAUX,COURS DE LA MARNE,53474,0,4,VC,0,3,3,,,0,1,,,,1,37,0,0,1,0
1,6,3,1,3,33,FRANCE,AQUITAINE,522,33522,TALENCE,RUE POUGNET,53484,0,4,VC,0,0,1,,,0,0,,,,1,7,0,0,1,0
1,8,2,1,3,33,FRANCE,AQUITAINE,063,33063,BORDEAUX,RUE D'ORNANO,53490,0,4,VC,0,1,2,,,0,1,,,,1,7,0,0,1,0
1,5,6,1,3,33,FRANCE,AQUITAINE,075,33075,BRUGES,CHEM DU REDUIT,53493,0,4,VC,0,2,2,,,0,1,,,,1,7,0,0,1,0
1,8,7,1,3,33,FRANCE,AQUITAINE,063,33063,BORDEAUX,ALLEE DE MUNICH,53502,0,4,VC,0,4,1,,,2,1,,,,1,7,0,0,1,0
1,8,2,1,3,33,FRANCE,AQUITAINE,063,33063,BORDEAUX,RUE CASTEJA,53510,0,4,VC,0,1,1,,,0,1,,,,1,7,0,0,1,0
1,8,1,1,6,33,FRANCE,AQUITAINE,063,33063,BORDEAUX,COURS DE L'YSER,53513,1,4,VC,0,2,2,,,0,1,,,,1,10,0,0,1,0
1,6,6,1,3,33,FRANCE,AQUITAINE,522,33522,TALENCE,COURS GAMBETTA,53517,0,4,VC,0,3,4,,,2,1,,,,1,7,0,0,1,0
1,8,3,1,3,33,FRANCE,AQUITAINE,063,33063,BORDEAUX,COURS DE VERDUN,53519,0,4,VC,0,2,3,,,2,1,,,,1,37,0,0,1,0
1,7,1,1,3,33,FRANCE,AQUITAINE,318,33318,PESSAC,AVENUE PASTEUR ,53526,0,4,VC,0,2,2,,,0,1,,,,1,7,0,0,1,0
2,8,7,2,3,33,FRANCE,AQUITAINE,063,33063,BORDEAUX,PONT DE PIERRE,53530,4,4,VC,0,3,4,,,2,1,,,,1,7,0,0,1,0
1,8,3,1,3,33,FRANCE,AQUITAINE,063,33063,BORDEAUX,RUE CASTELNAU D'AUROS,53541,0,4,VC,0,1,1,,,0,0,,,,1,7,0,0,1,0
1,7,3,1,3,33,FRANCE,AQUITAINE,281,33281,MERIGNAC,ALLEE  DES ACACIAS ,53556,0,4,VC,0,2,2,,,0,1,,,,1,7,0,0,1,0
1,8,2,1,6,33,FRANCE,AQUITAINE,063,33063,BORDEAUX,RUE MICHELET,53560,0,4,VC,0,1,2,,,0,1,,,,1,,0,0,0,1
1,7,3,2,3,33,FRANCE,AQUITAINE,318,33318,PESSAC,MAIL PIERRE MENDES FRANCE,53587,1,4,VC,0,2,1,,,0,1,,,,1,7,0,0,1,0
1,8,3,1,3,33,FRANCE,AQUITAINE,063,33063,BORDEAUX,RUE ALPHONSE DUPEUX,53590,0,4,VC,0,1,1,,,0,1,,,,1,,0,0,0,1
1,7,6,1,3,33,FRANCE,AQUITAINE,318,33318,PESSAC,AVENUE DU POUJEAU,53593,0,4,VC,0,2,2,,,0,1,,,,1,7,0,0,1,0
1,8,4,1,3,33,FRANCE,AQUITAINE,063,33063,BORDEAUX,AVENUE CHARLES DE GAULLE CAUD,53595,0,4,VC,0,2,3,,,0,1,,,,1,7,0,0,1,0
1,6,1,1,3,33,FRANCE,AQUITAINE,039,33039,BEGLES,AVENUE JEANNE D'ARC,53601,0,4,VC,0,3,2,,,0,1,,,,1,7,0,0,1,0
1,7,4,1,3,33,FRANCE,AQUITAINE,318,33318,PESSAC,AVENUE DE BEUTRE,53602,0,4,VC,0,2,2,,,0,1,,,,1,7,0,0,1,0
1,8,3,2,3,33,FRANCE,AQUITAINE,063,33063,BORDEAUX,COURS VICTOR HUGO,53607,0,4,VC,0,3,4,,,2,1,,,,1,7,0,0,1,0
1,8,1,1,3,33,FRANCE,AQUITAINE,063,33063,BORDEAUX,BOULEVARD DU PRESIDENT WILSON,53608,0,4,VC,0,3,4,,,2,1,,,,1,37,0,0,1,0
1,6,6,1,3,33,FRANCE,AQUITAINE,522,33522,TALENCE,COURS DE LA LIBERATION,53611,0,4,VC,0,3,2,,,0,1,,,,1,7,0,0,1,0
1,8,3,1,3,33,FRANCE,AQUITAINE,063,33063,BORDEAUX,RUE DES MENUTS,53615,0,4,VC,0,2,2,,,0,1,,,,1,7,0,0,1,0
1,8,5,1,3,33,FRANCE,AQUITAINE,063,33063,BORDEAUX,RUE BRIAN,53620,4,4,VC,0,1,1,,,0,1,,,,1,10,0,0,1,0
1,8,5,1,3,33,FRANCE,AQUITAINE,063,33063,BORDEAUX,RUE LE CHAPELIER,53622,0,4,VC,0,1,2,,,1,1,,,,1,30,0,0,1,0
1,6,3,1,3,33,FRANCE,AQUITAINE,522,33522,TALENCE,RUE BOURGES,53626,0,4,VC,0,2,2,,,0,1,,,,1,7,0,0,1,0
1,8,1,1,3,33,FRANCE,AQUITAINE,063,33063,BORDEAUX,COURS DE L'YSER,53629,0,4,VC,0,2,2,,,1,1,,,,1,7,0,0,1,0
1,8,2,1,3,33,FRANCE,AQUITAINE,063,33063,BORDEAUX,RUE CATROS,53630,0,4,VC,0,2,2,,,0,1,,,,1,7,0,0,1,0
1,7,1,1,2,33,FRANCE,AQUITAINE,281,33281,MERIGNAC,AVENUE DU MARECHAL DE LATTRE DE TASSIGNY,53633,0,4,VC,0,2,2,,,0,1,,,,1,10,0,0,1,0
1,7,1,1,1,33,FRANCE,AQUITAINE,318,33318,PESSAC,RUE GUTENBERG,53641,0,4,VC,0,2,2,,,0,1,,,,1,7,0,0,1,0
1,7,1,1,3,33,FRANCE,AQUITAINE,318,33318,PESSAC,AVENUE DU GENERAL LECLERC,53656,0,4,VC,0,2,4,,,1,1,,,,1,7,0,0,1,0
1,8,6,1,3,33,FRANCE,AQUITAINE,063,33063,BORDEAUX,RUE JULES FERRY CAUD,53665,0,4,VC,0,2,2,,,2,1,,,,1,7,0,0,1,0
1,8,2,1,3,33,FRANCE,AQUITAINE,063,33063,BORDEAUX,RUE GOYA,53670,0,4,VC,0,1,1,,,0,1,,,,1,7,0,0,1,0
1,6,3,1,3,33,FRANCE,AQUITAINE,039,33039,BEGLES,,53673,0,4,VC,,0,1,,,1,1,,,,1,7,0,0,1,0
1,8,1,1,3,33,FRANCE,AQUITAINE,063,33063,BORDEAUX,COURS DE VERDUN,53676,0,4,VC,0,4,1,,,0,1,,,,1,,0,0,1,0
1,7,6,1,2,33,FRANCE,AQUITAINE,281,33281,MERIGNAC,AVENUE MARCEL DASSAULT,53684,0,4,VC,0,2,2,,,0,1,,,,1,7,0,0,1,0
1,7,3,1,3,33,FRANCE,AQUITAINE,281,33281,MERIGNAC,PLACE MONDESIR,53690,0,4,VC,0,0,1,,,0,0,,,,1,7,0,0,1,0
5,8,2,1,3,33,FRANCE,AQUITAINE,063,33063,BORDEAUX,RUE MATHIEU,53691,0,4,VC,0,1,1,,,0,1,,,,1,7,0,0,1,0
1,8,3,1,3,33,FRANCE,AQUITAINE,063,33063,BORDEAUX,RUE MAUBOURGUET,53693,0,4,VC,0,1,1,,,0,1,,,,1,7,0,0,1,0
5,7,1,1,7,33,FRANCE,AQUITAINE,318,33318,PESSAC,RUE ROBERT ESCARPIT,53706,0,4,VC,0,2,2,,,0,1,,,,1,7,0,0,1,0
1,7,3,1,3,33,FRANCE,AQUITAINE,281,33281,MERIGNAC,IMPASSECHARLIE PARKER,53719,0,4,VC,0,2,2,,,0,1,,,,1,7,0,0,1,0
1,6,1,1,3,33,FRANCE,AQUITAINE,192,33192,GRADIGNAN,RUE DES FONTAINES DE MONJOUS,53747,0,4,VC,0,2,2,,,2,1,,,,1,7,0,0,1,0
2,7,2,5,3,33,FRANCE,AQUITAINE,281,33281,MERIGNAC,AVENUE ARISTIDE BRIAND,53750,0,4,VC,0,2,2,,,0,1,,,,1,7,0,0,1,0
1,8,2,1,3,33,FRANCE,AQUITAINE,063,33063,BORDEAUX,RUE DE BEGLES,53753,0,4,VC,0,2,2,,,0,1,,,,1,7,0,0,1,0
1,8,9,1,3,33,FRANCE,AQUITAINE,063,33063,BORDEAUX,COURS D'ALSACE ET LORRAINE,53757,0,4,VC,0,2,0,,,0,1,,,,1,7,0,0,1,0
2,6,2,1,3,33,FRANCE,AQUITAINE,069,33069,BOUSCAT (LE),AVENUE DU MARECHAL DE LATTRE DE TASSIGNY,53758,0,4,VC,0,2,2,,,0,1,,,,1,7,0,0,1,0
1,7,1,1,3,33,FRANCE,AQUITAINE,281,33281,MERIGNAC,AVENUE DU MARECHAL LECLERC,53760,4,4,VC,0,1,2,,,2,1,,,,1,7,0,0,1,0
5,7,3,1,3,33,FRANCE,AQUITAINE,281,33281,MERIGNAC,AVENUE MONTESQUIEU,53771,0,4,VC,0,2,2,,,2,1,,,,1,7,0,0,1,0
1,8,2,1,3,33,FRANCE,AQUITAINE,063,33063,BORDEAUX,RUE RODRIGUES PEREIRE,53772,0,4,VC,0,1,1,,,0,1,,,,1,7,0,0,1,0
1,6,1,1,3,33,FRANCE,AQUITAINE,550,33550,VILLENAVE-D'ORNON,ROUTE DE TOULOUSE,53788,0,4,VC,0,2,2,,,0,1,,,,1,7,0,0,1,0
2,7,6,1,3,33,FRANCE,AQUITAINE,318,33318,PESSAC,AVENUE JEAN BABIN,53799,0,4,VC,0,2,2,,,0,1,,,,1,7,0,0,1,0
5,8,4,8,3,33,FRANCE,AQUITAINE,063,33063,BORDEAUX,PLACE TARTAS,53808,1,4,VC,0,0,1,,,0,1,,,,1,10,0,0,1,0
5,6,2,2,6,33,FRANCE,AQUITAINE,039,33039,BEGLES,COURS VICTOR HUGO,53819,0,4,VC,0,0,1,,,0,0,,,,1,,0,0,1,0
5,8,5,3,3,33,FRANCE,AQUITAINE,063,33063,BORDEAUX,RUE ESPRIT-DES-LOIS,53824,4,4,VC,0,2,2,,,0,1,,,,1,7,0,0,1,0
1,6,6,1,3,33,FRANCE,AQUITAINE,522,33522,TALENCE,COURS DE LA LIBERATION,53838,4,4,VC,0,2,1,,,0,1,,,,1,7,0,0,1,0
1,6,1,1,3,33,FRANCE,AQUITAINE,119,33119,CENON,AVENUE RENE CASSAGNE,53841,0,4,VC,0,2,4,,,2,1,,,,1,7,0,0,1,0
1,7,1,1,7,34,FRANCE,LANGUEDOC-ROUSSILLON,032,34032,BEZIERS,BOULEVARD DE VERDUN,54000,0,4,VC,0,2,3,,,0,1,,,,1,10,0,0,1,0
1,8,1,1,3,34,FRANCE,LANGUEDOC-ROUSSILLON,172,34172,MONTPELLIER,AVENUE DES MOULINS,54019,0,4,VC,0,2,2,,,0,1,,,,1,7,0,0,1,0
1,8,1,6,7,34,FRANCE,LANGUEDOC-ROUSSILLON,172,34172,MONTPELLIER,RUE DES CHASSEURS,54106,0,4,VC,0,2,4,,,0,1,,,,1,,0,0,1,0
1,8,1,1,3,34,FRANCE,LANGUEDOC-ROUSSILLON,172,34172,MONTPELLIER,RUE BALARD,54109,0,4,VC,0,1,1,,,0,1,,,,1,10,0,0,1,0
1,8,2,1,3,34,FRANCE,LANGUEDOC-ROUSSILLON,172,34172,MONTPELLIER,RUE DE SUBSTANTION,54160,0,4,VC,0,1,1,,,0,1,,,,1,7,0,0,1,0
1,8,1,1,1,34,FRANCE,LANGUEDOC-ROUSSILLON,172,34172,MONTPELLIER,ROUTE DE LAVERUNE,54168,0,3,RD,0,1,1,,,1,5,,,,1,30,0,0,1,0
1,8,1,1,3,34,FRANCE,LANGUEDOC-ROUSSILLON,172,34172,MONTPELLIER,RUE DELMAS,54171,0,4,VC,0,2,4,,,0,1,,,,1,5,0,0,1,0
1,7,2,1,3,34,FRANCE,LANGUEDOC-ROUSSILLON,032,34032,BEZIERS,RUE SOLFERINO,54197,0,4,VC,0,1,1,,,0,1,,,,1,10,0,0,1,0
1,7,1,1,3,34,FRANCE,LANGUEDOC-ROUSSILLON,032,34032,BEZIERS,RUE DE STRAVOPOL,54202,0,4,VC,0,2,2,,,0,1,,,,1,7,0,0,1,0
1,8,1,1,6,34,FRANCE,LANGUEDOC-ROUSSILLON,172,34172,MONTPELLIER,BOULEVARD VICTOR HUGO,54211,0,4,VC,0,0,0,,,0,4,,,,1,,0,0,0,1