lum,agg,int,atm,col,dep_bis,pays,region,com_bis,com_codeINSEE,communes,N_voie,numac,infra,catr,type_route,voie,circ,nbv,pr,pr1,vosp,situ,lat,long,adr,accident_velo,vehicule_imp,cycl_mort,cycl_bgv,cycl_blg,cycl_indm
1,6,1,1,6,34,FRANCE,LANGUEDOC-ROUSSILLON,301,34301,SETE,RUE DE LA DOUANE,54230,0,4,VC,0,1,1,,,0,1,,,,1,7,0,0,1,0
1,4,2,1,3,34,FRANCE,LANGUEDOC-ROUSSILLON,336,34336,VILLENEUVE-LES-BEZIERS,RUE DE LA SOURCE,54242,0,4,VC,0,2,2,,,0,1,,,,1,7,0,0,1,0
1,7,1,1,3,34,FRANCE,LANGUEDOC-ROUSSILLON,032,34032,BEZIERS,BOULEVARD YVES DU MANOIR,54245,0,4,VC,0,2,2,,,0,4,,,,1,7,0,0,1,1
1,8,3,1,3,34,FRANCE,LANGUEDOC-ROUSSILLON,172,34172,MONTPELLIER,AVENUE DE LA POMPIGNANE,54254,0,4,VC,0,2,2,,,1,1,,,,1,7,0,0,1,0
1,8,1,1,2,34,FRANCE,LANGUEDOC-ROUSSILLON,172,34172,MONTPELLIER,RUE ALBERT LEENHARDT,54259,0,4,VC,0,1,1,,,0,1,,,,1,7,0,0,1,0
1,8,6,1,3,34,FRANCE,LANGUEDOC-ROUSSILLON,172,34172,MONTPELLIER,PLACE CHRISTOPHE COLOMB,54262,0,4,VC,0,1,2,,,0,1,,,,1,7,0,0,1,0
1,8,3,1,3,34,FRANCE,LANGUEDOC-ROUSSILLON,172,34172,MONTPELLIER,RUE DU SICHUAN,54267,0,4,VC,0,2,2,,,0,1,,,,1,7,0,0,1,0
1,1,1,1,3,34,FRANCE,LANGUEDOC-ROUSSILLON,032,34032,BEZIERS,ROUTE NATIONALE 1112,54293,0,2,RN,0,2,4,,,0,1,,,,1,7,0,0,1,0
1,8,1,1,6,34,FRANCE,LANGUEDOC-ROUSSILLON,172,34172,MONTPELLIER,RUE MICHELET,54304,0,9,Autre,0,2,2,,,3,0,,,,1,2,0,0,1,0
1,8,1,1,3,34,FRANCE,LANGUEDOC-ROUSSILLON,172,34172,MONTPELLIER,RUE FOCH,54307,0,4,VC,0,3,2,,,0,1,,,,1,7,0,0,1,0
1,8,1,1,6,34,FRANCE,LANGUEDOC-ROUSSILLON,172,34172,MONTPELLIER,AVENUE DU VAL DE MONTFERRAND,54327,0,4,VC,0,2,2,,,0,1,,,,1,18,0,0,1,0
1,8,1,1,1,34,FRANCE,LANGUEDOC-ROUSSILLON,172,34172,MONTPELLIER,AVENUE DE TOULOUSE ,54357,0,4,VC,0,2,4,,,0,1,,,,1,7,0,0,1,0
1,8,3,1,3,34,FRANCE,LANGUEDOC-ROUSSILLON,172,34172,MONTPELLIER,AVENUE CHARLES FLAHAULT,54361,0,4,VC,0,2,5,,,0,1,,,,1,7,0,0,1,0
1,8,5,1,6,34,FRANCE,LANGUEDOC-ROUSSILLON,172,34172,MONTPELLIER,RUE DE LA VIEILLE POSTE,54362,5,4,VC,0,4,5,,,1,5,,,,1,7,0,0,1,0
5,8,4,1,3,34,FRANCE,LANGUEDOC-ROUSSILLON,172,34172,MONTPELLIER,RUE HENRI PEQUET,54366,5,4,VC,0,2,7,,,2,1,,,,1,7,0,0,1,0
1,5,1,1,3,34,FRANCE,LANGUEDOC-ROUSSILLON,198,34198,PEROLS,RUE DE LA RESISTANCE,54378,0,3,RD,0,2,2,,,1,5,,,,1,,0,0,0,1
1,8,1,8,3,34,FRANCE,LANGUEDOC-ROUSSILLON,172,34172,MONTPELLIER,PLACE FLANDRES-DUNKERQUE,54387,0,4,VC,0,2,3,,,0,1,,,,1,7,0,0,1,0
1,1,1,1,6,34,FRANCE,LANGUEDOC-ROUSSILLON,336,34336,VILLENEUVE-LES-BEZIERS,ROUTE DEPARTEMENTALE  612,54397,0,3,RD,0,3,2,,,0,1,,,,1,7,0,0,1,0
1,7,3,1,3,34,FRANCE,LANGUEDOC-ROUSSILLON,032,34032,BEZIERS,RUE D'ALGER ,54404,0,4,VC,0,2,2,,,0,1,,,,1,7,0,0,1,0
1,8,3,1,3,34,FRANCE,LANGUEDOC-ROUSSILLON,172,34172,MONTPELLIER,RUE DU TRIOLET,54433,0,4,VC,0,1,1,,,0,1,,,,1,7,0,0,1,0
1,8,1,1,3,34,FRANCE,LANGUEDOC-ROUSSILLON,172,34172,MONTPELLIER,AVENUE DE LODEVE,54434,0,4,VC,109,2,2,,,0,1,,,,1,7,0,0,1,0
5,8,1,1,2,34,FRANCE,LANGUEDOC-ROUSSILLON,172,34172,MONTPELLIER,RUE LA BLOTTIERE,54439,0,4,VC,0,2,3,,,0,1,,,,1,99,0,0,1,0
1,8,1,1,2,34,FRANCE,LANGUEDOC-ROUSSILLON,172,34172,MONTPELLIER,RUE AUGUSTE BROUSSONNET,54442,0,4,VC,0,2,2,,,0,1,,,,1,7,0,0,1,0
1,1,4,1,3,34,FRANCE,LANGUEDOC-ROUSSILLON,336,34336,VILLENEUVE-LES-BEZIERS,ROND-POINT DE LA MEDITERRANEE,54456,5,4,VC,0,1,2,,,0,1,,,,1,7,0,0,1,0
1,7,1,1,3,34,FRANCE,LANGUEDOC-ROUSSILLON,032,34032,BEZIERS,ALLEES RIQUET PIERRE PAUL,54465,0,4,VC,0,1,1,,,0,1,,,,1,7,0,0,1,0
1,1,1,1,7,34,FRANCE,LANGUEDOC-ROUSSILLON,172,34172,MONTPELLIER,AVENUE ALBERT EINSTEIN,54482,0,4,VC,0,2,2,,,1,5,,,,1,,0,0,1,0
1,8,2,1,3,34,FRANCE,LANGUEDOC-ROUSSILLON,172,34172,MONTPELLIER,PLACE D'AVILER,54550,0,4,VC,0,2,2,,,0,1,,,,1,33,0,0,1,0
1,8,2,1,3,34,FRANCE,LANGUEDOC-ROUSSILLON,172,34172,MONTPELLIER,RUE DES BALANCES,54556,0,4,VC,0,1,1,,,0,1,,,,1,7,0,0,1,0
1,3,1,1,1,34,FRANCE,LANGUEDOC-ROUSSILLON,078,34078,CLARET,RD 107,54568,0,3,RD,107,2,2,0,0,0,1,4386600,390600,,1,7,0,0,1,0
5,8,3,1,3,34,FRANCE,LANGUEDOC-ROUSSILLON,172,34172,MONTPELLIER,RUE HENRI PEQUET,54602,0,4,VC,0,2,2,,,1,1,,,,1,2,0,0,1,0
1,5,3,1,3,34,FRANCE,LANGUEDOC-ROUSSILLON,198,34198,PEROLS,AVENUE MARCEL PAGNOL,54609,0,4,VC,0,2,2,,,0,1,,,,1,7,0,0,1,0
5,8,1,2,6,34,FRANCE,LANGUEDOC-ROUSSILLON,172,34172,MONTPELLIER,BOULEVARD BENJAMIN MILHAUD,54613,0,4,VC,0,2,2,,,0,1,,,,1,,0,0,0,1
1,8,1,1,3,34,FRANCE,LANGUEDOC-ROUSSILLON,172,34172,MONTPELLIER,RUE DE GENES,54621,0,4,VC,0,2,2,,,0,1,,,,1,7,0,0,1,0
1,7,3,1,3,34,FRANCE,LANGUEDOC-ROUSSILLON,032,34032,BEZIERS,RUE LINNE,54650,5,4,VC,0,1,1,,,0,1,,,,1,7,0,0,1,0
1,8,2,1,3,34,FRANCE,LANGUEDOC-ROUSSILLON,172,34172,MONTPELLIER,AVENUE JACQUES CARTIER,54692,0,4,VC,0,2,4,,,3,1,,,,1,38,0,0,1,0
1,8,3,1,3,34,FRANCE,LANGUEDOC-ROUSSILLON,172,34172,MONTPELLIER,RUE FREDERIC FABREGES,54694,5,4,VC,0,2,2,,,0,1,,,,1,7,0,0,1,0
5,8,3,8,1,34,FRANCE,LANGUEDOC-ROUSSILLON,172,34172,MONTPELLIER,AVENUE ABBE PAUL PARGUEL,54697,0,4,VC,0,2,2,,,0,1,4363773,385956,,1,7,0,0,1,0
1,8,2,1,3,34,FRANCE,LANGUEDOC-ROUSSILLON,172,34172,MONTPELLIER,AVENUE DU MARECHAL LECLERC,54705,0,4,VC,0,2,2,,,0,1,,,,1,7,0,0,1,0
1,8,1,1,3,34,FRANCE,LANGUEDOC-ROUSSILLON,172,34172,MONTPELLIER,RUE EMILE ZOLA,54710,0,4,VC,0,2,2,,,0,4,,,,1,7,0,0,1,0
1,8,1,1,7,34,FRANCE,LANGUEDOC-ROUSSILLON,172,34172,MONTPELLIER,RUE DORIA,54715,0,4,VC,0,1,2,,,0,1,,,,1,,0,0,1,0
1,5,1,1,7,34,FRANCE,LANGUEDOC-ROUSSILLON,003,34003,AGDE,MITTERRAND,54790,0,4,VC,0,1,1,,,0,1,,,,1,,0,0,1,0
1,8,1,8,2,34,FRANCE,LANGUEDOC-ROUSSILLON,172,34172,MONTPELLIER,AVENUE DE LA LIBERTE,54811,0,4,VC,0,2,3,,,0,1,,,,1,7,0,0,0,1
1,5,1,9,1,34,FRANCE,LANGUEDOC-ROUSSILLON,926,34926,CARNON-PLAGE,RD 62,54842,0,3,RD,62,3,0,0,0,0,1,0,0,,1,7,0,0,1,0
1,8,1,2,2,34,FRANCE,LANGUEDOC-ROUSSILLON,172,34172,MONTPELLIER,CARREFOUR PAUL-HENRI SPAAK,54891,3,4,VC,0,3,4,,,0,1,,,,1,7,0,0,1,0
1,8,3,1,3,34,FRANCE,LANGUEDOC-ROUSSILLON,172,34172,MONTPELLIER,AVENUE GEORGES CLEMENCEAU,54926,0,4,VC,0,2,3,,,0,1,,,,1,20,0,0,1,0
1,6,4,1,3,34,FRANCE,LANGUEDOC-ROUSSILLON,145,34145,LUNEL,Autre 0,54949,0,9,Autre,0,1,0,0,0,0,1,0,0,,1,7,0,0,1,0
1,4,6,1,1,34,FRANCE,LANGUEDOC-ROUSSILLON,114,34114,GIGNAC,RD 32,54953,5,3,RD,32,2,2,0,0,0,1,4365700,355400,,1,10,0,0,1,0
1,1,1,1,1,34,FRANCE,LANGUEDOC-ROUSSILLON,202,34202,PIGNAN,VC 0,54954,0,4,VC,0,0,1,0,0,0,1,4358200,375700,,1,10,0,0,1,0
5,8,1,2,6,34,FRANCE,LANGUEDOC-ROUSSILLON,172,34172,MONTPELLIER,RUE DU TRUEL,54968,0,4,VC,0,2,2,,,0,1,,,,1,,0,0,1,0
1,7,6,1,3,34,FRANCE,LANGUEDOC-ROUSSILLON,032,34032,BEZIERS,ROUTE DE BESSAN,54999,5,3,RD,0,1,2,,,0,1,,,,1,7,0,0,1,0
1,8,2,1,7,34,FRANCE,LANGUEDOC-ROUSSILLON,172,34172,MONTPELLIER,RUE DE LA VIEILLE POSTE,55015,0,4,VC,0,2,2,,,1,5,,,,1,,0,0,1,0
1,7,1,1,7,34,FRANCE,LANGUEDOC-ROUSSILLON,032,34032,BEZIERS,RUE CORTOT ALFRED,55052,0,4,VC,0,2,2,,,0,1,,,,1,,0,0,1,0
1,7,1,1,1,34,FRANCE,LANGUEDOC-ROUSSILLON,032,34032,BEZIERS,BOULEVARD CADENAT JULES,55055,0,4,VC,0,3,4,,,0,1,,,,1,7,0,0,1,0
1,8,1,1,3,34,FRANCE,LANGUEDOC-ROUSSILLON,172,34172,MONTPELLIER,RUE DE LAS SORBES,55064,5,4,VC,0,2,3,,,0,0,,,,1,7,0,0,1,0
1,8,1,1,6,34,FRANCE,LANGUEDOC-ROUSSILLON,172,34172,MONTPELLIER,RUE JULES FERRY,55072,6,4,VC,0,0,0,,,0,4,,,,1,,0,0,0,1
1,8,1,1,3,34,FRANCE,LANGUEDOC-ROUSSILLON,172,34172,MONTPELLIER,RUE D'ARGENCOURT,55075,0,4,VC,0,2,1,,,0,1,,,,1,7,0,0,1,0
1,5,1,1,3,34,FRANCE,LANGUEDOC-ROUSSILLON,198,34198,PEROLS,AVENUE MARCEL PAGNOL,55081,0,4,VC,0,2,2,,,1,5,,,,1,7,0,0,1,0
1,8,1,1,3,34,FRANCE,LANGUEDOC-ROUSSILLON,172,34172,MONTPELLIER,RUE DES AIGRETTES,55087,0,4,VC,0,2,2,,,0,1,,,,1,7,0,0,1,0
1,1,2,2,3,34,FRANCE,LANGUEDOC-ROUSSILLON,032,34032,BEZIERS,ROUTE DE MARAUSSAN,55103,5,3,RD,0,2,2,,,0,1,,,,1,7,0,0,1,0
1,4,6,1,3,34,FRANCE,LANGUEDOC-ROUSSILLON,336,34336,VILLENEUVE-LES-BEZIERS,ROND-POINT DE LA MEDITERRANEE,55104,5,4,VC,0,1,2,,,0,1,,,,1,7,0,0,1,0
1,7,2,1,3,34,FRANCE,LANGUEDOC-ROUSSILLON,032,34032,BEZIERS,BOULEVARD FREDERIC MISTRAL,55126,5,4,VC,0,2,3,,,0,1,,,,1,7,0,0,1,0
1,8,8,1,3,34,FRANCE,LANGUEDOC-ROUSSILLON,172,34172,MONTPELLIER,BOULEVARD D'ANTIGONE,55190,4,9,Autre,0,2,2,,,3,0,,,,1,40,0,0,1,0
1,8,6,1,3,34,FRANCE,LANGUEDOC-ROUSSILLON,172,34172,MONTPELLIER,RUE DU PILORY,55191,0,4,VC,0,3,1,,,0,1,,,,1,7,0,0,1,0
5,8,2,8,3,34,FRANCE,LANGUEDOC-ROUSSILLON,172,34172,MONTPELLIER,PLACE LEROY-BEAULIEU,55198,5,4,VC,0,2,3,,,0,1,4360908,386706,,1,7,0,0,1,0
5,8,2,1,3,34,FRANCE,LANGUEDOC-ROUSSILLON,172,34172,MONTPELLIER,RUE DE LA VIEILLE POSTE,55205,0,4,VC,0,2,3,,,0,1,,,,1,7,0,0,1,0
2,8,1,1,7,34,FRANCE,LANGUEDOC-ROUSSILLON,172,34172,MONTPELLIER,ROUTE DE LAVERUNE,55209,3,4,VC,0,2,3,,,0,1,,,,1,7,0,0,1,0
1,8,1,1,3,34,FRANCE,LANGUEDOC-ROUSSILLON,172,34172,MONTPELLIER,RUE LE TITIEN,55272,0,4,VC,0,2,1,,,0,1,,,,1,7,0,0,1,0
1,8,1,1,3,34,FRANCE,LANGUEDOC-ROUSSILLON,172,34172,MONTPELLIER,PLACE FLANDRES-DUNKERQUE,55302,0,4,VC,0,1,2,,,0,1,,,,1,7,0,0,1,0
5,8,1,1,7,34,FRANCE,LANGUEDOC-ROUSSILLON,172,34172,MONTPELLIER,ESPLANADE CHARLES DE GAULLE,55315,6,9,Autre,0,0,0,,,0,0,,,,1,,0,0,1,0
1,8,1,1,3,34,FRANCE,LANGUEDOC-ROUSSILLON,172,34172,MONTPELLIER,COURS GAMBETTA,55317,0,4,VC,0,2,4,,,0,1,,,,1,7,0,0,1,0
5,4,1,1,7,34,FRANCE,LANGUEDOC-ROUSSILLON,336,34336,VILLENEUVE-LES-BEZIERS,AVENUE DE LA GARE ,55345,0,4,VC,0,2,2,,,0,1,,,,1,,0,0,1,0
1,8,1,1,6,34,FRANCE,LANGUEDOC-ROUSSILLON,172,34172,MONTPELLIER,AVENUE DE SAINT LAZARE,55357,0,4,VC,0,2,2,,,0,4,,,,1,,0,0,0,1
1,8,2,1,3,34,FRANCE,LANGUEDOC-ROUSSILLON,172,34172,MONTPELLIER,RUE FREDERIC FABREGES,55398,0,4,VC,0,2,2,,,0,1,,,,1,7,0,0,1,0
1,8,1,1,7,34,FRANCE,LANGUEDOC-ROUSSILLON,172,34172,MONTPELLIER,BOULEVARD DU JEU DE PAUME,55399,0,4,VC,0,0,0,,,0,4,,,,1,,0,0,0,1
1,8,3,1,3,34,FRANCE,LANGUEDOC-ROUSSILLON,172,34172,MONTPELLIER,BOULEVARD LOUIS BLANC,55413,4,4,VC,0,1,1,,,0,1,,,,1,10,0,0,1,0
1,8,1,1,3,34,FRANCE,LANGUEDOC-ROUSSILLON,172,34172,MONTPELLIER,ROUTE DE GRABELS,55414,5,4,VC,0,3,4,,,0,1,,,,1,7,0,0,1,0
1,5,1,1,6,34,FRANCE,LANGUEDOC-ROUSSILLON,108,34108,FRONTIGNAN,RUE DES THERMES,55417,0,4,VC,0,2,2,,,0,1,,,,1,7,0,0,1,0
1,8,1,1,5,34,FRANCE,LANGUEDOC-ROUSSILLON,172,34172,MONTPELLIER,AVENUE DE LA JUSTICE DE CASTELNAU,55446,0,4,VC,0,2,4,,,0,1,,,,1,7,0,0,1,0
5,8,1,1,7,34,FRANCE,LANGUEDOC-ROUSSILLON,172,34172,MONTPELLIER,RUE DU TRUEL,55453,0,4,VC,0,1,2,,,0,0,,,,1,,0,0,1,0
1,8,3,1,3,34,FRANCE,LANGUEDOC-ROUSSILLON,172,34172,MONTPELLIER,SUEZ,55463,0,4,VC,0,1,1,,,0,1,4360339,388295,,1,7,0,0,1,0
1,8,2,1,7,34,FRANCE,LANGUEDOC-ROUSSILLON,172,34172,MONTPELLIER,RUE DE LA REPUBLIQUE ,55467,5,4,VC,0,2,3,,,0,1,,,,1,,0,0,1,0
1,8,1,1,3,34,FRANCE,LANGUEDOC-ROUSSILLON,172,34172,MONTPELLIER,RUE DU PONT DE LATTES,55497,4,4,VC,0,1,1,,,3,1,,,,1,7,0,0,1,0
1,8,1,1,1,34,FRANCE,LANGUEDOC-ROUSSILLON,172,34172,MONTPELLIER,ROUTE DE GANGES,55500,0,4,VC,0,0,0,,,0,0,,,,1,40,0,0,1,0
5,8,2,8,1,34,FRANCE,LANGUEDOC-ROUSSILLON,172,34172,MONTPELLIER,BOULEVARD RABELAIS,55502,5,4,VC,0,1,2,,,0,1,,,,1,7,0,0,1,0
1,5,6,2,3,34,FRANCE,LANGUEDOC-ROUSSILLON,108,34108,FRONTIGNAN,ROND-POINT GAMBETTA,55516,0,4,VC,0,1,2,,,0,1,,,,1,7,0,0,1,0
1,1,1,1,1,34,FRANCE,LANGUEDOC-ROUSSILLON,327,34327,VENDARGUES,RD 613,55521,0,3,RD,613,2,2,0,0,0,1,0,0,,1,7,0,0,1,0
1,8,2,1,3,34,FRANCE,LANGUEDOC-ROUSSILLON,172,34172,MONTPELLIER,PLACE DE SPARTE,55547,6,9,Autre,0,4,1,,,3,1,,,,1,40,0,0,1,0
1,8,3,1,1,34,FRANCE,LANGUEDOC-ROUSSILLON,172,34172,MONTPELLIER,RUE DES BRUSSES,55548,0,4,VC,0,2,2,,,0,1,,,,1,7,0,0,1,0
1,8,2,1,3,34,FRANCE,LANGUEDOC-ROUSSILLON,172,34172,MONTPELLIER,PONT JUVENAL,55553,0,4,VC,0,2,2,,,0,1,,,,1,7,0,0,1,0
1,8,1,1,7,34,FRANCE,LANGUEDOC-ROUSSILLON,172,34172,MONTPELLIER,AVENUE DE VILLENEUVE-ANGOULEME,55555,0,4,VC,0,1,1,,,0,4,,,,1,,0,0,1,0
1,8,2,1,3,34,FRANCE,LANGUEDOC-ROUSSILLON,172,34172,MONTPELLIER,RUE JOSEPH CUGNOT,55559,0,4,VC,0,1,1,,,0,1,,,,1,7,0,0,1,0
1,8,6,1,3,34,FRANCE,LANGUEDOC-ROUSSILLON,172,34172,MONTPELLIER,AVENUE PROFESSEUR JEAN-LOUIS VIALA,55573,5,4,VC,0,2,2,,,0,0,,,,1,7,0,0,1,0
1,1,1,1,1,34,FRANCE,LANGUEDOC-ROUSSILLON,189,34189,OLONZAC,RD 52,55579,0,3,RD,52,2,0,9,100,0,1,0,0,,1,7,0,0,1,0
1,5,1,1,3,34,FRANCE,LANGUEDOC-ROUSSILLON,003,34003,AGDE,GENTILSHOMMES,55628,0,4,VC,0,1,2,,,1,1,,,,1,7,0,0,1,0
1,5,2,1,3,34,FRANCE,LANGUEDOC-ROUSSILLON,003,34003,AGDE,BEAULIEU,55630,0,4,VC,0,2,2,,,0,1,,,,1,10,0,0,1,0
1,8,4,1,7,34,FRANCE,LANGUEDOC-ROUSSILLON,172,34172,MONTPELLIER,RUE ADAM DE CRAPONNE,55663,0,4,VC,0,1,1,,,0,1,4360460,386513,,1,7,0,0,1,0
1,8,6,1,1,34,FRANCE,LANGUEDOC-ROUSSILLON,172,34172,MONTPELLIER,AVENUE DES MOULINS,55665,5,4,VC,0,2,2,,,1,1,,,,1,7,0,0,1,0
1,5,1,1,2,34,FRANCE,LANGUEDOC-ROUSSILLON,192,34192,PALAVAS-LES-FLOTS,Autre 0,55674,6,9,Autre,0,3,4,0,0,0,1,0,0,,1,7,0,0,1,0
1,5,1,7,1,34,FRANCE,LANGUEDOC-ROUSSILLON,299,34299,SERIGNAN,RD 37,55677,5,3,RD,37,2,0,0,0,0,1,4328500,328900,,1,7,0,0,1,0
1,8,1,1,3,34,FRANCE,LANGUEDOC-ROUSSILLON,172,34172,MONTPELLIER,AVENUE DU PERE SOULAS,55695,0,4,VC,0,2,2,,,1,5,4362164,385546,,1,7,0,0,1,0
1,8,1,1,3,34,FRANCE,LANGUEDOC-ROUSSILLON,172,34172,MONTPELLIER,AVENUE DE LODEVE,55703,0,4,VC,0,0,2,,,0,1,,,,1,7,0,0,1,0
1,8,2,1,1,34,FRANCE,LANGUEDOC-ROUSSILLON,172,34172,MONTPELLIER,RUE MARC,55711,0,4,VC,0,1,1,,,0,1,,,,1,7,0,0,1,0
1,8,3,1,3,34,FRANCE,LANGUEDOC-ROUSSILLON,172,34172,MONTPELLIER,BOULEVARD DES CONSULS MER,55716,0,4,VC,0,1,3,,,3,1,,,,1,7,0,0,1,0
1,8,1,2,7,34,FRANCE,LANGUEDOC-ROUSSILLON,172,34172,MONTPELLIER,MARIE DE MONTPELLIER,55724,0,4,VC,0,0,0,,,0,4,4360091,389740,,1,,0,0,1,0
1,8,1,1,3,34,FRANCE,LANGUEDOC-ROUSSILLON,172,34172,MONTPELLIER,RUE DE FES,55782,0,4,VC,0,1,1,,,0,1,,,,1,7,0,0,1,0
1,8,2,1,3,34,FRANCE,LANGUEDOC-ROUSSILLON,172,34172,MONTPELLIER,AVENUE SAINT ANDRE DE NOVIGENS,55792,0,4,VC,0,2,2,,,0,1,4361864,389353,,1,33,0,0,1,0
1,8,1,1,2,34,FRANCE,LANGUEDOC-ROUSSILLON,172,34172,MONTPELLIER,AVENUE DU PERE SOULAS,55799,0,4,VC,0,2,2,,,0,1,,,,1,7,0,0,1,0
1,8,1,8,2,34,FRANCE,LANGUEDOC-ROUSSILLON,172,34172,MONTPELLIER,PLACE SAINT DENIS,55804,0,4,VC,0,2,3,,,0,1,,,,1,7,0,0,1,0
1,1,1,6,6,34,FRANCE,LANGUEDOC-ROUSSILLON,337,34337,VILLENEUVE-LES-MAGUELONE,Autre 185,55822,0,9,Autre,185,0,0,0,0,1,5,4354500,385100,,1,,0,0,1,0
5,8,3,1,3,34,FRANCE,LANGUEDOC-ROUSSILLON,172,34172,MONTPELLIER,RUE DE L'ABBE DE L'EPEE,55823,0,4,VC,0,2,2,,,0,1,4362175,387446,,1,7,0,0,1,0
1,8,1,1,1,34,FRANCE,LANGUEDOC-ROUSSILLON,172,34172,MONTPELLIER,AVENUE DE LODEVE,55866,0,4,VC,0,2,2,,,3,1,,,,1,7,0,0,1,0
1,8,1,8,2,34,FRANCE,LANGUEDOC-ROUSSILLON,172,34172,MONTPELLIER,AVENUE ALBERT EINSTEIN,55900,0,4,VC,0,1,1,,,0,1,,,,1,7,0,0,1,0
1,1,1,1,4,34,FRANCE,LANGUEDOC-ROUSSILLON,032,34032,BEZIERS,ROUTE DE BESSAN,55937,0,3,RD,28,2,2,7,450,0,1,4335639,330406,,1,7,0,0,1,0
1,8,3,1,3,34,FRANCE,LANGUEDOC-ROUSSILLON,172,34172,MONTPELLIER,RUE DES REVES,55942,0,4,VC,,1,1,,,0,1,4361312,385932,,1,7,0,0,1,0
1,1,6,1,3,34,FRANCE,LANGUEDOC-ROUSSILLON,270,34270,SAINT-JEAN-DE-VEDAS,ROND-POINT MAURICE GENNEVAUX,55945,0,3,RD,132,1,2,13,65,0,1,4359218,382038,,1,7,0,0,1,0
1,8,1,1,6,34,FRANCE,LANGUEDOC-ROUSSILLON,172,34172,MONTPELLIER,ROUTE DE MENDE,55958,0,4,VC,,2,2,,,2,5,4363686,386724,,1,7,0,0,1,0
1,8,1,1,7,34,FRANCE,LANGUEDOC-ROUSSILLON,172,34172,MONTPELLIER,RUE RONDELET,55960,0,4,VC,,1,1,,,0,1,4360457,387485,,1,,0,0,0,1
1,3,1,1,1,34,FRANCE,LANGUEDOC-ROUSSILLON,074,34074,CESSENON-SUR-ORB,RD 14,55983,0,3,RD,14,2,2,49,590,0,1,4344827,305495,,1,10,0,0,1,0
1,8,3,1,3,34,FRANCE,LANGUEDOC-ROUSSILLON,172,34172,MONTPELLIER,AVENUE FREDERIC SABATIER D'ESPEYRAN,56016,0,4,VC,0,2,4,,,0,1,4362458,386260,,1,7,0,0,1,0
2,8,9,1,2,34,FRANCE,LANGUEDOC-ROUSSILLON,172,34172,MONTPELLIER,AVENUE DE VANIERES,56048,0,4,VC,,1,1,,,0,1,4359783,384249,,1,7,0,0,1,0
1,8,1,8,7,34,FRANCE,LANGUEDOC-ROUSSILLON,172,34172,MONTPELLIER,AVENUE DU PROFESSEUR GRASSET,56051,4,4,VC,,2,2,,,3,1,4362502,386705,,1,,0,0,1,0
1,8,1,1,3,34,FRANCE,LANGUEDOC-ROUSSILLON,172,34172,MONTPELLIER,RUE D'ALCO,56057,0,4,VC,,2,4,,,0,1,4361706,384003,,1,7,0,0,1,0
1,8,1,1,2,34,FRANCE,LANGUEDOC-ROUSSILLON,172,34172,MONTPELLIER,AVENUE FREDERIC SABATIER D'ESPEYRAN,56065,0,4,VC,,2,3,,,0,1,,,,1,7,0,0,1,0
1,8,1,1,3,34,FRANCE,LANGUEDOC-ROUSSILLON,172,34172,MONTPELLIER,RUE DE LA REPUBLIQUE ,56138,0,4,VC,0,2,3,,,0,1,4360592,387825,,1,37,0,0,1,0
1,8,1,1,6,34,FRANCE,LANGUEDOC-ROUSSILLON,172,34172,MONTPELLIER,BOULEVARD LEDRU-ROLLIN,56143,0,4,VC,0,1,2,,,0,4,4361058,387232,,1,7,0,0,1,0
1,8,1,1,3,34,FRANCE,LANGUEDOC-ROUSSILLON,172,34172,MONTPELLIER,AVENUE ALBERT DUBOUT,56146,0,4,VC,0,2,2,,,0,1,4359697,388307,,1,7,0,0,1,0
1,8,1,1,3,34,FRANCE,LANGUEDOC-ROUSSILLON,172,34172,MONTPELLIER,ROUTE DE MENDE,56192,0,4,VC,0,1,2,,,0,1,4364847,386468,,1,7,0,0,1,0
1,8,6,1,1,34,FRANCE,LANGUEDOC-ROUSSILLON,172,34172,MONTPELLIER,PLACE CHRISTOPHE COLOMB,56210,0,4,VC,,1,2,,,0,1,4360609,389843,,1,7,0,0,1,0
1,8,3,1,2,34,FRANCE,LANGUEDOC-ROUSSILLON,172,34172,MONTPELLIER,AVENUE GEORGES CLEMENCEAU,56218,5,4,VC,0,1,3,,,3,1,4360338,387224,,1,7,0,0,1,0
1,8,1,1,6,34,FRANCE,LANGUEDOC-ROUSSILLON,172,34172,MONTPELLIER,PLACE DE LA COMEDIE,56220,6,9,Autre,0,0,0,,,3,1,,,,1,,0,0,0,1
1,8,1,1,3,34,FRANCE,LANGUEDOC-ROUSSILLON,172,34172,MONTPELLIER,RUE FOCH,56229,0,4,VC,0,2,2,,,0,1,4361121,387224,,1,33,0,0,1,0
1,4,2,1,3,34,FRANCE,LANGUEDOC-ROUSSILLON,183,34183,NISSAN-LEZ-ENSERUNE,RD 609,56241,0,3,RD,609,2,3,97,500,0,1,4329600,312100,,1,10,0,0,1,0
1,5,1,1,3,34,FRANCE,LANGUEDOC-ROUSSILLON,003,34003,AGDE,GENTILSHOMMES,56252,0,4,VC,0,1,2,,,0,1,,,,1,7,0,0,1,0
1,5,1,1,3,34,FRANCE,LANGUEDOC-ROUSSILLON,003,34003,AGDE,GENTILSHOMMES,56267,0,4,VC,0,1,2,,,1,0,,,,1,7,0,0,1,0
5,8,3,1,3,34,FRANCE,LANGUEDOC-ROUSSILLON,172,34172,MONTPELLIER,RUE DU PASTEUR JEAN CADIER,56306,0,4,VC,0,2,2,,,0,1,4358313,387673,,1,7,0,0,1,0