lum,agg,int,atm,col,dep_bis,pays,region,com_bis,com_codeINSEE,communes,N_voie,numac,infra,catr,type_route,voie,circ,nbv,pr,pr1,vosp,situ,lat,long,adr,accident_velo,vehicule_imp,cycl_mort,cycl_bgv,cycl_blg,cycl_indm
1,8,1,1,2,34,FRANCE,LANGUEDOC-ROUSSILLON,172,34172,MONTPELLIER,RUE DE LA PORTALIERE DES MASQUES,56307,0,4,VC,0,1,1,,,0,1,4361373,386657,,1,7,0,0,1,0
1,8,1,1,7,34,FRANCE,LANGUEDOC-ROUSSILLON,172,34172,MONTPELLIER,PLACE ALBERT 1ER,56315,6,4,VC,0,0,0,,,3,1,4361600,387464,,1,,0,0,1,0
1,1,1,1,3,34,FRANCE,LANGUEDOC-ROUSSILLON,129,34129,LATTES,D132,56318,0,3,RD,0,3,1,,,1,1,4356467,394980,,1,10,0,0,1,0
1,5,3,1,1,34,FRANCE,LANGUEDOC-ROUSSILLON,129,34129,LATTES,RUE DES THUYAS,56322,0,4,VC,0,2,2,,,0,1,4356221,387605,,1,37,0,0,1,0
1,8,1,1,6,34,FRANCE,LANGUEDOC-ROUSSILLON,172,34172,MONTPELLIER,ALLEE DU NOUVEAU MONDE,56326,0,4,VC,0,3,2,,,1,5,4360721,388721,,1,,0,0,0,1
1,8,3,1,6,34,FRANCE,LANGUEDOC-ROUSSILLON,172,34172,MONTPELLIER,RUE DU PROFESSEUR FORGUE,56332,0,4,VC,0,2,2,,,0,0,4361021,385309,,1,7,0,0,1,0
5,8,1,1,3,34,FRANCE,LANGUEDOC-ROUSSILLON,172,34172,MONTPELLIER,AVENUE DES MOULINS,56334,5,4,VC,0,3,2,,,0,1,4363166,384238,,1,7,0,0,1,0
1,8,1,1,7,34,FRANCE,LANGUEDOC-ROUSSILLON,172,34172,MONTPELLIER,RUE DE MALBOSC,56341,0,4,VC,0,1,2,,,0,1,4362572,383256,,1,,0,0,1,0
1,1,1,1,2,34,FRANCE,LANGUEDOC-ROUSSILLON,003,34003,AGDE,MITTERRAND,56391,0,4,VC,0,3,3,,,0,1,,,,1,7,0,0,1,0
5,8,3,8,3,34,FRANCE,LANGUEDOC-ROUSSILLON,172,34172,MONTPELLIER,RUE JEAN VACHET,56412,5,4,VC,0,2,2,,,0,1,4359242,388502,,1,7,0,0,1,0
1,7,1,1,6,34,FRANCE,LANGUEDOC-ROUSSILLON,032,34032,BEZIERS,RUE PERRAULT CHARLES,56419,0,4,VC,0,0,2,,,0,1,4336253,322330,,1,7,0,0,1,0
1,7,1,1,7,34,FRANCE,LANGUEDOC-ROUSSILLON,032,34032,BEZIERS,RUE ANATOLE FRANCE,56426,0,4,VC,0,0,2,,,0,0,4334451,321850,,1,7,0,0,1,0
1,8,2,1,3,34,FRANCE,LANGUEDOC-ROUSSILLON,172,34172,MONTPELLIER,AVENUE DE LA CROIX CAPITAINE,56493,5,4,VC,0,2,2,,,0,1,4360415,385828,,1,7,0,0,1,0
1,8,2,1,6,34,FRANCE,LANGUEDOC-ROUSSILLON,172,34172,MONTPELLIER,AVENUE FREDERIC SABATIER D'ESPEYRAN,56494,5,4,VC,0,2,5,,,0,1,4362437,386278,,1,10,0,0,1,0
1,8,2,1,3,34,FRANCE,LANGUEDOC-ROUSSILLON,172,34172,MONTPELLIER,RUE DU COLONEL MARCHAND,56496,5,4,VC,0,2,2,,,0,1,4362159,386866,,1,7,0,0,1,0
1,8,2,1,3,34,FRANCE,LANGUEDOC-ROUSSILLON,172,34172,MONTPELLIER,AVENUE GEORGES CLEMENCEAU,56510,5,4,VC,0,1,3,,,3,1,4360272,387096,,1,7,0,0,1,0
1,4,1,1,3,34,FRANCE,LANGUEDOC-ROUSSILLON,336,34336,VILLENEUVE-LES-BEZIERS,ROUTE D'AGDE,56571,0,4,VC,0,0,2,,,0,1,4332001,327958,,1,7,0,0,1,0
1,8,3,1,3,34,FRANCE,LANGUEDOC-ROUSSILLON,172,34172,MONTPELLIER,RUE PROFESSEUR HENRI SERRE,56573,0,4,VC,0,1,1,,,0,1,4361578,387238,,1,7,0,0,1,0
1,8,1,1,3,34,FRANCE,LANGUEDOC-ROUSSILLON,172,34172,MONTPELLIER,RUE DES HOSPICES,56585,0,4,VC,0,1,1,,,0,4,4362581,386569,,1,7,0,0,1,0
1,8,2,1,3,34,FRANCE,LANGUEDOC-ROUSSILLON,172,34172,MONTPELLIER,RUE DES PRIMEVERES,56589,0,4,VC,0,1,1,,,0,1,4359784,388126,,1,10,0,0,1,0
2,7,1,1,2,34,FRANCE,LANGUEDOC-ROUSSILLON,032,34032,BEZIERS,AVENUE d'Agde,56602,0,3,RD,612,0,2,4,580,0,1,4332862,324254,,1,7,0,0,1,0
1,5,1,1,2,34,FRANCE,LANGUEDOC-ROUSSILLON,003,34003,AGDE,ROND-POINT DES TOURS DE SAINT-MARTIN,56605,0,4,VC,0,1,3,,,0,1,,,,1,7,0,0,1,0
1,5,3,1,1,34,FRANCE,LANGUEDOC-ROUSSILLON,198,34198,PEROLS,RUE DU PORT DE CAREME,56610,0,4,VC,,2,2,,,0,1,4355308,396824,,1,7,0,0,1,0
1,8,1,1,3,34,FRANCE,LANGUEDOC-ROUSSILLON,172,34172,MONTPELLIER,AVENUE DU PERE SOULAS,56619,0,4,VC,,2,4,,,2,1,4363067,384285,,1,,0,0,1,0
1,8,1,1,6,34,FRANCE,LANGUEDOC-ROUSSILLON,172,34172,MONTPELLIER,BOULEVARD VIEUSSENS,56629,0,4,VC,0,2,2,,,0,4,,,,1,,0,0,0,1
1,8,2,1,5,34,FRANCE,LANGUEDOC-ROUSSILLON,172,34172,MONTPELLIER,RUE DE LA POESIE,56633,0,4,VC,0,1,1,,,0,1,4361655,388367,,1,7,0,0,1,0
1,8,3,1,6,34,FRANCE,LANGUEDOC-ROUSSILLON,172,34172,MONTPELLIER,CHEMIN DE LA PERDIGAYERE,56677,0,4,VC,0,2,1,,,0,1,4361866,392099,,1,,0,0,1,0
1,8,1,1,1,34,FRANCE,LANGUEDOC-ROUSSILLON,172,34172,MONTPELLIER,AVENUE DE LA JUSTICE DE CASTELNAU,56684,0,4,VC,0,2,2,,,2,5,4362726,389160,,1,30,0,0,1,0
1,8,1,1,2,34,FRANCE,LANGUEDOC-ROUSSILLON,172,34172,MONTPELLIER,RUE DU FAUBOURG DU COURREAU,56688,0,4,VC,0,1,1,,,0,1,4360835,387090,,1,7,0,0,1,0
1,8,1,1,3,34,FRANCE,LANGUEDOC-ROUSSILLON,172,34172,MONTPELLIER,RUE DES CHASSEURS,56698,0,4,VC,0,2,4,,,0,1,4336152,351355,,1,7,0,0,1,0
1,8,1,1,6,34,FRANCE,LANGUEDOC-ROUSSILLON,172,34172,MONTPELLIER,RUE DES ARAUCARIAS,56707,0,4,VC,0,2,1,,,0,1,4336931,350308,,1,7,0,0,1,0
1,1,1,8,7,34,FRANCE,LANGUEDOC-ROUSSILLON,129,34129,LATTES,AVENUE DE BOIRARGUES,56717,2,4,VC,0,2,2,,,1,5,4334785,355038,,1,,0,0,1,0
1,8,1,1,3,34,FRANCE,LANGUEDOC-ROUSSILLON,172,34172,MONTPELLIER,RUE DE LA THERIAQUE,56730,0,4,VC,170,2,2,,,0,1,4364805,384067,,1,7,0,0,1,0
1,8,1,1,7,34,FRANCE,LANGUEDOC-ROUSSILLON,172,34172,MONTPELLIER,BOULEVARD DES ARCEAUX,56751,0,4,VC,28,2,3,,,0,1,4336715,351825,,1,,0,0,1,0
1,8,1,1,3,34,FRANCE,LANGUEDOC-ROUSSILLON,172,34172,MONTPELLIER,AVENUE DE LA JUSTICE DE CASTELNAU,56755,0,4,VC,1004,2,4,,,0,1,4337556,352932,,1,7,0,0,1,0
1,7,6,1,3,34,FRANCE,LANGUEDOC-ROUSSILLON,032,34032,BEZIERS,AVENUE PECH HENRI,56771,0,4,VC,,0,1,,,0,1,,,,1,7,0,0,1,0
1,8,6,1,3,34,FRANCE,LANGUEDOC-ROUSSILLON,172,34172,MONTPELLIER,RUE DES JONQUILLES,56797,0,4,VC,0,2,2,,,0,1,4360511,385034,,1,7,0,0,1,0
1,5,3,1,3,34,FRANCE,LANGUEDOC-ROUSSILLON,129,34129,LATTES,AVENUE DE PEROLS,56798,0,3,RD,132,2,2,3,700,1,1,4356566,391365,,1,7,0,0,1,0
1,5,1,1,2,34,FRANCE,LANGUEDOC-ROUSSILLON,003,34003,AGDE,GENTILSHOMMES,56801,0,3,RD,3210,1,3,4,350,0,1,4328956,350745,,1,7,0,0,1,0
1,8,1,1,6,34,FRANCE,LANGUEDOC-ROUSSILLON,172,34172,MONTPELLIER,RUE DE LA LOGE,56803,0,4,VC,0,4,1,,,0,1,4361066,387649,,1,,0,0,0,1
2,7,1,1,6,34,FRANCE,LANGUEDOC-ROUSSILLON,032,34032,BEZIERS,ROUTE DEPARTEMENTALE  612,56818,0,3,RD,612,0,3,66,1,0,0,4334283,326184,,1,7,0,0,1,0
1,7,1,1,7,34,FRANCE,LANGUEDOC-ROUSSILLON,032,34032,BEZIERS,AVENUE DES MARTYRS DE LA RESISTANCE,56819,0,4,VC,,0,2,,,0,1,4334267,323324,,1,7,0,0,1,0
1,8,1,7,3,34,FRANCE,LANGUEDOC-ROUSSILLON,172,34172,MONTPELLIER,BOUTONNET PIOCH DE,56826,0,4,VC,0,2,2,,,0,1,4362857,387814,,1,7,0,0,1,0
1,8,1,1,7,34,FRANCE,LANGUEDOC-ROUSSILLON,172,34172,MONTPELLIER,AVENUE DU PROFESSEUR EMILE JEANBRAU,56871,0,4,VC,0,2,2,,,0,1,4363496,386224,,1,,0,0,1,0
4,8,1,1,3,34,FRANCE,LANGUEDOC-ROUSSILLON,172,34172,MONTPELLIER,ROUTE DE LAVERUNE,56891,0,4,VC,0,2,2,,,0,1,4360114,384627,,1,7,0,0,1,0
5,8,1,1,3,34,FRANCE,LANGUEDOC-ROUSSILLON,172,34172,MONTPELLIER,AVENUE DU PERE SOULAS,56900,0,4,VC,0,2,2,,,0,1,4362085,385751,,1,7,0,0,1,0
1,8,1,1,7,34,FRANCE,LANGUEDOC-ROUSSILLON,172,34172,MONTPELLIER,PLACE AUGUSTE GIBERT,56907,6,4,VC,0,2,1,,,3,1,4360505,388058,,1,,0,0,0,1
5,8,1,1,3,34,FRANCE,LANGUEDOC-ROUSSILLON,172,34172,MONTPELLIER,AVENUE DU COLONEL PAVELET,56909,0,3,RD,65,3,4,20,190,2,5,4358718,385864,,1,7,0,0,1,0
1,8,6,1,3,34,FRANCE,LANGUEDOC-ROUSSILLON,172,34172,MONTPELLIER,ROND-POINT PAUL FAJON,56955,5,4,VC,0,1,2,,,0,1,4359596,383608,,1,7,0,0,1,0
1,5,1,1,6,34,FRANCE,LANGUEDOC-ROUSSILLON,129,34129,LATTES,AVENUE LEONARD DE VINCI,56956,6,9,Autre,0,0,0,,,0,0,4357339,390065,,1,,0,0,0,1
1,8,1,2,3,34,FRANCE,LANGUEDOC-ROUSSILLON,172,34172,MONTPELLIER,AVENUE ABBE PAUL PARGUEL,56965,0,4,VC,0,2,2,,,0,1,,,,1,7,0,0,1,0
1,8,2,2,3,34,FRANCE,LANGUEDOC-ROUSSILLON,172,34172,MONTPELLIER,AVENUE CHARLES FLAHAULT,56973,0,4,VC,0,2,5,,,0,1,4362395,386217,,1,7,0,0,1,0
5,8,1,1,3,34,FRANCE,LANGUEDOC-ROUSSILLON,172,34172,MONTPELLIER,RUE MARIUS CARRIEU,56979,0,4,VC,0,2,4,,,0,1,4361717,384263,,1,7,0,0,1,0
5,8,1,1,3,34,FRANCE,LANGUEDOC-ROUSSILLON,172,34172,MONTPELLIER,RUE DES CHASSEURS,56980,0,4,VC,0,2,4,,,0,1,4360277,385529,,1,7,0,0,1,0
1,4,6,1,3,34,FRANCE,LANGUEDOC-ROUSSILLON,276,34276,SAINT-MATHIEU-DE-TREVIERS,RD 17,56990,5,3,RD,17,2,2,18,924,0,1,4377400,386900,,1,7,0,0,1,0
5,8,3,1,2,34,FRANCE,LANGUEDOC-ROUSSILLON,172,34172,MONTPELLIER,RUE DE LA CROIX DE LAVIT,57001,5,4,VC,0,2,2,,,0,1,4363948,383944,,1,7,0,0,1,0
1,8,3,1,3,34,FRANCE,LANGUEDOC-ROUSSILLON,172,34172,MONTPELLIER,RUE JEAN FRANCOIS CHAMPOLLION,57019,0,4,VC,0,2,2,,,0,1,4362862,384534,,1,7,0,0,1,0
1,8,2,1,1,34,FRANCE,LANGUEDOC-ROUSSILLON,172,34172,MONTPELLIER,RUE JEAN FRANCOIS CHAMPOLLION,57021,0,4,VC,0,2,2,,,0,1,4362866,384541,,1,7,0,0,1,0
2,8,3,8,3,34,FRANCE,LANGUEDOC-ROUSSILLON,172,34172,MONTPELLIER,RUE HENRI PEQUET,57023,0,4,VC,0,2,5,,,0,1,4361006,389950,,1,7,0,0,1,0
1,8,6,1,3,34,FRANCE,LANGUEDOC-ROUSSILLON,172,34172,MONTPELLIER,ROUTE DE LAVERUNE,57033,5,4,VC,0,3,2,,,0,1,4360172,385242,,1,7,0,0,1,0
1,5,1,1,1,34,FRANCE,LANGUEDOC-ROUSSILLON,344,34344,GRANDE-MOTTE (LA),VC 0,57040,0,4,VC,0,3,0,0,0,0,1,0,0,,1,10,0,0,1,0
1,6,1,1,3,34,FRANCE,LANGUEDOC-ROUSSILLON,145,34145,LUNEL,VC 0,57042,5,4,VC,0,1,1,0,0,0,3,4367747,412185,,1,7,0,0,1,0
1,3,1,1,3,34,FRANCE,LANGUEDOC-ROUSSILLON,039,34039,BOUZIGUES,VC 0,57057,0,4,VC,0,2,2,0,0,0,1,0,0,,1,14,0,0,1,0
1,1,1,1,1,34,FRANCE,LANGUEDOC-ROUSSILLON,255,34255,SAINT-GELY-DU-FESC,RD 986,57063,0,3,RD,986,3,4,0,0,0,1,0,0,,1,10,0,0,1,0
1,5,1,1,6,34,FRANCE,LANGUEDOC-ROUSSILLON,003,34003,AGDE,NOTRE DAME SAINT MARTIN,57072,0,4,VC,0,2,2,,,0,1,4329212,345928,,1,7,0,0,1,0
1,5,6,1,3,34,FRANCE,LANGUEDOC-ROUSSILLON,003,34003,AGDE,SOLEIL,57078,0,4,VC,0,2,2,,,0,1,,,,1,7,0,0,1,0
2,7,1,1,7,34,FRANCE,LANGUEDOC-ROUSSILLON,032,34032,BEZIERS,ROND-POINT NOGUERES HENRI,57084,0,9,Autre,0,0,2,,,0,0,4335243,322456,,1,7,0,0,1,0
1,7,1,1,6,34,FRANCE,LANGUEDOC-ROUSSILLON,032,34032,BEZIERS,AVENUE PECH HENRI,57093,0,4,VC,0,0,2,,,0,0,4335311,322457,,1,7,0,0,1,0
2,7,1,9,6,34,FRANCE,LANGUEDOC-ROUSSILLON,032,34032,BEZIERS,RUE FRANCO JEAN,57113,0,4,VC,0,0,0,,,0,1,,,,1,7,0,0,1,0
1,4,1,1,6,34,FRANCE,LANGUEDOC-ROUSSILLON,336,34336,VILLENEUVE-LES-BEZIERS,QUAI DU CANAL,57123,0,4,VC,0,0,2,,,0,0,4331814,327839,,1,7,0,0,1,0
1,7,1,1,6,34,FRANCE,LANGUEDOC-ROUSSILLON,032,34032,BEZIERS,RD 64,57125,0,3,RD,37,0,2,35,560,0,0,4331164,328044,,1,7,0,0,1,0
5,8,2,1,3,34,FRANCE,LANGUEDOC-ROUSSILLON,172,34172,MONTPELLIER,BOULEVARD RENOUVIER,57171,0,4,VC,0,2,2,,,1,1,4360164,386816,,1,32,0,0,1,0
5,8,2,1,3,34,FRANCE,LANGUEDOC-ROUSSILLON,172,34172,MONTPELLIER,RUE DE LAS SORBES,57176,0,4,VC,0,2,2,,,0,1,4361685,386071,,1,7,0,0,1,0
1,8,1,1,4,34,FRANCE,LANGUEDOC-ROUSSILLON,172,34172,MONTPELLIER,BOULEVARD DE L'AEROPORT INTERNATIONAL,57196,0,4,VC,0,1,3,,,0,1,4360881,389428,,1,7,0,0,1,0
5,8,1,1,7,34,FRANCE,LANGUEDOC-ROUSSILLON,172,34172,MONTPELLIER,RUE DES CATALPAS,57205,0,4,VC,0,2,2,,,0,1,4359112,388334,,1,7,0,0,1,0
1,5,1,1,3,34,FRANCE,LANGUEDOC-ROUSSILLON,129,34129,LATTES,ROND-POINT DE SORIECH,57211,0,3,RD,189,1,2,1,94,0,1,4358174,392102,,1,7,0,0,1,0
5,8,2,1,7,34,FRANCE,LANGUEDOC-ROUSSILLON,172,34172,MONTPELLIER,RUE HENRI DUNANT ,57230,0,4,VC,0,2,4,,,0,1,4362694,386967,,1,32,0,0,0,1
1,8,1,1,3,34,FRANCE,LANGUEDOC-ROUSSILLON,172,34172,MONTPELLIER,BOULEVARD DE STRASBOURG,57256,0,4,VC,0,2,4,,,1,1,4360345,389243,,1,7,0,0,1,0
1,8,1,1,3,34,FRANCE,LANGUEDOC-ROUSSILLON,172,34172,MONTPELLIER,BOULEVARD D'ANTIGONE,57260,0,4,VC,0,1,2,,,0,1,4360900,388947,,1,7,0,0,1,0
1,8,9,1,3,34,FRANCE,LANGUEDOC-ROUSSILLON,172,34172,MONTPELLIER,PLACE EMILE MARTIN,57261,0,4,VC,0,2,4,,,0,1,4362647,386640,,1,7,0,0,1,0
1,8,1,1,6,34,FRANCE,LANGUEDOC-ROUSSILLON,172,34172,MONTPELLIER,AVENUE DU PROFESSEUR LOUIS RAVAZ,57263,0,4,VC,0,2,2,,,1,5,4362175,384715,,1,7,0,0,1,0
1,8,1,1,3,34,FRANCE,LANGUEDOC-ROUSSILLON,172,34172,MONTPELLIER,BOULEVARD DES ARCEAUX,57265,0,4,VC,0,2,2,,,0,1,4361145,386420,,1,7,0,0,1,0
1,8,1,1,6,34,FRANCE,LANGUEDOC-ROUSSILLON,172,34172,MONTPELLIER,AVENUE ABBE PAUL PARGUEL,57270,0,4,VC,0,2,2,,,0,1,4363340,386019,,1,7,0,0,1,0
1,8,1,1,6,34,FRANCE,LANGUEDOC-ROUSSILLON,172,34172,MONTPELLIER,CHEMIN DE MOULARES,57283,0,4,VC,0,1,1,,,1,5,4360328,389373,,1,7,0,0,1,0
1,5,1,1,3,34,FRANCE,LANGUEDOC-ROUSSILLON,129,34129,LATTES,CHEMIN DE SORIECH,57296,0,3,RD,21,2,2,2,780,2,0,4358519,392046,,1,7,0,0,1,0
1,8,9,1,6,34,FRANCE,LANGUEDOC-ROUSSILLON,172,34172,MONTPELLIER,ESPLANADE CHARLES DE GAULLE,57297,6,9,Autre,0,4,1,,,0,1,4361085,388085,,1,,0,0,0,1
1,8,1,1,3,34,FRANCE,LANGUEDOC-ROUSSILLON,172,34172,MONTPELLIER,PLACE DE SPARTE,57305,0,9,Autre,0,0,1,,,0,0,4360850,389050,,1,30,0,0,0,1
1,8,3,1,3,34,FRANCE,LANGUEDOC-ROUSSILLON,172,34172,MONTPELLIER,AVENUE ABBE PAUL PARGUEL,57315,0,4,VC,0,2,2,,,0,1,4363768,385968,,1,7,0,0,1,0
1,8,2,1,1,34,FRANCE,LANGUEDOC-ROUSSILLON,172,34172,MONTPELLIER,RUE HIPPOLYTE RECH,57316,0,4,VC,0,2,2,,,0,1,4361884,386358,,1,7,0,0,1,0
1,8,1,1,6,34,FRANCE,LANGUEDOC-ROUSSILLON,172,34172,MONTPELLIER,RUE DU GRAND SAINT JEAN,57317,0,4,VC,0,2,4,,,0,4,4360419,387827,,1,,0,0,1,0
1,8,1,1,6,34,FRANCE,LANGUEDOC-ROUSSILLON,172,34172,MONTPELLIER,BOULEVARD DU JEU DE PAUME,57322,0,4,VC,0,2,2,,,3,1,4360803,387360,,1,7,0,0,1,0
1,8,1,1,3,34,FRANCE,LANGUEDOC-ROUSSILLON,172,34172,MONTPELLIER,ALLEE DE PLATON,57327,0,4,VC,0,1,1,,,0,1,4360656,389835,,1,7,0,0,1,0
1,8,1,1,6,34,FRANCE,LANGUEDOC-ROUSSILLON,172,34172,MONTPELLIER,AVENUE DU MONDIAL 98,57333,0,4,VC,0,1,4,,,0,1,4360343,390631,,1,,0,0,0,1
1,8,1,1,3,34,FRANCE,LANGUEDOC-ROUSSILLON,172,34172,MONTPELLIER,ROND-POINT DU MAS D'ASTRE,57350,0,4,VC,0,1,2,,,0,1,4357496,385993,,1,10,0,0,1,0
1,8,2,1,3,34,FRANCE,LANGUEDOC-ROUSSILLON,172,34172,MONTPELLIER,AVENUE DU PROFESSEUR GRASSET,57354,0,4,VC,0,2,2,,,3,1,,,,1,7,0,0,1,0
1,8,2,1,7,34,FRANCE,LANGUEDOC-ROUSSILLON,172,34172,MONTPELLIER,CHEMIN DE MOULARES,57357,5,4,VC,0,2,4,,,0,1,4359925,389384,,1,,0,0,1,0
1,8,1,1,1,34,FRANCE,LANGUEDOC-ROUSSILLON,172,34172,MONTPELLIER,QUAI FLORA TRISTAN,57363,0,4,VC,0,2,2,,,0,1,4359786,384169,,1,10,0,0,1,0
1,8,1,1,3,34,FRANCE,LANGUEDOC-ROUSSILLON,172,34172,MONTPELLIER,AVENUE DU MONDIAL 98,57385,0,3,RD,21,3,4,27,200,0,1,4360220,390198,,1,7,0,0,1,0
1,8,3,1,3,34,FRANCE,LANGUEDOC-ROUSSILLON,172,34172,MONTPELLIER,RUE MARIUS CARRIEU,57416,0,4,VC,0,2,4,,,0,1,4361625,384107,,1,7,0,0,1,0
1,8,1,1,3,34,FRANCE,LANGUEDOC-ROUSSILLON,172,34172,MONTPELLIER,PLACE ODYSSEUM,57419,0,3,RD,0,1,2,,,0,1,,,,1,7,0,0,1,0
5,8,1,1,2,34,FRANCE,LANGUEDOC-ROUSSILLON,172,34172,MONTPELLIER,AVENUE DE LA LIBERTE,57434,0,4,VC,0,2,4,,,0,1,4359942,387112,,1,7,0,0,1,0
1,8,3,1,1,34,FRANCE,LANGUEDOC-ROUSSILLON,172,34172,MONTPELLIER,AVENUE DE NIMES,57452,5,4,VC,0,2,5,,,1,1,4361773,388587,,1,7,0,0,1,0
5,8,1,1,2,34,FRANCE,LANGUEDOC-ROUSSILLON,172,34172,MONTPELLIER,AVENUE DU PERE SOULAS,57455,0,4,VC,0,2,1,,,0,1,4361838,386465,,1,7,0,0,1,0
1,8,1,1,1,34,FRANCE,LANGUEDOC-ROUSSILLON,172,34172,MONTPELLIER,PLACE ALBERT 1ER,57457,6,9,Autre,0,0,0,,,0,0,4361590,387460,,1,7,0,0,1,0
1,8,3,1,3,34,FRANCE,LANGUEDOC-ROUSSILLON,172,34172,MONTPELLIER,AVENUE DE LA CROIX CAPITAINE,57468,0,4,VC,0,2,2,,,0,1,4360383,385927,,1,32,0,0,1,0
1,8,1,1,1,34,FRANCE,LANGUEDOC-ROUSSILLON,172,34172,MONTPELLIER,RUE DE L'ARNEL,57469,0,4,VC,0,2,2,,,0,1,4359025,386802,,1,7,0,0,1,0
1,8,1,1,3,34,FRANCE,LANGUEDOC-ROUSSILLON,172,34172,MONTPELLIER,RUE PROFESSEUR LEON VALLOIS,57470,0,4,VC,0,1,2,,,0,1,4361405,388682,,1,33,0,0,1,0
1,8,3,1,3,34,FRANCE,LANGUEDOC-ROUSSILLON,172,34172,MONTPELLIER,RUE SAINT CLEOPHAS,57482,0,4,VC,0,1,3,,,0,1,4360033,386772,,1,7,0,0,1,0
5,8,4,3,3,34,FRANCE,LANGUEDOC-ROUSSILLON,172,34172,MONTPELLIER,PLACE DU ONZE NOVEMBRE,57517,5,4,VC,0,1,4,,,0,1,4336882,353007,,1,10,0,0,1,0
1,8,1,1,6,34,FRANCE,LANGUEDOC-ROUSSILLON,172,34172,MONTPELLIER,ROUTE DE MENDE,57525,0,3,RD,0,2,2,,,2,5,4362348,387206,,1,7,0,0,1,0
1,8,1,1,2,34,FRANCE,LANGUEDOC-ROUSSILLON,172,34172,MONTPELLIER,AVENUE DU MARCHE GARE,57529,0,4,VC,0,2,2,,,0,1,4358574,387665,,1,7,0,0,1,0
1,8,1,1,7,34,FRANCE,LANGUEDOC-ROUSSILLON,172,34172,MONTPELLIER,ALLEE DU NOUVEAU MONDE,57545,0,9,Autre,0,0,0,,,3,0,,,,1,,0,0,1,0
1,8,1,1,6,34,FRANCE,LANGUEDOC-ROUSSILLON,172,34172,MONTPELLIER,AVENUE PABLO NERUDA,57556,0,4,VC,0,2,5,,,0,1,4361589,382056,,1,7,0,0,1,0
2,8,1,1,3,34,FRANCE,LANGUEDOC-ROUSSILLON,172,34172,MONTPELLIER,AVENUE DE LA POMPIGNANE,57565,0,4,VC,0,2,2,,,1,1,4361077,389866,,1,7,0,0,1,0
1,1,6,1,3,34,FRANCE,LANGUEDOC-ROUSSILLON,108,34108,FRONTIGNAN,RUE DU 81EME R.I.,57582,0,3,RD,129,2,2,11,950,0,1,4343775,376047,,1,7,0,0,1,0
1,1,1,1,3,34,FRANCE,LANGUEDOC-ROUSSILLON,108,34108,FRONTIGNAN,R129,57585,0,3,RD,0,1,1,,,0,1,,,,1,7,0,0,1,0
1,8,2,1,3,35,FRANCE,BRETAGNE,238,35238,RENNES,BOULEVARD SAINT-CONWOION,57606,0,4,VC,0,2,2,,,0,1,,,,1,7,0,0,1,0
5,8,2,1,3,35,FRANCE,BRETAGNE,238,35238,RENNES,RUE DU GAL DE GAULLE,57611,0,4,VC,0,1,1,,,0,1,,,,1,7,0,0,1,0
1,1,2,1,3,35,FRANCE,BRETAGNE,206,35206,NOYAL-CHATILLON-SUR-SEICHE,RD 82,57624,0,3,RD,82,2,2,0,0,0,1,0,0,,1,7,0,0,1,0
2,8,2,9,3,35,FRANCE,BRETAGNE,238,35238,RENNES,DE NANTES,57625,0,4,VC,0,2,2,,,0,1,,,,1,7,0,0,1,0
1,8,1,1,4,35,FRANCE,BRETAGNE,238,35238,RENNES,RUE DE FOUGERES,57629,0,4,VC,0,2,1,,,0,1,,,,1,7,0,0,1,0
2,8,6,1,3,35,FRANCE,BRETAGNE,238,35238,RENNES,ROND-POINT FORCES FRANCAISES DE L'ONU,57631,0,4,VC,0,1,2,,,2,1,,,,1,7,0,0,1,0
1,8,2,1,3,35,FRANCE,BRETAGNE,238,35238,RENNES,BOULEVARD FRANKLIN ROOSEVELT,57633,0,4,VC,0,2,2,,,0,1,,,,1,7,0,0,1,0
1,8,6,1,3,35,FRANCE,BRETAGNE,238,35238,RENNES,AVENUE DU GALLET,57634,5,4,VC,0,2,2,,,2,1,,,,1,7,0,0,1,0
1,8,6,1,3,35,FRANCE,BRETAGNE,238,35238,RENNES,PAUL LANGEVIN ,57636,5,4,VC,0,3,2,,,0,1,,,,1,7,0,0,1,0
2,8,6,2,3,35,FRANCE,BRETAGNE,238,35238,RENNES,DE SAINT-BRIEUC,57641,0,4,VC,0,2,1,,,0,1,,,,1,7,0,0,1,0