lum,agg,int,atm,col,dep_bis,pays,region,com_bis,com_codeINSEE,communes,N_voie,numac,infra,catr,type_route,voie,circ,nbv,pr,pr1,vosp,situ,lat,long,adr,accident_velo,vehicule_imp,cycl_mort,cycl_bgv,cycl_blg,cycl_indm
5,8,1,1,6,35,FRANCE,BRETAGNE,238,35238,RENNES,BOULEVARD ALEXIS CARREL,57642,0,4,VC,0,2,1,,,0,1,,,,1,,0,0,1,0
1,8,1,1,6,35,FRANCE,BRETAGNE,238,35238,RENNES,BOULEVARD VILLEBOIS MAREUIL ,57671,0,4,VC,0,3,2,,,2,1,,,,1,7,0,0,1,0
2,8,2,1,3,35,FRANCE,BRETAGNE,238,35238,RENNES,RUE CHATEAU RENAULT,57677,0,4,VC,0,2,2,,,0,1,,,,1,7,0,0,1,0
1,8,3,1,2,35,FRANCE,BRETAGNE,238,35238,RENNES,YANN SOHIER,57699,0,4,VC,0,2,2,,,0,1,,,,1,7,0,0,1,0
1,8,2,1,3,35,FRANCE,BRETAGNE,238,35238,RENNES,AVENUE JULES MAILLARD DE LA GOURNERIE,57700,0,4,VC,0,2,2,,,0,1,,,,1,7,0,0,1,0
1,8,1,1,3,35,FRANCE,BRETAGNE,238,35238,RENNES,BOULEVARD DE STRASBOURG,57706,0,4,VC,0,2,1,,,0,1,,,,1,7,0,0,1,0
1,8,1,1,3,35,FRANCE,BRETAGNE,238,35238,RENNES,QUAI CHATEAUBRIAND,57709,0,4,VC,0,1,1,,,0,1,,,,1,7,0,0,1,0
1,8,6,1,2,35,FRANCE,BRETAGNE,238,35238,RENNES,BOULEVARD VILLEBOIS MAREUIL ,57732,5,4,VC,0,2,2,,,0,1,,,,1,7,0,0,1,0
1,1,1,1,3,35,FRANCE,BRETAGNE,238,35238,RENNES,BOUL DE LA HAIE-DES-COGNETS,57750,0,4,VC,0,2,2,,,0,1,,,,1,7,0,0,1,0
1,7,3,1,3,35,FRANCE,BRETAGNE,288,35288,SAINT-MALO,RUE DE LA FONTAINE AU BONHOMME,57752,0,4,VC,0,2,0,,,0,1,,,,1,7,0,0,1,0
1,8,2,1,3,35,FRANCE,BRETAGNE,238,35238,RENNES,BOULEVARDJEAN BAPTISTE DE LA SALLE,57768,0,4,VC,0,3,2,,,2,1,,,,1,7,0,0,1,0
1,8,1,1,3,35,FRANCE,BRETAGNE,238,35238,RENNES,ROND-POINT DE L'AUGE DE PIERRE,57790,5,4,VC,0,1,2,,,0,1,,,,1,7,0,0,1,0
1,8,1,1,3,35,FRANCE,BRETAGNE,238,35238,RENNES,DE L'ABBE LEMIRE,57799,0,4,VC,0,1,1,,,0,1,,,,1,7,0,0,1,0
1,7,1,1,1,35,FRANCE,BRETAGNE,288,35288,SAINT-MALO,AVENUE DES FONTENELLES,57807,0,4,VC,0,2,2,,,0,1,,,,1,7,0,0,1,0
1,8,1,1,3,35,FRANCE,BRETAGNE,238,35238,RENNES,DU PUITS JACOB,57816,0,4,VC,0,2,2,,,0,1,,,,1,7,0,0,1,0
1,8,6,1,3,35,FRANCE,BRETAGNE,238,35238,RENNES,ROND-POINT SAINT VINCENT,57829,5,4,VC,0,1,2,,,2,1,,,,1,7,0,0,1,0
1,8,3,1,3,35,FRANCE,BRETAGNE,238,35238,RENNES,BOULEVARD ALBERT 1ER,57836,0,4,VC,0,3,2,,,2,1,,,,1,7,0,0,1,0
1,8,2,1,3,35,FRANCE,BRETAGNE,238,35238,RENNES,DE COETLOGON,57838,0,4,VC,0,2,4,,,0,1,,,,1,7,0,0,1,0
1,8,1,1,3,35,FRANCE,BRETAGNE,238,35238,RENNES,BOULEVARD LEON GRIMAULT,57869,0,4,VC,0,0,0,,,1,5,,,,1,,0,0,1,0
5,8,1,1,3,35,FRANCE,BRETAGNE,238,35238,RENNES,BOULEVARD DE METZ,57872,0,4,VC,0,2,3,,,0,1,,,,1,7,0,0,1,0
1,8,1,1,7,35,FRANCE,BRETAGNE,238,35238,RENNES,BOULEVARD EMILE COMBES,57875,0,4,VC,0,2,0,,,0,1,,,,1,,0,0,1,0
5,8,2,1,7,35,FRANCE,BRETAGNE,238,35238,RENNES,AVENUE DE ROCHESTER,57881,0,4,VC,0,0,0,,,0,1,,,,1,,0,0,1,0
1,8,1,2,7,35,FRANCE,BRETAGNE,238,35238,RENNES,CLAUDE BERNARD,57883,0,4,VC,0,0,0,,,0,1,,,,1,,0,0,1,0
2,8,6,1,3,35,FRANCE,BRETAGNE,238,35238,RENNES,BOULEVARD DE YOUGOSLAVIE,57890,5,4,VC,0,1,2,,,1,1,,,,1,7,0,0,1,0
2,8,1,1,3,35,FRANCE,BRETAGNE,238,35238,RENNES,JULES VALLES,57897,5,4,VC,0,0,0,,,2,1,,,,1,7,0,0,1,0
1,8,3,2,3,35,FRANCE,BRETAGNE,238,35238,RENNES,DE CHATILLON,57899,0,4,VC,0,2,3,,,2,1,,,,1,7,0,0,1,0
5,8,2,1,3,35,FRANCE,BRETAGNE,238,35238,RENNES,BOULEVARD DU MARECHAL DE LATTRE DE TASSIGNY,57900,0,4,VC,0,2,2,,,2,1,,,,1,7,0,0,1,0
5,8,1,1,6,35,FRANCE,BRETAGNE,238,35238,RENNES,BOULEVARD RENE LAENNEC,57914,0,4,VC,0,2,2,,,0,1,,,,1,,0,0,0,1
1,8,3,1,3,35,FRANCE,BRETAGNE,238,35238,RENNES,LOUIS GUILLOUX,57923,0,4,VC,0,3,1,,,2,1,,,,1,7,0,0,1,0
5,8,1,2,3,35,FRANCE,BRETAGNE,238,35238,RENNES,BOULEVARD VILLEBOIS MAREUIL ,57944,2,4,VC,0,3,2,,,1,1,,,,1,7,0,0,1,0
1,8,2,2,3,35,FRANCE,BRETAGNE,238,35238,RENNES,RUE NADAULT DE BUFFON,57948,0,4,VC,0,2,2,,,0,1,,,,1,7,0,0,1,0
5,8,3,1,3,35,FRANCE,BRETAGNE,238,35238,RENNES,BOULEVARD VILLEBOIS MAREUIL ,57956,0,4,VC,0,2,2,,,2,1,,,,1,7,0,0,1,0
5,8,1,1,6,35,FRANCE,BRETAGNE,238,35238,RENNES,RUE EUGENE POTTIER,57970,0,4,VC,0,2,2,,,0,1,,,,1,,0,0,1,0
3,8,1,1,6,35,FRANCE,BRETAGNE,238,35238,RENNES,COURS CAMILLE CLAUDEL,57971,0,4,VC,0,0,1,,,0,1,,,,1,,0,0,1,0
1,8,2,1,2,35,FRANCE,BRETAGNE,238,35238,RENNES,BOULEVARD DE LA LIBERTE,57991,0,4,VC,0,2,2,,,0,1,,,,1,37,0,0,1,0
2,8,5,1,3,35,FRANCE,BRETAGNE,238,35238,RENNES,BOULEVARD RENE LAENNEC,57998,0,4,VC,0,0,3,,,3,1,,,,1,30,0,0,1,0
1,4,6,1,2,35,FRANCE,BRETAGNE,131,35131,HERMITAGE (L'),VC 0,58002,5,4,VC,0,1,1,0,0,0,1,0,0,,1,7,0,0,1,0
1,8,1,2,7,35,FRANCE,BRETAGNE,238,35238,RENNES,AVENUE PROFESSEUR CHARLES FOULON,58004,0,4,VC,0,2,0,,,0,1,,,,1,,0,0,1,0
1,8,6,1,3,35,FRANCE,BRETAGNE,238,35238,RENNES,BOULEVARD LEON GRIMAULT,58007,0,4,VC,0,0,1,,,2,1,,,,1,7,0,0,1,0
1,8,6,1,3,35,FRANCE,BRETAGNE,238,35238,RENNES,DOYEN ALBERT BOUZAT,58021,0,4,VC,0,2,0,,,0,1,,,,1,7,0,0,1,0
1,8,8,1,3,35,FRANCE,BRETAGNE,238,35238,RENNES,RUE DU CHESNAIS BEAUREGARD,58023,5,4,VC,0,2,2,,,0,1,,,,1,7,0,0,1,0
1,8,1,1,3,35,FRANCE,BRETAGNE,238,35238,RENNES,AVENUE JEAN JANVIER,58025,0,4,VC,0,2,2,,,2,1,,,,1,7,0,0,1,0
1,8,7,1,3,35,FRANCE,BRETAGNE,238,35238,RENNES,PLACE DE LA ROTONDE,58053,0,4,VC,0,1,1,,,0,1,,,,1,7,0,0,1,0
1,8,1,7,3,35,FRANCE,BRETAGNE,238,35238,RENNES,BOULEVARD SOLFERINO,58054,0,4,VC,0,2,3,,,3,1,,,,1,7,0,0,1,0
1,8,6,1,3,35,FRANCE,BRETAGNE,238,35238,RENNES,ROND-POINT FORCES FRANCAISES DE L'ONU,58055,0,4,VC,0,1,1,,,2,1,,,,1,7,0,0,1,0
1,8,2,1,6,35,FRANCE,BRETAGNE,238,35238,RENNES,JEAN GUEHENNO,58056,0,4,VC,0,2,2,,,0,1,,,,1,,0,0,0,1
1,8,2,1,7,35,FRANCE,BRETAGNE,238,35238,RENNES,DE DINAN,58062,0,4,VC,0,0,0,,,0,1,,,,1,,0,0,1,0
1,8,3,1,5,35,FRANCE,BRETAGNE,238,35238,RENNES,PAUL BOURGET,58072,0,4,VC,0,2,2,,,1,1,,,,1,33,0,0,0,1
1,8,6,1,3,35,FRANCE,BRETAGNE,238,35238,RENNES,BOULEVARD LEON GRIMAULT,58073,0,4,VC,0,1,2,,,2,1,,,,1,7,0,0,1,0
1,8,1,1,6,35,FRANCE,BRETAGNE,238,35238,RENNES,RUE DE FOUGERES,58077,0,4,VC,0,2,2,,,0,1,,,,1,10,0,0,1,0
3,8,6,1,6,35,FRANCE,BRETAGNE,238,35238,RENNES,DE SAINT-BRIEUC,58078,0,3,RD,0,0,0,,,0,1,,,,1,,0,0,1,0
1,8,1,1,6,35,FRANCE,BRETAGNE,238,35238,RENNES,DE NEMOURS,58083,0,4,VC,0,2,2,,,3,1,,,,1,,0,0,0,1
1,7,6,3,3,35,FRANCE,BRETAGNE,288,35288,SAINT-MALO,RUE DU GENERAL PATTON,58090,0,4,VC,0,2,0,,,0,1,,,,1,7,0,0,1,0
1,8,3,1,3,35,FRANCE,BRETAGNE,238,35238,RENNES,DU PERE LEBRET,58106,0,4,VC,0,1,1,,,0,1,,,,1,7,0,0,1,0
1,8,1,1,3,35,FRANCE,BRETAGNE,238,35238,RENNES,BOULEVARD DE LA TOUR D'AUVERGNE,58108,0,4,VC,0,3,2,,,2,1,,,,1,7,0,0,1,0
1,8,2,1,1,35,FRANCE,BRETAGNE,238,35238,RENNES,BOULEVARD DE STRASBOURG,58111,0,4,VC,0,2,2,,,0,1,,,,1,7,0,0,1,0
1,8,2,1,3,35,FRANCE,BRETAGNE,238,35238,RENNES,AVENUE DU GENERAL DE GAULLE,58138,0,4,VC,0,2,0,,,2,1,,,,1,7,0,0,1,0
2,8,1,1,3,35,FRANCE,BRETAGNE,238,35238,RENNES,DE CHATILLON,58147,1,4,VC,0,1,2,,,2,1,,,,1,7,0,0,1,0
1,8,2,8,3,35,FRANCE,BRETAGNE,238,35238,RENNES,SAINT-HELIER,58157,0,4,VC,0,2,2,,,1,5,,,,1,7,0,0,1,0
1,7,6,1,3,35,FRANCE,BRETAGNE,288,35288,SAINT-MALO,BOULEVARD DES TALARDS,58167,0,4,VC,0,0,0,,,0,1,,,,1,7,0,0,1,0
1,8,1,1,6,35,FRANCE,BRETAGNE,238,35238,RENNES,BOULEVARD PAUL PAINLEVE,58174,0,4,VC,0,0,1,,,0,1,,,,1,7,0,0,1,0
1,8,1,1,6,35,FRANCE,BRETAGNE,238,35238,RENNES,DOYEN ALBERT BOUZAT,58175,0,4,VC,0,2,0,,,0,1,,,,1,7,0,0,1,0
1,8,2,1,3,35,FRANCE,BRETAGNE,238,35238,RENNES,SAINT-HELIER,58178,0,4,VC,0,2,2,,,1,1,,,,1,7,0,0,1,0
1,5,1,2,7,35,FRANCE,BRETAGNE,055,35055,CHANTEPIE,AVENUE BONNIN ANDRE,58181,0,4,VC,0,0,0,,,0,1,,,,1,,0,0,1,0
1,8,6,1,6,35,FRANCE,BRETAGNE,238,35238,RENNES,AVENUE DES MONTS D'ARREE,58186,0,4,VC,0,1,1,,,1,1,,,,1,7,0,0,1,0
1,8,2,1,1,35,FRANCE,BRETAGNE,238,35238,RENNES,GENERAL NICOLET,58202,0,4,VC,0,1,1,,,0,1,,,,1,7,0,0,1,0
1,1,1,1,4,35,FRANCE,BRETAGNE,238,35238,RENNES,CHEMIN DE LA PREVALAYE,58212,0,4,VC,0,2,1,,,0,1,,,,1,7,0,0,1,0
1,8,2,1,6,35,FRANCE,BRETAGNE,238,35238,RENNES,BOULEVARD LEON GRIMAULT,58222,0,4,VC,0,0,2,,,2,2,,,,1,7,0,0,1,0
1,8,2,1,1,35,FRANCE,BRETAGNE,238,35238,RENNES,SAINT-HELIER,58238,0,4,VC,0,0,2,,,2,1,,,,1,7,0,0,1,0
1,8,3,1,2,35,FRANCE,BRETAGNE,238,35238,RENNES,PLACE DE BRETAGNE,58240,0,9,Autre,0,0,0,,,1,1,,,,1,7,0,0,1,0
1,8,1,1,5,35,FRANCE,BRETAGNE,238,35238,RENNES,BOULEVARD VILLEBOIS MAREUIL ,58241,0,4,VC,0,2,2,,,1,1,,,,1,7,0,0,1,0
1,8,3,1,3,35,FRANCE,BRETAGNE,238,35238,RENNES,AVENUE LOUIS BARTHOU,58242,0,4,VC,0,2,2,,,0,1,,,,1,7,0,0,1,0
1,8,1,1,3,35,FRANCE,BRETAGNE,238,35238,RENNES,BOULEVARD LEON GRIMAULT,58248,0,4,VC,0,3,2,,,2,1,,,,1,37,0,0,1,0
1,8,6,1,3,35,FRANCE,BRETAGNE,238,35238,RENNES,ROND-POINT FORCES FRANCAISES DE L'ONU,58264,0,4,VC,0,0,2,,,1,1,,,,1,7,0,0,1,0
1,8,1,1,3,35,FRANCE,BRETAGNE,238,35238,RENNES,RUE D'ISLY,58265,0,4,VC,0,1,2,,,0,1,,,,1,7,0,0,1,0
2,8,2,1,3,35,FRANCE,BRETAGNE,238,35238,RENNES,ROUTE DE ST MALO,58273,0,3,RD,0,2,0,,,0,1,,,,1,7,0,0,1,0
5,8,2,1,3,35,FRANCE,BRETAGNE,238,35238,RENNES,BOULEVARD DE SEVIGNE,58274,0,4,VC,0,0,2,,,0,1,,,,1,7,0,0,1,0
1,8,1,1,3,35,FRANCE,BRETAGNE,238,35238,RENNES,PAUL FEVAL,58284,0,4,VC,0,2,2,,,0,1,,,,1,7,0,0,1,0
1,8,3,1,2,35,FRANCE,BRETAGNE,238,35238,RENNES,DE DINAN,58290,0,4,VC,0,1,1,,,2,5,,,,1,,0,0,0,1
5,8,3,1,3,35,FRANCE,BRETAGNE,238,35238,RENNES,AVENUE GASTON BERGER,58309,0,4,VC,0,2,0,,,2,1,,,,1,7,0,0,1,0
1,8,3,1,3,35,FRANCE,BRETAGNE,238,35238,RENNES,DE VERN,58313,0,4,VC,0,2,0,,,2,5,,,,1,7,0,0,1,0
1,8,2,2,3,35,FRANCE,BRETAGNE,238,35238,RENNES,DE L'ALMA ,58327,0,4,VC,0,1,3,,,2,5,,,,1,,0,0,1,0
1,7,1,1,2,35,FRANCE,BRETAGNE,288,35288,SAINT-MALO,AVENUE ARISTIDE BRIAND,58333,0,4,VC,0,2,2,,,0,1,,,,1,7,0,0,1,0
1,1,6,1,3,35,FRANCE,BRETAGNE,238,35238,RENNES,ROCADE 13-14,58367,0,2,RN,0,0,1,,,2,1,,,,1,7,0,0,1,0
1,8,2,8,6,35,FRANCE,BRETAGNE,238,35238,RENNES,BOULEVARD RENE LAENNEC,58392,0,4,VC,0,0,2,,,1,1,,,,1,7,0,0,1,0
1,8,2,1,3,35,FRANCE,BRETAGNE,238,35238,RENNES,GINGUENE,58404,0,4,VC,0,0,0,,,0,1,,,,1,2,0,0,0,1
1,8,1,1,6,35,FRANCE,BRETAGNE,238,35238,RENNES,TRONJOLLY,58408,0,4,VC,0,2,2,,,0,1,,,,1,7,0,0,1,0
5,8,2,1,7,35,FRANCE,BRETAGNE,238,35238,RENNES,DU PRE PERCHE,58418,0,4,VC,0,0,0,,,0,0,,,,1,,0,0,1,0
1,1,1,7,3,35,FRANCE,BRETAGNE,095,35095,DOL-DE-BRETAGNE,RD 676,58430,0,3,RD,676,2,0,0,0,1,1,4855300,-175500,,1,7,0,0,1,0
1,8,1,1,2,35,FRANCE,BRETAGNE,238,35238,RENNES,BOULEVARD PAUL PAINLEVE,58435,0,4,VC,0,0,2,,,0,1,,,,1,37,0,0,1,0
1,8,2,1,3,35,FRANCE,BRETAGNE,238,35238,RENNES,BOULEVARD DE L'YSER,58437,0,4,VC,0,0,0,,,0,0,,,,1,7,0,0,1,0
1,7,2,7,3,35,FRANCE,BRETAGNE,288,35288,SAINT-MALO,RUE LEMARIE HENRI,58450,0,4,VC,0,2,0,,,0,1,,,,1,7,0,0,1,0
1,7,3,1,3,35,FRANCE,BRETAGNE,288,35288,SAINT-MALO,IMPASSE LEROUX ISIDORE ET JEAN,58457,0,4,VC,0,1,1,,,0,1,,,,1,7,0,0,1,0
1,8,3,1,6,35,FRANCE,BRETAGNE,238,35238,RENNES,ADOLPHE TOUFFAIT,58463,0,4,VC,0,0,0,,,0,0,,,,1,7,0,0,1,0
1,5,1,1,2,35,FRANCE,BRETAGNE,281,35281,SAINT-JACQUES-DE-LA-LANDE,RUE DU TEMPLE-DE-BLOSNE,58466,0,4,VC,0,2,2,,,0,1,,,,1,7,0,0,1,0
1,8,3,2,3,35,FRANCE,BRETAGNE,238,35238,RENNES,AU DUC,58472,0,4,VC,0,0,1,,,2,1,,,,1,7,0,0,1,0
1,5,1,6,6,35,FRANCE,BRETAGNE,055,35055,CHANTEPIE,RUE DU VERGER,58479,0,4,VC,0,0,0,,,0,1,,,,1,,0,0,1,0
1,7,9,1,3,35,FRANCE,BRETAGNE,288,35288,SAINT-MALO,RUE DU REVENANT,58481,0,4,VC,0,2,0,,,0,1,,,,1,7,0,0,1,0
1,8,3,2,3,35,FRANCE,BRETAGNE,238,35238,RENNES,JULES VALLES,58491,0,4,VC,0,3,0,,,0,1,,,,1,7,0,0,1,0
1,8,2,1,3,35,FRANCE,BRETAGNE,238,35238,RENNES,ALEXANDRE LEFAS,58497,0,4,VC,0,0,0,,,0,0,,,,1,7,0,0,1,0
1,8,3,1,3,35,FRANCE,BRETAGNE,238,35238,RENNES,DU THABOR,58499,0,4,VC,0,0,2,,,0,1,,,,1,7,0,0,1,0
5,8,1,1,2,35,FRANCE,BRETAGNE,238,35238,RENNES,BOULEVARD GEORGES POMPIDOU,58503,2,4,VC,0,1,0,,,1,1,,,,1,7,0,0,1,0
1,8,3,2,3,35,FRANCE,BRETAGNE,238,35238,RENNES,DE CHATILLON,58522,0,4,VC,0,2,2,,,2,1,,,,1,7,0,0,1,0
5,8,2,1,3,35,FRANCE,BRETAGNE,238,35238,RENNES,AVENUE HENRI FREVILLE,58526,5,4,VC,0,3,2,,,2,1,,,,1,7,0,0,1,0
1,8,9,2,7,35,FRANCE,BRETAGNE,238,35238,RENNES,DE CHATEAUGIRON,58528,3,4,VC,0,0,0,,,0,1,,,,1,,0,0,1,0
1,8,3,8,3,35,FRANCE,BRETAGNE,238,35238,RENNES,DE LORIENT,58530,0,2,RN,0,3,4,,,2,1,,,,1,7,0,0,1,0
1,5,2,1,1,35,FRANCE,BRETAGNE,278,35278,SAINT-GREGOIRE,RUE DE LA BRETECHE,58531,0,4,VC,0,2,2,,,2,1,,,,1,7,0,0,1,0
1,8,3,1,6,35,FRANCE,BRETAGNE,238,35238,RENNES,DE VERN,58540,0,3,RD,0,2,3,,,0,0,,,,1,,0,0,1,0
1,8,6,1,3,35,FRANCE,BRETAGNE,238,35238,RENNES,BOULEVARD ALEXIS CARREL,58542,0,4,VC,0,2,2,,,0,1,,,,1,7,0,0,1,0
1,8,1,3,3,35,FRANCE,BRETAGNE,238,35238,RENNES,SQUARE LOUIS ARMAND,58546,0,4,VC,0,2,2,,,1,1,,,,1,7,0,0,1,0
1,8,7,1,3,35,FRANCE,BRETAGNE,238,35238,RENNES,PLACE DE BRETAGNE,58549,0,4,VC,0,4,0,,,0,1,,,,1,7,0,0,1,0
1,8,6,1,3,35,FRANCE,BRETAGNE,238,35238,RENNES,RENE COLLIN,58550,0,4,VC,0,2,0,,,0,1,,,,1,7,0,0,1,0
1,1,1,7,3,35,FRANCE,BRETAGNE,240,35240,RHEU (LE),RD 287,58559,0,3,RD,287,2,2,0,0,0,1,0,0,,1,7,0,0,1,0
1,8,2,1,7,35,FRANCE,BRETAGNE,238,35238,RENNES,AVENUE CHARDONNET,58574,0,4,VC,0,0,0,,,1,1,,,,1,,0,0,0,1
1,8,2,1,3,35,FRANCE,BRETAGNE,238,35238,RENNES,AVENUE DES GAYEULLES,58581,0,4,VC,0,2,2,,,2,1,,,,1,7,0,0,1,0
5,8,1,1,6,35,FRANCE,BRETAGNE,238,35238,RENNES,ALLEE CHARLES D'ESPINAY,58586,0,4,VC,0,0,0,,,1,5,,,,1,,0,0,0,1
1,8,2,1,3,35,FRANCE,BRETAGNE,238,35238,RENNES,RUE LECONTE DE LISLE,58590,0,4,VC,0,1,2,,,0,1,,,,1,7,0,0,1,0
1,8,1,1,6,35,FRANCE,BRETAGNE,238,35238,RENNES,PLACE SAINT-JEAN EUDES,58609,0,4,VC,0,2,0,,,0,1,,,,1,,0,0,1,0
1,1,6,1,3,35,FRANCE,BRETAGNE,238,35238,RENNES,JULES VALLES,58614,0,4,VC,0,2,2,,,2,1,,,,1,7,0,0,1,0
1,8,9,1,3,35,FRANCE,BRETAGNE,238,35238,RENNES,BOULEVARD DE LA GUERINAIS,58615,0,3,RD,0,2,2,,,0,1,,,,1,7,0,0,1,0
1,5,1,1,7,35,FRANCE,BRETAGNE,281,35281,SAINT-JACQUES-DE-LA-LANDE,RUE DE NANTES,58616,0,4,VC,0,2,0,,,0,1,,,,1,,0,0,1,0
1,8,1,1,6,35,FRANCE,BRETAGNE,238,35238,RENNES,LEGRAVEREND,58623,0,4,VC,0,2,2,,,3,1,,,,1,7,0,0,1,0
1,8,1,1,7,35,FRANCE,BRETAGNE,238,35238,RENNES,SAINT-MARTIN,58637,0,4,VC,0,0,0,,,0,1,,,,1,,0,0,1,0
1,8,1,1,2,35,FRANCE,BRETAGNE,238,35238,RENNES,BOULEVARD DE LA TOUR D'AUVERGNE,58638,0,4,VC,0,3,3,,,2,5,,,,1,10,0,0,1,0
1,7,6,1,2,35,FRANCE,BRETAGNE,288,35288,SAINT-MALO,BOULEVARD DES DEPORTES,58642,0,4,VC,0,2,2,,,0,1,,,,1,7,0,0,1,0
1,8,9,1,3,35,FRANCE,BRETAGNE,238,35238,RENNES,RUE DE FOUGERES,58665,0,4,VC,0,0,0,,,2,2,,,,1,7,0,0,1,0
1,8,9,2,3,35,FRANCE,BRETAGNE,238,35238,RENNES,RUE D'ISLY,58667,0,4,VC,0,2,4,,,2,5,,,,1,7,0,0,1,0
5,8,2,1,3,35,FRANCE,BRETAGNE,238,35238,RENNES,CHATEAU RENAULT,58669,5,4,VC,0,2,2,,,3,1,,,,1,37,0,0,1,0
1,8,2,1,3,35,FRANCE,BRETAGNE,238,35238,RENNES,JEAN DENIS LANJUINAIS,58676,0,4,VC,0,0,0,,,0,0,,,,1,7,0,0,1,0
1,8,6,1,3,35,FRANCE,BRETAGNE,238,35238,RENNES,AVENUE DU GENERAL LECLERC,58677,5,4,VC,0,0,0,,,0,0,,,,1,7,0,0,1,0
1,8,5,1,6,35,FRANCE,BRETAGNE,238,35238,RENNES,BOULEVARD RENE LAENNEC,58678,5,4,VC,0,0,0,,,0,1,,,,1,,0,0,1,0
1,8,6,1,3,35,FRANCE,BRETAGNE,238,35238,RENNES,AUGUSTE PAVIE,58686,0,3,RD,0,0,0,,,0,0,,,,1,30,0,0,1,0
1,8,2,8,2,35,FRANCE,BRETAGNE,238,35238,RENNES,MARTENOT,58695,5,4,VC,0,0,0,,,0,0,,,,1,7,0,0,1,0
3,1,1,1,7,35,FRANCE,BRETAGNE,238,35238,RENNES,ROUTE DE VEZIN,58707,0,3,RD,0,2,2,,,2,5,,,,1,,0,0,1,0
1,8,1,1,3,35,FRANCE,BRETAGNE,238,35238,RENNES,RUE DUPONT DES LOGES,58708,0,4,VC,0,1,1,,,0,1,,,,1,7,0,0,1,0
1,8,6,1,6,35,FRANCE,BRETAGNE,238,35238,RENNES,AVENUE DES GAYEULLES,58718,0,4,VC,0,0,0,,,0,0,,,,1,,0,0,1,0
5,8,5,1,6,35,FRANCE,BRETAGNE,238,35238,RENNES,DE LA SANTE,58731,5,4,VC,0,0,0,,,0,0,,,,1,2,0,0,0,1
1,7,1,1,3,35,FRANCE,BRETAGNE,288,35288,SAINT-MALO,BOULEVARD DEMALVILLAIN LEONCE,58734,0,4,VC,0,2,2,,,0,1,,,,1,7,0,0,1,0
1,1,3,1,3,35,FRANCE,BRETAGNE,358,35358,VILLE-ES-NONAIS (LA),RD 366,58741,0,3,RD,366,2,2,0,0,0,1,0,0,,1,10,0,0,1,0
3,1,1,2,1,35,FRANCE,BRETAGNE,339,35339,TRANS-LA-FORET,RD 90,58743,0,3,RD,90,2,2,0,0,0,1,0,0,,1,7,0,0,1,0
1,8,2,2,3,35,FRANCE,BRETAGNE,238,35238,RENNES,BOULEVARD DE SEVIGNE,58746,5,4,VC,0,2,0,,,0,0,,,,1,7,0,0,1,0
1,8,1,8,3,35,FRANCE,BRETAGNE,238,35238,RENNES,BOULEVARD DE CHEZY,58748,0,4,VC,0,1,2,,,2,1,,,,1,7,0,0,1,0
1,8,2,1,3,35,FRANCE,BRETAGNE,238,35238,RENNES,BOULEVARD JACQUES CARTIER,58749,0,4,VC,0,2,2,,,0,1,,,,1,7,0,0,1,0
5,8,2,2,6,35,FRANCE,BRETAGNE,238,35238,RENNES,RUE VICTOR HUGO,58766,5,4,VC,0,2,0,,,0,0,,,,1,,0,0,0,1
1,7,6,3,3,35,FRANCE,BRETAGNE,288,35288,SAINT-MALO,RUE DE L'ANJOU,58771,0,4,VC,0,2,2,,,0,1,,,,1,7,0,0,1,0
1,7,2,1,2,35,FRANCE,BRETAGNE,288,35288,SAINT-MALO,RUE DE LA HULOTAIS,58780,0,4,VC,0,2,2,,,0,1,,,,1,2,0,0,1,0
1,8,2,1,2,35,FRANCE,BRETAGNE,238,35238,RENNES,BOULEVARD EMILE COMBES,58790,5,4,VC,0,2,2,,,2,1,,,,1,7,0,0,1,0
5,8,2,8,3,35,FRANCE,BRETAGNE,238,35238,RENNES,BOULEVARDDE LA DUCHESSE ANNE,58802,0,4,VC,0,1,2,,,0,1,,,,1,7,0,0,1,0
5,5,6,1,3,35,FRANCE,BRETAGNE,055,35055,CHANTEPIE,RUE DE BRETAGNE ,58803,5,4,VC,0,2,2,,,0,1,,,,1,7,0,0,1,0
1,8,1,1,3,35,FRANCE,BRETAGNE,238,35238,RENNES,BOULEVARD DE METZ,58818,0,4,VC,0,2,2,,,0,1,,,,1,7,0,0,1,0
1,8,3,1,3,35,FRANCE,BRETAGNE,238,35238,RENNES,VC 0,58828,0,4,VC,0,1,1,0,0,0,1,,,,1,7,0,0,1,0
1,8,3,1,3,35,FRANCE,BRETAGNE,238,35238,RENNES,VC 0,58829,0,4,VC,0,3,2,0,0,2,1,,,,1,7,0,0,1,0
5,8,2,1,7,35,FRANCE,BRETAGNE,238,35238,RENNES,VC 0,58831,5,4,VC,0,2,2,0,0,2,1,,,,1,,0,0,1,0
5,8,5,2,3,35,FRANCE,BRETAGNE,238,35238,RENNES,VC 0,58835,0,4,VC,0,3,1,0,0,2,1,,,,1,7,0,0,1,0
2,1,6,8,3,35,FRANCE,BRETAGNE,055,35055,CHANTEPIE,RD 463,58843,0,3,RD,463,1,2,,,0,1,,,,1,7,0,0,1,0
1,1,6,1,1,35,FRANCE,BRETAGNE,051,35051,CESSON-SEVIGNE,RD 29,58870,0,3,RD,29,2,0,15,875,0,1,0,0,,1,7,0,0,1,0
1,8,6,8,3,35,FRANCE,BRETAGNE,238,35238,RENNES,VC 0,58883,5,4,VC,0,3,2,0,0,2,1,,,,1,7,0,0,1,0
1,8,1,1,2,35,FRANCE,BRETAGNE,238,35238,RENNES,VC 0,58886,0,4,VC,0,3,2,0,0,2,1,,,,1,10,0,0,1,0
1,8,2,1,3,35,FRANCE,BRETAGNE,238,35238,RENNES,VC 0,58888,5,4,VC,0,2,3,0,0,2,1,,,,1,10,0,0,1,0