lum,agg,int,atm,col,dep_bis,pays,region,com_bis,com_codeINSEE,communes,N_voie,numac,infra,catr,type_route,voie,circ,nbv,pr,pr1,vosp,situ,lat,long,adr,accident_velo,vehicule_imp,cycl_mort,cycl_bgv,cycl_blg,cycl_indm
1,8,1,1,6,35,FRANCE,BRETAGNE,238,35238,RENNES,VC 0,58899,0,4,VC,0,2,2,0,0,2,1,,,,1,7,0,0,1,0
5,8,6,8,3,35,FRANCE,BRETAGNE,238,35238,RENNES,VC 0,58901,5,4,VC,0,2,2,0,0,1,1,,,,1,7,0,0,1,0
1,7,6,1,3,35,FRANCE,BRETAGNE,288,35288,SAINT-MALO,CARREFOUR GREVES DE CHASLES,58923,0,4,VC,0,1,2,,,0,1,,,,1,3,0,0,1,0
1,7,3,1,3,35,FRANCE,BRETAGNE,288,35288,SAINT-MALO,COUR KENNEDY JOHN,58925,0,4,VC,0,1,0,,,0,1,,,,1,7,0,0,1,0
2,8,1,1,6,35,FRANCE,BRETAGNE,238,35238,RENNES,VC 0,58927,0,4,VC,0,1,1,0,0,0,1,,,,1,,0,0,1,0
1,8,2,8,5,35,FRANCE,BRETAGNE,238,35238,RENNES,VC 0,58928,0,4,VC,0,2,2,,,1,1,,,,1,31,0,0,0,1
1,8,2,1,3,35,FRANCE,BRETAGNE,238,35238,RENNES,VC 0,58936,0,4,VC,0,2,2,0,0,3,1,,,,1,7,0,0,1,0
1,8,1,1,7,35,FRANCE,BRETAGNE,238,35238,RENNES,VC 0,58937,0,4,VC,0,1,1,0,0,2,1,,,,1,,0,0,1,0
1,7,3,1,3,35,FRANCE,BRETAGNE,288,35288,SAINT-MALO,AVENUE DE LA TESSERIE,58957,0,4,VC,0,2,2,,,0,1,,,,1,7,0,0,1,0
1,8,3,1,3,35,FRANCE,BRETAGNE,238,35238,RENNES,VC 0,58963,0,4,VC,0,2,2,0,0,0,1,,,,1,7,0,0,1,0
5,8,3,1,6,35,FRANCE,BRETAGNE,238,35238,RENNES,VC 0,58980,0,4,VC,0,2,2,0,0,0,1,,,,1,,0,0,1,0
1,8,2,7,3,35,FRANCE,BRETAGNE,238,35238,RENNES,VC 0,58986,5,4,VC,0,1,1,0,0,2,1,,,,1,7,0,0,1,0
1,8,1,1,3,35,FRANCE,BRETAGNE,238,35238,RENNES,VC 0,58991,0,4,VC,0,1,1,0,0,0,1,,,,1,7,0,0,1,0
1,8,1,1,7,35,FRANCE,BRETAGNE,238,35238,RENNES,VC 0,58992,0,4,VC,0,2,2,0,0,0,1,,,,1,7,0,0,1,0
1,6,1,1,3,35,FRANCE,BRETAGNE,115,35115,FOUGERES,BOULEVARD DE GROSLAY,58993,0,9,Autre,0,0,0,,,0,1,,,,1,7,0,0,1,0
1,5,3,1,3,35,FRANCE,BRETAGNE,352,35352,VERN-SUR-SEICHE,RUE DE L'ISLE CELEE,58999,0,4,VC,0,2,2,,,0,1,,,,1,7,0,0,1,0
1,5,1,7,2,35,FRANCE,BRETAGNE,278,35278,SAINT-GREGOIRE,ROUTE DE SAINT-MALO,59013,0,3,RD,437,3,2,0,1,0,1,,,,1,7,0,0,1,0
1,8,2,1,3,35,FRANCE,BRETAGNE,238,35238,RENNES,AVENUE DU GENERAL SIR GEORGES PATTON,59015,5,4,VC,0,2,2,,,0,1,,,,1,10,0,0,1,0
1,7,6,1,3,35,FRANCE,BRETAGNE,288,35288,SAINT-MALO,RUE DE LA VILLE ES COURS,59027,0,4,VC,0,1,2,,,2,1,,,,1,7,0,0,1,0
1,6,1,1,3,35,FRANCE,BRETAGNE,115,35115,FOUGERES,RUE PASTEUR,59028,0,9,Autre,0,2,2,,,0,1,,,,1,7,0,0,1,0
5,8,1,1,7,35,FRANCE,BRETAGNE,238,35238,RENNES,VC 0,59037,0,4,VC,0,2,3,0,0,3,1,,,,1,,0,0,1,0
1,8,6,1,3,35,FRANCE,BRETAGNE,238,35238,RENNES,VC 0,59038,5,4,VC,0,3,1,0,0,2,1,,,,1,7,0,0,1,0
1,8,1,1,3,35,FRANCE,BRETAGNE,238,35238,RENNES,VC 0,59040,0,4,VC,0,2,2,0,0,2,4,,,,1,10,0,0,1,0
1,7,6,1,3,35,FRANCE,BRETAGNE,288,35288,SAINT-MALO,AVENUE MARTIN LOUIS,59049,0,4,VC,0,2,2,,,0,1,,,,1,7,0,0,1,0
1,8,1,1,3,35,FRANCE,BRETAGNE,238,35238,RENNES,VC 0,59054,0,4,VC,0,2,2,0,0,0,1,4809310,-168175,,1,7,0,0,1,0
1,8,3,1,3,35,FRANCE,BRETAGNE,238,35238,RENNES,VC 0,59057,0,4,VC,0,2,2,0,0,2,1,4809950,-168647,,1,7,0,0,1,0
1,8,2,7,3,35,FRANCE,BRETAGNE,238,35238,RENNES,RUE DU BIGNON,59062,0,4,VC,0,2,2,0,0,2,1,4809680,-163532,,1,33,0,0,1,0
1,8,3,2,3,35,FRANCE,BRETAGNE,238,35238,RENNES,BOULEVARD DE VERDUN,59064,0,4,VC,0,2,2,0,0,0,4,4811400,-169304,,1,7,0,0,1,0
1,8,1,8,2,35,FRANCE,BRETAGNE,238,35238,RENNES,BOULEVARD RENE LAENNEC,59065,0,4,VC,0,2,2,0,0,2,1,4810860,-166576,,1,7,0,0,1,0
1,8,2,1,3,35,FRANCE,BRETAGNE,238,35238,RENNES,RUE DE JUILLET,59072,0,4,VC,0,2,2,0,0,0,1,4811260,-168482,,1,7,0,0,1,0
1,8,2,1,3,35,FRANCE,BRETAGNE,238,35238,RENNES,BOULEVARD ALEXIS CARREL,59081,0,4,VC,0,2,2,0,0,0,1,4811860,-165552,,1,10,0,0,1,0
1,8,1,1,3,35,FRANCE,BRETAGNE,238,35238,RENNES,VC 0,59085,0,4,VC,0,3,2,0,0,2,1,4812700,-168749,,1,10,0,0,1,0
1,8,1,1,6,35,FRANCE,BRETAGNE,238,35238,RENNES,SAINT-HELIER,59086,0,4,VC,0,0,2,,,2,1,,,,1,7,0,0,1,0
1,4,1,1,2,35,FRANCE,BRETAGNE,239,35239,RETIERS,RD 41,59092,5,3,RD,41,2,2,0,0,0,1,0,0,,1,7,0,0,1,0
1,8,3,2,3,35,FRANCE,BRETAGNE,238,35238,RENNES,RUE ALBERT AUBRY,59105,0,4,VC,0,2,2,0,0,0,1,4810580,-167296,,1,7,0,0,1,0
5,8,1,1,7,35,FRANCE,BRETAGNE,238,35238,RENNES,PLACE DE LA GARE,59111,0,4,VC,0,3,2,0,0,2,1,4810410,-167292,,1,,0,0,1,0
1,6,4,1,7,35,FRANCE,BRETAGNE,115,35115,FOUGERES,RUE DE LA CASERNE,59117,0,4,VC,0,2,0,,,0,1,,,,1,,0,0,1,0
1,8,6,1,3,35,FRANCE,BRETAGNE,238,35238,RENNES,RUE FERDINAND DE LESSEPS,59122,5,4,VC,0,2,2,0,0,0,1,4810180,-170729,,1,7,0,0,1,0
1,5,2,1,3,35,FRANCE,BRETAGNE,055,35055,CHANTEPIE,RD 463,59128,0,3,RD,0,0,0,,,0,0,,,,1,13,0,0,1,0
1,8,4,1,3,35,FRANCE,BRETAGNE,238,35238,RENNES,BOULEVARD JEAN MERMOZ,59129,0,4,VC,0,2,2,0,0,1,1,4809770,-168857,,1,7,0,0,1,0
1,5,6,1,3,35,FRANCE,BRETAGNE,281,35281,SAINT-JACQUES-DE-LA-LANDE,AVENUE ROGER DODIN,59130,0,4,VC,0,0,2,,,2,1,,,,1,7,0,0,1,0
1,8,2,1,3,35,FRANCE,BRETAGNE,238,35238,RENNES,VC 0,59139,5,4,VC,0,1,1,0,0,0,1,4811240,-167516,,1,7,0,0,1,0
5,8,6,2,7,35,FRANCE,BRETAGNE,238,35238,RENNES,ROND-POINT DES FORCES FRANCAISES DE L'ON,59143,5,4,VC,0,1,1,0,0,2,1,4808960,-168271,,1,,0,0,1,0
1,7,1,1,3,35,FRANCE,BRETAGNE,288,35288,SAINT-MALO,AVENUE DE MOKA,59149,0,4,VC,0,2,2,,,0,1,,,,1,7,0,0,1,0
1,8,6,2,6,35,FRANCE,BRETAGNE,238,35238,RENNES,RUE JULES VALLES ,59156,0,4,VC,0,2,2,0,0,2,1,4810540,-170846,,1,7,0,0,1,0
1,8,1,2,7,35,FRANCE,BRETAGNE,238,35238,RENNES,VC 0,59161,0,4,VC,0,2,2,0,0,0,1,4810190,-163699,,1,,0,0,1,0
1,8,1,2,3,35,FRANCE,BRETAGNE,238,35238,RENNES,AVENUE DU PROFESSEUR LEON BERNARD,59167,0,4,VC,0,3,1,0,0,0,1,4811750,-170407,,1,7,0,0,1,0
5,5,1,2,3,35,FRANCE,BRETAGNE,055,35055,CHANTEPIE,RUE DU PETIT PRE,59170,0,4,VC,0,0,0,,,0,0,,,,1,7,0,0,1,0
5,8,2,1,3,35,FRANCE,BRETAGNE,238,35238,RENNES,BOULEVARD JACQUES CARTIER,59176,0,4,VC,0,2,2,,,2,1,,,,1,7,0,0,1,0
1,8,1,8,6,35,FRANCE,BRETAGNE,238,35238,RENNES,RUE DE RIAVAL,59178,0,4,VC,0,1,1,0,0,0,1,4810050,-166808,,1,,0,0,1,0
1,8,2,1,3,35,FRANCE,BRETAGNE,238,35238,RENNES,RUE DE VINCENNES,59189,5,4,VC,0,1,2,0,0,3,1,4811820,-167638,,1,7,0,0,1,0
2,7,7,1,6,35,FRANCE,BRETAGNE,288,35288,SAINT-MALO,BOULEVARD POREE,59190,0,4,VC,0,2,1,,,0,1,,,,1,,0,0,0,1
5,8,3,1,6,35,FRANCE,BRETAGNE,238,35238,RENNES,RUE D'ISLY,59193,5,4,VC,0,3,2,0,0,3,1,4810500,-167754,,1,,0,0,1,0
5,8,2,2,3,35,FRANCE,BRETAGNE,238,35238,RENNES,RUE JEAN-DENIS LANJUINAIS,59211,0,4,VC,0,2,2,0,0,0,1,4810860,-168200,,1,7,0,0,1,0
5,8,1,4,6,35,FRANCE,BRETAGNE,238,35238,RENNES,RUE DU DOCTEUR BADEROT,59221,0,4,VC,0,2,2,0,0,0,1,4813070,-169006,,1,,0,0,1,0
3,8,1,1,6,35,FRANCE,BRETAGNE,238,35238,RENNES,SQUARE LOUIS ARMAND,59228,0,4,VC,0,0,2,0,0,0,1,4810370,-166239,,1,,0,0,0,1
1,8,2,1,7,35,FRANCE,BRETAGNE,238,35238,RENNES,QUAI CHATEAUBRIAND,59237,5,4,VC,0,1,1,0,0,2,1,4811020,-167414,,1,,0,0,1,0
1,5,1,1,7,35,FRANCE,BRETAGNE,093,35093,DINARD,RUE DE SAINT LUNAIRE,59246,0,4,VC,0,1,1,,,0,1,,,,1,7,0,0,1,0
5,8,2,1,2,35,FRANCE,BRETAGNE,238,35238,RENNES,DE VINCENNES,59259,0,4,VC,0,1,2,,,2,1,,,,1,7,0,0,1,0
1,5,1,1,7,35,FRANCE,BRETAGNE,281,35281,SAINT-JACQUES-DE-LA-LANDE,COURS CAMILLE CLAUDEL,59267,0,4,VC,0,0,0,,,0,1,,,,1,,0,0,1,0
1,8,1,1,6,35,FRANCE,BRETAGNE,238,35238,RENNES,MAIL FRANCOIS MITTERAND,59276,0,4,VC,0,1,0,,,2,5,,,,1,,0,0,1,0
1,8,1,1,7,35,FRANCE,BRETAGNE,238,35238,RENNES,AVENUE DES BUTTES DE COESMES,59285,0,4,VC,0,0,0,,,0,0,,,,1,,0,0,1,0
1,8,3,1,3,35,FRANCE,BRETAGNE,238,35238,RENNES,DE CHATILLON,59287,0,4,VC,0,0,0,,,2,1,,,,1,7,0,0,1,0
1,8,1,1,6,35,FRANCE,BRETAGNE,238,35238,RENNES,PAUL FEVAL,59300,0,4,VC,0,0,1,,,0,1,,,,1,,0,0,1,0
1,8,1,1,6,35,FRANCE,BRETAGNE,238,35238,RENNES,EUGENE POTTIER,59301,0,4,VC,0,2,2,,,0,1,,,,1,7,0,0,1,0
1,1,3,1,3,35,FRANCE,BRETAGNE,281,35281,SAINT-JACQUES-DE-LA-LANDE,RD 177,59308,5,3,RD,0,3,2,,,0,1,,,,1,7,0,0,1,0
1,8,1,1,6,35,FRANCE,BRETAGNE,238,35238,RENNES,RUE DE NEMOURS,59313,6,4,VC,0,2,2,0,0,3,4,4810960,-168019,,1,,0,0,0,1
1,8,2,1,3,35,FRANCE,BRETAGNE,238,35238,RENNES,VC 0,59315,5,4,VC,0,3,2,0,0,2,1,4810740,-168037,,1,7,0,0,1,0
1,8,1,1,7,35,FRANCE,BRETAGNE,238,35238,RENNES,VC 0,59318,0,4,VC,0,2,2,,0,2,5,4809350,-166945,,1,,0,0,1,0
1,8,1,1,3,35,FRANCE,BRETAGNE,238,35238,RENNES,VC 0,59324,0,4,VC,0,2,4,,,2,1,4810280,-167660,,1,7,0,0,1,0
1,8,1,1,3,35,FRANCE,BRETAGNE,238,35238,RENNES,RUE SAINT-HELIER,59331,0,4,VC,0,2,2,0,0,2,1,4810700,-167098,,1,7,0,0,1,0
1,8,6,1,3,35,FRANCE,BRETAGNE,238,35238,RENNES,VC 0,59347,5,4,VC,0,1,2,0,0,2,1,4812770,-165209,,1,7,0,0,1,0
1,8,2,1,3,35,FRANCE,BRETAGNE,238,35238,RENNES,BOULEVARD ALEXIS CARREL,59348,0,4,VC,0,2,2,0,0,0,1,4811690,-165615,,1,7,0,0,1,0
1,8,1,1,3,35,FRANCE,BRETAGNE,238,35238,RENNES,BOULEVARD DE YOUGOSLAVIE,59350,0,4,VC,0,3,1,0,0,2,1,4808760,-165516,,1,7,0,0,1,0
1,8,2,1,3,35,FRANCE,BRETAGNE,238,35238,RENNES,AVENUE DE POLOGNE,59363,0,4,VC,0,3,2,0,0,2,1,4808530,-165098,,1,7,0,0,1,0
1,5,6,1,3,35,FRANCE,BRETAGNE,055,35055,CHANTEPIE,RUE DES LANDES,59369,0,4,VC,0,2,0,,,2,1,,,,1,7,0,0,1,0
1,7,3,1,3,35,FRANCE,BRETAGNE,288,35288,SAINT-MALO,ROND-POINT PAUL VERON,59377,0,4,VC,0,1,1,,,0,1,,,,1,10,0,0,1,0
1,8,1,1,2,35,FRANCE,BRETAGNE,238,35238,RENNES,RUE KLEBER,59378,0,4,VC,0,1,1,0,0,0,1,4811070,-167328,,1,,0,0,0,1
1,8,3,1,3,35,FRANCE,BRETAGNE,238,35238,RENNES,RUE GUYNEMER,59379,0,4,VC,0,2,2,0,0,0,1,4809000,-168930,,1,7,0,0,1,0
1,8,1,1,3,35,FRANCE,BRETAGNE,238,35238,RENNES,VC 0,59383,0,4,VC,0,2,2,0,0,0,4,4810160,-170854,,1,7,0,0,0,1
1,8,6,1,3,35,FRANCE,BRETAGNE,238,35238,RENNES,BOULEVARD OSCAR LEROUX,59396,5,4,VC,0,3,1,0,0,2,1,4809150,-166153,,1,7,0,0,1,0
1,8,1,1,3,35,FRANCE,BRETAGNE,238,35238,RENNES,RUE DE L' ANGOUMOIS,59401,0,4,VC,0,2,2,0,0,0,1,4811910,-171517,,1,10,0,0,1,0
1,8,1,8,6,35,FRANCE,BRETAGNE,238,35238,RENNES,RUE DE CHATEAUGIRON,59406,0,4,VC,0,2,2,0,0,2,1,4809270,-163034,,1,,0,0,1,0
1,8,3,1,6,35,FRANCE,BRETAGNE,238,35238,RENNES,RUE DE L'ALMA,59407,0,4,VC,0,2,0,0,0,3,1,4810380,-167711,,1,,0,0,1,0
1,8,3,1,2,35,FRANCE,BRETAGNE,238,35238,RENNES,VC 0,59408,5,4,VC,0,0,2,0,0,0,1,4812850,-169927,,1,7,0,0,1,0
1,8,1,1,7,35,FRANCE,BRETAGNE,238,35238,RENNES,BOULEVARD D'ARMORIQUE,59411,0,4,VC,0,0,2,,,1,5,,,,1,,0,0,1,0
1,4,1,1,3,35,FRANCE,BRETAGNE,120,35120,GEVEZE,VC 0,59412,5,4,VC,0,2,2,0,0,0,1,0,0,,1,7,0,0,1,0
1,8,1,1,6,35,FRANCE,BRETAGNE,238,35238,RENNES,RUE DE LA MABILAIS,59418,0,4,VC,0,2,2,0,0,0,1,4810630,-169447,,1,,0,0,1,0
1,8,3,2,3,35,FRANCE,BRETAGNE,238,35238,RENNES,BOULEVARD DE LA LIBERTE,59434,0,4,VC,0,3,4,0,0,3,1,4810740,-167455,,1,7,0,0,1,0
1,8,2,1,3,35,FRANCE,BRETAGNE,238,35238,RENNES,RUE JEAN-DENIS LANJUINAIS,59446,0,4,VC,0,2,2,0,0,0,1,4810860,-168200,,1,7,0,0,1,0
1,8,2,8,3,35,FRANCE,BRETAGNE,238,35238,RENNES,MAIL FRANCOIS MITTERRAND,59447,0,4,VC,0,2,2,0,0,3,1,4811010,-168621,,1,7,0,0,1,0
5,8,3,3,3,35,FRANCE,BRETAGNE,238,35238,RENNES,RUE DES FRANCS BOURGEOIS,59456,0,4,VC,0,1,1,0,0,0,1,4811040,-167641,,1,7,0,0,1,0
1,8,1,2,2,35,FRANCE,BRETAGNE,238,35238,RENNES,VC 0,59457,0,4,VC,0,2,2,,,0,1,4810760,-167254,,1,7,0,0,1,0
1,7,6,1,3,35,FRANCE,BRETAGNE,288,35288,SAINT-MALO,RUE FEVAL PAUL,59468,1,4,VC,0,2,2,,,0,1,,,,1,7,0,0,1,0
5,8,4,2,3,35,FRANCE,BRETAGNE,238,35238,RENNES,VC 0,59483,0,4,VC,0,2,4,0,0,2,5,4810460,-167264,,1,7,0,0,1,0
1,8,3,2,7,35,FRANCE,BRETAGNE,238,35238,RENNES,BOULEVARD DE LA LIBERTE,59492,0,4,VC,0,3,4,,,2,1,,,,1,7,0,0,1,0
1,8,1,1,3,35,FRANCE,BRETAGNE,238,35238,RENNES,HENRI LE GUILLOUX,59500,0,4,VC,0,2,2,,,0,1,,,,1,7,0,0,1,0
1,8,1,1,3,35,FRANCE,BRETAGNE,238,35238,RENNES,RUE HENRI LE GUILLOUX,59502,0,4,VC,0,2,2,0,0,0,1,4811740,-169402,,1,7,0,0,1,0
1,5,6,2,3,35,FRANCE,BRETAGNE,281,35281,SAINT-JACQUES-DE-LA-LANDE,PORTE DE ST NAZAIRE,59504,5,2,RN,9136,1,0,,,0,1,,,,1,7,0,0,1,0
1,8,2,2,3,35,FRANCE,BRETAGNE,238,35238,RENNES,RUE DE COETQUEN,59524,0,4,VC,0,1,1,0,0,0,1,4811100,-167783,,1,30,,,,
5,8,1,1,7,35,FRANCE,BRETAGNE,238,35238,RENNES,RUE DES LONGS PRES,59526,0,4,VC,0,2,2,0,0,0,1,4813230,-165450,,1,,0,0,1,0
5,8,3,1,1,35,FRANCE,BRETAGNE,238,35238,RENNES,BOULEVARD RENE LAENNEC,59527,0,4,VC,0,2,4,0,0,2,1,4810770,-166584,,1,7,0,0,1,0
1,8,6,1,3,35,FRANCE,BRETAGNE,238,35238,RENNES,RUE LA FONTAINE,59530,0,4,VC,0,2,2,0,0,0,1,4811860,-165552,,1,7,0,0,1,0
5,8,3,1,3,35,FRANCE,BRETAGNE,238,35238,RENNES,BOULEVARD DE METZ,59532,0,4,VC,0,2,2,0,0,2,1,4812180,-166273,,1,7,0,0,1,0
1,8,1,1,3,35,FRANCE,BRETAGNE,238,35238,RENNES,RUE DE SAINT-MALO,59536,0,4,VC,0,2,2,0,0,0,1,4812190,-168356,,1,7,0,0,1,0
5,8,1,1,2,35,FRANCE,BRETAGNE,238,35238,RENNES,RUE DE SUISSE,59539,0,4,VC,0,2,2,0,0,0,1,4808650,-166570,,1,7,0,0,1,0
5,8,6,1,3,35,FRANCE,BRETAGNE,238,35238,RENNES,AVENUE DE ROCHESTER,59540,5,4,VC,0,3,2,0,0,2,1,4812750,-165246,,1,7,0,0,1,0
2,8,1,1,3,35,FRANCE,BRETAGNE,238,35238,RENNES,RUE DE CHATEAUGIRON,59546,0,4,VC,0,2,2,0,0,2,1,4809970,-164764,,1,7,0,0,1,0
1,8,2,1,3,35,FRANCE,BRETAGNE,238,35238,RENNES,RUE DE SAINT-BRIEUC,59560,5,4,VC,0,3,2,0,0,2,1,4811200,-170237,,1,10,0,0,1,0
1,6,6,3,3,35,FRANCE,BRETAGNE,115,35115,FOUGERES,RD 177,59580,5,3,RD,177,,,,,,0,4836592,-118565,,1,7,0,0,1,0
5,8,1,1,3,35,FRANCE,BRETAGNE,238,35238,RENNES,BOULEVARD VILLEBOIS MAREUIL ,59602,0,4,VC,0,2,2,0,0,0,1,4810060,-164978,,1,13,0,0,1,0
1,8,6,1,3,35,FRANCE,BRETAGNE,238,35238,RENNES,RUE PAUL LANGEVIN,59612,5,4,VC,0,1,2,0,0,2,1,4809140,-165842,,1,7,0,0,1,0
1,8,2,1,6,35,FRANCE,BRETAGNE,238,35238,RENNES,RUE DU BOURBONNAIS,59619,0,4,VC,0,2,2,0,0,0,1,4812030,-170841,,1,,0,0,1,0
1,8,1,1,7,35,FRANCE,BRETAGNE,238,35238,RENNES,AVENUE SIR WINSTON CHURCHILL,59620,0,4,VC,0,2,2,,,0,1,,,,1,,0,0,1,0
1,5,2,1,3,35,FRANCE,BRETAGNE,281,35281,SAINT-JACQUES-DE-LA-LANDE,MAIL LEON BLUM,59626,0,4,VC,0,2,1,,,0,1,,,,1,7,0,0,1,0
1,8,4,2,3,35,FRANCE,BRETAGNE,238,35238,RENNES,AVENUE DE LA TOURAUDAIS,59635,5,4,VC,0,2,2,0,0,1,1,4812010,-163143,,1,7,0,0,1,0
2,8,2,2,3,35,FRANCE,BRETAGNE,238,35238,RENNES,RUE DE L'ALMA,59639,5,4,VC,0,1,2,0,0,2,5,4809740,-167515,,1,7,0,0,1,0
5,8,3,1,3,35,FRANCE,BRETAGNE,238,35238,RENNES,ALLEE  DE BEAULIEU,59640,0,4,VC,0,2,2,0,0,0,1,4811770,-163447,,1,7,0,0,1,0
1,8,6,1,3,35,FRANCE,BRETAGNE,238,35238,RENNES,BOULEVARD DES HAUTES OURMES,59648,5,4,VC,0,3,2,0,0,2,5,4808750,-164492,,1,7,0,0,1,0
5,8,1,1,3,35,FRANCE,BRETAGNE,238,35238,RENNES,RUE DE CHATILLON,59663,0,4,VC,0,1,2,0,0,2,1,4810120,-167265,,1,7,0,0,1,0
1,8,2,1,3,35,FRANCE,BRETAGNE,238,35238,RENNES,PONT DE LA MISSION,59664,5,4,VC,0,3,4,0,0,2,1,4811010,-168460,,1,7,0,0,1,0
1,8,2,1,3,35,FRANCE,BRETAGNE,238,35238,RENNES,RUE DE BELGIQUE,59667,0,4,VC,0,2,2,0,0,0,1,4808970,-168563,,1,7,0,0,1,0
1,8,1,1,6,35,FRANCE,BRETAGNE,238,35238,RENNES,PLACE DU LANDREL,59672,6,4,VC,0,0,0,0,0,0,1,4809020,-165235,,1,,0,0,0,1
1,8,3,1,3,35,FRANCE,BRETAGNE,238,35238,RENNES,RUE DE L'ALMA,59673,0,4,VC,0,3,4,0,0,3,1,4810380,-167711,,1,10,0,0,1,0
1,8,2,1,3,35,FRANCE,BRETAGNE,238,35238,RENNES,RUE DU PRE BOTTE,59675,0,4,VC,0,1,1,0,0,0,1,4810940,-168018,,1,7,0,0,1,0
1,8,3,1,3,35,FRANCE,BRETAGNE,238,35238,RENNES,QUAI CHATEAUBRIAND,59676,0,4,VC,0,1,1,0,0,2,1,4811020,-167641,,1,7,0,0,1,0
1,8,1,1,6,35,FRANCE,BRETAGNE,238,35238,RENNES,RUE MARTENOT,59677,0,4,VC,0,1,1,0,0,0,1,4811250,-167342,,1,,0,0,0,1
1,8,3,1,3,35,FRANCE,BRETAGNE,238,35238,RENNES,BOULEVARD SAINT-JEAN BAPTISTE DE LA SALL,59678,5,4,VC,0,3,2,0,0,2,1,4811630,-170801,,1,7,0,0,1,0
1,8,1,1,3,35,FRANCE,BRETAGNE,238,35238,RENNES,COURS PRESIDENT JOHN FITZGERALD KENNEDY,59684,0,4,VC,0,2,1,0,0,0,1,4812140,-171279,,1,10,0,0,1,0
1,8,1,1,6,35,FRANCE,BRETAGNE,238,35238,RENNES,QUAI LAMARTINE,59690,0,4,VC,0,1,2,0,0,2,1,4811020,-167958,,1,,0,0,0,1
1,8,3,1,3,35,FRANCE,BRETAGNE,238,35238,RENNES,RUE GURVAND,59699,0,4,VC,0,1,2,0,0,0,1,4810380,-167711,,1,7,0,0,1,0
1,8,2,1,3,35,FRANCE,BRETAGNE,238,35238,RENNES,SQUARE LOUIS ARMAND,59703,5,4,VC,0,2,2,0,0,0,1,4810350,-166269,,1,7,0,0,1,0
5,8,3,1,3,35,FRANCE,BRETAGNE,238,35238,RENNES,BOULEVARD DE LA LIBERTE,59706,5,4,VC,0,3,4,0,0,3,1,4810740,-167455,,1,7,0,0,1,0
1,8,1,1,3,35,FRANCE,BRETAGNE,238,35238,RENNES,RUE DE REDON,59707,0,4,VC,0,2,2,0,0,0,1,4810510,-169183,,1,7,0,0,1,0
1,5,1,1,7,35,FRANCE,BRETAGNE,281,35281,SAINT-JACQUES-DE-LA-LANDE,TEMPLE DU CERISIER,59710,0,4,VC,0,0,0,,,0,1,,,,1,,0,0,1,0
1,8,2,1,3,35,FRANCE,BRETAGNE,238,35238,RENNES,RUE DE SUEDE,59716,5,4,VC,0,2,2,0,0,0,1,4808670,-167499,,1,7,0,0,1,0
5,8,6,1,3,35,FRANCE,BRETAGNE,238,35238,RENNES,AVENUE DES PAYS BAS,59723,5,4,VC,0,3,2,0,0,2,1,4809140,-165842,,1,7,0,0,1,0
1,8,1,1,6,35,FRANCE,BRETAGNE,238,35238,RENNES,RUE CLAUDE BERNARD,59724,0,4,VC,0,2,2,0,0,2,4,4810080,-169450,,1,,0,0,1,0
1,8,2,1,6,35,FRANCE,BRETAGNE,238,35238,RENNES,RUE MOULIN DU COMTE,59726,5,4,VC,0,2,2,0,0,0,4,4810890,-171022,,1,,0,0,0,1
1,8,2,1,3,35,FRANCE,BRETAGNE,238,35238,RENNES,BOULEVARD LOUIS VOLCLAIR,59727,0,4,VC,0,3,2,0,0,2,1,4808840,-166918,,1,7,0,0,1,0
1,8,1,8,3,35,FRANCE,BRETAGNE,238,35238,RENNES,AVENUE SIR WINSTON CHURCHILL,59733,0,4,VC,0,2,2,0,0,2,1,4811710,-170799,,1,7,0,0,1,0
1,8,3,1,3,35,FRANCE,BRETAGNE,238,35238,RENNES,BOULEVARD DE METZ,59737,0,4,VC,0,2,2,0,0,2,1,4811880,-166037,,1,,0,0,1,0
1,5,1,1,3,35,FRANCE,BRETAGNE,055,35055,CHANTEPIE,RUE D'HALLOUVRY,59738,0,4,VC,0,0,1,,,2,1,,,,1,30,0,0,1,0
1,5,6,1,2,35,FRANCE,BRETAGNE,055,35055,CHANTEPIE,RUE DE BRETAGNE ,59741,0,4,VC,0,2,2,,,0,1,,,,1,7,0,0,1,0
5,8,1,8,6,35,FRANCE,BRETAGNE,238,35238,RENNES,QUAI EMILE ZOLA,59748,0,4,VC,0,2,2,0,0,3,1,4810980,-167617,,1,,0,0,1,0
1,8,1,1,3,35,FRANCE,BRETAGNE,238,35238,RENNES,ALLEE  DE LUCERNE,59749,0,4,VC,0,2,2,0,0,0,1,4808610,-166382,,1,7,0,0,1,0
1,8,3,1,3,35,FRANCE,BRETAGNE,238,35238,RENNES,AVENUE CHARDONNET,59751,5,4,VC,0,2,2,0,0,0,1,4810810,-163691,,1,7,0,0,1,0
1,8,3,8,3,35,FRANCE,BRETAGNE,238,35238,RENNES,AVENUE DE GRIGNAN,59755,0,4,VC,0,2,2,0,0,0,1,4811630,-167102,,1,7,0,0,1,0