lum,agg,int,atm,col,dep_bis,pays,region,com_bis,com_codeINSEE,communes,N_voie,numac,infra,catr,type_route,voie,circ,nbv,pr,pr1,vosp,situ,lat,long,adr,accident_velo,vehicule_imp,cycl_mort,cycl_bgv,cycl_blg,cycl_indm
1,5,1,1,3,35,FRANCE,BRETAGNE,281,35281,SAINT-JACQUES-DE-LA-LANDE,MAIL LEON BLUM,59756,0,4,VC,0,2,2,,,0,1,,,,1,7,0,0,1,0
5,8,1,1,2,35,FRANCE,BRETAGNE,238,35238,RENNES,BOULEVARD DE LA TOUR D'AUVERGNE,59757,0,4,VC,0,2,4,0,0,3,1,4810310,-168434,,1,7,0,0,1,0
1,8,2,1,3,35,FRANCE,BRETAGNE,238,35238,RENNES,BOULEVARD GEORGES POMPIDOU,59758,5,4,VC,0,3,2,0,0,1,1,4810000,-168662,,1,7,0,0,1,0
1,8,6,1,3,35,FRANCE,BRETAGNE,238,35238,RENNES,RUE FERDINAND DE LESSEPS,59767,5,4,VC,0,2,2,0,0,2,1,4810180,-170729,,1,7,0,0,1,0
5,8,1,1,7,35,FRANCE,BRETAGNE,238,35238,RENNES,RUE ALEXANDRE DUVAL,59770,0,4,VC,0,2,0,0,0,0,1,4810450,-169823,,1,,0,0,1,0
5,8,3,1,6,35,FRANCE,BRETAGNE,238,35238,RENNES,RUE SAINT MARTIN,59776,0,4,VC,0,1,2,0,0,2,1,4811880,-167736,,1,7,0,0,1,0
1,8,2,1,3,35,FRANCE,BRETAGNE,238,35238,RENNES,BOULEVARD LEON BOURGEOIS,59783,0,4,VC,0,2,2,0,0,2,1,4809810,-165565,,1,7,0,0,1,0
5,5,1,1,7,35,FRANCE,BRETAGNE,278,35278,SAINT-GREGOIRE,BOULEVARD DE LA BELLE EPINE,59786,0,4,VC,0,2,2,,,0,1,4815167,-169544,,1,,0,0,1,0
1,8,3,1,3,35,FRANCE,BRETAGNE,238,35238,RENNES,RUE DE DINAN,59787,0,4,VC,0,1,1,0,0,0,1,4811310,-168550,,1,7,0,0,1,0
1,8,1,1,7,35,FRANCE,BRETAGNE,238,35238,RENNES,RUE DE NANTES,59788,0,4,VC,0,2,2,0,0,2,1,4808530,-169571,,1,,0,0,1,0
1,8,4,2,3,35,FRANCE,BRETAGNE,238,35238,RENNES,RUE MOREAU DE JONNES,59790,0,4,VC,0,2,2,0,0,0,1,4810930,-165506,,1,7,0,0,1,0
1,8,1,1,6,35,FRANCE,BRETAGNE,238,35238,RENNES,RUE DE CHATEAUGIRON,59796,0,4,VC,0,2,2,0,0,2,4,4809490,-163698,,1,,0,0,0,1
5,8,2,1,7,35,FRANCE,BRETAGNE,238,35238,RENNES,RUE SAINT-HELIER,59798,0,4,VC,0,3,4,0,0,3,1,4810350,-166269,,1,,0,0,1,0
1,8,1,1,6,35,FRANCE,BRETAGNE,238,35238,RENNES,RUE SAINT-HELIER,59802,2,4,VC,0,3,2,0,0,2,1,4810440,-166408,,1,,0,0,1,0
1,8,2,1,3,35,FRANCE,BRETAGNE,238,35238,RENNES,RUE DE BREST,59812,5,4,VC,0,3,4,0,0,3,1,4811230,-168725,,1,7,0,0,1,0
1,8,1,1,3,35,FRANCE,BRETAGNE,238,35238,RENNES,AVENUE DES PAYS BAS,59813,0,4,VC,0,3,2,0,0,2,1,4808590,-166101,,1,7,0,0,1,0
1,8,1,1,3,35,FRANCE,BRETAGNE,238,35238,RENNES,RUE ALPHONSE GUERIN,59829,0,4,VC,0,1,1,0,0,2,4,4810900,-166148,,1,7,0,0,1,0
1,8,6,1,3,35,FRANCE,BRETAGNE,238,35238,RENNES,BOULEVARD VILLEBOIS MAREUIL ,59830,0,4,VC,0,2,2,0,0,2,1,4810400,-165003,,1,7,0,0,1,0
1,8,5,1,3,35,FRANCE,BRETAGNE,238,35238,RENNES,BOULEVARD RENE LAENNEC,59831,5,4,VC,0,2,2,0,0,3,1,4810570,-166601,,1,7,0,0,1,0
1,8,5,7,3,35,FRANCE,BRETAGNE,238,35238,RENNES,BOULEVARD GEORGES POMPIDOU,59833,5,4,VC,0,3,4,0,0,1,1,4810180,-168433,,1,7,0,0,1,0
1,8,6,1,3,35,FRANCE,BRETAGNE,238,35238,RENNES,BOULEVARD ALBERT 1ER,59836,5,4,VC,0,3,2,0,0,2,1,4808960,-168271,,1,7,0,0,1,0
5,5,1,1,7,35,FRANCE,BRETAGNE,281,35281,SAINT-JACQUES-DE-LA-LANDE,BOULEVARD JEAN MERMOZ,59840,0,4,VC,0,2,2,,,0,1,,,,1,,0,0,1,0
1,8,3,1,3,35,FRANCE,BRETAGNE,238,35238,RENNES,RUE LEON BERTHAULT,59843,0,4,VC,0,2,2,0,0,0,1,4810650,-173074,,1,13,0,0,1,0
1,8,2,1,3,35,FRANCE,BRETAGNE,238,35238,RENNES,PONT PASTEUR,59851,5,4,VC,0,3,4,0,0,0,1,4811020,-167414,,1,7,0,0,1,0
1,8,6,1,3,35,FRANCE,BRETAGNE,238,35238,RENNES,RUE DE LA POTERIE,59852,5,4,VC,0,2,2,0,0,0,1,4809290,-164007,,1,10,0,0,1,0
1,8,3,1,5,35,FRANCE,BRETAGNE,238,35238,RENNES,RUE DANTON,59860,0,4,VC,0,2,2,0,0,0,1,4811830,-165357,,1,7,0,0,1,0
1,8,1,1,2,35,FRANCE,BRETAGNE,238,35238,RENNES,MAIL FRANCOIS MITTERRAND,59862,0,4,VC,0,3,2,0,0,2,1,4810850,-169623,,1,30,0,0,1,0
5,8,1,1,3,35,FRANCE,BRETAGNE,238,35238,RENNES,RUE DE SAINT-MALO,59864,0,4,VC,0,2,2,0,0,0,4,4812650,-168613,,1,7,0,0,1,0
1,8,5,1,5,35,FRANCE,BRETAGNE,238,35238,RENNES,BOULEVARD GEORGES POMPIDOU,59869,0,4,VC,0,3,3,0,0,3,1,4810180,-168433,,1,7,0,0,1,0
1,8,1,1,7,35,FRANCE,BRETAGNE,238,35238,RENNES,PLACE DE LA REPUBLIQUE,59871,0,4,VC,0,2,2,0,0,3,1,4810980,-167984,,1,,0,0,1,0
1,8,1,1,7,35,FRANCE,BRETAGNE,238,35238,RENNES,BOULEVARD DE CHEZY,59890,0,4,VC,0,1,2,0,0,2,1,4811510,-168727,,1,,0,0,1,0
1,8,3,7,3,35,FRANCE,BRETAGNE,238,35238,RENNES,RUE DE VERN,59891,0,4,VC,0,2,3,0,0,3,1,4809650,-165272,,1,7,0,0,1,0
1,8,6,1,3,35,FRANCE,BRETAGNE,238,35238,RENNES,AVENUE FRANCOIS CHATEAU,59893,5,4,VC,0,3,2,0,0,2,1,4811390,-164089,,1,7,0,0,1,0
1,8,2,1,3,35,FRANCE,BRETAGNE,238,35238,RENNES,BOULEVARD DE YOUGOSLAVIE,59896,0,4,VC,0,3,2,0,0,2,1,4808760,-165384,,1,7,0,0,1,0
5,8,3,2,3,35,FRANCE,BRETAGNE,238,35238,RENNES,MOREAU DE JONNES,59914,5,4,VC,0,2,2,,,0,1,,,,1,7,0,0,1,0
5,8,1,2,3,35,FRANCE,BRETAGNE,238,35238,RENNES,RUE LOUIS ET RENE MOINE,59915,2,4,VC,0,2,2,0,0,0,1,4809260,-168190,,1,7,0,0,1,0
1,1,6,1,3,35,FRANCE,BRETAGNE,278,35278,SAINT-GREGOIRE,ROND-POINT DE MONTGERMONT,59921,5,3,RD,0,1,2,,,2,1,,,,1,7,0,0,1,0
5,8,1,6,7,35,FRANCE,BRETAGNE,238,35238,RENNES,RUE DE SAINT-MALO,59926,0,4,VC,4,1,1,0,0,0,1,4811680,-168085,,1,,0,0,1,0
1,5,3,1,3,35,FRANCE,BRETAGNE,055,35055,CHANTEPIE,AVENUE BONNIN ANDRE,59927,5,3,RD,0,2,2,,,0,1,,,,1,7,0,0,1,0
1,8,6,8,3,35,FRANCE,BRETAGNE,238,35238,RENNES,MAURICE FABRE,59936,0,4,VC,0,2,2,,,0,1,,,,1,7,0,0,1,0
1,7,3,1,6,35,FRANCE,BRETAGNE,288,35288,SAINT-MALO,ALLEE DE LA CORVETTE,59943,0,4,VC,0,2,2,,,0,1,,,,1,7,0,0,1,0
5,1,2,1,3,35,FRANCE,BRETAGNE,241,35241,RICHARDAIS (LA),ZONE D'ACTIVITES MARE LA,59946,1,4,VC,0,2,2,,,0,1,,,,1,10,0,0,1,0
1,7,3,1,7,35,FRANCE,BRETAGNE,288,35288,SAINT-MALO,RUE MI-GREVE,59950,0,3,RD,0,2,2,,,0,1,,,,1,7,0,0,1,0
1,1,1,1,2,36,FRANCE,CENTRE,107,36107,LYE,Autre 0,59967,0,9,Autre,0,2,2,0,0,0,1,4722000,148000,,1,7,0,0,1,0
1,5,1,1,7,36,FRANCE,CENTRE,159,36159,POINCONNET (LE),AVENUE DE LA FORET,59969,0,3,RD,0,4,2,,,0,1,,,,1,7,0,0,1,0
1,6,2,8,3,36,FRANCE,CENTRE,044,36044,CHATEAUROUX,DE L'INDRE,59973,0,3,RD,0,1,2,,,0,1,,,,1,7,0,0,1,0
1,6,1,1,2,36,FRANCE,CENTRE,044,36044,CHATEAUROUX,MONTAIGNE,60006,0,4,VC,0,2,2,,,0,1,,,,1,7,0,0,1,0
1,6,1,1,3,36,FRANCE,CENTRE,044,36044,CHATEAUROUX,PLACE DE TOURAINE,60011,0,3,RD,0,2,0,,,0,1,,,,1,7,0,0,1,0
1,6,1,1,3,36,FRANCE,CENTRE,044,36044,CHATEAUROUX,CHATEAUBRIAND,60013,0,6,Parking,0,1,0,,,0,1,,,,1,7,0,0,1,0
1,1,6,1,3,36,FRANCE,CENTRE,063,36063,DEOLS,ROND-POINT FREESBEE,60040,3,2,RN,0,1,2,,,0,1,,,,1,7,0,0,1,0
1,6,1,1,1,36,FRANCE,CENTRE,044,36044,CHATEAUROUX,BOULEVARD BLAISE PASCAL,60045,0,4,VC,0,2,2,0,1,0,1,,,,1,7,0,0,1,0
1,6,1,1,3,36,FRANCE,CENTRE,044,36044,CHATEAUROUX,BOULEVARD DES MARINS,60049,0,4,VC,0,2,0,,,0,1,,,,1,7,0,0,1,0
1,6,2,1,3,36,FRANCE,CENTRE,044,36044,CHATEAUROUX,BOULEVARD DU MOULIN NEUF,60051,0,4,VC,0,2,0,,,2,1,,,,1,7,0,0,1,0
1,5,3,1,3,36,FRANCE,CENTRE,088,36088,ISSOUDUN,RD 8,60063,0,3,RD,8,2,1,0,0,0,1,4694800,201300,,1,2,0,0,1,0
1,6,1,1,7,36,FRANCE,CENTRE,044,36044,CHATEAUROUX,JOSEPH BELLIER,60067,0,4,VC,0,1,1,,,0,1,,,,1,,0,0,1,1
1,5,1,1,1,36,FRANCE,CENTRE,159,36159,POINCONNET (LE),ALLEE HAIES FLEURIES,60070,0,4,VC,0,1,1,,,0,1,,,,1,7,0,0,1,0
1,6,1,1,3,36,FRANCE,CENTRE,044,36044,CHATEAUROUX,RUE DES ETATS-UNIS,60073,0,4,VC,0,2,2,,,0,1,,,,1,7,0,0,1,0
1,5,1,1,2,36,FRANCE,CENTRE,088,36088,ISSOUDUN,VC 0,60080,0,4,VC,0,2,2,0,0,1,1,0,0,,1,7,0,0,1,0
1,6,1,1,3,36,FRANCE,CENTRE,044,36044,CHATEAUROUX,DE CHATELLERAULT,60085,0,4,VC,0,2,0,,,0,1,,,,1,7,0,0,1,0
5,6,2,1,3,36,FRANCE,CENTRE,044,36044,CHATEAUROUX,DES PERES TRANQUILLES,60087,0,4,VC,0,2,2,,,0,1,,,,1,7,0,0,1,0
1,6,3,1,3,36,FRANCE,CENTRE,044,36044,CHATEAUROUX,MONTAIGNE,60095,0,4,VC,0,0,2,,,0,1,,,,1,7,0,0,1,0
1,6,6,1,3,36,FRANCE,CENTRE,044,36044,CHATEAUROUX,ROND-POINT DE LA BRENNE,60097,0,4,VC,0,1,2,,,0,1,,,,1,7,0,0,1,0
1,6,3,1,3,36,FRANCE,CENTRE,044,36044,CHATEAUROUX,RUE PIERRE ET MARIE CURIE,60105,0,4,VC,0,2,2,,,0,1,,,,1,7,0,0,1,0
1,6,1,1,2,36,FRANCE,CENTRE,044,36044,CHATEAUROUX,MONTAIGNE,60109,0,4,VC,0,2,2,,,0,1,,,,1,31,0,0,1,0
2,6,1,1,7,36,FRANCE,CENTRE,044,36044,CHATEAUROUX,AVENUE DE VERDUN,60124,0,4,VC,0,1,2,0,1,0,1,,,,1,,0,0,1,0
1,6,1,1,6,36,FRANCE,CENTRE,044,36044,CHATEAUROUX,AVENUE DE VERDUN,60144,0,4,VC,0,1,2,,,0,1,,,,1,2,0,0,1,0
1,6,3,1,3,36,FRANCE,CENTRE,044,36044,CHATEAUROUX,AVENUE BERNARD LOUVET,60159,0,4,VC,0,3,5,,,2,1,,,,1,7,0,0,1,0
5,6,2,1,3,36,FRANCE,CENTRE,044,36044,CHATEAUROUX,BOULEVARD DE BRYAS,60181,0,3,RD,0,3,4,,,0,1,,,,1,7,0,0,1,0
1,3,1,1,3,36,FRANCE,CENTRE,021,36021,BORDES (LES),VC 0,60209,0,4,VC,0,2,0,0,0,0,1,4698700,197200,,1,7,0,0,1,0
1,6,7,1,3,36,FRANCE,CENTRE,044,36044,CHATEAUROUX,PLACE SAINT CHRISTOPHE,60231,0,4,VC,0,1,3,0,1,0,1,,,,1,7,0,0,1,0
5,5,1,1,7,36,FRANCE,CENTRE,063,36063,DEOLS,AVENUE DU GENERAL DE GAULLE,60233,0,4,VC,0,2,2,0,1,1,1,,,,1,,0,0,1,0
1,6,1,1,6,36,FRANCE,CENTRE,044,36044,CHATEAUROUX,MONTAIGNE,60234,0,4,VC,0,0,0,0,1,0,4,,,,1,,0,0,0,2
1,6,3,1,1,36,FRANCE,CENTRE,044,36044,CHATEAUROUX,ALLEE  EDOUARD BRANLY,60241,0,4,VC,0,2,2,,,0,1,,,,1,7,0,0,1,0
1,6,1,1,7,36,FRANCE,CENTRE,044,36044,CHATEAUROUX,EUGENE DELACROIX,60253,0,4,VC,0,2,2,0,1,0,1,,,,1,,0,0,1,0
1,6,1,2,3,36,FRANCE,CENTRE,044,36044,CHATEAUROUX,DU PALAIS DE JUSTICE,60256,0,4,VC,0,1,2,0,1,0,1,,,,1,7,0,0,1,0
1,6,2,1,3,36,FRANCE,CENTRE,044,36044,CHATEAUROUX,ALLEE DE LONGCHAMPS,60258,0,4,VC,0,2,2,0,1,0,1,,,,1,7,0,0,1,0
1,6,2,1,3,36,FRANCE,CENTRE,044,36044,CHATEAUROUX,MONTAIGNE,60270,0,4,VC,0,2,2,,,0,1,,,,1,7,0,0,1,0
1,6,1,1,3,36,FRANCE,CENTRE,044,36044,CHATEAUROUX,DE VAUGIRARD,60280,0,4,VC,0,2,2,,,0,1,,,,1,7,0,0,1,0
1,6,1,1,3,36,FRANCE,CENTRE,044,36044,CHATEAUROUX,MONTAIGNE,60283,0,4,VC,0,0,1,0,1,3,1,,,,1,99,0,0,1,0
2,1,1,1,2,36,FRANCE,CENTRE,159,36159,POINCONNET (LE),ROUTE MONTLUCON,60324,0,3,RD,0,2,2,,,0,1,,,,1,30,0,0,1,0
2,6,1,1,3,36,FRANCE,CENTRE,044,36044,CHATEAUROUX,AVENUE DES MARINS,60352,0,4,VC,0,2,2,,,0,1,,,,1,7,0,0,1,0
1,6,1,1,3,36,FRANCE,CENTRE,044,36044,CHATEAUROUX,RUE ALBERT 1ER ,60358,0,4,VC,0,2,2,0,1,0,1,,,,1,7,0,0,1,0
1,6,1,1,7,36,FRANCE,CENTRE,044,36044,CHATEAUROUX,AVENUE PIERRE DE COUBERTIN,60389,0,4,VC,0,2,2,,,0,1,,,,1,,0,0,1,0
1,1,1,1,3,36,FRANCE,CENTRE,202,36202,SAINT-MAUR,ROUTE DE CHATEAUROUX ,60415,0,4,VC,0,2,2,0,0,0,1,4681420,166134,,1,7,0,0,1,0
1,1,1,1,3,36,FRANCE,CENTRE,202,36202,SAINT-MAUR,ROUTE DE GIREUGNE,60426,0,4,VC,0,2,2,0,1,0,1,,,,1,7,0,0,1,0
1,6,1,1,3,36,FRANCE,CENTRE,044,36044,CHATEAUROUX,AVENUE MARCEL LEMOINE ,60427,0,4,VC,0,2,2,0,1,0,1,4681670,169709,,1,7,0,0,1,0
1,6,1,1,7,36,FRANCE,CENTRE,044,36044,CHATEAUROUX,RUE CHANZY,60437,0,4,VC,0,1,1,0,1,0,1,,,,1,,0,0,1,0
1,6,4,8,3,36,FRANCE,CENTRE,044,36044,CHATEAUROUX,RUE JULES ROMAIN,60444,0,4,VC,0,1,1,0,0,0,1,4679710,171744,,1,7,0,0,1,0
5,6,1,1,7,36,FRANCE,CENTRE,044,36044,CHATEAUROUX,RUE ERNEST RENAN,60465,0,4,VC,0,2,2,0,0,0,1,4681050,168619,,1,,0,0,1,0
5,6,1,1,7,36,FRANCE,CENTRE,044,36044,CHATEAUROUX,RUE DE NOTZ,60471,0,4,VC,0,2,2,0,0,0,1,4680160,168596,,1,,0,0,1,0
1,6,1,2,2,36,FRANCE,CENTRE,044,36044,CHATEAUROUX,RUE DESCARTES,60482,0,4,VC,0,2,2,0,0,0,1,4680120,170296,,1,7,0,0,1,0
2,6,1,1,2,36,FRANCE,CENTRE,044,36044,CHATEAUROUX,DESCENTE DE VILLE,60490,0,4,VC,0,2,2,0,0,0,1,4681260,168890,,1,7,0,0,1,0
1,6,6,1,2,36,FRANCE,CENTRE,044,36044,CHATEAUROUX,ROND-POINT DU 19 MARS 1962,60522,0,4,VC,0,1,2,0,0,0,1,,,,1,7,0,0,1,0
1,1,1,1,2,36,FRANCE,CENTRE,207,36207,SAINT-PLANTAIRE,RD 30,60542,0,3,RD,30,2,2,39,800,0,1,4645460,166625,,1,30,0,0,0,1
1,6,6,1,3,36,FRANCE,CENTRE,044,36044,CHATEAUROUX,AVENUE MARCEL LEMOINE ,60575,0,4,VC,0,2,0,0,0,0,1,4681260,169696,,1,7,0,0,1,0
1,6,1,1,3,36,FRANCE,CENTRE,044,36044,CHATEAUROUX,DE BOURGOGNE,60586,0,4,VC,0,2,2,0,0,0,1,4680440,168157,,1,7,0,0,1,0
1,6,3,1,3,36,FRANCE,CENTRE,044,36044,CHATEAUROUX,ALLEE DE VINCENNES,60599,0,4,VC,0,1,1,0,0,0,1,4680840,167141,,1,7,0,0,1,0
1,6,6,1,3,36,FRANCE,CENTRE,044,36044,CHATEAUROUX,ROND-POINT MONTAIGNE,60602,0,4,VC,0,1,1,1,0,0,1,4679320,171132,,1,7,0,0,1,0
1,6,1,1,2,36,FRANCE,CENTRE,044,36044,CHATEAUROUX,CHAUSSET,60605,0,4,VC,0,2,2,0,0,0,1,4680690,169611,,1,7,0,0,1,0
1,6,1,1,3,36,FRANCE,CENTRE,044,36044,CHATEAUROUX,AVENUE MARCEL LEMOINE ,60613,0,4,VC,0,2,2,0,0,1,1,4682140,169750,,1,2,0,0,1,0
1,6,1,1,7,36,FRANCE,CENTRE,044,36044,CHATEAUROUX,ALLEE LOUIS DE FRONTENAC,60640,0,4,VC,0,2,2,0,0,0,1,4680040,171020,,1,,0,0,1,0
1,5,9,2,7,36,FRANCE,CENTRE,063,36063,DEOLS,ROUTE D'ISSOUDUN,60647,0,4,VC,0,2,2,0,0,0,1,4683160,171561,,1,,0,0,1,0
5,6,1,1,7,36,FRANCE,CENTRE,044,36044,CHATEAUROUX,RUE DE NOTZ,60650,0,4,VC,0,2,2,0,0,0,1,4680160,168602,,1,,0,0,1,0
1,6,6,1,2,36,FRANCE,CENTRE,044,36044,CHATEAUROUX,ROUTE DEPARTEMENTALE 920,60660,0,3,RD,920,2,2,36,1582,0,1,4679170,171204,,1,7,0,0,1,0
1,6,1,1,6,36,FRANCE,CENTRE,044,36044,CHATEAUROUX,BERNARD NAUDIN,60663,0,4,VC,0,2,2,0,0,0,1,4680000,169011,,1,,0,0,1,0
1,3,1,1,3,36,FRANCE,CENTRE,001,36001,AIGURANDE,RD 990,60677,0,3,RD,990,2,2,46,0,3,3,4644040,182065,,1,7,0,0,1,0
1,6,3,1,3,36,FRANCE,CENTRE,044,36044,CHATEAUROUX,MONTAIGNE,60714,0,4,VC,,2,2,,,0,1,4679940,170409,,1,7,0,0,1,0
1,6,1,1,7,36,FRANCE,CENTRE,044,36044,CHATEAUROUX,MONTAIGNE,60715,0,4,VC,,2,2,,,0,4,4680400,169935,,1,,0,0,1,0
1,5,1,1,7,36,FRANCE,CENTRE,159,36159,POINCONNET (LE),ROUTE DU PETIT EPOT,60719,0,3,RD,67,2,2,24,97,0,4,4676250,170269,,1,,0,0,1,0
1,1,1,1,2,36,FRANCE,CENTRE,159,36159,POINCONNET (LE),ROUTE DE VARENNES,60721,0,4,VC,,2,2,,,0,1,,,,1,7,0,0,1,0
1,6,1,1,3,36,FRANCE,CENTRE,044,36044,CHATEAUROUX,MONTAIGNE,60729,0,4,VC,,2,2,,,0,1,4679850,170482,,1,10,0,0,1,0
5,6,1,1,7,36,FRANCE,CENTRE,044,36044,CHATEAUROUX,AVENUE DU MARECHAL DE LATTRE DE TASSIGNY,60735,0,4,VC,,2,2,,,0,1,4679860,171931,,1,,0,0,1,0
5,6,1,1,3,36,FRANCE,CENTRE,044,36044,CHATEAUROUX,EUGENE DELACROIX,60737,6,4,VC,,0,0,,,0,0,4680320,170646,,1,7,0,0,1,0
1,4,1,1,1,36,FRANCE,CENTRE,202,36202,SAINT-MAUR,AVENUE DE OCCITANIE,60743,0,3,RD,920,3,2,,,1,3,4678680,165810,,1,7,0,0,1,0
1,6,1,1,3,36,FRANCE,CENTRE,044,36044,CHATEAUROUX,PLACE ST CHRISTOPHE,60746,0,4,VC,,2,0,,,0,1,4681720,168406,,1,7,0,0,1,0
1,5,1,1,3,36,FRANCE,CENTRE,063,36063,DEOLS,ROUTE D'ISSOUDUN,60757,0,4,VC,,2,2,,,0,1,4682610,170243,,1,7,0,0,1,0
1,1,1,1,6,36,FRANCE,CENTRE,044,36044,CHATEAUROUX,ROUTE DE VELLE,60759,0,3,RD,40,2,2,2,199,0,4,4678630,169060,,1,,0,0,1,0
2,6,6,1,2,36,FRANCE,CENTRE,044,36044,CHATEAUROUX,DU CHARDELIEVRE,60764,0,4,VC,,1,0,,,0,1,4681300,172028,,1,7,0,0,1,0
1,6,1,1,3,36,FRANCE,CENTRE,044,36044,CHATEAUROUX,ALBERT CAMUS,60774,0,4,VC,,2,2,,,0,1,4680010,171309,,1,7,0,0,1,0
1,6,1,1,7,36,FRANCE,CENTRE,044,36044,CHATEAUROUX,FERNAND MAILLAUD,60782,0,4,VC,,2,2,,,0,1,4680210,170872,,1,,0,0,1,0
2,4,6,1,5,37,FRANCE,CENTRE,273,37273,VILLE-AUX-DAMES (LA),RD 141,60787,0,3,RD,141,0,0,0,0,0,0,4739600,77000,,1,7,0,0,1,0
1,8,9,1,7,37,FRANCE,CENTRE,261,37261,TOURS,RUE COLOMBIER,60798,0,4,VC,0,2,2,,,0,1,,,,1,33,0,0,0,1
5,1,1,1,1,37,FRANCE,CENTRE,159,37159,MONTS,RD 17,60808,0,3,RD,17,3,0,25,800,0,1,0,0,,1,10,0,0,1,0
1,8,3,1,3,37,FRANCE,CENTRE,261,37261,TOURS,RUE DU SANITAS,60814,0,4,VC,0,1,1,,,0,1,,,,1,7,0,0,1,0
1,8,1,2,2,37,FRANCE,CENTRE,261,37261,TOURS,RUE DES TANNEURS,60815,0,9,Autre,0,2,50,,,0,1,,,,1,7,0,0,1,0
1,8,1,1,6,37,FRANCE,CENTRE,261,37261,TOURS,RUE GEORGES RENARD,60825,0,9,Autre,0,2,2,,,0,1,,,,1,7,0,0,1,0
1,5,1,2,3,37,FRANCE,CENTRE,233,37233,SAINT-PIERRE-DES-CORPS,RUE DE LA GRANGE QUILLET,60873,0,4,VC,0,2,2,,,0,1,,,,1,15,0,0,1,0
1,8,2,1,3,37,FRANCE,CENTRE,261,37261,TOURS,QUAI ANDRE MALRAUX,60875,5,2,RN,0,2,4,,,0,1,,,,1,7,0,0,1,0
1,8,6,1,3,37,FRANCE,CENTRE,261,37261,TOURS,RUE DES BORDIERS,60876,7,4,VC,0,2,2,,,0,1,,,,1,7,0,0,1,0
1,8,1,1,6,37,FRANCE,CENTRE,261,37261,TOURS,AVENUE ANDRE MAGINOT,60908,0,9,Autre,0,0,1,,,2,5,,,,1,,0,0,1,0
1,8,3,8,3,37,FRANCE,CENTRE,261,37261,TOURS,RUE FRANCHE COMTE,60921,0,4,VC,0,2,2,,,0,1,,,,1,7,0,0,1,0
5,8,2,1,3,37,FRANCE,CENTRE,261,37261,TOURS,RUE DU CAPITAINE POUGNON,60923,0,4,VC,0,2,2,,,0,1,,,,1,7,0,0,1,0
1,8,3,1,7,37,FRANCE,CENTRE,261,37261,TOURS,VC 0,60938,0,4,VC,0,0,0,0,0,0,0,,,,1,,0,0,1,0
1,8,1,1,6,37,FRANCE,CENTRE,261,37261,TOURS,RUE DE LA GRANDIERE,60940,0,4,VC,0,1,1,0,0,2,1,,,,1,7,0,0,1,0
3,8,1,1,7,37,FRANCE,CENTRE,261,37261,TOURS,RUE GEORGES COURTELINE,60941,0,4,VC,0,1,0,0,0,0,1,,,,1,,0,0,1,0
5,8,1,9,7,37,FRANCE,CENTRE,261,37261,TOURS,RUE DU COMMERCE,60943,0,4,VC,0,0,0,0,0,0,0,,,,1,,0,0,1,0
1,8,1,1,6,37,FRANCE,CENTRE,261,37261,TOURS,PLACE JULES MASSENET,60945,0,4,VC,0,2,0,0,0,0,1,,,,1,,0,0,1,0
5,8,1,1,7,37,FRANCE,CENTRE,261,37261,TOURS,RUE DES HALLES,60947,0,4,VC,0,1,1,0,0,0,1,,,,1,,0,0,1,0
1,6,6,1,3,37,FRANCE,CENTRE,122,37122,JOUE-LES-TOURS,BOULEVARD DE CHINON,60948,5,4,VC,0,1,1,0,0,0,1,,,,1,7,0,0,1,0
5,8,1,1,7,37,FRANCE,CENTRE,261,37261,TOURS,BOULEVARD HEURTELOUP,60955,0,4,VC,0,3,3,0,0,0,1,,,,1,,0,0,1,0
1,8,1,1,6,37,FRANCE,CENTRE,261,37261,TOURS,PLACE JEAN JAURES,60959,0,4,VC,0,1,3,0,0,0,1,,,,1,7,0,0,1,0
1,8,1,1,3,37,FRANCE,CENTRE,261,37261,TOURS,RUE PINGUET GUINDON,60963,0,4,VC,0,0,0,0,0,0,0,,,,1,7,0,0,1,0
1,5,1,1,7,37,FRANCE,CENTRE,208,37208,SAINT-AVERTIN,RUE DE L'OISELET,60964,0,4,VC,0,2,2,0,0,0,1,,,,1,,0,0,1,0
1,8,3,1,3,37,FRANCE,CENTRE,261,37261,TOURS,BOULEVARD WINSTON CHURCHILL,60972,0,4,VC,0,3,4,0,0,1,1,,,,1,7,0,0,1,0
1,5,6,1,3,37,FRANCE,CENTRE,195,37195,RICHE (LA),RUE DU PLESSIS,60977,0,3,RD,0,2,0,0,0,1,1,,,,1,7,0,0,1,0
5,8,1,1,7,37,FRANCE,CENTRE,261,37261,TOURS,PONT WILSON,60987,2,4,VC,0,2,4,0,0,0,4,,,,1,,0,0,1,0
1,1,2,1,3,37,FRANCE,CENTRE,122,37122,JOUE-LES-TOURS,ROUTE DE SAVONNIERES,60988,0,3,RD,0,3,2,0,0,0,1,,,,1,7,0,0,1,0
1,8,1,1,7,37,FRANCE,CENTRE,261,37261,TOURS,PLACE ANATOLE FRANCE,60999,0,4,VC,0,2,4,0,0,0,1,,,,1,7,0,0,1,0