lum,agg,int,atm,col,dep_bis,pays,region,com_bis,com_codeINSEE,communes,N_voie,numac,infra,catr,type_route,voie,circ,nbv,pr,pr1,vosp,situ,lat,long,adr,accident_velo,vehicule_imp,cycl_mort,cycl_bgv,cycl_blg,cycl_indm
1,6,6,1,6,37,FRANCE,CENTRE,122,37122,JOUE-LES-TOURS,BOULEVARD DE CHINON,61000,0,4,VC,0,4,2,0,0,1,5,,,,1,7,0,0,1,0
1,5,1,1,6,37,FRANCE,CENTRE,195,37195,RICHE (LA),RUE JEAN MOULIN,61007,0,4,VC,0,2,2,0,0,0,1,,,,1,,0,0,1,0
1,8,5,1,3,37,FRANCE,CENTRE,261,37261,TOURS,AVENUE DE GRAMMONT,61012,0,4,VC,0,1,1,0,0,0,1,,,,1,3,0,0,1,0
1,8,1,1,1,37,FRANCE,CENTRE,261,37261,TOURS,AVENUE DE BOIS AUBRY,61023,0,4,VC,0,2,2,0,0,0,1,,,,1,7,0,0,1,0
1,5,6,2,3,37,FRANCE,CENTRE,195,37195,RICHE (LA),PLACE DU MARECHAL LECLERC,61028,5,4,VC,0,1,1,0,0,0,1,,,,1,7,0,0,1,0
1,1,1,1,7,37,FRANCE,CENTRE,261,37261,TOURS,ROUTE DE ROUZIERS,61033,0,4,VC,0,2,2,0,0,0,1,,,,1,,0,0,1,0
1,8,5,1,7,37,FRANCE,CENTRE,261,37261,TOURS,CARREFOUR DE LA MARNE,61039,5,4,VC,0,2,0,0,0,0,1,,,,1,,0,0,1,0
1,8,1,1,6,37,FRANCE,CENTRE,261,37261,TOURS,RUE SAINT BARTHELEMY,61040,0,4,VC,0,2,1,0,0,0,1,,,,1,,0,0,1,0
2,8,1,1,6,37,FRANCE,CENTRE,261,37261,TOURS,CARREFOUR DE VERDUN,61061,0,4,VC,0,0,0,0,0,0,1,,,,1,7,0,0,1,0
2,8,1,1,6,37,FRANCE,CENTRE,261,37261,TOURS,PLACE DES HALLES,61088,0,4,VC,0,0,0,0,0,0,1,,,,1,32,0,0,1,0
2,1,1,1,6,37,FRANCE,CENTRE,233,37233,SAINT-PIERRE-DES-CORPS,AVENUE JACQUES DUCLOS,61100,0,4,VC,0,0,0,0,0,0,1,,,,1,7,0,0,1,0
2,8,1,1,3,37,FRANCE,CENTRE,261,37261,TOURS,PLACE JEAN JAURES,61119,0,4,VC,0,1,2,0,0,0,1,,,,1,7,0,0,1,0
1,8,1,1,6,37,FRANCE,CENTRE,261,37261,TOURS,RUE DE L'HOSPITALITE,61131,0,4,VC,0,0,0,0,0,0,4,,,,1,,0,0,0,1
5,6,3,2,3,37,FRANCE,CENTRE,122,37122,JOUE-LES-TOURS,RUE DES ARTISANS,61137,0,4,VC,0,2,2,0,0,0,1,,,,1,7,0,0,1,0
1,8,2,1,6,37,FRANCE,CENTRE,261,37261,TOURS,RUE FRANCOIS RICHER,61139,0,4,VC,0,0,0,0,0,0,1,,,,1,16,0,0,1,0
1,8,3,1,7,37,FRANCE,CENTRE,261,37261,TOURS,BOULEVARD HEURTELOUP,61153,0,4,VC,0,3,0,0,0,0,0,,,,1,,0,0,1,0
2,5,1,1,1,37,FRANCE,CENTRE,214,37214,SAINT-CYR-SUR-LOIRE,RUE DE CHARCENAY,61158,0,4,VC,0,0,0,0,0,0,1,4740510,64620,,1,7,0,0,1,0
1,8,6,1,3,37,FRANCE,CENTRE,261,37261,TOURS,AVENUE JEAN PORTALIS,61169,0,4,VC,0,2,2,0,0,0,0,4736350,67944,,1,7,0,0,1,0
2,8,1,1,6,37,FRANCE,CENTRE,261,37261,TOURS,BOULEVARD MARCHANT DU PLESSIS,61186,0,4,VC,0,0,0,0,0,0,1,4738640,68039,,1,7,0,0,1,0
1,8,6,1,2,37,FRANCE,CENTRE,261,37261,TOURS,RUE JULES GUESDE ,61187,2,4,VC,0,4,0,0,0,0,1,4738100,70621,,1,7,0,0,1,0
1,5,1,1,3,37,FRANCE,CENTRE,233,37233,SAINT-PIERRE-DES-CORPS,RUE DE L'AUBRIERE,61201,0,4,VC,0,2,2,0,0,1,1,4739600,72488,,1,7,0,0,1,0
1,8,1,1,6,37,FRANCE,CENTRE,261,37261,TOURS,RUE ROUGET DE L'ISLE,61206,0,4,VC,0,0,0,0,0,0,1,4739110,68190,,1,,0,0,1,0
2,8,1,9,6,37,FRANCE,CENTRE,261,37261,TOURS,AVENUE DE LA TRANCHEE,61208,0,4,VC,0,0,0,0,0,0,1,4740700,68140,,1,,0,0,1,0
1,8,1,2,6,37,FRANCE,CENTRE,261,37261,TOURS,AVENUE DE PONT CHER,61212,0,4,VC,0,2,2,0,0,1,5,4737010,67668,,1,10,0,0,1,0
1,5,1,1,6,37,FRANCE,CENTRE,214,37214,SAINT-CYR-SUR-LOIRE,BOULEVARD CHARLES DE GAULLE,61216,0,4,VC,0,2,0,0,0,0,0,4741370,67078,,1,7,0,0,1,0
1,1,1,1,7,37,FRANCE,CENTRE,261,37261,TOURS,RUE DU PONT AUX OIES,61222,0,4,VC,0,2,2,0,0,0,1,4737290,67094,,1,,0,0,1,0
1,8,1,1,7,37,FRANCE,CENTRE,261,37261,TOURS,RUE NATIONALE,61227,0,4,VC,0,2,2,0,0,0,1,4739190,68804,,1,,0,0,1,0
1,8,1,1,2,37,FRANCE,CENTRE,261,37261,TOURS,BOULEVARD RICHARD WAGNER,61233,0,3,RD,0,2,4,0,0,1,5,4737440,70520,,1,10,0,0,1,0
1,5,2,1,6,37,FRANCE,CENTRE,208,37208,SAINT-AVERTIN,AVENUE BEAUGAILLARD,61241,0,4,VC,0,0,0,0,0,0,1,4736450,71857,,1,7,0,0,1,0
1,8,2,1,3,37,FRANCE,CENTRE,261,37261,TOURS,RUE DES HALLES,61247,0,4,VC,0,2,2,0,0,0,1,4739260,68072,,1,7,0,0,1,0
1,8,1,1,3,37,FRANCE,CENTRE,261,37261,TOURS,RUE MAURICE BEDEL,61253,0,4,VC,0,2,1,0,0,0,1,4737720,70344,,1,7,0,0,1,0
1,8,1,1,7,37,FRANCE,CENTRE,261,37261,TOURS,RUE DE L'AUBERDIERE,61256,0,4,VC,0,0,0,0,0,0,1,4736250,68933,,1,,0,0,1,0
1,6,6,1,6,37,FRANCE,CENTRE,122,37122,JOUE-LES-TOURS,BOULEVARD JEAN JAURES,61259,0,4,VC,0,0,0,0,0,0,1,4734650,64751,,1,7,0,0,1,0
1,5,1,1,3,37,FRANCE,CENTRE,195,37195,RICHE (LA),RUE DES HAUTES MARCHES,61265,0,4,VC,0,0,0,0,0,0,1,4738420,65171,,1,7,0,0,1,0
1,5,2,1,3,37,FRANCE,CENTRE,208,37208,SAINT-AVERTIN,RUE DE CORMERY,61266,0,4,VC,0,2,2,0,0,1,1,4735680,73150,,1,7,0,0,1,0
1,8,1,1,7,37,FRANCE,CENTRE,261,37261,TOURS,RUE DU PAS NOTRE-DAME,61269,0,4,VC,0,4,0,0,0,0,1,4742160,69735,,1,,0,0,1,0
1,8,1,1,7,37,FRANCE,CENTRE,261,37261,TOURS,RUE JEAN BERNARD JACQUEMIN,61272,0,4,VC,0,0,0,0,0,0,1,4738510,70039,,1,,0,0,1,0
1,8,1,1,3,37,FRANCE,CENTRE,261,37261,TOURS,RUE ROUGET DE L'ISLE,61288,0,4,VC,0,1,1,0,0,0,1,,,,1,10,0,0,1,0
1,8,1,1,2,37,FRANCE,CENTRE,261,37261,TOURS,PLACE SAINT PAUL,61292,5,4,VC,0,1,2,0,0,2,1,4738040,69734,,1,7,0,0,1,0
1,1,2,1,3,37,FRANCE,CENTRE,261,37261,TOURS,RUE GIRAUDEAU,61307,0,4,VC,0,2,2,0,0,2,1,4738610,67658,,1,7,0,0,1,0
5,8,1,1,1,37,FRANCE,CENTRE,261,37261,TOURS,RUE DU NOUVEAU CALVAIRE,61338,0,4,VC,0,2,2,0,0,0,1,4740480,69544,,1,2,0,0,1,0
1,8,1,1,1,37,FRANCE,CENTRE,261,37261,TOURS,AVENUE DE GRAMMONT,61340,0,4,VC,0,2,6,0,0,3,1,4738470,69081,,1,38,0,0,1,0
1,5,3,1,3,37,FRANCE,CENTRE,208,37208,SAINT-AVERTIN,RUE JULES ROMAINS,61352,0,4,VC,0,2,0,0,0,0,1,4735700,71762,,1,7,0,0,1,0
1,8,1,1,3,37,FRANCE,CENTRE,261,37261,TOURS,RUE CHARLES GILLES,61366,0,4,VC,0,1,2,0,0,0,1,4738840,69045,,1,7,0,0,1,0
1,8,1,1,7,37,FRANCE,CENTRE,261,37261,TOURS,RUE LAVOISIER,61369,0,4,VC,0,2,2,0,0,0,1,4739470,69412,,1,7,0,0,1,0
1,8,1,1,7,37,FRANCE,CENTRE,261,37261,TOURS,BOULEVARD HEURTELOUP,61371,0,4,VC,0,2,4,0,0,0,1,4739400,70335,,1,,0,0,1,0
1,8,2,1,3,37,FRANCE,CENTRE,261,37261,TOURS,RUE GEORGET,61373,0,4,VC,0,1,1,0,0,0,1,4738890,67930,,1,7,0,0,1,0
1,1,3,1,6,37,FRANCE,CENTRE,224,37224,SAINT-LAURENT-EN-GATINES,RD 4,61377,0,3,RD,4,2,2,12,700,0,1,0,0,,1,7,0,0,1,0
1,8,1,1,2,37,FRANCE,CENTRE,261,37261,TOURS,RUE DES TANNEURS,61378,0,4,VC,0,2,4,0,0,0,1,4739610,68190,,1,7,0,0,1,0
1,8,1,1,3,37,FRANCE,CENTRE,261,37261,TOURS,Daniel Mayer,61381,0,4,VC,0,2,2,0,0,1,1,,,,1,7,0,0,1,0
1,8,7,1,6,37,FRANCE,CENTRE,261,37261,TOURS,BOULEVARD DE LATTRE DE TASSIGNY,61418,0,4,VC,0,2,2,0,0,0,2,4738330,69629,,1,7,0,0,1,0
1,1,2,1,6,37,FRANCE,CENTRE,122,37122,JOUE-LES-TOURS,GUILLOTIERE,61433,0,4,VC,0,0,0,0,0,0,1,,,,1,7,0,0,1,0
1,8,3,2,3,37,FRANCE,CENTRE,261,37261,TOURS,AVENUE DU GENERAL NIESSEL,61436,0,4,VC,0,2,2,0,0,0,1,4736700,70031,,1,7,0,0,1,0
1,8,1,1,6,37,FRANCE,CENTRE,261,37261,TOURS,RUE NATIONALE,61473,0,4,VC,0,2,2,0,0,3,1,4739380,68721,,1,,0,0,0,1
5,6,1,1,6,37,FRANCE,CENTRE,122,37122,JOUE-LES-TOURS,RUE CHARLES TELLIER,61479,0,4,VC,0,0,0,0,0,0,1,,,,1,7,0,0,1,0
2,5,2,1,3,37,FRANCE,CENTRE,233,37233,SAINT-PIERRE-DES-CORPS,RUE HONORE DE BALZAC,61489,0,4,VC,0,0,0,0,0,0,1,,,,1,7,0,0,1,0
1,8,2,1,3,37,FRANCE,CENTRE,261,37261,TOURS,RUE NATIONALE,61511,0,4,VC,,2,2,,,3,1,4739070,68859,,1,7,0,0,1,0
5,8,2,1,1,37,FRANCE,CENTRE,261,37261,TOURS,RUE RENOIR,61529,0,4,VC,,2,2,,,0,1,,,,1,7,0,0,1,0
2,8,3,2,3,37,FRANCE,CENTRE,261,37261,TOURS,PLACE 14 JUILLET,61534,0,4,VC,,1,1,,,0,4,4739100,67976,,1,,0,0,1,0
1,8,3,1,3,37,FRANCE,CENTRE,261,37261,TOURS,RUE CHARLES GILLES,61541,0,4,VC,,1,1,,,0,1,4738820,68943,,1,,0,0,0,1
5,8,1,2,7,37,FRANCE,CENTRE,261,37261,TOURS,AVENUE STENDHAL,61548,0,4,VC,,2,2,,,2,5,4736780,70393,,1,,0,0,1,0
1,8,6,1,3,37,FRANCE,CENTRE,261,37261,TOURS,ROND-POINT DE LA ROTONDE,61555,0,4,VC,,1,2,,,0,1,,,,1,10,0,0,1,0
1,8,3,1,3,37,FRANCE,CENTRE,261,37261,TOURS,RUE JULES MOINEAUX,61570,0,4,VC,,2,1,,,0,1,,,,1,7,0,0,1,0
1,8,3,1,3,37,FRANCE,CENTRE,261,37261,TOURS,AVENUE DU GENERAL DE GAULLE,61571,0,4,VC,,2,2,,,2,1,4738100,70652,,1,7,0,0,1,0
1,8,1,1,3,37,FRANCE,CENTRE,261,37261,TOURS,RUE DE LA VICTOIRE,61573,0,4,VC,,2,2,,,0,1,4739400,67826,,1,30,0,0,1,0
1,5,2,1,3,37,FRANCE,CENTRE,233,37233,SAINT-PIERRE-DES-CORPS,RUE DE LA BRETECHE,61575,0,4,VC,,2,2,,,0,1,4737980,72669,,1,7,0,0,1,0
5,8,2,1,3,37,FRANCE,CENTRE,261,37261,TOURS,RUE DU PLAT D'ETAIN,61576,0,4,VC,,2,2,,,0,1,4738380,67206,,1,7,0,0,1,0
1,8,1,1,3,37,FRANCE,CENTRE,261,37261,TOURS,RUE DU GENERAL RENAULT,61578,0,4,VC,,2,0,,,0,1,4737980,66936,,1,7,0,0,1,0
1,8,1,1,7,37,FRANCE,CENTRE,261,37261,TOURS,PONT MIRABEAU,61582,2,4,VC,,2,0,,,0,1,4739930,70009,,1,,0,0,1,0
1,8,6,1,6,37,FRANCE,CENTRE,261,37261,TOURS,RUE DES BORDIERS,61584,0,4,VC,,0,0,,,0,1,4743050,67296,,1,7,0,0,1,0
1,8,1,1,3,37,FRANCE,CENTRE,261,37261,TOURS,PLACE JEAN JAURES,61610,0,4,VC,,2,3,,,0,1,4738980,68874,,1,7,0,0,1,0
1,8,3,2,6,37,FRANCE,CENTRE,261,37261,TOURS,QUAI ANDRE MALRAUX,61611,0,4,VC,,2,2,,,0,1,4739750,69438,,1,,0,0,1,0
1,5,3,1,3,37,FRANCE,CENTRE,214,37214,SAINT-CYR-SUR-LOIRE,RUE ROLAND ENGERAND,61620,0,4,VC,,2,2,,,0,1,4741010,66962,,1,7,0,0,1,0
1,8,2,1,3,37,FRANCE,CENTRE,261,37261,TOURS,RUE SCHILLER,61626,0,4,VC,,1,1,,,0,1,4736590,70826,,1,7,0,0,1,0
1,8,1,1,3,37,FRANCE,CENTRE,261,37261,TOURS,QUAI DE PORTILLON,61632,6,4,VC,,2,3,,,1,1,4739950,67489,,1,7,0,0,1,0
1,5,2,1,3,37,FRANCE,CENTRE,233,37233,SAINT-PIERRE-DES-CORPS,RUE JEANNE LABOURDE,61634,0,9,Autre,,2,0,,,0,0,4739720,74167,,1,7,0,0,1,0
1,8,1,1,7,37,FRANCE,CENTRE,261,37261,TOURS,RUE DU PLAT D'ETAIN,61635,0,4,VC,,2,2,,,0,1,4738420,67447,,1,,0,0,1,0
1,8,1,1,6,37,FRANCE,CENTRE,261,37261,TOURS,RUE LEON BOYER,61637,0,4,VC,,2,3,,,0,1,4738910,67509,,1,7,0,0,1,0
1,8,3,1,3,37,FRANCE,CENTRE,261,37261,TOURS,AVENUE DE GRAMMONT,61642,0,4,VC,,2,6,,,2,1,4737870,69330,,1,7,0,0,1,0
1,6,6,1,3,37,FRANCE,CENTRE,122,37122,JOUE-LES-TOURS,RUE DE MONTSOREAU,61649,5,4,VC,,2,2,,,0,0,4735010,67525,,1,7,0,0,1,0
1,8,1,1,3,37,FRANCE,CENTRE,261,37261,TOURS,AVENUE DE LA TRANCHEE,61656,0,4,VC,,0,0,,,1,5,4740330,68347,,1,7,0,0,1,0
1,8,1,1,6,37,FRANCE,CENTRE,261,37261,TOURS,AVENUE DE GRAMMONT,61658,0,4,VC,,3,6,,,2,1,4737590,69441,,1,,0,0,0,1
5,8,6,1,3,37,FRANCE,CENTRE,261,37261,TOURS,RUE DE LA VICTOIRE,61663,5,4,VC,,2,3,,,0,1,4739540,67758,,1,10,0,0,1,0
1,6,3,1,3,37,FRANCE,CENTRE,122,37122,JOUE-LES-TOURS,AVENUE DE SEVIGNE,61669,0,4,VC,,2,2,,,0,1,,,,1,7,0,0,1,0
1,8,6,1,3,37,FRANCE,CENTRE,261,37261,TOURS,CARREFOUR DE VERDUN,61672,5,4,VC,,2,4,,,0,1,4737370,69511,,1,10,0,0,1,0
1,8,1,1,3,37,FRANCE,CENTRE,261,37261,TOURS,RUE AUGUSTE CHEVALLIER,61676,0,4,VC,,2,2,,,2,1,4737400,67849,,1,7,0,0,1,0
2,8,6,1,3,37,FRANCE,CENTRE,261,37261,TOURS,AVENUE EDOUARD MICHELIN,61678,0,4,VC,,2,2,,,0,1,4737040,67707,,1,7,0,0,1,0
1,8,3,1,3,37,FRANCE,CENTRE,261,37261,TOURS,AVENUE DE GRAMMONT,61688,0,3,RD,,2,3,,,0,1,4736290,69289,,1,7,0,0,1,0
1,8,1,1,6,37,FRANCE,CENTRE,261,37261,TOURS,BOULEVARD HEURTELOUP,61691,0,4,VC,,0,0,,,0,1,4739030,68937,,1,7,0,0,1,0
1,8,2,1,6,37,FRANCE,CENTRE,261,37261,TOURS,,61694,,4,VC,,2,,,,,1,4737520,70619,,1,99,,,,
1,6,1,1,6,37,FRANCE,CENTRE,122,37122,JOUE-LES-TOURS,RUE EDOUARD BRANLY ,61696,0,4,VC,,0,0,,,0,1,4735850,67160,,1,,0,0,0,1
1,8,1,1,6,37,FRANCE,CENTRE,261,37261,TOURS,RUE DE LA BERGEONNERIE,61701,0,4,VC,,0,0,,,0,1,4735890,69468,,1,7,0,0,1,0
1,6,1,1,3,37,FRANCE,CENTRE,122,37122,JOUE-LES-TOURS,BOULEVARD JEAN JAURES,61708,0,4,VC,,2,2,,,2,4,4734890,66629,,1,7,0,0,1,0
1,8,2,1,3,37,FRANCE,CENTRE,261,37261,TOURS,RUE VICTOR HUGO,61710,0,4,VC,,1,1,,,0,1,4738940,68288,,1,7,0,0,1,0
1,8,2,1,3,37,FRANCE,CENTRE,261,37261,TOURS,RUE CROIX PASQUIER,61711,0,3,RD,,2,2,,,0,1,4741180,68806,,1,7,0,0,1,0
1,6,1,1,3,37,FRANCE,CENTRE,122,37122,JOUE-LES-TOURS,RUE DE LA DOUZILLIERE,61712,0,4,VC,,2,2,,,0,1,4734220,65019,,1,7,0,0,1,0
2,6,1,1,6,37,FRANCE,CENTRE,122,37122,JOUE-LES-TOURS,RUE DE LA DOUZILLIERE,61713,0,4,VC,,0,0,,,0,0,4734460,65223,,1,7,0,0,1,0
1,5,3,1,3,37,FRANCE,CENTRE,233,37233,SAINT-PIERRE-DES-CORPS,RUE DES ATELIERS,61714,0,4,VC,,2,2,,,1,1,4738650,71599,,1,7,0,0,1,0
5,5,1,2,7,37,FRANCE,CENTRE,214,37214,SAINT-CYR-SUR-LOIRE,RUE LOUIS BLOT,61720,0,4,VC,,2,2,,,0,1,4740770,67164,,1,,0,0,1,0
1,5,1,2,2,37,FRANCE,CENTRE,214,37214,SAINT-CYR-SUR-LOIRE,RUE CALMETTE,61722,0,4,VC,,1,1,,,0,1,4740770,67886,,1,7,0,0,1,0
1,8,6,1,3,37,FRANCE,CENTRE,261,37261,TOURS,ROND-POINT JACQUES MONOD,61727,0,4,VC,,1,1,,,0,1,4736210,67350,,1,7,0,0,1,0
1,5,3,1,7,37,FRANCE,CENTRE,233,37233,SAINT-PIERRE-DES-CORPS,AVENUE STALINGRAD,61740,5,4,VC,,2,2,,,0,1,4739080,74247,,1,7,0,0,1,0
1,8,6,1,6,37,FRANCE,CENTRE,261,37261,TOURS,AVENUE ANDRE MAGINOT,61742,0,4,VC,,0,0,,,0,1,4742680,70167,,1,7,0,0,1,0
1,5,6,1,6,37,FRANCE,CENTRE,208,37208,SAINT-AVERTIN,AVENUE GEORGES POMPIDOU,61752,0,4,VC,,0,0,,,0,0,4737460,71582,,1,7,0,0,1,0
1,5,3,1,6,37,FRANCE,CENTRE,233,37233,SAINT-PIERRE-DES-CORPS,RUE PIERRE BROSSOLETTE,61758,0,4,VC,,0,0,,,0,5,,,,1,10,0,0,1,0
2,8,3,1,6,37,FRANCE,CENTRE,261,37261,TOURS,QUAI ANDRE MALRAUX,61760,0,4,VC,,0,0,,,0,1,4739690,68878,,1,99,0,0,1,0
1,5,1,1,6,37,FRANCE,CENTRE,214,37214,SAINT-CYR-SUR-LOIRE,AVENUE DE LA TRANCHEE,61770,0,4,VC,,2,2,,,1,1,4740630,68209,,1,,0,0,1,0
1,8,1,1,6,38,FRANCE,RHONE-ALPES,185,38185,GRENOBLE,PLACE VICTOR HUGO,61775,0,4,VC,0,2,4,,,0,5,,,,1,,0,0,0,1
5,8,1,4,2,38,FRANCE,RHONE-ALPES,185,38185,GRENOBLE,RUE FERJUS ST,61787,0,4,VC,0,2,2,,,0,1,,,,1,7,0,0,1,0
3,1,1,2,2,38,FRANCE,RHONE-ALPES,012,38012,AOSTE,RD 40,61805,0,3,RD,40,2,2,0,0,0,1,4559300,561100,,1,7,0,0,1,0
2,8,3,1,3,38,FRANCE,RHONE-ALPES,185,38185,GRENOBLE,PLACE DE LA GARE,61812,0,4,VC,0,2,3,,,1,5,,,,1,7,0,0,1,0
1,8,1,1,3,38,FRANCE,RHONE-ALPES,185,38185,GRENOBLE,RUE DES ALLIES ,61816,0,4,VC,0,2,2,,,2,4,,,,1,7,0,0,1,0
1,8,1,1,3,38,FRANCE,RHONE-ALPES,185,38185,GRENOBLE,COURS LIBERATION,61821,0,4,VC,0,2,3,,,0,1,,,,1,7,0,0,1,0
5,8,1,1,2,38,FRANCE,RHONE-ALPES,185,38185,GRENOBLE,RUE ALBERT REYNIER,61826,0,4,VC,0,1,1,,,1,1,,,,1,7,0,0,1,0
1,8,1,1,3,38,FRANCE,RHONE-ALPES,185,38185,GRENOBLE,COURS BERRIAT,61841,0,4,VC,0,1,2,,,2,1,,,,1,7,0,0,1,0
1,4,1,1,1,38,FRANCE,RHONE-ALPES,189,38189,HEYRIEUX,Autre 0,61856,0,9,Autre,0,2,2,0,0,0,1,0,0,,1,7,0,0,1,0
1,4,1,1,1,38,FRANCE,RHONE-ALPES,316,38316,PONT-DE-CHERUY,RD 517,61857,0,3,RD,517,2,2,0,0,0,1,0,0,,1,7,0,0,1,0
1,8,1,1,6,38,FRANCE,RHONE-ALPES,185,38185,GRENOBLE,AVENUE DE VIZILLE ,61879,0,4,VC,0,1,1,,,1,0,,,,1,,0,0,0,1
1,6,1,1,1,38,FRANCE,RHONE-ALPES,151,38151,ECHIROLLES,CHEMIN DU TREMBLAY,61882,0,4,VC,0,2,1,,,1,5,,,,1,30,0,0,1,0
1,8,2,2,3,38,FRANCE,RHONE-ALPES,185,38185,GRENOBLE,AVENUE VIALLET,61884,0,4,VC,0,2,3,,,2,5,,,,1,7,0,0,1,0
1,8,1,1,6,38,FRANCE,RHONE-ALPES,185,38185,GRENOBLE,AVENUE PERROT,61886,0,4,VC,0,1,3,,,0,1,,,,1,7,0,0,1,0
1,8,1,1,1,38,FRANCE,RHONE-ALPES,185,38185,GRENOBLE,BOULEVARD MAL FOCH,61887,0,4,VC,0,1,1,,,3,1,,,,1,,0,0,1,0
1,6,1,1,3,38,FRANCE,RHONE-ALPES,421,38421,SAINT-MARTIN-D'HERES,AVENUE CACHIN,61889,0,4,VC,0,2,2,,,0,1,,,,1,7,0,0,1,0
1,8,2,1,3,38,FRANCE,RHONE-ALPES,185,38185,GRENOBLE,PLACE VERDUN,61892,0,4,VC,0,2,2,,,3,1,,,,1,7,0,0,1,0
1,8,1,1,4,38,FRANCE,RHONE-ALPES,185,38185,GRENOBLE,AVENUE ALBERT 1ER DE BELGIQUE,61896,0,4,VC,0,2,4,,,3,1,,,,1,7,0,0,1,0
1,1,1,1,1,38,FRANCE,RHONE-ALPES,418,38418,SAINTE-MARIE-DU-MONT,RD 282,61901,0,3,RD,282,2,2,4,0,0,1,0,0,,1,7,0,0,1,0
1,5,2,1,3,38,FRANCE,RHONE-ALPES,179,38179,GIERES,CHEMIN DES MARRONNIERS,61911,0,4,VC,0,2,2,,,0,1,,,,1,7,0,0,1,0
1,8,2,1,3,38,FRANCE,RHONE-ALPES,185,38185,GRENOBLE,BOULEVARD GAMBETTA,61914,0,4,VC,0,1,3,,,0,1,,,,1,7,0,0,1,0
1,6,1,1,3,38,FRANCE,RHONE-ALPES,169,38169,FONTAINE,AVENUE BRIAND,61919,0,4,VC,0,2,3,,,0,0,,,,1,40,0,0,1,0
1,6,1,1,6,38,FRANCE,RHONE-ALPES,421,38421,SAINT-MARTIN-D'HERES,RUE DES TAILLEES,61925,0,4,VC,0,2,2,,,1,5,,,,1,,0,0,0,1
1,8,1,1,6,38,FRANCE,RHONE-ALPES,185,38185,GRENOBLE,RUE DES ALLIES ,61930,0,4,VC,0,2,4,,,2,5,,,,1,7,0,0,1,0
1,8,1,1,6,38,FRANCE,RHONE-ALPES,185,38185,GRENOBLE,RUE DESMOULIN,61931,0,4,VC,0,1,1,,,0,1,,,,1,7,0,0,1,0
1,6,1,1,3,38,FRANCE,RHONE-ALPES,421,38421,SAINT-MARTIN-D'HERES,RUE DE LA CHIMIE,61932,0,4,VC,0,2,2,,,3,1,,,,1,7,0,0,1,0
1,6,1,1,3,38,FRANCE,RHONE-ALPES,151,38151,ECHIROLLES,NORMANDIE NIEMEN RUE),61934,0,4,VC,0,2,2,,,0,1,,,,1,7,0,0,1,0
1,5,1,1,2,38,FRANCE,RHONE-ALPES,516,38516,TRONCHE (LA),ROUTE DE CHARTREUSE,61939,0,4,VC,0,2,2,,,0,1,,,,1,7,0,0,1,0
1,6,1,1,2,38,FRANCE,RHONE-ALPES,151,38151,ECHIROLLES,AVENUE DES ETATS GENERAUX,61940,0,4,VC,0,0,3,,,1,5,,,,1,7,0,0,1,0
5,8,2,1,3,38,FRANCE,RHONE-ALPES,185,38185,GRENOBLE,COURS JEAN JAURES,61953,0,4,VC,0,2,6,,,3,1,,,,1,7,0,0,1,1
1,8,1,1,6,38,FRANCE,RHONE-ALPES,185,38185,GRENOBLE,RUE FLANDRIN,61954,0,4,VC,0,2,4,,,0,1,,,,1,7,0,0,1,0
1,8,1,1,6,38,FRANCE,RHONE-ALPES,185,38185,GRENOBLE,RUE DU VILLAGE,61957,0,4,VC,0,1,1,,,0,1,,,,1,7,0,0,1,0
1,8,1,1,3,38,FRANCE,RHONE-ALPES,185,38185,GRENOBLE,RUE GREGOIRE ,61961,0,4,VC,0,1,1,,,0,1,,,,1,7,0,0,1,0
1,8,1,1,6,38,FRANCE,RHONE-ALPES,185,38185,GRENOBLE,BOULEVARD MAL LYAUTEY,61963,0,3,RD,0,1,4,,,0,1,,,,1,,0,0,0,1
1,6,2,1,3,38,FRANCE,RHONE-ALPES,421,38421,SAINT-MARTIN-D'HERES,RUE SACCO ET VANZETTI,61964,0,4,VC,0,0,1,,,0,1,,,,1,7,0,0,1,0
1,6,9,1,6,38,FRANCE,RHONE-ALPES,169,38169,FONTAINE,RUE GUY MOCQUET,61970,0,4,VC,0,2,0,,,0,1,,,,1,10,0,0,1,0
1,6,1,1,3,38,FRANCE,RHONE-ALPES,151,38151,ECHIROLLES,COURS JEAN JAURES,61973,0,4,VC,0,1,1,,,0,0,,,,1,7,0,0,1,0
1,8,1,1,6,38,FRANCE,RHONE-ALPES,185,38185,GRENOBLE,BOULEVARD MARECHAL FOCH,61974,0,4,VC,0,2,4,,,3,0,,,,1,40,0,0,1,0
1,8,3,1,3,38,FRANCE,RHONE-ALPES,185,38185,GRENOBLE,AVENUE DE CONSTANTINE,61975,0,4,VC,0,1,2,,,0,1,,,,1,7,0,0,1,0
1,5,1,1,3,38,FRANCE,RHONE-ALPES,423,38423,SAINT-MARTIN-LE-VINOUX,AVENUE DU GENERAL LECLERC,61988,0,2,RN,0,2,2,,,1,5,,,,1,10,0,0,1,0