lum,agg,int,atm,col,dep_bis,pays,region,com_bis,com_codeINSEE,communes,N_voie,numac,infra,catr,type_route,voie,circ,nbv,pr,pr1,vosp,situ,lat,long,adr,accident_velo,vehicule_imp,cycl_mort,cycl_bgv,cycl_blg,cycl_indm
1,6,1,1,6,38,FRANCE,RHONE-ALPES,169,38169,FONTAINE,RUE DE L'ARGENTIERE,61989,0,4,VC,0,2,3,,,0,1,,,,1,10,0,0,1,0
1,8,1,1,2,38,FRANCE,RHONE-ALPES,185,38185,GRENOBLE,COURS BERRIAT,61990,4,4,VC,0,0,0,,,3,1,,,,1,2,0,0,0,1
1,8,1,7,6,38,FRANCE,RHONE-ALPES,185,38185,GRENOBLE,RUE HONORE DE BALZAC,61995,0,4,VC,0,1,2,,,0,1,,,,1,7,0,0,1,0
1,8,1,1,6,38,FRANCE,RHONE-ALPES,185,38185,GRENOBLE,RUE CHORIER ,61997,0,4,VC,0,2,2,,,0,1,,,,1,7,0,0,1,0
1,8,1,1,6,38,FRANCE,RHONE-ALPES,185,38185,GRENOBLE,COURS LIBERATION,61999,0,4,VC,0,2,4,,,1,1,,,,1,7,0,0,1,0
1,5,1,1,1,38,FRANCE,RHONE-ALPES,317,38317,PONT-DE-CLAIX (LE),Autre 0,62038,0,9,Autre,0,1,1,0,0,1,5,4513300,570700,,1,7,0,0,1,0
1,4,2,1,3,38,FRANCE,RHONE-ALPES,431,38431,SAINT-NAZAIRE-LES-EYMES,RN 90,62046,5,2,RN,90,2,0,13,408,0,1,4526200,585100,,1,7,0,0,1,0
5,8,1,1,6,38,FRANCE,RHONE-ALPES,185,38185,GRENOBLE,RUE JACOLIN,62050,0,4,VC,0,0,2,,,0,1,,,,1,,0,0,1,0
1,6,9,1,6,38,FRANCE,RHONE-ALPES,151,38151,ECHIROLLES,RUE DE COMBOIRE,62051,5,4,VC,0,1,2,,,0,1,,,,1,7,0,0,1,0
1,8,2,1,3,38,FRANCE,RHONE-ALPES,185,38185,GRENOBLE,AVENUE PERROT,62056,0,3,RD,0,2,0,,,0,1,,,,1,7,0,0,1,0
1,8,1,1,6,38,FRANCE,RHONE-ALPES,185,38185,GRENOBLE,RUE CONDE,62062,0,4,VC,0,2,2,,,0,1,,,,1,7,0,0,1,0
1,8,1,1,6,38,FRANCE,RHONE-ALPES,185,38185,GRENOBLE,COURS LIBERATION,62063,3,4,VC,0,2,4,,,1,1,,,,1,7,0,0,1,0
2,8,1,1,6,38,FRANCE,RHONE-ALPES,185,38185,GRENOBLE,AVENUE MAL RANDON,62065,0,4,VC,0,2,2,,,3,1,,,,1,37,0,0,1,0
1,8,2,1,3,38,FRANCE,RHONE-ALPES,185,38185,GRENOBLE,CHEMIN DE LA POTERNE,62068,0,4,VC,0,2,2,,,0,1,,,,1,7,0,0,1,0
1,8,2,1,3,38,FRANCE,RHONE-ALPES,185,38185,GRENOBLE,COURS JEAN JAURES,62069,0,2,RN,0,2,6,,,0,1,,,,1,7,0,0,1,0
1,6,3,1,3,38,FRANCE,RHONE-ALPES,421,38421,SAINT-MARTIN-D'HERES,BOULEVARD SEPTEMBER,62071,0,4,VC,0,2,2,,,0,1,,,,1,7,0,0,1,0
1,8,2,1,3,38,FRANCE,RHONE-ALPES,185,38185,GRENOBLE,AVENUE REYNOARD,62072,0,3,RD,0,2,4,,,0,1,,,,1,7,0,0,1,0
1,6,1,2,3,38,FRANCE,RHONE-ALPES,544,38544,VIENNE,RUE LA FAYETTE,62080,0,4,VC,0,2,2,,,0,1,,,,1,7,0,0,1,0
1,8,2,1,6,38,FRANCE,RHONE-ALPES,185,38185,GRENOBLE,PLACE DE LA GARE,62102,0,4,VC,0,2,3,,,0,1,,,,1,33,0,0,1,0
1,6,2,1,6,38,FRANCE,RHONE-ALPES,421,38421,SAINT-MARTIN-D'HERES,AVENUE CROIZAT,62103,0,4,VC,0,2,2,,,0,1,,,,1,,0,0,0,1
1,8,1,1,3,38,FRANCE,RHONE-ALPES,185,38185,GRENOBLE,AVENUE DES JEUX OLYMPIQUES,62107,0,4,VC,0,2,2,,,1,1,,,,1,7,0,0,1,0
1,8,1,1,3,38,FRANCE,RHONE-ALPES,185,38185,GRENOBLE,RUE CONDILLAC,62108,0,4,VC,0,1,1,,,1,1,,,,1,7,0,0,1,0
1,6,1,1,3,38,FRANCE,RHONE-ALPES,421,38421,SAINT-MARTIN-D'HERES,AVENUE DOYEN WEIL,62111,0,4,VC,0,2,2,,,0,1,,,,1,31,0,0,1,0
1,6,2,1,3,38,FRANCE,RHONE-ALPES,421,38421,SAINT-MARTIN-D'HERES,AVENUE CROIZAT,62112,0,4,VC,0,2,2,,,0,1,,,,1,7,0,0,1,0
5,6,2,1,3,38,FRANCE,RHONE-ALPES,421,38421,SAINT-MARTIN-D'HERES,AVENUE VALLES,62113,0,4,VC,0,2,2,,,0,1,,,,1,7,0,0,1,0
1,8,1,1,6,38,FRANCE,RHONE-ALPES,185,38185,GRENOBLE,RUE FLANDRIN,62114,0,4,VC,0,2,6,,,1,5,,,,1,,0,0,0,1
1,8,1,1,6,38,FRANCE,RHONE-ALPES,185,38185,GRENOBLE,RUE GREGOIRE ,62118,0,4,VC,0,1,1,,,0,1,,,,1,7,0,0,1,0
2,8,1,2,6,38,FRANCE,RHONE-ALPES,185,38185,GRENOBLE,BOULEVARD SEMBAT,62148,0,4,VC,0,2,3,,,3,1,,,,1,37,0,0,1,0
1,8,3,1,3,38,FRANCE,RHONE-ALPES,185,38185,GRENOBLE,RUE DE STALINGRAD,62152,0,4,VC,0,2,2,,,0,1,,,,1,7,0,0,1,0
1,8,1,1,6,38,FRANCE,RHONE-ALPES,185,38185,GRENOBLE,AVENUE COCAT,62154,0,4,VC,0,2,2,,,1,5,,,,1,7,0,0,1,0
1,5,3,1,3,38,FRANCE,RHONE-ALPES,229,38229,MEYLAN,VC 0,62164,5,4,VC,0,2,2,0,0,1,5,0,0,,1,7,0,0,1,0
2,1,1,5,1,38,FRANCE,RHONE-ALPES,449,38449,SAINT-QUENTIN-FALLAVIER,RD 313,62173,0,3,RD,313,2,3,0,0,0,1,0,0,,1,7,0,0,1,0
5,8,1,1,6,38,FRANCE,RHONE-ALPES,185,38185,GRENOBLE,AVENUE EDMOND ESMONIN,62177,0,4,VC,0,1,3,,,2,5,,,,1,32,0,0,1,0
5,8,2,1,3,38,FRANCE,RHONE-ALPES,185,38185,GRENOBLE,RUE DE LA REPUBLIQUE ,62182,0,4,VC,0,1,1,,,0,1,,,,1,7,0,0,1,0
1,8,1,1,3,38,FRANCE,RHONE-ALPES,185,38185,GRENOBLE,AVENUE BERTHELOT,62184,0,4,VC,0,2,3,,,0,5,,,,1,7,0,0,1,0
1,8,2,1,6,38,FRANCE,RHONE-ALPES,185,38185,GRENOBLE,BOULEVARD SEMBAT,62187,0,3,RD,0,1,2,,,0,1,,,,1,,0,0,0,1
2,8,3,1,1,38,FRANCE,RHONE-ALPES,185,38185,GRENOBLE,RUE DES EAUX CLAIRES,62188,0,3,RD,0,2,2,,,0,1,,,,1,99,0,0,1,0
5,6,2,1,3,38,FRANCE,RHONE-ALPES,421,38421,SAINT-MARTIN-D'HERES,AVENUE GABRIEL PERI,62191,0,4,VC,0,2,7,,,3,1,,,,1,7,0,0,1,0
1,6,1,1,6,38,FRANCE,RHONE-ALPES,169,38169,FONTAINE,AVENUE DU VERCORS,62192,0,4,VC,0,2,2,,,0,1,,,,1,7,0,0,1,0
1,8,3,1,3,38,FRANCE,RHONE-ALPES,185,38185,GRENOBLE,RUE DE LA NURSERY,62201,0,4,VC,0,2,2,,,0,1,,,,1,7,0,0,1,0
1,1,1,1,1,38,FRANCE,RHONE-ALPES,157,38157,ESTRABLIN,RD 502,62210,0,3,RD,502,2,0,8,600,0,0,4551600,496300,,1,7,0,0,1,0
1,8,6,2,6,38,FRANCE,RHONE-ALPES,185,38185,GRENOBLE,AVENUE EDMOND ESMONIN,62220,5,4,VC,0,1,4,,,2,5,,,,1,7,0,0,1,0
1,6,6,2,3,38,FRANCE,RHONE-ALPES,421,38421,SAINT-MARTIN-D'HERES,RUE DE LA PHYSIQUE,62221,5,4,VC,0,2,2,,,0,1,,,,1,10,0,0,1,0
1,6,3,2,3,38,FRANCE,RHONE-ALPES,421,38421,SAINT-MARTIN-D'HERES,AVENUE CROIZAT,62230,0,4,VC,0,2,2,,,0,1,,,,1,7,0,0,1,0
4,8,2,1,3,38,FRANCE,RHONE-ALPES,185,38185,GRENOBLE,RUE NICOLAS CHORIER,62232,2,4,VC,0,2,2,,,0,1,,,,1,7,0,0,1,0
1,6,1,1,6,38,FRANCE,RHONE-ALPES,421,38421,SAINT-MARTIN-D'HERES,AVENUE POTIE,62277,0,4,VC,0,2,2,,,0,1,,,,1,37,0,0,1,0
1,6,2,1,3,38,FRANCE,RHONE-ALPES,421,38421,SAINT-MARTIN-D'HERES,AVENUE GABRIEL PERI,62304,0,4,VC,0,2,7,,,0,1,,,,1,7,0,0,1,0
1,8,1,1,3,38,FRANCE,RHONE-ALPES,185,38185,GRENOBLE,BOULEVARD DU MARECHAL FOCH,62313,0,3,RD,0,3,4,,,0,5,,,,1,10,0,0,1,0
1,1,3,1,3,38,FRANCE,RHONE-ALPES,421,38421,SAINT-MARTIN-D'HERES,ROCADE SUD,62314,0,1,Autoroute,87,1,2,,,0,1,,,,1,7,0,0,1,0
1,5,1,1,1,38,FRANCE,RHONE-ALPES,239,38239,MOIRANS,RN 85,62326,3,2,RN,85,0,0,44,0,0,1,0,0,,1,7,0,0,1,0
1,3,2,1,1,38,FRANCE,RHONE-ALPES,218,38218,MARCILLOLES,RD 156,62327,0,3,RD,156,2,2,32,316,0,1,0,0,,1,7,0,0,1,0
1,6,1,1,3,38,FRANCE,RHONE-ALPES,421,38421,SAINT-MARTIN-D'HERES,AVENUE GABRIEL PERI,62334,0,4,VC,0,2,2,,,1,5,,,,1,7,0,0,1,0
1,8,1,1,6,38,FRANCE,RHONE-ALPES,185,38185,GRENOBLE,QUAI DES ALLOBROGES,62336,0,4,VC,0,2,2,,,1,1,,,,1,7,0,0,1,0
1,6,2,1,3,38,FRANCE,RHONE-ALPES,169,38169,FONTAINE,RUE GABRIEL PERI,62341,0,4,VC,0,2,2,,,0,1,,,,1,7,0,0,1,0
1,8,3,1,3,38,FRANCE,RHONE-ALPES,185,38185,GRENOBLE,AVENUE JEANNE D'ARC,62342,0,4,VC,0,2,2,,,0,1,,,,1,7,0,0,1,0
1,8,1,1,6,38,FRANCE,RHONE-ALPES,185,38185,GRENOBLE,COURS JEAN JAURES,62346,0,4,VC,0,2,5,,,3,1,,,,1,7,0,0,1,0
1,8,1,1,6,38,FRANCE,RHONE-ALPES,185,38185,GRENOBLE,RUE NICOLAS CHORIER,62347,0,4,VC,0,2,2,,,0,1,,,,1,7,0,0,1,0
1,1,3,1,3,38,FRANCE,RHONE-ALPES,544,38544,VIENNE,RN 7,62351,5,2,RN,7,3,4,6,590,0,1,,,,1,7,0,0,1,0
1,6,3,1,3,38,FRANCE,RHONE-ALPES,421,38421,SAINT-MARTIN-D'HERES,BOULEVARD SEPTEMBER,62364,0,3,RD,0,2,2,,,1,1,,,,1,7,0,0,1,0
1,6,1,1,3,38,FRANCE,RHONE-ALPES,151,38151,ECHIROLLES,COURS JEAN JAURES,62367,0,4,VC,0,2,5,,,1,5,,,,1,7,0,0,1,0
1,6,1,1,1,38,FRANCE,RHONE-ALPES,151,38151,ECHIROLLES,PLACE BEAUMARCHAIS,62371,0,5,Hors_reseau,0,0,0,,,0,0,,,,1,30,0,0,1,0
1,8,2,2,3,38,FRANCE,RHONE-ALPES,185,38185,GRENOBLE,AVENUE DES JEUX OLYMPIQUES,62373,0,3,RD,0,2,2,,,0,1,,,,1,7,0,0,1,0
1,6,2,1,3,38,FRANCE,RHONE-ALPES,169,38169,FONTAINE,BOULEVARD LANGEVIN,62379,0,3,RD,0,2,2,,,0,5,,,,1,7,0,0,1,0
1,1,1,1,1,38,FRANCE,RHONE-ALPES,562,38562,VIZILLE,VC 0,62386,0,4,VC,0,2,2,0,0,0,1,0,0,,1,2,0,0,1,0
1,8,4,1,6,38,FRANCE,RHONE-ALPES,185,38185,GRENOBLE,CHEMIN DU MARAIS,62394,0,4,VC,0,2,2,,,0,1,,,,1,7,0,0,1,0
1,8,1,1,3,38,FRANCE,RHONE-ALPES,185,38185,GRENOBLE,RUE DE STALINGRAD,62399,0,4,VC,0,0,3,,,0,1,,,,1,14,0,0,1,0
1,8,1,1,6,38,FRANCE,RHONE-ALPES,185,38185,GRENOBLE,PLACE DE LA GARE,62400,0,4,VC,0,1,1,,,0,1,,,,1,30,0,0,1,0
1,6,1,1,6,38,FRANCE,RHONE-ALPES,151,38151,ECHIROLLES,COURS JEAN JAURES,62402,0,4,VC,0,1,2,,,1,1,,,,1,10,0,0,1,0
1,8,2,1,3,38,FRANCE,RHONE-ALPES,185,38185,GRENOBLE,RUE COLONEL DENFERT ROCHEREAU,62409,0,4,VC,0,1,0,,,0,1,,,,1,7,0,0,1,0
1,8,2,1,1,38,FRANCE,RHONE-ALPES,185,38185,GRENOBLE,ROND-POINT PIERRE ET MARIE CURIE,62410,0,4,VC,0,1,4,,,2,5,,,,1,7,0,0,1,0
1,6,1,1,6,38,FRANCE,RHONE-ALPES,151,38151,ECHIROLLES,RUE DE STALINGRAD,62429,0,3,RD,0,2,2,,,0,1,,,,1,7,0,0,1,0
1,8,3,1,3,38,FRANCE,RHONE-ALPES,185,38185,GRENOBLE,COURS JEAN JAURES,62451,0,3,RD,0,1,1,,,0,1,,,,1,7,0,0,1,0
1,8,1,1,2,38,FRANCE,RHONE-ALPES,185,38185,GRENOBLE,PLACE DE L'ETOILE,62453,0,4,VC,0,2,3,,,0,1,,,,1,7,0,0,1,0
1,8,1,1,2,38,FRANCE,RHONE-ALPES,185,38185,GRENOBLE,RUE RENE FERNANDAT,62454,0,4,VC,0,2,2,,,0,1,,,,1,7,0,0,1,0
1,8,2,1,3,38,FRANCE,RHONE-ALPES,185,38185,GRENOBLE,PLACE DE VERDUN ,62455,0,4,VC,0,1,3,,,0,1,,,,1,7,0,0,1,0
1,6,1,1,3,38,FRANCE,RHONE-ALPES,151,38151,ECHIROLLES,RUE PELLOUTIER,62456,0,4,VC,0,2,2,,,0,1,,,,1,7,0,0,1,0
1,6,1,1,3,38,FRANCE,RHONE-ALPES,169,38169,FONTAINE,RUE COURTADE,62460,0,4,VC,0,2,2,,,0,1,,,,1,7,0,0,1,0
1,8,1,1,3,38,FRANCE,RHONE-ALPES,185,38185,GRENOBLE,AVENUE DE L'EUROPE,62462,0,3,RD,0,2,2,,,1,1,,,,1,7,0,0,1,0
1,8,1,1,6,38,FRANCE,RHONE-ALPES,185,38185,GRENOBLE,RUE LESDIGUIERES,62463,0,3,RD,0,1,3,,,0,1,,,,1,7,0,0,1,0
1,4,1,1,1,38,FRANCE,RHONE-ALPES,261,38261,MORESTEL,VC 0,62471,0,4,VC,0,2,2,0,0,0,1,0,0,,1,7,0,0,1,0
1,8,1,1,3,38,FRANCE,RHONE-ALPES,185,38185,GRENOBLE,COURS JEAN JAURES,62478,0,3,RD,0,2,6,,,0,1,,,,1,10,0,0,1,0
5,6,1,9,1,38,FRANCE,RHONE-ALPES,151,38151,ECHIROLLES,RUE GEO CHARLES,62481,0,4,VC,0,2,2,,,1,5,,,,1,30,0,0,1,0
4,6,1,1,3,38,FRANCE,RHONE-ALPES,421,38421,SAINT-MARTIN-D'HERES,RUE LANGEVIN,62493,0,4,VC,0,2,2,,,0,0,,,,1,7,0,0,1,0
1,8,1,1,6,38,FRANCE,RHONE-ALPES,185,38185,GRENOBLE,AVENUE DE VALMY,62495,0,4,VC,0,2,3,,,2,1,,,,1,10,0,0,1,0
1,8,2,1,3,38,FRANCE,RHONE-ALPES,185,38185,GRENOBLE,RUE SAINTE URSULE,62500,0,3,RD,0,2,2,,,0,5,,,,1,7,0,0,1,0
5,8,1,1,3,38,FRANCE,RHONE-ALPES,185,38185,GRENOBLE,BOULEVARD DU MARECHAL FOCH,62515,0,3,RD,0,3,4,,,0,1,,,,1,7,0,0,1,0
1,6,1,1,3,38,FRANCE,RHONE-ALPES,421,38421,SAINT-MARTIN-D'HERES,AVENUE DOYEN WEIL,62516,0,3,RD,0,2,2,,,1,1,,,,1,7,0,0,1,0
5,8,1,3,3,38,FRANCE,RHONE-ALPES,185,38185,GRENOBLE,BOULEVARD JEAN PAIN,62518,0,4,VC,0,1,2,,,0,1,,,,1,7,0,0,1,0
4,8,1,2,3,38,FRANCE,RHONE-ALPES,185,38185,GRENOBLE,BOULEVARD JEAN PAIN,62524,1,4,VC,0,2,6,,,0,1,,,,1,7,0,0,1,0
1,8,3,1,6,38,FRANCE,RHONE-ALPES,185,38185,GRENOBLE,RUE JOSEPH REY,62528,0,3,RD,0,1,1,,,0,1,,,,1,,0,0,0,1
5,8,1,1,6,38,FRANCE,RHONE-ALPES,185,38185,GRENOBLE,AVENUE SAINT ROCH,62529,0,3,RD,0,2,4,,,1,5,,,,1,10,0,0,1,0
1,5,9,1,1,38,FRANCE,RHONE-ALPES,158,38158,EYBENS,RD 5,62534,0,3,RD,5,2,2,0,0,0,1,4515300,575400,,1,7,0,0,1,0
1,8,1,1,3,38,FRANCE,RHONE-ALPES,185,38185,GRENOBLE,BOULEVARD CLEMENCEAU,62582,0,3,RD,0,2,6,,,1,1,,,,1,7,0,0,1,0
5,8,1,1,3,38,FRANCE,RHONE-ALPES,185,38185,GRENOBLE,AVENUE JEAN PERROT,62587,0,3,RD,0,2,2,,,0,1,,,,1,7,0,0,1,0
1,8,1,1,3,38,FRANCE,RHONE-ALPES,185,38185,GRENOBLE,BOULEVARD MARECHAL FOCH,62595,0,4,VC,0,2,3,,,0,1,,,,1,7,0,0,1,0
1,8,1,1,1,38,FRANCE,RHONE-ALPES,185,38185,GRENOBLE,AVENUE MARCELIN BERTHELOT,62596,1,4,VC,0,2,2,,,1,5,,,,1,,0,0,1,0
1,8,1,1,3,38,FRANCE,RHONE-ALPES,185,38185,GRENOBLE,RUE DE STALINGRAD,62613,0,4,VC,0,2,4,,,2,5,,,,1,7,0,0,1,0
1,8,1,1,3,38,FRANCE,RHONE-ALPES,185,38185,GRENOBLE,ROUTE DE LYON ,62619,0,4,VC,0,2,2,,,0,1,,,,1,7,0,0,1,0
1,1,9,1,3,38,FRANCE,RHONE-ALPES,423,38423,SAINT-MARTIN-LE-VINOUX,AVENUE DU GENERAL LECLERC,62624,5,4,VC,0,2,2,,,1,1,,,,1,7,0,0,1,0
1,1,9,1,3,38,FRANCE,RHONE-ALPES,349,38349,SABLONS,RD 4,62639,5,3,RD,4,2,3,30,100,0,1,4534300,478500,,1,7,0,0,1,0
1,8,1,1,3,38,FRANCE,RHONE-ALPES,185,38185,GRENOBLE,AVENUE FELIX VIALLET,62661,0,4,VC,0,1,4,,,0,1,,,,1,38,0,0,1,0
1,8,1,1,3,38,FRANCE,RHONE-ALPES,185,38185,GRENOBLE,RUE JULES HOROWITZ,62668,0,4,VC,0,2,2,,,1,1,,,,1,37,0,0,1,0
1,8,1,2,6,38,FRANCE,RHONE-ALPES,185,38185,GRENOBLE,AVENUE RHIN ET DANUBE,62671,0,4,VC,0,2,2,,,1,5,,,,1,,0,0,0,1
1,8,2,2,3,38,FRANCE,RHONE-ALPES,185,38185,GRENOBLE,RUE CHENOISE,62672,0,4,VC,0,1,1,,,0,1,,,,1,7,0,0,1,0
5,8,1,1,6,38,FRANCE,RHONE-ALPES,185,38185,GRENOBLE,RUE DE PALANKA,62674,0,4,VC,0,1,1,,,1,1,,,,1,7,0,0,1,0
1,8,2,1,3,38,FRANCE,RHONE-ALPES,185,38185,GRENOBLE,AVENUE MARCELIN BERTHELOT,62675,0,4,VC,0,2,2,,,1,5,,,,1,7,0,0,1,0
1,1,2,1,3,38,FRANCE,RHONE-ALPES,076,38076,CHAPELLE-DE-LA-TOUR (LA),RD 16,62693,0,3,RD,16,2,0,0,0,0,1,4559800,547700,,1,7,0,0,1,0
1,8,1,1,6,38,FRANCE,RHONE-ALPES,185,38185,GRENOBLE,COURS JEAN JAURES,62698,0,4,VC,0,2,3,,,0,1,,,,1,7,0,0,1,0
1,8,1,1,1,38,FRANCE,RHONE-ALPES,185,38185,GRENOBLE,RUE THIERS,62702,0,4,VC,0,1,1,,,0,1,,,,1,7,0,0,1,0
5,8,1,2,3,38,FRANCE,RHONE-ALPES,185,38185,GRENOBLE,RUE DE STALINGRAD,62703,5,4,VC,0,2,3,,,0,1,,,,1,7,0,0,1,0
1,6,1,1,3,38,FRANCE,RHONE-ALPES,151,38151,ECHIROLLES,RUE DES MONTAGNE DE LANS,62705,0,4,VC,0,2,2,,,0,1,,,,1,10,0,0,1,0
1,8,1,2,3,38,FRANCE,RHONE-ALPES,185,38185,GRENOBLE,RUE ABBE GREGOIRE,62708,0,4,VC,0,0,0,,,0,1,,,,1,10,0,0,1,0
1,8,1,1,3,38,FRANCE,RHONE-ALPES,185,38185,GRENOBLE,AVENUE FELIX VIALLET,62712,0,4,VC,0,2,3,,,3,1,,,,1,7,0,0,1,0
1,8,1,1,3,38,FRANCE,RHONE-ALPES,185,38185,GRENOBLE,AVENUE FELIX VIALLET,62715,0,4,VC,0,2,2,,,1,1,,,,1,7,0,0,1,0
1,1,1,1,3,38,FRANCE,RHONE-ALPES,053,38053,BOURGOIN-JALLIEU,CHEMIN DE ROSIERE,62733,0,4,VC,0,2,2,0,1,0,1,,,,1,7,0,0,1,0
5,5,1,1,6,38,FRANCE,RHONE-ALPES,516,38516,TRONCHE (LA),BOULEVARD DE LA CHANTOURNE,62734,0,4,VC,0,2,2,,,0,1,,,,1,7,0,0,1,0
1,8,1,1,3,38,FRANCE,RHONE-ALPES,185,38185,GRENOBLE,RUE DE STALINGRAD,62751,0,4,VC,0,2,2,,,1,5,,,,1,10,0,0,1,0
1,1,1,1,3,38,FRANCE,RHONE-ALPES,153,38153,ENGINS,RD 531,62772,0,3,RD,531,2,2,49,0,0,1,0,0,,1,7,0,0,1,0
1,4,1,1,1,38,FRANCE,RHONE-ALPES,138,38138,CREMIEU,RD 517,62773,0,3,RD,517,2,0,0,0,0,0,4572900,525500,,1,7,0,0,1,0
1,1,1,1,1,38,FRANCE,RHONE-ALPES,406,38406,SAINT-JULIEN-DE-L'HERMS,RD 37,62775,0,3,RD,37,2,2,0,0,0,1,4544200,509300,,1,10,0,0,1,0
1,4,1,1,1,38,FRANCE,RHONE-ALPES,064,38064,CESSIEU,RN 1006,62781,0,2,RN,1006,0,0,0,0,0,1,0,0,,1,10,0,0,1,0
1,1,1,1,3,38,FRANCE,RHONE-ALPES,110,38110,CHUZELLES,RD 123,62782,0,3,RD,123,2,2,6,800,0,1,0,0,,1,7,0,0,1,0
5,6,1,1,3,38,FRANCE,RHONE-ALPES,421,38421,SAINT-MARTIN-D'HERES,RUE DES UNIVERSITES,62798,0,4,VC,0,2,2,,,1,5,,,,1,10,0,0,1,0
1,8,1,1,3,38,FRANCE,RHONE-ALPES,185,38185,GRENOBLE,AVENUE MARCELIN BERTHELOT,62803,0,4,VC,0,2,2,,,3,1,,,,1,40,0,0,1,0
1,8,1,1,3,38,FRANCE,RHONE-ALPES,185,38185,GRENOBLE,AVENUE FELIX VIALLET,62818,0,4,VC,0,2,2,,,0,1,,,,1,7,0,0,1,0
1,8,1,8,3,38,FRANCE,RHONE-ALPES,185,38185,GRENOBLE,RUE IRVOY,62823,0,4,VC,0,2,2,,,0,5,,,,1,7,0,0,1,0
1,5,1,1,1,38,FRANCE,RHONE-ALPES,317,38317,PONT-DE-CLAIX (LE),RN 75,62856,0,2,RN,75,3,2,0,0,0,1,0,0,,1,7,0,0,1,0
5,8,1,1,6,38,FRANCE,RHONE-ALPES,185,38185,GRENOBLE,AVENUE FELIX VIALLET,62869,0,4,VC,0,2,3,,,1,1,,,,1,7,0,0,1,0
1,8,1,1,6,38,FRANCE,RHONE-ALPES,185,38185,GRENOBLE,RUE COMMANDANT GILOT,62886,0,4,VC,0,2,2,,,1,1,,,,1,7,0,0,1,0
1,8,1,1,7,38,FRANCE,RHONE-ALPES,185,38185,GRENOBLE,RUE PIERRE SEMARD,62912,0,4,VC,0,2,2,,,1,5,,,,1,7,0,0,1,0
1,4,1,1,3,38,FRANCE,RHONE-ALPES,507,38507,TIGNIEU-JAMEYZIEU,RD 517,62922,5,3,RD,517,4,0,7,839,0,1,4575500,518500,,1,33,0,0,1,0
1,6,1,1,3,38,FRANCE,RHONE-ALPES,421,38421,SAINT-MARTIN-D'HERES,BOULEVARD DULCIE SEPTEMBER,62926,3,4,VC,0,2,0,,,1,1,,,,1,7,0,0,1,0
1,8,1,1,3,38,FRANCE,RHONE-ALPES,185,38185,GRENOBLE,PLACE DE VERDUN ,62928,0,4,VC,0,1,2,,,3,1,,,,1,7,0,0,1,0
1,5,1,1,3,38,FRANCE,RHONE-ALPES,423,38423,SAINT-MARTIN-LE-VINOUX,RUE CONRAD KILLIAN,62932,0,4,VC,0,3,2,,,1,1,,,,1,7,0,0,1,0
1,8,3,1,3,38,FRANCE,RHONE-ALPES,185,38185,GRENOBLE,RUE LESDIGUIERES,62944,0,4,VC,0,1,3,,,3,1,,,,1,7,0,0,1,0
5,8,1,1,3,38,FRANCE,RHONE-ALPES,185,38185,GRENOBLE,RUE DE L'ALMA,62954,0,4,VC,0,1,1,,,1,1,,,,1,7,0,0,1,0
1,3,1,1,3,38,FRANCE,RHONE-ALPES,181,38181,GONCELIN,VC 0,62955,5,4,VC,0,2,2,0,0,0,1,0,0,,1,7,0,0,1,0
1,6,1,1,3,38,FRANCE,RHONE-ALPES,151,38151,ECHIROLLES,AVENUE DE LA REPUBLIQUE,62956,0,4,VC,0,1,1,,,1,1,,,,1,7,0,0,1,0
1,8,1,1,6,38,FRANCE,RHONE-ALPES,185,38185,GRENOBLE,AVENUE ALSACE LORRAINE,62957,6,4,VC,0,0,0,,,0,1,,,,1,,0,0,0,1
1,6,1,1,6,38,FRANCE,RHONE-ALPES,169,38169,FONTAINE,BOULEVARD JOLIOT CURIE,62958,0,4,VC,0,2,3,,,0,1,,,,1,7,0,0,1,0
1,8,3,1,3,38,FRANCE,RHONE-ALPES,185,38185,GRENOBLE,AVENUE FELIX VIALLET,62961,0,4,VC,0,1,4,,,2,5,,,,1,7,0,0,1,0
5,6,4,1,3,38,FRANCE,RHONE-ALPES,151,38151,ECHIROLLES,AVENUE DES ETATS GENERAUX,62963,0,4,VC,0,2,4,,,3,1,,,,1,7,0,0,1,0
1,8,2,1,3,38,FRANCE,RHONE-ALPES,185,38185,GRENOBLE,99 VOIE NON IDENTIFIEE,62977,0,5,Hors_reseau,0,2,2,,,0,1,,,,1,7,0,0,1,0
1,5,1,1,3,38,FRANCE,RHONE-ALPES,516,38516,TRONCHE (LA),BOULEVARD DE LA CHANTOURNE,62979,0,4,VC,0,2,2,,,0,1,,,,1,7,0,0,1,0
1,3,1,1,1,38,FRANCE,RHONE-ALPES,558,38558,VILLETTE-DE-VIENNE,RD 36,62992,0,3,RD,36,2,2,6,200,0,1,4559100,490200,,1,13,0,0,1,0
1,8,1,1,3,38,FRANCE,RHONE-ALPES,185,38185,GRENOBLE,BOULEVARD CLEMENCEAU,62998,0,4,VC,0,2,4,,,2,1,,,,1,7,0,0,1,0
1,6,3,1,3,38,FRANCE,RHONE-ALPES,421,38421,SAINT-MARTIN-D'HERES,BOULEVARD DULCIE SEPTEMBER,62999,0,4,VC,0,2,3,,,1,5,,,,1,7,0,0,1,0
1,6,2,1,3,38,FRANCE,RHONE-ALPES,053,38053,BOURGOIN-JALLIEU,PLAINE,63004,0,4,VC,0,1,0,,,0,5,,,,1,7,0,0,1,0
5,5,1,1,1,38,FRANCE,RHONE-ALPES,111,38111,CLAIX,RD 1075,63012,0,3,RD,1075,2,0,0,0,0,1,0,0,,1,7,0,0,1,0
1,8,1,1,3,38,FRANCE,RHONE-ALPES,185,38185,GRENOBLE,AVENUE FELIX VIALLET,63015,0,4,VC,0,1,2,,,2,5,,,,1,15,0,0,1,0