lum,agg,int,atm,col,dep_bis,pays,region,com_bis,com_codeINSEE,communes,N_voie,numac,infra,catr,type_route,voie,circ,nbv,pr,pr1,vosp,situ,lat,long,adr,accident_velo,vehicule_imp,cycl_mort,cycl_bgv,cycl_blg,cycl_indm
1,8,3,1,3,38,FRANCE,RHONE-ALPES,185,38185,GRENOBLE,RUE ETIENNE FOREST,63017,0,4,VC,0,1,1,,,0,1,,,,1,7,0,0,1,0
1,8,2,1,3,38,FRANCE,RHONE-ALPES,185,38185,GRENOBLE,RUE DIDEROT,63018,0,4,VC,0,2,3,,,0,1,,,,1,7,0,0,1,0
5,8,3,1,3,38,FRANCE,RHONE-ALPES,185,38185,GRENOBLE,BOULEVARD JOSEPH VALLIER,63037,2,4,VC,0,2,4,,,0,1,,,,1,7,0,0,1,0
2,6,6,1,3,38,FRANCE,RHONE-ALPES,053,38053,BOURGOIN-JALLIEU,ROUTE DE ISLE D'ABEAU,63066,5,3,RD,0,2,2,1,0,0,1,,,,1,7,0,0,1,0
1,8,2,1,3,38,FRANCE,RHONE-ALPES,185,38185,GRENOBLE,AVENUE FELIX VIALLET,63069,0,4,VC,0,1,1,,,1,1,,,,1,7,0,0,1,0
1,8,3,1,3,38,FRANCE,RHONE-ALPES,185,38185,GRENOBLE,AVENUE JEAN PERROT,63072,0,4,VC,0,2,3,,,1,1,,,,1,7,0,0,1,0
1,1,1,1,6,38,FRANCE,RHONE-ALPES,150,38150,DOMENE,Hors_reseau 0,63085,0,5,Hors_reseau,0,0,0,0,0,0,5,0,0,,1,,0,0,1,0
5,8,1,2,2,38,FRANCE,RHONE-ALPES,185,38185,GRENOBLE,AVENUE MALHERBE,63092,0,3,RD,269,2,2,0,0,1,1,4517040,573805,,1,7,0,0,1,0
1,8,1,1,3,38,FRANCE,RHONE-ALPES,185,38185,GRENOBLE,COURS DE LA LIBERATION ET DU GENERAL DE GAULLE,63099,0,2,RN,75,3,0,0,0,1,1,4516360,571079,,1,7,0,0,1,0
1,8,1,1,1,38,FRANCE,RHONE-ALPES,185,38185,GRENOBLE,AVENUE JEAN PERROT,63103,0,3,RD,5,2,2,0,0,1,1,,,,1,32,0,0,1,0
1,6,3,1,3,38,FRANCE,RHONE-ALPES,151,38151,ECHIROLLES,AVENUE DANIELLE CASANOVA,63104,0,4,VC,0,2,2,0,0,0,1,4514910,570181,,1,7,0,0,1,0
1,8,1,1,6,38,FRANCE,RHONE-ALPES,185,38185,GRENOBLE,COURS DE LA LIBERATION ET DU GENERAL DE GAULLE,63105,0,2,RN,75,2,6,0,0,2,1,,,,1,30,0,0,1,0
5,8,2,1,3,38,FRANCE,RHONE-ALPES,185,38185,GRENOBLE,AVENUE JULES VALLES,63108,0,3,RD,269,2,2,0,0,0,1,4517900,575102,,1,7,0,0,1,0
1,8,3,1,3,38,FRANCE,RHONE-ALPES,185,38185,GRENOBLE,RUE DE BELGRADE,63113,0,4,VC,0,1,1,0,0,1,5,4519140,572507,,1,7,0,0,1,0
1,6,2,1,3,38,FRANCE,RHONE-ALPES,421,38421,SAINT-MARTIN-D'HERES,AVENUE GABRIEL PERI,63115,0,4,VC,0,3,4,0,0,1,1,,,,1,7,0,0,1,0
1,8,2,1,3,38,FRANCE,RHONE-ALPES,185,38185,GRENOBLE,AVENUE DES JEUX OLYMPIQUES,63116,0,4,VC,0,2,3,0,0,1,1,,,,1,30,0,0,1,0
1,8,2,1,3,38,FRANCE,RHONE-ALPES,185,38185,GRENOBLE,RUE ANATOLE FRANCE,63120,0,4,VC,0,2,2,0,0,0,1,,,,1,7,0,0,1,0
1,8,2,1,3,38,FRANCE,RHONE-ALPES,185,38185,GRENOBLE,BOULEVARD MARECHAL FOCH,63123,0,2,RN,90,2,4,0,316,1,5,4518070,571957,,1,7,0,0,1,0
1,6,1,1,3,38,FRANCE,RHONE-ALPES,169,38169,FONTAINE,RUE DE SORNIN,63125,0,4,VC,0,2,2,0,0,1,5,4520520,568617,,1,7,0,0,1,0
1,8,2,4,3,38,FRANCE,RHONE-ALPES,185,38185,GRENOBLE,RUE DU PONT CARPIN,63138,0,3,RD,112,2,2,0,214,0,1,4518600,574646,,1,7,0,0,1,0
1,8,2,1,6,38,FRANCE,RHONE-ALPES,185,38185,GRENOBLE,RUE PIERRE SEMARD,63144,0,3,RD,106,2,2,0,254,1,5,4518980,571329,,1,,0,0,0,1
1,5,1,1,3,38,FRANCE,RHONE-ALPES,485,38485,SEYSSINET-PARISET,VC 0,63171,5,4,VC,0,2,1,0,0,0,1,0,0,,1,7,0,0,1,0
1,4,6,2,6,38,FRANCE,RHONE-ALPES,378,38378,SAINT-CLAIR-DU-RHONE,RD 4,63211,5,3,RD,4,2,2,18,614,0,1,4543640,477041,,1,7,0,0,1,0
1,1,6,3,1,38,FRANCE,RHONE-ALPES,530,38530,VAULX-MILIEU,RN 6,63233,0,2,RN,6,2,2,11,700,0,3,4561210,520242,,1,7,0,0,1,0
1,5,1,1,2,38,FRANCE,RHONE-ALPES,158,38158,EYBENS,RD 1085,63240,0,3,RD,1085,2,0,0,0,0,1,0,0,,1,7,0,0,1,0
1,1,6,1,2,38,FRANCE,RHONE-ALPES,068,38068,CHAMPAGNIER,RN 2085,63249,0,2,RN,2085,2,2,0,0,1,1,4510270,571411,,1,7,0,0,1,0
1,3,1,1,1,38,FRANCE,RHONE-ALPES,349,38349,SABLONS,RD 1082,63266,2,3,RD,1082,2,0,0,0,0,1,4532300,477600,,1,7,0,0,1,0
3,1,1,2,6,38,FRANCE,RHONE-ALPES,193,38193,ISLE-D'ABEAU (L'),Parking 0,63275,0,6,Parking,0,0,0,0,0,0,1,0,0,,1,7,0,0,1,0
1,8,1,1,3,38,FRANCE,RHONE-ALPES,185,38185,GRENOBLE,RUE GENERAL MANGIN,63289,0,4,VC,,2,2,,,0,1,4517600,571763,,1,7,0,0,1,0
2,8,2,1,3,38,FRANCE,RHONE-ALPES,185,38185,GRENOBLE,RUE ABBE DE LA SALLE,63304,0,4,VC,,1,1,,,1,1,4519020,573214,,1,7,0,0,1,0
1,8,1,1,6,38,FRANCE,RHONE-ALPES,185,38185,GRENOBLE,PLACE JEAN ACHARD,63306,0,4,VC,,2,2,,,1,1,4518950,572900,,1,,0,0,0,1
1,8,3,1,6,38,FRANCE,RHONE-ALPES,185,38185,GRENOBLE,,63309,0,4,VC,,1,1,,,0,0,4518840,571448,,1,40,0,0,1,0
1,6,1,1,6,38,FRANCE,RHONE-ALPES,151,38151,ECHIROLLES,AVENUE DE KIMBERLEY,63313,0,3,RD,269,2,2,0,300,1,5,4514700,573245,,1,7,0,0,1,0
1,6,3,1,6,38,FRANCE,RHONE-ALPES,151,38151,ECHIROLLES,COURS JEAN JAURES,63321,0,2,RN,75,3,4,92,590,3,1,4515130,570665,,1,7,0,0,1,0
1,8,2,2,6,38,FRANCE,RHONE-ALPES,185,38185,GRENOBLE,RUE LEON JOUHAUX,63324,0,4,VC,0,2,3,,,0,1,,,,1,7,0,0,1,0
1,8,2,1,6,38,FRANCE,RHONE-ALPES,185,38185,GRENOBLE,RUE DE LA BAJATIERE,63326,0,4,VC,0,2,2,,,0,1,,,,1,10,0,0,1,0
1,8,1,1,3,38,FRANCE,RHONE-ALPES,185,38185,GRENOBLE,PLACE DE METZ,63329,0,4,VC,0,1,1,,,0,1,,,,1,7,0,0,1,0
1,5,1,1,6,38,FRANCE,RHONE-ALPES,516,38516,TRONCHE (LA),BOULEVARD DE LA CHANTOURNE,63334,0,4,VC,0,2,3,,,1,1,,,,1,7,0,0,1,0
1,8,2,1,3,38,FRANCE,RHONE-ALPES,185,38185,GRENOBLE,RUE SUZANNE BUISSON,63336,0,4,VC,,2,2,,,0,1,,,,1,7,0,0,1,0
5,8,1,1,6,38,FRANCE,RHONE-ALPES,185,38185,GRENOBLE,RUE BARRAL DE MONTFERRAT,63338,0,4,VC,,1,1,,,0,1,,,,1,7,0,0,1,0
1,8,2,1,3,38,FRANCE,RHONE-ALPES,185,38185,GRENOBLE,RUE DE STALINGRAD,63341,0,4,VC,,2,2,,,0,1,,,,1,7,0,0,1,0
1,8,1,1,6,38,FRANCE,RHONE-ALPES,185,38185,GRENOBLE,RUE DE STALINGRAD,63345,0,4,VC,0,2,3,,,1,1,,,,1,7,0,0,1,0
1,8,1,1,6,38,FRANCE,RHONE-ALPES,185,38185,GRENOBLE,AVENUE JEANNE D'ARC,63349,0,4,VC,,2,2,,,0,1,,,,1,7,0,0,1,0
1,8,2,1,3,38,FRANCE,RHONE-ALPES,185,38185,GRENOBLE,QUAI JONGKIND,63351,0,4,VC,,1,2,,,1,1,,,,1,7,0,0,1,0
1,8,2,1,3,38,FRANCE,RHONE-ALPES,185,38185,GRENOBLE,RUE LESDIGUIERES,63354,0,4,VC,,2,3,,,3,1,,,,1,37,0,0,1,0
1,6,1,1,6,38,FRANCE,RHONE-ALPES,151,38151,ECHIROLLES,AVENUE DE GRUGLIASCO,63355,0,4,VC,,2,2,,,0,1,,,,1,7,0,0,1,0
1,8,2,1,3,38,FRANCE,RHONE-ALPES,185,38185,GRENOBLE,BOULEVARD GAMBETTA,63359,0,4,VC,,1,3,,,0,1,,,,1,7,0,0,1,0
1,8,2,1,3,38,FRANCE,RHONE-ALPES,185,38185,GRENOBLE,RUE SAINT-FERJUS,63360,0,4,VC,,2,2,,,1,1,,,,1,7,0,0,1,0
1,8,2,1,3,38,FRANCE,RHONE-ALPES,185,38185,GRENOBLE,RUE LEON JOUHAUX,63361,0,4,VC,,2,2,,,1,1,,,,1,7,0,0,1,0
2,8,3,1,3,38,FRANCE,RHONE-ALPES,185,38185,GRENOBLE,RUE CLAUDE GENIN,63365,0,4,VC,,2,2,,,0,1,,,,1,7,0,0,1,0
1,8,2,2,3,38,FRANCE,RHONE-ALPES,185,38185,GRENOBLE,RUE DU 4EME REGIMENT DU GENIE,63368,0,4,VC,,2,2,,,0,1,,,,1,7,0,0,1,0
5,8,1,1,6,38,FRANCE,RHONE-ALPES,185,38185,GRENOBLE,COURS BERRIAT,63370,0,4,VC,,2,2,,,0,1,,,,1,10,0,0,1,0
1,5,1,1,1,40,FRANCE,AQUITAINE,046,40046,BISCARROSSE,Autre 0,63450,0,9,Autre,0,2,0,0,0,0,1,0,0,,1,14,0,0,1,0
1,5,6,1,3,40,FRANCE,AQUITAINE,065,40065,CAPBRETON,RD 652,63458,5,3,RD,652,2,2,0,0,0,1,0,0,,1,7,0,0,1,0
1,1,1,1,1,40,FRANCE,AQUITAINE,046,40046,BISCARROSSE,RD 305,63461,0,3,RD,305,2,0,0,0,0,1,0,0,,1,7,0,0,1,0
1,5,1,2,2,40,FRANCE,AQUITAINE,088,40088,DAX,BOULEVARD DES SPORTS,63547,0,4,VC,0,2,2,,,0,1,,,,1,7,0,0,1,0
1,6,1,1,6,40,FRANCE,AQUITAINE,192,40192,MONT-DE-MARSAN,RUE CHARLES DESPIAU,63586,0,3,RD,624,1,1,2,487,0,1,,,,1,7,0,0,1,0
1,1,1,1,2,40,FRANCE,AQUITAINE,046,40046,BISCARROSSE,,63593,0,5,Hors_reseau,,2,2,0,0,0,1,,,,1,7,0,0,1,0
1,1,1,1,5,40,FRANCE,AQUITAINE,257,40257,SAINTE-EULALIE-EN-BORN,RD 652,63620,0,3,RD,652,2,2,38,800,0,1,0,0,,1,,0,0,1,0
1,5,1,1,6,40,FRANCE,AQUITAINE,046,40046,BISCARROSSE,VC 0,63622,0,4,VC,0,2,2,0,0,0,1,0,0,,1,,0,0,0,1
1,1,1,1,3,40,FRANCE,AQUITAINE,310,40310,SOUSTONS,VC 0,63623,0,4,VC,0,1,1,0,0,1,5,0,0,,1,7,0,0,1,0
1,6,1,1,2,40,FRANCE,AQUITAINE,192,40192,MONT-DE-MARSAN,AVENUE DE VILLENEUVE,63632,0,3,RD,1,2,2,1,850,1,5,,,,1,7,0,0,1,0
1,3,1,1,3,40,FRANCE,AQUITAINE,227,40227,PISSOS,RD 34,63635,0,3,RD,34,2,2,11,150,0,1,,,,1,7,0,0,1,0
1,6,1,1,3,40,FRANCE,AQUITAINE,192,40192,MONT-DE-MARSAN,AVENUE DU COLONEL ROZANOFF,63642,0,4,VC,0,2,2,0,,0,1,,,,1,7,0,0,1,0
1,4,3,1,3,40,FRANCE,AQUITAINE,282,40282,SAINT-SEVER,RD 352,63666,0,3,RD,352,2,2,12,240,0,1,0,0,,1,7,0,0,1,1
1,5,3,7,3,40,FRANCE,AQUITAINE,184,40184,MIMIZAN,RD 626,63684,5,3,RD,626,2,2,101,883,,1,,,,1,7,0,0,1,0
1,1,2,2,3,40,FRANCE,AQUITAINE,150,40150,LEON,Hors_reseau 0,63696,0,5,Hors_reseau,0,2,2,0,0,0,1,0,0,,1,7,0,0,1,0
1,1,1,1,5,40,FRANCE,AQUITAINE,181,40181,MESSANGES,RD 50,63701,0,3,RD,50,2,2,9,800,0,1,0,0,,1,7,0,0,0,1
1,6,1,7,3,41,FRANCE,CENTRE,018,41018,BLOIS,QUAI VILLEBOIS-MAREUIL,63740,0,4,VC,0,2,0,,,0,1,,,,1,7,0,0,1,0
1,6,1,1,7,41,FRANCE,CENTRE,018,41018,BLOIS,RUE DENIS PAPIN,63768,0,4,VC,0,2,2,,,0,1,,,,1,,0,0,1,0
1,6,1,1,3,41,FRANCE,CENTRE,018,41018,BLOIS,RUE DE LA QUINIERE,63773,0,4,VC,0,2,2,,,0,1,,,,1,7,0,0,1,0
1,6,1,1,3,41,FRANCE,CENTRE,018,41018,BLOIS,RUE DE BEL AIR,63778,0,4,VC,0,2,2,,,0,1,,,,1,7,0,0,1,0
1,6,1,1,2,41,FRANCE,CENTRE,018,41018,BLOIS,RUE ANDRE BOULLE,63799,0,4,VC,0,2,2,,,0,1,,,,1,7,0,0,1,0
1,6,1,1,2,41,FRANCE,CENTRE,018,41018,BLOIS,AVENUE DU PRESIDENT WILSON,63814,0,4,VC,0,2,2,,,0,1,,,,1,7,0,0,1,0
1,5,3,1,3,41,FRANCE,CENTRE,269,41269,VENDOME,AVENUE ARISTIDE BRIAND,63822,0,4,VC,0,2,2,,,0,1,,,,1,7,0,0,1,1
1,6,1,1,2,41,FRANCE,CENTRE,018,41018,BLOIS,QUAI DU FOIX,63851,0,4,VC,0,2,0,,,0,1,,,,1,7,0,0,1,0
1,6,3,2,3,41,FRANCE,CENTRE,018,41018,BLOIS,RUE DES BASSES GRANGES,63854,0,4,VC,0,1,0,,,0,1,,,,1,7,0,0,1,0
2,6,1,2,3,41,FRANCE,CENTRE,018,41018,BLOIS,AVENUE DU MARECHAL MAUNOURY,63860,0,4,VC,0,2,0,,,0,1,,,,1,7,0,0,1,0
1,6,1,1,3,41,FRANCE,CENTRE,018,41018,BLOIS,RUE PIGELEE ,63897,0,4,VC,0,2,2,,,1,1,,,,1,7,0,0,1,0
5,6,1,1,3,41,FRANCE,CENTRE,018,41018,BLOIS,AVENUE GAMBETTA,63906,0,4,VC,0,1,2,,,0,1,,,,1,7,0,0,1,0
1,6,6,1,3,41,FRANCE,CENTRE,018,41018,BLOIS,AVENUE DU PRESIDENT WILSON,63915,5,4,VC,0,1,1,,,0,1,,,,1,7,0,0,1,0
1,4,1,1,3,41,FRANCE,CENTRE,212,41212,SAINT-GERVAIS-LA-FORET,ROUTE NATIONALE,63933,0,2,RN,0,2,2,,,0,4,,,,1,7,0,0,1,0
1,6,1,1,3,41,FRANCE,CENTRE,018,41018,BLOIS,BOULEVARD DE L'INDUSTRIE,63943,0,9,Autre,0,1,1,,,1,4,,,,1,7,0,0,1,0
1,6,1,1,3,41,FRANCE,CENTRE,018,41018,BLOIS,QUAI DE LA SAUSSAYE,63953,0,2,RN,0,2,3,,,0,1,,,,1,7,0,0,1,0
1,6,7,1,3,41,FRANCE,CENTRE,018,41018,BLOIS,AVENUE DU PRESIDENT WILSON,63963,0,4,VC,0,2,2,,,0,5,,,,1,7,0,0,1,0
1,6,1,1,2,41,FRANCE,CENTRE,018,41018,BLOIS,D 956,63972,0,3,RD,0,1,2,,,0,1,,,,1,7,0,0,1,0
1,6,3,1,3,41,FRANCE,CENTRE,018,41018,BLOIS,RUE BERNARD MAZILLE,63981,0,4,VC,0,2,2,,,0,1,,,,1,7,0,0,1,0
1,6,1,1,3,41,FRANCE,CENTRE,018,41018,BLOIS,RUE DE LA GARENNE,63987,0,4,VC,0,2,2,,,0,1,,,,1,7,0,0,1,0
1,6,1,1,3,41,FRANCE,CENTRE,018,41018,BLOIS,AVENUE DE VENDOME,63990,0,4,VC,0,2,2,,,0,1,,,,1,7,0,0,1,0
1,4,1,1,3,41,FRANCE,CENTRE,212,41212,SAINT-GERVAIS-LA-FORET,D 956,64002,0,3,RD,0,2,2,,,1,1,,,,1,7,0,0,1,0
1,6,1,1,3,41,FRANCE,CENTRE,018,41018,BLOIS,RUE MICHEL BEGON,64007,0,4,VC,0,2,1,,,0,1,,,,1,33,0,0,0,1
1,6,2,1,5,41,FRANCE,CENTRE,018,41018,BLOIS,RUE POIDS DU ROI,64042,0,4,VC,0,1,1,,,0,1,,,,1,7,0,0,1,0
1,1,1,1,3,41,FRANCE,CENTRE,018,41018,BLOIS,QUAI DE LA SAUSSAYE,64050,0,4,VC,0,2,2,,,0,1,,,,1,7,0,0,1,0
1,4,2,1,3,41,FRANCE,CENTRE,212,41212,SAINT-GERVAIS-LA-FORET,ROUTE NATIONALE,64057,0,2,RN,0,2,2,,,0,1,,,,1,7,0,0,1,0
1,1,1,1,3,41,FRANCE,CENTRE,018,41018,BLOIS,AVENUE DE VERDUN,64079,0,4,VC,0,0,0,,,0,4,,,,1,7,0,0,1,0
1,3,1,1,1,41,FRANCE,CENTRE,137,41137,MESLAND,VC 0,64083,0,4,VC,0,0,2,0,0,0,1,0,0,,1,10,0,0,1,0
1,6,2,1,3,41,FRANCE,CENTRE,018,41018,BLOIS,BOULEVARD DE L'INDUSTRIE,64085,0,4,VC,0,2,2,,,0,1,,,,1,7,0,0,1,0
1,6,1,1,3,41,FRANCE,CENTRE,018,41018,BLOIS,RUE GUTEMBERG,64091,0,4,VC,0,2,2,,,0,1,,,,1,7,0,0,1,0
1,6,1,1,7,41,FRANCE,CENTRE,018,41018,BLOIS,VENUE DU MARECHAL FOCH,64101,0,4,VC,0,2,2,,,0,1,,,,1,7,0,0,1,0
1,1,1,1,3,41,FRANCE,CENTRE,212,41212,SAINT-GERVAIS-LA-FORET,D 956,64114,0,3,RD,0,2,2,,,0,1,,,,1,7,0,0,1,0
1,5,1,1,2,41,FRANCE,CENTRE,269,41269,VENDOME,RUE DE LA GREVE,64139,0,4,VC,0,2,2,,,0,1,,,,1,7,0,0,1,0
1,5,2,1,3,41,FRANCE,CENTRE,269,41269,VENDOME,RUE CHARLES CHAUTARD,64183,0,4,VC,0,2,2,0,0,0,1,,,,1,30,0,0,1,0
1,5,1,1,3,41,FRANCE,CENTRE,269,41269,VENDOME,AVENUE ARISTIDE BRIAND,64187,0,4,VC,0,2,2,0,0,0,1,,,,1,7,0,0,1,0
1,4,1,1,3,41,FRANCE,CENTRE,212,41212,SAINT-GERVAIS-LA-FORET,RUE GERARD DUBOIS,64192,0,4,VC,0,2,2,0,0,0,1,,,,1,7,0,0,1,0
1,6,1,1,3,41,FRANCE,CENTRE,018,41018,BLOIS,RUE MICHEL BEGON,64202,0,4,VC,0,2,2,0,0,0,1,,,,1,7,0,0,1,0
1,6,1,1,2,41,FRANCE,CENTRE,018,41018,BLOIS,AVENUE DE VENDOME,64213,0,4,VC,0,2,2,0,0,0,1,,,,1,7,0,0,1,0
1,6,3,1,3,41,FRANCE,CENTRE,018,41018,BLOIS,BOULEVARD RENE GENTIL,64221,0,3,RD,951,2,2,29,865,0,1,4758940,135196,,1,7,0,0,1,0
1,6,2,1,3,41,FRANCE,CENTRE,018,41018,BLOIS,PONT JACQUES GABRIEL,64230,0,3,RD,956,2,2,0,300,1,1,4758400,133906,,1,7,0,0,1,0
1,6,1,1,3,41,FRANCE,CENTRE,018,41018,BLOIS,PONT JACQUES GABRIEL,64231,0,3,RD,956,2,2,0,300,0,1,4758410,133899,,1,7,0,0,1,0
1,6,1,1,3,41,FRANCE,CENTRE,018,41018,BLOIS,VENUE DU MARECHAL FOCH,64253,0,4,VC,0,2,2,0,0,0,4,,,,1,7,0,0,1,0
1,6,6,1,3,41,FRANCE,CENTRE,018,41018,BLOIS,ROND-POINT PRESIDENT WILSON,64254,0,3,RD,956,1,2,1,305,0,1,4757780,134848,,1,7,0,0,1,0
3,6,1,1,2,41,FRANCE,CENTRE,018,41018,BLOIS,D 766,64298,0,3,RD,766,2,2,2,500,0,1,4758190,130052,,1,7,0,0,1,0
5,4,5,1,3,41,FRANCE,CENTRE,226,41226,SAINT-OUEN,ROUTE DE PARIS ,64310,5,2,RN,10,3,4,23,500,0,1,4780420,107108,,1,7,0,0,1,0
1,6,1,1,1,41,FRANCE,CENTRE,018,41018,BLOIS,RUE FRANCIADE,64315,0,4,VC,0,1,1,0,0,0,1,,,,1,7,0,0,1,0
1,1,1,1,3,41,FRANCE,CENTRE,047,41047,CHAUSSEE-SAINT-VICTOR (LA),Les GREbeaux,64329,0,4,VC,0,2,2,0,0,0,1,,,,1,7,0,0,1,0
2,6,1,1,3,41,FRANCE,CENTRE,018,41018,BLOIS,RUE DE LA RENARDIERE,64369,0,4,VC,0,2,2,0,0,0,1,,,,1,7,0,0,1,0
2,4,1,1,7,41,FRANCE,CENTRE,047,41047,CHAUSSEE-SAINT-VICTOR (LA),RUE DES PONTIERES,64402,0,4,VC,0,1,1,0,0,1,1,,,,1,,0,0,1,0
1,5,2,1,3,41,FRANCE,CENTRE,269,41269,VENDOME,RUE DU 20EME CHASSEURS,64416,0,4,VC,0,2,2,0,0,0,1,,,,1,7,0,0,1,0
1,3,1,1,3,41,FRANCE,CENTRE,248,41248,SOUDAY,VC 0,64430,0,4,VC,0,2,2,0,0,0,1,4804200,86801,,1,7,0,0,1,0
1,6,3,1,3,41,FRANCE,CENTRE,018,41018,BLOIS,RUE DUGAY-TROUIN,64453,0,4,VC,0,2,2,,,1,1,,,,1,7,0,0,1,0
1,1,1,1,3,41,FRANCE,CENTRE,018,41018,BLOIS,BOULEVARD JOSEPH-PAUL BONCOUR,64470,0,4,VC,,1,2,,,0,1,,,,1,7,0,0,1,0
1,6,3,1,3,41,FRANCE,CENTRE,018,41018,BLOIS,AVENUE DE CHATEAUDUN,64479,0,4,VC,0,2,2,0,0,0,1,,,,1,10,0,0,1,0
1,4,1,1,3,41,FRANCE,CENTRE,212,41212,SAINT-GERVAIS-LA-FORET,ROUTE NATIONALE,64480,0,3,RD,956,2,2,2,870,0,1,4756770,136335,,1,7,0,0,1,0
1,6,3,1,3,41,FRANCE,CENTRE,018,41018,BLOIS,RUE DE LA CROIX PICHON,64481,0,4,VC,0,2,2,0,0,0,1,,,,1,7,0,0,1,0
1,6,1,1,3,41,FRANCE,CENTRE,018,41018,BLOIS,RUE BOUGAINVILLE,64494,0,4,VC,0,2,2,0,0,0,1,,,,1,7,0,0,1,0
1,1,1,1,6,41,FRANCE,CENTRE,018,41018,BLOIS,PONT DU GENERAL DE GAULLE,64503,2,9,Autre,0,2,2,0,0,1,5,,,,1,2,0,0,1,0
1,4,1,1,3,41,FRANCE,CENTRE,212,41212,SAINT-GERVAIS-LA-FORET,ROUTE NATIONALE,64506,0,3,RD,956,2,3,2,100,0,1,4757250,135614,,1,10,0,0,1,0
1,6,1,1,2,41,FRANCE,CENTRE,018,41018,BLOIS,AVENUE DU PRESIDENT WILSON,64508,0,3,RD,956,2,2,0,890,0,1,4758040,134452,,1,7,0,0,1,0
5,6,1,1,3,41,FRANCE,CENTRE,018,41018,BLOIS,AVENUE DE CHATEAUDUN,64516,0,4,VC,0,2,2,0,0,0,1,,,,1,7,0,0,1,0
1,6,3,1,3,41,FRANCE,CENTRE,018,41018,BLOIS,RUE DUGAY-TROUIN,64526,0,4,VC,0,2,2,0,0,0,1,,,,1,7,0,0,1,0
1,4,1,1,3,41,FRANCE,CENTRE,047,41047,CHAUSSEE-SAINT-VICTOR (LA),RUE DE CHAMPLOUET,64534,0,4,VC,0,1,1,0,0,0,1,,,,1,7,0,0,1,0
1,3,1,1,3,41,FRANCE,CENTRE,158,41158,NAVEIL,LIEU-DIT LA FOLIETTE,64542,0,3,RD,917,2,2,44,80,0,1,4779340,104438,,1,7,0,0,1,0
1,6,1,1,6,42,FRANCE,RHONE-ALPES,187,42187,ROANNE,RUE CLAUDE BOCHARD,64557,0,9,Autre,0,2,2,,,0,1,,,,1,7,0,0,1,0
1,6,1,1,7,42,FRANCE,RHONE-ALPES,187,42187,ROANNE,AVENUE GAMBETTA,64615,0,4,VC,0,2,2,,,0,1,,,,1,7,0,0,1,0
2,5,1,1,6,42,FRANCE,RHONE-ALPES,189,42189,ROCHE-LA-MOLIERE,DEPARTEMENTALE 3,64629,0,3,RD,0,1,1,1,0,0,1,,,,1,7,0,0,1,0
1,6,1,1,6,42,FRANCE,RHONE-ALPES,187,42187,ROANNE,AVENUE DE LYON,64655,0,3,RD,0,2,2,,,1,1,,,,1,7,0,0,1,0
1,5,1,1,3,42,FRANCE,RHONE-ALPES,071,42071,COTEAU (LE),RUE JEAN MOULIN,64656,0,4,VC,0,2,2,,,0,1,,,,1,7,0,0,1,0
1,6,6,1,3,42,FRANCE,RHONE-ALPES,187,42187,ROANNE,AVENUE DU POLYGONE,64659,0,4,VC,0,2,2,,,0,1,,,,1,7,0,0,1,0
1,6,2,1,3,42,FRANCE,RHONE-ALPES,187,42187,ROANNE,RUE DU GENERAL GIRAUD,64726,0,4,VC,0,2,2,,,0,1,,,,1,7,0,0,1,0
1,5,3,1,5,42,FRANCE,RHONE-ALPES,184,42184,RIORGES,RUE CHEVIGNON LEGER,64731,0,4,VC,0,0,2,,,0,1,,,,1,10,0,0,1,0
1,8,1,1,6,42,FRANCE,RHONE-ALPES,218,42218,SAINT-ETIENNE,ALLIES ,64751,0,4,VC,0,2,2,,,0,1,,,,1,7,0,0,1,0
1,5,3,1,3,42,FRANCE,RHONE-ALPES,044,42044,CHAMBON-FEUGEROLLES (LE),RUE HONORE D'URFE,64755,0,4,VC,0,2,2,,,1,1,,,,1,7,0,0,1,0
1,5,3,1,3,42,FRANCE,RHONE-ALPES,316,42316,UNIEUX,RUE CONDORCET,64757,0,4,VC,0,2,2,,,0,1,,,,1,7,0,0,1,0
1,5,1,1,6,42,FRANCE,RHONE-ALPES,127,42127,MABLY,RUE DE BRIENNON,64760,0,3,RD,0,2,2,8,900,0,1,,,,1,99,0,0,1,0
1,5,6,1,7,42,FRANCE,RHONE-ALPES,127,42127,MABLY,AVENUE ALFRED DE MUSSET,64762,0,3,RD,0,0,2,0,440,0,1,,,,1,7,0,0,1,0
1,5,2,1,2,42,FRANCE,RHONE-ALPES,127,42127,MABLY,AVENUE DE LA LIBERATION ,64768,0,4,VC,0,2,3,,,0,1,,,,1,7,0,0,1,0
1,4,1,1,1,42,FRANCE,RHONE-ALPES,304,42304,SURY-LE-COMTAL,RD 498,64789,0,3,RD,498,2,2,0,0,0,1,0,0,,1,7,0,0,1,0
1,3,1,1,3,42,FRANCE,RHONE-ALPES,162,42162,OUCHES,RD 31,64790,5,3,RD,31,2,2,17,250,0,1,0,0,,1,7,0,0,1,0
1,6,1,1,6,42,FRANCE,RHONE-ALPES,187,42187,ROANNE,RUE DE BEAULIEU,64794,0,9,Autre,0,1,1,,,0,1,,,,1,,,,,
1,6,1,1,6,42,FRANCE,RHONE-ALPES,187,42187,ROANNE,BOULEVARD BARON DU MARAIS,64796,0,9,Autre,0,2,2,,,0,1,,,,1,7,0,0,1,0
1,6,6,1,6,42,FRANCE,RHONE-ALPES,187,42187,ROANNE,RUE DE CLERMONT,64797,5,3,RD,0,1,1,1,430,0,1,,,,1,7,0,0,1,0