lum,agg,int,atm,col,dep_bis,pays,region,com_bis,com_codeINSEE,communes,N_voie,numac,infra,catr,type_route,voie,circ,nbv,pr,pr1,vosp,situ,lat,long,adr,accident_velo,vehicule_imp,cycl_mort,cycl_bgv,cycl_blg,cycl_indm
2,6,1,1,6,42,FRANCE,RHONE-ALPES,187,42187,ROANNE,BOULEVARD DE BELGIQUE,64800,0,9,Autre,0,2,2,,,1,1,,,,1,7,0,0,1,0
1,6,2,1,3,42,FRANCE,RHONE-ALPES,187,42187,ROANNE,BOULEVARD BARON DU MARAIS,64805,0,9,Autre,0,2,2,,,1,1,,,,1,7,0,0,1,0
1,5,2,1,3,42,FRANCE,RHONE-ALPES,127,42127,MABLY,AVENUE CHARLES DE GAULLE,64806,0,3,RD,0,2,2,,,0,1,,,,1,7,0,0,1,0
1,6,2,3,3,42,FRANCE,RHONE-ALPES,187,42187,ROANNE,RUE SULLY,64810,0,4,VC,0,2,2,,,0,0,,,,1,7,0,0,1,0
1,5,6,1,3,42,FRANCE,RHONE-ALPES,184,42184,RIORGES,RUE DE SAINT-ROMAIN,64835,5,4,VC,0,2,2,,,0,1,,,,1,7,0,0,1,0
1,8,4,1,6,42,FRANCE,RHONE-ALPES,218,42218,SAINT-ETIENNE,MIMARD ETIENNE ,64849,0,4,VC,0,2,2,,,0,1,,,,1,7,0,0,1,0
1,8,3,1,3,42,FRANCE,RHONE-ALPES,218,42218,SAINT-ETIENNE,JABOULAY EMILE,64856,0,4,VC,0,2,1,,,0,1,,,,1,7,0,0,1,0
1,1,1,1,1,42,FRANCE,RHONE-ALPES,043,42043,CHAMBOEUF,RD 10,64868,0,3,RD,10,2,2,29,300,0,1,4557800,432000,,1,7,0,0,1,0
1,6,1,1,6,42,FRANCE,RHONE-ALPES,187,42187,ROANNE,RUE FRANCIS DE PRESSENSE,64878,0,4,VC,0,2,2,,,0,1,,,,1,7,0,0,1,0
5,6,3,1,3,42,FRANCE,RHONE-ALPES,187,42187,ROANNE,BOULEVARD DU CIMETIERE,64885,0,4,VC,0,2,2,,,0,1,,,,1,7,0,0,1,0
1,8,1,1,6,42,FRANCE,RHONE-ALPES,218,42218,SAINT-ETIENNE,DE L'UNIVERSITE,64888,0,4,VC,0,2,2,,,0,1,,,,1,,0,0,1,0
1,5,6,8,3,42,FRANCE,RHONE-ALPES,305,42305,TALAUDIERE (LA),BOULEVARD JEAN ROSTAND,64889,5,4,VC,0,2,2,,,0,1,,,,1,7,0,0,1,0
1,8,1,1,6,42,FRANCE,RHONE-ALPES,218,42218,SAINT-ETIENNE,COURS FAURIEL,64894,0,4,VC,0,1,1,,,0,1,,,,1,7,0,0,1,0
1,5,1,1,1,42,FRANCE,RHONE-ALPES,316,42316,UNIEUX,RUE JEAN JAURES,64911,0,4,VC,0,2,2,,,0,1,,,,1,10,0,0,1,0
1,6,1,1,2,42,FRANCE,RHONE-ALPES,187,42187,ROANNE,RUE GEORGES PLASSE,64913,0,4,VC,0,2,2,,,0,1,,,,1,7,0,0,1,0
1,5,2,1,3,42,FRANCE,RHONE-ALPES,071,42071,COTEAU (LE),ROUTE DE COMMELLE,64916,0,4,VC,0,2,2,,,0,1,,,,1,7,0,0,1,0
1,5,9,1,3,42,FRANCE,RHONE-ALPES,279,42279,SAINT-JUST-SAINT-RAMBERT,RD 102,64946,5,3,RD,102,3,0,0,0,3,1,4550600,425500,,1,7,0,0,1,0
1,6,2,1,3,42,FRANCE,RHONE-ALPES,187,42187,ROANNE,RUE CLAUDE BOCHARD,64958,0,3,RD,0,2,2,5,954,0,1,,,,1,7,0,0,1,0
1,6,3,1,3,42,FRANCE,RHONE-ALPES,187,42187,ROANNE,RUE DU PRESIDENT WILSON,64998,0,4,VC,0,2,2,,,0,1,,,,1,7,0,0,1,0
1,8,1,1,6,42,FRANCE,RHONE-ALPES,218,42218,SAINT-ETIENNE,DU WILSON PRESIDENT,65010,0,4,VC,0,2,2,0,1,0,1,,,,1,,0,0,0,1
1,5,2,1,3,42,FRANCE,RHONE-ALPES,071,42071,COTEAU (LE),Pont de la LOIRE,65028,0,3,RD,0,2,2,4,550,0,1,,,,1,7,0,0,1,0
5,5,5,1,3,42,FRANCE,RHONE-ALPES,071,42071,COTEAU (LE),RUE CARNOT,65030,0,3,RD,0,2,2,0,10,0,1,,,,1,2,0,0,1,0
1,8,1,1,2,42,FRANCE,RHONE-ALPES,218,42218,SAINT-ETIENNE,BOULEVARD JANIN JULES,65045,0,4,VC,0,2,4,,,0,1,,,,1,7,0,0,1,0
1,5,1,1,6,42,FRANCE,RHONE-ALPES,330,42330,VILLARS,HOTEL DE VILLE,65067,0,4,VC,0,2,2,,,0,1,,,,1,,0,0,1,0
1,8,1,1,3,42,FRANCE,RHONE-ALPES,218,42218,SAINT-ETIENNE,TISSOT JEAN CLAUDE,65074,0,4,VC,0,1,1,,,0,4,,,,1,7,0,0,1,0
1,1,4,1,3,42,FRANCE,RHONE-ALPES,121,42121,LERIGNEUX,RD 44,65088,0,3,RD,44,2,0,49,730,0,1,4560400,395800,,1,10,0,0,1,0
1,1,1,1,3,42,FRANCE,RHONE-ALPES,296,42296,SALT-EN-DONZY,RD 10,65089,0,3,RD,10,2,2,11,800,0,1,4573800,428900,,1,33,0,0,1,0
1,1,1,1,3,42,FRANCE,RHONE-ALPES,149,42149,MONTROND-LES-BAINS,RD 1082,65090,0,3,RD,1082,2,0,0,0,0,1,4562700,425000,,1,14,0,0,1,0
1,5,1,1,3,42,FRANCE,RHONE-ALPES,095,42095,FIRMINY,RUE DES NOYERS,65092,0,4,VC,0,2,2,,,0,1,,,,1,7,0,0,1,0
1,8,1,1,6,42,FRANCE,RHONE-ALPES,218,42218,SAINT-ETIENNE,PLACE HOTEL DE VILLE,65111,0,4,VC,0,1,1,0,1,0,1,,,,1,7,0,0,1,0
1,5,4,1,3,42,FRANCE,RHONE-ALPES,071,42071,COTEAU (LE),RUE CARNOT,65130,0,3,RD,0,2,2,0,25,0,1,,,,1,7,0,0,1,0
1,6,1,1,3,42,FRANCE,RHONE-ALPES,187,42187,ROANNE,RUE DE VILLEMONTAIS,65131,0,4,VC,0,2,2,,,0,4,,,,1,7,0,0,1,0
1,6,1,1,6,42,FRANCE,RHONE-ALPES,187,42187,ROANNE,AVENUE DE PARIS,65136,0,3,RD,0,2,2,2,520,2,5,,,,1,7,0,0,1,0
1,8,3,2,6,42,FRANCE,RHONE-ALPES,218,42218,SAINT-ETIENNE,ALLIES ,65152,0,4,VC,0,2,2,,,0,1,,,,1,7,0,0,1,0
1,6,2,1,3,42,FRANCE,RHONE-ALPES,187,42187,ROANNE,RUE FRANCOIS RABELAIS,65171,0,9,Autre,0,2,2,,,0,1,,,,1,7,0,0,1,0
1,6,1,1,3,42,FRANCE,RHONE-ALPES,187,42187,ROANNE,RUE DU FUYANT,65178,0,9,Autre,0,1,1,,,1,1,,,,1,7,0,0,1,0
1,5,1,2,3,42,FRANCE,RHONE-ALPES,071,42071,COTEAU (LE),AVENUE DE LA LIBERATION ,65205,0,4,VC,0,2,2,,,0,1,,,,1,7,0,0,1,0
1,8,1,1,2,42,FRANCE,RHONE-ALPES,218,42218,SAINT-ETIENNE,DE VILLARS,65222,0,4,VC,0,2,2,,,0,1,,,,1,7,0,0,1,0
1,8,1,1,6,42,FRANCE,RHONE-ALPES,218,42218,SAINT-ETIENNE,ALLIES ,65227,0,4,VC,0,2,2,,,0,1,,,,1,7,0,0,1,0
1,6,6,1,3,42,FRANCE,RHONE-ALPES,187,42187,ROANNE,RUE DU FUYANT,65240,0,4,VC,0,2,2,,,0,1,,,,1,7,0,0,1,0
1,8,1,1,3,42,FRANCE,RHONE-ALPES,218,42218,SAINT-ETIENNE,DURAFOUR ANTOINE ,65252,0,4,VC,0,1,1,,,1,1,,,,1,7,0,0,1,0
1,6,1,1,6,42,FRANCE,RHONE-ALPES,187,42187,ROANNE,RUE PIERRE DEPIERRE,65279,0,9,Autre,0,2,2,,,0,1,,,,1,7,0,0,1,0
1,8,1,1,6,42,FRANCE,RHONE-ALPES,218,42218,SAINT-ETIENNE,MARENGO,65290,0,4,VC,0,1,1,,,0,1,,,,1,7,0,0,1,0
1,8,3,1,6,42,FRANCE,RHONE-ALPES,218,42218,SAINT-ETIENNE,VACHER,65292,5,4,VC,0,2,2,0,1,0,1,,,,1,7,0,0,1,0
1,8,1,1,6,42,FRANCE,RHONE-ALPES,218,42218,SAINT-ETIENNE,CHARCOT DOCTEURS ,65328,0,4,VC,0,1,2,0,1,1,1,,,,1,,0,0,0,1
3,8,6,1,6,42,FRANCE,RHONE-ALPES,218,42218,SAINT-ETIENNE,NEYRET JEAN,65337,5,4,VC,0,1,2,,,0,1,,,,1,7,0,0,1,0
1,6,2,1,1,42,FRANCE,RHONE-ALPES,187,42187,ROANNE,RUE DE VILLEMONTAIS,65347,0,9,Autre,0,2,2,,,0,1,,,,1,7,0,0,1,0
1,5,3,1,3,42,FRANCE,RHONE-ALPES,094,42094,FEURS,VC 0,65378,5,4,VC,0,2,2,0,0,0,1,4574600,422900,,1,7,0,0,1,0
1,5,6,1,3,42,FRANCE,RHONE-ALPES,127,42127,MABLY,RUE PIERRE CORNEILLE,65395,0,3,RD,0,2,2,14,100,0,1,,,,1,7,0,0,1,0
5,8,2,3,3,42,FRANCE,RHONE-ALPES,218,42218,SAINT-ETIENNE,RIVIERE SERGENT RENE MARIE,65398,5,4,VC,0,2,4,,,0,1,,,,1,7,0,0,1,0
1,8,2,1,3,42,FRANCE,RHONE-ALPES,218,42218,SAINT-ETIENNE,DORMOY,65401,0,4,VC,0,1,1,0,1,0,1,,,,1,7,0,0,1,0
1,5,1,1,3,42,FRANCE,RHONE-ALPES,184,42184,RIORGES,BOULEVARD OUEST,65425,0,4,VC,0,2,2,,,0,1,,,,1,7,0,0,1,0
1,1,1,1,3,42,FRANCE,RHONE-ALPES,187,42187,ROANNE,PLACE DES PROMENADES POPULLE,65427,0,3,RD,0,1,2,,,0,1,,,,1,7,0,0,1,0
1,5,1,1,6,42,FRANCE,RHONE-ALPES,330,42330,VILLARS,PLACE GAMBETTA,65446,0,4,VC,0,1,1,,,0,1,,,,1,7,0,0,1,0
1,5,3,1,3,42,FRANCE,RHONE-ALPES,305,42305,TALAUDIERE (LA),ROUX PAUL,65468,0,4,VC,0,2,2,,,0,1,4528466,426535,,1,7,0,0,1,0
1,1,1,1,3,42,FRANCE,RHONE-ALPES,170,42170,PERREUX,LIEU DIT L'EQUARISSAGE,65476,0,2,RN,0,3,2,,,0,1,,,,1,10,0,0,1,0
1,5,2,1,3,42,FRANCE,RHONE-ALPES,127,42127,MABLY,RUE DE GUISE,65495,0,4,VC,0,2,2,,,0,1,,,,1,7,0,0,1,0
2,6,6,2,3,42,FRANCE,RHONE-ALPES,187,42187,ROANNE,RUE RAOUL FOLLEREAU,65496,0,4,VC,0,3,2,,,0,1,,,,1,7,0,0,1,0
1,6,2,1,3,42,FRANCE,RHONE-ALPES,187,42187,ROANNE,BOULEVARD BARON DU MARAIS,65497,0,4,VC,0,2,2,,,1,1,,,,1,7,0,0,1,0
1,8,1,1,6,42,FRANCE,RHONE-ALPES,218,42218,SAINT-ETIENNE,PLACE JEAN JAURES,65513,6,9,Autre,0,0,0,0,1,0,3,,,,1,,0,0,0,1
1,1,1,1,2,42,FRANCE,RHONE-ALPES,031,42031,CALOIRE,CD 108,65516,0,3,RD,0,2,2,4,585,0,1,4524579,414201,,1,7,0,0,1,0
1,5,1,1,3,42,FRANCE,RHONE-ALPES,044,42044,CHAMBON-FEUGEROLLES (LE),CHEMIN DES NOISETIERS,65517,0,4,VC,0,2,2,,,0,1,4523671,417900,,1,7,0,0,1,0
1,8,1,1,3,42,FRANCE,RHONE-ALPES,218,42218,SAINT-ETIENNE,ALLIES ,65526,0,4,VC,0,1,1,,,0,4,4526389,424137,,1,7,0,0,1,0
1,4,1,1,3,42,FRANCE,RHONE-ALPES,332,42332,VILLEREST,RD 84,65548,0,3,RD,84,2,2,1,350,0,1,4600000,404400,,1,7,0,0,1,0
1,6,1,1,3,42,FRANCE,RHONE-ALPES,187,42187,ROANNE,RUE ALEXANDRE RAFFIN,65555,0,4,VC,0,2,3,,,0,1,,,,1,7,0,0,1,0
1,5,1,1,3,42,FRANCE,RHONE-ALPES,279,42279,SAINT-JUST-SAINT-RAMBERT,RD 102,65581,0,3,RD,102,0,0,0,0,0,0,4550300,423700,,1,7,0,0,1,0
1,8,1,1,2,42,FRANCE,RHONE-ALPES,218,42218,SAINT-ETIENNE,FRANCOIS MITTERAND,65595,0,4,VC,0,2,4,,,0,1,,,,1,7,0,0,1,0
1,8,3,1,3,42,FRANCE,RHONE-ALPES,218,42218,SAINT-ETIENNE,DE LA ROBOTIQUE,65598,5,4,VC,0,2,2,,,0,1,,,,1,10,0,0,1,0
1,5,1,1,6,42,FRANCE,RHONE-ALPES,183,42183,RICAMARIE (LA),RUE SADI CARNOT,65620,0,4,VC,0,2,1,,,0,1,4524561,421913,,1,7,0,0,1,0
1,6,1,1,3,42,FRANCE,RHONE-ALPES,187,42187,ROANNE,PONT DES PROMENADES POPULLE,65626,2,3,RD,0,2,2,,,0,1,,,,1,7,0,0,1,0
1,4,3,1,1,42,FRANCE,RHONE-ALPES,110,42110,HORME (L'),ALLEE ERABLES,65630,0,4,VC,0,2,2,,,0,1,,,,1,7,0,0,1,0
1,8,1,1,3,42,FRANCE,RHONE-ALPES,218,42218,SAINT-ETIENNE,DES TROIS GLORIEUSES,65645,0,4,VC,0,2,2,,,0,1,,,,1,14,0,0,1,0
1,6,1,1,3,42,FRANCE,RHONE-ALPES,187,42187,ROANNE,RUE DE SAINT-ALBAN,65662,0,3,RD,0,1,1,24,300,0,1,,,,1,7,0,0,1,0
1,6,3,1,3,42,FRANCE,RHONE-ALPES,187,42187,ROANNE,RUE GEORGES PLASSE,65665,0,4,VC,0,2,2,,,0,1,,,,1,7,0,0,1,0
1,8,1,1,2,42,FRANCE,RHONE-ALPES,218,42218,SAINT-ETIENNE,RD 8,65683,0,4,VC,0,2,2,12,500,0,1,,,,1,7,0,0,1,0
1,8,2,1,2,42,FRANCE,RHONE-ALPES,218,42218,SAINT-ETIENNE,CHARCOT DOCTEURS ,65686,1,4,VC,0,1,1,0,1,0,1,,,,1,7,0,0,1,0
1,8,2,1,3,42,FRANCE,RHONE-ALPES,218,42218,SAINT-ETIENNE,MOULINIERS,65694,5,4,VC,0,2,2,,,0,1,,,,1,7,0,0,1,0
1,8,1,1,3,42,FRANCE,RHONE-ALPES,218,42218,SAINT-ETIENNE,DE LA PALLE,65718,0,4,VC,0,2,2,,,0,1,,,,1,7,0,0,1,0
5,6,6,4,3,42,FRANCE,RHONE-ALPES,187,42187,ROANNE,PONT DES PROMENADES POPULLE,65741,5,3,RD,0,2,2,,,0,1,4603721,406469,,1,7,0,0,1,0
1,5,1,1,2,42,FRANCE,RHONE-ALPES,184,42184,RIORGES,RUE DENIS PAPIN,65771,0,4,VC,,2,2,,,0,1,405487,4605761,,1,7,0,0,1,0
1,8,2,1,3,42,FRANCE,RHONE-ALPES,218,42218,SAINT-ETIENNE,BASSE DES RIVES,65784,0,4,VC,,2,2,,,0,1,,,,1,7,0,0,1,0
5,8,2,1,3,42,FRANCE,RHONE-ALPES,218,42218,SAINT-ETIENNE,VC 0,65834,0,4,VC,0,2,2,,,0,1,,,,1,7,0,0,1,0
1,5,6,1,3,42,FRANCE,RHONE-ALPES,184,42184,RIORGES,RUE MARECHAL FOCH,65841,5,3,RD,9,1,1,26,60,0,1,,,,1,7,0,0,1,0
1,8,1,1,3,42,FRANCE,RHONE-ALPES,218,42218,SAINT-ETIENNE,TIBLIER VERNE,65842,0,4,VC,,1,1,,,0,1,,,,1,7,0,0,1,0
1,5,1,1,3,42,FRANCE,RHONE-ALPES,095,42095,FIRMINY,CD 3,65844,0,3,RD,3,3,2,25,100,0,1,4539786,429082,,1,7,0,0,1,0
1,8,2,1,3,42,FRANCE,RHONE-ALPES,218,42218,SAINT-ETIENNE,RONIN PAUL,65855,5,4,VC,,2,2,,,0,1,424890,4526152,,1,7,0,0,1,0
1,5,1,1,3,42,FRANCE,RHONE-ALPES,095,42095,FIRMINY,CD 3,65896,0,3,RD,3,2,2,25,0,0,1,,,,1,7,0,0,1,0
1,5,6,1,1,42,FRANCE,RHONE-ALPES,279,42279,SAINT-JUST-SAINT-RAMBERT,RD 102,65906,0,3,RD,102,2,0,28,500,0,0,4550176,424758,,1,10,0,0,1,0
1,5,9,1,3,42,FRANCE,RHONE-ALPES,044,42044,CHAMBON-FEUGEROLLES (LE),RD 88,65917,5,3,RD,88,1,1,18,600,0,1,4539893,434421,,1,7,0,0,1,0
1,5,4,1,1,42,FRANCE,RHONE-ALPES,330,42330,VILLARS,PLACE GAMBETTA,65930,0,4,VC,,1,1,,,0,1,4528149,421193,,1,7,0,0,1,0
1,8,1,1,3,42,FRANCE,RHONE-ALPES,218,42218,SAINT-ETIENNE,CHAMPROND,65931,0,4,VC,,2,2,,,0,1,4526701,421618,,1,30,0,0,1,0
1,6,2,1,3,42,FRANCE,RHONE-ALPES,187,42187,ROANNE,RUE CLAUDE BOCHARD,65936,0,3,RD,84,2,2,1,200,0,1,4603058,406701,,1,7,0,0,1,0
1,1,1,1,3,42,FRANCE,RHONE-ALPES,249,42249,SAINT-JUST-LA-PENDUE,RD 103,65941,0,3,RD,103,2,2,,,0,3,4588830,424565,,1,7,0,0,1,0
1,6,2,1,3,42,FRANCE,RHONE-ALPES,187,42187,ROANNE,RUE PIERRE SEMARD,65951,0,4,VC,0,2,2,,,0,1,,,,1,7,0,0,1,0
1,5,1,1,6,42,FRANCE,RHONE-ALPES,071,42071,COTEAU (LE),CHEMIN DU DOMAINE BERGER,65952,0,4,VC,0,2,2,,,0,1,,,,1,7,0,0,1,0
1,8,1,1,6,42,FRANCE,RHONE-ALPES,218,42218,SAINT-ETIENNE,ONZE NOVEMBRE,65957,0,4,VC,,1,1,,,0,1,4525604,423467,,1,7,0,0,1,0
1,8,3,1,3,42,FRANCE,RHONE-ALPES,218,42218,SAINT-ETIENNE,ROSTAND JEAN,65963,0,4,VC,,2,2,,,0,1,4546583,442921,,1,13,0,0,1,0
1,6,4,1,3,42,FRANCE,RHONE-ALPES,187,42187,ROANNE,RUE DE CHARLIEU,65965,0,3,RD,0,3,4,16,370,0,1,,,,1,7,0,0,1,0
1,6,1,1,2,42,FRANCE,RHONE-ALPES,187,42187,ROANNE,PONT DES PROMENADES POPULLE,65968,0,3,RD,0,1,1,,,0,1,,,,1,7,0,0,1,0
1,8,1,8,1,42,FRANCE,RHONE-ALPES,218,42218,SAINT-ETIENNE,BOULEVARD NELTNER LOUIS,65987,0,4,VC,,2,2,,,0,1,4546268,441044,,1,7,0,0,1,0
1,8,1,1,2,42,FRANCE,RHONE-ALPES,218,42218,SAINT-ETIENNE,BOULEVARD GEORGES POMPIDOU,65988,0,4,VC,0,3,4,,,0,1,4546144,440986,,1,7,0,0,1,0
1,8,3,3,3,42,FRANCE,RHONE-ALPES,218,42218,SAINT-ETIENNE,DE LA MONTAT,65991,4,4,VC,0,1,1,,,0,1,,,,1,7,0,0,1,0
1,8,3,2,1,42,FRANCE,RHONE-ALPES,218,42218,SAINT-ETIENNE,BOULEVARD ROCHER ROGER ,65995,5,4,VC,0,2,2,0,1,0,1,,,,1,7,0,0,1,0
1,6,1,1,2,42,FRANCE,RHONE-ALPES,187,42187,ROANNE,PLACE DES PROMENADES POPULLE,66000,0,4,VC,0,1,2,,,0,1,,,,1,7,0,0,1,0
1,1,1,1,2,42,FRANCE,RHONE-ALPES,011,42011,BALBIGNY,RD 56,66012,0,3,RD,56,2,0,0,0,0,1,4549783,496333,,1,10,0,0,1,0
1,3,9,1,3,42,FRANCE,RHONE-ALPES,311,42311,TOUR-EN-JAREZ (LA),RD 1498,66051,5,3,RD,1498,4,3,51,200,3,1,4528923,423396,,1,31,0,0,1,0
1,8,1,1,6,42,FRANCE,RHONE-ALPES,218,42218,SAINT-ETIENNE,BOULEVARD JANIN JULES,66063,0,4,VC,0,2,4,,,0,1,4544825,439040,,1,7,0,0,1,0
1,6,3,1,3,42,FRANCE,RHONE-ALPES,187,42187,ROANNE,RUE HOCHE,66089,5,4,VC,0,2,2,,,0,1,4602992,407505,,1,10,0,0,1,0
1,6,1,1,3,42,FRANCE,RHONE-ALPES,187,42187,ROANNE,RUE AUGUSTE DOURDEIN,66092,0,3,RD,0,2,2,26,590,0,1,4603712,412662,,1,7,0,0,1,0
1,6,1,1,3,42,FRANCE,RHONE-ALPES,187,42187,ROANNE,RUE DE CLERMONT,66105,0,3,RD,0,2,2,1,296,0,1,4603011,406665,,1,7,0,0,1,0
5,8,2,1,3,42,FRANCE,RHONE-ALPES,218,42218,SAINT-ETIENNE,MORIN DU LIEUTENANT,66170,0,4,VC,0,1,1,0,1,0,1,4543659,439260,,1,7,0,0,1,0
1,5,1,1,3,42,FRANCE,RHONE-ALPES,127,42127,MABLY,RUE DES GLYCINES,66174,0,4,VC,0,2,2,,,0,1,4608482,406869,,1,7,0,0,1,0
5,6,1,1,3,42,FRANCE,RHONE-ALPES,187,42187,ROANNE,RUE VOLTAIRE,66176,0,4,VC,0,2,2,,,0,1,4603462,407361,,1,7,0,0,1,0
1,8,1,1,3,42,FRANCE,RHONE-ALPES,218,42218,SAINT-ETIENNE,PLACE VIAL JEAN HIPPOLYTE,66209,0,4,VC,0,1,2,,,0,1,4543575,443802,,1,17,0,0,1,0
1,5,3,1,2,42,FRANCE,RHONE-ALPES,147,42147,MONTBRISON,RUE DE LA MURE,66222,5,4,VC,0,1,2,,,0,0,4560767,406808,,1,7,0,0,1,0
1,8,1,1,6,42,FRANCE,RHONE-ALPES,218,42218,SAINT-ETIENNE,MALON BENOIT,66223,0,4,VC,0,1,1,0,1,0,1,4544361,438145,,1,7,0,0,1,0
1,5,1,1,3,42,FRANCE,RHONE-ALPES,305,42305,TALAUDIERE (LA),CHAZOTTE,66225,0,4,VC,0,2,1,,,0,4,4547332,444015,,1,7,0,0,1,0
1,4,1,1,1,42,FRANCE,RHONE-ALPES,271,42271,SAINT-PAUL-EN-JAREZ,VC 0,66228,0,4,VC,0,2,0,0,0,0,1,4548381,456169,,1,7,0,0,1,0
1,4,1,1,6,42,FRANCE,RHONE-ALPES,168,42168,PELUSSIN,VC 0,66229,0,4,VC,0,2,0,0,0,0,1,4542069,467435,,1,,0,0,1,0
1,5,6,1,3,42,FRANCE,RHONE-ALPES,184,42184,RIORGES,RUE BURELLIER ANTOINE,66232,5,4,VC,0,2,2,,,0,1,4604920,405199,,1,7,0,0,1,0
1,8,1,1,2,42,FRANCE,RHONE-ALPES,218,42218,SAINT-ETIENNE,MERLIN DOCTEUR FERNAND,66250,0,4,VC,0,2,1,,,0,1,4546316,440688,,1,7,0,0,1,0
1,8,3,1,3,42,FRANCE,RHONE-ALPES,218,42218,SAINT-ETIENNE,ROUX DOCTEUR,66257,5,4,VC,0,2,2,,,0,1,4544116,437416,,1,7,0,0,1,0
1,3,1,1,1,42,FRANCE,RHONE-ALPES,200,42200,SAINT-ANDRE-LE-PUY,RD 16,66262,0,3,RD,16,2,0,0,0,0,1,4565262,425739,,1,7,0,0,1,0
1,1,1,7,1,42,FRANCE,RHONE-ALPES,326,42326,VERANNE,RD 63,66269,0,3,RD,63,2,2,8,500,0,1,4537613,459949,,1,7,0,0,1,0
1,1,2,1,3,42,FRANCE,RHONE-ALPES,218,42218,SAINT-ETIENNE,DEpartementale,66275,5,3,RD,25,2,2,12,100,0,1,4541620,430066,,1,7,0,0,1,0
1,5,1,1,2,42,FRANCE,RHONE-ALPES,127,42127,MABLY,AVENUE CHARLES DE GAULLE,66288,0,3,RD,0,2,2,12,520,0,1,4608087,406676,,1,7,0,0,1,0
1,1,6,1,2,42,FRANCE,RHONE-ALPES,299,42299,SAVIGNEUX,ROUTE DE PRECIEUX,66302,5,3,RD,0,1,1,,,0,1,4560105,409333,,1,7,0,0,1,0
1,5,3,1,3,42,FRANCE,RHONE-ALPES,044,42044,CHAMBON-FEUGEROLLES (LE),RUE DES ECOLES,66307,0,4,VC,0,1,1,,,0,1,4539474,430203,,1,7,0,0,1,0
1,6,2,1,3,42,FRANCE,RHONE-ALPES,187,42187,ROANNE,RUE FONTENILLE,66314,0,4,VC,0,2,2,,,0,1,4604065,407531,,1,7,0,0,1,0
1,6,6,1,3,42,FRANCE,RHONE-ALPES,187,42187,ROANNE,PONT DES PROMENADES POPULLE,66320,5,3,RD,0,2,2,,,0,1,4603604,406393,,1,7,0,0,1,0
1,5,2,1,3,42,FRANCE,RHONE-ALPES,189,42189,ROCHE-LA-MOLIERE,GRUNER,66326,0,4,VC,0,2,1,,,0,1,4543964,432924,,1,7,0,0,1,0
1,8,1,1,3,42,FRANCE,RHONE-ALPES,218,42218,SAINT-ETIENNE,ROUGET DE L'ISLE,66328,0,4,VC,0,1,1,,,0,1,4544641,438656,,1,7,0,0,1,0
1,8,3,1,3,42,FRANCE,RHONE-ALPES,218,42218,SAINT-ETIENNE,BOULEVARD FRAISSINETTE ALEXANDRE,66329,0,4,VC,0,2,1,0,1,1,5,4541903,441148,,1,7,0,0,1,0
1,8,1,1,3,42,FRANCE,RHONE-ALPES,218,42218,SAINT-ETIENNE,BOULEVARD JANIN JULES,66352,0,4,VC,0,2,4,0,1,0,1,,,,1,7,0,0,1,0
1,8,1,1,1,42,FRANCE,RHONE-ALPES,218,42218,SAINT-ETIENNE,DE DUNKERQUE,66353,0,4,VC,0,2,1,,,2,5,4541563,440655,,1,10,0,0,1,0
1,5,1,1,6,42,FRANCE,RHONE-ALPES,127,42127,MABLY,AVENUE ALFRED DE MUSSET,66364,0,3,RD,0,1,0,0,122,0,1,4606428,405534,,1,7,0,0,1,0
1,6,1,1,3,42,FRANCE,RHONE-ALPES,187,42187,ROANNE,RUE DE MATEL,66376,0,4,VC,0,2,2,,,0,1,4605329,409300,,1,7,0,0,1,0
5,5,2,1,3,42,FRANCE,RHONE-ALPES,184,42184,RIORGES,AVENUE CHARLES DE GAULLE,66378,5,3,RD,0,2,2,1,920,0,1,4605427,406419,,1,7,0,0,1,0
1,6,6,1,3,42,FRANCE,RHONE-ALPES,187,42187,ROANNE,RUE PIERRE DEPIERRE,66397,0,3,RD,0,1,1,4,130,0,1,4603357,407806,,1,7,0,0,1,0
1,5,3,1,3,42,FRANCE,RHONE-ALPES,071,42071,COTEAU (LE),RUE CARNOT,66424,0,4,VC,0,2,2,,,0,1,4.60307,408244,,1,7,0,0,1,0
1,6,6,1,2,42,FRANCE,RHONE-ALPES,187,42187,ROANNE,RUE BRISON,66427,0,3,RD,0,4,1,1,50,0,1,4603202,406827,,1,7,0,0,1,0
1,6,3,1,3,42,FRANCE,RHONE-ALPES,187,42187,ROANNE,RUE HENRI DESROCHE,66447,0,4,VC,0,2,2,,,0,5,4603173,404824,,1,7,0,0,1,0
1,6,3,1,3,42,FRANCE,RHONE-ALPES,187,42187,ROANNE,AVENUE DE BEAUSEJOUR,66517,5,4,VC,0,2,2,,,0,1,4606441,407867,,1,7,0,0,1,0
5,4,1,1,1,42,FRANCE,RHONE-ALPES,224,42224,SAINT-GENEST-MALIFAUX,RD 501,66519,5,3,RD,501,2,2,0,0,0,1,4534021,442016,,1,7,0,0,1,0