lum,agg,int,atm,col,dep_bis,pays,region,com_bis,com_codeINSEE,communes,N_voie,numac,infra,catr,type_route,voie,circ,nbv,pr,pr1,vosp,situ,lat,long,adr,accident_velo,vehicule_imp,cycl_mort,cycl_bgv,cycl_blg,cycl_indm
1,1,1,1,1,42,FRANCE,RHONE-ALPES,097,42097,FOUILLOUSE (LA),RD 102,66520,0,3,RD,102,2,2,33,150,0,1,4550638,430063,,1,7,0,0,1,0
1,3,1,1,3,42,FRANCE,RHONE-ALPES,206,42206,SAINT-BONNET-LES-OULES,RD 54,66522,0,3,RD,54,2,2,19,150,0,1,4554936,432731,,1,10,0,0,1,0
1,1,1,1,1,42,FRANCE,RHONE-ALPES,120,42120,LENTIGNY,RD 53,66528,5,3,RD,53,0,1,9,0,0,1,4599270,398414,,1,7,0,0,1,0
1,1,3,1,3,42,FRANCE,RHONE-ALPES,166,42166,PARIGNY,RD 207,66529,5,3,RD,207,2,2,0,0,0,1,4599308,410609,,1,7,0,0,1,0
1,1,1,1,6,42,FRANCE,RHONE-ALPES,316,42316,UNIEUX,CD 3,66538,0,3,RD,0,2,2,20,500,0,1,4540892,425100,,1,14,0,0,1,0
1,5,1,1,3,42,FRANCE,RHONE-ALPES,183,42183,RICAMARIE (LA),RD 88,66545,0,3,RD,0,2,2,17,500,0,1,4540047,435420,,1,7,0,0,1,0
1,1,2,1,3,42,FRANCE,RHONE-ALPES,316,42316,UNIEUX,CD 3,66546,1,3,RD,0,0,2,22,500,1,1,4539515,426312,,1,7,0,0,1,0
1,1,1,1,2,42,FRANCE,RHONE-ALPES,270,42270,SAINT-PAUL-EN-CORNILLON,CD 108,66549,0,3,RD,0,2,2,2,0,0,1,4539635,423526,,1,7,0,0,1,0
1,5,3,1,3,42,FRANCE,RHONE-ALPES,183,42183,RICAMARIE (LA),RD 88,66552,0,3,RD,0,2,2,16,600,0,1,4540493,436933,,1,7,0,0,1,0
1,6,2,1,3,42,FRANCE,RHONE-ALPES,187,42187,ROANNE,RUE CLAUDE BOCHARD,66569,0,4,VC,0,2,2,,,0,1,4603002,406651,,1,7,0,0,1,0
1,6,3,1,5,42,FRANCE,RHONE-ALPES,187,42187,ROANNE,RUE EDOUARD BRANLY ,66598,0,4,VC,0,2,2,,,0,1,4604354,407390,,1,7,0,0,1,0
1,5,1,3,1,42,FRANCE,RHONE-ALPES,127,42127,MABLY,AVENUE CHARLES DE GAULLE,66600,0,4,VC,0,2,2,,,0,1,4605149,406613,,1,7,0,0,1,0
1,6,1,1,3,42,FRANCE,RHONE-ALPES,187,42187,ROANNE,RUE DU GENERAL GIRAUD,66604,0,4,VC,0,2,2,,,2,1,4603237,406135,,1,7,0,0,1,0
1,1,6,1,2,42,FRANCE,RHONE-ALPES,127,42127,MABLY,RUE DU PARC ,66606,0,2,RN,,0,0,25,620,1,1,4608650,406410,,1,7,0,0,1,0
1,5,3,1,3,42,FRANCE,RHONE-ALPES,127,42127,MABLY,RUE DE BRIENNON,66616,0,4,VC,0,2,2,,,0,1,4605958,407339,,1,7,0,0,1,0
1,1,6,1,3,42,FRANCE,RHONE-ALPES,170,42170,PERREUX,RD 504,66632,0,3,RD,0,2,2,,,0,1,4603477,410275,,1,7,0,0,1,0
5,6,2,1,1,42,FRANCE,RHONE-ALPES,187,42187,ROANNE,RUE ALBERT THOMAS,66633,0,3,RD,43,2,2,,,0,1,4604306,407368,,1,7,0,0,1,0
5,8,2,1,3,42,FRANCE,RHONE-ALPES,218,42218,SAINT-ETIENNE,CHOLAT CHARLES,66672,0,4,VC,0,2,2,,,0,1,4546621,439891,,1,7,0,0,1,0
1,1,1,1,3,42,FRANCE,RHONE-ALPES,305,42305,TALAUDIERE (LA),CHAZOTTE,66695,0,4,VC,0,0,2,,,0,0,4547384,443948,,1,7,0,0,1,0
1,8,6,1,3,42,FRANCE,RHONE-ALPES,218,42218,SAINT-ETIENNE,BOULEVARD FRAISSINETTE ALEXANDRE,66749,0,4,VC,0,2,2,,,0,1,4542022,441163,,1,7,0,0,1,0
1,8,4,1,3,42,FRANCE,RHONE-ALPES,218,42218,SAINT-ETIENNE,BURDEAU ,66755,0,4,VC,0,0,2,,,0,1,4544406,441409,,1,7,0,0,1,0
1,8,1,1,3,42,FRANCE,RHONE-ALPES,218,42218,SAINT-ETIENNE,DE LA MONTAT,66761,0,4,VC,0,2,2,,,0,1,4544035,440073,,1,7,0,0,1,0
1,8,3,1,3,42,FRANCE,RHONE-ALPES,218,42218,SAINT-ETIENNE,RUE DU DOCTEUR ANINO REMI,66770,0,4,VC,0,2,2,0,1,0,1,4545150,438836,,1,7,0,0,1,0
1,8,2,1,3,42,FRANCE,RHONE-ALPES,218,42218,SAINT-ETIENNE,MI-CAREME,66774,5,4,VC,0,1,1,0,100,0,1,4543917,438442,,1,7,0,0,1,0
1,8,1,2,7,42,FRANCE,RHONE-ALPES,218,42218,SAINT-ETIENNE,GAMBETTA,66777,4,4,VC,0,1,1,,,0,1,4543228,438916,,1,,0,0,1,0
2,8,2,1,1,42,FRANCE,RHONE-ALPES,218,42218,SAINT-ETIENNE,DELSART THEO,66780,0,4,VC,0,2,2,,,0,1,4546734,440884,,1,7,0,0,1,0
1,8,2,1,3,42,FRANCE,RHONE-ALPES,218,42218,SAINT-ETIENNE,ROUGET DE L'ISLE,66792,5,4,VC,0,1,2,0,1,0,1,4544728,438622,,1,7,0,0,1,0
1,8,1,1,3,42,FRANCE,RHONE-ALPES,218,42218,SAINT-ETIENNE,COURS NADAUD GUSTAVE,66795,0,4,VC,0,2,4,,,0,1,4543360,439527,,1,7,0,0,1,0
1,8,6,1,3,42,FRANCE,RHONE-ALPES,218,42218,SAINT-ETIENNE,BOULEVARD ALLENDE SALVATOR,66813,0,4,VC,0,2,2,,,0,0,4543641,441885,,1,7,0,0,1,0
1,3,1,1,3,43,FRANCE,AUVERGNE,124,43124,LOUDES,RD 25,66914,0,3,RD,25,2,2,0,0,0,1,0,0,,1,7,0,0,1,0
2,5,1,1,1,43,FRANCE,AUVERGNE,268,43268,YSSINGEAUX,RD 103,66917,0,3,RD,103,2,0,0,0,0,1,4515000,410900,,1,37,0,0,1,0
1,3,1,1,3,43,FRANCE,AUVERGNE,267,43267,VOREY,RD 103,66930,0,3,RD,103,2,0,60,300,0,1,4518800,391000,,1,7,0,0,1,0
1,4,1,1,6,43,FRANCE,AUVERGNE,046,43046,CHADRAC,ROUTE DE RODERIE,66943,0,9,Autre,0,0,1,,,0,0,,,,1,,0,0,0,1
1,6,1,1,6,43,FRANCE,AUVERGNE,157,43157,PUY-EN-VELAY (LE),AVENUE DU GENERAL DE GAULLE,66946,0,4,VC,0,2,2,,,0,1,,,,1,7,0,0,1,0
1,6,1,1,6,43,FRANCE,AUVERGNE,157,43157,PUY-EN-VELAY (LE),RUE DU FAUBOURG ST-JEAN,66950,0,2,RN,0,1,2,63,283,0,1,,,,1,7,0,0,1,0
1,4,6,1,6,43,FRANCE,AUVERGNE,041,43041,BRIVES-CHARENSAC,ROND-POINT DE LA CHARTREUSE,67007,0,2,RN,88,1,2,61,65,0,1,,,,1,7,0,0,1,0
1,4,1,1,6,43,FRANCE,AUVERGNE,041,43041,BRIVES-CHARENSAC,AVENUE CHARLES DUPUY,67015,0,3,RD,988,2,2,60,50,0,1,,,,1,7,0,0,1,0
1,6,1,1,1,43,FRANCE,AUVERGNE,157,43157,PUY-EN-VELAY (LE),RUE GENERAL LAFAYETTE,67068,0,4,VC,0,2,2,,,0,1,,,,1,7,0,0,1,0
5,6,6,1,3,44,FRANCE,PAYS DE LA LOIRE,143,44143,REZE,VC 0,67093,0,4,VC,0,2,2,1,0,0,1,,,,1,7,0,0,1,0
2,8,6,1,2,44,FRANCE,PAYS DE LA LOIRE,109,44109,NANTES,RUE DES MARSAUDERIES,67107,0,4,VC,0,2,2,,,0,1,,,,1,7,0,0,1,0
1,8,1,1,3,44,FRANCE,PAYS DE LA LOIRE,109,44109,NANTES,RUE DES BOURDONNIERES,67115,0,4,VC,0,2,2,,,0,1,,,,1,7,0,0,1,0
1,8,1,1,6,44,FRANCE,PAYS DE LA LOIRE,109,44109,NANTES,BOULEVARD GABRIEL LAURIOL,67127,0,4,VC,0,2,2,1,0,2,1,,,,1,7,0,0,1,0
1,7,2,1,3,44,FRANCE,PAYS DE LA LOIRE,184,44184,SAINT-NAZAIRE,ALLEE  DES LILAS ,67132,5,4,VC,0,2,2,,,0,1,,,,1,7,0,0,1,0
1,4,6,1,1,44,FRANCE,PAYS DE LA LOIRE,074,44074,INDRE,RD 75,67175,0,3,RD,75,2,0,0,0,0,1,4720600,-167400,,1,7,0,0,1,0
1,8,1,1,6,44,FRANCE,PAYS DE LA LOIRE,109,44109,NANTES,BOULEVARD DE LA FRATERNITE,67195,0,4,VC,0,2,2,,,2,5,,,,1,7,0,0,1,0
1,6,2,1,3,44,FRANCE,PAYS DE LA LOIRE,162,44162,SAINT-HERBLAIN,ALLEE  DE L'ASTRONOMIE,67205,0,4,VC,0,2,2,,,0,1,,,,1,7,0,0,1,0
5,8,1,1,6,44,FRANCE,PAYS DE LA LOIRE,109,44109,NANTES,RUE DU LANDREAU,67206,0,4,VC,0,2,2,,,0,1,,,,1,7,0,0,1,0
1,5,3,1,3,44,FRANCE,PAYS DE LA LOIRE,055,44055,BAULE-ESCOUBLAC (LA),AVENUE JULES VERNE,67218,0,4,VC,0,1,1,,,0,1,,,,1,7,0,0,1,0
1,5,2,1,3,44,FRANCE,PAYS DE LA LOIRE,055,44055,BAULE-ESCOUBLAC (LA),BOULEVARD DU DOCTEUR CHEVREL,67234,0,4,VC,0,2,2,,,0,1,,,,1,7,0,0,1,0
1,6,1,1,2,44,FRANCE,PAYS DE LA LOIRE,162,44162,SAINT-HERBLAIN,RD 75,67235,0,3,RD,0,2,2,,,0,1,,,,1,30,0,0,1,0
1,8,1,1,6,44,FRANCE,PAYS DE LA LOIRE,109,44109,NANTES,CHEMIN DE LA GUIBLINIERE,67236,0,4,VC,0,0,0,,,0,1,,,,1,7,0,0,1,0
1,1,1,1,3,44,FRANCE,PAYS DE LA LOIRE,162,44162,SAINT-HERBLAIN,CHEMIN DE LA BRETINAIS,67243,0,4,VC,0,2,2,,,0,1,,,,1,7,0,0,1,0
1,6,2,6,6,44,FRANCE,PAYS DE LA LOIRE,143,44143,REZE,RUE DES AJONCS,67250,5,4,VC,0,2,2,,,0,1,,,,1,7,0,0,1,0
1,6,1,1,6,44,FRANCE,PAYS DE LA LOIRE,190,44190,SAINT-SEBASTIEN-SUR-LOIRE,RUE DU DOUET,67255,0,4,VC,0,2,2,,,0,1,,,,1,37,0,0,1,0
1,7,2,1,3,44,FRANCE,PAYS DE LA LOIRE,184,44184,SAINT-NAZAIRE,RUE GEORGES DE BUFFON,67262,0,4,VC,0,2,2,,,0,1,,,,1,7,0,0,1,0
1,7,6,1,3,44,FRANCE,PAYS DE LA LOIRE,184,44184,SAINT-NAZAIRE,ROUTE DE LA CITE D'AMOUR,67263,0,4,VC,0,1,2,,,0,1,,,,1,7,0,0,1,0
1,7,2,1,2,44,FRANCE,PAYS DE LA LOIRE,184,44184,SAINT-NAZAIRE,RUE AUGUSTE BAPTISTE LECHAT,67264,0,4,VC,0,2,1,,,0,1,,,,1,7,0,0,1,0
1,7,1,1,3,44,FRANCE,PAYS DE LA LOIRE,184,44184,SAINT-NAZAIRE,CHEMIN VERT,67266,0,4,VC,0,1,1,,,0,1,,,,1,7,0,0,1,0
1,8,1,1,6,44,FRANCE,PAYS DE LA LOIRE,109,44109,NANTES,RUE DES HAUTS PAVES,67270,0,4,VC,0,0,0,,,0,0,,,,1,,,,,
1,5,6,1,1,44,FRANCE,PAYS DE LA LOIRE,154,44154,SAINT-BREVIN-LES-PINS,RD 205,67275,5,3,RD,205,2,0,0,0,0,1,4726800,-216400,,1,7,0,0,1,0
1,8,1,1,3,44,FRANCE,PAYS DE LA LOIRE,109,44109,NANTES,RUE PAUL BELLAMY,67286,0,4,VC,0,2,3,,,0,1,,,,1,15,0,0,1,0
1,8,1,1,7,44,FRANCE,PAYS DE LA LOIRE,109,44109,NANTES,BOULEVARD LEON BUREAU,67287,0,4,VC,0,4,3,,,0,1,,,,1,7,0,0,1,0
1,6,6,1,3,44,FRANCE,PAYS DE LA LOIRE,114,44114,ORVAULT,AVENUE DE LA PAQUELAIS,67296,5,3,RD,0,2,2,,,2,1,,,,1,10,0,0,1,0
1,8,2,1,6,44,FRANCE,PAYS DE LA LOIRE,109,44109,NANTES,QUAI DE MALAKOFF,67297,2,4,VC,0,2,2,,,0,1,,,,1,7,0,0,1,0
1,7,1,1,3,44,FRANCE,PAYS DE LA LOIRE,184,44184,SAINT-NAZAIRE,ALLEE DE LA HOUSSAIE,67305,0,4,VC,0,0,2,,,0,1,,,,1,7,0,0,1,0
1,7,2,1,3,44,FRANCE,PAYS DE LA LOIRE,184,44184,SAINT-NAZAIRE,ALLEE  DES LILAS ,67308,0,4,VC,0,2,2,,,0,1,,,,1,7,0,0,1,0
1,7,2,1,3,44,FRANCE,PAYS DE LA LOIRE,184,44184,SAINT-NAZAIRE,RUE DU COMMANDANT GATE,67311,0,4,VC,0,2,2,,,0,1,,,,1,7,0,0,1,0
1,5,1,1,3,44,FRANCE,PAYS DE LA LOIRE,055,44055,BAULE-ESCOUBLAC (LA),AVENUE DE L'ETOILE,67320,0,4,VC,0,2,2,,,0,1,,,,1,7,0,0,1,0
1,5,1,1,3,44,FRANCE,PAYS DE LA LOIRE,055,44055,BAULE-ESCOUBLAC (LA),AVENUE JOFFRE ,67328,0,4,VC,0,0,1,1,0,0,0,,,,1,7,0,0,1,0
1,8,1,1,6,44,FRANCE,PAYS DE LA LOIRE,109,44109,NANTES,PLACE PIRMIL,67337,0,4,VC,0,2,2,1,0,0,1,,,,1,7,0,0,1,0
1,8,3,1,6,44,FRANCE,PAYS DE LA LOIRE,109,44109,NANTES,RUE DES PAVILLONS,67340,0,4,VC,0,2,2,,,0,1,,,,1,7,0,0,1,0
1,8,1,1,3,44,FRANCE,PAYS DE LA LOIRE,109,44109,NANTES,PONT DE LA ROTONDE,67341,2,4,VC,0,1,2,1,0,0,1,,,,1,38,0,0,1,0
1,8,6,1,6,44,FRANCE,PAYS DE LA LOIRE,109,44109,NANTES,ROUTE DE CARQUEFOU,67343,0,4,VC,0,0,0,,,0,1,,,,1,7,0,0,1,0
1,1,2,1,3,44,FRANCE,PAYS DE LA LOIRE,109,44109,NANTES,RUE GEOFFROY DROUET,67347,0,4,VC,0,3,2,1,0,0,1,,,,1,7,0,0,1,0
1,7,1,1,2,44,FRANCE,PAYS DE LA LOIRE,184,44184,SAINT-NAZAIRE,RUE HENRI GAUTIER ,67360,0,4,VC,0,2,2,,,0,1,,,,1,7,0,0,1,0
1,4,1,1,1,44,FRANCE,PAYS DE LA LOIRE,113,44113,NOZAY,RD 2,67364,0,3,RD,2,0,1,0,0,0,1,0,0,,1,7,0,0,1,0
1,4,1,1,1,44,FRANCE,PAYS DE LA LOIRE,187,44187,SAINT-PERE-EN-RETZ,VC 0,67366,5,4,VC,0,2,2,0,0,0,1,4721100,-204300,,1,7,0,0,1,0
1,1,1,1,2,44,FRANCE,PAYS DE LA LOIRE,211,44211,TURBALLE (LA),RD 92,67368,0,3,RD,92,2,0,25,0,0,1,0,0,,1,10,0,0,1,0
1,5,1,1,2,44,FRANCE,PAYS DE LA LOIRE,055,44055,BAULE-ESCOUBLAC (LA),AVENUE DES LILAS,67378,0,9,Autre,0,0,2,1,0,0,1,,,,1,7,0,0,1,0
1,5,1,1,1,44,FRANCE,PAYS DE LA LOIRE,135,44135,POULIGUEN (LE),QUAI JULES SANDEAU,67384,0,4,VC,0,1,2,,,0,1,,,,1,34,0,0,1,0
1,5,1,1,6,44,FRANCE,PAYS DE LA LOIRE,055,44055,BAULE-ESCOUBLAC (LA),AVENUE DU MARECHAL DE LATTRE DE TASSIGNY,67386,0,4,VC,0,2,2,,,0,1,,,,1,31,0,0,1,0
1,7,1,1,3,44,FRANCE,PAYS DE LA LOIRE,184,44184,SAINT-NAZAIRE,AVENUE LEO LAGRANGE,67406,0,4,VC,0,2,2,,,2,1,,,,1,7,0,0,1,0
1,5,1,1,6,44,FRANCE,PAYS DE LA LOIRE,135,44135,POULIGUEN (LE),RUE JEAN-JACQUES,67411,0,4,VC,0,1,1,,,0,1,,,,1,7,0,0,1,0
1,8,2,1,3,44,FRANCE,PAYS DE LA LOIRE,109,44109,NANTES,PONT GENERAL DE LA MOTTE ROUGE,67416,0,4,VC,0,2,0,,,0,1,,,,1,7,0,0,1,0
1,8,6,1,3,44,FRANCE,PAYS DE LA LOIRE,109,44109,NANTES,RUE PAUL PAINLEVE,67421,0,4,VC,0,0,0,,,0,1,,,,1,7,0,0,1,0
1,7,1,1,3,44,FRANCE,PAYS DE LA LOIRE,184,44184,SAINT-NAZAIRE,ROND-POINT OCEANIS,67441,0,3,RD,0,1,3,3,830,0,1,,,,1,7,0,0,1,0
1,5,1,1,6,44,FRANCE,PAYS DE LA LOIRE,132,44132,PORNICHET,ROUTE DE CHAUSSEPOT,67455,0,4,VC,0,2,2,,,1,1,,,,1,7,0,0,1,0
1,5,1,1,3,44,FRANCE,PAYS DE LA LOIRE,132,44132,PORNICHET,AVENUE DU HECQUEUX,67456,0,4,VC,0,2,2,,,0,1,,,,1,7,0,0,1,0
5,8,1,1,6,44,FRANCE,PAYS DE LA LOIRE,109,44109,NANTES,COURS OLIVIER DE CLISSON,67469,0,4,VC,0,2,2,,,0,1,,,,1,7,0,0,1,0
1,6,1,1,6,44,FRANCE,PAYS DE LA LOIRE,190,44190,SAINT-SEBASTIEN-SUR-LOIRE,ROUTE DE CLISSON,67473,0,4,VC,0,2,2,,,0,1,,,,1,7,0,0,1,0
1,7,1,1,3,44,FRANCE,PAYS DE LA LOIRE,184,44184,SAINT-NAZAIRE,BOULEVARD DE LA RENAISSANCE,67484,0,3,RD,0,2,2,,,2,1,,,,1,7,0,0,1,0
2,7,3,2,3,44,FRANCE,PAYS DE LA LOIRE,184,44184,SAINT-NAZAIRE,RUE AMBROISE PARE,67491,0,4,VC,0,2,2,,,0,1,,,,1,10,0,0,1,0
1,6,1,1,6,44,FRANCE,PAYS DE LA LOIRE,143,44143,REZE,RUE DES SORINIERES,67501,0,4,VC,0,3,2,1,0,2,1,,,,1,7,0,0,1,0
1,6,3,1,3,44,FRANCE,PAYS DE LA LOIRE,162,44162,SAINT-HERBLAIN,AVENUE DE LA PENTECOTE,67509,0,4,VC,0,1,1,,,0,1,,,,1,7,0,0,1,0
5,8,1,1,6,44,FRANCE,PAYS DE LA LOIRE,109,44109,NANTES,RUE ESNOUL DES CHATELETS,67512,0,4,VC,0,2,2,1,0,1,1,,,,1,7,0,0,1,0
1,8,6,1,3,44,FRANCE,PAYS DE LA LOIRE,109,44109,NANTES,BOULEVARD GENERAL DE GAULLE,67523,0,4,VC,0,3,4,1,0,2,1,,,,1,7,0,0,1,0
5,5,1,2,3,44,FRANCE,PAYS DE LA LOIRE,103,44103,MONTOIR-DE-BRETAGNE,VC 0,67539,0,4,VC,0,2,2,0,0,0,0,0,0,,1,7,0,0,1,0
4,5,1,1,3,44,FRANCE,PAYS DE LA LOIRE,132,44132,PORNICHET,AVENUE DE LA VILLES BABIN,67545,0,4,VC,0,2,2,1,0,0,1,,,,1,7,0,0,1,0
1,8,1,1,6,44,FRANCE,PAYS DE LA LOIRE,109,44109,NANTES,RUE ALEXANDRE FOURNY,67564,0,4,VC,0,1,1,,,0,1,,,,1,,0,0,1,0
1,8,2,1,6,44,FRANCE,PAYS DE LA LOIRE,109,44109,NANTES,BOULEVARD DES ANGLAIS,67568,0,4,VC,0,2,0,,,0,1,,,,1,7,0,0,1,0
1,6,1,1,6,44,FRANCE,PAYS DE LA LOIRE,190,44190,SAINT-SEBASTIEN-SUR-LOIRE,RUE DE LA JAUNAIE,67577,0,4,VC,0,1,2,1,0,0,1,,,,1,7,0,0,1,0
1,8,1,1,3,44,FRANCE,PAYS DE LA LOIRE,109,44109,NANTES,RUE DU PERRAY,67580,0,4,VC,0,2,2,1,0,0,1,,,,1,7,0,0,1,0
1,5,1,1,1,44,FRANCE,PAYS DE LA LOIRE,158,44158,SAINT-ETIENNE-DE-MONTLUC,Autre 0,67597,0,9,Autre,0,2,0,0,1,0,1,4728200,-178000,,1,7,0,0,1,0
1,8,1,2,3,44,FRANCE,PAYS DE LA LOIRE,109,44109,NANTES,ROUTE DE CLISSON,67611,5,4,VC,0,1,1,,,0,1,,,,1,7,0,0,1,0
5,8,6,1,6,44,FRANCE,PAYS DE LA LOIRE,109,44109,NANTES,RUE DUGOMMIER,67620,0,4,VC,0,1,2,1,0,0,1,,,,1,10,0,0,1,0
1,7,6,1,6,44,FRANCE,PAYS DE LA LOIRE,184,44184,SAINT-NAZAIRE,PLACE JEAN BOUIN,67635,0,4,VC,0,2,2,,,1,1,,,,1,7,0,0,1,0
1,1,1,1,1,44,FRANCE,PAYS DE LA LOIRE,153,44153,SAINT-AUBIN-DES-CHATEAUX,RD 34,67637,0,3,RD,34,2,0,0,0,0,1,4771000,-142000,,1,7,0,0,1,0
1,8,1,1,6,44,FRANCE,PAYS DE LA LOIRE,109,44109,NANTES,AVENUE JEAN CLAUDE BONDUELLE,67642,0,4,VC,0,0,0,,,0,1,,,,1,31,0,0,1,0
1,8,1,1,6,44,FRANCE,PAYS DE LA LOIRE,109,44109,NANTES,PLACE PIRMIL,67654,0,4,VC,0,3,2,1,0,2,5,,,,1,7,0,0,1,0
1,1,1,3,3,44,FRANCE,PAYS DE LA LOIRE,184,44184,SAINT-NAZAIRE,BOULEVARD JEAN MERMOZ,67686,0,4,VC,0,0,2,,,2,1,,,,1,7,0,0,1,0
1,6,2,1,3,44,FRANCE,PAYS DE LA LOIRE,190,44190,SAINT-SEBASTIEN-SUR-LOIRE,RUE DES VIOLETTES,67693,0,4,VC,0,2,2,1,0,0,1,,,,1,2,0,0,1,0
1,5,1,2,6,44,FRANCE,PAYS DE LA LOIRE,132,44132,PORNICHET,BOULEVARD DE ST NAZAIRE,67709,0,4,VC,0,2,0,,,0,1,,,,1,,0,0,1,0
1,5,1,1,6,44,FRANCE,PAYS DE LA LOIRE,135,44135,POULIGUEN (LE),AVENUE DES ALEYONS,67713,0,4,VC,0,2,0,,,0,1,,,,1,,0,0,1,0
1,6,2,1,6,44,FRANCE,PAYS DE LA LOIRE,190,44190,SAINT-SEBASTIEN-SUR-LOIRE,RUE DU DOUET,67720,5,4,VC,0,2,2,1,0,0,1,,,,1,7,0,0,1,0
1,8,2,1,6,44,FRANCE,PAYS DE LA LOIRE,109,44109,NANTES,RUE DU CORPS DE GARDE,67722,0,4,VC,0,2,2,,,2,1,,,,1,32,0,0,1,0
1,8,6,1,6,44,FRANCE,PAYS DE LA LOIRE,109,44109,NANTES,BOULEVARD ALBERT EINSTEIN,67727,5,4,VC,0,2,0,,,0,1,,,,1,7,0,0,1,0
1,8,3,1,6,44,FRANCE,PAYS DE LA LOIRE,109,44109,NANTES,RUE DES HERSES,67730,0,4,VC,0,2,2,1,0,0,1,,,,1,10,0,0,1,0
1,8,2,1,3,44,FRANCE,PAYS DE LA LOIRE,109,44109,NANTES,BOULEVARD JULES VERNE,67732,0,4,VC,0,2,5,,,0,1,,,,1,7,0,0,1,0
1,6,1,2,6,44,FRANCE,PAYS DE LA LOIRE,190,44190,SAINT-SEBASTIEN-SUR-LOIRE,RUE DES COUCOUS,67733,0,4,VC,0,2,2,1,0,0,1,,,,1,7,0,0,1,0
1,7,2,1,2,44,FRANCE,PAYS DE LA LOIRE,184,44184,SAINT-NAZAIRE,RUE DU COMMANDANT GATE,67735,0,4,VC,0,2,2,,,0,1,,,,1,7,0,0,1,0
1,8,1,1,2,44,FRANCE,PAYS DE LA LOIRE,109,44109,NANTES,BOULEVARD DU MANOIR SAINT-LO,67752,0,4,VC,0,2,2,,,0,1,,,,1,7,0,0,1,0
1,6,1,1,3,44,FRANCE,PAYS DE LA LOIRE,162,44162,SAINT-HERBLAIN,AVENUE DES THEBAUDIERES,67762,0,4,VC,0,2,2,,,0,1,,,,1,7,0,0,1,0
1,8,1,1,3,44,FRANCE,PAYS DE LA LOIRE,109,44109,NANTES,RUE GENERAL BUAT,67763,0,4,VC,0,2,2,,,2,1,,,,1,7,0,0,1,0
1,7,1,1,2,44,FRANCE,PAYS DE LA LOIRE,184,44184,SAINT-NAZAIRE,RUE HENRI GAUTIER ,67770,0,4,VC,0,2,2,,,0,1,,,,1,7,0,0,1,0
1,5,1,1,6,44,FRANCE,PAYS DE LA LOIRE,132,44132,PORNICHET,BOULEVARD DE ST NAZAIRE,67782,0,4,VC,0,2,2,,,0,1,,,,1,2,0,0,1,0
1,8,1,2,6,44,FRANCE,PAYS DE LA LOIRE,109,44109,NANTES,PLACE VIARME,67795,0,6,Parking,0,0,1,,,2,1,,,,1,7,0,0,1,0
1,6,1,2,6,44,FRANCE,PAYS DE LA LOIRE,190,44190,SAINT-SEBASTIEN-SUR-LOIRE,ROUTE DE CLISSON,67797,0,4,VC,0,2,2,,,0,1,,,,1,7,0,0,1,0
1,8,1,1,6,44,FRANCE,PAYS DE LA LOIRE,109,44109,NANTES,RUE DES RENARDIERES,67802,0,4,VC,0,2,0,,,0,0,,,,1,7,0,0,1,0
1,7,3,1,3,44,FRANCE,PAYS DE LA LOIRE,184,44184,SAINT-NAZAIRE,RUE DE PORNICHET,67811,0,4,VC,0,1,1,,,0,1,,,,1,7,0,0,1,0
1,7,3,1,3,44,FRANCE,PAYS DE LA LOIRE,184,44184,SAINT-NAZAIRE,AVENUE HECTOR BERLIOZ,67812,0,4,VC,0,2,2,,,0,1,,,,1,7,0,0,1,0
1,7,1,1,7,44,FRANCE,PAYS DE LA LOIRE,184,44184,SAINT-NAZAIRE,ROUTE DU FORT DE L'EVE,67816,0,3,RD,0,2,2,,,0,1,,,,1,,0,0,1,0
1,5,1,1,7,44,FRANCE,PAYS DE LA LOIRE,135,44135,POULIGUEN (LE),BOULEVARD DE L'ATLANTIQUE,67821,0,4,VC,0,2,2,1,0,0,1,,,,1,,0,0,1,0
1,5,1,1,3,44,FRANCE,PAYS DE LA LOIRE,132,44132,PORNICHET,AVENUE DU GENERAL DE GAULLE,67824,0,4,VC,0,2,2,1,0,0,1,,,,1,10,0,0,1,0
1,5,1,1,2,44,FRANCE,PAYS DE LA LOIRE,055,44055,BAULE-ESCOUBLAC (LA),BOULEVARD DARLU,67827,0,4,VC,0,2,2,1,0,0,1,,,,1,7,0,0,1,0
2,5,1,1,6,44,FRANCE,PAYS DE LA LOIRE,132,44132,PORNICHET,BOULEVARD DES OCEANIDES,67831,0,4,VC,0,1,1,,,2,1,,,,1,,0,0,1,0
1,8,9,1,3,44,FRANCE,PAYS DE LA LOIRE,109,44109,NANTES,QUAI ANDRE MORICE,67835,0,4,VC,0,2,2,,,0,1,,,,1,7,0,0,1,0
1,8,3,1,3,44,FRANCE,PAYS DE LA LOIRE,109,44109,NANTES,RUE MARECHAL JOFFRE,67844,0,4,VC,0,2,4,,,0,1,,,,1,20,0,0,1,0
1,8,1,1,2,44,FRANCE,PAYS DE LA LOIRE,109,44109,NANTES,ROND-POINT ABEL DURAND,67845,0,4,VC,0,0,2,,,0,1,,,,1,7,0,0,1,0
1,7,1,1,3,44,FRANCE,PAYS DE LA LOIRE,184,44184,SAINT-NAZAIRE,RN 171,67847,2,2,RN,0,2,2,,,2,1,,,,1,7,0,0,1,0
1,7,2,1,3,44,FRANCE,PAYS DE LA LOIRE,184,44184,SAINT-NAZAIRE,AVENUE DU COMMANDO,67848,0,4,VC,0,2,2,,,0,1,,,,1,7,0,0,1,0