lum,agg,int,atm,col,dep_bis,pays,region,com_bis,com_codeINSEE,communes,N_voie,numac,infra,catr,type_route,voie,circ,nbv,pr,pr1,vosp,situ,lat,long,adr,accident_velo,vehicule_imp,cycl_mort,cycl_bgv,cycl_blg,cycl_indm
1,5,1,1,3,44,FRANCE,PAYS DE LA LOIRE,055,44055,BAULE-ESCOUBLAC (LA),AVENUE DU MARECHAL DE LATTRE DE TASSIGNY,67866,0,4,VC,0,2,2,1,0,0,1,,,,1,7,0,0,1,0
1,5,1,1,3,44,FRANCE,PAYS DE LA LOIRE,055,44055,BAULE-ESCOUBLAC (LA),BOULEVARD AUGUSTE CAILLAUD,67867,0,4,VC,0,1,2,1,0,0,1,,,,1,7,0,0,1,0
1,5,1,1,2,44,FRANCE,PAYS DE LA LOIRE,055,44055,BAULE-ESCOUBLAC (LA),AVENUE DU MARECHAL DE LATTRE DE TASSIGNY,67868,0,4,VC,0,2,2,,,0,1,,,,1,7,0,0,1,0
4,5,1,1,7,44,FRANCE,PAYS DE LA LOIRE,132,44132,PORNICHET,AVENUE DE BONNE SOURCE,67869,0,4,VC,0,2,2,,,0,1,,,,1,30,0,0,1,0
1,5,9,1,2,44,FRANCE,PAYS DE LA LOIRE,055,44055,BAULE-ESCOUBLAC (LA),BOULEVARD DE L'OCEAN,67873,0,4,VC,0,3,0,,,1,5,,,,1,2,0,0,1,0
5,6,1,9,2,44,FRANCE,PAYS DE LA LOIRE,162,44162,SAINT-HERBLAIN,RUE DE SAINT NAZAIRE,67877,5,3,RD,0,2,2,,,0,1,,,,1,7,0,0,1,0
1,7,2,1,3,44,FRANCE,PAYS DE LA LOIRE,184,44184,SAINT-NAZAIRE,ROUTE DU POINT DU JOUR,67887,0,4,VC,0,2,90,,,0,1,,,,1,7,0,0,1,0
1,7,1,1,3,44,FRANCE,PAYS DE LA LOIRE,184,44184,SAINT-NAZAIRE,RN 471,67888,0,2,RN,0,3,2,0,300,0,1,,,,1,7,0,0,1,0
1,7,1,1,3,44,FRANCE,PAYS DE LA LOIRE,184,44184,SAINT-NAZAIRE,RUE DU COMMANDANT CHARCOT,67889,0,4,VC,0,1,1,,,0,1,,,,1,7,0,0,1,0
1,6,1,1,3,44,FRANCE,PAYS DE LA LOIRE,114,44114,ORVAULT,ROUTE DE VANNES,67907,0,3,RD,0,2,4,,,1,1,,,,1,10,0,0,1,0
1,6,3,1,6,44,FRANCE,PAYS DE LA LOIRE,190,44190,SAINT-SEBASTIEN-SUR-LOIRE,ROUTE DE CLISSON,67911,0,2,RN,0,2,2,1,0,0,1,,,,1,10,0,0,1,0
1,8,1,1,2,44,FRANCE,PAYS DE LA LOIRE,109,44109,NANTES,RUE CHARLES BRUNELLIERE,67915,0,4,VC,0,1,1,,,2,1,,,,1,7,0,0,1,0
1,8,1,1,6,44,FRANCE,PAYS DE LA LOIRE,109,44109,NANTES,RUE LOUIS BLANC,67918,0,4,VC,0,2,2,,,2,1,,,,1,7,0,0,1,0
5,8,6,1,3,44,FRANCE,PAYS DE LA LOIRE,109,44109,NANTES,QUAI DE MALAKOFF,67930,5,4,VC,0,1,2,,,0,1,,,,1,7,0,0,1,0
1,7,3,1,3,44,FRANCE,PAYS DE LA LOIRE,184,44184,SAINT-NAZAIRE,RUE DE LA CROIX DE MEAN,67941,0,4,VC,0,2,2,,,0,1,,,,1,7,0,0,1,0
5,6,1,1,6,44,FRANCE,PAYS DE LA LOIRE,190,44190,SAINT-SEBASTIEN-SUR-LOIRE,RUE DE L'OUCHE COLIN,67964,0,9,Autre,0,1,1,,,0,1,,,,1,7,0,0,1,0
1,7,1,1,3,44,FRANCE,PAYS DE LA LOIRE,184,44184,SAINT-NAZAIRE,CHEMIN VERT,67971,1,4,VC,0,2,2,,,0,1,,,,1,7,0,0,1,0
1,5,1,1,6,44,FRANCE,PAYS DE LA LOIRE,135,44135,POULIGUEN (LE),RUE DE LA PLAGE,67981,0,4,VC,0,1,1,,,0,1,,,,1,7,0,0,1,0
2,7,1,1,2,44,FRANCE,PAYS DE LA LOIRE,184,44184,SAINT-NAZAIRE,ROUTE DE LA CITE D'AMOUR,68016,0,4,VC,0,3,50,,,2,5,,,,1,30,0,0,1,0
1,6,1,1,6,44,FRANCE,PAYS DE LA LOIRE,162,44162,SAINT-HERBLAIN,RUE DE LA GAROTTERIE,68034,0,4,VC,0,0,0,,,0,1,,,,1,7,0,0,1,0
1,5,2,1,3,44,FRANCE,PAYS DE LA LOIRE,026,44026,CARQUEFOU,VC 0,68045,0,4,VC,0,2,2,0,0,0,1,0,0,,1,7,0,0,1,0
3,5,1,1,7,44,FRANCE,PAYS DE LA LOIRE,132,44132,PORNICHET,AVENUE DU HECQUEUX,68048,0,3,RD,0,3,4,,,1,3,,,,1,7,0,0,0,1
2,6,1,2,6,44,FRANCE,PAYS DE LA LOIRE,190,44190,SAINT-SEBASTIEN-SUR-LOIRE,AVENUE DE LA MARTELLIERE,68059,0,4,VC,0,2,2,,,1,5,,,,1,,0,0,0,1
1,6,1,1,6,44,FRANCE,PAYS DE LA LOIRE,143,44143,REZE,RUE DE LA GALARNIERE,68060,0,4,VC,0,2,2,1,0,1,1,,,,1,,0,0,1,0
1,8,1,2,3,44,FRANCE,PAYS DE LA LOIRE,109,44109,NANTES,RUE DU CALVAIRE,68064,0,4,VC,0,2,2,,,2,1,,,,1,2,0,0,1,0
1,8,2,1,6,44,FRANCE,PAYS DE LA LOIRE,109,44109,NANTES,RUE SAINT LEONARD,68092,6,4,VC,0,1,1,,,0,1,,,,1,,0,0,0,1
1,7,2,1,2,44,FRANCE,PAYS DE LA LOIRE,184,44184,SAINT-NAZAIRE,BOULEVARD JEAN MERMOZ,68137,0,4,VC,0,2,2,,,0,1,,,,1,7,0,0,1,0
4,8,1,1,3,44,FRANCE,PAYS DE LA LOIRE,109,44109,NANTES,ROND-POINT ABEL DURAND,68143,5,4,VC,0,1,2,,,0,1,,,,1,7,0,0,1,0
1,5,4,2,1,44,FRANCE,PAYS DE LA LOIRE,135,44135,POULIGUEN (LE),RUE JEANNE D'ARC,68169,0,4,VC,0,1,1,,,0,1,,,,1,7,0,0,1,0
1,5,1,1,3,44,FRANCE,PAYS DE LA LOIRE,055,44055,BAULE-ESCOUBLAC (LA),AVENUE PAUL ANDRIEU,68170,0,4,VC,0,1,0,,,0,1,,,,1,7,0,0,1,0
1,7,6,1,3,44,FRANCE,PAYS DE LA LOIRE,184,44184,SAINT-NAZAIRE,RUE HENRI GAUTIER ,68236,0,4,VC,0,2,2,,,0,0,,,,1,7,0,0,1,0
1,5,1,1,3,44,FRANCE,PAYS DE LA LOIRE,132,44132,PORNICHET,AVENUE DE BONNE SOURCE,68244,0,4,VC,0,1,1,,,1,5,,,,1,30,0,0,1,0
1,5,6,1,7,44,FRANCE,PAYS DE LA LOIRE,135,44135,POULIGUEN (LE),RUE DE LA CRIQUE CRIQUE,68248,5,4,VC,0,2,2,,,0,1,,,,1,7,0,0,1,0
2,8,1,2,2,44,FRANCE,PAYS DE LA LOIRE,109,44109,NANTES,BOULEVARD LEON JOUHAUX,68251,0,4,VC,0,3,0,,,2,1,,,,1,7,0,0,1,0
1,6,6,8,3,44,FRANCE,PAYS DE LA LOIRE,162,44162,SAINT-HERBLAIN,AVENUE DE L'ANGEVINIERE,68254,0,4,VC,0,2,2,,,2,2,,,,1,7,0,0,1,0
1,1,3,1,3,44,FRANCE,PAYS DE LA LOIRE,109,44109,NANTES,PLACE PAUL DOUMER,68261,5,4,VC,0,2,1,1,0,0,1,,,,1,7,0,0,1,0
1,6,3,1,6,44,FRANCE,PAYS DE LA LOIRE,143,44143,REZE,BOULEVARD VICTOR SCHOELCHER,68264,0,4,VC,0,3,2,1,0,2,1,,,,1,10,0,0,1,0
1,8,2,1,6,44,FRANCE,PAYS DE LA LOIRE,109,44109,NANTES,RUE DES GRENOUILLES,68266,0,4,VC,0,2,0,1,0,0,1,,,,1,7,0,0,1,0
1,8,1,1,6,44,FRANCE,PAYS DE LA LOIRE,109,44109,NANTES,RUE JEAN BAPTISTE DELAMBRE,68268,0,4,VC,0,2,2,,,0,1,,,,1,,0,0,1,0
5,5,3,1,3,44,FRANCE,PAYS DE LA LOIRE,055,44055,BAULE-ESCOUBLAC (LA),AVENUE DU GENERAL DE GAULLE,68272,0,4,VC,0,1,1,,,0,1,,,,1,7,0,0,1,0
1,6,1,1,6,44,FRANCE,PAYS DE LA LOIRE,190,44190,SAINT-SEBASTIEN-SUR-LOIRE,RUE DU GENERAL DE GAULLE ,68281,0,3,RD,0,2,2,,,0,1,,,,1,,0,0,1,0
1,8,6,1,3,44,FRANCE,PAYS DE LA LOIRE,109,44109,NANTES,BOULEVARD AUGUSTE PAGEOT,68284,0,4,VC,0,2,1,,,0,1,,,,1,7,0,0,1,0
1,6,6,1,3,44,FRANCE,PAYS DE LA LOIRE,143,44143,REZE,AVENUE LOUISE MICHEL,68286,5,4,VC,0,2,2,1,0,0,1,,,,1,7,0,0,1,0
1,6,6,1,3,44,FRANCE,PAYS DE LA LOIRE,190,44190,SAINT-SEBASTIEN-SUR-LOIRE,RUE DE LA COMMUNE DE 1871,68288,5,4,VC,0,2,2,0,1,0,1,,,,1,7,0,0,1,0
1,8,6,2,6,44,FRANCE,PAYS DE LA LOIRE,109,44109,NANTES,PONT DES 3 CONTINENTS,68300,0,4,VC,0,0,0,,,0,0,,,,1,7,0,0,1,0
1,5,6,1,7,44,FRANCE,PAYS DE LA LOIRE,132,44132,PORNICHET,BOULEVARD DE LA REPUBLIQUE,68306,5,4,VC,0,3,2,,,0,1,,,,1,7,0,0,1,0
1,5,1,1,6,44,FRANCE,PAYS DE LA LOIRE,132,44132,PORNICHET,BOULEVARD DES OCEANIDES,68307,0,4,VC,0,3,2,,,1,5,,,,1,7,0,0,1,0
2,6,1,1,3,44,FRANCE,PAYS DE LA LOIRE,162,44162,SAINT-HERBLAIN,RUE DE LA JOHARDIERE,68313,0,4,VC,0,2,2,,,2,5,,,,1,7,0,0,1,0
1,6,6,1,6,44,FRANCE,PAYS DE LA LOIRE,190,44190,SAINT-SEBASTIEN-SUR-LOIRE,RUE DE LA LIBERATION,68314,5,4,VC,0,2,2,0,1,1,1,,,,1,7,0,0,1,0
1,8,6,3,3,44,FRANCE,PAYS DE LA LOIRE,109,44109,NANTES,RUE EMILE GADECEAU,68316,0,4,VC,0,2,2,,,0,1,,,,1,7,0,0,1,0
2,8,1,2,3,44,FRANCE,PAYS DE LA LOIRE,109,44109,NANTES,RUE CUVIER,68329,0,4,VC,0,2,2,,,0,1,,,,1,7,0,0,1,0
1,6,6,1,2,44,FRANCE,PAYS DE LA LOIRE,143,44143,REZE,RUE DU JAUNAIS,68331,5,4,VC,0,2,2,,,0,1,,,,1,7,0,0,1,0
1,1,2,1,1,44,FRANCE,PAYS DE LA LOIRE,162,44162,SAINT-HERBLAIN,RUE DE LA MAISON NEUVE,68336,0,4,VC,0,2,0,,,0,1,,,,1,7,0,0,1,0
1,7,2,1,3,44,FRANCE,PAYS DE LA LOIRE,184,44184,SAINT-NAZAIRE,AVENUE DE SANTANDER,68342,0,4,VC,0,2,2,,,0,1,,,,1,7,0,0,1,0
1,5,1,1,3,44,FRANCE,PAYS DE LA LOIRE,135,44135,POULIGUEN (LE),AVENUE DE L'OCEAN,68347,0,4,VC,0,2,2,,,0,1,,,,1,7,0,0,1,0
1,6,1,1,6,44,FRANCE,PAYS DE LA LOIRE,143,44143,REZE,ROND-POINT DE CORBINERIE,68356,0,5,Hors_reseau,0,3,4,,,2,1,,,,1,7,0,0,1,0
5,8,1,1,1,44,FRANCE,PAYS DE LA LOIRE,109,44109,NANTES,RUE ESNOUL DES CHATELETS,68358,0,4,VC,0,2,2,0,1,3,1,,,,1,7,0,0,1,0
5,8,1,1,3,44,FRANCE,PAYS DE LA LOIRE,109,44109,NANTES,ROUTE DE VANNES,68366,4,4,VC,0,2,2,,,0,1,,,,1,7,0,0,1,0
1,6,1,1,6,44,FRANCE,PAYS DE LA LOIRE,143,44143,REZE,AVENUE DE LA VENDEE,68368,0,4,VC,0,3,4,,,2,1,,,,1,7,0,0,1,0
3,1,1,1,1,44,FRANCE,PAYS DE LA LOIRE,054,44054,ERBRAY,RD 163,68383,0,3,RD,163,2,2,27,300,0,1,4770500,-135200,,1,7,0,0,1,0
1,5,1,1,3,44,FRANCE,PAYS DE LA LOIRE,135,44135,POULIGUEN (LE),QUAI DU COMMANDANT L'HERMINIER,68388,0,4,VC,0,2,1,,,0,1,,,,1,7,0,0,1,0
1,6,6,1,5,44,FRANCE,PAYS DE LA LOIRE,162,44162,SAINT-HERBLAIN,BOULEVARD CHARLES DE GAULLE,68395,0,3,RD,0,2,2,,,0,1,,,,1,7,0,0,1,0
1,6,1,1,6,44,FRANCE,PAYS DE LA LOIRE,190,44190,SAINT-SEBASTIEN-SUR-LOIRE,RUE HENRI MAINGUET,68411,0,4,VC,0,2,2,,,0,1,,,,1,7,0,0,1,0
2,6,6,1,6,44,FRANCE,PAYS DE LA LOIRE,114,44114,ORVAULT,RUE DES ERABLES,68414,0,4,VC,0,0,1,,,0,0,,,,1,,0,0,1,0
1,7,6,1,3,44,FRANCE,PAYS DE LA LOIRE,184,44184,SAINT-NAZAIRE,BOULEVARD DE LA LIBERATION,68421,0,4,VC,0,2,2,,,0,1,,,,1,7,0,0,1,0
1,5,1,1,2,44,FRANCE,PAYS DE LA LOIRE,132,44132,PORNICHET,ROND-POINT DE L'EUROPE,68428,0,4,VC,0,1,0,,,0,1,,,,1,7,0,0,1,0
1,6,2,1,6,44,FRANCE,PAYS DE LA LOIRE,143,44143,REZE,RUE CLAUDE DEBUSSY,68441,5,4,VC,0,0,2,1,0,0,1,,,,1,7,0,0,1,0
2,7,3,1,3,44,FRANCE,PAYS DE LA LOIRE,184,44184,SAINT-NAZAIRE,RUE FERNAND DE MAGELLAN,68464,0,4,VC,0,2,2,,,0,1,,,,1,7,0,0,1,0
1,5,6,1,1,44,FRANCE,PAYS DE LA LOIRE,154,44154,SAINT-BREVIN-LES-PINS,VC 0,68467,0,4,VC,0,1,0,0,0,0,1,4726400,-215700,,1,14,0,0,1,0
1,7,2,1,3,44,FRANCE,PAYS DE LA LOIRE,184,44184,SAINT-NAZAIRE,RD 47,68483,0,3,RD,47,2,2,25,934,0,1,,,,1,7,0,0,1,0
1,5,6,1,6,44,FRANCE,PAYS DE LA LOIRE,015,44015,BLAIN,RN 171,68488,0,2,RN,171,2,2,48,35,2,5,0,0,,1,10,0,0,1,0
2,7,2,1,3,44,FRANCE,PAYS DE LA LOIRE,184,44184,SAINT-NAZAIRE,VC 0,68489,0,4,VC,0,2,2,0,0,0,1,,,,1,7,0,0,1,0
1,7,6,1,3,44,FRANCE,PAYS DE LA LOIRE,184,44184,SAINT-NAZAIRE,RD 292,68490,0,3,RD,292,2,0,0,0,0,1,,,,1,7,0,0,0,1
1,6,1,1,6,44,FRANCE,PAYS DE LA LOIRE,162,44162,SAINT-HERBLAIN,RD 17,68492,2,3,RD,17,2,2,56,760,0,1,,,,1,7,0,0,1,0
5,6,6,1,6,44,FRANCE,PAYS DE LA LOIRE,190,44190,SAINT-SEBASTIEN-SUR-LOIRE,VC 0,68500,5,4,VC,0,2,2,0,0,0,1,,,,1,7,0,0,1,0
1,5,2,1,3,44,FRANCE,PAYS DE LA LOIRE,055,44055,BAULE-ESCOUBLAC (LA),VC 0,68512,0,4,VC,0,2,2,0,0,0,1,,,,1,7,0,0,1,0
1,8,2,1,1,44,FRANCE,PAYS DE LA LOIRE,109,44109,NANTES,VC 0,68515,0,4,VC,0,1,2,0,0,0,1,,,,1,7,0,0,1,0
1,7,6,1,2,44,FRANCE,PAYS DE LA LOIRE,184,44184,SAINT-NAZAIRE,VC 0,68519,0,4,VC,0,2,2,0,0,0,1,,,,1,7,0,0,1,0
1,8,1,7,3,44,FRANCE,PAYS DE LA LOIRE,109,44109,NANTES,VC 0,68520,0,4,VC,0,2,2,0,0,0,0,,,,1,7,0,0,1,0
1,7,1,1,2,44,FRANCE,PAYS DE LA LOIRE,184,44184,SAINT-NAZAIRE,VC 0,68521,0,4,VC,0,1,2,0,0,0,1,,,,1,7,0,0,1,0
1,7,3,1,3,44,FRANCE,PAYS DE LA LOIRE,184,44184,SAINT-NAZAIRE,VC 0,68525,0,4,VC,0,2,2,0,0,0,1,,,,1,7,0,0,1,0
5,6,1,1,6,44,FRANCE,PAYS DE LA LOIRE,143,44143,REZE,VC 0,68527,0,4,VC,0,2,2,0,0,0,1,,,,1,,0,0,1,0
1,8,1,1,3,44,FRANCE,PAYS DE LA LOIRE,109,44109,NANTES,VC 0,68531,0,4,VC,0,2,2,0,0,0,1,,,,1,7,0,0,1,0
1,6,1,1,6,44,FRANCE,PAYS DE LA LOIRE,143,44143,REZE,VC 0,68547,0,4,VC,0,2,2,0,0,0,1,,,,1,7,0,0,1,0
1,8,1,1,6,44,FRANCE,PAYS DE LA LOIRE,109,44109,NANTES,VC 0,68548,0,4,VC,0,2,2,0,0,2,5,,,,1,7,0,0,1,0
1,8,1,1,6,44,FRANCE,PAYS DE LA LOIRE,109,44109,NANTES,VC 0,68558,5,4,VC,0,1,2,0,0,3,1,,,,1,7,0,0,1,0
1,5,1,1,6,44,FRANCE,PAYS DE LA LOIRE,055,44055,BAULE-ESCOUBLAC (LA),VC 0,68575,0,4,VC,0,3,1,0,0,1,1,,,,1,,0,0,0,1
1,5,1,1,1,44,FRANCE,PAYS DE LA LOIRE,055,44055,BAULE-ESCOUBLAC (LA),VC 0,68579,0,4,VC,0,2,2,0,0,0,1,,,,1,7,0,0,1,0
1,5,1,1,2,44,FRANCE,PAYS DE LA LOIRE,055,44055,BAULE-ESCOUBLAC (LA),VC 0,68580,0,4,VC,0,1,1,0,0,0,1,,,,1,33,0,0,1,0
1,7,1,1,3,44,FRANCE,PAYS DE LA LOIRE,184,44184,SAINT-NAZAIRE,VC 0,68584,0,4,VC,0,2,2,0,0,0,1,,,,1,7,0,0,1,0
1,6,1,1,3,44,FRANCE,PAYS DE LA LOIRE,162,44162,SAINT-HERBLAIN,VC 0,68592,0,4,VC,0,2,2,0,0,0,1,,,,1,7,0,0,1,0
1,5,2,1,3,44,FRANCE,PAYS DE LA LOIRE,132,44132,PORNICHET,VC 0,68600,0,4,VC,0,2,2,0,0,0,1,,,,1,7,0,0,1,0
1,8,6,3,3,44,FRANCE,PAYS DE LA LOIRE,109,44109,NANTES,VC 0,68605,0,4,VC,0,2,2,0,0,0,1,,,,1,7,0,0,1,0
1,8,1,1,3,44,FRANCE,PAYS DE LA LOIRE,109,44109,NANTES,VC 0,68614,0,4,VC,0,1,1,0,0,0,1,,,,1,7,0,0,1,0
1,6,6,1,3,44,FRANCE,PAYS DE LA LOIRE,162,44162,SAINT-HERBLAIN,RD 17,68617,0,3,RD,17,1,2,55,737,0,1,,,,1,10,0,0,1,0
1,8,1,1,3,44,FRANCE,PAYS DE LA LOIRE,109,44109,NANTES,VC 0,68623,0,4,VC,0,2,2,0,0,3,1,,,,1,10,0,0,1,0
1,8,1,1,6,44,FRANCE,PAYS DE LA LOIRE,109,44109,NANTES,VC 0,68631,0,4,VC,0,2,2,0,0,0,1,,,,1,2,0,0,1,0
4,1,1,1,3,44,FRANCE,PAYS DE LA LOIRE,184,44184,SAINT-NAZAIRE,VC 0,68643,0,4,VC,0,2,2,0,0,0,1,,,,1,7,0,0,1,0
1,8,2,9,3,44,FRANCE,PAYS DE LA LOIRE,109,44109,NANTES,VC 0,68653,0,4,VC,0,0,0,0,0,0,1,,,,1,7,0,0,1,0
1,6,1,1,6,44,FRANCE,PAYS DE LA LOIRE,190,44190,SAINT-SEBASTIEN-SUR-LOIRE,VC 0,68661,0,4,VC,0,2,2,0,0,1,1,,,,1,7,0,0,1,0
4,5,1,1,6,44,FRANCE,PAYS DE LA LOIRE,135,44135,POULIGUEN (LE),VC 0,68684,0,4,VC,0,0,2,0,0,0,1,,,,1,,0,0,1,0
1,5,6,1,3,44,FRANCE,PAYS DE LA LOIRE,132,44132,PORNICHET,VC 0,68688,5,4,VC,0,0,2,0,0,0,1,,,,1,7,0,0,1,0
1,5,6,1,3,44,FRANCE,PAYS DE LA LOIRE,135,44135,POULIGUEN (LE),VC 0,68696,5,4,VC,0,2,2,0,0,0,1,,,,1,7,0,0,1,0
2,8,3,1,3,44,FRANCE,PAYS DE LA LOIRE,109,44109,NANTES,VC 0,68702,0,4,VC,0,2,2,0,0,0,1,,,,1,7,0,0,1,0
1,8,1,1,6,44,FRANCE,PAYS DE LA LOIRE,109,44109,NANTES,VC 0,68715,0,4,VC,0,2,2,0,0,1,1,,,,1,7,0,0,1,0
5,6,1,1,6,44,FRANCE,PAYS DE LA LOIRE,143,44143,REZE,VC 0,68717,0,4,VC,0,2,2,0,0,0,1,,,,1,7,0,0,1,0
1,6,1,1,6,44,FRANCE,PAYS DE LA LOIRE,143,44143,REZE,Hors_reseau 0,68719,0,5,Hors_reseau,0,0,0,0,1,0,0,,,,1,,0,0,0,1
1,8,6,1,3,44,FRANCE,PAYS DE LA LOIRE,109,44109,NANTES,VC 0,68723,0,4,VC,0,2,2,0,0,0,1,,,,1,7,0,0,1,0
1,1,1,1,3,44,FRANCE,PAYS DE LA LOIRE,109,44109,NANTES,VC 0,68728,0,4,VC,0,2,0,0,0,3,1,,,,1,2,0,0,1,0
2,8,1,1,2,44,FRANCE,PAYS DE LA LOIRE,109,44109,NANTES,VC 0,68729,4,4,VC,0,3,2,0,0,1,1,,,,1,7,0,0,1,0
1,8,1,1,3,44,FRANCE,PAYS DE LA LOIRE,109,44109,NANTES,VC 0,68732,0,4,VC,0,2,2,0,0,0,1,,,,1,37,0,0,1,0
5,8,2,1,1,44,FRANCE,PAYS DE LA LOIRE,109,44109,NANTES,VC 0,68750,5,4,VC,0,2,2,0,0,0,1,,,,1,7,0,0,1,0
1,6,2,2,6,44,FRANCE,PAYS DE LA LOIRE,143,44143,REZE,VC 0,68751,5,4,VC,0,2,2,0,0,2,1,,,,1,7,0,0,1,0
1,7,4,2,3,44,FRANCE,PAYS DE LA LOIRE,184,44184,SAINT-NAZAIRE,VC 0,68754,0,4,VC,0,3,1,0,0,2,1,,,,1,7,0,0,1,0
1,7,4,1,3,44,FRANCE,PAYS DE LA LOIRE,184,44184,SAINT-NAZAIRE,VC 0,68758,0,4,VC,0,2,2,0,0,0,1,,,,1,7,0,0,1,0
1,7,6,1,3,44,FRANCE,PAYS DE LA LOIRE,184,44184,SAINT-NAZAIRE,VC 0,68759,0,4,VC,0,2,2,0,0,0,1,,,,1,7,0,0,1,0
1,8,2,1,3,44,FRANCE,PAYS DE LA LOIRE,109,44109,NANTES,RUE LEON SAY,68761,0,4,VC,0,1,2,,,2,1,,,,1,7,0,0,1,0
1,7,2,1,3,44,FRANCE,PAYS DE LA LOIRE,184,44184,SAINT-NAZAIRE,BOULEVARD JEAN MERMOZ,68777,0,4,VC,0,2,2,,,0,1,,,,1,7,0,0,1,0
1,6,6,1,3,44,FRANCE,PAYS DE LA LOIRE,190,44190,SAINT-SEBASTIEN-SUR-LOIRE,RUE DE LA CROIX BINE,68778,5,4,VC,0,1,1,0,1,0,1,,,,1,7,0,0,1,0
1,8,6,1,3,44,FRANCE,PAYS DE LA LOIRE,109,44109,NANTES,ROND-POINT DE LA NOE,68786,4,4,VC,0,1,1,,,3,1,,,,1,7,0,0,1,0
4,8,3,1,3,44,FRANCE,PAYS DE LA LOIRE,109,44109,NANTES,RUE DU CORPS DE GARDE,68795,0,4,VC,0,2,2,,,2,1,,,,1,7,0,0,1,0
1,5,6,1,3,44,FRANCE,PAYS DE LA LOIRE,132,44132,PORNICHET,AVENUE DES BECQUEREL,68842,0,4,VC,0,0,2,,,0,1,,,,1,10,0,0,1,0
5,8,6,1,3,44,FRANCE,PAYS DE LA LOIRE,109,44109,NANTES,ROND-POINT DES COMBATTANTS D'INDOCHINE,68844,0,4,VC,0,1,1,,,0,1,,,,1,7,0,0,1,0
1,6,6,1,3,44,FRANCE,PAYS DE LA LOIRE,162,44162,SAINT-HERBLAIN,AVENUE DES THEBAUDIERES,68849,0,4,VC,0,1,0,,,2,1,,,,1,7,0,0,1,0
1,7,3,1,3,44,FRANCE,PAYS DE LA LOIRE,184,44184,SAINT-NAZAIRE,BOULEVARD JEAN MERMOZ,68859,0,4,VC,0,2,2,,,2,1,,,,1,7,0,0,1,0
3,5,1,1,7,44,FRANCE,PAYS DE LA LOIRE,055,44055,BAULE-ESCOUBLAC (LA),CHEMIN DE MESORE,68865,0,4,VC,0,2,2,,,0,1,,,,1,,0,0,0,1
2,6,1,9,6,44,FRANCE,PAYS DE LA LOIRE,162,44162,SAINT-HERBLAIN,BOULEVARD DE LA BAULE,68868,0,4,VC,0,0,1,,,1,5,,,,1,7,0,0,1,0
1,7,1,1,3,44,FRANCE,PAYS DE LA LOIRE,184,44184,SAINT-NAZAIRE,RUE DU COMMANDANT GATE,68893,0,4,VC,0,2,2,,,0,1,,,,1,7,0,0,1,0
1,8,1,1,6,44,FRANCE,PAYS DE LA LOIRE,109,44109,NANTES,RUE DE BEL AIR,68903,0,4,VC,0,1,1,,,2,1,,,,1,7,0,0,1,0
1,3,1,1,2,44,FRANCE,PAYS DE LA LOIRE,125,44125,PIRIAC-SUR-MER,RD 452,68911,5,3,RD,452,2,0,0,0,0,1,4739100,-252600,,1,7,0,0,1,0
1,7,1,1,6,44,FRANCE,PAYS DE LA LOIRE,184,44184,SAINT-NAZAIRE,ROUTE DES FRECHETS,68925,0,4,VC,0,2,2,,,0,4,,,,1,,0,0,0,1
1,8,1,1,3,44,FRANCE,PAYS DE LA LOIRE,109,44109,NANTES,RUE PAUL BELLAMY,68928,5,4,VC,0,2,2,1,0,0,1,,,,1,7,0,0,1,0
1,5,1,1,6,44,FRANCE,PAYS DE LA LOIRE,055,44055,BAULE-ESCOUBLAC (LA),ESPLANADE FRANCOIS ANDRE,68941,0,4,VC,0,3,2,,,2,5,,,,1,,0,0,1,0
1,6,1,1,1,44,FRANCE,PAYS DE LA LOIRE,114,44114,ORVAULT,ROUTE DE VANNES,68945,0,4,VC,0,2,4,,,0,1,,,,1,10,0,0,1,0
1,6,1,1,6,44,FRANCE,PAYS DE LA LOIRE,162,44162,SAINT-HERBLAIN,AVENUE DE LA JONCQUIERE,68957,0,6,Parking,0,0,0,,,0,1,,,,1,7,0,0,1,0
1,8,6,1,3,44,FRANCE,PAYS DE LA LOIRE,109,44109,NANTES,RUE JEANNE D'ARC,68958,0,4,VC,0,2,2,,,0,1,,,,1,7,0,0,1,0
1,5,3,1,3,44,FRANCE,PAYS DE LA LOIRE,055,44055,BAULE-ESCOUBLAC (LA),AVENUE OLIVIER GUICHARD,68979,0,4,VC,0,1,1,,,0,5,,,,1,7,0,0,1,0
1,5,1,1,3,44,FRANCE,PAYS DE LA LOIRE,055,44055,BAULE-ESCOUBLAC (LA),ESPLANADE FRANCOIS ANDRE,68987,0,4,VC,0,3,0,,,1,5,,,,1,7,0,0,1,0
1,6,6,7,3,44,FRANCE,PAYS DE LA LOIRE,190,44190,SAINT-SEBASTIEN-SUR-LOIRE,RUE DE LA COMMUNE DE 1871,68991,5,4,VC,0,2,1,0,1,1,1,,,,1,7,0,0,1,0
1,5,1,1,2,44,FRANCE,PAYS DE LA LOIRE,055,44055,BAULE-ESCOUBLAC (LA),BOULEVARD DE L'OCEAN,68996,0,4,VC,0,3,2,,,2,1,,,,1,7,0,0,1,0
5,8,1,1,3,44,FRANCE,PAYS DE LA LOIRE,109,44109,NANTES,BOULEVARD JOLIOT CURIE,68998,0,4,VC,0,2,2,,,1,5,,,,1,7,0,0,1,0
1,8,2,1,6,44,FRANCE,PAYS DE LA LOIRE,109,44109,NANTES,BOULEVARD DES BELGES,68999,0,4,VC,0,2,2,1,0,0,1,,,,1,7,0,0,1,0
1,7,6,1,3,44,FRANCE,PAYS DE LA LOIRE,184,44184,SAINT-NAZAIRE,BOULEVARD DE SARRELOUIS,69001,0,4,VC,0,3,2,,,1,5,,,,1,10,0,0,1,0
1,6,1,1,7,44,FRANCE,PAYS DE LA LOIRE,143,44143,REZE,RUE JEAN JAURES,69012,0,4,VC,0,2,2,,,0,1,,,,1,7,0,0,1,0