lum,agg,int,atm,col,dep_bis,pays,region,com_bis,com_codeINSEE,communes,N_voie,numac,infra,catr,type_route,voie,circ,nbv,pr,pr1,vosp,situ,lat,long,adr,accident_velo,vehicule_imp,cycl_mort,cycl_bgv,cycl_blg,cycl_indm
1,7,6,1,3,44,FRANCE,PAYS DE LA LOIRE,184,44184,SAINT-NAZAIRE,CHEMIN DE BRANCIEUX,69022,0,4,VC,0,1,1,,,1,1,,,,1,7,0,0,1,0
1,7,6,7,2,44,FRANCE,PAYS DE LA LOIRE,184,44184,SAINT-NAZAIRE,AVENUE DU COMMANDANT COUSTEAU,69024,0,4,VC,0,1,1,,,0,1,,,,1,7,0,0,1,0
1,8,1,1,3,44,FRANCE,PAYS DE LA LOIRE,109,44109,NANTES,BOULEVARD GUY MOLLET,69026,0,4,VC,0,3,0,1,0,0,4,,,,1,7,0,0,1,0
1,5,1,1,2,44,FRANCE,PAYS DE LA LOIRE,132,44132,PORNICHET,AVENUE DE SAINT SEBASTIEN,69031,0,4,VC,0,2,2,,,0,1,,,,1,7,0,0,1,0
1,6,1,1,2,44,FRANCE,PAYS DE LA LOIRE,190,44190,SAINT-SEBASTIEN-SUR-LOIRE,RUE DES CEVENNES,69033,0,4,VC,0,2,2,,,0,1,,,,1,7,0,0,1,0
1,7,1,8,3,44,FRANCE,PAYS DE LA LOIRE,184,44184,SAINT-NAZAIRE,RUE JEAN GUTENBERG,69036,0,6,Parking,0,2,2,,,0,1,,,,1,7,0,0,1,0
1,7,1,1,6,44,FRANCE,PAYS DE LA LOIRE,184,44184,SAINT-NAZAIRE,BOULEVARD DU PRESIDENT WILSON,69046,0,4,VC,0,1,2,,,0,1,,,,1,,,,,
1,8,1,1,6,44,FRANCE,PAYS DE LA LOIRE,109,44109,NANTES,BOULEVARD ERNEST DALBY,69048,0,4,VC,0,2,2,,,0,0,,,,1,7,0,0,1,0
2,7,1,1,3,44,FRANCE,PAYS DE LA LOIRE,184,44184,SAINT-NAZAIRE,RUE JEAN GUTENBERG,69052,0,4,VC,0,2,2,,,0,1,,,,1,7,0,0,1,0
1,8,1,1,7,44,FRANCE,PAYS DE LA LOIRE,109,44109,NANTES,RUE LOUIS MARIN,69058,0,4,VC,0,2,2,,,0,1,,,,1,7,0,0,1,0
1,8,2,1,3,44,FRANCE,PAYS DE LA LOIRE,109,44109,NANTES,RUE D'ALLONVILLE,69059,0,4,VC,0,2,2,,,0,1,,,,1,7,0,0,1,0
1,6,1,1,3,44,FRANCE,PAYS DE LA LOIRE,162,44162,SAINT-HERBLAIN,BOULEVARD DU MASSACRE,69065,0,4,VC,0,2,2,,,2,1,,,,1,7,0,0,1,1
1,6,1,9,6,44,FRANCE,PAYS DE LA LOIRE,114,44114,ORVAULT,AVENUE FELIX VINCENT,69066,0,4,VC,0,2,2,,,0,1,,,,1,7,0,0,1,0
5,7,1,1,3,44,FRANCE,PAYS DE LA LOIRE,184,44184,SAINT-NAZAIRE,AVENUE PIERRE DE COUBERTIN,69074,0,4,VC,0,2,2,,,0,1,,,,1,7,0,0,1,0
1,7,1,1,3,44,FRANCE,PAYS DE LA LOIRE,184,44184,SAINT-NAZAIRE,RUE WOLFGANG AMADEUS MOZART,69101,0,4,VC,0,2,2,,,0,1,,,,1,7,0,0,1,0
1,6,1,1,3,44,FRANCE,PAYS DE LA LOIRE,114,44114,ORVAULT,RUE DU TAILLIS,69111,0,4,VC,0,2,2,,,0,1,,,,1,7,0,0,1,0
1,7,3,2,3,44,FRANCE,PAYS DE LA LOIRE,184,44184,SAINT-NAZAIRE,ROUTE DE COSTEBELLE,69129,0,4,VC,0,2,2,,,0,1,,,,1,7,0,0,1,0
1,6,1,1,3,44,FRANCE,PAYS DE LA LOIRE,162,44162,SAINT-HERBLAIN,AVENUE DE L'ANGEVINIERE,69133,0,4,VC,0,1,1,,,0,1,,,,1,7,0,0,1,0
1,5,6,1,3,44,FRANCE,PAYS DE LA LOIRE,055,44055,BAULE-ESCOUBLAC (LA),AVENUE DES FLORALIES,69137,0,4,VC,0,2,1,,,0,1,,,,1,7,0,0,1,0
1,5,1,6,1,44,FRANCE,PAYS DE LA LOIRE,131,44131,PORNIC,VC 0,69150,0,4,VC,0,1,1,0,0,1,1,0,0,,1,7,0,0,1,0
1,5,3,2,3,44,FRANCE,PAYS DE LA LOIRE,055,44055,BAULE-ESCOUBLAC (LA),BOULEVARD HENNECART,69161,0,4,VC,,1,2,,,1,5,,,,1,7,0,0,1,0
1,5,2,1,3,44,FRANCE,PAYS DE LA LOIRE,132,44132,PORNICHET,AVENUE DE LA VILLES BABIN,69165,0,4,VC,,2,2,,,0,1,,,,1,7,0,0,1,0
1,5,1,1,3,44,FRANCE,PAYS DE LA LOIRE,055,44055,BAULE-ESCOUBLAC (LA),AVENUE DE DIANE,69167,0,4,VC,,1,1,,,0,1,,,,1,7,0,0,1,0
1,5,1,1,3,44,FRANCE,PAYS DE LA LOIRE,132,44132,PORNICHET,PLACE DU MARCHE,69172,0,6,Parking,,0,0,,,0,0,,,,1,7,0,0,1,0
1,5,1,1,3,44,FRANCE,PAYS DE LA LOIRE,055,44055,BAULE-ESCOUBLAC (LA),AVENUE DU GENERAL DE GAULLE,69175,0,4,VC,0,1,1,,,0,1,,,,1,7,0,0,1,0
1,5,2,1,3,44,FRANCE,PAYS DE LA LOIRE,135,44135,POULIGUEN (LE),BOULEVARD DU LABEGO,69178,0,4,VC,,1,1,,,0,1,,,,1,7,0,0,1,0
1,5,9,1,2,44,FRANCE,PAYS DE LA LOIRE,135,44135,POULIGUEN (LE),BOULEVARD DE KISSLEGG,69179,0,4,VC,,3,2,,,0,1,,,,1,7,0,0,1,0
1,5,9,1,3,44,FRANCE,PAYS DE LA LOIRE,135,44135,POULIGUEN (LE),QUAI JULES SANDEAU,69181,0,9,Autre,,3,2,,,0,1,,,,1,7,0,0,1,0
1,5,6,1,3,44,FRANCE,PAYS DE LA LOIRE,132,44132,PORNICHET,BOULEVARD DE LA REPUBLIQUE,69186,5,4,VC,,3,1,,,2,1,,,,1,7,0,0,1,0
1,5,6,2,3,44,FRANCE,PAYS DE LA LOIRE,055,44055,BAULE-ESCOUBLAC (LA),AVENUE DE L'ETOILE,69190,0,4,VC,,2,2,,,0,1,,,,1,7,0,0,1,0
1,5,1,1,2,44,FRANCE,PAYS DE LA LOIRE,055,44055,BAULE-ESCOUBLAC (LA),AVENUE DU GENERAL DE GAULLE,69196,0,4,VC,,1,1,,,0,1,,,,1,7,0,0,1,0
2,6,6,1,3,44,FRANCE,PAYS DE LA LOIRE,143,44143,REZE,RUE EMILE BLANDIN,69215,5,4,VC,,2,2,,,2,1,,,,1,7,0,0,1,0
1,8,3,1,6,44,FRANCE,PAYS DE LA LOIRE,109,44109,NANTES,ROUTE DE SAINT JOSEPH,69220,0,4,VC,,2,2,,,0,1,,,,1,7,0,0,1,0
1,6,1,1,6,44,FRANCE,PAYS DE LA LOIRE,114,44114,ORVAULT,PLACE DE LA FRATERNITE,69225,0,4,VC,,2,1,,,0,1,,,,1,7,0,0,1,0
1,8,9,1,3,44,FRANCE,PAYS DE LA LOIRE,109,44109,NANTES,RUE DU GANGE,69226,0,4,VC,,0,1,,,1,1,,,,1,33,0,0,1,0
5,8,6,1,3,44,FRANCE,PAYS DE LA LOIRE,109,44109,NANTES,RUE CHEVREUL,69235,0,4,VC,,2,2,,,0,1,,,,1,7,0,0,1,0
1,8,1,1,3,44,FRANCE,PAYS DE LA LOIRE,109,44109,NANTES,BOULEVARD MARTYRS DE LA RESISTANCE,69246,0,4,VC,,2,0,,,1,5,,,,1,99,0,0,1,0
1,6,2,1,6,44,FRANCE,PAYS DE LA LOIRE,143,44143,REZE,RUE MAURICE JOUAUD,69260,0,4,VC,,2,2,,,0,1,,,,1,10,0,0,1,0
1,8,1,1,3,44,FRANCE,PAYS DE LA LOIRE,109,44109,NANTES,QUAI DE MALAKOFF,69261,0,4,VC,,2,2,,,2,0,,,,1,7,0,0,1,0
5,1,3,1,6,44,FRANCE,PAYS DE LA LOIRE,143,44143,REZE,RUE DE LA BLORDIERE,69263,5,4,VC,,2,2,,,1,1,,,,1,7,0,0,1,0
1,8,1,1,2,44,FRANCE,PAYS DE LA LOIRE,109,44109,NANTES,BOULEVARD MICHELET,69274,4,4,VC,,3,2,,,3,1,,,,1,7,0,0,1,0
1,8,7,2,3,44,FRANCE,PAYS DE LA LOIRE,109,44109,NANTES,PLACE CANCLAUX,69275,0,4,VC,0,1,1,,,0,1,,,,1,7,0,0,1,0
1,8,6,1,3,44,FRANCE,PAYS DE LA LOIRE,109,44109,NANTES,PLACE VICTOR MANGIN,69278,0,4,VC,,1,0,,,2,1,,,,1,7,0,0,1,0
1,8,6,1,6,44,FRANCE,PAYS DE LA LOIRE,109,44109,NANTES,ALLEE  BACO,69279,0,4,VC,,0,0,,,0,0,,,,1,7,0,0,1,0
1,8,1,3,3,44,FRANCE,PAYS DE LA LOIRE,109,44109,NANTES,ROUTE DE LA CHAPELLE SUR ERDRE,69287,0,4,VC,,2,1,,,0,1,,,,1,7,0,0,1,0
1,6,1,1,6,44,FRANCE,PAYS DE LA LOIRE,143,44143,REZE,AVENUE DE LA LIBERATION ,69289,0,4,VC,,0,2,,,1,1,,,,1,7,0,0,1,0
1,6,2,1,3,44,FRANCE,PAYS DE LA LOIRE,143,44143,REZE,RUE FELIX EBOUE,69295,5,4,VC,,2,2,,,0,0,,,,1,7,0,0,1,0
1,8,1,1,3,44,FRANCE,PAYS DE LA LOIRE,109,44109,NANTES,RUE LOUIS MARIN,69306,0,4,VC,,2,2,,,0,1,,,,1,13,0,0,1,0
1,8,1,1,3,44,FRANCE,PAYS DE LA LOIRE,109,44109,NANTES,RUE JOSEPH DOURY,69314,0,4,VC,0,2,2,,,2,5,,,,1,7,0,0,1,0
1,8,3,1,3,44,FRANCE,PAYS DE LA LOIRE,109,44109,NANTES,RUE DE FELTRE,69315,4,4,VC,,2,2,,,3,1,,,,1,40,0,0,1,0
1,8,1,1,3,44,FRANCE,PAYS DE LA LOIRE,109,44109,NANTES,ROUTE DE SAINTE LUCE,69322,0,4,VC,,2,2,,,2,1,,,,1,7,0,0,1,0
1,6,1,1,6,44,FRANCE,PAYS DE LA LOIRE,143,44143,REZE,RUE ARISTIDE BRIAND,69328,0,4,VC,,2,2,,,0,1,,,,1,7,0,0,1,0
1,6,1,1,6,44,FRANCE,PAYS DE LA LOIRE,162,44162,SAINT-HERBLAIN,RUE DE LA GARE ,69342,0,4,VC,,1,1,,,0,1,,,,1,7,0,0,1,0
5,8,5,1,6,44,FRANCE,PAYS DE LA LOIRE,109,44109,NANTES,RUE FERNAND PINEAU CHAILLOU,69349,5,4,VC,,2,2,,,0,1,,,,1,7,0,0,1,0
1,6,1,1,6,44,FRANCE,PAYS DE LA LOIRE,190,44190,SAINT-SEBASTIEN-SUR-LOIRE,RUE DE LA LIBERATION,69351,0,4,VC,,2,2,,,0,1,,,,1,7,0,0,1,0
1,8,6,1,6,44,FRANCE,PAYS DE LA LOIRE,109,44109,NANTES,BOULEVARD DU TERTRE,69357,0,4,VC,0,2,2,,,0,1,,,,1,7,0,0,1,0
5,8,1,1,2,44,FRANCE,PAYS DE LA LOIRE,109,44109,NANTES,CHAUSSEE DE LA MADELEINE,69362,0,4,VC,0,2,2,,,0,1,,,,1,7,0,0,1,0
5,8,1,1,1,44,FRANCE,PAYS DE LA LOIRE,109,44109,NANTES,RUE DESAIX,69364,0,4,VC,0,2,2,,,2,1,,,,1,30,0,0,1,0
5,8,3,2,3,44,FRANCE,PAYS DE LA LOIRE,109,44109,NANTES,RUE DE L'ABBAYE,69366,0,4,VC,0,2,2,1,0,0,2,,,,1,7,0,0,1,0
1,6,1,1,3,44,FRANCE,PAYS DE LA LOIRE,162,44162,SAINT-HERBLAIN,AVENUE DE L'ANGEVINIERE,69374,0,4,VC,0,1,1,,,0,1,,,,1,7,0,0,1,0
1,7,2,1,3,44,FRANCE,PAYS DE LA LOIRE,184,44184,SAINT-NAZAIRE,ALLEE DES PERVENCHES,69379,0,4,VC,,2,2,,,0,1,,,,1,7,0,0,1,0
1,7,1,1,6,44,FRANCE,PAYS DE LA LOIRE,184,44184,SAINT-NAZAIRE,RUE AUGUSTE BAPTISTE LECHAT,69383,0,4,VC,,2,2,,,0,1,,,,1,,0,0,0,1
1,7,1,1,3,44,FRANCE,PAYS DE LA LOIRE,184,44184,SAINT-NAZAIRE,RUE DES FRERES PEREIRE,69387,0,4,VC,0,2,2,,,0,1,,,,1,7,0,0,1,1
1,7,2,1,3,44,FRANCE,PAYS DE LA LOIRE,184,44184,SAINT-NAZAIRE,RUE HENRI SELLIER,69394,0,4,VC,,3,2,,,0,1,,,,1,7,0,0,1,0
1,7,1,1,2,44,FRANCE,PAYS DE LA LOIRE,184,44184,SAINT-NAZAIRE,ROUTE DU CHATEAU DE BEAUREGARD,69411,0,4,VC,,2,2,,,0,1,,,,1,7,0,0,1,0
1,7,3,1,3,44,FRANCE,PAYS DE LA LOIRE,184,44184,SAINT-NAZAIRE,ALLEE DU MUGUET,69418,0,4,VC,,2,2,,,0,1,,,,1,7,0,0,1,0
1,7,1,1,6,44,FRANCE,PAYS DE LA LOIRE,184,44184,SAINT-NAZAIRE,BOULEVARD DU DOCTEUR RE LAENNEC,69423,0,4,VC,,2,2,,,0,1,,,,1,7,0,0,1,0
1,7,3,1,3,44,FRANCE,PAYS DE LA LOIRE,184,44184,SAINT-NAZAIRE,RUE LOUIS JOSEPH GAY-LUSSAC,69428,0,4,VC,,2,2,,,0,1,,,,1,7,0,0,1,0
1,7,1,1,3,44,FRANCE,PAYS DE LA LOIRE,184,44184,SAINT-NAZAIRE,BOULEVARD DE UNIVERSITE,69436,0,4,VC,0,2,2,,,0,1,,,,1,7,0,0,1,0
5,7,3,3,3,44,FRANCE,PAYS DE LA LOIRE,184,44184,SAINT-NAZAIRE,AVENUE HECTOR BERLIOZ,69444,0,4,VC,0,2,2,,,0,1,,,,1,7,0,0,1,0
5,6,2,2,3,45,FRANCE,CENTRE,147,45147,FLEURY-LES-AUBRAIS,RUE MARX DORMOY,69454,0,4,VC,0,2,2,,,0,1,,,,1,7,0,0,1,0
1,8,1,1,1,45,FRANCE,CENTRE,234,45234,ORLEANS,BOULEVARD SAINT EUVERTE,69466,0,4,VC,0,3,2,,,1,5,,,,1,2,0,0,1,0
1,8,2,8,6,45,FRANCE,CENTRE,234,45234,ORLEANS,RUE BANNIER,69476,0,4,VC,0,1,2,,,0,1,,,,1,,0,0,0,1
1,6,3,1,1,45,FRANCE,CENTRE,147,45147,FLEURY-LES-AUBRAIS,RUE PIERRE SEMARD,69480,1,4,VC,0,2,1,,,1,1,,,,1,7,0,0,1,0
1,5,1,1,6,45,FRANCE,CENTRE,232,45232,OLIVET,RUE DE LA VALLEE ,69487,0,4,VC,0,2,2,,,0,1,,,,1,7,0,0,1,0
1,3,1,1,3,45,FRANCE,CENTRE,009,45009,ASCHERES-LE-MARCHE,VC 0,69505,0,4,VC,0,2,0,0,0,0,1,0,0,,1,7,0,0,1,0
1,8,1,1,3,45,FRANCE,CENTRE,234,45234,ORLEANS,RUE DU FAUBOURG BANNIER,69522,0,4,VC,0,2,2,,,0,1,,,,1,30,0,0,1,0
1,8,1,1,2,45,FRANCE,CENTRE,234,45234,ORLEANS,BOULEVARD ALEXANDRE MARTIN,69532,0,4,VC,0,3,4,,,0,1,,,,1,7,0,0,1,0
1,4,2,1,3,45,FRANCE,CENTRE,308,45308,SEMOY,AVENUE LOUIS GALLOUEDEC,69545,5,4,VC,0,2,2,,,0,1,,,,1,33,0,0,1,0
1,8,9,1,3,45,FRANCE,CENTRE,234,45234,ORLEANS,RUE DU FAUBOURG SAINT VINCENT,69560,0,4,VC,0,2,2,,,0,1,,,,1,7,0,0,1,0
1,8,1,1,6,45,FRANCE,CENTRE,234,45234,ORLEANS,RUE DE LA REPUBLIQUE ,69563,6,4,VC,0,4,2,,,3,1,,,,1,,0,0,0,1
1,5,9,1,2,45,FRANCE,CENTRE,284,45284,SAINT-JEAN-DE-BRAYE,BOULEVARD JEAN ROSTAND,69565,0,4,VC,0,2,2,,,0,1,,,,1,7,0,0,1,0
1,8,1,1,2,45,FRANCE,CENTRE,234,45234,ORLEANS,CHEMIN DU HAUT SENTIER,69566,0,4,VC,0,2,2,,,0,1,,,,1,7,0,0,1,0
1,5,3,1,3,45,FRANCE,CENTRE,284,45284,SAINT-JEAN-DE-BRAYE,AVENUE LOUIS JOSEPH SOULAS,69567,0,4,VC,0,2,2,,,0,1,,,,1,10,0,0,1,0
1,8,2,1,3,45,FRANCE,CENTRE,234,45234,ORLEANS,BOULEVARD DE QUEBEC,69569,5,4,VC,0,2,2,,,0,1,,,,1,7,0,0,1,0
1,8,3,1,3,45,FRANCE,CENTRE,234,45234,ORLEANS,RUE CROIX DE LA PUCELLE,69571,5,4,VC,0,1,2,,,0,1,,,,1,10,0,0,1,0
1,8,3,1,3,45,FRANCE,CENTRE,234,45234,ORLEANS,RUE DE LA MOUILLERE,69572,0,4,VC,0,3,2,,,3,4,,,,1,7,0,0,1,0
1,8,1,1,2,45,FRANCE,CENTRE,234,45234,ORLEANS,RUE SAINT MARCEAU,69574,0,4,VC,0,2,2,,,0,1,,,,1,40,0,0,1,0
3,5,1,1,3,45,FRANCE,CENTRE,284,45284,SAINT-JEAN-DE-BRAYE,RUE JEAN RACINE,69579,0,4,VC,0,2,2,,,0,1,,,,1,7,0,0,1,0
1,5,9,1,3,45,FRANCE,CENTRE,302,45302,SARAN,RUE DES BARBINS,69590,0,4,VC,0,2,2,,,0,1,,,,1,7,0,0,1,0
1,8,3,2,3,45,FRANCE,CENTRE,234,45234,ORLEANS,RUE DE LA MOUILLERE,69622,0,4,VC,0,4,2,,,0,1,,,,1,7,0,0,1,0
1,8,1,1,6,45,FRANCE,CENTRE,234,45234,ORLEANS,RUE PARISIE,69630,0,4,VC,0,2,1,,,0,4,,,,1,,0,0,0,1
1,5,2,2,3,45,FRANCE,CENTRE,302,45302,SARAN,RUE DES SABLONNIERES,69632,0,4,VC,0,2,2,,,0,1,,,,1,3,0,0,1,0
1,8,1,1,2,45,FRANCE,CENTRE,234,45234,ORLEANS,AVENUE DAUPHINE,69642,0,4,VC,0,2,2,,,0,1,,,,1,7,0,0,1,0
1,5,1,1,2,45,FRANCE,CENTRE,284,45284,SAINT-JEAN-DE-BRAYE,RUE BLAISE PASCAL ,69650,0,4,VC,0,2,2,,,0,1,,,,1,14,0,0,1,0
1,5,1,1,3,45,FRANCE,CENTRE,285,45285,SAINT-JEAN-DE-LA-RUELLE,CHEMIN DE CHAINGY,69653,0,4,VC,0,2,2,,,0,1,,,,1,33,0,0,1,0
5,8,2,9,3,45,FRANCE,CENTRE,234,45234,ORLEANS,RUE DU BELNEUF,69654,0,4,VC,0,2,2,,,0,1,,,,1,7,0,0,1,0
1,5,1,1,3,45,FRANCE,CENTRE,285,45285,SAINT-JEAN-DE-LA-RUELLE,RUE PAUL DOUMER,69670,0,4,VC,0,2,2,,,0,0,,,,1,2,0,0,1,0
5,8,1,2,3,45,FRANCE,CENTRE,234,45234,ORLEANS,FAUBOURG SAINT JEAN,69673,0,4,VC,0,2,2,,,0,1,,,,1,7,0,0,1,0
2,8,4,1,3,45,FRANCE,CENTRE,234,45234,ORLEANS,RUE DES MURLINS MURLINS,69674,0,4,VC,0,2,2,,,0,1,,,,1,7,0,0,1,0
1,5,2,3,3,45,FRANCE,CENTRE,286,45286,SAINT-JEAN-LE-BLANC,RUE DE LA COSSONNIERE COSSONNIERE,69676,0,4,VC,0,2,2,,,0,1,,,,1,7,0,0,1,0
1,8,2,1,3,45,FRANCE,CENTRE,234,45234,ORLEANS,AVENUE ROGER SECRETAIN,69681,0,2,RN,0,3,3,,,0,1,,,,1,7,0,0,1,0
1,5,1,1,1,45,FRANCE,CENTRE,232,45232,OLIVET,RUE THEOPHILE JOURDAN,69687,0,4,VC,0,1,1,,,0,1,,,,1,13,0,0,1,0
5,5,2,1,3,45,FRANCE,CENTRE,286,45286,SAINT-JEAN-LE-BLANC,AVENUE GASTON GALLOUX,69689,0,4,VC,0,3,5,,,0,1,,,,1,7,0,0,1,0
2,8,1,1,6,45,FRANCE,CENTRE,234,45234,ORLEANS,RUE DE LA POULE BLANCHE,69725,0,4,VC,0,2,2,,,0,1,,,,1,7,0,0,1,0
1,5,3,1,3,45,FRANCE,CENTRE,169,45169,INGRE,ROUTE D'ORLEANS,69740,0,4,VC,0,2,2,,,2,5,,,,1,7,0,0,1,0
1,8,1,1,3,45,FRANCE,CENTRE,234,45234,ORLEANS,AVENUE DE PARIS,69768,0,4,VC,0,0,2,,,0,1,,,,1,7,0,0,1,0
1,6,1,1,3,45,FRANCE,CENTRE,147,45147,FLEURY-LES-AUBRAIS,RUE DES FOSSES FOSSES,69780,0,4,VC,0,1,2,,,1,5,,,,1,7,0,0,1,0
1,5,3,2,3,45,FRANCE,CENTRE,298,45298,SAINT-PRYVE-SAINT-MESMIN,RUE DE SAINT PRYVE,69797,0,3,RD,0,2,2,,,0,1,,,,1,7,0,0,1,0
1,3,1,1,3,45,FRANCE,CENTRE,029,45029,BEAULIEU-SUR-LOIRE,RD 951,69805,0,3,RD,951,2,2,0,0,0,1,4754700,281800,,1,10,0,0,1,0
1,1,1,1,3,45,FRANCE,CENTRE,274,45274,SAINT-DENIS-EN-VAL,RUE DU CHATEAU,69810,0,4,VC,0,2,2,,,0,1,,,,1,7,0,0,1,0
1,8,2,3,3,45,FRANCE,CENTRE,234,45234,ORLEANS,RUE BASSE D'INGRE,69811,0,4,VC,0,1,1,,,0,1,,,,1,7,0,0,1,0
1,5,2,1,6,45,FRANCE,CENTRE,169,45169,INGRE,RUE GEORGES POMPIDOU,69835,0,4,VC,0,3,5,,,0,1,,,,1,7,0,0,1,0
1,5,1,1,3,45,FRANCE,CENTRE,075,45075,CHAPELLE-SAINT-MESMIN (LA),ROUTE DE BLOIS BLOIS,69838,0,2,RN,0,0,2,,,0,4,,,,1,7,0,0,1,0
1,8,1,1,6,45,FRANCE,CENTRE,234,45234,ORLEANS,PLACE DU CHATELET,69846,0,4,VC,0,1,1,,,3,1,,,,1,,0,0,0,1
1,5,1,1,3,45,FRANCE,CENTRE,232,45232,OLIVET,AVENUE DE VERDUN,69847,0,3,RD,0,2,2,,,1,1,,,,1,7,0,0,1,0
1,8,1,1,2,45,FRANCE,CENTRE,234,45234,ORLEANS,BOULEVARD DE QUEBEC,69853,0,4,VC,0,2,2,,,0,1,4791479,345699,,1,10,0,0,1,0
1,5,1,1,6,45,FRANCE,CENTRE,232,45232,OLIVET,RUE JULES MARIE SIMON,69858,0,4,VC,0,1,2,,,1,1,,,,1,7,0,0,1,0
1,8,1,1,6,45,FRANCE,CENTRE,234,45234,ORLEANS,RUE BANNIER,69862,0,3,RD,0,2,3,,,0,1,,,,1,7,0,0,1,0
2,8,1,3,6,45,FRANCE,CENTRE,234,45234,ORLEANS,BOULEVARD SAINT EUVERTE,69865,0,3,RD,0,2,2,,,1,5,,,,1,2,0,0,1,0
5,6,2,2,6,45,FRANCE,CENTRE,147,45147,FLEURY-LES-AUBRAIS,RUE ROMAIN ROLLAND,69867,0,3,RD,0,2,2,,,0,1,,,,1,7,0,0,1,0
1,6,2,8,3,45,FRANCE,CENTRE,147,45147,FLEURY-LES-AUBRAIS,BOULEVARD DE LAMBALLE LAMBALLE,69888,0,4,VC,0,2,2,,,1,1,,,,1,7,0,0,1,0
1,8,1,2,3,45,FRANCE,CENTRE,234,45234,ORLEANS,RUE BEAUMARCHAIS,69895,0,4,VC,0,2,2,,,0,1,,,,1,7,0,0,1,0
1,8,3,8,3,45,FRANCE,CENTRE,234,45234,ORLEANS,RUE FRANCOIS VILLON,69906,0,4,VC,0,2,2,,,0,0,,,,1,15,0,0,1,0
1,8,2,1,3,45,FRANCE,CENTRE,234,45234,ORLEANS,RUE DU DOCTEUR JEAN FALAISE,69911,0,4,VC,0,2,2,,,0,1,,,,1,7,0,0,1,0
1,8,1,1,5,45,FRANCE,CENTRE,234,45234,ORLEANS,RUE DES MONTEES,69912,0,4,VC,0,2,2,,,0,1,,,,1,7,0,0,1,0
1,6,6,2,6,45,FRANCE,CENTRE,147,45147,FLEURY-LES-AUBRAIS,RUE DU 11 OCTOBRE,69924,5,4,VC,0,1,2,,,2,1,,,,1,7,0,0,1,0
1,8,1,1,6,45,FRANCE,CENTRE,234,45234,ORLEANS,RUE DU FAUBOURG BANNIER,69963,0,4,VC,0,0,0,,,0,1,,,,1,7,0,0,1,0
1,5,3,1,3,45,FRANCE,CENTRE,285,45285,SAINT-JEAN-DE-LA-RUELLE,RUE DE L'AUMONE,69973,0,3,RD,0,2,2,,,0,1,,,,1,7,0,0,1,0
1,5,3,1,3,45,FRANCE,CENTRE,285,45285,SAINT-JEAN-DE-LA-RUELLE,RUE DU 11 OCTOBRE,69974,0,4,VC,0,2,2,,,2,1,,,,1,7,0,0,1,0
1,5,1,1,1,45,FRANCE,CENTRE,053,45053,BRIARE,RD 957,69976,0,3,RD,957,2,0,0,0,0,1,0,0,,1,7,0,0,1,0
1,8,3,1,3,45,FRANCE,CENTRE,234,45234,ORLEANS,RUE CROIX FAUCHET,69982,0,4,VC,0,2,2,,,0,0,,,,1,7,0,0,1,0
1,8,2,1,3,45,FRANCE,CENTRE,234,45234,ORLEANS,RUE BANNIER,69986,0,4,VC,0,1,2,,,0,1,,,,1,7,0,0,1,0
1,5,1,1,1,45,FRANCE,CENTRE,285,45285,SAINT-JEAN-DE-LA-RUELLE,RUE PAUL DOUMER,69994,0,4,VC,0,2,2,,,0,1,,,,1,10,0,0,1,0
1,5,3,1,3,45,FRANCE,CENTRE,284,45284,SAINT-JEAN-DE-BRAYE,RUE DES CEDRES,69997,0,4,VC,0,2,2,,,0,1,,,,1,7,0,0,1,0
1,8,6,1,3,45,FRANCE,CENTRE,234,45234,ORLEANS,AVENUE DE LA RECHERCHE SCIENTIFIQUE,69999,5,4,VC,0,2,2,,,0,1,,,,1,7,0,0,1,0
1,8,2,1,3,45,FRANCE,CENTRE,234,45234,ORLEANS,RUE CLAUDE LEVY LEVY,70000,0,4,VC,0,2,2,,,2,0,,,,1,7,0,0,1,0
1,5,1,1,6,45,FRANCE,CENTRE,302,45302,SARAN,ANCIENNE ROUTE DE CHARTRES,70013,0,4,VC,0,2,2,,,0,1,,,,1,7,0,0,1,0
1,1,1,1,1,45,FRANCE,CENTRE,072,45072,CHANTEAU,RD 101,70017,0,3,RD,101,2,2,7,250,0,1,4797500,196500,,1,10,0,0,1,0
1,5,1,1,6,45,FRANCE,CENTRE,284,45284,SAINT-JEAN-DE-BRAYE,AVENUE DE VERDUN,70021,0,4,VC,0,2,2,,,0,1,,,,1,10,0,0,1,0
1,5,3,1,3,45,FRANCE,CENTRE,232,45232,OLIVET,RUE DES STERNES,70025,0,4,VC,0,2,3,,,2,1,,,,1,7,0,0,1,0
1,5,1,1,6,45,FRANCE,CENTRE,232,45232,OLIVET,RUE MARCEL BELOT,70028,0,4,VC,0,2,2,,,0,1,,,,1,7,0,0,1,0
1,8,1,1,3,45,FRANCE,CENTRE,234,45234,ORLEANS,BOULEVARD DE CHATEAUDUN,70035,0,4,VC,0,2,2,,,1,1,,,,1,7,0,0,1,0
5,8,1,1,2,45,FRANCE,CENTRE,234,45234,ORLEANS,RUE ROYALE ,70046,2,4,VC,0,2,3,,,2,1,,,,1,7,0,0,1,0
1,5,2,1,3,45,FRANCE,CENTRE,274,45274,SAINT-DENIS-EN-VAL,RUE DE SAINT DENIS,70053,0,4,VC,0,2,2,,,0,0,,,,1,7,0,0,1,0
1,8,2,1,3,45,FRANCE,CENTRE,234,45234,ORLEANS,RUE DE MONTARGIS,70081,0,4,VC,0,1,2,,,0,1,,,,1,7,0,0,1,0
1,8,1,1,3,45,FRANCE,CENTRE,234,45234,ORLEANS,QUAI DU ROI,70127,0,2,RN,152,2,2,58,1685,0,1,4789892,192105,,1,7,0,0,1,0
1,5,1,1,3,45,FRANCE,CENTRE,208,45208,MONTARGIS,RUE PAUL DOUMER,70128,0,3,RD,943,2,2,0,595,0,1,4800238,274233,,1,7,0,0,1,0