lum,agg,int,atm,col,dep_bis,pays,region,com_bis,com_codeINSEE,communes,N_voie,numac,infra,catr,type_route,voie,circ,nbv,pr,pr1,vosp,situ,lat,long,adr,accident_velo,vehicule_imp,cycl_mort,cycl_bgv,cycl_blg,cycl_indm
5,8,2,1,3,45,FRANCE,CENTRE,234,45234,ORLEANS,RUE DU FAUBOURG BANNIER,70138,0,3,RD,920,2,2,3,260,0,1,4790885,190093,,1,7,0,0,1,0
1,5,3,1,1,45,FRANCE,CENTRE,169,45169,INGRE,RUE FREDERIC CHOPIN,70140,0,4,VC,,1,1,,,0,1,4792384,183471,,1,7,0,0,1,0
1,5,1,1,3,45,FRANCE,CENTRE,302,45302,SARAN,ANCIENNE ROUTE DE CHARTRES,70152,0,3,RD,702,2,2,0,717,0,1,4793789,189073,,1,7,0,0,1,0
1,8,3,1,3,45,FRANCE,CENTRE,234,45234,ORLEANS,QUAI SAINT LAURENT,70163,0,2,RN,152,2,3,61,20,1,1,4789793,188693,,1,7,0,0,1,0
1,5,3,1,2,45,FRANCE,CENTRE,004,45004,AMILLY,RUE MARECHAL JUIN,70173,0,4,VC,0,2,2,,,0,1,4797553,277407,,1,33,0,0,1,0
1,8,1,1,6,45,FRANCE,CENTRE,234,45234,ORLEANS,RUE ROMAIN ROLLAND,70183,0,4,VC,0,3,2,,,2,1,4783990,192711,,1,,0,0,1,0
1,8,2,1,5,45,FRANCE,CENTRE,234,45234,ORLEANS,RUE DE LIMARE LIMARE,70184,0,4,VC,0,1,1,,,0,1,4790296,189855,,1,7,0,0,0,1
1,8,4,1,3,45,FRANCE,CENTRE,234,45234,ORLEANS,RUE MALAKOFF,70227,0,4,VC,0,1,1,,,0,1,4790681,192911,,1,7,0,0,1,0
1,5,3,2,3,45,FRANCE,CENTRE,284,45284,SAINT-JEAN-DE-BRAYE,RUE DU FAUBOURG DE BOURGOGNE,70251,0,2,RN,152,3,2,58,350,0,1,4790387,193528,,1,7,0,0,1,0
3,5,1,5,3,45,FRANCE,CENTRE,285,45285,SAINT-JEAN-DE-LA-RUELLE,RUE HENRI PAVARD,70292,0,4,VC,60,3,4,103,2130,0,1,4789952,187293,,1,7,0,0,1,0
1,8,1,1,3,45,FRANCE,CENTRE,234,45234,ORLEANS,RUE JEANNE D'ARC,70294,0,4,VC,0,2,2,,,3,1,4790148,190552,,1,7,0,0,1,0
3,1,1,1,2,45,FRANCE,CENTRE,343,45343,VILLEVOQUES,RD 94,70297,0,3,RD,94,2,2,8,700,0,1,0,0,,1,7,0,0,1,0
1,8,1,1,3,45,FRANCE,CENTRE,234,45234,ORLEANS,RUE EDOUARD BRANLY ,70319,0,4,VC,0,2,2,,,0,1,,,,1,7,0,0,1,0
1,5,6,1,3,45,FRANCE,CENTRE,004,45004,AMILLY,AVENUE D'ANTIBES,70331,5,3,RD,2107,2,2,2,264,0,1,4797391,273339,,1,7,0,0,1,0
1,5,1,1,3,45,FRANCE,CENTRE,208,45208,MONTARGIS,RUE DU GRAND CLOS,70334,0,4,VC,0,1,1,,,0,1,4800031,273925,,1,7,0,0,1,0
1,8,1,1,3,45,FRANCE,CENTRE,234,45234,ORLEANS,RUE DE L'ARGONNE,70341,0,4,VC,0,2,2,,,0,1,4791432,192973,,1,10,0,0,1,0
1,8,1,1,3,45,FRANCE,CENTRE,234,45234,ORLEANS,RUE DES MURLINS MURLINS,70357,0,4,VC,0,1,1,,,0,1,4790895,189940,,1,7,0,0,1,0
1,5,6,1,3,45,FRANCE,CENTRE,075,45075,CHAPELLE-SAINT-MESMIN (LA),RUE DE MONTAUT MONTAUT,70359,0,4,VC,0,2,2,,,0,1,4789212,183403,,1,7,0,0,1,0
1,8,2,1,3,45,FRANCE,CENTRE,234,45234,ORLEANS,RUE DE VAUQUOIS,70367,0,4,VC,0,2,2,,,0,1,4790221,188934,,1,7,0,0,1,0
2,8,2,1,3,45,FRANCE,CENTRE,234,45234,ORLEANS,RUE PONSON DU TERRAIL,70379,0,4,VC,0,2,2,,,0,1,4792247,189378,,1,7,0,0,1,0
1,5,2,1,1,45,FRANCE,CENTRE,208,45208,MONTARGIS,RUE GAMBETTA,70399,5,4,VC,0,1,1,,,0,1,4799535,273066,,1,7,0,0,1,0
1,5,1,1,3,45,FRANCE,CENTRE,285,45285,SAINT-JEAN-DE-LA-RUELLE,AVENUE PIERRE MENDES FRANCE,70406,0,3,RD,2552,3,2,0,0,0,1,,,,1,33,0,0,1,0
1,8,2,1,3,45,FRANCE,CENTRE,234,45234,ORLEANS,RUE DES BLOSSIERES,70421,0,4,VC,0,2,2,,,0,1,4792085,189662,,1,7,0,0,1,0
1,8,3,1,3,45,FRANCE,CENTRE,234,45234,ORLEANS,AVENUE DE LA MARNE,70422,0,4,VC,0,2,2,,,0,1,4791603,193097,,1,7,0,0,1,0
5,5,2,1,3,45,FRANCE,CENTRE,338,45338,VILLEMANDEUR,RUE DU COURTIL-CABOT,70425,5,4,VC,0,2,2,0,0,0,1,4798229,270596,,1,7,0,0,1,0
1,3,1,1,3,45,FRANCE,CENTRE,297,45297,SAINT-PERE-SUR-LOIRE,RD 948,70459,0,3,RD,948,2,2,31,700,1,1,0,0,,1,15,0,0,1,0
1,5,6,1,2,45,FRANCE,CENTRE,338,45338,VILLEMANDEUR,RUE DU VIEUX BOURG,70467,0,3,RD,42,2,2,2,360,0,1,4797596,271459,,1,10,0,0,1,0
1,5,3,1,3,45,FRANCE,CENTRE,068,45068,CHALETTE-SUR-LOING,RUE DES ORMES,70480,0,4,VC,0,2,2,,,0,1,4801030,270696,,1,10,0,0,1,0
5,5,1,8,1,45,FRANCE,CENTRE,004,45004,AMILLY,RUE DE SAINT FIRMIN DES VIGNES,70484,2,3,RD,93,2,2,0,580,0,1,4797620,274012,,1,13,0,0,1,0
1,5,1,1,3,45,FRANCE,CENTRE,068,45068,CHALETTE-SUR-LOING,RUE DE NEVERS,70488,0,4,VC,0,2,2,0,0,1,5,4800879,274035,,1,7,0,0,1,0
1,5,3,1,3,45,FRANCE,CENTRE,004,45004,AMILLY,RUE DE LA LIBERATION,70511,0,4,VC,0,2,2,,,0,1,4797703,276917,,1,7,0,0,1,0
1,8,3,1,3,45,FRANCE,CENTRE,234,45234,ORLEANS,RUE PIERRE SEGELLE,70533,0,4,VC,0,1,3,,,0,1,4790414,191410,,1,7,0,0,1,0
1,6,4,1,3,45,FRANCE,CENTRE,147,45147,FLEURY-LES-AUBRAIS,RUE DE CUREMBOURG CUREMBOURG,70537,5,4,VC,0,2,2,,,1,5,4794286,192649,,1,7,0,0,1,0
1,8,2,1,3,45,FRANCE,CENTRE,234,45234,ORLEANS,RUE DES ANGUIGNIS,70538,0,4,VC,0,2,2,,,0,1,4788819,191281,,1,7,0,0,1,0
1,5,1,1,3,45,FRANCE,CENTRE,232,45232,OLIVET,RUE DE LA VALLEE ,70546,0,4,VC,0,2,2,,,0,4,4786208,188548,,1,10,0,0,1,0
1,8,2,1,6,45,FRANCE,CENTRE,234,45234,ORLEANS,RUE CHARLES SANGLIER,70548,0,4,VC,0,2,2,,,0,0,4790218,190469,,1,,0,0,0,1
1,8,3,1,3,45,FRANCE,CENTRE,234,45234,ORLEANS,AVENUE DU PARC DE L'ETUVEE,70549,0,4,VC,0,2,2,,,0,1,4791866,192572,,1,7,0,0,1,0
1,8,2,1,3,45,FRANCE,CENTRE,234,45234,ORLEANS,RUE DU FAUBOURG BANNIER,70567,0,3,RD,920,2,2,3,260,0,1,4790885,190093,,1,7,0,0,1,0
1,5,1,1,3,45,FRANCE,CENTRE,232,45232,OLIVET,RUE BAD OLDESLOE,70569,0,4,VC,0,2,2,,,0,1,4786575,188626,,1,37,0,0,1,0
1,5,2,1,3,45,FRANCE,CENTRE,284,45284,SAINT-JEAN-DE-BRAYE,RUE DU FAUBOURG DE BOURGOGNE,70570,0,3,RD,2152,3,2,57,1850,1,1,4790424,194031,,1,7,0,0,1,0
5,5,3,1,3,45,FRANCE,CENTRE,284,45284,SAINT-JEAN-DE-BRAYE,AVENUE LOUIS JOSEPH SOULAS,70577,0,3,RD,960,2,2,92,950,0,1,4790764,196388,,1,7,0,0,1,0
1,1,1,1,3,46,FRANCE,MIDI-PYRENEES,156,46156,LAROQUE-DES-ARCS,DEPARTEMENTALE 653,70591,0,3,RD,0,2,2,,,0,1,,,,1,7,0,0,1,0
2,6,2,2,3,46,FRANCE,MIDI-PYRENEES,042,46042,CAHORS,DEPARTEMENTALE 911,70592,5,3,RD,0,2,2,41,130,0,1,,,,1,7,0,0,1,0
2,6,1,1,6,46,FRANCE,MIDI-PYRENEES,042,46042,CAHORS,COTE DES ORMEAUX,70610,0,9,Autre,0,2,1,,,2,5,,,,1,30,0,0,0,1
3,1,1,1,2,46,FRANCE,MIDI-PYRENEES,297,46297,SALVIAC,RD 673,70611,0,3,RD,673,2,2,2,100,0,1,4468400,126000,,1,7,0,0,1,0
1,1,1,2,6,46,FRANCE,MIDI-PYRENEES,156,46156,LAROQUE-DES-ARCS,DEPARTEMENTALE 653,70620,0,3,RD,0,2,2,103,380,0,1,,,,1,7,0,0,1,0
1,7,3,1,3,49,FRANCE,PAYS DE LA LOIRE,099,49099,CHOLET,AVENUE LEON GAMBETTA,73913,0,4,VC,0,2,2,,,0,1,4706328,-87384,,1,7,0,0,1,0
1,6,1,1,7,49,FRANCE,PAYS DE LA LOIRE,328,49328,SAUMUR,RUE DES VENDANGES,73939,1,6,Parking,0,0,0,,,0,0,4724704,-6835,,1,,0,0,1,0
1,6,2,1,3,49,FRANCE,PAYS DE LA LOIRE,328,49328,SAUMUR,RUE MARCEAU ,73947,0,4,VC,0,2,2,,,0,1,4725155,-7742,,1,10,0,0,1,0
1,6,2,1,3,49,FRANCE,PAYS DE LA LOIRE,328,49328,SAUMUR,RUE DES CARABINIERS DE MONSIEUR,73950,0,4,VC,0,2,1,,,0,1,4726249,-7987,,1,7,0,0,1,0
1,6,1,1,7,49,FRANCE,PAYS DE LA LOIRE,328,49328,SAUMUR,AVENUE DE LA CROIX DE GUERRE,73953,0,4,VC,0,2,2,,,1,1,4727739,-8215,,1,,0,0,1,0
4,6,1,1,7,49,FRANCE,PAYS DE LA LOIRE,328,49328,SAUMUR,AVENUE GEORGES POMPIDOU,73956,0,4,VC,0,2,2,,,0,1,4726465,-9790,,1,,0,0,1,0
1,6,1,1,7,49,FRANCE,PAYS DE LA LOIRE,328,49328,SAUMUR,RUE CHEVRE,73957,0,4,VC,0,2,1,,,0,1,4724859,-5467,,1,,0,0,1,0
1,6,1,1,7,49,FRANCE,PAYS DE LA LOIRE,328,49328,SAUMUR,RUE FRANKLIN ROOSEVELT,73967,0,4,VC,0,1,1,,,0,1,4725980,-7835,,1,,0,0,1,0
1,6,6,1,2,49,FRANCE,PAYS DE LA LOIRE,328,49328,SAUMUR,PLACE DE LA RESISTANCE  N 147,73968,0,4,VC,0,2,2,,,2,1,4726717,-6988,,1,7,0,0,1,0
1,6,1,1,7,49,FRANCE,PAYS DE LA LOIRE,328,49328,SAUMUR,BOULEVARD DE LA MARNE  D 93,73972,0,4,VC,0,2,2,,,2,1,4724193,-7950,,1,,0,0,1,0
1,6,1,1,7,49,FRANCE,PAYS DE LA LOIRE,328,49328,SAUMUR,RUE DES VENDANGES,73973,0,4,VC,0,1,1,,,0,1,4724765,-6789,,1,,0,0,1,0
1,6,6,1,3,49,FRANCE,PAYS DE LA LOIRE,328,49328,SAUMUR,RUE LAMARTINE,73974,5,4,VC,0,2,2,,,0,1,4725533,-7208,,1,7,0,0,1,0
1,1,1,2,7,49,FRANCE,PAYS DE LA LOIRE,328,49328,SAUMUR,RUE DE LA PETITE FONTAINE,73976,0,4,VC,0,2,2,,,0,1,4727344,-11569,,1,,0,0,1,0
1,6,1,1,7,49,FRANCE,PAYS DE LA LOIRE,328,49328,SAUMUR,PLACE SAINT MICHEL,73979,0,4,VC,0,2,2,,,0,1,4725836,-7159,,1,,0,0,1,0
1,6,1,1,7,49,FRANCE,PAYS DE LA LOIRE,328,49328,SAUMUR,PLACE DE VERDUN ,73981,0,4,VC,0,0,0,,,0,1,4725458,-8078,,1,,0,0,1,0
1,6,6,1,3,49,FRANCE,PAYS DE LA LOIRE,328,49328,SAUMUR,BOULEVARD BENJAMIN DELESSERT,73982,5,4,VC,0,1,2,,,0,1,4725368,-8555,,1,10,0,0,1,0
1,6,3,1,6,49,FRANCE,PAYS DE LA LOIRE,328,49328,SAUMUR,RUE DU DOCTEUR BOUCHARD,73993,0,4,VC,0,1,1,,,0,1,4725525,-8030,,1,7,0,0,1,0
1,6,2,2,7,49,FRANCE,PAYS DE LA LOIRE,328,49328,SAUMUR,RUE DU CLOS COUTARD,73999,0,4,VC,0,2,2,,,0,1,4725253,-7037,,1,,0,0,1,0
1,6,1,1,7,49,FRANCE,PAYS DE LA LOIRE,328,49328,SAUMUR,RUE SAINT LOUIS,74000,0,4,VC,0,2,2,,,0,1,4725601,-8656,,1,,0,0,1,0
1,6,2,1,6,49,FRANCE,PAYS DE LA LOIRE,328,49328,SAUMUR,RUE DE LA MAREMAILETTE,74003,0,4,VC,0,2,1,,,0,1,4725950,-8232,,1,10,0,0,1,0
5,5,1,2,6,50,FRANCE,BASSE-NORMANDIE,602,50602,TOURLAVILLE,RUE DU GENERAL LECLERC,74018,0,3,RD,0,2,2,,,0,1,,,,1,7,0,0,1,0
1,5,1,1,3,50,FRANCE,BASSE-NORMANDIE,602,50602,TOURLAVILLE,BOULEVARD MARITIME,74032,0,4,VC,0,2,4,,,1,1,,,,1,5,0,0,1,0
1,6,1,1,3,50,FRANCE,BASSE-NORMANDIE,129,50129,CHERBOURG-OCTEVILLE,RD 0,74036,0,3,RD,0,3,4,27,660,0,1,,,,1,7,0,0,1,0
1,1,1,1,1,50,FRANCE,BASSE-NORMANDIE,646,50646,VRETOT (LE),RD 66,74068,0,3,RD,66,2,2,8323,200,0,1,0,0,,1,7,0,0,1,0
5,6,1,1,3,50,FRANCE,BASSE-NORMANDIE,129,50129,CHERBOURG-OCTEVILLE,RUE DES TRIBUNAUX,74081,0,4,VC,0,2,2,,,0,1,,,,1,7,0,0,1,0
1,5,1,1,2,50,FRANCE,BASSE-NORMANDIE,602,50602,TOURLAVILLE,RUE DU GENERAL DE GAULLE ,74092,0,4,VC,0,2,2,,,0,1,,,,1,7,0,0,1,0
1,1,1,1,3,50,FRANCE,BASSE-NORMANDIE,129,50129,CHERBOURG-OCTEVILLE,QUAI DE CALIGNY,74093,0,4,VC,0,3,2,,,0,1,,,,1,10,0,0,1,0
1,5,1,1,2,50,FRANCE,BASSE-NORMANDIE,416,50416,QUERQUEVILLE,RUE DU GENERAL LECLERC,74096,0,4,VC,0,2,2,,,0,1,,,,1,7,0,0,1,0
1,6,1,1,7,50,FRANCE,BASSE-NORMANDIE,129,50129,CHERBOURG-OCTEVILLE,RUE ALBERT MAHIEU,74103,0,4,VC,0,2,2,,,0,1,,,,1,,0,0,0,1
5,6,1,1,2,50,FRANCE,BASSE-NORMANDIE,129,50129,CHERBOURG-OCTEVILLE,RUE FRANCOIS LAVIEILLE,74106,0,4,VC,0,2,2,,,0,1,,,,1,7,0,0,1,0
1,6,3,1,7,50,FRANCE,BASSE-NORMANDIE,129,50129,CHERBOURG-OCTEVILLE,RUE GRANDE  RUE,74107,5,4,VC,0,1,1,,,0,1,,,,1,,0,0,0,1
1,6,1,1,2,50,FRANCE,BASSE-NORMANDIE,129,50129,CHERBOURG-OCTEVILLE,RUE DES TANNERIES,74118,0,4,VC,0,3,4,,,0,1,,,,1,2,0,0,0,1
1,4,1,1,1,50,FRANCE,BASSE-NORMANDIE,484,50484,SAINT-HILAIRE-DU-HARCOUET,VC 0,74136,0,4,VC,0,2,0,0,0,0,1,0,0,,1,7,0,0,1,0
1,3,1,7,3,50,FRANCE,BASSE-NORMANDIE,523,50523,SAINTE-MERE-EGLISE,VC 0,74179,0,4,VC,0,0,0,0,0,0,0,4941300,-131700,,1,7,0,0,1,0
1,1,1,1,2,50,FRANCE,BASSE-NORMANDIE,416,50416,QUERQUEVILLE,RUE DU BRETON,74203,0,3,RD,0,3,2,,,2,5,,,,1,15,0,0,1,0
1,6,1,1,7,50,FRANCE,BASSE-NORMANDIE,129,50129,CHERBOURG-OCTEVILLE,ROND-POINT DE THEMIS,74209,0,4,VC,0,1,1,,,0,1,,,,1,7,0,0,1,0
1,1,1,1,6,50,FRANCE,BASSE-NORMANDIE,602,50602,TOURLAVILLE,RUE DU CAPLAIN,74237,0,4,VC,0,2,2,,,0,1,,,,1,,0,0,1,0
1,6,1,1,7,50,FRANCE,BASSE-NORMANDIE,129,50129,CHERBOURG-OCTEVILLE,RUE GAMBETTA,74249,0,4,VC,0,2,2,,,0,1,,,,1,,0,0,0,1
1,6,2,1,3,50,FRANCE,BASSE-NORMANDIE,129,50129,CHERBOURG-OCTEVILLE,RUE DU VAL DE SAIRE,74289,5,3,RD,0,2,2,25,805,0,1,,,,1,7,0,0,1,0
1,6,1,1,2,50,FRANCE,BASSE-NORMANDIE,129,50129,CHERBOURG-OCTEVILLE,RUE DU VAL DE SAIRE,74330,0,3,RD,0,2,2,,,0,1,,,,1,7,0,0,1,0
1,5,1,1,2,50,FRANCE,BASSE-NORMANDIE,602,50602,TOURLAVILLE,RUE DES ARTISANS,74336,0,4,VC,0,2,2,,,0,1,,,,1,7,0,0,1,0
1,6,6,1,6,50,FRANCE,BASSE-NORMANDIE,502,50502,SAINT-LO,PARIS,74340,5,3,RD,0,2,2,28,660,0,0,,,,1,7,0,0,1,0
1,5,3,1,3,50,FRANCE,BASSE-NORMANDIE,602,50602,TOURLAVILLE,RUE JOSEPH LESAGE,74341,5,4,VC,0,2,2,,,1,1,,,,1,7,0,0,1,0
1,5,1,1,3,50,FRANCE,BASSE-NORMANDIE,602,50602,TOURLAVILLE,BOULEVARD DE LA MANCHE,74355,0,4,VC,0,2,2,,,0,1,,,,1,7,0,0,1,0
1,3,1,1,3,50,FRANCE,BASSE-NORMANDIE,647,50647,YQUELON,ROUTE DE VILLEDIEU,74361,0,3,RD,0,1,1,,,0,1,,,,1,7,0,0,1,0
5,6,1,2,3,50,FRANCE,BASSE-NORMANDIE,129,50129,CHERBOURG-OCTEVILLE,RUE DU VAL DE SAIRE,74385,0,3,RD,0,2,2,,,0,1,,,,1,7,0,0,1,0
5,6,1,2,7,50,FRANCE,BASSE-NORMANDIE,129,50129,CHERBOURG-OCTEVILLE,RUE GUILLAUME FOUACE,74419,0,4,VC,0,1,1,,,0,4,,,,1,,,,,
1,6,1,1,6,50,FRANCE,BASSE-NORMANDIE,129,50129,CHERBOURG-OCTEVILLE,RUE JEAN NICOLLET,74431,0,4,VC,0,2,2,,,0,1,,,,1,7,0,0,1,0
5,6,1,1,2,50,FRANCE,BASSE-NORMANDIE,129,50129,CHERBOURG-OCTEVILLE,QUAI DE CALIGNY,74438,0,3,RD,0,2,3,,,0,1,,,,1,7,0,0,1,0
1,4,1,1,3,50,FRANCE,BASSE-NORMANDIE,165,50165,DONVILLE-LES-BAINS,ROUTE DE COUTANCES,74465,0,4,VC,0,2,2,,,0,1,,,,1,7,0,0,1,0
1,6,1,1,6,50,FRANCE,BASSE-NORMANDIE,129,50129,CHERBOURG-OCTEVILLE,AVENUE DE PARIS,74474,0,4,VC,0,2,2,,,0,1,,,,1,,0,0,1,0
1,6,3,1,3,50,FRANCE,BASSE-NORMANDIE,129,50129,CHERBOURG-OCTEVILLE,RUE PIERRE DE COUBERTIN,74476,0,4,VC,0,2,2,,,0,1,,,,1,7,0,0,1,0
1,6,3,1,2,50,FRANCE,BASSE-NORMANDIE,129,50129,CHERBOURG-OCTEVILLE,RUE LOUIS CHAUVET,74492,0,4,VC,0,1,2,,,0,0,,,,1,7,0,0,1,0
1,6,4,1,3,50,FRANCE,BASSE-NORMANDIE,129,50129,CHERBOURG-OCTEVILLE,RUE DE L'ABBAYE,74513,5,3,RD,0,3,4,,,0,1,,,,1,7,0,0,1,0
3,1,1,1,1,50,FRANCE,BASSE-NORMANDIE,622,50622,VAUDRIMESNIL,RD 971,74518,0,3,RD,971,2,2,0,0,0,1,0,0,,1,7,0,0,1,0
5,6,1,2,3,50,FRANCE,BASSE-NORMANDIE,129,50129,CHERBOURG-OCTEVILLE,AVENUE DE CESSART,74534,0,4,VC,840,3,4,0,0,1,5,4964500,-162911,,1,7,0,0,1,0
1,5,3,1,3,50,FRANCE,BASSE-NORMANDIE,173,50173,EQUEURDREVILLE-HAINNEVILLE,RUE BOURGEOIS,74556,3,3,RD,901,1,1,30,642,0,1,4965620,-165262,,1,7,0,0,1,0
1,1,1,1,2,50,FRANCE,BASSE-NORMANDIE,243,50243,HEUGUEVILLE-SUR-SIENNE,RD 650,74569,0,3,RD,650,2,0,89,110,0,1,4902250,-150417,,1,7,0,0,1,0
1,6,1,1,1,50,FRANCE,BASSE-NORMANDIE,129,50129,CHERBOURG-OCTEVILLE,Quai Lawton COLLINS,74585,0,9,Autre,0,2,2,0,0,2,5,4964150,-161810,,1,,0,0,1,0
2,5,1,1,3,50,FRANCE,BASSE-NORMANDIE,602,50602,TOURLAVILLE,RUE DU GRAND PRE,74588,0,3,RD,610,2,2,0,0,1,5,4963730,-159540,,1,30,0,0,1,0
1,5,2,1,3,50,FRANCE,BASSE-NORMANDIE,602,50602,TOURLAVILLE,RUE DE LA REPUBLIQUE ,74601,5,4,VC,536,2,2,0,0,0,0,4964420,-159606,,1,7,0,0,1,0
1,4,1,1,6,50,FRANCE,BASSE-NORMANDIE,165,50165,DONVILLE-LES-BAINS,ROUTE DE COUTANCES,74603,0,3,RD,971,2,2,3,211,0,1,4885250,-156810,,1,7,0,0,1,0
1,1,3,1,1,50,FRANCE,BASSE-NORMANDIE,433,50433,REVILLE,RD 1,74618,0,3,RD,1,2,2,6,46,0,1,4961530,-126071,,1,7,0,0,1,0
1,6,2,1,3,50,FRANCE,BASSE-NORMANDIE,129,50129,CHERBOURG-OCTEVILLE,RUE GEORGES SOREL,74632,5,4,VC,806,1,1,0,0,0,1,4963240,-160616,,1,7,0,0,1,0
1,6,7,7,1,50,FRANCE,BASSE-NORMANDIE,129,50129,CHERBOURG-OCTEVILLE,RUE DU VAL DE SAIRE,74635,5,3,RD,900,2,3,87,2426,0,0,4963900,-161642,,1,7,0,0,1,0
5,5,6,1,2,50,FRANCE,BASSE-NORMANDIE,147,50147,COUTANCES,MISSION,74658,5,4,VC,548,2,2,0,0,0,1,4904600,-144162,,1,10,0,0,1,0
1,6,1,1,6,50,FRANCE,BASSE-NORMANDIE,129,50129,CHERBOURG-OCTEVILLE,RUE DE L'ANCIEN HOTEL DIEU,74659,0,4,VC,665,1,1,0,0,0,1,4964080,-162958,,1,,0,0,0,1
1,6,1,1,3,50,FRANCE,BASSE-NORMANDIE,129,50129,CHERBOURG-OCTEVILLE,RUE MARQUISE,74660,0,4,VC,823,2,2,0,0,0,1,4964510,-162578,,1,7,0,0,1,0
5,6,3,3,3,50,FRANCE,BASSE-NORMANDIE,129,50129,CHERBOURG-OCTEVILLE,PLACE DE LA REPUBLIQUE,74665,0,4,VC,690,1,2,0,0,0,1,4964210,-162555,,1,7,0,0,1,0
5,6,1,2,7,50,FRANCE,BASSE-NORMANDIE,129,50129,CHERBOURG-OCTEVILLE,RUE ARMAND LEVEEL,74685,0,4,VC,839,2,2,0,0,0,1,4962640,-161724,,1,,0,0,1,0
3,6,1,1,3,50,FRANCE,BASSE-NORMANDIE,129,50129,CHERBOURG-OCTEVILLE,BOULEVARD PIERRE MENDES FRANCE,74725,0,3,RD,901,3,4,27,432,0,1,4963470,-162583,,1,7,0,0,1,0
1,6,2,7,1,50,FRANCE,BASSE-NORMANDIE,129,50129,CHERBOURG-OCTEVILLE,RUE DU GENERAL LECLERC,74733,5,4,VC,804,2,2,0,0,0,1,4963930,-160542,,1,7,0,0,1,0
1,6,6,1,3,50,FRANCE,BASSE-NORMANDIE,502,50502,SAINT-LO,HETRES,74741,5,4,VC,616,2,2,0,0,0,1,4911190,-106982,,1,7,0,0,1,0
1,6,2,1,3,50,FRANCE,BASSE-NORMANDIE,129,50129,CHERBOURG-OCTEVILLE,RUE DE L'ABBAYE,74770,5,4,VC,645,3,4,0,0,1,5,4964500,-163556,,1,7,0,0,1,0
1,3,1,7,1,50,FRANCE,BASSE-NORMANDIE,077,50077,BRETTEVILLE,RD 116,74794,0,3,RD,116,2,2,6,696,0,1,4965670,-152152,,1,7,0,0,1,0
1,5,3,1,3,50,FRANCE,BASSE-NORMANDIE,147,50147,COUTANCES,REPUBLIQUE,74825,0,3,RD,972,2,2,29,146,0,1,4905750,-143045,,1,7,0,0,1,0
1,6,2,1,3,50,FRANCE,BASSE-NORMANDIE,502,50502,SAINT-LO,place du Major HOWIE,74855,0,2,RN,174,1,2,0,0,0,1,4911550,-108308,,1,7,0,0,1,0
1,4,1,1,1,50,FRANCE,BASSE-NORMANDIE,484,50484,SAINT-HILAIRE-DU-HARCOUET,RD 976,74885,0,3,RD,976,2,0,0,0,0,1,0,0,,1,7,0,0,1,0
5,6,3,1,3,50,FRANCE,BASSE-NORMANDIE,129,50129,CHERBOURG-OCTEVILLE,RUE DU ROULE,74897,5,4,VC,0,2,2,,,0,1,,,,1,7,0,0,1,0
1,6,3,1,3,50,FRANCE,BASSE-NORMANDIE,129,50129,CHERBOURG-OCTEVILLE,RUE WALDECK ROUSSEAU,74935,0,4,VC,0,2,2,,,0,1,,,,1,7,0,0,1,0
1,6,6,1,3,50,FRANCE,BASSE-NORMANDIE,129,50129,CHERBOURG-OCTEVILLE,RUE DE L'ABBAYE,74937,0,4,VC,0,2,2,,,0,1,,,,1,7,0,0,1,0
1,5,1,1,4,50,FRANCE,BASSE-NORMANDIE,173,50173,EQUEURDREVILLE-HAINNEVILLE,BOULEVARD DE LA MER,74942,0,4,VC,0,2,2,,,1,5,,,,1,,0,0,1,0
1,5,1,1,1,50,FRANCE,BASSE-NORMANDIE,173,50173,EQUEURDREVILLE-HAINNEVILLE,AVENUE JACQUES PREVERT,74943,0,4,VC,0,2,2,,,0,1,,,,1,30,,,,
1,5,1,1,6,50,FRANCE,BASSE-NORMANDIE,173,50173,EQUEURDREVILLE-HAINNEVILLE,RUE JEAN MOULIN,74951,0,4,VC,0,2,2,,,0,1,,,,1,7,0,0,1,0
1,6,1,2,6,50,FRANCE,BASSE-NORMANDIE,129,50129,CHERBOURG-OCTEVILLE,RUE DES MACONS,74957,0,4,VC,0,2,2,,,0,1,,,,1,,0,0,1,0
1,5,3,1,7,50,FRANCE,BASSE-NORMANDIE,173,50173,EQUEURDREVILLE-HAINNEVILLE,RUE ALBERT MAHIEU,74980,0,4,VC,0,2,2,,,0,0,,,,1,7,0,0,1,0
1,5,1,1,7,50,FRANCE,BASSE-NORMANDIE,602,50602,TOURLAVILLE,RUE DE BREQUECAL,74989,0,4,VC,0,2,2,,,0,1,,,,1,,0,0,1,0
1,5,1,1,3,50,FRANCE,BASSE-NORMANDIE,602,50602,TOURLAVILLE,RUE DU BECQUET,74995,0,4,VC,0,2,2,,,0,1,,,,1,14,0,0,1,0