lum,agg,int,atm,col,dep_bis,pays,region,com_bis,com_codeINSEE,communes,N_voie,numac,infra,catr,type_route,voie,circ,nbv,pr,pr1,vosp,situ,lat,long,adr,accident_velo,vehicule_imp,cycl_mort,cycl_bgv,cycl_blg,cycl_indm
5,6,7,1,3,50,FRANCE,BASSE-NORMANDIE,129,50129,CHERBOURG-OCTEVILLE,PLACE MARIE RAVENEL,74998,5,4,VC,0,2,2,,,0,1,,,,1,7,0,0,1,0
1,5,2,2,3,50,FRANCE,BASSE-NORMANDIE,218,50218,GRANVILLE,RUE DES JONQUILLES,75026,5,4,VC,0,0,2,,,0,1,,,,1,7,0,0,1,0
1,4,6,1,3,50,FRANCE,BASSE-NORMANDIE,532,50532,SAINT-PAIR-SUR-MER,RUE DU GOLF,75043,5,3,RD,0,2,2,,,0,1,,,,1,10,0,0,1,0
1,6,9,1,3,50,FRANCE,BASSE-NORMANDIE,502,50502,SAINT-LO,quartier de La Madeleine PARIS,75059,0,3,RD,0,2,1,,,0,1,,,,1,7,0,0,1,0
1,6,1,1,6,50,FRANCE,BASSE-NORMANDIE,502,50502,SAINT-LO,ALSACE LORRAINE,75061,0,4,VC,0,1,0,,,0,1,,,,1,7,0,0,1,0
1,8,2,1,3,51,FRANCE,CHAMPAGNE-ARDENNE,454,51454,REIMS,RUE LEON FAUCHER,75088,5,4,VC,0,2,2,,,0,0,,,,1,4,0,0,0,1
1,8,1,1,6,51,FRANCE,CHAMPAGNE-ARDENNE,454,51454,REIMS,RUE DE BETHENY,75119,0,2,RN,0,2,2,,,0,1,,,,1,7,0,0,1,0
1,8,2,2,3,51,FRANCE,CHAMPAGNE-ARDENNE,454,51454,REIMS,AVENUE) DU N LAON ,75126,5,4,VC,0,2,4,1,0,0,1,,,,1,7,0,0,1,0
1,8,1,1,3,51,FRANCE,CHAMPAGNE-ARDENNE,454,51454,REIMS,RUE VESLE,75128,0,4,VC,0,2,3,1,0,3,1,,,,1,37,0,0,1,0
1,8,3,1,3,51,FRANCE,CHAMPAGNE-ARDENNE,454,51454,REIMS,RUE CAMILLE LENOIR,75135,5,4,VC,0,2,2,,,0,1,,,,1,7,0,0,1,0
1,3,3,1,3,51,FRANCE,CHAMPAGNE-ARDENNE,058,51058,BEZANNES,CHEMIN DES TETES DE FER,75177,5,3,RD,0,2,30,,,0,1,,,,1,7,0,0,1,0
1,8,2,1,2,51,FRANCE,CHAMPAGNE-ARDENNE,454,51454,REIMS,RUE FOND PATE,75207,0,4,VC,0,2,2,,,0,1,,,,1,7,0,0,1,0
5,5,1,1,3,51,FRANCE,CHAMPAGNE-ARDENNE,055,51055,BETHENY,ROUTE BETHENY,75210,0,4,VC,0,2,2,,,0,1,,,,1,7,0,0,1,0
5,8,2,1,3,51,FRANCE,CHAMPAGNE-ARDENNE,454,51454,REIMS,BOULEVARD VASCO DE GAMMA,75232,0,4,VC,0,3,4,,,0,1,,,,1,7,0,0,1,0
5,5,1,1,2,51,FRANCE,CHAMPAGNE-ARDENNE,573,51573,TINQUEUX,AVENUE DU VINGT NEUF AOUT 44,75245,0,3,RD,0,2,4,,,0,1,,,,1,7,0,0,1,0
1,5,1,1,1,51,FRANCE,CHAMPAGNE-ARDENNE,649,51649,VITRY-LE-FRANCOIS,RD 382,75247,6,3,RD,382,2,1,0,0,0,1,4873300,459200,,1,7,0,0,1,0
1,8,1,1,6,51,FRANCE,CHAMPAGNE-ARDENNE,454,51454,REIMS,BOULEVARD DU PRESIDENT WILSON,75254,0,4,VC,0,2,3,,,0,1,,,,1,,0,0,0,1
1,1,1,1,6,51,FRANCE,CHAMPAGNE-ARDENNE,454,51454,REIMS,AVENUE DU LAON,75264,0,4,VC,0,2,2,,,0,1,,,,1,,0,0,0,1
1,5,3,1,3,51,FRANCE,CHAMPAGNE-ARDENNE,573,51573,TINQUEUX,RUE PASTEUR,75273,5,4,VC,0,2,2,,,0,0,,,,1,7,0,0,1,0
1,1,1,1,4,51,FRANCE,CHAMPAGNE-ARDENNE,007,51007,AMBONNAY,RD 9,75287,0,3,RD,9,2,2,20,100,0,1,4908100,416600,,1,7,0,0,1,0
1,6,6,1,3,51,FRANCE,CHAMPAGNE-ARDENNE,230,51230,EPERNAY,AVENUE DE LA MARTINIQUE,75365,5,4,VC,0,2,2,,,0,1,,,,1,10,0,0,1,0
1,8,1,1,6,51,FRANCE,CHAMPAGNE-ARDENNE,454,51454,REIMS,RUE DE COURCELLES,75367,0,4,VC,0,2,2,,,0,1,,,,1,7,0,0,1,0
1,5,2,1,3,51,FRANCE,CHAMPAGNE-ARDENNE,172,51172,CORMONTREUIL,RUE CLEMENT ADER,75395,5,4,VC,0,1,1,,,0,1,,,,1,7,0,0,1,0
1,1,1,1,2,51,FRANCE,CHAMPAGNE-ARDENNE,046,51046,BEINE-NAUROY,VC 2,75403,0,4,VC,2,2,2,0,0,0,1,0,0,,1,7,0,0,1,0
1,8,1,2,3,51,FRANCE,CHAMPAGNE-ARDENNE,454,51454,REIMS,RUE ROMAINS,75409,0,4,VC,0,2,2,,,0,1,,,,1,7,0,0,1,0
1,3,1,1,1,51,FRANCE,CHAMPAGNE-ARDENNE,636,51636,VILLERS-MARMERY,RD 326,75421,0,3,RD,326,2,2,,0,0,1,0,0,,1,7,0,0,1,0
1,1,1,2,7,51,FRANCE,CHAMPAGNE-ARDENNE,217,51217,DORMANS,RD 3,75422,0,3,RD,3,2,2,6,500,0,1,0,0,,1,,0,0,1,0
1,8,6,1,1,51,FRANCE,CHAMPAGNE-ARDENNE,454,51454,REIMS,place des COMBATTANTS D'AFN,75427,5,4,VC,,1,1,,0,1,1,,,,1,7,0,0,1,0
1,8,3,1,3,51,FRANCE,CHAMPAGNE-ARDENNE,454,51454,REIMS,RUE SAINTE GENEVIEVE,75428,0,4,VC,,1,1,,,0,1,,,,1,10,0,0,1,0
1,8,1,1,1,51,FRANCE,CHAMPAGNE-ARDENNE,454,51454,REIMS,RUE DE NEUFCHATEL,75445,0,4,VC,,2,2,,,0,1,,,,1,7,0,0,1,0
1,8,2,1,3,51,FRANCE,CHAMPAGNE-ARDENNE,454,51454,REIMS,BOULEVARD VICTOR HUGO,75454,0,4,VC,,2,2,,,0,1,,,,1,10,0,0,1,0
1,6,3,1,3,51,FRANCE,CHAMPAGNE-ARDENNE,108,51108,CHALONS-EN-CHAMPAGNE,VC 0,75457,0,4,VC,0,1,2,0,0,0,1,,,,1,7,0,0,1,0
1,2,2,1,3,51,FRANCE,CHAMPAGNE-ARDENNE,644,51644,VINCELLES,RD 1,75477,0,3,RD,1,2,2,103,481,0,1,0,0,,1,10,0,0,1,0
1,8,6,1,3,51,FRANCE,CHAMPAGNE-ARDENNE,454,51454,REIMS,RUE DE COURCELLES,75498,0,4,VC,0,2,2,0,0,0,1,4926460,400964,,1,7,0,0,1,0
1,5,6,2,3,51,FRANCE,CHAMPAGNE-ARDENNE,172,51172,CORMONTREUIL,CHEMIN RURAL DIT DES HAUTES FEUIL,75521,5,3,RD,0,3,4,0,0,0,0,4921640,405112,,1,7,0,0,1,0
1,2,3,1,3,51,FRANCE,CHAMPAGNE-ARDENNE,630,51630,VILLERS-AUX-BOIS,RD 36,75522,,3,RD,36,2,2,,,0,1,0,0,,1,7,0,0,1,0
2,1,1,1,6,51,FRANCE,CHAMPAGNE-ARDENNE,065,51065,BLACY,VC 0,75523,0,4,VC,0,2,1,0,0,0,1,0,0,,1,,0,0,1,0
1,5,6,1,3,51,FRANCE,CHAMPAGNE-ARDENNE,573,51573,TINQUEUX,ROUTE DE CHAMPIGNY,75532,0,4,VC,,1,2,,,0,1,,,,1,7,0,0,1,0
1,6,3,1,3,51,FRANCE,CHAMPAGNE-ARDENNE,108,51108,CHALONS-EN-CHAMPAGNE,rue CLAMART,75544,0,4,VC,,2,2,,,0,1,,,,1,7,0,0,1,0
1,8,1,1,6,51,FRANCE,CHAMPAGNE-ARDENNE,454,51454,REIMS,PLACE D'ERLON,75551,6,4,VC,,0,0,,,3,0,,,,1,,0,0,0,1
5,5,1,1,3,51,FRANCE,CHAMPAGNE-ARDENNE,172,51172,CORMONTREUIL,RUE ARISTIDE BRIAND,75588,0,4,VC,0,2,2,,,0,1,,,,1,7,0,0,1,0
5,8,1,1,3,51,FRANCE,CHAMPAGNE-ARDENNE,454,51454,REIMS,BOULEVARD HENRI VASNIER,75589,0,4,VC,0,2,4,1,0,2,1,,,,1,7,0,0,1,0
1,5,6,1,1,51,FRANCE,CHAMPAGNE-ARDENNE,535,51535,SEZANNE,VC 0,75606,5,4,VC,0,1,2,0,0,0,1,4872565,370549,,1,7,0,0,1,0
1,5,2,1,3,51,FRANCE,CHAMPAGNE-ARDENNE,649,51649,VITRY-LE-FRANCOIS,,75609,0,4,VC,,2,2,,,0,1,4872595,458028,,1,7,0,0,1,0
1,3,2,1,6,51,FRANCE,CHAMPAGNE-ARDENNE,504,51504,SAINT-MARTIN-SUR-LE-PRE,RUE SAINT ELOI,75617,0,4,VC,,2,2,,,0,1,,,,1,15,0,0,1,0
1,6,2,1,3,51,FRANCE,CHAMPAGNE-ARDENNE,108,51108,CHALONS-EN-CHAMPAGNE,CHEMIN DE LA PETITE VITESSE,75618,0,4,VC,,2,2,,,0,1,0,0,,1,7,0,0,1,0
1,3,6,1,2,51,FRANCE,CHAMPAGNE-ARDENNE,504,51504,SAINT-MARTIN-SUR-LE-PRE,ROND-POINT DE L'ILET,75620,0,4,VC,,1,2,,,0,1,,,,1,7,0,0,1,0
1,8,6,1,3,51,FRANCE,CHAMPAGNE-ARDENNE,454,51454,REIMS,RUE DE NEUFCHATEL,75630,5,4,VC,,2,2,,,0,1,,,,1,7,0,0,1,0
1,5,6,1,3,51,FRANCE,CHAMPAGNE-ARDENNE,172,51172,CORMONTREUIL,GIRATOIRE ROUTE DE TAISSY/VOIE VERTE,75639,0,4,VC,0,1,2,,0,0,1,,,,1,7,0,0,1,0
1,8,2,1,3,51,FRANCE,CHAMPAGNE-ARDENNE,454,51454,REIMS,RUE DE CERNAY,75643,0,4,VC,,2,4,,,0,1,,,,1,7,0,0,1,0
1,8,6,8,3,51,FRANCE,CHAMPAGNE-ARDENNE,454,51454,REIMS,ROND-POINT president jules crochet,75654,5,4,VC,0,1,2,,0,1,5,4923391,399890,,1,7,0,0,1,0
2,5,3,1,3,51,FRANCE,CHAMPAGNE-ARDENNE,055,51055,BETHENY,ROUTE DE BETHENY,75666,0,3,RD,74,2,2,,,0,1,4927001,404897,,1,2,0,0,0,1
1,6,3,7,3,52,FRANCE,CHAMPAGNE-ARDENNE,448,52448,SAINT-DIZIER,AVENUE DE LA REPUBLIQUE,75707,0,4,VC,0,2,2,,,0,1,,,,1,7,0,0,1,0
1,6,1,7,6,52,FRANCE,CHAMPAGNE-ARDENNE,448,52448,SAINT-DIZIER,RUE LAMARTINE,75709,0,4,VC,0,2,2,,,0,1,,,,1,7,0,0,1,0
1,4,1,1,3,52,FRANCE,CHAMPAGNE-ARDENNE,250,52250,JOINVILLE,VC 0,75716,0,4,VC,0,2,2,0,0,0,1,4844300,514400,,1,30,0,0,1,0
1,6,3,1,3,52,FRANCE,CHAMPAGNE-ARDENNE,121,52121,CHAUMONT,BOULEVARD DU MARECHAL DE LATTRE DE TASSIGNY,75721,0,4,VC,0,2,2,,,2,1,,,,1,7,0,0,1,0
1,6,5,8,6,52,FRANCE,CHAMPAGNE-ARDENNE,448,52448,SAINT-DIZIER,PLACE DU GENERAL DE GAULLE,75750,5,4,VC,0,1,2,,,0,1,,,,1,7,0,0,1,0
1,6,1,1,6,52,FRANCE,CHAMPAGNE-ARDENNE,121,52121,CHAUMONT,PASSAGE ROBESPIERRE,75754,0,4,VC,0,2,2,,,0,1,,,,1,7,0,0,1,0
1,6,1,1,7,52,FRANCE,CHAMPAGNE-ARDENNE,448,52448,SAINT-DIZIER,RUE DE CHAMPAGNE,75761,0,4,VC,0,2,2,,,0,1,,,,1,,0,0,1,0
1,6,1,1,7,52,FRANCE,CHAMPAGNE-ARDENNE,448,52448,SAINT-DIZIER,AVENUE DES ETATS UNIS,75762,0,4,VC,0,0,2,,,0,1,,,,1,,0,0,1,0
1,6,3,1,3,52,FRANCE,CHAMPAGNE-ARDENNE,448,52448,SAINT-DIZIER,AVENUE PASTEUR ,75765,0,4,VC,0,3,4,,,0,1,,,,1,7,0,0,1,0
5,6,4,1,6,52,FRANCE,CHAMPAGNE-ARDENNE,121,52121,CHAUMONT,RUE HENRI DUNANT ,75768,0,4,VC,0,1,2,,,0,1,,,,1,7,0,0,1,0
1,6,1,1,6,52,FRANCE,CHAMPAGNE-ARDENNE,448,52448,SAINT-DIZIER,AVENUE VICTOR HUGO,75791,0,4,VC,0,2,2,,,0,1,,,,1,7,0,0,1,0
1,6,2,1,3,52,FRANCE,CHAMPAGNE-ARDENNE,121,52121,CHAUMONT,AVENUE PHILIPPE GIRARDEL,75832,0,4,VC,0,2,2,,,0,1,,,,1,7,0,0,1,0
1,6,1,1,3,52,FRANCE,CHAMPAGNE-ARDENNE,448,52448,SAINT-DIZIER,AVENUE BENOIT FRACHON ,75835,0,4,VC,0,2,2,,,0,1,,,,1,7,0,0,1,0
1,6,1,1,3,52,FRANCE,CHAMPAGNE-ARDENNE,448,52448,SAINT-DIZIER,RUE ANDRE BARBAUX ,75849,0,4,VC,0,2,1,,,0,1,,,,1,7,0,0,1,0
1,6,1,1,6,52,FRANCE,CHAMPAGNE-ARDENNE,121,52121,CHAUMONT,RUE AMPERE ,75870,0,4,VC,0,2,2,,,0,1,,,,1,7,0,0,1,0
5,6,1,2,6,52,FRANCE,CHAMPAGNE-ARDENNE,448,52448,SAINT-DIZIER,RUE JEAN-JACQUES ROUSSEAU ,75872,0,4,VC,0,1,1,,,0,1,,,,1,,0,0,0,1
1,6,1,1,6,52,FRANCE,CHAMPAGNE-ARDENNE,121,52121,CHAUMONT,AVENUE VICTOR HUGO,75891,0,4,VC,0,2,2,,,0,1,,,,1,7,0,0,1,0
1,6,2,1,6,52,FRANCE,CHAMPAGNE-ARDENNE,121,52121,CHAUMONT,RD 619,75892,0,3,RD,0,2,3,30,313,1,0,,,,1,7,0,0,1,0
1,6,1,1,6,52,FRANCE,CHAMPAGNE-ARDENNE,448,52448,SAINT-DIZIER,RUE DE LA COMMUNE DE PARIS,75907,0,4,VC,0,2,2,,,0,1,,,,1,,0,0,0,1
5,6,1,1,1,52,FRANCE,CHAMPAGNE-ARDENNE,448,52448,SAINT-DIZIER,Boulevard Edgar PISANI,75928,0,4,VC,0,2,1,,,0,1,,,,1,7,0,0,1,0
2,6,2,1,3,52,FRANCE,CHAMPAGNE-ARDENNE,448,52448,SAINT-DIZIER,RUE DES TOURTERELLES,75947,0,4,VC,0,2,3,,,0,1,,,,1,7,0,0,1,0
5,6,2,1,2,52,FRANCE,CHAMPAGNE-ARDENNE,448,52448,SAINT-DIZIER,ESPACE JEAN MEFFERT,75950,0,4,VC,0,2,2,0,0,0,1,4863030,493969,,1,7,0,0,1,0
3,1,1,1,2,52,FRANCE,CHAMPAGNE-ARDENNE,448,52448,SAINT-DIZIER,RN 4,75953,0,2,RN,4,3,2,13,0,0,1,4862360,493836,,1,7,0,0,0,1
1,6,6,2,3,52,FRANCE,CHAMPAGNE-ARDENNE,121,52121,CHAUMONT,AVENUE DE LA REPUBLIQUE,75955,5,3,RD,619,1,1,32,233,0,1,4809230,514570,,1,7,0,0,1,0
1,6,2,1,3,52,FRANCE,CHAMPAGNE-ARDENNE,448,52448,SAINT-DIZIER,AVENUE VICTOR HUGO,75977,0,4,VC,0,2,1,0,0,0,1,4863700,495604,,1,7,0,0,1,0
1,6,1,1,3,52,FRANCE,CHAMPAGNE-ARDENNE,448,52448,SAINT-DIZIER,RUE GAMBETTA,75986,0,4,VC,0,1,1,0,0,0,1,4863720,494847,,1,7,0,0,1,0
1,6,1,1,3,52,FRANCE,CHAMPAGNE-ARDENNE,448,52448,SAINT-DIZIER,AVENUE D'ALSACE LORRAINE,75989,0,4,VC,0,2,2,0,0,0,1,4863530,496085,,1,7,0,0,1,0
1,6,1,1,6,52,FRANCE,CHAMPAGNE-ARDENNE,448,52448,SAINT-DIZIER,RUE GODARD JEANSON,75998,0,4,VC,0,2,2,0,0,0,1,4863200,495356,,1,,0,0,1,0
3,6,3,2,7,52,FRANCE,CHAMPAGNE-ARDENNE,121,52121,CHAUMONT,RUE GEORGES BIZET,76004,0,4,VC,0,2,2,0,0,0,0,4808840,514342,,1,7,0,0,1,0
1,3,1,1,1,52,FRANCE,CHAMPAGNE-ARDENNE,348,52348,NEUILLY-L'EVEQUE,RD 35,76017,0,3,RD,35,2,2,3,200,0,1,4791550,544962,,1,7,0,0,1,0
3,1,1,1,2,52,FRANCE,CHAMPAGNE-ARDENNE,500,52500,VALCOURT,RD 384,76024,0,3,RD,384,2,1,31,0,0,1,4861750,491376,,1,7,0,0,1,0
1,1,2,1,3,52,FRANCE,CHAMPAGNE-ARDENNE,121,52121,CHAUMONT,RN 67,76025,0,2,RN,67,2,2,74,717,0,1,4808870,510358,,1,7,0,0,1,0
1,4,3,7,3,52,FRANCE,CHAMPAGNE-ARDENNE,331,52331,MONTIER-EN-DER,VC 0,76028,0,4,VC,0,2,0,0,0,0,1,4847800,478199,,1,7,0,0,1,0
1,6,1,1,3,52,FRANCE,CHAMPAGNE-ARDENNE,121,52121,CHAUMONT,BOULEVARD BAROTTE,76035,0,4,VC,0,1,2,0,0,0,1,4811460,514247,,1,7,0,0,1,0
1,6,2,2,1,52,FRANCE,CHAMPAGNE-ARDENNE,121,52121,CHAUMONT,BOULEVARD DU MARECHAL JUIN,76046,0,4,VC,0,2,2,0,0,0,1,4809910,515325,,1,7,0,0,1,0
1,6,2,1,2,52,FRANCE,CHAMPAGNE-ARDENNE,121,52121,CHAUMONT,RUE ROBESPIERRE,76069,0,4,VC,0,2,3,0,0,0,1,4810280,513478,,1,10,0,0,1,0
1,6,1,1,6,52,FRANCE,CHAMPAGNE-ARDENNE,121,52121,CHAUMONT,RUE YOURI GAGARINE,76103,0,4,VC,0,2,2,,,0,1,,,,1,3,0,0,1,0
1,6,3,1,3,52,FRANCE,CHAMPAGNE-ARDENNE,121,52121,CHAUMONT,RD 674,76113,0,3,RD,0,2,3,30,658,0,1,4812228,514495,,1,7,0,0,1,0
1,7,3,1,3,53,FRANCE,PAYS DE LA LOIRE,130,53130,LAVAL,RUE DES 3 CROIX,76129,5,4,VC,0,1,1,,,0,1,,,,1,7,0,0,1,0
1,5,1,1,2,53,FRANCE,PAYS DE LA LOIRE,201,53201,SAINT-BERTHEVIN,RD 57 VERS LAVAL,76138,0,3,RD,0,2,4,38,0,0,1,,,,1,7,0,0,1,0
1,7,2,1,3,53,FRANCE,PAYS DE LA LOIRE,130,53130,LAVAL,BOULEVARD DU PONT D'AVESNIERES,76144,5,4,VC,0,2,4,33,586,0,1,,,,1,7,0,0,1,0
1,7,3,1,3,53,FRANCE,PAYS DE LA LOIRE,130,53130,LAVAL,RUE DE L'ANCIEN EVECHE,76177,0,4,VC,0,2,3,,,0,0,4806461,-77533,,1,7,0,0,1,0
5,5,1,2,6,54,FRANCE,LORRAINE,526,54526,TOMBLAINE,AVENUE DE LA REPUBLIQUE,76232,0,4,VC,0,3,2,,,0,1,,,,1,7,0,0,1,0
1,8,1,1,3,54,FRANCE,LORRAINE,395,54395,NANCY,RUEPLACE DE LA COMMANDERIE,76269,0,4,VC,0,1,2,,,0,1,,,,1,99,0,0,1,0
5,6,1,1,6,54,FRANCE,LORRAINE,547,54547,VANDOEUVRE-LES-NANCY,AVENUE DU GENERAL LECLERC,76270,0,4,VC,0,2,2,,,0,1,,,,1,7,0,0,1,0
1,8,1,1,1,54,FRANCE,LORRAINE,395,54395,NANCY,VIADUC KENNEDY,76273,2,4,VC,0,2,4,,,3,1,,,,1,,0,0,0,1
1,4,2,1,1,54,FRANCE,LORRAINE,495,54495,SAULXURES-LES-NANCY,RUE D'ESSEY,76277,0,4,VC,0,2,2,,,0,1,,,,1,7,0,0,1,0
1,6,1,1,6,54,FRANCE,LORRAINE,547,54547,VANDOEUVRE-LES-NANCY,RUE GABRIEL PERI,76289,0,4,VC,0,2,2,,,0,1,,,,1,7,0,0,1,0
1,8,1,1,2,54,FRANCE,LORRAINE,395,54395,NANCY,PLACE ALAIN FOURNIER,76291,0,4,VC,0,1,1,,,0,1,,,,1,7,0,0,1,0
1,8,3,1,6,54,FRANCE,LORRAINE,395,54395,NANCY,PLACE CROIX DE BOURGOGNE,76292,0,4,VC,0,2,2,,,0,0,,,,1,7,0,0,1,0
1,5,2,1,6,54,FRANCE,LORRAINE,304,54304,LAXOU,RUE DE MAREVILLE,76297,0,4,VC,0,2,3,,,0,1,,,,1,7,0,0,1,0
1,3,3,1,5,54,FRANCE,LORRAINE,080,54080,BLENOD-LES-TOUL,RD 960,76306,5,3,RD,960,2,2,0,0,0,1,0,0,,1,7,0,0,1,0
1,8,1,1,6,54,FRANCE,LORRAINE,395,54395,NANCY,RUE SAINT DIZIER,76309,0,4,VC,0,1,3,,,3,1,,,,1,,0,0,0,1
1,8,1,1,6,54,FRANCE,LORRAINE,395,54395,NANCY,RUE MAZAGRAN,76317,0,4,VC,0,1,3,,,0,1,,,,1,7,0,0,1,0
1,6,1,2,3,54,FRANCE,LORRAINE,547,54547,VANDOEUVRE-LES-NANCY,RUE DE GEMBLOUX,76326,6,4,VC,0,0,1,,,3,3,,,,1,30,0,0,1,0
1,8,1,1,6,54,FRANCE,LORRAINE,395,54395,NANCY,AVENUE  BOUFFLERS,76342,0,4,VC,0,2,3,,,0,1,,,,1,33,0,0,0,1
1,8,2,1,3,54,FRANCE,LORRAINE,395,54395,NANCY,RUE DE LA REPUBLIQUE ,76349,0,4,VC,0,2,2,,,0,1,,,,1,31,0,0,1,0
1,8,1,1,6,54,FRANCE,LORRAINE,395,54395,NANCY,RUE SAINT GEORGES,76358,0,4,VC,0,2,2,,,3,4,,,,1,,0,0,0,1
1,8,2,1,3,54,FRANCE,LORRAINE,395,54395,NANCY,RUE VICTOR PROUVE,76361,0,4,VC,0,1,2,,,0,1,,,,1,7,0,0,1,0
1,5,1,1,3,54,FRANCE,LORRAINE,357,54357,MAXEVILLE,RUE DE LA BLETTE,76369,0,4,VC,0,2,2,,,0,1,,,,1,7,0,0,1,0
1,8,2,1,3,54,FRANCE,LORRAINE,395,54395,NANCY,RUE DES QUATRE EGLISES,76385,5,4,VC,0,1,3,,,0,1,,,,1,7,0,0,1,0
1,1,2,1,3,54,FRANCE,LORRAINE,578,54578,VILLERS-LES-NANCY,AVENUE PAUL MULLER,76392,0,3,RD,0,2,2,,,1,5,,,,1,7,0,0,1,0
1,8,1,1,6,54,FRANCE,LORRAINE,395,54395,NANCY,ROUTE DE MIRECOURT,76396,0,4,VC,0,2,2,,,0,5,,,,1,7,0,0,1,0
1,1,2,1,3,54,FRANCE,LORRAINE,197,54197,FLEVILLE-DEVANT-NANCY,ROUTE DE LUPCOURT,76397,2,4,VC,0,2,2,,,0,1,,,,1,7,0,0,1,0
1,1,1,1,6,54,FRANCE,LORRAINE,300,54300,LANEUVEVILLE-DEVANT-NANCY,RUE DU GENERAL PATTON,76400,0,4,VC,0,2,2,,,0,1,,,,1,7,0,0,1,0
1,8,1,1,7,54,FRANCE,LORRAINE,395,54395,NANCY,BOULEVARD AUSTRASIE,76416,0,4,VC,0,2,2,,,0,1,,,,1,,0,0,1,0
1,8,2,1,6,54,FRANCE,LORRAINE,395,54395,NANCY,RUE CHARLES III,76423,0,3,RD,0,1,2,,,0,1,,,,1,,0,0,0,1
1,5,6,2,3,54,FRANCE,LORRAINE,274,54274,JARVILLE-LA-MALGRANGE,RUE GABRIEL FAURE,76426,5,4,VC,0,2,2,,,0,1,,,,1,7,0,0,1,0
1,5,1,2,2,54,FRANCE,LORRAINE,300,54300,LANEUVEVILLE-DEVANT-NANCY,RUE ART-SUR-MEURTHE,76429,0,4,VC,0,2,2,,,1,1,,,,1,7,0,0,1,0
1,5,2,1,3,54,FRANCE,LORRAINE,184,54184,ESSEY-LES-NANCY,AVENUE DE BRIGACHTAL,76446,0,4,VC,0,2,4,,,1,1,,,,1,10,0,0,1,0
1,8,1,1,2,54,FRANCE,LORRAINE,395,54395,NANCY,BOULEVARD D'HAUSSONVILLE,76454,0,4,VC,0,1,1,,,2,5,,,,1,7,0,0,1,0
1,4,6,1,3,54,FRANCE,LORRAINE,197,54197,FLEVILLE-DEVANT-NANCY,RUE PASTEUR,76457,0,4,VC,0,1,1,,,1,1,,,,1,7,0,0,1,0
1,8,1,1,6,54,FRANCE,LORRAINE,395,54395,NANCY,RUE GUSTAVE SIMON,76460,0,4,VC,0,1,1,,,0,1,,,,1,7,0,0,1,0
1,8,1,1,2,54,FRANCE,LORRAINE,395,54395,NANCY,AVENUE DU VINGTIEME CORPS,76475,0,4,VC,0,2,2,,,3,1,,,,1,10,0,0,1,0
5,8,2,3,3,54,FRANCE,LORRAINE,395,54395,NANCY,AVENUE DE LA LIBERATION ,76484,5,4,VC,0,2,4,,,0,1,,,,1,7,0,0,1,0
1,8,2,1,3,54,FRANCE,LORRAINE,395,54395,NANCY,RUE RESTE SAINT NICOLAS,76491,0,4,VC,0,1,3,,,0,1,,,,1,7,0,0,1,0
1,8,1,1,6,54,FRANCE,LORRAINE,395,54395,NANCY,BOULEVARD AUSTRASIE,76499,0,4,VC,0,1,3,,,0,4,,,,1,,,,,
1,5,2,1,3,54,FRANCE,LORRAINE,304,54304,LAXOU,RUE DE LA SAONE,76508,0,4,VC,0,2,2,,,0,1,,,,1,7,0,0,1,0
1,8,1,1,6,54,FRANCE,LORRAINE,395,54395,NANCY,BOULEVARD JOFFRE,76515,0,4,VC,0,1,3,,,0,1,,,,1,7,0,0,1,0
1,8,1,1,6,54,FRANCE,LORRAINE,395,54395,NANCY,AVENUE DU GENERAL LECLERC,76518,0,4,VC,0,2,4,,,3,1,,,,1,40,0,0,1,0
1,6,3,1,1,54,FRANCE,LORRAINE,547,54547,VANDOEUVRE-LES-NANCY,RUE DU PORTUGAL,76524,0,4,VC,0,1,1,,,0,1,,,,1,7,0,0,1,0
1,5,1,1,6,54,FRANCE,LORRAINE,300,54300,LANEUVEVILLE-DEVANT-NANCY,RUE LUCIEN GALTIER,76532,0,4,VC,0,2,2,,,0,1,,,,1,7,0,0,1,0
1,8,1,1,6,54,FRANCE,LORRAINE,395,54395,NANCY,RUE DU GRAND RABBIN HAGUENAUER,76558,0,4,VC,0,1,2,,,0,1,,,,1,7,0,0,1,0
1,5,3,1,6,54,FRANCE,LORRAINE,482,54482,SAINT-MAX,RUE ALEXANDRE 1ER,76605,0,4,VC,0,2,2,,,0,1,,,,1,,,,,
1,5,2,1,2,54,FRANCE,LORRAINE,339,54339,MALZEVILLE,RUE DE L'ORME,76633,0,4,VC,0,2,2,,,0,0,,,,1,7,0,0,1,1
1,5,1,1,6,54,FRANCE,LORRAINE,274,54274,JARVILLE-LA-MALGRANGE,RUE DU GENERAL LECLERC,76638,0,4,VC,0,2,2,,,0,1,,,,1,7,0,0,1,0
1,8,1,1,3,54,FRANCE,LORRAINE,395,54395,NANCY,AVENUE DU VINGTIEME CORPS,76650,0,4,VC,0,2,4,,,3,4,,,,1,7,0,0,1,0
5,8,2,1,3,54,FRANCE,LORRAINE,395,54395,NANCY,RUEPLACE DE LA COMMANDERIE,76655,0,4,VC,0,1,2,,,1,1,,,,1,7,0,0,1,0
5,5,1,1,3,54,FRANCE,LORRAINE,304,54304,LAXOU,RUE DU PLATEAU,76659,0,4,VC,0,1,2,,,0,1,,,,1,7,0,0,1,0
2,5,3,1,7,54,FRANCE,LORRAINE,482,54482,SAINT-MAX,AVENUE CARNOT,76667,0,4,VC,0,2,2,,,0,1,,,,1,7,0,0,1,0
1,8,4,2,2,54,FRANCE,LORRAINE,395,54395,NANCY,RUE DE TOMBLAINE,76680,0,4,VC,0,1,2,,,1,1,,,,1,7,0,0,1,0
1,3,1,1,3,54,FRANCE,LORRAINE,186,54186,EULMONT,VC 0,76685,0,4,VC,0,0,0,0,0,0,1,0,0,,1,7,0,0,1,0