lum,agg,int,atm,col,dep_bis,pays,region,com_bis,com_codeINSEE,communes,N_voie,numac,infra,catr,type_route,voie,circ,nbv,pr,pr1,vosp,situ,lat,long,adr,accident_velo,vehicule_imp,cycl_mort,cycl_bgv,cycl_blg,cycl_indm
1,4,3,1,3,54,FRANCE,LORRAINE,439,54439,PULNOY,RUE DU TENDON,76691,0,4,VC,0,2,2,,,0,0,,,,1,7,0,0,1,0
1,8,1,1,3,54,FRANCE,LORRAINE,395,54395,NANCY,RUE DE BONSECOURS,76706,0,4,VC,0,2,0,,,0,1,,,,1,7,0,0,1,0
1,8,1,1,3,54,FRANCE,LORRAINE,395,54395,NANCY,RUE MAZAGRAN,76707,0,4,VC,0,1,4,,,0,1,,,,1,7,0,0,1,0
1,5,1,1,2,54,FRANCE,LORRAINE,482,54482,SAINT-MAX,RUE WASHINGTON,76713,0,4,VC,0,2,2,,,0,1,,,,1,7,0,0,1,0
1,5,9,1,3,54,FRANCE,LORRAINE,578,54578,VILLERS-LES-NANCY,RUE DU HAUT DE LA TAYE,76739,0,4,VC,0,1,1,,,0,1,,,,1,7,0,0,1,0
2,8,1,1,3,54,FRANCE,LORRAINE,395,54395,NANCY,PLACE DES VOSGES,76743,0,6,Parking,0,1,1,,,0,1,,,,1,7,0,0,1,0
1,5,1,1,3,54,FRANCE,LORRAINE,578,54578,VILLERS-LES-NANCY,RUE JEAN GIRAUDOUX,76764,0,4,VC,0,1,1,,,0,1,,,,1,7,0,0,1,0
1,8,1,1,3,54,FRANCE,LORRAINE,395,54395,NANCY,RUE DU CHANOINE JACOB,76781,0,4,VC,0,2,2,,,2,1,,,,1,7,0,0,1,0
1,8,1,1,3,54,FRANCE,LORRAINE,395,54395,NANCY,RUE MOLITOR,76787,0,4,VC,0,1,3,,,2,1,,,,1,7,0,0,1,0
1,1,1,1,2,54,FRANCE,LORRAINE,197,54197,FLEVILLE-DEVANT-NANCY,CHEMIN DE HALAGE,76830,0,4,VC,0,2,1,,,3,0,,,,1,10,0,0,1,0
1,5,1,1,3,54,FRANCE,LORRAINE,304,54304,LAXOU,RUE RAYMOND POINCARE,76834,0,4,VC,0,2,2,,,1,5,,,,1,7,0,0,1,0
1,5,9,1,1,54,FRANCE,LORRAINE,526,54526,TOMBLAINE,ROND-POINT LOUIS MAJORELLE,76845,0,4,VC,0,1,1,,,0,1,,,,1,7,0,0,1,0
1,5,1,1,2,54,FRANCE,LORRAINE,357,54357,MAXEVILLE,RUE LA FAYETTE,76846,0,4,VC,0,2,3,,,0,1,,,,1,7,0,0,1,0
5,8,5,2,3,54,FRANCE,LORRAINE,395,54395,NANCY,RUE MON DESERT,76848,0,4,VC,0,1,2,,,0,1,,,,1,7,0,0,1,0
1,5,1,1,6,54,FRANCE,LORRAINE,526,54526,TOMBLAINE,RUE EUGENE POTIER,76849,0,4,VC,0,2,1,,,1,5,,,,1,7,0,0,1,0
1,8,1,1,6,54,FRANCE,LORRAINE,395,54395,NANCY,RUE OBERLIN,76867,0,4,VC,0,2,2,,,0,4,,,,1,33,0,0,1,0
1,8,2,1,6,54,FRANCE,LORRAINE,395,54395,NANCY,RUE DU SERGENT BLANDAN,76871,0,4,VC,0,2,2,,,0,1,,,,1,7,0,0,1,0
1,6,2,1,3,54,FRANCE,LORRAINE,547,54547,VANDOEUVRE-LES-NANCY,RUE DE LORRAINE,76890,0,4,VC,0,2,2,,,0,1,,,,1,7,0,0,1,0
1,8,1,1,3,54,FRANCE,LORRAINE,395,54395,NANCY,RUE DE LA RAVINELLE,76893,0,4,VC,0,1,1,,,1,5,,,,1,7,0,0,1,0
1,3,1,1,3,54,FRANCE,LORRAINE,025,54025,ART-SUR-MEURTHE,AVENUE DE LA CHARTREUSE,76917,0,4,VC,0,2,2,,,0,1,,,,1,7,0,0,1,0
1,8,3,1,2,54,FRANCE,LORRAINE,395,54395,NANCY,RUE EMILE BERTIN,76919,0,4,VC,0,1,2,,,0,1,,,,1,7,0,0,1,0
1,8,4,1,1,54,FRANCE,LORRAINE,395,54395,NANCY,RUE DU FAUBOURG DES TROIS MAISONS,76941,0,4,VC,0,2,2,,,0,1,,,,1,7,0,0,1,0
1,8,1,1,3,54,FRANCE,LORRAINE,395,54395,NANCY,RUE DES FRERES VOIRIN,76946,0,4,VC,0,1,1,,,0,1,,,,1,7,0,0,1,0
5,8,1,1,1,54,FRANCE,LORRAINE,395,54395,NANCY,RUE DU CROSNE,76956,0,4,VC,0,2,2,,,0,1,,,,1,7,0,0,1,0
5,8,3,1,6,54,FRANCE,LORRAINE,395,54395,NANCY,RUE D'AMERVAL,76972,0,4,VC,0,2,2,,,0,1,,,,1,2,,,,
1,8,2,8,6,54,FRANCE,LORRAINE,395,54395,NANCY,RUE SAINT JEAN,77102,0,4,VC,0,2,2,,,3,1,,,,1,7,0,0,1,0
1,8,3,1,2,54,FRANCE,LORRAINE,395,54395,NANCY,AVENUE DE STRASBOURG,77108,0,4,VC,0,2,4,,,0,1,,,,1,7,0,0,1,0
1,5,1,1,2,54,FRANCE,LORRAINE,578,54578,VILLERS-LES-NANCY,AVENUE ANDRE MALRAUX,77120,0,4,VC,0,2,2,,,0,1,,,,1,7,0,0,1,0
1,5,3,1,3,54,FRANCE,LORRAINE,357,54357,MAXEVILLE,VC 0,77135,0,4,VC,0,2,1,,,0,0,,,,1,7,0,0,1,0
1,8,1,1,1,54,FRANCE,LORRAINE,395,54395,NANCY,RUE LIONNOIS,77145,0,4,VC,0,2,1,,,0,1,,,,1,7,0,0,1,0
5,8,1,3,6,54,FRANCE,LORRAINE,395,54395,NANCY,PLACE DE LA CARRIERE,77147,0,4,VC,0,0,1,,,0,1,,,,1,,0,0,0,1
1,5,3,1,3,54,FRANCE,LORRAINE,257,54257,HEILLECOURT,RUE DU COLONEL HUSSON,77158,0,4,VC,0,2,2,,,0,1,,,,1,7,0,0,1,0
1,5,1,1,6,54,FRANCE,LORRAINE,274,54274,JARVILLE-LA-MALGRANGE,RUE D'HEILLECOURT,77166,0,4,VC,0,2,2,,,0,1,,,,1,7,0,0,1,0
1,5,1,1,3,54,FRANCE,LORRAINE,526,54526,TOMBLAINE,RUE JEAN MOULIN,77167,0,4,VC,0,2,2,,,0,4,,,,1,7,0,0,1,0
1,1,1,1,2,54,FRANCE,LORRAINE,300,54300,LANEUVEVILLE-DEVANT-NANCY,RN 4,77168,0,4,VC,0,2,2,,,0,3,,,,1,3,0,0,1,0
1,5,1,1,6,54,FRANCE,LORRAINE,257,54257,HEILLECOURT,RUE GRANDE  RUE,77180,0,4,VC,0,2,2,,,0,4,,,,1,,0,0,0,1
1,8,1,1,3,54,FRANCE,LORRAINE,395,54395,NANCY,RUE DES JARDINIERS,77181,0,4,VC,0,1,1,,,0,1,,,,1,7,0,0,1,0
1,8,2,1,6,54,FRANCE,LORRAINE,395,54395,NANCY,BOULEVARD LOBAU,77183,0,4,VC,0,2,4,,,0,0,,,,1,2,0,0,1,0
1,5,1,1,3,54,FRANCE,LORRAINE,274,54274,JARVILLE-LA-MALGRANGE,RUE DE LA REPUBLIQUE ,77194,0,4,VC,0,2,2,,,0,1,,,,1,7,0,0,1,0
1,8,1,1,6,54,FRANCE,LORRAINE,395,54395,NANCY,AVENUE DE STRASBOURG,77201,0,4,VC,0,2,4,,,1,4,,,,1,,,,,
1,8,1,1,6,54,FRANCE,LORRAINE,395,54395,NANCY,AVENUE DE STRASBOURG,77224,0,4,VC,0,2,4,,,0,1,,,,1,,0,0,0,1
1,5,1,2,3,54,FRANCE,LORRAINE,159,54159,DOMBASLE-SUR-MEURTHE,AVENUE DU GENERAL LECLERC,77232,0,3,RD,0,1,0,,,0,3,,,,1,10,0,0,1,0
5,6,1,1,3,54,FRANCE,LORRAINE,547,54547,VANDOEUVRE-LES-NANCY,RUE DE NORVEGE,77234,0,4,VC,0,2,2,,,0,1,,,,1,7,0,0,1,0
1,8,1,1,2,54,FRANCE,LORRAINE,395,54395,NANCY,RUE SAINT DIZIER,77236,0,4,VC,0,1,2,,,3,1,,,,1,2,0,0,1,0
1,8,3,1,3,54,FRANCE,LORRAINE,395,54395,NANCY,RUE RENE D'ANJOU,77261,0,4,VC,0,1,1,,,0,1,,,,1,7,0,0,1,0
5,8,1,1,6,54,FRANCE,LORRAINE,395,54395,NANCY,RUE MON DESERT,77263,0,4,VC,0,1,2,,,0,1,,,,1,7,0,0,1,0
1,6,3,2,6,54,FRANCE,LORRAINE,547,54547,VANDOEUVRE-LES-NANCY,RUE DE REMICH,77264,0,4,VC,0,1,2,,,0,1,,,,1,7,0,0,1,0
1,1,1,1,3,54,FRANCE,LORRAINE,395,54395,NANCY,RUE ALFRED MEZIERES,77266,0,4,VC,0,2,2,,,0,1,,,,1,7,0,0,1,0
1,8,1,1,3,54,FRANCE,LORRAINE,395,54395,NANCY,AVENUE DE STRASBOURG,77277,0,4,VC,0,2,4,,,0,4,,,,1,7,0,0,1,0
1,8,1,1,6,54,FRANCE,LORRAINE,395,54395,NANCY,RUE DU MAL OUDINOT,77290,0,4,VC,0,1,2,,,2,1,,,,1,,0,0,0,1
1,5,1,1,2,54,FRANCE,LORRAINE,304,54304,LAXOU,ROUTE DE VILLERS,77305,0,4,VC,0,2,2,,,0,1,,,,1,7,0,0,1,0
1,5,1,1,3,54,FRANCE,LORRAINE,578,54578,VILLERS-LES-NANCY,BOULEVARD AIGUILLETTES,77370,0,4,VC,0,1,2,0,0,0,1,,,,1,7,0,0,1,0
1,8,2,1,6,54,FRANCE,LORRAINE,395,54395,NANCY,RUE MON DESERT,77372,0,4,VC,0,1,2,0,0,0,1,,,,1,,0,0,0,1
1,8,2,2,3,54,FRANCE,LORRAINE,395,54395,NANCY,RUE MON DESERT,77385,0,4,VC,0,1,3,0,0,0,1,,,,1,7,0,0,1,0
1,8,3,1,3,54,FRANCE,LORRAINE,395,54395,NANCY,RUE DE FONTENOY,77391,0,4,VC,0,0,2,0,0,0,1,,,,1,7,0,0,1,0
1,8,3,1,3,54,FRANCE,LORRAINE,395,54395,NANCY,RUE DE NABECOR,77392,0,4,VC,0,1,1,0,0,2,1,,,,1,7,0,0,1,0
1,5,2,1,3,54,FRANCE,LORRAINE,184,54184,ESSEY-LES-NANCY,CHEMIN DE MOUZIMPRE,77416,0,4,VC,0,2,2,0,0,0,1,,,,1,7,0,0,1,0
1,2,1,1,3,54,FRANCE,LORRAINE,372,54372,MOIVRONS,RD 10,77426,0,3,RD,10,2,2,42,100,0,1,4882180,624497,,1,7,0,0,1,0
1,5,6,1,3,54,FRANCE,LORRAINE,498,54498,SEICHAMPS,RUE DES TILLES,77430,0,4,VC,0,1,2,0,0,0,1,,,,1,7,0,0,1,0
1,3,1,1,1,54,FRANCE,LORRAINE,557,54557,VELAINE-EN-HAYE,RD 90,77432,0,3,RD,90,2,2,4,0,0,0,4869930,602638,,1,7,0,0,1,0
1,8,1,1,6,54,FRANCE,LORRAINE,395,54395,NANCY,RUE ISABEY,77434,0,4,VC,0,1,1,0,0,0,0,,,,1,7,0,0,1,0
1,6,1,1,6,54,FRANCE,LORRAINE,547,54547,VANDOEUVRE-LES-NANCY,RUE DE CREVIC,77467,0,4,VC,0,2,2,0,0,1,1,,,,1,7,0,0,1,0
1,8,1,1,2,54,FRANCE,LORRAINE,395,54395,NANCY,RUE ISABEY,77472,0,4,VC,0,1,2,0,0,0,1,,,,1,7,0,0,1,0
1,1,1,1,6,54,FRANCE,LORRAINE,395,54395,NANCY,RUE DE LA FOUCOTTE,77478,0,4,VC,0,2,2,0,0,0,1,,,,1,,0,0,1,0
1,5,2,1,3,54,FRANCE,LORRAINE,528,54528,TOUL,ECURIES DE BOURGOGNE,77495,0,4,VC,0,2,2,0,1,0,1,,,,1,7,0,0,1,0
1,8,1,1,2,54,FRANCE,LORRAINE,395,54395,NANCY,AVENUE DE STRASBOURG,77515,0,4,VC,0,2,4,0,0,0,1,,,,1,10,0,0,1,0
1,8,1,1,2,54,FRANCE,LORRAINE,395,54395,NANCY,AVENUE FOCH,77527,0,4,VC,0,1,2,0,0,3,1,,,,1,7,0,0,1,0
5,8,1,2,6,54,FRANCE,LORRAINE,395,54395,NANCY,AVENUE DU GENERAL LECLERC,77528,0,4,VC,0,0,2,0,0,0,1,,,,1,40,0,0,1,0
1,8,3,2,3,54,FRANCE,LORRAINE,395,54395,NANCY,RUE DES TIERCELINS,77533,0,4,VC,0,1,2,0,0,1,1,,,,1,7,0,0,1,0
1,6,1,1,7,54,FRANCE,LORRAINE,547,54547,VANDOEUVRE-LES-NANCY,RUE LOUIS GUINGOT,77556,0,4,VC,0,0,1,0,0,1,5,,,,1,,0,0,1,0
1,5,1,1,2,54,FRANCE,LORRAINE,357,54357,MAXEVILLE,RUE SOLVAY,77562,0,4,VC,0,2,2,0,0,0,1,,,,1,7,0,0,1,0
2,8,2,1,3,54,FRANCE,LORRAINE,395,54395,NANCY,RUE JEAN LAMOUR,77574,0,4,VC,0,1,1,0,0,1,1,,,,1,7,0,0,1,0
1,8,2,1,3,54,FRANCE,LORRAINE,395,54395,NANCY,RUE DE TOMBLAINE,77585,5,4,VC,0,1,2,0,0,0,1,,,,1,7,0,0,1,0
1,6,2,1,3,54,FRANCE,LORRAINE,547,54547,VANDOEUVRE-LES-NANCY,RUE GABRIEL PERI,77588,0,4,VC,0,1,2,0,0,0,1,,,,1,7,0,0,1,0
5,5,3,1,3,54,FRANCE,LORRAINE,184,54184,ESSEY-LES-NANCY,AVENUE FOCH,77623,0,4,VC,0,2,2,0,0,0,0,,,,1,7,0,0,1,0
1,8,2,1,7,54,FRANCE,LORRAINE,395,54395,NANCY,BOULEVARD LOBAU,77638,0,4,VC,0,2,4,0,0,0,1,,,,1,7,0,0,1,0
1,6,3,1,3,54,FRANCE,LORRAINE,547,54547,VANDOEUVRE-LES-NANCY,AVENUE JEANNE D'ARC,77640,5,4,VC,0,2,3,0,0,0,1,,,,1,7,0,0,1,0
1,5,3,1,3,54,FRANCE,LORRAINE,397,54397,NEUVES-MAISONS,VC 0,77642,0,4,VC,0,2,2,0,0,0,1,0,0,,1,7,0,0,1,0
2,6,3,1,3,54,FRANCE,LORRAINE,329,54329,LUNEVILLE,AVENUE DU GENERAL DE GAULLE,77675,0,3,RD,0,2,3,,,2,5,,,,1,10,0,0,1,0
5,8,1,2,3,54,FRANCE,LORRAINE,395,54395,NANCY,RUE DU HAUT-BOURGEOIS,77677,0,4,VC,0,1,1,,,0,1,,,,1,7,0,0,1,0
1,5,1,1,3,54,FRANCE,LORRAINE,304,54304,LAXOU,RUE EDOUARD GROSJEAN,77751,0,4,VC,0,2,2,0,0,0,1,,,,1,10,0,0,1,0
1,5,4,1,6,54,FRANCE,LORRAINE,578,54578,VILLERS-LES-NANCY,AVENUE PAUL MULLER,77755,0,4,VC,0,2,0,0,0,0,1,,,,1,7,0,0,1,0
1,8,1,1,6,54,FRANCE,LORRAINE,395,54395,NANCY,RUE CHARLES MARTEL,77763,0,4,VC,0,2,2,0,0,0,1,,,,1,7,0,0,1,0
1,5,3,1,3,54,FRANCE,LORRAINE,159,54159,DOMBASLE-SUR-MEURTHE,RUE DES CHAMPS FLEURY,77764,0,9,Autre,0,2,2,0,0,0,1,,,,1,7,,,,
1,1,1,1,6,54,FRANCE,LORRAINE,547,54547,VANDOEUVRE-LES-NANCY,ROUTE DE MIRECOURT,77765,0,4,VC,0,2,2,0,0,1,1,,,,1,7,0,0,1,0
1,6,1,1,6,54,FRANCE,LORRAINE,547,54547,VANDOEUVRE-LES-NANCY,AVENUE JEANNE D'ARC,77766,0,4,VC,0,1,4,0,0,0,1,,,,1,14,0,0,1,0
1,5,1,1,3,54,FRANCE,LORRAINE,304,54304,LAXOU,BOULEVARD AIGUILLETTES,77783,0,4,VC,0,3,4,0,0,0,1,,,,1,7,0,0,1,0
1,8,1,1,2,54,FRANCE,LORRAINE,395,54395,NANCY,PLACE DES VOSGES,77790,0,4,VC,0,2,1,0,0,0,1,,,,1,7,0,0,1,0
1,8,1,1,3,54,FRANCE,LORRAINE,395,54395,NANCY,AVENUE DE STRASBOURG,77793,0,4,VC,0,2,4,0,0,0,4,,,,1,7,0,0,1,0
1,8,2,1,6,54,FRANCE,LORRAINE,395,54395,NANCY,RUE DES PONTS,77799,0,4,VC,0,1,2,0,0,0,1,,,,1,7,0,0,1,0
1,5,2,1,3,54,FRANCE,LORRAINE,528,54528,TOUL,JUDEE,77802,0,4,VC,0,1,1,0,1,0,1,,,,1,7,0,0,1,0
1,8,1,1,2,54,FRANCE,LORRAINE,395,54395,NANCY,AVENUE FOCH,77803,0,4,VC,0,1,3,0,0,3,1,,,,1,7,0,0,1,0
1,5,3,1,6,54,FRANCE,LORRAINE,482,54482,SAINT-MAX,RUE ALEXANDRE 1ER,77818,0,4,VC,0,2,2,0,0,0,0,,,,1,7,0,0,1,0
1,5,1,1,1,54,FRANCE,LORRAINE,578,54578,VILLERS-LES-NANCY,BOULEVARD VALONNIERE,77825,0,4,VC,0,2,2,0,0,0,1,,,,1,7,0,0,1,0
1,6,1,1,3,54,FRANCE,LORRAINE,547,54547,VANDOEUVRE-LES-NANCY,BOULEVARD DE L'EUROPE,77845,0,4,VC,0,3,4,,,0,1,,,,1,7,0,0,1,0
1,5,4,1,3,54,FRANCE,LORRAINE,528,54528,TOUL,CAPITAINE MARECHAL,77871,0,4,VC,0,2,2,0,1,0,1,,,,1,7,0,0,1,0
2,8,1,2,3,54,FRANCE,LORRAINE,395,54395,NANCY,AVENUE  BOUFFLERS,77880,0,4,VC,0,1,2,,,0,1,,,,1,7,0,0,1,0
1,8,2,4,3,54,FRANCE,LORRAINE,395,54395,NANCY,RUE SAINT DIZIER,77915,0,4,VC,0,1,2,,,0,1,,,,1,7,0,0,1,0
1,8,1,1,6,54,FRANCE,LORRAINE,395,54395,NANCY,RUE SAINT JEAN,77935,0,4,VC,0,2,2,0,0,3,4,,,,1,,0,0,0,1
1,8,1,1,6,54,FRANCE,LORRAINE,395,54395,NANCY,RUE DES CRISTALLERIES,77940,0,4,VC,0,1,2,0,0,2,1,,,,1,7,0,0,1,0
1,8,1,1,2,54,FRANCE,LORRAINE,395,54395,NANCY,BOULEVARD JEAN MOULIN,77947,0,4,VC,0,2,1,0,0,1,5,,,,1,2,0,0,1,0
1,8,2,1,3,54,FRANCE,LORRAINE,395,54395,NANCY,RUE DES FABRIQUES,77980,0,4,VC,0,1,0,0,0,1,1,,,,1,7,0,0,1,0
1,8,1,1,6,54,FRANCE,LORRAINE,395,54395,NANCY,RUE DE LA COLLINE,77983,0,4,VC,0,1,1,0,0,0,1,,,,1,,0,0,1,0
1,8,2,1,6,54,FRANCE,LORRAINE,395,54395,NANCY,PLACE CROIX DE BOURGOGNE,77986,0,4,VC,0,1,1,0,0,0,0,,,,1,7,0,0,1,0
1,8,1,1,6,54,FRANCE,LORRAINE,395,54395,NANCY,RUE MON DESERT,77990,0,4,VC,0,1,2,0,0,0,4,,,,1,,,,,
1,5,3,2,3,54,FRANCE,LORRAINE,528,54528,TOUL,ALBERT DENIS,77993,0,4,VC,0,2,2,0,1,0,1,,,,1,7,0,0,1,0
2,8,2,1,1,54,FRANCE,LORRAINE,395,54395,NANCY,RUE DE TOMBLAINE,78015,0,4,VC,0,2,3,,,0,1,,,,1,7,0,0,1,0
5,8,1,1,6,54,FRANCE,LORRAINE,395,54395,NANCY,RUE JEANNE D'ARC,78017,0,4,VC,0,1,2,,,0,1,,,,1,7,0,0,1,0
1,8,2,2,6,54,FRANCE,LORRAINE,395,54395,NANCY,AVENUE DU MARECHAL JUIN,78022,0,4,VC,0,2,0,,,0,1,,,,1,7,0,0,1,0
1,5,6,1,3,54,FRANCE,LORRAINE,300,54300,LANEUVEVILLE-DEVANT-NANCY,RUE ART-SUR-MEURTHE,78033,0,4,VC,0,2,2,,,0,1,,,,1,7,0,0,1,0
5,8,2,1,6,54,FRANCE,LORRAINE,395,54395,NANCY,AVENUE DU GENERAL LECLERC,78062,4,4,VC,0,1,1,,,3,1,,,,1,10,0,0,1,0
5,8,1,1,3,54,FRANCE,LORRAINE,395,54395,NANCY,RUE CHARLES DE FOUCAULD,78071,0,4,VC,0,1,2,,,0,1,,,,1,7,0,0,1,0
1,5,1,1,3,54,FRANCE,LORRAINE,257,54257,HEILLECOURT,RUE GRANDE  RUE,78078,0,4,VC,0,2,2,,,0,1,4865284,619275,,1,7,0,0,1,0
1,5,2,1,3,54,FRANCE,LORRAINE,328,54328,LUDRES,RD 73,78088,0,3,RD,73,2,2,2,500,0,1,4862203,617948,,1,10,0,0,1,0
1,5,6,1,3,54,FRANCE,LORRAINE,300,54300,LANEUVEVILLE-DEVANT-NANCY,RUE LUCIEN GALTIER,78089,0,3,RD,400,2,2,41,500,0,1,4865897,622837,,1,7,0,0,1,0
1,8,1,1,3,54,FRANCE,LORRAINE,395,54395,NANCY,PARC SAINTE MARIE,78091,0,9,Autre,0,0,0,,,0,0,,,,1,7,0,0,1,0
1,6,2,1,3,54,FRANCE,LORRAINE,547,54547,VANDOEUVRE-LES-NANCY,AVENUE JEAN JAURES,78101,0,4,VC,0,2,2,,,0,0,,,,1,7,0,0,1,0
1,6,1,1,3,54,FRANCE,LORRAINE,547,54547,VANDOEUVRE-LES-NANCY,PLACE JACQUES CALLOT,78116,0,4,VC,0,2,2,,,0,1,4866615,616418,,1,7,0,0,1,0
1,8,1,1,1,54,FRANCE,LORRAINE,395,54395,NANCY,AVENUE PINCHARD,78118,0,4,VC,0,2,1,,,3,4,4870071,614549,,1,7,0,0,1,0
1,5,1,1,6,54,FRANCE,LORRAINE,482,54482,SAINT-MAX,AVENUE CARNOT,78134,0,4,VC,0,0,0,,,0,1,,,,1,10,0,0,1,0
1,8,1,1,6,54,FRANCE,LORRAINE,395,54395,NANCY,RUE BARON LOUIS,78140,0,4,VC,0,2,2,,,2,5,4869598,617186,,1,7,0,0,1,0
1,1,3,1,3,54,FRANCE,LORRAINE,265,54265,HOUDEMONT,RUE DU COTEAU,78146,0,4,VC,0,1,2,,,0,5,4864752,618250,,1,7,0,0,1,0
1,8,1,1,3,54,FRANCE,LORRAINE,395,54395,NANCY,AVENUE DU MARECHAL JUIN,78148,0,4,VC,0,1,2,,,0,5,4867821,616935,,1,7,0,0,1,0
1,5,1,1,3,54,FRANCE,LORRAINE,184,54184,ESSEY-LES-NANCY,AVENUE DE BRIGACHTAL,78156,0,4,VC,0,2,4,,,0,5,,,,1,7,0,0,1,0
1,5,2,1,6,54,FRANCE,LORRAINE,526,54526,TOMBLAINE,RUE EUGENE POTIER,78159,0,4,VC,0,2,2,,,1,1,4869156,621363,,1,7,0,0,1,0
1,5,2,1,1,54,FRANCE,LORRAINE,578,54578,VILLERS-LES-NANCY,AVENUE PAUL MULLER,78165,0,4,VC,0,2,4,,,0,1,4865709,611195,,1,7,0,0,1,0
1,8,1,1,6,54,FRANCE,LORRAINE,395,54395,NANCY,BOULEVARD D'HAUSSONVILLE,78173,0,4,VC,,1,1,,,0,5,4867455,616353,,1,7,0,0,1,0
5,5,3,1,6,54,FRANCE,LORRAINE,274,54274,JARVILLE-LA-MALGRANGE,RUE JOSEPH PIROUX,78179,0,4,VC,0,0,2,,,0,0,,,,1,7,0,0,1,0
1,6,1,2,2,54,FRANCE,LORRAINE,547,54547,VANDOEUVRE-LES-NANCY,AVENUE DU GENERAL LECLERC,78196,0,4,VC,0,2,4,,,0,1,,,,1,7,0,0,1,0
1,8,1,1,3,54,FRANCE,LORRAINE,395,54395,NANCY,RUE CHARLES III,78223,0,4,VC,0,1,1,,,2,4,,,,1,7,0,0,1,0
1,8,3,1,3,54,FRANCE,LORRAINE,395,54395,NANCY,RUE DES FIN PONTS,78224,0,4,VC,0,2,2,,,0,1,,,,1,37,0,0,1,0
1,5,1,1,3,54,FRANCE,LORRAINE,578,54578,VILLERS-LES-NANCY,AVENUE DU GENERAL LECLERC,78232,0,4,VC,0,2,0,,,0,1,,,,1,7,0,0,1,0
1,5,1,1,3,54,FRANCE,LORRAINE,357,54357,MAXEVILLE,RUE DU RABODEAU,78238,0,6,Parking,0,0,0,,,0,0,,,,1,7,0,0,1,0
1,5,1,1,3,54,FRANCE,LORRAINE,526,54526,TOMBLAINE,AVENUE DE LA PAIX,78239,0,4,VC,0,2,2,,,0,1,,,,1,7,0,0,1,0
1,8,1,1,3,54,FRANCE,LORRAINE,395,54395,NANCY,RUE MON DESERT,78242,0,4,VC,0,1,2,,,0,1,,,,1,7,0,0,1,0
1,8,3,1,3,54,FRANCE,LORRAINE,395,54395,NANCY,PONT DE LA CONCORDE,78249,0,4,VC,0,2,2,,,1,0,,,,1,7,0,0,1,0
1,8,1,1,2,54,FRANCE,LORRAINE,395,54395,NANCY,PLACE DE REPUBLIQUE,78255,0,4,VC,0,2,0,,,0,1,,,,1,14,0,0,1,0
1,5,1,1,3,54,FRANCE,LORRAINE,184,54184,ESSEY-LES-NANCY,RUE DU PRESIDENT ROOSEVELT,78256,0,4,VC,0,1,2,,,0,1,,,,1,7,0,0,1,0
5,6,3,2,2,54,FRANCE,LORRAINE,547,54547,VANDOEUVRE-LES-NANCY,RUE DE REMICH,78260,0,4,VC,0,1,2,,,0,0,,,,1,7,0,0,1,0
5,8,1,1,3,54,FRANCE,LORRAINE,395,54395,NANCY,RUE CHARLES III,78285,0,4,VC,0,1,2,,,0,1,,,,1,7,0,0,1,0
5,5,6,1,3,54,FRANCE,LORRAINE,184,54184,ESSEY-LES-NANCY,RD 674,78288,0,2,RN,,1,0,,,0,1,,,,1,7,0,0,1,0
1,6,1,1,3,54,FRANCE,LORRAINE,547,54547,VANDOEUVRE-LES-NANCY,RUE DE MALINES,78317,0,4,VC,0,2,2,,,0,1,,,,1,7,0,0,1,0
1,5,4,1,3,54,FRANCE,LORRAINE,528,54528,TOUL,RUE DU CHAMP DE FOIRE,78335,0,4,VC,0,2,2,0,1,0,0,,,,1,7,0,0,1,0
1,3,3,1,1,54,FRANCE,LORRAINE,167,54167,DOMMARTIN-LES-TOUL,ALBERT LEBRUN,78337,0,4,VC,0,2,2,0,1,0,1,,,,1,10,0,0,1,0
1,4,1,1,1,55,FRANCE,LORRAINE,533,55533,VAUCOULEURS,VC 0,78356,5,4,VC,0,2,2,0,0,0,1,4860700,566600,,1,7,0,0,1,0
1,5,4,1,7,55,FRANCE,LORRAINE,545,55545,VERDUN,AVENUE DU GENERAL DE GAULLE,78362,0,2,RN,0,2,2,34,483,0,0,,,,1,7,0,0,1,0
1,1,1,1,7,55,FRANCE,LORRAINE,545,55545,VERDUN,BOULEVARD DE LA CITADELLE,78372,0,4,VC,0,2,2,,,0,1,,,,1,7,0,0,1,0
1,4,1,1,1,55,FRANCE,LORRAINE,502,55502,STENAY,RD 947,78375,0,3,RD,947,2,2,0,0,0,1,4949000,518000,,1,30,0,0,1,0
1,5,1,1,2,55,FRANCE,LORRAINE,029,55029,BAR-LE-DUC,RUE DE LA RESISTANCE,78388,0,4,VC,0,2,2,,,0,1,,,,1,7,0,0,1,0
3,1,1,1,3,55,FRANCE,LORRAINE,029,55029,BAR-LE-DUC,RN135,78403,0,2,RN,0,2,2,2,300,0,1,,,,1,7,0,0,1,0
1,5,1,4,3,55,FRANCE,LORRAINE,029,55029,BAR-LE-DUC,BOULEVARD DES ARDENNES,78410,0,4,VC,0,2,0,,,0,1,,,,1,7,0,0,1,0
5,4,3,1,3,55,FRANCE,LORRAINE,186,55186,FAINS-VEEL,PLACE DE LA MAIRIE,78453,0,4,VC,0,2,2,,,0,1,,,,1,7,0,0,1,0
2,5,1,1,7,55,FRANCE,LORRAINE,545,55545,VERDUN,AVENUE DES EPARGES,78485,0,3,RD,0,2,2,,,0,4,,,,1,,0,0,1,0
1,5,1,1,6,55,FRANCE,LORRAINE,029,55029,BAR-LE-DUC,BOULEVARD RAYMOND POINCARE,78490,0,4,VC,0,2,2,,,0,1,,,,1,,0,0,1,0