lum,agg,int,atm,col,dep_bis,pays,region,com_bis,com_codeINSEE,communes,N_voie,numac,infra,catr,type_route,voie,circ,nbv,pr,pr1,vosp,situ,lat,long,adr,accident_velo,vehicule_imp,cycl_mort,cycl_bgv,cycl_blg,cycl_indm
1,5,1,1,2,55,FRANCE,LORRAINE,545,55545,VERDUN,PONT CHAUSSEE,78493,2,4,VC,0,1,2,,,0,1,,,,1,7,0,0,1,0
1,4,3,3,3,55,FRANCE,LORRAINE,505,55505,THIERVILLE-SUR-MEUSE,AVENUE PIERRE GOUBET ET JEAN VAN HEEGHE,78500,0,3,RD,0,2,2,,,0,1,,,,1,7,0,0,1,0
1,5,1,1,3,55,FRANCE,LORRAINE,029,55029,BAR-LE-DUC,RUE JEAN-JACQUES ROUSSEAU ,78511,0,4,VC,0,1,0,,,0,1,,,,1,7,0,0,1,0
1,5,1,1,3,55,FRANCE,LORRAINE,545,55545,VERDUN,DU PRESIDENT POINCARE,78521,0,4,VC,0,1,2,,,0,1,,,,1,7,0,0,1,0
5,5,1,1,3,55,FRANCE,LORRAINE,029,55029,BAR-LE-DUC,RUE DU PORT,78538,0,4,VC,0,2,2,,,0,1,,,,1,7,0,0,1,0
1,5,1,1,3,55,FRANCE,LORRAINE,545,55545,VERDUN,AVENUE DE METZ,78549,0,3,RD,903,2,2,,,0,1,,,,1,7,0,0,1,0
1,4,4,1,3,55,FRANCE,LORRAINE,181,55181,ETAIN,RD 603,78569,0,3,RD,603,2,2,54,450,0,1,4921800,563200,,1,3,0,0,1,0
1,5,1,1,7,55,FRANCE,LORRAINE,545,55545,VERDUN,DU PRESIDENT POINCARE,78581,0,4,VC,0,1,2,,,0,4,,,,1,,0,0,0,1
1,1,1,1,3,55,FRANCE,LORRAINE,166,55166,DUGNY-SUR-MEUSE,RD 34,78586,0,3,RD,34,2,2,30,0,0,1,4913600,542000,,1,15,0,0,1,0
1,5,1,1,1,55,FRANCE,LORRAINE,545,55545,VERDUN,PIERRE DEMATHIEU,78588,0,4,VC,0,2,2,,,0,1,,,,1,7,0,0,1,0
1,5,1,1,3,55,FRANCE,LORRAINE,029,55029,BAR-LE-DUC,RUE LAPIQUE,78593,0,4,VC,0,2,0,,,0,1,,,,1,7,0,0,1,0
1,5,1,1,3,55,FRANCE,LORRAINE,545,55545,VERDUN,PLACE MARECHAL FOCH ,78606,0,4,VC,0,1,2,,,1,1,4915987,538450,,1,7,0,0,1,0
1,5,1,1,6,55,FRANCE,LORRAINE,029,55029,BAR-LE-DUC,AVENUE DE LA LIBERATION ,78608,0,3,RD,994,2,2,,,0,1,,,,1,7,0,0,1,0
3,1,1,2,3,55,FRANCE,LORRAINE,186,55186,FAINS-VEEL,D994,78622,0,3,RD,0,2,2,25,120,2,5,,,,1,7,0,0,1,0
1,5,6,1,3,55,FRANCE,LORRAINE,545,55545,VERDUN,place des Onze SIEges,78639,0,3,RD,112,3,1,0,170,0,1,4915799,539548,,1,7,0,0,1,0
1,4,1,1,3,55,FRANCE,LORRAINE,186,55186,FAINS-VEEL,AVENUE DE LA LIBERATION ,78648,0,3,RD,994,2,2,22,615,0,1,4879789,512278,,1,7,0,0,1,0
2,5,6,2,3,55,FRANCE,LORRAINE,545,55545,VERDUN,RUE DE CUMIERES,78654,0,4,VC,0,2,2,,,0,1,,,,1,7,0,0,1,0
1,5,6,1,3,55,FRANCE,LORRAINE,029,55029,BAR-LE-DUC,VOIE DES FUSILLES,78665,5,4,VC,0,0,2,2,0,0,0,,,,1,7,0,0,1,0
1,4,3,1,3,55,FRANCE,LORRAINE,505,55505,THIERVILLE-SUR-MEUSE,AVENUE PIERRE GOUBET ET JEAN VAN HEEGHE,78675,0,3,RD,38,2,2,41,740,0,1,4916512,536234,,1,7,0,0,1,0
1,1,1,1,6,55,FRANCE,LORRAINE,042,55042,BELLERAY,BASSE,78676,0,4,VC,0,2,1,,,0,1,,,,1,7,0,0,1,0
1,1,1,8,2,56,FRANCE,BRETAGNE,154,56154,PEILLAC,RD 764,78694,0,3,RD,764,3,1,9,250,0,1,4771800,-219000,,1,7,0,0,1,0
1,7,1,2,2,56,FRANCE,BRETAGNE,121,56121,LORIENT,BOULEVARD DU GENERAL LECLERC,78702,0,4,VC,0,3,2,,,2,1,,,,1,7,0,0,1,0
1,7,6,1,3,56,FRANCE,BRETAGNE,121,56121,LORIENT,ROND-POINT DU MANIO,78712,0,9,Autre,0,1,2,,,2,1,,,,1,7,0,0,1,0
1,7,1,1,6,56,FRANCE,BRETAGNE,121,56121,LORIENT,IMPASSE FRANCOIS LE LEVE,78717,0,9,Autre,0,2,2,,,0,1,,,,1,7,0,0,1,0
1,7,1,1,7,56,FRANCE,BRETAGNE,121,56121,LORIENT,RUE DU CAPITAINE GARDINIER,78725,0,9,Autre,0,2,2,,,0,1,,,,1,,0,0,1,0
1,7,1,2,2,56,FRANCE,BRETAGNE,260,56260,VANNES,RUE MONTAIGNE,78732,0,4,VC,0,2,2,,,0,1,,,,1,7,0,0,1,0
1,7,1,1,6,56,FRANCE,BRETAGNE,260,56260,VANNES,RUE DU CAPITAINE JUDE,78733,0,4,VC,0,2,2,,,0,1,,,,1,7,0,0,1,0
1,7,1,1,6,56,FRANCE,BRETAGNE,260,56260,VANNES,RUE DU PRESIDENT RENE COTY,78759,0,4,VC,0,1,1,,,0,1,,,,1,,0,0,1,0
1,1,6,1,3,56,FRANCE,BRETAGNE,162,56162,PLOEMEUR,ROUTE DEPARTEMENTALE 152,78766,0,3,RD,0,2,2,,,0,1,,,,1,7,0,0,1,0
1,6,1,1,7,56,FRANCE,BRETAGNE,098,56098,LANESTER,PONT SAINT-CHRISTOPHE,78769,2,9,Autre,0,2,4,,,2,1,,,,1,,0,0,1,0
1,6,2,1,3,56,FRANCE,BRETAGNE,098,56098,LANESTER,AVENUE LENINE ,78774,5,9,Autre,0,2,2,,,0,1,,,,1,7,0,0,1,0
1,7,3,1,3,56,FRANCE,BRETAGNE,121,56121,LORIENT,AVENUE DU GENERAL DE GAULLE,78776,0,9,Autre,0,2,2,,,2,1,,,,1,7,0,0,1,0
1,6,1,1,6,56,FRANCE,BRETAGNE,098,56098,LANESTER,RUE JEAN JAURES,78779,0,9,Autre,0,2,2,,,0,1,,,,1,7,0,0,1,0
1,1,1,1,1,56,FRANCE,BRETAGNE,168,56168,PLOUHARNEL,RD 768,78793,0,3,RD,768,2,0,0,0,0,1,4760700,-310500,,1,7,0,0,1,0
1,7,2,1,3,56,FRANCE,BRETAGNE,121,56121,LORIENT,RUE AMIRAL COURBET,78801,0,9,Autre,0,2,2,,,0,1,,,,1,7,0,0,1,0
1,7,1,1,7,56,FRANCE,BRETAGNE,121,56121,LORIENT,RUE DE BELGIQUE,78803,0,9,Autre,0,2,2,,,2,1,,,,1,,0,0,1,0
1,7,1,1,3,56,FRANCE,BRETAGNE,121,56121,LORIENT,AVENUE CAPITAINE MARIENNE,78804,0,9,Autre,0,2,2,,,0,1,,,,1,7,0,0,1,0
1,7,6,1,3,56,FRANCE,BRETAGNE,121,56121,LORIENT,ROND-POINT DE TY-LANN,78826,0,9,Autre,0,1,1,,,0,1,,,,1,7,0,0,1,0
1,7,1,1,6,56,FRANCE,BRETAGNE,121,56121,LORIENT,AVENUE RAYMOND QUEUDET,78829,0,9,Autre,0,2,2,,,1,5,,,,1,,0,0,0,1
1,1,1,1,7,56,FRANCE,BRETAGNE,107,56107,LARMOR-PLAGE,ROUTE DEPARTEMENTALE 29,78830,0,3,RD,0,3,4,,,2,5,,,,1,,0,0,1,0
1,7,6,1,3,56,FRANCE,BRETAGNE,121,56121,LORIENT,ROND-POINT DU PRESIDENT KENNEDY,78832,0,9,Autre,0,1,2,,,2,5,,,,1,7,0,0,1,0
5,7,1,1,7,56,FRANCE,BRETAGNE,121,56121,LORIENT,PLACE DE LANVEUR,78837,0,9,Autre,0,2,2,,,0,1,,,,1,,0,0,1,0
1,7,6,1,3,56,FRANCE,BRETAGNE,121,56121,LORIENT,ROND-POINT DES ASTURIES,78838,0,4,VC,0,1,2,,,1,5,,,,1,7,0,0,1,0
1,5,1,1,7,56,FRANCE,BRETAGNE,107,56107,LARMOR-PLAGE,RUE JULES LE GUEN,78841,0,9,Autre,0,2,2,,,0,1,,,,1,,0,0,1,0
5,7,1,1,3,56,FRANCE,BRETAGNE,121,56121,LORIENT,BOULEVARD EDOUARD HERRIOT,78842,0,9,Autre,0,2,2,,,0,1,,,,1,7,0,0,1,0
1,7,1,2,7,56,FRANCE,BRETAGNE,121,56121,LORIENT,PLACE ALSACE-LORRAINE,78845,0,9,Autre,0,2,2,,,0,1,,,,1,,0,0,1,0
1,7,6,1,3,56,FRANCE,BRETAGNE,260,56260,VANNES,GIRATOIRE DE KERGRAIN,78848,0,4,VC,0,1,2,,,0,1,,,,1,7,0,0,1,0
1,5,1,1,7,56,FRANCE,BRETAGNE,162,56162,PLOEMEUR,RUE DU FORT BLOQUE,78857,0,3,RD,0,2,2,,,0,1,,,,1,,0,0,1,0
1,7,1,1,7,56,FRANCE,BRETAGNE,121,56121,LORIENT,AVENUE JEAN JAURES,78860,0,9,Autre,0,2,2,,,0,1,,,,1,,0,0,1,0
1,6,1,1,3,56,FRANCE,BRETAGNE,098,56098,LANESTER,RN 165,78861,0,9,Autre,0,0,0,,,0,1,,,,1,7,0,0,1,0
1,5,1,1,3,56,FRANCE,BRETAGNE,162,56162,PLOEMEUR,RUE DU FORT BLOQUE,78863,0,9,Autre,0,1,2,,,0,1,,,,1,7,0,0,1,0
1,7,1,1,3,56,FRANCE,BRETAGNE,121,56121,LORIENT,COURS LOUIS DE CHAZELLES,78868,0,9,Autre,0,2,2,,,0,1,,,,1,7,0,0,1,0
1,1,1,1,7,56,FRANCE,BRETAGNE,162,56162,PLOEMEUR,RUE DU MOULIN DU TER,78885,0,9,Autre,0,2,2,,,0,1,,,,1,,0,0,1,0
1,7,1,1,3,56,FRANCE,BRETAGNE,260,56260,VANNES,RUE SAINTE ANNE,78887,0,4,VC,0,2,2,,,0,1,,,,1,7,0,0,1,0
1,5,6,1,1,56,FRANCE,BRETAGNE,178,56178,PONTIVY,RD 764,78892,0,3,RD,764,2,2,0,0,0,1,4807200,-296600,,1,14,0,0,1,0
1,6,6,1,3,56,FRANCE,BRETAGNE,098,56098,LANESTER,AVENUE LENINE ,78893,0,9,Autre,0,1,1,,,0,1,,,,1,7,0,0,1,0
2,6,6,1,3,56,FRANCE,BRETAGNE,098,56098,LANESTER,AVENUE FRANCOIS BILLOUX,78905,0,9,Autre,0,2,2,,,0,1,,,,1,7,0,0,1,0
1,6,1,1,7,56,FRANCE,BRETAGNE,098,56098,LANESTER,AVENUE DU GENERAL DE GAULLE,78907,0,9,Autre,0,2,2,,,0,1,,,,1,,0,0,1,0
1,5,1,1,7,56,FRANCE,BRETAGNE,162,56162,PLOEMEUR,RUE DUPUY DE LOME,78921,0,9,Autre,0,2,2,,,0,1,,,,1,,0,0,1,0
1,7,3,3,6,56,FRANCE,BRETAGNE,260,56260,VANNES,RUE FRANCIS DECKER,78923,0,4,VC,0,2,2,,,0,1,,,,1,7,0,0,1,0
1,7,2,1,3,56,FRANCE,BRETAGNE,260,56260,VANNES,RUE DE L'AMIRAL DEFFORGES,78924,5,4,VC,0,2,2,,,0,1,,,,1,7,0,0,1,0
2,7,1,1,6,56,FRANCE,BRETAGNE,260,56260,VANNES,RUE DU 4 AOUT 1944,78927,0,4,VC,0,0,2,,,0,1,,,,1,7,,,,
1,7,3,1,6,56,FRANCE,BRETAGNE,260,56260,VANNES,RUE DE L'AMIRAL PIERRE RONARC'H,78929,0,4,VC,0,2,2,,,0,1,,,,1,7,0,0,1,0
1,6,3,1,3,56,FRANCE,BRETAGNE,098,56098,LANESTER,AVENUE DU PONT DU BONHOMME,78934,0,9,Autre,0,2,2,,,0,1,,,,1,7,0,0,1,0
1,7,1,1,6,56,FRANCE,BRETAGNE,121,56121,LORIENT,RUE ROLAND GARROS,78935,0,9,Autre,0,2,2,,,0,1,,,,1,7,0,0,1,0
1,5,4,1,3,56,FRANCE,BRETAGNE,162,56162,PLOEMEUR,RUE ANSE DU STOLE,78944,0,9,Autre,0,2,2,,,0,1,,,,1,7,0,0,1,0
2,5,1,1,7,56,FRANCE,BRETAGNE,107,56107,LARMOR-PLAGE,RUE DE KERGUELEN,78955,0,9,Autre,0,2,2,,,0,1,,,,1,,0,0,1,0
1,7,1,2,6,56,FRANCE,BRETAGNE,121,56121,LORIENT,AVENUE RAYMOND QUEUDET,78959,0,9,Autre,0,2,2,,,1,4,,,,1,,0,0,0,1
1,7,6,8,3,56,FRANCE,BRETAGNE,260,56260,VANNES,BOULEVARDDE LA RESISTANCE,78978,0,4,VC,0,2,2,,,0,1,,,,1,7,0,0,1,0
1,7,9,1,2,56,FRANCE,BRETAGNE,121,56121,LORIENT,BOULEVARD EMMANUEL SVOB,78988,0,9,Autre,0,0,1,,,0,1,,,,1,7,0,0,1,0
5,7,1,2,3,56,FRANCE,BRETAGNE,121,56121,LORIENT,RUE  EDITH PIAF,78990,0,9,Autre,0,2,1,,,0,1,,,,1,7,0,0,1,0
5,7,3,1,3,56,FRANCE,BRETAGNE,121,56121,LORIENT,BOULEVARD DE NORMANDIE,78996,0,9,Autre,0,2,2,,,2,1,,,,1,7,0,0,1,0
5,7,4,1,2,56,FRANCE,BRETAGNE,121,56121,LORIENT,PONT SAINT-CHRISTOPHE,78998,2,9,Autre,0,2,2,,,2,1,,,,1,7,0,0,1,0
1,7,1,1,6,56,FRANCE,BRETAGNE,121,56121,LORIENT,BOULEVARD LEON BLUM,79000,5,9,Autre,0,2,2,,,2,1,,,,1,,0,0,1,0
5,7,1,3,3,56,FRANCE,BRETAGNE,260,56260,VANNES,AVENUE DU MARECHAL JUIN,79014,5,4,VC,0,3,3,,,0,1,,,,1,7,0,0,1,0
5,7,9,1,6,56,FRANCE,BRETAGNE,260,56260,VANNES,RUE GUILLAUME LE BARTZ,79018,0,4,VC,0,2,2,,,0,1,,,,1,7,0,0,1,0
1,7,1,1,3,56,FRANCE,BRETAGNE,260,56260,VANNES,BOULEVARD DU COLONEL REMY,79021,0,4,VC,0,2,2,,,0,1,,,,1,7,0,0,1,0
1,7,6,1,3,56,FRANCE,BRETAGNE,260,56260,VANNES,GIRATOIRE DE BEAUPRE,79054,0,4,VC,0,1,2,,,0,1,,,,1,7,0,0,1,0
1,7,1,1,6,56,FRANCE,BRETAGNE,260,56260,VANNES,GIRATOIRE DE KERLUHERNE,79059,0,3,RD,0,1,2,,,0,1,,,,1,,0,0,1,0
5,7,6,2,3,56,FRANCE,BRETAGNE,121,56121,LORIENT,AVENUE CAPITAINE MARIENNE,79062,0,9,Autre,0,2,2,,,0,1,,,,1,7,0,0,1,0
5,5,6,1,3,56,FRANCE,BRETAGNE,083,56083,HENNEBONT,ROND-POINT DE KERGROIX,79065,0,9,Autre,0,1,2,,,0,1,,,,1,7,0,0,1,0
1,7,6,1,3,56,FRANCE,BRETAGNE,121,56121,LORIENT,DU COLONEL JEAN MULLER,79094,0,9,Autre,0,2,2,,,2,5,,,,1,7,0,0,1,0
1,6,1,1,7,56,FRANCE,BRETAGNE,098,56098,LANESTER,RUE JEAN PAUL MARAT,79096,0,9,Autre,0,2,2,,,0,1,,,,1,,0,0,1,0
5,7,1,1,7,56,FRANCE,BRETAGNE,121,56121,LORIENT,RUE JULES SIMON,79103,0,9,Autre,0,2,2,,,0,1,,,,1,,0,0,1,0
1,7,6,1,3,56,FRANCE,BRETAGNE,121,56121,LORIENT,BOULEVARD DE NORMANDIE,79105,0,9,Autre,0,2,2,,,2,0,,,,1,7,0,0,1,0
1,5,4,1,6,56,FRANCE,BRETAGNE,107,56107,LARMOR-PLAGE,RUE DES 4 FRERES LEROY QUERET,79107,0,9,Autre,0,2,2,,,2,1,,,,1,7,0,0,1,0
1,7,3,1,3,56,FRANCE,BRETAGNE,260,56260,VANNES,RUE WINSTON CHURCHILL,79116,5,4,VC,0,2,2,,,0,1,,,,1,7,0,0,1,0
1,1,1,1,3,56,FRANCE,BRETAGNE,008,56008,BADEN,RD 316,79117,0,3,RD,316,2,2,7,500,0,1,4760000,-289000,,1,7,0,0,1,0
1,7,1,1,3,56,FRANCE,BRETAGNE,121,56121,LORIENT,BOULEVARD DE NORMANDIE,79134,0,4,VC,0,2,2,,,2,5,,,,1,7,0,0,1,0
1,7,1,1,6,56,FRANCE,BRETAGNE,260,56260,VANNES,AVENUE DE VERDUN,79140,0,4,VC,0,2,2,,,1,5,,,,1,7,0,0,1,0
1,7,1,1,3,56,FRANCE,BRETAGNE,260,56260,VANNES,AVENUE EDGAR DEGAS,79147,0,5,Hors_reseau,0,0,0,,,0,0,,,,1,7,0,0,1,0
1,5,3,1,3,56,FRANCE,BRETAGNE,107,56107,LARMOR-PLAGE,RUE DES 4 FRERES LEROY QUERET,79153,0,9,Autre,0,2,2,,,0,4,,,,1,7,0,0,1,0
1,6,6,1,3,56,FRANCE,BRETAGNE,098,56098,LANESTER,ROND-POINT DE LANN-SEVELIN,79162,0,9,Autre,0,1,3,,,2,1,,,,1,7,0,0,1,0
1,7,1,1,3,56,FRANCE,BRETAGNE,121,56121,LORIENT,RUE DE KERJULAUDE,79170,0,4,VC,0,2,2,,,0,1,,,,1,7,0,0,1,0
1,7,1,1,7,56,FRANCE,BRETAGNE,121,56121,LORIENT,RUE DE LA FAYETTE,79188,0,4,VC,0,2,20,,,0,1,,,,1,,0,0,1,0
1,7,1,1,7,56,FRANCE,BRETAGNE,121,56121,LORIENT,RUE PAUL GUIEYSSE,79194,0,4,VC,0,2,1,,,0,1,,,,1,,0,0,1,0
1,7,6,1,3,56,FRANCE,BRETAGNE,121,56121,LORIENT,AVENUE CAPITAINE MARIENNE,79195,0,9,Autre,0,2,2,,,0,1,,,,1,7,0,0,1,0
1,5,1,1,3,56,FRANCE,BRETAGNE,162,56162,PLOEMEUR,RUE DES PINS,79197,0,9,Autre,0,2,2,,,0,1,,,,1,33,0,0,1,0
1,1,1,1,3,56,FRANCE,BRETAGNE,162,56162,PLOEMEUR,KEREVEN,79207,0,9,Autre,0,2,2,,,0,1,,,,1,7,0,0,1,0
1,7,1,1,7,56,FRANCE,BRETAGNE,121,56121,LORIENT,AVENUE DE KERGROISE,79218,0,9,Autre,0,2,2,,,0,1,,,,1,7,0,0,1,0
1,1,1,1,7,56,FRANCE,BRETAGNE,162,56162,PLOEMEUR,KERLAVRET,79225,0,4,VC,0,0,0,,,0,0,,,,1,,0,0,1,0
1,5,1,1,7,56,FRANCE,BRETAGNE,162,56162,PLOEMEUR,RUE DES CHASSEURS,79228,0,9,Autre,0,2,2,,,0,1,,,,1,,0,0,1,0
1,5,1,1,7,56,FRANCE,BRETAGNE,162,56162,PLOEMEUR,STE ANNE,79230,0,9,Autre,0,2,2,,,0,4,,,,1,,0,0,1,0
1,7,1,1,1,56,FRANCE,BRETAGNE,260,56260,VANNES,RUE DE LA BRISE,79238,0,4,VC,0,2,2,,,0,1,,,,1,7,0,0,1,0
1,5,1,1,7,56,FRANCE,BRETAGNE,162,56162,PLOEMEUR,RUE DE SAINT MAUDE,79244,0,9,Autre,0,2,2,,,0,1,,,,1,,0,0,1,0
1,6,2,1,3,56,FRANCE,BRETAGNE,098,56098,LANESTER,RUE MARCEL CACHIN,79252,0,4,VC,0,2,2,,,0,1,,,,1,7,0,0,1,0
1,1,6,1,6,56,FRANCE,BRETAGNE,260,56260,VANNES,GIRATOIRE DE KERLUHERNE,79262,5,4,VC,0,1,2,,,0,1,,,,1,7,0,0,1,0
1,6,1,1,3,56,FRANCE,BRETAGNE,098,56098,LANESTER,RUE JEAN JAURES,79278,0,4,VC,0,2,2,,,0,1,,,,1,7,0,0,1,0
1,5,1,1,3,56,FRANCE,BRETAGNE,162,56162,PLOEMEUR,RUE DES ALLIES ,79290,0,4,VC,0,2,2,,,0,1,,,,1,7,0,0,1,0
1,7,1,1,2,56,FRANCE,BRETAGNE,121,56121,LORIENT,AVENUE DU GENERAL DE GAULLE,79299,0,4,VC,0,2,2,,,0,1,,,,1,7,0,0,1,0
1,7,1,1,7,56,FRANCE,BRETAGNE,121,56121,LORIENT,RUE MONISTROL,79305,0,4,VC,0,2,2,,,0,1,,,,1,7,0,0,1,0
1,7,6,1,3,56,FRANCE,BRETAGNE,121,56121,LORIENT,AVENUE ANATOLE FRANCE,79317,0,4,VC,0,2,2,,,0,1,,,,1,7,0,0,1,0
1,7,6,1,3,56,FRANCE,BRETAGNE,121,56121,LORIENT,ROND-POINT DU PRESIDENT KENNEDY,79321,0,4,VC,0,2,2,1,0,0,1,,,,1,7,0,0,1,0
1,6,1,1,3,56,FRANCE,BRETAGNE,098,56098,LANESTER,AVENUE FRANCOIS MITERRAND,79326,0,4,VC,0,2,2,,,0,1,,,,1,7,0,0,1,0
5,6,1,1,2,56,FRANCE,BRETAGNE,098,56098,LANESTER,AVENUE FRANCOIS MITERRAND,79328,0,4,VC,0,2,2,,,0,1,,,,1,7,0,0,1,0
5,7,1,1,7,56,FRANCE,BRETAGNE,121,56121,LORIENT,DU COLONEL JEAN MULLER,79351,0,4,VC,0,2,2,,,0,1,,,,1,7,0,0,1,0
5,7,6,1,3,56,FRANCE,BRETAGNE,121,56121,LORIENT,ROND-POINT DU PRESIDENT KENNEDY,79352,0,4,VC,0,2,2,1,0,0,1,,,,1,7,0,0,1,0
5,6,1,1,3,56,FRANCE,BRETAGNE,098,56098,LANESTER,RUE YOURI GAGARINE,79353,0,4,VC,0,2,2,,,0,1,,,,1,7,0,0,1,0
5,7,6,1,3,56,FRANCE,BRETAGNE,121,56121,LORIENT,ROND-POINT DU PRESIDENT KENNEDY,79354,0,4,VC,0,2,2,1,0,0,1,,,,1,7,0,0,1,0
1,5,6,8,3,56,FRANCE,BRETAGNE,243,56243,SENE,VC 1,79377,0,4,VC,1,1,2,0,0,0,1,4762600,-273300,,1,7,0,0,1,0
5,6,1,1,7,56,FRANCE,BRETAGNE,098,56098,LANESTER,RUE GABRIEL PERI,79381,0,9,Autre,0,2,2,,,2,1,,,,1,,0,0,1,0
1,7,2,1,3,56,FRANCE,BRETAGNE,121,56121,LORIENT,IMPASSE DE KERMELO,79382,0,9,Autre,0,2,2,,,0,1,,,,1,7,0,0,1,0
1,7,1,1,3,56,FRANCE,BRETAGNE,121,56121,LORIENT,PLACE JULES FERRY,79383,0,9,Autre,0,2,2,,,0,1,,,,1,7,0,0,1,0
1,7,1,1,3,56,FRANCE,BRETAGNE,260,56260,VANNES,AVENUE DU GENERAL DELESTRAINT,79402,0,4,VC,0,1,2,,,0,1,,,,1,7,0,0,1,0
1,7,6,1,3,56,FRANCE,BRETAGNE,121,56121,LORIENT,RUE DU VICE-AM FJ BOUVET,79410,0,4,VC,0,1,1,,,0,1,,,,1,7,0,0,1,0
2,7,6,1,3,56,FRANCE,BRETAGNE,121,56121,LORIENT,AVENUE DE LA PERRIERE,79425,0,9,Autre,0,2,2,,,0,0,,,,1,7,0,0,1,0
1,7,3,1,3,56,FRANCE,BRETAGNE,121,56121,LORIENT,RUE DES PINS,79446,0,9,Autre,0,2,2,,,0,0,,,,1,7,0,0,1,0
1,7,6,1,3,56,FRANCE,BRETAGNE,260,56260,VANNES,RUE DES GRANDES MURAILLES,79451,0,4,VC,0,2,2,,,0,0,,,,1,7,0,0,1,0
1,7,1,2,2,56,FRANCE,BRETAGNE,260,56260,VANNES,RUE WINSTON CHURCHILL,79455,0,4,VC,0,2,2,,,2,1,,,,1,7,0,0,1,0
1,7,3,1,3,56,FRANCE,BRETAGNE,260,56260,VANNES,RYCKEBUSH,79456,0,4,VC,0,2,2,,,0,0,,,,1,7,0,0,1,0
1,7,2,1,6,56,FRANCE,BRETAGNE,260,56260,VANNES,RUE MADAME LAGARDE,79458,5,4,VC,0,2,2,,,0,1,,,,1,,,,,
1,7,1,1,3,56,FRANCE,BRETAGNE,121,56121,LORIENT,BOULEVARD COSMAO-DUMANOIR,79472,0,9,Autre,0,2,2,,,2,2,,,,1,7,0,0,1,0
1,7,6,2,3,56,FRANCE,BRETAGNE,121,56121,LORIENT,ROND-POINT DU MANIO,79473,0,9,Autre,0,3,2,,,2,0,,,,1,7,0,0,1,0
1,5,1,1,7,56,FRANCE,BRETAGNE,083,56083,HENNEBONT,ROUTE PORT LOUIS,79475,0,4,VC,0,2,2,,,0,1,,,,1,,0,0,1,0
1,6,1,1,3,56,FRANCE,BRETAGNE,098,56098,LANESTER,AVENUE KESLER DEVILLERS,79477,0,9,Autre,0,2,2,,,0,1,,,,1,7,0,0,1,0
1,7,6,1,3,56,FRANCE,BRETAGNE,260,56260,VANNES,RUE PORTE POTERNE,79484,5,4,VC,0,1,1,,,0,1,,,,1,7,0,0,1,0
1,7,6,1,3,56,FRANCE,BRETAGNE,121,56121,LORIENT,BOULEVARD D'ORADOUR SUR GLANE,79491,0,9,Autre,0,2,2,,,2,0,,,,1,7,0,0,1,0
1,7,1,1,3,56,FRANCE,BRETAGNE,260,56260,VANNES,ALLEE S DES PAQUERETTES,79511,0,4,VC,0,2,2,,,0,1,,,,1,7,0,0,1,0
1,1,1,1,1,56,FRANCE,BRETAGNE,008,56008,BADEN,RD 101,79517,0,3,RD,101,2,2,11,0,0,1,0,0,,1,7,0,0,1,0
1,5,1,1,3,56,FRANCE,BRETAGNE,162,56162,PLOEMEUR,LE VIEUX MOULIN DU TER,79520,0,9,Autre,0,2,2,,,0,1,,,,1,7,0,0,1,0
1,5,1,1,2,56,FRANCE,BRETAGNE,083,56083,HENNEBONT,ROUTE DE LOCHRIST,79528,0,9,Autre,0,2,2,,,0,1,,,,1,7,0,0,1,0
1,7,6,1,3,56,FRANCE,BRETAGNE,121,56121,LORIENT,AVENUE DE LA MARNE,79532,0,9,Autre,0,2,2,,,2,0,,,,1,7,0,0,1,0
1,5,1,1,7,56,FRANCE,BRETAGNE,162,56162,PLOEMEUR,RUE D'ATLANTIQUE,79534,0,9,Autre,0,2,2,,,1,5,,,,1,,0,0,1,0
1,7,1,1,3,56,FRANCE,BRETAGNE,121,56121,LORIENT,BOULEVARD DU SCORFF,79535,0,9,Autre,0,2,2,,,2,1,,,,1,7,0,0,1,0
1,7,1,1,7,56,FRANCE,BRETAGNE,260,56260,VANNES,RUE WINSTON CHURCHILL,79544,0,4,VC,0,2,2,,,0,4,,,,1,,0,0,1,0
1,5,1,1,7,56,FRANCE,BRETAGNE,162,56162,PLOEMEUR,CHEMIN DE VIVIERS,79559,0,9,Autre,0,2,2,,,0,1,,,,1,,0,0,1,0
1,5,1,1,7,56,FRANCE,BRETAGNE,107,56107,LARMOR-PLAGE,RUE DES CIGALES,79561,0,9,Autre,0,2,2,,,0,1,,,,1,,0,0,1,0
1,7,1,1,3,56,FRANCE,BRETAGNE,121,56121,LORIENT,RUE GENERAL DE BOLLARDIERE,79562,0,9,Autre,0,2,2,,,2,1,,,,1,7,0,0,1,0
1,5,1,1,7,56,FRANCE,BRETAGNE,083,56083,HENNEBONT,AVENUE JEAN JAURES,79563,0,9,Autre,0,2,4,,,0,1,,,,1,,0,0,1,0
1,5,1,3,7,56,FRANCE,BRETAGNE,162,56162,PLOEMEUR,RUE FRANCOIS MITTERRAND,79567,0,9,Autre,0,2,2,,,0,1,,,,1,,0,0,1,0
1,7,6,1,3,56,FRANCE,BRETAGNE,121,56121,LORIENT,AVENUE ANATOLE FRANCE,79578,0,9,Autre,0,2,2,,,3,0,,,,1,7,0,0,1,0
1,7,1,1,3,56,FRANCE,BRETAGNE,121,56121,LORIENT,ROND-POINT DU MANIO,79580,0,9,Autre,0,1,2,,,2,1,,,,1,7,0,0,1,0
1,7,1,1,7,56,FRANCE,BRETAGNE,121,56121,LORIENT,AVENUE JEAN JAURES,79581,0,9,Autre,0,2,2,,,0,1,,,,1,,0,0,1,0