lum,agg,int,atm,col,dep_bis,pays,region,com_bis,com_codeINSEE,communes,N_voie,numac,infra,catr,type_route,voie,circ,nbv,pr,pr1,vosp,situ,lat,long,adr,accident_velo,vehicule_imp,cycl_mort,cycl_bgv,cycl_blg,cycl_indm
1,7,1,1,7,56,FRANCE,BRETAGNE,121,56121,LORIENT,RUE LOUIS BRAILLE,79582,0,9,Autre,0,2,2,,,0,4,,,,1,,0,0,1,0
1,1,1,1,7,56,FRANCE,BRETAGNE,083,56083,HENNEBONT,RUE DU HALAGE,79586,0,9,Autre,0,2,2,,,0,3,,,,1,,0,0,1,0
1,7,2,1,3,56,FRANCE,BRETAGNE,121,56121,LORIENT,RUE AMIRAL COURBET,79590,0,9,Autre,0,2,2,,,0,1,,,,1,7,0,0,1,0
1,7,1,2,7,56,FRANCE,BRETAGNE,121,56121,LORIENT,RUE CHAIGNEAU,79591,0,9,Autre,0,2,2,,,0,1,,,,1,,0,0,1,0
1,7,1,1,7,56,FRANCE,BRETAGNE,121,56121,LORIENT,RUE LOUIS BLANQUI,79593,0,9,Autre,0,2,2,,,0,1,,,,1,,0,0,1,0
1,6,1,1,7,56,FRANCE,BRETAGNE,098,56098,LANESTER,RUE ANDRE SAKHAROV,79597,0,4,VC,0,2,2,,,0,1,,,,1,,0,0,1,0
1,7,1,1,7,56,FRANCE,BRETAGNE,260,56260,VANNES,AVENUE WILSON ,79604,0,4,VC,0,3,4,,,0,4,,,,1,,0,0,1,0
1,4,1,1,3,56,FRANCE,BRETAGNE,034,56034,CARNAC,VC 2,79606,0,4,VC,2,2,2,0,0,0,1,4758800,-309200,,1,7,0,0,1,0
1,6,1,1,3,56,FRANCE,BRETAGNE,098,56098,LANESTER,AVENUE DU PONT DU BONHOMME,79616,0,4,VC,0,2,2,,,0,1,,,,1,7,0,0,1,0
1,7,1,1,1,56,FRANCE,BRETAGNE,121,56121,LORIENT,RUE CHAIGNEAU,79621,0,4,VC,0,2,2,,,0,1,,,,1,7,0,0,1,0
1,1,2,1,3,56,FRANCE,BRETAGNE,162,56162,PLOEMEUR,CHEMIN DE LA LAITERIE,79626,0,4,VC,0,2,2,,,0,1,,,,1,7,0,0,1,0
1,6,1,1,7,56,FRANCE,BRETAGNE,098,56098,LANESTER,RUE AUGUSTE RENOIR,79628,0,9,Autre,0,2,2,,,0,1,,,,1,,0,0,1,0
5,1,6,1,3,56,FRANCE,BRETAGNE,162,56162,PLOEMEUR,RUE ROBERT SCHUMAN,79629,0,9,Autre,0,2,2,,,0,0,,,,1,7,0,0,1,0
1,7,1,1,3,56,FRANCE,BRETAGNE,121,56121,LORIENT,RUE ALBERT CAMUS,79630,0,9,Autre,0,2,2,,,0,1,,,,1,7,0,0,1,0
1,7,1,1,6,56,FRANCE,BRETAGNE,260,56260,VANNES,AVENUE EDOUARD HERRIOT,79638,0,4,VC,0,2,2,,,0,4,,,,1,,,,,
1,6,1,8,7,56,FRANCE,BRETAGNE,098,56098,LANESTER,RUE MARCEL SEMBAT,79655,0,9,Autre,0,2,2,,,0,1,,,,1,,0,0,1,0
1,6,2,1,6,56,FRANCE,BRETAGNE,098,56098,LANESTER,RUE PIERRE DE RONSARD,79658,0,9,Autre,0,2,2,,,0,1,,,,1,7,0,0,1,0
1,6,6,1,3,56,FRANCE,BRETAGNE,098,56098,LANESTER,AVENUE PABLO NERUDA,79659,0,9,Autre,0,2,2,,,0,0,,,,1,7,0,0,1,0
1,6,1,1,7,56,FRANCE,BRETAGNE,098,56098,LANESTER,IMPASSE JEAN ROSTAND,79661,0,9,Autre,0,0,0,,,0,1,,,,1,,0,0,1,0
1,7,6,1,6,56,FRANCE,BRETAGNE,260,56260,VANNES,RUE DE ROHAN,79674,0,4,VC,0,2,2,,,0,1,,,,1,2,0,0,1,0
1,7,6,1,3,56,FRANCE,BRETAGNE,121,56121,LORIENT,ROND-POINT DES ASTURIES,79691,0,9,Autre,0,1,2,,,2,1,,,,1,7,0,0,1,0
1,7,1,8,3,56,FRANCE,BRETAGNE,260,56260,VANNES,GIRATOIRE DES ILES,79705,6,4,VC,0,1,2,,,0,1,,,,1,7,0,0,1,0
1,5,6,2,3,56,FRANCE,BRETAGNE,162,56162,PLOEMEUR,BOULEVARD NORMANDIE NIEMEN,79716,0,9,Autre,0,2,2,,,1,1,,,,1,7,0,0,1,0
1,5,1,1,7,56,FRANCE,BRETAGNE,083,56083,HENNEBONT,RUE DU MARECHAL JOFFRE,79729,0,9,Autre,0,1,1,,,0,1,,,,1,7,0,0,1,0
1,7,6,1,3,56,FRANCE,BRETAGNE,260,56260,VANNES,GIRATOIRE DES ILES,79733,0,4,VC,0,1,2,,,0,1,,,,1,7,0,0,1,0
2,7,6,1,3,56,FRANCE,BRETAGNE,260,56260,VANNES,AVENUE DE LA MARNE,79736,5,4,VC,0,3,3,,,0,1,,,,1,7,0,0,1,0
5,7,3,2,3,56,FRANCE,BRETAGNE,121,56121,LORIENT,RUE FRANCOIS ROBIN,79740,0,9,Autre,0,2,2,,,0,1,4775204,-337923,,1,7,0,0,1,0
1,5,1,7,2,56,FRANCE,BRETAGNE,162,56162,PLOEMEUR,ROUTE DE LARMOR,79747,0,9,Autre,0,2,2,,,0,1,,,,1,7,0,0,1,0
5,7,6,1,3,56,FRANCE,BRETAGNE,121,56121,LORIENT,ROND-POINT DE SAINT-ARMEL,79752,0,4,VC,0,1,1,,,2,1,4776524,-337558,,1,7,0,0,1,0
1,7,1,2,3,56,FRANCE,BRETAGNE,121,56121,LORIENT,RUE FRANCOIS TOULLEC,79762,1,9,Autre,0,2,2,,,2,5,4773240,-337994,,1,7,0,0,1,0
1,6,1,2,3,56,FRANCE,BRETAGNE,098,56098,LANESTER,RUE EMILE COMBES,79765,0,9,Autre,0,2,2,,,0,1,4777183,-333846,,1,7,0,0,1,0
1,1,6,1,3,56,FRANCE,BRETAGNE,162,56162,PLOEMEUR,ROUTE DEPARTEMENTALE 152,79778,0,3,RD,152,2,2,2,960,2,1,,,,1,7,0,0,1,0
1,7,1,1,3,56,FRANCE,BRETAGNE,121,56121,LORIENT,DU COLONEL JEAN MULLER,79784,0,4,VC,0,2,2,,,0,1,4776782,-340380,,1,7,0,0,1,0
1,6,1,1,7,56,FRANCE,BRETAGNE,098,56098,LANESTER,RUE ILES DES GLENANS,79790,0,9,Autre,0,2,2,,,0,1,,,,1,,0,0,1,0
1,7,6,1,3,56,FRANCE,BRETAGNE,260,56260,VANNES,BOULEVARDDE LA RESISTANCE,79793,0,4,VC,,1,2,,,0,1,4766050,-276091,,1,7,0,0,1,0
2,7,6,1,3,56,FRANCE,BRETAGNE,260,56260,VANNES,RUE DES GRANDES MURAILLES,79799,0,4,VC,0,2,2,,,0,1,4766594,-276755,,1,7,0,0,1,0
1,7,6,1,3,56,FRANCE,BRETAGNE,121,56121,LORIENT,ROUTE DEPARTEMENTALE 465,79802,0,3,RD,465,1,1,,,0,1,4774817,-338842,,1,7,0,0,1,0
1,7,1,1,7,56,FRANCE,BRETAGNE,121,56121,LORIENT,RUE DE BELGIQUE,79806,0,9,Autre,0,2,2,,,2,4,4775972,-338164,,1,,0,0,1,0
1,7,1,1,6,56,FRANCE,BRETAGNE,121,56121,LORIENT,AVENUE DU FAOUEDIC,79817,0,9,Autre,0,2,2,,,0,1,4774824,-336437,,1,,0,0,0,1
5,5,1,1,7,56,FRANCE,BRETAGNE,107,56107,LARMOR-PLAGE,BOULEVARD LE PORT ROGER,79831,0,9,Autre,0,2,2,,,0,1,,,,1,,0,0,1,0
1,7,1,1,3,56,FRANCE,BRETAGNE,121,56121,LORIENT,RUE DE KERJULAUDE,79836,0,9,Autre,0,2,3,,,2,1,4774341,-338209,,1,37,0,0,1,0
1,7,2,1,3,56,FRANCE,BRETAGNE,121,56121,LORIENT,BOULEVARD D'ORADOUR SUR GLANE,79846,5,9,Autre,0,2,2,,,2,1,4775752,-337121,,1,7,0,0,1,0
1,6,6,7,3,56,FRANCE,BRETAGNE,098,56098,LANESTER,RUE GENERAL LECLERC,79856,0,9,Autre,0,2,2,,,2,0,4776226,-335078,,1,7,0,0,1,0
1,7,3,1,3,56,FRANCE,BRETAGNE,121,56121,LORIENT,RUE DE KERPAPE,79859,0,9,Autre,0,2,2,,,0,1,4773999,-338176,,1,7,0,0,1,0
1,7,1,7,3,56,FRANCE,BRETAGNE,121,56121,LORIENT,RUE JEAN DE MERVILLE,79861,0,9,Autre,0,2,2,,,2,1,4774514,-337488,,1,7,0,0,1,0
1,7,2,1,2,56,FRANCE,BRETAGNE,121,56121,LORIENT,RUE MARC SANGNIER ,79862,0,9,Autre,0,2,2,,,0,0,4774819,-337446,,1,7,0,0,1,0
1,7,1,1,2,56,FRANCE,BRETAGNE,121,56121,LORIENT,RUE MONISTROL,79863,0,4,VC,0,2,2,,,0,1,4773815,-338178,,1,7,0,0,1,0
1,5,1,1,6,56,FRANCE,BRETAGNE,083,56083,HENNEBONT,QUAI DES MARTYRS,79864,0,9,Autre,0,2,2,,,0,1,,,,1,,,,,
1,7,6,1,3,56,FRANCE,BRETAGNE,121,56121,LORIENT,RUE MAX JACOB,79870,0,4,VC,0,1,2,,,0,1,4775433,-338389,,1,7,0,0,1,0
1,4,1,8,6,56,FRANCE,BRETAGNE,013,56013,BELZ,,79881,0,4,VC,,2,2,,,0,1,4767716,-319542,,1,,0,0,0,1
1,6,2,1,3,56,FRANCE,BRETAGNE,098,56098,LANESTER,RUE JEAN ZAY,79883,0,4,VC,0,2,2,,,0,1,,,,1,7,0,0,1,0
1,7,1,1,3,56,FRANCE,BRETAGNE,121,56121,LORIENT,RUE LAZARE CARNOT,79888,0,4,VC,0,2,2,,,0,1,4774380,-335971,,1,7,0,0,1,0
1,1,1,1,3,56,FRANCE,BRETAGNE,258,56258,TRINITE-SUR-MER (LA),RD 186,79894,5,3,RD,186,2,0,13,650,2,1,0,0,,1,7,0,0,1,0
1,7,6,8,2,56,FRANCE,BRETAGNE,260,56260,VANNES,AVENUE DE LA MARNE LYCEE GUEHENNO,79901,0,4,VC,0,2,3,,,0,1,4766016,-278975,,1,7,0,0,1,0
1,7,6,1,3,56,FRANCE,BRETAGNE,260,56260,VANNES,RUE DU GENERAL BARON FABRE,79910,0,4,VC,0,2,2,,,0,1,4765988,-271912,,1,7,0,0,1,0
1,1,1,1,7,56,FRANCE,BRETAGNE,162,56162,PLOEMEUR,KERHAM,79924,0,3,RD,0,2,2,,,0,1,,,,1,,0,0,1,0
5,6,1,1,3,56,FRANCE,BRETAGNE,098,56098,LANESTER,RUE GUSTAVE ZEDE,79930,0,4,VC,0,2,2,,,0,1,,,,1,,0,0,0,1
1,7,2,8,3,56,FRANCE,BRETAGNE,121,56121,LORIENT,RUE DE KERFONTANIOU,79939,0,4,VC,0,2,2,,,0,1,4774336,-337461,,1,7,0,0,1,0
1,7,1,1,3,56,FRANCE,BRETAGNE,260,56260,VANNES,RUE GILLES GAHINET,79957,0,4,VC,0,2,2,,,0,1,,,,1,7,0,0,1,0
1,6,6,1,3,56,FRANCE,BRETAGNE,098,56098,LANESTER,AVENUE PRESIDENT SALVADOR ALLENDE,79982,0,4,VC,0,2,2,,,0,1,4776594,-332945,,1,7,0,0,1,0
1,7,2,1,3,56,FRANCE,BRETAGNE,121,56121,LORIENT,RUE CONTRE AMIRAL DELOFFRE,79984,0,4,VC,0,2,2,,,0,1,4774736,-337523,,1,7,0,0,1,0
1,7,1,1,7,56,FRANCE,BRETAGNE,121,56121,LORIENT,IMPASSE DE KERDUAL,79997,0,4,VC,0,2,2,,,0,1,4776180,-338151,,1,,0,0,1,0
1,7,1,1,7,56,FRANCE,BRETAGNE,121,56121,LORIENT,IMPASSE CAMILLE PELLETAN,80014,0,4,VC,0,0,0,,,0,1,4775109,-337059,,1,,0,0,1,0
1,7,1,1,7,56,FRANCE,BRETAGNE,121,56121,LORIENT,PONT DE KERJULAUDE,80025,0,4,VC,0,2,2,,,0,1,4774286,-338377,,1,7,0,0,1,0
1,1,1,1,7,56,FRANCE,BRETAGNE,162,56162,PLOEMEUR,ROUTE DEPARTEMENTALE 152,80029,0,3,RD,152,2,2,,,0,1,,,,1,,0,0,1,0
1,7,6,1,3,56,FRANCE,BRETAGNE,121,56121,LORIENT,BOULEVARD COSMAO-DUMANOIR,80031,0,4,VC,0,1,1,,,0,1,4775424,-336624,,1,7,0,0,1,0
5,5,1,2,1,56,FRANCE,BRETAGNE,162,56162,PLOEMEUR,RUE DE KERVAM,80036,0,4,VC,0,2,2,,,0,1,,,,1,7,0,0,1,0
1,5,1,1,7,56,FRANCE,BRETAGNE,083,56083,HENNEBONT,ROND-POINT DE L'HOPITAL,80081,0,4,VC,0,2,2,,,0,1,4780442,-327330,,1,,0,0,1,0
1,7,1,1,3,56,FRANCE,BRETAGNE,121,56121,LORIENT,RUE GENERAL DE BOLLARDIERE,80110,0,4,VC,0,2,2,,,0,1,4775265,-339123,,1,7,0,0,1,0
1,7,3,1,2,56,FRANCE,BRETAGNE,260,56260,VANNES,RUE SAINTE ANNE,80126,0,4,VC,0,2,2,,,0,0,4765928,-277274,,1,7,0,0,1,0
1,7,6,1,3,56,FRANCE,BRETAGNE,121,56121,LORIENT,AVENUE DU GENERAL DE GAULLE,80127,0,4,VC,0,3,2,,,0,1,4774128,-337290,,1,7,0,0,1,0
1,7,1,1,3,56,FRANCE,BRETAGNE,260,56260,VANNES,RUE FERDINAND LE DRESSAY,80136,0,4,VC,0,2,3,,,2,1,4765354,-275736,,1,7,0,0,1,0
1,4,1,1,1,56,FRANCE,BRETAGNE,054,56054,ERDEVEN,VC 0,80137,0,4,VC,0,2,0,0,0,0,1,4764344,-315930,,1,7,0,0,1,0
1,7,1,1,6,56,FRANCE,BRETAGNE,260,56260,VANNES,AVENUE EDOUARD MICHELIN,80146,0,4,VC,0,2,2,,,0,1,4765962,-271517,,1,,0,0,1,0
1,6,1,1,7,56,FRANCE,BRETAGNE,098,56098,LANESTER,RUE  FRANCOIS MAURIAC,80149,0,4,VC,0,2,2,,,0,1,4776526,-334845,,1,,0,0,1,0
1,7,6,1,3,56,FRANCE,BRETAGNE,260,56260,VANNES,BOULEVARD DU GENERAL DE MONSABERT,80164,0,4,VC,0,2,3,,,0,1,4766614,-277064,,1,7,0,0,1,0
1,1,2,1,3,56,FRANCE,BRETAGNE,162,56162,PLOEMEUR,ROUTE DEPARTEMENTALE 163,80167,0,3,RD,163,2,2,0,1,0,1,,,,1,7,0,0,1,0
1,7,3,1,2,56,FRANCE,BRETAGNE,260,56260,VANNES,AVENUE DE LA MARNE LYCEE GUEHENNO,80169,0,4,VC,0,2,3,,,0,1,4765999,-278691,,1,7,0,0,1,0
1,7,7,1,3,56,FRANCE,BRETAGNE,121,56121,LORIENT,RUE  EDITH PIAF,80175,0,4,VC,0,2,2,,,0,1,4775801,-338985,,1,7,0,0,1,0
1,6,3,1,3,56,FRANCE,BRETAGNE,098,56098,LANESTER,AVENUE FRANCOIS BILLOUX,80179,0,4,VC,0,2,2,,,0,1,4776468,-335117,,1,7,0,0,1,0
1,6,1,1,6,56,FRANCE,BRETAGNE,098,56098,LANESTER,RUE JEAN JAURES,80181,0,4,VC,0,2,2,,,0,1,4776778,-335440,,1,7,0,0,1,0
1,5,1,1,7,56,FRANCE,BRETAGNE,162,56162,PLOEMEUR,RUE BLAISE PASCAL ,80190,0,4,VC,0,2,2,,,0,1,4773384,-343666,,1,,0,0,1,0
1,7,1,1,7,56,FRANCE,BRETAGNE,121,56121,LORIENT,RUE DE KERGUILLETTE,80192,0,9,Autre,0,2,2,,,0,1,4776388,-339455,,1,,0,0,1,0
1,5,1,1,3,56,FRANCE,BRETAGNE,107,56107,LARMOR-PLAGE,ROUTE DEPARTEMENTALE 29,80194,0,3,RD,9,2,2,3,147,2,1,,,,1,7,0,0,1,0
5,7,3,1,3,56,FRANCE,BRETAGNE,260,56260,VANNES,RUE JEANNE D'ARC,80196,0,4,VC,0,1,1,,,0,1,4765508,-276452,,1,7,0,0,1,0
1,4,1,1,1,56,FRANCE,BRETAGNE,040,56040,CLEGUER,VC 0,80201,0,4,VC,0,2,0,0,0,0,1,4785342,-338167,,1,10,0,0,1,0
1,7,1,1,7,56,FRANCE,BRETAGNE,121,56121,LORIENT,RUE RENE LOTE,80212,0,4,VC,0,2,2,,,0,5,4777171,-340381,,1,,0,0,1,0
1,1,4,2,3,56,FRANCE,BRETAGNE,107,56107,LARMOR-PLAGE,ROUTE DEPARTEMENTALE 29,80220,3,3,RD,29,2,2,3,147,2,1,,,,1,7,0,0,1,0
1,7,2,1,3,56,FRANCE,BRETAGNE,121,56121,LORIENT,RUE HENRI DUNANT ,80225,0,4,VC,0,2,2,,,0,1,4775079,-337600,,1,33,0,0,1,0
1,7,1,1,7,56,FRANCE,BRETAGNE,121,56121,LORIENT,RUE GENERAL DE BOLLARDIERE,80229,0,4,VC,0,2,2,,,0,1,4775583,-339142,,1,7,0,0,1,0
1,7,1,1,3,56,FRANCE,BRETAGNE,260,56260,VANNES,RUE GUILLAUME LE BARTZ,80236,0,4,VC,0,2,2,,,0,1,4764679,-277897,,1,7,0,0,1,0
1,7,1,1,7,56,FRANCE,BRETAGNE,121,56121,LORIENT,RUE PER JAKEZ HELIAS,80239,1,4,VC,0,2,2,,,0,1,4773588,-338050,,1,7,0,0,1,0
1,3,1,1,1,56,FRANCE,BRETAGNE,074,56074,GUENIN,VC 0,80254,0,4,VC,0,2,2,0,0,0,1,4790774,-297954,,1,7,0,0,1,0
1,7,2,1,3,56,FRANCE,BRETAGNE,121,56121,LORIENT,RUE JULES VERNE,80256,0,9,Autre,0,2,2,,,0,1,4774645,-337361,,1,7,0,0,1,0
1,7,1,1,6,56,FRANCE,BRETAGNE,121,56121,LORIENT,BOULEVARD LEON BLUM,80262,0,9,Autre,0,2,2,,,2,4,4774570,-338068,,1,,0,0,1,0
1,6,1,1,6,56,FRANCE,BRETAGNE,098,56098,LANESTER,AVENUE KESLER DEVILLERS,80271,0,4,VC,0,2,2,,,0,1,4776808,-334284,,1,7,0,0,1,0
1,6,2,1,7,56,FRANCE,BRETAGNE,098,56098,LANESTER,BOULEVARD NORMANDIE NIEMEN,80290,0,4,VC,0,2,2,,,0,1,4776201,-335582,,1,7,0,0,1,0
1,7,1,1,3,56,FRANCE,BRETAGNE,121,56121,LORIENT,AVENUE ANATOLE FRANCE,80318,0,9,Autre,0,2,,,,3,1,4774613,-336700,,1,7,0,0,1,0
1,7,6,1,3,56,FRANCE,BRETAGNE,121,56121,LORIENT,RUE DE KERGUESTENEN,80319,0,9,Autre,0,1,2,,,0,1,4774837,-339607,,1,7,0,0,1,0
1,5,1,1,7,56,FRANCE,BRETAGNE,083,56083,HENNEBONT,IMPASSE JEAN-MICHEL CARADEC,80322,0,9,Autre,0,2,2,,,0,1,4780746,-328332,,1,7,0,0,1,0
5,5,6,1,6,56,FRANCE,BRETAGNE,083,56083,HENNEBONT,ROND-POINT  DE LA GARDELOUPE,80334,0,4,VC,0,1,2,,,0,1,4780004,-328774,,1,7,0,0,1,0
1,4,1,1,3,56,FRANCE,BRETAGNE,034,56034,CARNAC,VC 0,80349,0,4,VC,0,1,0,0,0,1,0,4757205,-307160,,1,7,0,0,1,0
1,1,6,1,2,56,FRANCE,BRETAGNE,165,56165,PLOERMEL,RD 8,80358,0,3,RD,8,4,2,19,91,0,1,0,0,,1,7,0,0,1,0
3,1,1,1,6,56,FRANCE,BRETAGNE,017,56017,BIGNAN,RD 1,80363,0,3,RD,1,2,2,48,525,0,1,0,0,,1,,0,0,1,0
1,1,6,1,3,56,FRANCE,BRETAGNE,107,56107,LARMOR-PLAGE,ROUTE DEPARTEMENTALE 152,80370,0,3,RD,152,2,2,2,519,0,1,4770799,-341468,,1,7,0,0,1,0
5,7,1,6,7,56,FRANCE,BRETAGNE,121,56121,LORIENT,BOULEVARD COSMAO-DUMANOIR,80374,0,9,Autre,0,2,2,,,2,4,4775365,-336951,,1,,0,0,1,0
2,6,1,1,7,56,FRANCE,BRETAGNE,098,56098,LANESTER,AVENUE DU COLONEL FABIEN,80399,0,4,VC,0,2,2,,,0,1,4776217,-333805,,1,,0,0,1,0
1,7,1,1,3,56,FRANCE,BRETAGNE,121,56121,LORIENT,DU COLONEL JEAN MULLER,80400,0,9,Autre,0,2,2,,,2,1,4776473,-339837,,1,7,0,0,1,0
1,7,1,1,1,56,FRANCE,BRETAGNE,121,56121,LORIENT,RUE RENE LOTE,80404,0,9,Autre,0,2,2,,,2,5,4777210,-340451,,1,,0,0,0,1
1,7,2,1,6,56,FRANCE,BRETAGNE,121,56121,LORIENT,RUE INGENIEUR GENERAL LAUBOEUF,80405,0,9,Autre,0,2,2,,,0,0,4774201,-339131,,1,,0,0,0,1
1,5,6,7,2,56,FRANCE,BRETAGNE,162,56162,PLOEMEUR,RUE JEAN RACINE,80408,0,9,Autre,0,2,2,,,0,0,4773696,-343667,,1,7,0,0,1,0
1,7,1,1,6,56,FRANCE,BRETAGNE,121,56121,LORIENT,RUE DE VERDUN ,80412,0,9,Autre,0,2,2,,,2,1,4775934,-336570,,1,,0,0,1,0
1,7,3,1,3,56,FRANCE,BRETAGNE,121,56121,LORIENT,BOULEVARD DE NORMANDIE,80414,0,9,Autre,0,2,2,,,2,1,4775820,-337102,,1,7,0,0,1,0
1,6,3,1,3,56,FRANCE,BRETAGNE,098,56098,LANESTER,RUE CAMILLE PELLETAN,80416,0,9,Autre,0,2,2,,,0,1,4774763,-337410,,1,7,0,0,1,0
1,7,1,1,6,56,FRANCE,BRETAGNE,121,56121,LORIENT,AVENUE DE LA MARNE,80420,0,9,Autre,0,2,2,,,2,1,4774530,-336804,,1,7,0,0,1,0
1,7,1,1,7,56,FRANCE,BRETAGNE,121,56121,LORIENT,RUE DE KERFONTANIOU,80425,0,9,Autre,0,2,2,,,0,1,4774318,-337354,,1,,0,0,1,0
1,5,1,1,6,56,FRANCE,BRETAGNE,083,56083,HENNEBONT,AVENUE DE LA REPUBLIQUE,80431,0,9,Autre,0,2,2,,,0,4,,,,1,,0,0,1,0
1,6,1,1,3,56,FRANCE,BRETAGNE,098,56098,LANESTER,RUE SAINT MICHEL ,80433,0,9,Autre,0,2,0,,,0,1,4775807,-333895,,1,7,0,0,1,0
1,7,2,1,3,56,FRANCE,BRETAGNE,121,56121,LORIENT,RUE GENERAL FREBAULT,80441,0,4,VC,0,1,1,,,0,1,4774095,-337274,,1,7,0,0,1,0
1,7,1,1,3,56,FRANCE,BRETAGNE,121,56121,LORIENT,RUE MONISTROL,80452,0,9,Autre,0,2,2,,,2,5,4773737,-338244,,1,7,0,0,1,0
1,1,2,1,3,56,FRANCE,BRETAGNE,162,56162,PLOEMEUR,KERSCOUET,80454,0,3,RD,163,2,2,0,953,0,1,,,,1,7,0,0,1,0
1,1,1,1,3,56,FRANCE,BRETAGNE,107,56107,LARMOR-PLAGE,ROUTE DEPARTEMENTALE 29,80455,0,3,RD,29,3,2,2,180,2,3,,,,1,7,0,0,1,0
1,5,1,1,3,56,FRANCE,BRETAGNE,162,56162,PLOEMEUR,IMPASSE DE LA FONTAINE ST PIERRE,80456,0,9,Autre,0,2,2,,,0,1,4774034,-342763,,1,7,0,0,1,0
1,7,4,1,1,56,FRANCE,BRETAGNE,121,56121,LORIENT,RUE JOSEPH-MARIE LE POULICHET,80465,0,9,Autre,0,2,2,,,0,1,4775284,-336167,,1,7,0,0,1,0
1,7,1,1,6,56,FRANCE,BRETAGNE,121,56121,LORIENT,RUE GENERAL FREBAULT,80467,0,9,Autre,0,2,1,,,0,1,4773916,-337775,,1,7,0,0,1,0
1,7,1,1,2,56,FRANCE,BRETAGNE,121,56121,LORIENT,DU COLONEL JEAN MULLER,80482,0,9,Autre,0,2,2,,,2,1,4776776,-340381,,1,7,0,0,1,0
1,1,1,1,2,56,FRANCE,BRETAGNE,083,56083,HENNEBONT,ROND-POINT  DE LA GARDELOUPE,80491,0,9,Autre,0,2,2,,,0,1,4779979,-326046,,1,7,0,0,1,0
1,1,1,1,3,56,FRANCE,BRETAGNE,162,56162,PLOEMEUR,LOMENER,80492,0,9,Autre,0,0,2,,,0,1,4770282,-343175,,1,7,0,0,1,0
1,5,1,1,7,56,FRANCE,BRETAGNE,162,56162,PLOEMEUR,RUE SAINTE ANNE,80493,0,3,RD,0,2,2,,,0,1,4773663,-342654,,1,7,0,0,1,0
1,5,6,1,3,56,FRANCE,BRETAGNE,083,56083,HENNEBONT,ROND-POINT  DU PARCO,80494,5,9,Autre,0,0,2,,,0,1,4779313,-326544,,1,7,0,0,1,0
1,1,1,1,7,56,FRANCE,BRETAGNE,162,56162,PLOEMEUR,KERIHUER,80502,0,4,VC,0,2,2,,,0,1,,,,1,,0,0,1,0
1,5,3,1,3,56,FRANCE,BRETAGNE,083,56083,HENNEBONT,RUE DE LALUMEC,80506,0,9,Autre,0,0,2,,,0,1,4781328,-325981,,1,7,0,0,1,0
1,6,3,1,7,56,FRANCE,BRETAGNE,098,56098,LANESTER,RUE GENERAL LECLERC,80508,0,9,Autre,0,0,2,,,0,1,4776182,-335145,,1,,0,0,1,0
1,6,1,1,7,56,FRANCE,BRETAGNE,098,56098,LANESTER,RUE JEAN JAURES,80509,0,9,Autre,0,2,2,,,0,1,4776628,-335687,,1,7,0,0,1,0
1,7,1,1,7,56,FRANCE,BRETAGNE,121,56121,LORIENT,RUE GENERAL DE BOLLARDIERE,80513,0,4,VC,0,2,2,,,0,1,4775567,-339150,,1,,0,0,0,1
5,7,2,1,3,56,FRANCE,BRETAGNE,121,56121,LORIENT,AVENUE DU FAOUEDIC,80515,5,9,Autre,0,2,4,,,3,1,4774792,-336481,,1,7,0,0,1,0
1,7,1,2,3,56,FRANCE,BRETAGNE,121,56121,LORIENT,RUE EMILE BOURDELLE,80560,0,4,VC,0,2,2,,,0,1,4775220,-336991,,1,7,0,0,1,0
1,7,1,1,3,56,FRANCE,BRETAGNE,260,56260,VANNES,AVENUE WILSON ,80585,0,4,VC,0,2,2,,,1,5,4764883,-277036,,1,2,0,0,1,0
1,5,1,1,2,56,FRANCE,BRETAGNE,243,56243,SENE,AVENUE GEISPOLSHEIM,80593,0,4,VC,0,2,2,,,1,4,4765342,-272098,,1,7,0,0,1,0
1,7,7,1,6,56,FRANCE,BRETAGNE,260,56260,VANNES,RUE THIERS,80594,0,4,VC,0,2,2,,,0,1,4765575,-275970,,1,,0,0,0,1
1,7,6,1,6,56,FRANCE,BRETAGNE,260,56260,VANNES,GIRATOIRE DE LA GARE,80600,0,4,VC,0,1,1,,,0,1,4766392,-275565,,1,7,0,0,1,0
1,7,1,1,2,56,FRANCE,BRETAGNE,260,56260,VANNES,RUE DES GRANDES MURAILLES,80602,0,4,VC,0,2,2,,,0,1,4766596,-276759,,1,7,0,0,1,0