lum,agg,int,atm,col,dep_bis,pays,region,com_bis,com_codeINSEE,communes,N_voie,numac,infra,catr,type_route,voie,circ,nbv,pr,pr1,vosp,situ,lat,long,adr,accident_velo,vehicule_imp,cycl_mort,cycl_bgv,cycl_blg,cycl_indm
5,7,6,2,3,56,FRANCE,BRETAGNE,260,56260,VANNES,RUE JEROME D'ARRADON,80614,0,4,VC,0,2,2,,,0,1,4765527,-277409,,1,7,0,0,1,0
2,7,1,1,3,56,FRANCE,BRETAGNE,260,56260,VANNES,AVENUE EDOUARD HERRIOT,80620,0,4,VC,0,2,2,,,0,1,4765475,-273851,,1,10,0,0,1,0
1,7,1,1,3,56,FRANCE,BRETAGNE,260,56260,VANNES,RUE DU LIEUTENANT FRANCOIS FROMENTIN,80621,0,4,VC,0,2,2,,,0,1,4764961,-276534,,1,7,0,0,1,0
2,8,1,5,6,57,FRANCE,LORRAINE,463,57463,METZ,RUE LOTHAIRE,80635,0,4,VC,0,3,2,,,0,1,,,,1,10,0,0,1,0
1,4,4,1,6,57,FRANCE,LORRAINE,545,57545,PLAPPEVILLE,RUE DU GENERAL DE GAULLE ,80680,0,4,VC,0,2,2,,,0,1,,,,1,7,0,0,1,0
1,5,6,1,6,57,FRANCE,LORRAINE,660,57660,STIRING-WENDEL,RUE NATONALE,80694,5,2,RN,0,2,2,,,0,1,,,,1,7,0,0,1,0
1,8,1,1,6,57,FRANCE,LORRAINE,463,57463,METZ,BOULEVARD DE GUYENNE,80709,0,4,VC,0,3,2,,,0,1,,,,1,7,0,0,1,0
1,3,1,1,1,57,FRANCE,LORRAINE,645,57645,SEMECOURT,RD 112,80723,0,3,RD,112,2,2,0,800,0,1,0,0,,1,10,0,0,1,0
1,5,1,1,6,57,FRANCE,LORRAINE,751,57751,WOIPPY,RUE ROGET,80729,0,4,VC,0,2,2,,,0,1,,,,1,7,0,0,1,0
1,8,3,1,3,57,FRANCE,LORRAINE,463,57463,METZ,AVENUE ROBERT SCHUMAN,80730,5,3,RD,0,2,3,,,3,1,,,,1,37,0,0,1,0
1,6,3,1,6,57,FRANCE,LORRAINE,480,57480,MONTIGNY-LES-METZ,RUE DE PONTMOUSSON,80757,0,2,RN,0,2,2,,,0,1,,,,1,7,0,0,1,0
1,4,1,2,6,57,FRANCE,LORRAINE,412,57412,LONGEVILLE-LES-METZ,BOULEVARD SAINT SYMPHORIEN,80764,0,3,RD,0,2,2,,,0,1,,,,1,7,0,0,1,0
1,2,1,1,6,57,FRANCE,LORRAINE,253,57253,GONDREXANGE,RUE DE METZ,80769,0,4,VC,0,2,2,,,0,1,,,,1,7,0,0,1,0
1,2,1,1,6,57,FRANCE,LORRAINE,253,57253,GONDREXANGE,RUE DE LA GARE ,80796,0,4,VC,0,1,1,,,0,1,,,,1,7,0,0,1,0
5,8,2,1,3,57,FRANCE,LORRAINE,463,57463,METZ,RUE JULES LAGNEAU,80806,0,4,VC,0,2,4,,,0,1,,,,1,7,0,0,1,0
1,6,1,1,3,57,FRANCE,LORRAINE,672,57672,THIONVILLE,BOUCLE DU VAL MARIE,80815,0,4,VC,0,2,2,,,0,1,,,,1,7,0,0,1,0
1,6,1,1,3,57,FRANCE,LORRAINE,672,57672,THIONVILLE,RUE LAZARE HOCHE,80817,0,4,VC,0,2,2,,,0,1,,,,1,7,0,0,1,0
1,6,1,1,6,57,FRANCE,LORRAINE,480,57480,MONTIGNY-LES-METZ,RUE DE PONTMOUSSON,80833,0,2,RN,0,2,2,,,0,1,,,,1,,0,0,1,0
1,5,1,1,6,57,FRANCE,LORRAINE,221,57221,FLORANGE,RUE GRAND',80845,0,2,RN,0,2,2,,,0,1,,,,1,7,0,0,1,0
1,8,1,1,3,57,FRANCE,LORRAINE,463,57463,METZ,PLACE RAYMOND MONDON,80865,0,4,VC,0,1,4,,,0,1,,,,1,7,0,0,1,0
5,8,1,1,6,57,FRANCE,LORRAINE,463,57463,METZ,BOULEVARD ANDRE MAGINOT,80871,0,3,RD,0,1,1,,,0,1,,,,1,7,0,0,1,0
1,5,1,1,1,57,FRANCE,LORRAINE,508,57508,NILVANGE,RUE DES SAPINS,80875,0,4,VC,0,2,2,,,0,1,,,,1,7,0,0,1,0
2,5,2,5,6,57,FRANCE,LORRAINE,660,57660,STIRING-WENDEL,RUE DU PUITS SIMON,80883,0,4,VC,0,2,2,,,0,1,,,,1,7,0,0,1,0
1,6,2,1,6,57,FRANCE,LORRAINE,631,57631,SARREGUEMINES,RUE DE STEINBACH,80898,5,3,RD,0,2,2,,,0,1,,,,1,7,0,0,1,0
1,5,1,1,6,57,FRANCE,LORRAINE,757,57757,YUTZ,RUE LOUISE MICHEL,80982,0,4,VC,0,2,2,,,0,1,,,,1,7,0,0,1,0
5,1,3,1,3,57,FRANCE,LORRAINE,463,57463,METZ,BOULEVARD ANDRE MAGINOT,81008,0,4,VC,0,3,3,,,0,1,,,,1,7,0,0,1,1
1,8,1,1,2,57,FRANCE,LORRAINE,463,57463,METZ,RUE LOUIS GANNE,81014,0,4,VC,0,2,2,,,0,1,,,,1,7,0,0,1,0
1,5,1,1,2,57,FRANCE,LORRAINE,757,57757,YUTZ,RUE NATIONALE,81020,0,3,RD,0,2,2,3,450,1,5,,,,1,7,0,0,1,0
1,5,3,1,6,57,FRANCE,LORRAINE,447,57447,MARLY,RUE DU CHEMIN DE FER,81034,0,4,VC,0,2,2,,,0,1,,,,1,7,0,0,1,0
1,6,3,1,3,57,FRANCE,LORRAINE,672,57672,THIONVILLE,CHEMIN DE LA MALGRANGE,81046,0,4,VC,0,2,2,,,0,1,,,,1,7,0,0,1,0
1,6,3,1,3,57,FRANCE,LORRAINE,672,57672,THIONVILLE,RUE DE VERDUN ,81047,0,3,RD,0,2,3,,,0,1,,,,1,10,0,0,1,0
5,5,1,1,6,57,FRANCE,LORRAINE,757,57757,YUTZ,RUE GRAND',81073,0,4,VC,0,2,2,,,0,1,,,,1,7,0,0,1,0
1,6,1,1,1,57,FRANCE,LORRAINE,672,57672,THIONVILLE,BOULEVARD ROBERT SCHUMANN,81075,0,2,RN,0,2,4,0,317,0,5,,,,1,7,0,0,1,0
1,8,3,8,6,57,FRANCE,LORRAINE,463,57463,METZ,AVENUE DE L'AMPHITHEATRE,81099,0,4,VC,0,4,3,,,0,1,,,,1,10,0,0,1,0
3,1,1,1,2,57,FRANCE,LORRAINE,227,57227,FORBACH,CD32B,81124,0,3,RD,0,2,2,1,450,0,1,,,,1,7,0,0,1,0
1,8,1,1,3,57,FRANCE,LORRAINE,463,57463,METZ,RUE DE L'ALOUETTE,81127,0,4,VC,0,2,2,,,0,1,,,,1,7,0,0,1,0
5,6,1,1,6,57,FRANCE,LORRAINE,480,57480,MONTIGNY-LES-METZ,RUE MARC SEGUIN,81130,0,4,VC,0,2,2,,,0,1,,,,1,7,0,0,1,0
1,5,1,1,3,57,FRANCE,LORRAINE,221,57221,FLORANGE,RUE SAINTE-AGATHE,81135,0,4,VC,0,2,2,,,0,1,,,,1,7,0,0,1,0
1,5,2,1,6,57,FRANCE,LORRAINE,012,57012,ALGRANGE,CHEMIN DE LA PROMENADE,81141,0,4,VC,0,2,2,,,0,1,,,,1,7,0,0,1,0
1,6,1,1,3,57,FRANCE,LORRAINE,480,57480,MONTIGNY-LES-METZ,RUE DU CANAL,81154,0,4,VC,0,2,2,,,0,1,,,,1,7,0,0,1,0
1,5,3,1,3,57,FRANCE,LORRAINE,447,57447,MARLY,AVENUE DE MAGNY,81159,0,4,VC,0,2,2,,,0,1,,,,1,7,0,0,1,0
1,8,3,1,3,57,FRANCE,LORRAINE,463,57463,METZ,RUE DE LA MARNE,81178,0,4,VC,0,1,1,,,0,1,,,,1,7,0,0,1,0
1,5,2,7,3,57,FRANCE,LORRAINE,447,57447,MARLY,RUE DE L'AEROGARE,81186,0,3,RD,0,2,2,,,0,1,,,,1,7,0,0,1,0
1,8,1,1,7,57,FRANCE,LORRAINE,463,57463,METZ,RUE DES HAUTS PEUPLIERS,81222,0,4,VC,0,2,2,,,0,4,,,,1,,0,0,1,0
1,6,1,1,6,57,FRANCE,LORRAINE,480,57480,MONTIGNY-LES-METZ,RUE DE FRESCATY,81225,0,4,VC,0,4,3,,,0,1,,,,1,7,0,0,1,0
1,5,1,1,6,57,FRANCE,LORRAINE,221,57221,FLORANGE,AVENUE DE LORRAINE,81234,0,3,RD,0,2,3,1,422,0,1,,,,1,7,0,0,1,0
1,8,1,1,3,57,FRANCE,LORRAINE,463,57463,METZ,RUE NICOLAS JUNG,81257,0,4,VC,0,2,2,,,0,1,,,,1,7,0,0,1,0
5,5,3,2,3,57,FRANCE,LORRAINE,757,57757,YUTZ,RUE DE KUNTZIG,81263,0,3,RD,0,2,2,,,0,1,,,,1,7,0,0,1,0
1,1,1,1,1,57,FRANCE,LORRAINE,534,57534,PELTRE,RD 155,81271,3,3,RD,155,3,2,0,0,0,1,4907800,620700,,1,7,0,0,1,0
5,8,1,4,6,57,FRANCE,LORRAINE,463,57463,METZ,RUE DE LA FALOGNE,81331,0,4,VC,0,2,2,,,0,1,,,,1,7,0,0,1,0
1,4,1,1,3,57,FRANCE,LORRAINE,368,57368,KNUTANGE,RUE DE LA REPUBLIQUE ,81350,0,3,RD,0,2,3,9,910,0,1,,,,1,37,0,0,1,0
3,1,1,1,3,57,FRANCE,LORRAINE,306,57306,HAYANGE,CD 13,81351,0,3,RD,0,2,2,3,250,0,1,,,,1,7,0,0,1,0
2,5,1,1,3,57,FRANCE,LORRAINE,660,57660,STIRING-WENDEL,RUE NATIONALE,81374,0,2,RN,0,2,2,80,250,0,1,,,,1,7,0,0,1,0
1,5,3,1,6,57,FRANCE,LORRAINE,447,57447,MARLY,RUE DE METZ,81393,0,3,RD,0,2,3,,,0,1,,,,1,7,0,0,1,0
1,1,1,8,2,57,FRANCE,LORRAINE,102,57102,BOUSSE,RD 1,81414,0,3,RD,1,2,2,20,0,0,1,0,0,,1,7,0,0,1,0
1,8,1,1,3,57,FRANCE,LORRAINE,463,57463,METZ,RUE DU PONT ROUGE,81424,0,4,VC,0,2,4,,,1,5,,,,1,7,0,0,1,0
1,6,3,1,3,57,FRANCE,LORRAINE,480,57480,MONTIGNY-LES-METZ,RUE DU MARECHAL LYAUTEY,81426,5,4,VC,0,0,2,,,0,1,,,,1,99,0,0,1,0
1,5,1,1,3,57,FRANCE,LORRAINE,666,57666,TERVILLE,ROUTE DE VERDUN,81434,0,3,RD,0,2,2,,,0,1,,,,1,7,0,0,1,0
1,6,1,1,3,57,FRANCE,LORRAINE,672,57672,THIONVILLE,RUE WELVERT,81441,0,4,VC,0,2,2,,,0,1,,,,1,7,0,0,1,0
1,5,1,1,3,57,FRANCE,LORRAINE,757,57757,YUTZ,Avenue Nations,81442,0,3,RD,0,2,2,,,0,1,,,,1,7,0,0,1,0
1,1,2,1,3,57,FRANCE,LORRAINE,443,57443,MARANGE-SILVANGE,RN 52,81449,5,2,RN,52,2,2,0,0,0,1,0,0,,1,7,0,0,1,0
1,8,1,1,6,57,FRANCE,LORRAINE,463,57463,METZ,RUE DE PONTMOUSSON,81452,0,2,RN,0,2,2,,,0,1,,,,1,,0,0,0,1
5,6,2,1,3,57,FRANCE,LORRAINE,480,57480,MONTIGNY-LES-METZ,RUE SAINT LADRE,81458,0,4,VC,0,2,0,,,0,1,,,,1,7,0,0,1,0
5,8,2,2,3,57,FRANCE,LORRAINE,463,57463,METZ,RUE EN FOURNI,81474,0,4,VC,0,1,1,,,0,1,,,,1,7,0,0,1,0
1,8,1,1,3,57,FRANCE,LORRAINE,463,57463,METZ,AVENUE DE BLIDA,81477,0,3,RD,0,2,2,,,0,1,,,,1,38,0,0,1,0
1,6,1,1,6,57,FRANCE,LORRAINE,672,57672,THIONVILLE,AVENUE CLEMENCEAU  1,81479,0,4,VC,0,2,4,,,0,1,,,,1,7,0,0,1,0
1,1,1,7,3,57,FRANCE,LORRAINE,483,57483,MORHANGE,RD 27,81483,0,3,RD,27,2,2,10,900,0,1,4891400,674300,,1,7,0,0,1,0
1,3,1,1,1,57,FRANCE,LORRAINE,156,57156,COURCELLES-SUR-NIED,RD 999,81484,0,3,RD,999,2,2,8,400,0,3,0,0,,1,7,0,0,1,0
1,4,1,2,1,57,FRANCE,LORRAINE,616,57616,SAINT-JULIEN-LES-METZ,AVENUE PAUL LANGEVIN,81506,0,4,VC,0,1,1,,,0,0,,,,1,7,0,0,1,0
1,6,2,3,3,57,FRANCE,LORRAINE,672,57672,THIONVILLE,RUE DES PYRAMIDES,81510,5,4,VC,0,2,3,,,0,1,,,,1,7,0,0,1,0
1,5,1,2,3,57,FRANCE,LORRAINE,591,57591,ROMBAS,RUE DE LA TOUR,81527,0,4,VC,0,2,2,,,0,1,,,,1,7,0,0,1,0
1,2,1,1,7,57,FRANCE,LORRAINE,253,57253,GONDREXANGE,RUE DU GENERAL DE GAULLE ,81529,0,4,VC,0,2,2,,,0,4,,,,1,7,0,0,1,0
2,6,1,1,3,57,FRANCE,LORRAINE,672,57672,THIONVILLE,RUE PAUL ALBERT  -,81538,0,4,VC,0,3,4,,,1,4,,,,1,7,0,0,1,0
5,5,3,1,3,57,FRANCE,LORRAINE,306,57306,HAYANGE,CD 13,81550,0,3,RD,0,2,2,5,800,0,1,,,,1,7,0,0,1,0
1,8,1,1,6,57,FRANCE,LORRAINE,463,57463,METZ,RUE CASTELNAU,81569,0,4,VC,0,2,2,,,0,1,,,,1,7,0,0,1,0
1,5,1,1,2,57,FRANCE,LORRAINE,757,57757,YUTZ,RUE DU FORT,81607,0,4,VC,0,2,2,,,0,1,,,,1,7,0,0,1,0
1,4,3,1,6,57,FRANCE,LORRAINE,143,57143,CLOUANGE,RUE JOFFRE,81622,0,4,VC,0,2,2,,,0,1,,,,1,7,0,0,1,0
1,8,3,4,2,57,FRANCE,LORRAINE,463,57463,METZ,RUE DE LA PATROTTE,81628,0,4,VC,0,2,2,,,0,1,,,,1,7,0,0,1,0
1,6,1,1,3,57,FRANCE,LORRAINE,672,57672,THIONVILLE,AVENUE CHARLES DE GAULLE,81649,0,4,VC,0,2,2,,,0,1,,,,1,7,0,0,1,0
1,6,6,1,2,57,FRANCE,LORRAINE,672,57672,THIONVILLE,RUE MARECHAL JOFFRE,81673,0,2,RN,53,3,4,7,50,0,1,,,,1,7,0,0,1,0
1,3,1,1,3,57,FRANCE,LORRAINE,031,57031,ARS-LAQUENEXY,VC 0,81721,0,4,VC,0,2,0,0,0,0,1,0,0,,1,7,0,0,1,0
1,6,1,1,3,57,FRANCE,LORRAINE,672,57672,THIONVILLE,BOUCLE DE LA MILLIAIRE,81739,0,4,VC,0,2,2,,,0,1,,,,1,7,0,0,1,0
1,6,1,1,3,57,FRANCE,LORRAINE,672,57672,THIONVILLE,PLACE DE LA REPUBLIQUE,81744,5,2,RN,53,1,2,8,0,0,1,,,,1,7,0,0,1,0
1,5,1,1,6,57,FRANCE,LORRAINE,012,57012,ALGRANGE,RUE DES AMERICAINS,81760,0,4,VC,0,1,1,,,0,1,,,,1,7,0,0,1,0
1,8,3,1,3,57,FRANCE,LORRAINE,463,57463,METZ,ROUTE DE THIONVILLE,81782,0,3,RD,953,2,2,2,67,0,1,,,,1,7,0,0,1,0
1,6,3,1,2,57,FRANCE,LORRAINE,672,57672,THIONVILLE,ROUTE DE LONGWY,81786,0,4,VC,0,2,2,,,0,1,,,,1,33,0,0,1,0
5,5,1,1,1,57,FRANCE,LORRAINE,591,57591,ROMBAS,RUE ANATOLE FRANCE,81792,0,4,VC,0,2,2,,,0,1,,,,1,7,0,0,1,0
1,3,1,1,3,57,FRANCE,LORRAINE,351,57351,JURY,RD 155,81794,0,3,RD,155,2,2,0,600,0,1,0,0,,1,7,0,0,1,0
1,8,1,1,3,57,FRANCE,LORRAINE,463,57463,METZ,RUE AUGUSTE PROST,81798,0,4,VC,0,1,1,,,0,1,,,,1,7,0,0,1,0
1,6,1,1,7,57,FRANCE,LORRAINE,227,57227,FORBACH,RUE DE SCHOENECK,81822,0,4,VC,0,2,1,,,0,1,,,,1,7,0,0,1,0
1,8,1,2,7,57,FRANCE,LORRAINE,463,57463,METZ,BOULEVARD DE LA SOLIDARITE,81835,0,3,RD,4,2,2,,,0,1,,,,1,7,0,0,1,0
1,4,1,1,3,57,FRANCE,LORRAINE,642,57642,SCY-CHAZELLES,VOIE DE LA LIBERTE,81836,0,9,Autre,3,2,3,12,785,0,1,,,,1,7,0,0,1,0
1,1,1,1,3,57,FRANCE,LORRAINE,672,57672,THIONVILLE,ROUTE DE VOLKRANGE,81851,0,3,RD,14,1,2,,,0,1,,,,1,7,0,0,1,0
1,2,6,1,3,57,FRANCE,LORRAINE,253,57253,GONDREXANGE,RUE DE VERDUN ,81853,5,4,VC,0,1,2,,,0,1,,,,1,7,0,0,1,0
1,5,1,1,3,57,FRANCE,LORRAINE,757,57757,YUTZ,Avenue Nations,81878,0,3,RD,953,2,2,0,1266,0,1,,,,1,7,0,0,1,0
1,5,3,1,3,57,FRANCE,LORRAINE,221,57221,FLORANGE,RUE GRAND',81941,0,4,VC,,2,2,,,0,1,,,,1,7,0,0,1,0
1,8,1,1,3,57,FRANCE,LORRAINE,463,57463,METZ,XX EME CORPS AMERICAIN,81949,0,3,RD,5,4,3,0,340,0,1,,,,1,7,0,0,1,0
1,8,2,1,6,57,FRANCE,LORRAINE,463,57463,METZ,RUE SAINT PIERRE,81953,0,4,VC,,2,2,,,0,1,,,,1,7,0,0,1,0
1,6,1,1,3,57,FRANCE,LORRAINE,672,57672,THIONVILLE,COUR DE ROME,81955,0,4,VC,,2,2,,,0,1,,,,1,7,0,0,1,0
5,8,2,1,1,57,FRANCE,LORRAINE,463,57463,METZ,RUE DROGON,81967,0,4,VC,0,2,2,,,0,1,,,,1,2,0,0,1,0
1,5,1,1,1,57,FRANCE,LORRAINE,443,57443,MARANGE-SILVANGE,RD 52,81970,0,3,RD,52,2,2,4,400,0,1,0,0,,1,7,0,0,1,0
1,5,1,1,3,57,FRANCE,LORRAINE,019,57019,AMNEVILLE,RUE MONTAUBAN,81978,0,6,Parking,,0,,,,0,1,,,,1,7,0,0,1,0
1,8,4,1,2,57,FRANCE,LORRAINE,463,57463,METZ,RUE DU FAUBOURG,81995,0,3,RD,155,2,2,4,940,0,1,,,,1,7,0,0,1,0
1,6,6,1,2,57,FRANCE,LORRAINE,672,57672,THIONVILLE,RUE DU CHAPELIN,82013,5,4,VC,,1,1,,,0,1,,,,1,7,0,0,1,0
1,6,1,1,3,57,FRANCE,LORRAINE,672,57672,THIONVILLE,RUE PAUL ALBERT  -,82041,0,4,VC,0,3,4,,,1,1,,,,1,7,0,0,1,0
1,6,1,1,3,57,FRANCE,LORRAINE,480,57480,MONTIGNY-LES-METZ,RUE DE PONTMOUSSON,82042,0,4,VC,,2,0,,,0,1,,,,1,7,0,0,1,0
5,5,1,1,3,57,FRANCE,LORRAINE,306,57306,HAYANGE,RUE DE LEYRANGE,82044,0,4,VC,,2,2,,,0,1,,,,1,7,0,0,1,0
1,3,1,1,1,57,FRANCE,LORRAINE,191,57191,ELZANGE,,82051,0,4,VC,,2,2,,,0,1,4937400,629000,,1,7,0,0,1,0
1,1,1,1,3,57,FRANCE,LORRAINE,441,57441,MANOM,ROUTE DE MANOM,82063,0,3,RD,1,0,2,31,200,1,0,,,,1,7,0,0,1,0
1,5,1,1,3,57,FRANCE,LORRAINE,757,57757,YUTZ,RUE DU PRESIDENT ROOSEVELT,82083,0,3,RD,918,2,2,0,484,0,1,,,,1,7,0,0,1,0
1,8,2,1,3,57,FRANCE,LORRAINE,463,57463,METZ,AVENUE ROBERT SCHUMAN,82086,0,3,RD,0,4,4,,,0,1,,,,1,7,0,0,1,0
1,6,1,1,6,57,FRANCE,LORRAINE,672,57672,THIONVILLE,ROUTE DE LONGWY,82115,0,4,VC,,2,2,,,0,1,,,,1,7,0,0,1,0
1,1,3,1,3,57,FRANCE,LORRAINE,345,57345,INGLANGE,RD 2,82134,0,3,RD,2,2,2,28,200,0,1,0,0,,1,7,0,0,1,0
1,1,1,1,1,57,FRANCE,LORRAINE,096,57096,BOULANGE,RD 59,82138,0,3,RD,59,3,2,0,400,0,1,0,0,,1,7,0,0,1,0
1,5,3,1,3,57,FRANCE,LORRAINE,019,57019,AMNEVILLE,RUE DE VERDUN ,82157,0,4,VC,0,2,2,,,0,1,4925355,614306,,1,7,0,0,1,0
1,4,1,1,3,57,FRANCE,LORRAINE,412,57412,LONGEVILLE-LES-METZ,BOULEVARD SAINT SYMPHORIEN,82183,0,3,RD,157,2,2,0,972,0,1,,,,1,7,0,0,1,0
1,8,6,1,3,57,FRANCE,LORRAINE,463,57463,METZ,ROUTE DE BORNY,82184,0,4,VC,0,2,2,,,0,1,4911483,619081,,1,7,0,0,1,0
1,6,1,1,3,57,FRANCE,LORRAINE,480,57480,MONTIGNY-LES-METZ,RUE DE PONTMOUSSON,82186,0,3,RD,657,2,2,,,0,1,4909507,613721,,1,10,0,0,1,0
5,4,1,1,6,57,FRANCE,LORRAINE,616,57616,SAINT-JULIEN-LES-METZ,RUE FRANCOIS SIMON,82194,0,3,RD,69,1,2,0,5,0,1,,,,1,10,0,0,1,0
1,1,1,2,1,57,FRANCE,LORRAINE,221,57221,FLORANGE,RUE GRAND',82210,0,3,RD,653,1,2,2,1471,0,1,,,,1,7,0,0,1,0
2,6,1,1,2,57,FRANCE,LORRAINE,672,57672,THIONVILLE,ROND-POINT MERLIN,82218,0,3,RD,1,1,1,27,47,0,1,,,,1,7,0,0,1,0
1,6,1,1,3,57,FRANCE,LORRAINE,672,57672,THIONVILLE,RUE DU PAYS HAUT,82235,0,4,VC,0,2,2,,,0,5,4935535,615811,,1,7,0,0,1,0
1,1,3,1,3,57,FRANCE,LORRAINE,306,57306,HAYANGE,CD 17,82237,0,3,RD,17,2,3,2,675,0,1,,,,1,7,0,0,1,0
1,1,1,1,2,57,FRANCE,LORRAINE,221,57221,FLORANGE,RUE DES ROMAINS,82241,1,3,RD,152,2,2,2,500,0,1,4932964,613491,,1,10,0,0,1,0
1,6,1,1,3,57,FRANCE,LORRAINE,672,57672,THIONVILLE,RUE DE VERDUN ,82246,1,3,RD,13,2,2,2,500,0,1,,,,1,7,0,0,1,0
1,1,1,1,6,57,FRANCE,LORRAINE,672,57672,THIONVILLE,ROUTE METZ,82247,0,3,RD,953,2,3,26,900,1,1,,,,1,7,0,0,1,0
1,1,1,2,2,57,FRANCE,LORRAINE,221,57221,FLORANGE,RUE DES ROMAINS,82260,2,3,RD,152,2,2,1,932,0,1,,,,1,7,0,0,1,0
1,6,1,1,3,57,FRANCE,LORRAINE,672,57672,THIONVILLE,BOULEVARD ROBERT SCHUMANN,82264,0,2,RN,1153,3,4,0,1,0,1,,,,1,7,0,0,1,0
1,6,1,1,6,57,FRANCE,LORRAINE,672,57672,THIONVILLE,PLACE GENERAL PATTON,82273,6,4,VC,,1,1,,,1,1,4936255,617357,,1,7,0,0,1,0
2,5,1,1,3,57,FRANCE,LORRAINE,757,57757,YUTZ,Avenue Nations,82274,0,3,RD,953,2,2,,1843,0,1,4936168,619645,,1,7,0,0,1,0
5,6,1,1,3,57,FRANCE,LORRAINE,672,57672,THIONVILLE,ROUTE D'ESCH SUR ALZETTE  -,82279,3,3,RD,14,1,2,0,1,1,0,,,,1,7,0,0,1,0
1,1,1,1,2,57,FRANCE,LORRAINE,672,57672,THIONVILLE,RUE DE VERDUN ,82288,1,3,RD,13,2,2,0,387,0,1,,,,1,15,0,0,1,0
1,6,1,2,6,58,FRANCE,BOURGOGNE,194,58194,NEVERS,ALLEE DOCTEUR SUBERT,82309,0,4,VC,0,2,2,,,0,1,,,,1,,0,0,1,0
1,6,6,4,3,58,FRANCE,BOURGOGNE,194,58194,NEVERS,GONZAGUE,82315,5,4,VC,0,2,2,,,0,0,,,,1,7,0,0,1,0
5,6,1,2,7,58,FRANCE,BOURGOGNE,194,58194,NEVERS,ROND-POINT GALVACHERS,82328,0,4,VC,0,0,1,,,0,1,,,,1,,0,0,1,0
1,6,1,1,7,58,FRANCE,BOURGOGNE,194,58194,NEVERS,IMPASSE DOCKS,82338,0,4,VC,0,2,2,,,0,1,,,,1,,0,0,1,0
2,6,1,1,3,58,FRANCE,BOURGOGNE,194,58194,NEVERS,CHAILLOUX,82339,0,4,VC,0,2,2,,,0,1,,,,1,7,0,0,1,0
1,6,1,1,1,58,FRANCE,BOURGOGNE,194,58194,NEVERS,MADEMOISELLE BOURGEOIS,82364,0,4,VC,0,2,2,,,0,1,,,,1,7,0,0,1,0
5,6,1,2,3,58,FRANCE,BOURGOGNE,194,58194,NEVERS,GENERAL DE GAULLE,82390,0,4,VC,0,2,2,,,0,1,,,,1,7,0,0,1,0
1,6,1,1,7,58,FRANCE,BOURGOGNE,194,58194,NEVERS,PLACE MOSSE,82397,0,4,VC,0,2,2,,,0,1,,,,1,,0,0,1,0
1,6,3,2,1,58,FRANCE,BOURGOGNE,194,58194,NEVERS,JEROME TRESAGUET,82405,0,4,VC,0,2,2,,,0,1,,,,1,7,0,0,1,0
1,6,1,2,7,58,FRANCE,BOURGOGNE,194,58194,NEVERS,PLACE REPUBLIQUE,82410,0,4,VC,0,2,2,,,0,1,,,,1,,0,0,1,0
1,6,2,1,3,58,FRANCE,BOURGOGNE,194,58194,NEVERS,FAIDHERBE,82429,0,4,VC,0,2,2,,,0,1,,,,1,7,0,0,1,0
1,6,1,1,7,58,FRANCE,BOURGOGNE,194,58194,NEVERS,QUAI MANTOUE,82437,0,4,VC,0,1,1,,,0,1,,,,1,,0,0,1,0
1,6,1,1,6,58,FRANCE,BOURGOGNE,194,58194,NEVERS,PROMENADE VICTOR GUENEAU,82439,6,9,Autre,0,0,1,,,0,0,,,,1,,0,0,0,1
1,6,1,1,6,58,FRANCE,BOURGOGNE,194,58194,NEVERS,MARZY,82440,0,4,VC,0,2,1,,,0,1,,,,1,7,0,0,1,0
1,6,1,1,2,58,FRANCE,BOURGOGNE,194,58194,NEVERS,MARECHAL DE LATTRE DE TASSIGNY,82458,0,4,VC,0,2,2,,,0,1,,,,1,7,0,0,1,0
1,6,1,1,3,58,FRANCE,BOURGOGNE,194,58194,NEVERS,BANLAY,82465,0,4,VC,0,1,1,,,0,1,,,,1,7,0,0,1,0
1,6,1,1,6,58,FRANCE,BOURGOGNE,194,58194,NEVERS,FRANCOIS MITTERAND,82487,0,4,VC,0,2,2,,,0,1,,,,1,7,0,0,1,0
5,6,6,5,3,58,FRANCE,BOURGOGNE,194,58194,NEVERS,GRAND PRE DES BORDES,82489,5,4,VC,0,2,2,,,0,1,,,,1,7,0,0,1,0
1,6,2,1,3,58,FRANCE,BOURGOGNE,194,58194,NEVERS,GRANDS CHAMPS,82520,0,4,VC,0,2,2,,,0,0,,,,1,7,0,0,1,0
1,6,1,1,2,58,FRANCE,BOURGOGNE,194,58194,NEVERS,QUAI MARINIERS,82531,0,4,VC,0,2,2,,,0,1,,,,1,7,0,0,1,0
1,6,1,1,6,58,FRANCE,BOURGOGNE,194,58194,NEVERS,PIERRE BEREGOVOY,82542,0,4,VC,0,1,1,,,0,1,,,,1,,0,0,0,1
1,6,1,1,6,58,FRANCE,BOURGOGNE,194,58194,NEVERS,TREIZIEME DE LIGNE,82553,0,4,VC,0,2,3,,,0,1,,,,1,7,0,0,1,0
1,6,1,1,7,58,FRANCE,BOURGOGNE,194,58194,NEVERS,CARREFOUR CROIX JOYEUSE,82555,5,4,VC,0,0,2,,,0,1,,,,1,,0,0,1,0
5,6,3,1,3,58,FRANCE,BOURGOGNE,194,58194,NEVERS,ANTONY DUVIVIER,82569,0,4,VC,0,1,1,,,0,0,,,,1,7,0,0,1,0
1,6,1,1,2,58,FRANCE,BOURGOGNE,194,58194,NEVERS,LOUISE MICHEL,82593,0,4,VC,0,2,2,,,0,1,,,,1,7,0,0,1,0