lum,agg,int,atm,col,dep_bis,pays,region,com_bis,com_codeINSEE,communes,N_voie,numac,infra,catr,type_route,voie,circ,nbv,pr,pr1,vosp,situ,lat,long,adr,accident_velo,vehicule_imp,cycl_mort,cycl_bgv,cycl_blg,cycl_indm
1,6,1,1,3,58,FRANCE,BOURGOGNE,194,58194,NEVERS,JEAN JAURES,82596,0,4,VC,0,1,1,,,0,1,,,,1,7,0,0,1,0
2,6,1,2,7,58,FRANCE,BOURGOGNE,194,58194,NEVERS,CARREFOUR CROIX JOYEUSE,82600,0,4,VC,0,2,1,,,0,1,,,,1,,0,0,1,0
1,6,6,1,3,58,FRANCE,BOURGOGNE,194,58194,NEVERS,PIERRE DE COUBERTIN,82608,5,4,VC,0,2,2,,,0,0,,,,1,7,0,0,1,0
1,6,3,1,3,58,FRANCE,BOURGOGNE,194,58194,NEVERS,DOCKS,82616,0,4,VC,0,2,2,,,0,0,,,,1,7,0,0,1,0
5,6,1,2,7,58,FRANCE,BOURGOGNE,194,58194,NEVERS,CHEMIN DE FER,82617,5,4,VC,0,2,2,,,0,1,,,,1,,0,0,1,0
1,6,1,1,2,58,FRANCE,BOURGOGNE,194,58194,NEVERS,RAVELIN,82623,0,3,RD,0,2,2,,,0,1,,,,1,7,0,0,1,0
1,6,1,1,6,58,FRANCE,BOURGOGNE,194,58194,NEVERS,GENERAL DE GAULLE,82633,0,4,VC,0,2,2,,,0,4,,,,1,,0,0,0,1
1,6,1,1,6,58,FRANCE,BOURGOGNE,194,58194,NEVERS,BOULEVARD VICTOR HUGO,82637,0,4,VC,0,2,2,,,0,4,,,,1,,0,0,1,0
1,6,6,1,3,58,FRANCE,BOURGOGNE,194,58194,NEVERS,LEVEE DU QUAI MEDINE,82652,5,4,VC,0,2,2,,,0,0,,,,1,7,0,0,1,0
1,6,1,1,7,58,FRANCE,BOURGOGNE,194,58194,NEVERS,HAMMAMET,82656,0,4,VC,0,1,2,,,0,1,,,,1,,0,0,1,0
1,6,1,1,7,58,FRANCE,BOURGOGNE,194,58194,NEVERS,CHAUVELLES,82662,0,4,VC,0,1,1,,,0,1,,,,1,,0,0,1,0
1,6,1,1,3,58,FRANCE,BOURGOGNE,194,58194,NEVERS,JEROME TRESAGUET,82673,0,4,VC,0,2,2,,,0,1,,,,1,7,0,0,1,0
1,6,1,1,7,58,FRANCE,BOURGOGNE,194,58194,NEVERS,BOULEVARD PISSEROTTE,82679,0,4,VC,0,2,2,,,0,1,,,,1,,0,0,1,0
1,6,1,1,7,58,FRANCE,BOURGOGNE,194,58194,NEVERS,SAINT SEBASTIEN,82683,0,4,VC,0,2,0,,,0,1,,,,1,,0,0,1,0
1,6,6,1,6,58,FRANCE,BOURGOGNE,194,58194,NEVERS,PLACE SAINT NICOLAS,82687,0,4,VC,0,2,2,,,0,1,,,,1,7,0,0,1,0
2,6,1,1,1,58,FRANCE,BOURGOGNE,194,58194,NEVERS,CAMILLE BAYNAC,82703,0,4,VC,0,2,2,,,0,1,,,,1,7,0,0,1,0
1,6,1,1,7,58,FRANCE,BOURGOGNE,194,58194,NEVERS,BERNARD PALISSY,82719,0,4,VC,0,2,2,,,0,4,,,,1,,0,0,1,0
1,6,1,1,7,58,FRANCE,BOURGOGNE,194,58194,NEVERS,PROMENADE VICTOR GUENEAU,82721,0,4,VC,0,2,2,,,0,0,,,,1,,0,0,1,0
1,6,1,1,7,58,FRANCE,BOURGOGNE,194,58194,NEVERS,PLACE MOSSE,82723,0,4,VC,0,2,2,,,0,0,,,,1,,0,0,1,0
1,6,1,1,7,58,FRANCE,BOURGOGNE,194,58194,NEVERS,PONT CIZEAU,82730,0,4,VC,0,2,2,,,0,1,,,,1,,0,0,1,0
5,6,1,2,7,58,FRANCE,BOURGOGNE,194,58194,NEVERS,MARECHAL JUIN,82732,0,4,VC,0,2,2,,,0,1,,,,1,,0,0,1,0
1,6,1,1,1,58,FRANCE,BOURGOGNE,194,58194,NEVERS,CHEMIN DE FER,82744,0,4,VC,0,2,2,,,0,1,,,,1,7,0,0,1,0
1,6,3,1,3,58,FRANCE,BOURGOGNE,194,58194,NEVERS,CHARLES ROY,82749,0,4,VC,0,1,1,,,0,1,,,,1,7,0,0,1,0
1,6,3,1,1,58,FRANCE,BOURGOGNE,194,58194,NEVERS,JULES VERNE,82752,0,4,VC,0,2,2,,,0,1,,,,1,37,0,0,1,0
1,6,1,1,3,58,FRANCE,BOURGOGNE,194,58194,NEVERS,PLACE CHAMEANE,82786,0,4,VC,0,2,2,,,0,1,,,,1,7,0,0,1,0
1,1,1,1,3,59,FRANCE,NORD-PAS-DE-CALAIS,153,59153,CONDE-SUR-L'ESCAUT,BOULEVARD DE LA LIBERTE,82795,0,4,VC,0,3,2,,,0,4,,,,1,7,0,0,1,0
1,7,1,1,3,59,FRANCE,NORD-PAS-DE-CALAIS,183,59183,DUNKERQUE,AVENUE ROSENDAEL ,82799,2,4,VC,0,2,2,,,0,1,,,,1,7,0,0,1,0
2,7,1,1,3,59,FRANCE,NORD-PAS-DE-CALAIS,183,59183,DUNKERQUE,CUNETTE,82801,0,4,VC,0,2,2,,,0,1,,,,1,7,0,0,1,0
5,4,1,8,2,59,FRANCE,NORD-PAS-DE-CALAIS,566,59566,SEQUEDIN,RUE GUTENBERG,82802,4,3,RD,0,2,2,,,0,1,,,,1,7,0,0,1,0
5,5,3,1,6,59,FRANCE,NORD-PAS-DE-CALAIS,386,59386,MARQUETTE-LEZ-LILLE,RUE DE WAMBRECHIES ,82822,0,4,VC,0,2,2,,,0,1,,,,1,7,0,0,1,0
5,8,2,1,6,59,FRANCE,NORD-PAS-DE-CALAIS,350,59350,LILLE,RUE DOUAI ,82834,0,4,VC,0,1,2,,,0,1,,,,1,7,0,0,1,0
3,1,1,1,6,59,FRANCE,NORD-PAS-DE-CALAIS,544,59544,SAINT-SAULVE,RD 935 N,82842,0,3,RD,0,2,2,,,0,1,,,,1,7,0,0,1,0
1,6,1,1,6,59,FRANCE,NORD-PAS-DE-CALAIS,606,59606,VALENCIENNES,PLACE POTERNE,82846,0,4,VC,0,2,2,,,0,1,,,,1,7,0,0,1,0
1,6,3,5,6,59,FRANCE,NORD-PAS-DE-CALAIS,410,59410,MONS-EN-BAROEUL,AVENUE RENE COTY,82871,0,4,VC,0,1,1,,,1,1,,,,1,7,0,0,1,0
1,8,1,1,3,59,FRANCE,NORD-PAS-DE-CALAIS,350,59350,LILLE,RUE NATIONALE,82872,0,4,VC,0,2,2,,,2,1,,,,1,7,0,0,1,0
1,8,1,1,6,59,FRANCE,NORD-PAS-DE-CALAIS,350,59350,LILLE,RUE HUYSMANS JORIS KARL ,82877,0,4,VC,0,1,0,,,0,1,,,,1,7,0,0,1,0
1,8,1,2,3,59,FRANCE,NORD-PAS-DE-CALAIS,350,59350,LILLE,RUE DEBERDT ALBERT ,82884,0,4,VC,0,2,2,,,0,1,,,,1,7,0,0,0,1
5,6,1,1,3,59,FRANCE,NORD-PAS-DE-CALAIS,392,59392,MAUBEUGE,ROUTE D'ELESMES,82893,0,3,RD,0,2,2,,,0,1,,,,1,7,0,0,1,0
2,1,1,1,7,59,FRANCE,NORD-PAS-DE-CALAIS,459,59459,PETITE-FORET,RUE JOSEPH MARIE JACQUARD,82899,0,4,VC,0,2,2,,,0,4,,,,1,7,0,0,1,0
1,5,1,1,2,59,FRANCE,NORD-PAS-DE-CALAIS,343,59343,LESQUIN,RUE BRIZON PIERRE ,82933,0,4,VC,0,2,2,,,1,5,,,,1,12,0,0,1,0
1,6,1,1,6,59,FRANCE,NORD-PAS-DE-CALAIS,360,59360,LOOS,AVENUE KIENER ,82935,0,4,VC,0,2,2,,,0,1,,,,1,7,0,0,1,0
1,8,2,1,6,59,FRANCE,NORD-PAS-DE-CALAIS,350,59350,LILLE,BOULEVARD SADI CARNOT,82938,0,4,VC,0,2,4,,,0,1,,,,1,7,0,0,1,0
1,6,2,2,1,59,FRANCE,NORD-PAS-DE-CALAIS,328,59328,LAMBERSART,AVENUE DU BUCDEBUIRE,82940,0,4,VC,0,2,2,,,0,1,,,,1,7,0,0,1,0
3,1,1,2,2,59,FRANCE,NORD-PAS-DE-CALAIS,603,59603,TRITH-SAINT-LEGER,RD 59,82956,0,3,RD,0,2,2,,,0,1,,,,1,7,0,0,1,0
1,5,7,1,3,59,FRANCE,NORD-PAS-DE-CALAIS,449,59449,ORCHIES,RD 938,82984,0,3,RD,938,2,2,0,0,0,1,0,0,,1,7,0,0,1,0
5,6,1,1,6,59,FRANCE,NORD-PAS-DE-CALAIS,017,59017,ARMENTIERES,RUE BAYARD,82985,0,4,VC,0,1,2,,,0,1,,,,1,,0,0,1,0
1,7,1,1,3,59,FRANCE,NORD-PAS-DE-CALAIS,183,59183,DUNKERQUE,RN 1,82987,0,2,RN,1,1,2,,,1,5,,,,1,7,0,0,1,0
1,6,2,1,3,59,FRANCE,NORD-PAS-DE-CALAIS,378,59378,MARCQ-EN-BAROEUL,AVENUE DE VERDUN,82995,0,4,VC,0,2,2,,,0,1,,,,1,10,0,0,1,0
1,8,1,1,3,59,FRANCE,NORD-PAS-DE-CALAIS,350,59350,LILLE,BOULEVARD LIBERTE ,83001,0,3,RD,0,1,3,,,2,1,,,,1,7,0,0,1,0
1,5,2,1,3,59,FRANCE,NORD-PAS-DE-CALAIS,152,59152,COMINES,RUE GAMBETTA,83018,0,4,VC,0,2,2,,,0,1,,,,1,7,0,0,1,0
1,8,1,1,6,59,FRANCE,NORD-PAS-DE-CALAIS,350,59350,LILLE,RUE LEGRAND PIERRE ,83053,0,3,RD,0,1,2,,,0,1,,,,1,7,0,0,1,0
1,8,2,1,3,59,FRANCE,NORD-PAS-DE-CALAIS,350,59350,LILLE,BOULEVARD DE COUBERTIN PIERRE ,83056,0,3,RD,0,2,4,,,0,1,,,,1,7,0,0,1,0
1,6,3,6,2,59,FRANCE,NORD-PAS-DE-CALAIS,606,59606,VALENCIENNES,RUE DE PARIS,83085,0,4,VC,0,2,2,,,0,1,,,,1,7,0,0,1,0
1,8,1,1,6,59,FRANCE,NORD-PAS-DE-CALAIS,350,59350,LILLE,AVENUE DUNKERQUE ,83106,0,4,VC,0,2,2,,,0,1,,,,1,,0,0,0,1
1,4,1,1,1,59,FRANCE,NORD-PAS-DE-CALAIS,044,59044,BAISIEUX,RD 941,83109,0,3,RD,941,2,2,0,0,1,5,5061400,323000,,1,7,0,0,1,0
1,3,1,1,2,59,FRANCE,NORD-PAS-DE-CALAIS,551,59551,SAMEON,VC 0,83110,0,4,VC,0,2,2,0,0,0,1,0,0,,1,7,0,0,1,0
1,5,3,7,3,59,FRANCE,NORD-PAS-DE-CALAIS,616,59616,VIEUX-CONDE,RUE EMILE TABARY,83115,0,4,VC,0,2,2,,,0,1,,,,1,7,0,0,1,0
1,5,1,1,6,59,FRANCE,NORD-PAS-DE-CALAIS,648,59648,WATTIGNIES,RUE DU GENERAL DE GAULLE ,83125,0,4,VC,0,2,2,,,1,1,,,,1,7,0,0,1,0
1,8,2,1,6,59,FRANCE,NORD-PAS-DE-CALAIS,350,59350,LILLE,RUE JEANNE D'ARC,83140,0,4,VC,0,1,1,,,2,1,,,,1,7,0,0,1,0
1,8,1,3,3,59,FRANCE,NORD-PAS-DE-CALAIS,350,59350,LILLE,PONT JOUHAUX LEON,83141,0,4,VC,0,1,1,,,1,5,,,,1,7,0,0,1,0
1,6,2,1,6,59,FRANCE,NORD-PAS-DE-CALAIS,378,59378,MARCQ-EN-BAROEUL,BOULEVARD CLEMENCEAU,83149,0,3,RD,0,3,4,,,0,1,,,,1,14,0,0,1,0
1,6,2,1,3,59,FRANCE,NORD-PAS-DE-CALAIS,328,59328,LAMBERSART,AVENUE DU MARECHAL DE LATTRE DE TASSIGNY,83152,0,3,RD,0,2,2,,,0,1,,,,1,7,0,0,1,0
1,5,6,1,6,59,FRANCE,NORD-PAS-DE-CALAIS,636,59636,WAMBRECHIES,RUE SAINT PIERRE,83153,5,4,VC,0,3,4,,,0,1,,,,1,7,0,0,1,0
1,6,1,1,6,59,FRANCE,NORD-PAS-DE-CALAIS,368,59368,MADELEINE (LA),RUE DU GENERAL DE GAULLE ,83159,0,4,VC,0,2,2,,,0,1,,,,1,7,0,0,1,0
1,5,3,1,3,59,FRANCE,NORD-PAS-DE-CALAIS,365,59365,LOUVROIL,RUE PASTEUR,83161,0,4,VC,0,2,2,1,0,0,1,,,,1,7,0,0,1,0
1,5,2,1,3,59,FRANCE,NORD-PAS-DE-CALAIS,352,59352,LINSELLES,ROUTE DE LA PLAINE DU NORD,83164,5,3,RD,0,2,2,,,0,1,,,,1,7,0,0,1,0
1,6,1,1,6,59,FRANCE,NORD-PAS-DE-CALAIS,017,59017,ARMENTIERES,RUE ERNEST DECEUNINCK,83214,0,4,VC,0,2,2,,,0,1,,,,1,7,0,0,1,0
1,6,1,1,3,59,FRANCE,NORD-PAS-DE-CALAIS,378,59378,MARCQ-EN-BAROEUL,AVENUE FOCH,83224,0,4,VC,0,3,0,,,1,1,,,,1,7,0,0,1,0
1,8,1,1,3,59,FRANCE,NORD-PAS-DE-CALAIS,350,59350,LILLE,RUE FAIDHERBE,83237,0,3,RD,0,2,2,,,0,1,,,,1,7,0,0,1,0
1,5,2,1,3,59,FRANCE,NORD-PAS-DE-CALAIS,507,59507,RONCHIN,RUE DE L'YSER,83241,0,4,VC,0,1,1,,,0,1,,,,1,7,0,0,1,0
1,6,1,1,6,59,FRANCE,NORD-PAS-DE-CALAIS,378,59378,MARCQ-EN-BAROEUL,RUE DES EAUX ,83242,0,4,VC,0,2,2,,,0,1,,,,1,7,0,0,1,0
1,7,1,1,6,59,FRANCE,NORD-PAS-DE-CALAIS,009,59009,VILLENEUVE-D'ASCQ,RUE JULES GUESDE ,83244,0,4,VC,0,2,2,,,0,1,,,,1,7,0,0,1,0
1,6,3,1,3,59,FRANCE,NORD-PAS-DE-CALAIS,328,59328,LAMBERSART,AVENUE DE DUNKERQUE,83246,0,4,VC,0,2,2,,,0,1,,,,1,7,0,0,1,0
1,8,3,1,6,59,FRANCE,NORD-PAS-DE-CALAIS,350,59350,LILLE,RUE ROGER SALENGRO,83247,0,4,VC,0,2,2,,,2,1,,,,1,3,0,0,1,0
1,6,1,1,6,59,FRANCE,NORD-PAS-DE-CALAIS,378,59378,MARCQ-EN-BAROEUL,RUE DE LA COUTURE ,83250,5,4,VC,0,1,2,,,0,1,,,,1,7,0,0,1,0
1,5,3,1,2,59,FRANCE,NORD-PAS-DE-CALAIS,090,59090,BONDUES,AVENUE DU GENERAL DE GAULLE,83262,0,2,RN,0,3,2,,,0,1,,,,1,7,0,0,1,0
1,5,1,1,6,59,FRANCE,NORD-PAS-DE-CALAIS,447,59447,ONNAING,RUE JEAN JAURES,83263,0,3,RD,0,2,2,,,0,1,,,,1,7,0,0,1,0
1,5,1,1,3,59,FRANCE,NORD-PAS-DE-CALAIS,032,59032,AULNOY-LEZ-VALENCIENNES,AVENUE DE LA LIBERATION ,83264,0,4,VC,0,2,2,,,0,4,,,,1,7,0,0,1,0
1,6,1,1,6,59,FRANCE,NORD-PAS-DE-CALAIS,360,59360,LOOS,RUE DU MARECHAL FOCH,83290,0,4,VC,0,2,2,,,0,1,,,,1,7,0,0,1,0
1,6,2,1,3,59,FRANCE,NORD-PAS-DE-CALAIS,328,59328,LAMBERSART,AVENUE DE L'HIPPODROME,83301,0,4,VC,0,2,3,,,2,1,,,,1,7,0,0,1,0
1,6,1,1,6,59,FRANCE,NORD-PAS-DE-CALAIS,328,59328,LAMBERSART,RUE DE LA  CARNOY,83308,0,4,VC,0,2,2,,,0,1,,,,1,7,0,0,1,0
1,7,1,1,3,59,FRANCE,NORD-PAS-DE-CALAIS,009,59009,VILLENEUVE-D'ASCQ,AVENUE DE CANTELEU,83315,0,4,VC,0,2,2,,,0,1,,,,1,7,0,0,1,0
1,8,1,1,3,59,FRANCE,NORD-PAS-DE-CALAIS,350,59350,LILLE,RUE SOLFERINO,83317,0,4,VC,0,2,2,,,2,1,,,,1,7,0,0,1,0
1,4,1,1,3,59,FRANCE,NORD-PAS-DE-CALAIS,571,59571,SOLESMES,RD 113,83326,0,3,RD,113,2,0,16,500,0,1,5018800,349400,,1,7,0,0,1,0
1,6,1,1,6,59,FRANCE,NORD-PAS-DE-CALAIS,360,59360,LOOS,BOULEVARD DE LA REPUBLIQUE,83353,0,4,VC,0,2,2,,,1,1,,,,1,7,0,0,1,0
1,8,2,1,3,59,FRANCE,NORD-PAS-DE-CALAIS,350,59350,LILLE,RUE BRULE MAISON ,83354,0,3,RD,0,0,0,,,0,1,,,,1,7,0,0,1,0
1,8,1,1,3,59,FRANCE,NORD-PAS-DE-CALAIS,350,59350,LILLE,RUE MATTEOTI ,83363,0,3,RD,0,1,2,,,2,1,,,,1,7,0,0,1,0
1,5,1,1,2,59,FRANCE,NORD-PAS-DE-CALAIS,574,59574,SOMAIN,RUE ANDRE DENIMAL,83366,0,4,VC,0,2,2,,,0,1,,,,1,7,0,0,1,0
1,5,3,1,6,59,FRANCE,NORD-PAS-DE-CALAIS,447,59447,ONNAING,RUE EMILE ZOLA,83371,0,4,VC,0,2,2,,,0,1,,,,1,7,0,0,1,0
1,6,1,1,2,59,FRANCE,NORD-PAS-DE-CALAIS,155,59155,COUDEKERQUE-BRANCHE,BERGUES CD 916 ROUTE,83408,0,4,VC,0,1,1,,,0,1,,,,1,2,0,0,1,0
1,7,1,1,3,59,FRANCE,NORD-PAS-DE-CALAIS,183,59183,DUNKERQUE,MAHIEU ALBERT,83409,0,4,VC,0,2,2,,,0,1,,,,1,7,0,0,1,0
5,6,1,1,6,59,FRANCE,NORD-PAS-DE-CALAIS,368,59368,MADELEINE (LA),AVENUE DE LA REPUBLIQUE,83433,0,2,RN,0,1,2,,,1,5,,,,1,2,0,0,1,0
1,6,1,1,3,59,FRANCE,NORD-PAS-DE-CALAIS,378,59378,MARCQ-EN-BAROEUL,AVENUE DE LA MARNE,83434,0,4,VC,0,1,3,,,0,1,,,,1,7,0,0,1,0
1,6,3,1,3,59,FRANCE,NORD-PAS-DE-CALAIS,368,59368,MADELEINE (LA),RUE DE LA GARE ,83438,0,4,VC,0,2,0,,,0,1,,,,1,7,0,0,1,0
1,8,3,1,6,59,FRANCE,NORD-PAS-DE-CALAIS,350,59350,LILLE,RUE FAIDHERBE,83440,0,4,VC,0,1,2,,,0,1,,,,1,7,0,0,1,0
1,3,1,1,2,59,FRANCE,NORD-PAS-DE-CALAIS,128,59128,CAPINGHEM,MAIRIE,83442,0,2,RN,0,2,2,,,1,5,,,,1,7,0,0,1,0
1,6,1,1,6,59,FRANCE,NORD-PAS-DE-CALAIS,368,59368,MADELEINE (LA),RUE DU GENERAL DE GAULLE ,83447,0,4,VC,0,2,2,,,0,1,,,,1,13,0,0,1,0
1,8,4,1,3,59,FRANCE,NORD-PAS-DE-CALAIS,350,59350,LILLE,RUE MATTEOTI ,83449,0,4,VC,0,1,1,,,0,1,,,,1,7,0,0,1,0
1,5,3,1,3,59,FRANCE,NORD-PAS-DE-CALAIS,484,59484,QUIEVRECHAIN,RUE DE CONDE,83457,0,3,RD,0,2,2,,,1,0,,,,1,7,0,0,1,0
5,5,4,8,7,59,FRANCE,NORD-PAS-DE-CALAIS,527,59527,SAINT-ANDRE-LEZ-LILLE,RUE SADI CARNOT,83502,0,4,VC,0,2,2,,,0,1,,,,1,,0,0,1,0
1,7,4,1,3,59,FRANCE,NORD-PAS-DE-CALAIS,009,59009,VILLENEUVE-D'ASCQ,BOULEVARD DE TOURNAI,83507,0,4,VC,0,2,2,,,0,1,,,,1,7,0,0,1,0
1,5,1,1,3,59,FRANCE,NORD-PAS-DE-CALAIS,648,59648,WATTIGNIES,RUE CLEMENCEAU ,83511,0,3,RD,0,2,5,,,0,1,,,,1,7,0,0,1,0
1,8,2,1,6,59,FRANCE,NORD-PAS-DE-CALAIS,350,59350,LILLE,RUE DE L'EGALITE,83513,0,4,VC,0,2,2,,,0,1,,,,1,7,0,0,1,0
1,8,1,1,6,59,FRANCE,NORD-PAS-DE-CALAIS,350,59350,LILLE,BOULEVARD LIBERTE ,83518,0,4,VC,0,2,4,,,3,1,,,,1,37,0,0,1,0
1,6,3,1,3,59,FRANCE,NORD-PAS-DE-CALAIS,360,59360,LOOS,RUE DU MARECHAL FOCH,83520,0,4,VC,0,2,0,,,0,1,,,,1,7,0,0,1,0
1,8,1,1,6,59,FRANCE,NORD-PAS-DE-CALAIS,350,59350,LILLE,BOULEVARD VAUBAN,83534,0,4,VC,0,2,2,,,2,1,,,,1,7,0,0,1,0
1,3,1,1,2,59,FRANCE,NORD-PAS-DE-CALAIS,332,59332,LANNOY,RUE JEAN DE LANNOY,83545,0,4,VC,0,2,2,,,0,1,,,,1,7,0,0,1,0
5,6,1,1,2,59,FRANCE,NORD-PAS-DE-CALAIS,163,59163,CROIX,RUE D'HEM,83547,0,4,VC,0,2,2,,,0,1,,,,1,7,0,0,1,0
1,5,1,1,2,59,FRANCE,NORD-PAS-DE-CALAIS,646,59646,WASQUEHAL,PLACE GAMBETTA,83549,0,4,VC,0,2,2,,,0,1,,,,1,7,0,0,1,0
1,7,1,2,3,59,FRANCE,NORD-PAS-DE-CALAIS,599,59599,TOURCOING,BOULEVARD GAMBETTA,83552,0,6,Parking,0,0,0,,,0,0,,,,1,2,0,0,1,0
1,5,3,1,3,59,FRANCE,NORD-PAS-DE-CALAIS,484,59484,QUIEVRECHAIN,AVENUE JEAN JAURES,83556,0,3,RD,0,2,2,,,0,1,,,,1,2,0,0,1,0
5,7,1,1,1,59,FRANCE,NORD-PAS-DE-CALAIS,183,59183,DUNKERQUE,MARDYCK QUAI,83567,0,9,Autre,0,2,2,,,1,5,,,,1,2,0,0,1,0
1,7,3,1,3,59,FRANCE,NORD-PAS-DE-CALAIS,183,59183,DUNKERQUE,GARENNES,83569,0,4,VC,0,1,1,,,0,1,,,,1,7,0,0,1,0
4,6,1,2,3,59,FRANCE,NORD-PAS-DE-CALAIS,271,59271,GRANDE-SYNTHE,AVENUE SUWALKI ,83574,0,4,VC,0,2,2,,,0,1,,,,1,7,0,0,1,0
5,6,1,1,3,59,FRANCE,NORD-PAS-DE-CALAIS,328,59328,LAMBERSART,RUE DE LILLE,83600,2,4,VC,0,2,3,,,0,1,,,,1,7,0,0,1,0
1,8,1,7,3,59,FRANCE,NORD-PAS-DE-CALAIS,350,59350,LILLE,PLACE DOREZ BARTHELEMY ,83606,3,4,VC,0,1,1,,,0,1,,,,1,7,0,0,1,0
1,6,2,1,3,59,FRANCE,NORD-PAS-DE-CALAIS,360,59360,LOOS,RUE DES LUMIERES  FRERES,83621,0,4,VC,0,2,2,,,0,1,,,,1,7,0,0,1,0
3,1,1,1,2,59,FRANCE,NORD-PAS-DE-CALAIS,229,59229,FERON,RD 42,83672,0,3,RD,42,2,0,1,971,0,1,0,0,,1,7,0,0,1,0
2,8,2,1,3,59,FRANCE,NORD-PAS-DE-CALAIS,350,59350,LILLE,RUE JEANNE D'ARC,83712,0,4,VC,0,1,1,,,0,1,,,,1,7,0,0,1,0
1,7,1,1,6,59,FRANCE,NORD-PAS-DE-CALAIS,599,59599,TOURCOING,CHAUSSEE WATT,83723,0,4,VC,0,2,2,,,0,1,,,,1,10,0,0,1,0
5,6,3,1,3,59,FRANCE,NORD-PAS-DE-CALAIS,410,59410,MONS-EN-BAROEUL,RUE FRANKLIN ,83768,0,4,VC,0,2,2,,,0,1,,,,1,7,0,0,1,0
3,8,1,2,3,59,FRANCE,NORD-PAS-DE-CALAIS,350,59350,LILLE,CHAMPS DE MARS,83775,0,6,Parking,0,0,0,,,0,4,,,,1,7,0,0,1,0
1,8,1,2,3,59,FRANCE,NORD-PAS-DE-CALAIS,350,59350,LILLE,FAUBOURG DE DOUAI ,83791,0,3,RD,0,2,4,,,0,1,,,,1,7,0,0,1,0
5,7,1,1,6,59,FRANCE,NORD-PAS-DE-CALAIS,009,59009,VILLENEUVE-D'ASCQ,BOULEVARD DE MONS,83803,5,4,VC,0,1,2,,,1,5,,,,1,7,0,0,1,0
1,8,1,1,6,59,FRANCE,NORD-PAS-DE-CALAIS,350,59350,LILLE,BOULEVARD SADI CARNOT,83804,0,4,VC,0,3,4,,,2,3,,,,1,7,0,0,1,0
1,5,2,1,6,59,FRANCE,NORD-PAS-DE-CALAIS,014,59014,ANZIN,RUE LOUISE MICHEL,83815,0,3,RD,0,2,2,,,0,1,,,,1,7,0,0,1,0
1,6,7,8,3,59,FRANCE,NORD-PAS-DE-CALAIS,017,59017,ARMENTIERES,SQUARE VICTOR HUGO,83846,0,4,VC,0,1,2,,,0,1,,,,1,7,0,0,1,0
5,8,3,1,3,59,FRANCE,NORD-PAS-DE-CALAIS,350,59350,LILLE,AVENUE DUNKERQUE ,83852,0,4,VC,0,2,2,,,0,1,,,,1,7,0,0,1,0
1,8,2,1,3,59,FRANCE,NORD-PAS-DE-CALAIS,350,59350,LILLE,RUE FAIDHERBE,83853,0,4,VC,0,2,2,,,0,1,,,,1,7,0,0,1,0
1,7,1,7,3,59,FRANCE,NORD-PAS-DE-CALAIS,009,59009,VILLENEUVE-D'ASCQ,RUE GUSTAVENUE DELORY ,83856,0,4,VC,0,2,2,,,0,1,,,,1,7,0,0,1,0
1,7,1,7,6,59,FRANCE,NORD-PAS-DE-CALAIS,009,59009,VILLENEUVE-D'ASCQ,RUE JULES GUESDE ,83935,0,4,VC,0,1,1,,,0,1,,,,1,7,0,0,1,0
1,8,1,1,6,59,FRANCE,NORD-PAS-DE-CALAIS,350,59350,LILLE,RUE DE LA BASSEE ,83942,0,4,VC,0,2,2,,,0,1,,,,1,7,0,0,1,0
1,7,3,1,3,59,FRANCE,NORD-PAS-DE-CALAIS,009,59009,VILLENEUVE-D'ASCQ,RUE DE LANNOY,83955,0,4,VC,0,2,2,,,0,1,,,,1,7,0,0,1,0
1,5,1,1,3,59,FRANCE,NORD-PAS-DE-CALAIS,225,59225,FEIGNIES,RUE ROGER SALENGRO,83964,0,4,VC,0,2,2,2,500,0,1,,,,1,7,0,0,1,0
5,7,2,1,3,59,FRANCE,NORD-PAS-DE-CALAIS,512,59512,ROUBAIX,RUE DE BEAUMONT,83965,0,4,VC,0,2,2,,,0,1,,,,1,7,0,0,1,1
1,7,1,1,3,59,FRANCE,NORD-PAS-DE-CALAIS,512,59512,ROUBAIX,RUE DE LANNOY,83966,0,4,VC,0,2,2,,,0,1,,,,1,7,0,0,1,0
1,6,1,1,3,59,FRANCE,NORD-PAS-DE-CALAIS,650,59650,WATTRELOS,RUE DE LEERS,83969,0,4,VC,0,2,2,,,0,1,,,,1,7,0,0,1,0
1,7,1,1,3,59,FRANCE,NORD-PAS-DE-CALAIS,512,59512,ROUBAIX,RUE DE LILLE,83973,0,4,VC,0,0,2,,,0,1,,,,1,7,0,0,1,0
1,6,1,1,2,59,FRANCE,NORD-PAS-DE-CALAIS,606,59606,VALENCIENNES,BOULEVARD HENRI HARPIGNIES,83981,0,4,VC,0,2,4,,,0,1,,,,1,10,0,0,1,0
1,5,1,1,6,59,FRANCE,NORD-PAS-DE-CALAIS,509,59509,ROOST-WARENDIN,RUE JEAN JAURES,84008,0,4,VC,0,2,2,,,0,1,,,,1,7,0,0,1,0
1,5,5,1,3,59,FRANCE,NORD-PAS-DE-CALAIS,507,59507,RONCHIN,RUE LAVOISIER,84013,5,4,VC,0,2,0,,,0,1,,,,1,7,0,0,1,0
1,8,1,1,6,59,FRANCE,NORD-PAS-DE-CALAIS,350,59350,LILLE,RUE NATIONALE,84015,0,4,VC,0,3,2,,,0,1,,,,1,14,0,0,1,0
1,8,1,1,3,59,FRANCE,NORD-PAS-DE-CALAIS,350,59350,LILLE,RUE MARQUILLIES ,84019,0,4,VC,0,2,2,,,0,1,,,,1,7,0,0,1,0
5,6,9,9,6,59,FRANCE,NORD-PAS-DE-CALAIS,410,59410,MONS-EN-BAROEUL,SARTS PARC DES,84028,0,9,Autre,0,0,0,,,0,1,,,,1,7,0,0,1,0
1,7,2,1,3,59,FRANCE,NORD-PAS-DE-CALAIS,009,59009,VILLENEUVE-D'ASCQ,RUE DU PETIT PONT,84030,0,4,VC,0,2,2,,,0,1,,,,1,7,0,0,1,0
1,6,3,1,3,59,FRANCE,NORD-PAS-DE-CALAIS,378,59378,MARCQ-EN-BAROEUL,RUE DU DOCTEUR  CHARCOT,84034,0,4,VC,0,2,2,,,0,1,,,,1,7,0,0,1,0
1,5,3,1,3,59,FRANCE,NORD-PAS-DE-CALAIS,447,59447,ONNAING,RUE JEAN JAURES,84049,0,2,RN,0,2,3,,,1,1,,,,1,7,0,0,1,0