lum,agg,int,atm,col,dep_bis,pays,region,com_bis,com_codeINSEE,communes,N_voie,numac,infra,catr,type_route,voie,circ,nbv,pr,pr1,vosp,situ,lat,long,adr,accident_velo,vehicule_imp,cycl_mort,cycl_bgv,cycl_blg,cycl_indm
1,8,2,1,2,59,FRANCE,NORD-PAS-DE-CALAIS,350,59350,LILLE,RUE D'ESQUERMES,84082,0,4,VC,0,2,2,,,0,1,,,,1,7,0,0,1,0
1,8,2,2,3,59,FRANCE,NORD-PAS-DE-CALAIS,350,59350,LILLE,RUE JARDIN DES PLANTES,84091,5,4,VC,0,1,2,,,0,1,,,,1,7,0,0,1,0
1,7,1,1,7,59,FRANCE,NORD-PAS-DE-CALAIS,009,59009,VILLENEUVE-D'ASCQ,FLANDRE AVENUEE DE,84109,0,4,VC,0,3,20,,,0,1,,,,1,,0,0,1,0
1,6,5,1,3,59,FRANCE,NORD-PAS-DE-CALAIS,368,59368,MADELEINE (LA),AVENUE DE LA REPUBLIQUE,84112,0,4,VC,0,3,4,,,0,5,,,,1,7,0,0,1,0
1,8,1,1,6,59,FRANCE,NORD-PAS-DE-CALAIS,350,59350,LILLE,ESPLANADE FACADE,84118,0,3,RD,0,3,4,,,0,1,,,,1,7,0,0,1,0
1,5,1,1,3,59,FRANCE,NORD-PAS-DE-CALAIS,508,59508,RONCQ,RUE DU DRONCKAERT,84130,0,3,RD,0,2,2,,,0,1,,,,1,7,0,0,1,0
1,7,1,1,3,59,FRANCE,NORD-PAS-DE-CALAIS,599,59599,TOURCOING,RUE DU DRAGON,84135,0,4,VC,0,2,2,,,0,1,,,,1,7,0,0,1,0
1,6,2,1,3,59,FRANCE,NORD-PAS-DE-CALAIS,606,59606,VALENCIENNES,RUE DE LILLE,84140,0,4,VC,0,1,1,,,0,1,,,,1,7,0,0,1,0
1,7,1,1,6,59,FRANCE,NORD-PAS-DE-CALAIS,183,59183,DUNKERQUE,HECQUET CONSTANT,84174,0,4,VC,0,2,2,,,0,1,,,,1,7,0,0,1,0
1,7,1,1,6,59,FRANCE,NORD-PAS-DE-CALAIS,009,59009,VILLENEUVE-D'ASCQ,RUE DES BOULEAUX ,84178,0,4,VC,0,2,2,,,0,1,,,,1,7,0,0,1,0
1,7,2,1,3,59,FRANCE,NORD-PAS-DE-CALAIS,009,59009,VILLENEUVE-D'ASCQ,BOULEVARD DE L'OUEST,84183,0,3,RD,0,3,5,,,1,1,,,,1,7,0,0,1,0
1,8,1,1,6,59,FRANCE,NORD-PAS-DE-CALAIS,350,59350,LILLE,PONT ERFURT,84188,2,4,VC,0,2,2,,,0,1,,,,1,7,0,0,1,0
1,8,1,1,3,59,FRANCE,NORD-PAS-DE-CALAIS,350,59350,LILLE,RUE DU MOLINEL,84197,0,4,VC,0,1,3,,,2,1,,,,1,7,0,0,1,0
1,8,1,1,3,59,FRANCE,NORD-PAS-DE-CALAIS,350,59350,LILLE,RUE JACQUEMART GIELEE ,84199,0,4,VC,0,1,1,,,0,1,,,,1,7,0,0,1,0
1,5,3,1,3,59,FRANCE,NORD-PAS-DE-CALAIS,421,59421,MOUVAUX,RUE FRANKLIN ROOSEVELT,84230,0,4,VC,0,2,2,,,0,1,,,,1,7,0,0,1,0
1,5,2,3,3,59,FRANCE,NORD-PAS-DE-CALAIS,616,59616,VIEUX-CONDE,RUE CONSTANT GOSSET,84272,0,4,VC,0,2,0,,,0,1,,,,1,7,0,0,1,0
5,7,1,1,2,59,FRANCE,NORD-PAS-DE-CALAIS,183,59183,DUNKERQUE,AVENUE MER ,84274,0,4,VC,0,2,3,,,0,1,,,,1,7,0,0,1,0
1,1,1,1,2,59,FRANCE,NORD-PAS-DE-CALAIS,249,59249,FOURMIES,RUE D'ANOR,84278,0,3,RD,0,2,2,,,0,1,,,,1,7,0,0,1,0
1,8,3,1,6,59,FRANCE,NORD-PAS-DE-CALAIS,350,59350,LILLE,RUE ABELARD ,84281,0,4,VC,0,2,2,,,0,1,,,,1,7,0,0,1,0
1,6,1,1,3,59,FRANCE,NORD-PAS-DE-CALAIS,360,59360,LOOS,AVENUE AVINEE EUGENE ,84284,0,4,VC,0,2,2,,,0,1,,,,1,7,0,0,1,0
1,8,2,1,3,59,FRANCE,NORD-PAS-DE-CALAIS,350,59350,LILLE,BOULEVARD VICTOR HUGO,84286,5,4,VC,0,2,2,,,0,1,,,,1,15,0,0,1,0
1,6,1,1,6,59,FRANCE,NORD-PAS-DE-CALAIS,328,59328,LAMBERSART,RUE VIEILLE ,84296,0,4,VC,0,2,2,,,0,1,,,,1,7,0,0,1,0
1,7,2,8,3,59,FRANCE,NORD-PAS-DE-CALAIS,599,59599,TOURCOING,RUE NATIONALE,84308,0,4,VC,0,2,2,,,0,1,,,,1,30,0,0,0,1
1,7,1,1,2,59,FRANCE,NORD-PAS-DE-CALAIS,183,59183,DUNKERQUE,AVENUE LIBERATION ,84358,0,4,VC,0,2,2,,,0,1,,,,1,7,0,0,1,0
1,8,1,1,3,59,FRANCE,NORD-PAS-DE-CALAIS,350,59350,LILLE,RUE POSTES ,84364,0,4,VC,0,2,2,,,1,1,,,,1,7,0,0,1,0
1,7,1,1,6,59,FRANCE,NORD-PAS-DE-CALAIS,009,59009,VILLENEUVE-D'ASCQ,RUE JULES GUESDE ,84366,0,4,VC,0,2,2,,,0,1,,,,1,7,0,0,1,0
1,8,1,1,2,59,FRANCE,NORD-PAS-DE-CALAIS,350,59350,LILLE,RUE D'ESQUERMOISE,84367,0,4,VC,0,1,1,,,0,1,,,,1,7,0,0,1,0
1,8,1,1,6,59,FRANCE,NORD-PAS-DE-CALAIS,350,59350,LILLE,RUE CABANIS ,84371,0,6,Parking,0,4,0,,,0,1,,,,1,,0,0,1,0
1,1,9,1,3,59,FRANCE,NORD-PAS-DE-CALAIS,350,59350,LILLE,RUE CARREL ARMAND,84380,0,4,VC,0,2,0,,,0,4,,,,1,7,0,0,1,0
1,6,2,1,3,59,FRANCE,NORD-PAS-DE-CALAIS,328,59328,LAMBERSART,AVENUE DE L'HIPPODROME,84382,0,3,RD,0,2,4,,,0,1,,,,1,7,0,0,1,0
1,8,2,1,3,59,FRANCE,NORD-PAS-DE-CALAIS,350,59350,LILLE,BOULEVARD VAUBAN,84383,0,4,VC,0,2,4,,,2,1,,,,1,7,0,0,1,0
1,6,3,1,5,59,FRANCE,NORD-PAS-DE-CALAIS,606,59606,VALENCIENNES,AVENUE FAIDHERBE ,84389,0,4,VC,0,2,2,,,1,1,,,,1,7,0,0,1,0
3,5,1,1,6,59,FRANCE,NORD-PAS-DE-CALAIS,459,59459,PETITE-FORET,RUE AMBROISE CROIZAT,84390,0,3,RD,0,2,2,,,2,5,,,,1,,0,0,0,1
1,6,2,1,6,59,FRANCE,NORD-PAS-DE-CALAIS,606,59606,VALENCIENNES,RUE DE PARIS,84413,0,4,VC,0,2,2,,,0,1,,,,1,7,0,0,1,0
1,7,1,1,2,59,FRANCE,NORD-PAS-DE-CALAIS,183,59183,DUNKERQUE,CHURCHILL WINSTON,84418,0,4,VC,0,2,2,,,0,1,,,,1,10,0,0,1,0
1,8,2,1,3,59,FRANCE,NORD-PAS-DE-CALAIS,350,59350,LILLE,RUE OLLIVIER ,84430,0,4,VC,0,2,2,,,0,1,,,,1,7,0,0,1,0
1,6,2,1,3,59,FRANCE,NORD-PAS-DE-CALAIS,328,59328,LAMBERSART,RUE AMPERE ,84431,0,4,VC,0,2,1,,,0,1,,,,1,37,0,0,1,0
1,6,1,1,3,59,FRANCE,NORD-PAS-DE-CALAIS,378,59378,MARCQ-EN-BAROEUL,AVENUE DE LA REPUBLIQUE,84434,2,4,VC,0,1,1,,,1,1,,,,1,7,0,0,1,0
1,8,1,1,3,59,FRANCE,NORD-PAS-DE-CALAIS,350,59350,LILLE,BOULEVARD BIGO DANEL ,84436,0,3,RD,0,1,2,,,1,1,,,,1,7,0,0,1,0
1,6,1,1,3,59,FRANCE,NORD-PAS-DE-CALAIS,328,59328,LAMBERSART,RUE DE LA  CARNOY,84440,0,4,VC,0,2,2,,,0,1,,,,1,7,0,0,1,0
1,6,3,1,3,59,FRANCE,NORD-PAS-DE-CALAIS,378,59378,MARCQ-EN-BAROEUL,RUE RAYMOND  DERAIN,84445,0,4,VC,0,2,2,,,0,1,,,,1,7,0,0,1,0
5,5,1,1,1,59,FRANCE,NORD-PAS-DE-CALAIS,507,59507,RONCHIN,RUE SAINT VENANT CHARLES ,84454,1,4,VC,0,2,2,,,0,1,,,,1,7,0,0,1,0
1,8,7,1,2,59,FRANCE,NORD-PAS-DE-CALAIS,350,59350,LILLE,PLACE LEBON PHILLIPE ,84462,0,4,VC,0,2,2,,,0,1,,,,1,7,0,0,1,0
1,8,3,2,6,59,FRANCE,NORD-PAS-DE-CALAIS,350,59350,LILLE,BOULEVARD LIBERTE ,84463,0,4,VC,0,2,4,,,3,1,,,,1,7,0,0,1,0
1,8,1,1,6,59,FRANCE,NORD-PAS-DE-CALAIS,350,59350,LILLE,AVENUE DE DUNKERQUE,84471,0,4,VC,0,2,2,,,0,1,,,,1,7,0,0,1,0
1,6,2,1,3,59,FRANCE,NORD-PAS-DE-CALAIS,606,59606,VALENCIENNES,AVENUE DE REIMS,84483,0,3,RD,0,2,2,,,0,1,,,,1,7,0,0,1,0
1,5,6,1,3,59,FRANCE,NORD-PAS-DE-CALAIS,383,59383,MARLY,AVENUE HENRI BARBUSSE,84484,0,3,RD,0,2,2,,,2,1,,,,1,7,0,0,1,0
1,1,3,1,3,59,FRANCE,NORD-PAS-DE-CALAIS,043,59043,BAILLEUL,ROUTE DE LILLE,84507,0,3,RD,0,2,2,1,0,2,5,,,,1,10,0,0,1,0
1,6,1,1,6,59,FRANCE,NORD-PAS-DE-CALAIS,540,59540,SAINT-POL-SUR-MER,ROGER SALENGRO ,84513,0,4,VC,0,2,2,,,0,1,,,,1,,0,0,1,0
2,6,3,5,3,59,FRANCE,NORD-PAS-DE-CALAIS,378,59378,MARCQ-EN-BAROEUL,AVENUE FOCH,84534,0,4,VC,0,2,2,,,2,1,,,,1,7,0,0,1,0
5,8,2,1,6,59,FRANCE,NORD-PAS-DE-CALAIS,350,59350,LILLE,RUE AGACHES,84536,6,9,Autre,0,0,1,,,3,0,,,,1,,0,0,1,0
4,6,1,1,3,59,FRANCE,NORD-PAS-DE-CALAIS,378,59378,MARCQ-EN-BAROEUL,RUE DE LA COUTURE ,84538,3,3,RD,0,3,1,,,0,1,,,,1,7,0,0,1,0
1,8,3,1,3,59,FRANCE,NORD-PAS-DE-CALAIS,350,59350,LILLE,RUE PARIS ,84540,0,4,VC,0,2,2,,,0,1,,,,1,10,0,0,1,0
1,6,2,1,6,59,FRANCE,NORD-PAS-DE-CALAIS,328,59328,LAMBERSART,AVENUE DU COLISEE,84546,0,4,VC,0,2,2,,,0,1,,,,1,7,0,0,1,0
1,8,4,1,2,59,FRANCE,NORD-PAS-DE-CALAIS,350,59350,LILLE,RUE JULES VALLES ,84559,0,4,VC,0,2,2,,,0,1,,,,1,10,0,0,1,0
1,6,1,1,1,59,FRANCE,NORD-PAS-DE-CALAIS,360,59360,LOOS,RUE GUY MOCQUET,84567,0,4,VC,0,2,2,,,0,1,,,,1,10,0,0,1,0
1,8,1,1,6,59,FRANCE,NORD-PAS-DE-CALAIS,350,59350,LILLE,BOULEVARD MOSELLE ,84571,0,4,VC,0,2,2,,,0,1,,,,1,7,0,0,1,0
1,5,1,1,6,59,FRANCE,NORD-PAS-DE-CALAIS,279,59279,HALLUIN,RUE DE LILLE,84578,0,4,VC,0,2,1,,,3,0,,,,1,,0,0,0,1
1,7,1,7,3,59,FRANCE,NORD-PAS-DE-CALAIS,599,59599,TOURCOING,RUE DE PARIS,84580,0,4,VC,0,2,2,,,0,1,,,,1,7,0,0,1,0
2,7,2,1,3,59,FRANCE,NORD-PAS-DE-CALAIS,009,59009,VILLENEUVE-D'ASCQ,BOULEVARD DE L'OUEST,84627,0,3,RD,0,2,4,,,1,1,,,,1,7,0,0,1,0
3,4,1,1,2,59,FRANCE,NORD-PAS-DE-CALAIS,585,59585,TEMPLEMARS,VENDEVILLE ROUTE DE,84637,0,4,VC,0,2,2,,,0,1,,,,1,7,0,0,1,0
1,8,2,1,3,59,FRANCE,NORD-PAS-DE-CALAIS,350,59350,LILLE,RUE SOLFERINO,84645,0,4,VC,0,2,2,,,0,1,,,,1,14,0,0,1,0
5,8,1,1,6,59,FRANCE,NORD-PAS-DE-CALAIS,350,59350,LILLE,RUE NEGRIER ,84668,0,4,VC,0,1,1,,,0,1,,,,1,7,0,0,1,0
1,5,1,1,6,59,FRANCE,NORD-PAS-DE-CALAIS,507,59507,RONCHIN,RUE LAVOISIER,84679,0,4,VC,0,2,2,,,0,1,,,,1,7,0,0,1,0
1,5,1,1,6,59,FRANCE,NORD-PAS-DE-CALAIS,386,59386,MARQUETTE-LEZ-LILLE,RUE DE LILLE,84683,0,4,VC,0,2,2,,,2,1,,,,1,10,0,0,1,0
5,7,1,3,3,59,FRANCE,NORD-PAS-DE-CALAIS,599,59599,TOURCOING,CHAUSSEE GRAMME,84687,0,4,VC,0,2,2,,,0,1,,,,1,7,0,0,1,0
1,1,1,1,3,59,FRANCE,NORD-PAS-DE-CALAIS,663,59663,WORMHOUT,RD 18,84724,0,3,RD,18,2,0,2,100,0,1,5087000,248600,,1,7,0,0,1,0
1,5,1,8,3,59,FRANCE,NORD-PAS-DE-CALAIS,220,59220,FACHES-THUMESNIL,RUE DE WATTIGNIES,84757,0,4,VC,0,2,0,,,0,1,,,,1,7,0,0,1,0
2,6,2,2,3,59,FRANCE,NORD-PAS-DE-CALAIS,410,59410,MONS-EN-BAROEUL,RUE DU BECQUEREL ,84759,0,4,VC,0,2,0,,,0,1,,,,1,7,0,0,1,0
2,5,3,1,3,59,FRANCE,NORD-PAS-DE-CALAIS,491,59491,RAISMES,RUE HENRI DURRE,84794,5,3,RD,0,2,3,,,0,5,,,,1,7,0,0,1,0
1,5,1,1,2,59,FRANCE,NORD-PAS-DE-CALAIS,616,59616,VIEUX-CONDE,RUE VICTOR HUGO,84847,0,4,VC,0,2,2,,,0,1,,,,1,7,0,0,1,0
1,7,1,1,7,59,FRANCE,NORD-PAS-DE-CALAIS,183,59183,DUNKERQUE,AVENUE PETITE-SYNTHE CD 940 ,84853,0,4,VC,0,2,4,,,0,1,,,,1,7,0,0,1,0
1,5,6,7,6,59,FRANCE,NORD-PAS-DE-CALAIS,560,59560,SECLIN,TEMPLEMARS ROUTE DE,84856,5,4,VC,0,2,2,,,0,1,,,,1,7,0,0,1,0
1,6,2,1,6,59,FRANCE,NORD-PAS-DE-CALAIS,378,59378,MARCQ-EN-BAROEUL,AVENUE DE LA MARNE,84958,0,3,RD,0,1,1,,,0,1,,,,1,7,0,0,1,0
1,7,2,2,6,59,FRANCE,NORD-PAS-DE-CALAIS,009,59009,VILLENEUVE-D'ASCQ,RUE TRAVERSIERE,84960,0,4,VC,0,2,2,,,0,1,,,,1,7,0,0,1,0
5,6,3,1,3,59,FRANCE,NORD-PAS-DE-CALAIS,360,59360,LOOS,BOULEVARD DE LA REPUBLIQUE,84964,0,4,VC,0,2,2,,,0,1,,,,1,7,0,0,1,0
1,8,2,8,6,59,FRANCE,NORD-PAS-DE-CALAIS,350,59350,LILLE,AVENUE BRANDT WILLY ,84989,0,4,VC,0,2,2,,,0,0,,,,1,,0,0,0,1
2,7,1,2,2,59,FRANCE,NORD-PAS-DE-CALAIS,009,59009,VILLENEUVE-D'ASCQ,BOULEVARD DE L'OUEST,84994,0,4,VC,0,2,0,,,2,5,,,,1,30,0,0,1,0
1,6,1,1,6,59,FRANCE,NORD-PAS-DE-CALAIS,378,59378,MARCQ-EN-BAROEUL,AVENUE DE LA REPUBLIQUE,85005,0,4,VC,0,1,0,,,0,1,,,,1,7,0,0,1,0
2,5,2,1,3,59,FRANCE,NORD-PAS-DE-CALAIS,648,59648,WATTIGNIES,AVENUE DU 14 JUILLET,85006,0,4,VC,0,2,2,,,0,1,,,,1,7,0,0,1,0
1,8,1,2,6,59,FRANCE,NORD-PAS-DE-CALAIS,350,59350,LILLE,AVENUE BEETHOVEN ,85046,0,4,VC,0,2,5,,,0,1,,,,1,7,0,0,1,0
1,6,1,1,1,59,FRANCE,NORD-PAS-DE-CALAIS,328,59328,LAMBERSART,AVENUE PESLIN HIPPOLYTE ,85049,0,4,VC,0,2,2,,,0,1,,,,1,7,0,0,1,0
1,7,2,1,3,59,FRANCE,NORD-PAS-DE-CALAIS,009,59009,VILLENEUVE-D'ASCQ,DECUGIS YVES RUE,85054,0,4,VC,0,1,2,,,0,1,,,,1,7,0,0,1,0
1,8,1,1,3,59,FRANCE,NORD-PAS-DE-CALAIS,350,59350,LILLE,RUE LEGRAND PIERRE ,85064,0,4,VC,0,2,2,,,0,1,,,,1,7,0,0,1,0
1,6,1,1,6,59,FRANCE,NORD-PAS-DE-CALAIS,378,59378,MARCQ-EN-BAROEUL,RUE DU QUESNE ,85076,0,4,VC,0,2,2,,,0,1,,,,1,,,,,
1,5,1,1,6,59,FRANCE,NORD-PAS-DE-CALAIS,560,59560,SECLIN,RUE BOUVRY ROGER ,85078,5,4,VC,0,2,2,,,0,1,,,,1,7,0,0,1,0
1,8,1,2,6,59,FRANCE,NORD-PAS-DE-CALAIS,350,59350,LILLE,RUE ISLY ,85079,0,4,VC,0,2,2,,,2,1,,,,1,7,0,0,1,0
1,8,2,1,3,59,FRANCE,NORD-PAS-DE-CALAIS,350,59350,LILLE,RUE DU BAZINGHIEN ,85090,0,4,VC,0,2,2,,,0,1,,,,1,7,0,0,1,0
1,6,2,1,3,59,FRANCE,NORD-PAS-DE-CALAIS,606,59606,VALENCIENNES,RUE MALPLAQUET,85101,0,4,VC,0,2,2,,,0,1,,,,1,7,0,0,1,0
1,4,2,1,3,59,FRANCE,NORD-PAS-DE-CALAIS,589,59589,THIANT,RUE VAILLANT COUTURIER ,85127,0,4,VC,0,2,2,,,0,1,,,,1,7,0,0,1,0
1,7,1,1,1,59,FRANCE,NORD-PAS-DE-CALAIS,183,59183,DUNKERQUE,CUNETTE,85128,0,4,VC,0,2,2,,,1,5,,,,1,30,0,0,1,0
1,8,3,1,7,59,FRANCE,NORD-PAS-DE-CALAIS,350,59350,LILLE,AVENUE BUTIN ,85139,0,4,VC,0,2,2,,,0,1,,,,1,7,0,0,1,0
1,8,1,1,6,59,FRANCE,NORD-PAS-DE-CALAIS,350,59350,LILLE,RUE NATIONALE,85148,0,4,VC,0,2,2,,,1,1,,,,1,,0,0,1,0
1,8,1,1,6,59,FRANCE,NORD-PAS-DE-CALAIS,350,59350,LILLE,BOULEVARD LIBERTE ,85155,0,4,VC,0,2,3,,,3,1,,,,1,7,0,0,1,0
1,8,3,1,6,59,FRANCE,NORD-PAS-DE-CALAIS,350,59350,LILLE,BOULEVARD LIBERTE ,85156,0,4,VC,0,0,0,,,0,0,,,,1,7,0,0,1,0
1,5,3,1,3,59,FRANCE,NORD-PAS-DE-CALAIS,383,59383,MARLY,RUE OSCAR CARPENTIER,85177,0,4,VC,0,2,2,,,0,1,,,,1,7,0,0,1,0
1,6,3,1,3,59,FRANCE,NORD-PAS-DE-CALAIS,378,59378,MARCQ-EN-BAROEUL,RUE DU CLERC ,85201,0,4,VC,0,1,1,,,0,1,,,,1,7,0,0,1,0
1,1,1,1,3,59,FRANCE,NORD-PAS-DE-CALAIS,368,59368,MADELEINE (LA),RUE DE LA FILATURE ,85213,0,4,VC,0,2,2,,,0,1,,,,1,7,0,0,1,0
1,6,1,1,3,59,FRANCE,NORD-PAS-DE-CALAIS,368,59368,MADELEINE (LA),RUE LEON GAMBETTA,85217,0,4,VC,0,2,2,,,0,1,,,,1,7,0,0,1,0
1,8,2,1,3,59,FRANCE,NORD-PAS-DE-CALAIS,350,59350,LILLE,RUE JEANNE D'ARC,85219,0,4,VC,0,1,1,,,0,0,,,,1,10,0,0,1,0
1,5,1,1,3,59,FRANCE,NORD-PAS-DE-CALAIS,648,59648,WATTIGNIES,RUE DU GENERAL DE GAULLE ,85224,0,4,VC,0,3,2,,,0,1,,,,1,7,0,0,1,0
1,6,1,1,3,59,FRANCE,NORD-PAS-DE-CALAIS,410,59410,MONS-EN-BAROEUL,RUE DELEMAR ALEXANDRE ,85228,0,4,VC,0,1,1,,,0,1,,,,1,10,0,0,1,0
1,6,2,1,3,59,FRANCE,NORD-PAS-DE-CALAIS,378,59378,MARCQ-EN-BAROEUL,AVENUE DE LA MARNE,85234,0,2,RN,0,3,6,,,1,1,,,,1,7,0,0,1,0
1,6,1,1,3,59,FRANCE,NORD-PAS-DE-CALAIS,410,59410,MONS-EN-BAROEUL,RUE DU GENERAL DE GAULLE ,85236,0,4,VC,0,2,2,,,2,1,,,,1,7,0,0,1,0
1,8,1,1,6,59,FRANCE,NORD-PAS-DE-CALAIS,350,59350,LILLE,BOULEVARD VICTOR HUGO,85241,0,4,VC,0,3,4,,,1,5,,,,1,7,0,0,1,0
1,8,1,1,6,59,FRANCE,NORD-PAS-DE-CALAIS,350,59350,LILLE,BOULEVARD METZ ,85250,0,4,VC,0,2,2,,,0,1,,,,1,7,0,0,1,0
1,7,3,1,6,59,FRANCE,NORD-PAS-DE-CALAIS,599,59599,TOURCOING,RUE AUBER,85252,0,4,VC,0,1,0,,,0,0,,,,1,,0,0,0,1
1,4,3,1,1,59,FRANCE,NORD-PAS-DE-CALAIS,024,59024,AUBERCHICOURT,RUE DE SENS,85290,0,4,VC,0,1,1,,,0,1,,,,1,7,0,0,1,0
1,7,3,1,3,59,FRANCE,NORD-PAS-DE-CALAIS,009,59009,VILLENEUVE-D'ASCQ,RUE JEAN JAURES,85303,0,4,VC,0,2,2,,,0,1,,,,1,7,0,0,1,0
1,5,1,2,6,59,FRANCE,NORD-PAS-DE-CALAIS,507,59507,RONCHIN,AVENUE DE LA MARNE,85308,0,3,RD,0,2,2,,,0,1,,,,1,,0,0,1,0
1,7,1,1,6,59,FRANCE,NORD-PAS-DE-CALAIS,009,59009,VILLENEUVE-D'ASCQ,RUE CHARLES GOUNOD,85311,0,4,VC,0,2,2,,,0,1,,,,1,,0,0,0,1
1,7,1,1,3,59,FRANCE,NORD-PAS-DE-CALAIS,009,59009,VILLENEUVE-D'ASCQ,RUE JEAN JAURES,85315,0,3,RD,0,2,3,,,0,4,,,,1,7,0,0,1,0
1,6,1,1,3,59,FRANCE,NORD-PAS-DE-CALAIS,378,59378,MARCQ-EN-BAROEUL,AVENUE DE LA MARNE,85317,0,4,VC,0,3,5,,,0,1,,,,1,7,0,0,1,0
1,7,1,1,3,59,FRANCE,NORD-PAS-DE-CALAIS,009,59009,VILLENEUVE-D'ASCQ,RUE DE LA COUTUME ,85320,0,4,VC,0,1,1,,,0,1,,,,1,7,0,0,1,0
1,8,1,1,6,59,FRANCE,NORD-PAS-DE-CALAIS,350,59350,LILLE,AVENUE DUNKERQUE ,85325,0,3,RD,0,2,2,,,2,1,,,,1,10,0,0,1,0
1,5,4,1,3,59,FRANCE,NORD-PAS-DE-CALAIS,527,59527,SAINT-ANDRE-LEZ-LILLE,RUE DU PRESIDENT KENNEDY,85337,0,4,VC,0,2,2,,,0,1,,,,1,7,0,0,1,0
1,6,1,1,6,59,FRANCE,NORD-PAS-DE-CALAIS,368,59368,MADELEINE (LA),RUE DU GENERAL DE GAULLE ,85344,0,4,VC,0,2,0,,,2,5,,,,1,7,0,0,1,0
1,1,1,1,6,59,FRANCE,NORD-PAS-DE-CALAIS,350,59350,LILLE,RUE JEAN JAURES,85350,0,6,Parking,0,0,2,,,0,0,,,,1,2,0,0,1,0
1,7,2,1,3,59,FRANCE,NORD-PAS-DE-CALAIS,183,59183,DUNKERQUE,FURNES,85402,0,4,VC,0,2,3,,,0,1,,,,1,7,0,0,1,0
1,7,6,2,7,59,FRANCE,NORD-PAS-DE-CALAIS,183,59183,DUNKERQUE,AVENUE STADE ,85404,0,4,VC,0,2,2,,,0,1,,,,1,10,0,0,1,0
1,8,2,8,2,59,FRANCE,NORD-PAS-DE-CALAIS,350,59350,LILLE,RUE DE L'EGALITE,85410,0,4,VC,0,2,2,,,0,1,,,,1,15,0,0,1,0
1,7,1,1,6,59,FRANCE,NORD-PAS-DE-CALAIS,009,59009,VILLENEUVE-D'ASCQ,RUE DE LA CONVENTION,85416,2,4,VC,0,0,0,,,0,5,,,,1,,0,0,1,0
1,8,1,1,6,59,FRANCE,NORD-PAS-DE-CALAIS,350,59350,LILLE,BOULEVARD LIBERTE ,85419,0,4,VC,0,1,2,,,3,1,,,,1,7,0,0,1,0
1,8,3,1,3,59,FRANCE,NORD-PAS-DE-CALAIS,350,59350,LILLE,RUE BOILLEUX ,85421,0,4,VC,0,1,1,,,0,1,,,,1,7,0,0,1,0
1,5,1,1,6,59,FRANCE,NORD-PAS-DE-CALAIS,648,59648,WATTIGNIES,RUE VICTOR HUGO,85422,0,4,VC,0,2,3,,,1,5,,,,1,7,0,0,1,0
1,8,1,1,6,59,FRANCE,NORD-PAS-DE-CALAIS,350,59350,LILLE,BOULEVARD DUBUISSON EMILE ,85431,0,4,VC,0,2,0,,,1,1,,,,1,10,0,0,1,0
1,5,3,1,3,59,FRANCE,NORD-PAS-DE-CALAIS,383,59383,MARLY,RUE DE LA GARE,85460,0,4,VC,0,2,2,,,0,1,,,,1,7,0,0,1,0
1,7,9,1,3,59,FRANCE,NORD-PAS-DE-CALAIS,183,59183,DUNKERQUE,PLACE MINCK ,85498,0,4,VC,0,2,4,,,1,1,,,,1,7,0,0,1,0
1,8,2,1,3,59,FRANCE,NORD-PAS-DE-CALAIS,350,59350,LILLE,RUE NATIONALE,85507,0,4,VC,0,2,2,,,0,1,,,,1,7,0,0,1,0
1,7,2,1,3,59,FRANCE,NORD-PAS-DE-CALAIS,009,59009,VILLENEUVE-D'ASCQ,RUE CARPEAUX ,85508,0,4,VC,0,2,2,,,0,1,,,,1,7,0,0,1,0
1,8,1,1,3,59,FRANCE,NORD-PAS-DE-CALAIS,350,59350,LILLE,RUE MAGASIN ,85510,0,4,VC,0,1,1,,,0,1,,,,1,7,0,0,1,0
2,8,3,8,6,59,FRANCE,NORD-PAS-DE-CALAIS,350,59350,LILLE,PONT DE TOURNAI,85514,2,4,VC,0,2,4,,,0,1,,,,1,7,0,0,1,0
1,8,1,1,6,59,FRANCE,NORD-PAS-DE-CALAIS,350,59350,LILLE,AVENUE DUNKERQUE ,85515,0,4,VC,0,2,3,,,0,1,,,,1,7,0,0,1,0
1,5,1,1,3,59,FRANCE,NORD-PAS-DE-CALAIS,526,59526,SAINT-AMAND-LES-EAUX,DE LOUISE DE BETTIGNIES,85529,0,4,VC,0,2,2,9,999,0,1,,,,1,7,0,0,1,0
1,4,6,1,6,59,FRANCE,NORD-PAS-DE-CALAIS,369,59369,MAING,RUE ALPHONSE DANGREAUX,85536,5,4,VC,0,2,2,,,0,1,,,,1,7,0,0,1,0
1,3,1,1,6,59,FRANCE,NORD-PAS-DE-CALAIS,388,59388,MARQUILLIES,RD 145,85541,0,3,RD,145,2,2,0,0,0,1,5055600,286000,,1,,0,0,0,1
1,6,2,2,3,59,FRANCE,NORD-PAS-DE-CALAIS,378,59378,MARCQ-EN-BAROEUL,PLACE TIERS CLOVIS ,85551,0,4,VC,0,0,1,,,0,4,,,,1,7,0,0,1,0
1,6,2,1,3,59,FRANCE,NORD-PAS-DE-CALAIS,328,59328,LAMBERSART,AVENUE DU MARECHAL LYAUTEY,85552,0,4,VC,0,2,2,,,0,1,,,,1,7,0,0,1,0
1,7,2,1,3,59,FRANCE,NORD-PAS-DE-CALAIS,009,59009,VILLENEUVE-D'ASCQ,RUE CHARLES GOUNOD,85559,0,4,VC,0,2,2,,,0,1,,,,1,7,0,0,1,0
1,7,1,1,1,59,FRANCE,NORD-PAS-DE-CALAIS,009,59009,VILLENEUVE-D'ASCQ,RUE DES FUSILLES,85560,0,3,RD,0,2,2,,,1,5,,,,1,2,0,0,1,0
1,8,1,1,6,59,FRANCE,NORD-PAS-DE-CALAIS,350,59350,LILLE,RUE SOLFERINO,85577,0,4,VC,0,2,2,,,0,1,,,,1,7,0,0,1,0
1,8,3,1,6,59,FRANCE,NORD-PAS-DE-CALAIS,350,59350,LILLE,RUE PLAT ,85583,0,4,VC,0,1,1,,,0,1,,,,1,7,0,0,1,0
1,4,1,1,3,59,FRANCE,NORD-PAS-DE-CALAIS,346,59346,LEZENNES,RUE APPERT NICOLAS,85584,0,4,VC,0,3,4,,,1,1,,,,1,15,0,0,1,0