lum,agg,int,atm,col,dep_bis,pays,region,com_bis,com_codeINSEE,communes,N_voie,numac,infra,catr,type_route,voie,circ,nbv,pr,pr1,vosp,situ,lat,long,adr,accident_velo,vehicule_imp,cycl_mort,cycl_bgv,cycl_blg,cycl_indm
1,6,1,2,6,59,FRANCE,NORD-PAS-DE-CALAIS,328,59328,LAMBERSART,RUE BONTE AUGUSTE ,85603,0,4,VC,0,2,2,,,0,1,,,,1,,0,0,0,1
2,7,1,1,3,59,FRANCE,NORD-PAS-DE-CALAIS,599,59599,TOURCOING,RUE DE LA CLOCHE,85613,0,5,Hors_reseau,0,0,0,,,0,4,,,,1,7,0,0,1,0
5,6,2,2,6,59,FRANCE,NORD-PAS-DE-CALAIS,606,59606,VALENCIENNES,RUE CLAUDIN LEJEUNE,85616,0,4,VC,0,2,2,,,0,1,,,,1,7,0,0,1,0
1,5,1,1,3,59,FRANCE,NORD-PAS-DE-CALAIS,032,59032,AULNOY-LEZ-VALENCIENNES,AVENUE HENRI MATISSE,85619,4,4,VC,0,2,2,,,0,1,,,,1,7,0,0,1,0
1,6,2,1,3,59,FRANCE,NORD-PAS-DE-CALAIS,295,59295,HAZEBROUCK,DU DISPENSAIRE,85653,0,4,VC,0,2,2,,,0,1,,,,1,7,0,0,1,0
3,1,1,1,1,59,FRANCE,NORD-PAS-DE-CALAIS,587,59587,TERDEGHEM,RD 37,85654,0,3,RD,37,2,0,27,0,0,1,5080200,256800,,1,7,0,0,1,0
5,5,1,1,1,59,FRANCE,NORD-PAS-DE-CALAIS,008,59008,ANICHE,RUE DU GENERAL DELESTRAINT,85655,0,3,RD,0,2,1,,,0,1,,,,1,7,0,0,1,0
1,6,1,1,3,59,FRANCE,NORD-PAS-DE-CALAIS,017,59017,ARMENTIERES,RUE DE L ABBE DOUDERMY,85656,0,4,VC,0,2,2,,,0,1,,,,1,7,0,0,1,0
1,7,2,1,3,59,FRANCE,NORD-PAS-DE-CALAIS,183,59183,DUNKERQUE,FLEURS QUAI,85661,0,4,VC,0,2,2,,,0,1,,,,1,7,0,0,1,0
1,8,3,1,6,59,FRANCE,NORD-PAS-DE-CALAIS,350,59350,LILLE,BOULEVARD LIBERTE ,85669,0,4,VC,0,1,5,,,3,1,,,,1,37,0,0,1,0
2,6,3,1,3,59,FRANCE,NORD-PAS-DE-CALAIS,368,59368,MADELEINE (LA),RUE SCRIVE GUSTAVENUE ,85671,0,4,VC,0,2,2,,,0,0,,,,1,7,0,0,1,0
1,5,4,1,6,59,FRANCE,NORD-PAS-DE-CALAIS,527,59527,SAINT-ANDRE-LEZ-LILLE,RUE VICTOR HUGO,85675,0,4,VC,0,2,2,,,0,1,,,,1,7,0,0,1,0
1,5,1,1,6,59,FRANCE,NORD-PAS-DE-CALAIS,220,59220,FACHES-THUMESNIL,RUE DEGAT EDGAR ,85691,0,4,VC,0,2,0,,,0,1,,,,1,7,0,0,1,0
1,6,1,1,6,59,FRANCE,NORD-PAS-DE-CALAIS,378,59378,MARCQ-EN-BAROEUL,RUE DES TISSERANDS ,85692,0,4,VC,0,1,1,,,0,1,,,,1,7,0,0,1,0
1,8,9,1,3,59,FRANCE,NORD-PAS-DE-CALAIS,350,59350,LILLE,RUE MARCEL HENAUX,85696,0,4,VC,0,2,2,,,1,1,,,,1,7,0,0,1,0
5,7,1,1,6,59,FRANCE,NORD-PAS-DE-CALAIS,009,59009,VILLENEUVE-D'ASCQ,RUE JEAN JAURES,85706,0,3,RD,0,2,2,,,0,1,,,,1,7,0,0,1,0
1,8,1,1,6,59,FRANCE,NORD-PAS-DE-CALAIS,350,59350,LILLE,RUE FAUBOURG DE ROUBAIX ,85711,0,4,VC,0,2,2,,,0,1,,,,1,,0,0,0,1
5,6,1,1,1,59,FRANCE,NORD-PAS-DE-CALAIS,378,59378,MARCQ-EN-BAROEUL,AVENUE DE FLANDRE,85716,0,3,RD,0,3,2,,,1,5,,,,1,2,0,0,1,0
5,7,1,1,6,59,FRANCE,NORD-PAS-DE-CALAIS,009,59009,VILLENEUVE-D'ASCQ,BOULEVARD DE VALMY,85732,0,4,VC,0,2,2,,,0,1,,,,1,7,0,0,1,0
1,7,2,1,3,59,FRANCE,NORD-PAS-DE-CALAIS,009,59009,VILLENEUVE-D'ASCQ,RUE DE L'ABBE COUSIN,85789,0,4,VC,0,2,2,,,0,1,,,,1,7,0,0,1,0
1,7,1,1,3,59,FRANCE,NORD-PAS-DE-CALAIS,009,59009,VILLENEUVE-D'ASCQ,BOULEVARD DE L'OUEST,85792,0,4,VC,0,0,0,,,2,1,,,,1,7,0,0,1,0
1,8,1,1,2,59,FRANCE,NORD-PAS-DE-CALAIS,350,59350,LILLE,RUE DE CANNES ,85797,0,4,VC,0,2,2,,,1,1,,,,1,7,0,0,1,0
5,6,2,2,3,59,FRANCE,NORD-PAS-DE-CALAIS,378,59378,MARCQ-EN-BAROEUL,BOULEVARD CLEMENCEAU,85817,5,4,VC,0,2,2,,,0,1,,,,1,7,0,0,1,0
1,5,3,1,2,59,FRANCE,NORD-PAS-DE-CALAIS,484,59484,QUIEVRECHAIN,RUE JEAN MERMOZ,85830,0,4,VC,0,2,2,,,0,1,,,,1,7,0,0,1,0
5,1,1,1,2,59,FRANCE,NORD-PAS-DE-CALAIS,611,59611,VERLINGHEM,RD 57,85877,0,3,RD,57,2,2,7,700,0,1,5067900,301800,,1,7,0,0,1,0
4,6,3,2,3,59,FRANCE,NORD-PAS-DE-CALAIS,017,59017,ARMENTIERES,RUE DENIS PAPIN,85880,0,4,VC,0,1,1,,,0,1,,,,1,7,0,0,1,0
5,1,3,8,3,59,FRANCE,NORD-PAS-DE-CALAIS,588,59588,TETEGHEM,32EME DI,85884,0,3,RD,0,2,2,,,0,1,,,,1,7,0,0,1,0
2,6,1,1,3,59,FRANCE,NORD-PAS-DE-CALAIS,295,59295,HAZEBROUCK,VERLYCK,85889,0,4,VC,0,2,2,,,0,1,,,,1,7,0,0,1,0
1,8,1,1,6,59,FRANCE,NORD-PAS-DE-CALAIS,350,59350,LILLE,AVENUE DUNKERQUE ,85892,0,4,VC,0,2,2,,,0,1,,,,1,15,0,0,1,0
2,8,1,1,6,59,FRANCE,NORD-PAS-DE-CALAIS,350,59350,LILLE,RUE NATIONALE,85906,0,4,VC,0,2,2,,,0,1,,,,1,7,0,0,1,0
1,6,1,1,3,59,FRANCE,NORD-PAS-DE-CALAIS,378,59378,MARCQ-EN-BAROEUL,AVENUE DE LA MARNE,85909,0,4,VC,0,1,1,,,0,1,,,,1,7,0,0,1,0
1,6,1,1,6,59,FRANCE,NORD-PAS-DE-CALAIS,378,59378,MARCQ-EN-BAROEUL,RUE GABRIEL PERI,85917,0,4,VC,0,2,2,,,0,1,,,,1,7,0,0,1,0
1,6,1,1,2,59,FRANCE,NORD-PAS-DE-CALAIS,155,59155,COUDEKERQUE-BRANCHE,STEENDAM ROUTE,85977,0,4,VC,0,2,2,,,0,1,,,,1,7,0,0,1,0
1,8,1,1,3,59,FRANCE,NORD-PAS-DE-CALAIS,350,59350,LILLE,RUE FAUBOURG D'ARRAS ,85978,0,4,VC,0,2,2,,,0,1,,,,1,7,0,0,1,0
5,6,1,8,6,59,FRANCE,NORD-PAS-DE-CALAIS,172,59172,DENAIN,RUE TURENNE,85980,0,4,VC,0,2,1,,,0,1,,,,1,7,0,0,1,0
5,8,3,1,6,59,FRANCE,NORD-PAS-DE-CALAIS,350,59350,LILLE,BOULEVARD VAUBAN,85994,0,4,VC,0,3,4,,,2,1,,,,1,7,0,0,1,0
5,6,3,4,3,59,FRANCE,NORD-PAS-DE-CALAIS,328,59328,LAMBERSART,AVENUE BECQUART ,86012,0,3,RD,257,2,2,,,0,1,,,,1,7,0,0,1,0
1,4,1,1,3,59,FRANCE,NORD-PAS-DE-CALAIS,207,59207,ESCAUTPONT,RUE JEAN JAURES,86013,0,3,RD,935,2,2,,,2,1,,,,1,7,0,0,1,0
1,8,1,4,6,59,FRANCE,NORD-PAS-DE-CALAIS,350,59350,LILLE,RUE FERMAT,86042,0,4,VC,0,2,2,,,0,1,,,,1,7,0,0,1,0
5,6,1,1,3,59,FRANCE,NORD-PAS-DE-CALAIS,410,59410,MONS-EN-BAROEUL,AVENUE RENE COTY,86049,0,4,VC,0,2,2,,,0,1,,,,1,7,0,0,1,0
5,7,1,1,2,59,FRANCE,NORD-PAS-DE-CALAIS,183,59183,DUNKERQUE,PONT ROUGE,86083,2,4,VC,0,1,3,,,0,1,,,,1,10,0,0,1,0
1,5,2,1,3,59,FRANCE,NORD-PAS-DE-CALAIS,343,59343,LESQUIN,RUE DE LA POSTE ,86114,0,4,VC,0,2,2,,,0,1,,,,1,7,0,0,1,0
1,6,9,1,6,59,FRANCE,NORD-PAS-DE-CALAIS,155,59155,COUDEKERQUE-BRANCHE,BERGUES CD 916 ROUTE,86115,0,4,VC,0,2,2,,,1,5,,,,1,2,0,0,1,0
1,8,6,1,3,59,FRANCE,NORD-PAS-DE-CALAIS,350,59350,LILLE,PLACE DOREZ BARTHELEMY ,86126,0,4,VC,0,1,2,,,0,1,,,,1,7,0,0,1,0
1,8,1,1,3,59,FRANCE,NORD-PAS-DE-CALAIS,350,59350,LILLE,RUE LEGRAND PIERRE ,86186,0,4,VC,0,2,0,,,0,1,,,,1,7,0,0,1,0
1,7,1,1,6,59,FRANCE,NORD-PAS-DE-CALAIS,009,59009,VILLENEUVE-D'ASCQ,RUE PASTEUR,86187,0,4,VC,0,2,2,,,0,1,,,,1,,0,0,0,1
1,7,2,1,3,59,FRANCE,NORD-PAS-DE-CALAIS,009,59009,VILLENEUVE-D'ASCQ,PONT DE BOIS  METRO,86189,0,4,VC,0,2,2,,,0,1,,,,1,7,0,0,1,0
1,8,2,1,3,59,FRANCE,NORD-PAS-DE-CALAIS,350,59350,LILLE,RUE NATIONALE,86204,0,4,VC,0,2,2,,,0,1,,,,1,7,0,0,1,0
1,5,3,1,1,59,FRANCE,NORD-PAS-DE-CALAIS,365,59365,LOUVROIL,ROUTE DE LANDRECIES,86220,0,3,RD,959,2,2,,,0,1,,,,1,7,0,0,1,0
1,8,1,1,6,59,FRANCE,NORD-PAS-DE-CALAIS,350,59350,LILLE,RUE SOLFERINO,86221,0,4,VC,0,1,2,,,1,1,,,,1,7,0,0,1,0
1,5,1,1,3,59,FRANCE,NORD-PAS-DE-CALAIS,352,59352,LINSELLES,ROUTE HAUTEVALLE,86230,0,4,VC,0,1,1,,,0,1,,,,1,7,0,0,1,0
1,7,1,1,1,59,FRANCE,NORD-PAS-DE-CALAIS,599,59599,TOURCOING,RUE DES ORIONS,86264,0,4,VC,0,2,2,,,0,0,,,,1,7,0,0,1,0
1,8,2,1,6,59,FRANCE,NORD-PAS-DE-CALAIS,350,59350,LILLE,RUE MAUBEUGE ,86265,0,4,VC,0,1,1,,,0,1,,,,1,7,0,0,1,0
1,5,1,1,6,59,FRANCE,NORD-PAS-DE-CALAIS,636,59636,WAMBRECHIES,RUE DE QUESNOY ,86266,0,4,VC,0,2,2,,,0,1,,,,1,7,0,0,1,0
1,5,1,1,6,59,FRANCE,NORD-PAS-DE-CALAIS,386,59386,MARQUETTE-LEZ-LILLE,RUE DU MOULIN ,86334,0,4,VC,0,2,2,,,0,1,,,,1,7,0,0,1,0
1,8,1,1,3,59,FRANCE,NORD-PAS-DE-CALAIS,350,59350,LILLE,RUE DE CAMBRAI,86348,0,4,VC,0,2,2,,,0,1,,,,1,7,0,0,1,0
1,6,1,1,3,59,FRANCE,NORD-PAS-DE-CALAIS,368,59368,MADELEINE (LA),RUE DU GENERAL DE GAULLE ,86351,0,4,VC,0,2,0,,,0,1,,,,1,7,0,0,1,0
1,8,2,1,3,59,FRANCE,NORD-PAS-DE-CALAIS,350,59350,LILLE,BOULEVARD DE COUBERTIN PIERRE ,86361,0,4,VC,0,3,4,,,0,1,,,,1,33,0,0,1,0
1,5,1,1,6,59,FRANCE,NORD-PAS-DE-CALAIS,636,59636,WAMBRECHIES,RUE D'YPRES,86362,0,4,VC,0,2,2,,,0,1,,,,1,,0,0,1,0
1,7,1,1,3,59,FRANCE,NORD-PAS-DE-CALAIS,009,59009,VILLENEUVE-D'ASCQ,RUE JEAN JAURES,86367,0,4,VC,0,2,2,,,0,1,,,,1,15,0,0,1,0
1,8,1,1,6,59,FRANCE,NORD-PAS-DE-CALAIS,350,59350,LILLE,RUE MATTEOTI ,86368,2,4,VC,0,1,1,,,0,1,,,,1,31,,,,
1,8,1,1,3,59,FRANCE,NORD-PAS-DE-CALAIS,350,59350,LILLE,AVENUE DUNKERQUE ,86372,0,4,VC,0,2,4,,,0,1,,,,1,33,0,0,1,0
1,5,1,1,6,59,FRANCE,NORD-PAS-DE-CALAIS,491,59491,RAISMES,RUE DE LA REPUBLIQUE ,86442,0,4,VC,0,2,2,,,0,1,,,,1,7,0,0,1,0
1,8,1,1,6,59,FRANCE,NORD-PAS-DE-CALAIS,350,59350,LILLE,PONT ERFURT,86443,2,4,VC,0,3,4,,,0,1,,,,1,7,0,0,1,0
1,8,3,1,3,59,FRANCE,NORD-PAS-DE-CALAIS,350,59350,LILLE,RUE SAINT GABRIEL ,86453,0,4,VC,0,1,1,,,0,1,,,,1,7,0,0,1,0
1,8,1,1,3,59,FRANCE,NORD-PAS-DE-CALAIS,350,59350,LILLE,RUE TURGOT,86454,0,4,VC,0,2,2,,,0,1,,,,1,7,0,0,1,0
1,7,1,1,3,59,FRANCE,NORD-PAS-DE-CALAIS,009,59009,VILLENEUVE-D'ASCQ,RUE BARATTE GASTON ,86467,0,4,VC,0,2,2,,,0,1,,,,1,7,0,0,1,0
1,8,3,1,3,59,FRANCE,NORD-PAS-DE-CALAIS,350,59350,LILLE,RUE DOUAI ,86481,0,4,VC,0,2,2,,,0,1,,,,1,7,0,0,1,0
1,7,6,1,3,59,FRANCE,NORD-PAS-DE-CALAIS,599,59599,TOURCOING,PLACE VICTOR HASSEBROUCQ,86487,5,4,VC,0,1,2,,,0,1,,,,1,7,0,0,1,0
1,6,1,1,7,59,FRANCE,NORD-PAS-DE-CALAIS,155,59155,COUDEKERQUE-BRANCHE,GHESQUIERE HENRI,86502,0,4,VC,0,2,2,,,0,1,,,,1,7,0,0,1,0
1,7,2,1,6,59,FRANCE,NORD-PAS-DE-CALAIS,009,59009,VILLENEUVE-D'ASCQ,RUE DES EPOUX LABROUSSE,86505,0,4,VC,0,2,3,,,0,1,,,,1,7,0,0,1,0
1,8,1,1,6,59,FRANCE,NORD-PAS-DE-CALAIS,350,59350,LILLE,BOULEVARD STRASBOURG,86506,0,4,VC,0,2,2,,,2,1,,,,1,7,0,0,1,0
1,7,1,1,2,59,FRANCE,NORD-PAS-DE-CALAIS,009,59009,VILLENEUVE-D'ASCQ,RUE CHAPPE ,86511,0,4,VC,0,2,2,,,0,1,,,,1,37,0,0,1,0
1,5,1,1,6,59,FRANCE,NORD-PAS-DE-CALAIS,527,59527,SAINT-ANDRE-LEZ-LILLE,AVENUE DE LATTRE TASSIGNY,86513,0,4,VC,0,1,2,,,0,1,,,,1,7,0,0,1,0
1,7,3,1,3,59,FRANCE,NORD-PAS-DE-CALAIS,009,59009,VILLENEUVE-D'ASCQ,ROUBAIX AVNUE DE,86523,0,4,VC,0,1,2,,,0,1,,,,1,7,0,0,1,0
1,4,3,1,3,59,FRANCE,NORD-PAS-DE-CALAIS,514,59514,ROUSIES,AVENUE DE FERRIERE,86560,0,3,RD,0,2,2,,,0,1,,,,1,7,0,0,1,0
1,5,9,1,3,59,FRANCE,NORD-PAS-DE-CALAIS,588,59588,TETEGHEM,CHAPEAU ROUGE ROUTE,86574,0,4,VC,0,2,2,,,0,1,,,,1,7,0,0,1,0
1,4,1,7,1,59,FRANCE,NORD-PAS-DE-CALAIS,401,59401,METEREN,RD 933,86578,0,3,RD,933,2,2,0,0,0,1,0,0,,1,7,0,0,1,0
5,6,1,1,6,59,FRANCE,NORD-PAS-DE-CALAIS,540,59540,SAINT-POL-SUR-MER,SAMARITAINE,86580,0,4,VC,0,2,2,,,1,1,,,,1,7,0,0,1,0
1,6,1,1,6,59,FRANCE,NORD-PAS-DE-CALAIS,540,59540,SAINT-POL-SUR-MER,PRANARD CHARLES,86616,0,4,VC,0,0,1,,,0,1,,,,1,7,0,0,1,0
5,6,2,1,6,59,FRANCE,NORD-PAS-DE-CALAIS,368,59368,MADELEINE (LA),BOUCHERIE PLACE DE LA,86620,0,4,VC,0,3,2,,,0,0,,,,1,7,0,0,1,0
1,8,1,1,6,59,FRANCE,NORD-PAS-DE-CALAIS,350,59350,LILLE,AVENUE DUNKERQUE ,86625,0,4,VC,0,2,2,,,2,1,,,,1,7,0,0,1,0
1,4,1,1,3,59,FRANCE,NORD-PAS-DE-CALAIS,160,59160,CRESPIN,RUE DES DEPORTES ,86641,0,4,VC,0,2,2,,,0,4,,,,1,7,0,0,1,0
1,5,1,1,2,59,FRANCE,NORD-PAS-DE-CALAIS,386,59386,MARQUETTE-LEZ-LILLE,RUE DE MENIN ,86643,0,3,RD,0,2,2,,,1,1,,,,1,7,0,0,1,0
1,8,1,1,6,59,FRANCE,NORD-PAS-DE-CALAIS,350,59350,LILLE,RUE PORT ,86677,0,4,VC,0,1,1,,,1,5,,,,1,7,0,0,1,0
4,8,1,6,3,59,FRANCE,NORD-PAS-DE-CALAIS,350,59350,LILLE,BOULEVARD LORRAINE ,86679,0,4,VC,0,2,2,,,0,1,,,,1,7,0,0,1,0
1,8,1,1,6,59,FRANCE,NORD-PAS-DE-CALAIS,350,59350,LILLE,BOULEVARD LIBERTE ,86685,0,4,VC,0,4,4,,,3,1,,,,1,7,0,0,1,0
5,8,1,2,2,59,FRANCE,NORD-PAS-DE-CALAIS,350,59350,LILLE,RUE JULES GUESDE ,86688,2,4,VC,0,2,2,,,0,1,,,,1,7,0,0,1,0
2,8,9,1,6,59,FRANCE,NORD-PAS-DE-CALAIS,350,59350,LILLE,RUE DES FUSILLES,86700,0,4,VC,0,2,2,,,0,1,,,,1,7,0,0,1,0
1,7,1,1,6,59,FRANCE,NORD-PAS-DE-CALAIS,009,59009,VILLENEUVE-D'ASCQ,RUE DU 8 MAI 1945,86701,0,4,VC,0,2,2,,,0,1,,,,1,7,0,0,1,0
1,8,1,1,3,59,FRANCE,NORD-PAS-DE-CALAIS,350,59350,LILLE,RUE NATIONALE,86704,0,4,VC,0,2,2,,,0,1,,,,1,37,0,0,1,0
2,8,1,2,3,59,FRANCE,NORD-PAS-DE-CALAIS,350,59350,LILLE,BOULEVARD LIBERTE ,86720,0,4,VC,0,1,4,,,0,1,,,,1,7,0,0,1,0
1,6,2,1,6,59,FRANCE,NORD-PAS-DE-CALAIS,360,59360,LOOS,SALVADOR ALLENDE,86724,0,4,VC,0,2,2,,,0,1,,,,1,7,0,0,1,0
1,5,1,1,6,59,FRANCE,NORD-PAS-DE-CALAIS,569,59569,SIN-LE-NOBLE,RUE DE DOUAI,86741,0,4,VC,0,2,2,,,0,1,,,,1,7,0,0,1,0
1,8,2,1,3,59,FRANCE,NORD-PAS-DE-CALAIS,350,59350,LILLE,RUE LEDRU ROLLIN,86762,0,4,VC,0,2,2,,,0,1,,,,1,7,0,0,1,0
5,8,2,1,6,59,FRANCE,NORD-PAS-DE-CALAIS,350,59350,LILLE,BOULEVARD STRASBOURG,86773,0,4,VC,0,3,2,,,0,1,,,,1,7,0,0,1,0
5,6,1,1,6,59,FRANCE,NORD-PAS-DE-CALAIS,328,59328,LAMBERSART,AVENUE DELESCAUX HENRI ,86777,0,4,VC,0,2,2,,,0,1,,,,1,7,0,0,1,0
1,6,1,1,2,59,FRANCE,NORD-PAS-DE-CALAIS,410,59410,MONS-EN-BAROEUL,AVENUE DES ACACIAS,86780,0,4,VC,0,3,2,,,2,1,,,,1,7,0,0,1,0
1,1,1,3,1,59,FRANCE,NORD-PAS-DE-CALAIS,512,59512,ROUBAIX,BOULEVARD BEAUREPAIRE,86790,0,4,VC,0,2,2,,,0,5,,,,1,31,0,0,1,0
1,6,9,1,3,59,FRANCE,NORD-PAS-DE-CALAIS,368,59368,MADELEINE (LA),RUE DU GENERAL DE GAULLE ,86793,0,4,VC,0,2,3,,,0,4,,,,1,7,0,0,1,0
1,1,6,1,3,59,FRANCE,NORD-PAS-DE-CALAIS,009,59009,VILLENEUVE-D'ASCQ,RUE DE LA COUTURE ,86798,0,4,VC,0,2,2,,,0,1,,,,1,7,0,0,1,0
1,7,1,2,2,59,FRANCE,NORD-PAS-DE-CALAIS,009,59009,VILLENEUVE-D'ASCQ,BOULEVARD DE L'OUEST,86814,0,4,VC,0,2,2,,,3,1,,,,1,7,0,0,1,0
4,8,2,1,6,59,FRANCE,NORD-PAS-DE-CALAIS,350,59350,LILLE,RUE MASSENA ,86823,0,4,VC,0,1,2,,,0,1,,,,1,,0,0,1,0
1,1,2,1,3,59,FRANCE,NORD-PAS-DE-CALAIS,512,59512,ROUBAIX,AVENUE DES NATIONS UNIES,86830,0,4,VC,0,3,2,,,0,1,,,,1,7,0,0,1,0
1,6,1,2,3,59,FRANCE,NORD-PAS-DE-CALAIS,368,59368,MADELEINE (LA),RUE DU GENERAL DE GAULLE ,86838,0,4,VC,0,2,3,,,0,1,,,,1,7,0,0,1,0
5,7,3,2,3,59,FRANCE,NORD-PAS-DE-CALAIS,183,59183,DUNKERQUE,MACHY PAUL,86839,0,4,VC,0,2,2,,,0,1,,,,1,7,0,0,1,0
1,8,1,1,6,59,FRANCE,NORD-PAS-DE-CALAIS,350,59350,LILLE,RUE NATIONALE,86845,0,4,VC,0,2,2,,,1,1,,,,1,7,0,0,1,0
1,1,3,1,3,59,FRANCE,NORD-PAS-DE-CALAIS,350,59350,LILLE,RUE DU DOCTEUR MENARD,86862,0,4,VC,0,1,1,,,0,1,,,,1,7,0,0,1,0
1,1,1,1,6,59,FRANCE,NORD-PAS-DE-CALAIS,512,59512,ROUBAIX,QUAI DU SARTEL,86871,0,4,VC,0,2,2,,,0,1,,,,1,7,0,0,1,0
5,8,2,1,6,59,FRANCE,NORD-PAS-DE-CALAIS,350,59350,LILLE,BOULEVARD LEBAS JEAN BAPTISTE ,86883,0,4,VC,0,3,2,,,0,1,,,,1,7,0,0,1,0
5,8,1,1,6,59,FRANCE,NORD-PAS-DE-CALAIS,350,59350,LILLE,CHASSEURS DE DRIANT PLACE DES,86899,3,4,VC,0,3,2,,,1,1,,,,1,7,0,0,1,0
5,8,1,1,3,59,FRANCE,NORD-PAS-DE-CALAIS,350,59350,LILLE,RUE ABELARD ,86909,1,4,VC,0,2,2,,,0,1,,,,1,7,0,0,1,0
1,1,1,1,3,59,FRANCE,NORD-PAS-DE-CALAIS,512,59512,ROUBAIX,BOULEVARD DE STRASBOURG,86939,0,4,VC,0,2,2,,,0,1,,,,1,7,0,0,1,0
1,8,1,1,6,59,FRANCE,NORD-PAS-DE-CALAIS,350,59350,LILLE,RUE ROGER SALENGRO,86943,0,4,VC,0,2,2,,,0,1,,,,1,7,0,0,1,0
1,8,2,1,6,59,FRANCE,NORD-PAS-DE-CALAIS,350,59350,LILLE,RUE LEON GAMBETTA,86947,0,4,VC,0,2,2,,,0,1,,,,1,,0,0,1,0
5,8,1,8,6,59,FRANCE,NORD-PAS-DE-CALAIS,350,59350,LILLE,RUE TURENNE,86983,0,4,VC,0,2,2,,,0,1,,,,1,7,0,0,1,0
5,5,1,1,3,59,FRANCE,NORD-PAS-DE-CALAIS,386,59386,MARQUETTE-LEZ-LILLE,RUE DU PONT DE L' ABBAYE,87011,0,4,VC,0,2,2,,,0,1,,,,1,7,0,0,1,0
1,5,6,1,3,59,FRANCE,NORD-PAS-DE-CALAIS,352,59352,LINSELLES,RUE PASTEUR,87027,0,4,VC,0,0,2,,,0,1,,,,1,7,0,0,1,0
1,7,2,1,6,59,FRANCE,NORD-PAS-DE-CALAIS,009,59009,VILLENEUVE-D'ASCQ,CHEMIN DE BONNE NOUVELLE,87034,0,4,VC,0,1,1,,,0,1,,,,1,7,0,0,1,0
5,8,1,1,3,59,FRANCE,NORD-PAS-DE-CALAIS,350,59350,LILLE,RUE D'ARRAS,87058,3,4,VC,0,1,2,,,0,1,,,,1,7,0,0,1,0
1,7,1,1,6,59,FRANCE,NORD-PAS-DE-CALAIS,183,59183,DUNKERQUE,PONT REDOUTE DU MARAIS,87073,0,4,VC,0,0,2,,,0,1,,,,1,7,0,0,1,0
1,1,1,1,6,59,FRANCE,NORD-PAS-DE-CALAIS,339,59339,LEERS,RUE DU MARECHAL LECLERC,87079,0,4,VC,0,0,2,,,0,1,,,,1,7,0,0,1,0
1,5,1,1,2,59,FRANCE,NORD-PAS-DE-CALAIS,386,59386,MARQUETTE-LEZ-LILLE,RUE DU TOUQUET,87080,0,4,VC,0,2,2,,,0,1,,,,1,7,0,0,1,0
3,1,1,1,2,59,FRANCE,NORD-PAS-DE-CALAIS,211,59211,ESQUERCHIN,RD 425,87090,0,3,RD,0,2,2,,,0,1,,,,1,7,0,0,1,0
1,1,1,1,3,59,FRANCE,NORD-PAS-DE-CALAIS,512,59512,ROUBAIX,BOULEVARD GAMBETTA,87092,0,4,VC,0,1,2,,,0,1,,,,1,7,0,0,1,0
1,1,3,1,1,59,FRANCE,NORD-PAS-DE-CALAIS,512,59512,ROUBAIX,RUE PIERRE MOTTE,87111,0,4,VC,0,2,2,,,0,1,,,,1,7,0,0,1,0
1,1,6,1,3,59,FRANCE,NORD-PAS-DE-CALAIS,646,59646,WASQUEHAL,RUE JEAN JAURES,87128,0,4,VC,0,1,2,,,0,1,,,,1,7,0,0,1,0
1,6,3,1,3,59,FRANCE,NORD-PAS-DE-CALAIS,155,59155,COUDEKERQUE-BRANCHE,PONT SEPT PLANETES,87134,2,4,VC,0,2,3,,,0,1,,,,1,7,0,0,1,0
1,1,2,1,3,59,FRANCE,NORD-PAS-DE-CALAIS,512,59512,ROUBAIX,RUE EMILE ZOLA,87154,0,4,VC,0,2,2,,,0,1,,,,1,7,0,0,1,0
2,5,2,2,6,59,FRANCE,NORD-PAS-DE-CALAIS,527,59527,SAINT-ANDRE-LEZ-LILLE,RUE CORNEILLE ,87160,0,4,VC,0,2,2,,,0,1,,,,1,7,0,0,1,0
1,1,3,1,3,59,FRANCE,NORD-PAS-DE-CALAIS,512,59512,ROUBAIX,AVENUE DES NATIONS UNIES,87161,5,4,VC,0,2,2,,,0,1,,,,1,7,0,0,1,0
1,8,1,1,3,59,FRANCE,NORD-PAS-DE-CALAIS,350,59350,LILLE,PONT LEON JOUHAUX,87171,0,4,VC,0,2,4,,,2,1,,,,1,7,0,0,1,0
1,6,1,1,2,59,FRANCE,NORD-PAS-DE-CALAIS,155,59155,COUDEKERQUE-BRANCHE,WALDECK ROUSSEAU,87172,0,4,VC,0,1,1,,,0,1,,,,1,7,0,0,1,0
1,7,1,1,6,59,FRANCE,NORD-PAS-DE-CALAIS,512,59512,ROUBAIX,AVENUE JEAN JAURES,87179,0,4,VC,0,2,2,,,1,5,,,,1,7,0,0,1,0
1,8,1,1,6,59,FRANCE,NORD-PAS-DE-CALAIS,350,59350,LILLE,AVENUE MAX DORMOY,87184,0,4,VC,0,2,2,,,0,1,,,,1,7,0,0,1,0
1,6,3,1,1,59,FRANCE,NORD-PAS-DE-CALAIS,017,59017,ARMENTIERES,RUE DE LA CITE,87203,0,4,VC,0,2,0,,,0,1,,,,1,7,0,0,1,0
1,6,1,1,2,59,FRANCE,NORD-PAS-DE-CALAIS,163,59163,CROIX,RUE HENRI BARBUSSE,87213,5,4,VC,0,2,0,,,0,1,,,,1,7,0,0,1,0
1,6,2,1,3,59,FRANCE,NORD-PAS-DE-CALAIS,650,59650,WATTRELOS,BOULEVARD DE LA LIBERTE,87222,5,4,VC,0,2,2,,,1,1,,,,1,15,0,0,1,0
4,5,1,1,2,59,FRANCE,NORD-PAS-DE-CALAIS,646,59646,WASQUEHAL,AVENUE DE FLANDRE,87224,0,4,VC,0,2,2,,,0,1,,,,1,7,0,0,1,0
1,1,1,1,3,59,FRANCE,NORD-PAS-DE-CALAIS,512,59512,ROUBAIX,AVENUE DE VERDUN,87226,0,4,VC,0,3,2,,,1,1,,,,1,7,0,0,1,0
1,7,3,2,6,59,FRANCE,NORD-PAS-DE-CALAIS,512,59512,ROUBAIX,CITE VANDAMME,87228,0,4,VC,0,2,2,,,0,1,,,,1,7,0,0,1,0
1,7,6,1,3,59,FRANCE,NORD-PAS-DE-CALAIS,009,59009,VILLENEUVE-D'ASCQ,RUE DU PRINTEMPS ,87229,0,4,VC,0,2,2,,,0,1,,,,1,7,0,0,1,0
1,6,1,1,6,59,FRANCE,NORD-PAS-DE-CALAIS,378,59378,MARCQ-EN-BAROEUL,RUE DU QUESNE ,87236,0,4,VC,0,2,2,,,0,1,,,,1,7,0,0,1,0