lum,agg,int,atm,col,dep_bis,pays,region,com_bis,com_codeINSEE,communes,N_voie,numac,infra,catr,type_route,voie,circ,nbv,pr,pr1,vosp,situ,lat,long,adr,accident_velo,vehicule_imp,cycl_mort,cycl_bgv,cycl_blg,cycl_indm
1,5,3,1,3,62,FRANCE,NORD-PAS-DE-CALAIS,570,62570,MERICOURT,GEORGES BIZET,90374,0,4,VC,0,2,2,,,0,0,,,,1,7,0,0,1,0
1,7,1,1,3,62,FRANCE,NORD-PAS-DE-CALAIS,193,62193,CALAIS,RUE GAUGUIN,90376,0,9,Autre,0,0,0,1,0,0,0,,,,1,2,0,0,1,0
1,5,2,1,3,62,FRANCE,NORD-PAS-DE-CALAIS,215,62215,CARVIN,RUE SALVADOR ALLENDE ,90379,5,4,VC,0,2,3,,,0,1,,,,1,7,0,0,1,0
1,5,1,1,3,62,FRANCE,NORD-PAS-DE-CALAIS,215,62215,CARVIN,ROUTE DE COURRIERES,90382,0,4,VC,0,2,2,,,1,1,,,,1,7,0,0,1,0
1,5,1,1,3,62,FRANCE,NORD-PAS-DE-CALAIS,413,62413,HARNES,RUE DES FUSILLES,90383,0,4,VC,0,0,2,,,0,1,,,,1,7,0,0,1,0
1,5,1,1,6,62,FRANCE,NORD-PAS-DE-CALAIS,133,62133,BILLY-MONTIGNY,AVENUE DE LA REPUBLIQUE,90386,0,4,VC,0,2,2,,,0,1,,,,1,,0,0,0,1
2,5,1,1,6,62,FRANCE,NORD-PAS-DE-CALAIS,386,62386,GRENAY,RUE NAPOLEON LEBACQ,90390,0,4,VC,0,1,2,,,0,1,,,,1,,0,0,0,1
1,5,3,1,3,62,FRANCE,NORD-PAS-DE-CALAIS,637,62637,OIGNIES,RUE EMILE BASLY,90412,0,4,VC,0,2,2,,,0,1,,,,1,30,0,0,1,0
1,6,1,1,6,62,FRANCE,NORD-PAS-DE-CALAIS,427,62427,HENIN-BEAUMONT,RUE DE LA MALADRERIE,90419,0,4,VC,0,2,2,,,0,1,,,,1,10,0,0,1,0
1,6,1,3,1,62,FRANCE,NORD-PAS-DE-CALAIS,498,62498,LENS,RUE DU TRAITE DE WESTPHALIE,90427,0,4,VC,0,1,1,,,0,1,,,,1,7,0,0,1,0
1,4,1,7,1,62,FRANCE,NORD-PAS-DE-CALAIS,746,62746,SAINT-ETIENNE-AU-MONT,VC 0,90444,0,4,VC,0,2,2,0,0,0,1,5066900,159800,,1,7,0,0,1,0
1,5,1,1,6,62,FRANCE,NORD-PAS-DE-CALAIS,065,62065,AVION,RENE LANNOY,90446,0,4,VC,0,2,2,,,0,4,,,,1,,,,,
2,5,3,1,1,62,FRANCE,NORD-PAS-DE-CALAIS,637,62637,OIGNIES,AVENUE FERDINAND DARCHICOURT,90457,0,4,VC,0,2,2,,,0,1,,,,1,7,0,0,1,0
1,1,6,1,3,62,FRANCE,NORD-PAS-DE-CALAIS,724,62724,ROUVROY,CD 40,90490,5,3,RD,0,2,2,,,0,1,,,,1,7,0,0,1,0
1,5,6,1,3,62,FRANCE,NORD-PAS-DE-CALAIS,186,62186,BULLY-LES-MINES,RUE JEAN JAURES,90504,5,4,VC,0,2,2,,,0,1,,,,1,10,0,0,1,0
1,1,1,1,2,62,FRANCE,NORD-PAS-DE-CALAIS,413,62413,HARNES,ROUTE D'ANNAY,90523,0,4,VC,0,2,2,,,0,1,,,,1,38,0,0,1,0
1,7,1,1,6,62,FRANCE,NORD-PAS-DE-CALAIS,193,62193,CALAIS,AVENUE ROGER SALENGRO,90558,0,4,VC,0,2,2,1,0,2,1,,,,1,7,0,0,1,0
5,5,1,9,6,62,FRANCE,NORD-PAS-DE-CALAIS,108,62108,BERCK,IMPERATRICE,90561,0,4,VC,0,2,1,,,0,1,,,,1,,0,0,0,1
1,5,1,1,2,62,FRANCE,NORD-PAS-DE-CALAIS,083,62083,BARLIN,RUE DES HAILLICOURT,90595,0,3,RD,0,0,2,,,0,1,,,,1,7,0,0,1,0
1,5,1,2,1,62,FRANCE,NORD-PAS-DE-CALAIS,637,62637,OIGNIES,RUE HENRIETTE CROMBEZ,90615,0,4,VC,0,2,2,,,0,1,,,,1,7,0,0,1,0
1,5,1,3,3,62,FRANCE,NORD-PAS-DE-CALAIS,065,62065,AVION,THUMERELLE ACHILLE,90671,0,4,VC,0,2,2,,,0,1,,,,1,7,0,0,1,0
1,4,6,1,4,62,FRANCE,NORD-PAS-DE-CALAIS,277,62277,DROCOURT,ARRAS,90686,0,3,RD,40,1,1,7,0,0,1,,,,1,7,0,0,1,0
1,5,1,1,6,62,FRANCE,NORD-PAS-DE-CALAIS,842,62842,VENDIN-LE-VIEIL,CENTRE COMMERCIAL CORA LENS II,90708,5,4,VC,0,1,2,,,0,1,,,,1,7,0,0,1,0
1,5,1,1,3,62,FRANCE,NORD-PAS-DE-CALAIS,215,62215,CARVIN,RUE CYPRIEN QUINET,90709,0,4,VC,0,2,2,,,0,1,,,,1,7,0,0,1,0
1,1,6,1,2,62,FRANCE,NORD-PAS-DE-CALAIS,765,62765,SAINT-OMER,ROUTE DE SAINT MOMELIN,90719,0,3,RD,0,2,2,,,0,1,,,,1,7,0,0,1,0
1,5,1,1,6,62,FRANCE,NORD-PAS-DE-CALAIS,771,62771,SALLAUMINES,RUE EDOUARD VAILLANT,90724,0,2,RN,43,2,2,,,0,1,,,,1,7,0,0,1,0
1,4,2,1,3,62,FRANCE,NORD-PAS-DE-CALAIS,033,62033,ANNAY,RUE DU GENERAL DE GAULLE ,90726,5,4,VC,0,2,2,,,0,1,,,,1,7,0,0,1,0
1,5,1,1,3,62,FRANCE,NORD-PAS-DE-CALAIS,907,62907,LIBERCOURT,AVENUE FERDINAND DARCHICOURT,90728,0,4,VC,0,2,2,,,1,1,,,,1,7,0,0,1,0
1,5,2,1,3,62,FRANCE,NORD-PAS-DE-CALAIS,215,62215,CARVIN,RUE LOUIS PASTEUR,90734,5,4,VC,0,2,2,,,0,1,,,,1,7,0,0,1,0
1,5,1,1,7,62,FRANCE,NORD-PAS-DE-CALAIS,826,62826,TOUQUET-PARIS-PLAGE (LE),RUE DE LONDRES,90743,0,4,VC,0,1,1,,,0,1,,,,1,7,0,0,1,0
1,5,2,1,3,62,FRANCE,NORD-PAS-DE-CALAIS,826,62826,TOUQUET-PARIS-PLAGE (LE),AVENUE DU GOLF,90748,5,4,VC,0,2,2,,,0,1,,,,1,7,0,0,1,0
1,6,3,1,3,62,FRANCE,NORD-PAS-DE-CALAIS,178,62178,BRUAY-LA-BUISSIERE,MAUBEUGE,90750,0,4,VC,0,1,2,,,0,1,,,,1,7,0,0,1,0
1,5,6,3,3,62,FRANCE,NORD-PAS-DE-CALAIS,108,62108,BERCK,PARIS,90781,0,4,VC,0,2,4,,,0,1,,,,1,7,0,0,1,0
1,5,3,8,6,62,FRANCE,NORD-PAS-DE-CALAIS,525,62525,LONGUENESSE,ROUTE DES BRUYERES,90788,0,4,VC,0,2,2,,,0,1,,,,1,10,0,0,1,0
2,6,1,1,7,62,FRANCE,NORD-PAS-DE-CALAIS,178,62178,BRUAY-LA-BUISSIERE,DE LA MONTEE,90789,0,4,VC,0,2,2,,,0,1,,,,1,,0,0,1,0
2,6,1,9,3,62,FRANCE,NORD-PAS-DE-CALAIS,510,62510,LIEVIN,CD58,90806,0,4,VC,0,0,2,,,0,1,,,,1,7,0,0,1,0
1,6,2,1,3,62,FRANCE,NORD-PAS-DE-CALAIS,119,62119,BETHUNE,BOULEVARD KITCHENER,90815,0,4,VC,0,2,2,1,0,0,1,,,,1,10,0,0,1,0
1,6,3,1,3,62,FRANCE,NORD-PAS-DE-CALAIS,498,62498,LENS,RUE DU POITOU,90831,0,4,VC,0,1,1,,,0,0,,,,1,7,0,0,1,0
1,5,4,1,3,62,FRANCE,NORD-PAS-DE-CALAIS,065,62065,AVION,HELLE CHARLES,90848,0,4,VC,0,2,1,,,0,1,,,,1,7,0,0,1,0
5,6,1,2,6,62,FRANCE,NORD-PAS-DE-CALAIS,498,62498,LENS,ROUTE D'ARRAS,90852,0,4,VC,0,1,2,,,0,1,,,,1,7,0,0,1,0
1,5,1,1,6,62,FRANCE,NORD-PAS-DE-CALAIS,108,62108,BERCK,IMPERATRICE,90853,0,4,VC,0,2,2,,,0,1,,,,1,7,0,0,1,0
1,5,1,2,3,62,FRANCE,NORD-PAS-DE-CALAIS,250,62250,COURRIERES,RUE LOUIS PASTEUR,90865,0,4,VC,0,2,2,,,0,1,,,,1,7,0,0,1,0
4,1,1,2,6,62,FRANCE,NORD-PAS-DE-CALAIS,842,62842,VENDIN-LE-VIEIL,D 947,90877,5,3,RD,0,2,2,,,1,1,,,,1,7,0,0,1,0
1,5,1,1,6,62,FRANCE,NORD-PAS-DE-CALAIS,250,62250,COURRIERES,D 919,90893,0,3,RD,0,1,1,,,0,1,,,,1,7,0,0,1,0
1,5,2,1,3,62,FRANCE,NORD-PAS-DE-CALAIS,413,62413,HARNES,AVENUE DE COLMAR,90899,0,4,VC,0,2,2,,,0,1,,,,1,7,0,0,1,0
5,1,1,1,6,62,FRANCE,NORD-PAS-DE-CALAIS,735,62735,SAILLY-LABOURSE,RUE DE BELLENVILLE,90902,0,4,VC,0,2,2,1,0,0,1,,,,1,10,0,0,1,0
1,6,1,1,6,62,FRANCE,NORD-PAS-DE-CALAIS,498,62498,LENS,RUE PAUL ELUARD,90909,0,6,Parking,0,0,0,,,0,1,,,,1,7,0,0,1,0
1,1,2,1,3,62,FRANCE,NORD-PAS-DE-CALAIS,041,62041,ARRAS,D' ACHICOURT,90910,0,3,RD,0,2,2,24,600,0,1,,,,1,7,0,0,1,0
1,1,1,1,2,62,FRANCE,NORD-PAS-DE-CALAIS,215,62215,CARVIN,RD 917,90911,0,3,RD,0,2,2,,,0,1,,,,1,7,0,0,1,0
1,5,2,1,3,62,FRANCE,NORD-PAS-DE-CALAIS,215,62215,CARVIN,RUE GARE,90912,0,4,VC,0,2,2,,,0,1,,,,1,7,0,0,1,0
5,4,3,1,3,62,FRANCE,NORD-PAS-DE-CALAIS,666,62666,PONT-A-VENDIN,RUE ANTOINE BEAUCOURT,90951,5,4,VC,0,2,2,,,0,1,,,,1,7,0,0,1,0
1,5,1,1,6,62,FRANCE,NORD-PAS-DE-CALAIS,215,62215,CARVIN,RUE CYPRIEN QUINET,90956,0,4,VC,0,2,2,,,0,1,,,,1,7,0,0,1,0
1,5,3,2,3,62,FRANCE,NORD-PAS-DE-CALAIS,215,62215,CARVIN,RUE VICTOR HUGO,90963,0,4,VC,0,2,2,,,0,1,,,,1,7,0,0,1,0
1,7,3,1,1,62,FRANCE,NORD-PAS-DE-CALAIS,193,62193,CALAIS,RUE DORET,90983,0,4,VC,0,2,2,1,0,0,1,,,,1,7,0,0,1,0
2,6,1,8,3,62,FRANCE,NORD-PAS-DE-CALAIS,427,62427,HENIN-BEAUMONT,RUE D'HARNES,90985,0,4,VC,0,2,2,,,0,1,,,,1,7,0,0,1,0
1,6,1,1,3,62,FRANCE,NORD-PAS-DE-CALAIS,510,62510,LIEVIN,RUE THIERS,90987,0,4,VC,0,2,2,,,0,1,,,,1,3,0,0,1,0
1,5,1,1,2,62,FRANCE,NORD-PAS-DE-CALAIS,108,62108,BERCK,IMPERATRICE,90998,0,4,VC,0,2,2,,,0,1,,,,1,7,0,0,1,0
1,3,1,1,6,62,FRANCE,NORD-PAS-DE-CALAIS,474,62474,ISQUES,RD 901,91014,0,3,RD,901,3,2,42,600,0,3,5067600,165900,,1,,0,0,1,0
1,5,3,1,3,62,FRANCE,NORD-PAS-DE-CALAIS,842,62842,VENDIN-LE-VIEIL,CHEMIN DE BETHUNEDOUAI,91018,0,4,VC,0,2,1,,,0,1,,,,1,7,0,0,1,0
1,5,2,1,3,62,FRANCE,NORD-PAS-DE-CALAIS,215,62215,CARVIN,RUE CHARLES TELLIER,91030,0,4,VC,0,2,2,,,0,1,,,,1,14,0,0,1,0
5,5,1,1,6,62,FRANCE,NORD-PAS-DE-CALAIS,907,62907,LIBERCOURT,RUE LOUIS SZAREK,91036,0,4,VC,0,2,2,,,0,1,,,,1,,0,0,1,0
1,1,1,1,2,62,FRANCE,NORD-PAS-DE-CALAIS,645,62645,OYE-PLAGE,RD 940,91064,0,3,RD,940,2,0,89,0,0,1,0,0,,1,7,0,0,1,0
1,5,6,1,3,62,FRANCE,NORD-PAS-DE-CALAIS,004,62004,ACHICOURT,RAOUL BRIQUET,91073,5,3,RD,0,2,2,,,0,0,,,,1,7,0,0,1,0
1,4,1,1,6,62,FRANCE,NORD-PAS-DE-CALAIS,277,62277,DROCOURT,ARRAS,91081,0,4,VC,0,2,2,,,0,1,,,,1,,0,0,1,0
1,5,3,2,6,62,FRANCE,NORD-PAS-DE-CALAIS,065,62065,AVION,BOULEVARD MAURICE THOREZ,91087,0,4,VC,0,2,2,,,0,1,,,,1,,0,0,1,0
1,5,1,1,3,62,FRANCE,NORD-PAS-DE-CALAIS,724,62724,ROUVROY,REZE,91089,0,4,VC,0,2,2,,,0,1,,,,1,7,0,0,1,0
1,5,6,1,3,62,FRANCE,NORD-PAS-DE-CALAIS,108,62108,BERCK,HUIT MAI,91094,0,9,Autre,0,0,2,,,1,1,,,,1,7,0,0,1,0
5,1,1,1,2,62,FRANCE,NORD-PAS-DE-CALAIS,119,62119,BETHUNE,RUE DU BEAU MARAIS,91097,0,4,VC,0,2,2,1,0,0,1,,,,1,7,0,0,1,0
1,7,2,2,3,62,FRANCE,NORD-PAS-DE-CALAIS,193,62193,CALAIS,RUE DE LA PAIX,91122,0,4,VC,0,1,1,1,0,0,0,,,,1,3,0,0,1,0
1,7,1,1,2,62,FRANCE,NORD-PAS-DE-CALAIS,193,62193,CALAIS,PONT HENRY HENON,91123,0,4,VC,893,4,2,1,0,0,1,,,,1,7,0,0,1,0
1,7,1,1,3,62,FRANCE,NORD-PAS-DE-CALAIS,193,62193,CALAIS,AVENUE POINCARRE,91130,0,4,VC,0,1,1,1,0,2,5,,,,1,7,0,0,1,0
2,7,1,1,2,62,FRANCE,NORD-PAS-DE-CALAIS,193,62193,CALAIS,RUE ANATOLE FRANCE,91131,0,4,VC,0,2,2,,,0,1,,,,1,7,0,0,1,0
1,5,1,1,3,62,FRANCE,NORD-PAS-DE-CALAIS,907,62907,LIBERCOURT,ROUTE D'OIGNIES,91151,0,4,VC,0,2,2,,,0,1,,,,1,7,0,0,1,0
1,5,1,1,6,62,FRANCE,NORD-PAS-DE-CALAIS,637,62637,OIGNIES,AVENUE FERDINAND DARCHICOURT,91155,0,4,VC,0,2,2,,,0,1,,,,1,10,0,0,1,0
1,5,6,1,3,62,FRANCE,NORD-PAS-DE-CALAIS,250,62250,COURRIERES,RUE RAOUL BRIQUET,91156,0,3,RD,919,1,2,44,600,0,1,,,,1,7,0,0,1,0
1,5,4,1,3,62,FRANCE,NORD-PAS-DE-CALAIS,907,62907,LIBERCOURT,RUE CYPRIEN QUINET,91158,0,4,VC,0,2,2,,,0,1,,,,1,7,0,0,1,0
1,5,2,1,1,62,FRANCE,NORD-PAS-DE-CALAIS,637,62637,OIGNIES,RUE LEON BLUM,91162,5,4,VC,0,2,2,,,0,0,,,,1,7,0,0,1,0
1,6,6,1,3,62,FRANCE,NORD-PAS-DE-CALAIS,427,62427,HENIN-BEAUMONT,RUE JEAN LEMAIRE,91175,0,4,VC,0,1,2,,,0,1,,,,1,7,0,0,1,0
1,5,1,1,6,62,FRANCE,NORD-PAS-DE-CALAIS,523,62523,LOISON-SOUS-LENS,RUE LEON BLUM,91187,0,4,VC,0,2,2,,,0,1,,,,1,7,0,0,1,0
1,5,3,1,3,62,FRANCE,NORD-PAS-DE-CALAIS,842,62842,VENDIN-LE-VIEIL,D 947,91189,0,3,RD,0,2,2,,,1,5,,,,1,7,0,0,1,0
1,6,1,1,6,62,FRANCE,NORD-PAS-DE-CALAIS,498,62498,LENS,ROUTE DE BETHUNE,91193,0,4,VC,,2,2,,,0,1,,,,1,7,0,0,1,0
1,5,1,1,1,62,FRANCE,NORD-PAS-DE-CALAIS,386,62386,GRENAY,BOULEVARD DE LA PLAINE,91209,0,4,VC,0,1,1,,,0,1,,,,1,7,0,0,1,0
1,5,1,1,6,62,FRANCE,NORD-PAS-DE-CALAIS,826,62826,TOUQUET-PARIS-PLAGE (LE),BOULEVARD DE LA PLAGE,91229,0,4,VC,0,1,1,,,1,5,,,,1,,0,0,1,0
1,5,9,1,3,62,FRANCE,NORD-PAS-DE-CALAIS,826,62826,TOUQUET-PARIS-PLAGE (LE),RUE METZ,91230,0,4,VC,0,1,1,,,0,4,,,,1,13,0,0,1,0
1,8,1,1,3,63,FRANCE,AUVERGNE,113,63113,CLERMONT-FERRAND,RUE ETIENNE DOLET ,91242,0,4,VC,0,2,2,,,0,1,,,,1,7,0,0,1,0
1,5,5,1,6,63,FRANCE,AUVERGNE,032,63032,BEAUMONT,ROND-POINT DU POURLIAT,91275,0,4,VC,0,1,2,,,0,1,,,,1,7,0,0,1,0
1,8,2,1,6,63,FRANCE,AUVERGNE,113,63113,CLERMONT-FERRAND,PLACE CARMES DECHAUX,91289,0,4,VC,0,2,4,,,0,1,,,,1,7,0,0,1,0
1,8,1,1,6,63,FRANCE,AUVERGNE,113,63113,CLERMONT-FERRAND,BOULEVARD LEON JOUHAUX,91296,0,4,VC,0,3,2,,,0,1,,,,1,7,0,0,1,0
1,5,1,1,7,63,FRANCE,AUVERGNE,014,63014,AUBIERE,CHEMIN DES BAS CEZEAUX,91333,0,4,VC,0,2,2,,,0,1,,,,1,,0,0,1,0
1,8,1,1,1,63,FRANCE,AUVERGNE,113,63113,CLERMONT-FERRAND,RUE VIVIANI,91352,6,9,Autre,0,0,0,,,3,1,,,,1,2,0,0,1,0
1,8,1,1,6,63,FRANCE,AUVERGNE,113,63113,CLERMONT-FERRAND,RUE DE L'ORADOU,91379,0,4,VC,0,2,2,,,0,1,,,,1,7,0,0,1,0
1,5,1,1,2,63,FRANCE,AUVERGNE,014,63014,AUBIERE,RUE ROGER MAERTE,91391,0,4,VC,0,2,3,,,0,1,,,,1,2,0,0,1,0
1,4,2,1,3,63,FRANCE,AUVERGNE,069,63069,CENDRE (LE),AVENUE DE L'AUZON,91415,0,4,VC,0,2,2,,,0,1,,,,1,2,0,0,1,0
1,8,1,1,6,63,FRANCE,AUVERGNE,113,63113,CLERMONT-FERRAND,AVENUE DE L'UNION SOVIETIQUE,91444,0,4,VC,0,2,3,,,3,1,,,,1,37,0,0,1,0
1,8,1,1,3,63,FRANCE,AUVERGNE,113,63113,CLERMONT-FERRAND,RUE DU CHATEAU DES VERGNES,91451,0,4,VC,0,2,3,,,1,1,,,,1,7,0,0,1,0
1,8,1,1,6,63,FRANCE,AUVERGNE,113,63113,CLERMONT-FERRAND,AVENUE DE LA REPUBLIQUE,91454,0,4,VC,0,1,2,,,0,1,,,,1,7,0,0,1,0
1,5,1,1,7,63,FRANCE,AUVERGNE,075,63075,CHAMALIERES,AVENUE DE ROYAT,91469,0,4,VC,0,2,2,,,0,4,,,,1,,0,0,1,0
1,5,9,1,6,63,FRANCE,AUVERGNE,032,63032,BEAUMONT,AVENUE DU MONT-DORE,91471,0,5,Hors_reseau,0,2,2,,,1,1,,,,1,7,0,0,1,0
1,1,2,1,6,63,FRANCE,AUVERGNE,113,63113,CLERMONT-FERRAND,RUE DE LA CERISIERE,91484,0,4,VC,0,2,1,,,0,1,,,,1,2,0,0,1,0
1,5,2,1,3,63,FRANCE,AUVERGNE,124,63124,COURNON-D'AUVERGNE,RUE HENRI POURRAT,91503,0,4,VC,0,2,2,,,0,1,,,,1,7,0,0,1,0
1,3,1,1,6,63,FRANCE,AUVERGNE,170,63170,GOUTELLE (LA),RD 217,91510,0,3,RD,217,2,2,0,200,0,0,0,0,,1,,0,0,1,0
1,1,1,1,3,63,FRANCE,AUVERGNE,470,63470,VOLVIC,RD 986,91513,0,3,RD,986,2,2,9,250,0,1,4586800,301700,,1,7,0,0,1,0
1,1,1,1,3,63,FRANCE,AUVERGNE,381,63381,SAINT-OURS,RD 941,91514,0,3,RD,941,2,2,0,0,0,1,4585200,288900,,1,2,0,0,1,0
1,8,1,1,6,63,FRANCE,AUVERGNE,113,63113,CLERMONT-FERRAND,AVENUE BARBIER DAUBREE,91530,0,4,VC,0,2,2,,,0,1,,,,1,,0,0,1,0
1,8,1,1,6,63,FRANCE,AUVERGNE,113,63113,CLERMONT-FERRAND,AVENUE DE L'UNION SOVIETIQUE,91532,0,4,VC,0,2,3,,,0,1,,,,1,7,0,0,1,1
1,8,1,1,7,63,FRANCE,AUVERGNE,113,63113,CLERMONT-FERRAND,COURS RAYMOND POINCARE,91545,0,4,VC,0,2,2,,,3,1,,,,1,,0,0,1,0
1,5,1,1,3,63,FRANCE,AUVERGNE,014,63014,AUBIERE,AVENUE DU ROUSSILLON,91551,0,4,VC,0,3,4,,,0,0,,,,1,7,0,0,1,0
1,8,1,1,2,63,FRANCE,AUVERGNE,113,63113,CLERMONT-FERRAND,CHAUSSEE CLAUDIUS,91557,0,4,VC,0,2,2,,,2,1,,,,1,37,0,0,1,0
1,8,1,1,3,63,FRANCE,AUVERGNE,113,63113,CLERMONT-FERRAND,BOULEVARD LAFAYETTE,91564,0,4,VC,0,2,3,,,0,4,,,,1,7,0,0,1,0
1,8,1,1,3,63,FRANCE,AUVERGNE,113,63113,CLERMONT-FERRAND,RUE YOURI GAGARINE,91577,0,4,VC,0,2,2,,,0,1,,,,1,7,0,0,1,0
1,8,2,1,6,63,FRANCE,AUVERGNE,113,63113,CLERMONT-FERRAND,BOULEVARD LEON JOUHAUX,91578,0,4,VC,0,3,3,,,0,1,,,,1,7,0,0,1,0
1,5,2,1,3,63,FRANCE,AUVERGNE,164,63164,GERZAT,RUE JULES GUESDE ,91585,0,4,VC,0,2,2,,,0,1,,,,1,7,0,0,1,0
1,1,1,1,3,63,FRANCE,AUVERGNE,345,63345,SAINT-GENES-CHAMPANELLE,RD 767,91586,0,3,RD,767,2,2,6,400,0,3,0,0,,1,10,0,0,1,0
1,3,1,1,1,63,FRANCE,AUVERGNE,412,63412,SAUVESSANGES,RD 57,91587,0,3,RD,57,2,2,0,0,0,1,4539600,87200,,1,7,0,0,1,0
5,8,1,1,6,63,FRANCE,AUVERGNE,113,63113,CLERMONT-FERRAND,BOULEVARD SAINT JEAN,91591,0,4,VC,0,3,5,,,0,1,,,,1,7,0,0,1,0
1,8,3,1,3,63,FRANCE,AUVERGNE,113,63113,CLERMONT-FERRAND,RUE DES FOSSES SOUS LE SEMINAIRE,91600,0,4,VC,0,2,3,,,3,1,,,,1,7,0,0,1,0
1,8,1,1,3,63,FRANCE,AUVERGNE,113,63113,CLERMONT-FERRAND,RUE DE LA PRADELLE,91617,0,4,VC,0,1,1,,,0,1,,,,1,7,0,0,1,0
5,8,2,1,6,63,FRANCE,AUVERGNE,113,63113,CLERMONT-FERRAND,RUE DES CORDELIERS,91620,0,4,VC,0,1,1,,,0,1,,,,1,7,0,0,1,0
1,5,1,1,6,63,FRANCE,AUVERGNE,075,63075,CHAMALIERES,AVENUE PASTEUR ,91637,0,4,VC,0,2,2,,,0,1,,,,1,7,0,0,1,0
3,8,6,1,6,63,FRANCE,AUVERGNE,113,63113,CLERMONT-FERRAND,AVENUE BREZET,91639,0,4,VC,0,1,2,,,0,1,,,,1,7,0,0,1,0
1,8,3,1,3,63,FRANCE,AUVERGNE,113,63113,CLERMONT-FERRAND,PIERRE SUR HAUTE,91688,0,4,VC,0,2,2,,,0,1,,,,1,7,0,0,1,0
1,8,9,1,6,63,FRANCE,AUVERGNE,113,63113,CLERMONT-FERRAND,RUE DE LA ROTONDE,91691,0,4,VC,0,2,1,,,0,1,,,,1,7,0,0,1,0
5,8,2,1,3,63,FRANCE,AUVERGNE,113,63113,CLERMONT-FERRAND,RUE VIOLLET LE DUC,91711,0,4,VC,0,2,2,,,0,1,,,,1,7,0,0,1,0
1,5,1,1,6,63,FRANCE,AUVERGNE,014,63014,AUBIERE,RUE DE GERGOVIE,91712,0,4,VC,0,2,1,,,0,2,,,,1,7,0,0,1,0
1,8,1,1,1,63,FRANCE,AUVERGNE,113,63113,CLERMONT-FERRAND,RUE VIVIANI,91733,0,4,VC,0,2,2,,,0,1,,,,1,7,0,0,1,0
1,5,6,1,3,63,FRANCE,AUVERGNE,014,63014,AUBIERE,AVENUE DU ROUSSILLON,91754,0,4,VC,0,1,2,,,0,1,,,,1,7,0,0,1,0
2,8,1,1,6,63,FRANCE,AUVERGNE,113,63113,CLERMONT-FERRAND,RUE DU COURAGE,91763,0,4,VC,0,2,2,,,0,1,,,,1,,0,0,0,1
1,8,6,1,6,63,FRANCE,AUVERGNE,113,63113,CLERMONT-FERRAND,AVENUE LOUIS BLERIOT,91781,0,4,VC,0,2,2,,,0,1,,,,1,7,0,0,1,0
1,8,1,1,6,63,FRANCE,AUVERGNE,113,63113,CLERMONT-FERRAND,RUE CLAUSSMAN,91813,0,4,VC,0,2,2,,,0,1,,,,1,7,0,0,1,0
1,8,1,1,6,63,FRANCE,AUVERGNE,113,63113,CLERMONT-FERRAND,BOULEVARD DANIEL MAYER,91817,0,4,VC,0,1,3,,,0,1,,,,1,7,0,0,1,0
1,8,9,1,6,63,FRANCE,AUVERGNE,113,63113,CLERMONT-FERRAND,RUE D'ESTAING,91825,0,4,VC,0,2,3,,,0,1,,,,1,7,0,0,1,0
1,4,1,7,3,63,FRANCE,AUVERGNE,457,63457,VIC-LE-COMTE,RD 225,91843,0,3,RD,225,2,0,0,0,0,1,4564700,325200,,1,7,0,0,1,0
1,8,2,1,2,63,FRANCE,AUVERGNE,113,63113,CLERMONT-FERRAND,RUE DE LA GRAVIERE,91869,0,4,VC,0,1,1,,,0,1,,,,1,7,0,0,1,0
1,8,1,1,6,63,FRANCE,AUVERGNE,113,63113,CLERMONT-FERRAND,RUE DES MEUNIERS,91887,0,4,VC,0,2,2,,,0,1,,,,1,7,0,0,1,0
1,8,1,1,6,63,FRANCE,AUVERGNE,113,63113,CLERMONT-FERRAND,AVENUE FRANKLIN ROOSEVELT,91893,0,4,VC,0,2,1,,,0,1,,,,1,7,0,0,1,0
1,8,1,1,6,63,FRANCE,AUVERGNE,113,63113,CLERMONT-FERRAND,PLACE DES DROITS DE L'HOMME,91926,0,4,VC,0,2,1,,,0,1,,,,1,,0,0,0,1
1,8,1,1,7,63,FRANCE,AUVERGNE,113,63113,CLERMONT-FERRAND,CHAUSSEE CLAUDIUS,91934,0,4,VC,0,2,2,,,3,4,,,,1,,0,0,1,0
1,5,1,1,3,63,FRANCE,AUVERGNE,014,63014,AUBIERE,RUE DE GERGOVIE,91941,0,4,VC,0,2,2,,,0,1,,,,1,7,0,0,1,0
1,8,1,1,3,63,FRANCE,AUVERGNE,113,63113,CLERMONT-FERRAND,PLACE TURGOT,91956,5,4,VC,0,2,2,,,0,1,,,,1,7,0,0,1,0
5,8,1,1,6,63,FRANCE,AUVERGNE,113,63113,CLERMONT-FERRAND,AVENUE DE LA REPUBLIQUE,91965,0,4,VC,0,2,2,,,1,1,,,,1,7,0,0,1,0
1,8,1,1,6,63,FRANCE,AUVERGNE,113,63113,CLERMONT-FERRAND,AVENUE JEAN MERMOZ,91974,0,4,VC,0,2,2,,,0,1,,,,1,7,0,0,1,0
1,5,1,1,1,63,FRANCE,AUVERGNE,124,63124,COURNON-D'AUVERGNE,PLACE DU GUERY,91975,0,5,Hors_reseau,0,2,0,1,0,0,1,,,,1,7,0,0,1,0
1,5,1,1,3,63,FRANCE,AUVERGNE,164,63164,GERZAT,ROUTE DE CEBAZAT ANCIENNE,91977,0,4,VC,0,2,2,,,0,1,,,,1,7,0,0,1,0
1,8,1,1,6,63,FRANCE,AUVERGNE,113,63113,CLERMONT-FERRAND,AVENUE JEAN MERMOZ,91992,0,4,VC,0,2,2,,,0,1,,,,1,,0,0,1,0
1,8,1,1,3,63,FRANCE,AUVERGNE,113,63113,CLERMONT-FERRAND,AVENUE DU PUY DE DOME,92000,0,4,VC,0,2,2,,,0,1,,,,1,7,0,0,1,0
5,8,1,1,3,63,FRANCE,AUVERGNE,113,63113,CLERMONT-FERRAND,RUE DE FLAMINA,92026,0,4,VC,0,2,2,,,0,1,,,,1,7,0,0,1,0
1,5,1,1,2,63,FRANCE,AUVERGNE,014,63014,AUBIERE,RUE DES FOISSES,92038,0,4,VC,0,2,1,,,0,1,,,,1,7,0,0,1,0