lum,agg,int,atm,col,dep_bis,pays,region,com_bis,com_codeINSEE,communes,N_voie,numac,infra,catr,type_route,voie,circ,nbv,pr,pr1,vosp,situ,lat,long,adr,accident_velo,vehicule_imp,cycl_mort,cycl_bgv,cycl_blg,cycl_indm
1,8,3,1,6,63,FRANCE,AUVERGNE,113,63113,CLERMONT-FERRAND,RUE NIEL,92039,0,4,VC,0,2,2,,,0,1,,,,1,7,0,0,1,0
5,8,1,1,6,63,FRANCE,AUVERGNE,113,63113,CLERMONT-FERRAND,AVENUE DES ETATS UNIS,92060,0,4,VC,0,2,2,,,0,1,,,,1,31,0,0,0,1
1,8,1,1,3,63,FRANCE,AUVERGNE,113,63113,CLERMONT-FERRAND,AVENUE DE LA REPUBLIQUE,92065,5,4,VC,0,3,0,,,2,1,,,,1,7,0,0,1,0
1,8,1,1,7,63,FRANCE,AUVERGNE,113,63113,CLERMONT-FERRAND,RUE D'OVIEDO,92067,0,4,VC,0,2,2,,,0,1,,,,1,,0,0,1,0
1,5,1,1,6,63,FRANCE,AUVERGNE,032,63032,BEAUMONT,AVENUE DU MARECHAL LECLERC,92086,0,4,VC,0,2,2,,,0,1,,,,1,,0,0,0,1
5,8,1,1,3,63,FRANCE,AUVERGNE,113,63113,CLERMONT-FERRAND,PIERRE DE FERMAD,92089,0,4,VC,0,2,2,,,0,1,,,,1,7,0,0,1,0
1,2,1,1,1,63,FRANCE,AUVERGNE,215,63215,MARTRES-SUR-MORGE,RD 84,92117,0,3,RD,84,2,2,1,100,0,1,4593900,322200,,1,30,0,0,1,0
5,8,1,1,6,63,FRANCE,AUVERGNE,113,63113,CLERMONT-FERRAND,BOULEVARD MAURICE POURCHON,92122,0,5,Hors_reseau,0,2,4,,,0,1,,,,1,7,0,0,1,0
1,8,1,1,6,63,FRANCE,AUVERGNE,113,63113,CLERMONT-FERRAND,RUE DE RABANESSE,92141,0,4,VC,0,2,1,,,0,1,,,,1,7,0,0,1,0
1,8,1,7,3,63,FRANCE,AUVERGNE,113,63113,CLERMONT-FERRAND,BOULEVARD GEORGES POMPIDOU,92173,0,4,VC,0,2,2,,,0,1,,,,1,7,0,0,1,0
1,8,1,1,6,63,FRANCE,AUVERGNE,113,63113,CLERMONT-FERRAND,AVENUE DE LA REPUBLIQUE,92182,0,4,VC,0,3,3,,,1,1,,,,1,7,0,0,1,0
1,8,1,1,6,63,FRANCE,AUVERGNE,113,63113,CLERMONT-FERRAND,BOULEVARD CHARLES DE GAULLE,92199,0,4,VC,0,2,2,,,0,1,,,,1,7,0,0,1,0
1,8,1,1,3,63,FRANCE,AUVERGNE,113,63113,CLERMONT-FERRAND,PLACE HENRI DUNANT,92207,0,4,VC,0,2,4,,,0,1,,,,1,7,0,0,1,0
1,5,1,1,3,63,FRANCE,AUVERGNE,075,63075,CHAMALIERES,RUE DE RICHELIEU,92225,0,4,VC,0,2,0,,,0,1,,,,1,7,0,0,1,0
1,8,1,1,1,63,FRANCE,AUVERGNE,113,63113,CLERMONT-FERRAND,BOULEVARD AMBROISE BRUGIERE,92300,0,4,VC,0,3,5,,,0,1,,,,1,7,0,0,1,0
1,8,2,1,3,63,FRANCE,AUVERGNE,113,63113,CLERMONT-FERRAND,BOULEVARD JEAN JAURES,92313,5,4,VC,0,1,3,,,0,1,,,,1,7,0,0,1,0
1,8,1,1,6,63,FRANCE,AUVERGNE,113,63113,CLERMONT-FERRAND,JAUDE PLACE DE),92335,0,4,VC,0,0,0,,,0,0,,,,1,,0,0,1,0
1,1,2,1,3,63,FRANCE,AUVERGNE,417,63417,SAYAT,RD 450,92345,5,3,RD,450,2,2,0,216,0,1,0,0,,1,7,0,0,1,0
1,8,1,1,3,63,FRANCE,AUVERGNE,113,63113,CLERMONT-FERRAND,RUE JOSEPH GIROD,92368,0,4,VC,0,2,2,,,1,5,,,,1,10,0,0,1,0
1,8,1,1,6,63,FRANCE,AUVERGNE,113,63113,CLERMONT-FERRAND,D772,92376,0,3,RD,0,2,2,,,0,1,,,,1,,0,0,1,0
1,8,1,1,2,63,FRANCE,AUVERGNE,113,63113,CLERMONT-FERRAND,AVENUE JULIEN,92386,0,4,VC,0,1,2,,,0,1,,,,1,7,0,0,1,0
1,8,1,1,6,63,FRANCE,AUVERGNE,113,63113,CLERMONT-FERRAND,RUE DU TORPILLEUR SIROCCO,92393,0,6,Parking,0,1,1,,,0,1,,,,1,7,0,0,1,0
1,3,1,1,6,63,FRANCE,AUVERGNE,273,63273,PERIGNAT-SUR-ALLIER,VC 212,92400,0,4,VC,212,2,2,9,0,0,1,4573200,324200,,1,,0,0,0,1
1,5,2,1,3,63,FRANCE,AUVERGNE,014,63014,AUBIERE,RUE DU DOCTEUR CASATI,92418,0,4,VC,0,2,2,,,0,1,,,,1,7,0,0,1,0
2,8,1,1,3,63,FRANCE,AUVERGNE,113,63113,CLERMONT-FERRAND,BOULEVARD LAFAYETTE,92457,0,4,VC,0,0,2,,,3,4,,,,1,7,0,0,1,0
1,8,1,1,7,63,FRANCE,AUVERGNE,113,63113,CLERMONT-FERRAND,BOULEVARD COTE BLATIN,92465,0,4,VC,0,1,3,,,0,1,,,,1,,0,0,1,0
2,8,6,2,3,63,FRANCE,AUVERGNE,113,63113,CLERMONT-FERRAND,BOULEVARD LEON JOUHAUX,92475,5,4,VC,0,2,4,,,0,1,,,,1,7,0,0,1,0
5,8,1,1,7,63,FRANCE,AUVERGNE,113,63113,CLERMONT-FERRAND,PLACE SALFORD,92506,0,4,VC,0,1,2,,,0,1,,,,1,7,0,0,1,0
1,4,1,7,1,63,FRANCE,AUVERGNE,042,63042,BLANZAT,RD 2,92526,0,3,RD,2,2,2,14,800,0,1,0,0,,1,10,0,0,1,0
1,1,1,2,7,63,FRANCE,AUVERGNE,201,63201,LUZILLAT,RD 43,92529,0,3,RD,43,2,1,7,300,0,1,4595500,339600,,1,,0,0,1,0
5,8,1,1,1,63,FRANCE,AUVERGNE,113,63113,CLERMONT-FERRAND,RUE DE NOHANENT,92557,0,4,VC,0,2,2,,,0,1,,,,1,7,0,0,1,0
1,8,9,1,3,63,FRANCE,AUVERGNE,113,63113,CLERMONT-FERRAND,BOULEVARD LAFAYETTE,92590,0,4,VC,0,2,4,,,0,1,,,,1,7,0,0,1,0
2,5,1,7,3,63,FRANCE,AUVERGNE,178,63178,ISSOIRE,RD 716,92597,0,3,RD,716,2,2,3,700,0,1,0,0,,1,7,0,0,1,0
5,8,1,1,1,63,FRANCE,AUVERGNE,113,63113,CLERMONT-FERRAND,BOULEVARD LAFAYETTE,92602,0,4,VC,0,2,3,,,0,1,,,,1,7,0,0,1,0
1,8,9,1,3,63,FRANCE,AUVERGNE,113,63113,CLERMONT-FERRAND,AVENUE DES LANDAIS,92617,0,3,RD,2099,2,2,,,0,1,,,,1,7,0,0,1,0
1,8,1,1,3,63,FRANCE,AUVERGNE,113,63113,CLERMONT-FERRAND,RUE DE NOHANENT,92625,0,4,VC,0,2,2,,,0,1,,,,1,7,0,0,1,0
1,5,2,1,6,63,FRANCE,AUVERGNE,075,63075,CHAMALIERES,AVENUE BEAULIEU,92626,0,4,VC,0,2,2,,,0,1,,,,1,7,0,0,1,0
1,8,1,7,3,63,FRANCE,AUVERGNE,113,63113,CLERMONT-FERRAND,RUE ROUVIER,92635,0,4,VC,0,2,2,,,0,1,,,,1,7,0,0,1,0
1,8,1,1,3,63,FRANCE,AUVERGNE,113,63113,CLERMONT-FERRAND,RUE DE LA FONTCIMAGNE,92655,0,4,VC,0,2,2,,,0,1,,,,1,7,0,0,1,0
1,8,1,1,6,63,FRANCE,AUVERGNE,113,63113,CLERMONT-FERRAND,BOULEVARD LAFAYETTE,92691,0,4,VC,0,1,2,,,0,1,,,,1,7,0,0,1,0
1,5,6,1,6,63,FRANCE,AUVERGNE,075,63075,CHAMALIERES,AVENUE PAUL BERT,92698,0,4,VC,0,2,2,,,0,1,,,,1,7,0,0,1,0
1,8,3,1,1,63,FRANCE,AUVERGNE,113,63113,CLERMONT-FERRAND,RUE DES CHANELLES,92717,0,4,VC,0,2,2,,,0,1,,,,1,7,0,0,0,1
1,8,1,1,6,63,FRANCE,AUVERGNE,113,63113,CLERMONT-FERRAND,RUE BALLAINVILLIERS,92727,0,4,VC,0,1,3,,,0,1,,,,1,,0,0,1,0
1,1,1,1,5,63,FRANCE,AUVERGNE,372,63372,SAINT-LAURE,RD 224,92740,0,3,RD,224,2,2,17,400,0,1,4590400,328900,,1,7,0,0,1,0
1,8,1,1,6,63,FRANCE,AUVERGNE,113,63113,CLERMONT-FERRAND,RUE DES JACOBINS,92742,0,4,VC,0,1,2,,,0,1,,,,1,7,0,0,1,0
1,8,1,1,7,63,FRANCE,AUVERGNE,113,63113,CLERMONT-FERRAND,BOULEVARD MAURICE POURCHON,92770,0,4,VC,0,3,2,,,0,1,,,,1,,0,0,1,0
1,8,9,1,6,63,FRANCE,AUVERGNE,113,63113,CLERMONT-FERRAND,RUE ARMAND FALLIERES,92787,0,4,VC,0,2,2,,,0,0,,,,1,7,0,0,1,0
1,1,1,1,6,63,FRANCE,AUVERGNE,113,63113,CLERMONT-FERRAND,ALLEE DU COTEAU,92799,0,4,VC,0,2,1,,,0,1,,,,1,,0,0,1,0
1,5,1,1,3,63,FRANCE,AUVERGNE,014,63014,AUBIERE,ROND-POINT DE PERIGNAT,92816,0,4,VC,0,1,2,,,0,1,,,,1,7,0,0,1,0
1,5,2,1,3,63,FRANCE,AUVERGNE,124,63124,COURNON-D'AUVERGNE,AVENUE DU LIVRADOIS,92819,0,4,VC,0,2,2,1,0,0,1,,,,1,7,0,0,1,0
5,8,1,1,3,63,FRANCE,AUVERGNE,113,63113,CLERMONT-FERRAND,AVENUE DES PAULINES,92821,0,4,VC,0,1,3,,,0,1,,,,1,7,0,0,1,0
1,5,2,1,6,63,FRANCE,AUVERGNE,014,63014,AUBIERE,CAMPUS DES CEZEAUX,92822,0,4,VC,0,2,2,,,0,1,,,,1,7,0,0,1,0
1,5,1,1,7,63,FRANCE,AUVERGNE,014,63014,AUBIERE,RUE PASTEUR,92885,0,4,VC,0,2,2,,,0,1,,,,1,,0,0,1,0
5,8,9,1,6,63,FRANCE,AUVERGNE,113,63113,CLERMONT-FERRAND,RUE DE LA GANTIERE,92893,0,6,Parking,0,2,2,,,0,1,,,,1,7,0,0,1,0
5,8,1,1,6,63,FRANCE,AUVERGNE,113,63113,CLERMONT-FERRAND,RUE KESSLER,92899,0,4,VC,0,1,1,,,0,1,,,,1,7,0,0,1,0
1,8,1,1,6,63,FRANCE,AUVERGNE,113,63113,CLERMONT-FERRAND,RUE SAINT HEREM,92930,0,4,VC,0,2,2,,,0,1,,,,1,7,0,0,1,0
1,8,1,1,6,63,FRANCE,AUVERGNE,113,63113,CLERMONT-FERRAND,RUE DE L'ORADOU,92935,0,4,VC,0,2,3,,,0,1,,,,1,,0,0,0,1
1,5,3,1,3,63,FRANCE,AUVERGNE,063,63063,CEBAZAT,BOULEVARD JEAN MOULIN,92946,5,4,VC,0,2,2,,,0,1,,,,1,7,0,0,1,0
1,8,1,1,3,63,FRANCE,AUVERGNE,113,63113,CLERMONT-FERRAND,RUE GUYNEMER,92981,0,4,VC,0,2,2,,,0,1,,,,1,7,0,0,1,0
1,8,1,1,6,63,FRANCE,AUVERGNE,113,63113,CLERMONT-FERRAND,BOULEVARD GUSTAVE FLAUBERT,92990,0,3,RD,2009,2,4,,,0,1,,,,1,7,0,0,1,0
1,8,6,1,3,63,FRANCE,AUVERGNE,113,63113,CLERMONT-FERRAND,RUE GORDON BENNETT,92997,5,3,RD,69,3,4,,,0,1,,,,1,7,0,0,1,0
1,8,1,1,3,63,FRANCE,AUVERGNE,113,63113,CLERMONT-FERRAND,RUE MONTLOSIER,93006,0,4,VC,0,2,2,,,1,1,,,,1,7,0,0,1,0
1,8,2,1,3,63,FRANCE,AUVERGNE,113,63113,CLERMONT-FERRAND,RUE LEDRU,93012,5,4,VC,0,2,2,,,0,1,,,,1,7,0,0,1,0
5,8,1,1,6,63,FRANCE,AUVERGNE,113,63113,CLERMONT-FERRAND,RUE PAUL DIOMEDE,93017,0,4,VC,0,2,2,,,0,1,,,,1,7,0,0,1,0
1,8,1,1,6,63,FRANCE,AUVERGNE,113,63113,CLERMONT-FERRAND,RUE DE ROMAGNAT,93023,0,4,VC,0,1,1,,,0,1,,,,1,,0,0,0,1
1,4,1,1,1,63,FRANCE,AUVERGNE,210,63210,MARINGUES,VC 0,93053,0,4,VC,0,1,1,0,0,0,1,4592600,333200,,1,7,0,0,1,0
2,8,1,1,6,63,FRANCE,AUVERGNE,113,63113,CLERMONT-FERRAND,RUE DE LA CARTOUCHERIE,93056,0,4,VC,0,2,2,,,0,1,,,,1,7,0,0,1,0
1,8,1,1,6,63,FRANCE,AUVERGNE,113,63113,CLERMONT-FERRAND,RUE DU CHATEAU DES VERGNES,93057,0,4,VC,0,2,2,,,1,1,,,,1,7,0,0,1,0
1,8,1,1,6,63,FRANCE,AUVERGNE,113,63113,CLERMONT-FERRAND,RUE DE LA GROLIERE,93063,0,4,VC,0,2,1,,,1,5,,,,1,7,0,0,0,1
1,8,1,1,6,63,FRANCE,AUVERGNE,113,63113,CLERMONT-FERRAND,RUE D'AGUESSEAU,93070,0,4,VC,0,2,0,,,0,1,,,,1,7,0,0,1,0
1,8,2,1,6,63,FRANCE,AUVERGNE,113,63113,CLERMONT-FERRAND,RUE KLEBER,93093,0,4,VC,0,1,1,,,0,1,,,,1,,0,0,1,0
1,8,1,1,6,63,FRANCE,AUVERGNE,113,63113,CLERMONT-FERRAND,AVENUE GEORGES COUTHON,93117,0,4,VC,0,2,2,,,0,1,,,,1,,0,0,1,0
1,8,1,1,3,63,FRANCE,AUVERGNE,113,63113,CLERMONT-FERRAND,AVENUE DE L'UNION SOVIETIQUE,93123,0,4,VC,0,2,3,,,0,1,,,,1,7,0,0,1,0
1,5,1,1,1,63,FRANCE,AUVERGNE,300,63300,RIOM,RUE DU JENZAT,93137,0,3,RD,420,2,2,0,,1,5,,,,1,38,0,0,1,0
5,8,1,1,6,63,FRANCE,AUVERGNE,113,63113,CLERMONT-FERRAND,BOULEBARD VINCENT AURIOL,93184,0,4,VC,0,1,2,,,1,5,,,,1,7,0,0,1,0
1,8,2,1,6,63,FRANCE,AUVERGNE,113,63113,CLERMONT-FERRAND,AVENUE EDOUARD MICHELIN,93189,0,4,VC,0,1,3,,,0,1,,,,1,7,0,0,1,0
1,8,1,1,6,63,FRANCE,AUVERGNE,113,63113,CLERMONT-FERRAND,RUE PELISSIER,93194,0,4,VC,0,1,1,,,0,1,,,,1,7,0,0,1,0
1,8,1,1,6,63,FRANCE,AUVERGNE,113,63113,CLERMONT-FERRAND,AVENUE CHARRAS,93205,0,4,VC,0,0,1,,,0,1,,,,1,,0,0,0,1
1,8,1,1,6,63,FRANCE,AUVERGNE,113,63113,CLERMONT-FERRAND,BOULEBARD VINCENT AURIOL,93208,0,3,RD,210,3,4,,,1,5,,,,1,7,0,0,1,0
1,8,1,1,6,63,FRANCE,AUVERGNE,113,63113,CLERMONT-FERRAND,RUE ROUVIER,93210,0,4,VC,0,2,2,,,0,1,,,,1,34,0,0,1,0
1,1,1,1,3,63,FRANCE,AUVERGNE,113,63113,CLERMONT-FERRAND,BOULEBARD VINCENT AURIOL,93217,0,3,RD,210,3,4,,,1,1,,,,1,7,0,0,1,0
5,8,1,1,6,63,FRANCE,AUVERGNE,113,63113,CLERMONT-FERRAND,BOULEVARD JEAN JAURES,93218,0,4,VC,0,1,3,,,0,1,,,,1,7,0,0,1,0
2,8,1,1,6,63,FRANCE,AUVERGNE,113,63113,CLERMONT-FERRAND,PLACE DU PREMIER MAI,93250,0,4,VC,0,1,1,,,1,1,,,,1,10,0,0,1,0
1,8,1,1,6,63,FRANCE,AUVERGNE,113,63113,CLERMONT-FERRAND,BOULEVARD JOHN FITZGERALD KENNEDY,93254,0,4,VC,0,3,4,,,1,5,,,,1,10,0,0,1,0
1,8,1,1,3,63,FRANCE,AUVERGNE,113,63113,CLERMONT-FERRAND,BOULEVARD EDGAR QUINET,93273,0,3,RD,69,3,4,,,1,1,,,,1,7,0,0,1,0
1,8,1,1,6,63,FRANCE,AUVERGNE,113,63113,CLERMONT-FERRAND,BOULEVARD GUSTAVE FLAUBERT,93324,0,3,RD,2009,3,6,,,0,1,,,,1,7,0,0,1,0
1,8,2,1,3,63,FRANCE,AUVERGNE,113,63113,CLERMONT-FERRAND,BOULEVARD ETIENNE CLEMENTEL,93340,5,3,RD,2009,3,4,,,0,1,,,,1,7,0,0,1,0
1,3,6,1,2,63,FRANCE,AUVERGNE,229,63229,MOISSAT,RD 229,93345,5,3,RD,229,1,1,0,0,0,1,4577907,335840,,1,7,0,0,1,0
1,3,1,1,1,63,FRANCE,AUVERGNE,362,63362,SAINT-IGNAT,RD 84,93358,0,3,RD,84,2,2,3,400,0,1,0,0,,1,7,0,0,1,0
1,1,1,1,3,63,FRANCE,AUVERGNE,196,63196,LIMONS,RD 63,93364,0,3,RD,63,2,2,15,450,0,1,4596780,345030,,1,7,0,0,1,0
1,8,1,1,6,63,FRANCE,AUVERGNE,113,63113,CLERMONT-FERRAND,AVENUE LEON BLUM,93383,0,4,VC,0,0,2,,,0,1,4577110,309440,,1,7,0,0,1,0
1,8,1,1,6,63,FRANCE,AUVERGNE,113,63113,CLERMONT-FERRAND,RUE DESCARTES,93392,0,4,VC,0,2,4,,,0,1,,,,1,7,0,0,1,0
1,8,1,1,6,63,FRANCE,AUVERGNE,113,63113,CLERMONT-FERRAND,RUE DU CHATEAU DES VERGNES,93403,0,4,VC,0,1,2,,,0,1,,,,1,7,0,0,1,0
1,8,1,1,6,63,FRANCE,AUVERGNE,113,63113,CLERMONT-FERRAND,RUE MARMONTEL,93411,0,4,VC,0,1,2,,,0,1,,,,1,7,0,0,1,0
5,8,1,1,3,63,FRANCE,AUVERGNE,113,63113,CLERMONT-FERRAND,AVENUE LEON BLUM,93421,0,4,VC,0,2,2,,,0,1,,,,1,7,0,0,1,0
5,8,1,1,6,63,FRANCE,AUVERGNE,113,63113,CLERMONT-FERRAND,BOULEVARD SAINT JEAN,93424,0,3,RD,2009,1,4,,,0,1,,,,1,7,0,0,1,0
1,8,1,1,6,63,FRANCE,AUVERGNE,113,63113,CLERMONT-FERRAND,RUE DU CLOS FOUR,93473,0,4,VC,0,2,0,,,2,5,,,,1,7,0,0,1,0
1,8,1,1,6,63,FRANCE,AUVERGNE,113,63113,CLERMONT-FERRAND,BOULEVARD AMBROISE BRUGIERE,93480,0,3,RD,2009,2,5,,,0,1,,,,1,7,0,0,1,0
1,8,1,1,2,63,FRANCE,AUVERGNE,113,63113,CLERMONT-FERRAND,AVENUE FERNAND FOREST,93483,0,3,RD,69,3,5,,,0,1,,,,1,7,0,0,1,0
1,8,3,1,3,63,FRANCE,AUVERGNE,113,63113,CLERMONT-FERRAND,RUE SAINT ANTOINE,93503,0,4,VC,0,1,0,,,0,1,4579175,311400,,1,7,0,0,1,0
1,8,1,1,3,63,FRANCE,AUVERGNE,113,63113,CLERMONT-FERRAND,RUE DES CHANDIOTS,93510,0,4,VC,0,1,1,,,0,1,,,,1,10,0,0,1,0
1,8,1,1,6,63,FRANCE,AUVERGNE,113,63113,CLERMONT-FERRAND,AVENUE DE LA REPUBLIQUE,93521,0,4,VC,0,3,2,,,0,5,4578740,310548,,1,,,,,
1,8,1,1,6,63,FRANCE,AUVERGNE,113,63113,CLERMONT-FERRAND,RUE HENRI BARBUSSE,93535,0,4,VC,0,2,2,,,0,1,4578248,309146,,1,7,0,0,1,0
1,8,1,1,6,63,FRANCE,AUVERGNE,113,63113,CLERMONT-FERRAND,AVENUE DE LA REPUBLIQUE,93542,0,4,VC,0,0,0,,,0,0,,,,1,7,0,0,1,0
1,8,1,1,7,63,FRANCE,AUVERGNE,113,63113,CLERMONT-FERRAND,BOULEVARD ETIENNE CLEMENTEL,93562,0,3,RD,2009,3,4,,,0,1,,,,1,7,0,0,1,0
1,8,2,1,3,63,FRANCE,AUVERGNE,113,63113,CLERMONT-FERRAND,BOULEVARD JEAN MOULIN,93563,0,3,RD,2009,2,0,,,0,1,4577697,311775,,1,10,0,0,1,0
1,8,1,1,1,63,FRANCE,AUVERGNE,113,63113,CLERMONT-FERRAND,RUE DE BELLEVUE ,93574,0,3,RD,143,2,0,,,0,1,,,,1,7,0,0,1,0
1,8,1,1,6,63,FRANCE,AUVERGNE,113,63113,CLERMONT-FERRAND,AVENUE JULIEN,93587,0,4,VC,0,1,0,,,0,1,,,,1,7,0,0,1,0
1,8,1,1,6,63,FRANCE,AUVERGNE,113,63113,CLERMONT-FERRAND,AVENUE LEON BLUM,93645,0,4,VC,0,2,2,,,0,1,4577282,309285,,1,7,0,0,1,0
1,5,1,1,6,63,FRANCE,AUVERGNE,032,63032,BEAUMONT,AVENUE DU STADE,93670,0,4,VC,0,2,2,,,0,1,,,,1,7,0,0,1,0
1,8,1,1,6,63,FRANCE,AUVERGNE,113,63113,CLERMONT-FERRAND,AVENUE BREZET,93685,0,3,RD,766,2,0,,,0,1,,,,1,10,0,0,1,0
1,1,1,1,6,63,FRANCE,AUVERGNE,113,63113,CLERMONT-FERRAND,RUE GENERAL COCHET,93688,0,4,VC,0,2,1,,,0,1,4577985,311026,,1,,0,0,1,0
1,8,1,1,3,63,FRANCE,AUVERGNE,113,63113,CLERMONT-FERRAND,BOULEBARD VINCENT AURIOL,93701,0,3,RD,210,3,2,,,1,5,,,,1,7,0,0,1,0
1,8,1,2,6,63,FRANCE,AUVERGNE,113,63113,CLERMONT-FERRAND,RUE GAULTIER DE BIAUZAT,93702,0,4,VC,0,1,1,,,0,1,,,,1,7,0,0,1,0
1,5,1,1,6,63,FRANCE,AUVERGNE,032,63032,BEAUMONT,AVENUE DE L'EUROPE,93706,0,4,VC,0,2,3,,,0,1,,,,1,7,0,0,1,0
1,8,1,1,6,63,FRANCE,AUVERGNE,113,63113,CLERMONT-FERRAND,RUE KESSLER,93710,0,4,VC,0,0,1,,,0,0,,,,1,,0,0,1,0
1,8,1,1,6,63,FRANCE,AUVERGNE,113,63113,CLERMONT-FERRAND,RUE DES VERGNES,93713,0,4,VC,0,2,2,,,0,1,,,,1,7,0,0,1,0
1,5,1,1,6,63,FRANCE,AUVERGNE,075,63075,CHAMALIERES,AVENUE PASTEUR ,93717,0,3,RD,5,2,2,,,0,1,,,,1,7,0,0,1,0
1,7,6,1,3,64,FRANCE,AQUITAINE,445,64445,PAU,CORPS FRANC POMMIES DU,93788,0,2,RN,0,1,2,23,740,2,5,,,,1,7,0,0,1,0
1,7,6,1,3,64,FRANCE,AQUITAINE,445,64445,PAU,VICTOR SCHOELCHER,93791,0,2,RN,0,1,2,1,200,1,1,,,,1,7,0,0,1,0
1,7,1,1,1,64,FRANCE,AQUITAINE,445,64445,PAU,DE VINCENNES,93841,0,4,VC,0,2,2,,,0,1,,,,1,7,0,0,1,0
1,1,1,1,6,64,FRANCE,AQUITAINE,545,64545,URRUGNE,NATIONALE 10,93844,0,2,RN,0,2,2,28,200,0,1,,,,1,13,0,0,1,0
1,3,1,1,1,64,FRANCE,AQUITAINE,130,64130,BIRIATOU,CHEMIN DES ECOLES,93846,0,4,VC,0,2,2,,,0,1,,,,1,7,0,0,1,0
1,7,1,1,3,64,FRANCE,AQUITAINE,445,64445,PAU,DE L'UNIVERSITE,93877,5,4,VC,0,3,2,,,0,1,,,,1,7,0,0,1,0
1,5,1,1,3,64,FRANCE,AQUITAINE,260,64260,HENDAYE,CD 912,93882,0,3,RD,0,2,2,9,700,0,1,,,,1,7,0,0,1,0
5,7,1,1,2,64,FRANCE,AQUITAINE,445,64445,PAU,ETIGNY D',93910,0,2,RN,0,2,2,27,360,0,1,,,,1,7,0,0,1,0
1,7,3,1,3,64,FRANCE,AQUITAINE,445,64445,PAU,GENERAL DE GAULLE,93913,0,2,RN,0,2,5,24,850,2,5,,,,1,7,0,0,1,0
1,5,1,1,2,64,FRANCE,AQUITAINE,545,64545,URRUGNE,RN 10,93916,0,2,RN,0,2,2,23,750,0,1,,,,1,14,0,0,1,0
1,5,1,1,2,64,FRANCE,AQUITAINE,189,64189,CIBOURE,BOULEVARD BENOIT PIERRE,93921,0,3,RD,0,2,2,1,50,0,1,,,,1,10,0,0,1,0
1,6,1,1,3,64,FRANCE,AQUITAINE,122,64122,BIARRITZ,AVENUE DU PRESIDENT J.F KENNEDY,93934,0,4,VC,0,2,3,,,0,1,,,,1,7,0,0,1,0
1,5,3,1,3,64,FRANCE,AQUITAINE,260,64260,HENDAYE,RN 111,93946,0,2,RN,0,2,2,,,0,1,,,,1,7,0,0,1,0
1,7,2,1,3,64,FRANCE,AQUITAINE,445,64445,PAU,LILAS DES,93985,0,4,VC,0,2,2,,,0,1,,,,1,7,0,0,1,0
2,5,1,1,2,64,FRANCE,AQUITAINE,483,64483,SAINT-JEAN-DE-LUZ,RN 10,94004,0,2,RN,0,3,3,22,600,0,1,,,,1,2,0,0,1,0
1,5,1,1,6,64,FRANCE,AQUITAINE,483,64483,SAINT-JEAN-DE-LUZ,BOULEVARD VICTOR HUGO,94006,0,4,VC,0,2,2,,,0,1,,,,1,7,0,0,1,0
1,5,1,1,2,64,FRANCE,AQUITAINE,260,64260,HENDAYE,CD 912,94034,0,3,RD,0,2,2,7,800,0,1,,,,1,7,0,0,1,0
1,5,1,2,1,64,FRANCE,AQUITAINE,483,64483,SAINT-JEAN-DE-LUZ,AVENUE DE CHANTACO,94035,0,3,RD,0,2,3,,,0,1,,,,1,7,0,0,1,0
1,6,6,1,3,64,FRANCE,AQUITAINE,122,64122,BIARRITZ,ROND-POINT DE L'EUROPE,94059,5,4,VC,0,1,2,,,0,1,,,,1,7,0,0,1,0
5,7,1,1,6,64,FRANCE,AQUITAINE,445,64445,PAU,JEAN MERMOZ,94072,0,2,RN,0,2,2,34,0,0,1,,,,1,7,0,0,0,1
1,5,1,1,5,64,FRANCE,AQUITAINE,129,64129,BILLERE,JEAN MERMOZ,94075,0,2,RN,0,2,0,34,347,0,1,,,,1,7,0,0,1,0
1,7,1,1,3,64,FRANCE,AQUITAINE,445,64445,PAU,CONDORCET,94076,0,4,VC,0,1,2,,,0,1,,,,1,7,0,0,1,0
2,7,9,2,3,64,FRANCE,AQUITAINE,445,64445,PAU,JEAN MERMOZ,94077,0,4,VC,0,0,1,,,0,1,,,,1,7,0,0,1,0
1,5,1,1,3,64,FRANCE,AQUITAINE,129,64129,BILLERE,CLAVERIE,94078,0,4,VC,0,2,2,,,0,1,,,,1,13,0,0,1,0
1,7,6,1,3,64,FRANCE,AQUITAINE,445,64445,PAU,SOUVENIR FRANCAIS DU,94081,5,4,VC,0,1,2,,,0,1,,,,1,7,0,0,1,0
1,7,2,1,1,64,FRANCE,AQUITAINE,445,64445,PAU,GASTON PHOEBUS,94100,5,4,VC,0,2,4,,,0,1,,,,1,7,0,0,1,0
1,5,1,1,3,64,FRANCE,AQUITAINE,129,64129,BILLERE,CHATEAU D'ESTE DU,94106,0,4,VC,0,2,2,,,0,1,,,,1,7,0,0,1,0
1,7,1,1,6,64,FRANCE,AQUITAINE,445,64445,PAU,JEAN MERMOZ,94110,0,2,RN,0,2,2,34,700,0,1,,,,1,7,0,0,1,0
5,7,6,3,3,64,FRANCE,AQUITAINE,445,64445,PAU,COMMUNE DE LA,94117,0,4,VC,0,1,3,,,0,1,,,,1,7,0,0,1,0
1,5,2,1,1,64,FRANCE,AQUITAINE,335,64335,LESCAR,BENEHARNUM DE,94118,0,4,VC,0,2,2,,,0,1,,,,1,7,0,0,1,0
1,5,3,1,3,64,FRANCE,AQUITAINE,545,64545,URRUGNE,NATIONALE 10,94125,0,2,RN,0,1,1,33,0,0,1,,,,1,7,0,0,1,0