lum,agg,int,atm,col,dep_bis,pays,region,com_bis,com_codeINSEE,communes,N_voie,numac,infra,catr,type_route,voie,circ,nbv,pr,pr1,vosp,situ,lat,long,adr,accident_velo,vehicule_imp,cycl_mort,cycl_bgv,cycl_blg,cycl_indm
1,5,1,1,3,64,FRANCE,AQUITAINE,189,64189,CIBOURE,RN 10,94128,0,2,RN,0,2,2,23,130,0,1,,,,1,7,0,0,1,0
1,6,6,1,3,64,FRANCE,AQUITAINE,024,64024,ANGLET,AVENUE GUYNEMER,94135,5,4,VC,0,1,1,,,2,1,,,,1,7,0,0,1,0
1,6,3,1,3,64,FRANCE,AQUITAINE,102,64102,BAYONNE,PLACE PAUL BERT,94136,0,4,VC,0,2,2,,,0,1,,,,1,7,0,0,1,0
1,6,1,1,3,64,FRANCE,AQUITAINE,024,64024,ANGLET,AVENUE DE L'ADOUR,94137,0,3,RD,0,2,2,0,30,0,1,,,,1,10,0,0,1,0
1,7,1,1,3,64,FRANCE,AQUITAINE,445,64445,PAU,EMILE GARET,94151,0,4,VC,0,2,3,,,0,1,,,,1,2,,,,
1,5,6,1,3,64,FRANCE,AQUITAINE,129,64129,BILLERE,RESISTANCE,94158,0,4,VC,0,2,2,,,0,1,,,,1,7,0,0,1,0
1,7,1,1,3,64,FRANCE,AQUITAINE,445,64445,PAU,AMBROISE BORDELONGUE,94159,0,4,VC,0,3,3,,,0,1,,,,1,10,0,0,1,0
1,5,3,1,3,64,FRANCE,AQUITAINE,348,64348,LONS,ERCKMAN CHATRIAN,94160,0,4,VC,0,2,2,,,0,1,,,,1,7,0,0,1,0
1,7,6,1,3,64,FRANCE,AQUITAINE,445,64445,PAU,COMMUNE DE LA,94166,0,2,RN,0,1,3,3,0,0,1,,,,1,7,0,0,1,0
1,1,1,1,1,64,FRANCE,AQUITAINE,237,64237,GELOS,CAPDEROU DE,94167,0,4,VC,0,2,2,,,0,1,,,,1,7,0,0,1,0
1,7,2,1,3,64,FRANCE,AQUITAINE,445,64445,PAU,ALSACE LORRAINE D',94169,0,4,VC,0,2,2,,,0,1,,,,1,7,0,0,1,0
1,5,1,1,3,64,FRANCE,AQUITAINE,335,64335,LESCAR,PASTEUR,94170,0,4,VC,0,2,2,,,0,1,,,,1,7,0,0,1,0
5,7,3,1,3,64,FRANCE,AQUITAINE,445,64445,PAU,LAURIERS DES,94171,0,4,VC,0,2,2,,,0,1,,,,1,33,0,0,1,0
5,7,1,1,2,64,FRANCE,AQUITAINE,445,64445,PAU,DUFAU,94191,0,4,VC,0,1,3,,,0,1,,,,1,7,0,0,1,0
1,5,3,1,3,64,FRANCE,AQUITAINE,348,64348,LONS,JEAN MERMOZ,94202,0,2,RN,0,2,3,33,777,2,1,,,,1,31,0,0,1,0
1,7,3,1,3,64,FRANCE,AQUITAINE,445,64445,PAU,CARNOT,94234,5,4,VC,0,2,2,,,0,1,,,,1,7,0,0,1,0
1,7,3,1,3,64,FRANCE,AQUITAINE,445,64445,PAU,TRESPOEY,94239,0,4,VC,0,2,2,,,0,1,,,,1,7,0,0,1,0
5,5,1,1,6,64,FRANCE,AQUITAINE,129,64129,BILLERE,BEZIOU,94243,0,4,VC,0,2,2,,,0,1,,,,1,7,0,0,1,0
1,7,2,2,3,64,FRANCE,AQUITAINE,445,64445,PAU,EUGENE CARRIERE,94244,5,4,VC,0,2,2,,,0,1,,,,1,7,0,0,1,0
5,5,3,1,3,64,FRANCE,AQUITAINE,260,64260,HENDAYE,BOULEVARD DU GENERAL LECLERC,94258,0,3,RD,0,2,2,,,0,1,,,,1,7,0,0,1,0
5,1,3,1,3,64,FRANCE,AQUITAINE,545,64545,URRUGNE,NATIONALE 10,94261,5,2,RN,0,2,2,33,0,0,1,,,,1,10,0,0,1,0
5,7,3,2,3,64,FRANCE,AQUITAINE,445,64445,PAU,BORDEU DE,94274,0,4,VC,0,2,2,,,0,1,,,,1,7,0,0,1,0
5,6,1,2,7,64,FRANCE,AQUITAINE,024,64024,ANGLET,AVENUE DE L'ADOUR,94290,0,4,VC,0,1,0,,,1,5,,,,1,,0,0,1,0
1,1,1,1,3,64,FRANCE,AQUITAINE,335,64335,LESCAR,SALIE,94297,5,4,VC,0,1,2,,,0,1,,,,1,7,0,0,1,0
1,7,1,2,7,64,FRANCE,AQUITAINE,445,64445,PAU,LEON BERARD,94306,0,2,RN,0,2,1,4,155,0,1,,,,1,,0,0,1,0
5,7,1,2,6,64,FRANCE,AQUITAINE,445,64445,PAU,DUFAU,94307,0,4,VC,0,1,3,,,0,1,,,,1,7,0,0,1,0
1,5,3,1,3,64,FRANCE,AQUITAINE,260,64260,HENDAYE,CD 912,94314,0,3,RD,0,3,2,11,600,0,1,,,,1,7,0,0,1,0
1,7,6,1,3,64,FRANCE,AQUITAINE,445,64445,PAU,YITZHAK RABIN,94333,0,2,RN,0,1,2,1,161,2,1,,,,1,7,0,0,1,0
1,1,1,1,2,64,FRANCE,AQUITAINE,483,64483,SAINT-JEAN-DE-LUZ,RN 10,94350,0,2,RN,0,2,2,19,500,0,1,,,,1,7,0,0,1,0
1,7,1,1,3,64,FRANCE,AQUITAINE,445,64445,PAU,JEAN MERMOZ,94358,0,2,RN,0,2,2,34,657,0,1,,,,1,7,0,0,1,0
1,7,2,1,3,64,FRANCE,AQUITAINE,445,64445,PAU,LIVRON DE,94361,0,4,VC,0,2,2,,,0,1,,,,1,7,0,0,1,0
5,6,1,1,7,64,FRANCE,AQUITAINE,024,64024,ANGLET,AVENUE DE MONTBRUN,94392,0,4,VC,0,2,2,,,0,1,,,,1,,0,0,1,0
1,7,1,1,3,64,FRANCE,AQUITAINE,445,64445,PAU,CONDORCET,94396,0,2,RN,0,3,4,0,500,0,1,,,,1,7,0,0,1,0
1,5,3,1,1,64,FRANCE,AQUITAINE,260,64260,HENDAYE,CD 912,94416,0,3,RD,0,2,2,8,840,0,1,,,,1,7,0,0,1,0
1,1,1,1,3,64,FRANCE,AQUITAINE,483,64483,SAINT-JEAN-DE-LUZ,AVENUE DE CHANTACO,94420,0,3,RD,0,2,2,,,0,1,,,,1,7,0,0,1,0
1,6,4,1,3,64,FRANCE,AQUITAINE,102,64102,BAYONNE,AVENUE BENJAMIN GOMEZ,94428,5,4,VC,0,2,2,,,0,1,,,,1,15,0,0,1,0
5,5,6,1,1,64,FRANCE,AQUITAINE,335,64335,LESCAR,EUROPE DE L',94430,0,2,RN,0,1,2,31,552,0,1,,,,1,7,0,0,1,0
1,5,1,1,3,64,FRANCE,AQUITAINE,260,64260,HENDAYE,CD 912,94447,0,3,RD,0,2,2,9,800,0,1,,,,1,7,0,0,1,0
1,1,1,1,3,64,FRANCE,AQUITAINE,260,64260,HENDAYE,CD 912,94448,0,3,RD,0,2,2,7,400,0,1,,,,1,7,0,0,1,0
1,1,1,1,3,64,FRANCE,AQUITAINE,545,64545,URRUGNE,NATIONALE 10,94463,0,2,RN,0,3,2,26,900,0,1,,,,1,7,0,0,1,0
1,7,3,1,1,64,FRANCE,AQUITAINE,445,64445,PAU,DUFAU,94476,0,3,RD,0,1,2,,,0,1,,,,1,7,0,0,1,0
1,5,1,1,6,64,FRANCE,AQUITAINE,545,64545,URRUGNE,RN 10,94484,0,2,RN,0,0,2,24,900,0,1,,,,1,7,0,0,1,0
1,5,1,1,6,64,FRANCE,AQUITAINE,483,64483,SAINT-JEAN-DE-LUZ,PLACE LOUIS XIV,94485,0,4,VC,0,1,1,,,0,1,,,,1,,0,0,0,1
1,5,6,1,3,64,FRANCE,AQUITAINE,260,64260,HENDAYE,RUE CHARLES DE GAULLE,94490,0,3,RD,0,2,2,12,0,0,1,,,,1,20,0,0,1,0
1,6,1,1,3,64,FRANCE,AQUITAINE,102,64102,BAYONNE,QUAI AMIRAL LESPES,94493,0,4,VC,0,1,3,,,3,1,,,,1,7,0,0,1,0
1,7,1,1,3,64,FRANCE,AQUITAINE,445,64445,PAU,EMILE GARET,94506,0,4,VC,0,2,2,,,0,1,,,,1,7,0,0,1,0
1,7,1,1,6,64,FRANCE,AQUITAINE,445,64445,PAU,ALLEE DE MORLAAS,94507,0,4,VC,0,1,1,,,0,1,,,,1,7,0,0,1,0
1,7,1,1,6,64,FRANCE,AQUITAINE,445,64445,PAU,RENE CASSAGNE,94509,0,4,VC,0,2,2,,,0,1,,,,1,7,0,0,1,0
1,7,3,1,3,64,FRANCE,AQUITAINE,445,64445,PAU,ATTIGNY D',94516,5,4,VC,0,2,2,,,0,1,,,,1,7,0,0,1,0
1,7,1,1,3,64,FRANCE,AQUITAINE,445,64445,PAU,DOYEN ROBERT POPLAWSKI DU,94539,0,4,VC,0,2,2,,,0,1,,,,1,7,0,0,1,0
1,7,2,1,3,64,FRANCE,AQUITAINE,445,64445,PAU,ORLEANS D',94543,0,4,VC,0,2,2,,,0,1,,,,1,7,0,0,1,0
1,7,2,1,3,64,FRANCE,AQUITAINE,445,64445,PAU,LOUP DU,94548,0,4,VC,0,2,2,,,0,1,,,,1,7,0,0,1,0
1,7,6,1,3,64,FRANCE,AQUITAINE,445,64445,PAU,LEON BERARD,94552,5,4,VC,0,1,2,,,0,1,,,,1,7,0,0,1,0
1,1,1,1,3,64,FRANCE,AQUITAINE,189,64189,CIBOURE,BRETELLE DE SOCOA RD 913,94559,0,3,RD,0,2,2,1,300,0,1,,,,1,7,0,0,1,0
1,7,1,1,3,64,FRANCE,AQUITAINE,445,64445,PAU,ALFRED DE VIGNY,94568,0,4,VC,0,2,2,,,0,2,,,,1,7,0,0,1,0
5,7,1,1,3,64,FRANCE,AQUITAINE,445,64445,PAU,LEON SAY,94601,5,4,VC,0,2,2,,,0,1,,,,1,7,0,0,1,0
1,7,1,1,3,64,FRANCE,AQUITAINE,445,64445,PAU,DIDIER DAURAT,94606,0,4,VC,0,2,4,,,0,1,,,,1,7,0,0,1,0
1,5,3,1,3,64,FRANCE,AQUITAINE,260,64260,HENDAYE,AVENUE DE LA BAIE DE CHINGUDY,94614,0,4,VC,0,2,2,,,0,1,,,,1,7,0,0,1,0
1,5,3,1,3,64,FRANCE,AQUITAINE,260,64260,HENDAYE,RUE DE SUBERNOA,94618,0,4,VC,0,2,2,,,0,1,,,,1,7,0,0,1,0
1,1,1,1,3,64,FRANCE,AQUITAINE,545,64545,URRUGNE,CD 658,94621,0,3,RD,0,2,2,0,600,0,1,,,,1,7,0,0,1,0
1,4,3,1,6,64,FRANCE,AQUITAINE,125,64125,BIDART,AVENUE D'ESPAGNE,94630,5,2,RN,0,2,1,,,0,1,,,,1,7,0,0,1,0
5,7,3,1,3,64,FRANCE,AQUITAINE,445,64445,PAU,HENRI FAISANS,94635,0,4,VC,0,2,2,,,0,1,,,,1,7,0,0,1,0
5,5,1,2,2,64,FRANCE,AQUITAINE,129,64129,BILLERE,LONS DE,94637,0,4,VC,0,2,2,,,0,1,,,,1,7,0,0,1,0
1,7,6,1,3,64,FRANCE,AQUITAINE,445,64445,PAU,ARREMOULIT,94643,0,4,VC,0,1,1,,,0,1,,,,1,7,0,0,1,0
1,6,6,1,3,64,FRANCE,AQUITAINE,102,64102,BAYONNE,AVENUE MARCEL DASSAULT,94657,0,4,VC,0,2,2,,,2,1,,,,1,7,0,0,1,0
1,7,4,8,2,64,FRANCE,AQUITAINE,445,64445,PAU,JACQUES TERRIER,94680,0,4,VC,0,2,2,,,0,1,,,,1,7,0,0,1,0
1,7,9,1,6,64,FRANCE,AQUITAINE,445,64445,PAU,FRANCOIS MITTERAND,94681,0,4,VC,0,1,2,,,0,1,,,,1,7,0,0,1,0
1,6,3,1,3,64,FRANCE,AQUITAINE,102,64102,BAYONNE,CHEMIN DE L'ABBE LARTIGAU,94700,0,4,VC,0,2,2,,,0,1,,,,1,7,0,0,1,0
1,7,6,2,3,64,FRANCE,AQUITAINE,445,64445,PAU,ERIC TABARLY,94726,0,4,VC,0,1,2,,,0,1,,,,1,7,0,0,1,0
1,6,1,8,3,64,FRANCE,AQUITAINE,122,64122,BIARRITZ,AVENUE DE MIGRON,94746,0,4,VC,0,2,2,,,0,1,,,,1,7,0,0,1,0
1,7,9,1,3,64,FRANCE,AQUITAINE,445,64445,PAU,TOURASSE,94753,0,4,VC,0,1,2,,,0,1,,,,1,7,0,0,1,0
1,7,1,1,3,64,FRANCE,AQUITAINE,445,64445,PAU,EDOUARD HERRIOT,94755,0,4,VC,0,2,2,,,0,1,,,,1,7,0,0,1,0
1,7,1,1,6,64,FRANCE,AQUITAINE,445,64445,PAU,BEZET DU,94763,0,4,VC,0,2,2,,,0,1,,,,1,7,0,0,1,0
1,5,6,1,3,64,FRANCE,AQUITAINE,129,64129,BILLERE,ROND-POINT DU,94766,0,4,VC,0,1,2,,,0,1,,,,1,7,0,0,1,0
1,5,1,1,2,64,FRANCE,AQUITAINE,545,64545,URRUGNE,RUE DE L'UNTXIN,94775,0,4,VC,0,2,2,,,0,1,,,,1,7,0,0,1,0
1,5,3,1,3,64,FRANCE,AQUITAINE,140,64140,BOUCAU,RUE PAUL BARSALERE,94781,0,4,VC,0,2,2,,,0,1,,,,1,2,0,0,1,0
5,6,1,1,3,64,FRANCE,AQUITAINE,102,64102,BAYONNE,AVENUE MARECHAL SOULT,94782,0,4,VC,0,3,4,,,0,1,,,,1,7,0,0,1,1
1,6,1,1,7,64,FRANCE,AQUITAINE,102,64102,BAYONNE,CHEMIN DE LASSEGUETTE,94784,0,5,Hors_reseau,0,0,1,,,0,0,,,,1,10,0,0,1,0
1,7,1,2,3,64,FRANCE,AQUITAINE,445,64445,PAU,RONSARD,94798,0,4,VC,0,1,1,,,0,1,,,,1,7,0,0,1,0
1,7,6,1,3,64,FRANCE,AQUITAINE,445,64445,PAU,LEON BERARD,94840,0,4,VC,0,1,2,,,0,1,,,,1,10,0,0,1,0
1,7,1,1,2,64,FRANCE,AQUITAINE,445,64445,PAU,SARAGOSSE DE,94878,0,4,VC,0,2,2,,,0,1,,,,1,7,0,0,1,0
1,7,3,1,3,64,FRANCE,AQUITAINE,445,64445,PAU,EUROPE DE L',94882,0,2,RN,0,2,2,,,0,1,,,,1,7,0,0,1,0
1,7,2,2,3,64,FRANCE,AQUITAINE,445,64445,PAU,LEON BERARD,94905,0,4,VC,0,2,2,,,0,1,,,,1,7,0,0,1,0
1,7,1,1,1,64,FRANCE,AQUITAINE,445,64445,PAU,BATSALLE DE,94906,0,4,VC,0,1,3,,,0,4,,,,1,,0,0,0,1
1,7,1,1,6,64,FRANCE,AQUITAINE,445,64445,PAU,LOUIS SALLENAVE,94914,0,4,VC,0,3,1,,,0,1,,,,1,,0,0,1,0
1,5,6,1,2,64,FRANCE,AQUITAINE,269,64269,IDRON,TARBES DE,94917,0,2,RN,0,2,2,,,0,1,,,,1,7,0,0,1,0
1,5,1,1,3,64,FRANCE,AQUITAINE,545,64545,URRUGNE,RD 810,94923,0,3,RD,0,2,2,28,900,0,1,,,,1,7,0,0,1,0
1,7,4,1,3,64,FRANCE,AQUITAINE,445,64445,PAU,CASTETNAU,94932,5,4,VC,0,2,2,,,0,1,,,,1,7,0,0,1,0
1,7,2,1,3,64,FRANCE,AQUITAINE,445,64445,PAU,LOUP DU,94935,0,4,VC,0,2,2,,,0,1,,,,1,7,0,0,1,0
1,7,1,1,3,64,FRANCE,AQUITAINE,445,64445,PAU,JEAN MERMOZ,94945,0,4,VC,0,2,2,,,0,1,,,,1,2,0,0,1,0
1,4,3,7,3,64,FRANCE,AQUITAINE,132,64132,BIZANOS,OUSSE DE L',94946,0,4,VC,0,2,2,,,0,1,,,,1,7,0,0,1,0
1,7,1,1,1,64,FRANCE,AQUITAINE,445,64445,PAU,JEAN MERMOZ,94950,5,4,VC,0,2,2,,,0,1,,,,1,7,0,0,1,0
1,6,1,1,3,64,FRANCE,AQUITAINE,122,64122,BIARRITZ,AVENUE DE LA REINE VICTORIA,94982,0,9,Autre,0,0,0,,,0,4,,,,1,7,0,0,1,0
1,7,1,1,3,64,FRANCE,AQUITAINE,445,64445,PAU,JEAN BIRAY,95004,0,4,VC,0,2,2,,,0,1,,,,1,7,0,0,1,0
5,7,9,1,3,64,FRANCE,AQUITAINE,445,64445,PAU,DE L'UNIVERSITE,95005,6,9,Autre,0,3,2,,,0,1,,,,1,7,0,0,1,0
1,7,2,1,3,64,FRANCE,AQUITAINE,445,64445,PAU,RAYMOND DE CARBONNIERES,95044,0,4,VC,0,2,3,,,0,1,,,,1,7,0,0,1,0
1,7,1,1,3,64,FRANCE,AQUITAINE,445,64445,PAU,ROND-POINT de la Commune de Paris,95050,0,4,VC,0,1,1,,,0,1,,,,1,37,0,0,0,1
1,7,1,1,3,64,FRANCE,AQUITAINE,445,64445,PAU,HAUTERIVE,95052,5,2,RN,0,3,2,1,601,0,1,,,,1,7,0,0,1,0
1,5,6,1,3,64,FRANCE,AQUITAINE,348,64348,LONS,EUROPE DE L',95054,0,4,VC,0,1,2,,,0,1,,,,1,7,0,0,1,0
1,5,1,1,3,64,FRANCE,AQUITAINE,483,64483,SAINT-JEAN-DE-LUZ,AVENUE DE VERDUN,95061,0,4,VC,0,1,2,,,0,1,,,,1,7,0,0,1,0
5,7,6,3,3,64,FRANCE,AQUITAINE,445,64445,PAU,TOURASSE,95074,5,4,VC,0,2,2,,,0,1,,,,1,7,0,0,1,0
1,7,2,8,3,64,FRANCE,AQUITAINE,445,64445,PAU,AVENUE DU GENERAL DE GAULLE,95103,5,4,VC,0,2,2,0,0,0,1,4330160,-35767,,1,7,0,0,1,0
1,7,2,1,3,64,FRANCE,AQUITAINE,445,64445,PAU,DIDIER DAURAT/ CAMIE SALIE,95105,0,4,VC,0,2,1,0,0,0,1,4333550,-37983,,1,7,0,0,1,0
1,5,6,1,3,64,FRANCE,AQUITAINE,129,64129,BILLERE,CHARLES DE GAULLE,95163,0,3,RD,834,1,2,34,617,0,1,4330500,-40154,,1,7,0,0,1,0
1,7,1,1,3,64,FRANCE,AQUITAINE,445,64445,PAU,ROND-POINT PEYROULET,95164,0,4,VC,0,2,2,0,0,0,1,4330390,-35612,,1,7,0,0,1,0
1,7,1,2,6,64,FRANCE,AQUITAINE,445,64445,PAU,ROND-POINT SCHOELCHER,95165,0,4,VC,0,2,1,0,0,0,1,4332130,-35909,,1,7,0,0,1,0
1,7,1,1,2,64,FRANCE,AQUITAINE,445,64445,PAU,EUROPE DE L',95180,0,3,RD,817,2,2,26,117,0,1,4332700,-33347,,1,10,0,0,1,0
1,4,6,1,6,64,FRANCE,AQUITAINE,237,64237,GELOS,LOUIS BARTHOU,95186,0,3,RD,235,1,1,0,0,0,1,4328370,-36990,,1,7,0,0,1,0
1,7,6,1,3,64,FRANCE,AQUITAINE,445,64445,PAU,DROITS DE L' HOMME DES,95187,0,4,VC,0,1,2,0,0,0,1,4331290,-36852,,1,7,0,0,1,0
1,5,3,1,3,64,FRANCE,AQUITAINE,129,64129,BILLERE,BEZIOU,95190,0,4,VC,0,2,2,0,0,0,1,4330750,-38020,,1,7,0,0,1,0
1,7,1,1,6,64,FRANCE,AQUITAINE,445,64445,PAU,HENRI FAISANS,95197,0,4,VC,0,2,1,0,0,0,1,4329910,-36305,,1,,0,0,0,1
1,7,6,1,6,64,FRANCE,AQUITAINE,445,64445,PAU,LEON BERARD,95221,0,4,VC,0,2,2,0,0,0,1,4331290,-36840,,1,7,0,0,1,0
1,5,1,1,3,64,FRANCE,AQUITAINE,483,64483,SAINT-JEAN-DE-LUZ,AVENUE LARRAMENDY PIERRE,95236,0,4,VC,0,2,2,0,0,0,1,4338350,-165457,,1,7,0,0,1,0
1,7,1,1,3,64,FRANCE,AQUITAINE,445,64445,PAU,ALSACE LORRAINE D',95255,0,4,VC,0,2,2,0,0,0,1,4330350,-36461,,1,7,0,0,1,0
1,7,1,1,6,64,FRANCE,AQUITAINE,445,64445,PAU,SERVIEZ,95262,0,4,VC,0,1,1,0,0,0,1,4329820,-37000,,1,10,0,0,1,0
1,3,6,1,1,64,FRANCE,AQUITAINE,527,64527,SOURAIDE,RD 918,95265,5,3,RD,918,2,2,21,0,0,1,4334100,-147420,,1,7,0,0,1,0
1,5,1,1,3,64,FRANCE,AQUITAINE,260,64260,HENDAYE,BOULEVARD DE LA MER,95276,0,4,VC,0,2,2,0,0,0,1,,,,1,7,0,0,1,0
1,7,1,1,6,64,FRANCE,AQUITAINE,445,64445,PAU,BACHAGA BOUALAN,95282,0,4,VC,0,1,1,0,0,0,1,4331650,-37491,,1,7,0,0,1,0
1,7,1,1,6,64,FRANCE,AQUITAINE,445,64445,PAU,ETIGNY D',95292,0,4,VC,0,2,2,0,0,0,1,4329620,-37805,,1,7,0,0,1,0
1,5,1,1,3,64,FRANCE,AQUITAINE,335,64335,LESCAR,AVIATION DE L',95297,0,3,RD,289,1,2,6,806,0,1,4334430,-43085,,1,7,0,0,1,0
1,5,1,1,2,64,FRANCE,AQUITAINE,483,64483,SAINT-JEAN-DE-LUZ,BOULEVARD VICTOR HUGO,95330,0,4,VC,0,2,2,0,0,0,1,4338800,-166007,,1,7,0,0,1,0
5,5,1,1,2,64,FRANCE,AQUITAINE,348,64348,LONS,CHARLES DE GAULLE,95331,0,4,VC,0,1,2,0,0,1,5,4330660,-40445,,1,30,0,0,0,1
1,7,3,1,3,64,FRANCE,AQUITAINE,445,64445,PAU,TRESPOEY DE,95350,0,4,VC,0,2,2,0,0,0,1,4329990,-35198,,1,7,0,0,1,0
1,6,1,1,7,64,FRANCE,AQUITAINE,024,64024,ANGLET,RUE HENRI RENERIC,95355,0,4,VC,0,2,2,0,0,0,1,4350510,-150334,,1,7,0,0,1,0
1,7,6,1,3,64,FRANCE,AQUITAINE,445,64445,PAU,ROND-POINT Combattants d'Afrique du Nord,95360,0,4,VC,0,1,2,0,0,0,1,4333820,-37980,,1,7,0,0,1,0
1,7,1,1,3,64,FRANCE,AQUITAINE,445,64445,PAU,GRAMONT,95364,0,4,VC,0,2,2,0,0,0,1,4329630,-37517,,1,7,0,0,1,0
1,7,6,2,3,64,FRANCE,AQUITAINE,445,64445,PAU,JEAN MERMOZ,95386,0,4,VC,0,2,2,0,0,0,1,4330580,-37619,,1,7,0,0,1,0
1,5,1,1,3,64,FRANCE,AQUITAINE,335,64335,LESCAR,BAYONNE DE,95409,0,4,VC,0,2,2,0,0,0,1,4331490,-41962,,1,7,0,0,1,0
1,7,1,1,6,64,FRANCE,AQUITAINE,445,64445,PAU,HENRY RUSSEL,95413,0,4,VC,0,2,2,0,0,0,1,4329960,-35197,,1,7,0,0,1,0
1,4,1,1,2,64,FRANCE,AQUITAINE,132,64132,BIZANOS,RUE GEORGES CLEMENCEAU,95414,0,3,RD,937,2,2,1,932,0,1,4328730,-35133,,1,7,0,0,1,0
1,7,6,1,2,64,FRANCE,AQUITAINE,445,64445,PAU,CATHERINE DE BOURBON,95427,0,3,RD,817,1,2,28,50,0,1,4333030,-35599,,1,7,0,0,1,0
1,5,3,1,3,64,FRANCE,AQUITAINE,335,64335,LESCAR,CHEMIN SALIE,95439,0,3,RD,817,2,2,32,50,0,1,4333910,-39520,,1,7,0,0,1,0
1,5,1,1,1,64,FRANCE,AQUITAINE,260,64260,HENDAYE,RUE NOUVELLE,95444,0,4,VC,0,2,2,0,0,0,1,4335480,-177435,,1,7,0,0,1,0
2,7,2,1,3,64,FRANCE,AQUITAINE,445,64445,PAU,GASTON LACOSTE,95465,0,4,VC,0,2,2,0,0,0,1,4329330,-36121,,1,7,0,0,1,0
1,5,1,1,2,64,FRANCE,AQUITAINE,335,64335,LESCAR,HOURQUIE DE LA,95479,0,3,RD,501,1,2,0,25,2,1,4333590,-43470,,1,,0,0,0,1
1,7,1,1,6,64,FRANCE,AQUITAINE,445,64445,PAU,MONTPENSIER,95483,0,4,VC,0,2,2,0,0,0,1,4329990,-37180,,1,30,0,0,1,0
1,7,3,1,3,64,FRANCE,AQUITAINE,445,64445,PAU,DOYEN ROBERT POPLAWSKI DU,95495,0,4,VC,0,2,3,0,0,0,1,4331690,-36825,,1,7,0,0,1,0
1,5,6,1,3,64,FRANCE,AQUITAINE,348,64348,LONS,ERCKMAN CHATRIAN,95525,0,4,VC,0,1,1,0,0,0,1,4332600,-38694,,1,7,0,0,1,0
1,7,6,1,3,64,FRANCE,AQUITAINE,445,64445,PAU,LOUIS BLERIOT,95535,0,4,VC,0,2,1,0,0,0,1,4330810,-33846,,1,7,0,0,1,0
1,7,6,2,3,64,FRANCE,AQUITAINE,445,64445,PAU,ALLEE DE MORLAAS,95542,0,4,VC,0,1,1,0,0,0,1,4330800,-33930,,1,7,0,0,1,0
1,7,3,1,3,64,FRANCE,AQUITAINE,445,64445,PAU,JEAN REVEIL,95545,0,4,VC,0,2,2,0,0,0,1,4330040,-36521,,1,7,0,0,1,0
1,7,1,1,3,64,FRANCE,AQUITAINE,445,64445,PAU,BUROS DE,95547,0,3,RD,222,2,0,4,56,0,1,4332780,-34090,,1,7,0,0,1,0
1,5,9,1,6,64,FRANCE,AQUITAINE,348,64348,LONS,TONKIN DU,95561,0,4,VC,0,1,2,0,0,0,1,4331720,-39514,,1,7,0,0,1,0
1,1,1,1,3,64,FRANCE,AQUITAINE,545,64545,URRUGNE,RD 810,95571,0,3,RD,810,1,2,30,100,0,1,4336380,-169110,,1,7,0,0,1,0
1,5,1,1,6,64,FRANCE,AQUITAINE,483,64483,SAINT-JEAN-DE-LUZ,AVENUE DE HABAS MATHIEU OU PERE,95574,0,4,VC,0,2,2,0,0,0,1,4338840,-165331,,1,7,0,0,1,0
1,7,1,1,3,64,FRANCE,AQUITAINE,445,64445,PAU,PIERRE BOURDIEU,95585,0,4,VC,0,2,2,,,0,1,,,,1,7,0,0,1,0
1,5,1,1,3,64,FRANCE,AQUITAINE,483,64483,SAINT-JEAN-DE-LUZ,RUE VEYRIN PHILIPPE,95588,0,4,VC,0,1,2,,,0,1,,,,1,7,0,0,1,0
5,7,6,2,3,64,FRANCE,AQUITAINE,445,64445,PAU,AVENUE DE L'UNIVERSITE,95596,0,4,VC,0,1,2,0,0,1,1,4331140,-36338,,1,7,0,0,1,0
2,7,2,1,3,64,FRANCE,AQUITAINE,445,64445,PAU,RHIN ET DANUBE,95600,0,4,VC,0,2,2,0,0,0,1,4330570,-37035,,1,7,0,0,1,0
1,4,1,1,6,64,FRANCE,AQUITAINE,504,64504,SARE,RD 4,95615,0,3,RD,4,2,0,16,525,0,1,4331050,-157240,,1,,0,0,1,0
1,7,1,1,3,64,FRANCE,AQUITAINE,445,64445,PAU,BOSQUET,95618,0,4,VC,0,2,2,0,0,0,1,4329810,-36486,,1,7,0,0,1,0
5,7,1,3,3,64,FRANCE,AQUITAINE,445,64445,PAU,14 JUILLET DU,95629,0,4,VC,0,2,2,0,0,0,1,4329250,-37814,,1,7,0,0,1,0
1,7,1,1,6,64,FRANCE,AQUITAINE,445,64445,PAU,PYRENEES DES,95634,0,4,VC,0,2,2,0,0,0,1,4329420,-36291,,1,7,0,0,1,0
1,5,1,1,3,64,FRANCE,AQUITAINE,483,64483,SAINT-JEAN-DE-LUZ,RD 810,95635,0,3,RD,810,2,0,25,401,0,1,4339290,-165235,,1,7,0,0,1,0
1,7,1,1,2,64,FRANCE,AQUITAINE,445,64445,PAU,COMMANDANT RENE MOUCHOTTE DU,95666,0,4,VC,0,2,2,0,0,0,1,,,,1,7,0,0,1,0
1,5,6,1,6,64,FRANCE,AQUITAINE,348,64348,LONS,SANTONA DE,95667,0,4,VC,0,2,2,0,0,0,1,4332070,-39175,,1,7,0,0,1,0
1,5,1,1,3,64,FRANCE,AQUITAINE,348,64348,LONS,CHARLES DE GAULLE,95681,0,4,VC,0,2,2,0,0,0,1,4331310,-41634,,1,7,0,0,1,0