lum,agg,int,atm,col,dep_bis,pays,region,com_bis,com_codeINSEE,communes,N_voie,numac,infra,catr,type_route,voie,circ,nbv,pr,pr1,vosp,situ,lat,long,adr,accident_velo,vehicule_imp,cycl_mort,cycl_bgv,cycl_blg,cycl_indm
1,7,1,1,3,64,FRANCE,AQUITAINE,445,64445,PAU,LEON BERARD,95689,0,3,RD,1417,2,2,3,686,0,1,4331650,-37484,,1,7,0,0,1,0
1,7,1,1,6,64,FRANCE,AQUITAINE,445,64445,PAU,JEAN MERMOZ,95703,0,4,VC,0,2,2,0,0,0,1,4331110,-37717,,1,,0,0,0,1
1,5,1,1,6,64,FRANCE,AQUITAINE,189,64189,CIBOURE,ROUTE DE LA CORNICHE,95716,0,3,RD,912,2,1,0,758,0,1,4338780,-167037,,1,,0,0,1,0
1,5,1,1,3,64,FRANCE,AQUITAINE,348,64348,LONS,MOULIN DU,95719,0,4,VC,0,2,2,0,0,0,1,4332350,-39803,,1,7,0,0,1,0
1,4,1,1,2,64,FRANCE,AQUITAINE,373,64373,MAZERES-LEZONS,GENERAL DE GAULLE,95732,0,3,RD,37,2,2,1,802,1,1,4328180,-36112,,1,7,0,0,1,0
1,7,3,1,2,64,FRANCE,AQUITAINE,445,64445,PAU,ORLEANS D',95762,0,4,VC,0,2,2,0,0,0,1,4329930,-37130,,1,7,0,0,1,0
1,7,9,1,3,64,FRANCE,AQUITAINE,445,64445,PAU,LOUIS BLERIOT,95766,0,4,VC,0,2,2,0,0,0,1,4331030,-33969,,1,7,0,0,1,0
1,7,1,1,6,64,FRANCE,AQUITAINE,445,64445,PAU,RENE FOURNETS,95784,0,4,VC,0,2,2,0,0,0,1,4329620,-37285,,1,,0,0,0,1
1,5,1,1,6,64,FRANCE,AQUITAINE,129,64129,BILLERE,JEAN MERMOZ,95803,0,4,VC,0,2,2,0,0,0,1,4331560,-37802,,1,7,0,0,1,0
1,5,1,1,3,64,FRANCE,AQUITAINE,260,64260,HENDAYE,BOULEVARD DE LA MER,95812,0,4,VC,0,2,2,0,0,0,1,4337230,-178083,,1,3,0,0,1,0
1,5,1,1,6,64,FRANCE,AQUITAINE,260,64260,HENDAYE,BOULEVARD DU GENERAL LECLERC,95821,0,3,RD,912,2,2,11,45,0,1,4337100,-177290,,1,7,0,0,1,0
1,7,6,1,3,64,FRANCE,AQUITAINE,445,64445,PAU,CORPS FRANC POMMIES DU,95831,0,4,VC,0,2,2,0,0,0,1,4330800,-33843,,1,7,0,0,1,0
1,5,3,1,3,64,FRANCE,AQUITAINE,269,64269,IDRON,TARBES DE,95836,0,3,RD,817,2,2,20,805,0,1,4329810,-30294,,1,7,0,0,1,0
1,7,1,1,3,64,FRANCE,AQUITAINE,445,64445,PAU,BENGHOZI AUDREY,95853,0,4,VC,0,2,2,0,0,1,5,4331920,-36594,,1,,0,0,0,1
1,1,1,1,3,64,FRANCE,AQUITAINE,335,64335,LESCAR,D509,95859,0,3,RD,817,2,2,33,728,0,1,4334340,-41491,,1,7,0,0,1,0
1,1,1,1,1,64,FRANCE,AQUITAINE,504,64504,SARE,RD 4,95861,0,3,RD,4,2,0,20,549,0,1,4332010,-153948,,1,7,0,0,1,0
1,4,1,1,6,64,FRANCE,AQUITAINE,237,64237,GELOS,EUGENE DAURE,95880,0,3,RD,235,2,2,0,663,0,1,4328790,-37580,,1,7,0,0,1,0
1,7,3,1,3,64,FRANCE,AQUITAINE,445,64445,PAU,LILAS DES,95890,0,4,VC,0,2,2,0,0,0,1,4331640,-33958,,1,7,0,0,1,0
1,7,6,1,3,64,FRANCE,AQUITAINE,445,64445,PAU,TOURASSE,95898,0,4,VC,0,1,2,0,0,0,1,4330810,-33938,,1,7,0,0,1,0
1,7,3,1,3,64,FRANCE,AQUITAINE,445,64445,PAU,LEON BERARD,95899,0,4,VC,0,2,2,0,0,0,1,4331150,-36580,,1,7,0,0,1,0
1,7,1,1,6,64,FRANCE,AQUITAINE,445,64445,PAU,ALSACE LORRAINE D',95908,0,4,VC,0,2,2,0,0,0,1,4330410,-36656,,1,7,0,0,1,0
1,5,1,1,6,64,FRANCE,AQUITAINE,348,64348,LONS,ANCOLIES,95932,0,4,VC,0,2,2,0,0,0,1,4331890,-41911,,1,7,0,0,1,0
1,5,1,1,1,64,FRANCE,AQUITAINE,483,64483,SAINT-JEAN-DE-LUZ,AVENUE LARRAMENDY PIERRE,95947,0,4,VC,0,2,2,0,0,0,1,4338360,-165516,,1,7,0,0,1,0
1,4,1,1,3,64,FRANCE,AQUITAINE,237,64237,GELOS,ROND-POINT VALLEE  HEUREUSE,95963,0,3,RD,209,2,2,0,588,0,1,4327940,-37561,,1,7,0,0,1,0
1,5,2,1,3,64,FRANCE,AQUITAINE,269,64269,IDRON,CAMP DU,95967,0,4,VC,0,1,2,0,0,0,1,4330020,-29985,,1,7,0,0,1,0
1,4,1,1,3,64,FRANCE,AQUITAINE,125,64125,BIDART,RUE CONTRESTA,95970,0,4,VC,0,2,2,0,0,0,1,4344570,-157635,,1,7,0,0,1,0
1,7,1,1,6,64,FRANCE,AQUITAINE,445,64445,PAU,SERVIEZ,95976,0,4,VC,0,1,1,0,0,0,1,4329680,-37155,,1,7,0,0,1,0
5,7,1,1,6,64,FRANCE,AQUITAINE,445,64445,PAU,ROND-POINT de la Commune de Paris,95982,0,4,VC,0,1,2,0,0,0,1,4331100,-36286,,1,7,0,0,1,0
1,7,1,1,2,64,FRANCE,AQUITAINE,445,64445,PAU,ESPAGNE D',95983,0,4,VC,0,2,2,0,0,0,1,4329630,-37637,,1,7,0,0,1,0
1,7,3,1,3,64,FRANCE,AQUITAINE,445,64445,PAU,RICHELIEU,95991,0,4,VC,0,2,2,0,0,0,1,4330350,-35710,,1,7,0,0,1,0
5,5,1,1,3,64,FRANCE,AQUITAINE,348,64348,LONS,FREDERIC ET IRENE JOLIOT CURIE,95995,0,4,VC,0,2,2,0,0,0,1,4330740,-42536,,1,7,0,0,1,0
1,7,1,1,6,64,FRANCE,AQUITAINE,445,64445,PAU,PORTET DE,95998,1,4,VC,0,2,2,0,0,0,1,4332260,-34637,,1,7,0,0,1,0
2,7,1,2,3,64,FRANCE,AQUITAINE,445,64445,PAU,LOUP DU,96019,0,4,VC,0,2,2,0,0,0,1,4330740,-35659,,1,7,0,0,1,0
1,4,6,1,6,64,FRANCE,AQUITAINE,237,64237,GELOS,PASTEUR,96034,0,3,RD,100,1,2,0,600,0,1,4327990,-38050,,1,7,0,0,1,0
1,7,1,1,3,64,FRANCE,AQUITAINE,445,64445,PAU,RECTEUR JEAN SARRAILH,96056,0,4,VC,0,2,2,0,0,0,1,4330850,-37386,,1,7,0,0,1,0
1,7,1,1,3,64,FRANCE,AQUITAINE,445,64445,PAU,MARCA,96083,0,4,VC,0,2,3,0,0,0,1,4329460,-37718,,1,30,0,0,1,0
5,7,6,4,3,64,FRANCE,AQUITAINE,445,64445,PAU,CATHERINE DE BOURBON,96097,0,4,VC,0,1,2,0,0,0,1,4332120,-35859,,1,7,0,0,1,0
1,5,1,1,3,64,FRANCE,AQUITAINE,483,64483,SAINT-JEAN-DE-LUZ,AVENUE DE CHANTACO,96100,0,3,RD,918,2,2,1,223,0,1,4338290,-164652,,1,7,0,0,1,0
1,5,3,2,3,64,FRANCE,AQUITAINE,129,64129,BILLERE,MIMOSAS DES,96101,0,4,VC,0,2,2,0,0,0,1,4329960,-40472,,1,7,0,0,1,0
1,7,1,1,1,64,FRANCE,AQUITAINE,445,64445,PAU,RECTEUR JEAN SARRAILH,96109,0,4,VC,0,1,1,0,0,0,1,4331010,-36888,,1,7,0,0,1,0
1,3,6,1,3,64,FRANCE,AQUITAINE,315,64315,LAROIN,RD 2,96113,5,3,RD,2,2,1,6,950,2,1,0,0,,1,7,0,0,1,0
1,1,6,1,3,64,FRANCE,AQUITAINE,495,64495,SAINT-PEE-SUR-NIVELLE,RD 918,96116,0,3,RD,918,1,1,15,300,0,1,0,0,,1,7,0,0,1,0
1,1,1,1,3,64,FRANCE,AQUITAINE,495,64495,SAINT-PEE-SUR-NIVELLE,RD 307,96118,0,3,RD,307,2,2,4,829,0,1,4338070,-160877,,1,21,0,0,1,0
1,6,3,1,3,64,FRANCE,AQUITAINE,024,64024,ANGLET,RUE DE PARDEILHAN,96135,0,4,VC,,2,2,,,0,1,4348850,-151267,,1,7,0,0,1,0
1,6,1,1,7,64,FRANCE,AQUITAINE,024,64024,ANGLET,AVENUE DE BAYONNE,96136,0,3,RD,810,3,4,8,1056,3,1,4348330,-150198,,1,,0,0,0,1
1,6,3,1,6,64,FRANCE,AQUITAINE,024,64024,ANGLET,AVENUE DE BAYONNE,96169,0,3,RD,810,2,3,9,480,3,1,4348120,-151064,,1,7,0,0,1,0
1,6,1,1,3,64,FRANCE,AQUITAINE,102,64102,BAYONNE,AVENUE DU CAPITAINE RESPLANDY,96188,0,4,VC,,2,2,,,0,1,4348890,-146592,,1,7,0,0,1,0
1,6,6,1,3,64,FRANCE,AQUITAINE,024,64024,ANGLET,ROND-POINT DOCTEUR LACROIX,96200,5,3,RD,810,2,2,10,343,0,1,4347780,-152360,,1,7,0,0,1,0
1,4,1,1,3,64,FRANCE,AQUITAINE,125,64125,BIDART,ROND-POINT DE L'ETAPE,96220,0,3,RD,810,1,2,16,241,0,1,4344720,-157679,,1,7,0,0,1,0
1,6,1,1,3,64,FRANCE,AQUITAINE,122,64122,BIARRITZ,AVENUE CARNOT,96255,0,4,VC,,1,2,,,0,1,,,,1,7,0,0,1,0
5,7,1,1,1,64,FRANCE,AQUITAINE,445,64445,PAU,ETIGNY D',96279,0,4,VC,,2,2,,,0,1,4329600,-38184,,1,7,0,0,1,0
1,7,1,1,3,64,FRANCE,AQUITAINE,445,64445,PAU,DOYEN ROBERT POPLAWSKI DU,96280,0,4,VC,,2,2,,,0,1,,,,1,7,0,0,1,0
1,5,3,1,3,64,FRANCE,AQUITAINE,335,64335,LESCAR,BENEHARNUM DE,96290,0,4,VC,,1,1,,,0,1,4333080,-42998,,1,7,0,0,1,0
5,7,3,1,1,64,FRANCE,AQUITAINE,445,64445,PAU,LOUP DU,96293,0,4,VC,,2,2,,,0,1,4330630,-35670,,1,7,0,0,1,0
1,7,3,1,3,64,FRANCE,AQUITAINE,445,64445,PAU,LILAS DES,96298,0,4,VC,,2,2,,,0,1,4330980,-34374,,1,7,0,0,1,0
1,7,3,1,2,64,FRANCE,AQUITAINE,445,64445,PAU,DUFAU,96325,0,4,VC,,1,3,,,0,1,4330540,-36800,,1,7,0,0,1,0
1,7,1,7,2,64,FRANCE,AQUITAINE,445,64445,PAU,JEAN MERMOZ,96331,0,4,VC,,2,3,,,0,1,4332000,-37882,,1,7,0,0,1,0
1,7,3,1,3,64,FRANCE,AQUITAINE,445,64445,PAU,GASTON PHOEBUS,96346,0,4,VC,,2,2,,,0,1,4329730,-38735,,1,7,0,0,1,0
1,7,3,1,3,64,FRANCE,AQUITAINE,445,64445,PAU,MONTARDON DE,96351,0,4,VC,,2,2,,,0,1,4332870,-36752,,1,37,0,0,1,0
1,5,6,1,3,64,FRANCE,AQUITAINE,335,64335,LESCAR,AVIATION DE L',96354,0,3,RD,289,2,2,6,768,0,1,4334460,-43086,,1,7,0,0,1,0
1,7,1,1,3,64,FRANCE,AQUITAINE,445,64445,PAU,LONS DE,96362,0,4,VC,,2,2,,,0,1,4331220,-38095,,1,7,0,0,1,0
1,7,6,1,3,64,FRANCE,AQUITAINE,445,64445,PAU,ROND-POINT de la Commune de Paris,96366,0,4,VC,,1,3,,,0,1,4331130,-36235,,1,7,0,0,1,0
1,5,6,1,3,64,FRANCE,AQUITAINE,348,64348,LONS,SANTONA DE,96384,0,4,VC,,2,2,,,0,1,4332070,-39149,,1,7,0,0,1,0
1,7,2,1,3,64,FRANCE,AQUITAINE,445,64445,PAU,ETIGNY D',96388,0,4,VC,,2,0,,,0,1,4329630,-37635,,1,7,0,0,1,0
1,7,1,1,3,64,FRANCE,AQUITAINE,445,64445,PAU,LEON BERARD,96390,0,4,VC,,2,2,,,1,5,4331410,-37029,,1,7,0,0,1,0
1,5,1,1,3,64,FRANCE,AQUITAINE,348,64348,LONS,VIGNES DES,96415,0,4,VC,,2,2,,,0,1,4331400,-40717,,1,13,0,0,1,0
1,5,6,1,3,64,FRANCE,AQUITAINE,129,64129,BILLERE,SANTONA DE,96416,0,4,VC,,2,2,,,0,1,4332090,-39162,,1,7,0,0,1,0
2,7,6,2,3,64,FRANCE,AQUITAINE,445,64445,PAU,ROND-POINT de la Commune de Paris,96435,5,4,VC,,1,3,,,0,1,4331100,-36287,,1,7,0,0,1,0
1,7,3,1,3,64,FRANCE,AQUITAINE,445,64445,PAU,LARRAN DE,96438,0,4,VC,,2,2,,,0,1,4332240,-38564,,1,7,0,0,1,0
1,5,3,1,3,64,FRANCE,AQUITAINE,335,64335,LESCAR,TARBES DE,96450,0,4,VC,,2,2,,,0,1,4333230,-42408,,1,7,0,0,1,0
1,7,6,1,3,64,FRANCE,AQUITAINE,445,64445,PAU,CATHERINE DE BOURBON,96451,0,4,VC,,2,2,,,0,1,4331900,-36238,,1,7,0,0,1,0
1,7,3,1,2,64,FRANCE,AQUITAINE,445,64445,PAU,DUFAU,96452,0,4,VC,,1,2,,,3,5,4330540,-36801,,1,7,0,0,1,0
1,7,3,1,3,64,FRANCE,AQUITAINE,445,64445,PAU,ATTIGNY D',96458,0,4,VC,,1,1,,,0,1,4331900,-37297,,1,7,0,0,1,0
1,7,1,1,3,64,FRANCE,AQUITAINE,445,64445,PAU,BARON SEGUIER DU,96466,0,4,VC,,1,1,,,0,5,4330130,-39138,,1,7,0,0,1,0
1,7,6,1,3,64,FRANCE,AQUITAINE,445,64445,PAU,ALFRED NOBEL,96469,0,4,VC,,2,2,,,0,0,4330630,-33375,,1,7,0,0,1,0
2,7,2,1,3,64,FRANCE,AQUITAINE,445,64445,PAU,HENRY RUSSEL,96474,0,4,VC,,2,3,,,0,1,,,,1,7,0,0,1,0
1,7,1,1,6,64,FRANCE,AQUITAINE,445,64445,PAU,CARNOT,96483,0,4,VC,,1,1,,,0,1,4330450,-36821,,1,7,0,0,1,0
2,7,6,8,3,64,FRANCE,AQUITAINE,445,64445,PAU,CONDORCET,96504,0,4,VC,,2,3,,,0,0,4331120,-36239,,1,7,0,0,1,0
1,7,6,1,3,64,FRANCE,AQUITAINE,445,64445,PAU,ALLEE DE MORLAAS,96515,0,4,VC,,1,2,,,0,1,4330820,-33927,,1,7,0,0,1,0
1,5,1,8,3,64,FRANCE,AQUITAINE,483,64483,SAINT-JEAN-DE-LUZ,AVENUE LARRAMENDY PIERRE,96524,0,4,VC,,2,2,,,0,1,4338340,-165942,,1,7,0,0,1,0
1,5,1,1,3,64,FRANCE,AQUITAINE,483,64483,SAINT-JEAN-DE-LUZ,AVENUE DE CHANTACO,96528,0,3,RD,918,2,2,2,102,0,1,4337870,-163870,,1,7,0,0,1,0
1,5,1,1,2,64,FRANCE,AQUITAINE,260,64260,HENDAYE,RUE DE BEHOBIE,96538,0,3,RD,811,2,2,2,16,0,1,4334980,-177302,,1,7,0,0,1,0
1,5,1,1,1,64,FRANCE,AQUITAINE,260,64260,HENDAYE,AVENUE DES MIMOSAS,96543,0,4,VC,,2,2,,,0,1,4337250,-177287,,1,7,0,0,1,0
1,5,1,1,3,64,FRANCE,AQUITAINE,483,64483,SAINT-JEAN-DE-LUZ,RUE AXULAR,96551,0,4,VC,,1,1,,,0,1,4338620,-165561,,1,7,0,0,1,0
1,5,1,1,3,64,FRANCE,AQUITAINE,483,64483,SAINT-JEAN-DE-LUZ,AVENUE DE CHANTACO,96573,0,3,RD,918,2,2,1,914,0,1,4338000,-163997,,1,7,0,0,1,0
1,5,1,1,2,64,FRANCE,AQUITAINE,483,64483,SAINT-JEAN-DE-LUZ,AVENUE ITHURRALDE ANDRE,96578,0,3,RD,810,2,2,25,527,0,1,4339230,-165363,,1,7,0,0,1,0
1,5,3,1,3,64,FRANCE,AQUITAINE,483,64483,SAINT-JEAN-DE-LUZ,AVENUE ITHURRALDE ANDRE,96579,0,3,RD,810,2,2,24,477,0,1,4339730,-164310,,1,7,0,0,1,0
1,5,1,1,6,64,FRANCE,AQUITAINE,483,64483,SAINT-JEAN-DE-LUZ,AVENUE GEORGES CLEMENCEAU,96592,0,4,VC,,2,2,,,0,1,4339400,-164589,,1,7,0,0,1,0
1,6,6,1,2,65,FRANCE,MIDI-PYRENEES,440,65440,TARBES,RN 0,96634,0,2,RN,0,3,2,23,615,0,1,,,,1,7,0,0,1,0
1,6,3,8,3,65,FRANCE,MIDI-PYRENEES,440,65440,TARBES,AVENUE ARISTIDE BRIAND,96647,0,3,RD,0,2,3,0,218,0,1,,,,1,7,0,0,1,0
1,6,2,1,3,65,FRANCE,MIDI-PYRENEES,440,65440,TARBES,RUE MONSEIGNEUR THEAS,96651,0,4,VC,0,1,2,,,0,1,,,,1,7,0,0,1,0
1,5,1,1,3,65,FRANCE,MIDI-PYRENEES,286,65286,LOURDES,AVENUE MARECHAL FOCH,96658,0,4,VC,0,0,0,,,0,1,,,,1,7,0,0,1,0
1,6,1,1,3,65,FRANCE,MIDI-PYRENEES,440,65440,TARBES,RUE ROBERT DESTARAC,96674,0,4,VC,0,2,2,,,0,1,,,,1,7,0,0,1,0
1,5,1,1,2,65,FRANCE,MIDI-PYRENEES,047,65047,AUREILHAN,RUE DU XI NOVEMBRE,96677,0,4,VC,0,2,0,,,0,1,,,,1,7,0,0,1,0
1,4,1,1,3,65,FRANCE,MIDI-PYRENEES,100,65100,BORDERES-SUR-L'ECHEZ,RUE PASTEUR,96682,2,4,VC,0,2,2,,,0,1,,,,1,7,0,0,1,0
1,6,1,1,6,65,FRANCE,MIDI-PYRENEES,440,65440,TARBES,RUE LARREY,96703,0,4,VC,0,1,2,,,0,1,,,,1,7,0,0,1,0
1,1,2,1,3,65,FRANCE,MIDI-PYRENEES,226,65226,IBOS,ROUTE NATIONALE 117,96711,0,2,RN,0,2,2,54,33,0,1,,,,1,7,0,0,1,0
1,6,2,2,3,65,FRANCE,MIDI-PYRENEES,440,65440,TARBES,RUE LAMARTINE,96714,0,4,VC,0,1,1,,,0,1,,,,1,7,0,0,1,0
1,6,1,1,1,65,FRANCE,MIDI-PYRENEES,440,65440,TARBES,RUE EUGENE TENOT,96735,0,4,VC,0,2,2,,,0,1,,,,1,7,0,0,1,0
1,6,1,1,2,65,FRANCE,MIDI-PYRENEES,440,65440,TARBES,AVENUE FOULD,96746,0,4,VC,0,2,2,,,0,1,,,,1,7,0,0,1,0
1,5,1,1,6,65,FRANCE,MIDI-PYRENEES,047,65047,AUREILHAN,AVENUE DES CEDRES,96748,0,4,VC,0,2,2,,,0,1,,,,1,30,0,0,1,0
1,5,1,1,3,65,FRANCE,MIDI-PYRENEES,286,65286,LOURDES,PLACE CHAMP COMMUN,96751,0,9,Autre,0,2,0,,,0,1,,,,1,10,0,0,1,0
1,6,2,1,3,65,FRANCE,MIDI-PYRENEES,440,65440,TARBES,RUE ACHILLE JUBINAL,96756,0,4,VC,0,2,3,,,0,1,,,,1,7,0,0,1,0
1,4,1,1,2,65,FRANCE,MIDI-PYRENEES,331,65331,ODOS,AVENUE DES ACACIAS,96760,0,4,VC,0,2,2,,,0,1,,,,1,7,0,0,1,0
1,6,1,1,3,65,FRANCE,MIDI-PYRENEES,440,65440,TARBES,RUE ANDRE FOURCADE,96773,0,4,VC,0,1,1,,,0,1,,,,1,7,0,0,1,0
5,6,1,1,3,65,FRANCE,MIDI-PYRENEES,440,65440,TARBES,RUE LEON DALLOZ,96778,0,4,VC,0,2,2,,,0,1,,,,1,7,0,0,1,0
1,4,3,1,3,65,FRANCE,MIDI-PYRENEES,100,65100,BORDERES-SUR-L'ECHEZ,RUE RENE CASSIN,96789,0,4,VC,0,2,3,,,0,1,,,,1,7,0,0,1,0
1,6,4,1,2,65,FRANCE,MIDI-PYRENEES,440,65440,TARBES,RUE PIERRE MENDES FRANCE,96801,0,4,VC,0,3,2,,,0,1,,,,1,7,0,0,1,0
2,6,3,1,2,65,FRANCE,MIDI-PYRENEES,440,65440,TARBES,RUE DU IV SEPTEMBRE,96805,0,4,VC,0,2,2,,,0,1,,,,1,7,0,0,1,0
1,5,3,1,3,65,FRANCE,MIDI-PYRENEES,047,65047,AUREILHAN,RUE DU XI NOVEMBRE,96811,0,4,VC,0,2,2,,,0,1,,,,1,7,0,0,1,0
5,6,2,2,3,65,FRANCE,MIDI-PYRENEES,440,65440,TARBES,RUE BRAUHAUBAN,96813,0,4,VC,0,1,1,,,0,1,,,,1,7,0,0,1,0
1,6,1,2,3,65,FRANCE,MIDI-PYRENEES,440,65440,TARBES,BOULEVARD DU MARTINET,96820,0,4,VC,0,2,3,,,0,1,,,,1,7,0,0,1,0
1,6,1,8,6,65,FRANCE,MIDI-PYRENEES,440,65440,TARBES,RUE DE GONNES,96822,0,4,VC,0,1,1,,,0,1,,,,1,10,0,0,1,0
1,6,1,1,6,65,FRANCE,MIDI-PYRENEES,440,65440,TARBES,AVENUE PIERRE DE COUBERTIN,96828,0,4,VC,0,3,2,,,0,1,,,,1,,0,0,1,0
2,4,6,2,3,65,FRANCE,MIDI-PYRENEES,417,65417,SEMEAC,RUE DE LA REPUBLIQUE ,96831,0,4,VC,0,1,1,,,0,1,,,,1,7,0,0,1,0
1,6,1,1,2,65,FRANCE,MIDI-PYRENEES,440,65440,TARBES,RUE GEORGES LASSALLE,96838,0,4,VC,0,2,2,,,0,1,,,,1,7,0,0,1,0
1,4,6,1,2,65,FRANCE,MIDI-PYRENEES,417,65417,SEMEAC,AVENUE FRANCOIS MITTERAND,96839,5,2,RN,0,2,4,,,0,1,,,,1,7,0,0,1,0
1,6,1,1,6,65,FRANCE,MIDI-PYRENEES,440,65440,TARBES,PLACE DE VERDUN ,96881,0,4,VC,0,1,2,,,0,3,,,,1,7,0,0,1,0
1,6,6,1,3,65,FRANCE,MIDI-PYRENEES,440,65440,TARBES,ROND-POINT SAINT FRAI,96884,0,2,RN,0,1,2,21,13,0,1,,,,1,7,0,0,1,0
1,6,2,1,2,65,FRANCE,MIDI-PYRENEES,440,65440,TARBES,RUE SAINT JEAN,96888,0,4,VC,0,2,2,,,0,1,,,,1,7,0,0,1,0
1,6,1,1,3,65,FRANCE,MIDI-PYRENEES,440,65440,TARBES,RUE DU FOIRAIL,96892,0,4,VC,0,2,2,,,0,1,,,,1,7,0,0,1,0
1,5,3,1,4,65,FRANCE,MIDI-PYRENEES,286,65286,LOURDES,AVENUE JEAN PRAT,96897,0,4,VC,0,2,2,,,0,1,,,,1,7,0,0,1,0
1,6,2,2,3,65,FRANCE,MIDI-PYRENEES,440,65440,TARBES,RUE PAUL BERT,96908,0,4,VC,0,1,1,,,0,1,,,,1,7,0,0,1,0
1,6,6,1,3,65,FRANCE,MIDI-PYRENEES,440,65440,TARBES,RUE DU IV SEPTEMBRE,96918,0,3,RD,0,2,1,,,0,1,,,,1,7,0,0,1,0
1,6,6,1,3,65,FRANCE,MIDI-PYRENEES,440,65440,TARBES,ROND-POINT DE LA SEDE,96924,0,4,VC,0,1,2,,,2,5,,,,1,7,0,0,1,0
1,5,1,1,2,65,FRANCE,MIDI-PYRENEES,047,65047,AUREILHAN,AVENUE DE LA CHARTREUSE,96929,0,4,VC,0,2,2,,,0,1,,,,1,7,0,0,1,0
1,6,3,1,3,65,FRANCE,MIDI-PYRENEES,440,65440,TARBES,RUE HENRI BELLEVUE,96970,0,4,VC,0,2,2,,,0,1,,,,1,7,0,0,1,0
1,6,6,1,3,65,FRANCE,MIDI-PYRENEES,440,65440,TARBES,ROND-POINT BASTILLAC,96971,0,2,RN,0,1,2,24,46,0,1,,,,1,7,0,0,1,0
1,3,2,1,6,65,FRANCE,MIDI-PYRENEES,251,65251,LALOUBERE,RUE DU BOIS,96999,0,4,VC,0,1,1,,,0,0,,,,1,7,0,0,1,0
1,6,6,1,3,65,FRANCE,MIDI-PYRENEES,440,65440,TARBES,BOULEVARD DE LATTRE DE TASSIGNY,97004,0,3,RD,0,2,2,,,0,1,,,,1,30,0,0,0,1
5,6,1,1,6,65,FRANCE,MIDI-PYRENEES,440,65440,TARBES,CHEMIN DU CLAUZIER,97005,0,5,Hors_reseau,0,0,1,,,0,1,,,,1,7,0,0,1,0
1,6,2,1,3,65,FRANCE,MIDI-PYRENEES,440,65440,TARBES,RUE DE L'HARMONIE,97011,0,4,VC,0,1,1,,,0,0,,,,1,7,0,0,1,0
2,6,2,1,3,65,FRANCE,MIDI-PYRENEES,440,65440,TARBES,RUE DE L'HARMONIE,97015,0,4,VC,0,1,1,,,0,1,,,,1,7,0,0,1,0
1,6,1,1,6,65,FRANCE,MIDI-PYRENEES,440,65440,TARBES,RUE JEAN ROSTAND ,97022,0,3,RD,0,2,2,,,0,1,,,,1,,0,0,0,1
1,6,1,1,6,65,FRANCE,MIDI-PYRENEES,440,65440,TARBES,CHEMIN DE L'ORMEAU,97078,0,4,VC,0,2,2,,,0,1,2.1438,,,1,7,0,0,1,0
1,6,1,1,6,65,FRANCE,MIDI-PYRENEES,440,65440,TARBES,COURS GAMBETTA,97087,0,4,VC,0,2,2,,,0,1,,805730,,1,7,0,0,1,0
1,6,6,1,3,65,FRANCE,MIDI-PYRENEES,440,65440,TARBES,RUE DU CORPS FRANC POMMIES,97096,0,4,VC,0,3,2,,,0,0,,,,1,7,0,0,1,0
1,6,2,1,3,65,FRANCE,MIDI-PYRENEES,440,65440,TARBES,RUE DU MARECHAL FOCH,97099,0,4,VC,0,1,1,,,0,1,,,,1,7,0,0,1,0
1,5,3,1,6,65,FRANCE,MIDI-PYRENEES,047,65047,AUREILHAN,AVENUE JEAN JAURES,97112,0,2,RN,21,2,2,19,557,0,1,,,,1,7,0,0,1,0
1,5,1,1,6,65,FRANCE,MIDI-PYRENEES,047,65047,AUREILHAN,RUE JULES FERRY,97116,0,4,VC,0,2,2,,,0,0,,,,1,7,0,0,1,0
1,6,2,1,1,65,FRANCE,MIDI-PYRENEES,440,65440,TARBES,RUE MASSEY,97123,0,4,VC,0,1,1,,,0,0,,,,1,7,0,0,1,0
5,5,6,3,3,65,FRANCE,MIDI-PYRENEES,047,65047,AUREILHAN,AVENUE DES SPORTS,97133,0,3,RD,632,1,1,53,550,0,1,,,,1,7,0,0,1,0
1,6,7,1,3,65,FRANCE,MIDI-PYRENEES,440,65440,TARBES,PLACE MONTAUT,97137,0,4,VC,0,1,1,,,0,0,,,,1,7,0,0,1,0
5,6,3,2,6,65,FRANCE,MIDI-PYRENEES,440,65440,TARBES,RUE DU CORPS FRANC POMMIES,97141,0,4,VC,0,2,2,,,0,1,,,,1,,0,0,1,0
1,6,1,1,3,65,FRANCE,MIDI-PYRENEES,440,65440,TARBES,RUE DE GONNES,97146,0,4,VC,0,1,1,,,0,1,,,,1,10,0,0,1,0
1,5,3,1,6,65,FRANCE,MIDI-PYRENEES,047,65047,AUREILHAN,RUE DU MOULIN ,97155,0,4,VC,0,2,2,,,0,1,,,,1,7,0,0,1,0
1,5,6,1,3,65,FRANCE,MIDI-PYRENEES,286,65286,LOURDES,AVENUE ALEXANDRE MARQUI,97157,0,4,VC,0,3,2,,,0,1,,,,1,7,0,0,1,0