lum,agg,int,atm,col,dep_bis,pays,region,com_bis,com_codeINSEE,communes,N_voie,numac,infra,catr,type_route,voie,circ,nbv,pr,pr1,vosp,situ,lat,long,adr,accident_velo,vehicule_imp,cycl_mort,cycl_bgv,cycl_blg,cycl_indm
1,6,3,1,3,65,FRANCE,MIDI-PYRENEES,440,65440,TARBES,BOULEVARD DE L'ARMAGNAC,97162,0,4,VC,0,2,2,,,0,0,,,,1,7,0,0,1,0
1,5,3,1,3,65,FRANCE,MIDI-PYRENEES,047,65047,AUREILHAN,RUE EMILE SALLES,97172,0,4,VC,0,1,1,,,0,1,,,,1,7,0,0,1,0
1,6,2,1,3,65,FRANCE,MIDI-PYRENEES,440,65440,TARBES,RUE ABBE TORNE,97180,0,4,VC,0,1,1,,,0,1,,,,1,7,0,0,1,0
1,1,2,1,3,65,FRANCE,MIDI-PYRENEES,286,65286,LOURDES,ROUTE DE JARRET,97186,0,3,RD,0,2,2,,,0,1,,,,1,7,0,0,1,0
1,6,1,2,3,65,FRANCE,MIDI-PYRENEES,440,65440,TARBES,RUE ANDRE BREYER,97196,0,4,VC,0,2,2,,,0,1,,,,1,7,0,0,1,0
1,6,3,1,3,65,FRANCE,MIDI-PYRENEES,440,65440,TARBES,RUE JEAN ROSTAND ,97200,0,4,VC,0,2,2,,,0,0,,,,1,7,0,0,1,0
1,6,6,1,3,65,FRANCE,MIDI-PYRENEES,440,65440,TARBES,ROND-POINT DE LA SEDE,97243,0,4,VC,0,1,1,,,0,1,,,,1,7,0,0,1,0
1,6,4,1,3,65,FRANCE,MIDI-PYRENEES,440,65440,TARBES,AVENUE JEAN MERMOZ,97255,0,3,RD,935,2,2,,,0,1,,,,1,7,0,0,1,0
1,6,3,1,3,65,FRANCE,MIDI-PYRENEES,440,65440,TARBES,RUE DU MARECHAL FOCH,97264,0,4,VC,0,1,1,,,0,1,,,,1,7,0,0,1,0
1,6,3,1,3,65,FRANCE,MIDI-PYRENEES,440,65440,TARBES,BOULEVARD DE LATTRE DE TASSIGNY,97270,0,3,RD,935,2,3,4,287,1,1,,,,1,7,0,0,1,0
1,6,1,1,6,65,FRANCE,MIDI-PYRENEES,440,65440,TARBES,RUE DU CORPS FRANC POMMIES,97273,0,3,RD,935,2,3,0,919,0,1,,,,1,7,0,0,1,0
1,4,1,7,2,66,FRANCE,LANGUEDOC-ROUSSILLON,016,66016,BANYULS-SUR-MER,RD 914,97299,0,3,RD,914,2,2,35,400,0,1,0,0,,1,7,0,0,1,0
1,5,1,1,1,66,FRANCE,LANGUEDOC-ROUSSILLON,172,66172,SAINT-ESTEVE,VC 0,97302,6,4,VC,0,3,0,0,0,0,1,0,0,,1,7,0,0,1,0
1,5,1,1,2,66,FRANCE,LANGUEDOC-ROUSSILLON,195,66195,SOLER (LE),RD 916,97329,0,3,RD,916,0,0,0,0,0,0,0,0,,1,7,0,0,1,0
1,8,1,1,2,66,FRANCE,LANGUEDOC-ROUSSILLON,136,66136,PERPIGNAN,AVENUE DE L'AERODROME,97338,0,4,VC,0,2,2,,,0,1,,,,1,7,0,0,1,0
1,4,1,1,1,66,FRANCE,LANGUEDOC-ROUSSILLON,014,66014,BAIXAS,RD 614,97341,5,3,RD,614,2,2,8,550,0,1,0,0,,1,7,0,0,1,0
1,1,1,1,2,66,FRANCE,LANGUEDOC-ROUSSILLON,066,66066,ENVEITG,RN 20,97380,0,2,RN,20,2,2,28,100,0,1,0,0,,1,7,0,0,1,0
1,3,1,1,3,66,FRANCE,LANGUEDOC-ROUSSILLON,056,66056,CORBERE-LES-CABANES,RD 615,97387,0,3,RD,615,2,0,0,0,0,1,4266300,268400,,1,7,0,0,1,0
1,1,1,1,1,66,FRANCE,LANGUEDOC-ROUSSILLON,099,66099,LLAURO,RD 615,97391,0,3,RD,615,2,2,20,200,0,1,4255200,274800,,1,7,0,0,1,0
1,5,1,1,3,66,FRANCE,LANGUEDOC-ROUSSILLON,164,66164,RIVESALTES,RD 5,97413,0,3,RD,5,2,2,0,0,0,1,4277000,287000,,1,7,0,0,1,0
1,8,1,1,6,66,FRANCE,LANGUEDOC-ROUSSILLON,136,66136,PERPIGNAN,AVENUE JEAN GIONO,97464,0,4,VC,0,2,0,,,0,1,,,,1,,0,0,1,0
1,8,1,1,6,66,FRANCE,LANGUEDOC-ROUSSILLON,136,66136,PERPIGNAN,DES ECLUSE,97481,0,4,VC,0,2,0,,,0,1,,,,1,7,0,0,1,0
1,8,1,1,3,66,FRANCE,LANGUEDOC-ROUSSILLON,136,66136,PERPIGNAN,MARECHAL FOCH,97498,0,4,VC,0,0,0,0,0,0,1,4269490,288914,,1,7,0,0,1,0
1,8,1,1,6,66,FRANCE,LANGUEDOC-ROUSSILLON,136,66136,PERPIGNAN,BOULEVARD FELIX MERCADER,97524,0,4,VC,0,2,4,,,0,1,4269364,289075,,1,7,0,0,1,0
1,8,1,1,3,66,FRANCE,LANGUEDOC-ROUSSILLON,136,66136,PERPIGNAN,AVENUE JEAN MERMOZ,97539,0,4,VC,0,2,2,,,0,1,4269618,290628,,1,7,0,0,1,0
1,1,1,1,1,66,FRANCE,LANGUEDOC-ROUSSILLON,233,66233,VIVES,RD 13,97548,0,3,RD,13,0,0,63,500,0,0,0,0,,1,7,0,0,1,0
1,8,1,3,3,66,FRANCE,LANGUEDOC-ROUSSILLON,136,66136,PERPIGNAN,QUAI ALFRED NOBEL,97554,0,4,VC,0,2,1,,,0,1,4269731,288773,,1,7,0,0,1,0
1,8,1,1,3,66,FRANCE,LANGUEDOC-ROUSSILLON,136,66136,PERPIGNAN,BOULEVARD ANATOLE FRANCE,97565,5,4,VC,0,2,4,,,0,1,4269768,290418,,1,7,0,0,1,0
1,8,1,1,3,66,FRANCE,LANGUEDOC-ROUSSILLON,136,66136,PERPIGNAN,AVENUE JULES DE CARSALADE-DU-PONT,97577,0,4,VC,0,2,1,,,0,1,4269055,289902,,1,7,0,0,1,0
1,5,6,1,3,66,FRANCE,LANGUEDOC-ROUSSILLON,008,66008,ARGELES-SUR-MER,RD 81,97581,0,3,RD,81,1,0,0,0,0,1,4254576,302227,,1,7,0,0,1,0
1,8,2,1,3,66,FRANCE,LANGUEDOC-ROUSSILLON,136,66136,PERPIGNAN,AVENUE ROSETTEBLANC,97592,0,4,VC,0,2,2,,,0,5,4269903,290613,,1,7,0,0,1,0
1,1,1,1,2,66,FRANCE,LANGUEDOC-ROUSSILLON,136,66136,PERPIGNAN,AVENUE DE SALANQUE,97609,0,3,RD,1,2,2,24,165,0,1,,,,1,7,0,0,1,0
1,4,1,1,1,66,FRANCE,LANGUEDOC-ROUSSILLON,174,66174,SAINT-FELIU-D'AVALL,RD 916,97611,0,3,RD,916,2,0,12,760,0,1,0,0,,1,7,0,0,1,0
1,1,1,1,3,66,FRANCE,LANGUEDOC-ROUSSILLON,136,66136,PERPIGNAN,AVENUE JULIEN PANCHOT,97614,0,4,VC,0,2,2,,,1,5,4268745,287136,,1,7,0,0,1,0
1,8,1,1,3,66,FRANCE,LANGUEDOC-ROUSSILLON,136,66136,PERPIGNAN,AVENUE DU MARECHAL JOFFRE,97628,0,4,VC,0,2,2,,,0,1,4271035,289034,,1,7,0,0,1,0
1,8,1,1,3,66,FRANCE,LANGUEDOC-ROUSSILLON,136,66136,PERPIGNAN,CHEMIN DE LA FAUCEILLE,97648,0,4,VC,0,2,2,,,0,1,4267202,290497,,1,7,0,0,1,0
1,8,1,1,2,66,FRANCE,LANGUEDOC-ROUSSILLON,136,66136,PERPIGNAN,AVENUE DE LA MASSANE,97668,0,4,VC,0,1,2,,,0,1,4269804,287242,,1,7,0,0,1,0
1,8,1,1,1,66,FRANCE,LANGUEDOC-ROUSSILLON,136,66136,PERPIGNAN,ANTOINE LAVOISIER,97714,0,4,VC,0,1,1,,,0,1,4269419,290126,,1,7,0,0,1,0
1,8,1,1,3,66,FRANCE,LANGUEDOC-ROUSSILLON,136,66136,PERPIGNAN,AVENUE DE LA MASSANE,97730,0,4,VC,0,1,1,,,0,1,4269733,287254,,1,7,0,0,1,0
1,8,1,1,6,66,FRANCE,LANGUEDOC-ROUSSILLON,136,66136,PERPIGNAN,CHEMIN DE LA PASSIO-VELLA,97737,0,4,VC,0,2,2,,,0,1,4268092,289616,,1,7,0,0,1,0
2,8,1,1,3,66,FRANCE,LANGUEDOC-ROUSSILLON,136,66136,PERPIGNAN,AVENUE ROSETTEBLANC,97760,0,4,VC,,2,2,,,0,1,4269940,291673,,1,7,0,0,1,0
1,8,1,1,3,66,FRANCE,LANGUEDOC-ROUSSILLON,136,66136,PERPIGNAN,ALBERT MARCELLIN,97762,0,4,VC,,2,2,,,0,1,4268922,289323,,1,7,0,0,1,0
1,8,2,1,3,67,FRANCE,ALSACE,482,67482,STRASBOURG,BOULEVARD D ANVERS,97766,0,4,VC,0,2,2,,,1,1,,,,1,7,0,0,1,0
5,5,1,1,7,67,FRANCE,ALSACE,365,67365,OSTWALD,RUE DU GENERAL LECLERC,97767,0,4,VC,0,2,2,,,0,1,,,,1,7,0,0,1,0
5,8,2,1,3,67,FRANCE,ALSACE,482,67482,STRASBOURG,RUE DES COMTES,97768,0,4,VC,0,2,2,,,0,5,,,,1,7,0,0,1,0
5,8,1,1,3,67,FRANCE,ALSACE,482,67482,STRASBOURG,RUE DE LA DIVISION LECLERC,97769,0,4,VC,0,1,1,,,0,5,,,,1,7,0,0,1,0
1,8,3,1,2,67,FRANCE,ALSACE,482,67482,STRASBOURG,RUE DU VIEUX MARCHE AUX VINS,97770,0,4,VC,0,2,3,,,0,1,,,,1,7,0,0,1,0
5,8,2,1,3,67,FRANCE,ALSACE,482,67482,STRASBOURG,QUAI FUSTEL DE COULANGES,97775,0,4,VC,0,2,5,,,0,1,,,,1,7,0,0,1,0
2,8,2,8,6,67,FRANCE,ALSACE,482,67482,STRASBOURG,RUE DE LIEPVRE,97776,0,4,VC,0,1,0,,,2,1,,,,1,7,0,0,1,0
5,8,1,1,3,67,FRANCE,ALSACE,482,67482,STRASBOURG,RUE SCHULMEISTER,97783,0,4,VC,0,2,2,,,0,1,,,,1,7,0,0,1,0
1,8,3,1,6,67,FRANCE,ALSACE,482,67482,STRASBOURG,VC 0,97785,2,4,VC,0,2,3,1,0,0,5,,,,1,7,0,0,1,0
1,8,3,1,3,67,FRANCE,ALSACE,482,67482,STRASBOURG,RUE DU FAUBOURG DE SAVERNE,97787,1,4,VC,0,1,3,,,3,1,,,,1,10,0,0,1,0
5,8,2,1,3,67,FRANCE,ALSACE,482,67482,STRASBOURG,RUE D OBERNAI,97810,0,4,VC,0,2,3,,,1,0,,,,1,7,0,0,1,0
5,8,3,1,3,67,FRANCE,ALSACE,482,67482,STRASBOURG,RUE ADELE RITON,97813,0,4,VC,0,2,2,,,0,1,,,,1,7,0,0,1,0
1,8,2,1,2,67,FRANCE,ALSACE,482,67482,STRASBOURG,BOULEVARD DE LYON,97814,0,4,VC,0,3,3,,,0,1,,,,1,5,0,0,0,1
1,5,3,1,2,67,FRANCE,ALSACE,267,67267,LINGOLSHEIM,RUE DU MOLKENBRONN,97819,5,4,VC,0,2,2,,,0,1,,,,1,7,0,0,1,0
5,8,3,1,3,67,FRANCE,ALSACE,482,67482,STRASBOURG,ROUTE DU POLYGONE,97834,0,4,VC,0,2,2,,,0,1,,,,1,7,0,0,1,0
1,5,2,1,3,67,FRANCE,ALSACE,043,67043,BISCHHEIM,RUE DES OFFICIERS,97838,5,4,VC,0,1,1,,,0,1,,,,1,7,0,0,1,0
5,5,2,1,3,67,FRANCE,ALSACE,267,67267,LINGOLSHEIM,RUE GROETTEL,97841,0,4,VC,0,2,2,,,0,1,,,,1,7,0,0,1,0
1,8,3,8,6,67,FRANCE,ALSACE,482,67482,STRASBOURG,RUE DE L OUTRE,97842,0,4,VC,0,1,1,,,0,1,,,,1,,0,0,0,1
1,8,2,1,3,67,FRANCE,ALSACE,482,67482,STRASBOURG,RUE CHARLES PEGUY,97845,0,4,VC,0,2,3,,,1,1,,,,1,7,0,0,1,0
1,5,1,1,2,67,FRANCE,ALSACE,462,67462,SELESTAT,AVENUE DU GENERAL DE GAULLE,97860,2,2,RN,0,2,2,,,2,5,,,,1,99,0,0,1,0
2,8,3,1,3,67,FRANCE,ALSACE,482,67482,STRASBOURG,RUE DE LA SANDRE,97864,5,4,VC,0,2,2,,,0,5,,,,1,7,0,0,1,0
1,6,1,1,6,67,FRANCE,ALSACE,447,67447,SCHILTIGHEIM,RUE DES POMPIERS,97867,0,4,VC,0,2,1,,,0,1,,,,1,,0,0,1,0
1,8,2,1,3,67,FRANCE,ALSACE,482,67482,STRASBOURG,QUAI DES ALPES,97874,5,4,VC,0,2,3,,,1,1,,,,1,7,0,0,1,0
1,8,1,1,6,67,FRANCE,ALSACE,482,67482,STRASBOURG,QUAI KLEBER,97875,0,4,VC,0,0,2,,,3,4,,,,1,,,,,
1,4,1,8,1,67,FRANCE,ALSACE,343,67343,OBERHAUSBERGEN,Autre 0,97889,0,9,Autre,0,0,2,0,0,0,5,0,0,,1,,0,0,0,1
1,1,3,1,3,67,FRANCE,ALSACE,482,67482,STRASBOURG,RUE ARTHUR RIMBAUD,97895,5,4,VC,0,1,1,,,0,5,,,,1,7,0,0,1,0
1,8,1,1,3,67,FRANCE,ALSACE,482,67482,STRASBOURG,RUE DE MACON,97900,0,6,Parking,0,2,1,,,0,1,,,,1,7,0,0,1,0
1,8,1,2,3,67,FRANCE,ALSACE,482,67482,STRASBOURG,RUE DE RATHSAMSHAUSEN,97904,0,4,VC,0,2,2,,,0,1,,,,1,7,0,0,1,0
2,8,1,1,3,67,FRANCE,ALSACE,482,67482,STRASBOURG,ROUTE DE BRUMATH,97906,0,4,VC,0,2,5,,,3,1,,,,1,37,0,0,1,0
1,8,1,1,1,67,FRANCE,ALSACE,482,67482,STRASBOURG,PLACE GUTENBERG,97910,0,4,VC,0,1,1,,,1,5,,,,1,,,,,
1,8,3,1,1,67,FRANCE,ALSACE,482,67482,STRASBOURG,RUE BECQUEREL,97913,5,4,VC,0,2,2,,,0,1,,,,1,7,0,0,1,0
1,8,4,1,3,67,FRANCE,ALSACE,482,67482,STRASBOURG,RUE GUSTAVE ADOLPHE HIRN,97916,0,4,VC,0,1,2,,,0,1,,,,1,7,0,0,1,0
1,8,1,2,3,67,FRANCE,ALSACE,482,67482,STRASBOURG,ROUTE DU POLYGONE,97918,0,4,VC,0,2,2,,,0,1,,,,1,7,0,0,1,0
1,8,1,1,3,67,FRANCE,ALSACE,482,67482,STRASBOURG,ROUTE DE SCHIRMECK,97919,0,4,VC,0,2,3,,,0,1,,,,1,14,0,0,1,0
1,8,2,2,3,67,FRANCE,ALSACE,482,67482,STRASBOURG,RUE DES FRERES EBERTS,97923,5,4,VC,0,2,2,,,0,1,,,,1,7,0,0,1,0
1,5,3,1,3,67,FRANCE,ALSACE,365,67365,OSTWALD,RUE DU GENERAL LECLERC,97925,0,4,VC,0,2,2,,,0,1,,,,1,7,0,0,1,0
1,5,1,1,3,67,FRANCE,ALSACE,462,67462,SELESTAT,RUE DU HAUT-KOENIGSBOURG,97939,2,4,VC,0,2,2,36,650,0,1,,,,1,7,0,0,1,0
1,8,3,8,3,67,FRANCE,ALSACE,482,67482,STRASBOURG,ROUTE DU RHIN,97940,0,4,VC,0,3,5,,,1,1,,,,1,14,0,0,1,0
1,8,1,1,6,67,FRANCE,ALSACE,482,67482,STRASBOURG,RUE DE KOENIGSHOFFEN,97946,2,4,VC,0,2,2,,,1,5,,,,1,,,,,
1,8,3,1,3,67,FRANCE,ALSACE,482,67482,STRASBOURG,ROUTE DE SCHIRMECK,97947,0,4,VC,0,2,2,,,0,1,,,,1,,0,0,1,0
1,8,5,1,3,67,FRANCE,ALSACE,482,67482,STRASBOURG,RUE DE LA THUMENAU,97951,3,4,VC,0,3,5,,,0,1,,,,1,40,0,0,1,0
1,5,1,1,3,67,FRANCE,ALSACE,043,67043,BISCHHEIM,RUE RONSARD,97954,0,4,VC,0,2,0,,,0,1,,,,1,7,0,0,1,0
1,8,1,1,6,67,FRANCE,ALSACE,482,67482,STRASBOURG,RUE DE LA FONDERIE,97960,0,4,VC,0,0,2,,,0,0,,,,1,7,0,0,1,0
1,8,2,1,3,67,FRANCE,ALSACE,482,67482,STRASBOURG,ROUTE D OBERHAUSBERGEN,97961,0,4,VC,0,2,2,,,0,1,,,,1,7,0,0,1,0
1,8,3,1,3,67,FRANCE,ALSACE,482,67482,STRASBOURG,RUE DU PORT DU RHIN,97964,0,3,RD,0,2,3,1,0,0,1,,,,1,7,0,0,1,0
1,8,1,1,3,67,FRANCE,ALSACE,482,67482,STRASBOURG,BOULEVARD JACQUES PREISS,97965,0,4,VC,0,3,4,,,0,1,,,,1,7,0,0,1,0
1,1,1,1,6,67,FRANCE,ALSACE,447,67447,SCHILTIGHEIM,AVENUE PIERRE MENDES FRANCE,97972,0,4,VC,0,2,2,,,1,5,,,,1,,0,0,1,0
1,5,3,1,6,67,FRANCE,ALSACE,267,67267,LINGOLSHEIM,RUE DE LA CHAPELLE,97980,0,4,VC,0,1,1,,,0,1,,,,1,7,0,0,1,0
1,6,2,1,3,67,FRANCE,ALSACE,447,67447,SCHILTIGHEIM,RUE DE WASSELONNE,97986,0,4,VC,0,2,2,,,0,1,,,,1,7,0,0,1,0
1,8,2,1,3,67,FRANCE,ALSACE,482,67482,STRASBOURG,AVENUE JEAN JAURES,97989,0,4,VC,0,1,1,,,0,1,,,,1,7,0,0,1,0
1,8,1,1,3,67,FRANCE,ALSACE,482,67482,STRASBOURG,ROUTE DE LA FEDERATION,97990,0,4,VC,0,2,2,,,1,5,,,,1,10,0,0,1,0
2,6,2,1,1,67,FRANCE,ALSACE,447,67447,SCHILTIGHEIM,RUE DE LA GLACIERE,97991,5,4,VC,0,2,2,,,0,1,,,,1,7,0,0,1,0
1,8,3,1,3,67,FRANCE,ALSACE,482,67482,STRASBOURG,RUE DE SAALES,97993,0,4,VC,0,2,2,,,1,5,,,,1,7,0,0,1,0
1,8,3,1,6,67,FRANCE,ALSACE,482,67482,STRASBOURG,RUE DU CONSEIL DES QUINZE,97994,5,4,VC,0,3,2,,,1,1,,,,1,37,0,0,1,0
1,8,3,1,6,67,FRANCE,ALSACE,482,67482,STRASBOURG,AVENUE DU GENERAL DE GAULLE,98004,0,4,VC,0,3,2,,,0,1,,,,1,33,0,0,1,0
1,5,1,1,3,67,FRANCE,ALSACE,267,67267,LINGOLSHEIM,RUE DES HIRONDELLES,98009,0,4,VC,0,3,2,,,2,1,,,,1,7,0,0,1,0
1,8,3,1,3,67,FRANCE,ALSACE,482,67482,STRASBOURG,QUAI DES ALPES,98020,0,4,VC,0,2,2,,,1,1,,,,1,7,0,0,1,0
1,6,3,1,3,67,FRANCE,ALSACE,447,67447,SCHILTIGHEIM,RUE DE LA PATRIE,98022,5,4,VC,0,2,2,,,2,5,,,,1,7,0,0,1,0
1,1,6,1,6,67,FRANCE,ALSACE,532,67532,WILLGOTTHEIM,RD 25,98040,5,3,RD,25,2,2,0,0,0,1,4868300,750700,,1,,0,0,1,0
1,8,3,1,3,67,FRANCE,ALSACE,482,67482,STRASBOURG,ROUTE DE SCHIRMECK,98051,0,4,VC,0,3,3,,,1,5,,,,1,10,0,0,1,0
1,8,3,1,3,67,FRANCE,ALSACE,482,67482,STRASBOURG,QUAI LOUIS PASTEUR,98061,0,4,VC,0,2,4,,,1,1,,,,1,7,0,0,1,0
1,8,1,1,1,67,FRANCE,ALSACE,482,67482,STRASBOURG,ROUTE DE LA FEDERATION,98070,0,4,VC,0,2,2,,,0,1,,,,1,7,0,0,1,0
1,8,4,1,3,67,FRANCE,ALSACE,482,67482,STRASBOURG,RUE DE LA PLAINE DES BOUCHERS,98078,0,4,VC,0,2,3,1,0,0,1,,,,1,7,0,0,1,0
5,8,3,1,3,67,FRANCE,ALSACE,482,67482,STRASBOURG,PONT SAINT GUILLAUME,98092,2,4,VC,0,1,2,,,1,1,,,,1,7,0,0,1,0
1,8,3,1,3,67,FRANCE,ALSACE,482,67482,STRASBOURG,AVENUE DE COLMAR,98093,0,4,VC,0,1,1,,,1,1,,,,1,7,0,0,1,0
1,8,1,1,6,67,FRANCE,ALSACE,482,67482,STRASBOURG,RUE DE LA PIERRE LARGE,98094,0,4,VC,0,1,1,,,2,1,,,,1,7,0,0,1,0
1,8,1,2,2,67,FRANCE,ALSACE,482,67482,STRASBOURG,PLACE DE HAGUENAU,98097,0,4,VC,0,2,2,,,1,5,,,,1,30,0,0,1,0
1,5,1,1,6,67,FRANCE,ALSACE,043,67043,BISCHHEIM,RUE DE LA ROBERTSAU,98104,0,4,VC,0,2,2,,,1,5,,,,1,7,0,0,1,0
1,5,6,1,3,67,FRANCE,ALSACE,204,67204,HOENHEIM,RUE DU STADE,98105,0,4,VC,0,2,2,,,0,1,,,,1,7,0,0,1,0
1,8,1,2,3,67,FRANCE,ALSACE,482,67482,STRASBOURG,AVENUE SCHUTZENBERGER,98106,0,4,VC,0,2,0,,,2,1,,,,1,14,0,0,1,0
1,8,3,1,3,67,FRANCE,ALSACE,482,67482,STRASBOURG,RUE DES GLACIERES,98107,5,4,VC,0,1,1,,,0,1,,,,1,7,0,0,1,0
5,8,1,1,1,67,FRANCE,ALSACE,482,67482,STRASBOURG,QUAI SAINT NICOLAS,98110,0,4,VC,0,2,2,,,0,1,,,,1,7,0,0,1,0
2,3,1,1,3,67,FRANCE,ALSACE,049,67049,BLAESHEIM,VC 0,98125,0,4,VC,0,2,1,0,0,0,1,0,0,,1,7,0,0,1,0
1,8,2,1,3,67,FRANCE,ALSACE,482,67482,STRASBOURG,ROUTE DE LA LISIERE,98137,0,4,VC,0,2,2,,,0,1,,,,1,7,0,0,1,0
1,8,3,1,3,67,FRANCE,ALSACE,482,67482,STRASBOURG,RUE JULES RATHGEBER,98138,0,4,VC,0,1,1,,,0,1,,,,1,7,0,0,1,0
1,8,1,1,3,67,FRANCE,ALSACE,482,67482,STRASBOURG,RUE DE KOENIGSHOFFEN,98139,0,9,Autre,0,2,2,,,1,5,,,,1,,0,0,0,1
1,8,2,1,3,67,FRANCE,ALSACE,482,67482,STRASBOURG,PONT DU DANUBE,98142,2,4,VC,0,2,4,,,1,1,,,,1,7,0,0,1,0
1,6,3,1,3,67,FRANCE,ALSACE,447,67447,SCHILTIGHEIM,RUE DU TRIBUNAL,98144,5,4,VC,0,2,2,,,0,1,,,,1,7,0,0,1,0
1,6,1,1,3,67,FRANCE,ALSACE,447,67447,SCHILTIGHEIM,RUE DES MALTERIES,98147,0,4,VC,0,1,1,,,1,5,,,,1,7,0,0,1,0
1,8,1,1,6,67,FRANCE,ALSACE,482,67482,STRASBOURG,ROUTE DE LA WANTZENAU ,98150,0,4,VC,0,2,3,,,1,5,,,,1,,0,0,0,1
1,8,3,2,3,67,FRANCE,ALSACE,482,67482,STRASBOURG,QUAI DES ALPES,98156,0,4,VC,0,2,2,,,2,5,,,,1,7,0,0,1,0
1,8,2,1,6,67,FRANCE,ALSACE,482,67482,STRASBOURG,BOULEVARD DE LA VICTOIRE,98161,5,4,VC,0,2,2,,,3,1,,,,1,40,0,0,1,0
1,8,3,1,3,67,FRANCE,ALSACE,482,67482,STRASBOURG,RUE DE MARMOUTIER,98162,0,4,VC,0,2,2,,,0,1,,,,1,7,0,0,1,0
1,6,3,1,3,67,FRANCE,ALSACE,447,67447,SCHILTIGHEIM,RUE SEBASTIEN BRANT,98164,0,4,VC,0,2,2,,,0,1,,,,1,7,0,0,1,0
1,8,1,1,6,67,FRANCE,ALSACE,482,67482,STRASBOURG,RUE DU FAUBOURG DE PIERRE,98166,0,4,VC,0,2,3,,,0,1,,,,1,7,0,0,1,0
1,8,3,5,3,67,FRANCE,ALSACE,482,67482,STRASBOURG,RUE DU MARKSGARTEN,98178,0,4,VC,0,1,1,,,0,1,,,,1,7,0,0,1,0
5,6,2,1,3,67,FRANCE,ALSACE,447,67447,SCHILTIGHEIM,RUE DES PETITS CHAMPS,98179,0,4,VC,0,2,2,,,0,1,,,,1,7,0,0,1,0
5,8,1,1,3,67,FRANCE,ALSACE,482,67482,STRASBOURG,AVENUE DE LA FORET NOIRE,98181,0,4,VC,0,2,2,,,0,1,,,,1,7,0,0,1,0
2,6,9,1,6,67,FRANCE,ALSACE,218,67218,ILLKIRCH-GRAFFENSTADEN,RUE DU VERGER,98192,0,4,VC,0,1,1,,,2,0,,,,1,2,0,0,1,0
1,8,1,1,2,67,FRANCE,ALSACE,482,67482,STRASBOURG,RUE DU FAUBOURG DE SAVERNE,98196,0,4,VC,0,2,2,,,0,1,,,,1,7,0,0,1,0
5,8,1,1,3,67,FRANCE,ALSACE,482,67482,STRASBOURG,RUE DE ROME,98211,0,4,VC,0,2,2,,,0,1,,,,1,7,0,0,1,0
3,8,3,1,3,67,FRANCE,ALSACE,482,67482,STRASBOURG,ROUTE D ALTENHEIM,98223,0,4,VC,0,2,2,,,0,1,,,,1,7,0,0,1,0
5,6,1,1,3,67,FRANCE,ALSACE,218,67218,ILLKIRCH-GRAFFENSTADEN,RUE DU GENERAL LIBERMANN,98228,0,4,VC,0,2,2,,,0,1,,,,1,7,0,0,1,0
1,8,2,1,3,67,FRANCE,ALSACE,482,67482,STRASBOURG,RUE DE LA THUMENAU,98229,0,4,VC,0,1,5,,,0,1,,,,1,7,0,0,1,0
1,8,2,1,3,67,FRANCE,ALSACE,482,67482,STRASBOURG,AVENUE DU GENERAL DE GAULLE,98233,4,4,VC,0,3,2,,,1,1,,,,1,7,0,0,1,0
1,5,2,1,3,67,FRANCE,ALSACE,267,67267,LINGOLSHEIM,RUE ALFRED KASTLER,98234,0,4,VC,0,2,2,,,1,0,,,,1,7,0,0,1,0
1,6,1,1,3,67,FRANCE,ALSACE,447,67447,SCHILTIGHEIM,RUE D ERSTEIN,98237,0,4,VC,0,2,2,,,1,5,,,,1,10,0,0,1,0
1,8,1,2,6,67,FRANCE,ALSACE,482,67482,STRASBOURG,RUE DU VIEUX MARCHE AUX POISSONS,98251,0,4,VC,0,2,1,1,0,1,5,,,,1,,0,0,1,0
5,8,3,2,6,67,FRANCE,ALSACE,482,67482,STRASBOURG,RUE DE LAUSANNE,98252,0,4,VC,0,2,2,1,0,0,1,,,,1,7,0,0,1,0
2,8,1,1,3,67,FRANCE,ALSACE,482,67482,STRASBOURG,AVENUE DE LA FORET NOIRE,98253,0,4,VC,0,2,3,,,0,1,,,,1,7,0,0,1,0
5,6,1,1,2,67,FRANCE,ALSACE,447,67447,SCHILTIGHEIM,RUE PRINCIPALE,98260,0,4,VC,0,1,1,,,0,1,,,,1,7,0,0,1,0
1,8,1,1,3,67,FRANCE,ALSACE,482,67482,STRASBOURG,QUAI DES PECHEURS,98265,0,4,VC,0,2,2,,,0,1,,,,1,7,0,0,1,0
1,8,2,1,3,67,FRANCE,ALSACE,482,67482,STRASBOURG,RUE KAGENECK,98267,0,4,VC,0,1,1,,,2,1,,,,1,7,0,0,1,0
1,8,1,8,3,67,FRANCE,ALSACE,482,67482,STRASBOURG,ROUTE DU RHIN,98282,5,4,VC,0,3,4,,,1,1,,,,1,7,0,0,1,0
5,8,1,1,6,67,FRANCE,ALSACE,482,67482,STRASBOURG,BOULEVARD DE LA VICTOIRE,98294,0,4,VC,0,3,2,,,1,5,,,,1,,0,0,0,1
1,6,3,1,3,67,FRANCE,ALSACE,180,67180,HAGUENAU,ROUTE DE BITCHE,98308,0,4,VC,0,2,2,,,1,1,,,,1,7,0,0,1,0
5,8,3,2,6,67,FRANCE,ALSACE,482,67482,STRASBOURG,RUE DES SERRURIERS,98310,0,4,VC,0,1,1,,,0,1,,,,1,7,0,0,1,0
1,8,2,1,3,67,FRANCE,ALSACE,482,67482,STRASBOURG,PLACE SEBASTIEN BRANT,98312,0,4,VC,0,2,2,,,0,1,,,,1,7,0,0,1,0