lum,agg,int,atm,col,dep_bis,pays,region,com_bis,com_codeINSEE,communes,N_voie,numac,infra,catr,type_route,voie,circ,nbv,pr,pr1,vosp,situ,lat,long,adr,accident_velo,vehicule_imp,cycl_mort,cycl_bgv,cycl_blg,cycl_indm
1,6,1,1,6,67,FRANCE,ALSACE,447,67447,SCHILTIGHEIM,RUE DU MARAIS,98323,0,4,VC,0,1,3,1,0,0,1,,,,1,7,0,0,1,0
1,8,3,1,3,67,FRANCE,ALSACE,482,67482,STRASBOURG,RUE DE RATHSAMSHAUSEN,98325,0,4,VC,0,2,2,,,0,1,,,,1,7,0,0,1,0
1,8,2,1,3,67,FRANCE,ALSACE,482,67482,STRASBOURG,QUAI DU GENERAL KOENIG,98328,0,4,VC,0,2,3,,,1,5,,,,1,2,0,0,0,1
1,5,6,1,1,67,FRANCE,ALSACE,520,67520,WASSELONNE,RD 25,98331,5,3,RD,25,1,1,0,0,0,1,4864900,745200,,1,7,0,0,1,0
1,1,1,1,2,67,FRANCE,ALSACE,527,67527,WESTHOUSE-MARMOUTIER,RD 112,98336,0,3,RD,112,2,0,0,500,0,1,0,0,,1,7,0,0,1,0
1,5,1,1,3,67,FRANCE,ALSACE,462,67462,SELESTAT,PLACE GAMBETTA,98337,0,9,Autre,0,2,1,,,0,1,,,,1,7,0,0,1,0
5,8,2,1,6,67,FRANCE,ALSACE,482,67482,STRASBOURG,ROUTE D OBERHAUSBERGEN,98340,0,4,VC,0,2,2,,,1,1,,,,1,7,0,0,1,0
1,8,3,1,3,67,FRANCE,ALSACE,482,67482,STRASBOURG,RUE DE LA PLAINE DES BOUCHERS,98347,0,4,VC,0,2,2,,,1,5,,,,1,7,0,0,1,0
1,8,2,1,3,67,FRANCE,ALSACE,482,67482,STRASBOURG,RUE DE LA CARPE HAUTE,98348,0,4,VC,0,2,2,,,1,5,,,,1,7,0,0,1,0
1,8,1,1,6,67,FRANCE,ALSACE,482,67482,STRASBOURG,RUE DE VENDENHEIM,98350,0,4,VC,0,2,2,,,0,1,,,,1,7,0,0,1,0
1,8,2,1,1,67,FRANCE,ALSACE,482,67482,STRASBOURG,BOULEVARD DE LA VICTOIRE,98352,5,4,VC,0,3,4,,,3,1,,,,1,7,0,0,1,0
1,8,1,1,6,67,FRANCE,ALSACE,482,67482,STRASBOURG,RUE DES BONNES GENS,98353,0,4,VC,0,1,2,,,0,1,,,,1,7,0,0,1,0
5,8,2,1,3,67,FRANCE,ALSACE,482,67482,STRASBOURG,RUE GUSTAVE ADOLPHE HIRN,98360,0,4,VC,0,1,1,,,0,1,,,,1,7,0,0,1,0
1,8,1,1,6,67,FRANCE,ALSACE,482,67482,STRASBOURG,RUE DE CLAIRVIVRE,98362,0,4,VC,0,2,2,,,0,1,,,,1,7,0,0,1,0
1,5,1,1,3,67,FRANCE,ALSACE,043,67043,BISCHHEIM,ROUTE DE BISCHWILLER,98364,0,4,VC,0,2,2,,,0,1,,,,1,7,0,0,1,0
1,8,1,1,6,67,FRANCE,ALSACE,482,67482,STRASBOURG,RUE DE LA GANZAU,98365,0,4,VC,0,2,2,,,0,1,,,,1,7,0,0,1,0
1,8,2,1,2,67,FRANCE,ALSACE,482,67482,STRASBOURG,BOULEVARD CLEMENCEAU,98372,0,4,VC,0,3,2,,,0,5,,,,1,7,0,0,1,0
1,8,2,1,1,67,FRANCE,ALSACE,482,67482,STRASBOURG,BOULEVARD DE LYON,98373,0,4,VC,0,3,6,,,1,1,,,,1,7,0,0,1,0
1,3,1,1,3,67,FRANCE,ALSACE,465,67465,SESSENHEIM,RD 468,98387,0,3,RD,468,0,0,0,0,0,1,0,0,,1,7,0,0,1,0
1,8,1,1,6,67,FRANCE,ALSACE,482,67482,STRASBOURG,ROND-POINT DE L'ESPLANADE,98392,0,4,VC,0,2,2,,,0,1,,,,1,7,0,0,1,0
1,8,1,1,6,67,FRANCE,ALSACE,482,67482,STRASBOURG,RUE COULAUX,98393,0,4,VC,0,2,2,,,0,1,,,,1,,0,0,0,1
1,8,4,1,6,67,FRANCE,ALSACE,482,67482,STRASBOURG,PLACE DE L'ETOILE,98394,0,4,VC,0,1,6,,,1,5,,,,1,,0,0,1,0
5,6,1,1,6,67,FRANCE,ALSACE,447,67447,SCHILTIGHEIM,ROUTE DE BISCHWILLER,98395,0,4,VC,0,2,2,,,0,1,,,,1,7,0,0,1,0
1,8,1,1,3,67,FRANCE,ALSACE,482,67482,STRASBOURG,RUE GEORGES WODLI,98397,0,4,VC,0,1,2,,,1,1,,,,1,7,0,0,1,0
1,8,2,1,3,67,FRANCE,ALSACE,482,67482,STRASBOURG,ROUTE DU RHIN,98400,0,4,VC,0,2,2,,,1,0,,,,1,7,0,0,1,0
1,8,1,3,3,67,FRANCE,ALSACE,482,67482,STRASBOURG,ROUTE DU POLYGONE,98406,0,4,VC,0,2,3,,,1,1,,,,1,7,0,0,1,0
1,6,2,1,6,67,FRANCE,ALSACE,447,67447,SCHILTIGHEIM,RUE DU DONON,98417,0,4,VC,0,2,2,,,0,1,,,,1,7,0,0,1,0
1,8,1,1,6,67,FRANCE,ALSACE,482,67482,STRASBOURG,PLACE DU VIEUX MARCHE AUX VINS,98419,4,4,VC,0,2,1,,,3,3,,,,1,40,0,0,1,0
1,8,1,1,5,67,FRANCE,ALSACE,482,67482,STRASBOURG,ROUTE DU RHIN,98421,0,4,VC,0,3,5,,,0,1,,,,1,7,0,0,1,0
1,8,2,1,3,67,FRANCE,ALSACE,482,67482,STRASBOURG,RUE DE LA DIVISION LECLERC,98422,0,4,VC,0,1,1,,,0,1,,,,1,7,0,0,1,0
1,5,1,1,6,67,FRANCE,ALSACE,043,67043,BISCHHEIM,ROUTE DE BRUMATH,98425,0,4,VC,0,2,2,,,0,1,,,,1,7,0,0,1,0
1,8,2,2,6,67,FRANCE,ALSACE,482,67482,STRASBOURG,BOULEVARD DE LYON,98427,0,4,VC,0,2,4,,,1,5,,,,1,,0,0,0,1
1,4,1,1,3,67,FRANCE,ALSACE,131,67131,ESCHAU,RD 221,98437,0,3,RD,221,2,2,0,0,0,1,4849200,771200,,1,7,0,0,1,0
1,5,1,1,1,67,FRANCE,ALSACE,309,67309,MUNDOLSHEIM,Autre 0,98439,0,9,Autre,0,2,0,0,0,0,1,4864600,772100,,1,7,0,0,1,0
1,6,3,1,3,67,FRANCE,ALSACE,218,67218,ILLKIRCH-GRAFFENSTADEN,ROUTE DE STRASBOURG,98443,0,4,VC,0,3,2,,,1,1,,,,1,30,0,0,1,0
1,8,1,1,6,67,FRANCE,ALSACE,482,67482,STRASBOURG,RUE BOECKLIN,98450,0,4,VC,0,2,2,,,0,1,,,,1,7,0,0,1,0
1,8,9,1,6,67,FRANCE,ALSACE,482,67482,STRASBOURG,RUE DE L'EGLISE ROUGE,98454,0,9,Autre,0,2,1,,,1,5,,,,1,,0,0,0,1
1,8,1,1,6,67,FRANCE,ALSACE,482,67482,STRASBOURG,ROUTE DE SCHIRMECK,98459,0,4,VC,0,2,2,,,0,5,,,,1,10,0,0,1,0
1,8,1,1,3,67,FRANCE,ALSACE,482,67482,STRASBOURG,RUE DE LA PREMIERE ARMEE,98467,4,4,VC,0,2,2,,,3,1,,,,1,7,0,0,1,0
5,6,1,1,3,67,FRANCE,ALSACE,447,67447,SCHILTIGHEIM,AVENUE PIERRE MENDES FRANCE,98469,2,4,VC,0,1,1,,,1,5,,,,1,7,0,0,1,0
1,8,2,1,3,67,FRANCE,ALSACE,482,67482,STRASBOURG,BOULEVARD DE LA VICTOIRE,98474,0,4,VC,0,2,2,,,0,1,,,,1,7,0,0,1,0
1,8,1,1,6,67,FRANCE,ALSACE,482,67482,STRASBOURG,PLACE SAINT ETIENNE,98475,0,4,VC,0,2,2,,,0,1,,,,1,,0,0,0,1
2,8,1,2,2,67,FRANCE,ALSACE,482,67482,STRASBOURG,AVENUE DE LA FORET NOIRE,98477,0,4,VC,0,0,4,,,0,1,,,,1,7,0,0,1,0
1,4,1,1,3,67,FRANCE,ALSACE,073,67073,CHATENOIS,RD 35,98486,0,3,RD,35,2,0,0,0,0,1,0,0,,1,7,0,0,1,0
1,8,3,1,6,67,FRANCE,ALSACE,482,67482,STRASBOURG,RUE DE HOCHFELDEN,98496,0,4,VC,0,2,2,,,0,1,,,,1,7,0,0,1,0
1,8,1,1,3,67,FRANCE,ALSACE,482,67482,STRASBOURG,ROUTE DU POLYGONE,98498,0,4,VC,0,2,2,,,1,5,,,,1,7,0,0,1,0
1,8,1,1,1,67,FRANCE,ALSACE,482,67482,STRASBOURG,RUE GEORGES WODLI,98499,0,4,VC,0,1,1,,,1,0,,,,1,,0,0,1,0
1,8,3,1,3,67,FRANCE,ALSACE,482,67482,STRASBOURG,RUE DE LAUSANNE,98502,0,4,VC,0,2,2,,,0,1,,,,1,,0,0,1,0
5,8,2,2,2,67,FRANCE,ALSACE,482,67482,STRASBOURG,RUE DE MOLSHEIM,98503,4,4,VC,0,3,2,,,0,1,,,,1,7,0,0,1,0
1,8,2,1,3,67,FRANCE,ALSACE,482,67482,STRASBOURG,PLACE DU CYGNE,98507,0,4,VC,0,2,2,,,0,1,,,,1,7,0,0,1,0
2,8,3,1,3,67,FRANCE,ALSACE,482,67482,STRASBOURG,RUE DE LA THUMENAU,98513,0,4,VC,0,0,6,,,3,1,,,,1,40,0,0,1,0
1,8,1,1,3,67,FRANCE,ALSACE,482,67482,STRASBOURG,RUE TARADE,98516,0,4,VC,0,2,2,,,0,1,,,,1,7,0,0,1,0
1,8,1,1,3,67,FRANCE,ALSACE,482,67482,STRASBOURG,RUE DU FAUBOURG DE SAVERNE,98517,0,4,VC,0,0,4,,,1,1,,,,1,7,0,0,1,0
1,8,3,1,6,67,FRANCE,ALSACE,482,67482,STRASBOURG,RUE SAINTE ELISABETH,98522,0,5,Hors_reseau,0,1,1,,,0,1,,,,1,7,0,0,1,0
1,8,1,2,3,67,FRANCE,ALSACE,482,67482,STRASBOURG,RUE DU GENERAL DE CASTELNAU,98524,0,4,VC,0,2,3,,,0,1,,,,1,7,0,0,1,0
1,8,1,1,7,67,FRANCE,ALSACE,482,67482,STRASBOURG,RUE DU RHIN TORTU,98527,0,4,VC,0,2,2,,,0,1,,,,1,7,0,0,0,1
1,8,2,1,3,67,FRANCE,ALSACE,482,67482,STRASBOURG,QUAI FUSTEL DE COULANGES,98528,0,4,VC,0,4,5,,,0,1,,,,1,7,0,0,1,0
1,8,3,1,6,67,FRANCE,ALSACE,482,67482,STRASBOURG,ROUTE DE SCHIRMECK,98545,0,4,VC,0,2,2,,,0,1,,,,1,7,0,0,1,0
1,6,2,1,3,67,FRANCE,ALSACE,218,67218,ILLKIRCH-GRAFFENSTADEN,ROUTE DU FORT UHRICH,98548,0,4,VC,0,2,5,,,0,1,,,,1,13,0,0,1,0
1,8,1,1,1,67,FRANCE,ALSACE,482,67482,STRASBOURG,PISTE DU HERRENWASSER,98556,0,4,VC,0,2,2,,,1,5,,,,1,30,0,0,1,0
1,8,1,1,3,67,FRANCE,ALSACE,482,67482,STRASBOURG,ALLEE RENE CASSIN,98557,0,4,VC,0,1,3,,,0,1,,,,1,7,0,0,1,0
1,8,2,1,6,67,FRANCE,ALSACE,482,67482,STRASBOURG,ROUTE DU POLYGONE,98559,0,4,VC,0,2,2,,,0,4,,,,1,,0,0,1,0
1,8,2,1,3,67,FRANCE,ALSACE,482,67482,STRASBOURG,RUE DE MULHOUSE,98562,0,4,VC,0,2,2,,,0,1,,,,1,7,0,0,1,0
5,8,2,1,3,67,FRANCE,ALSACE,482,67482,STRASBOURG,RUE DE LA KLEBSAU,98577,0,4,VC,0,1,1,,,0,1,,,,1,7,0,0,1,0
1,8,3,1,3,67,FRANCE,ALSACE,482,67482,STRASBOURG,PLACE DE HAGUENAU,98578,0,4,VC,0,1,4,,,1,1,,,,1,7,0,0,1,0
1,8,1,1,6,67,FRANCE,ALSACE,482,67482,STRASBOURG,RUE DE LAUSANNE,98580,0,4,VC,0,2,2,,,0,1,,,,1,,,,,
1,6,1,1,1,67,FRANCE,ALSACE,447,67447,SCHILTIGHEIM,ROUTE DU GENERAL DE GAULLE,98582,0,4,VC,0,2,2,,,0,1,,,,1,7,0,0,1,0
1,6,3,1,3,67,FRANCE,ALSACE,218,67218,ILLKIRCH-GRAFFENSTADEN,ROUTE BURKEL,98583,0,4,VC,0,2,2,,,0,1,,,,1,7,0,0,1,0
2,6,4,2,3,67,FRANCE,ALSACE,447,67447,SCHILTIGHEIM,RUE DES CONTADES,98591,0,4,VC,0,1,1,,,0,1,,,,1,7,0,0,1,0
1,8,1,1,3,67,FRANCE,ALSACE,482,67482,STRASBOURG,RUE DU GENERAL GOURAUD,98593,0,4,VC,0,2,2,,,0,1,,,,1,7,0,0,1,0
5,8,3,1,3,67,FRANCE,ALSACE,482,67482,STRASBOURG,RUE DE LA DIVISION LECLERC,98594,0,4,VC,0,1,1,,,1,1,,,,1,7,0,0,1,0
3,8,3,1,6,67,FRANCE,ALSACE,482,67482,STRASBOURG,RUE ERNEST MUNCH,98598,0,4,VC,0,1,1,,,1,1,,,,1,7,0,0,1,0
1,6,3,1,3,67,FRANCE,ALSACE,218,67218,ILLKIRCH-GRAFFENSTADEN,ROUTE BURKEL,98599,0,4,VC,0,2,1,,,0,0,,,,1,7,0,0,1,0
1,8,2,1,2,67,FRANCE,ALSACE,482,67482,STRASBOURG,RUE INGOLD,98608,0,4,VC,0,1,1,,,0,1,,,,1,30,0,0,1,0
1,8,3,1,3,67,FRANCE,ALSACE,482,67482,STRASBOURG,PLACE DE HAGUENAU,98612,0,4,VC,0,1,3,,,1,1,,,,1,7,0,0,1,0
1,8,3,1,3,67,FRANCE,ALSACE,482,67482,STRASBOURG,ALLEE DE LA ROBERTSAU,98618,0,4,VC,0,1,2,,,0,1,,,,1,33,0,0,1,0
1,8,2,1,3,67,FRANCE,ALSACE,482,67482,STRASBOURG,AVENUE DES VOSGES,98620,0,4,VC,0,2,4,,,0,1,,,,1,7,0,0,1,0
1,8,1,1,6,67,FRANCE,ALSACE,482,67482,STRASBOURG,RUE VAUBAN,98623,0,4,VC,0,3,2,,,2,1,,,,1,7,0,0,1,0
2,8,1,1,3,67,FRANCE,ALSACE,482,67482,STRASBOURG,QUAI LOUIS PASTEUR,98625,0,4,VC,0,2,4,,,0,1,,,,1,7,0,0,1,0
5,8,1,1,3,67,FRANCE,ALSACE,482,67482,STRASBOURG,ROUTE D OBERHAUSBERGEN,98626,0,4,VC,0,2,2,,,1,0,,,,1,7,0,0,1,0
1,8,2,1,3,67,FRANCE,ALSACE,482,67482,STRASBOURG,RUE DE LA PORTE DE L HOPITAL,98629,0,4,VC,0,1,1,,,0,1,,,,1,7,0,0,1,0
5,8,2,1,3,67,FRANCE,ALSACE,482,67482,STRASBOURG,RUE DU REMPART,98631,0,4,VC,0,2,2,,,1,1,,,,1,7,0,0,1,0
1,8,1,1,3,67,FRANCE,ALSACE,482,67482,STRASBOURG,QUAI ERNEST BEVIN,98633,0,4,VC,0,3,4,,,1,1,,,,1,7,0,0,1,0
5,8,1,1,2,67,FRANCE,ALSACE,482,67482,STRASBOURG,ROUTE DU POLYGONE,98638,0,4,VC,0,2,2,,,0,1,,,,1,7,0,0,1,0
1,1,2,1,3,67,FRANCE,ALSACE,482,67482,STRASBOURG,RUE DU THIERGARTEN,98639,0,4,VC,0,2,2,,,0,1,,,,1,7,0,0,1,0
1,8,2,1,3,67,FRANCE,ALSACE,482,67482,STRASBOURG,RUE DU MARAIS VERT,98640,0,4,VC,0,1,2,,,0,1,,,,1,7,0,0,1,0
2,6,3,5,5,67,FRANCE,ALSACE,447,67447,SCHILTIGHEIM,RUE DE COLMAR,98644,0,4,VC,0,1,1,,,0,1,,,,1,7,0,0,0,1
1,8,1,1,6,67,FRANCE,ALSACE,482,67482,STRASBOURG,QUAI FINKMATT,98646,0,9,Autre,0,1,1,,,1,5,,,,1,,0,0,0,1
1,8,2,1,3,67,FRANCE,ALSACE,482,67482,STRASBOURG,ALLEE KASTNER,98651,0,4,VC,0,3,3,,,1,1,,,,1,2,0,0,1,0
1,6,3,1,3,67,FRANCE,ALSACE,447,67447,SCHILTIGHEIM,AVENUE PIERRE MENDES FRANCE,98652,0,4,VC,0,1,1,,,1,5,,,,1,7,0,0,1,0
5,8,1,2,6,67,FRANCE,ALSACE,482,67482,STRASBOURG,AVENUE DE COLMAR,98658,4,4,VC,0,3,4,,,2,1,,,,1,,0,0,0,1
1,8,2,1,3,67,FRANCE,ALSACE,482,67482,STRASBOURG,AVENUE DE LA MARSEILLAISE,98660,0,4,VC,0,1,2,,,0,1,,,,1,7,0,0,1,0
1,8,3,1,3,67,FRANCE,ALSACE,482,67482,STRASBOURG,QUAI DES ALPES,98662,0,4,VC,0,2,2,,,0,1,,,,1,10,0,0,1,0
1,8,9,1,3,67,FRANCE,ALSACE,482,67482,STRASBOURG,RUE DU DOME,98665,0,4,VC,0,2,2,,,0,1,,,,1,7,0,0,1,0
1,8,3,1,3,67,FRANCE,ALSACE,482,67482,STRASBOURG,RUE DES BONNES GENS,98669,0,4,VC,0,1,1,,,0,1,,,,1,7,0,0,1,0
1,8,3,1,3,67,FRANCE,ALSACE,482,67482,STRASBOURG,QUAI DU MAIRE DIETRICH,98674,0,4,VC,0,2,5,,,0,1,,,,1,7,0,0,1,0
1,8,1,1,3,67,FRANCE,ALSACE,482,67482,STRASBOURG,ROUTE DES ROMAINS,98675,0,4,VC,0,2,4,,,1,5,,,,1,7,0,0,1,0
5,8,2,1,3,67,FRANCE,ALSACE,482,67482,STRASBOURG,RUE DU GENERAL ZIMMER,98676,0,4,VC,0,2,2,,,0,1,,,,1,7,0,0,1,0
2,8,2,1,3,67,FRANCE,ALSACE,482,67482,STRASBOURG,QUAI SAINT ETIENNE,98698,0,4,VC,0,1,1,,,1,1,,,,1,10,0,0,1,0
1,8,2,1,3,67,FRANCE,ALSACE,482,67482,STRASBOURG,ROUTE DU RHIN,98703,2,4,VC,0,0,5,,,1,1,,,,1,10,0,0,1,0
5,8,3,2,3,67,FRANCE,ALSACE,482,67482,STRASBOURG,RUE GOETHE,98704,0,4,VC,0,1,1,,,1,1,,,,1,7,0,0,1,0
5,8,2,2,1,67,FRANCE,ALSACE,482,67482,STRASBOURG,RUE DES BOUCHERS,98706,0,4,VC,0,1,2,,,0,1,,,,1,7,0,0,1,0
1,8,2,1,6,67,FRANCE,ALSACE,482,67482,STRASBOURG,RUE DES ETUDIANTS,98707,0,4,VC,0,1,1,,,0,1,,,,1,,0,0,0,1
1,8,2,1,3,67,FRANCE,ALSACE,482,67482,STRASBOURG,RUE EHRMANN,98711,0,4,VC,0,2,2,,,0,1,,,,1,7,0,0,1,0
5,8,1,2,1,67,FRANCE,ALSACE,482,67482,STRASBOURG,RUE DU LANDSBERG,98712,0,4,VC,0,1,2,,,1,5,,,,1,,0,0,0,1
5,8,3,2,6,67,FRANCE,ALSACE,482,67482,STRASBOURG,QUAI DES BATELIERS,98713,0,4,VC,0,2,2,,,0,1,,,,1,7,0,0,1,0
1,8,1,2,3,67,FRANCE,ALSACE,482,67482,STRASBOURG,ROUTE DE MITTELHAUSBERGEN,98715,0,4,VC,0,2,2,,,0,1,,,,1,7,0,0,1,0
1,8,2,2,3,67,FRANCE,ALSACE,482,67482,STRASBOURG,PLACE SEBASTIEN BRANT,98717,0,4,VC,0,2,4,,,0,0,,,,1,7,0,0,1,0
1,8,2,1,3,67,FRANCE,ALSACE,482,67482,STRASBOURG,RUE HENRI FRENAY,98719,0,4,VC,0,2,2,,,0,1,,,,1,7,0,0,1,0
5,8,2,1,3,67,FRANCE,ALSACE,482,67482,STRASBOURG,AVENUE ARISTIDE BRIAND,98720,0,4,VC,0,2,2,,,0,1,,,,1,7,0,0,1,0
5,8,1,1,1,67,FRANCE,ALSACE,482,67482,STRASBOURG,RUE DU VIEUX MARCHE AUX POISSONS,98722,0,4,VC,0,1,1,,,2,1,,,,1,7,0,0,1,0
1,8,3,1,3,67,FRANCE,ALSACE,482,67482,STRASBOURG,AVENUE DE LA MARSEILLAISE,98730,4,4,VC,0,1,1,,,0,1,,,,1,7,0,0,1,0
1,5,1,1,2,67,FRANCE,ALSACE,462,67462,SELESTAT,RUE SAINTE BARBE,98742,0,4,VC,0,2,2,,,0,1,,,,1,7,0,0,1,0
5,8,1,2,3,67,FRANCE,ALSACE,482,67482,STRASBOURG,RUE DU VIEUX MARCHE AUX POISSONS,98746,0,4,VC,0,1,1,,,0,1,,,,1,2,0,0,1,0
1,8,1,1,3,67,FRANCE,ALSACE,482,67482,STRASBOURG,RUE DU MARAIS VERT,98747,0,4,VC,0,2,1,,,0,0,,,,1,10,0,0,1,0
2,8,1,1,3,67,FRANCE,ALSACE,482,67482,STRASBOURG,AVENUE DU GENERAL DE GAULLE,98748,0,4,VC,0,2,2,,,1,1,,,,1,7,0,0,1,0
5,8,3,2,3,67,FRANCE,ALSACE,482,67482,STRASBOURG,RUE DE LA VILLETTE,98752,0,4,VC,0,2,3,,,1,5,,,,1,7,0,0,1,0
5,6,6,1,3,67,FRANCE,ALSACE,218,67218,ILLKIRCH-GRAFFENSTADEN,QUAI DE L'ILL,98754,0,4,VC,0,2,2,,,0,1,,,,1,7,0,0,1,0
1,8,2,1,3,67,FRANCE,ALSACE,482,67482,STRASBOURG,BOULEVARD DE LA MARNE,98760,0,4,VC,0,2,3,,,0,1,,,,1,7,0,0,1,0
1,8,2,1,3,67,FRANCE,ALSACE,482,67482,STRASBOURG,BOULEVARD DE LA DORDOGNE,98764,0,4,VC,0,2,4,,,0,1,,,,1,7,0,0,1,0
5,8,3,2,3,67,FRANCE,ALSACE,482,67482,STRASBOURG,RUE DU SCHNOKELOCH,98770,0,4,VC,0,2,2,,,0,0,,,,1,7,0,0,1,0
5,8,1,1,3,67,FRANCE,ALSACE,482,67482,STRASBOURG,BOULEVARD DE L'ORANGERIE,98784,0,4,VC,0,2,2,,,0,1,,,,1,7,0,0,1,0
1,8,4,1,3,67,FRANCE,ALSACE,482,67482,STRASBOURG,AVENUE DANTE,98785,0,4,VC,0,1,1,,,0,1,,,,1,7,0,0,1,0
1,8,1,1,6,67,FRANCE,ALSACE,482,67482,STRASBOURG,PLACE D ATHENES,98788,0,4,VC,0,2,2,,,0,1,,,,1,7,0,0,1,0
1,8,2,1,3,67,FRANCE,ALSACE,482,67482,STRASBOURG,ROUTE DES ROMAINS,98798,0,4,VC,0,2,3,,,0,1,,,,1,7,0,0,1,0
2,8,1,2,3,67,FRANCE,ALSACE,482,67482,STRASBOURG,BOULEVARD DE LA VICTOIRE,98808,0,4,VC,0,2,1,,,1,5,,,,1,,0,0,1,0
1,8,4,1,3,67,FRANCE,ALSACE,482,67482,STRASBOURG,RUE DES DUCS,98814,0,4,VC,0,2,2,,,1,1,,,,1,7,0,0,1,0
1,8,3,1,6,67,FRANCE,ALSACE,482,67482,STRASBOURG,RUE DE LA NUEE BLEUE,98815,0,4,VC,0,2,2,1,0,0,1,,,,1,7,0,0,1,0
1,8,1,1,1,67,FRANCE,ALSACE,482,67482,STRASBOURG,RUE PAUL JANET,98816,0,4,VC,0,2,2,,,0,1,,,,1,7,0,0,1,0
1,8,3,1,2,67,FRANCE,ALSACE,482,67482,STRASBOURG,BOULEVARD PAUL DEROULEDE,98824,0,4,VC,0,2,2,,,0,1,,,,1,7,0,0,1,0
1,6,1,1,3,67,FRANCE,ALSACE,447,67447,SCHILTIGHEIM,ROUTE DU GENERAL DE GAULLE,98825,0,2,RN,0,0,0,,,0,1,,,,1,7,0,0,1,0
1,5,2,1,3,67,FRANCE,ALSACE,267,67267,LINGOLSHEIM,RUE DU MOLKENBRONN,98840,0,4,VC,0,2,2,,,0,1,,,,1,,0,0,1,0
1,8,2,1,3,67,FRANCE,ALSACE,482,67482,STRASBOURG,RUE DES JACINTHES,98849,0,4,VC,0,2,2,,,0,1,,,,1,7,0,0,1,0
1,8,1,1,3,67,FRANCE,ALSACE,482,67482,STRASBOURG,PONT DE L'EUROPE,98853,0,4,VC,0,2,4,,,1,1,,,,1,7,0,0,1,0
3,8,2,1,3,67,FRANCE,ALSACE,482,67482,STRASBOURG,RUE RAPHAEL,98854,0,4,VC,0,2,2,,,0,1,,,,1,,0,0,0,1
1,8,2,1,3,67,FRANCE,ALSACE,482,67482,STRASBOURG,QUAI LOUIS PASTEUR,98855,0,4,VC,0,2,4,1,0,0,1,,,,1,14,0,0,1,0
1,8,1,1,6,67,FRANCE,ALSACE,482,67482,STRASBOURG,AVENUE DE LA MARSEILLAISE,98857,0,4,VC,0,1,1,,,1,5,,,,1,,0,0,0,1
1,8,2,1,3,67,FRANCE,ALSACE,482,67482,STRASBOURG,QUAI DU MAIRE DIETRICH,98858,0,4,VC,0,1,2,,,0,1,,,,1,7,0,0,1,0
1,8,1,2,1,67,FRANCE,ALSACE,482,67482,STRASBOURG,RUE DE LA REDOUTE,98869,0,4,VC,0,2,2,,,1,1,,,,1,7,0,0,1,0
1,8,1,1,1,67,FRANCE,ALSACE,482,67482,STRASBOURG,AVENUE DE NORMANDIE,98872,2,4,VC,0,2,2,,,1,5,,,,1,2,0,0,1,0
1,8,1,2,3,67,FRANCE,ALSACE,482,67482,STRASBOURG,RUE DU FAUBOURG DE PIERRE,98874,0,4,VC,0,2,3,,,0,1,,,,1,2,0,0,0,1
1,5,3,1,3,67,FRANCE,ALSACE,043,67043,BISCHHEIM,RUE DES MAIRES SCHAUB,98875,0,4,VC,0,2,2,,,1,1,,,,1,7,0,0,1,0
1,8,2,1,3,67,FRANCE,ALSACE,482,67482,STRASBOURG,RUE AUGUSTE LAMEY,98884,0,4,VC,0,2,2,,,0,0,,,,1,7,0,0,1,0
1,8,3,1,1,67,FRANCE,ALSACE,482,67482,STRASBOURG,RUE DE LA SANDRE,98890,0,4,VC,0,2,2,,,0,0,,,,1,7,0,0,1,0
1,8,1,1,1,67,FRANCE,ALSACE,482,67482,STRASBOURG,QUAI SAINT THOMAS,98892,0,4,VC,0,1,1,,,0,1,,,,1,30,0,0,0,1
1,5,2,1,3,67,FRANCE,ALSACE,043,67043,BISCHHEIM,RUE DE LORRAINE,98895,0,4,VC,0,1,1,,,0,1,,,,1,7,0,0,1,0
1,8,1,1,3,67,FRANCE,ALSACE,482,67482,STRASBOURG,ALLEE RENE CASSIN,98896,0,4,VC,0,1,30,,,0,1,,,,1,7,0,0,1,0
1,8,1,1,3,67,FRANCE,ALSACE,482,67482,STRASBOURG,ALLEE DE LA ROBERTSAU,98898,0,4,VC,0,3,4,,,0,1,,,,1,7,0,0,1,0
1,8,3,1,3,67,FRANCE,ALSACE,482,67482,STRASBOURG,RUE PAUL REISS,98899,0,4,VC,0,1,2,,,0,5,,,,1,7,0,0,1,0
1,6,1,1,2,67,FRANCE,ALSACE,447,67447,SCHILTIGHEIM,ROUTE DE BISCHWILLER,98908,0,4,VC,0,2,2,,,0,1,,,,1,7,0,0,1,0
1,5,3,1,3,67,FRANCE,ALSACE,043,67043,BISCHHEIM,RUE DES CHANTIERS,98909,0,4,VC,0,1,1,,,0,0,,,,1,7,0,0,1,0
1,8,1,8,1,67,FRANCE,ALSACE,482,67482,STRASBOURG,RUE DES GRANDES ARCADES,98913,6,4,VC,0,2,1,,,3,1,,,,1,,,,,
1,8,1,1,6,67,FRANCE,ALSACE,482,67482,STRASBOURG,QUAI LOUIS PASTEUR,98914,0,4,VC,0,2,4,,,1,5,,,,1,,0,0,0,1
1,8,4,3,3,67,FRANCE,ALSACE,482,67482,STRASBOURG,RUE DE LA STATION,98916,0,4,VC,0,2,2,,,0,1,,,,1,7,0,0,1,0
1,5,3,1,3,67,FRANCE,ALSACE,043,67043,BISCHHEIM,RUE DES MAIRES PFRIMMER,98917,0,4,VC,0,1,2,,,0,5,,,,1,7,0,0,1,0
1,6,3,1,3,67,FRANCE,ALSACE,218,67218,ILLKIRCH-GRAFFENSTADEN,AVENUE ACHILLE BAUMANN,98918,0,4,VC,0,3,2,,,1,1,,,,1,10,0,0,1,0