lum,agg,int,atm,col,dep_bis,pays,region,com_bis,com_codeINSEE,communes,N_voie,numac,infra,catr,type_route,voie,circ,nbv,pr,pr1,vosp,situ,lat,long,adr,accident_velo,vehicule_imp,cycl_mort,cycl_bgv,cycl_blg,cycl_indm
1,6,2,8,3,67,FRANCE,ALSACE,447,67447,SCHILTIGHEIM,RUE DU SOLEIL ,98919,0,4,VC,0,1,1,,,0,1,,,,1,7,0,0,1,0
5,8,1,1,6,67,FRANCE,ALSACE,482,67482,STRASBOURG,QUAI LOUIS PASTEUR,98920,0,4,VC,0,2,4,,,0,1,,,,1,,0,0,1,0
1,8,2,2,3,67,FRANCE,ALSACE,482,67482,STRASBOURG,BOULEVARD PIERRE PFLIMLIN,98922,0,4,VC,0,2,4,,,1,1,,,,1,20,0,0,1,0
1,8,1,2,3,67,FRANCE,ALSACE,482,67482,STRASBOURG,RUE DE L'ABBE LEMIRE,98923,0,4,VC,0,2,2,,,1,1,,,,1,7,0,0,1,0
1,8,2,1,3,67,FRANCE,ALSACE,482,67482,STRASBOURG,RUE DE RATHSAMHAUSEN,98924,0,4,VC,0,3,4,,,0,1,,,,1,7,0,0,1,0
1,1,3,1,3,67,FRANCE,ALSACE,482,67482,STRASBOURG,AVENUE VICTOR SCHOELCHER,98926,0,4,VC,0,2,4,,,3,1,,,,1,40,0,0,1,0
1,8,1,1,3,67,FRANCE,ALSACE,482,67482,STRASBOURG,RUE JEAN GIRAUDOUX,98929,0,4,VC,0,1,2,,,0,4,,,,1,7,0,0,1,0
1,6,2,1,3,67,FRANCE,ALSACE,447,67447,SCHILTIGHEIM,RUE DU TRIBUNAL,98931,0,4,VC,0,2,2,,,0,1,,,,1,40,0,0,1,0
1,8,1,1,3,67,FRANCE,ALSACE,482,67482,STRASBOURG,BOULEVARD CLEMENCEAU,98940,0,4,VC,0,2,4,,,1,1,,,,1,7,0,0,1,0
1,8,1,1,2,67,FRANCE,ALSACE,482,67482,STRASBOURG,RUE DES FRERES,98943,0,4,VC,0,1,1,,,0,1,,,,1,10,0,0,1,0
1,8,3,1,6,67,FRANCE,ALSACE,482,67482,STRASBOURG,RUE MERCIERE,98945,0,4,VC,0,1,1,,,0,1,,,,1,,0,0,0,1
1,8,1,1,3,67,FRANCE,ALSACE,482,67482,STRASBOURG,QUAI DES ALPES,98948,0,4,VC,0,2,3,,,0,1,,,,1,7,0,0,1,0
1,4,9,1,1,67,FRANCE,ALSACE,281,67281,MARCKOLSHEIM,Parking 0,98952,0,6,Parking,0,0,0,0,0,0,0,4817200,755500,,1,7,0,0,1,0
1,1,1,1,3,67,FRANCE,ALSACE,544,67544,WISSEMBOURG,RD 77,98959,0,3,RD,77,2,2,13,500,0,1,4903300,792300,,1,21,0,0,1,0
1,8,2,1,3,67,FRANCE,ALSACE,482,67482,STRASBOURG,RUE HUMANN,98965,0,4,VC,0,2,2,,,0,1,,,,1,7,0,0,1,0
1,8,1,1,3,67,FRANCE,ALSACE,482,67482,STRASBOURG,ROUTE DU POLYGONE,98973,0,4,VC,0,2,3,,,0,1,,,,1,7,0,0,1,0
1,8,2,1,6,67,FRANCE,ALSACE,482,67482,STRASBOURG,RUE DE LA BRIGADE ALSACE LORRAINE,98975,0,4,VC,0,2,4,,,0,0,,,,1,7,0,0,1,0
1,8,2,1,3,67,FRANCE,ALSACE,482,67482,STRASBOURG,RUE MOLL,98976,0,4,VC,0,2,2,,,0,1,,,,1,,0,0,0,1
1,6,3,1,3,67,FRANCE,ALSACE,218,67218,ILLKIRCH-GRAFFENSTADEN,RUE DE LA NIEDERBOURG,98982,0,4,VC,0,2,2,,,0,5,,,,1,7,0,0,1,0
1,8,3,1,3,67,FRANCE,ALSACE,482,67482,STRASBOURG,RUE DE LA LIBERATION,98983,0,4,VC,0,1,1,,,0,1,,,,1,7,0,0,1,0
1,8,1,1,2,67,FRANCE,ALSACE,482,67482,STRASBOURG,AVENUE DE LA FORET NOIRE,98984,0,4,VC,0,2,4,,,0,1,,,,1,7,0,0,1,0
1,8,2,1,3,67,FRANCE,ALSACE,482,67482,STRASBOURG,RUE RICHARD WAGNER,98988,0,4,VC,0,3,4,,,2,1,,,,1,7,0,0,1,0
1,6,2,1,3,67,FRANCE,ALSACE,218,67218,ILLKIRCH-GRAFFENSTADEN,RUE DES MACONS,98993,0,4,VC,0,2,2,,,0,1,,,,1,7,0,0,1,0
1,8,1,1,6,67,FRANCE,ALSACE,482,67482,STRASBOURG,AVENUE DE COLMAR,98994,4,4,VC,0,2,3,,,2,5,,,,1,,0,0,1,0
1,8,1,1,2,67,FRANCE,ALSACE,482,67482,STRASBOURG,BOULEVARD DE NANCY,98997,0,4,VC,0,2,3,,,0,1,,,,1,7,0,0,1,0
1,6,1,1,3,67,FRANCE,ALSACE,218,67218,ILLKIRCH-GRAFFENSTADEN,RUE D'ALSACE,99012,0,4,VC,0,2,2,,,2,5,,,,1,10,0,0,1,0
1,8,4,1,3,67,FRANCE,ALSACE,482,67482,STRASBOURG,RUE DU GAZON,99015,0,4,VC,0,1,1,,,2,5,,,,1,7,0,0,1,0
1,8,2,1,3,67,FRANCE,ALSACE,482,67482,STRASBOURG,RUE GEROLDSECK,99016,0,4,VC,0,2,2,,,0,1,,,,1,7,0,0,1,0
1,8,1,1,6,67,FRANCE,ALSACE,482,67482,STRASBOURG,RUE WIMPHELING,99028,0,4,VC,0,2,2,,,0,1,,,,1,,0,0,0,1
1,8,1,1,3,67,FRANCE,ALSACE,482,67482,STRASBOURG,AVENUE SHAKESPEARE,99030,0,4,VC,0,2,5,,,0,1,,,,1,14,0,0,1,0
1,8,1,1,3,67,FRANCE,ALSACE,482,67482,STRASBOURG,RUE BOECKLIN,99037,0,4,VC,0,2,2,,,0,1,,,,1,37,0,0,1,0
1,8,3,1,3,67,FRANCE,ALSACE,482,67482,STRASBOURG,RUE DES DUCS,99039,0,4,VC,0,2,3,,,0,5,,,,1,7,0,0,1,0
1,8,1,1,3,67,FRANCE,ALSACE,482,67482,STRASBOURG,ROUTE DU POLYGONE,99041,0,4,VC,0,2,2,,,0,1,,,,1,37,0,0,1,0
1,5,2,1,2,67,FRANCE,ALSACE,204,67204,HOENHEIM,ROUTE DE LA WANTZENAU ,99042,0,4,VC,0,2,2,,,0,0,,,,1,7,0,0,1,0
1,8,1,1,6,67,FRANCE,ALSACE,482,67482,STRASBOURG,RUE DE RATHSAMHAUSEN,99054,0,4,VC,0,2,2,,,0,1,,,,1,7,0,0,1,0
1,6,1,1,6,67,FRANCE,ALSACE,447,67447,SCHILTIGHEIM,RUE DE BENFELD,99056,0,4,VC,0,2,1,,,0,0,,,,1,,,,,
1,8,2,1,3,67,FRANCE,ALSACE,482,67482,STRASBOURG,RUE DU GENERAL GOURAUD,99057,0,4,VC,0,2,2,,,0,1,,,,1,7,0,0,1,0
1,6,1,2,2,67,FRANCE,ALSACE,218,67218,ILLKIRCH-GRAFFENSTADEN,ROUTE DE LYON ,99060,0,4,VC,0,2,2,,,0,1,,,,1,7,0,0,1,0
1,8,1,1,3,67,FRANCE,ALSACE,482,67482,STRASBOURG,RUE MONTESQUIEU ,99061,0,4,VC,0,1,1,,,3,1,,,,1,7,0,0,1,0
1,8,2,1,6,67,FRANCE,ALSACE,482,67482,STRASBOURG,ROUTE DE L  ILE DES EPIS,99066,0,4,VC,0,2,2,,,0,1,,,,1,7,0,0,1,0
1,6,1,1,6,67,FRANCE,ALSACE,218,67218,ILLKIRCH-GRAFFENSTADEN,RUE DES ROSEAUX,99073,0,4,VC,0,2,2,,,1,5,,,,1,7,0,0,1,0
1,6,2,1,3,67,FRANCE,ALSACE,218,67218,ILLKIRCH-GRAFFENSTADEN,RUE ALBERT CAMUS,99075,0,4,VC,0,2,2,,,0,1,,,,1,7,0,0,1,0
1,8,3,1,3,67,FRANCE,ALSACE,482,67482,STRASBOURG,ROUTE DU POLYGONE,99092,0,4,VC,0,2,2,,,0,1,,,,1,13,0,0,1,0
1,8,1,1,6,67,FRANCE,ALSACE,482,67482,STRASBOURG,RUE MATHIAS GRUNEWALD,99099,0,4,VC,0,2,2,,,0,1,,,,1,2,0,0,1,0
1,8,3,1,3,67,FRANCE,ALSACE,482,67482,STRASBOURG,RUE JACQUES KABLE,99100,0,4,VC,0,2,2,,,0,1,,,,1,7,0,0,1,0
1,8,7,1,6,67,FRANCE,ALSACE,482,67482,STRASBOURG,PLACE DE BORDEAUX,99104,0,4,VC,0,1,1,,,0,1,,,,1,7,0,0,1,0
1,8,1,1,1,67,FRANCE,ALSACE,482,67482,STRASBOURG,QUAI ERNEST BEVIN,99113,0,4,VC,0,2,2,,,1,5,,,,1,,0,0,0,1
1,8,3,1,6,67,FRANCE,ALSACE,482,67482,STRASBOURG,RUE DE MOLSHEIM,99114,0,4,VC,0,2,2,,,0,4,,,,1,,0,0,0,1
1,8,1,1,1,67,FRANCE,ALSACE,482,67482,STRASBOURG,RUE DE PERIGUEUX,99116,0,4,VC,0,2,2,,,0,1,,,,1,7,0,0,1,0
1,8,2,1,3,67,FRANCE,ALSACE,482,67482,STRASBOURG,AVENUE MOLIERE,99117,0,4,VC,0,1,1,,,0,1,,,,1,7,0,0,1,0
1,8,1,1,6,67,FRANCE,ALSACE,482,67482,STRASBOURG,RUE DE LA MESANGE,99118,6,4,VC,0,2,2,,,3,1,,,,1,,0,0,0,1
5,8,3,1,6,67,FRANCE,ALSACE,482,67482,STRASBOURG,RUE DU FAUBOURG NATIONAL,99127,0,4,VC,0,2,2,1,0,0,1,,,,1,7,0,0,1,0
1,8,1,1,6,67,FRANCE,ALSACE,482,67482,STRASBOURG,RUE DU FAUBOURG NATIONAL,99146,0,4,VC,0,2,2,,,0,1,,,,1,7,0,0,1,0
5,6,2,2,3,67,FRANCE,ALSACE,447,67447,SCHILTIGHEIM,RUE DU MARAIS,99150,0,4,VC,0,2,2,,,0,5,,,,1,7,0,0,1,0
5,8,3,2,3,67,FRANCE,ALSACE,482,67482,STRASBOURG,QUAI DES ALPES,99152,0,4,VC,0,2,3,,,0,1,,,,1,7,0,0,1,0
2,6,1,1,1,67,FRANCE,ALSACE,447,67447,SCHILTIGHEIM,RUE DU BARRAGE,99160,0,4,VC,0,2,2,,,2,1,,,,1,7,0,0,1,0
1,8,2,1,3,67,FRANCE,ALSACE,482,67482,STRASBOURG,RUE MOLL,99162,0,4,VC,0,1,1,,,0,1,,,,1,7,0,0,1,0
5,8,5,1,6,67,FRANCE,ALSACE,482,67482,STRASBOURG,AVENUE DE LA FORET NOIRE,99164,0,4,VC,0,0,5,1,0,0,1,,,,1,7,0,0,1,0
5,8,3,1,3,67,FRANCE,ALSACE,482,67482,STRASBOURG,RUE DU ROETHIG,99165,0,4,VC,0,2,3,,,3,1,,,,1,7,0,0,1,0
1,8,3,1,3,67,FRANCE,ALSACE,482,67482,STRASBOURG,QUAI DES ALPES,99171,0,4,VC,0,2,2,,,0,1,,,,1,7,0,0,1,0
1,8,3,1,3,67,FRANCE,ALSACE,482,67482,STRASBOURG,ROUTE DE MITTELHAUSBERGEN,99176,0,4,VC,0,4,3,,,0,1,,,,1,7,0,0,1,0
5,8,2,2,1,67,FRANCE,ALSACE,482,67482,STRASBOURG,RUE WELSCH,99180,0,4,VC,0,2,2,,,0,1,,,,1,7,0,0,1,0
5,8,2,2,3,67,FRANCE,ALSACE,482,67482,STRASBOURG,RUE DE LONDRES,99188,0,4,VC,0,3,2,,,1,1,,,,1,7,0,0,1,0
3,1,1,4,1,67,FRANCE,ALSACE,130,67130,ERSTEIN,RD 426,99197,0,3,RD,426,3,2,0,0,0,1,4841000,764000,,1,15,0,0,0,1
1,8,3,1,3,67,FRANCE,ALSACE,482,67482,STRASBOURG,RUE DU CHAMP DE MANOEUVRE,99203,0,4,VC,0,2,2,,,0,1,,,,1,7,0,0,1,0
1,8,2,1,3,67,FRANCE,ALSACE,482,67482,STRASBOURG,AVENUE JEAN JAURES,99209,0,4,VC,0,2,2,,,1,1,,,,1,7,0,0,1,0
5,8,3,1,3,67,FRANCE,ALSACE,482,67482,STRASBOURG,RUE SCHACH,99216,0,4,VC,0,2,1,,,0,1,,,,1,7,0,0,1,0
1,8,2,2,3,67,FRANCE,ALSACE,482,67482,STRASBOURG,QUAI DES ALPES,99218,4,4,VC,0,2,3,,,1,5,,,,1,7,0,0,1,0
5,8,2,1,3,67,FRANCE,ALSACE,482,67482,STRASBOURG,RUE DE ROME,99233,0,4,VC,0,2,2,,,0,1,,,,1,7,0,0,1,0
5,8,2,1,3,67,FRANCE,ALSACE,482,67482,STRASBOURG,RUE BEETHOVEN,99234,0,4,VC,0,2,2,,,0,1,,,,1,7,0,0,1,0
1,8,2,1,3,67,FRANCE,ALSACE,482,67482,STRASBOURG,AVENUE JEAN JAURES,99245,0,4,VC,0,2,3,,,0,1,,,,1,7,0,0,1,0
5,8,1,2,3,67,FRANCE,ALSACE,482,67482,STRASBOURG,RUE DU LANDSBERG,99247,0,4,VC,0,2,2,,,0,1,,,,1,10,0,0,1,0
1,8,3,2,3,67,FRANCE,ALSACE,482,67482,STRASBOURG,PLACE SAINT PIERRE LE JEUNE,99251,0,4,VC,0,1,1,,,0,1,,,,1,7,0,0,1,0
5,8,3,1,3,67,FRANCE,ALSACE,482,67482,STRASBOURG,RUE DES BATELIERS,99267,0,4,VC,0,2,2,,,2,1,,,,1,7,0,0,1,0
1,6,1,1,6,67,FRANCE,ALSACE,447,67447,SCHILTIGHEIM,ROUTE DE BISCHWILLER,99270,0,4,VC,0,2,2,,,0,1,,,,1,7,0,0,1,0
1,6,1,2,2,67,FRANCE,ALSACE,447,67447,SCHILTIGHEIM,ROUTE DE BISCHWILLER,99272,0,4,VC,0,2,2,,,0,1,,,,1,10,0,0,1,0
5,8,2,1,3,67,FRANCE,ALSACE,482,67482,STRASBOURG,PISTE MAURICE GARIN,99278,0,4,VC,0,2,2,,,1,5,,,,1,2,0,0,1,0
1,8,1,5,6,67,FRANCE,ALSACE,482,67482,STRASBOURG,ROUTE DU POLYGONE,99279,0,4,VC,0,2,3,,,0,1,,,,1,7,0,0,1,0
5,8,2,1,3,67,FRANCE,ALSACE,482,67482,STRASBOURG,BOULEVARD DU PRESIDENT POINCARE,99298,0,4,VC,0,3,0,0,0,0,1,4859000,774191,,1,7,0,0,1,1
1,8,1,1,3,67,FRANCE,ALSACE,482,67482,STRASBOURG,RUE DU JURA,99300,0,4,VC,0,2,2,0,0,0,1,4857660,775962,,1,7,0,0,1,0
1,8,2,1,5,67,FRANCE,ALSACE,482,67482,STRASBOURG,RUE DIETTERLIN,99303,0,4,VC,0,2,2,0,0,0,1,4855550,775252,,1,7,0,0,1,0
1,8,3,1,1,67,FRANCE,ALSACE,482,67482,STRASBOURG,RUE DE NOMENY,99304,0,4,VC,0,1,1,0,0,1,1,0,0,,1,7,0,0,1,0
5,8,2,1,3,67,FRANCE,ALSACE,482,67482,STRASBOURG,RUE GOETHE,99308,0,4,VC,0,2,2,0,0,0,1,0,0,,1,7,0,0,1,0
1,8,3,1,3,67,FRANCE,ALSACE,482,67482,STRASBOURG,RUE FIX,99315,0,4,VC,0,1,1,0,0,1,5,0,0,,1,7,0,0,1,0
2,8,2,1,6,67,FRANCE,ALSACE,482,67482,STRASBOURG,PONT SAINT GUILLAUME,99317,0,4,VC,0,2,2,0,0,0,1,4858150,775519,,1,7,0,0,1,0
5,6,9,1,3,67,FRANCE,ALSACE,447,67447,SCHILTIGHEIM,AVENUE DE L'EUROPE,99319,5,4,VC,0,2,2,0,0,0,1,0,0,,1,7,0,0,1,0
5,8,1,1,3,67,FRANCE,ALSACE,482,67482,STRASBOURG,ROND-POINT DE L'ESPLANADE,99330,0,4,VC,0,2,2,0,0,0,1,4857700,776904,,1,7,0,0,1,0
5,4,1,2,3,67,FRANCE,ALSACE,028,67028,BENFELD,VC 1,99335,5,4,VC,1,2,2,0,0,0,1,4837190,759800,,1,7,0,0,1,0
1,8,2,1,3,67,FRANCE,ALSACE,482,67482,STRASBOURG,BOULEVARD DE NANCY,99337,0,4,VC,0,3,5,0,0,0,4,4857950,773083,,1,,0,0,0,1
1,8,1,9,3,67,FRANCE,ALSACE,482,67482,STRASBOURG,RUE BADEN POWELL,99347,0,4,VC,0,2,2,0,0,0,1,4859700,769080,,1,7,0,0,1,0
1,8,3,1,6,67,FRANCE,ALSACE,482,67482,STRASBOURG,RUE DE LA BROQUE,99349,0,4,VC,0,2,2,1,0,0,1,4857780,772709,,1,7,0,0,1,0
4,6,2,4,6,67,FRANCE,ALSACE,447,67447,SCHILTIGHEIM,ROUTE DU GENERAL DE GAULLE,99364,0,4,VC,0,2,5,0,0,0,1,4860670,773628,,1,10,0,0,1,0
1,8,2,1,3,67,FRANCE,ALSACE,482,67482,STRASBOURG,RUE DU MARECHAL JUIN,99365,0,4,VC,0,2,3,0,0,0,1,4857880,775961,,1,7,0,0,1,0
5,8,1,1,6,67,FRANCE,ALSACE,482,67482,STRASBOURG,AVENUE DE COLMAR,99369,0,4,VC,0,1,1,0,0,1,5,4856740,775178,,1,2,0,0,1,0
5,8,1,1,3,67,FRANCE,ALSACE,482,67482,STRASBOURG,RUE MATHIAS GRUNEWALD,99371,0,4,VC,0,2,2,0,0,0,1,4856670,772326,,1,7,0,0,1,0
1,6,1,1,3,67,FRANCE,ALSACE,218,67218,ILLKIRCH-GRAFFENSTADEN,RUE DU GUNSBACH,99374,0,4,VC,0,2,2,0,0,0,1,4851520,772240,,1,7,0,0,1,0
5,8,1,3,6,67,FRANCE,ALSACE,482,67482,STRASBOURG,ALLEE DE LA ROBERTSAU,99378,0,4,VC,0,0,2,0,0,0,1,4858910,776635,,1,7,0,0,1,0
1,8,2,1,3,67,FRANCE,ALSACE,482,67482,STRASBOURG,RUE DU BAN DE SAPT,99379,0,4,VC,0,1,1,0,0,0,1,0,0,,1,7,0,0,1,0
1,8,1,1,6,67,FRANCE,ALSACE,482,67482,STRASBOURG,ROUTE DU POLYGONE,99380,0,4,VC,0,2,2,0,0,2,5,0,0,,1,7,0,0,1,0
5,8,2,2,3,67,FRANCE,ALSACE,482,67482,STRASBOURG,QUAI DES ALPES,99381,0,4,VC,0,2,3,0,0,2,1,4857460,777039,,1,7,0,0,1,0
1,8,3,1,6,67,FRANCE,ALSACE,482,67482,STRASBOURG,RUE DE HOCHFELDEN,99383,0,4,VC,0,2,4,0,0,1,1,0,0,,1,7,0,0,1,0
5,8,3,2,3,67,FRANCE,ALSACE,482,67482,STRASBOURG,Edmond MICHELET,99389,0,4,VC,0,2,4,0,0,0,0,4857450,777159,,1,7,0,0,1,0
1,8,2,1,3,67,FRANCE,ALSACE,482,67482,STRASBOURG,RUE VAUBAN,99390,0,4,VC,0,0,2,0,0,0,0,4857900,776917,,1,37,0,0,1,0
1,6,3,1,6,67,FRANCE,ALSACE,447,67447,SCHILTIGHEIM,ROUTE DE BISCHWILLER,99391,0,4,VC,0,2,2,0,0,0,1,4860320,774647,,1,7,0,0,1,0
1,8,2,1,3,67,FRANCE,ALSACE,482,67482,STRASBOURG,RUE DE KOENIGSHOFFEN,99392,0,4,VC,0,2,4,0,0,1,1,4858060,772768,,1,7,0,0,1,0
1,8,2,8,1,67,FRANCE,ALSACE,482,67482,STRASBOURG,PLACE BROGLIE,99393,4,4,VC,0,1,1,0,0,3,1,4858570,774733,,1,7,0,0,1,0
1,8,1,1,6,67,FRANCE,ALSACE,482,67482,STRASBOURG,BOULEVARD DE LA VICTOIRE,99395,0,4,VC,0,2,2,0,0,1,5,4858340,776192,,1,,0,0,0,1
1,8,1,1,6,67,FRANCE,ALSACE,482,67482,STRASBOURG,ROUTE DES ROMAINS,99397,0,4,VC,0,2,2,0,0,1,5,4858060,772120,,1,7,0,0,1,0
1,8,2,1,3,67,FRANCE,ALSACE,482,67482,STRASBOURG,AVENUE D'ALSACE,99400,0,4,VC,0,2,4,0,0,0,1,4858720,776027,,1,7,0,0,1,0
1,5,2,1,3,67,FRANCE,ALSACE,043,67043,BISCHHEIM,RUE DE LORRAINE,99409,0,4,VC,0,2,2,0,0,0,1,0,0,,1,7,0,0,1,0
1,6,1,1,3,67,FRANCE,ALSACE,447,67447,SCHILTIGHEIM,ROUTE DE HAUSBERGEN,99411,0,4,VC,0,2,2,0,0,1,1,0,0,,1,7,0,0,1,0
1,8,1,1,3,67,FRANCE,ALSACE,482,67482,STRASBOURG,RUE DES PONTONNIERS,99417,0,4,VC,0,2,2,0,0,0,1,0,0,,1,7,0,0,1,0
1,8,3,1,3,67,FRANCE,ALSACE,482,67482,STRASBOURG,RUE DE LA CHARITE,99425,0,4,VC,0,1,1,0,0,0,1,0,0,,1,7,0,0,1,0
1,8,3,1,6,67,FRANCE,ALSACE,482,67482,STRASBOURG,RUE DU JURA,99426,0,4,VC,0,2,2,0,0,0,1,0,0,,1,7,0,0,1,0
1,8,1,1,6,67,FRANCE,ALSACE,482,67482,STRASBOURG,ROUTE DE SCHIRMECK,99428,0,4,VC,0,2,4,0,0,1,5,0,0,,1,,0,0,0,1
1,3,1,1,3,67,FRANCE,ALSACE,368,67368,OTTROTT,RD 426,99430,5,3,RD,426,2,2,19,894,0,1,4846070,743364,,1,7,0,0,1,0
1,8,3,1,3,67,FRANCE,ALSACE,482,67482,STRASBOURG,RUE MELANIE,99435,0,4,VC,0,2,1,0,0,0,1,0,0,,1,7,0,0,1,0
1,8,1,1,3,67,FRANCE,ALSACE,482,67482,STRASBOURG,PLACE DE L'ETOILE,99452,0,4,VC,0,1,1,0,0,3,1,0,0,,1,7,0,0,1,0
1,8,2,1,3,67,FRANCE,ALSACE,482,67482,STRASBOURG,ROUTE DU RHIN,99453,0,4,VC,0,3,1,0,0,0,4,0,0,,1,7,0,0,1,0
1,8,3,1,3,67,FRANCE,ALSACE,482,67482,STRASBOURG,RUE DU MARECHAL FOCH,99458,0,4,VC,0,2,2,0,0,0,1,0,0,,1,7,0,0,1,0
1,8,1,1,3,67,FRANCE,ALSACE,482,67482,STRASBOURG,ROND-POINT PIERRE MENDES FRANCE,99460,0,4,VC,0,3,4,0,0,1,1,0,0,,1,7,0,0,1,0
5,8,2,1,6,67,FRANCE,ALSACE,482,67482,STRASBOURG,QUAI DE PARIS,99476,0,4,VC,0,1,1,0,0,0,1,0,0,,1,7,0,0,1,0
5,8,1,1,1,67,FRANCE,ALSACE,482,67482,STRASBOURG,AVENUE JEAN JAURES,99484,0,4,VC,0,1,2,0,0,0,4,0,0,,1,30,0,0,1,0
1,8,3,1,3,67,FRANCE,ALSACE,482,67482,STRASBOURG,RUE JACQUES KABLE,99485,0,4,VC,0,2,2,0,0,0,1,0,0,,1,7,0,0,1,0
5,8,3,1,3,67,FRANCE,ALSACE,482,67482,STRASBOURG,RUE DES CLARISSES,99486,0,4,VC,0,2,2,0,0,0,1,0,0,,1,7,0,0,1,0
1,8,2,1,3,67,FRANCE,ALSACE,482,67482,STRASBOURG,AVENUE DE LA PAIX,99488,0,4,VC,0,2,4,0,0,1,1,0,0,,1,7,0,0,1,0
1,6,2,2,3,67,FRANCE,ALSACE,447,67447,SCHILTIGHEIM,RUE DE BISCHHEIM,99490,0,4,VC,0,2,2,0,0,0,1,0,0,,1,7,0,0,1,0
1,8,2,2,3,67,FRANCE,ALSACE,482,67482,STRASBOURG,AVENUE VICTOR SCHOELCHER,99493,0,4,VC,0,2,3,0,0,0,1,0,0,,1,7,0,0,1,0
1,8,1,1,4,67,FRANCE,ALSACE,482,67482,STRASBOURG,RUE DE LA PIERRE LARGE,99494,0,4,VC,0,1,1,0,0,1,1,0,0,,1,7,0,0,1,0
1,6,1,2,6,67,FRANCE,ALSACE,447,67447,SCHILTIGHEIM,ROUTE DE HAUSBERGEN,99499,0,4,VC,0,1,2,0,0,2,5,0,0,,1,,0,0,0,1
1,8,1,1,3,67,FRANCE,ALSACE,482,67482,STRASBOURG,QUAI DES BATELIERS,99500,0,4,VC,0,2,2,0,0,0,1,0,0,,1,7,0,0,1,0
1,4,1,1,3,67,FRANCE,ALSACE,154,67154,GERSTHEIM,VC 0,99509,0,4,VC,0,2,2,0,0,0,1,0,0,,1,7,0,0,1,0
1,8,2,1,6,67,FRANCE,ALSACE,482,67482,STRASBOURG,RUE PAUL VALERY,99513,0,4,VC,0,2,3,0,0,0,1,0,0,,1,7,0,0,1,0
1,5,1,2,3,67,FRANCE,ALSACE,365,67365,OSTWALD,RUE DU 23 NOVEMBRE,99520,0,4,VC,0,2,2,0,0,0,1,0,0,,1,7,0,0,1,0
1,8,1,1,3,67,FRANCE,ALSACE,482,67482,STRASBOURG,PONT WINSTON CHURCHILL,99524,4,4,VC,0,2,2,0,0,1,1,0,0,,1,40,0,0,1,0
1,8,2,1,3,67,FRANCE,ALSACE,482,67482,STRASBOURG,RUE OBERLIN,99525,0,4,VC,0,2,2,0,0,0,1,0,0,,1,7,0,0,1,0
1,8,1,1,3,67,FRANCE,ALSACE,482,67482,STRASBOURG,RUE SAINT GOTHARD,99527,0,4,VC,0,2,2,0,0,0,1,0,0,,1,7,0,0,1,0
1,6,3,1,3,67,FRANCE,ALSACE,447,67447,SCHILTIGHEIM,ROUTE DU GENERAL DE GAULLE,99528,0,4,VC,0,2,5,0,0,3,1,0,0,,1,7,0,0,1,0
2,8,1,1,3,67,FRANCE,ALSACE,482,67482,STRASBOURG,RUE DU BAN DE LA ROCHE,99529,0,6,Parking,0,2,2,0,0,0,5,0,0,,1,7,0,0,1,0
1,8,1,1,6,67,FRANCE,ALSACE,482,67482,STRASBOURG,BOULEVARD DE LA DORDOGNE,99535,0,9,Autre,0,1,1,0,0,1,5,0,0,,1,,0,0,0,1
2,3,3,1,3,67,FRANCE,ALSACE,522,67522,WEISLINGEN,VC 0,99537,0,4,VC,0,2,0,0,0,0,0,0,0,,1,7,0,0,1,0
1,5,1,1,1,67,FRANCE,ALSACE,067,67067,BRUMATH,Parking 0,99540,0,6,Parking,0,0,0,0,0,1,5,4873900,771301,,1,7,0,0,1,0
1,8,2,1,3,67,FRANCE,ALSACE,482,67482,STRASBOURG,RUE DE LA PLAINE DES BOUCHERS,99543,0,4,VC,0,2,1,0,0,0,1,0,0,,1,7,0,0,1,0
1,6,1,1,1,67,FRANCE,ALSACE,447,67447,SCHILTIGHEIM,RUE DU LANGUEDOC,99551,0,4,VC,0,2,2,0,0,0,1,0,0,,1,7,0,0,1,0
1,8,1,1,2,67,FRANCE,ALSACE,482,67482,STRASBOURG,RUE JEAN GIRAUDOUX,99554,0,4,VC,0,2,2,0,0,0,1,0,0,,1,7,0,0,1,0
1,8,3,1,6,67,FRANCE,ALSACE,482,67482,STRASBOURG,AVENUE DE LA MARSEILLAISE,99555,4,4,VC,0,1,1,0,0,0,1,0,0,,1,7,0,0,1,0
1,8,2,1,3,67,FRANCE,ALSACE,482,67482,STRASBOURG,ROUTE DE L'HOPITAL,99556,0,4,VC,0,2,4,0,0,0,5,0,0,,1,7,0,0,1,0
1,8,3,1,3,67,FRANCE,ALSACE,482,67482,STRASBOURG,ROUTE D OBERHAUSBERGEN,99558,0,4,VC,0,2,3,0,0,0,1,0,0,,1,7,0,0,1,0
1,1,2,1,3,67,FRANCE,ALSACE,520,67520,WASSELONNE,RD 224,99566,0,3,RD,224,2,0,1,50,0,1,4863870,743034,,1,7,0,0,1,0
1,8,3,1,3,67,FRANCE,ALSACE,482,67482,STRASBOURG,RUE ALFRED PICARD,99574,0,4,VC,0,2,2,0,0,0,1,0,0,,1,7,0,0,1,0
1,8,3,1,3,67,FRANCE,ALSACE,482,67482,STRASBOURG,ROUTE DU POLYGONE,99575,0,4,VC,0,2,2,0,0,0,5,0,0,,1,7,0,0,1,0
1,8,2,1,3,67,FRANCE,ALSACE,482,67482,STRASBOURG,QUAI DES BATELIERS,99579,0,4,VC,0,2,2,0,0,0,1,0,0,,1,7,0,0,1,0