lum,agg,int,atm,col,dep_bis,pays,region,com_bis,com_codeINSEE,communes,N_voie,numac,infra,catr,type_route,voie,circ,nbv,pr,pr1,vosp,situ,lat,long,adr,accident_velo,vehicule_imp,cycl_mort,cycl_bgv,cycl_blg,cycl_indm
1,6,2,2,3,67,FRANCE,ALSACE,218,67218,ILLKIRCH-GRAFFENSTADEN,ROUTE D ESCHAU,99583,0,4,VC,0,3,2,0,0,0,1,0,0,,1,7,0,0,1,0
2,8,1,1,6,67,FRANCE,ALSACE,482,67482,STRASBOURG,RUE DU CONSEIL DES QUINZE,99587,0,4,VC,0,2,2,0,0,0,1,0,0,,1,7,0,0,1,0
1,8,2,1,3,67,FRANCE,ALSACE,482,67482,STRASBOURG,RUE DU COMMANDANT FRANCOIS,99588,0,4,VC,0,2,2,0,0,0,1,0,0,,1,7,0,0,1,0
1,8,2,1,3,67,FRANCE,ALSACE,482,67482,STRASBOURG,ROUTE NEUHOF,99590,0,4,VC,0,2,3,0,0,1,1,0,0,,1,7,0,0,1,0
1,8,2,1,3,67,FRANCE,ALSACE,482,67482,STRASBOURG,RUE PIERRE DE COUBERTIN,99592,0,4,VC,0,2,2,0,0,0,1,0,0,,1,7,0,0,1,0
1,8,2,1,3,67,FRANCE,ALSACE,482,67482,STRASBOURG,RUE MARCEL PROUST,99594,0,4,VC,0,2,3,0,0,2,1,0,0,,1,7,0,0,1,0
1,8,1,1,3,67,FRANCE,ALSACE,482,67482,STRASBOURG,AVENUE JEAN JAURES,99595,0,4,VC,0,2,4,0,0,3,1,0,0,,1,7,0,0,1,0
1,8,9,1,6,67,FRANCE,ALSACE,482,67482,STRASBOURG,RUE MARIA MONTESSORI,99596,0,4,VC,0,2,2,0,0,0,1,0,0,,1,7,0,0,1,0
1,8,3,2,3,67,FRANCE,ALSACE,482,67482,STRASBOURG,AVENUE SCHUTZENBERGER,99597,0,4,VC,0,2,1,0,0,1,0,0,0,,1,7,0,0,1,0
5,8,3,1,6,67,FRANCE,ALSACE,482,67482,STRASBOURG,ROUTE D OBERHAUSBERGEN,99599,0,4,VC,0,2,2,0,0,0,1,0,0,,1,7,0,0,1,0
1,8,1,1,3,67,FRANCE,ALSACE,482,67482,STRASBOURG,RUE OBERLIN,99603,0,4,VC,0,2,2,0,0,0,1,0,0,,1,7,0,0,1,0
1,8,1,1,3,67,FRANCE,ALSACE,482,67482,STRASBOURG,AVENUE DANTE,99604,0,4,VC,0,2,3,0,0,1,5,0,0,,1,7,0,0,1,0
1,6,3,1,6,67,FRANCE,ALSACE,447,67447,SCHILTIGHEIM,RUE LAMARTINE,99606,0,4,VC,0,2,1,0,0,0,1,0,0,,1,7,0,0,1,0
1,8,1,1,1,67,FRANCE,ALSACE,482,67482,STRASBOURG,RUE D ALTORF,99609,0,4,VC,0,2,2,0,0,1,5,0,0,,1,32,0,0,1,0
1,8,3,1,3,67,FRANCE,ALSACE,482,67482,STRASBOURG,RUE D OSTWALD,99610,0,4,VC,0,3,1,0,0,0,1,0,0,,1,7,0,0,1,0
5,5,1,1,3,67,FRANCE,ALSACE,043,67043,BISCHHEIM,RUE DU MARAIS,99624,0,4,VC,0,3,0,0,0,3,1,0,0,,1,7,0,0,1,0
1,8,1,1,3,67,FRANCE,ALSACE,482,67482,STRASBOURG,ROUTE DU POLYGONE,99625,0,4,VC,0,2,3,0,0,0,1,0,0,,1,7,0,0,1,0
1,8,1,1,6,67,FRANCE,ALSACE,482,67482,STRASBOURG,RUE SAINT MAURICE,99627,0,4,VC,0,2,2,0,0,0,4,0,0,,1,,0,0,0,1
1,8,1,1,3,67,FRANCE,ALSACE,482,67482,STRASBOURG,RUE DE L'OBERELSAU,99628,0,4,VC,0,2,2,0,0,0,1,0,0,,1,7,0,0,1,0
1,8,1,1,1,67,FRANCE,ALSACE,482,67482,STRASBOURG,IMPASSE KIEFER,99630,0,4,VC,0,0,1,0,0,0,1,0,0,,1,30,0,0,1,0
1,8,1,1,3,67,FRANCE,ALSACE,482,67482,STRASBOURG,RUE DE SAALES,99634,0,4,VC,0,1,1,0,0,0,1,0,0,,1,2,0,0,1,0
1,8,1,1,3,67,FRANCE,ALSACE,482,67482,STRASBOURG,RUE SAINT GOTHARD,99638,0,4,VC,0,2,2,0,0,0,1,0,0,,1,7,0,0,1,0
1,5,3,1,6,67,FRANCE,ALSACE,267,67267,LINGOLSHEIM,RUE JEAN ROSTAND ,99641,0,4,VC,0,2,1,0,0,0,1,0,0,,1,7,0,0,1,0
1,5,3,1,3,67,FRANCE,ALSACE,365,67365,OSTWALD,RUE DE LA HOHWARTH,99642,0,4,VC,0,2,2,0,0,0,1,0,0,,1,7,0,0,1,0
1,6,1,1,3,67,FRANCE,ALSACE,447,67447,SCHILTIGHEIM,ROUTE DE BISCHWILLER,99645,0,4,VC,0,2,3,0,0,0,1,0,0,,1,7,0,0,1,0
5,6,1,1,6,67,FRANCE,ALSACE,447,67447,SCHILTIGHEIM,AVENUE PIERRE MENDES FRANCE,99650,0,4,VC,0,1,1,0,0,1,5,0,0,,1,32,0,0,1,0
1,5,2,1,3,67,FRANCE,ALSACE,204,67204,HOENHEIM,RUE DU GUIRBADEN,99654,0,4,VC,0,2,2,0,0,0,1,0,0,,1,7,0,0,1,0
1,8,3,1,3,67,FRANCE,ALSACE,482,67482,STRASBOURG,RUE SPIELMANN,99658,0,4,VC,0,2,2,0,0,1,1,,,,1,7,0,0,1,0
2,6,2,2,3,67,FRANCE,ALSACE,218,67218,ILLKIRCH-GRAFFENSTADEN,RUE DENIS PAPIN,99663,0,4,VC,0,2,2,0,0,0,1,0,0,,1,7,0,0,1,0
1,8,1,1,6,67,FRANCE,ALSACE,482,67482,STRASBOURG,RUE DU FAUBOURG NATIONAL,99668,0,4,VC,0,0,2,0,0,3,4,0,0,,1,,,,,
5,8,1,1,3,67,FRANCE,ALSACE,482,67482,STRASBOURG,RUE DE LA GANZAU,99670,0,4,VC,0,2,2,0,0,0,1,0,0,,1,7,0,0,1,0
1,8,1,1,3,67,FRANCE,ALSACE,482,67482,STRASBOURG,RUE SAINT GUILLAUME,99671,0,4,VC,0,1,1,0,0,0,1,0,0,,1,7,0,0,1,0
1,8,2,1,3,67,FRANCE,ALSACE,482,67482,STRASBOURG,RUE DES CHANDELLES,99672,6,4,VC,0,2,1,0,0,0,1,0,0,,1,,0,0,1,0
1,8,3,1,3,67,FRANCE,ALSACE,482,67482,STRASBOURG,RUE FRITZ KIEFFER,99673,0,4,VC,0,2,2,0,0,0,1,0,0,,1,7,0,0,1,0
1,8,5,1,6,67,FRANCE,ALSACE,482,67482,STRASBOURG,PLACE DE HAGUENAU,99679,0,4,VC,0,1,4,0,0,1,1,0,0,,1,7,0,0,1,0
1,5,1,1,3,67,FRANCE,ALSACE,506,67506,VENDENHEIM,Autre 0,99684,0,9,Autre,0,0,2,0,0,1,5,4866900,771800,,1,,0,0,1,0
1,8,2,2,6,67,FRANCE,ALSACE,482,67482,STRASBOURG,RUE DE MOLSHEIM,99691,0,4,VC,0,3,2,0,0,0,1,0,0,,1,7,0,0,1,0
1,8,1,1,3,67,FRANCE,ALSACE,482,67482,STRASBOURG,ROUTE DE SCHIRMECK,99694,0,4,VC,0,2,2,0,0,1,1,0,0,,1,10,0,0,1,0
5,8,1,1,3,67,FRANCE,ALSACE,482,67482,STRASBOURG,RUE DU CONSEIL DES QUINZE,99696,0,4,VC,0,2,2,0,0,0,1,0,0,,1,7,0,0,1,0
1,8,2,1,3,67,FRANCE,ALSACE,482,67482,STRASBOURG,RUE DE ZURICH,99700,0,4,VC,0,2,2,0,0,0,1,0,0,,1,7,0,0,1,0
5,8,2,2,3,67,FRANCE,ALSACE,482,67482,STRASBOURG,PONT DE LA BOURSE,99702,2,4,VC,0,2,2,0,0,1,1,0,0,,1,7,0,0,1,0
1,8,3,1,3,67,FRANCE,ALSACE,482,67482,STRASBOURG,ROUTE DES ROMAINS,99705,0,4,VC,0,2,2,0,0,0,1,0,0,,1,7,0,0,1,0
1,6,9,1,6,67,FRANCE,ALSACE,218,67218,ILLKIRCH-GRAFFENSTADEN,ROUTE DU RHIN,99710,0,4,VC,0,2,2,0,0,0,1,0,0,,1,7,0,0,1,0
1,8,1,1,6,67,FRANCE,ALSACE,482,67482,STRASBOURG,RUE DE L'ABREUVOIR,99719,0,4,VC,0,2,2,0,0,0,1,0,0,,1,7,0,0,1,0
1,6,3,1,6,67,FRANCE,ALSACE,218,67218,ILLKIRCH-GRAFFENSTADEN,Parking 0,99720,0,6,Parking,0,0,0,1,0,1,5,0,0,,1,7,0,0,1,0
1,6,1,1,3,67,FRANCE,ALSACE,447,67447,SCHILTIGHEIM,ROUTE DE BISCHWILLER,99721,0,4,VC,0,2,2,0,0,0,1,0,0,,1,7,0,0,1,0
5,8,2,1,3,67,FRANCE,ALSACE,482,67482,STRASBOURG,RUE DE LA COURTINE,99725,0,4,VC,0,1,1,0,0,1,1,0,0,,1,7,0,0,1,0
1,8,2,1,3,67,FRANCE,ALSACE,482,67482,STRASBOURG,QUAI KLEBER,99727,0,4,VC,0,1,2,0,0,1,1,0,0,,1,7,0,0,1,0
1,8,1,1,3,67,FRANCE,ALSACE,482,67482,STRASBOURG,RUE COULAUX,99735,0,4,VC,0,2,2,0,0,0,1,0,0,,1,7,0,0,1,0
1,8,2,3,3,67,FRANCE,ALSACE,482,67482,STRASBOURG,ROND-POINT DE L'ESPLANADE,99737,0,4,VC,0,4,0,0,0,0,1,0,0,,1,7,0,0,1,0
1,8,2,1,6,67,FRANCE,ALSACE,482,67482,STRASBOURG,RUE DE LA PREMIERE ARMEE,99742,0,4,VC,0,0,2,0,0,0,1,0,0,,1,7,0,0,1,0
5,8,2,1,3,67,FRANCE,ALSACE,482,67482,STRASBOURG,RUE VAUBAN,99747,0,4,VC,0,2,2,0,0,0,1,0,0,,1,10,0,0,1,0
5,5,2,1,6,67,FRANCE,ALSACE,267,67267,LINGOLSHEIM,RUE DE LORRAINE,99757,0,4,VC,0,2,3,0,0,0,1,0,0,,1,7,0,0,1,0
1,6,2,1,2,67,FRANCE,ALSACE,447,67447,SCHILTIGHEIM,RUE DE LA GLACIERE,99760,4,4,VC,0,2,2,0,0,0,1,0,0,,1,7,0,0,1,0
5,6,1,1,3,67,FRANCE,ALSACE,447,67447,SCHILTIGHEIM,RUE D ERSTEIN,99785,0,4,VC,0,2,2,0,0,1,5,0,0,,1,7,0,0,1,0
1,8,2,1,3,67,FRANCE,ALSACE,482,67482,STRASBOURG,RUE JACQUES KABLE,99787,0,4,VC,0,2,2,0,0,1,1,0,0,,1,7,0,0,1,0
2,8,2,1,3,67,FRANCE,ALSACE,482,67482,STRASBOURG,RUE DE LA RENAISSANCE,99791,0,4,VC,0,2,2,0,0,0,1,0,0,,1,7,0,0,1,0
2,8,1,2,2,67,FRANCE,ALSACE,482,67482,STRASBOURG,ROUTE DE L'HOPITAL,99793,0,4,VC,0,2,4,0,0,0,1,0,0,,1,7,0,0,1,0
5,8,3,2,3,67,FRANCE,ALSACE,482,67482,STRASBOURG,ROUTE DE MITTELHAUSBERGEN,99805,0,4,VC,0,2,2,0,0,0,1,0,0,,1,14,0,0,1,0
1,8,3,1,3,67,FRANCE,ALSACE,482,67482,STRASBOURG,ALLEE DES COMTES,99806,0,4,VC,0,2,3,0,0,1,0,0,0,,1,7,0,0,1,0
5,8,1,1,6,67,FRANCE,ALSACE,482,67482,STRASBOURG,RUE DU LANDSBERG,99808,0,4,VC,0,1,2,24,0,2,5,0,0,,1,,0,0,1,0
5,5,2,8,6,67,FRANCE,ALSACE,462,67462,SELESTAT,ROUTE DE STRASBOURG,99809,0,3,RD,0,2,1,,,2,1,,,,1,,0,0,1,0
5,8,2,2,3,67,FRANCE,ALSACE,482,67482,STRASBOURG,PLACE DE HAGUENAU,99817,0,4,VC,0,4,4,0,0,0,1,0,0,,1,7,0,0,1,0
1,3,1,,3,67,FRANCE,ALSACE,213,67213,HUNSPACH,RD 76,99871,0,3,RD,76,0,0,0,0,0,1,0,0,,1,7,0,0,1,0
1,8,5,2,3,67,FRANCE,ALSACE,482,67482,STRASBOURG,PLACE ANDRE MAUROIS,99896,0,4,VC,0,1,1,0,0,0,1,0,0,,1,7,0,0,1,0
1,8,2,1,6,67,FRANCE,ALSACE,482,67482,STRASBOURG,QUAI LOUIS PASTEUR,99898,1,4,VC,0,2,4,1,0,0,1,0,0,,1,7,0,0,1,0
1,8,2,1,3,67,FRANCE,ALSACE,482,67482,STRASBOURG,RUE DU DOCTEUR FRANCOIS,99904,0,4,VC,0,2,2,0,0,0,1,0,0,,1,7,0,0,1,0
1,8,2,1,3,67,FRANCE,ALSACE,482,67482,STRASBOURG,RUE DU DOME,99916,0,4,VC,0,2,2,,,0,1,,,,1,,0,0,1,0
1,8,2,1,6,67,FRANCE,ALSACE,482,67482,STRASBOURG,ROUTE DE L'HOPITAL,99919,0,4,VC,0,2,2,,,1,1,,,,1,7,0,0,1,0
5,8,1,4,3,67,FRANCE,ALSACE,482,67482,STRASBOURG,QUAI DES BATELIERS,99925,0,4,VC,,2,2,,,0,1,,,,1,7,0,0,1,0
1,8,1,1,3,67,FRANCE,ALSACE,482,67482,STRASBOURG,QUAI DU GENERAL KOENIG,99937,0,4,VC,,2,2,,,1,5,,,,1,,0,0,0,1
1,6,2,1,6,67,FRANCE,ALSACE,447,67447,SCHILTIGHEIM,RUE DE SARREBOURG,99944,0,4,VC,,1,2,1,0,0,1,,,,1,7,0,0,1,0
1,8,2,1,3,67,FRANCE,ALSACE,482,67482,STRASBOURG,RUE DES HORTICULTEURS,99945,0,4,VC,0,2,2,,,0,1,,,,1,7,0,0,1,0
1,8,1,1,6,67,FRANCE,ALSACE,482,67482,STRASBOURG,RUE LAUTH,99959,0,4,VC,0,2,2,,,0,1,,,,1,7,0,0,1,0
1,8,1,1,6,67,FRANCE,ALSACE,482,67482,STRASBOURG,RUE DES ORPHELINS,99961,0,4,VC,0,2,2,,,0,1,,,,1,,0,0,0,1
1,6,1,1,6,67,FRANCE,ALSACE,218,67218,ILLKIRCH-GRAFFENSTADEN,ROUTE DE STRASBOURG,99962,0,4,VC,0,1,1,,,1,1,,,,1,,0,0,0,1
1,1,1,1,3,67,FRANCE,ALSACE,218,67218,ILLKIRCH-GRAFFENSTADEN,ROUTE DU FORT UHRICH,99963,0,4,VC,0,2,3,,,0,1,,,,1,7,0,0,1,0
5,8,2,1,3,67,FRANCE,ALSACE,482,67482,STRASBOURG,ROND-POINT PIERRE MENDES FRANCE,99964,0,4,VC,0,1,3,,,1,1,,,,1,7,0,0,1,0
1,8,2,2,3,67,FRANCE,ALSACE,482,67482,STRASBOURG,RUE GEORGES WODLI,99968,0,4,VC,0,1,2,,,2,2,,,,1,7,0,0,1,0
1,8,2,1,3,67,FRANCE,ALSACE,482,67482,STRASBOURG,RUE DU HAVRE,99969,0,4,VC,0,2,3,,,0,1,,,,1,7,0,0,1,0
1,8,2,8,3,67,FRANCE,ALSACE,482,67482,STRASBOURG,PLACE DE HAGUENAU,99976,0,4,VC,0,1,1,,,0,5,,,,1,7,0,0,1,0
1,8,3,1,3,67,FRANCE,ALSACE,482,67482,STRASBOURG,RUE SILBERRATH,99983,0,4,VC,0,2,2,,,0,1,,,,1,7,0,0,1,0
1,8,2,2,3,67,FRANCE,ALSACE,482,67482,STRASBOURG,BOULEVARD PIERRE PFLIMLIN,99984,0,4,VC,0,2,0,,,0,1,,,,1,10,0,0,1,0
1,8,1,1,6,67,FRANCE,ALSACE,482,67482,STRASBOURG,ROUTE D OBERHAUSBERGEN,99991,0,4,VC,0,2,2,,,1,1,,,,1,7,0,0,1,0
1,5,1,1,6,67,FRANCE,ALSACE,267,67267,LINGOLSHEIM,RUE DU MARECHAL FOCH,100014,0,4,VC,0,2,2,,,0,1,,,,1,7,0,0,1,0
1,8,1,8,3,67,FRANCE,ALSACE,482,67482,STRASBOURG,QUAI JACQUES STURM,100019,0,4,VC,0,1,2,,,0,1,,,,1,7,0,0,1,1
1,8,2,1,3,67,FRANCE,ALSACE,482,67482,STRASBOURG,RUE DU FAUBOURG NATIONAL,100021,0,4,VC,0,3,1,,,0,1,,,,1,7,0,0,1,0
1,8,1,1,3,67,FRANCE,ALSACE,482,67482,STRASBOURG,ROND-POINT PIERRE MENDES FRANCE,100025,0,4,VC,0,2,3,,,3,1,,,,1,37,0,0,1,0
1,6,1,1,3,67,FRANCE,ALSACE,447,67447,SCHILTIGHEIM,ROUTE DU GENERAL DE GAULLE,100031,0,4,VC,0,2,2,,,0,1,,,,1,10,0,0,1,0
1,8,3,1,6,67,FRANCE,ALSACE,482,67482,STRASBOURG,RUE JACQUES PEIROTES,100033,0,4,VC,0,2,2,1,0,1,1,,,,1,7,0,0,1,0
1,8,1,1,6,67,FRANCE,ALSACE,482,67482,STRASBOURG,RUE DU FAUBOURG NATIONAL,100038,0,4,VC,0,2,2,,,0,1,,,,1,7,0,0,1,0
1,8,1,2,3,67,FRANCE,ALSACE,482,67482,STRASBOURG,RUE DU LANDSBERG,100040,0,4,VC,0,2,2,,,0,0,,,,1,7,0,0,1,0
1,8,3,1,3,67,FRANCE,ALSACE,482,67482,STRASBOURG,RUE KUHN,100041,0,4,VC,0,1,1,,,1,0,,,,1,7,0,0,1,0
2,8,2,1,3,67,FRANCE,ALSACE,482,67482,STRASBOURG,AVENUE DE LA FORET NOIRE,100046,0,4,VC,0,2,3,,,0,1,,,,1,7,0,0,1,0
1,4,1,1,3,67,FRANCE,ALSACE,151,67151,GAMBSHEIM,RD 468,100053,5,3,RD,468,2,0,0,0,0,1,4869900,788700,,1,7,0,0,1,0
1,8,1,1,3,67,FRANCE,ALSACE,482,67482,STRASBOURG,BOULEVARD D ANVERS,100054,0,4,VC,0,1,4,,,1,5,,,,1,,0,0,1,0
1,2,1,1,1,67,FRANCE,ALSACE,094,67094,DIEFFENTHAL,VC 0,100055,0,4,VC,0,2,1,0,0,0,1,4831400,742100,,1,38,,,,
1,8,1,2,6,67,FRANCE,ALSACE,482,67482,STRASBOURG,BOULEVARD LEBLOIS,100060,0,4,VC,0,2,2,,,1,4,,,,1,,0,0,0,1
1,8,1,8,6,67,FRANCE,ALSACE,482,67482,STRASBOURG,PLACE DE LA CATHEDRALE,100070,6,4,VC,0,0,1,,,3,1,,,,1,,0,0,0,1
1,8,2,1,3,67,FRANCE,ALSACE,482,67482,STRASBOURG,RUE PAUL REISS,100072,0,4,VC,0,1,2,,,0,1,,,,1,7,0,0,1,0
1,8,2,1,1,67,FRANCE,ALSACE,482,67482,STRASBOURG,RUE DES MINEURS,100079,0,4,VC,0,1,1,,,1,1,,,,1,7,0,0,1,0
5,8,3,2,3,67,FRANCE,ALSACE,482,67482,STRASBOURG,AVENUE DE COLMAR,100081,0,4,VC,0,3,4,,,1,1,,,,1,7,0,0,1,0
1,8,1,1,3,67,FRANCE,ALSACE,482,67482,STRASBOURG,RUE DE MOLSHEIM,100089,0,4,VC,0,3,2,,,2,4,,,,1,10,0,0,1,0
1,8,2,1,3,67,FRANCE,ALSACE,482,67482,STRASBOURG,RUE SAINT ALOISE,100096,0,4,VC,0,2,2,,,0,1,,,,1,7,0,0,1,0
1,6,1,1,3,67,FRANCE,ALSACE,218,67218,ILLKIRCH-GRAFFENSTADEN,RUE DES VIGNES,100097,0,4,VC,0,2,2,,,0,1,,,,1,7,0,0,1,0
1,8,2,1,6,67,FRANCE,ALSACE,482,67482,STRASBOURG,RUE DE SOLIGNAC,100099,0,4,VC,0,2,2,1,0,0,1,,,,1,30,0,0,1,0
1,8,2,1,3,67,FRANCE,ALSACE,482,67482,STRASBOURG,ROUTE DU POLYGONE,100100,0,4,VC,0,4,3,,,0,1,,,,1,14,0,0,1,0
1,8,1,1,3,67,FRANCE,ALSACE,482,67482,STRASBOURG,AVENUE DE COLMAR,100104,4,4,VC,0,3,4,,,1,4,,,,1,7,0,0,1,0
3,8,1,1,7,67,FRANCE,ALSACE,482,67482,STRASBOURG,RUE DES CAVALIERS,100105,0,9,Autre,0,0,0,,,0,0,,,,1,,0,0,1,0
1,8,1,1,6,67,FRANCE,ALSACE,482,67482,STRASBOURG,PLACE DE LA GARE,100107,0,4,VC,0,0,3,,,3,1,,,,1,7,0,0,1,0
1,5,3,1,3,67,FRANCE,ALSACE,267,67267,LINGOLSHEIM,RUE D ECKBOLSHEIM,100109,0,4,VC,0,2,2,,,0,1,,,,1,7,0,0,1,0
1,6,2,1,3,67,FRANCE,ALSACE,218,67218,ILLKIRCH-GRAFFENSTADEN,RUE DES VIGNES,100112,0,4,VC,0,2,2,,,0,1,,,,1,7,0,0,1,0
1,5,6,1,3,67,FRANCE,ALSACE,043,67043,BISCHHEIM,RUE NATIONALE,100121,0,4,VC,0,2,2,,,0,1,,,,1,7,0,0,1,0
1,6,3,1,2,67,FRANCE,ALSACE,447,67447,SCHILTIGHEIM,RUE DE BERNE,100122,5,4,VC,0,2,2,,,0,1,,,,1,7,0,0,1,0
1,8,1,1,3,67,FRANCE,ALSACE,482,67482,STRASBOURG,AVENUE DU GENERAL DE GAULLE,100127,0,4,VC,0,1,1,,,1,5,,,,1,7,0,0,1,0
1,8,2,1,7,67,FRANCE,ALSACE,482,67482,STRASBOURG,RUE D ANDLAU,100129,0,4,VC,0,2,2,,,0,1,,,,1,33,0,0,0,1
1,8,5,1,3,67,FRANCE,ALSACE,482,67482,STRASBOURG,PLACE DE HAGUENAU,100130,0,4,VC,0,1,4,,,1,5,,,,1,7,0,0,1,0
1,5,2,1,3,67,FRANCE,ALSACE,267,67267,LINGOLSHEIM,RUE DE LA GARE ,100133,0,4,VC,0,2,2,,,0,1,,,,1,10,0,0,1,0
1,8,1,1,3,67,FRANCE,ALSACE,482,67482,STRASBOURG,QUAI DES BELGES,100134,0,4,VC,0,2,3,,,1,1,,,,1,7,0,0,1,0
1,8,1,1,6,67,FRANCE,ALSACE,482,67482,STRASBOURG,RUE DE LA LIEPVRETTE,100135,0,4,VC,0,2,2,,,0,1,,,,1,7,0,0,1,0
1,8,1,1,3,67,FRANCE,ALSACE,482,67482,STRASBOURG,BOULEVARD DE METZ,100136,0,4,VC,0,2,2,,,0,4,,,,1,7,0,0,1,0
1,8,2,1,3,67,FRANCE,ALSACE,482,67482,STRASBOURG,RUE DE L'OBERELSAU,100139,0,4,VC,0,2,3,,,0,1,,,,1,40,0,0,1,0
1,8,3,7,3,67,FRANCE,ALSACE,482,67482,STRASBOURG,RUE DE ROME,100154,0,4,VC,0,2,2,,,0,1,,,,1,7,0,0,1,0
1,8,1,1,3,67,FRANCE,ALSACE,482,67482,STRASBOURG,RUE DU FOSSE DES TANNEURS,100155,6,4,VC,0,2,1,,,0,1,,,,1,10,0,0,1,1
1,8,1,1,3,67,FRANCE,ALSACE,482,67482,STRASBOURG,RUE DE RIBEAUVILLE,100158,0,4,VC,0,3,2,,,0,1,,,,1,7,0,0,1,0
5,8,3,1,6,67,FRANCE,ALSACE,482,67482,STRASBOURG,RUE JEAN MOULIN,100163,0,4,VC,0,2,2,,,0,1,,,,1,,,,,
1,8,3,1,3,67,FRANCE,ALSACE,482,67482,STRASBOURG,RUE DE KIRCHHEIM,100165,0,4,VC,0,2,2,,,0,1,,,,1,7,0,0,1,0
1,8,3,1,3,67,FRANCE,ALSACE,482,67482,STRASBOURG,RUE DE WISSEMBOURG,100168,0,4,VC,0,2,2,,,1,1,,,,1,7,0,0,1,0
1,8,1,1,6,67,FRANCE,ALSACE,482,67482,STRASBOURG,RUE SAINT MICHEL ,100172,0,4,VC,0,1,2,,,1,1,,,,1,40,0,0,1,0
1,8,2,1,6,67,FRANCE,ALSACE,482,67482,STRASBOURG,AVENUE DES VOSGES,100174,0,4,VC,0,2,4,,,0,1,,,,1,10,0,0,1,0
1,8,2,1,3,67,FRANCE,ALSACE,482,67482,STRASBOURG,RUE DE ROSENWILLER,100178,0,4,VC,0,2,2,,,0,0,,,,1,7,0,0,1,0
1,8,1,2,6,67,FRANCE,ALSACE,482,67482,STRASBOURG,ABBE DE L'EPEE,100179,0,4,VC,0,2,2,,,0,1,,,,1,7,0,0,1,0
1,8,2,1,2,67,FRANCE,ALSACE,482,67482,STRASBOURG,RUE DE HOCHFELDEN,100181,0,4,VC,0,2,0,,,0,0,,,,1,7,0,0,1,0
2,8,2,2,3,67,FRANCE,ALSACE,482,67482,STRASBOURG,RUE DE LA COURTINE,100185,0,4,VC,0,0,1,,,1,1,,,,1,7,0,0,1,0
1,8,3,1,3,67,FRANCE,ALSACE,482,67482,STRASBOURG,RUE DE ROSHEIM,100190,0,4,VC,0,2,2,,,1,1,,,,1,7,0,0,1,0
2,3,1,1,1,67,FRANCE,ALSACE,184,67184,HATTEN,VC 0,100197,0,4,VC,0,2,0,0,0,0,0,4890600,798100,,1,7,0,0,1,0
1,6,3,1,3,67,FRANCE,ALSACE,447,67447,SCHILTIGHEIM,RUE DE LATTRE DE TASSIGNY,100205,0,4,VC,0,2,2,,,0,1,,,,1,7,0,0,1,0
5,6,3,1,6,67,FRANCE,ALSACE,447,67447,SCHILTIGHEIM,RUE ALPHONSE ADAM,100220,0,4,VC,0,2,2,1,0,0,5,,,,1,7,0,0,1,0
1,1,1,2,3,67,FRANCE,ALSACE,447,67447,SCHILTIGHEIM,ROUTE DU GENERAL DE GAULLE,100224,0,4,VC,0,2,2,,,0,1,,,,1,7,0,0,1,0
5,8,1,1,3,67,FRANCE,ALSACE,482,67482,STRASBOURG,ROUTE DES ROMAINS,100243,0,4,VC,0,2,2,,,0,1,,,,1,7,0,0,1,0
1,8,1,1,3,67,FRANCE,ALSACE,482,67482,STRASBOURG,RUE DE ROSHEIM,100249,0,4,VC,0,2,2,,,1,4,,,,1,7,0,0,1,0
1,8,3,1,3,67,FRANCE,ALSACE,482,67482,STRASBOURG,ROUTE D OBERHAUSBERGEN,100255,0,4,VC,0,2,3,,,0,1,,,,1,7,0,0,1,0
1,8,3,1,3,67,FRANCE,ALSACE,482,67482,STRASBOURG,AVENUE HERRENSCHMIDT,100261,0,4,VC,0,2,4,,,1,1,,,,1,7,0,0,1,0
1,8,1,1,3,67,FRANCE,ALSACE,482,67482,STRASBOURG,PONT LOUIS PASTEUR,100273,0,4,VC,0,2,2,,,1,5,,,,1,,0,0,0,1
1,8,3,1,3,67,FRANCE,ALSACE,482,67482,STRASBOURG,QUAI SAINT NICOLAS,100280,0,4,VC,0,2,3,,,0,0,,,,1,7,0,0,1,0
1,8,2,1,3,67,FRANCE,ALSACE,482,67482,STRASBOURG,RUE SENGENWALD,100281,0,4,VC,0,1,1,,,0,1,,,,1,7,0,0,1,0
1,8,3,1,3,67,FRANCE,ALSACE,482,67482,STRASBOURG,CHEMIN GOEB,100287,0,4,VC,0,2,2,,,1,5,,,,1,7,0,0,1,0
5,8,2,1,6,67,FRANCE,ALSACE,482,67482,STRASBOURG,RUE DE LA PREMIERE ARMEE,100300,0,4,VC,0,2,3,1,0,0,1,,,,1,7,0,0,1,0
1,8,1,1,3,67,FRANCE,ALSACE,482,67482,STRASBOURG,ROUTE DE L'HOPITAL,100302,0,4,VC,0,2,3,,,0,1,,,,1,7,0,0,1,0
1,8,3,1,3,67,FRANCE,ALSACE,482,67482,STRASBOURG,RUE DE WISSEMBOURG,100304,0,4,VC,0,2,4,,,0,1,,,,1,7,0,0,1,0
1,8,3,2,3,67,FRANCE,ALSACE,482,67482,STRASBOURG,RUE SAINT FLORENT,100306,0,4,VC,0,2,2,,,0,1,,,,1,7,0,0,1,0
1,6,9,1,6,67,FRANCE,ALSACE,218,67218,ILLKIRCH-GRAFFENSTADEN,RUE TOBIAS STIMMER,100313,0,4,VC,0,1,1,,,0,1,,,,1,7,0,0,1,0
1,8,2,1,3,67,FRANCE,ALSACE,482,67482,STRASBOURG,RUE DU VIEUX MARCHE AUX VINS,100314,4,4,VC,0,2,0,,,3,1,,,,1,7,0,0,1,0