lum,agg,int,atm,col,dep_bis,pays,region,com_bis,com_codeINSEE,communes,N_voie,numac,infra,catr,type_route,voie,circ,nbv,pr,pr1,vosp,situ,lat,long,adr,accident_velo,vehicule_imp,cycl_mort,cycl_bgv,cycl_blg,cycl_indm
1,8,2,1,3,67,FRANCE,ALSACE,482,67482,STRASBOURG,RUE DE LA PORTE DE L HOPITAL,100324,0,4,VC,0,1,2,,,0,1,,,,1,7,0,0,1,0
1,8,1,1,3,67,FRANCE,ALSACE,482,67482,STRASBOURG,RUE DE SAALES,100326,0,4,VC,0,1,2,,,0,4,,,,1,7,0,0,1,0
1,8,1,2,6,67,FRANCE,ALSACE,482,67482,STRASBOURG,BOULEVARD DE LA MARNE,100327,0,4,VC,0,2,2,,,1,4,,,,1,,0,0,0,1
1,8,3,2,6,67,FRANCE,ALSACE,482,67482,STRASBOURG,RUE SAINT ETIENNE,100328,0,4,VC,0,1,1,,,0,1,,,,1,,0,0,0,1
5,8,2,1,6,67,FRANCE,ALSACE,482,67482,STRASBOURG,RUE DE SOLIGNAC,100330,0,4,VC,0,2,2,,,0,4,,,,1,30,0,0,1,0
1,8,3,1,3,67,FRANCE,ALSACE,482,67482,STRASBOURG,RUE DE KOLBSHEIM,100331,0,4,VC,0,0,2,,,0,1,,,,1,7,0,0,1,0
1,8,1,1,6,67,FRANCE,ALSACE,482,67482,STRASBOURG,RUE DE L'HOPITAL MILITAIRE,100336,0,4,VC,0,2,3,,,0,1,,,,1,,0,0,0,1
1,8,1,1,6,67,FRANCE,ALSACE,482,67482,STRASBOURG,ROUTE DES ROMAINS,100339,0,4,VC,0,2,2,,,2,1,,,,1,7,0,0,1,0
1,8,1,1,3,67,FRANCE,ALSACE,482,67482,STRASBOURG,AVENUE DE LA FORET NOIRE,100344,0,4,VC,0,3,4,,,0,1,,,,1,7,0,0,1,0
1,5,1,1,1,67,FRANCE,ALSACE,519,67519,WANTZENAU (LA),RD 223,100350,0,3,RD,223,2,0,0,0,0,1,0,0,,1,7,0,0,1,0
1,6,1,1,6,67,FRANCE,ALSACE,218,67218,ILLKIRCH-GRAFFENSTADEN,RUE VINCENT SCOTTO,100364,0,4,VC,0,2,2,,,1,5,,,,1,,0,0,1,0
1,8,1,1,6,67,FRANCE,ALSACE,482,67482,STRASBOURG,ROUTE D OBERHAUSBERGEN,100366,0,4,VC,0,2,4,,,0,1,,,,1,7,0,0,1,0
1,5,3,1,3,67,FRANCE,ALSACE,043,67043,BISCHHEIM,RUE DES MAIRES PFRIMMER,100368,0,4,VC,0,2,2,,,0,1,,,,1,7,0,0,1,0
5,5,6,2,3,67,FRANCE,ALSACE,043,67043,BISCHHEIM,RUE DU TRIAGE,100373,0,4,VC,0,1,1,,,0,1,,,,1,7,0,0,1,0
5,6,1,2,3,67,FRANCE,ALSACE,447,67447,SCHILTIGHEIM,ROUTE DE BISCHWILLER,100374,0,4,VC,0,2,2,,,0,1,,,,1,7,0,0,1,0
1,8,2,1,3,67,FRANCE,ALSACE,482,67482,STRASBOURG,RUE LOUIS APFFEL,100375,0,4,VC,0,2,2,,,2,1,,,,1,7,0,0,1,0
1,5,1,1,3,67,FRANCE,ALSACE,043,67043,BISCHHEIM,RUE SAINT LAURENT,100376,0,4,VC,0,2,2,,,0,1,,,,1,7,0,0,1,0
1,8,2,1,7,67,FRANCE,ALSACE,482,67482,STRASBOURG,BOULEVARD DE LA VICTOIRE,100381,5,4,VC,0,3,2,,,3,0,,,,1,7,0,0,1,0
2,5,2,2,6,67,FRANCE,ALSACE,204,67204,HOENHEIM,RUE DE LA VILLE,100384,0,4,VC,0,2,2,,,0,1,,,,1,7,0,0,1,0
5,8,2,2,3,67,FRANCE,ALSACE,482,67482,STRASBOURG,QUAI SAINT NICOLAS,100385,0,4,VC,0,2,2,,,0,1,,,,1,40,0,0,1,0
1,8,2,2,3,67,FRANCE,ALSACE,482,67482,STRASBOURG,RUE DES SERRURIERS,100391,4,4,VC,0,1,2,,,0,1,,,,1,7,0,0,1,0
2,8,1,2,1,67,FRANCE,ALSACE,482,67482,STRASBOURG,PLACE DE HAGUENAU,100395,0,4,VC,0,2,2,,,1,1,,,,1,,0,0,0,1
2,8,3,6,3,67,FRANCE,ALSACE,482,67482,STRASBOURG,RUE DE LA RIVIERE,100397,0,4,VC,0,2,2,,,0,1,,,,1,7,0,0,1,0
5,8,3,4,2,67,FRANCE,ALSACE,482,67482,STRASBOURG,RUE DU JURA,100402,0,4,VC,0,2,2,,,0,1,,,,1,7,0,0,1,0
1,1,6,1,3,67,FRANCE,ALSACE,458,67458,SCHWEIGHOUSE-SUR-MODER,RD 160,100414,5,3,RD,160,2,0,0,0,0,1,0,0,,1,99,0,0,1,0
1,5,1,1,1,67,FRANCE,ALSACE,118,67118,ECKBOLSHEIM,Autre 0,100426,0,9,Autre,0,2,0,0,0,1,5,0,0,,1,,0,0,0,1
1,5,1,1,5,67,FRANCE,ALSACE,544,67544,WISSEMBOURG,RD 264,100428,0,3,RD,264,2,0,0,0,0,1,0,0,,1,7,0,0,1,0
1,4,1,7,1,67,FRANCE,ALSACE,339,67339,BETSCHDORF,RD 344,100430,0,3,RD,344,2,2,0,0,0,1,0,0,,1,14,0,0,1,0
1,5,1,7,1,67,FRANCE,ALSACE,309,67309,MUNDOLSHEIM,RD 263,100435,5,3,RD,263,1,0,0,0,1,1,0,0,,1,7,0,0,1,0
1,6,9,1,2,67,FRANCE,ALSACE,180,67180,HAGUENAU,RUE DE LA REDOUTE,100441,0,4,VC,0,3,1,,,0,1,,,,1,15,0,0,1,0
1,8,2,2,3,67,FRANCE,ALSACE,482,67482,STRASBOURG,CHEMIN DU BEULENWOERTH,100447,0,4,VC,0,2,2,,,0,1,,,,1,7,0,0,1,0
5,8,2,1,3,67,FRANCE,ALSACE,482,67482,STRASBOURG,RUE DE MULHOUSE,100454,0,4,VC,0,2,2,,,0,1,,,,1,7,0,0,1,0
1,5,1,1,3,67,FRANCE,ALSACE,204,67204,HOENHEIM,RUE DE LA VILLE,100456,0,4,VC,0,2,2,,,0,1,,,,1,7,0,0,1,0
5,8,1,1,6,67,FRANCE,ALSACE,482,67482,STRASBOURG,ALLEE DE LA ROBERTSAU,100460,0,4,VC,0,3,2,,,0,4,,,,1,,0,0,0,1
4,6,3,1,3,67,FRANCE,ALSACE,447,67447,SCHILTIGHEIM,ROUTE DU GENERAL DE GAULLE,100468,2,4,VC,0,2,3,,,0,1,,,,1,7,0,0,1,0
1,8,1,1,6,67,FRANCE,ALSACE,482,67482,STRASBOURG,RUE DU 22 NOVEMBRE,100471,0,4,VC,0,1,1,,,1,1,,,,1,,0,0,1,0
1,8,3,1,3,67,FRANCE,ALSACE,482,67482,STRASBOURG,RUE DES VEAUX,100474,0,4,VC,0,1,1,,,0,1,,,,1,10,0,0,1,0
1,6,3,1,3,67,FRANCE,ALSACE,218,67218,ILLKIRCH-GRAFFENSTADEN,RUE DU JEU DES ENFANTS,100477,0,4,VC,0,2,2,,,0,1,,,,1,7,0,0,1,0
2,8,3,1,6,67,FRANCE,ALSACE,482,67482,STRASBOURG,RUE DE L'ENGELBREIT,100479,0,4,VC,0,2,2,,,2,1,,,,1,7,0,0,1,0
1,8,1,1,6,67,FRANCE,ALSACE,482,67482,STRASBOURG,ALLEE RENE CASSIN,100480,0,4,VC,0,3,5,,,1,1,,,,1,7,0,0,1,0
1,8,1,1,3,67,FRANCE,ALSACE,482,67482,STRASBOURG,AVENUE DE COLMAR,100485,0,4,VC,0,2,2,,,1,5,,,,1,7,0,0,1,0
5,8,1,1,1,67,FRANCE,ALSACE,482,67482,STRASBOURG,RUE MARCEL PROUST,100487,0,4,VC,0,1,2,,,0,1,,,,1,7,0,0,1,0
1,6,1,1,3,67,FRANCE,ALSACE,218,67218,ILLKIRCH-GRAFFENSTADEN,ROUTE DE STRASBOURG,100491,0,4,VC,0,2,2,,,1,1,,,,1,7,0,0,1,0
1,6,3,1,3,67,FRANCE,ALSACE,447,67447,SCHILTIGHEIM,ROUTE DU GENERAL DE GAULLE,100501,0,4,VC,0,2,2,,,0,1,,,,1,7,0,0,1,0
1,6,1,1,6,67,FRANCE,ALSACE,447,67447,SCHILTIGHEIM,ROUTE DE BISCHWILLER,100504,0,4,VC,0,4,1,,,0,4,,,,1,,0,0,0,1
1,8,3,1,6,67,FRANCE,ALSACE,482,67482,STRASBOURG,RUE DE L'YSER,100515,0,4,VC,0,2,2,,,0,1,,,,1,7,0,0,1,0
1,6,3,2,3,67,FRANCE,ALSACE,447,67447,SCHILTIGHEIM,RUE DU MARAIS,100519,0,4,VC,0,3,2,,,0,5,,,,1,2,0,0,1,0
1,8,1,1,6,67,FRANCE,ALSACE,482,67482,STRASBOURG,RUE DE LA PREMIERE ARMEE,100523,4,4,VC,0,1,2,,,3,1,,,,1,40,0,0,1,0
1,8,3,1,3,67,FRANCE,ALSACE,482,67482,STRASBOURG,ROUTE DU POLYGONE,100530,0,4,VC,0,3,3,,,0,1,,,,1,40,0,0,1,0
1,6,1,1,6,67,FRANCE,ALSACE,218,67218,ILLKIRCH-GRAFFENSTADEN,RUE DES ROSEAUX,100531,0,4,VC,0,2,2,,,1,3,,,,1,,0,0,0,1
1,8,1,1,3,67,FRANCE,ALSACE,482,67482,STRASBOURG,RUE DU FOSSE RIEPBERG,100535,0,4,VC,0,1,1,,,0,1,,,,1,7,0,0,1,0
1,8,3,1,3,67,FRANCE,ALSACE,482,67482,STRASBOURG,RUE LEICESTER,100538,0,4,VC,0,2,2,,,0,5,,,,1,7,0,0,1,0
1,8,1,1,6,67,FRANCE,ALSACE,482,67482,STRASBOURG,QUAI DES BATELIERS,100541,0,4,VC,0,2,2,,,0,1,,,,1,7,0,0,1,0
1,8,1,1,6,67,FRANCE,ALSACE,482,67482,STRASBOURG,RUE DE RATHSAMHAUSEN,100543,0,4,VC,0,2,2,,,0,1,,,,1,7,0,0,1,0
1,5,2,1,3,67,FRANCE,ALSACE,043,67043,BISCHHEIM,ROUTE DE BISCHWILLER,100545,0,4,VC,0,2,2,,,0,4,,,,1,7,0,0,1,0
1,6,2,1,3,67,FRANCE,ALSACE,447,67447,SCHILTIGHEIM,RUE DE L'ILL ,100559,0,4,VC,0,3,2,,,0,1,,,,1,7,0,0,1,0
1,8,2,1,3,67,FRANCE,ALSACE,482,67482,STRASBOURG,AVENUE JEAN JAURES,100562,0,4,VC,0,3,4,,,1,1,,,,1,34,0,0,1,0
1,6,3,2,3,67,FRANCE,ALSACE,218,67218,ILLKIRCH-GRAFFENSTADEN,ROUTE DE LYON ,100563,0,3,RD,0,3,2,,,0,1,,,,1,7,0,0,1,0
1,5,1,1,6,67,FRANCE,ALSACE,204,67204,HOENHEIM,ROUTE DE BRUMATH,100568,0,4,VC,0,2,2,,,0,1,,,,1,,0,0,0,1
1,6,6,1,1,67,FRANCE,ALSACE,218,67218,ILLKIRCH-GRAFFENSTADEN,QUAI DE L'ILL,100569,0,4,VC,0,2,2,,,0,4,,,,1,30,0,0,1,0
1,8,1,1,3,67,FRANCE,ALSACE,482,67482,STRASBOURG,RUE DE L'YSER,100570,0,4,VC,0,2,2,,,0,1,,,,1,7,0,0,1,0
5,8,3,1,3,67,FRANCE,ALSACE,482,67482,STRASBOURG,RUE DE LA FONDERIE,100573,0,4,VC,0,2,2,,,2,1,,,,1,10,0,0,1,0
1,8,6,1,3,67,FRANCE,ALSACE,482,67482,STRASBOURG,RUE DE HAGUENAU,100576,0,4,VC,0,2,3,,,0,1,,,,1,7,0,0,1,0
1,8,1,1,6,67,FRANCE,ALSACE,482,67482,STRASBOURG,RUE EDMOND LABBE,100579,0,4,VC,0,2,2,,,0,1,,,,1,7,0,0,1,0
2,5,6,1,3,67,FRANCE,ALSACE,204,67204,HOENHEIM,AVENUE DU RIED,100581,5,4,VC,0,2,2,,,0,1,,,,1,7,0,0,1,0
1,8,3,1,3,67,FRANCE,ALSACE,482,67482,STRASBOURG,RUE DE ROUEN,100583,0,4,VC,0,2,2,,,0,0,,,,1,7,0,0,1,0
1,8,1,1,6,67,FRANCE,ALSACE,482,67482,STRASBOURG,AVENUE DE LA FORET NOIRE,100586,0,4,VC,0,2,4,,,0,1,,,,1,7,0,0,1,0
1,8,1,1,3,67,FRANCE,ALSACE,482,67482,STRASBOURG,RUE AUGUSTIN FRESNEL,100591,0,4,VC,0,2,2,,,0,1,,,,1,7,0,0,1,0
1,8,1,1,3,67,FRANCE,ALSACE,482,67482,STRASBOURG,RUE AUGUSTIN FRESNEL,100595,0,4,VC,0,2,1,,,0,1,,,,1,7,0,0,1,0
1,8,1,1,6,67,FRANCE,ALSACE,482,67482,STRASBOURG,QUAI SAINT NICOLAS,100596,0,4,VC,0,2,2,,,0,1,,,,1,7,0,0,1,0
1,5,1,1,3,67,FRANCE,ALSACE,204,67204,HOENHEIM,RUE DU MARECHAL LECLERC,100598,0,4,VC,0,2,2,,,0,4,,,,1,7,0,0,1,0
1,8,1,1,6,67,FRANCE,ALSACE,482,67482,STRASBOURG,RUE DES GRANDES ARCADES,100602,6,4,VC,0,1,2,,,0,1,,,,1,,0,0,0,1
1,5,2,1,3,67,FRANCE,ALSACE,204,67204,HOENHEIM,AVENUE DU GENERAL DE GAULLE,100604,0,4,VC,0,2,3,,,0,5,,,,1,7,0,0,1,0
1,8,1,1,6,67,FRANCE,ALSACE,482,67482,STRASBOURG,RUE GERLINDE,100605,0,4,VC,0,1,2,,,0,1,,,,1,,0,0,0,1
1,8,5,1,3,67,FRANCE,ALSACE,482,67482,STRASBOURG,AVENUE SCHUTZENBERGER,100607,4,4,VC,0,2,2,,,0,1,,,,1,40,0,0,1,0
1,8,1,1,1,67,FRANCE,ALSACE,482,67482,STRASBOURG,RUE DE SAALES,100608,0,4,VC,0,2,2,,,1,5,,,,1,,0,0,1,0
1,8,3,1,3,67,FRANCE,ALSACE,482,67482,STRASBOURG,RUE DU BAN DE LA ROCHE,100610,0,4,VC,0,2,2,,,2,0,,,,1,7,0,0,1,0
1,8,1,1,2,67,FRANCE,ALSACE,482,67482,STRASBOURG,RUE DES BOUCHERS,100612,0,4,VC,0,1,2,,,1,1,,,,1,7,0,0,1,0
2,8,3,1,3,67,FRANCE,ALSACE,482,67482,STRASBOURG,RUE DES VEAUX,100613,0,4,VC,0,1,1,,,0,1,,,,1,7,0,0,1,0
1,8,2,1,3,67,FRANCE,ALSACE,482,67482,STRASBOURG,RUE VIRGILE,100614,0,4,VC,0,2,2,,,0,1,,,,1,7,0,0,1,0
1,8,2,1,3,67,FRANCE,ALSACE,482,67482,STRASBOURG,AVENUE RACINE,100615,0,4,VC,0,1,2,,,0,1,,,,1,7,0,0,1,0
1,5,3,1,3,67,FRANCE,ALSACE,043,67043,BISCHHEIM,RUE DU NOYER,100616,0,4,VC,0,2,2,,,0,1,,,,1,7,0,0,1,0
1,8,1,1,6,67,FRANCE,ALSACE,482,67482,STRASBOURG,QUAI DU GENERAL KOENIG,100620,0,4,VC,0,2,2,,,1,5,,,,1,,0,0,0,1
1,5,1,1,3,67,FRANCE,ALSACE,267,67267,LINGOLSHEIM,RUE DE MOLSHEIM,100621,0,4,VC,0,1,1,,,0,1,,,,1,7,0,0,1,0
1,8,1,1,3,67,FRANCE,ALSACE,482,67482,STRASBOURG,RUE DE ROME,100623,0,4,VC,0,2,2,,,1,1,,,,1,7,0,0,1,0
1,5,1,1,1,67,FRANCE,ALSACE,267,67267,LINGOLSHEIM,AVENUE SCHUMAN,100629,0,4,VC,0,2,2,,,1,5,,,,1,,0,0,1,0
1,8,1,1,6,67,FRANCE,ALSACE,482,67482,STRASBOURG,ROUTE NEUHOF,100630,0,4,VC,0,2,1,,,1,5,,,,1,,0,0,1,0
1,8,2,1,3,67,FRANCE,ALSACE,482,67482,STRASBOURG,AVENUE FRANCOIS MITTERAND,100637,0,4,VC,0,3,2,,,0,1,,,,1,7,0,0,1,0
1,8,1,1,6,67,FRANCE,ALSACE,482,67482,STRASBOURG,ROUTE DE MITTELHAUSBERGEN,100643,0,4,VC,0,2,2,,,0,4,,,,1,,0,0,0,1
1,8,2,1,3,67,FRANCE,ALSACE,482,67482,STRASBOURG,AVENUE DE NORMANDIE,100650,0,4,VC,0,3,3,,,1,1,,,,1,30,0,0,1,0
1,8,2,1,3,67,FRANCE,ALSACE,482,67482,STRASBOURG,RUE DE LA KURVAU,100656,0,4,VC,0,2,2,,,0,1,,,,1,7,0,0,1,0
1,8,2,1,3,67,FRANCE,ALSACE,482,67482,STRASBOURG,BOULEVARD DE LYON,100663,0,4,VC,0,2,6,,,0,1,,,,1,30,0,0,1,0
1,8,1,1,3,67,FRANCE,ALSACE,482,67482,STRASBOURG,RUE CRANACH,100668,4,4,VC,0,2,2,,,3,1,,,,1,39,0,0,1,0
1,8,2,1,3,67,FRANCE,ALSACE,482,67482,STRASBOURG,RUE DES JESUITES,100670,0,4,VC,0,2,3,,,0,1,,,,1,7,0,0,1,0
1,8,1,1,2,67,FRANCE,ALSACE,482,67482,STRASBOURG,ROUTE DE SCHIRMECK,100678,0,4,VC,0,2,3,,,0,1,,,,1,37,0,0,1,0
1,8,3,1,3,67,FRANCE,ALSACE,482,67482,STRASBOURG,RUE DE WISSEMBOURG,100679,0,4,VC,0,1,2,,,1,1,,,,1,3,0,0,1,0
1,8,2,1,3,67,FRANCE,ALSACE,482,67482,STRASBOURG,RUE DES DUCS,100683,0,4,VC,0,2,3,,,0,1,,,,1,7,0,0,1,0
1,8,2,1,3,67,FRANCE,ALSACE,482,67482,STRASBOURG,QUAI ZORN,100684,0,4,VC,0,1,1,,,0,1,,,,1,7,0,0,1,0
2,8,2,1,3,67,FRANCE,ALSACE,482,67482,STRASBOURG,RUE DU HAVRE,100688,0,4,VC,0,2,3,,,1,1,,,,1,7,0,0,1,0
1,1,2,1,3,67,FRANCE,ALSACE,218,67218,ILLKIRCH-GRAFFENSTADEN,RUE DE LA TOUR HAUTE,100689,5,4,VC,0,2,3,,,0,1,,,,1,7,0,0,0,1
1,8,3,1,3,67,FRANCE,ALSACE,482,67482,STRASBOURG,RUE DE PALERME,100691,0,4,VC,0,2,3,,,1,1,,,,1,7,0,0,1,0
1,8,2,1,3,67,FRANCE,ALSACE,482,67482,STRASBOURG,BOULEVARD DE LA MARNE,100692,0,4,VC,0,2,2,,,1,1,,,,1,7,0,0,1,0
1,8,7,1,3,67,FRANCE,ALSACE,482,67482,STRASBOURG,PLACE GOLBERY,100696,5,4,VC,0,1,2,,,2,1,,,,1,7,0,0,1,0
1,8,3,1,3,67,FRANCE,ALSACE,482,67482,STRASBOURG,RUE D'ARRAS,100698,0,4,VC,0,2,2,,,0,1,,,,1,7,0,0,1,0
1,8,1,1,3,67,FRANCE,ALSACE,482,67482,STRASBOURG,AVENUE DE COLMAR,100703,4,4,VC,0,3,4,,,2,3,,,,1,40,0,0,1,0
1,8,2,1,3,67,FRANCE,ALSACE,482,67482,STRASBOURG,ROUTE DU POLYGONE,100707,0,4,VC,0,2,3,,,0,1,,,,1,7,0,0,1,0
1,8,1,1,6,67,FRANCE,ALSACE,482,67482,STRASBOURG,PLACE GUTENBERG,100709,0,4,VC,0,1,1,,,1,1,,,,1,7,0,0,1,0
1,8,1,1,3,67,FRANCE,ALSACE,482,67482,STRASBOURG,RUE SCHWEIGHAEUSER,100710,0,4,VC,0,2,2,,,0,1,,,,1,7,0,0,1,0
1,8,1,1,3,67,FRANCE,ALSACE,482,67482,STRASBOURG,RUE GEORGES WODLI,100713,0,4,VC,0,1,1,,,1,5,,,,1,7,0,0,1,0
1,8,1,1,3,67,FRANCE,ALSACE,482,67482,STRASBOURG,ROUTE NEUHOF,100715,0,4,VC,0,2,3,,,1,1,,,,1,7,0,0,1,0
1,8,2,1,3,67,FRANCE,ALSACE,482,67482,STRASBOURG,QUAI DES ALPES,100725,0,4,VC,0,2,3,,,0,1,,,,1,7,0,0,1,0
1,8,3,1,3,67,FRANCE,ALSACE,482,67482,STRASBOURG,RUE DE LA KURVAU,100727,0,4,VC,0,2,2,,,0,1,,,,1,7,0,0,1,0
1,5,1,1,3,67,FRANCE,ALSACE,365,67365,OSTWALD,RUE DU 23 NOVEMBRE,100740,0,4,VC,0,2,2,,,1,1,,,,1,7,0,0,1,0
1,8,1,1,6,67,FRANCE,ALSACE,482,67482,STRASBOURG,QUAI DU MAIRE DIETRICH,100741,0,4,VC,0,1,2,,,0,1,,,,1,,0,0,1,0
1,8,1,1,1,67,FRANCE,ALSACE,482,67482,STRASBOURG,ROUTE DE BRUMATH,100742,0,4,VC,0,2,2,,,1,5,,,,1,,0,0,1,0
1,8,1,1,3,67,FRANCE,ALSACE,482,67482,STRASBOURG,AVENUE FRANCOIS MITTERAND,100743,0,4,VC,0,3,2,,,0,1,,,,1,7,0,0,1,0
1,8,1,1,6,67,FRANCE,ALSACE,482,67482,STRASBOURG,BOULEVARD DE LA MARNE,100752,0,4,VC,0,2,2,,,1,5,,,,1,,0,0,0,1
1,8,2,8,3,67,FRANCE,ALSACE,482,67482,STRASBOURG,RUE DES MINEURS,100758,0,4,VC,0,1,1,,,0,1,,,,1,7,0,0,1,0
1,6,1,1,3,67,FRANCE,ALSACE,447,67447,SCHILTIGHEIM,ROUTE DU GENERAL DE GAULLE,100766,2,4,VC,0,2,2,,,1,1,,,,1,7,0,0,1,0
1,5,3,1,3,67,FRANCE,ALSACE,043,67043,BISCHHEIM,RUE DU NOYER,100767,0,4,VC,0,2,2,,,0,1,,,,1,7,0,0,1,0
1,8,2,1,3,67,FRANCE,ALSACE,482,67482,STRASBOURG,RUE DU FOSSE DES TREIZE,100771,0,4,VC,0,0,1,,,0,1,,,,1,7,0,0,1,0
1,8,1,1,3,67,FRANCE,ALSACE,482,67482,STRASBOURG,RUE DE STOCKHOLM,100773,0,4,VC,0,1,2,,,2,4,,,,1,7,0,0,1,0
2,8,1,2,6,67,FRANCE,ALSACE,482,67482,STRASBOURG,RUE DU REMPART,100774,0,4,VC,0,2,2,,,0,5,,,,1,7,0,0,1,0
5,8,2,3,3,67,FRANCE,ALSACE,482,67482,STRASBOURG,ROUTE DU POLYGONE,100781,5,4,VC,0,2,2,,,0,1,,,,1,7,0,0,1,0
1,8,1,1,3,67,FRANCE,ALSACE,482,67482,STRASBOURG,AVENUE CHRISTIAN PFISTER,100784,0,4,VC,0,2,2,,,1,1,,,,1,37,0,0,1,0
1,8,1,1,6,67,FRANCE,ALSACE,482,67482,STRASBOURG,RUE LIVIO,100793,0,4,VC,0,2,2,,,0,1,,,,1,7,0,0,1,0
5,8,2,1,3,67,FRANCE,ALSACE,482,67482,STRASBOURG,ROUTE DE SCHIRMECK,100795,0,4,VC,0,2,3,,,0,1,,,,1,7,0,0,1,0
5,6,2,2,6,67,FRANCE,ALSACE,447,67447,SCHILTIGHEIM,RUE DES CONTADES,100796,0,4,VC,0,1,1,,,0,1,,,,1,7,0,0,1,0
5,7,1,1,3,68,FRANCE,ALSACE,066,68066,COLMAR,RUE DU LOGELBACH,100826,0,4,VC,0,2,2,,,0,1,,,,1,99,0,0,1,0
1,7,4,1,2,68,FRANCE,ALSACE,066,68066,COLMAR,RD 0,100827,2,3,RD,0,2,1,35,559,1,1,,,,1,7,0,0,1,0
5,8,3,2,2,68,FRANCE,ALSACE,224,68224,MULHOUSE,RUE JACQUES PREISS,100830,5,4,VC,0,2,0,,,0,1,,,,1,7,0,0,1,0
1,1,1,5,1,68,FRANCE,ALSACE,251,68251,OSENBACH,RD 40,100843,0,3,RD,40,2,0,0,0,0,0,4800900,721100,,1,7,0,0,1,0
1,5,1,1,3,68,FRANCE,ALSACE,154,68154,ILLZACH,RD 422,100844,0,3,RD,422,4,3,0,0,2,1,4777600,736200,,1,7,0,0,1,0
1,5,1,1,1,68,FRANCE,ALSACE,334,68334,THANN,VC 0,100845,0,4,VC,0,2,1,0,0,0,1,4781500,710200,,1,7,0,0,1,0
2,7,6,1,3,68,FRANCE,ALSACE,066,68066,COLMAR,RUE D'ALTKIRCH,100852,2,4,VC,0,2,2,,,1,1,,,,1,7,0,0,1,0
1,7,1,4,3,68,FRANCE,ALSACE,066,68066,COLMAR,RUE D'ALTKIRCH,100853,2,4,VC,0,2,2,,,1,1,,,,1,7,0,0,1,0
2,7,1,1,3,68,FRANCE,ALSACE,066,68066,COLMAR,RUE DE PRAGUE,100860,0,4,VC,0,2,2,,,0,1,,,,1,7,0,0,1,0
1,5,2,2,6,68,FRANCE,ALSACE,374,68374,WINTZENHEIM,RN 83,100862,5,2,RN,83,4,0,32,474,0,1,4807200,731100,,1,,0,0,1,0
1,7,1,1,3,68,FRANCE,ALSACE,066,68066,COLMAR,ROUTE D'INGERSHEIM,100880,4,3,RD,0,2,2,29,300,2,1,,,,1,7,0,0,1,0
1,7,1,1,2,68,FRANCE,ALSACE,066,68066,COLMAR,RUE DE LAUSANNE,100881,0,4,VC,0,2,2,,,0,1,,,,1,2,0,0,1,0
1,8,1,1,3,68,FRANCE,ALSACE,224,68224,MULHOUSE,RUE DE L'ILL ,100900,0,4,VC,0,2,0,,,2,5,,,,1,7,0,0,1,0
1,8,3,1,3,68,FRANCE,ALSACE,224,68224,MULHOUSE,BOULEVARD DE LA MARSEILLAISE,100902,0,4,VC,0,2,2,,,0,1,,,,1,7,0,0,1,0
1,7,2,1,3,68,FRANCE,ALSACE,066,68066,COLMAR,RUE D'ALSACE,100909,0,3,RD,0,2,4,,,2,0,,,,1,7,0,0,1,0
1,7,1,1,2,68,FRANCE,ALSACE,066,68066,COLMAR,PLACE JEAN DE LATTRE DE TASSIGNY,100910,0,6,Parking,0,4,1,,,0,1,,,,1,7,0,0,1,0
1,7,5,1,3,68,FRANCE,ALSACE,066,68066,COLMAR,ROUTE DE SELESTAT,100920,0,3,RD,0,2,5,1,21,2,0,,,,1,7,0,0,1,0
1,5,3,1,3,68,FRANCE,ALSACE,056,68056,BRUNSTATT,RUE CLEMENCEAU ,100924,0,4,VC,0,2,2,,,0,1,,,,1,7,0,0,1,0
5,8,2,1,3,68,FRANCE,ALSACE,224,68224,MULHOUSE,RUE DU LIEUTENANT JEAN DE LOISY,100925,0,4,VC,0,2,1,,,0,1,,,,1,7,0,0,1,0
1,2,1,7,1,68,FRANCE,ALSACE,142,68142,HOHROD,RD 5,100930,0,3,RD,5,2,0,0,0,0,1,0,0,,1,7,0,0,1,0
2,3,1,1,1,68,FRANCE,ALSACE,329,68329,STOSSWIHR,RD 417,100931,0,3,RD,417,2,0,0,0,0,1,4805600,710700,,1,7,0,0,1,0
1,8,3,1,3,68,FRANCE,ALSACE,224,68224,MULHOUSE,BOULEVARD DU PRESIDENT ROOSEVELT,100941,0,3,RD,0,2,2,,,1,1,,,,1,7,0,0,1,0
1,7,3,1,3,68,FRANCE,ALSACE,066,68066,COLMAR,RUE DU GRILLENBREIT,100955,0,4,VC,0,2,2,,,2,1,,,,1,7,0,0,1,0
1,8,3,1,3,68,FRANCE,ALSACE,224,68224,MULHOUSE,RUE JOSUE HOFER,100957,0,4,VC,0,2,2,,,1,5,,,,1,7,0,0,1,0
1,8,3,1,3,68,FRANCE,ALSACE,224,68224,MULHOUSE,RUE DE THANN,100961,0,4,VC,0,1,2,,,2,5,,,,1,7,0,0,1,0
1,8,2,1,3,68,FRANCE,ALSACE,224,68224,MULHOUSE,AVENUE FRANCOIS MITTERAND,100963,0,4,VC,0,2,2,,,1,1,,,,1,7,0,0,1,0
1,8,2,1,6,68,FRANCE,ALSACE,224,68224,MULHOUSE,RUE DE SOULTZ,100967,0,4,VC,0,2,4,,,0,1,,,,1,7,0,0,1,0
1,7,6,1,3,68,FRANCE,ALSACE,066,68066,COLMAR,AVENUE DU GENERAL DE GAULLE,100975,5,3,RD,0,1,1,35,309,2,1,,,,1,7,0,0,1,0
1,7,3,1,3,68,FRANCE,ALSACE,066,68066,COLMAR,ROUTE DE WINTZENHEIM,100976,0,3,RD,0,2,2,34,50,2,1,,,,1,7,0,0,1,0