lum,agg,int,atm,col,dep_bis,pays,region,com_bis,com_codeINSEE,communes,N_voie,numac,infra,catr,type_route,voie,circ,nbv,pr,pr1,vosp,situ,lat,long,adr,accident_velo,vehicule_imp,cycl_mort,cycl_bgv,cycl_blg,cycl_indm
1,7,6,1,3,68,FRANCE,ALSACE,066,68066,COLMAR,AVENUE FOCH,100982,5,4,VC,0,1,1,,,2,5,,,,1,7,0,0,1,0
2,8,3,1,2,68,FRANCE,ALSACE,224,68224,MULHOUSE,RUE DE THANN,100992,2,4,VC,0,2,3,,,0,1,,,,1,10,0,0,1,0
1,8,1,1,3,68,FRANCE,ALSACE,224,68224,MULHOUSE,PONT DE BOURTZWILLER,100999,0,4,VC,0,2,0,,,0,0,,,,1,40,0,0,1,0
1,7,2,1,3,68,FRANCE,ALSACE,066,68066,COLMAR,RUE DU NORD,101003,0,4,VC,0,1,3,,,0,1,,,,1,7,0,0,1,0
5,7,1,5,6,68,FRANCE,ALSACE,066,68066,COLMAR,AVENUE DE L'EUROPE,101005,0,3,RD,0,3,2,1,300,0,1,,,,1,,0,0,0,1
1,8,3,1,3,68,FRANCE,ALSACE,224,68224,MULHOUSE,AVENUE FRANCOIS MITTERAND,101008,0,4,VC,0,2,2,,,2,1,,,,1,10,0,0,1,0
1,5,3,7,1,68,FRANCE,ALSACE,112,68112,GUEBWILLER,ROUTE DE SOULTZ,101026,0,3,RD,0,2,2,,,2,5,,,,1,7,0,0,1,0
1,7,1,1,3,68,FRANCE,ALSACE,066,68066,COLMAR,RUE DE LA CAVALERIE,101037,0,3,RD,0,1,3,31,950,0,1,,,,1,7,0,0,1,0
1,3,3,1,1,68,FRANCE,ALSACE,011,68011,ASPACH-LE-BAS,RD 103,101052,5,3,RD,103,2,2,11,300,0,1,0,0,,1,7,0,0,1,0
1,4,1,1,3,68,FRANCE,ALSACE,338,68338,TURCKHEIM,RD 10,101066,0,3,RD,10,2,0,0,0,0,1,0,0,,1,7,0,0,1,0
1,7,5,1,3,68,FRANCE,ALSACE,066,68066,COLMAR,RUE D'ALSACE,101074,0,3,RD,0,3,2,,,2,1,,,,1,10,0,0,1,0
1,1,3,2,3,68,FRANCE,ALSACE,224,68224,MULHOUSE,AVENUE ARISTIDE BRIAND,101081,0,4,VC,0,2,2,,,0,1,,,,1,7,0,0,1,0
1,5,1,1,1,68,FRANCE,ALSACE,278,68278,RIXHEIM,RN 66,101088,0,2,RN,66,2,0,0,0,0,1,0,0,,1,7,0,0,1,0
1,7,2,1,3,68,FRANCE,ALSACE,066,68066,COLMAR,ROUTE D'INGERSHEIM,101093,0,3,RD,0,2,2,31,56,2,5,,,,1,7,0,0,1,0
1,7,1,1,3,68,FRANCE,ALSACE,066,68066,COLMAR,AVENUE DE LA LIBERTE,101094,0,3,RD,0,3,3,,,0,4,,,,1,7,0,0,1,0
1,7,1,1,3,68,FRANCE,ALSACE,066,68066,COLMAR,RUE STANISLAS,101095,0,3,RD,0,1,3,,,0,1,,,,1,7,0,0,1,0
1,8,1,1,3,68,FRANCE,ALSACE,224,68224,MULHOUSE,AVENUE ROBERT SCHUMAN,101109,4,4,VC,0,3,3,,,0,1,,,,1,40,0,0,1,0
1,4,3,1,1,68,FRANCE,ALSACE,349,68349,VILLAGE-NEUF,VC 0,101114,0,4,VC,0,2,0,0,0,1,1,4761700,757200,,1,7,0,0,1,0
1,7,2,2,3,68,FRANCE,ALSACE,066,68066,COLMAR,AVENUE DE LA REPUBLIQUE,101118,0,3,RD,0,2,3,3,830,0,1,,,,1,7,0,0,1,0
1,7,2,1,3,68,FRANCE,ALSACE,066,68066,COLMAR,RUE GOLBERY,101122,0,4,VC,0,2,3,,,3,1,,,,1,,0,0,1,0
1,8,3,1,6,68,FRANCE,ALSACE,224,68224,MULHOUSE,RUE DE LA DOLLER,101125,5,4,VC,0,2,2,,,0,1,,,,1,7,0,0,1,0
1,7,3,1,3,68,FRANCE,ALSACE,066,68066,COLMAR,RUE DE TURCKHEIM,101134,0,4,VC,0,2,2,,,2,1,,,,1,7,0,0,1,0
1,8,3,1,3,68,FRANCE,ALSACE,224,68224,MULHOUSE,BOULEVARD DU PRESIDENT ROOSEVELT,101137,0,4,VC,0,2,0,,,0,1,,,,1,7,0,0,1,0
1,8,1,1,3,68,FRANCE,ALSACE,224,68224,MULHOUSE,RUE DU SIPHON,101141,0,4,VC,0,1,2,,,0,1,,,,1,7,0,0,1,0
1,7,1,1,3,68,FRANCE,ALSACE,066,68066,COLMAR,ROUTE DE WINTZENHEIM,101152,0,3,RD,0,2,2,,,2,5,,,,1,,0,0,1,0
1,7,2,1,6,68,FRANCE,ALSACE,066,68066,COLMAR,RUE STANISLAS,101164,0,3,RD,0,1,4,4,950,0,1,,,,1,,0,0,0,1
1,7,4,1,3,68,FRANCE,ALSACE,066,68066,COLMAR,ROUTE D'INGERSHEIM,101166,0,3,RD,0,2,3,30,832,2,1,,,,1,14,0,0,1,0
1,7,2,1,6,68,FRANCE,ALSACE,066,68066,COLMAR,AVENUE DE LA REPUBLIQUE,101169,0,3,RD,0,1,3,4,0,3,1,,,,1,10,0,0,1,0
1,7,1,1,1,68,FRANCE,ALSACE,066,68066,COLMAR,AVENUE JOFFRE ,101179,0,4,VC,0,2,2,,,1,1,,,,1,7,0,0,1,0
1,5,3,1,3,68,FRANCE,ALSACE,112,68112,GUEBWILLER,CHEMIN NOIR,101181,0,4,VC,0,2,2,,,0,1,,,,1,7,0,0,1,0
1,5,2,1,3,68,FRANCE,ALSACE,112,68112,GUEBWILLER,RUE DU GENERAL DE GAULLE ,101182,0,3,RD,0,2,2,,,0,1,,,,1,7,0,0,1,0
1,8,1,1,3,68,FRANCE,ALSACE,224,68224,MULHOUSE,BOULEVARD DES NATIONS,101187,0,3,RD,0,1,1,,,2,5,,,,1,7,0,0,1,0
5,5,1,1,6,68,FRANCE,ALSACE,271,68271,RIEDISHEIM,RUE DU GENERAL DE GAULLE ,101188,0,4,VC,0,2,2,,,0,1,,,,1,37,0,0,1,0
5,5,1,1,3,68,FRANCE,ALSACE,056,68056,BRUNSTATT,AVENUE D'ALTKIRCH,101219,0,4,VC,0,2,2,,,0,1,,,,1,7,0,0,1,0
5,7,3,1,3,68,FRANCE,ALSACE,066,68066,COLMAR,AVENUE DE PARIS,101221,0,4,VC,0,2,2,,,0,0,,,,1,7,0,0,1,0
1,1,2,1,3,68,FRANCE,ALSACE,066,68066,COLMAR,RUE DU LADHOF,101238,2,3,RD,0,2,3,3,266,2,0,,,,1,7,0,0,1,0
1,7,6,1,3,68,FRANCE,ALSACE,066,68066,COLMAR,RUE DU LADHOF,101256,0,3,RD,0,2,2,1,819,2,0,,,,1,7,0,0,1,0
1,7,1,1,3,68,FRANCE,ALSACE,066,68066,COLMAR,RUE DE L'ABBE LEMIRE,101263,0,4,VC,0,2,1,,,0,1,,,,1,7,0,0,1,0
1,7,1,1,3,68,FRANCE,ALSACE,066,68066,COLMAR,RUE DU VAL SAINT GREGOIRE,101266,4,4,VC,0,2,2,,,0,4,,,,1,7,0,0,1,0
1,7,2,1,3,68,FRANCE,ALSACE,066,68066,COLMAR,AVENUE GEORGES CLEMENCEAU,101268,0,4,VC,0,2,4,,,1,0,,,,1,7,0,0,1,0
1,8,9,1,3,68,FRANCE,ALSACE,224,68224,MULHOUSE,RUE ROBERT MEYER,101273,0,3,RD,0,2,2,,,2,5,,,,1,7,0,0,1,0
1,4,3,1,1,68,FRANCE,ALSACE,352,68352,VOLGELSHEIM,RD 1,101281,5,3,RD,1,2,1,0,0,0,1,4801900,755400,,1,7,0,0,1,0
1,1,1,1,3,68,FRANCE,ALSACE,239,68239,OBERBRUCK,RD 466,101285,0,3,RD,466,2,2,0,0,1,1,4781200,694300,,1,7,0,0,1,0
1,7,1,1,3,68,FRANCE,ALSACE,066,68066,COLMAR,RUE DU GALZ,101289,0,4,VC,0,2,2,,,0,1,,,,1,7,0,0,1,0
1,7,6,1,3,68,FRANCE,ALSACE,066,68066,COLMAR,AVENUE DE LA LIBERTE,101292,0,3,RD,0,3,2,,,2,0,,,,1,7,0,0,1,0
1,7,1,1,6,68,FRANCE,ALSACE,066,68066,COLMAR,PLACE RAPP,101293,0,4,VC,0,1,1,,,0,1,,,,1,,0,0,0,1
1,7,2,1,3,68,FRANCE,ALSACE,066,68066,COLMAR,AVENUE DE PARIS,101294,0,4,VC,0,2,2,,,0,0,,,,1,7,0,0,1,0
1,7,1,1,3,68,FRANCE,ALSACE,066,68066,COLMAR,RUE DE MADRID,101305,0,4,VC,0,2,2,,,0,1,,,,1,7,0,0,1,0
1,7,2,1,7,68,FRANCE,ALSACE,066,68066,COLMAR,PLACE ST JOSEPH,101307,0,4,VC,0,2,2,,,0,0,,,,1,7,0,0,1,0
1,7,2,1,2,68,FRANCE,ALSACE,066,68066,COLMAR,BOULEVARD ST PIERRE,101308,0,4,VC,0,1,2,,,0,0,,,,1,7,0,0,1,0
1,8,3,1,3,68,FRANCE,ALSACE,224,68224,MULHOUSE,RUE PAUL CEZANNE,101316,0,4,VC,0,2,3,,,2,5,,,,1,7,0,0,1,0
1,8,3,1,3,68,FRANCE,ALSACE,224,68224,MULHOUSE,ALLEE NATHAN KATZ,101318,0,9,Autre,0,1,2,,,0,5,,,,1,7,0,0,1,0
1,8,1,1,6,68,FRANCE,ALSACE,224,68224,MULHOUSE,AVENUE D.M.C.,101321,0,3,RD,0,0,2,,,0,1,,,,1,7,0,0,1,0
1,8,1,1,3,68,FRANCE,ALSACE,224,68224,MULHOUSE,RUE DE THANN,101326,0,4,VC,0,2,4,,,1,5,,,,1,7,0,0,1,0
1,3,1,1,1,68,FRANCE,ALSACE,178,68178,LAUTENBACHZELL,RD 430,101327,0,3,RD,430,2,2,0,0,0,1,4795000,713900,,1,33,0,0,0,1
1,1,9,2,2,68,FRANCE,ALSACE,338,68338,TURCKHEIM,RD 11,101328,0,3,RD,11,2,2,0,0,0,1,4808900,729000,,1,7,0,0,1,0
1,7,2,1,3,68,FRANCE,ALSACE,066,68066,COLMAR,RUE D'OSTHEIM,101331,0,4,VC,0,2,2,,,0,0,,,,1,2,0,0,1,0
1,8,2,1,6,68,FRANCE,ALSACE,224,68224,MULHOUSE,RUE DE L'ILE NAPOLEON,101335,5,4,VC,0,2,2,,,0,1,,,,1,7,0,0,1,0
1,8,1,1,6,68,FRANCE,ALSACE,224,68224,MULHOUSE,AVENUE DE COLMAR,101337,2,4,VC,0,2,3,,,1,1,,,,1,7,0,0,1,0
1,8,1,1,3,68,FRANCE,ALSACE,224,68224,MULHOUSE,RUE D'ILLZACH,101340,0,4,VC,0,2,2,,,0,1,,,,1,7,0,0,1,0
1,8,1,1,3,68,FRANCE,ALSACE,224,68224,MULHOUSE,RUE DE STALINGRAD,101341,0,4,VC,0,2,3,,,1,1,,,,1,7,0,0,1,0
1,1,2,1,3,68,FRANCE,ALSACE,056,68056,BRUNSTATT,RUE DE LA LIBERATION,101343,0,4,VC,0,0,2,,,0,1,,,,1,7,0,0,1,0
1,5,4,1,1,68,FRANCE,ALSACE,112,68112,GUEBWILLER,RUE DU VIEIL ARMAND,101348,5,4,VC,0,3,2,,,0,0,,,,1,7,0,0,1,0
5,4,1,3,3,68,FRANCE,ALSACE,163,68163,KEMBS,RD 468,101349,0,3,RD,468,2,2,0,0,0,1,0,0,,1,7,0,0,1,0
1,7,1,1,3,68,FRANCE,ALSACE,066,68066,COLMAR,RUE DES BONNES GENS,101352,0,4,VC,0,2,2,,,1,1,,,,1,7,0,0,1,0
2,8,1,1,3,68,FRANCE,ALSACE,224,68224,MULHOUSE,RUE D'ILLZACH,101361,0,3,RD,0,2,2,,,0,1,,,,1,7,0,0,1,0
5,8,6,1,2,68,FRANCE,ALSACE,224,68224,MULHOUSE,CHEMIN DE MODENHEIM,101377,5,4,VC,0,2,0,,,0,1,,,,1,7,0,0,1,0
1,7,1,1,6,68,FRANCE,ALSACE,066,68066,COLMAR,AVENUE DE PARIS,101381,0,4,VC,0,2,2,,,0,1,,,,1,,0,0,1,0
1,5,1,1,3,68,FRANCE,ALSACE,298,68298,SAINTE-MARIE-AUX-MINES,RD 459,101396,0,3,RD,459,2,2,7,468,0,1,4825402,719994,,1,7,0,0,1,0
1,8,6,7,3,68,FRANCE,ALSACE,224,68224,MULHOUSE,RUE DE BRUNSTATT,101406,5,3,RD,8,2,2,0,1434,0,1,,,,1,7,0,0,1,0
1,7,1,1,3,68,FRANCE,ALSACE,066,68066,COLMAR,ROUTE D'INGERSHEIM,101415,0,3,RD,418,2,2,30,0,2,5,,,,1,7,0,0,1,0
1,7,2,1,3,68,FRANCE,ALSACE,066,68066,COLMAR,ROUTE D'INGERSHEIM,101421,0,3,RD,418,2,3,28,332,2,1,,,,1,30,0,0,1,0
1,5,3,1,3,68,FRANCE,ALSACE,145,68145,HORBOURG-WIHR,RD 418,101429,0,3,RD,418,2,2,34,900,2,1,0,0,,1,15,0,0,1,0
1,2,2,1,3,68,FRANCE,ALSACE,087,68087,FELDBACH,RD 9,101431,0,3,RD,9,2,2,5,700,0,1,4754100,726900,,1,7,0,0,1,0
1,8,8,1,3,68,FRANCE,ALSACE,224,68224,MULHOUSE,RUE DE LA NAVIGATION,101438,5,4,VC,0,1,1,0,0,2,1,,,,1,7,0,0,1,0
1,7,3,1,3,68,FRANCE,ALSACE,066,68066,COLMAR,ROUTE D'INGERSHEIM,101439,5,3,RD,418,2,2,30,672,2,5,,,,1,7,0,0,1,0
1,5,7,1,3,68,FRANCE,ALSACE,297,68297,SAINT-LOUIS,RUE ALEXANDRE LAULY,101443,0,4,VC,0,2,2,0,0,0,1,,,,1,7,0,0,1,0
1,8,1,1,3,68,FRANCE,ALSACE,224,68224,MULHOUSE,RUE DU JARDIN ZOOLOGIQUE,101449,5,4,VC,0,2,2,0,0,0,1,,,,1,7,0,0,1,0
1,7,2,2,3,68,FRANCE,ALSACE,066,68066,COLMAR,ROUTE D'INGERSHEIM,101453,0,3,RD,418,2,3,30,209,2,1,,,,1,7,0,0,1,0
1,8,1,1,6,68,FRANCE,ALSACE,224,68224,MULHOUSE,AVENUE DU PRESIDENT KENNEDY,101454,0,4,VC,0,1,1,0,0,0,4,,,,1,,0,0,0,2
1,1,1,1,2,68,FRANCE,ALSACE,066,68066,COLMAR,ROUTE DE BALE,101456,4,3,RD,201,2,2,4,100,2,5,,,,1,7,0,0,1,0
1,8,2,1,3,68,FRANCE,ALSACE,224,68224,MULHOUSE,RUE DE LA PASSERELLE,101462,0,4,VC,0,2,2,0,0,0,1,,,,1,7,0,0,1,0
1,8,3,1,3,68,FRANCE,ALSACE,224,68224,MULHOUSE,RUE DES ROMAINS,101463,0,3,RD,38,2,3,1,200,1,1,,,,1,7,0,0,1,0
1,7,2,1,3,68,FRANCE,ALSACE,066,68066,COLMAR,ROUTE D'INGERSHEIM,101466,5,3,RD,418,2,3,30,209,2,1,,,,1,7,0,0,1,0
5,7,2,1,6,68,FRANCE,ALSACE,066,68066,COLMAR,AVENUE DE LA REPUBLIQUE,101471,0,3,RD,30,1,2,4,50,3,1,,,,1,,0,0,1,0
1,7,1,1,3,68,FRANCE,ALSACE,066,68066,COLMAR,ROUTE D'INGERSHEIM,101472,0,3,RD,418,2,2,29,0,2,5,,,,1,7,0,0,1,0
1,7,1,1,2,68,FRANCE,ALSACE,066,68066,COLMAR,RUE D'AMSTERDAM,101474,0,4,VC,,2,2,,,0,1,,,,1,7,0,0,1,0
1,7,2,1,3,68,FRANCE,ALSACE,066,68066,COLMAR,RUE SCHUMANN,101477,0,4,VC,,2,2,,,2,5,,,,1,10,0,0,1,0
1,8,3,1,6,68,FRANCE,ALSACE,224,68224,MULHOUSE,AVENUE D'ALTKIRCH,101501,0,3,RD,432,2,2,0,700,3,0,,,,1,,0,0,0,1
1,8,2,1,3,68,FRANCE,ALSACE,224,68224,MULHOUSE,RUE DU LANGUEDOC,101504,5,4,VC,,2,2,,,0,1,,,,1,7,0,0,1,0
1,8,3,1,3,68,FRANCE,ALSACE,224,68224,MULHOUSE,RUE DU SOLEIL ,101505,0,4,VC,,2,2,,,0,1,,,,1,7,0,0,1,0
1,7,4,1,3,68,FRANCE,ALSACE,066,68066,COLMAR,ROUTE D'INGERSHEIM,101523,0,3,RD,418,2,2,31,0,2,1,,,,1,7,0,0,1,0
1,7,2,1,3,68,FRANCE,ALSACE,066,68066,COLMAR,AVENUE DE LA REPUBLIQUE,101528,0,3,RD,30,2,3,3,900,2,1,,,,1,7,0,0,1,0
1,7,1,1,6,68,FRANCE,ALSACE,066,68066,COLMAR,RUE DES CLEFS,101538,0,4,VC,,1,1,,,0,1,4807842,735996,,1,,0,0,0,1
5,5,6,4,3,68,FRANCE,ALSACE,297,68297,SAINT-LOUIS,RUE DE ABATTOIR,101544,0,3,RD,0,1,2,72,900,1,5,4759145,755761,,1,7,0,0,1,0
5,7,1,1,2,68,FRANCE,ALSACE,066,68066,COLMAR,RUE DE LA PREMIERE ARMEE FRANCAISE,101548,0,3,RD,30,2,4,5,80,0,1,4808358,735633,,1,7,0,0,1,0
1,4,6,1,3,68,FRANCE,ALSACE,348,68348,VIEUX-THANN,VC 0,101549,5,4,VC,0,1,1,0,0,0,1,4780119,711687,,1,7,0,0,1,0
1,8,1,1,7,68,FRANCE,ALSACE,224,68224,MULHOUSE,RUE FRANKLIN ,101555,0,4,VC,0,2,3,0,0,3,1,4775345,733628,,1,37,0,0,1,0
1,7,6,1,3,68,FRANCE,ALSACE,066,68066,COLMAR,AVENUE DE LORRAINE,101567,2,3,RD,83,3,2,46,870,1,1,4809321,735530,,1,7,0,0,1,0
1,7,4,1,2,68,FRANCE,ALSACE,066,68066,COLMAR,AVENUE DU GENERAL DE GAULLE,101568,0,3,RD,417,2,2,35,559,2,1,4807622,734748,,1,7,0,0,1,0
1,7,3,1,1,68,FRANCE,ALSACE,066,68066,COLMAR,AVENUE JOFFRE ,101570,0,4,VC,0,2,2,,,1,5,4807211,735368,,1,,0,0,0,1
1,7,2,1,3,68,FRANCE,ALSACE,066,68066,COLMAR,RUE D'ALSACE,101582,0,3,RD,201,3,2,1,453,2,1,4808024,736448,,1,7,0,0,1,0
1,8,2,1,3,68,FRANCE,ALSACE,224,68224,MULHOUSE,RUE DES IMPRIMEURS,101583,0,4,VC,,1,1,,,0,1,4775353,733193,,1,7,0,0,1,0
1,7,2,1,3,68,FRANCE,ALSACE,066,68066,COLMAR,RUE DE SELESTAT,101584,0,4,VC,,1,1,,,0,0,4808040,736373,,1,7,0,0,1,0
1,1,1,1,1,68,FRANCE,ALSACE,283,68283,ROMBACH-LE-FRANC,RD 48,101586,0,3,RD,48,2,2,10,200,0,1,4829212,725878,,1,7,0,0,1,0
1,4,1,1,1,68,FRANCE,ALSACE,287,68287,ROUFFACH,,101588,0,4,VC,,2,2,,,0,0,4796198,729311,,1,7,0,0,1,0
1,8,1,1,7,68,FRANCE,ALSACE,224,68224,MULHOUSE,RUE DE KINGERSHEIM,101594,0,3,RD,20,2,2,12,400,1,5,4776891,732611,,1,7,0,0,1,0
1,7,1,1,6,68,FRANCE,ALSACE,066,68066,COLMAR,ROUTE D'INGERSHEIM,101598,0,3,RD,418,2,4,30,530,0,1,4808381,734761,,1,7,0,0,1,0
1,7,4,1,3,68,FRANCE,ALSACE,066,68066,COLMAR,ROUTE DE BALE,101603,0,3,RD,418,2,4,32,535,1,5,4807252,736056,,1,7,0,0,1,0
1,1,1,1,6,68,FRANCE,ALSACE,204,68204,METZERAL,VC 0,101610,0,4,VC,0,0,2,0,0,1,5,4801750,707627,,1,30,0,0,1,0
5,7,1,1,6,68,FRANCE,ALSACE,066,68066,COLMAR,RUE SCHUMANN,101621,0,4,VC,,2,2,,,1,5,4808054,733526,,1,7,0,0,1,0
1,5,1,1,3,68,FRANCE,ALSACE,376,68376,WITTENHEIM,RUE DU MILLEPERTUIS,101623,0,4,VC,,2,1,,,0,1,4780234,731686,,1,7,0,0,1,0
1,2,1,1,3,68,FRANCE,ALSACE,008,68008,APPENWIHR,RD 1,101625,0,3,RD,1,2,2,15,800,0,1,4802944,744307,,1,7,0,0,1,0
1,1,1,1,3,68,FRANCE,ALSACE,331,68331,SUNDHOFFEN,RD 13,101638,0,3,RD,13,2,2,4,434,0,1,4805105,740109,,1,7,0,0,1,0
1,4,1,1,3,68,FRANCE,ALSACE,352,68352,VOLGELSHEIM,RD 468,101645,0,3,RD,468,2,2,46,1,0,1,4802539,753349,,1,7,0,0,1,0
1,7,7,1,6,68,FRANCE,ALSACE,066,68066,COLMAR,RUE DES SERRURIERS,101668,6,4,VC,0,1,1,,,0,1,4807803,735704,,1,,,,,
1,7,2,2,3,68,FRANCE,ALSACE,066,68066,COLMAR,PLACE ST JOSEPH,101670,6,4,VC,,2,2,,,0,1,4808220,734736,,1,7,0,0,1,0
1,7,6,1,3,68,FRANCE,ALSACE,066,68066,COLMAR,AVENUE DU GENERAL DE GAULLE,101671,0,3,RD,417,2,2,35,303,1,1,4807472,734427,,1,7,0,0,1,0
1,7,1,1,6,68,FRANCE,ALSACE,066,68066,COLMAR,RUE DE MADRID,101674,0,4,VC,,2,2,,,0,1,4807851,732871,,1,7,0,0,1,0
1,7,3,2,3,68,FRANCE,ALSACE,066,68066,COLMAR,RUE DU LADHOF,101685,0,3,RD,4,2,2,0,527,1,1,4808518,736704,,1,3,0,0,1,0
2,7,6,1,3,68,FRANCE,ALSACE,066,68066,COLMAR,VC 0,101691,5,4,VC,0,1,2,0,0,0,1,4810761,737968,,1,7,0,0,1,0
1,7,1,1,6,68,FRANCE,ALSACE,066,68066,COLMAR,RUE DU LOGELBACH,101693,0,4,VC,,2,2,,,1,1,4808312,733939,,1,7,0,0,1,1
1,7,6,1,6,68,FRANCE,ALSACE,066,68066,COLMAR,AVENUE DU GENERAL DE GAULLE,101694,0,3,RD,417,2,2,35,303,1,1,4807494,734470,,1,7,0,0,1,0
2,7,2,1,6,68,FRANCE,ALSACE,066,68066,COLMAR,RUE HENNER,101696,0,4,VC,,2,2,,,1,0,4806783,734571,,1,7,0,0,1,0
1,1,3,1,3,68,FRANCE,ALSACE,112,68112,GUEBWILLER,ROUTE D'ISSENHEIM,101702,0,3,RD,4,2,2,3,37,0,1,4790285,722678,,1,7,0,0,1,0
1,5,2,1,3,68,FRANCE,ALSACE,056,68056,BRUNSTATT,RUE DE DORNACH,101713,0,3,RD,8,2,2,0,300,2,1,4773159,731910,,1,7,0,0,1,0
1,8,1,1,3,68,FRANCE,ALSACE,224,68224,MULHOUSE,AVENUE DU REPOS,101714,0,4,VC,,1,1,,,0,4,4776090,734440,,1,7,0,0,1,0
1,8,1,1,1,68,FRANCE,ALSACE,224,68224,MULHOUSE,RUE DE DUNKERQUE,101716,0,4,VC,,2,2,,,0,1,4777616,731822,,1,7,0,0,1,0
5,8,1,1,1,68,FRANCE,ALSACE,224,68224,MULHOUSE,RUE DE LA SINNE,101720,0,4,VC,0,2,2,0,0,0,1,4774494,733897,,1,7,0,0,1,0
1,8,1,7,3,68,FRANCE,ALSACE,224,68224,MULHOUSE,BOULEVARD DE L'EUROPE,101724,0,4,VC,,1,1,,,3,1,4774966,734096,,1,40,0,0,1,0
5,8,3,1,3,68,FRANCE,ALSACE,224,68224,MULHOUSE,RUE DE LA MEURTHE,101726,0,4,VC,,1,1,,,0,1,4774860,734099,,1,3,0,0,1,0
1,8,2,1,3,68,FRANCE,ALSACE,224,68224,MULHOUSE,RUE FRANKLIN ,101728,0,4,VC,,2,2,,,0,0,4775224,733574,,1,7,0,0,1,0
1,5,1,1,6,68,FRANCE,ALSACE,271,68271,RIEDISHEIM,RUE DE BALE,101729,0,3,RD,66,2,2,46,3960,0,1,4775382,736418,,1,7,0,0,1,0
1,8,1,1,3,68,FRANCE,ALSACE,224,68224,MULHOUSE,RUE D'AGEN,101735,0,4,VC,,1,1,,,1,5,4776104,733893,,1,7,0,0,1,0
5,5,1,1,3,68,FRANCE,ALSACE,297,68297,SAINT-LOUIS,AVENUE DU GENERAL LECLERC,101740,0,3,RD,469,1,1,1,1386,1,1,4758495,756176,,1,7,0,0,1,0
1,6,1,1,3,69,FRANCE,RHONE-ALPES,275,69275,DECINES-CHARPIEU,AVENUE JEAN JAURES,101766,0,3,RD,0,2,2,,,0,1,,,,1,7,0,0,1,0
1,9,1,1,2,69,FRANCE,RHONE-ALPES,382,69382,LYON,RUE PAUL MONTROCHET,101772,0,4,VC,0,2,2,0,1,0,1,,,,1,7,0,0,1,0
1,9,1,1,2,69,FRANCE,RHONE-ALPES,383,69383,LYON,COURS GAMBETTA,101778,0,4,VC,0,2,3,,,0,1,,,,1,7,0,0,1,0
1,9,1,1,2,69,FRANCE,RHONE-ALPES,383,69383,LYON,RUE PAUL BERT,101781,0,4,VC,0,2,3,,,0,1,,,,1,7,0,0,1,0
5,9,1,2,2,69,FRANCE,RHONE-ALPES,386,69386,LYON,QUAI DU GENERAL SARRAIL,101782,0,4,VC,0,1,3,,,0,1,,,,1,7,0,0,1,0
1,9,2,4,3,69,FRANCE,RHONE-ALPES,386,69386,LYON,BOULEVARD DES BELGES,101789,0,4,VC,0,2,4,,,0,1,,,,1,7,0,0,1,0
1,9,1,1,6,69,FRANCE,RHONE-ALPES,384,69384,LYON,BOULEVARD DE LA CROIX ROUSSE,101792,0,4,VC,0,2,2,,,0,1,,,,1,7,0,0,1,0
1,9,1,2,6,69,FRANCE,RHONE-ALPES,383,69383,LYON,RUE FERDINAND BUISSON,101856,0,4,VC,0,1,1,,,0,1,,,,1,,0,0,0,1
5,9,1,1,7,69,FRANCE,RHONE-ALPES,384,69384,LYON,MONTEE DE LA BOUCLE,101867,0,4,VC,0,3,4,0,10,0,1,,,,1,,0,0,1,0
1,9,2,8,3,69,FRANCE,RHONE-ALPES,387,69387,LYON,RUE DE L'UNIVERSITE,101873,0,4,VC,0,1,4,,,0,1,,,,1,7,0,0,1,0
2,9,1,1,6,69,FRANCE,RHONE-ALPES,388,69388,LYON,ROUTE DE VIENNE,101875,0,4,VC,0,2,2,,,1,1,,,,1,7,0,0,1,0
1,9,3,1,3,69,FRANCE,RHONE-ALPES,388,69388,LYON,AVENUE BERTHELOT,101876,0,4,VC,0,1,2,,,3,1,,,,1,19,0,0,1,0
1,7,2,1,3,69,FRANCE,RHONE-ALPES,259,69259,VENISSIEUX,AVENUE MARCEL CACHIN ,101898,0,4,VC,0,3,5,,,0,1,,,,1,7,0,0,1,0
1,8,1,8,6,69,FRANCE,RHONE-ALPES,266,69266,VILLEURBANNE,COURS DE LA REPUBLIQUE,101904,0,4,VC,0,2,2,,,0,1,,,,1,7,0,0,1,0
1,8,1,1,3,69,FRANCE,RHONE-ALPES,266,69266,VILLEURBANNE,RUE DU 4 AOUT 1789,101905,0,4,VC,0,1,2,,,0,1,,,,1,7,0,0,1,0
1,9,2,1,3,69,FRANCE,RHONE-ALPES,383,69383,LYON,RUE ANDRE PHILIP,101921,0,4,VC,0,1,1,,,0,1,,,,1,7,0,0,1,0
1,9,1,1,2,69,FRANCE,RHONE-ALPES,388,69388,LYON,RUE DE VILLON,101930,0,4,VC,0,1,0,,,0,1,,,,1,7,0,0,1,0
1,9,1,1,6,69,FRANCE,RHONE-ALPES,388,69388,LYON,AVENUE DES FRERES LUMIERE,101932,0,4,VC,0,2,3,,,3,1,,,,1,7,0,0,1,0