lum,agg,int,atm,col,dep_bis,pays,region,com_bis,com_codeINSEE,communes,N_voie,numac,infra,catr,type_route,voie,circ,nbv,pr,pr1,vosp,situ,lat,long,adr,accident_velo,vehicule_imp,cycl_mort,cycl_bgv,cycl_blg,cycl_indm
1,8,1,1,3,69,FRANCE,RHONE-ALPES,266,69266,VILLEURBANNE,ROUTE DE GENAS,101979,0,4,VC,0,2,4,,,0,1,,,,1,7,0,0,1,0
5,9,1,1,1,69,FRANCE,RHONE-ALPES,381,69381,LYON,RUE TERME,101984,0,4,VC,0,0,2,,,0,0,,,,1,7,0,0,1,0
1,9,2,1,3,69,FRANCE,RHONE-ALPES,386,69386,LYON,RUE DU PROFESSEUR WEILL,101993,0,4,VC,0,1,1,,,0,1,,,,1,7,0,0,1,0
1,9,2,1,3,69,FRANCE,RHONE-ALPES,386,69386,LYON,COURS LAFAYETTE,101998,0,4,VC,0,2,4,,,0,1,,,,1,2,0,0,1,0
1,9,1,1,3,69,FRANCE,RHONE-ALPES,383,69383,LYON,RUE DU DAUPHINE,102004,0,4,VC,0,2,2,,,0,1,,,,1,7,0,0,1,0
1,9,2,1,3,69,FRANCE,RHONE-ALPES,387,69387,LYON,RUE ST MICHEL,102012,0,4,VC,0,1,1,,,0,1,,,,1,7,0,0,1,0
1,9,2,1,3,69,FRANCE,RHONE-ALPES,388,69388,LYON,RUE ST GERVAIS,102015,0,4,VC,0,1,1,,,0,1,,,,1,7,0,0,1,0
1,1,1,1,6,69,FRANCE,RHONE-ALPES,029,69029,BRON,PARC DE PARILLY,102059,0,4,VC,0,2,1,,,2,5,,,,1,,0,0,1,0
1,8,1,1,6,69,FRANCE,RHONE-ALPES,266,69266,VILLEURBANNE,RUE D'ALSACE,102067,0,4,VC,0,2,2,,,0,1,,,,1,,,,,
1,9,1,1,3,69,FRANCE,RHONE-ALPES,384,69384,LYON,QUAI JOSEPH GILLET,102093,0,4,VC,0,2,2,0,1,0,1,,,,1,7,0,0,1,0
1,9,1,1,3,69,FRANCE,RHONE-ALPES,384,69384,LYON,RUE DE LA TERRASSE,102095,0,4,VC,0,2,2,,,0,1,,,,1,7,0,0,1,0
1,9,9,1,3,69,FRANCE,RHONE-ALPES,387,69387,LYON,AVENUE LECLERC,102097,0,4,VC,0,4,1,,,0,1,,,,1,7,0,0,1,0
1,9,2,1,3,69,FRANCE,RHONE-ALPES,387,69387,LYON,RUE D'ANVERS,102099,0,4,VC,0,1,1,,,0,1,,,,1,7,0,0,1,0
1,9,1,1,6,69,FRANCE,RHONE-ALPES,389,69389,LYON,RUE DU CHAPEAU ROUGE,102126,0,4,VC,0,1,1,,,0,1,,,,1,7,0,0,1,0
1,6,1,1,3,69,FRANCE,RHONE-ALPES,264,69264,VILLEFRANCHE-SUR-SAONE,GODART JUSTIN  R,102151,2,2,RN,0,2,2,1,0,0,1,,,,1,7,0,0,1,0
5,9,1,1,3,69,FRANCE,RHONE-ALPES,383,69383,LYON,RUE GEORGES POMPIDOU,102165,0,4,VC,0,2,2,,,0,1,,,,1,5,0,0,0,1
5,9,2,1,3,69,FRANCE,RHONE-ALPES,383,69383,LYON,COURS DU DOCTEUR LONG,102173,0,4,VC,0,1,1,,,0,1,,,,1,7,0,0,1,0
1,9,1,1,6,69,FRANCE,RHONE-ALPES,383,69383,LYON,COURS DU DOCTEUR LONG,102177,0,4,VC,0,1,1,,,0,1,,,,1,7,0,0,1,0
1,9,1,1,6,69,FRANCE,RHONE-ALPES,386,69386,LYON,BOULEVARD DES BELGES,102179,0,4,VC,0,2,4,,,0,4,,,,1,,0,0,0,1
1,9,1,1,3,69,FRANCE,RHONE-ALPES,386,69386,LYON,RUE VENDOME,102186,0,4,VC,0,1,1,,,0,1,,,,1,7,0,0,1,0
1,9,1,7,6,69,FRANCE,RHONE-ALPES,388,69388,LYON,RUE HENRI BARBUSSE,102203,0,4,VC,0,1,1,,,0,1,,,,1,7,0,0,1,0
1,9,7,1,3,69,FRANCE,RHONE-ALPES,389,69389,LYON,QUAI PAUL SEDAILLIAN,102232,0,2,RN,0,0,2,,,0,2,,,,1,20,0,0,1,0
1,9,2,1,6,69,FRANCE,RHONE-ALPES,383,69383,LYON,COURS GAMBETTA,102265,0,4,VC,0,2,4,,,2,1,,,,1,7,0,0,1,0
1,9,4,1,3,69,FRANCE,RHONE-ALPES,383,69383,LYON,RUE JEAN RENOIR,102273,0,4,VC,0,1,2,,,0,1,,,,1,7,0,0,1,0
1,9,1,1,6,69,FRANCE,RHONE-ALPES,388,69388,LYON,AVENUE DES FRERES LUMIERE,102285,0,4,VC,0,2,2,,,3,1,,,,1,,0,0,0,1
1,9,1,1,3,69,FRANCE,RHONE-ALPES,388,69388,LYON,BOULEVARD JEAN XXIII,102286,0,4,VC,0,2,3,,,3,4,,,,1,7,0,0,1,0
1,1,1,1,3,69,FRANCE,RHONE-ALPES,218,69218,SAINT-LAGER,RD 337,102315,0,3,RD,337,2,2,0,0,0,1,0,0,,1,7,0,0,1,0
1,7,3,1,3,69,FRANCE,RHONE-ALPES,259,69259,VENISSIEUX,BOULEVARD AMBROISE CROIZAT,102334,0,4,VC,0,2,3,,,0,1,,,,1,7,0,0,1,0
1,1,3,1,2,69,FRANCE,RHONE-ALPES,013,69013,ARNAS,ROUTE MARAICHERS DES,102336,5,3,RD,0,2,2,1,0,0,1,,,,1,7,0,0,1,0
1,9,1,1,6,69,FRANCE,RHONE-ALPES,383,69383,LYON,BOULEVARD EUGENE DERUELLE,102349,0,4,VC,0,2,2,,,0,4,,,,1,,0,0,0,1
1,9,1,1,6,69,FRANCE,RHONE-ALPES,386,69386,LYON,COURS LAFAYETTE,102350,0,4,VC,0,2,4,,,3,1,,,,1,,0,0,1,0
5,9,2,1,3,69,FRANCE,RHONE-ALPES,387,69387,LYON,RUE DE L'UNIVERSITE,102365,0,4,VC,0,1,4,,,3,1,,,,1,7,0,0,1,0
1,9,9,1,3,69,FRANCE,RHONE-ALPES,389,69389,LYON,RUE MARIETTON,102385,0,4,VC,0,2,2,,,3,1,,,,1,37,0,0,1,0
1,9,1,1,3,69,FRANCE,RHONE-ALPES,389,69389,LYON,RUE ST PIERRE DE VAISE,102387,0,3,RD,0,2,3,,,0,1,,,,1,7,0,0,1,0
1,7,1,1,6,69,FRANCE,RHONE-ALPES,259,69259,VENISSIEUX,ROUTE DE CORBAS,102412,0,4,VC,0,2,3,,,0,1,,,,1,7,0,0,1,0
1,7,2,1,3,69,FRANCE,RHONE-ALPES,259,69259,VENISSIEUX,RUE GAMBETTA,102417,0,4,VC,0,2,2,,,0,1,,,,1,7,0,0,1,0
5,9,3,1,1,69,FRANCE,RHONE-ALPES,383,69383,LYON,COURS ALBERT THOMAS,102440,0,4,VC,0,2,4,,,1,1,,,,1,7,0,0,1,0
5,9,3,1,3,69,FRANCE,RHONE-ALPES,387,69387,LYON,AVENUE BERTHELOT,102467,4,4,VC,0,1,4,,,0,1,,,,1,7,0,0,1,0
1,9,3,1,3,69,FRANCE,RHONE-ALPES,387,69387,LYON,COURS GAMBETTA,102469,0,4,VC,0,1,3,,,2,5,,,,1,7,0,0,1,0
1,9,1,1,6,69,FRANCE,RHONE-ALPES,387,69387,LYON,RUE DE MARSEILLE,102470,4,4,VC,0,1,1,,,3,1,,,,1,7,0,0,1,0
5,9,1,1,2,69,FRANCE,RHONE-ALPES,387,69387,LYON,GRANDE RUE DE LA GUILLOTIERE ,102472,0,4,VC,0,1,2,,,0,1,,,,1,7,0,0,1,0
5,9,2,6,3,69,FRANCE,RHONE-ALPES,387,69387,LYON,AVENUE JEAN JAURES,102474,0,4,VC,0,3,4,,,0,1,,,,1,7,0,0,1,0
5,9,1,1,6,69,FRANCE,RHONE-ALPES,389,69389,LYON,RUE MARIETTON,102505,0,2,RN,0,2,2,,,3,1,,,,1,7,0,0,1,0
1,5,1,1,3,69,FRANCE,RHONE-ALPES,283,69283,MIONS,RD 518,102507,0,3,RD,518,2,0,0,0,0,1,0,0,,1,7,0,0,1,0
1,6,2,1,3,69,FRANCE,RHONE-ALPES,029,69029,BRON,BOULEVARD PINEL,102516,5,4,VC,0,2,2,,,0,1,,,,1,7,0,0,1,0
1,7,1,1,3,69,FRANCE,RHONE-ALPES,259,69259,VENISSIEUX,AVENUE MARCEL PAUL ,102523,0,4,VC,0,0,2,,,0,1,,,,1,7,0,0,1,0
1,8,2,1,6,69,FRANCE,RHONE-ALPES,266,69266,VILLEURBANNE,RUE P VERLAINE,102526,0,4,VC,0,2,2,,,0,1,,,,1,7,0,0,1,0
1,8,2,1,3,69,FRANCE,RHONE-ALPES,266,69266,VILLEURBANNE,RUE DES ANTONINS,102531,0,4,VC,0,1,1,,,0,1,,,,1,7,0,0,1,0
1,9,1,1,6,69,FRANCE,RHONE-ALPES,383,69383,LYON,BOULEVARD MARIUS VIVIER MERLE,102546,0,4,VC,0,2,4,,,3,1,,,,1,,0,0,1,0
1,9,1,1,6,69,FRANCE,RHONE-ALPES,383,69383,LYON,BOULEVARD MARIUS VIVIER MERLE,102547,0,4,VC,0,2,6,,,0,4,,,,1,,0,0,0,1
1,9,1,1,6,69,FRANCE,RHONE-ALPES,383,69383,LYON,RUE DU PROFESSEUR FLORENCE,102551,0,4,VC,0,1,1,,,0,1,,,,1,,0,0,1,0
1,9,1,1,3,69,FRANCE,RHONE-ALPES,383,69383,LYON,RUE DUGUESCLIN,102567,0,4,VC,0,1,1,,,0,1,,,,1,7,0,0,1,0
2,9,1,1,6,69,FRANCE,RHONE-ALPES,384,69384,LYON,BOULEVARD DES CANUTS,102572,0,4,VC,0,2,2,0,1,1,4,,,,1,,0,0,0,1
1,9,1,1,3,69,FRANCE,RHONE-ALPES,387,69387,LYON,BOULEVARD YVES FARGE,102584,0,4,VC,0,1,2,,,0,4,,,,1,7,0,0,1,0
1,6,1,1,3,69,FRANCE,RHONE-ALPES,029,69029,BRON,AVENUE FRANKLIN ROOSEVELT,102610,3,4,VC,0,1,1,,,0,1,,,,1,7,0,0,1,0
1,8,1,8,6,69,FRANCE,RHONE-ALPES,266,69266,VILLEURBANNE,RUE FRANCIS DE PRESSENSE,102627,0,4,VC,0,2,1,,,0,1,,,,1,7,0,0,1,0
1,8,1,1,6,69,FRANCE,RHONE-ALPES,266,69266,VILLEURBANNE,RUE LA FONTAINE,102632,0,4,VC,0,2,2,,,0,1,,,,1,7,0,0,1,0
1,9,2,1,3,69,FRANCE,RHONE-ALPES,386,69386,LYON,RUE SULLY,102648,0,4,VC,0,1,1,,,0,1,,,,1,7,0,0,1,0
5,9,1,1,3,69,FRANCE,RHONE-ALPES,383,69383,LYON,RUE D'AUBIGNY,102653,0,4,VC,0,2,2,,,0,1,,,,1,7,0,0,1,0
2,9,1,1,6,69,FRANCE,RHONE-ALPES,383,69383,LYON,RUE GARIBALDI,102664,0,4,VC,0,1,4,,,0,1,,,,1,,0,0,1,0
5,9,2,1,1,69,FRANCE,RHONE-ALPES,386,69386,LYON,COURS VITTON,102738,0,4,VC,0,1,3,,,0,1,,,,1,7,0,0,1,0
1,9,2,1,3,69,FRANCE,RHONE-ALPES,383,69383,LYON,RUE DUGUESCLIN,102748,0,4,VC,0,1,1,,,0,1,,,,1,7,0,0,1,0
5,9,2,1,3,69,FRANCE,RHONE-ALPES,383,69383,LYON,QUAI VICTOR AUGAGNEUR,102755,0,4,VC,0,1,3,,,0,1,,,,1,7,0,0,1,0
1,6,1,2,3,69,FRANCE,RHONE-ALPES,256,69256,VAULX-EN-VELIN,RUE FRANKLIN ROOSEVELT,102809,0,4,VC,0,2,2,1,0,1,1,,,,1,17,0,0,1,0
1,5,1,1,3,69,FRANCE,RHONE-ALPES,199,69199,SAINT-FONS,RUE CARNOT,102811,0,4,VC,0,3,2,,,1,5,,,,1,7,0,0,1,0
5,8,2,1,3,69,FRANCE,RHONE-ALPES,266,69266,VILLEURBANNE,RUE VALENTIN HAUY,102814,0,4,VC,0,1,1,,,0,1,,,,1,7,0,0,1,0
2,9,2,1,3,69,FRANCE,RHONE-ALPES,386,69386,LYON,AVENUE MARECHAL DE SAXE,102831,0,4,VC,0,2,4,,,0,1,,,,1,20,0,0,1,0
1,9,2,1,1,69,FRANCE,RHONE-ALPES,383,69383,LYON,RUE BELLECOMBE,102833,0,4,VC,0,1,1,,,1,1,,,,1,7,0,0,1,0
1,9,7,1,3,69,FRANCE,RHONE-ALPES,387,69387,LYON,RUE JABOULAY,102840,0,4,VC,0,1,4,,,0,2,,,,1,7,0,0,1,0
5,9,1,1,6,69,FRANCE,RHONE-ALPES,387,69387,LYON,RUE MARIE MADELEINE FOURCADE,102846,0,4,VC,0,2,2,,,0,1,,,,1,7,0,0,1,0
1,9,1,1,7,69,FRANCE,RHONE-ALPES,389,69389,LYON,RUE SAINT PIERRE DE VAISE,102869,0,4,VC,0,1,0,,,0,1,,,,1,,0,0,0,1
5,6,1,8,3,69,FRANCE,RHONE-ALPES,029,69029,BRON,ROUTE DE GENAS,102877,0,4,VC,0,4,4,,,0,1,,,,1,7,0,0,1,0
1,6,6,1,3,69,FRANCE,RHONE-ALPES,290,69290,SAINT-PRIEST,BOULEVARD PASTEUR,102889,5,4,VC,0,2,2,,,0,1,,,,1,7,0,0,1,0
5,6,1,1,3,69,FRANCE,RHONE-ALPES,290,69290,SAINT-PRIEST,RUE EDMOND ROSTAND,102890,0,4,VC,0,3,2,,,2,4,,,,1,7,0,0,1,0
1,9,1,7,6,69,FRANCE,RHONE-ALPES,386,69386,LYON,COURS LAFAYETTE,102902,0,4,VC,0,2,5,,,3,4,,,,1,,0,0,0,1
1,9,1,1,3,69,FRANCE,RHONE-ALPES,383,69383,LYON,COURS ALBERT THOMAS,102909,0,4,VC,0,1,4,,,2,1,,,,1,10,0,0,1,0
1,9,2,1,3,69,FRANCE,RHONE-ALPES,386,69386,LYON,AVENUE DE GRANDE BRETAGNE,102910,0,4,VC,0,3,0,,,0,1,,,,1,7,0,0,1,0
1,9,2,1,1,69,FRANCE,RHONE-ALPES,383,69383,LYON,RUE SAINT ANTOINE,102913,0,4,VC,0,2,2,,,0,1,,,,1,7,0,0,1,0
1,9,1,1,3,69,FRANCE,RHONE-ALPES,388,69388,LYON,AVENUE JEAN MERMOZ,102930,0,4,VC,0,2,1,,,0,4,,,,1,7,0,0,1,0
5,9,2,1,3,69,FRANCE,RHONE-ALPES,389,69389,LYON,RUE MASARYK,102949,0,4,VC,0,2,2,,,0,1,,,,1,33,0,0,0,1
1,9,2,1,1,69,FRANCE,RHONE-ALPES,383,69383,LYON,RUE JULIEN,102977,0,4,VC,0,1,1,,,0,1,,,,1,7,0,0,1,0
2,9,1,1,3,69,FRANCE,RHONE-ALPES,383,69383,LYON,RUE DOCTEUR BOUCHUT,102984,0,4,VC,0,1,2,,,1,4,,,,1,7,0,0,1,0
1,9,1,1,3,69,FRANCE,RHONE-ALPES,383,69383,LYON,RUE RABELAIS,102986,0,4,VC,0,1,1,,,0,1,,,,1,7,0,0,1,0
1,9,1,1,3,69,FRANCE,RHONE-ALPES,385,69385,LYON,QUAI ROMAIN ROLLAND,102990,0,3,RD,0,1,1,,,1,5,,,,1,7,0,0,1,0
2,9,2,1,6,69,FRANCE,RHONE-ALPES,387,69387,LYON,RUE ELIE ROCHETTE,102995,0,4,VC,0,1,1,,,0,1,,,,1,7,0,0,1,0
1,4,6,1,3,69,FRANCE,RHONE-ALPES,228,69228,SAINT-MAURICE-SUR-DARGOIRE,RD 488,103028,5,3,RD,488,2,0,0,0,0,1,0,0,,1,7,0,0,1,0
1,5,6,1,2,69,FRANCE,RHONE-ALPES,019,69019,BELLEVILLE,RD 69,103029,5,3,RD,69,1,2,0,0,1,5,4611000,475000,,1,7,0,0,1,0
1,7,1,1,3,69,FRANCE,RHONE-ALPES,259,69259,VENISSIEUX,AVENUE FRANCIS DE PRESSENSE,103037,0,4,VC,0,2,2,,,0,1,,,,1,10,0,0,1,0
3,9,2,1,3,69,FRANCE,RHONE-ALPES,382,69382,LYON,RUE VICTOR HUGO,103054,6,4,VC,0,1,1,0,1,0,1,,,,1,7,0,0,1,0
2,9,1,1,6,69,FRANCE,RHONE-ALPES,383,69383,LYON,COURS LAFAYETTE,103058,0,4,VC,0,2,3,,,3,1,,,,1,,0,0,1,0
1,9,1,1,3,69,FRANCE,RHONE-ALPES,383,69383,LYON,COURS LAFAYETTE,103061,0,4,VC,0,2,4,,,3,1,,,,1,7,0,0,1,0
1,9,1,1,3,69,FRANCE,RHONE-ALPES,386,69386,LYON,PLACE MARECHAL LYAUTEY,103066,0,4,VC,0,1,2,,,0,1,,,,1,7,0,0,1,0
1,9,2,1,1,69,FRANCE,RHONE-ALPES,383,69383,LYON,RUE PAUL BERT,103070,0,4,VC,0,2,3,,,0,1,,,,1,7,0,0,1,0
1,1,1,1,6,69,FRANCE,RHONE-ALPES,266,69266,VILLEURBANNE,autre,103136,0,9,Autre,0,2,2,,,1,5,,,,1,,0,0,1,0
1,8,1,1,2,69,FRANCE,RHONE-ALPES,266,69266,VILLEURBANNE,COURS EMILE ZOLA,103137,0,4,VC,0,2,4,,,0,1,,,,1,7,0,0,1,0
1,8,2,1,6,69,FRANCE,RHONE-ALPES,266,69266,VILLEURBANNE,RUE PIERRE BRESSAT,103138,0,4,VC,0,2,2,,,0,1,,,,1,7,0,0,1,0
1,6,3,1,6,69,FRANCE,RHONE-ALPES,290,69290,SAINT-PRIEST,RUE HENRI BARBUSSE,103141,0,4,VC,0,2,2,,,0,1,,,,1,7,0,0,1,0
1,9,3,1,3,69,FRANCE,RHONE-ALPES,382,69382,LYON,RUE DUHAMEL,103145,0,4,VC,0,1,2,0,1,0,1,,,,1,7,0,0,1,0
1,9,3,1,3,69,FRANCE,RHONE-ALPES,386,69386,LYON,RUE MONTGOLFIER,103150,0,4,VC,0,1,1,,,0,1,,,,1,7,0,0,1,0
1,9,2,1,3,69,FRANCE,RHONE-ALPES,383,69383,LYON,QUAI VICTOR AUGAGNEUR,103153,0,4,VC,0,1,3,,,1,1,,,,1,7,0,0,1,0
5,9,1,3,2,69,FRANCE,RHONE-ALPES,385,69385,LYON,PONT ALPHONSE JUIN,103167,2,4,VC,0,2,4,,,0,1,,,,1,7,0,0,1,0
1,9,1,1,3,69,FRANCE,RHONE-ALPES,388,69388,LYON,AVENUE VIVIANI,103177,0,4,VC,0,0,20,,,0,1,,,,1,7,0,0,1,0
1,9,1,2,3,69,FRANCE,RHONE-ALPES,389,69389,LYON,QUAI ARLOING,103202,0,4,VC,0,2,2,,,1,5,,,,1,7,0,0,1,0
1,6,1,1,6,69,FRANCE,RHONE-ALPES,034,69034,CALUIRE-ET-CUIRE,RUE DE LA GARE DE CUIRE,103213,0,4,VC,0,2,2,,,0,1,,,,1,7,0,0,1,0
1,7,3,1,1,69,FRANCE,RHONE-ALPES,259,69259,VENISSIEUX,RUE RAIMU,103218,0,4,VC,0,2,2,,,0,1,,,,1,10,0,0,1,0
1,6,1,1,3,69,FRANCE,RHONE-ALPES,290,69290,SAINT-PRIEST,AVENUE DE LA GARE ,103237,0,4,VC,0,2,2,,,0,1,,,,1,7,0,0,1,0
1,9,2,1,1,69,FRANCE,RHONE-ALPES,386,69386,LYON,RUE JEAN BROQUIN,103252,0,4,VC,0,1,2,,,0,1,,,,1,10,0,0,1,0
1,9,2,1,3,69,FRANCE,RHONE-ALPES,383,69383,LYON,AVENUE GEORGES POMPIDOU,103260,0,4,VC,0,2,2,,,0,1,,,,1,7,0,0,1,0
1,9,2,1,3,69,FRANCE,RHONE-ALPES,386,69386,LYON,RUE CUVIER,103265,0,4,VC,0,1,1,,,0,1,,,,1,10,0,0,1,0
1,9,1,1,6,69,FRANCE,RHONE-ALPES,387,69387,LYON,AVENUE JEAN JAURES,103277,0,4,VC,0,2,2,,,1,5,,,,1,,0,0,1,0
1,6,3,1,3,69,FRANCE,RHONE-ALPES,256,69256,VAULX-EN-VELIN,CHEMIN DE LA POUDRETTE,103325,0,4,VC,0,2,1,,,0,1,,,,1,7,0,0,1,0
1,5,2,1,3,69,FRANCE,RHONE-ALPES,199,69199,SAINT-FONS,RUE AUGUSTE ET LOUIS LUMIERE,103331,0,4,VC,0,2,2,,,0,1,,,,1,7,0,0,1,0
1,8,3,2,3,69,FRANCE,RHONE-ALPES,266,69266,VILLEURBANNE,RUE GALILEE,103336,0,4,VC,0,1,2,,,0,1,,,,1,7,0,0,1,0
1,8,1,1,6,69,FRANCE,RHONE-ALPES,266,69266,VILLEURBANNE,COURS TOLSTOI,103342,0,4,VC,0,2,3,,,0,1,,,,1,10,0,0,1,0
1,9,1,1,3,69,FRANCE,RHONE-ALPES,383,69383,LYON,RUE DE LA VILLETTE,103357,0,4,VC,0,1,1,,,3,1,,,,1,7,0,0,1,0
1,9,3,1,3,69,FRANCE,RHONE-ALPES,383,69383,LYON,COURS ALBERT THOMAS,103360,5,4,VC,0,2,3,,,1,1,,,,1,7,0,0,1,0
1,9,1,1,1,69,FRANCE,RHONE-ALPES,388,69388,LYON,RUE PROFESSEUR MARCEL DARGENT,103380,0,4,VC,0,1,3,,,0,1,,,,1,7,0,0,1,0
2,8,2,1,6,69,FRANCE,RHONE-ALPES,266,69266,VILLEURBANNE,RUE ANTONIN PERRIN,103412,0,4,VC,0,2,2,,,0,1,,,,1,7,0,0,1,0
1,8,1,1,6,69,FRANCE,RHONE-ALPES,266,69266,VILLEURBANNE,RUE DE LA FEYSSINE,103414,0,4,VC,0,2,2,,,0,1,,,,1,10,0,0,1,0
1,9,2,1,3,69,FRANCE,RHONE-ALPES,383,69383,LYON,PLACE HENRI,103419,0,4,VC,0,1,1,,,0,1,,,,1,37,0,0,1,0
1,9,1,1,2,69,FRANCE,RHONE-ALPES,386,69386,LYON,PLACE MARECHAL LYAUTEY,103429,0,4,VC,0,1,5,,,0,1,,,,1,7,0,0,1,0
2,9,2,1,3,69,FRANCE,RHONE-ALPES,388,69388,LYON,RUE DENIS,103440,0,4,VC,0,2,2,,,0,1,,,,1,7,0,0,1,0
1,3,1,1,2,69,FRANCE,RHONE-ALPES,105,69105,LACENAS,RD 76,103496,0,3,RD,76,2,0,0,0,0,1,0,0,,1,7,0,0,1,0
1,7,1,2,3,69,FRANCE,RHONE-ALPES,259,69259,VENISSIEUX,RUE LOUIS JOUVET,103506,0,4,VC,0,2,2,,,0,1,,,,1,7,0,0,1,0
1,9,2,1,3,69,FRANCE,RHONE-ALPES,382,69382,LYON,RUE VICTOR HUGO,103520,6,4,VC,0,0,1,1,0,0,1,,,,1,7,0,0,1,0
5,9,1,1,3,69,FRANCE,RHONE-ALPES,383,69383,LYON,RUE SERVIENT,103524,0,4,VC,0,1,2,,,0,1,,,,1,7,0,0,1,0
5,9,1,1,6,69,FRANCE,RHONE-ALPES,383,69383,LYON,PONT WILSON,103525,2,4,VC,0,1,6,,,1,5,,,,1,,0,0,1,0
1,9,1,1,6,69,FRANCE,RHONE-ALPES,383,69383,LYON,BOULEVARD MARIUS VIVIER MERLE,103530,0,4,VC,0,3,4,,,0,1,,,,1,10,0,0,1,0
1,9,1,2,3,69,FRANCE,RHONE-ALPES,383,69383,LYON,RUE DE LA VILLETTE,103538,0,4,VC,0,2,2,,,3,1,,,,1,7,0,0,1,0
1,9,1,1,6,69,FRANCE,RHONE-ALPES,384,69384,LYON,QUAI JOSEPH GILLET,103545,0,4,VC,0,2,3,,,0,1,,,,1,7,0,0,1,0
1,9,1,1,6,69,FRANCE,RHONE-ALPES,387,69387,LYON,AVENUE BERTHELOT,103551,4,4,VC,0,1,2,,,0,4,,,,1,,0,0,0,1
1,9,2,3,3,69,FRANCE,RHONE-ALPES,387,69387,LYON,RUE DOMER,103557,0,4,VC,0,1,1,,,1,5,,,,1,7,0,0,1,0
1,9,1,1,3,69,FRANCE,RHONE-ALPES,389,69389,LYON,QUAI ARLOING,103590,0,4,VC,0,2,1,,,2,5,,,,1,7,0,0,1,0
1,8,1,3,6,69,FRANCE,RHONE-ALPES,266,69266,VILLEURBANNE,BRETELLE 6 PORTE DE CROIX LUIZET,103624,0,4,VC,0,2,2,,,0,1,,,,1,14,0,0,1,0
1,8,6,1,3,69,FRANCE,RHONE-ALPES,266,69266,VILLEURBANNE,RUE CHATEAU GAILLARD,103625,5,4,VC,0,2,2,,,0,1,,,,1,7,0,0,1,0
1,8,2,1,6,69,FRANCE,RHONE-ALPES,266,69266,VILLEURBANNE,RUE ANTONIN PERRIN,103627,0,4,VC,0,2,3,,,2,1,,,,1,7,0,0,1,0
1,6,1,1,3,69,FRANCE,RHONE-ALPES,275,69275,DECINES-CHARPIEU,RUE PAUL CEZANNE,103629,0,4,VC,0,2,2,,,0,1,,,,1,30,0,0,1,0
5,9,1,1,6,69,FRANCE,RHONE-ALPES,383,69383,LYON,AVENUE MARECHAL DE SAXE,103644,0,4,VC,0,2,4,,,0,1,,,,1,,0,0,0,1
1,9,2,1,3,69,FRANCE,RHONE-ALPES,383,69383,LYON,RUE LEON JOUHAUX,103645,0,4,VC,0,1,1,,,0,1,,,,1,7,0,0,1,0
5,9,1,1,6,69,FRANCE,RHONE-ALPES,387,69387,LYON,ROUTE DE VIENNE,103664,0,4,VC,0,1,3,,,0,1,,,,1,7,0,0,1,0
1,9,2,1,3,69,FRANCE,RHONE-ALPES,388,69388,LYON,AVENUE GENERAL FRERE,103670,0,4,VC,0,3,2,,,0,1,,,,1,7,0,0,1,0
1,8,2,1,1,69,FRANCE,RHONE-ALPES,266,69266,VILLEURBANNE,RUE YVONNE,103715,5,4,VC,0,2,2,,,0,1,,,,1,7,0,0,1,0
1,8,2,1,3,69,FRANCE,RHONE-ALPES,266,69266,VILLEURBANNE,AVENUE ROBERTO ROSSELLINI,103719,5,4,VC,0,2,4,,,0,1,,,,1,7,0,0,1,0
1,8,2,1,3,69,FRANCE,RHONE-ALPES,266,69266,VILLEURBANNE,RUE DE LA DOUA,103721,0,4,VC,0,2,2,,,0,1,,,,1,7,0,0,1,0
3,8,2,3,6,69,FRANCE,RHONE-ALPES,266,69266,VILLEURBANNE,RUE EUGENE FOURNIERE,103723,0,4,VC,0,1,1,,,0,1,,,,1,7,0,0,1,0
5,9,1,1,6,69,FRANCE,RHONE-ALPES,381,69381,LYON,RUE CONSTANTINE,103731,0,4,VC,0,2,2,,,3,1,,,,1,7,0,0,1,0
3,9,2,1,3,69,FRANCE,RHONE-ALPES,382,69382,LYON,PLACE CARNOT,103740,6,4,VC,0,1,2,1,0,3,1,,,,1,7,0,0,1,0
1,9,2,1,3,69,FRANCE,RHONE-ALPES,383,69383,LYON,RUE LOUISE,103749,0,4,VC,0,1,1,,,0,1,,,,1,7,0,0,1,0
1,9,2,2,3,69,FRANCE,RHONE-ALPES,383,69383,LYON,BOULEVARD MARIUS VIVIER MERLE,103756,0,4,VC,0,2,6,,,3,1,,,,1,10,0,0,1,0
5,9,2,1,6,69,FRANCE,RHONE-ALPES,383,69383,LYON,COURS LAFAYETTE,103757,0,4,VC,0,2,3,,,0,1,,,,1,7,0,0,1,0
5,9,3,1,3,69,FRANCE,RHONE-ALPES,387,69387,LYON,RUE DE GERLAND,103771,0,4,VC,0,2,2,,,1,1,,,,1,7,0,0,1,0
1,9,2,1,3,69,FRANCE,RHONE-ALPES,388,69388,LYON,AVENUE BERTHELOT,103775,0,4,VC,0,1,3,,,0,1,,,,1,7,0,0,1,0
1,9,2,1,3,69,FRANCE,RHONE-ALPES,381,69381,LYON,RUE DU PLATRE,103828,0,4,VC,0,1,1,,,0,1,,,,1,7,0,0,1,0
1,9,1,1,6,69,FRANCE,RHONE-ALPES,383,69383,LYON,COURS GAMBETTA,103838,0,4,VC,0,2,3,,,1,1,,,,1,,0,0,1,0
1,9,5,1,3,69,FRANCE,RHONE-ALPES,387,69387,LYON,RUE DU REPOS,103845,0,4,VC,0,1,1,,,0,1,,,,1,7,0,0,1,0