lum,agg,int,atm,col,dep_bis,pays,region,com_bis,com_codeINSEE,communes,N_voie,numac,infra,catr,type_route,voie,circ,nbv,pr,pr1,vosp,situ,lat,long,adr,accident_velo,vehicule_imp,cycl_mort,cycl_bgv,cycl_blg,cycl_indm
1,9,3,2,6,69,FRANCE,RHONE-ALPES,388,69388,LYON,PROMENADE LEA ET NAPOLEON BULLUKIAN,103852,0,4,VC,0,1,1,,,0,1,,,,1,7,0,0,1,0
2,1,1,1,2,69,FRANCE,RHONE-ALPES,260,69260,VERNAISON,RD 36,103888,2,3,RD,36,2,2,4,180,0,1,4565000,481700,,1,10,0,0,1,0
5,8,2,1,6,69,FRANCE,RHONE-ALPES,266,69266,VILLEURBANNE,AVENUE PAUL KRUGER,103903,0,4,VC,0,2,2,,,1,1,,,,1,10,0,0,1,0
5,8,1,1,7,69,FRANCE,RHONE-ALPES,266,69266,VILLEURBANNE,AVENUE ROGER SALENGRO,103905,0,4,VC,0,2,4,,,0,1,,,,1,,0,0,1,0
1,9,9,1,1,69,FRANCE,RHONE-ALPES,382,69382,LYON,RUE CASIMIR PERIER,103912,0,9,Autre,0,0,0,,,0,0,,,,1,7,0,0,1,0
3,9,1,1,6,69,FRANCE,RHONE-ALPES,383,69383,LYON,RUE FEUILLAT,103916,0,4,VC,0,2,2,,,2,5,,,,1,,0,0,0,1
5,9,2,1,3,69,FRANCE,RHONE-ALPES,383,69383,LYON,RUE GARIBALDI,103917,0,4,VC,0,1,3,,,0,1,,,,1,7,0,0,1,0
1,9,1,1,3,69,FRANCE,RHONE-ALPES,383,69383,LYON,COURS ALBERT THOMAS,103923,0,4,VC,0,2,3,,,1,5,,,,1,10,0,0,1,0
1,9,1,1,3,69,FRANCE,RHONE-ALPES,383,69383,LYON,AVENUE FELIX FAURE,103924,6,4,VC,0,2,3,,,0,1,,,,1,7,0,0,1,0
1,9,5,1,1,69,FRANCE,RHONE-ALPES,383,69383,LYON,RUE CAMILLE,103925,0,4,VC,0,1,1,,,0,1,,,,1,7,0,0,1,0
5,9,5,2,1,69,FRANCE,RHONE-ALPES,386,69386,LYON,RUE DUQUESNE,103927,6,4,VC,0,1,4,,,0,1,,,,1,7,0,0,1,0
1,9,1,3,3,69,FRANCE,RHONE-ALPES,387,69387,LYON,AVENUE DEBOURG,103931,0,4,VC,0,3,4,,,0,4,,,,1,7,0,0,1,0
1,6,1,1,2,69,FRANCE,RHONE-ALPES,256,69256,VAULX-EN-VELIN,AVENUE GABRIEL PERI,103964,0,4,VC,0,3,2,,,0,1,,,,1,7,0,0,1,0
1,7,1,1,2,69,FRANCE,RHONE-ALPES,259,69259,VENISSIEUX,BOULEVARD DU DOCTEUR COBLOD,103966,0,4,VC,0,2,2,,,0,1,,,,1,7,0,0,1,0
2,7,1,5,3,69,FRANCE,RHONE-ALPES,259,69259,VENISSIEUX,ROUTE DE CORBAS,103968,0,4,VC,0,3,2,,,0,1,,,,1,7,0,0,1,0
1,8,1,1,2,69,FRANCE,RHONE-ALPES,266,69266,VILLEURBANNE,RUE LEON CHOMEL,103982,0,4,VC,0,1,1,,,0,1,,,,1,7,0,0,1,0
1,9,1,1,2,69,FRANCE,RHONE-ALPES,382,69382,LYON,PONT DE LA GUILLOTIERE,103987,2,4,VC,0,2,8,,,1,1,,,,1,7,0,0,1,0
1,9,1,1,3,69,FRANCE,RHONE-ALPES,383,69383,LYON,AVENUE LACASSAGNE,103988,0,4,VC,0,1,3,,,0,1,,,,1,7,0,0,1,0
1,9,2,1,3,69,FRANCE,RHONE-ALPES,383,69383,LYON,RUE DU DAUPHINE,103989,4,4,VC,0,1,3,,,0,1,,,,1,37,0,0,1,0
1,9,2,1,3,69,FRANCE,RHONE-ALPES,386,69386,LYON,COURS VITTON,103991,0,4,VC,0,1,3,,,0,1,,,,1,7,0,0,1,0
1,9,3,1,3,69,FRANCE,RHONE-ALPES,383,69383,LYON,AVENUE JULES JUSSERAND,103994,6,4,VC,0,2,2,,,0,1,,,,1,7,0,0,1,0
1,9,1,1,6,69,FRANCE,RHONE-ALPES,388,69388,LYON,RUE PIERRE DELORE,104011,0,4,VC,0,2,2,,,0,1,,,,1,10,0,0,1,0
1,9,1,1,6,69,FRANCE,RHONE-ALPES,388,69388,LYON,BOULEVARD EDMOND MICHELET,104012,0,4,VC,0,2,2,,,0,4,,,,1,7,0,0,1,0
1,7,1,1,3,69,FRANCE,RHONE-ALPES,259,69259,VENISSIEUX,RUE DU CLOS VERGER,104039,6,4,VC,0,4,0,,,0,1,,,,1,7,0,0,1,0
1,8,3,2,6,69,FRANCE,RHONE-ALPES,266,69266,VILLEURBANNE,RUE CLEMENT JEAN BAPTISTE ,104052,0,4,VC,0,2,1,,,0,1,,,,1,7,0,0,1,0
1,8,1,1,3,69,FRANCE,RHONE-ALPES,266,69266,VILLEURBANNE,autre,104054,0,4,VC,0,2,1,,,0,1,,,,1,13,0,0,1,0
1,8,2,1,2,69,FRANCE,RHONE-ALPES,266,69266,VILLEURBANNE,RUE DOCTEUR ROLLET,104055,0,4,VC,0,2,4,,,0,1,,,,1,7,0,0,1,0
5,6,1,1,6,69,FRANCE,RHONE-ALPES,290,69290,SAINT-PRIEST,RUE JULES FERRY,104062,0,4,VC,0,3,2,,,0,5,,,,1,7,0,0,1,0
1,9,3,2,6,69,FRANCE,RHONE-ALPES,388,69388,LYON,ROUTE DE VIENNE,104099,0,4,VC,0,2,2,,,0,1,,,,1,7,0,0,1,0
1,1,1,1,1,69,FRANCE,RHONE-ALPES,222,69222,SAINT-LAURENT-D'OINGT,RD 607,104118,0,3,RD,607,2,2,2,150,0,1,0,0,,1,7,0,0,1,0
1,8,2,1,3,69,FRANCE,RHONE-ALPES,266,69266,VILLEURBANNE,autre,104137,0,4,VC,0,1,1,,,1,5,,,,1,10,0,0,1,0
1,9,1,2,3,69,FRANCE,RHONE-ALPES,383,69383,LYON,AVENUE GEORGES POMPIDOU,104158,0,4,VC,0,2,2,,,0,1,,,,1,7,0,0,1,0
1,9,2,1,6,69,FRANCE,RHONE-ALPES,388,69388,LYON,RUE DE MONTAGNY,104170,0,4,VC,0,2,2,,,0,1,,,,1,7,0,0,1,0
1,8,1,2,3,69,FRANCE,RHONE-ALPES,266,69266,VILLEURBANNE,RUE ANATOLE FRANCE,104218,0,4,VC,0,1,1,,,1,1,,,,1,7,0,0,1,0
1,6,1,1,2,69,FRANCE,RHONE-ALPES,290,69290,SAINT-PRIEST,MONTEE DE LA CARNIERE,104221,0,4,VC,0,2,2,,,0,1,,,,1,7,0,0,1,0
1,6,2,1,3,69,FRANCE,RHONE-ALPES,290,69290,SAINT-PRIEST,RUE DIDEROT,104222,0,4,VC,0,2,3,,,1,1,,,,1,7,0,0,1,0
1,6,1,1,5,69,FRANCE,RHONE-ALPES,290,69290,SAINT-PRIEST,RUE DE L'EGALITE,104223,0,4,VC,0,3,1,,,2,1,,,,1,7,0,0,1,0
1,9,1,1,3,69,FRANCE,RHONE-ALPES,383,69383,LYON,RUE DU DAUPHINE,104237,0,4,VC,0,2,2,,,0,1,,,,1,7,0,0,1,0
1,9,2,1,3,69,FRANCE,RHONE-ALPES,383,69383,LYON,RUE BELLECOMBE,104239,0,4,VC,0,1,1,,,1,1,,,,1,7,0,0,1,0
1,9,2,1,6,69,FRANCE,RHONE-ALPES,383,69383,LYON,RUE DU LAC,104242,0,4,VC,0,1,0,,,0,1,,,,1,32,0,0,1,0
1,9,3,1,6,69,FRANCE,RHONE-ALPES,387,69387,LYON,RUE COMMANDANT AYASSE,104245,0,4,VC,0,1,1,,,0,1,,,,1,7,0,0,1,0
1,9,1,1,6,69,FRANCE,RHONE-ALPES,389,69389,LYON,RUE PROFESSEUR PATEL,104269,0,4,VC,0,2,2,,,0,1,,,,1,7,0,0,1,0
1,9,1,1,3,69,FRANCE,RHONE-ALPES,389,69389,LYON,QUAI JAYR,104270,0,9,Autre,0,2,2,,,1,1,,,,1,7,0,0,1,0
1,6,3,1,1,69,FRANCE,RHONE-ALPES,286,69286,RILLIEUX-LA-PAPE,VC 0,104273,0,4,VC,0,2,2,0,0,0,1,0,0,,1,7,0,0,1,0
1,8,2,1,3,69,FRANCE,RHONE-ALPES,266,69266,VILLEURBANNE,RUE LA FONTAINE,104304,0,4,VC,0,2,2,,,0,1,,,,1,7,0,0,1,0
1,9,2,2,3,69,FRANCE,RHONE-ALPES,383,69383,LYON,RUE PROFESSEUR PAUL SISLEY,104312,0,4,VC,0,1,1,,,0,1,,,,1,10,0,0,1,0
1,9,2,1,3,69,FRANCE,RHONE-ALPES,383,69383,LYON,RUE VILLON,104319,0,4,VC,0,1,2,,,0,1,,,,1,7,0,0,1,0
1,9,1,1,6,69,FRANCE,RHONE-ALPES,386,69386,LYON,COURS FRANKLIN ROOSEVELT,104320,0,4,VC,0,1,1,,,0,1,,,,1,,0,0,0,1
1,9,1,1,2,69,FRANCE,RHONE-ALPES,387,69387,LYON,GRANDE RUE DE LA GUILLOTIERE ,104339,0,4,VC,0,1,1,,,0,1,,,,1,7,0,0,1,0
1,9,1,1,6,69,FRANCE,RHONE-ALPES,389,69389,LYON,QUAI CHAUVEAU,104360,0,4,VC,0,2,2,,,1,5,,,,1,,0,0,1,0
1,9,1,1,6,69,FRANCE,RHONE-ALPES,383,69383,LYON,RUE DE LA PART DIEU,104366,0,4,VC,0,1,1,,,1,5,,,,1,7,0,0,1,0
1,1,1,1,1,69,FRANCE,RHONE-ALPES,287,69287,SAINT-BONNET-DE-MURE,RD 147,104367,0,3,RD,147,2,2,0,0,0,1,0,0,,1,7,0,0,1,0
1,1,1,1,1,69,FRANCE,RHONE-ALPES,175,69175,SAVIGNY,VC 10,104369,0,4,VC,10,2,0,0,0,0,1,0,0,,1,7,0,0,1,0
1,6,1,1,3,69,FRANCE,RHONE-ALPES,034,69034,CALUIRE-ET-CUIRE,GRANDE RUE DE SAINT CLAIR ,104377,0,4,VC,0,1,1,,,0,4,,,,1,7,0,0,1,0
1,7,1,1,1,69,FRANCE,RHONE-ALPES,259,69259,VENISSIEUX,RUE JULES FERRY,104383,0,4,VC,0,2,2,,,0,1,,,,1,7,0,0,1,0
1,7,1,1,3,69,FRANCE,RHONE-ALPES,259,69259,VENISSIEUX,ROUTE DE VIENNE,104385,0,4,VC,0,2,4,,,0,5,,,,1,7,0,0,1,0
1,9,2,1,6,69,FRANCE,RHONE-ALPES,383,69383,LYON,RUE DOCTEUR BOUCHUT,104399,0,4,VC,0,2,4,,,0,1,,,,1,,0,0,1,0
2,9,2,1,6,69,FRANCE,RHONE-ALPES,383,69383,LYON,RUE ETIENNE RICHERAND,104404,0,4,VC,0,1,1,,,0,1,,,,1,7,0,0,1,0
1,9,1,1,6,69,FRANCE,RHONE-ALPES,386,69386,LYON,QUAI GENERAL SARRAIL,104405,6,4,VC,0,1,1,,,1,1,,,,1,,0,0,0,1
1,9,1,1,2,69,FRANCE,RHONE-ALPES,383,69383,LYON,AVENUE LACASSAGNE,104408,0,4,VC,0,2,3,,,0,1,,,,1,7,0,0,1,0
1,9,2,1,3,69,FRANCE,RHONE-ALPES,383,69383,LYON,RUE SAINT MAXIMIN,104421,0,4,VC,0,1,1,,,0,1,,,,1,7,0,0,1,0
1,9,1,1,6,69,FRANCE,RHONE-ALPES,384,69384,LYON,QUAI JOSEPH GILLET,104424,0,4,VC,0,2,2,,,0,1,,,,1,7,0,0,1,0
1,9,1,1,6,69,FRANCE,RHONE-ALPES,388,69388,LYON,COURS ALBERT THOMAS,104435,0,4,VC,0,2,0,,,0,1,,,,1,37,0,0,1,0
1,9,1,1,2,69,FRANCE,RHONE-ALPES,388,69388,LYON,RUE JEAN SARRAZIN,104438,0,4,VC,0,2,2,,,0,1,,,,1,7,0,0,1,0
1,9,2,2,3,69,FRANCE,RHONE-ALPES,387,69387,LYON,RUE D'ANVERS,104462,0,4,VC,0,1,1,,,0,1,,,,1,10,0,0,1,0
1,9,3,1,3,69,FRANCE,RHONE-ALPES,389,69389,LYON,MONTEE DE L'OBSERVANCE,104473,0,4,VC,0,2,1,,,0,1,,,,1,7,0,0,1,0
1,9,3,1,3,69,FRANCE,RHONE-ALPES,386,69386,LYON,BOULEVARD ANATOLE FRANCE,104478,0,4,VC,0,2,2,,,0,1,,,,1,7,0,0,1,0
1,9,1,1,3,69,FRANCE,RHONE-ALPES,386,69386,LYON,QUAI CHARLES DE GAULLE,104480,0,4,VC,0,3,6,,,0,1,,,,1,7,0,0,1,0
1,8,1,2,6,69,FRANCE,RHONE-ALPES,266,69266,VILLEURBANNE,AVENUE ANTOINE DE SAINT EXUPERY,104481,0,4,VC,0,2,2,,,0,1,,,,1,7,0,0,1,0
1,9,2,1,3,69,FRANCE,RHONE-ALPES,383,69383,LYON,AVENUE ESQUIROL,104485,0,4,VC,0,1,1,,,0,1,,,,1,7,0,0,1,0
1,9,1,1,6,69,FRANCE,RHONE-ALPES,383,69383,LYON,PONT DE LA GUILLOTIERE,104490,2,4,VC,0,2,4,,,0,4,,,,1,,0,0,0,1
1,9,1,2,6,69,FRANCE,RHONE-ALPES,383,69383,LYON,COURS GAMBETTA,104491,0,4,VC,0,2,3,,,3,5,,,,1,,0,0,1,0
1,6,6,1,3,69,FRANCE,RHONE-ALPES,264,69264,VILLEFRANCHE-SUR-SAONE,LOYSON DE CHASTELUS  R,104518,0,4,VC,0,2,2,1,0,0,1,,,,1,7,0,0,1,0
1,7,1,1,3,69,FRANCE,RHONE-ALPES,259,69259,VENISSIEUX,CHEMIN DE FEYZIN,104539,0,4,VC,0,1,1,,,0,1,,,,1,7,0,0,1,0
1,7,9,1,3,69,FRANCE,RHONE-ALPES,259,69259,VENISSIEUX,RUE DU CLOS VERGER,104541,0,4,VC,0,0,2,,,0,1,,,,1,7,0,0,1,0
1,8,3,1,3,69,FRANCE,RHONE-ALPES,266,69266,VILLEURBANNE,RUE DE VENISE,104543,0,4,VC,0,1,0,,,0,1,,,,1,7,0,0,1,0
1,8,1,1,3,69,FRANCE,RHONE-ALPES,266,69266,VILLEURBANNE,RUE ANTONIN PERRIN,104553,0,4,VC,0,2,2,,,0,1,,,,1,7,0,0,1,0
1,9,2,1,3,69,FRANCE,RHONE-ALPES,386,69386,LYON,RUE JEAN BROQUIN,104562,0,4,VC,0,2,2,,,0,1,,,,1,7,0,0,1,0
1,9,3,2,3,69,FRANCE,RHONE-ALPES,383,69383,LYON,RUE GANDOLIERE,104564,0,4,VC,0,1,1,,,0,1,,,,1,7,0,0,1,0
2,9,1,1,3,69,FRANCE,RHONE-ALPES,387,69387,LYON,AVENUE LECLERC,104589,0,4,VC,0,3,2,,,0,1,,,,1,7,0,0,1,0
1,9,9,1,3,69,FRANCE,RHONE-ALPES,388,69388,LYON,AVENUE GENERAL FRERE,104599,0,2,RN,0,1,4,,,1,5,,,,1,7,0,0,1,0
1,9,2,1,3,69,FRANCE,RHONE-ALPES,388,69388,LYON,RUE SAINT GERVAIS,104601,0,4,VC,0,1,1,,,0,1,,,,1,7,0,0,1,0
1,8,6,2,3,69,FRANCE,RHONE-ALPES,266,69266,VILLEURBANNE,RUE COLIN,104648,0,4,VC,0,2,2,,,0,1,,,,1,7,0,0,1,0
1,9,2,8,3,69,FRANCE,RHONE-ALPES,382,69382,LYON,PLACE DES JACOBINS,104661,0,4,VC,0,1,0,,,0,1,,,,1,7,0,0,1,0
1,9,1,1,2,69,FRANCE,RHONE-ALPES,383,69383,LYON,RUE DOCTEUR REBATEL,104669,0,4,VC,0,1,1,,,0,1,,,,1,7,0,0,1,0
1,9,1,1,6,69,FRANCE,RHONE-ALPES,383,69383,LYON,COURS ALBERT THOMAS,104670,0,4,VC,0,2,3,,,3,1,,,,1,,0,0,0,1
1,9,1,1,6,69,FRANCE,RHONE-ALPES,383,69383,LYON,RUE AMIRAL COURBET,104672,0,4,VC,0,1,1,,,0,1,,,,1,7,0,0,1,0
1,9,1,1,3,69,FRANCE,RHONE-ALPES,387,69387,LYON,RUE CHEVREUL,104684,0,4,VC,0,1,1,,,0,1,,,,1,7,0,0,1,0
5,5,2,1,3,69,FRANCE,RHONE-ALPES,199,69199,SAINT-FONS,RUE THIRARD,104735,0,3,RD,0,1,1,,,2,5,,,,1,7,0,0,1,0
1,7,1,1,5,69,FRANCE,RHONE-ALPES,259,69259,VENISSIEUX,AVENUE FRANCIS DE PRESSENSE,104737,0,4,VC,0,2,2,,,0,1,,,,1,7,0,0,1,0
5,8,1,1,3,69,FRANCE,RHONE-ALPES,266,69266,VILLEURBANNE,AVENUE ANTOINE DE SAINT EXUPERY,104748,0,4,VC,0,2,2,,,0,1,,,,1,7,0,0,1,0
5,8,1,1,1,69,FRANCE,RHONE-ALPES,266,69266,VILLEURBANNE,RUE RICHELIEU ,104750,0,4,VC,0,2,2,,,0,1,,,,1,7,0,0,1,0
5,8,4,2,1,69,FRANCE,RHONE-ALPES,266,69266,VILLEURBANNE,COURS EMILE ZOLA,104753,0,4,VC,0,2,0,,,0,1,,,,1,7,0,0,1,0
5,9,2,2,3,69,FRANCE,RHONE-ALPES,383,69383,LYON,COURS EUGENIE,104778,0,4,VC,0,0,2,,,0,1,,,,1,7,0,0,1,0
5,9,3,1,3,69,FRANCE,RHONE-ALPES,387,69387,LYON,RUE CREPET,104797,0,4,VC,0,2,2,,,0,1,,,,1,7,0,0,1,0
1,9,2,1,3,69,FRANCE,RHONE-ALPES,389,69389,LYON,AVENUE RENE CASSIN,104802,0,4,VC,0,2,2,,,0,0,,,,1,7,0,0,1,0
1,5,3,1,3,69,FRANCE,RHONE-ALPES,291,69291,SAINT-SYMPHORIEN-D'OZON,RD 149,104846,0,3,RD,149,0,2,0,0,0,1,0,0,,1,7,0,0,1,0
2,8,1,1,3,69,FRANCE,RHONE-ALPES,266,69266,VILLEURBANNE,autre,104867,0,4,VC,0,2,2,,,0,1,,,,1,7,0,0,1,0
5,9,1,8,6,69,FRANCE,RHONE-ALPES,383,69383,LYON,AVENUE FELIX FAURE,104890,0,4,VC,0,2,3,,,0,1,,,,1,7,0,0,1,0
1,9,1,1,3,69,FRANCE,RHONE-ALPES,386,69386,LYON,RUE DUGUESCLIN,104897,0,4,VC,0,1,1,,,2,5,,,,1,13,0,0,1,0
5,9,3,2,6,69,FRANCE,RHONE-ALPES,381,69381,LYON,RUE DU PRESIDENT EDOUARD HERRIOT,104949,0,4,VC,0,1,2,,,3,1,,,,1,,,,,
1,9,1,1,3,69,FRANCE,RHONE-ALPES,386,69386,LYON,COURS LAFAYETTE,104964,0,4,VC,0,2,4,,,3,1,,,,1,30,0,0,1,0
1,1,1,1,1,69,FRANCE,RHONE-ALPES,214,69214,SAINT-JEAN-LA-BUSSIERE,RD 13,104996,0,3,RD,13,2,0,29,250,2,1,0,0,,1,7,0,0,1,0
5,9,1,1,6,69,FRANCE,RHONE-ALPES,386,69386,LYON,RUE VENDOME,105022,0,4,VC,0,1,1,,,0,1,,,,1,,0,0,0,1
1,9,1,1,7,69,FRANCE,RHONE-ALPES,382,69382,LYON,RUE THOMASSIN,105075,0,4,VC,0,1,1,,,0,1,,,,1,10,0,0,1,0
1,5,6,1,3,69,FRANCE,RHONE-ALPES,152,69152,PIERRE-BENITE,BOULEVARD DE L'EUROPE,105081,0,4,VC,0,3,2,,,2,5,,,,1,7,0,0,1,0
1,6,1,1,6,69,FRANCE,RHONE-ALPES,029,69029,BRON,AVENUE CAMILLE ROUSSET,105086,0,4,VC,0,1,1,,,1,5,,,,1,,0,0,0,1
1,7,3,1,3,69,FRANCE,RHONE-ALPES,259,69259,VENISSIEUX,BOULEVARD IRENE JOLIOT CURIE,105089,0,3,RD,95,0,2,0,600,0,1,,,,1,33,0,0,1,0
1,9,1,1,6,69,FRANCE,RHONE-ALPES,386,69386,LYON,RUE JULIETTE RECAMIER,105098,0,4,VC,0,1,2,,,0,1,,,,1,13,0,0,1,0
1,9,2,1,3,69,FRANCE,RHONE-ALPES,389,69389,LYON,RUE PIERRE TERMIER,105099,0,4,VC,0,1,1,,,0,1,,,,1,7,0,0,1,0
1,9,2,1,3,69,FRANCE,RHONE-ALPES,386,69386,LYON,RUE VAUBAN,105111,0,4,VC,0,1,1,,,0,1,,,,1,7,0,0,1,0
1,8,9,1,6,69,FRANCE,RHONE-ALPES,266,69266,VILLEURBANNE,RUE DES SCIENCES,105113,0,4,VC,0,2,1,,,0,1,,,,1,7,0,0,1,0
1,9,1,1,6,69,FRANCE,RHONE-ALPES,386,69386,LYON,RUE DE CREQUI,105114,0,4,VC,0,1,1,,,0,1,,,,1,,0,0,1,0
1,7,1,1,6,69,FRANCE,RHONE-ALPES,259,69259,VENISSIEUX,BOULEVARD DE PARILLY,105120,0,3,RD,102,0,1,,,0,1,,,,1,7,0,0,1,0
1,6,1,1,3,69,FRANCE,RHONE-ALPES,029,69029,BRON,RUE DE LA PERLE,105131,0,4,VC,0,2,2,,,0,1,,,,1,7,0,0,1,0
1,9,1,1,6,69,FRANCE,RHONE-ALPES,383,69383,LYON,BOULEVARD MARIUS VIVIER MERLE,105148,0,4,VC,0,2,3,,,0,1,,,,1,37,0,0,1,0
1,9,1,1,6,69,FRANCE,RHONE-ALPES,388,69388,LYON,BOULEVARD DES ETATS UNIS,105154,0,4,VC,0,2,4,,,1,5,,,,1,7,0,0,1,0
1,7,1,1,7,69,FRANCE,RHONE-ALPES,259,69259,VENISSIEUX,RUE JULES FERRY,105162,0,4,VC,0,2,2,,,0,1,,,,1,7,0,0,1,0
1,9,4,1,3,69,FRANCE,RHONE-ALPES,385,69385,LYON,PONT KITCHENER MARCHAND,105163,0,4,VC,0,2,2,,,0,1,,,,1,7,0,0,1,0
1,9,1,1,6,69,FRANCE,RHONE-ALPES,383,69383,LYON,PLACE D'ARSONVAL,105174,0,4,VC,0,1,2,,,0,1,,,,1,7,0,0,1,0
1,8,2,1,6,69,FRANCE,RHONE-ALPES,266,69266,VILLEURBANNE,RUE FRANCIS DE PRESSENSE,105175,0,4,VC,0,1,2,,,1,1,,,,1,7,0,0,1,0
1,5,1,1,1,69,FRANCE,RHONE-ALPES,194,69194,SAINT-DIDIER-AU-MONT-D'OR,RD 52,105180,0,3,RD,52,2,0,0,925,0,1,0,0,,1,32,0,0,0,1
1,1,1,1,3,69,FRANCE,RHONE-ALPES,169,69169,RONNO,RD 313,105203,0,3,RD,313,2,2,0,0,2,5,4597000,441000,,1,15,0,0,1,0
2,9,1,1,2,69,FRANCE,RHONE-ALPES,385,69385,LYON,RUE DE TRION,105206,0,4,VC,0,2,2,,,0,1,,,,1,7,0,0,1,0
1,3,1,1,3,69,FRANCE,RHONE-ALPES,055,69055,CHERES (LES),,105227,,4,VC,,2,,,,,,,,,1,7,0,0,1,0
1,9,4,1,2,69,FRANCE,RHONE-ALPES,386,69386,LYON,BOULEVARD JULES FAVRE,105237,0,4,VC,0,2,4,,,3,1,,,,1,7,0,0,1,0
5,7,3,9,3,69,FRANCE,RHONE-ALPES,259,69259,VENISSIEUX,RUE LEON TOLSTOI,105240,0,4,VC,0,2,1,,,0,0,,,,1,7,0,0,1,0
5,8,2,1,6,69,FRANCE,RHONE-ALPES,266,69266,VILLEURBANNE,RUE DU 4 AOUT 1789,105244,0,4,VC,0,2,2,,,0,1,,,,1,7,0,0,1,0
5,9,1,1,3,69,FRANCE,RHONE-ALPES,388,69388,LYON,AVENUE BERTHELOT,105248,0,4,VC,0,1,2,,,0,1,,,,1,7,0,0,1,0
1,9,2,1,3,69,FRANCE,RHONE-ALPES,386,69386,LYON,COURS FRANKLIN ROOSEVELT,105263,0,4,VC,0,1,4,,,0,1,,,,1,30,0,0,0,1
1,9,1,1,3,69,FRANCE,RHONE-ALPES,383,69383,LYON,RUE DESAIX,105280,0,4,VC,0,1,2,,,0,4,,,,1,7,0,0,1,0
5,6,1,1,6,69,FRANCE,RHONE-ALPES,029,69029,BRON,AVENUE MARECHAL DE LATTRE DE TASSIGNY,105299,0,4,VC,0,3,3,,,1,1,,,,1,7,0,0,1,0
1,9,1,2,6,69,FRANCE,RHONE-ALPES,387,69387,LYON,QUAI CLAUDE BERNARD,105322,6,9,Autre,0,0,0,,,0,4,,,,1,,0,0,0,1
1,7,1,1,3,69,FRANCE,RHONE-ALPES,259,69259,VENISSIEUX,AVENUE JULES GUESDE,105334,0,4,VC,0,1,3,,,0,1,,,,1,7,0,0,1,0
1,6,1,1,3,69,FRANCE,RHONE-ALPES,034,69034,CALUIRE-ET-CUIRE,QUAI CLEMENCEAU,105339,0,4,VC,0,2,2,,,0,1,,,,1,7,0,0,1,0
1,7,3,1,1,69,FRANCE,RHONE-ALPES,259,69259,VENISSIEUX,AVENUE D'OSCHATZ,105342,0,4,VC,0,1,1,,,0,1,,,,1,7,0,0,1,0
1,9,2,1,3,69,FRANCE,RHONE-ALPES,383,69383,LYON,AVENUE FELIX FAURE,105350,0,4,VC,0,2,3,,,0,1,,,,1,7,0,0,1,0
1,9,1,1,3,69,FRANCE,RHONE-ALPES,383,69383,LYON,COURS RICHARD VITTON,105355,0,4,VC,0,1,1,,,0,1,,,,1,7,0,0,1,0
1,9,1,1,6,69,FRANCE,RHONE-ALPES,383,69383,LYON,RUE JEAN PIERRE LEVY,105360,0,4,VC,0,1,1,,,0,1,,,,1,,0,0,1,0
1,5,1,1,6,69,FRANCE,RHONE-ALPES,091,69091,GIVORS,AVENUE ANATOLE FRANCE,105367,0,3,RD,386,2,2,,,0,1,,,,1,15,0,0,1,0
1,1,1,1,3,69,FRANCE,RHONE-ALPES,256,69256,VAULX-EN-VELIN,PARC DE MIRIBEL,105372,0,6,Parking,0,0,0,,,0,0,,,,1,7,0,0,1,0
1,6,1,1,6,69,FRANCE,RHONE-ALPES,034,69034,CALUIRE-ET-CUIRE,AVENUE DU GENERAL LECLERC,105437,0,4,VC,0,2,0,,,0,1,,,,1,7,0,0,1,0
1,9,1,1,6,69,FRANCE,RHONE-ALPES,387,69387,LYON,PLACE JEAN JAURES,105438,0,4,VC,0,0,0,,,0,1,,,,1,7,0,0,1,0
1,6,1,1,2,69,FRANCE,RHONE-ALPES,202,69202,SAINTE-FOY-LES-LYON,AVENUE DE LIMBURG,105446,0,4,VC,0,2,2,,,0,1,,,,1,7,0,0,1,0
1,5,1,1,3,69,FRANCE,RHONE-ALPES,152,69152,PIERRE-BENITE,BOULEVARD DE L'EUROPE,105458,0,4,VC,0,3,2,,,1,1,,,,1,7,0,0,1,0
1,9,2,1,3,69,FRANCE,RHONE-ALPES,382,69382,LYON,QUAI DOCTEUR GAILLETON,105465,0,4,VC,,1,1,,,0,1,,,,1,7,0,0,1,0
2,9,2,1,3,69,FRANCE,RHONE-ALPES,383,69383,LYON,AVENUE LACASSAGNE,105471,0,4,VC,0,2,3,,,3,1,,,,1,7,0,0,1,0
1,6,1,1,1,69,FRANCE,RHONE-ALPES,286,69286,RILLIEUX-LA-PAPE,RD 484,105474,0,3,RD,484,0,2,1,100,0,1,0,0,,1,7,0,0,1,0
1,9,9,1,3,69,FRANCE,RHONE-ALPES,389,69389,LYON,BOULEVARD DE LA DUCHERE,105481,0,4,VC,0,3,2,,,0,1,,,,1,7,0,0,1,0
5,9,2,1,3,69,FRANCE,RHONE-ALPES,387,69387,LYON,RUE MARC BLOCH,105482,0,4,VC,0,1,4,,,0,1,,,,1,7,0,0,1,0
1,6,1,1,6,69,FRANCE,RHONE-ALPES,034,69034,CALUIRE-ET-CUIRE,GRANDE RUE DE SAINT CLAIR ,105483,0,4,VC,0,1,1,,,0,1,,,,1,7,0,0,1,0
1,9,1,1,3,69,FRANCE,RHONE-ALPES,386,69386,LYON,COURS LAFAYETTE,105503,0,4,VC,0,2,4,,,3,1,,,,1,7,0,0,1,0
1,9,1,1,6,69,FRANCE,RHONE-ALPES,383,69383,LYON,RUE DES RANCY,105504,0,4,VC,0,1,1,,,0,1,,,,1,7,0,0,1,0