lum,agg,int,atm,col,dep_bis,pays,region,com_bis,com_codeINSEE,communes,N_voie,numac,infra,catr,type_route,voie,circ,nbv,pr,pr1,vosp,situ,lat,long,adr,accident_velo,vehicule_imp,cycl_mort,cycl_bgv,cycl_blg,cycl_indm
1,9,1,1,7,69,FRANCE,RHONE-ALPES,385,69385,LYON,AVENUE DE LA PREMIERE DIVISION FRANCAISE,105515,0,4,VC,0,3,2,,,0,1,,,,1,,0,0,1,0
1,9,1,1,6,69,FRANCE,RHONE-ALPES,386,69386,LYON,RUE BOSSUET ,105524,0,4,VC,0,1,1,,,0,1,,,,1,7,0,0,1,0
1,9,1,1,6,69,FRANCE,RHONE-ALPES,381,69381,LYON,MONTEE LIEUTENANT ALLOUCHE,105526,0,4,VC,0,2,1,,,0,1,,,,1,,0,0,1,0
1,9,1,1,3,69,FRANCE,RHONE-ALPES,389,69389,LYON,QUAI JAYR,105528,0,4,VC,0,2,2,,,1,1,,,,1,7,0,0,1,0
1,9,3,1,6,69,FRANCE,RHONE-ALPES,386,69386,LYON,QUAI GENERAL SARRAIL,105531,0,4,VC,0,1,3,,,0,1,,,,1,7,0,0,1,0
1,6,1,1,3,69,FRANCE,RHONE-ALPES,290,69290,SAINT-PRIEST,AVENUE DE LA GARE ,105543,0,4,VC,0,2,2,,,0,1,,,,1,7,0,0,1,0
1,9,2,1,3,69,FRANCE,RHONE-ALPES,387,69387,LYON,COURS GAMBETTA,105544,0,4,VC,0,2,5,,,3,1,,,,1,34,0,0,1,0
1,9,1,1,6,69,FRANCE,RHONE-ALPES,386,69386,LYON,RUE VAUBAN,105566,0,4,VC,0,1,1,,,0,0,,,,1,7,0,0,1,0
1,9,1,1,3,69,FRANCE,RHONE-ALPES,389,69389,LYON,RUE DE SAINT CYR,105572,0,4,VC,0,2,3,,,0,1,,,,1,7,0,0,1,0
1,9,1,1,2,69,FRANCE,RHONE-ALPES,383,69383,LYON,AVENUE ROCKEFELLER,105590,0,4,VC,0,2,3,,,0,1,,,,1,7,0,0,1,0
1,9,1,1,2,69,FRANCE,RHONE-ALPES,388,69388,LYON,RUE GUILLAUME PARADIN,105607,0,4,VC,0,2,2,,,0,1,,,,1,7,0,0,1,0
1,9,1,1,3,69,FRANCE,RHONE-ALPES,388,69388,LYON,RUE GENTON,105609,0,4,VC,0,2,2,,,0,1,,,,1,32,0,0,0,1
1,9,1,2,3,69,FRANCE,RHONE-ALPES,388,69388,LYON,BOULEVARD AMBROISE PARE,105610,0,4,VC,0,2,1,,,1,1,,,,1,7,0,0,1,0
1,8,1,1,2,69,FRANCE,RHONE-ALPES,266,69266,VILLEURBANNE,RUE DU 4 AOUT 1789,105631,0,4,VC,0,1,2,,,0,1,,,,1,10,0,0,1,0
1,9,1,1,2,69,FRANCE,RHONE-ALPES,386,69386,LYON,COURS FRANKLIN ROOSEVELT,105653,0,4,VC,0,3,6,,,0,1,,,,1,7,0,0,1,0
1,8,1,1,6,69,FRANCE,RHONE-ALPES,266,69266,VILLEURBANNE,RUE DU 1 MARS 1943,105663,0,4,VC,0,1,1,,,0,1,,,,1,7,0,0,1,0
1,1,3,1,3,69,FRANCE,RHONE-ALPES,275,69275,DECINES-CHARPIEU,AVENUE LEON BLUM,105676,0,4,VC,0,2,2,,,2,5,,,,1,7,0,0,1,0
1,9,2,1,3,69,FRANCE,RHONE-ALPES,388,69388,LYON,RUE AUDIBERT ET LAVIROTTE,105690,0,4,VC,0,2,2,,,0,1,,,,1,7,0,0,1,0
5,9,2,1,3,69,FRANCE,RHONE-ALPES,382,69382,LYON,RUE DE LA BOURSE,105692,0,4,VC,0,1,1,,,0,1,,,,1,7,0,0,1,0
2,5,2,1,3,69,FRANCE,RHONE-ALPES,199,69199,SAINT-FONS,RUE CHARLES PLASSE,105695,0,4,VC,0,2,3,,,0,1,,,,1,7,0,0,1,0
1,9,1,1,6,69,FRANCE,RHONE-ALPES,386,69386,LYON,RUE VENDOME,105733,0,4,VC,0,1,1,,,0,1,,,,1,,0,0,0,1
1,6,3,1,2,69,FRANCE,RHONE-ALPES,149,69149,OULLINS,RUE GRANDE  RUE,105738,0,3,RD,486,2,2,,,2,1,,,,1,7,0,0,1,0
1,6,1,1,6,69,FRANCE,RHONE-ALPES,282,69282,MEYZIEU,AVENUE DU CARREAU,105790,0,4,VC,0,2,2,,,0,4,,,,1,30,0,0,1,0
2,8,1,1,3,69,FRANCE,RHONE-ALPES,266,69266,VILLEURBANNE,AVENUE DES ARTS,105800,0,4,VC,0,2,2,,,0,1,,,,1,7,0,0,1,0
1,8,2,1,3,69,FRANCE,RHONE-ALPES,266,69266,VILLEURBANNE,RUE DU 4 AOUT 1789,105803,5,4,VC,0,2,2,,,0,1,,,,1,7,0,0,1,0
5,9,1,2,2,69,FRANCE,RHONE-ALPES,381,69381,LYON,PT MORAND,105808,2,4,VC,0,2,4,,,0,1,,,,1,7,0,0,1,0
5,9,1,1,1,69,FRANCE,RHONE-ALPES,381,69381,LYON,RUE BURDEAU,105816,0,4,VC,0,2,2,,,0,1,,,,1,7,0,0,1,0
1,8,1,1,2,69,FRANCE,RHONE-ALPES,266,69266,VILLEURBANNE,COURS DE LA REPUBLIQUE,105817,0,4,VC,0,2,2,,,0,1,,,,1,10,0,0,1,0
1,9,2,1,3,69,FRANCE,RHONE-ALPES,388,69388,LYON,RUE SAINT MAURICE,105825,0,4,VC,0,1,1,,,0,0,,,,1,7,0,0,1,0
1,9,3,8,3,69,FRANCE,RHONE-ALPES,387,69387,LYON,RUE CLEMENT MAROT,105826,0,4,VC,0,2,2,,,0,1,,,,1,10,0,0,1,0
1,4,9,1,7,69,FRANCE,RHONE-ALPES,141,69141,MORNANT,RD 63,105835,,3,RD,63,1,,0,400,,1,,,,1,,0,0,1,0
1,9,3,1,6,69,FRANCE,RHONE-ALPES,383,69383,LYON,AVENUE JULES JUSSERAND,105850,0,4,VC,0,1,2,,,2,1,,,,1,7,0,0,1,0
1,9,1,1,3,69,FRANCE,RHONE-ALPES,388,69388,LYON,BOULEVARD DES ETATS UNIS,105907,0,4,VC,0,2,0,,,1,5,,,,1,7,0,0,1,0
5,9,2,1,3,69,FRANCE,RHONE-ALPES,388,69388,LYON,BOULEVARD DES ETATS UNIS,105919,0,4,VC,0,2,3,,,1,1,,,,1,7,0,0,1,0
1,9,1,1,3,69,FRANCE,RHONE-ALPES,387,69387,LYON,RUE DE GERLAND,105920,0,4,VC,0,2,2,,,0,1,,,,1,7,0,0,1,0
1,9,3,1,3,69,FRANCE,RHONE-ALPES,388,69388,LYON,PLACE AMBROISE COURTOIS,105980,0,4,VC,0,1,2,,,0,1,,,,1,7,0,0,1,0
1,9,2,4,3,69,FRANCE,RHONE-ALPES,383,69383,LYON,RUE FEUILLAT,105981,0,4,VC,0,2,2,,,0,1,,,,1,7,0,0,1,0
1,9,9,1,6,69,FRANCE,RHONE-ALPES,382,69382,LYON,QUAI DOCTEUR GAILLETON,106000,0,4,VC,0,1,1,,,0,4,,,,1,7,0,0,1,0
1,8,2,4,6,69,FRANCE,RHONE-ALPES,266,69266,VILLEURBANNE,COURS EMILE ZOLA,106004,0,4,VC,0,2,4,,,0,1,,,,1,10,0,0,1,0
2,9,2,1,6,69,FRANCE,RHONE-ALPES,387,69387,LYON,RUE SEBASTIEN GRYPHE,106033,0,4,VC,0,1,0,,,0,1,,,,1,7,0,0,1,0
5,9,2,1,6,69,FRANCE,RHONE-ALPES,387,69387,LYON,AVENUE JEAN JAURES,106037,0,4,VC,0,4,4,,,3,1,,,,1,7,0,0,1,0
1,9,2,1,3,69,FRANCE,RHONE-ALPES,387,69387,LYON,GRANDE RUE DE LA GUILLOTIERE ,106040,0,4,VC,0,1,2,,,0,0,,,,1,14,0,0,1,0
1,9,1,1,6,69,FRANCE,RHONE-ALPES,387,69387,LYON,RUE DE CREQUI,106048,0,4,VC,0,1,1,,,1,1,,,,1,10,0,0,1,0
1,6,2,2,3,69,FRANCE,RHONE-ALPES,029,69029,BRON,BOULEVARD PINEL,106059,0,4,VC,0,3,5,,,1,1,,,,1,7,0,0,1,0
5,6,3,2,3,69,FRANCE,RHONE-ALPES,290,69290,SAINT-PRIEST,RUE JEAN ZAY,106062,0,4,VC,0,2,2,,,0,1,,,,1,33,0,0,1,0
5,9,1,1,3,69,FRANCE,RHONE-ALPES,385,69385,LYON,RUE COMMANDANT CHARCOT,106065,0,3,RD,0,2,2,,,0,1,,,,1,7,0,0,1,0
1,9,1,1,3,69,FRANCE,RHONE-ALPES,385,69385,LYON,AVENUE DEBROUSSE,106066,0,4,VC,0,3,4,,,0,1,,,,1,7,0,0,1,0
2,6,1,4,5,69,FRANCE,RHONE-ALPES,149,69149,OULLINS,RUE DE LA CADIERE,106079,0,4,VC,0,2,2,0,0,0,1,,,,1,7,0,0,1,0
4,9,2,8,3,69,FRANCE,RHONE-ALPES,383,69383,LYON,RUE PAUL BERT,106089,0,4,VC,0,1,2,0,0,0,1,,,,1,7,0,0,1,0
1,7,3,1,3,69,FRANCE,RHONE-ALPES,259,69259,VENISSIEUX,BOULEVARD YVES FARGE,106101,0,4,VC,0,3,4,0,0,0,1,,,,1,7,0,0,1,0
5,9,3,1,3,69,FRANCE,RHONE-ALPES,381,69381,LYON,RUE IMBERT COLOMES,106121,0,4,VC,0,1,1,0,0,0,1,,,,1,7,0,0,1,0
1,9,1,2,3,69,FRANCE,RHONE-ALPES,388,69388,LYON,BOULEVARD DES ETATS UNIS,106124,5,4,VC,0,2,4,1,0,1,1,,,,1,7,0,0,1,0
3,9,1,1,2,69,FRANCE,RHONE-ALPES,382,69382,LYON,QUAI PERRACHE,106138,0,4,VC,0,2,2,0,0,0,1,,,,1,7,0,0,1,0
5,6,2,1,3,69,FRANCE,RHONE-ALPES,202,69202,SAINTE-FOY-LES-LYON,AVENUE MAURICE JARROSON,106144,0,4,VC,0,2,2,0,0,1,1,,,,1,7,0,0,1,0
1,9,2,2,6,69,FRANCE,RHONE-ALPES,388,69388,LYON,RUE BATAILLE,106150,0,4,VC,0,0,1,1,0,0,1,,,,1,7,0,0,1,0
2,9,5,1,3,69,FRANCE,RHONE-ALPES,382,69382,LYON,QUAI PERRACHE,106192,0,4,VC,0,1,3,0,0,0,1,,,,1,7,0,0,1,0
5,9,2,6,3,69,FRANCE,RHONE-ALPES,387,69387,LYON,RUE DES GIRONDINS,106193,0,4,VC,0,2,2,0,0,0,1,,,,1,7,0,0,1,0
5,6,3,1,1,69,FRANCE,RHONE-ALPES,290,69290,SAINT-PRIEST,RUE ANATOLE FRANCE,106213,0,4,VC,0,1,1,0,0,2,1,,,,1,7,0,0,1,0
1,9,1,7,2,69,FRANCE,RHONE-ALPES,385,69385,LYON,PONT ALPHONSE JUIN,106217,2,4,VC,0,2,4,0,0,0,1,,,,1,7,0,0,1,0
1,9,1,1,6,69,FRANCE,RHONE-ALPES,384,69384,LYON,BOULEVARD DE LA CROIX ROUSSE,106220,0,4,VC,0,2,2,0,0,0,1,,,,1,7,0,0,1,0
5,9,1,1,3,69,FRANCE,RHONE-ALPES,383,69383,LYON,RUE DOCTEUR BOUCHUT,106250,0,4,VC,0,1,2,0,0,1,5,,,,1,7,0,0,1,0
1,9,2,2,3,69,FRANCE,RHONE-ALPES,386,69386,LYON,RUE MICHEL RAMBAUD,106276,0,4,VC,0,1,2,0,0,0,1,,,,1,33,0,0,0,1
1,9,1,1,1,69,FRANCE,RHONE-ALPES,381,69381,LYON,IMPASSE DES CARMELITES,106286,0,4,VC,0,2,1,0,0,0,0,,,,1,7,0,0,1,0
1,9,5,1,6,69,FRANCE,RHONE-ALPES,384,69384,LYON,BOULEVARD DES CANUTS,106302,0,4,VC,0,2,2,0,0,2,1,,,,1,7,0,0,1,0
1,9,1,1,6,69,FRANCE,RHONE-ALPES,388,69388,LYON,BOULEVARD DES ETATS UNIS,106313,0,4,VC,0,2,3,0,0,1,5,,,,1,7,0,0,1,0
1,9,1,1,6,69,FRANCE,RHONE-ALPES,386,69386,LYON,COURS VITTON,106318,0,4,VC,0,1,3,0,0,0,1,,,,1,7,0,0,1,0
1,9,3,1,5,69,FRANCE,RHONE-ALPES,383,69383,LYON,RUE DE LA RUCHE,106322,0,4,VC,0,1,0,0,0,0,1,,,,1,7,0,0,0,1
1,9,2,1,3,69,FRANCE,RHONE-ALPES,383,69383,LYON,RUE BONNAND,106323,0,4,VC,0,1,1,0,0,0,1,,,,1,10,0,0,1,0
1,8,3,1,3,69,FRANCE,RHONE-ALPES,266,69266,VILLEURBANNE,AVENUE ALBERT EINSTEIN,106329,0,4,VC,0,2,3,0,0,0,1,,,,1,2,0,0,1,0
1,7,3,1,3,69,FRANCE,RHONE-ALPES,259,69259,VENISSIEUX,BOULEVARD IRENE JOLIOT CURIE,106335,1,4,VC,0,2,0,0,0,0,1,,,,1,7,0,0,1,0
2,9,1,1,3,69,FRANCE,RHONE-ALPES,383,69383,LYON,BOULEVARD MARIUS VIVIER MERLE,106338,0,4,VC,0,2,3,0,0,3,1,,,,1,10,0,0,1,0
5,9,3,1,1,69,FRANCE,RHONE-ALPES,381,69381,LYON,QUAI DE LA PECHERIE,106340,0,4,VC,0,1,3,0,0,0,0,,,,1,7,0,0,1,0
1,6,2,1,6,69,FRANCE,RHONE-ALPES,034,69034,CALUIRE-ET-CUIRE,BOULEVARD DES CANUTS,106341,0,4,VC,0,2,2,0,0,0,1,,,,1,7,0,0,1,0
1,9,1,1,6,69,FRANCE,RHONE-ALPES,386,69386,LYON,PLACE MARECHAL LYAUTEY,106345,0,4,VC,0,1,2,0,0,1,1,,,,1,7,0,0,1,0
2,9,4,1,6,69,FRANCE,RHONE-ALPES,388,69388,LYON,BOULEVARD AMBROISE PARE,106349,0,4,VC,0,0,2,0,0,0,1,,,,1,2,0,0,0,1
1,9,1,1,3,69,FRANCE,RHONE-ALPES,386,69386,LYON,ALLEE  DU GRAND CAMP,106356,0,4,VC,0,0,1,0,0,0,1,,,,1,30,0,0,1,0
1,8,3,1,6,69,FRANCE,RHONE-ALPES,266,69266,VILLEURBANNE,BOULEVARD DU 11 NOVEMBRE 1918,106415,0,4,VC,0,2,0,,,0,1,,,,1,40,0,0,1,0
1,9,2,3,3,69,FRANCE,RHONE-ALPES,386,69386,LYON,PLACE PUVIS DE CHAVANNES,106423,0,4,VC,0,1,1,0,0,0,1,,,,1,10,0,0,1,0
1,9,2,1,2,69,FRANCE,RHONE-ALPES,388,69388,LYON,RUE ANTOINE LUMIERE,106441,0,4,VC,0,1,1,1,0,0,1,,,,1,7,0,0,1,0
1,9,1,1,3,69,FRANCE,RHONE-ALPES,383,69383,LYON,COURS GAMBETTA,106445,0,4,VC,0,3,2,0,0,2,5,,,,1,7,0,0,1,0
1,6,3,1,3,69,FRANCE,RHONE-ALPES,256,69256,VAULX-EN-VELIN,AVENUE SALVADOR ALLENDE,106448,0,4,VC,0,1,1,0,0,0,1,,,,1,7,0,0,1,0
5,9,1,1,6,69,FRANCE,RHONE-ALPES,388,69388,LYON,RUE DE SURVILLE,106449,0,4,VC,0,2,2,1,0,0,1,,,,1,7,0,0,1,0
1,9,2,1,3,69,FRANCE,RHONE-ALPES,386,69386,LYON,AVENUE DE GRANDE BRETAGNE,106460,0,4,VC,0,3,5,0,0,0,1,,,,1,7,0,0,1,0
1,9,3,1,1,69,FRANCE,RHONE-ALPES,384,69384,LYON,BOULEVARD DE LA CROIX ROUSSE,106471,0,4,VC,0,2,2,0,0,0,0,,,,1,7,0,0,1,0
1,9,3,2,3,69,FRANCE,RHONE-ALPES,387,69387,LYON,AVENUE JEAN JAURES,106476,0,4,VC,0,2,4,,,1,1,,,,1,7,0,0,1,0
4,9,1,1,2,69,FRANCE,RHONE-ALPES,383,69383,LYON,COURS GAMBETTA,106477,0,4,VC,0,3,2,0,0,2,1,,,,1,30,0,0,1,0
1,9,3,1,3,69,FRANCE,RHONE-ALPES,386,69386,LYON,RUE SULLY,106485,0,4,VC,0,1,1,0,0,0,5,,,,1,7,0,0,1,0
1,9,1,1,1,69,FRANCE,RHONE-ALPES,387,69387,LYON,PONT DE L'UNIVERSITE,106486,2,4,VC,0,2,2,,,1,5,,,,1,,0,0,1,0
1,9,1,1,7,69,FRANCE,RHONE-ALPES,387,69387,LYON,BOULEVARD YVES FARGE,106487,0,4,VC,0,2,2,,,1,5,,,,1,,0,0,1,0
1,8,3,1,3,69,FRANCE,RHONE-ALPES,266,69266,VILLEURBANNE,RUE DES BOUCHERETS,106489,0,4,VC,0,1,1,,,0,5,,,,1,7,0,0,1,0
1,6,3,1,3,69,FRANCE,RHONE-ALPES,282,69282,MEYZIEU,RUE JEAN JAURES,106496,0,4,VC,0,2,3,0,0,1,1,,,,1,7,0,0,1,0
1,7,1,1,5,69,FRANCE,RHONE-ALPES,259,69259,VENISSIEUX,BOULEVARD IRENE JOLIOT CURIE,106498,0,4,VC,0,2,4,0,0,1,1,,,,1,7,0,0,1,0
5,9,1,1,6,69,FRANCE,RHONE-ALPES,385,69385,LYON,MONTEE DU CHEMIN NEUF,106499,0,4,VC,0,2,2,0,0,0,1,,,,1,,0,0,1,0
1,9,2,1,3,69,FRANCE,RHONE-ALPES,386,69386,LYON,RUE VAUBAN,106503,0,4,VC,0,1,2,0,0,0,1,,,,1,7,0,0,1,0
1,8,1,1,3,69,FRANCE,RHONE-ALPES,266,69266,VILLEURBANNE,RUE FRANCIS DE PRESSENSE,106506,0,4,VC,0,2,2,,,0,1,,,,1,7,0,0,1,0
1,9,3,2,3,69,FRANCE,RHONE-ALPES,386,69386,LYON,RUE ROBERT,106522,0,4,VC,0,1,1,0,0,0,1,,,,1,7,0,0,1,0
1,1,1,1,2,69,FRANCE,RHONE-ALPES,151,69151,PERREON (LE),RD 49,106530,0,3,RD,49,2,2,0,0,0,1,0,0,,1,7,0,0,1,0
1,9,2,1,3,69,FRANCE,RHONE-ALPES,388,69388,LYON,AVENUE PAUL SANTY,106547,0,4,VC,0,2,2,0,0,0,1,,,,1,7,0,0,1,0
1,9,1,1,3,69,FRANCE,RHONE-ALPES,383,69383,LYON,RUE MAURICE FLANDIN,106549,0,4,VC,0,1,1,0,0,0,1,,,,1,7,0,0,1,0
1,9,1,1,7,69,FRANCE,RHONE-ALPES,388,69388,LYON,RUE PROFESSEUR BEAUVISAGE,106560,0,4,VC,0,2,2,0,0,0,4,,,,1,7,0,0,1,0
1,6,6,1,3,69,FRANCE,RHONE-ALPES,290,69290,SAINT-PRIEST,MONTEE DE LA CARNIERE,106642,0,4,VC,0,2,2,,,0,1,,,,1,7,0,0,1,0
1,5,1,1,3,69,FRANCE,RHONE-ALPES,199,69199,SAINT-FONS,AVENUE JEAN JAURES,106677,0,4,VC,0,2,2,,,0,1,,,,1,7,0,0,1,0
1,9,1,1,3,69,FRANCE,RHONE-ALPES,388,69388,LYON,BOULEVARD DES ETATS UNIS,106678,4,4,VC,0,2,4,,,1,5,,,,1,7,0,0,1,0
1,9,1,1,6,69,FRANCE,RHONE-ALPES,388,69388,LYON,RUE PHILIPPE FABIA,106691,0,4,VC,0,2,2,,,0,1,,,,1,7,0,0,1,0
5,9,2,1,6,69,FRANCE,RHONE-ALPES,388,69388,LYON,AVENUE DES FRERES LUMIERE,106693,0,4,VC,0,2,2,,,3,1,,,,1,7,0,0,1,0
1,9,1,1,3,69,FRANCE,RHONE-ALPES,383,69383,LYON,RUE DE LA VILLETTE,106703,0,4,VC,0,2,4,,,0,1,,,,1,7,0,0,1,0
1,9,2,1,3,69,FRANCE,RHONE-ALPES,383,69383,LYON,RUE D'AUBIGNY,106704,0,4,VC,0,2,2,,,0,1,,,,1,7,0,0,1,0
1,8,3,1,6,69,FRANCE,RHONE-ALPES,266,69266,VILLEURBANNE,RUE GERVAIS BUSSIERE,106709,0,4,VC,0,2,2,,,0,1,,,,1,7,0,0,1,0
1,9,1,1,1,69,FRANCE,RHONE-ALPES,387,69387,LYON,RUE MARCEL MERIEUX,106724,0,4,VC,0,1,1,,,0,1,,,,1,7,0,0,1,0
1,9,3,1,3,69,FRANCE,RHONE-ALPES,383,69383,LYON,RUE DOCTEUR BOUCHUT,106747,0,4,VC,0,1,2,,,1,1,,,,1,7,0,0,1,0
1,1,1,1,3,69,FRANCE,RHONE-ALPES,269,69269,YZERON,RD 489,106754,0,3,RD,489,2,2,0,0,0,1,0,0,,1,21,0,0,1,0
1,3,1,1,1,69,FRANCE,RHONE-ALPES,060,69060,CLAVEISOLLES,VC 0,106755,0,4,VC,0,2,1,0,0,0,1,4610300,449100,,1,7,0,0,1,0
1,9,1,7,6,69,FRANCE,RHONE-ALPES,383,69383,LYON,COURS DOCTEUR LONG,106762,0,4,VC,0,1,1,,,0,1,,,,1,7,0,0,1,0
1,9,2,1,7,69,FRANCE,RHONE-ALPES,387,69387,LYON,COURS GAMBETTA,106780,0,4,VC,0,2,3,,,3,1,,,,1,7,0,0,1,0
1,9,2,1,3,69,FRANCE,RHONE-ALPES,388,69388,LYON,RUE LAENNEC,106783,0,4,VC,0,1,3,,,1,1,,,,1,10,0,0,1,0
1,6,1,1,3,69,FRANCE,RHONE-ALPES,290,69290,SAINT-PRIEST,AVENUE SALVADOR ALLENDE,106793,4,4,VC,0,3,2,,,2,4,,,,1,7,0,0,1,0
1,9,2,1,6,69,FRANCE,RHONE-ALPES,383,69383,LYON,PONT DE LA GUILLOTIERE,106794,2,4,VC,0,2,6,,,3,1,,,,1,7,0,0,1,0
1,9,1,8,3,69,FRANCE,RHONE-ALPES,383,69383,LYON,RUE DUGUESCLIN,106814,0,4,VC,0,1,1,,,2,1,,,,1,7,0,0,1,0
5,9,1,1,2,69,FRANCE,RHONE-ALPES,385,69385,LYON,RUE DES AQUEDUCS,106816,0,4,VC,0,2,2,,,0,1,,,,1,7,0,0,1,0
1,9,1,1,2,69,FRANCE,RHONE-ALPES,382,69382,LYON,PONT KITCHENER MARCHAND,106819,2,4,VC,0,2,5,,,0,1,,,,1,10,0,0,1,0
1,6,2,1,3,69,FRANCE,RHONE-ALPES,290,69290,SAINT-PRIEST,RUE OCTAVENUE FEUILLET,106822,0,4,VC,0,2,2,,,0,1,,,,1,7,0,0,1,0
1,8,2,1,6,69,FRANCE,RHONE-ALPES,266,69266,VILLEURBANNE,RUE PIERRE BRESSAT,106837,0,4,VC,0,2,2,,,0,1,,,,1,7,0,0,1,0
1,9,1,1,6,69,FRANCE,RHONE-ALPES,383,69383,LYON,RUE GARIBALDI,106883,0,4,VC,0,1,2,,,0,1,,,,1,7,0,0,1,0
1,9,1,1,6,69,FRANCE,RHONE-ALPES,383,69383,LYON,RUE GABILLOT,106891,0,4,VC,0,1,1,,,0,1,,,,1,,0,0,1,0
1,9,1,1,3,69,FRANCE,RHONE-ALPES,383,69383,LYON,PLACE PIERRE RENAUDEL,106897,0,4,VC,0,1,0,,,0,4,,,,1,7,0,0,1,0
1,9,1,1,3,69,FRANCE,RHONE-ALPES,383,69383,LYON,RUE DE CREQUI,106899,0,4,VC,0,1,1,,,0,1,,,,1,7,0,0,1,0
1,9,1,1,6,69,FRANCE,RHONE-ALPES,386,69386,LYON,RUE MASSENA ,106901,0,4,VC,0,1,1,,,0,1,,,,1,,0,0,0,1
1,9,2,1,2,69,FRANCE,RHONE-ALPES,383,69383,LYON,RUE DOCTEUR REBATEL,106903,0,4,VC,0,1,3,,,0,1,,,,1,7,0,0,1,0
1,9,2,1,3,69,FRANCE,RHONE-ALPES,383,69383,LYON,RUE SERVIENT,106904,0,4,VC,0,1,4,,,0,1,,,,1,7,0,0,1,0
1,9,1,1,1,69,FRANCE,RHONE-ALPES,384,69384,LYON,RUE EUGENE PONS,106911,0,4,VC,0,2,2,,,0,1,,,,1,7,0,0,1,0
5,9,1,1,6,69,FRANCE,RHONE-ALPES,383,69383,LYON,RUE DUGUESCLIN,106914,0,4,VC,0,1,1,,,2,5,,,,1,7,0,0,1,0
1,9,2,1,3,69,FRANCE,RHONE-ALPES,383,69383,LYON,RUE SAINT ANTOINE,106924,0,4,VC,0,1,1,,,0,5,,,,1,7,0,0,1,0
2,9,2,1,3,69,FRANCE,RHONE-ALPES,386,69386,LYON,AVENUE MARECHAL FOCH,106947,0,4,VC,0,2,4,,,3,1,,,,1,7,0,0,1,0
1,9,1,1,6,69,FRANCE,RHONE-ALPES,386,69386,LYON,RUE VAUBAN,106952,0,4,VC,0,1,2,,,0,1,,,,1,3,0,0,1,0
1,9,1,1,3,69,FRANCE,RHONE-ALPES,387,69387,LYON,QUAI CLAUDE BERNARD,106960,0,4,VC,0,1,3,,,0,1,,,,1,7,0,0,1,0
1,9,9,1,3,69,FRANCE,RHONE-ALPES,384,69384,LYON,RUE HENRI LACHIEZE REY,106961,0,4,VC,0,1,1,,,0,0,,,,1,7,0,0,1,0
1,1,1,1,1,69,FRANCE,RHONE-ALPES,094,69094,GREZIEU-LA-VARENNE,RD 24,106964,0,3,RD,24,2,0,4,48,0,1,0,0,,1,7,0,0,1,0
1,1,1,1,3,69,FRANCE,RHONE-ALPES,286,69286,RILLIEUX-LA-PAPE,VC 0,106967,0,4,VC,0,2,0,0,0,0,1,0,0,,1,7,0,0,1,0
1,9,2,1,3,69,FRANCE,RHONE-ALPES,387,69387,LYON,RUE RAOUL SERVANT,106990,0,4,VC,0,2,1,,,0,1,,,,1,7,0,0,1,1
5,9,2,1,6,69,FRANCE,RHONE-ALPES,387,69387,LYON,COURS GAMBETTA,106993,0,4,VC,0,1,3,,,1,5,,,,1,,0,0,1,0
1,9,2,1,3,69,FRANCE,RHONE-ALPES,387,69387,LYON,RUE D'ANVERS,106997,0,4,VC,0,1,1,,,0,1,,,,1,10,0,0,1,0
5,9,2,2,3,69,FRANCE,RHONE-ALPES,387,69387,LYON,PONT DE L'UNIVERSITE,107067,2,4,VC,0,1,3,,,0,1,,,,1,10,0,0,1,0
1,9,2,8,3,69,FRANCE,RHONE-ALPES,387,69387,LYON,RUE DE L'UNIVERSITE,107092,0,4,VC,0,1,3,,,0,1,,,,1,7,0,0,1,0
1,9,2,1,3,69,FRANCE,RHONE-ALPES,383,69383,LYON,RUE FIOL,107105,0,4,VC,0,1,1,,,0,1,,,,1,7,0,0,1,0
1,9,1,1,6,69,FRANCE,RHONE-ALPES,387,69387,LYON,RUE DE LA MADELEINE,107120,0,4,VC,0,1,1,,,1,1,,,,1,10,0,0,1,0
1,9,2,1,3,69,FRANCE,RHONE-ALPES,383,69383,LYON,AVENUE GEORGES POMPIDOU,107126,0,4,VC,0,2,5,,,3,1,,,,1,7,0,0,1,0
1,5,3,2,3,69,FRANCE,RHONE-ALPES,152,69152,PIERRE-BENITE,RUE VOLTAIRE,107131,0,4,VC,0,2,2,,,0,1,,,,1,7,0,0,1,0
5,8,2,2,6,69,FRANCE,RHONE-ALPES,266,69266,VILLEURBANNE,COURS EMILE ZOLA,107133,0,4,VC,0,2,2,,,0,1,,,,1,7,0,0,1,0
1,6,1,1,3,69,FRANCE,RHONE-ALPES,256,69256,VAULX-EN-VELIN,AVENUE FRANKLIN ROOSEVELT,107147,0,4,VC,0,0,0,0,0,0,0,4574930,493390,,1,7,0,0,1,0
5,5,6,1,3,69,FRANCE,RHONE-ALPES,152,69152,PIERRE-BENITE,CHEMIN DES MURIERS,107153,2,4,VC,0,1,1,0,0,0,1,4569520,482601,,1,34,0,0,1,0
1,5,1,1,5,69,FRANCE,RHONE-ALPES,096,69096,GRIGNY,RUE ANDRE SABATIER,107163,0,4,VC,0,2,2,0,0,0,1,4561010,477823,,1,7,0,0,1,0
5,9,3,2,6,69,FRANCE,RHONE-ALPES,386,69386,LYON,VC 0,107178,0,4,VC,0,1,1,0,0,0,1,4576470,484151,,1,,0,0,0,1
2,9,2,1,6,69,FRANCE,RHONE-ALPES,383,69383,LYON,AVENUE MARECHAL DE SAXE,107189,0,4,VC,0,2,3,0,0,3,1,4575630,484649,,1,,0,0,0,1