lum,agg,int,atm,col,dep_bis,pays,region,com_bis,com_codeINSEE,communes,N_voie,numac,infra,catr,type_route,voie,circ,nbv,pr,pr1,vosp,situ,lat,long,adr,accident_velo,vehicule_imp,cycl_mort,cycl_bgv,cycl_blg,cycl_indm
2,1,1,1,1,69,FRANCE,RHONE-ALPES,288,69288,SAINT-LAURENT-DE-MURE,RD 306,107252,0,3,RD,306,2,3,0,0,0,3,4568000,507600,,1,10,0,0,1,0
1,2,1,1,1,69,FRANCE,RHONE-ALPES,196,69196,SAINT-DIDIER-SUR-BEAUJEU,RD 129,107267,0,3,RD,129,2,1,0,0,0,1,4615100,453900,,1,7,0,0,1,0
1,6,2,1,6,69,FRANCE,RHONE-ALPES,034,69034,CALUIRE-ET-CUIRE,QUAI CLEMENCEAU,107309,0,4,VC,0,2,3,,,0,1,,,,1,7,0,0,1,0
1,5,2,1,6,69,FRANCE,RHONE-ALPES,091,69091,GIVORS,CHEMIN DE GIZARD,107326,0,4,VC,0,2,2,,,0,1,,,,1,7,0,0,1,0
1,5,1,1,2,69,FRANCE,RHONE-ALPES,091,69091,GIVORS,RUE EDOUART IDOUX,107333,0,4,VC,0,2,2,,,0,1,,,,1,7,0,0,1,0
2,5,1,1,3,69,FRANCE,RHONE-ALPES,091,69091,GIVORS,RUE EDOUART IDOUX,107335,0,4,VC,0,2,2,,,0,1,,,,1,38,0,0,1,0
1,5,3,1,6,69,FRANCE,RHONE-ALPES,091,69091,GIVORS,ROUTE DE RIVE DE GIER,107337,0,3,RD,488,2,2,,,0,1,,,,1,7,0,0,1,0
1,6,9,1,3,69,FRANCE,RHONE-ALPES,149,69149,OULLINS,RUE GRANDE  RUE,107357,0,3,RD,486,2,2,,,0,1,0,0,,1,7,0,0,1,0
1,7,1,1,1,69,FRANCE,RHONE-ALPES,259,69259,VENISSIEUX,RUE DES MARTYRS DE LA RESISTANCE,107419,0,4,VC,0,2,2,,,0,1,,,,1,7,0,0,1,0
1,5,1,1,1,69,FRANCE,RHONE-ALPES,276,69276,FEYZIN,ROUTE DE VENISSIEUX,107423,0,4,VC,0,2,2,,,0,1,,,,1,7,0,0,1,0
1,7,1,1,2,69,FRANCE,RHONE-ALPES,259,69259,VENISSIEUX,RUE DU CLOS VERGER,107427,0,4,VC,0,2,2,,,0,1,,,,1,7,0,0,1,0
1,7,1,1,3,69,FRANCE,RHONE-ALPES,259,69259,VENISSIEUX,ALLEE  DES ACACIAS ,107435,0,4,VC,0,2,1,,,0,1,,,,1,7,0,0,1,0
5,6,6,1,3,69,FRANCE,RHONE-ALPES,264,69264,VILLEFRANCHE-SUR-SAONE,BOULVARD BURDEAU ,107475,5,4,VC,0,1,0,1,0,1,1,,,,1,7,0,0,0,1
1,6,1,1,3,69,FRANCE,RHONE-ALPES,264,69264,VILLEFRANCHE-SUR-SAONE,RUE DE LA QUARANTAINE  ,107481,0,4,VC,0,2,2,1,0,0,1,,,,1,7,0,0,1,0
1,8,1,2,6,69,FRANCE,RHONE-ALPES,266,69266,VILLEURBANNE,RUE COLIN,107501,0,4,VC,0,1,1,,,0,1,,,,1,7,0,0,1,0
5,6,6,1,3,69,FRANCE,RHONE-ALPES,286,69286,RILLIEUX-LA-PAPE,AVENUE DES COMBATTANTS EN AFN 1952 1962,107540,5,4,VC,0,1,2,,,0,1,,,,1,7,0,0,1,0
1,6,6,1,3,69,FRANCE,RHONE-ALPES,290,69290,SAINT-PRIEST,ROND-POINT DES DROITS DE L' HOMME,107549,5,4,VC,0,1,1,,,2,1,,,,1,7,0,0,1,0
1,6,1,1,3,69,FRANCE,RHONE-ALPES,290,69290,SAINT-PRIEST,RUE HENRI BARBUSSE,107560,0,4,VC,0,2,2,,,0,1,,,,1,7,0,0,1,0
2,6,2,2,3,69,FRANCE,RHONE-ALPES,290,69290,SAINT-PRIEST,AVENUE HELENE BOUCHER,107587,4,4,VC,0,2,2,,,3,1,,,,1,7,0,0,1,0
1,6,1,1,6,69,FRANCE,RHONE-ALPES,290,69290,SAINT-PRIEST,RUE EDMOND ROSTAND,107590,4,4,VC,0,3,2,,,2,4,,,,1,7,0,0,1,0
1,9,1,1,3,69,FRANCE,RHONE-ALPES,381,69381,LYON,RUE DE LA REPUBLIQUE ,107601,0,4,VC,0,1,1,,,0,1,,,,1,10,0,0,1,0
1,9,1,1,6,69,FRANCE,RHONE-ALPES,381,69381,LYON,MONTEE DES CARMELITES,107606,0,4,VC,0,2,1,,,0,1,,,,1,,0,0,0,1
1,9,3,1,6,69,FRANCE,RHONE-ALPES,381,69381,LYON,RUE PHILIPPE GONNARD,107608,0,4,VC,0,1,1,,,0,1,,,,1,7,0,0,1,0
5,9,2,1,3,69,FRANCE,RHONE-ALPES,381,69381,LYON,RUE D'ALGERIE,107611,0,4,VC,0,1,2,,,0,4,,,,1,7,0,0,1,0
2,9,1,1,2,69,FRANCE,RHONE-ALPES,381,69381,LYON,RUE JOSEPH SERLIN,107612,0,4,VC,0,1,1,,,0,1,,,,1,7,0,0,1,0
1,9,1,1,3,69,FRANCE,RHONE-ALPES,382,69382,LYON,PLACE DES CORDELIERS,107624,0,4,VC,0,2,1,,,1,1,,,,1,7,0,0,1,0
1,9,1,1,3,69,FRANCE,RHONE-ALPES,382,69382,LYON,RUE DE LA BOURSE,107628,0,4,VC,0,1,1,,,1,1,,,,1,7,0,0,1,0
1,9,1,1,6,69,FRANCE,RHONE-ALPES,382,69382,LYON,RUE DES REMPARTS D'AINAY,107629,0,4,VC,0,1,1,,,0,1,,,,1,,0,0,1,0
1,9,1,1,6,69,FRANCE,RHONE-ALPES,382,69382,LYON,COURS DE VERDUN RECAMIER,107631,0,4,VC,0,0,2,,,0,4,,,,1,,0,0,0,1
1,9,1,1,6,69,FRANCE,RHONE-ALPES,382,69382,LYON,RUE DE LA CHARITE,107660,0,4,VC,0,1,1,,,1,5,,,,1,7,0,0,1,0
1,9,1,2,3,69,FRANCE,RHONE-ALPES,386,69386,LYON,RUE LALANDE ,107670,0,4,VC,0,0,2,,,0,1,,,,1,7,0,0,1,0
1,9,2,1,3,69,FRANCE,RHONE-ALPES,383,69383,LYON,BOULEVARD MARIUS VIVIER MERLE,107676,0,4,VC,0,2,5,,,3,1,,,,1,7,0,0,1,0
1,9,1,1,3,69,FRANCE,RHONE-ALPES,383,69383,LYON,AVENUE LACASSAGNE,107677,0,4,VC,0,2,3,,,3,1,,,,1,37,0,0,1,0
1,9,2,1,3,69,FRANCE,RHONE-ALPES,383,69383,LYON,RUE DE CREQUI,107687,0,4,VC,0,1,1,,,0,1,,,,1,7,0,0,1,0
1,9,1,1,3,69,FRANCE,RHONE-ALPES,383,69383,LYON,RUE DOCTEUR BOUCHUT,107690,0,4,VC,0,1,2,,,1,5,,,,1,7,0,0,1,0
2,9,2,1,6,69,FRANCE,RHONE-ALPES,383,69383,LYON,RUE FRANCOIS VILLON,107693,0,4,VC,0,1,1,,,0,1,,,,1,7,0,0,1,0
1,9,1,1,6,69,FRANCE,RHONE-ALPES,383,69383,LYON,QUAI VICTOR AUGAGNEUR,107694,0,4,VC,0,1,2,,,1,5,,,,1,,0,0,0,1
5,9,2,1,3,69,FRANCE,RHONE-ALPES,383,69383,LYON,BOULEVARD MARIUS VIVIER MERLE,107703,0,4,VC,0,3,5,,,3,1,,,,1,32,0,0,1,0
1,9,2,1,2,69,FRANCE,RHONE-ALPES,386,69386,LYON,COURS VITTON,107709,0,4,VC,0,1,4,,,0,1,,,,1,7,0,0,1,0
1,9,1,1,2,69,FRANCE,RHONE-ALPES,383,69383,LYON,PONT WILSON,107714,2,4,VC,0,1,4,,,0,1,,,,1,30,0,0,1,0
1,9,2,1,3,69,FRANCE,RHONE-ALPES,386,69386,LYON,RUE VENDOME,107715,0,4,VC,0,1,1,,,0,1,,,,1,7,0,0,1,0
1,9,1,1,3,69,FRANCE,RHONE-ALPES,383,69383,LYON,RUE GARIBALDI,107720,0,4,VC,0,3,3,,,0,1,,,,1,7,0,0,1,0
2,9,2,1,3,69,FRANCE,RHONE-ALPES,383,69383,LYON,AVENUE LACASSAGNE,107728,0,4,VC,0,2,4,,,3,1,,,,1,7,0,0,1,0
1,9,1,1,3,69,FRANCE,RHONE-ALPES,383,69383,LYON,COURS LAFAYETTE,107730,0,4,VC,0,2,3,,,0,1,,,,1,7,0,0,1,0
1,9,1,1,3,69,FRANCE,RHONE-ALPES,386,69386,LYON,RUE VENDOME,107738,0,4,VC,0,1,1,,,0,1,,,,1,7,0,0,1,0
1,9,1,1,3,69,FRANCE,RHONE-ALPES,383,69383,LYON,RUE DOCTEUR BOUCHUT,107739,0,4,VC,0,2,2,,,1,5,,,,1,7,0,0,1,0
1,9,2,1,3,69,FRANCE,RHONE-ALPES,386,69386,LYON,COURS VITTON,107741,0,4,VC,0,1,1,,,0,1,,,,1,7,0,0,1,0
1,9,2,1,3,69,FRANCE,RHONE-ALPES,383,69383,LYON,RUE DUGUESCLIN,107742,0,4,VC,0,1,1,,,0,1,,,,1,7,0,0,1,0
1,9,1,7,3,69,FRANCE,RHONE-ALPES,386,69386,LYON,PLACE JULES FERRY,107747,5,4,VC,0,2,6,,,3,1,,,,1,7,0,0,1,0
1,9,3,1,3,69,FRANCE,RHONE-ALPES,383,69383,LYON,RUE JULES VERNE,107751,0,4,VC,0,1,1,,,0,1,,,,1,7,0,0,1,0
1,9,1,1,3,69,FRANCE,RHONE-ALPES,386,69386,LYON,RUE DE SEZE,107752,0,4,VC,0,1,1,,,1,1,0,0,,1,10,0,0,1,0
1,9,1,1,6,69,FRANCE,RHONE-ALPES,383,69383,LYON,COURS GAMBETTA,107755,0,4,VC,0,2,4,,,2,5,0,0,,1,7,0,0,1,0
1,9,2,1,1,69,FRANCE,RHONE-ALPES,383,69383,LYON,AVENUE FELIX FAURE,107759,0,4,VC,,2,3,,,3,1,,,,1,7,0,0,1,0
1,1,1,1,3,69,FRANCE,RHONE-ALPES,383,69383,LYON,AVENUE ROCKEFELLER,107764,0,4,VC,0,3,1,,,2,1,,,,1,7,0,0,1,0
1,9,3,1,3,69,FRANCE,RHONE-ALPES,383,69383,LYON,AVENUE DU CHATEAU,107765,0,4,VC,0,1,1,,,0,1,,,,1,7,0,0,1,0
1,9,2,1,3,69,FRANCE,RHONE-ALPES,383,69383,LYON,COURS GAMBETTA,107767,0,4,VC,0,2,3,,,3,1,,,,1,7,0,0,1,0
1,9,3,1,3,69,FRANCE,RHONE-ALPES,386,69386,LYON,RUE SULLY,107770,0,4,VC,0,1,1,,,0,5,,,,1,7,0,0,1,0
5,9,8,1,3,69,FRANCE,RHONE-ALPES,383,69383,LYON,RUE FEUILLAT,107781,4,4,VC,0,2,2,,,1,1,,,,1,7,0,0,1,0
1,9,2,1,3,69,FRANCE,RHONE-ALPES,383,69383,LYON,RUE SAINT ANTOINE,107790,0,4,VC,0,1,1,,,0,1,,,,1,7,0,0,1,0
1,9,2,1,3,69,FRANCE,RHONE-ALPES,386,69386,LYON,RUE GERMAIN,107807,0,4,VC,0,1,1,,,0,1,,,,1,7,0,0,1,0
1,9,1,1,3,69,FRANCE,RHONE-ALPES,383,69383,LYON,AVENUE FELIX FAURE,107811,0,4,VC,0,2,3,,,3,1,,,,1,7,0,0,1,0
2,9,3,2,3,69,FRANCE,RHONE-ALPES,383,69383,LYON,RUE DU DAUPHINE,107815,0,4,VC,0,2,2,,,0,1,,,,1,7,0,0,1,0
1,9,2,2,1,69,FRANCE,RHONE-ALPES,386,69386,LYON,RUE VAUBAN,107818,0,4,VC,0,1,0,,,0,1,,,,1,7,0,0,1,0
1,9,1,1,2,69,FRANCE,RHONE-ALPES,384,69384,LYON,RUE DE BELFORT,107834,0,4,VC,0,1,1,,,0,1,0,0,,1,7,0,0,1,0
5,9,1,1,6,69,FRANCE,RHONE-ALPES,384,69384,LYON,RUE EUGENE PONS,107838,0,4,VC,0,2,2,,,0,1,,,,1,,0,0,1,0
1,9,2,1,6,69,FRANCE,RHONE-ALPES,384,69384,LYON,RUE DU MAIL,107843,0,4,VC,0,1,1,,,0,1,,,,1,7,0,0,1,0
1,9,3,1,2,69,FRANCE,RHONE-ALPES,385,69385,LYON,PLACE EDOUARD COMMETTE,107849,0,4,VC,0,2,2,,,0,0,,,,1,99,0,0,1,0
1,9,1,1,6,69,FRANCE,RHONE-ALPES,385,69385,LYON,QUAI PIERRE SCIZE,107852,0,4,VC,0,2,2,,,1,5,,,,1,7,0,0,0,1
1,9,1,1,3,69,FRANCE,RHONE-ALPES,385,69385,LYON,RUE DES FARGES,107853,0,4,VC,0,2,2,,,0,1,,,,1,7,0,0,1,0
1,9,1,1,6,69,FRANCE,RHONE-ALPES,385,69385,LYON,RUE DE TRION,107856,0,4,VC,0,2,1,,,0,1,,,,1,7,0,0,1,0
1,1,1,1,7,69,FRANCE,RHONE-ALPES,385,69385,LYON,QUAI DE BONDY,107861,0,4,VC,0,2,2,,,1,5,,,,1,,0,0,1,0
1,9,1,8,6,69,FRANCE,RHONE-ALPES,385,69385,LYON,RUE DE LA FAVORITE,107865,0,4,VC,0,2,2,,,0,1,,,,1,7,0,0,1,0
1,9,1,1,7,69,FRANCE,RHONE-ALPES,385,69385,LYON,QUAI ROMAIN ROLLAND,107870,0,4,VC,0,1,4,,,1,5,,,,1,7,0,0,1,0
2,9,2,2,3,69,FRANCE,RHONE-ALPES,387,69387,LYON,RUE SEBASTIEN GRYPHE,107883,0,4,VC,0,1,1,,,0,1,,,,1,7,0,0,1,0
5,9,9,1,3,69,FRANCE,RHONE-ALPES,387,69387,LYON,AVENUE BERTHELOT,107884,0,4,VC,0,0,0,,,0,4,,,,1,,0,0,0,1
1,9,3,1,3,69,FRANCE,RHONE-ALPES,387,69387,LYON,BOULEVARD YVES FARGE,107923,0,4,VC,0,2,2,,,1,5,,,,1,10,0,0,1,0
1,9,3,1,3,69,FRANCE,RHONE-ALPES,387,69387,LYON,AVENUE BERTHELOT,107930,4,4,VC,0,2,2,,,3,1,,,,1,40,0,0,1,0
1,9,2,1,3,69,FRANCE,RHONE-ALPES,387,69387,LYON,RUE ANDRE BOLLIER,107931,0,4,VC,0,1,1,,,0,1,,,,1,7,0,0,1,0
5,9,3,1,3,69,FRANCE,RHONE-ALPES,387,69387,LYON,COURS GAMBETTA,107941,0,4,VC,0,1,1,,,1,1,,,,1,7,0,0,1,0
5,9,1,1,6,69,FRANCE,RHONE-ALPES,387,69387,LYON,RUE GARIBALDI,107951,0,4,VC,0,1,4,,,1,5,,,,1,7,0,0,1,0
1,5,3,1,6,69,FRANCE,RHONE-ALPES,091,69091,GIVORS,RUE PIERRE ET MARIE CURIE,107971,0,4,VC,0,2,2,,,0,1,,,,1,7,0,0,1,0
1,9,4,1,6,69,FRANCE,RHONE-ALPES,388,69388,LYON,BOULEVARD DES ETATS UNIS,107975,0,4,VC,0,3,1,,,3,1,,,,1,10,0,0,1,0
2,9,2,1,3,69,FRANCE,RHONE-ALPES,388,69388,LYON,COURS ALBERT THOMAS,107986,5,4,VC,0,2,3,,,3,1,,,,1,10,0,0,1,0
1,9,9,1,2,69,FRANCE,RHONE-ALPES,388,69388,LYON,AVENUE ROCKEFELLER,107991,6,4,VC,0,2,2,,,1,5,,,,1,38,0,0,1,0
1,9,9,1,3,69,FRANCE,RHONE-ALPES,388,69388,LYON,BOULEVARD PINEL,107994,0,4,VC,0,0,1,,,1,5,,,,1,10,0,0,1,0
4,9,1,1,3,69,FRANCE,RHONE-ALPES,388,69388,LYON,COURS ALBERT THOMAS,107998,2,4,VC,0,2,4,,,0,1,,,,1,7,0,0,1,0
1,9,1,1,3,69,FRANCE,RHONE-ALPES,388,69388,LYON,ROUTE DE VIENNE,108005,0,4,VC,0,3,2,,,0,4,,,,1,10,0,0,1,0
1,9,3,1,3,69,FRANCE,RHONE-ALPES,388,69388,LYON,RUE DENIS,108014,0,4,VC,0,2,2,,,0,1,,,,1,7,0,0,1,0
1,9,1,1,6,69,FRANCE,RHONE-ALPES,388,69388,LYON,AVENUE DES FRERES LUMIERE,108026,0,4,VC,0,2,2,,,3,1,,,,1,13,0,0,1,0
1,9,1,1,6,69,FRANCE,RHONE-ALPES,389,69389,LYON,QUAI PIERRE SCIZE,108280,0,4,VC,0,2,1,,,1,5,,,,1,,0,0,0,1
5,9,1,3,6,69,FRANCE,RHONE-ALPES,389,69389,LYON,RUE SAINT PIERRE DE VAISE,108283,0,4,VC,0,1,4,,,0,1,,,,1,7,0,0,1,0
1,9,1,1,2,69,FRANCE,RHONE-ALPES,389,69389,LYON,RUE MARIETTON,108285,0,4,VC,0,2,2,,,0,1,,,,1,7,0,0,1,0
1,9,1,1,3,69,FRANCE,RHONE-ALPES,389,69389,LYON,RUE DU CHAPEAU ROUGE,108289,0,4,VC,0,1,1,,,0,1,,,,1,7,0,0,1,0
2,9,1,1,6,69,FRANCE,RHONE-ALPES,389,69389,LYON,ROND-POINT DES MONTS D'OR,108306,0,4,VC,0,1,2,,,0,1,,,,1,7,0,0,1,0
5,9,1,2,6,69,FRANCE,RHONE-ALPES,389,69389,LYON,QUAI JAYR,108318,0,4,VC,0,2,3,,,1,5,,,,1,7,0,0,1,0
2,9,1,1,6,69,FRANCE,RHONE-ALPES,389,69389,LYON,RUE DE SAINT CYR,108319,0,4,VC,0,1,1,,,0,1,,,,1,,0,0,0,1
1,9,1,8,6,69,FRANCE,RHONE-ALPES,389,69389,LYON,QUAI ARLOING,108323,0,4,VC,0,2,1,,,1,5,,,,1,7,0,0,1,0
1,5,2,1,3,70,FRANCE,FRANCHE-COMTE,550,70550,VESOUL,RUE DU LIEUTENANT KOPP,108338,0,4,VC,0,2,2,0,1,1,1,,,,1,7,0,0,1,0
1,5,6,1,3,70,FRANCE,FRANCHE-COMTE,550,70550,VESOUL,RUE DU BREUIL,108357,5,4,VC,0,2,2,0,1,0,1,,,,1,7,0,0,1,0
1,5,1,1,2,70,FRANCE,FRANCHE-COMTE,550,70550,VESOUL,RUE GROSJEAN,108370,0,4,VC,0,2,2,,,0,1,,,,1,7,0,0,1,0
1,5,6,1,3,70,FRANCE,FRANCHE-COMTE,550,70550,VESOUL,AVENUE DE LA GARE ,108380,5,3,RD,321,1,1,0,400,0,1,,,,1,7,0,0,1,0
1,5,3,1,3,70,FRANCE,FRANCHE-COMTE,285,70285,HERICOURT,IMPASSE LE CORBUSIER,108412,0,4,VC,0,2,1,,,0,1,,,,1,7,0,0,1,0
1,5,6,1,3,70,FRANCE,FRANCHE-COMTE,285,70285,HERICOURT,FAUBOURG DE MONTBELIARD,108417,0,4,VC,0,2,2,,,0,1,,,,1,7,0,0,1,0
1,5,1,1,3,70,FRANCE,FRANCHE-COMTE,550,70550,VESOUL,BOULEVARD CHARLES DE GAULLE,108423,0,2,RN,57,0,2,46,700,2,4,,,,1,7,0,0,1,0
1,5,3,1,3,70,FRANCE,FRANCHE-COMTE,550,70550,VESOUL,RUE ANDRE MAGINOT,108426,5,4,VC,0,2,3,0,1,0,5,,,,1,7,0,0,1,0
1,6,6,1,2,71,FRANCE,BOURGOGNE,153,71153,CREUSOT (LE),AVENUE SAINT SAUVEUR,108446,5,4,VC,0,2,2,,,0,1,,,,1,7,0,0,1,0
2,6,2,2,6,71,FRANCE,BOURGOGNE,306,71306,MONTCEAU-LES-MINES,RUE DE LA SABLIERE,108452,0,4,VC,0,2,2,,,0,1,,,,1,7,0,0,1,0
1,4,1,1,1,71,FRANCE,BOURGOGNE,221,71221,GIVRY,VC 0,108458,0,4,VC,0,2,2,0,0,0,1,0,0,,1,7,0,0,1,0
1,6,6,1,3,71,FRANCE,BOURGOGNE,270,71270,MACON,PLACE GARDON,108482,0,3,RD,0,1,1,0,820,0,1,,,,1,7,0,0,1,0
1,6,1,1,3,71,FRANCE,BOURGOGNE,270,71270,MACON,AVENUE EDOUARD HERRIOT,108483,0,4,VC,0,1,1,,,0,1,,,,1,7,0,0,1,0
1,1,1,1,1,71,FRANCE,BOURGOGNE,288,71288,MASSY,RD 980,108490,0,3,RD,980,2,2,12,500,0,1,4648000,461000,,1,7,0,0,1,0
1,6,3,3,3,71,FRANCE,BOURGOGNE,153,71153,CREUSOT (LE),RUE GUYNEMER,108496,0,3,RD,0,2,2,28,200,0,1,,,,1,7,0,0,1,0
1,6,1,1,6,71,FRANCE,BOURGOGNE,270,71270,MACON,RUE VICTOR HUGO,108498,0,4,VC,0,2,0,,,0,1,,,,1,,0,0,0,1
1,6,2,1,3,71,FRANCE,BOURGOGNE,270,71270,MACON,RUE JEAN MERMOZ,108580,0,4,VC,0,2,2,,,0,0,,,,1,7,0,0,1,0
1,1,3,1,3,71,FRANCE,BOURGOGNE,442,71442,SAINT-LEGER-SUR-DHEUNE,RD 148,108603,0,3,RD,148,2,2,4,800,0,1,0,0,,1,7,0,0,1,0
1,6,2,1,3,71,FRANCE,BOURGOGNE,153,71153,CREUSOT (LE),HOCHE,108637,0,4,VC,0,2,2,,,0,0,,,,1,7,0,0,1,0
2,6,2,1,3,71,FRANCE,BOURGOGNE,270,71270,MACON,RUE DE LYON,108640,0,3,RD,0,1,1,,,0,0,,,,1,7,0,0,1,0
2,6,1,1,6,71,FRANCE,BOURGOGNE,270,71270,MACON,RUE DE SANCE,108644,0,3,RD,0,2,2,19,520,0,4,,,,1,,0,0,1,0
1,6,3,1,3,71,FRANCE,BOURGOGNE,153,71153,CREUSOT (LE),RUE DES PUDDLEURS,108647,0,4,VC,0,2,2,,,0,1,,,,1,7,0,0,1,0
1,1,6,1,3,71,FRANCE,BOURGOGNE,270,71270,MACON,AVENUE EDOUARD HERRIOT,108658,0,2,RN,0,2,2,76,500,0,0,,,,1,7,0,0,1,0
2,3,1,9,3,71,FRANCE,BOURGOGNE,275,71275,MARCIGNY,VC 0,108680,5,4,VC,0,2,2,0,0,0,1,4627900,404600,,1,7,0,0,1,0
2,1,3,1,3,71,FRANCE,BOURGOGNE,486,71486,SAINT-VALLIER,RUE FRANKLIN ROOSEVELT,108701,0,4,VC,0,2,3,,,0,1,,,,1,7,0,0,1,0
1,6,6,1,3,71,FRANCE,BOURGOGNE,153,71153,CREUSOT (LE),AVENUE DE VERDUN,108703,5,3,RD,0,2,3,4,0,0,1,,,,1,7,0,0,1,0
1,5,1,8,4,71,FRANCE,BOURGOGNE,105,71105,CHARNAY-LES-MACON,RUE DE LA CHAPELLE,108710,0,4,VC,0,0,2,,,0,0,,,,1,10,0,0,1,0
1,5,1,1,3,71,FRANCE,BOURGOGNE,475,71475,SAINT-REMY,RUE MARCEL PAGNOL ,108730,0,4,VC,0,2,1,,,0,1,,,,1,7,0,0,1,0
1,6,2,1,3,71,FRANCE,BOURGOGNE,153,71153,CREUSOT (LE),RUE MARECHAL FOCH,108732,0,3,RD,0,2,2,,,0,1,,,,1,7,0,0,1,0
1,3,1,1,3,71,FRANCE,BOURGOGNE,170,71170,DEMIGNY,VC 0,108743,0,4,VC,0,2,2,0,0,0,1,0,0,,1,10,0,0,1,0
5,6,3,1,3,71,FRANCE,BOURGOGNE,270,71270,MACON,RUE DU MAURE,108778,0,4,VC,0,1,1,,,0,0,,,,1,7,0,0,1,0
1,6,3,1,3,71,FRANCE,BOURGOGNE,153,71153,CREUSOT (LE),RUE DES MOINEAUX,108813,0,4,VC,0,1,1,,,0,1,,,,1,7,0,0,1,0
5,6,3,5,3,71,FRANCE,BOURGOGNE,153,71153,CREUSOT (LE),RUE DU LONG TOM,108826,0,4,VC,0,2,2,,,0,1,,,,1,10,0,0,1,0
1,5,1,1,1,71,FRANCE,BOURGOGNE,342,71342,PARAY-LE-MONIAL,VC 0,108833,0,4,VC,0,1,1,0,0,0,1,0,0,,1,10,0,0,1,0
1,1,1,1,3,71,FRANCE,BOURGOGNE,581,71581,VINDECY,RD 982,108849,0,3,RD,982,2,2,13,950,0,1,0,0,,1,7,0,0,1,0
1,6,3,1,3,71,FRANCE,BOURGOGNE,153,71153,CREUSOT (LE),RUE EDITH CAVELL,108856,0,3,RD,28,2,2,32,400,0,1,,,,1,7,0,0,1,0
1,1,1,1,3,71,FRANCE,BOURGOGNE,059,71059,BREUIL (LE),CD 984,108869,0,3,RD,984,2,2,,,0,1,,,,1,21,0,0,1,0
1,6,3,1,3,71,FRANCE,BOURGOGNE,270,71270,MACON,RUE DES TRAPPISTINES,108881,2,4,VC,0,1,1,,,0,1,,,,1,7,0,0,1,0
1,6,3,1,3,71,FRANCE,BOURGOGNE,153,71153,CREUSOT (LE),RUE DU TRANSVAAL,108882,0,4,VC,0,2,2,,,0,1,,,,1,7,0,0,1,0
1,1,1,1,3,71,FRANCE,BOURGOGNE,074,71074,CHAINTRE,RD 169,108891,0,3,RD,169,2,2,5,0,0,1,0,0,,1,7,0,0,1,0
1,7,6,1,3,71,FRANCE,BOURGOGNE,076,71076,CHALON-SUR-SAONE,ROND-POINT de Bourgogne,108903,0,4,VC,0,1,1,,,2,5,,,,1,7,0,0,1,0
1,6,1,1,6,71,FRANCE,BOURGOGNE,153,71153,CREUSOT (LE),RUE DES ACACIAS,108961,0,4,VC,,2,2,,,0,0,,,,1,7,0,0,1,0
1,1,2,1,3,71,FRANCE,BOURGOGNE,392,71392,SAINT-BOIL,VC 1,108969,5,4,VC,1,2,2,0,0,0,0,0,0,,1,10,0,0,1,0
1,4,3,1,3,71,FRANCE,BOURGOGNE,445,71445,SAINT-MARCEL,RUE PHILIPPE FLATOT,108996,0,4,VC,0,2,2,,,0,1,,,,1,7,0,0,1,0
1,2,1,1,2,71,FRANCE,BOURGOGNE,156,71156,CRUZILLE,,109009,0,4,VC,,2,2,,,0,1,820430,71172,,1,10,0,0,1,0
1,1,1,7,2,71,FRANCE,BOURGOGNE,512,71512,SENNECEY-LE-GRAND,RD 18,109015,0,3,RD,18,2,0,10,400,0,1,832456,78217,,1,7,0,0,1,0
1,5,2,1,6,71,FRANCE,BOURGOGNE,342,71342,PARAY-LE-MONIAL,,109018,0,4,VC,,4,3,,,0,1,820448,70599,,1,7,0,0,1,0
1,6,1,1,1,71,FRANCE,BOURGOGNE,153,71153,CREUSOT (LE),ROUTE DE SAINT SERNIN,109029,0,3,RD,138,2,2,14,687,0,1,929391,0,,1,37,0,0,1,0
1,4,1,1,1,71,FRANCE,BOURGOGNE,499,71499,SANVIGNES-LES-MINES,RUE CARNOT,109051,0,4,VC,,2,2,,,0,1,915051,0,,1,7,0,0,1,0
1,8,1,2,3,72,FRANCE,PAYS DE LA LOIRE,181,72181,MANS (LE),Autre 0,109066,0,9,Autre,0,2,2,2,0,0,1,,,,1,2,0,0,1,0
1,8,1,1,3,72,FRANCE,PAYS DE LA LOIRE,181,72181,MANS (LE),BOULEVARD DEMORIEUX ,109083,0,3,RD,0,2,4,,,0,4,,,,1,10,0,0,1,0
1,8,3,1,3,72,FRANCE,PAYS DE LA LOIRE,181,72181,MANS (LE),AVENUE DE LA LIBERATION ,109091,0,9,Autre,0,2,3,2,0,0,1,,,,1,7,0,0,1,0
1,8,3,2,3,72,FRANCE,PAYS DE LA LOIRE,181,72181,MANS (LE),RUE GAMBETTA,109110,0,9,Autre,0,2,2,2,0,0,1,,,,1,7,0,0,1,0
1,8,1,1,1,72,FRANCE,PAYS DE LA LOIRE,181,72181,MANS (LE),PLACE GAMBETTA,109117,0,9,Autre,0,2,2,2,0,0,1,,,,1,7,0,0,1,0
1,8,1,1,1,72,FRANCE,PAYS DE LA LOIRE,181,72181,MANS (LE),AVENUE PIFFAULT PIERRE,109123,0,9,Autre,0,2,3,,,0,1,,,,1,7,0,0,1,0
1,8,3,1,3,72,FRANCE,PAYS DE LA LOIRE,181,72181,MANS (LE),RUE D'ARNAGE ,109135,0,9,Autre,0,2,1,2,0,0,1,,,,1,7,0,0,1,0
1,1,1,1,3,72,FRANCE,PAYS DE LA LOIRE,181,72181,MANS (LE),RUE DU CIRCUIT,109140,0,9,Autre,0,2,1,2,0,0,1,,,,1,2,0,0,1,0