lum,agg,int,atm,col,dep_bis,pays,region,com_bis,com_codeINSEE,communes,N_voie,numac,infra,catr,type_route,voie,circ,nbv,pr,pr1,vosp,situ,lat,long,adr,accident_velo,vehicule_imp,cycl_mort,cycl_bgv,cycl_blg,cycl_indm
1,8,1,1,6,72,FRANCE,PAYS DE LA LOIRE,181,72181,MANS (LE),RUE DE LA MARIETTE,109143,0,9,Autre,0,2,2,,,0,1,,,,1,,0,0,0,1
1,8,1,1,6,72,FRANCE,PAYS DE LA LOIRE,181,72181,MANS (LE),AVENUE PADERBORN ,109173,0,9,Autre,0,2,2,2,0,0,1,,,,1,,0,0,0,1
1,8,2,1,2,72,FRANCE,PAYS DE LA LOIRE,181,72181,MANS (LE),RUE GUSTAVE COURBET,109177,0,9,Autre,0,2,2,2,0,1,1,,,,1,7,0,0,1,0
1,1,1,1,6,72,FRANCE,PAYS DE LA LOIRE,260,72260,RUAUDIN,RD 142,109186,0,3,RD,142,2,0,0,0,0,1,0,0,,1,,0,0,1,0
1,8,1,1,1,72,FRANCE,PAYS DE LA LOIRE,181,72181,MANS (LE),BOULEVARD ANATOLE FRANCE,109204,0,9,Autre,0,1,1,2,0,0,1,,,,1,7,0,0,1,0
1,8,2,1,3,72,FRANCE,PAYS DE LA LOIRE,181,72181,MANS (LE),RUE BOUVET ROGER ,109209,5,4,VC,0,2,3,2,0,0,1,,,,1,7,0,0,1,0
5,8,1,1,3,72,FRANCE,PAYS DE LA LOIRE,181,72181,MANS (LE),AVENUE DURAND GEORGES,109216,0,2,RN,0,2,2,2,0,0,1,,,,1,7,0,0,1,0
1,8,1,1,6,72,FRANCE,PAYS DE LA LOIRE,181,72181,MANS (LE),BOULEVARD CUGNOT NICOLAS,109224,0,9,Autre,0,3,4,2,0,0,1,,,,1,7,0,0,1,0
1,1,1,1,1,72,FRANCE,PAYS DE LA LOIRE,013,72013,AUBIGNE-RACAN,VC 105,109247,0,4,VC,105,0,0,0,0,0,1,0,0,,1,7,0,0,1,0
1,8,1,1,3,72,FRANCE,PAYS DE LA LOIRE,181,72181,MANS (LE),AVENUE LEFEUVRE HENRI,109259,0,9,Autre,0,2,1,,,0,1,,,,1,2,0,0,1,0
1,8,1,1,3,72,FRANCE,PAYS DE LA LOIRE,181,72181,MANS (LE),RUE FRESNAYE ROGER DE LA,109277,0,9,Autre,0,2,1,2,0,0,1,,,,1,7,0,0,1,0
1,8,1,1,6,72,FRANCE,PAYS DE LA LOIRE,181,72181,MANS (LE),RUE WILBUR WRIGHT,109279,0,9,Autre,0,2,2,2,0,0,1,,,,1,,0,0,1,0
1,8,1,1,6,72,FRANCE,PAYS DE LA LOIRE,181,72181,MANS (LE),AVENUE MESSIAEN OLIVIER ,109281,0,9,Autre,0,1,1,2,0,1,1,,,,1,,0,0,1,0
1,8,1,1,6,72,FRANCE,PAYS DE LA LOIRE,181,72181,MANS (LE),ROUTE DE SABLE,109284,0,9,Autre,0,2,2,2,0,0,1,,,,1,,0,0,1,0
1,5,1,1,2,72,FRANCE,PAYS DE LA LOIRE,003,72003,ALLONNES,AVENUE CHARLES DE GAULLE,109287,0,9,Autre,0,2,2,2,0,0,1,,,,1,7,0,0,1,0
1,8,2,1,3,72,FRANCE,PAYS DE LA LOIRE,181,72181,MANS (LE),RUE RUAUDIN,109292,0,9,Autre,0,2,1,2,0,0,1,,,,1,7,0,0,1,0
1,8,3,1,3,72,FRANCE,PAYS DE LA LOIRE,181,72181,MANS (LE),RUE DE L' EVENTAIL,109319,0,9,Autre,0,0,1,2,0,0,1,,,,1,7,0,0,1,0
1,1,1,1,2,72,FRANCE,PAYS DE LA LOIRE,047,72047,BRETTE-LES-PINS,RD 142,109380,2,3,RD,142,2,2,0,0,0,1,0,0,,1,7,0,0,1,0
1,4,3,2,3,72,FRANCE,PAYS DE LA LOIRE,373,72373,VIBRAYE,RD 302,109381,5,3,RD,302,2,2,9,550,0,1,0,0,,1,7,0,0,1,0
1,8,2,1,2,72,FRANCE,PAYS DE LA LOIRE,181,72181,MANS (LE),RUE PAVOINE PIERRE,109418,0,9,Autre,0,2,2,2,0,0,1,,,,1,7,0,0,1,0
1,8,1,1,3,72,FRANCE,PAYS DE LA LOIRE,181,72181,MANS (LE),AVENUE BOLLEE,109445,0,9,Autre,0,2,3,,,0,1,,,,1,37,0,0,1,0
1,8,1,2,3,72,FRANCE,PAYS DE LA LOIRE,181,72181,MANS (LE),RUE DU PAVE,109452,0,9,Autre,0,2,1,,,0,1,,,,1,7,0,0,1,0
1,8,1,1,6,72,FRANCE,PAYS DE LA LOIRE,181,72181,MANS (LE),RUE DOUCE AMIE,109480,0,4,VC,0,2,2,,,0,1,,,,1,7,0,0,1,0
1,8,1,1,6,72,FRANCE,PAYS DE LA LOIRE,181,72181,MANS (LE),RUE GAUDRE JEAN MICHEL,109484,0,9,Autre,0,2,1,2,0,0,1,,,,1,,0,0,1,0
1,8,3,1,6,72,FRANCE,PAYS DE LA LOIRE,181,72181,MANS (LE),PLACE REPUBLIQUE,109492,6,9,Autre,0,0,0,,,0,1,,,,1,,0,0,0,1
1,8,1,1,6,72,FRANCE,PAYS DE LA LOIRE,181,72181,MANS (LE),PLACE DE L'EPERON ,109504,0,9,Autre,0,2,3,2,0,0,1,,,,1,,0,0,0,1
1,8,1,2,2,72,FRANCE,PAYS DE LA LOIRE,181,72181,MANS (LE),ROUTE BONNETABLE,109505,0,9,Autre,0,3,2,2,0,0,1,,,,1,7,0,0,1,0
5,8,1,1,3,72,FRANCE,PAYS DE LA LOIRE,181,72181,MANS (LE),RUE DE LA POINTE,109517,0,9,Autre,0,3,6,2,0,0,1,,,,1,7,0,0,1,0
1,8,1,1,3,72,FRANCE,PAYS DE LA LOIRE,181,72181,MANS (LE),RUE DES JACOBINS,109518,0,9,Autre,0,1,1,2,0,0,0,,,,1,7,0,0,1,0
1,8,1,1,1,72,FRANCE,PAYS DE LA LOIRE,181,72181,MANS (LE),RUE HUCHEPIE,109526,0,9,Autre,0,2,1,2,0,0,1,,,,1,7,0,0,1,0
1,1,1,1,2,72,FRANCE,PAYS DE LA LOIRE,260,72260,RUAUDIN,RD 140,109529,0,3,RD,140,2,0,2,950,0,1,0,0,,1,7,0,0,1,0
1,8,1,1,3,72,FRANCE,PAYS DE LA LOIRE,181,72181,MANS (LE),PLACE DU JET D'EAU,109550,0,9,Autre,0,2,1,2,0,0,1,,,,1,7,0,0,1,0
1,8,2,1,2,72,FRANCE,PAYS DE LA LOIRE,181,72181,MANS (LE),RUE DU MASSIF CENTRAL,109555,0,9,Autre,0,1,1,2,0,0,1,,,,1,7,0,0,1,0
1,5,1,1,1,72,FRANCE,PAYS DE LA LOIRE,264,72264,SABLE-SUR-SARTHE,Autre 0,109562,0,9,Autre,0,2,2,0,0,0,1,4784500,-33000,,1,7,0,0,1,0
1,8,1,1,2,72,FRANCE,PAYS DE LA LOIRE,181,72181,MANS (LE),PLACE TIRONNEAU ADRIEN,109571,0,9,Autre,0,1,1,2,0,0,1,,,,1,7,0,0,1,0
1,8,1,1,3,72,FRANCE,PAYS DE LA LOIRE,181,72181,MANS (LE),RUE LEON BLUM,109578,0,9,Autre,0,2,1,,,0,1,,,,1,7,0,0,1,1
1,8,1,1,6,72,FRANCE,PAYS DE LA LOIRE,181,72181,MANS (LE),RUE COLLET ROBERT,109580,0,9,Autre,0,1,3,2,0,0,1,,,,1,,0,0,1,0
1,8,1,1,3,72,FRANCE,PAYS DE LA LOIRE,181,72181,MANS (LE),DEMORIEUX,109581,0,9,Autre,0,2,5,2,0,0,1,,,,1,7,0,0,1,0
1,8,1,1,6,72,FRANCE,PAYS DE LA LOIRE,181,72181,MANS (LE),RUE BARBIER,109584,0,9,Autre,0,2,2,,,0,1,,,,1,,0,0,1,0
1,8,1,1,6,72,FRANCE,PAYS DE LA LOIRE,181,72181,MANS (LE),GAMBETTA,109589,0,9,Autre,0,2,2,,,0,1,,,,1,,0,0,1,0
1,8,1,1,3,72,FRANCE,PAYS DE LA LOIRE,181,72181,MANS (LE),RUE DU RAYNAL COLONEL,109605,0,9,Autre,0,2,1,,,0,1,,,,1,7,0,0,1,0
1,8,1,1,7,72,FRANCE,PAYS DE LA LOIRE,181,72181,MANS (LE),AVENUE RHIN ET DANUBE,109609,0,3,RD,0,1,1,1,0,0,1,,,,1,,0,0,1,0
1,8,1,1,3,72,FRANCE,PAYS DE LA LOIRE,181,72181,MANS (LE),AVENUE DURAND GEORGES,109616,0,3,RD,0,3,2,,,1,1,,,,1,7,0,0,1,0
1,8,1,1,6,72,FRANCE,PAYS DE LA LOIRE,181,72181,MANS (LE),RUE THOMAS COLIN,109630,0,9,Autre,0,2,1,2,0,0,1,,,,1,,0,0,1,0
1,8,1,1,3,72,FRANCE,PAYS DE LA LOIRE,181,72181,MANS (LE),RUE DES MAILLETS,109635,0,9,Autre,0,2,2,,,0,1,,,,1,7,0,0,1,0
1,8,1,1,1,72,FRANCE,PAYS DE LA LOIRE,181,72181,MANS (LE),AVENUE BOLLEE,109637,0,9,Autre,0,2,4,,,0,1,,,,1,7,0,0,1,0
1,5,1,2,1,72,FRANCE,PAYS DE LA LOIRE,132,72132,FERTE-BERNARD (LA),Autre 0,109649,0,9,Autre,0,2,2,0,0,0,1,4819000,64300,,1,10,0,0,1,0
1,8,1,1,7,72,FRANCE,PAYS DE LA LOIRE,181,72181,MANS (LE),PLACE ROOSEVELT FRANKLIN,109656,4,9,Autre,0,1,1,2,0,0,1,,,,1,,0,0,1,0
5,8,1,1,6,72,FRANCE,PAYS DE LA LOIRE,181,72181,MANS (LE),AVENUE GENESLAY FELIX,109667,0,9,Autre,0,2,1,2,0,0,1,,,,1,7,0,0,1,0
1,8,1,1,6,72,FRANCE,PAYS DE LA LOIRE,181,72181,MANS (LE),AVENUE MOZART,109674,0,9,Autre,0,2,2,,,0,1,,,,1,,0,0,1,0
1,8,1,1,1,72,FRANCE,PAYS DE LA LOIRE,181,72181,MANS (LE),RUE RUAUDIN,109676,0,9,Autre,0,2,2,,,0,1,,,,1,7,0,0,1,0
1,8,1,1,3,72,FRANCE,PAYS DE LA LOIRE,181,72181,MANS (LE),RUE DE LA RIVIERE,109677,0,9,Autre,0,2,2,2,0,0,1,,,,1,7,0,0,1,0
1,8,1,1,6,72,FRANCE,PAYS DE LA LOIRE,181,72181,MANS (LE),RUE CHAMPION HENRI,109678,0,9,Autre,0,2,2,,,0,1,,,,1,,0,0,1,0
5,8,4,1,7,72,FRANCE,PAYS DE LA LOIRE,181,72181,MANS (LE),RUE DU 33 EME MOBILE ,109682,0,9,Autre,0,1,3,1,0,0,1,,,,1,,0,0,1,0
1,8,2,1,3,72,FRANCE,PAYS DE LA LOIRE,181,72181,MANS (LE),PONT PERRIN,109685,2,9,Autre,0,4,3,1,0,0,1,,,,1,10,0,0,1,0
5,8,1,1,7,72,FRANCE,PAYS DE LA LOIRE,181,72181,MANS (LE),PLACE TIRONNEAU ADRIEN,109686,0,9,Autre,0,4,4,1,0,0,1,,,,1,,0,0,1,0
1,5,6,1,3,72,FRANCE,PAYS DE LA LOIRE,154,72154,FLECHE (LA),Autre 0,109711,0,9,Autre,0,2,0,0,0,1,5,0,0,,1,7,0,0,1,0
1,8,1,1,1,72,FRANCE,PAYS DE LA LOIRE,181,72181,MANS (LE),AVENUE DU GENERAL LECLERC,109727,0,9,Autre,0,1,2,2,0,0,1,,,,1,7,0,0,1,0
1,8,1,2,6,72,FRANCE,PAYS DE LA LOIRE,181,72181,MANS (LE),AVENUE JEAN JAURES,109731,0,9,Autre,0,0,0,2,0,0,5,,,,1,,0,0,1,0
1,8,1,1,6,72,FRANCE,PAYS DE LA LOIRE,181,72181,MANS (LE),GAMBETTA,109732,0,9,Autre,0,2,2,,,0,1,,,,1,,0,0,1,0
5,8,1,1,6,72,FRANCE,PAYS DE LA LOIRE,181,72181,MANS (LE),BOULEVARD CARNOT,109759,0,9,Autre,0,2,1,,,0,1,,,,1,7,0,0,1,0
1,8,1,1,3,72,FRANCE,PAYS DE LA LOIRE,181,72181,MANS (LE),BOULEVARD NICOLLE CHARLES,109771,0,9,Autre,0,1,1,,,0,1,,,,1,7,0,0,1,0
1,8,1,2,2,72,FRANCE,PAYS DE LA LOIRE,181,72181,MANS (LE),RUE D'EICHTHAL,109779,0,4,VC,0,1,1,,,1,1,,,,1,7,0,0,1,0
1,4,1,1,1,72,FRANCE,PAYS DE LA LOIRE,269,72269,SAINT-CALAIS,RD 303,109788,0,3,RD,303,2,2,0,400,0,1,0,0,,1,7,0,0,1,0
1,8,1,1,7,72,FRANCE,PAYS DE LA LOIRE,181,72181,MANS (LE),RUE DE LAIGNE ,109794,0,4,VC,0,0,2,,,0,1,,,,1,,0,0,1,0
1,8,1,1,3,72,FRANCE,PAYS DE LA LOIRE,181,72181,MANS (LE),RUE DE ROUILLON,109800,0,9,Autre,0,2,1,,,0,1,,,,1,7,0,0,1,0
1,8,1,1,6,72,FRANCE,PAYS DE LA LOIRE,181,72181,MANS (LE),RUE DE LA FROMENDIERE,109811,0,9,Autre,0,2,1,,,0,1,,,,1,,0,0,1,0
1,8,1,1,3,72,FRANCE,PAYS DE LA LOIRE,181,72181,MANS (LE),RUE EDISON THOMAS,109812,0,9,Autre,0,1,1,,,0,1,,,,1,7,0,0,1,0
1,8,1,1,1,72,FRANCE,PAYS DE LA LOIRE,181,72181,MANS (LE),RUE MERIMEE PROSPER,109821,0,9,Autre,0,2,1,,,0,1,,,,1,7,0,0,1,0
1,8,1,7,6,72,FRANCE,PAYS DE LA LOIRE,181,72181,MANS (LE),RUE DROUAULT CONSTANT,109827,0,9,Autre,0,2,2,,,0,1,,,,1,7,0,0,1,0
1,8,1,1,3,72,FRANCE,PAYS DE LA LOIRE,181,72181,MANS (LE),AVENUE DURAND GEORGES,109875,0,9,Autre,0,2,2,,,0,1,,,,1,7,0,0,1,0
1,8,1,2,3,72,FRANCE,PAYS DE LA LOIRE,181,72181,MANS (LE),AVENUE BOLLEE,109897,0,4,VC,0,2,4,,,1,0,,,,1,7,0,0,1,0
1,8,1,1,6,72,FRANCE,PAYS DE LA LOIRE,181,72181,MANS (LE),QUAI LALANDE AMIRAL ,109899,0,4,VC,0,1,2,,,1,1,,,,1,,0,0,1,0
1,2,1,1,1,72,FRANCE,PAYS DE LA LOIRE,345,72345,SURFONDS,RD 357,109913,5,3,RD,357,2,0,0,0,0,1,0,0,,1,7,0,0,1,0
1,8,1,1,7,72,FRANCE,PAYS DE LA LOIRE,181,72181,MANS (LE),RUE DU PORTL'ABBESSE,109927,0,4,VC,0,2,2,,,0,1,,,,1,,0,0,1,0
1,8,1,1,7,72,FRANCE,PAYS DE LA LOIRE,181,72181,MANS (LE),BOULEVARD DEMORIEUX,109957,0,4,VC,0,1,1,,,1,5,,,,1,,0,0,1,0
1,8,1,1,6,72,FRANCE,PAYS DE LA LOIRE,181,72181,MANS (LE),AVENUE PADERBORN ,109962,0,4,VC,0,2,2,,,0,1,,,,1,7,0,0,1,0
5,8,1,1,2,72,FRANCE,PAYS DE LA LOIRE,181,72181,MANS (LE),RUE RUAUDIN,109971,0,4,VC,0,2,2,,,0,1,,,,1,7,0,0,1,0
1,8,1,1,6,72,FRANCE,PAYS DE LA LOIRE,181,72181,MANS (LE),AVENUE JEAN JAURES,109972,0,4,VC,0,2,2,,,2,5,,,,1,7,0,0,1,0
1,8,1,1,3,72,FRANCE,PAYS DE LA LOIRE,181,72181,MANS (LE),BOULEVARD CURIE,109983,0,4,VC,0,2,2,,,0,1,,,,1,7,0,0,1,0
1,8,1,1,3,72,FRANCE,PAYS DE LA LOIRE,181,72181,MANS (LE),RUE ROSTOV SUR LE DON ,109998,0,4,VC,0,1,2,,,0,1,,,,1,7,0,0,1,0
1,8,5,1,3,72,FRANCE,PAYS DE LA LOIRE,181,72181,MANS (LE),BOULEVARD OYON ALEXANDRE,110031,0,4,VC,0,3,2,,,1,1,,,,1,7,0,0,1,0
5,8,2,1,3,72,FRANCE,PAYS DE LA LOIRE,181,72181,MANS (LE),PONT GAMBETTA,110049,4,4,VC,0,0,1,,,3,0,,,,1,7,0,0,1,0
1,3,6,1,1,72,FRANCE,PAYS DE LA LOIRE,205,72205,MONTBIZOT,RD 38,110066,5,3,RD,38,2,0,27,365,0,1,0,0,,1,7,0,0,1,0
1,8,1,1,6,72,FRANCE,PAYS DE LA LOIRE,181,72181,MANS (LE),RUE MICHEL ANGE,110073,0,9,Autre,0,2,2,,,0,1,,,,1,7,0,0,1,0
1,8,3,1,3,72,FRANCE,PAYS DE LA LOIRE,181,72181,MANS (LE),RUE DES FUSAINS,110104,0,4,VC,0,2,2,,,0,0,,,,1,7,0,0,1,0
1,8,3,1,3,72,FRANCE,PAYS DE LA LOIRE,181,72181,MANS (LE),RUE DU VIEUX LOUP,110110,0,4,VC,0,2,2,,,0,1,,,,1,7,0,0,1,0
2,8,2,1,6,72,FRANCE,PAYS DE LA LOIRE,181,72181,MANS (LE),AVENUE MESSIAEN OLIVIER ,110117,0,4,VC,0,2,2,,,0,1,,,,1,7,0,0,1,0
1,8,3,1,3,72,FRANCE,PAYS DE LA LOIRE,181,72181,MANS (LE),RUE D'ALSACE,110120,0,4,VC,0,1,1,,,0,0,,,,1,7,0,0,1,0
1,1,2,1,1,72,FRANCE,PAYS DE LA LOIRE,386,72386,YVRE-L'EVEQUE,RD 91,110160,0,3,RD,91,2,0,5,84,0,1,0,0,,1,7,0,0,1,0
1,8,3,1,3,72,FRANCE,PAYS DE LA LOIRE,181,72181,MANS (LE),BOULEVARD LEFAUCHEUX PIERRE,110189,0,4,VC,0,1,1,,,2,1,,,,1,7,0,0,1,0
5,8,1,1,2,72,FRANCE,PAYS DE LA LOIRE,181,72181,MANS (LE),AVENUE SAVORGNAN DE BRAZZA,110200,0,4,VC,0,2,2,,,0,1,,,,1,7,0,0,1,0
5,8,3,2,3,72,FRANCE,PAYS DE LA LOIRE,181,72181,MANS (LE),RUE LAROCHE,110207,0,4,VC,0,2,2,,,0,1,,,,1,7,0,0,1,0
1,8,2,1,3,72,FRANCE,PAYS DE LA LOIRE,181,72181,MANS (LE),BOULEVARD ANATOLE FRANCE,110217,0,4,VC,0,1,2,,,2,1,,,,1,7,0,0,1,0
1,8,2,1,3,72,FRANCE,PAYS DE LA LOIRE,181,72181,MANS (LE),AVENUE DU GENERAL DE GAULLE,110220,0,4,VC,0,2,4,,,0,0,,,,1,7,0,0,1,0
1,8,1,1,6,72,FRANCE,PAYS DE LA LOIRE,181,72181,MANS (LE),ROUTE DE SABLE,110223,0,4,VC,0,2,2,,,2,5,,,,1,7,0,0,1,0
1,8,3,1,3,72,FRANCE,PAYS DE LA LOIRE,181,72181,MANS (LE),BOULEVARD ANATOLE FRANCE,110232,0,4,VC,0,1,2,,,1,5,,,,1,7,0,0,1,0
1,8,1,1,6,72,FRANCE,PAYS DE LA LOIRE,181,72181,MANS (LE),AVENUE YZEUX,110235,0,4,VC,0,2,2,,,0,1,,,,1,7,0,0,1,0
1,8,6,1,3,72,FRANCE,PAYS DE LA LOIRE,181,72181,MANS (LE),AVENUE CHARLES DE GAULLE,110262,0,4,VC,0,2,2,,,2,0,,,,1,7,0,0,1,0
5,8,1,1,6,72,FRANCE,PAYS DE LA LOIRE,181,72181,MANS (LE),AVENUE DURAND GEORGES,110264,0,4,VC,,3,2,,,1,1,,,,1,7,0,0,1,0
1,8,6,1,6,72,FRANCE,PAYS DE LA LOIRE,181,72181,MANS (LE),ROUTE TOURS  LIGNE DROITE DES HUNAUDIERES,110273,0,4,VC,0,1,2,,,1,1,,,,1,7,0,0,1,0
1,8,1,1,6,72,FRANCE,PAYS DE LA LOIRE,181,72181,MANS (LE),AVENUE JEAN JAURES,110275,0,4,VC,0,3,4,,,0,1,,,,1,7,0,0,1,0
1,8,6,1,3,72,FRANCE,PAYS DE LA LOIRE,181,72181,MANS (LE),RUE DES TENNIS,110283,0,4,VC,0,2,2,,,0,0,,,,1,7,0,0,1,0
1,8,7,1,3,72,FRANCE,PAYS DE LA LOIRE,181,72181,MANS (LE),PLACE DU 117E RI,110292,4,4,VC,0,1,1,,,3,1,,,,1,7,0,0,1,0
1,8,6,1,6,72,FRANCE,PAYS DE LA LOIRE,181,72181,MANS (LE),RUE ISAAC,110299,0,4,VC,0,1,1,,,1,1,,,,1,7,0,0,1,0
1,8,1,1,7,72,FRANCE,PAYS DE LA LOIRE,181,72181,MANS (LE),AVENUE HEUZE OLIVIER,110307,0,4,VC,0,2,2,,,0,1,,,,1,7,0,0,1,0
5,8,6,1,3,72,FRANCE,PAYS DE LA LOIRE,181,72181,MANS (LE),AVENUE DURAND GEORGES,110325,5,4,VC,0,1,2,,,0,1,,,,1,7,0,0,1,0
1,7,1,1,3,73,FRANCE,RHONE-ALPES,065,73065,CHAMBERY,AVENUE DU COMTE VERT,110337,0,4,VC,0,2,2,,,0,1,,,,1,7,0,0,1,0
1,1,1,1,3,73,FRANCE,RHONE-ALPES,256,73256,SAINT-MARTIN-D'ARC,RD 902,110351,0,3,RD,902,2,0,106,90,0,1,4519700,646800,,1,7,0,0,1,0
1,1,1,1,7,73,FRANCE,RHONE-ALPES,036,73036,BELLECOMBE-EN-BAUGES,RD 61,110354,2,3,RD,61,2,2,0,0,0,1,4574300,614100,,1,,0,0,1,0
1,6,1,1,3,73,FRANCE,RHONE-ALPES,008,73008,AIX-LES-BAINS,LAMARTINE CARREFOUR,110355,5,4,VC,0,1,2,0,1,0,1,,,,1,7,0,0,1,0
1,6,1,1,3,73,FRANCE,RHONE-ALPES,008,73008,AIX-LES-BAINS,HOPITAUX CARREFOUR DES,110356,5,4,VC,0,1,2,0,1,0,1,,,,1,7,0,0,1,0
1,1,1,1,3,73,FRANCE,RHONE-ALPES,065,73065,CHAMBERY,ROUTE DE SAINT SATURNIN,110357,0,4,VC,0,2,2,,,0,1,,,,1,7,0,0,1,0
1,6,1,1,2,73,FRANCE,RHONE-ALPES,008,73008,AIX-LES-BAINS,BOULEVARD JEAN CHARCOT ,110370,5,4,VC,0,1,2,0,1,0,1,,,,1,7,0,0,1,0
1,1,1,1,1,73,FRANCE,RHONE-ALPES,306,73306,VALLOIRE,RD 902,110373,0,3,RD,902,2,2,0,0,0,1,0,0,,1,7,0,0,1,0
1,6,1,1,2,73,FRANCE,RHONE-ALPES,008,73008,AIX-LES-BAINS,AVENUE DU GRAND PORT,110383,0,4,VC,0,2,2,,,0,1,,,,1,7,0,0,1,0
1,7,6,1,2,73,FRANCE,RHONE-ALPES,065,73065,CHAMBERY,AVENUE DU COMTE VERT,110401,0,4,VC,0,0,2,,,0,1,,,,1,7,0,0,1,0
1,1,6,1,3,73,FRANCE,RHONE-ALPES,065,73065,CHAMBERY,FAUBOURG RECLUS,110409,5,4,VC,0,2,2,0,1,0,1,,,,1,7,0,0,1,0
1,6,1,1,3,73,FRANCE,RHONE-ALPES,008,73008,AIX-LES-BAINS,BOULEVARD BARRIER ROBERT ,110411,0,4,VC,0,2,2,,,0,1,,,,1,7,0,0,1,0
1,5,2,7,3,73,FRANCE,RHONE-ALPES,011,73011,ALBERTVILLE,CHEMIN DE OLIVET,110417,5,4,VC,0,2,2,0,1,1,5,,,,1,7,0,0,1,0
5,7,3,1,3,73,FRANCE,RHONE-ALPES,065,73065,CHAMBERY,AVENUE DES DUCS DE SAVOIE,110428,5,4,VC,0,3,3,0,1,2,5,,,,1,7,0,0,1,0
1,2,1,1,3,73,FRANCE,RHONE-ALPES,252,73252,SAINT-LEGER,RD 74,110433,0,3,RD,74,2,0,2,300,0,1,4544700,628300,,1,7,0,0,1,0
1,7,3,1,3,73,FRANCE,RHONE-ALPES,065,73065,CHAMBERY,AVENUE DE LA MOTTE SERVOLEX,110434,5,3,RD,1,2,2,2,15,1,1,,,,1,7,0,0,1,0
1,1,1,1,3,73,FRANCE,RHONE-ALPES,081,73081,CHATELARD (LE),RD 911,110439,0,3,RD,911,2,2,28,50,0,1,0,0,,1,7,0,0,1,0
1,4,1,1,1,73,FRANCE,RHONE-ALPES,157,73157,MODANE,VC 0,110449,0,4,VC,0,2,2,0,0,0,1,4520200,667400,,1,7,0,0,1,0
1,1,1,1,1,73,FRANCE,RHONE-ALPES,026,73026,AVRIEUX,RD 1006,110450,0,3,RD,1006,2,2,146,800,0,1,4521900,675200,,1,33,0,0,1,0
1,1,1,1,3,73,FRANCE,RHONE-ALPES,085,73085,CHINDRIEUX,RD 56,110452,0,3,RD,56,2,0,2,600,0,1,4581900,585300,,1,7,0,0,1,0
1,1,3,1,3,73,FRANCE,RHONE-ALPES,290,73290,TERMIGNON,RD 1006,110474,0,3,RD,1006,2,2,157,765,0,1,,,,1,7,0,0,1,0
1,2,1,1,2,73,FRANCE,RHONE-ALPES,290,73290,TERMIGNON,RD 1006,110478,0,3,RD,1006,2,2,157,700,0,1,4528100,681500,,1,7,0,0,1,0
1,6,2,1,3,73,FRANCE,RHONE-ALPES,008,73008,AIX-LES-BAINS,CHEMIN DES MOELLERONS ,110483,0,4,VC,0,2,2,0,0,0,1,,,,1,7,0,0,1,0
1,1,6,1,3,73,FRANCE,RHONE-ALPES,053,73053,BOURGNEUF,RD 204,110484,5,3,RD,204,2,2,15,420,2,1,,,,1,7,0,0,1,0
1,3,1,1,3,73,FRANCE,RHONE-ALPES,176,73176,MONTVALEZAN,RD 1090,110485,0,3,RD,1090,2,2,99,850,0,1,,,,1,7,0,0,1,0
1,2,6,1,3,73,FRANCE,RHONE-ALPES,053,73053,BOURGNEUF,RD 925,110486,0,3,RD,925,2,2,16,331,0,1,4566700,639000,,1,7,0,0,1,0
1,6,6,1,3,73,FRANCE,RHONE-ALPES,008,73008,AIX-LES-BAINS,HOPITAUX CARREFOUR DES,110493,5,3,RD,1201,2,4,18,440,0,1,,,,1,7,0,0,1,0
1,7,3,1,3,73,FRANCE,RHONE-ALPES,065,73065,CHAMBERY,ROUTE DE CHALLES,110515,5,4,VC,0,2,0,,,0,1,4556761,593770,,1,7,0,0,1,0
2,7,3,1,6,74,FRANCE,RHONE-ALPES,010,74010,ANNECY,AVENUE DE LA PLAINE,110524,0,4,VC,0,2,2,,,2,1,,,,1,7,0,0,1,0
1,5,1,1,1,74,FRANCE,RHONE-ALPES,305,74305,VILLE-LA-GRAND,VC 0,110527,5,4,VC,0,2,2,1,0,0,1,,,,1,7,0,0,1,0
1,7,1,1,6,74,FRANCE,RHONE-ALPES,010,74010,ANNECY,AVENUE DE BROGNY,110562,0,4,VC,0,2,2,,,3,1,,,,1,2,0,0,1,0
1,6,2,1,3,74,FRANCE,RHONE-ALPES,012,74012,ANNEMASSE,AVENUE PASTEUR ,110565,0,4,VC,0,1,1,1,0,0,1,,,,1,7,0,0,1,0
1,7,6,1,7,74,FRANCE,RHONE-ALPES,010,74010,ANNECY,PARMELAN,110569,0,4,VC,0,1,2,,,2,1,,,,1,7,0,0,1,0
1,7,1,1,3,74,FRANCE,RHONE-ALPES,010,74010,ANNECY,AVENUE DE BROGNY,110584,0,4,VC,0,2,3,,,0,1,,,,1,7,0,0,1,0
1,4,1,1,3,74,FRANCE,RHONE-ALPES,267,74267,SEVRIER,VC 0,110592,0,4,VC,0,2,0,0,0,0,5,0,0,,1,7,0,0,1,0
1,3,1,2,1,74,FRANCE,RHONE-ALPES,063,74063,CHATEL,RD 228,110596,0,3,RD,228,2,2,12,200,0,1,0,0,,1,7,0,0,1,0