lum,agg,int,atm,col,dep_bis,pays,region,com_bis,com_codeINSEE,communes,N_voie,numac,infra,catr,type_route,voie,circ,nbv,pr,pr1,vosp,situ,lat,long,adr,accident_velo,vehicule_imp,cycl_mort,cycl_bgv,cycl_blg,cycl_indm
1,7,6,1,3,74,FRANCE,RHONE-ALPES,010,74010,ANNECY,BOULEVARD DU LYCEE,110603,0,3,RD,0,1,2,,,0,1,,,,1,7,0,0,1,0
1,7,2,1,6,74,FRANCE,RHONE-ALPES,010,74010,ANNECY,AVENUE DE LA PLAINE,110604,0,4,VC,0,2,2,,,2,1,,,,1,7,0,0,1,0
1,5,1,1,3,74,FRANCE,RHONE-ALPES,298,74298,VETRAZ-MONTHOUX,CHEMIN DES ERABLES,110618,0,4,VC,0,2,2,1,0,0,1,,,,1,7,0,0,1,0
1,5,9,1,1,74,FRANCE,RHONE-ALPES,242,74242,SAINT-JORIOZ,VC 1,110621,0,4,VC,1,0,0,0,0,0,5,0,0,,1,7,0,0,1,0
1,7,1,1,3,74,FRANCE,RHONE-ALPES,010,74010,ANNECY,AVENUE DE BROGNY,110636,0,4,VC,0,2,2,,,0,1,,,,1,7,0,0,1,0
5,7,3,2,3,74,FRANCE,RHONE-ALPES,010,74010,ANNECY,BOULEVARD DU) FIER,110637,0,4,VC,0,2,4,,,2,1,,,,1,7,0,0,1,0
1,7,6,1,6,74,FRANCE,RHONE-ALPES,010,74010,ANNECY,BOULEVARD ST-BERNARD DE MENTHON,110656,0,4,VC,0,3,2,,,0,1,,,,1,7,0,0,1,0
5,7,2,8,6,74,FRANCE,RHONE-ALPES,010,74010,ANNECY,CHEMIN DU MAQUIS,110659,0,4,VC,0,2,0,,,0,1,,,,1,7,0,0,1,0
1,6,1,1,2,74,FRANCE,RHONE-ALPES,012,74012,ANNEMASSE,RUE DES ESSERTS,110679,0,4,VC,0,0,1,1,0,0,1,,,,1,7,0,0,1,0
1,5,1,1,6,74,FRANCE,RHONE-ALPES,008,74008,AMBILLY,RUE DE GENEVE ,110683,0,4,VC,0,2,2,,,0,1,,,,1,7,0,0,1,0
1,7,1,1,6,74,FRANCE,RHONE-ALPES,010,74010,ANNECY,AVENUE DE GENEVE,110721,0,4,VC,0,2,0,,,0,1,,,,1,10,0,0,1,0
1,7,2,1,6,74,FRANCE,RHONE-ALPES,010,74010,ANNECY,ANNEXION,110722,0,4,VC,0,1,2,,,0,2,,,,1,10,0,0,1,0
1,3,1,1,6,74,FRANCE,RHONE-ALPES,165,74165,MARIGNY-SAINT-MARCEL,RD 3,110730,0,3,RD,3,2,2,10,100,0,1,4583600,598000,,1,,0,0,1,0
1,5,1,1,1,74,FRANCE,RHONE-ALPES,236,74236,SAINT-GERVAIS-LES-BAINS,RD 12,110732,0,3,RD,12,2,0,0,0,0,1,0,0,,1,7,0,0,1,0
5,6,6,3,2,74,FRANCE,RHONE-ALPES,012,74012,ANNEMASSE,RUE DE GENEVE ,110743,5,4,VC,0,1,2,1,0,0,1,,,,1,7,0,0,1,0
1,5,3,1,3,74,FRANCE,RHONE-ALPES,250,74250,SAINT-PIERRE-EN-FAUCIGNY,RD 6,110789,5,3,RD,6,2,2,25,500,0,1,0,0,,1,7,0,0,1,0
1,7,3,1,6,74,FRANCE,RHONE-ALPES,010,74010,ANNECY,DU TRAVAIL,110795,0,4,VC,0,2,2,,,0,0,,,,1,7,0,0,1,0
1,6,1,1,6,74,FRANCE,RHONE-ALPES,281,74281,THONON-LES-BAINS,AVENUE DU GENERAL DE GAULLE,110797,0,3,RD,0,2,4,,,2,5,,,,1,,0,0,1,0
1,6,6,1,2,74,FRANCE,RHONE-ALPES,281,74281,THONON-LES-BAINS,BOULEVARD CARNOT,110798,0,4,VC,0,1,1,1,0,0,1,,,,1,7,0,0,1,0
1,5,6,1,2,74,FRANCE,RHONE-ALPES,264,74264,SCIONZIER,VC 0,110802,5,4,VC,0,0,0,0,0,0,1,0,0,,1,7,0,0,1,0
1,7,1,1,6,74,FRANCE,RHONE-ALPES,010,74010,ANNECY,AVENUE DES MARQUISATS,110811,0,4,VC,0,2,2,,,1,5,,,,1,,0,0,0,1
1,6,5,9,6,74,FRANCE,RHONE-ALPES,281,74281,THONON-LES-BAINS,AVENUE DE LA LIBERATION ,110813,0,4,VC,0,2,2,1,0,0,1,,,,1,7,0,0,1,0
1,4,6,1,3,74,FRANCE,RHONE-ALPES,169,74169,MARNAZ,VC 0,110817,0,4,VC,0,1,1,0,0,0,1,0,0,,1,7,0,0,1,0
1,1,9,1,6,74,FRANCE,RHONE-ALPES,236,74236,SAINT-GERVAIS-LES-BAINS,VC 0,110818,0,4,VC,0,2,2,0,0,0,1,0,0,,1,,0,0,0,1
1,7,3,1,6,74,FRANCE,RHONE-ALPES,010,74010,ANNECY,AVENUE DES ROMAINS,110828,0,4,VC,0,2,2,,,0,0,,,,1,2,0,0,1,0
1,5,1,1,3,74,FRANCE,RHONE-ALPES,264,74264,SCIONZIER,RD 2,110836,0,3,RD,2,2,0,0,0,0,1,0,0,,1,7,0,0,1,0
1,7,3,1,6,74,FRANCE,RHONE-ALPES,010,74010,ANNECY,AVENUE DE BROGNY,110867,0,4,VC,0,2,2,,,2,0,,,,1,7,0,0,1,0
5,7,2,1,6,74,FRANCE,RHONE-ALPES,010,74010,ANNECY,BOULEVARD ST-BERNARD DE MENTHON,110870,0,4,VC,,2,2,,,2,1,,,,1,7,0,0,1,0
1,6,1,1,6,74,FRANCE,RHONE-ALPES,281,74281,THONON-LES-BAINS,ROUTE D'EVIAN,110883,0,4,VC,,2,2,,0,2,5,,,,1,7,0,0,1,0
1,7,2,1,3,74,FRANCE,RHONE-ALPES,010,74010,ANNECY,ROYALE,110888,0,4,VC,,1,1,,,0,0,,,,1,10,0,0,1,0
1,7,3,1,3,74,FRANCE,RHONE-ALPES,010,74010,ANNECY,AVENUE DU PONT NEUF,110894,0,3,RD,2201,2,2,0,1,0,1,,,,1,33,0,0,1,0
1,7,1,1,6,74,FRANCE,RHONE-ALPES,010,74010,ANNECY,CHEMIN DU BELVEDERE,110914,0,3,RD,41,2,0,,100,0,1,,,,1,7,0,0,1,0
1,7,2,1,3,74,FRANCE,RHONE-ALPES,010,74010,ANNECY,GUILLAUME FICHET,110920,0,4,VC,0,1,1,,,0,0,,,,1,7,0,0,1,0
1,4,6,1,6,74,FRANCE,RHONE-ALPES,218,74218,PUBLIER,RD 61,110937,0,3,RD,61,1,2,2,991,,1,,,,1,7,0,0,1,0
1,5,1,1,5,74,FRANCE,RHONE-ALPES,220,74220,REIGNIER,RD 2,110945,0,3,RD,2,2,0,48,50,0,1,4613800,626900,,1,7,0,0,1,0
1,5,1,1,3,74,FRANCE,RHONE-ALPES,213,74213,POISY,RD 14,110946,5,3,RD,14,2,2,9,0,0,1,4592400,607400,,1,7,0,0,1,0
1,7,1,1,6,74,FRANCE,RHONE-ALPES,010,74010,ANNECY,BERTHOLLET,110948,0,4,VC,0,2,2,,,0,1,,,,1,10,0,0,1,0
1,1,1,1,1,74,FRANCE,RHONE-ALPES,056,74056,CHAMONIX-MONT-BLANC,VC 0,110952,0,4,VC,0,2,2,0,0,0,1,0,0,,1,7,0,0,1,0
5,5,1,1,3,74,FRANCE,RHONE-ALPES,298,74298,VETRAZ-MONTHOUX,ROUTE DE TANINGES,110967,0,3,RD,907,2,2,0,835,1,1,,,,1,7,0,0,1,0
1,6,3,1,3,74,FRANCE,RHONE-ALPES,281,74281,THONON-LES-BAINS,AVENUE DE GENEVE,110975,0,3,RD,1005,0,2,18,173,0,1,,,,1,7,,,,
1,5,2,2,1,74,FRANCE,RHONE-ALPES,081,74081,CLUSES,AVENUE DU LAC,110991,,4,VC,,,,,,,,0,0,,1,7,0,0,1,0
5,6,1,1,1,74,FRANCE,RHONE-ALPES,281,74281,THONON-LES-BAINS,,111003,0,4,VC,,,,,,,1,,,,1,7,0,0,1,0
1,7,3,1,6,74,FRANCE,RHONE-ALPES,010,74010,ANNECY,AVENUE ALBIGNY,111018,0,3,RD,909,2,4,1,270,0,1,,,,1,7,0,0,1,0
1,7,7,1,6,74,FRANCE,RHONE-ALPES,010,74010,ANNECY,EMILE ROMANET,111021,0,4,VC,0,2,2,,,2,0,,,,1,7,0,0,1,0
1,5,6,1,6,74,FRANCE,RHONE-ALPES,011,74011,ANNECY-LE-VIEUX,RD 5,111024,0,3,RD,5,2,2,24,770,0,1,0,0,,1,7,0,0,1,0
3,1,1,1,3,74,FRANCE,RHONE-ALPES,022,74022,AVIERNOZ,RD 5,111030,0,3,RD,5,2,2,36,800,0,1,4597800,621900,,1,7,0,0,1,0
1,6,1,1,1,74,FRANCE,RHONE-ALPES,281,74281,THONON-LES-BAINS,CHEMIN DE MORCY,111035,0,4,VC,0,2,2,,,0,1,,,,1,7,0,0,1,0
1,5,7,1,6,74,FRANCE,RHONE-ALPES,182,74182,MEYTHET,Autre 0,111043,0,9,Autre,0,0,0,0,0,0,0,0,0,,1,,0,0,0,1
3,5,1,2,3,74,FRANCE,RHONE-ALPES,081,74081,CLUSES,AVENUE GEORGES CLEMENCEAU,111051,0,4,VC,0,2,0,0,0,1,5,0,0,,1,7,0,0,1,0
1,4,2,1,3,74,FRANCE,RHONE-ALPES,267,74267,SEVRIER,,111059,0,4,VC,,2,2,,,0,5,0,0,,1,7,0,0,1,0
1,5,2,1,1,74,FRANCE,RHONE-ALPES,242,74242,SAINT-JORIOZ,,111060,0,4,VC,,2,2,,,1,5,0,0,,1,7,0,0,1,0
1,5,1,1,1,74,FRANCE,RHONE-ALPES,264,74264,SCIONZIER,RD 304,111081,0,3,RD,304,3,2,1,420,0,1,0,0,,1,7,0,0,1,0
1,5,2,7,6,74,FRANCE,RHONE-ALPES,264,74264,SCIONZIER,RUE ANDRE BRUN,111088,5,4,VC,,,,,,,1,0,0,,1,7,0,0,1,0
1,5,3,1,1,74,FRANCE,RHONE-ALPES,011,74011,ANNECY-LE-VIEUX,chemin du Pesay,111095,0,4,VC,,0,0,,,0,1,0,0,,1,7,0,0,1,0
1,9,1,1,6,75,FRANCE,ILE-DE-FRANCE,007,75007,PARIS,BOULEVARD INVALIDES ,111128,0,4,VC,,2,4,2009,6,0,1,,,,1,,0,0,0,1
5,9,3,1,2,75,FRANCE,ILE-DE-FRANCE,020,75020,PARIS,AVENUE GAMBETTA,111199,0,4,VC,,2,4,1009,0,0,1,,,,1,7,0,0,1,0
1,9,1,4,6,75,FRANCE,ILE-DE-FRANCE,010,75010,PARIS,RUE FAUBOURG SAINT DENIS ,111201,0,4,VC,,1,1,2009,14,0,1,,,,1,,0,0,1,0
1,9,2,2,3,75,FRANCE,ILE-DE-FRANCE,006,75006,PARIS,RUE RENNES ,111207,0,4,VC,,2,2,1009,0,0,1,,,,1,7,0,0,1,0
5,9,1,1,6,75,FRANCE,ILE-DE-FRANCE,015,75015,PARIS,RUE BRANCION,111212,0,4,VC,,1,2,2009,120,0,1,,,,1,4,0,0,1,0
1,9,1,1,3,75,FRANCE,ILE-DE-FRANCE,019,75019,PARIS,AVENUE FLANDRE ,111216,0,4,VC,,1,3,2009,46,0,1,,,,1,4,0,0,1,0
1,9,1,1,3,75,FRANCE,ILE-DE-FRANCE,008,75008,PARIS,AVENUE MARIGNY ,111234,0,4,VC,,2,2,2009,23,0,1,,,,1,7,0,0,1,0
5,9,2,2,3,75,FRANCE,ILE-DE-FRANCE,013,75013,PARIS,RUE DOMREMY ,111239,0,4,VC,,1,1,1009,0,0,1,,,,1,7,0,0,1,0
1,9,1,1,6,75,FRANCE,ILE-DE-FRANCE,019,75019,PARIS,BOULEVARD SERURIER,111245,0,4,VC,,2,4,2401,104,3,1,,,,1,,0,0,0,1
5,9,1,1,7,75,FRANCE,ILE-DE-FRANCE,006,75006,PARIS,BOULEVARD SAINT GERMAIN,111270,0,4,VC,,2,4,2009,128,0,1,,,,1,,0,0,1,0
1,9,3,1,2,75,FRANCE,ILE-DE-FRANCE,017,75017,PARIS,AVENUE GOURGAUD ,111289,0,4,VC,,2,2,1009,0,0,1,,,,1,10,0,0,1,0
1,9,1,8,3,75,FRANCE,ILE-DE-FRANCE,011,75011,PARIS,AVENUE LEDRU ROLLIN,111295,0,4,VC,,2,2,2009,100,0,1,,,,1,7,0,0,1,0
1,9,1,1,3,75,FRANCE,ILE-DE-FRANCE,005,75005,PARIS,BOULEVARD SAINT GERMAIN,111307,0,4,VC,,1,4,2101,46,3,1,,,,1,7,0,0,1,0
5,9,3,1,7,75,FRANCE,ILE-DE-FRANCE,008,75008,PARIS,AVENUE CHAMPS ELYSEES ,111308,0,4,VC,,2,8,1009,0,0,1,,,,1,,0,0,1,0
1,9,2,1,6,75,FRANCE,ILE-DE-FRANCE,013,75013,PARIS,RUE FRERES D'ASTIER DE LA VIGERIE ,111323,6,4,VC,,2,2,1009,0,0,0,,,,1,,0,0,0,1
1,9,3,1,3,75,FRANCE,ILE-DE-FRANCE,020,75020,PARIS,BOULEVARD DAVOUT ,111341,0,4,VC,,2,4,1803,0,1,1,,,,1,7,0,0,1,0
1,9,3,2,3,75,FRANCE,ILE-DE-FRANCE,014,75014,PARIS,BOULEVARD ADOLPHE PINARD ,111397,0,4,VC,,1,1,1009,0,0,1,,,,1,7,0,0,1,0
5,9,1,2,1,75,FRANCE,ILE-DE-FRANCE,014,75014,PARIS,AVENUE REILLE,111398,0,4,VC,,2,2,2009,40,0,1,,,,1,7,0,0,1,0
1,9,4,1,3,75,FRANCE,ILE-DE-FRANCE,003,75003,PARIS,RUE CHARLOT  ,111404,0,4,VC,,1,1,1009,0,0,1,,,,1,7,0,0,1,0
5,9,2,1,3,75,FRANCE,ILE-DE-FRANCE,020,75020,PARIS,RUE PYRENEES ,111440,0,4,VC,,2,2,1009,0,0,1,,,,1,7,0,0,1,0
5,9,1,1,2,75,FRANCE,ILE-DE-FRANCE,016,75016,PARIS,SURESNES ROUTE,111463,0,4,VC,,2,4,2009,0,0,1,,,,1,7,0,0,1,0
5,9,4,2,3,75,FRANCE,ILE-DE-FRANCE,013,75013,PARIS,RUE JEAN BAPTISTE BERLIER ,111465,0,4,VC,,1,1,1803,0,0,1,,,,1,7,0,0,1,0
5,9,2,1,3,75,FRANCE,ILE-DE-FRANCE,018,75018,PARIS,RUE JEAN HENRI FABRE ,111475,0,4,VC,,1,2,1009,0,0,1,,,,1,7,0,0,1,0
5,9,1,1,3,75,FRANCE,ILE-DE-FRANCE,014,75014,PARIS,RUE COMMANDANT RENE MOUCHOTTE ,111548,0,4,VC,,2,4,2009,32,0,1,,,,1,7,0,0,1,0
1,9,1,1,2,75,FRANCE,ILE-DE-FRANCE,020,75020,PARIS,BOULEVARD DAVOUT ,111686,0,4,VC,,2,4,2401,10,3,1,,,,1,7,0,0,1,0
1,9,3,1,6,75,FRANCE,ILE-DE-FRANCE,011,75011,PARIS,RUE COMMANDANT LAMY ,111726,0,4,VC,,1,1,1009,0,0,1,,,,1,,,,,
5,9,3,1,3,75,FRANCE,ILE-DE-FRANCE,012,75012,PARIS,BOURDON ROUTE,111743,0,4,VC,,2,2,1009,0,0,1,,,,1,7,0,0,1,0
5,9,1,1,3,75,FRANCE,ILE-DE-FRANCE,012,75012,PARIS,BOULEVARD BASTILLE ,111799,0,4,VC,,1,2,2009,24,0,1,,,,1,7,0,0,1,0
5,9,2,1,6,75,FRANCE,ILE-DE-FRANCE,019,75019,PARIS,RUE MEAUX ,111844,0,4,VC,,1,1,1009,0,0,1,,,,1,7,0,0,1,0
1,9,1,1,6,75,FRANCE,ILE-DE-FRANCE,004,75004,PARIS,RUE DEUX PONTS ,111868,0,4,VC,,1,2,2101,24,3,1,,,,1,,0,0,0,1
1,9,5,2,3,75,FRANCE,ILE-DE-FRANCE,017,75017,PARIS,RUE COURCELLES ,111901,0,4,VC,,2,2,1009,0,0,1,,,,1,10,0,0,1,0
1,9,1,1,3,75,FRANCE,ILE-DE-FRANCE,006,75006,PARIS,BOULEVARD MONTPARNASSE ,111904,0,4,VC,,2,6,2101,16,3,1,,,,1,18,0,0,1,0
5,9,2,1,3,75,FRANCE,ILE-DE-FRANCE,017,75017,PARIS,RUE LEGENDRE,111909,0,4,VC,,2,2,1009,0,0,1,,,,1,7,0,0,1,0
1,9,2,1,6,75,FRANCE,ILE-DE-FRANCE,010,75010,PARIS,RUE EUGENE VARLIN,111988,0,4,VC,,1,2,1009,0,0,1,,,,1,,0,0,0,1
5,9,1,1,2,75,FRANCE,ILE-DE-FRANCE,008,75008,PARIS,AVENUE CHAMPS ELYSEES ,112028,0,4,VC,,2,6,2009,0,0,1,,,,1,7,0,0,1,0
1,9,3,1,3,75,FRANCE,ILE-DE-FRANCE,011,75011,PARIS,PLACE REPUBLIQUE,112033,0,4,VC,,1,4,1009,0,0,1,,,,1,7,0,0,1,0
1,9,2,4,3,75,FRANCE,ILE-DE-FRANCE,019,75019,PARIS,RUE AUBERVILLIERS ,112042,0,4,VC,,1,2,1009,0,0,1,,,,1,14,0,0,1,0
1,9,2,1,3,75,FRANCE,ILE-DE-FRANCE,012,75012,PARIS,RUE FAUBOURG SAINT ANTOINE ,112055,0,4,VC,,2,4,1009,0,0,1,,,,1,7,0,0,1,0
1,9,4,1,3,75,FRANCE,ILE-DE-FRANCE,019,75019,PARIS,OISE QUAI,112059,0,4,VC,,1,1,1009,0,0,1,,,,1,5,0,0,1,0
2,9,2,1,3,75,FRANCE,ILE-DE-FRANCE,020,75020,PARIS,AVENUE PORTE DE MONTREUIL ,112062,0,4,VC,,2,2,1009,0,0,1,,,,1,7,0,0,1,0
1,9,3,1,6,75,FRANCE,ILE-DE-FRANCE,015,75015,PARIS,RUE CONVENTION ,112071,0,4,VC,,2,2,1009,0,0,1,,,,1,,0,0,0,1
1,9,2,1,6,75,FRANCE,ILE-DE-FRANCE,010,75010,PARIS,BOULEVARD MAGENTA,112106,0,4,VC,,2,4,1708,0,1,4,,,,1,,0,0,0,1
1,9,2,1,3,75,FRANCE,ILE-DE-FRANCE,005,75005,PARIS,RUE SOUFFLOT,112110,0,4,VC,,1,2,1009,0,0,1,,,,1,7,0,0,1,0
1,9,1,1,3,75,FRANCE,ILE-DE-FRANCE,020,75020,PARIS,AVENUE GAMBETTA,112118,0,4,VC,,2,2,2009,130,0,1,,,,1,7,0,0,1,0
1,9,2,1,3,75,FRANCE,ILE-DE-FRANCE,014,75014,PARIS,RUE ALESIA ,112207,0,4,VC,,2,3,1009,0,0,1,,,,1,5,0,0,1,0
5,9,1,1,7,75,FRANCE,ILE-DE-FRANCE,010,75010,PARIS,BOULEVARD STRASBOURG,112218,0,4,VC,,1,4,2101,2,0,1,,,,1,,0,0,1,0
1,9,1,1,3,75,FRANCE,ILE-DE-FRANCE,010,75010,PARIS,JEMMAPES QUAI,112219,0,4,VC,,1,2,2009,86,1,1,,,,1,7,0,0,1,0
1,9,1,1,3,75,FRANCE,ILE-DE-FRANCE,015,75015,PARIS,GRENELLE QUAI,112225,0,4,VC,,2,2,2009,43,0,1,,,,1,7,0,0,1,0
1,9,1,1,6,75,FRANCE,ILE-DE-FRANCE,002,75002,PARIS,RUE MONTMARTRE,112228,0,4,VC,,1,3,2308,152,0,4,,,,1,,,,,
1,9,3,1,3,75,FRANCE,ILE-DE-FRANCE,010,75010,PARIS,RUE DUNKERQUE ,112289,0,4,VC,,1,2,1009,0,0,1,,,,1,7,0,0,1,0
1,9,3,1,7,75,FRANCE,ILE-DE-FRANCE,008,75008,PARIS,PLACE MADELEINE ,112315,0,4,VC,,1,4,1009,0,0,1,,,,1,,0,0,1,0
1,9,1,1,6,75,FRANCE,ILE-DE-FRANCE,010,75010,PARIS,RUE LUCIEN SAMPAIX ,112316,0,4,VC,,1,2,2009,22,0,1,,,,1,7,0,0,1,0
1,9,1,1,7,75,FRANCE,ILE-DE-FRANCE,015,75015,PARIS,BOULEVARD GARIBALDI,112325,0,4,VC,,2,2,2009,80,1,1,,,,1,,0,0,1,0
1,9,2,1,3,75,FRANCE,ILE-DE-FRANCE,005,75005,PARIS,RUE GAY LUSSAC,112353,0,4,VC,,2,2,1009,0,0,1,,,,1,7,0,0,1,0
1,9,3,1,6,75,FRANCE,ILE-DE-FRANCE,007,75007,PARIS,RUE BABYLONE ,112354,0,4,VC,,1,1,1009,0,0,1,,,,1,,0,0,0,1
1,9,2,2,3,75,FRANCE,ILE-DE-FRANCE,015,75015,PARIS,RUE CONVENTION ,112362,0,4,VC,,2,2,1009,0,0,1,,,,1,7,0,0,1,0
1,9,1,1,3,75,FRANCE,ILE-DE-FRANCE,013,75013,PARIS,RUE TOLBIAC ,112370,0,4,VC,,2,4,2009,66,0,1,,,,1,7,0,0,1,0
1,9,2,2,6,75,FRANCE,ILE-DE-FRANCE,004,75004,PARIS,RUE JULES COUSIN ,112374,0,4,VC,,1,1,1009,0,0,1,,,,1,,0,0,0,1
1,9,2,1,3,75,FRANCE,ILE-DE-FRANCE,006,75006,PARIS,BOULEVARD RASPAIL,112375,0,4,VC,,2,2,1009,0,0,1,,,,1,18,0,0,1,0
1,9,1,1,6,75,FRANCE,ILE-DE-FRANCE,010,75010,PARIS,BOULEVARD VILLETTE ,112378,0,4,VC,,2,4,2009,7,1,1,,,,1,,0,0,0,1
1,9,3,1,6,75,FRANCE,ILE-DE-FRANCE,010,75010,PARIS,RUE FRANCIS JAMMES ,112399,0,4,VC,,2,2,1009,0,0,1,,,,1,,,,,
1,9,4,1,7,75,FRANCE,ILE-DE-FRANCE,016,75016,PARIS,MOULINS ROUTE,112418,0,4,VC,,2,2,1009,0,0,1,,,,1,,0,0,1,0
1,9,4,2,1,75,FRANCE,ILE-DE-FRANCE,011,75011,PARIS,AVENUE REPUBLIQUE,112448,0,4,VC,,2,4,1009,0,0,1,,,,1,7,0,0,1,0
1,9,3,2,2,75,FRANCE,ILE-DE-FRANCE,019,75019,PARIS,PLACE AUGUSTE BARON,112451,0,4,VC,,1,4,1009,0,0,1,,,,1,7,0,0,1,0
5,9,3,2,6,75,FRANCE,ILE-DE-FRANCE,001,75001,PARIS,PLACE ANDRE MALRAUX ,112453,0,4,VC,,2,4,1009,0,0,1,,,,1,7,0,0,1,0
1,9,1,1,3,75,FRANCE,ILE-DE-FRANCE,013,75013,PARIS,PLACE VALHUBERT ,112454,0,4,VC,,1,3,3009,1,0,1,,,,1,10,0,0,1,0
1,9,1,8,6,75,FRANCE,ILE-DE-FRANCE,014,75014,PARIS,BOULEVARD JOURDAN,112467,0,4,VC,,2,4,2403,22,0,1,,,,1,,,,,
1,9,1,1,6,75,FRANCE,ILE-DE-FRANCE,020,75020,PARIS,RUE BELLEVILLE,112489,0,4,VC,,2,4,2009,62,0,1,,,,1,7,0,0,1,0
1,9,1,2,3,75,FRANCE,ILE-DE-FRANCE,020,75020,PARIS,AVENUE GAMBETTA,112498,0,4,VC,,2,2,2009,4,0,1,,,,1,7,0,0,1,0
1,9,1,1,3,75,FRANCE,ILE-DE-FRANCE,016,75016,PARIS,AVENUE GEORGES LAFONT ,112517,0,4,VC,,2,4,2009,0,0,1,,,,1,7,0,0,1,0
1,9,2,1,3,75,FRANCE,ILE-DE-FRANCE,003,75003,PARIS,RUE REAUMUR,112528,0,4,VC,,1,3,1009,0,0,1,,,,1,4,0,0,1,0
5,9,1,1,6,75,FRANCE,ILE-DE-FRANCE,006,75006,PARIS,BOULEVARD SAINT MICHEL,112532,0,4,VC,,1,3,2101,6,3,1,,,,1,18,0,0,0,1
1,9,1,1,6,75,FRANCE,ILE-DE-FRANCE,004,75004,PARIS,RUE TURENNE,112604,0,4,VC,,1,2,2009,14,0,1,,,,1,,0,0,0,1
1,9,3,1,6,75,FRANCE,ILE-DE-FRANCE,009,75009,PARIS,RUE HALEVY,112613,0,4,VC,,1,2,1009,0,0,1,,,,1,,0,0,0,1
1,9,1,1,7,75,FRANCE,ILE-DE-FRANCE,003,75003,PARIS,RUE FRANCS BOURGEOIS ,112629,0,4,VC,,1,2,2009,52,0,1,,,,1,,0,0,1,0
1,9,2,1,2,75,FRANCE,ILE-DE-FRANCE,011,75011,PARIS,AVENUE REPUBLIQUE,112633,0,4,VC,,2,4,1009,0,0,1,,,,1,7,0,0,1,0
1,9,2,1,3,75,FRANCE,ILE-DE-FRANCE,013,75013,PARIS,AUSTERLITZ QUAI,112635,0,4,VC,,2,4,1009,0,0,1,,,,1,7,0,0,1,0
1,9,2,1,3,75,FRANCE,ILE-DE-FRANCE,018,75018,PARIS,PLACE CHAPELLE ,112652,0,4,VC,,2,2,1009,0,0,1,,,,1,18,0,0,1,0
1,9,3,1,7,75,FRANCE,ILE-DE-FRANCE,008,75008,PARIS,AVENUE CHAMPS ELYSEES ,112663,0,4,VC,,2,8,1009,0,0,1,,,,1,,0,0,1,0
5,9,1,1,3,75,FRANCE,ILE-DE-FRANCE,011,75011,PARIS,BOULEVARD VOLTAIRE,112721,0,4,VC,,2,4,2009,216,0,1,,,,1,7,0,0,1,0
1,9,3,1,7,75,FRANCE,ILE-DE-FRANCE,014,75014,PARIS,AVENUE DU GENERAL LECLERC,112722,0,4,VC,,2,4,1009,0,0,1,,,,1,,0,0,1,0
1,9,1,1,3,75,FRANCE,ILE-DE-FRANCE,004,75004,PARIS,RUE RAMBUTEAU ,112742,0,4,VC,,1,1,2009,18,0,1,,,,1,18,0,0,1,1
1,9,1,1,6,75,FRANCE,ILE-DE-FRANCE,004,75004,PARIS,BOULEVARD BEAUMARCHAIS,112751,0,4,VC,,2,2,2009,2,0,1,,,,1,2,0,0,0,1
1,9,3,1,3,75,FRANCE,ILE-DE-FRANCE,006,75006,PARIS,BOULEVARD SAINT MICHEL,112753,0,4,VC,,2,4,1001,0,3,1,,,,1,18,0,0,1,0
1,9,3,1,6,75,FRANCE,ILE-DE-FRANCE,011,75011,PARIS,PLACE REPUBLIQUE,112774,0,4,VC,,1,2,1009,0,0,1,,,,1,7,0,0,1,0
1,9,4,1,6,75,FRANCE,ILE-DE-FRANCE,008,75008,PARIS,BOULEVARD HAUSSMANN,112780,0,4,VC,,1,5,1009,0,0,1,,,,1,,0,0,0,1
1,9,1,1,7,75,FRANCE,ILE-DE-FRANCE,016,75016,PARIS,TRIBUNES ROUTE,112792,0,4,VC,,2,2,2009,2,0,1,,,,1,,0,0,1,0
1,9,1,1,3,75,FRANCE,ILE-DE-FRANCE,008,75008,PARIS,AVENUE CHAMPS ELYSEES ,112828,0,4,VC,,1,6,2009,144,0,1,,,,1,7,0,0,1,0
1,9,1,1,3,75,FRANCE,ILE-DE-FRANCE,019,75019,PARIS,AVENUE LAUMIERE ,112841,0,4,VC,,2,3,2009,16,1,5,,,,1,7,0,0,1,0
1,9,1,1,6,75,FRANCE,ILE-DE-FRANCE,013,75013,PARIS,AVENUE GOBELINS ,112846,0,4,VC,,2,3,2009,68,0,1,,,,1,,0,0,1,0
1,9,1,1,6,75,FRANCE,ILE-DE-FRANCE,016,75016,PARIS,CHEMIN DE CEINTURE DU LAC SUPERIEUR,112859,0,4,VC,,2,2,2009,0,0,1,,,,1,,0,0,1,0
1,9,2,1,3,75,FRANCE,ILE-DE-FRANCE,017,75017,PARIS,PLACE STUART MERRILL ,112862,0,4,VC,,2,2,1009,0,0,1,,,,1,7,0,0,1,0
1,9,2,1,3,75,FRANCE,ILE-DE-FRANCE,008,75008,PARIS,RUE LISBONNE ,112866,0,4,VC,,1,2,1009,0,0,1,,,,1,7,0,0,1,0
1,9,1,1,3,75,FRANCE,ILE-DE-FRANCE,004,75004,PARIS,RUE RIVOLI ,112871,0,4,VC,,1,3,2101,38,3,1,,,,1,7,0,0,1,0
1,9,4,1,3,75,FRANCE,ILE-DE-FRANCE,006,75006,PARIS,PLACE DIX HUIT JUIN 1940 ,112876,0,4,VC,,2,4,1001,0,3,1,,,,1,18,0,0,1,0
1,9,2,1,3,75,FRANCE,ILE-DE-FRANCE,011,75011,PARIS,RUE JEAN PIERRE TIMBAUD,112878,0,4,VC,,1,2,1009,0,0,1,,,,1,7,0,0,1,0