lum,agg,int,atm,col,dep_bis,pays,region,com_bis,com_codeINSEE,communes,N_voie,numac,infra,catr,type_route,voie,circ,nbv,pr,pr1,vosp,situ,lat,long,adr,accident_velo,vehicule_imp,cycl_mort,cycl_bgv,cycl_blg,cycl_indm
1,9,2,1,6,75,FRANCE,ILE-DE-FRANCE,015,75015,PARIS,RUE CONVENTION ,112907,0,4,VC,,2,4,1009,0,0,1,,,,1,,0,0,0,1
1,9,4,1,3,75,FRANCE,ILE-DE-FRANCE,017,75017,PARIS,AVENUE CLICHY ,112920,0,4,VC,,2,4,1009,0,0,1,,,,1,10,0,0,1,0
1,9,1,1,3,75,FRANCE,ILE-DE-FRANCE,001,75001,PARIS,TUILERIES QUAI,112924,0,4,VC,,1,3,2101,0,3,1,,,,1,18,0,0,1,0
1,9,2,1,3,75,FRANCE,ILE-DE-FRANCE,007,75007,PARIS,AVENUE MARECHAL GALLIENI,112932,0,4,VC,,2,2,1009,0,0,1,,,,1,7,0,0,1,0
5,9,3,1,3,75,FRANCE,ILE-DE-FRANCE,013,75013,PARIS,AVENUE GOBELINS ,113035,0,4,VC,,2,6,1009,0,0,1,,,,1,7,0,0,1,0
1,9,2,1,3,75,FRANCE,ILE-DE-FRANCE,007,75007,PARIS,BOULEVARD RASPAIL,113047,0,4,VC,,2,2,1009,0,0,1,,,,1,7,0,0,1,0
1,9,1,1,6,75,FRANCE,ILE-DE-FRANCE,017,75017,PARIS,RUE LA JONQUIERE ,113056,0,4,VC,,1,1,2009,30,0,1,,,,1,,0,0,1,0
1,9,1,1,2,75,FRANCE,ILE-DE-FRANCE,016,75016,PARIS,RUE PIERRE GUERIN ,113061,0,4,VC,,1,1,2009,26,0,1,,,,1,7,0,0,1,0
1,9,1,1,6,75,FRANCE,ILE-DE-FRANCE,010,75010,PARIS,BOULEVARD MAGENTA,113075,0,4,VC,,2,4,2009,52,1,1,,,,1,,0,0,0,1
1,9,1,1,3,75,FRANCE,ILE-DE-FRANCE,015,75015,PARIS,BOULEVARD GENERAL MARTIAL VALIN ,113088,0,4,VC,,2,4,2403,33,1,1,,,,1,14,0,0,1,0
1,9,2,1,3,75,FRANCE,ILE-DE-FRANCE,017,75017,PARIS,AVENUE TERNES ,113092,0,4,VC,,2,2,1009,0,0,1,,,,1,14,0,0,1,0
1,9,1,1,3,75,FRANCE,ILE-DE-FRANCE,018,75018,PARIS,AVENUE SAINT OUEN ,113119,0,4,VC,,2,2,2101,120,3,1,,,,1,7,0,0,1,0
1,9,1,2,6,75,FRANCE,ILE-DE-FRANCE,006,75006,PARIS,RUE ASSAS ,113143,0,4,VC,,2,4,2009,64,0,1,,,,1,,0,0,0,1
5,9,2,1,3,75,FRANCE,ILE-DE-FRANCE,014,75014,PARIS,RUE ALESIA ,113168,0,4,VC,,2,2,1009,0,0,1,,,,1,7,0,0,1,0
5,9,2,1,3,75,FRANCE,ILE-DE-FRANCE,017,75017,PARIS,AVENUE MAC MAHON ,113194,0,4,VC,,2,2,1009,0,0,1,,,,1,7,0,0,1,0
1,9,2,1,3,75,FRANCE,ILE-DE-FRANCE,005,75005,PARIS,RUE CLAUDE BERNARD,113201,0,4,VC,,2,2,1009,0,0,1,,,,1,7,0,0,1,0
1,9,1,1,2,75,FRANCE,ILE-DE-FRANCE,020,75020,PARIS,BOULEVARD BELLEVILLE ,113208,0,4,VC,,2,2,2009,64,0,1,,,,1,7,0,0,1,0
5,9,1,1,3,75,FRANCE,ILE-DE-FRANCE,019,75019,PARIS,AVENUE SIMON BOLIVAR,113241,0,4,VC,,2,2,2009,24,0,1,,,,1,7,0,0,1,1
1,9,1,1,2,75,FRANCE,ILE-DE-FRANCE,017,75017,PARIS,BOULEVARD PEREIRE,113252,0,4,VC,,2,2,2009,5,0,1,,,,1,7,0,0,1,0
1,9,1,1,6,75,FRANCE,ILE-DE-FRANCE,010,75010,PARIS,RUE CHATEAU D'EAU ,113261,0,4,VC,,2,3,2009,56,1,5,,,,1,,0,0,0,1
1,9,2,1,3,75,FRANCE,ILE-DE-FRANCE,016,75016,PARIS,RUE DEBROUSSE ,113263,0,4,VC,,2,2,1009,0,0,1,,,,1,7,0,0,1,0
1,9,2,1,2,75,FRANCE,ILE-DE-FRANCE,014,75014,PARIS,AVENUE MAINE ,113273,0,4,VC,,2,4,1009,0,3,1,,,,1,7,0,0,1,0
1,9,1,1,2,75,FRANCE,ILE-DE-FRANCE,017,75017,PARIS,RUE POUCHET ,113289,0,4,VC,,1,2,2009,92,0,1,,,,1,5,0,0,1,0
1,9,2,1,3,75,FRANCE,ILE-DE-FRANCE,013,75013,PARIS,RUE JAVELOT ,113300,0,4,VC,,1,1,1009,0,0,1,,,,1,7,0,0,1,0
1,9,1,2,7,75,FRANCE,ILE-DE-FRANCE,010,75010,PARIS,BOULEVARD MAGENTA,113329,0,4,VC,,2,2,2308,84,1,4,,,,1,,0,0,1,0
5,9,1,1,7,75,FRANCE,ILE-DE-FRANCE,017,75017,PARIS,PLACE MARECHAL JUIN ,113340,0,4,VC,,1,2,3009,8,0,1,,,,1,,0,0,1,0
1,9,1,1,6,75,FRANCE,ILE-DE-FRANCE,005,75005,PARIS,RUE HENRI BARBUSSE,113344,0,4,VC,,1,1,2009,38,0,1,,,,1,,0,0,1,0
1,9,2,1,3,75,FRANCE,ILE-DE-FRANCE,001,75001,PARIS,RUE ECHELLE ,113374,0,4,VC,,2,3,1009,0,0,1,,,,1,7,0,0,1,0
1,9,2,1,2,75,FRANCE,ILE-DE-FRANCE,010,75010,PARIS,BOULEVARD MAGENTA,113380,0,4,VC,,1,4,1009,0,1,1,,,,1,2,0,0,1,0
1,9,1,1,3,75,FRANCE,ILE-DE-FRANCE,017,75017,PARIS,AVENUE GRANDE ARMEE ,113410,0,4,VC,,2,8,1009,26,0,1,,,,1,7,0,0,1,0
1,9,1,1,4,75,FRANCE,ILE-DE-FRANCE,010,75010,PARIS,RUE FAUBOURG SAINT DENIS ,113416,0,4,VC,,1,1,2009,86,0,1,,,,1,7,0,0,1,0
1,9,2,1,3,75,FRANCE,ILE-DE-FRANCE,011,75011,PARIS,RUE CHARONNE ,113425,0,4,VC,,2,2,1009,0,0,1,,,,1,7,0,0,1,0
1,9,2,1,3,75,FRANCE,ILE-DE-FRANCE,012,75012,PARIS,AVENUE COURTELINE ,113448,0,4,VC,,2,2,1803,0,0,1,,,,1,7,0,0,1,0
1,9,3,1,6,75,FRANCE,ILE-DE-FRANCE,017,75017,PARIS,RUE CARDINET,113462,0,4,VC,,1,2,1009,0,0,1,,,,1,,0,0,0,1
2,9,1,1,3,75,FRANCE,ILE-DE-FRANCE,019,75019,PARIS,AVENUE JEAN JAURES,113467,0,4,VC,,2,3,2009,179,1,1,,,,1,7,0,0,1,0
1,9,3,1,3,75,FRANCE,ILE-DE-FRANCE,018,75018,PARIS,RUE MARCADET,113469,0,4,VC,,2,2,1009,0,0,1,,,,1,10,0,0,1,0
1,9,1,1,3,75,FRANCE,ILE-DE-FRANCE,010,75010,PARIS,RUE PHILIPPE DE GIRARD ,113477,0,4,VC,,1,2,2009,10,0,1,,,,1,7,0,0,1,0
1,9,2,8,3,75,FRANCE,ILE-DE-FRANCE,011,75011,PARIS,RUE MORVAN ,113510,0,4,VC,,1,2,1009,0,0,1,,,,1,7,0,0,1,0
1,9,2,1,3,75,FRANCE,ILE-DE-FRANCE,013,75013,PARIS,RUE TOLBIAC ,113511,0,4,VC,,2,3,1009,0,0,1,,,,1,5,0,0,0,1
1,9,1,1,3,75,FRANCE,ILE-DE-FRANCE,020,75020,PARIS,BOULEVARD CHARONNE ,113521,0,4,VC,,2,4,2009,56,1,1,,,,1,7,0,0,1,0
1,9,1,1,6,75,FRANCE,ILE-DE-FRANCE,006,75006,PARIS,RUE DE L'ECOLE DE MEDECINE ,113531,0,4,VC,,1,1,2009,2,0,1,,,,1,,0,0,0,1
1,9,1,1,3,75,FRANCE,ILE-DE-FRANCE,007,75007,PARIS,RUE CONSTANTINE,113567,0,4,VC,,1,2,2009,19,1,1,,,,1,7,0,0,1,0
1,9,3,1,3,75,FRANCE,ILE-DE-FRANCE,012,75012,PARIS,RUE EDOUARD LARTET ,113568,0,4,VC,,1,2,1009,0,0,1,,,,1,7,0,0,1,0
1,9,1,1,2,75,FRANCE,ILE-DE-FRANCE,016,75016,PARIS,AVENUE PAUL DOUMER,113584,0,4,VC,,2,2,2009,76,0,1,,,,1,10,0,0,1,0
1,9,2,1,3,75,FRANCE,ILE-DE-FRANCE,018,75018,PARIS,RUE DUC ,113596,0,4,VC,,1,1,1009,0,0,1,,,,1,7,0,0,1,0
1,9,3,1,6,75,FRANCE,ILE-DE-FRANCE,001,75001,PARIS,RUE RIVOLI ,113601,0,4,VC,,1,3,1009,0,0,1,,,,1,,0,0,0,1
1,9,2,1,6,75,FRANCE,ILE-DE-FRANCE,013,75013,PARIS,AVENUE GOBELINS ,113602,0,4,VC,,2,2,1009,0,0,1,,,,1,,0,0,0,1
5,9,3,1,3,75,FRANCE,ILE-DE-FRANCE,007,75007,PARIS,PONT ROYAL,113603,0,4,VC,,2,2,1009,0,0,1,,,,1,5,0,0,0,1
1,9,1,1,6,75,FRANCE,ILE-DE-FRANCE,015,75015,PARIS,RUE LECOURBE,113610,0,4,VC,,1,3,2101,28,3,1,,,,1,,0,0,1,0
5,9,2,1,3,75,FRANCE,ILE-DE-FRANCE,011,75011,PARIS,RUE AMELOT,113613,0,4,VC,,1,2,1009,0,0,1,,,,1,7,0,0,1,0
1,9,1,1,3,75,FRANCE,ILE-DE-FRANCE,001,75001,PARIS,RUE RIVOLI ,113617,0,4,VC,,1,3,2101,108,3,1,,,,1,18,0,0,1,0
1,9,1,1,3,75,FRANCE,ILE-DE-FRANCE,018,75018,PARIS,BOULEVARD CHAPELLE ,113620,0,4,VC,,2,2,2009,18,1,1,,,,1,14,0,0,1,0
1,9,1,1,7,75,FRANCE,ILE-DE-FRANCE,012,75012,PARIS,FALUERE ROUTE,113624,0,4,VC,,1,2,2009,0,2,1,,,,1,,0,0,1,0
1,9,1,1,3,75,FRANCE,ILE-DE-FRANCE,011,75011,PARIS,RUE CHARONNE ,113630,0,4,VC,,2,2,2009,130,0,1,,,,1,2,0,0,1,0
1,9,1,1,3,75,FRANCE,ILE-DE-FRANCE,012,75012,PARIS,AVENUE GENERAL MICHEL BIZOT ,113631,0,4,VC,,2,2,2009,108,0,1,,,,1,7,0,0,1,0
1,9,2,1,3,75,FRANCE,ILE-DE-FRANCE,004,75004,PARIS,PONT CHANGE,113659,0,4,VC,,2,4,1001,0,3,1,,,,1,2,0,0,1,0
1,9,3,1,3,75,FRANCE,ILE-DE-FRANCE,009,75009,PARIS,RUE CHORON ,113664,0,4,VC,,1,1,1009,0,0,1,,,,1,7,0,0,1,0
1,9,3,1,3,75,FRANCE,ILE-DE-FRANCE,012,75012,PARIS,ESPLANADE SAINT LOUIS,113667,0,4,VC,,1,4,1009,0,0,1,,,,1,7,0,0,1,0
1,9,2,1,6,75,FRANCE,ILE-DE-FRANCE,016,75016,PARIS,PLACE PIERRE BRISSON ,113673,0,4,VC,,2,2,1009,0,0,1,,,,1,,0,0,0,1
1,9,4,1,3,75,FRANCE,ILE-DE-FRANCE,011,75011,PARIS,RUE RICHARD LENOIR ,113680,0,4,VC,,1,1,1009,0,0,1,,,,1,14,0,0,1,0
1,9,2,1,7,75,FRANCE,ILE-DE-FRANCE,011,75011,PARIS,RUE SAINT SABIN,113681,0,4,VC,,1,1,1009,0,0,1,,,,1,,0,0,1,0
1,9,3,1,6,75,FRANCE,ILE-DE-FRANCE,011,75011,PARIS,RUE FONTAINE AU ROI ,113706,0,4,VC,,1,1,1009,0,0,1,,,,1,,0,0,0,1
1,9,4,1,3,75,FRANCE,ILE-DE-FRANCE,012,75012,PARIS,AVENUE NOGENT ,113707,0,4,VC,,2,2,1009,0,0,1,,,,1,7,0,0,1,0
5,9,1,1,3,75,FRANCE,ILE-DE-FRANCE,015,75015,PARIS,AVENUE LA MOTTE PICQUET ,113722,0,4,VC,,2,2,2009,60,0,1,,,,1,7,0,0,1,0
1,9,4,1,3,75,FRANCE,ILE-DE-FRANCE,018,75018,PARIS,RUE EUGENE CARRIERE ,113725,0,4,VC,,1,2,1009,0,0,1,,,,1,7,0,0,1,0
1,9,1,1,3,75,FRANCE,ILE-DE-FRANCE,016,75016,PARIS,ALLEE DES FORTIFICATIONS,113726,0,4,VC,,2,2,2009,0,0,1,,,,1,7,0,0,1,0
1,9,2,1,3,75,FRANCE,ILE-DE-FRANCE,016,75016,PARIS,AVENUE GRANDE ARMEE ,113728,0,4,VC,,2,8,1009,0,0,1,,,,1,7,0,0,1,0
1,9,3,1,3,75,FRANCE,ILE-DE-FRANCE,013,75013,PARIS,AVENUE CHOISY ,113736,0,4,VC,,2,2,1009,0,0,1,,,,1,7,0,0,1,0
1,9,1,1,6,75,FRANCE,ILE-DE-FRANCE,017,75017,PARIS,AVENUE SAINT OUEN ,113750,0,4,VC,,2,4,2009,132,0,1,,,,1,,0,0,0,1
1,9,2,1,3,75,FRANCE,ILE-DE-FRANCE,008,75008,PARIS,RUE CHAUVEAU LAGARDE ,113754,0,4,VC,,2,4,1009,0,0,1,,,,1,2,0,0,1,0
1,9,3,1,6,75,FRANCE,ILE-DE-FRANCE,011,75011,PARIS,RUE CHARONNE ,113759,0,4,VC,,1,3,2101,0,0,1,,,,1,,0,0,0,1
1,9,3,1,3,75,FRANCE,ILE-DE-FRANCE,008,75008,PARIS,BOULEVARD MALESHERBES,113760,0,4,VC,,2,4,1009,0,0,1,,,,1,7,0,0,1,0
1,9,1,1,3,75,FRANCE,ILE-DE-FRANCE,001,75001,PARIS,RUE LOUVRE ,113767,0,4,VC,,2,2,2101,40,0,1,,,,1,14,0,0,1,0
1,9,1,1,7,75,FRANCE,ILE-DE-FRANCE,005,75005,PARIS,TOURNELLE QUAI,113772,0,4,VC,,1,3,2009,47,1,1,,,,1,,0,0,1,0
1,9,1,1,3,75,FRANCE,ILE-DE-FRANCE,005,75005,PARIS,RUE GEOFFROY SAINT HILAIRE ,113775,0,4,VC,,1,2,2009,0,0,1,,,,1,10,0,0,1,0
1,9,3,1,3,75,FRANCE,ILE-DE-FRANCE,010,75010,PARIS,ALLEE CANAL,113778,0,4,VC,,1,1,1009,0,0,1,,,,1,7,0,0,1,0
1,9,2,1,6,75,FRANCE,ILE-DE-FRANCE,011,75011,PARIS,BOULEVARD RICHARD LENOIR,113779,0,4,VC,,3,2,1009,0,0,1,,,,1,,0,0,0,1
1,9,3,1,3,75,FRANCE,ILE-DE-FRANCE,019,75019,PARIS,RUE AUBERVILLIERS ,113781,0,4,VC,,1,2,1009,0,0,1,,,,1,7,0,0,1,0
1,9,3,1,3,75,FRANCE,ILE-DE-FRANCE,013,75013,PARIS,BOULEVARD HOPITAL ,113798,0,4,VC,,2,6,1001,0,3,1,,,,1,7,0,0,1,0
1,9,4,1,2,75,FRANCE,ILE-DE-FRANCE,012,75012,PARIS,PYRAMIDE CAR,113836,0,4,VC,,2,2,1009,0,0,1,,,,1,,0,0,0,1
1,9,1,1,7,75,FRANCE,ILE-DE-FRANCE,020,75020,PARIS,BOULEVARD DAVOUT ,113856,0,4,VC,,2,4,2101,112,3,1,,,,1,,0,0,1,0
1,9,1,1,6,75,FRANCE,ILE-DE-FRANCE,018,75018,PARIS,RUE TRISTAN TZARA ,113860,0,4,VC,,1,1,2308,0,0,4,,,,1,,0,0,0,1
1,9,1,1,3,75,FRANCE,ILE-DE-FRANCE,019,75019,PARIS,AVENUE FLANDRE ,113892,0,4,VC,,3,2,2009,46,0,1,,,,1,7,0,0,1,0
1,9,1,1,7,75,FRANCE,ILE-DE-FRANCE,008,75008,PARIS,ALBERT 1ER CRS,113899,0,4,VC,,2,4,2009,0,0,1,,,,1,,0,0,1,0
1,9,1,1,3,75,FRANCE,ILE-DE-FRANCE,007,75007,PARIS,RUE BABYLONE ,113903,0,4,VC,,1,1,2009,10,0,1,,,,1,7,0,0,1,0
1,9,1,1,3,75,FRANCE,ILE-DE-FRANCE,015,75015,PARIS,RUE BRANCION,113908,0,4,VC,,1,1,1009,68,0,1,,,,1,7,0,0,1,0
1,9,1,1,3,75,FRANCE,ILE-DE-FRANCE,018,75018,PARIS,BOULEVARD CHAPELLE ,113913,0,4,VC,,2,4,2009,12,1,1,,,,1,14,0,0,1,0
1,9,1,1,7,75,FRANCE,ILE-DE-FRANCE,015,75015,PARIS,JAVEL PRT,113926,0,4,VC,,1,1,2009,0,0,1,,,,1,,0,0,1,0
1,9,3,1,2,75,FRANCE,ILE-DE-FRANCE,016,75016,PARIS,AVENUE IENA ,113932,0,4,VC,,2,4,1009,0,0,1,,,,1,7,0,0,1,0
1,9,1,1,3,75,FRANCE,ILE-DE-FRANCE,003,75003,PARIS,RUE ARCHIVES ,113938,0,4,VC,,1,2,2308,74,0,4,,,,1,10,0,0,1,0
1,9,3,1,2,75,FRANCE,ILE-DE-FRANCE,007,75007,PARIS,RUE BOURGOGNE ,113940,0,4,VC,,1,1,1009,0,0,1,,,,1,7,0,0,1,0
1,9,1,1,1,75,FRANCE,ILE-DE-FRANCE,005,75005,PARIS,QUAI SAINT BERNARD,113953,0,4,VC,,2,2,2009,12,0,1,,,,1,,0,0,1,0
1,9,1,1,7,75,FRANCE,ILE-DE-FRANCE,019,75019,PARIS,AVENUE FLANDRE ,113979,0,4,VC,,1,2,2101,44,3,1,,,,1,,0,0,1,0
1,9,2,1,3,75,FRANCE,ILE-DE-FRANCE,005,75005,PARIS,RUE ECOLES ,113988,0,4,VC,,1,4,1009,0,0,1,,,,1,18,0,0,1,0
1,9,1,1,3,75,FRANCE,ILE-DE-FRANCE,005,75005,PARIS,RUE GEOFFROY SAINT HILAIRE ,113989,0,4,VC,,1,2,2009,28,0,1,,,,1,10,0,0,1,0
1,9,4,1,3,75,FRANCE,ILE-DE-FRANCE,003,75003,PARIS,RUE SAINTONGE,114022,0,4,VC,,1,4,1009,0,0,1,,,,1,7,0,0,1,0
1,9,2,1,3,75,FRANCE,ILE-DE-FRANCE,001,75001,PARIS,RUE RICHELIEU ,114045,0,4,VC,,2,3,1001,0,3,1,,,,1,7,0,0,1,0
1,9,4,1,6,75,FRANCE,ILE-DE-FRANCE,011,75011,PARIS,RUE BOULLE ,114080,0,4,VC,,1,2,1009,0,0,1,,,,1,7,0,0,1,0
1,9,1,1,3,75,FRANCE,ILE-DE-FRANCE,013,75013,PARIS,RUE CHEVALERET ,114081,0,4,VC,,2,2,2009,134,0,1,,,,1,7,0,0,1,0
1,9,1,1,6,75,FRANCE,ILE-DE-FRANCE,017,75017,PARIS,RUE MOINES ,114082,0,4,VC,,1,1,2009,30,0,1,,,,1,,0,0,0,1
1,9,1,1,7,75,FRANCE,ILE-DE-FRANCE,005,75005,PARIS,BOULEVARD SAINT MICHEL,114084,0,4,VC,,1,3,2101,34,3,1,,,,1,,0,0,1,0
1,9,3,1,3,75,FRANCE,ILE-DE-FRANCE,004,75004,PARIS,RUE LOBAU ,114097,0,4,VC,,2,2,1009,0,0,1,,,,1,7,0,0,1,0
1,9,2,1,3,75,FRANCE,ILE-DE-FRANCE,017,75017,PARIS,RUE GALVANI ,114102,0,4,VC,,1,1,1009,0,0,1,,,,1,7,0,0,1,0
1,9,1,1,7,75,FRANCE,ILE-DE-FRANCE,018,75018,PARIS,RUE ORDENER,114119,0,4,VC,,2,3,2101,176,3,1,,,,1,,0,0,1,0
1,9,4,1,2,75,FRANCE,ILE-DE-FRANCE,003,75003,PARIS,RUE FILLES DU CALVAIRE ,114122,0,4,VC,,1,2,1009,0,0,1,,,,1,7,0,0,1,0
1,9,4,1,2,75,FRANCE,ILE-DE-FRANCE,010,75010,PARIS,RUE BOUCHARDON ,114133,0,4,VC,,1,1,1009,0,0,1,,,,1,10,0,0,1,0
1,9,1,1,3,75,FRANCE,ILE-DE-FRANCE,005,75005,PARIS,RUE ECOLES ,114156,0,4,VC,,2,3,2101,32,3,1,,,,1,7,0,0,1,0
1,9,1,1,3,75,FRANCE,ILE-DE-FRANCE,016,75016,PARIS,BOULEVARD ANDRE MAUROIS ,114169,0,4,VC,,2,2,2009,8,0,1,,,,1,7,0,0,1,0
1,9,1,1,7,75,FRANCE,ILE-DE-FRANCE,016,75016,PARIS,TRIBUNES ROUTE,114171,0,4,VC,,2,3,2009,0,0,1,,,,1,,0,0,1,0
1,9,2,1,6,75,FRANCE,ILE-DE-FRANCE,013,75013,PARIS,RUE CHATEAU DES RENTIERS ,114179,0,4,VC,,1,1,1009,0,0,1,,,,1,,0,0,0,1
1,9,1,1,3,75,FRANCE,ILE-DE-FRANCE,020,75020,PARIS,RUE PYRENEES ,114182,0,4,VC,,2,2,2009,196,0,1,,,,1,7,0,0,1,0
1,9,3,1,1,75,FRANCE,ILE-DE-FRANCE,020,75020,PARIS,RUE EUGENE REISZ ,114189,0,4,VC,,2,2,1009,0,0,1,,,,1,7,0,0,1,0
1,9,1,1,3,75,FRANCE,ILE-DE-FRANCE,011,75011,PARIS,RUE SAINT AMBROISE ,114190,0,4,VC,,1,1,2009,2,0,1,,,,1,7,0,0,1,0
1,9,1,1,6,75,FRANCE,ILE-DE-FRANCE,011,75011,PARIS,AVENUE REPUBLIQUE,114197,0,4,VC,,2,2,2009,10,0,1,,,,1,,0,0,0,1
1,9,1,1,7,75,FRANCE,ILE-DE-FRANCE,013,75013,PARIS,BOULEVARD VINCENT AURIOL,114202,0,4,VC,,2,4,2009,52,0,1,,,,1,,0,0,1,0
1,9,1,1,6,75,FRANCE,ILE-DE-FRANCE,015,75015,PARIS,RUE LECOURBE,114220,0,4,VC,,2,2,2101,76,3,1,,,,1,,0,0,1,0
5,9,2,1,3,75,FRANCE,ILE-DE-FRANCE,004,75004,PARIS,RUE MALHER,114224,0,4,VC,,1,1,1009,0,0,1,,,,1,7,0,0,1,0
1,9,2,1,3,75,FRANCE,ILE-DE-FRANCE,006,75006,PARIS,PLACE DIX HUIT JUIN 1940 ,114227,0,4,VC,,2,2,1009,0,0,1,,,,1,7,0,0,1,0
1,9,1,1,6,75,FRANCE,ILE-DE-FRANCE,011,75011,PARIS,BOULEVARD VOLTAIRE,114228,0,4,VC,,2,4,2009,102,0,1,,,,1,10,0,0,1,0
1,9,2,1,3,75,FRANCE,ILE-DE-FRANCE,002,75002,PARIS,BOULEVARD CAPUCINES ,114230,0,4,VC,,2,4,1009,0,0,1,,,,1,10,0,0,1,0
1,9,2,1,2,75,FRANCE,ILE-DE-FRANCE,019,75019,PARIS,AVENUE LAUMIERE ,114272,0,4,VC,,2,2,1009,0,0,1,,,,1,7,0,0,1,0
1,9,1,1,6,75,FRANCE,ILE-DE-FRANCE,016,75016,PARIS,PLACE PORTE DE SAINT CLOUD ,114281,0,4,VC,,1,2,3009,0,0,1,,,,1,7,0,0,1,0
1,9,2,1,3,75,FRANCE,ILE-DE-FRANCE,007,75007,PARIS,RUE ARISTIDE BRIAND,114289,0,4,VC,,2,2,1009,0,0,1,,,,1,10,0,0,1,0
1,9,2,1,3,75,FRANCE,ILE-DE-FRANCE,011,75011,PARIS,RUE RAMPON ,114294,0,4,VC,,2,2,1009,0,0,1,,,,1,7,0,0,1,0
1,9,1,8,7,75,FRANCE,ILE-DE-FRANCE,014,75014,PARIS,RUE ALESIA ,114303,0,4,VC,,2,3,2009,120,0,1,,,,1,,0,0,1,0
1,9,2,1,7,75,FRANCE,ILE-DE-FRANCE,017,75017,PARIS,BOULEVARD PEREIRE,114311,0,4,VC,,2,2,1009,0,0,1,,,,1,,0,0,1,0
1,9,1,1,7,75,FRANCE,ILE-DE-FRANCE,008,75008,PARIS,AVENUE MARIGNY ,114327,0,4,VC,,2,2,2009,7,0,1,,,,1,,0,0,1,0
1,9,2,1,3,75,FRANCE,ILE-DE-FRANCE,010,75010,PARIS,BOULEVARD SAINT DENIS,114339,0,4,VC,,1,2,1009,0,0,1,,,,1,2,0,0,1,0
1,9,1,1,3,75,FRANCE,ILE-DE-FRANCE,010,75010,PARIS,RUE AQUEDUC ,114346,0,4,VC,,1,2,2009,82,0,1,,,,1,7,0,0,1,0
1,9,2,1,3,75,FRANCE,ILE-DE-FRANCE,017,75017,PARIS,BOULEVARD GOUVION SAINT CYR ,114362,0,4,VC,,2,4,1803,0,0,1,,,,1,7,0,0,1,0
1,9,1,1,6,75,FRANCE,ILE-DE-FRANCE,020,75020,PARIS,RUE HAIES ,114382,0,4,VC,,1,2,2009,18,0,1,,,,1,,0,0,0,1
1,9,1,1,3,75,FRANCE,ILE-DE-FRANCE,011,75011,PARIS,BOULEVARD VOLTAIRE,114384,0,4,VC,,2,2,2009,6,0,1,,,,1,7,0,0,1,0
1,9,2,1,7,75,FRANCE,ILE-DE-FRANCE,004,75004,PARIS,RUE DEUX PONTS ,114387,0,4,VC,,1,1,1009,0,0,1,,,,1,,0,0,1,0
1,9,1,1,3,75,FRANCE,ILE-DE-FRANCE,004,75004,PARIS,RUE RENARD ,114388,0,4,VC,,1,2,2009,8,0,1,,,,1,7,0,0,1,0
5,9,1,1,2,75,FRANCE,ILE-DE-FRANCE,011,75011,PARIS,BOULEVARD VOLTAIRE,114389,0,4,VC,,2,4,2009,226,0,1,,,,1,7,0,0,1,0
1,9,1,1,6,75,FRANCE,ILE-DE-FRANCE,013,75013,PARIS,BOULEVARD MASSENA,114396,0,4,VC,,2,4,2401,0,3,1,,,,1,,0,0,1,0
1,9,2,1,3,75,FRANCE,ILE-DE-FRANCE,011,75011,PARIS,RUE FAUBOURG SAINT ANTOINE ,114405,0,4,VC,,2,4,1009,0,0,1,,,,1,7,0,0,1,0
1,9,2,1,3,75,FRANCE,ILE-DE-FRANCE,015,75015,PARIS,QUAI ANDRE CITROEN,114421,0,4,VC,,2,2,1009,0,0,1,,,,1,14,0,0,1,0
5,9,2,1,2,75,FRANCE,ILE-DE-FRANCE,019,75019,PARIS,BOULEVARD INDOCHINE ,114442,0,4,VC,,2,2,1009,0,0,1,,,,1,7,0,0,1,0
1,9,1,1,3,75,FRANCE,ILE-DE-FRANCE,013,75013,PARIS,BOULEVARD VINCENT AURIOL,114450,0,4,VC,,2,4,2101,181,3,1,,,,1,18,0,0,1,0
1,9,2,1,4,75,FRANCE,ILE-DE-FRANCE,012,75012,PARIS,AVENUE DAUMESNIL,114459,0,4,VC,,2,2,1009,0,0,1,,,,1,7,0,0,1,0
1,9,1,1,3,75,FRANCE,ILE-DE-FRANCE,012,75012,PARIS,AVENUE SAINT MANDE ,114461,0,4,VC,,2,3,2009,80,1,5,,,,1,7,0,0,1,0
1,9,1,1,3,75,FRANCE,ILE-DE-FRANCE,003,75003,PARIS,RUE SAINT MARTIN,114484,0,4,VC,,2,3,2101,320,3,1,,,,1,10,0,0,1,0
1,9,3,1,6,75,FRANCE,ILE-DE-FRANCE,020,75020,PARIS,BOULEVARD DAVOUT ,114493,0,4,VC,,2,4,1031,0,3,1,,,,1,7,0,0,1,0
1,9,2,1,3,75,FRANCE,ILE-DE-FRANCE,015,75015,PARIS,AVENUE PORTE BRANCION ,114506,0,4,VC,,2,4,1109,0,0,1,,,,1,18,0,0,1,0
1,9,1,1,3,75,FRANCE,ILE-DE-FRANCE,015,75015,PARIS,RUE BALARD,114510,0,4,VC,,2,2,2009,64,0,1,,,,1,7,0,0,1,0
1,9,1,1,6,75,FRANCE,ILE-DE-FRANCE,019,75019,PARIS,RUE PETIT,114521,0,4,VC,,1,1,2009,8,0,1,,,,1,10,0,0,1,0
1,9,1,1,6,75,FRANCE,ILE-DE-FRANCE,017,75017,PARIS,BOULEVARD COURCELLES ,114539,0,4,VC,,2,4,2009,2,0,1,,,,1,,0,0,0,1
1,9,2,1,3,75,FRANCE,ILE-DE-FRANCE,009,75009,PARIS,PLACE BLANCHE ,114553,0,4,VC,,2,2,1009,0,1,1,,,,1,7,0,0,1,0