lum,agg,int,atm,col,dep_bis,pays,region,com_bis,com_codeINSEE,communes,N_voie,numac,infra,catr,type_route,voie,circ,nbv,pr,pr1,vosp,situ,lat,long,adr,accident_velo,vehicule_imp,cycl_mort,cycl_bgv,cycl_blg,cycl_indm
1,9,1,1,3,75,FRANCE,ILE-DE-FRANCE,013,75013,PARIS,RUE TOLBIAC ,114554,0,4,VC,,2,2,2009,226,0,1,,,,1,10,0,0,1,0
1,9,2,1,3,75,FRANCE,ILE-DE-FRANCE,003,75003,PARIS,RUE MICHEL LE COMONTEE ,114558,0,4,VC,,1,1,1009,0,0,1,,,,1,2,0,0,1,0
1,9,2,1,6,75,FRANCE,ILE-DE-FRANCE,011,75011,PARIS,RUE FRANCOIS DE NEUFCHATEAU ,114561,0,4,VC,,2,2,1009,0,0,1,,,,1,,0,0,0,1
1,9,1,1,6,75,FRANCE,ILE-DE-FRANCE,017,75017,PARIS,AVENUE NIEL,114564,0,4,VC,,2,2,2009,44,0,1,,,,1,18,0,0,1,0
5,9,1,1,3,75,FRANCE,ILE-DE-FRANCE,018,75018,PARIS,RUE CHAPELLE ,114566,0,4,VC,,2,4,2009,100,0,1,,,,1,7,0,0,1,0
1,9,2,1,3,75,FRANCE,ILE-DE-FRANCE,012,75012,PARIS,PONT BERCY,114571,0,4,VC,,1,1,1009,0,0,1,,,,1,10,0,0,1,0
1,9,1,1,3,75,FRANCE,ILE-DE-FRANCE,012,75012,PARIS,RUE CHAMBERTIN ,114573,0,4,VC,,2,4,2009,6,1,1,,,,1,7,0,0,1,0
1,9,2,1,3,75,FRANCE,ILE-DE-FRANCE,004,75004,PARIS,QUAI HENRI IV,114578,0,4,VC,,1,2,1009,0,1,1,,,,1,10,0,0,1,0
1,9,2,1,3,75,FRANCE,ILE-DE-FRANCE,001,75001,PARIS,RUE RIVOLI ,114592,0,4,VC,,1,5,1001,0,3,1,,,,1,7,0,0,1,0
1,9,3,2,6,75,FRANCE,ILE-DE-FRANCE,001,75001,PARIS,RUE ECHELLE ,114593,0,4,VC,,1,3,1001,0,0,1,,,,1,14,0,0,1,0
1,9,2,1,7,75,FRANCE,ILE-DE-FRANCE,020,75020,PARIS,RUE AVRON ,114603,0,4,VC,,2,4,1803,0,0,1,,,,1,,0,0,1,0
1,9,3,1,3,75,FRANCE,ILE-DE-FRANCE,017,75017,PARIS,AVENUE CLICHY ,114629,0,4,VC,,2,4,1009,0,0,1,,,,1,7,0,0,1,0
1,9,2,1,3,75,FRANCE,ILE-DE-FRANCE,014,75014,PARIS,BOULEVARD BRUNE,114632,0,4,VC,,2,4,1803,0,0,1,,,,1,7,0,0,1,0
1,9,1,1,3,75,FRANCE,ILE-DE-FRANCE,011,75011,PARIS,BOULEVARD TEMPLE ,114654,0,4,VC,,2,4,2009,34,0,1,,,,1,17,0,0,1,0
1,9,2,1,3,75,FRANCE,ILE-DE-FRANCE,018,75018,PARIS,RUE DAMREMONT,114673,0,4,VC,,2,2,1009,0,0,1,,,,1,7,0,0,1,0
2,9,1,1,3,75,FRANCE,ILE-DE-FRANCE,018,75018,PARIS,RUE AUBERVILLIERS ,114677,0,4,VC,,2,2,2009,12,0,1,,,,1,18,0,0,1,0
1,9,1,1,3,75,FRANCE,ILE-DE-FRANCE,006,75006,PARIS,RUE NOTRE DAME DES CHAMPS ,114691,0,4,VC,,2,1,2009,74,0,1,,,,1,7,0,0,1,0
1,9,1,2,3,75,FRANCE,ILE-DE-FRANCE,011,75011,PARIS,RUE COMMANDANT LAMY ,114699,0,4,VC,,1,1,2009,6,0,1,,,,1,7,0,0,1,0
1,9,1,1,4,75,FRANCE,ILE-DE-FRANCE,019,75019,PARIS,BOULEVARD VILLETTE ,114739,0,4,VC,,2,4,2009,66,0,1,,,,1,5,0,0,1,0
1,9,1,1,6,75,FRANCE,ILE-DE-FRANCE,011,75011,PARIS,AVENUE REPUBLIQUE,114748,0,4,VC,,2,4,2308,106,0,4,,,,1,,0,0,1,0
5,9,3,1,3,75,FRANCE,ILE-DE-FRANCE,003,75003,PARIS,RUE ARCHIVES ,114784,0,4,VC,,1,2,1009,0,0,1,,,,1,5,0,0,1,0
1,9,1,1,6,75,FRANCE,ILE-DE-FRANCE,017,75017,PARIS,AVENUE SAINT OUEN ,114788,0,4,VC,,2,3,2009,112,0,1,,,,1,7,0,0,1,0
1,9,3,1,6,75,FRANCE,ILE-DE-FRANCE,018,75018,PARIS,RUE CHAPELLE ,114800,0,4,VC,,2,2,1401,0,3,1,,,,1,,0,0,0,1
1,9,1,1,2,75,FRANCE,ILE-DE-FRANCE,013,75013,PARIS,RUE TOLBIAC ,114866,0,4,VC,,2,2,2009,46,0,1,,,,1,7,0,0,1,0
1,9,1,8,3,75,FRANCE,ILE-DE-FRANCE,015,75015,PARIS,RUE MADEMOISELLE ,114877,0,4,VC,,2,4,2009,2,0,1,,,,1,7,0,0,1,0
1,9,1,1,6,75,FRANCE,ILE-DE-FRANCE,004,75004,PARIS,RUE ARCHIVES ,114913,0,4,VC,,1,1,2009,2,0,1,,,,1,,0,0,1,0
1,9,1,1,3,75,FRANCE,ILE-DE-FRANCE,019,75019,PARIS,AVENUE FLANDRE ,114914,0,4,VC,,1,3,2101,12,3,1,,,,1,7,0,0,1,0
1,9,1,1,6,75,FRANCE,ILE-DE-FRANCE,010,75010,PARIS,RUE FAUBOURG SAINT DENIS ,114916,0,4,VC,,1,4,2009,36,1,5,,,,1,,0,0,0,1
5,9,2,1,3,75,FRANCE,ILE-DE-FRANCE,010,75010,PARIS,BOULEVARD MAGENTA,114917,0,4,VC,,2,4,1009,0,0,1,,,,1,5,0,0,0,1
1,9,2,1,3,75,FRANCE,ILE-DE-FRANCE,007,75007,PARIS,PONT CONCORDE,114928,2,4,VC,,2,8,1009,0,0,1,,,,1,5,0,0,0,1
1,9,1,1,3,75,FRANCE,ILE-DE-FRANCE,015,75015,PARIS,RUE BLOMET,114930,0,4,VC,,1,2,2009,116,0,1,,,,1,7,0,0,1,0
1,9,1,1,3,75,FRANCE,ILE-DE-FRANCE,013,75013,PARIS,BOULEVARD AUGUSTE BLANQUI,114941,0,4,VC,,1,3,2009,157,1,1,,,,1,7,0,0,1,0
1,9,1,1,6,75,FRANCE,ILE-DE-FRANCE,016,75016,PARIS,SURESNES ROUTE,114954,0,4,VC,,2,2,2009,0,0,1,,,,1,,0,0,1,0
1,9,2,1,3,75,FRANCE,ILE-DE-FRANCE,012,75012,PARIS,AVENUE DAUMESNIL,114963,0,4,VC,,2,4,1109,0,1,1,,,,1,5,0,0,1,0
1,9,1,1,3,75,FRANCE,ILE-DE-FRANCE,010,75010,PARIS,RUE ALIBERT ,114966,0,4,VC,,2,2,2009,0,0,1,,,,1,7,0,0,1,0
5,9,2,1,3,75,FRANCE,ILE-DE-FRANCE,015,75015,PARIS,RUE DE L'EGLISE,115016,0,4,VC,,2,2,1009,0,0,1,,,,1,7,0,0,1,0
1,9,2,1,2,75,FRANCE,ILE-DE-FRANCE,008,75008,PARIS,PLACE FRANCOIS 1ER ,115056,0,4,VC,,1,2,1009,0,0,1,,,,1,7,0,0,1,0
1,9,1,1,7,75,FRANCE,ILE-DE-FRANCE,013,75013,PARIS,BOULEVARD AUGUSTE BLANQUI,115064,0,4,VC,,1,2,2009,80,1,1,,,,1,,0,0,1,0
1,9,2,1,3,75,FRANCE,ILE-DE-FRANCE,013,75013,PARIS,GARE QUAI,115072,0,4,VC,,1,2,1009,0,0,1,,,,1,7,0,0,1,0
5,9,2,1,3,75,FRANCE,ILE-DE-FRANCE,007,75007,PARIS,AVENUE CHARLES FLOQUET,115076,0,4,VC,,1,1,1009,0,0,1,,,,1,7,0,0,1,0
1,9,2,1,3,75,FRANCE,ILE-DE-FRANCE,012,75012,PARIS,GERBE ROUTE,115077,0,4,VC,,2,2,1009,0,0,1,,,,1,7,0,0,1,0
1,9,3,1,3,75,FRANCE,ILE-DE-FRANCE,012,75012,PARIS,AVENUE DAUMESNIL,115078,0,4,VC,,2,4,1009,0,1,1,,,,1,7,0,0,1,0
1,9,4,1,2,75,FRANCE,ILE-DE-FRANCE,009,75009,PARIS,BOULEVARD CAPUCINES ,115087,0,4,VC,,2,4,1009,0,0,1,,,,1,7,0,0,1,0
1,9,2,1,6,75,FRANCE,ILE-DE-FRANCE,015,75015,PARIS,PLACE ALFRED SAUVY ,115096,0,4,VC,,1,1,1009,0,0,1,,,,1,,0,0,0,1
1,9,2,1,3,75,FRANCE,ILE-DE-FRANCE,011,75011,PARIS,RUE CHEMIN VERT ,115099,0,4,VC,,1,1,1009,0,0,1,,,,1,7,0,0,1,0
1,9,2,1,2,75,FRANCE,ILE-DE-FRANCE,011,75011,PARIS,RUE FAIDHERBE,115100,0,4,VC,,2,2,1009,0,0,1,,,,1,7,0,0,1,0
1,9,1,1,6,75,FRANCE,ILE-DE-FRANCE,018,75018,PARIS,BOULEVARD CLICHY ,115107,0,4,VC,,3,3,2009,49,1,1,,,,1,,0,0,0,1
1,9,3,1,7,75,FRANCE,ILE-DE-FRANCE,012,75012,PARIS,RUE COLONEL OUDOT ,115109,0,4,VC,,1,1,1009,0,0,1,,,,1,,0,0,1,0
1,9,1,1,2,75,FRANCE,ILE-DE-FRANCE,016,75016,PARIS,TRIBUNES ROUTE,115114,0,4,VC,,2,3,2009,0,1,1,,,,1,10,0,0,1,0
5,9,1,1,6,75,FRANCE,ILE-DE-FRANCE,008,75008,PARIS,RUE SAUSSAIES ,115117,0,4,VC,,1,1,2009,4,0,1,,,,1,7,0,0,1,0
1,9,3,1,3,75,FRANCE,ILE-DE-FRANCE,005,75005,PARIS,AVENUE GEORGES BERNANOS,115122,0,4,VC,,1,1,1001,0,3,1,,,,1,18,0,0,1,0
1,9,1,1,7,75,FRANCE,ILE-DE-FRANCE,016,75016,PARIS,AVENUE PRESIDENT KENNEDY ,115127,0,4,VC,,2,2,2009,116,0,1,,,,1,,0,0,1,0
5,9,1,1,2,75,FRANCE,ILE-DE-FRANCE,012,75012,PARIS,RUE REUILLY ,115131,0,4,VC,,2,4,2009,10,0,1,,,,1,4,0,0,1,0
1,9,2,1,3,75,FRANCE,ILE-DE-FRANCE,014,75014,PARIS,RUE ALESIA ,115132,0,4,VC,,2,2,1009,0,0,1,,,,1,18,0,0,1,0
5,9,1,1,7,75,FRANCE,ILE-DE-FRANCE,017,75017,PARIS,RUE JACQUES IBERT,115135,0,4,VC,,1,1,2308,33,0,4,,,,1,,0,0,1,0
1,9,1,1,3,75,FRANCE,ILE-DE-FRANCE,010,75010,PARIS,BOULEVARD MAGENTA,115149,0,4,VC,,2,4,2308,106,1,4,,,,1,10,0,0,1,0
1,9,1,1,6,75,FRANCE,ILE-DE-FRANCE,018,75018,PARIS,BOULEVARD BARBES,115156,0,4,VC,,2,2,2009,68,0,1,,,,1,7,0,0,1,0
1,9,2,1,6,75,FRANCE,ILE-DE-FRANCE,018,75018,PARIS,BOULEVARD NEY,115162,0,4,VC,,2,4,1803,0,0,1,,,,1,10,0,0,1,0
1,9,1,1,6,75,FRANCE,ILE-DE-FRANCE,012,75012,PARIS,AVENUE DAUMESNIL,115183,0,4,VC,,2,4,2009,70,1,1,,,,1,,0,0,1,0
1,9,1,1,2,75,FRANCE,ILE-DE-FRANCE,012,75012,PARIS,AVENUE LEDRU ROLLIN,115231,0,4,VC,,1,4,2009,12,1,1,,,,1,7,0,0,1,0
1,9,3,1,3,75,FRANCE,ILE-DE-FRANCE,013,75013,PARIS,BOULEVARD KELLERMANN,115232,0,4,VC,,2,4,1803,0,0,1,,,,1,7,0,0,1,0
1,9,2,1,3,75,FRANCE,ILE-DE-FRANCE,016,75016,PARIS,ALLEE LONGCHAMP,115246,0,4,VC,,2,2,1009,0,0,1,,,,1,7,0,0,1,0
1,9,4,1,3,75,FRANCE,ILE-DE-FRANCE,016,75016,PARIS,MOULINS ROUTE,115257,0,4,VC,,1,2,1009,0,0,1,,,,1,7,0,0,1,0
1,9,2,1,3,75,FRANCE,ILE-DE-FRANCE,017,75017,PARIS,AVENUE CLICHY ,115261,0,4,VC,,2,4,1009,0,0,1,,,,1,7,0,0,1,0
1,9,2,1,3,75,FRANCE,ILE-DE-FRANCE,011,75011,PARIS,RUE AMELOT,115263,0,4,VC,,1,1,1009,0,0,1,,,,1,14,0,0,1,0
1,9,1,1,3,75,FRANCE,ILE-DE-FRANCE,016,75016,PARIS,RUE TOUR ,115277,0,4,VC,,1,2,2009,126,0,1,,,,1,7,0,0,1,0
1,9,2,1,3,75,FRANCE,ILE-DE-FRANCE,004,75004,PARIS,RUE ECOUFFES ,115315,0,4,VC,,1,1,1001,0,0,1,,,,1,14,0,0,1,0
1,9,2,1,3,75,FRANCE,ILE-DE-FRANCE,019,75019,PARIS,AVENUE JEAN JAURES,115337,0,4,VC,,2,4,1009,0,1,1,,,,1,7,0,0,1,0
1,9,1,1,3,75,FRANCE,ILE-DE-FRANCE,005,75005,PARIS,AVENUE GOBELINS ,115345,0,4,VC,,2,3,2009,6,0,1,,,,1,4,0,0,1,0
1,9,1,1,3,75,FRANCE,ILE-DE-FRANCE,005,75005,PARIS,BOULEVARD SAINT MICHEL,115347,0,4,VC,,2,4,2101,62,3,1,,,,1,7,0,0,1,0
5,9,1,1,6,75,FRANCE,ILE-DE-FRANCE,003,75003,PARIS,BOULEVARD SEBASTOPOL ,115357,0,4,VC,,1,2,2101,78,3,1,,,,1,7,0,0,1,0
1,9,5,1,3,75,FRANCE,ILE-DE-FRANCE,003,75003,PARIS,RUE BRETAGNE ,115366,0,4,VC,,1,1,1009,0,0,1,,,,1,10,0,0,1,0
1,9,1,1,6,75,FRANCE,ILE-DE-FRANCE,010,75010,PARIS,BOULEVARD MAGENTA,115368,0,4,VC,,2,4,2009,132,1,1,,,,1,,0,0,1,0
1,9,1,2,3,75,FRANCE,ILE-DE-FRANCE,020,75020,PARIS,BOULEVARD MENILMONTANT ,115370,0,4,VC,,1,2,2009,150,1,1,,,,1,7,0,0,1,0
5,9,3,1,3,75,FRANCE,ILE-DE-FRANCE,010,75010,PARIS,RUE FAUBOURG SAINT DENIS ,115371,0,4,VC,,1,1,1009,0,0,1,,,,1,7,0,0,1,0
1,9,1,1,3,75,FRANCE,ILE-DE-FRANCE,012,75012,PARIS,RUE CHARENTON ,115374,0,4,VC,,2,2,2009,266,0,1,,,,1,7,0,0,1,0
1,9,1,1,6,75,FRANCE,ILE-DE-FRANCE,012,75012,PARIS,BOULEVARD DIDEROT,115377,0,4,VC,,2,3,2101,2,3,1,,,,1,18,0,0,1,0
1,9,2,1,2,75,FRANCE,ILE-DE-FRANCE,011,75011,PARIS,RUE RICHARD LENOIR ,115383,0,4,VC,,1,1,1009,0,0,1,,,,1,7,0,0,1,0
1,9,3,2,3,75,FRANCE,ILE-DE-FRANCE,017,75017,PARIS,RUE TOCQUEVILLE ,115400,0,4,VC,,2,2,1009,0,0,1,,,,1,7,0,0,1,0
1,9,2,1,3,75,FRANCE,ILE-DE-FRANCE,015,75015,PARIS,RUE LECOURBE,115423,0,4,VC,,1,1,1009,0,0,1,,,,1,7,0,0,1,0
1,9,3,1,3,75,FRANCE,ILE-DE-FRANCE,008,75008,PARIS,PLACE CONCORDE ,115435,0,4,VC,,1,3,1009,0,0,1,,,,1,7,0,0,1,0
1,9,2,8,6,75,FRANCE,ILE-DE-FRANCE,016,75016,PARIS,SEINE A LA BUTTE MORTEMART ROUTE,115451,0,4,VC,,2,2,1009,0,0,5,,,,1,,0,0,1,0
1,9,2,1,4,75,FRANCE,ILE-DE-FRANCE,005,75005,PARIS,RUE CARDINAL LEMOINE ,115461,0,4,VC,,2,2,1009,0,0,1,,,,1,7,0,0,1,0
1,9,1,1,6,75,FRANCE,ILE-DE-FRANCE,015,75015,PARIS,BOULEVARD GENERAL MARTIAL VALIN ,115477,0,4,VC,,2,4,2403,13,0,1,,,,1,,0,0,1,0
1,9,1,1,6,75,FRANCE,ILE-DE-FRANCE,016,75016,PARIS,AVENUE GEORGES MANDEL,115491,0,4,VC,,2,2,2009,16,0,1,,,,1,7,0,0,1,0
5,9,2,1,7,75,FRANCE,ILE-DE-FRANCE,003,75003,PARIS,RUE BRETAGNE ,115519,0,4,VC,,1,1,1009,0,0,1,,,,1,,0,0,1,0
1,9,1,1,3,75,FRANCE,ILE-DE-FRANCE,015,75015,PARIS,BOULEVARD GRENELLE ,115523,0,4,VC,,2,4,2009,71,0,1,,,,1,10,0,0,1,0
1,9,1,2,3,75,FRANCE,ILE-DE-FRANCE,012,75012,PARIS,RUE BERCY ,115544,0,4,VC,,1,1,2009,62,0,1,,,,1,7,0,0,1,0
5,9,2,1,3,75,FRANCE,ILE-DE-FRANCE,010,75010,PARIS,RUE LA FAYETTE,115547,0,4,VC,,2,2,1009,0,0,1,,,,1,7,0,0,1,0
1,9,2,1,7,75,FRANCE,ILE-DE-FRANCE,010,75010,PARIS,BOULEVARD CHAPELLE ,115549,0,4,VC,,1,2,1009,0,0,1,,,,1,,0,0,1,0
1,9,3,1,3,75,FRANCE,ILE-DE-FRANCE,020,75020,PARIS,RUE AVRON ,115554,0,4,VC,,2,2,1009,0,0,1,,,,1,7,0,0,1,0
5,9,2,1,3,75,FRANCE,ILE-DE-FRANCE,014,75014,PARIS,BOULEVARD EDGAR QUINET,115557,0,4,VC,,3,2,1009,0,0,1,,,,1,7,0,0,1,0
1,9,1,1,6,75,FRANCE,ILE-DE-FRANCE,019,75019,PARIS,RUE CRIMEE ,115566,0,4,VC,,2,3,2308,0,0,4,,,,1,,0,0,0,1
5,9,2,1,3,75,FRANCE,ILE-DE-FRANCE,018,75018,PARIS,RUE CHAMPIONNET,115581,0,4,VC,,2,2,1009,0,0,1,,,,1,7,0,0,1,0
5,9,1,1,3,75,FRANCE,ILE-DE-FRANCE,009,75009,PARIS,RUE CHATEAUDUN ,115582,0,4,VC,,2,3,2009,10,0,1,,,,1,7,0,0,1,0
1,9,2,1,3,75,FRANCE,ILE-DE-FRANCE,020,75020,PARIS,BOULEVARD DAVOUT ,115627,0,4,VC,,2,4,1803,0,0,1,,,,1,7,0,0,1,0
1,9,2,1,3,75,FRANCE,ILE-DE-FRANCE,009,75009,PARIS,BOULEVARD CAPUCINES ,115629,0,4,VC,,2,4,1009,0,0,1,,,,1,10,0,0,1,0
5,9,3,1,3,75,FRANCE,ILE-DE-FRANCE,010,75010,PARIS,RUE LEON JOUHAUX,115631,0,4,VC,,1,1,1009,0,0,1,,,,1,10,0,0,1,0
1,9,3,8,3,75,FRANCE,ILE-DE-FRANCE,014,75014,PARIS,RUE ALESIA ,115634,0,4,VC,,2,2,1009,0,0,1,,,,1,7,0,0,1,0
1,9,4,2,6,75,FRANCE,ILE-DE-FRANCE,006,75006,PARIS,RUE GRANDE CHAUMIERE ,115663,0,4,VC,,1,2,1009,0,0,1,,,,1,,0,0,0,1
1,9,2,1,3,75,FRANCE,ILE-DE-FRANCE,015,75015,PARIS,RUE PROCESSION ,115679,0,4,VC,,1,1,1009,0,0,1,,,,1,7,0,0,1,0
1,9,2,1,3,75,FRANCE,ILE-DE-FRANCE,011,75011,PARIS,RUE FONTAINE AU ROI ,115697,0,4,VC,,1,2,1009,0,0,1,,,,1,7,0,0,1,0
1,9,3,1,3,75,FRANCE,ILE-DE-FRANCE,011,75011,PARIS,AVENUE BOUVINES ,115716,0,4,VC,,2,4,1009,0,0,1,,,,1,7,0,0,1,0
1,9,3,2,7,75,FRANCE,ILE-DE-FRANCE,005,75005,PARIS,RUE BLAINVILLE ,115727,0,4,VC,,1,2,1009,0,0,1,,,,1,,0,0,1,0
1,9,1,1,6,75,FRANCE,ILE-DE-FRANCE,017,75017,PARIS,AVENUE CLICHY ,115728,0,4,VC,,2,2,2009,114,0,1,,,,1,,0,0,0,1
5,9,2,1,6,75,FRANCE,ILE-DE-FRANCE,017,75017,PARIS,AVENUE CLICHY ,115729,0,4,VC,,2,4,1009,0,0,1,,,,1,,0,0,0,1
5,9,1,2,1,75,FRANCE,ILE-DE-FRANCE,012,75012,PARIS,BOULEVARD DIDEROT,115743,0,4,VC,,2,4,2009,82,0,1,,,,1,5,0,0,1,0
1,9,1,1,3,75,FRANCE,ILE-DE-FRANCE,011,75011,PARIS,RUE CHARONNE ,115763,0,4,VC,,2,2,2009,166,0,1,,,,1,10,0,0,1,0
1,9,1,1,3,75,FRANCE,ILE-DE-FRANCE,015,75015,PARIS,RUE CEVENNES ,115770,0,4,VC,,2,2,2308,22,0,4,,,,1,7,0,0,1,0
1,9,2,1,5,75,FRANCE,ILE-DE-FRANCE,018,75018,PARIS,BOULEVARD CHAPELLE ,115775,0,4,VC,,1,2,1009,0,0,1,,,,1,5,0,0,0,1
5,9,2,2,3,75,FRANCE,ILE-DE-FRANCE,012,75012,PARIS,AVENUE DAUMESNIL,115782,0,4,VC,,2,4,1009,0,1,1,,,,1,18,0,0,1,0
1,9,1,1,3,75,FRANCE,ILE-DE-FRANCE,017,75017,PARIS,RUE COURCELLES ,115789,0,4,VC,,2,2,2009,142,0,1,,,,1,7,0,0,1,0
1,9,1,1,3,75,FRANCE,ILE-DE-FRANCE,013,75013,PARIS,BOULEVARD VINCENT AURIOL,115804,0,4,VC,,2,4,2009,181,0,1,,,,1,7,0,0,1,0
1,9,1,1,6,75,FRANCE,ILE-DE-FRANCE,004,75004,PARIS,GEORGES POMPIDOU VO,115807,6,4,VC,,1,6,7507,0,0,1,,,,1,,0,0,1,0
1,9,3,1,2,75,FRANCE,ILE-DE-FRANCE,003,75003,PARIS,BOULEVARD BEAUMARCHAIS,115831,0,4,VC,,2,4,1001,0,3,1,,,,1,7,0,0,1,0
1,9,1,1,3,75,FRANCE,ILE-DE-FRANCE,010,75010,PARIS,BOULEVARD MAGENTA,115865,0,4,VC,,2,4,2009,64,1,1,,,,1,7,0,0,1,0
1,9,4,1,3,75,FRANCE,ILE-DE-FRANCE,019,75019,PARIS,AVENUE SECRETAN,115880,0,4,VC,,2,2,1009,0,0,1,,,,1,7,0,0,1,0
2,9,1,1,3,75,FRANCE,ILE-DE-FRANCE,015,75015,PARIS,RUE VAUGIRARD ,115909,0,4,VC,,2,2,2101,362,3,1,,,,1,14,0,0,1,0
1,9,1,1,6,75,FRANCE,ILE-DE-FRANCE,012,75012,PARIS,AVENUE COURTELINE ,115918,0,4,VC,,2,2,2009,2,1,1,,,,1,,0,0,1,0
1,9,1,1,6,75,FRANCE,ILE-DE-FRANCE,009,75009,PARIS,RUE HENRI MONNIER ,115928,0,4,VC,,1,1,2009,22,0,1,,,,1,,0,0,1,0
5,9,1,1,3,75,FRANCE,ILE-DE-FRANCE,011,75011,PARIS,RUE FAUBOURG SAINT ANTOINE ,115940,0,4,VC,,2,3,2009,9,0,1,,,,1,7,0,0,1,0
1,9,1,1,3,75,FRANCE,ILE-DE-FRANCE,012,75012,PARIS,PONT AUSTERLITZ,115941,0,4,VC,,1,4,4009,0,1,1,,,,1,4,0,0,1,0
5,9,2,1,3,75,FRANCE,ILE-DE-FRANCE,013,75013,PARIS,RUE BOBILLOT ,115949,0,4,VC,,2,2,1009,0,0,1,,,,1,2,0,0,0,1
5,9,1,1,2,75,FRANCE,ILE-DE-FRANCE,010,75010,PARIS,RUE LA FAYETTE,115986,0,4,VC,,2,4,2009,247,1,1,,,,1,10,0,0,1,0
1,9,3,1,2,75,FRANCE,ILE-DE-FRANCE,010,75010,PARIS,RUE RENE BOULANGER,115991,0,4,VC,,1,1,1009,0,0,1,,,,1,7,0,0,1,0
1,9,3,1,3,75,FRANCE,ILE-DE-FRANCE,011,75011,PARIS,BOULEVARD MENILMONTANT ,116026,0,4,VC,,2,4,1009,0,1,1,,,,1,7,0,0,1,0
1,9,1,1,3,75,FRANCE,ILE-DE-FRANCE,015,75015,PARIS,RUE LECOURBE,116030,0,4,VC,,1,2,2009,256,0,1,,,,1,5,0,0,1,0
1,9,1,1,3,75,FRANCE,ILE-DE-FRANCE,015,75015,PARIS,RUE COLONEL PIERRE AVIA ,116031,0,4,VC,,2,2,2009,20,0,1,,,,1,10,0,0,1,0
1,9,3,1,1,75,FRANCE,ILE-DE-FRANCE,012,75012,PARIS,RUE COTTE ,116085,0,4,VC,,1,1,1009,0,0,1,,,,1,7,0,0,1,0
1,9,1,1,3,75,FRANCE,ILE-DE-FRANCE,013,75013,PARIS,BOULEVARD MASSENA,116087,0,4,VC,,2,4,2403,0,0,1,,,,1,7,0,0,1,0
1,9,2,1,3,75,FRANCE,ILE-DE-FRANCE,017,75017,PARIS,RUE GUSTAVENUE CHARPENTIER ,116091,0,4,VC,,2,2,1009,0,0,1,,,,1,7,0,0,1,0
1,9,1,1,3,75,FRANCE,ILE-DE-FRANCE,003,75003,PARIS,RUE HAUDRIETTES ,116100,0,4,VC,,1,2,2009,2,0,1,,,,1,7,0,0,1,0
1,9,1,1,3,75,FRANCE,ILE-DE-FRANCE,020,75020,PARIS,RUE BALKANS ,116120,0,4,VC,,2,2,2308,24,0,4,,,,1,4,0,0,1,0
1,9,1,1,3,75,FRANCE,ILE-DE-FRANCE,007,75007,PARIS,RUE DUPONT DES LOGES,116133,0,4,VC,,1,1,2009,14,0,1,,,,1,7,0,0,1,0
5,9,2,1,3,75,FRANCE,ILE-DE-FRANCE,003,75003,PARIS,RUE GRENIER SAINT LAZARE ,116144,0,4,VC,,2,4,1009,0,0,1,,,,1,4,0,0,1,0
1,9,3,1,4,75,FRANCE,ILE-DE-FRANCE,014,75014,PARIS,RUE ALESIA ,116147,0,4,VC,,2,3,1009,0,0,1,,,,1,7,0,0,1,0
1,9,1,1,3,75,FRANCE,ILE-DE-FRANCE,016,75016,PARIS,RUE POMPE ,116149,0,4,VC,,2,2,2009,56,0,1,,,,1,18,0,0,1,0
5,9,2,1,6,75,FRANCE,ILE-DE-FRANCE,017,75017,PARIS,RUE BOULAY ,116150,0,4,VC,,1,1,1009,0,0,1,,,,1,7,0,0,1,0
1,9,2,1,3,75,FRANCE,ILE-DE-FRANCE,010,75010,PARIS,RUE BELZUNCE ,116173,0,4,VC,,2,2,1009,0,0,1,,,,1,14,0,0,1,0
1,9,1,1,6,75,FRANCE,ILE-DE-FRANCE,009,75009,PARIS,RUE MAUBEUGE ,116200,0,4,VC,,1,1,2009,22,0,1,,,,1,,0,0,1,0
1,9,2,1,3,75,FRANCE,ILE-DE-FRANCE,006,75006,PARIS,BOULEVARD RASPAIL,116231,0,4,VC,,2,4,1009,0,0,1,,,,1,7,0,0,1,0
1,9,1,1,7,75,FRANCE,ILE-DE-FRANCE,010,75010,PARIS,RUE LA FAYETTE,116263,0,4,VC,,1,2,2101,208,3,1,,,,1,,0,0,1,0
5,9,1,1,6,75,FRANCE,ILE-DE-FRANCE,010,75010,PARIS,BOULEVARD MAGENTA,116287,0,4,VC,,2,4,2101,6,3,1,,,,1,7,0,0,1,0
5,9,1,1,3,75,FRANCE,ILE-DE-FRANCE,015,75015,PARIS,BOULEVARD GRENELLE ,116289,0,4,VC,,2,4,2009,162,1,1,,,,1,10,0,0,1,0
1,9,1,1,3,75,FRANCE,ILE-DE-FRANCE,015,75015,PARIS,RUE LOUIS ARMAND ,116291,0,4,VC,,2,2,2009,54,0,1,,,,1,7,0,0,1,0
5,9,2,2,3,75,FRANCE,ILE-DE-FRANCE,008,75008,PARIS,RUE ARCADE ,116298,0,4,VC,,1,1,1001,0,0,1,,,,1,7,0,0,1,0
5,9,3,1,3,75,FRANCE,ILE-DE-FRANCE,013,75013,PARIS,AVENUE CLAUDE REGAUD,116309,0,4,VC,,2,3,1009,0,0,1,,,,1,7,0,0,1,0
1,9,3,1,3,75,FRANCE,ILE-DE-FRANCE,011,75011,PARIS,RUE CHARONNE ,116322,0,4,VC,,2,2,1009,0,0,1,,,,1,7,0,0,1,0
1,9,1,1,3,75,FRANCE,ILE-DE-FRANCE,004,75004,PARIS,RUE COUTELLERIE ,116353,0,4,VC,,1,2,2009,2,0,1,,,,1,5,0,0,1,0