lum,agg,int,atm,col,dep_bis,pays,region,com_bis,com_codeINSEE,communes,N_voie,numac,infra,catr,type_route,voie,circ,nbv,pr,pr1,vosp,situ,lat,long,adr,accident_velo,vehicule_imp,cycl_mort,cycl_bgv,cycl_blg,cycl_indm
5,9,1,1,3,75,FRANCE,ILE-DE-FRANCE,010,75010,PARIS,BOULEVARD MAGENTA,116388,0,4,VC,,2,4,2101,38,3,1,,,,1,7,0,0,1,0
1,9,1,1,3,75,FRANCE,ILE-DE-FRANCE,019,75019,PARIS,AVENUE FLANDRE ,116405,0,4,VC,,1,2,2009,75,0,1,,,,1,10,0,0,1,1
1,9,2,1,3,75,FRANCE,ILE-DE-FRANCE,014,75014,PARIS,RUE ALESIA ,116415,0,4,VC,,2,4,1009,0,0,1,,,,1,7,0,0,1,0
5,9,1,8,7,75,FRANCE,ILE-DE-FRANCE,013,75013,PARIS,RUE TOLBIAC ,116453,0,4,VC,,2,3,2009,18,0,1,,,,1,,0,0,1,0
5,9,2,2,3,75,FRANCE,ILE-DE-FRANCE,011,75011,PARIS,AVENUE REPUBLIQUE,116461,0,4,VC,,2,4,1009,0,0,1,,,,1,4,0,0,1,0
5,9,1,2,7,75,FRANCE,ILE-DE-FRANCE,006,75006,PARIS,BOULEVARD MONTPARNASSE ,116472,0,4,VC,,2,4,2101,44,3,1,,,,1,,0,0,1,0
1,9,1,1,3,75,FRANCE,ILE-DE-FRANCE,006,75006,PARIS,RUE MEDICIS ,116492,0,4,VC,,2,3,2009,2,0,1,,,,1,7,0,0,1,0
1,9,2,1,3,75,FRANCE,ILE-DE-FRANCE,008,75008,PARIS,PONT ALEXANDRE III,116494,2,4,VC,,2,4,1009,0,1,1,,,,1,7,0,0,1,0
1,9,1,1,3,75,FRANCE,ILE-DE-FRANCE,008,75008,PARIS,RUE ROME ,116504,0,4,VC,,2,2,2009,82,0,1,,,,1,7,0,0,1,0
1,9,1,2,6,75,FRANCE,ILE-DE-FRANCE,001,75001,PARIS,BOULEVARD PALAIS ,116514,0,4,VC,,2,4,2009,4,0,1,,,,1,,0,0,0,1
1,9,2,2,7,75,FRANCE,ILE-DE-FRANCE,015,75015,PARIS,PLACE CAMBRONNE ,116528,0,4,VC,,2,2,1009,0,0,1,,,,1,,0,0,1,0
1,9,2,2,3,75,FRANCE,ILE-DE-FRANCE,013,75013,PARIS,BOULEVARD MASSENA,116550,0,4,VC,,2,4,1803,0,0,1,,,,1,7,0,0,1,0
5,9,3,1,3,75,FRANCE,ILE-DE-FRANCE,012,75012,PARIS,RAPEE QUAI,116560,0,4,VC,,2,4,1009,0,1,1,,,,1,7,0,0,1,0
1,9,1,1,3,75,FRANCE,ILE-DE-FRANCE,010,75010,PARIS,BOULEVARD STRASBOURG,116571,0,4,VC,,1,3,2101,48,3,1,,,,1,7,0,0,1,0
1,9,1,2,3,75,FRANCE,ILE-DE-FRANCE,009,75009,PARIS,BOULEVARD ROCHECHOUART ,116577,0,4,VC,,1,2,2101,9,3,1,,,,1,14,0,0,1,0
1,9,1,1,4,75,FRANCE,ILE-DE-FRANCE,005,75005,PARIS,RUE SORBONNE ,116603,0,4,VC,,1,2,2009,4,0,1,,,,1,7,0,0,1,0
1,9,1,1,3,75,FRANCE,ILE-DE-FRANCE,020,75020,PARIS,AVENUE GAMBETTA,116613,0,4,VC,,2,2,2009,8,0,1,,,,1,18,0,0,1,0
5,9,2,2,3,75,FRANCE,ILE-DE-FRANCE,006,75006,PARIS,RUE MADAME ,116622,0,4,VC,,1,1,1009,0,0,1,,,,1,7,0,0,1,0
1,9,1,2,3,75,FRANCE,ILE-DE-FRANCE,013,75013,PARIS,IVRY QUAI,116630,0,4,VC,,2,4,2308,0,0,1,,,,1,7,0,0,1,0
1,9,1,1,3,75,FRANCE,ILE-DE-FRANCE,015,75015,PARIS,RUE CROIX NIVERT ,116649,0,4,VC,,2,2,2009,158,0,1,,,,1,7,0,0,1,0
1,9,1,1,3,75,FRANCE,ILE-DE-FRANCE,017,75017,PARIS,RUE JOUFFROY D'ABBANS,116655,0,4,VC,,2,2,2009,46,0,1,,,,1,10,0,0,1,0
1,9,1,1,3,75,FRANCE,ILE-DE-FRANCE,018,75018,PARIS,AVENUE SAINT OUEN ,116656,0,4,VC,,2,2,2009,28,0,1,,,,1,7,0,0,1,0
5,9,1,2,3,75,FRANCE,ILE-DE-FRANCE,003,75003,PARIS,BOULEVARD BEAUMARCHAIS,116660,0,4,VC,,2,4,2009,32,0,1,,,,1,7,0,0,1,0
1,9,2,1,2,75,FRANCE,ILE-DE-FRANCE,011,75011,PARIS,RUE MONTREUIL ,116668,0,4,VC,,1,1,1009,0,0,1,,,,1,7,0,0,1,0
1,9,1,1,3,75,FRANCE,ILE-DE-FRANCE,011,75011,PARIS,BOULEVARD RICHARD LENOIR,116669,0,4,VC,,3,2,2009,8,0,1,,,,1,7,0,0,1,0
5,9,1,1,3,75,FRANCE,ILE-DE-FRANCE,011,75011,PARIS,RUE CHEMIN VERT ,116689,0,4,VC,,1,1,2009,28,0,1,,,,1,5,0,0,1,0
2,9,1,2,1,75,FRANCE,ILE-DE-FRANCE,015,75015,PARIS,RUE CONVENTION ,116697,0,4,VC,,2,3,2009,100,0,1,,,,1,14,0,0,1,0
1,9,2,2,3,75,FRANCE,ILE-DE-FRANCE,014,75014,PARIS,AVENUE ERNEST REYER,116726,0,4,VC,,2,2,1009,0,0,1,,,,1,,0,0,1,0
5,9,1,1,3,75,FRANCE,ILE-DE-FRANCE,009,75009,PARIS,RUE LAFFITTE ,116749,0,4,VC,,1,1,2009,26,0,1,,,,1,7,0,0,1,0
1,9,2,1,2,75,FRANCE,ILE-DE-FRANCE,007,75007,PARIS,BOULEVARD INVALIDES ,116760,0,4,VC,,2,4,1009,0,0,1,,,,1,4,0,0,0,1
5,9,1,2,1,75,FRANCE,ILE-DE-FRANCE,011,75011,PARIS,RUE FAUBOURG SAINT ANTOINE ,116763,0,4,VC,,2,2,2009,82,0,1,,,,1,5,0,0,1,0
1,9,5,1,6,75,FRANCE,ILE-DE-FRANCE,017,75017,PARIS,RUE GUY MOQUET,116768,0,4,VC,,1,2,1009,0,0,1,,,,1,,0,0,0,1
1,9,1,1,7,75,FRANCE,ILE-DE-FRANCE,016,75016,PARIS,TRIBUNES ROUTE,116780,0,4,VC,,2,2,2009,0,0,1,,,,1,,0,0,1,0
5,9,1,1,3,75,FRANCE,ILE-DE-FRANCE,009,75009,PARIS,RUE FAUBOURG MONTMARTRE ,116787,0,4,VC,,1,2,2101,38,3,1,,,,1,18,0,0,1,0
5,9,2,1,3,75,FRANCE,ILE-DE-FRANCE,011,75011,PARIS,BOULEVARD BELLEVILLE ,116789,0,4,VC,,1,2,1009,0,0,1,,,,1,7,0,0,1,0
1,9,3,2,3,75,FRANCE,ILE-DE-FRANCE,010,75010,PARIS,BOULEVARD MAGENTA,116813,0,4,VC,,2,4,1001,0,3,1,,,,1,7,0,0,1,0
1,9,3,1,3,75,FRANCE,ILE-DE-FRANCE,004,75004,PARIS,PLACE BASTILLE ,116855,0,4,VC,,1,3,1001,0,0,1,,,,1,13,0,0,1,0
5,9,3,1,3,75,FRANCE,ILE-DE-FRANCE,012,75012,PARIS,BOULEVARD BASTILLE ,116860,0,4,VC,,1,3,1009,0,0,1,,,,1,7,0,0,1,0
5,9,3,1,6,75,FRANCE,ILE-DE-FRANCE,019,75019,PARIS,RUE FESSART,116895,0,4,VC,,1,1,1009,0,0,1,,,,1,7,0,0,1,0
1,9,2,1,3,75,FRANCE,ILE-DE-FRANCE,004,75004,PARIS,RUE TEMPLE ,116906,0,4,VC,,1,2,1009,0,0,1,,,,1,7,0,0,1,0
1,9,3,8,3,75,FRANCE,ILE-DE-FRANCE,014,75014,PARIS,AVENUE DENFERT ROCHEREAU,116922,0,4,VC,,2,4,1009,0,0,1,,,,1,7,0,0,1,0
1,9,3,1,3,75,FRANCE,ILE-DE-FRANCE,007,75007,PARIS,BLEUET DE FRANCE R P,116960,0,4,VC,,1,2,1009,0,0,1,,,,1,5,0,0,1,0
5,9,1,3,2,75,FRANCE,ILE-DE-FRANCE,007,75007,PARIS,AVENUE LA MOTTE PICQUET ,116961,0,4,VC,,2,4,2009,30,0,1,,,,1,7,0,0,1,0
1,9,1,1,3,75,FRANCE,ILE-DE-FRANCE,007,75007,PARIS,RUE LILLE ,116962,0,4,VC,,1,1,2009,64,0,1,,,,1,7,0,0,1,0
5,9,2,1,3,75,FRANCE,ILE-DE-FRANCE,008,75008,PARIS,BOULEVARD COURCELLES ,116963,0,4,VC,,2,4,1009,0,0,1,,,,1,7,0,0,1,0
5,9,1,1,7,75,FRANCE,ILE-DE-FRANCE,005,75005,PARIS,RUE CARDINAL LEMOINE ,116986,0,4,VC,,1,2,2009,50,0,1,,,,1,,0,0,1,0
5,9,2,8,3,75,FRANCE,ILE-DE-FRANCE,008,75008,PARIS,BOULEVARD HAUSSMANN,116987,0,4,VC,,2,4,1009,0,0,1,,,,1,7,0,0,1,0
5,9,3,1,3,75,FRANCE,ILE-DE-FRANCE,010,75010,PARIS,RUE HUIT MAI 1945 ,117010,0,4,VC,,1,2,1009,0,0,1,,,,1,10,0,0,1,0
5,9,1,1,4,75,FRANCE,ILE-DE-FRANCE,004,75004,PARIS,BOULEVARD HENRI IV,117023,0,4,VC,,2,4,2009,0,1,1,,,,1,5,0,0,1,0
1,9,1,1,3,75,FRANCE,ILE-DE-FRANCE,004,75004,PARIS,RUE SAINT ANTOINE,117024,0,4,VC,,2,4,2009,44,0,1,,,,1,7,0,0,1,0
5,9,3,2,6,75,FRANCE,ILE-DE-FRANCE,012,75012,PARIS,RAPEE QUAI,117080,0,4,VC,,2,4,1009,0,0,1,,,,1,7,0,0,1,0
2,9,1,1,3,75,FRANCE,ILE-DE-FRANCE,010,75010,PARIS,RUE DU FAUBOURG DU TEMPLE,117090,0,4,VC,,1,2,2009,102,0,1,,,,1,7,0,0,1,0
1,9,1,1,4,75,FRANCE,ILE-DE-FRANCE,001,75001,PARIS,PLACE VENDOME,117103,0,4,VC,,2,4,3009,0,0,1,,,,1,7,0,0,1,0
1,9,2,1,3,75,FRANCE,ILE-DE-FRANCE,004,75004,PARIS,RUE BIRAGUE ,117130,0,4,VC,,1,1,1009,0,0,1,,,,1,7,0,0,1,0
1,9,5,1,3,75,FRANCE,ILE-DE-FRANCE,017,75017,PARIS,BOULEVARD GOUVION SAINT CYR ,117151,0,4,VC,,2,4,1803,0,0,1,,,,1,2,0,0,1,0
1,9,1,1,3,75,FRANCE,ILE-DE-FRANCE,006,75006,PARIS,RUE FOUR ,117178,0,4,VC,,1,2,2009,34,1,1,,,,1,4,0,0,1,0
1,9,1,1,3,75,FRANCE,ILE-DE-FRANCE,011,75011,PARIS,BOULEVARD BEAUMARCHAIS,117182,0,4,VC,,2,4,2009,24,0,1,,,,1,5,0,0,0,1
5,9,1,1,6,75,FRANCE,ILE-DE-FRANCE,005,75005,PARIS,RUE SOUFFLOT,117193,0,4,VC,,2,2,2009,30,0,1,,,,1,,0,0,0,1
1,9,1,1,3,75,FRANCE,ILE-DE-FRANCE,008,75008,PARIS,RUE JEAN GOUJON ,117216,0,4,VC,,2,2,2009,42,0,1,,,,1,7,0,0,1,0
5,9,2,1,3,75,FRANCE,ILE-DE-FRANCE,001,75001,PARIS,RUE ETIENNE MARCEL,117232,0,4,VC,,2,2,1001,0,3,1,,,,1,7,0,0,1,0
5,9,3,1,3,75,FRANCE,ILE-DE-FRANCE,005,75005,PARIS,RUE CHAMPOLLION ,117237,0,4,VC,,1,1,1009,0,0,1,,,,1,7,0,0,1,0
5,9,1,1,3,75,FRANCE,ILE-DE-FRANCE,016,75016,PARIS,LOUIS BLERIOT QUAI,117260,0,4,VC,,1,1,2009,26,0,1,,,,1,7,0,0,1,0
1,9,1,3,4,75,FRANCE,ILE-DE-FRANCE,008,75008,PARIS,RUE HAVRE ,117299,0,4,VC,,1,2,2009,12,0,1,,,,1,10,0,0,1,0
5,9,2,1,1,75,FRANCE,ILE-DE-FRANCE,011,75011,PARIS,RUE ALEXANDRE DUMAS,117302,0,4,VC,,1,2,1009,0,0,1,,,,1,7,0,0,1,0
1,9,1,1,6,75,FRANCE,ILE-DE-FRANCE,011,75011,PARIS,BOULEVARD BELLEVILLE ,117303,0,4,VC,,2,2,2009,65,0,1,,,,1,,0,0,0,1
1,9,1,8,3,75,FRANCE,ILE-DE-FRANCE,011,75011,PARIS,RUE FAUBOURG SAINT ANTOINE ,117329,0,4,VC,,2,3,2009,58,0,1,,,,1,7,0,0,1,0
5,9,2,2,1,75,FRANCE,ILE-DE-FRANCE,001,75001,PARIS,PONT NEUF,117337,0,4,VC,,2,3,1009,0,0,1,,,,1,2,0,0,1,0
1,9,1,2,3,75,FRANCE,ILE-DE-FRANCE,005,75005,PARIS,QUAI SAINT BERNARD,117338,0,4,VC,,2,4,2009,12,0,1,,,,1,4,0,0,1,0
5,9,1,2,6,75,FRANCE,ILE-DE-FRANCE,012,75012,PARIS,AVENUE SAINT MANDE ,117343,0,4,VC,,2,4,2009,84,1,1,,,,1,,0,0,0,1
1,9,1,1,3,75,FRANCE,ILE-DE-FRANCE,013,75013,PARIS,RUE CAILLAUX ,117369,0,4,VC,,1,1,2009,8,0,1,,,,1,7,0,0,1,0
1,9,1,1,7,75,FRANCE,ILE-DE-FRANCE,019,75019,PARIS,AVENUE CORENTIN CARIOU,117373,0,4,VC,,1,1,2009,21,0,1,,,,1,,0,0,1,0
1,9,1,1,7,75,FRANCE,ILE-DE-FRANCE,020,75020,PARIS,RUE MARONITES ,117374,0,4,VC,,1,2,2009,16,0,1,,,,1,,0,0,1,0
5,9,1,1,6,75,FRANCE,ILE-DE-FRANCE,010,75010,PARIS,JEMMAPES QUAI,117396,0,4,VC,,1,2,2009,56,0,1,,,,1,,0,0,0,1
1,9,1,8,3,75,FRANCE,ILE-DE-FRANCE,011,75011,PARIS,RUE CHEMIN VERT ,117431,0,4,VC,,1,1,2009,34,0,1,,,,1,5,0,0,1,0
5,9,4,1,6,75,FRANCE,ILE-DE-FRANCE,001,75001,PARIS,RUE DECHARGEURS ,117441,0,4,VC,,1,1,1009,0,0,1,,,,1,7,0,0,1,0
5,9,1,1,6,75,FRANCE,ILE-DE-FRANCE,010,75010,PARIS,BOULEVARD MAGENTA,117444,0,4,VC,,2,6,2009,70,1,5,,,,1,,0,0,0,1
5,9,2,2,3,75,FRANCE,ILE-DE-FRANCE,014,75014,PARIS,RUE EMILE RICHARD ,117449,0,4,VC,,1,1,1009,0,0,1,,,,1,7,0,0,1,0
1,9,3,1,3,75,FRANCE,ILE-DE-FRANCE,003,75003,PARIS,RUE TURBIGO ,117459,0,4,VC,,2,4,1009,0,0,1,,,,1,7,0,0,1,0
5,9,2,1,3,75,FRANCE,ILE-DE-FRANCE,007,75007,PARIS,RUE BABYLONE ,117466,0,4,VC,,1,1,1009,0,0,1,,,,1,10,0,0,1,0
5,9,2,2,6,75,FRANCE,ILE-DE-FRANCE,013,75013,PARIS,RUE GLACIERE ,117475,0,4,VC,,2,2,1001,0,0,1,,,,1,,0,0,0,1
5,9,2,1,3,75,FRANCE,ILE-DE-FRANCE,019,75019,PARIS,RUE CHEMIN DE FER ,117486,0,4,VC,,2,2,1001,0,0,1,,,,1,7,0,0,1,0
1,9,4,1,3,75,FRANCE,ILE-DE-FRANCE,016,75016,PARIS,MAILLOT ECH,117512,0,4,VC,,1,2,1109,0,0,1,,,,1,7,0,0,1,0
5,9,1,8,3,75,FRANCE,ILE-DE-FRANCE,010,75010,PARIS,BOULEVARD CHAPELLE ,117520,0,4,VC,,1,2,2009,37,1,1,,,,1,7,0,0,1,0
1,9,1,2,3,75,FRANCE,ILE-DE-FRANCE,007,75007,PARIS,RUE ROBERT ESNAULT PELTERIE ,117554,0,4,VC,,2,4,2009,2,1,1,,,,1,7,0,0,1,0
1,9,2,1,3,75,FRANCE,ILE-DE-FRANCE,012,75012,PARIS,RUE COLONEL OUDOT ,117556,0,4,VC,,1,1,1009,0,0,1,,,,1,7,0,0,1,0
5,9,3,1,3,75,FRANCE,ILE-DE-FRANCE,003,75003,PARIS,RUE BEAUBOURG,117560,0,4,VC,,1,2,1009,0,0,1,,,,1,5,0,0,1,0
1,9,2,1,3,75,FRANCE,ILE-DE-FRANCE,010,75010,PARIS,RUE CHATEAU LANDON ,117599,0,4,VC,,1,1,1009,0,0,1,,,,1,10,0,0,1,0
5,9,3,1,7,75,FRANCE,ILE-DE-FRANCE,013,75013,PARIS,RUE GOUTHIERE ,117601,0,4,VC,,1,1,1803,0,0,1,,,,1,,0,0,1,0
1,9,5,8,6,75,FRANCE,ILE-DE-FRANCE,016,75016,PARIS,AVENUE SAINT CLOUD ,117606,0,4,VC,,2,2,1009,0,1,1,,,,1,,0,0,1,0
1,9,2,1,3,75,FRANCE,ILE-DE-FRANCE,008,75008,PARIS,RUE ANDRIEUX ,117615,0,4,VC,,1,1,1009,0,0,1,,,,1,7,0,0,1,0
1,9,1,1,6,75,FRANCE,ILE-DE-FRANCE,018,75018,PARIS,BOULEVARD CLICHY ,117653,0,4,VC,,3,3,2009,82,0,1,,,,1,7,0,0,1,0
1,9,2,1,2,75,FRANCE,ILE-DE-FRANCE,006,75006,PARIS,PLACE DIX HUIT JUIN 1940 ,117661,0,4,VC,,2,4,1009,0,1,1,,,,1,10,0,0,1,0
5,9,2,2,6,75,FRANCE,ILE-DE-FRANCE,009,75009,PARIS,RUE AUBER,117696,0,4,VC,,1,2,1101,0,3,1,,,,1,,0,0,1,0
5,9,5,2,3,75,FRANCE,ILE-DE-FRANCE,020,75020,PARIS,RUE CASCADES ,117713,0,4,VC,,1,1,1009,0,0,1,,,,1,7,0,0,1,0
1,9,2,8,7,75,FRANCE,ILE-DE-FRANCE,014,75014,PARIS,RUE GAITE ,117769,0,4,VC,,1,1,1009,0,0,1,,,,1,,0,0,1,0
1,9,1,1,3,75,FRANCE,ILE-DE-FRANCE,019,75019,PARIS,RUE RHIN ,117777,0,4,VC,,1,2,2009,28,0,1,,,,1,7,0,0,1,0
5,9,1,1,6,75,FRANCE,ILE-DE-FRANCE,017,75017,PARIS,RUE JACQUEMONT ,117821,0,4,VC,,2,2,2009,6,0,1,,,,1,,0,0,0,1
5,9,3,1,3,75,FRANCE,ILE-DE-FRANCE,014,75014,PARIS,RUE CITE UNIVERSITAIRE ,117825,0,4,VC,,1,1,1803,0,0,1,,,,1,7,0,0,1,0
1,9,1,1,3,75,FRANCE,ILE-DE-FRANCE,011,75011,PARIS,RUE CHARONNE ,117841,0,4,VC,,2,2,2009,90,0,1,,,,1,7,0,0,1,0
5,9,1,1,6,75,FRANCE,ILE-DE-FRANCE,013,75013,PARIS,RUE GLACIERE ,117852,0,4,VC,,2,2,2009,38,0,1,,,,1,,0,0,1,0
1,9,1,1,7,75,FRANCE,ILE-DE-FRANCE,010,75010,PARIS,VALMY QUAI,117867,0,4,VC,,1,2,2009,87,1,1,,,,1,,0,0,1,0
1,9,2,1,3,75,FRANCE,ILE-DE-FRANCE,013,75013,PARIS,RUE TOLBIAC ,117872,0,4,VC,,2,2,1009,0,0,1,,,,1,7,0,0,1,0
1,9,2,1,3,75,FRANCE,ILE-DE-FRANCE,009,75009,PARIS,RUE CHATEAUDUN ,117882,0,4,VC,,1,1,1009,0,0,1,,,,1,7,0,0,1,0
1,9,3,1,6,75,FRANCE,ILE-DE-FRANCE,016,75016,PARIS,AVENUE PORTE D'AUTEUIL ,117933,0,4,VC,,2,3,1009,0,0,1,,,,1,7,0,0,1,0
1,9,1,1,6,75,FRANCE,ILE-DE-FRANCE,004,75004,PARIS,GEORGES POMPIDOU VO,117951,6,4,VC,,1,2,2009,0,0,1,,,,1,,0,0,0,1
1,9,1,1,7,75,FRANCE,ILE-DE-FRANCE,019,75019,PARIS,RUE BELLEVILLE,117959,0,4,VC,,2,2,2009,140,0,1,,,,1,,0,0,1,0
1,9,1,8,3,75,FRANCE,ILE-DE-FRANCE,011,75011,PARIS,RUE SEDAINE,117971,0,4,VC,,1,1,2009,32,0,1,,,,1,7,0,0,1,0
1,9,2,1,3,75,FRANCE,ILE-DE-FRANCE,015,75015,PARIS,AVENUE EMILE ZOLA,117975,0,4,VC,,2,2,1009,0,0,1,,,,1,14,0,0,1,0
1,9,1,1,3,75,FRANCE,ILE-DE-FRANCE,016,75016,PARIS,AVENUE BUGEAUD ,117981,0,4,VC,,2,2,2009,30,0,1,,,,1,7,0,0,1,0
5,9,1,1,6,75,FRANCE,ILE-DE-FRANCE,017,75017,PARIS,AVENUE CLICHY ,117989,0,4,VC,,1,2,2101,178,3,1,,,,1,,0,0,0,1
1,9,1,4,3,75,FRANCE,ILE-DE-FRANCE,003,75003,PARIS,RUE SAINT MARTIN,118001,0,4,VC,,1,1,2009,188,0,1,,,,1,7,0,0,1,0
1,9,1,1,6,75,FRANCE,ILE-DE-FRANCE,012,75012,PARIS,BERCY QUAI,118076,0,4,VC,,1,4,2009,0,0,1,,,,1,,0,0,1,0
5,9,1,2,3,75,FRANCE,ILE-DE-FRANCE,011,75011,PARIS,AVENUE LEDRU ROLLIN,118094,0,4,VC,,2,4,2009,170,0,1,,,,1,7,0,0,1,0
5,9,1,1,3,75,FRANCE,ILE-DE-FRANCE,011,75011,PARIS,RUE FAUBOURG SAINT ANTOINE ,118106,0,4,VC,,2,4,2009,24,0,1,,,,1,7,0,0,1,0
2,9,1,1,3,75,FRANCE,ILE-DE-FRANCE,010,75010,PARIS,VALMY QUAI,118111,0,4,VC,,1,2,2009,93,1,1,,,,1,4,0,0,1,0
1,9,3,1,3,75,FRANCE,ILE-DE-FRANCE,010,75010,PARIS,PLACE COLONEL FABIEN ,118116,0,4,VC,,1,2,1009,0,0,1,,,,1,7,0,0,1,0
5,9,1,2,6,75,FRANCE,ILE-DE-FRANCE,020,75020,PARIS,RUE PYRENEES ,118117,0,4,VC,,2,2,2101,373,3,1,,,,1,,0,0,0,1
1,9,3,2,3,75,FRANCE,ILE-DE-FRANCE,017,75017,PARIS,AVENUE CLICHY ,118127,0,4,VC,,2,4,1009,0,0,1,,,,1,14,0,0,1,0
1,9,2,2,6,75,FRANCE,ILE-DE-FRANCE,004,75004,PARIS,PLACE CHATELET ,118129,0,4,VC,,1,4,1009,0,1,1,,,,1,,0,0,0,1
5,9,1,1,6,75,FRANCE,ILE-DE-FRANCE,011,75011,PARIS,BOULEVARD RICHARD LENOIR,118149,0,4,VC,,3,3,2009,66,1,1,,,,1,,,,,
1,9,2,1,6,75,FRANCE,ILE-DE-FRANCE,005,75005,PARIS,RUE CARMES ,118175,0,4,VC,,1,1,1009,0,0,1,,,,1,,0,0,1,0
1,9,2,1,3,75,FRANCE,ILE-DE-FRANCE,016,75016,PARIS,PLACE PORTE MAILLOT ,118183,0,4,VC,,2,4,1209,0,0,1,,,,1,7,0,0,1,0
5,9,1,1,7,75,FRANCE,ILE-DE-FRANCE,016,75016,PARIS,RUE COPERNIC ,118195,0,4,VC,,1,1,2009,46,0,1,,,,1,,0,0,1,0
5,9,2,1,3,75,FRANCE,ILE-DE-FRANCE,010,75010,PARIS,RUE DUNKERQUE ,118197,0,4,VC,,1,1,1009,0,0,1,,,,1,7,0,0,1,0
1,9,2,2,3,75,FRANCE,ILE-DE-FRANCE,013,75013,PARIS,BOULEVARD HOPITAL ,118200,0,4,VC,,2,6,1001,0,3,1,,,,1,7,0,0,1,0
1,9,2,1,3,75,FRANCE,ILE-DE-FRANCE,012,75012,PARIS,AVENUE DAUMESNIL,118201,0,4,VC,,2,4,1009,0,1,1,,,,1,7,0,0,1,0
1,9,1,1,6,75,FRANCE,ILE-DE-FRANCE,012,75012,PARIS,ROUTE ROYALE DE BEAUTE,118213,0,4,VC,,1,2,2009,0,1,1,,,,1,,0,0,0,1
5,9,1,1,6,75,FRANCE,ILE-DE-FRANCE,012,75012,PARIS,RUE FAUBOURG SAINT ANTOINE ,118232,0,4,VC,,2,3,2009,94,0,1,,,,1,,,,,
5,9,1,1,6,75,FRANCE,ILE-DE-FRANCE,009,75009,PARIS,RUE TREVISE ,118239,0,4,VC,,1,2,2009,44,0,1,,,,1,,0,0,0,1
1,9,1,1,3,75,FRANCE,ILE-DE-FRANCE,014,75014,PARIS,BOULEVARD JOURDAN,118248,0,4,VC,,2,4,2403,94,1,1,,,,1,7,0,0,1,0
5,9,1,2,6,75,FRANCE,ILE-DE-FRANCE,010,75010,PARIS,RUE LANCRY ,118316,0,4,VC,,1,2,2009,52,0,1,,,,1,,0,0,0,1
1,9,1,1,6,75,FRANCE,ILE-DE-FRANCE,002,75002,PARIS,RUE DANIELLE CASANOVA ,118411,0,4,VC,,1,2,2009,10,0,1,,,,1,,0,0,1,0
1,9,1,1,3,75,FRANCE,ILE-DE-FRANCE,011,75011,PARIS,AVENUE PARMENTIER,118417,0,4,VC,,2,2,2009,134,0,1,,,,1,7,0,0,1,0
1,9,3,1,6,75,FRANCE,ILE-DE-FRANCE,012,75012,PARIS,AVENUE SAINT MANDE ,118430,0,4,VC,,2,4,1009,0,0,1,,,,1,7,0,0,1,0
1,9,2,1,3,75,FRANCE,ILE-DE-FRANCE,015,75015,PARIS,BOULEVARD PASTEUR,118437,0,4,VC,,2,4,1009,0,0,1,,,,1,7,0,0,1,0
1,9,3,1,6,75,FRANCE,ILE-DE-FRANCE,007,75007,PARIS,RUE SEVRES ,118445,0,4,VC,,2,4,1009,0,0,1,,,,1,7,0,0,1,0
5,9,1,1,6,75,FRANCE,ILE-DE-FRANCE,003,75003,PARIS,RUE TURBIGO ,118454,0,4,VC,,1,2,2009,36,0,1,,,,1,,0,0,1,0
1,9,1,1,6,75,FRANCE,ILE-DE-FRANCE,020,75020,PARIS,BOULEVARD DAVOUT ,118461,0,4,VC,,2,4,2401,62,3,1,,,,1,,0,0,1,0
1,9,1,1,3,75,FRANCE,ILE-DE-FRANCE,014,75014,PARIS,BOULEVARD JOURDAN,118465,0,4,VC,,2,4,2403,56,1,5,,,,1,7,0,0,1,0
1,9,2,1,3,75,FRANCE,ILE-DE-FRANCE,001,75001,PARIS,RUE LOUVRE ,118472,0,4,VC,,2,4,1009,0,0,1,,,,1,14,0,0,1,0
1,9,5,1,3,75,FRANCE,ILE-DE-FRANCE,020,75020,PARIS,RUE BAGNOLET ,118484,0,4,VC,,1,1,1009,0,0,1,,,,1,7,0,0,1,0
1,9,2,1,3,75,FRANCE,ILE-DE-FRANCE,001,75001,PARIS,RUE RAMBUTEAU ,118503,0,4,VC,,1,2,1009,0,0,1,,,,1,5,0,0,1,0
1,9,1,1,3,75,FRANCE,ILE-DE-FRANCE,019,75019,PARIS,BOULEVARD MACDONALD,118528,0,4,VC,,2,4,2403,194,0,1,,,,1,14,0,0,1,0
1,9,3,1,7,75,FRANCE,ILE-DE-FRANCE,012,75012,PARIS,ROUTE DAUPHINE,118544,0,4,VC,,2,2,1009,0,1,1,,,,1,,0,0,1,0
1,9,1,1,6,75,FRANCE,ILE-DE-FRANCE,016,75016,PARIS,AVENUE VICTOR HUGO,118585,0,4,VC,,2,2,2009,108,0,1,,,,1,,0,0,0,1
1,9,2,1,3,75,FRANCE,ILE-DE-FRANCE,006,75006,PARIS,RUE BONAPARTE,118595,0,4,VC,,1,1,1009,0,0,1,,,,1,7,0,0,1,0
1,9,1,1,3,75,FRANCE,ILE-DE-FRANCE,015,75015,PARIS,RUE VOUILLE ,118620,0,4,VC,,2,2,2009,54,0,1,,,,1,7,0,0,1,0
1,9,1,1,3,75,FRANCE,ILE-DE-FRANCE,004,75004,PARIS,RUE RIVOLI ,118637,0,4,VC,,1,3,2101,42,3,1,,,,1,18,0,0,1,0
1,9,1,1,3,75,FRANCE,ILE-DE-FRANCE,015,75015,PARIS,RUE LINOIS,118640,0,4,VC,,2,2,2009,28,0,1,,,,1,7,0,0,1,0
1,9,1,1,2,75,FRANCE,ILE-DE-FRANCE,015,75015,PARIS,RUE ARMORIQUE ,118641,0,4,VC,,2,2,2009,4,0,1,,,,1,7,0,0,1,0