lum,agg,int,atm,col,dep_bis,pays,region,com_bis,com_codeINSEE,communes,N_voie,numac,infra,catr,type_route,voie,circ,nbv,pr,pr1,vosp,situ,lat,long,adr,accident_velo,vehicule_imp,cycl_mort,cycl_bgv,cycl_blg,cycl_indm
1,9,2,1,3,75,FRANCE,ILE-DE-FRANCE,015,75015,PARIS,RUE HAMEAU ,118643,0,4,VC,,2,2,1803,0,0,1,,,,1,7,0,0,1,0
5,9,1,1,3,75,FRANCE,ILE-DE-FRANCE,015,75015,PARIS,AVENUE MAINE ,118653,0,4,VC,,2,4,2101,48,3,1,,,,1,10,0,0,1,0
1,9,2,1,3,75,FRANCE,ILE-DE-FRANCE,015,75015,PARIS,BOULEVARD PASTEUR,118666,0,4,VC,,2,4,1009,0,1,1,,,,1,7,0,0,1,0
5,9,1,1,3,75,FRANCE,ILE-DE-FRANCE,017,75017,PARIS,RUE SAUSSURE ,118684,0,4,VC,,1,3,2009,124,0,1,,,,1,7,0,0,1,0
1,9,2,1,3,75,FRANCE,ILE-DE-FRANCE,019,75019,PARIS,AVENUE FLANDRE ,118686,0,4,VC,,2,4,1009,0,3,1,,,,1,2,0,0,1,0
1,9,1,2,3,75,FRANCE,ILE-DE-FRANCE,016,75016,PARIS,RUE CHARDON LAGACHE,118706,0,4,VC,,2,2,2009,0,0,1,,,,1,7,0,0,1,0
1,9,1,8,2,75,FRANCE,ILE-DE-FRANCE,015,75015,PARIS,RUE DESNOUETTES ,118718,0,4,VC,,1,1,2009,34,0,1,,,,1,7,0,0,1,0
1,9,2,2,3,75,FRANCE,ILE-DE-FRANCE,014,75014,PARIS,BOULEVARD EDGAR QUINET,118743,0,4,VC,,2,4,1009,0,0,1,,,,1,7,0,0,1,0
1,9,1,1,6,75,FRANCE,ILE-DE-FRANCE,010,75010,PARIS,RUE SAINT MAUR,118749,0,4,VC,,1,1,2009,200,0,1,,,,1,10,0,0,1,0
5,9,1,2,7,75,FRANCE,ILE-DE-FRANCE,012,75012,PARIS,RUE REUILLY ,118757,0,4,VC,,2,4,2308,84,0,4,,,,1,,0,0,1,0
1,9,3,1,3,75,FRANCE,ILE-DE-FRANCE,019,75019,PARIS,RUE BURNOUF ,118770,0,4,VC,,1,1,1009,0,0,1,,,,1,7,0,0,1,0
1,9,2,1,3,75,FRANCE,ILE-DE-FRANCE,010,75010,PARIS,RUE FAUBOURG SAINT DENIS ,118795,0,4,VC,,2,3,1009,0,0,1,,,,1,10,0,0,1,0
1,9,2,1,3,75,FRANCE,ILE-DE-FRANCE,004,75004,PARIS,AVENUE MARIA,118862,0,4,VC,,1,1,1009,0,0,1,,,,1,7,0,0,1,0
1,9,1,1,7,75,FRANCE,ILE-DE-FRANCE,008,75008,PARIS,AVENUE MARIGNY ,118865,0,4,VC,,2,2,2009,0,0,1,,,,1,,0,0,1,0
1,9,4,1,3,75,FRANCE,ILE-DE-FRANCE,015,75015,PARIS,AVENUE FELIX FAURE,118873,0,4,VC,,2,2,1009,0,0,1,,,,1,7,0,0,1,0
1,9,2,1,3,75,FRANCE,ILE-DE-FRANCE,019,75019,PARIS,AVENUE JEAN JAURES,118879,0,4,VC,,2,4,1009,0,0,1,,,,1,7,0,0,1,0
5,9,3,1,2,75,FRANCE,ILE-DE-FRANCE,019,75019,PARIS,RUE AUBERVILLIERS ,118881,0,4,VC,,1,2,1009,0,0,1,,,,1,7,0,0,1,0
1,9,2,1,3,75,FRANCE,ILE-DE-FRANCE,014,75014,PARIS,PLACE DENFERT ROCHEREAU,118887,0,4,VC,,1,3,1009,0,0,1,,,,1,7,0,0,1,0
5,9,1,2,3,75,FRANCE,ILE-DE-FRANCE,010,75010,PARIS,BOULEVARD MAGENTA,118901,0,4,VC,,2,4,2009,22,1,1,,,,1,7,0,0,1,0
5,9,5,8,6,75,FRANCE,ILE-DE-FRANCE,012,75012,PARIS,COURTELINE SQUARE,118956,0,4,VC,,1,4,1009,0,0,1,,,,1,10,0,0,1,0
1,9,1,1,3,75,FRANCE,ILE-DE-FRANCE,011,75011,PARIS,AVENUE REPUBLIQUE,118959,0,4,VC,,2,3,2009,6,0,1,,,,1,7,0,0,1,0
1,9,1,8,3,75,FRANCE,ILE-DE-FRANCE,019,75019,PARIS,AVENUE FLANDRE ,118983,0,4,VC,,1,2,2009,30,0,1,,,,1,7,0,0,1,0
1,9,1,1,6,75,FRANCE,ILE-DE-FRANCE,018,75018,PARIS,BOULEVARD CLICHY ,119013,0,4,VC,,3,2,2009,70,0,1,,,,1,,0,0,0,1
1,9,2,1,3,75,FRANCE,ILE-DE-FRANCE,018,75018,PARIS,BOULEVARD CHAPELLE ,119023,0,4,VC,,2,3,1009,0,1,1,,,,1,7,0,0,1,0
1,9,3,1,3,75,FRANCE,ILE-DE-FRANCE,016,75016,PARIS,BOULEVARD AMIRAL BRUIX ,119025,0,4,VC,,2,4,1803,0,0,1,,,,1,7,0,0,1,0
1,9,1,1,3,75,FRANCE,ILE-DE-FRANCE,011,75011,PARIS,BOULEVARD CHARONNE ,119027,0,4,VC,,1,2,2009,55,0,1,,,,1,10,0,0,1,1
1,9,1,1,3,75,FRANCE,ILE-DE-FRANCE,009,75009,PARIS,RUE DUNKERQUE ,119030,0,4,VC,,1,2,2009,44,0,1,,,,1,7,0,0,1,0
1,9,3,1,3,75,FRANCE,ILE-DE-FRANCE,003,75003,PARIS,RUE COMMINES,119036,0,4,VC,,1,1,1001,0,0,1,,,,1,4,0,0,1,0
1,9,1,1,3,75,FRANCE,ILE-DE-FRANCE,018,75018,PARIS,BOULEVARD BARBES,119049,0,4,VC,,2,4,2009,42,1,1,,,,1,7,0,0,1,0
1,9,1,1,3,75,FRANCE,ILE-DE-FRANCE,015,75015,PARIS,RUE CONVENTION ,119057,0,4,VC,,2,3,2009,170,0,1,,,,1,10,0,0,1,0
1,9,1,1,7,75,FRANCE,ILE-DE-FRANCE,011,75011,PARIS,RUE MERLIN,119064,0,4,VC,,1,1,2009,54,0,1,,,,1,,0,0,1,0
1,9,3,1,6,75,FRANCE,ILE-DE-FRANCE,016,75016,PARIS,BOULOGNE PORTE,119065,0,4,VC,,1,2,1009,0,0,1,,,,1,7,0,0,1,0
1,9,1,1,3,75,FRANCE,ILE-DE-FRANCE,008,75008,PARIS,AVENUE HOCHE,119068,0,4,VC,,2,2,2009,64,0,1,,,,1,5,0,0,1,0
1,9,2,1,3,75,FRANCE,ILE-DE-FRANCE,012,75012,PARIS,RUE BERCY ,119073,0,4,VC,,1,2,1009,0,0,1,,,,1,5,0,0,1,0
1,9,1,1,3,75,FRANCE,ILE-DE-FRANCE,018,75018,PARIS,RUE LETORT ,119089,0,4,VC,,1,1,2009,20,0,1,,,,1,7,0,0,1,0
5,9,3,1,3,75,FRANCE,ILE-DE-FRANCE,001,75001,PARIS,RUE BAILLEUL ,119096,0,4,VC,,1,1,1009,0,0,1,,,,1,7,0,0,1,0
1,9,1,1,6,75,FRANCE,ILE-DE-FRANCE,010,75010,PARIS,BOULEVARD MAGENTA,119130,0,4,VC,,2,3,2009,86,1,1,,,,1,,0,0,0,1
1,9,3,1,3,75,FRANCE,ILE-DE-FRANCE,010,75010,PARIS,RUE FAUBOURG SAINT DENIS ,119132,0,4,VC,,1,2,1009,0,0,1,,,,1,10,0,0,1,0
1,9,1,1,3,75,FRANCE,ILE-DE-FRANCE,010,75010,PARIS,RUE CHATEAU LANDON ,119138,0,4,VC,,2,2,2009,4,0,1,,,,1,7,0,0,1,0
1,9,1,1,6,75,FRANCE,ILE-DE-FRANCE,005,75005,PARIS,TINO ROSSI JAR,119141,0,4,VC,,1,4,2308,0,0,4,,,,1,,0,0,0,1
1,9,3,1,3,75,FRANCE,ILE-DE-FRANCE,007,75007,PARIS,RUE AMELIE ,119142,0,4,VC,,1,1,1009,0,0,1,,,,1,7,0,0,1,0
1,9,1,1,3,75,FRANCE,ILE-DE-FRANCE,012,75012,PARIS,RUE REUILLY ,119159,0,4,VC,,2,2,2009,104,0,1,,,,1,7,0,0,1,0
1,9,2,1,3,75,FRANCE,ILE-DE-FRANCE,002,75002,PARIS,RUE QUATRE SEPTEMBRE ,119166,0,4,VC,,1,3,1009,0,0,1,,,,1,7,0,0,1,0
1,9,1,1,3,75,FRANCE,ILE-DE-FRANCE,014,75014,PARIS,AVENUE MAINE ,119169,0,4,VC,,2,2,2009,66,0,1,,,,1,7,0,0,1,0
1,9,1,1,7,75,FRANCE,ILE-DE-FRANCE,018,75018,PARIS,BOULEVARD CLICHY ,119172,0,4,VC,,2,4,2009,76,1,1,,,,1,,0,0,1,0
1,9,1,1,6,75,FRANCE,ILE-DE-FRANCE,019,75019,PARIS,AVENUE SIMON BOLIVAR,119176,0,4,VC,,2,2,2009,124,0,1,,,,1,,,,,
1,9,3,1,3,75,FRANCE,ILE-DE-FRANCE,019,75019,PARIS,PLACE AUGUSTE BARON,119181,0,4,VC,,1,4,1109,0,0,1,,,,1,7,0,0,1,0
1,9,2,1,3,75,FRANCE,ILE-DE-FRANCE,004,75004,PARIS,RUE FERDINAND DUVAL ,119182,0,4,VC,,1,1,1009,0,0,1,,,,1,7,0,0,1,0
1,9,1,1,3,75,FRANCE,ILE-DE-FRANCE,005,75005,PARIS,RUE FOSSES SAINT BERNARD ,119183,0,4,VC,,2,2,2009,24,0,1,,,,1,10,0,0,1,0
1,9,1,1,6,75,FRANCE,ILE-DE-FRANCE,002,75002,PARIS,RUE MONTORGUEIL,119192,6,4,VC,,1,2,2009,96,0,1,,,,1,,0,0,0,1
1,9,2,1,3,75,FRANCE,ILE-DE-FRANCE,013,75013,PARIS,RUE DOCTEUR BOURNEVILLE ,119194,0,4,VC,,2,2,1009,0,0,1,,,,1,18,0,0,1,0
1,9,1,1,7,75,FRANCE,ILE-DE-FRANCE,012,75012,PARIS,RUE LYON,119195,0,4,VC,,2,4,2101,120,3,1,,,,1,,0,0,1,0
1,9,4,1,6,75,FRANCE,ILE-DE-FRANCE,015,75015,PARIS,BOULEVARD GARIBALDI,119207,0,4,VC,,2,3,1009,0,1,1,,,,1,,0,0,0,1
1,9,2,1,6,75,FRANCE,ILE-DE-FRANCE,016,75016,PARIS,AVENUE EDOUARD VAILLANT,119217,0,4,VC,,2,4,1009,0,0,1,,,,1,7,0,0,1,0
1,9,1,1,4,75,FRANCE,ILE-DE-FRANCE,016,75016,PARIS,TRIBUNES ROUTE,119223,0,4,VC,,2,3,2009,0,1,1,,,,1,,0,0,0,1
1,9,1,1,3,75,FRANCE,ILE-DE-FRANCE,018,75018,PARIS,RUE PAJOL ,119224,0,4,VC,,2,2,2009,26,0,1,,,,1,7,0,0,1,0
1,9,1,1,4,75,FRANCE,ILE-DE-FRANCE,003,75003,PARIS,BOULEVARD TEMPLE ,119233,0,4,VC,,2,4,2101,36,3,1,,,,1,7,0,0,1,0
1,9,2,1,3,75,FRANCE,ILE-DE-FRANCE,019,75019,PARIS,RUE BELLEVILLE,119252,0,4,VC,,2,3,1009,0,0,1,,,,1,18,0,0,1,0
1,9,1,1,3,75,FRANCE,ILE-DE-FRANCE,019,75019,PARIS,AVENUE CORENTIN CARIOU,119254,0,4,VC,,2,4,2009,54,1,1,,,,1,7,0,0,1,0
1,9,1,1,3,75,FRANCE,ILE-DE-FRANCE,010,75010,PARIS,AVENUE CLAUDE VELLEFAUX,119262,0,4,VC,,2,2,2009,16,0,1,,,,1,7,0,0,1,0
1,9,1,1,7,75,FRANCE,ILE-DE-FRANCE,010,75010,PARIS,BOULEVARD VILLETTE ,119265,0,4,VC,,3,3,2009,71,1,1,,,,1,,0,0,1,0
1,9,1,1,3,75,FRANCE,ILE-DE-FRANCE,010,75010,PARIS,BOULEVARD MAGENTA,119268,0,4,VC,,2,3,2009,72,1,1,,,,1,7,0,0,1,0
1,9,1,1,3,75,FRANCE,ILE-DE-FRANCE,007,75007,PARIS,RUE COGNACQ JAY ,119292,0,4,VC,,1,2,2009,4,0,1,,,,1,,0,0,0,1
1,9,2,1,3,75,FRANCE,ILE-DE-FRANCE,018,75018,PARIS,RUE LEON ,119293,0,4,VC,,1,1,1009,0,0,1,,,,1,7,0,0,1,0
1,9,1,1,3,75,FRANCE,ILE-DE-FRANCE,017,75017,PARIS,RUE ROME ,119300,0,4,VC,,2,2,2009,91,0,1,,,,1,7,0,0,1,0
1,9,2,1,2,75,FRANCE,ILE-DE-FRANCE,005,75005,PARIS,QUAI SAINT BERNARD,119310,0,4,VC,,1,4,1009,0,0,1,,,,1,7,0,0,1,0
5,9,2,1,3,75,FRANCE,ILE-DE-FRANCE,016,75016,PARIS,CHEMIN DE CEINTURE DU LAC INFERIEUR,119317,0,4,VC,,2,1,1009,0,0,1,,,,1,7,0,0,1,0
1,9,2,1,3,75,FRANCE,ILE-DE-FRANCE,006,75006,PARIS,BOULEVARD MONTPARNASSE ,119320,0,4,VC,,2,4,1001,0,3,1,,,,1,7,0,0,1,0
5,9,2,8,3,75,FRANCE,ILE-DE-FRANCE,001,75001,PARIS,PLACE CHATELET ,119323,0,4,VC,,1,2,1009,0,0,1,,,,1,7,0,0,1,0
1,9,1,1,3,75,FRANCE,ILE-DE-FRANCE,009,75009,PARIS,BOULEVARD MONTMARTRE,119348,0,4,VC,,1,4,2101,20,3,1,,,,1,7,0,0,1,0
1,9,1,1,3,75,FRANCE,ILE-DE-FRANCE,019,75019,PARIS,SEINE QUAI,119351,0,4,VC,,1,2,2009,20,0,1,,,,1,7,0,0,1,0
1,9,1,1,3,75,FRANCE,ILE-DE-FRANCE,005,75005,PARIS,RUE MONGE,119369,0,4,VC,,2,2,2009,54,0,1,,,,1,7,0,0,1,0
1,9,5,1,3,75,FRANCE,ILE-DE-FRANCE,008,75008,PARIS,RUE CONSTANTINOPLE ,119376,0,4,VC,,2,2,1009,0,0,1,,,,1,2,0,0,0,1
1,9,1,1,6,75,FRANCE,ILE-DE-FRANCE,016,75016,PARIS,SEVRES A NEUILLY ROUTE,119388,0,4,VC,,2,2,2009,0,1,1,,,,1,,,,,
1,9,1,1,3,75,FRANCE,ILE-DE-FRANCE,019,75019,PARIS,AVENUE FLANDRE ,119395,0,4,VC,,3,2,2009,14,0,1,,,,1,16,0,0,1,0
5,9,1,1,2,75,FRANCE,ILE-DE-FRANCE,005,75005,PARIS,RUE FOSSES SAINT BERNARD ,119412,0,4,VC,,2,4,2009,46,0,1,,,,1,4,0,0,1,0
2,9,1,1,3,75,FRANCE,ILE-DE-FRANCE,016,75016,PARIS,CHEMIN DE CEINTURE DU LAC INFERIEUR,119415,0,4,VC,,2,2,2009,0,0,1,,,,1,7,0,0,1,0
1,9,1,1,3,75,FRANCE,ILE-DE-FRANCE,020,75020,PARIS,RUE COURONNES ,119422,0,4,VC,,2,2,2009,56,0,1,,,,1,7,0,0,1,0
1,9,2,1,3,75,FRANCE,ILE-DE-FRANCE,001,75001,PARIS,PLACE ANDRE MALRAUX ,119433,0,4,VC,,1,2,1001,0,3,1,,,,1,18,0,0,1,0
1,9,1,1,3,75,FRANCE,ILE-DE-FRANCE,015,75015,PARIS,BOULEVARD VAUGIRARD ,119439,0,4,VC,,2,4,2101,28,3,1,,,,1,10,0,0,1,0
1,9,2,8,7,75,FRANCE,ILE-DE-FRANCE,012,75012,PARIS,RUE ELIE FAURE ,119455,0,4,VC,,2,2,1009,0,0,1,,,,1,,0,0,1,0
1,9,1,1,6,75,FRANCE,ILE-DE-FRANCE,010,75010,PARIS,BOULEVARD MAGENTA,119459,0,4,VC,,2,4,2009,32,1,1,,,,1,,0,0,1,0
5,9,2,1,3,75,FRANCE,ILE-DE-FRANCE,018,75018,PARIS,BOULEVARD CHAPELLE ,119460,0,4,VC,,3,2,1009,0,0,1,,,,1,7,0,0,1,0
1,9,1,1,6,75,FRANCE,ILE-DE-FRANCE,012,75012,PARIS,ESPLANADE SAINT LOUIS,119461,0,4,VC,,1,2,3009,0,1,1,,,,1,,0,0,1,0
1,9,2,1,2,75,FRANCE,ILE-DE-FRANCE,009,75009,PARIS,BOULEVARD HAUSSMANN,119493,0,4,VC,,1,2,1009,0,0,1,,,,1,7,0,0,1,0
1,9,1,1,3,75,FRANCE,ILE-DE-FRANCE,015,75015,PARIS,RUE SAINT CHARLES,119532,0,4,VC,,1,2,2009,202,0,1,,,,1,7,0,0,1,0
1,9,1,1,3,75,FRANCE,ILE-DE-FRANCE,020,75020,PARIS,VINCENNES CRS,119536,0,4,VC,,3,4,2009,89,1,1,,,,1,5,0,0,1,0
1,9,3,1,3,75,FRANCE,ILE-DE-FRANCE,004,75004,PARIS,RUE MALHER,119538,0,4,VC,,1,1,1001,0,0,1,,,,1,10,0,0,1,0
1,9,2,1,3,75,FRANCE,ILE-DE-FRANCE,001,75001,PARIS,PONT CHANGE,119553,0,4,VC,,2,4,1002,0,3,1,,,,1,2,0,0,1,0
1,9,1,1,3,75,FRANCE,ILE-DE-FRANCE,014,75014,PARIS,BOULEVARD ARAGO,119562,0,4,VC,,2,2,2009,116,0,1,,,,1,7,0,0,1,0
5,9,1,1,3,75,FRANCE,ILE-DE-FRANCE,004,75004,PARIS,RUE SAINT ANTOINE,119569,0,4,VC,,2,2,2009,10,1,1,,,,1,7,0,0,1,0
1,9,1,1,6,75,FRANCE,ILE-DE-FRANCE,016,75016,PARIS,AVENUE MARECHAL FRANCHET D'ESPEREY ,119587,0,4,VC,,1,1,2009,0,1,5,,,,1,,0,0,1,0
1,9,1,1,3,75,FRANCE,ILE-DE-FRANCE,008,75008,PARIS,RUE CLEMENT MAROT,119591,0,4,VC,,1,2,2009,8,0,1,,,,1,7,0,0,1,0
1,9,2,1,1,75,FRANCE,ILE-DE-FRANCE,009,75009,PARIS,RUE CONDORCET,119592,0,4,VC,,1,1,1009,0,0,1,,,,1,7,0,0,1,0
1,9,1,1,7,75,FRANCE,ILE-DE-FRANCE,016,75016,PARIS,AVENUE THEOPHILE GAUTIER,119593,0,4,VC,,2,2,2308,20,0,4,,,,1,,0,0,1,0
1,9,4,1,2,75,FRANCE,ILE-DE-FRANCE,016,75016,PARIS,SEINE A LA BUTTE MORTEMART ROUTE,119594,0,4,VC,,2,2,1009,0,0,1,,,,1,,,,,
1,9,2,1,3,75,FRANCE,ILE-DE-FRANCE,018,75018,PARIS,RUE ORDENER,119637,0,4,VC,,2,2,1009,0,0,1,,,,1,10,0,0,1,0
1,9,3,8,3,75,FRANCE,ILE-DE-FRANCE,009,75009,PARIS,RUE BOURDALOUE ,119648,0,4,VC,,1,1,1001,0,0,1,,,,1,18,0,0,1,0
1,9,1,1,6,75,FRANCE,ILE-DE-FRANCE,004,75004,PARIS,RUE RIVOLI ,119659,0,4,VC,,1,4,2308,32,0,4,,,,1,,,,,
1,9,3,1,6,75,FRANCE,ILE-DE-FRANCE,004,75004,PARIS,RUE CHANOINESSE ,119660,0,4,VC,,1,1,1009,0,0,1,,,,1,,0,0,0,1
1,9,2,1,3,75,FRANCE,ILE-DE-FRANCE,006,75006,PARIS,RUE SAINT ANDRE DES ARTS ,119663,0,4,VC,,2,2,1009,0,0,1,,,,1,7,0,0,1,0
1,9,5,1,3,75,FRANCE,ILE-DE-FRANCE,005,75005,PARIS,BOULEVARD SAINT GERMAIN,119664,0,4,VC,,1,4,1009,0,0,1,,,,1,5,0,0,1,0
1,9,2,1,3,75,FRANCE,ILE-DE-FRANCE,002,75002,PARIS,RUE PETITS CHAMPS ,119682,0,4,VC,,1,2,1009,0,0,1,,,,1,4,0,0,1,0
2,9,1,1,3,75,FRANCE,ILE-DE-FRANCE,008,75008,PARIS,PLACE CONCORDE ,119686,0,4,VC,,1,4,3009,0,0,1,,,,1,4,0,0,1,0
5,9,3,1,3,75,FRANCE,ILE-DE-FRANCE,006,75006,PARIS,RUE CHEVREUSE ,119701,0,4,VC,,2,2,1001,0,3,1,,,,1,7,0,0,1,0
1,9,1,1,3,75,FRANCE,ILE-DE-FRANCE,010,75010,PARIS,BOULEVARD MAGENTA,119702,0,4,VC,,2,4,2101,152,3,1,,,,1,7,0,0,1,0
1,9,5,1,3,75,FRANCE,ILE-DE-FRANCE,008,75008,PARIS,PLACE ALMA ,119720,0,4,VC,,1,8,1009,0,0,1,,,,1,7,0,0,1,0
1,9,2,1,6,75,FRANCE,ILE-DE-FRANCE,016,75016,PARIS,ALLEE LONGCHAMP,119727,0,4,VC,,2,2,1009,0,0,1,,,,1,7,0,0,1,0
1,9,3,1,3,75,FRANCE,ILE-DE-FRANCE,019,75019,PARIS,RUE MANIN,119732,0,4,VC,,2,2,1009,0,0,1,,,,1,7,0,0,1,0
1,9,2,1,3,75,FRANCE,ILE-DE-FRANCE,004,75004,PARIS,RUE DEUX PONTS ,119737,0,4,VC,,1,2,1009,0,0,1,,,,1,7,0,0,1,0
1,9,1,1,6,75,FRANCE,ILE-DE-FRANCE,010,75010,PARIS,BOULEVARD MAGENTA,119738,0,4,VC,,2,4,2101,4,0,1,,,,1,,0,0,0,1
1,9,2,1,3,75,FRANCE,ILE-DE-FRANCE,009,75009,PARIS,BOULEVARD HAUSSMANN,119753,0,4,VC,,1,2,1009,0,0,1,,,,1,7,0,0,1,0
5,9,2,2,3,75,FRANCE,ILE-DE-FRANCE,004,75004,PARIS,PONT CHANGE,119759,0,4,VC,,2,2,1009,0,0,1,,,,1,7,0,0,1,0
1,9,4,1,3,75,FRANCE,ILE-DE-FRANCE,016,75016,PARIS,AVENUE GEORGES MANDEL,119767,0,4,VC,,2,2,1009,0,0,1,,,,1,5,0,0,1,0
1,9,1,1,6,75,FRANCE,ILE-DE-FRANCE,010,75010,PARIS,BOULEVARD MAGENTA,119777,0,4,VC,,2,4,2009,148,0,1,,,,1,,,,,
1,9,1,1,3,75,FRANCE,ILE-DE-FRANCE,013,75013,PARIS,RUE GLACIERE ,119811,0,4,VC,,2,2,2009,80,0,1,,,,1,7,0,0,1,0
1,9,1,1,6,75,FRANCE,ILE-DE-FRANCE,018,75018,PARIS,RUE CUSTINE,119820,0,4,VC,,2,4,2308,12,0,4,,,,1,,0,0,0,1
1,9,2,2,3,75,FRANCE,ILE-DE-FRANCE,015,75015,PARIS,RUE DANTZIG ,119834,0,4,VC,,2,2,1009,0,0,1,,,,1,7,0,0,1,0
1,9,1,1,3,75,FRANCE,ILE-DE-FRANCE,008,75008,PARIS,PLACE CONCORDE ,119842,0,4,VC,,1,3,3009,4,0,1,,,,1,2,0,0,1,0
1,9,3,1,6,75,FRANCE,ILE-DE-FRANCE,013,75013,PARIS,RUE MICHEL PETER ,119843,0,4,VC,,1,1,1001,0,0,1,,,,1,,0,0,0,1
1,9,1,1,6,75,FRANCE,ILE-DE-FRANCE,003,75003,PARIS,BOULEVARD SEBASTOPOL ,119851,0,4,VC,,2,4,2101,98,3,1,,,,1,,0,0,0,1
5,9,1,1,7,75,FRANCE,ILE-DE-FRANCE,015,75015,PARIS,AVENUE PORTE DE SEVRES ,119856,0,4,VC,,2,4,2009,18,0,1,,,,1,,0,0,1,0
1,9,1,1,6,75,FRANCE,ILE-DE-FRANCE,019,75019,PARIS,BOULEVARD VILLETTE ,119871,0,4,VC,,2,4,2009,136,0,1,,,,1,,0,0,1,0
1,9,1,1,3,75,FRANCE,ILE-DE-FRANCE,017,75017,PARIS,AVENUE WAGRAM ,119913,0,4,VC,,2,2,2009,140,0,1,,,,1,5,0,0,1,0
1,9,2,8,3,75,FRANCE,ILE-DE-FRANCE,011,75011,PARIS,AVENUE BOUVINES ,119931,0,4,VC,,2,2,1009,0,0,1,,,,1,7,0,0,1,0
1,9,2,1,3,75,FRANCE,ILE-DE-FRANCE,019,75019,PARIS,BOULEVARD MACDONALD,119935,0,4,VC,,2,4,1803,0,3,1,,,,1,7,0,0,1,0
1,9,1,1,6,75,FRANCE,ILE-DE-FRANCE,010,75010,PARIS,BOULEVARD VILLETTE ,119974,0,4,VC,,2,4,2009,204,0,1,,,,1,7,0,0,1,0
1,9,1,1,6,75,FRANCE,ILE-DE-FRANCE,010,75010,PARIS,BOULEVARD MAGENTA,119975,0,4,VC,,2,4,2009,116,1,1,,,,1,,0,0,0,1
1,9,1,1,6,75,FRANCE,ILE-DE-FRANCE,010,75010,PARIS,RUE SAINT MAUR,119976,0,4,VC,,1,2,2009,212,0,1,,,,1,14,0,0,1,0
1,9,1,1,3,75,FRANCE,ILE-DE-FRANCE,010,75010,PARIS,VALMY QUAI,119984,0,4,VC,,1,2,2009,47,1,1,,,,1,7,0,0,1,0
1,9,1,1,3,75,FRANCE,ILE-DE-FRANCE,010,75010,PARIS,RUE FAUBOURG SAINT MARTIN ,119985,0,4,VC,,2,4,2101,264,3,1,,,,1,7,0,0,1,0
1,9,1,1,3,75,FRANCE,ILE-DE-FRANCE,010,75010,PARIS,BOULEVARD VILLETTE ,119988,0,4,VC,,1,2,2009,103,1,1,,,,1,10,0,0,1,0
1,9,2,8,3,75,FRANCE,ILE-DE-FRANCE,006,75006,PARIS,RUE MADAME ,119996,0,4,VC,,1,1,1001,0,0,1,,,,1,7,0,0,1,0
1,9,1,1,3,75,FRANCE,ILE-DE-FRANCE,010,75010,PARIS,RUE LEON JOUHAUX,120003,0,4,VC,,1,1,2009,12,0,1,,,,1,7,0,0,1,0
1,9,2,1,3,75,FRANCE,ILE-DE-FRANCE,012,75012,PARIS,AVENUE DOCTEUR ARNOLD NETTER ,120007,0,4,VC,,2,2,1009,0,0,1,,,,1,7,0,0,1,0
1,9,4,1,3,75,FRANCE,ILE-DE-FRANCE,016,75016,PARIS,AVENUE INGRES,120052,0,4,VC,,2,2,1009,0,0,1,,,,1,7,0,0,1,0
1,9,2,1,2,75,FRANCE,ILE-DE-FRANCE,015,75015,PARIS,RUE JAVEL ,120067,0,4,VC,,1,1,1009,0,0,1,,,,1,7,0,0,1,0
1,9,2,1,7,75,FRANCE,ILE-DE-FRANCE,005,75005,PARIS,RUE ECOLES ,120096,0,4,VC,,2,4,1009,0,0,1,,,,1,,0,0,1,0
1,9,1,1,3,75,FRANCE,ILE-DE-FRANCE,005,75005,PARIS,RUE MONGE,120098,0,4,VC,,2,2,2009,68,0,1,,,,1,7,0,0,1,0
1,9,2,8,3,75,FRANCE,ILE-DE-FRANCE,101,75101,PARIS,RUE DU LOUVRE,120116,0,4,VC,0,2,3,,,3,1,,,,1,13,0,0,1,0
5,9,7,3,3,75,FRANCE,ILE-DE-FRANCE,104,75104,PARIS,PLACE DE L'HOTEL DE VILLE,120129,0,4,VC,0,1,3,,,0,1,,,,1,33,0,0,1,0
1,9,1,1,3,75,FRANCE,ILE-DE-FRANCE,103,75103,PARIS,RUE DE TURBIGO,120145,0,4,VC,0,1,1,,,2,1,,,,1,30,0,0,1,0
1,9,1,2,3,75,FRANCE,ILE-DE-FRANCE,103,75103,PARIS,RUE DU TEMPLE,120148,0,4,VC,0,1,3,,,3,1,,,,1,7,0,0,1,0
1,9,2,1,2,75,FRANCE,ILE-DE-FRANCE,104,75104,PARIS,AVENUE VICTORIA,120160,0,4,VC,0,1,3,,,0,1,,,,1,7,0,0,1,0
1,9,2,1,3,75,FRANCE,ILE-DE-FRANCE,104,75104,PARIS,RUE DE RIVOLI,120161,0,4,VC,0,1,2,,,3,1,,,,1,14,0,0,1,0
1,9,4,1,3,75,FRANCE,ILE-DE-FRANCE,105,75105,PARIS,BOULEVARD DE L'HOPITAL,120174,5,4,VC,0,2,6,,,0,1,,,,1,7,0,0,1,0
1,9,1,2,7,75,FRANCE,ILE-DE-FRANCE,105,75105,PARIS,QUAI SAINT BERNARD,120175,0,4,VC,0,2,4,,,0,1,,,,1,37,0,0,1,0
1,9,2,1,3,75,FRANCE,ILE-DE-FRANCE,105,75105,PARIS,BOULEVARD SAINT MICHEL,120178,0,9,Autre,0,2,3,,,0,1,,,,1,7,0,0,1,0
1,9,1,1,6,75,FRANCE,ILE-DE-FRANCE,105,75105,PARIS,BOULEVARD SAINT MICHEL,120191,0,4,VC,0,2,3,,,3,1,,,,1,7,0,0,1,0