lum,agg,int,atm,col,dep_bis,pays,region,com_bis,com_codeINSEE,communes,N_voie,numac,infra,catr,type_route,voie,circ,nbv,pr,pr1,vosp,situ,lat,long,adr,accident_velo,vehicule_imp,cycl_mort,cycl_bgv,cycl_blg,cycl_indm
1,9,1,1,2,75,FRANCE,ILE-DE-FRANCE,106,75106,PARIS,RUE MONSIEUR LE PRINCE,120197,0,4,VC,0,1,1,,,0,1,,,,1,7,0,0,1,0
1,9,1,1,6,75,FRANCE,ILE-DE-FRANCE,107,75107,PARIS,AVENUE DE SUFFREN,120209,0,4,VC,0,3,2,,,0,1,,,,1,7,0,0,1,0
1,9,2,1,3,75,FRANCE,ILE-DE-FRANCE,107,75107,PARIS,RUE DU BAC,120210,5,4,VC,0,2,2,,,0,1,,,,1,99,0,0,1,0
1,9,2,1,3,75,FRANCE,ILE-DE-FRANCE,107,75107,PARIS,QUAI ANATOLE FRANCE,120212,0,4,VC,0,1,4,,,1,1,,,,1,30,0,0,1,0
1,9,1,8,3,75,FRANCE,ILE-DE-FRANCE,108,75108,PARIS,AVENUE MONTAIGNE,120230,0,4,VC,0,2,2,,,3,1,,,,1,7,0,0,1,0
1,9,1,1,2,75,FRANCE,ILE-DE-FRANCE,108,75108,PARIS,RUE LA BOETIE,120255,0,4,VC,0,1,3,,,3,1,,,,1,37,0,0,1,0
1,9,5,1,3,75,FRANCE,ILE-DE-FRANCE,108,75108,PARIS,ROND-POINT CHAMPS ELYSEES,120256,5,4,VC,0,2,2,,,0,1,,,,1,7,0,0,1,0
1,9,1,8,6,75,FRANCE,ILE-DE-FRANCE,109,75109,PARIS,RUE D'AMSTERDAM,120267,0,4,VC,0,1,2,,,3,1,,,,1,7,0,0,1,0
1,9,1,1,3,75,FRANCE,ILE-DE-FRANCE,110,75110,PARIS,QUAI DE VALMY,120288,0,4,VC,0,1,2,,,1,5,,,,1,7,0,0,1,0
1,9,1,1,3,75,FRANCE,ILE-DE-FRANCE,111,75111,PARIS,RUE DES TROIS BORNES,120291,0,4,VC,0,1,1,,,0,1,,,,1,7,0,0,1,0
1,9,3,1,2,75,FRANCE,ILE-DE-FRANCE,111,75111,PARIS,RUE AMELOT,120294,0,4,VC,0,1,1,,,0,1,,,,1,,0,0,1,0
1,9,2,1,3,75,FRANCE,ILE-DE-FRANCE,111,75111,PARIS,RUE DU CHEMIN VERT,120297,0,4,VC,0,1,1,,,0,1,,,,1,32,0,0,0,1
1,9,3,1,2,75,FRANCE,ILE-DE-FRANCE,111,75111,PARIS,RUE POPINCOURT,120299,0,4,VC,0,1,1,,,0,2,,,,1,7,0,0,1,0
1,9,3,2,3,75,FRANCE,ILE-DE-FRANCE,111,75111,PARIS,BOULEVARD DE MENILMONTANT,120320,0,4,VC,0,1,2,,,1,1,,,,1,7,0,0,1,0
1,9,3,2,3,75,FRANCE,ILE-DE-FRANCE,111,75111,PARIS,BOULEVARD RICHARD LENOIR,120322,0,4,VC,0,2,1,,,1,5,,,,1,2,0,0,1,0
1,9,1,8,3,75,FRANCE,ILE-DE-FRANCE,111,75111,PARIS,RUE DE LA ROQUETTE,120324,0,4,VC,0,1,1,,,0,1,,,,1,7,0,0,1,0
1,9,6,1,3,75,FRANCE,ILE-DE-FRANCE,112,75112,PARIS,ROUTE DE LA PYRAMIDE,120327,0,4,VC,0,2,2,,,0,1,,,,1,7,0,0,1,0
2,9,1,1,3,75,FRANCE,ILE-DE-FRANCE,112,75112,PARIS,OULEVARD DE LA BASTILLE,120328,1,9,Autre,0,2,2,,,1,5,,,,1,33,0,0,1,0
1,9,2,1,7,75,FRANCE,ILE-DE-FRANCE,112,75112,PARIS,AVENUE DAUMESNIL,120332,0,2,RN,0,1,3,,,0,0,,,,1,,0,0,1,0
1,9,5,1,3,75,FRANCE,ILE-DE-FRANCE,112,75112,PARIS,RUE JEAN BOUTON,120333,0,4,VC,0,1,1,,,0,1,,,,1,10,0,0,1,0
1,9,4,8,2,75,FRANCE,ILE-DE-FRANCE,112,75112,PARIS,RUE DE GRAVELLE,120343,5,4,VC,0,2,2,,,0,1,,,,1,10,0,0,1,0
1,9,2,1,3,75,FRANCE,ILE-DE-FRANCE,112,75112,PARIS,QUAI DE LA RAPEE,120353,5,4,VC,0,2,7,,,2,1,,,,1,30,0,0,1,0
1,9,2,1,3,75,FRANCE,ILE-DE-FRANCE,113,75113,PARIS,RUE DE LA SANTE,120389,0,4,VC,0,2,2,,,0,1,,,,1,7,0,0,1,0
1,9,1,1,6,75,FRANCE,ILE-DE-FRANCE,114,75114,PARIS,BOULEVARD RASPAIL,120396,0,4,VC,0,2,5,,,3,1,,,,1,7,0,0,1,0
1,9,1,1,6,75,FRANCE,ILE-DE-FRANCE,114,75114,PARIS,RUE VERCINGETORIX,120399,0,4,VC,0,2,2,,,1,5,,,,1,,0,0,1,0
1,9,1,1,6,75,FRANCE,ILE-DE-FRANCE,114,75114,PARIS,BOULEVARD JOURDAN,120407,0,9,Autre,0,1,1,,,1,5,,,,1,,0,0,0,1
1,9,3,1,3,75,FRANCE,ILE-DE-FRANCE,114,75114,PARIS,AVENUE DU GENERAL LECLERC,120415,0,4,VC,0,2,5,,,0,1,,,,1,7,0,0,1,0
1,9,3,1,6,75,FRANCE,ILE-DE-FRANCE,114,75114,PARIS,RUE VERCINGETORIX,120417,0,4,VC,0,2,2,,,0,1,,,,1,,0,0,0,1
1,9,3,1,2,75,FRANCE,ILE-DE-FRANCE,114,75114,PARIS,RUE DES PLANTES,120418,0,4,VC,0,1,1,,,0,1,,,,1,33,0,0,0,1
1,9,4,1,2,75,FRANCE,ILE-DE-FRANCE,115,75115,PARIS,RUE DE LA CONVENTION,120427,0,9,Autre,0,4,1,,,3,1,,,,1,10,0,0,1,0
1,9,1,1,3,75,FRANCE,ILE-DE-FRANCE,115,75115,PARIS,RUE PECLET,120434,0,9,Autre,0,1,1,,,0,4,,,,1,7,0,0,1,0
1,9,1,3,2,75,FRANCE,ILE-DE-FRANCE,115,75115,PARIS,RUE DE LA CONVENTION,120437,0,4,VC,0,2,2,,,0,1,,,,1,30,0,0,1,0
1,9,7,8,3,75,FRANCE,ILE-DE-FRANCE,116,75116,PARIS,PLACE DE COSTA RICA,120441,0,4,VC,0,0,2,,,0,1,,,,1,7,0,0,1,0
1,9,2,1,2,75,FRANCE,ILE-DE-FRANCE,116,75116,PARIS,ROUTE DE SEVRES A NEUILLY,120448,0,4,VC,0,2,1,,,0,1,,,,1,7,0,0,1,0
1,9,1,1,6,75,FRANCE,ILE-DE-FRANCE,116,75116,PARIS,ROUTE DES TRIBUNES,120455,0,4,VC,0,3,2,,,1,5,,,,1,,0,0,1,0
1,9,1,1,7,75,FRANCE,ILE-DE-FRANCE,116,75116,PARIS,RUE DE L'ASSOMPTION,120468,0,4,VC,0,1,1,,,0,1,,,,1,,0,0,1,0
1,9,1,8,6,75,FRANCE,ILE-DE-FRANCE,117,75117,PARIS,AVENUE DE SAINT OUEN,120488,0,4,VC,0,2,2,,,0,1,,,,1,,,,,
1,9,1,1,6,75,FRANCE,ILE-DE-FRANCE,118,75118,PARIS,RUE ORDENER,120531,0,4,VC,0,2,2,,,0,1,,,,1,7,0,0,1,0
1,9,1,1,6,75,FRANCE,ILE-DE-FRANCE,119,75119,PARIS,BOULEVARD DE LA VILLETTE,120557,0,4,VC,0,1,2,,,3,4,,,,1,,0,0,0,1
1,9,1,1,3,75,FRANCE,ILE-DE-FRANCE,119,75119,PARIS,RUE DE CRIMEE,120573,0,4,VC,0,1,1,,,0,1,,,,1,7,0,0,1,0
1,9,2,1,3,75,FRANCE,ILE-DE-FRANCE,119,75119,PARIS,RUE DE CRIMEE,120578,0,4,VC,0,2,2,,,0,1,,,,1,7,0,0,1,0
1,9,1,1,7,75,FRANCE,ILE-DE-FRANCE,119,75119,PARIS,RUE MANIN,120582,0,4,VC,0,2,2,,,0,1,,,,1,,0,0,1,0
1,9,1,1,7,75,FRANCE,ILE-DE-FRANCE,119,75119,PARIS,AVENUE JEAN JAURES,120584,0,4,VC,0,2,2,,,2,4,,,,1,,0,0,1,0
1,9,1,1,3,75,FRANCE,ILE-DE-FRANCE,119,75119,PARIS,RUE CARREL ARMAND,120586,0,4,VC,0,2,3,,,1,1,,,,1,7,0,0,1,1
1,9,3,1,3,75,FRANCE,ILE-DE-FRANCE,120,75120,PARIS,BOULEVARD MORTIER,120597,5,4,VC,0,0,2,,,1,1,,,,1,3,0,0,1,0
1,9,1,1,3,75,FRANCE,ILE-DE-FRANCE,120,75120,PARIS,RUE DE MENILMONTANT,120608,0,4,VC,0,2,2,,,3,1,,,,1,10,0,0,1,0
1,9,1,1,5,75,FRANCE,ILE-DE-FRANCE,120,75120,PARIS,RUE LEON FRAPIE,120610,0,4,VC,0,2,2,,,1,5,,,,1,7,0,0,1,0
5,9,3,1,6,75,FRANCE,ILE-DE-FRANCE,120,75120,PARIS,BOULEVARD DE MENILMONTANT,120615,0,4,VC,0,0,1,,,1,5,,,,1,7,0,0,1,0
1,9,1,1,3,75,FRANCE,ILE-DE-FRANCE,120,75120,PARIS,RUE JEAN VEBER,120617,0,4,VC,0,2,1,,,0,1,,,,1,7,0,0,1,0
1,9,2,1,3,75,FRANCE,ILE-DE-FRANCE,120,75120,PARIS,BOULEVARD MORTIER,120620,5,4,VC,0,2,2,,,0,1,,,,1,7,0,0,1,0
1,9,1,1,6,75,FRANCE,ILE-DE-FRANCE,120,75120,PARIS,RUE DES PYRENEES,120632,0,4,VC,0,2,2,,,0,1,,,,1,7,0,0,1,0
1,9,1,8,3,75,FRANCE,ILE-DE-FRANCE,108,75108,PARIS,RUE JEAN MERMOZ,120650,0,4,VC,0,1,1,,,0,1,,,,1,7,0,0,1,0
1,9,1,1,6,75,FRANCE,ILE-DE-FRANCE,101,75101,PARIS,RUE DE RIVOLI,120700,0,4,VC,0,1,3,,,3,1,,,,1,7,0,0,1,0
1,9,1,8,6,75,FRANCE,ILE-DE-FRANCE,101,75101,PARIS,RUE DE RIVOLI,120707,0,4,VC,0,1,1,,,1,5,,,,1,,0,0,0,1
1,9,1,1,6,75,FRANCE,ILE-DE-FRANCE,101,75101,PARIS,RUE DE RIVOLI,120715,0,4,VC,0,1,0,,,3,1,,,,1,37,0,0,1,0
1,9,1,2,5,75,FRANCE,ILE-DE-FRANCE,103,75103,PARIS,RUE SAINT MARTIN,120735,0,4,VC,0,1,2,,,3,1,,,,1,7,0,0,1,0
1,9,1,1,6,75,FRANCE,ILE-DE-FRANCE,104,75104,PARIS,QUAI DE L'HOTEL DE VILLE,120750,0,4,VC,0,2,3,,,0,1,,,,1,7,0,0,1,0
1,9,2,8,6,75,FRANCE,ILE-DE-FRANCE,105,75105,PARIS,PONT SAINT MICHEL,120751,0,4,VC,0,2,4,,,3,1,,,,1,37,0,0,1,0
1,9,1,1,6,75,FRANCE,ILE-DE-FRANCE,104,75104,PARIS,VC 0,120754,0,4,VC,0,1,1,,,0,1,,,,1,,,,,
1,9,1,1,7,75,FRANCE,ILE-DE-FRANCE,104,75104,PARIS,QUAI DES CELESTINS,120761,0,4,VC,0,2,0,,,0,4,,,,1,,0,0,1,0
1,9,2,1,3,75,FRANCE,ILE-DE-FRANCE,104,75104,PARIS,QUAI HENRI IV,120762,0,4,VC,0,1,2,,,0,1,,,,1,10,0,0,1,0
1,9,1,8,3,75,FRANCE,ILE-DE-FRANCE,105,75105,PARIS,QUAI DE LA TOURNELLE,120772,0,4,VC,0,1,3,,,0,1,,,,1,7,0,0,1,0
1,9,1,1,6,75,FRANCE,ILE-DE-FRANCE,105,75105,PARIS,RUE SAINT JACQUES,120776,0,4,VC,0,1,1,,,2,1,,,,1,,0,0,0,1
5,9,1,1,3,75,FRANCE,ILE-DE-FRANCE,105,75105,PARIS,PONT D'AUSTERLITZ,120777,0,4,VC,0,4,7,,,0,1,,,,1,7,0,0,1,0
1,9,1,1,6,75,FRANCE,ILE-DE-FRANCE,106,75106,PARIS,BOULEVARD SAINT MICHEL,120783,0,4,VC,0,3,2,58,0,0,1,,,,1,,0,0,0,1
1,9,2,2,1,75,FRANCE,ILE-DE-FRANCE,106,75106,PARIS,RUE DE VAUGIRARD,120785,0,4,VC,0,2,2,,,0,1,,,,1,7,0,0,1,0
1,9,1,1,6,75,FRANCE,ILE-DE-FRANCE,106,75106,PARIS,QUAI DE CONTI,120793,0,9,Autre,0,1,4,,,3,4,,,,1,,0,0,1,0
1,9,3,8,3,75,FRANCE,ILE-DE-FRANCE,107,75107,PARIS,QUAI VOLTAIRE,120797,0,4,VC,0,1,3,,,0,1,,,,1,32,0,0,1,0
1,9,1,1,3,75,FRANCE,ILE-DE-FRANCE,107,75107,PARIS,VOIE EXPRESS RIVE GAUCHE,120804,0,4,VC,0,0,2,,,0,0,,,,1,,0,0,0,1
1,9,2,1,2,75,FRANCE,ILE-DE-FRANCE,107,75107,PARIS,PONT DE LA CONCORDE,120805,5,4,VC,0,2,3,,,1,1,,,,1,7,0,0,1,0
1,9,1,1,3,75,FRANCE,ILE-DE-FRANCE,107,75107,PARIS,AVENUE JOSEPH BOUVARD,120808,0,4,VC,0,1,1,,,0,1,,,,1,7,0,0,1,0
1,9,1,1,6,75,FRANCE,ILE-DE-FRANCE,108,75108,PARIS,PLACE DE LA CONCORDE,120832,0,4,VC,0,1,0,,,0,1,,,,1,33,0,0,1,0
1,9,1,1,3,75,FRANCE,ILE-DE-FRANCE,108,75108,PARIS,RUE DU FAUBOURG SAINT HONORE,120838,0,4,VC,0,1,1,,,0,1,,,,1,7,0,0,1,0
1,9,1,1,2,75,FRANCE,ILE-DE-FRANCE,108,75108,PARIS,COURS ALBERT 1ER,120851,0,4,VC,0,1,4,,,0,1,,,,1,7,0,0,1,0
1,9,1,1,3,75,FRANCE,ILE-DE-FRANCE,108,75108,PARIS,AVENUE DES CHAMPS ELYSEES,120853,0,4,VC,0,2,8,,,0,1,,,,1,7,0,0,1,0
1,9,1,1,3,75,FRANCE,ILE-DE-FRANCE,109,75109,PARIS,BOULEVARD HAUSSMANN,120868,0,4,VC,0,1,1,,,0,1,,,,1,7,0,0,1,0
1,9,2,1,3,75,FRANCE,ILE-DE-FRANCE,109,75109,PARIS,BOULEVARD HAUSSMANN,120878,5,4,VC,0,1,3,,,0,1,,,,1,7,0,0,1,0
1,9,1,1,3,75,FRANCE,ILE-DE-FRANCE,110,75110,PARIS,BOULEVARD DE LA CHAPELLE,120887,2,4,VC,0,1,1,,,0,5,,,,1,7,0,0,1,0
1,9,1,2,6,75,FRANCE,ILE-DE-FRANCE,110,75110,PARIS,BOULEVARD DE MAGENTA,120894,0,4,VC,0,2,2,,,1,4,,,,1,,0,0,0,1
1,9,1,1,6,75,FRANCE,ILE-DE-FRANCE,110,75110,PARIS,BOULEVARD DE MAGENTA,120904,0,4,VC,0,2,6,,,1,5,,,,1,,0,0,0,1
1,9,1,2,6,75,FRANCE,ILE-DE-FRANCE,111,75111,PARIS,BOULEVARD DE MENILMONTANT,120931,0,4,VC,0,1,1,,,1,5,,,,1,,0,0,0,1
1,9,1,1,6,75,FRANCE,ILE-DE-FRANCE,111,75111,PARIS,RUE DE CHARONNE,120942,0,2,RN,0,2,1,,,0,1,,,,1,7,0,0,1,0
1,9,1,8,7,75,FRANCE,ILE-DE-FRANCE,112,75112,PARIS,ROUTE DAUPHINE,120951,0,9,Autre,0,1,1,,,1,5,,,,1,,0,0,1,0
1,9,1,1,3,75,FRANCE,ILE-DE-FRANCE,112,75112,PARIS,COURS DE VINCENNES,120962,0,4,VC,0,1,1,,,0,1,,,,1,7,0,0,1,0
1,9,1,1,6,75,FRANCE,ILE-DE-FRANCE,112,75112,PARIS,AVENUE DU GENERAL MICHEL BIZOT,120985,0,4,VC,0,2,2,,,0,1,,,,1,7,0,0,1,0
1,9,3,8,3,75,FRANCE,ILE-DE-FRANCE,113,75113,PARIS,AVENUE DES GOBELINS,120992,0,4,VC,0,2,2,,,3,1,,,,1,7,0,0,1,0
1,9,1,1,2,75,FRANCE,ILE-DE-FRANCE,113,75113,PARIS,AVENUE D'IVRY,121004,0,9,Autre,0,1,2,,,0,1,,,,1,7,0,0,1,0
1,9,2,1,3,75,FRANCE,ILE-DE-FRANCE,113,75113,PARIS,RUE BOBILLOT ,121008,5,9,Autre,0,2,2,,,0,1,,,,1,7,0,0,1,0
1,9,1,1,2,75,FRANCE,ILE-DE-FRANCE,113,75113,PARIS,BOULEVARD AUGUSTE BLANQUI,121011,0,4,VC,0,3,3,,,1,1,,,,1,7,0,0,1,0
1,9,1,1,6,75,FRANCE,ILE-DE-FRANCE,113,75113,PARIS,AVENUE D'IVRY,121018,0,4,VC,0,1,2,,,0,1,,,,1,7,0,0,1,0
1,9,2,1,6,75,FRANCE,ILE-DE-FRANCE,113,75113,PARIS,RUE REGNAULT,121021,0,4,VC,0,2,2,,,0,1,,,,1,10,0,0,1,0
1,9,1,1,6,75,FRANCE,ILE-DE-FRANCE,113,75113,PARIS,AVENUE D'ITALIE,121022,0,4,VC,0,2,4,,,0,1,,,,1,10,0,0,1,0
1,9,1,1,6,75,FRANCE,ILE-DE-FRANCE,114,75114,PARIS,RUE VERCINGETORIX,121028,6,4,VC,0,0,0,,,0,0,,,,1,,,,,
1,9,2,2,3,75,FRANCE,ILE-DE-FRANCE,114,75114,PARIS,RUE DU FAUBOURG SAINT JACQUES,121030,0,2,RN,0,1,0,,,0,1,,,,1,32,0,0,1,0
5,9,1,1,6,75,FRANCE,ILE-DE-FRANCE,114,75114,PARIS,RUE DE LA TOMBE ISSOIRE,121038,0,4,VC,0,1,1,,,1,4,,,,1,,0,0,1,0
1,9,2,1,3,75,FRANCE,ILE-DE-FRANCE,114,75114,PARIS,AVENUE DE LA PORTE DE CHATILLON,121043,0,4,VC,0,2,2,,,0,1,,,,1,10,0,0,1,0
1,9,1,1,7,75,FRANCE,ILE-DE-FRANCE,114,75114,PARIS,AVENUE REILLE,121045,0,4,VC,0,2,2,,,0,1,,,,1,,0,0,1,0
1,9,3,1,6,75,FRANCE,ILE-DE-FRANCE,115,75115,PARIS,VC 0,121051,0,4,VC,0,2,2,,,0,1,,,,1,7,0,0,1,0
1,9,1,1,6,75,FRANCE,ILE-DE-FRANCE,115,75115,PARIS,RUE OLIVIER DE SERRES,121061,0,9,Autre,0,1,1,,,0,1,,,,1,,0,0,0,1
1,9,2,1,3,75,FRANCE,ILE-DE-FRANCE,115,75115,PARIS,RUE DE LA CONVENTION,121064,0,4,VC,0,2,2,,,3,1,,,,1,30,0,0,1,0
1,9,1,1,7,75,FRANCE,ILE-DE-FRANCE,115,75115,PARIS,RUE HENRY FARMAN,121067,0,3,RD,0,2,1,,,2,5,,,,1,,0,0,1,0
2,9,1,1,7,75,FRANCE,ILE-DE-FRANCE,116,75116,PARIS,AVENUE DE LA GRANDE ARMEE,121070,0,4,VC,0,1,0,,,0,0,,,,1,7,0,0,1,0
1,9,1,1,3,75,FRANCE,ILE-DE-FRANCE,116,75116,PARIS,AVENUE DE NEW YORK,121078,0,4,VC,0,1,4,1,0,0,1,,,,1,7,0,0,1,0
1,9,1,1,7,75,FRANCE,ILE-DE-FRANCE,116,75116,PARIS,RUE RAYNOUARD,121111,0,9,Autre,0,0,1,,,0,1,,,,1,,0,0,1,0
1,9,1,1,6,75,FRANCE,ILE-DE-FRANCE,117,75117,PARIS,RUE DE COURCELLES,121144,0,4,VC,0,2,2,,,0,1,,,,1,7,0,0,1,0
1,9,1,2,6,75,FRANCE,ILE-DE-FRANCE,118,75118,PARIS,BOULEVARD DE LA CHAPELLE,121154,0,4,VC,0,1,1,,,1,5,,,,1,,0,0,0,1
1,9,1,2,6,75,FRANCE,ILE-DE-FRANCE,118,75118,PARIS,BOULEVARD NEY,121155,0,4,VC,0,3,1,,,3,1,,,,1,7,0,0,1,0
1,9,1,1,6,75,FRANCE,ILE-DE-FRANCE,119,75119,PARIS,PLACE DES FETES,121194,0,9,Autre,0,0,0,1,0,0,0,,,,1,,0,0,0,1
1,9,2,1,6,75,FRANCE,ILE-DE-FRANCE,119,75119,PARIS,AVENUE DE FLANDRE,121195,5,4,VC,0,1,1,,,0,1,,,,1,,0,0,0,1
1,9,1,3,3,75,FRANCE,ILE-DE-FRANCE,101,75101,PARIS,BOULEVARD DU PALAIS,121291,0,4,VC,0,2,4,,,1,1,,,,1,10,0,0,1,0
5,9,1,1,6,75,FRANCE,ILE-DE-FRANCE,101,75101,PARIS,RUE SAINT HONORE,121292,0,4,VC,0,1,2,,,0,1,,,,1,10,0,0,1,0
1,9,1,1,3,75,FRANCE,ILE-DE-FRANCE,103,75103,PARIS,RUE REAUMUR,121299,0,4,VC,0,1,2,,,3,1,,,,1,7,0,0,1,0
5,9,1,1,2,75,FRANCE,ILE-DE-FRANCE,104,75104,PARIS,RUE SAINT ANTOINE,121307,6,9,Autre,0,1,1,,,0,4,,,,1,,0,0,0,1
1,9,1,1,2,75,FRANCE,ILE-DE-FRANCE,104,75104,PARIS,BOULEVARD HENRI IV,121309,0,4,VC,0,2,3,,,2,5,,,,1,,0,0,1,0
1,9,1,8,7,75,FRANCE,ILE-DE-FRANCE,104,75104,PARIS,QUAI DE L'HOTEL DE VILLE,121311,0,4,VC,0,2,4,,,0,1,,,,1,7,0,0,1,0
1,9,1,2,2,75,FRANCE,ILE-DE-FRANCE,104,75104,PARIS,PLACE DE LA BASTILLE,121312,0,4,VC,0,1,3,,,0,1,,,,1,7,0,0,1,0
1,9,1,2,6,75,FRANCE,ILE-DE-FRANCE,104,75104,PARIS,RUE DU RENARD,121313,0,4,VC,0,1,3,,,3,1,,,,1,,0,0,1,0
5,9,1,1,3,75,FRANCE,ILE-DE-FRANCE,104,75104,PARIS,RUE DE RIVOLI,121314,0,4,VC,0,1,3,,,3,1,,,,1,37,0,0,1,0
1,9,3,8,3,75,FRANCE,ILE-DE-FRANCE,105,75105,PARIS,BOULEVARD SAINT GERMAIN,121323,0,4,VC,0,1,3,,,3,5,,,,1,37,0,0,1,0
1,9,1,8,2,75,FRANCE,ILE-DE-FRANCE,106,75106,PARIS,QUAI MALAQUAIS,121335,0,4,VC,0,1,5,,,0,1,,,,1,7,0,0,1,0
1,9,1,1,6,75,FRANCE,ILE-DE-FRANCE,107,75107,PARIS,AVENUE DE VILLARS,121345,0,4,VC,0,2,2,,,0,1,,,,1,7,0,0,1,0
1,9,9,1,4,75,FRANCE,ILE-DE-FRANCE,107,75107,PARIS,GARE DU QUAI D'ORSAY,121346,2,4,VC,0,3,4,,,0,1,,,,1,7,0,0,1,0
5,9,1,1,7,75,FRANCE,ILE-DE-FRANCE,109,75109,PARIS,RUE DU FAUBOURG POISSONNIERE,121380,0,9,Autre,0,1,1,,,0,1,,,,1,,0,0,1,0
1,9,2,1,1,75,FRANCE,ILE-DE-FRANCE,110,75110,PARIS,RUE DU FAUBOURG SAINT MARTIN,121396,5,4,VC,0,2,2,,,3,1,,,,1,37,0,0,1,0
1,9,2,1,2,75,FRANCE,ILE-DE-FRANCE,110,75110,PARIS,BOULEVARD DE LA CHAPELLE,121400,0,4,VC,0,1,3,,,0,1,,,,1,7,0,0,1,0
1,9,1,1,7,75,FRANCE,ILE-DE-FRANCE,110,75110,PARIS,BOULEVARD DE LA CHAPELLE,121403,0,4,VC,0,1,1,,,2,5,,,,1,,0,0,1,0
5,9,1,1,3,75,FRANCE,ILE-DE-FRANCE,110,75110,PARIS,RUE LA FAYETTE,121406,0,4,VC,0,2,4,,,3,1,,,,1,7,0,0,1,0
1,9,1,1,5,75,FRANCE,ILE-DE-FRANCE,110,75110,PARIS,BOULEVARD BONNE NOUVELLE,121407,0,4,VC,0,1,3,,,3,1,,,,1,7,0,0,1,0
1,9,2,1,3,75,FRANCE,ILE-DE-FRANCE,111,75111,PARIS,BOULEVARD VOLTAIRE,121410,0,4,VC,0,2,2,,,0,1,,,,1,7,0,0,1,0
1,9,3,1,2,75,FRANCE,ILE-DE-FRANCE,111,75111,PARIS,PLACE DE LA REPUBLIQUE,121413,0,4,VC,0,1,1,,,0,1,,,,1,7,0,0,1,0
1,9,1,1,3,75,FRANCE,ILE-DE-FRANCE,111,75111,PARIS,RUE DU FAUBOURG SAINT ANTOINE,121429,0,4,VC,0,2,1,,,0,1,,,,1,31,0,0,1,0
1,9,2,3,3,75,FRANCE,ILE-DE-FRANCE,112,75112,PARIS,BOULEVARD PONIATOWSKI,121439,0,4,VC,0,2,3,,,0,1,,,,1,7,0,0,1,0
1,9,1,8,7,75,FRANCE,ILE-DE-FRANCE,112,75112,PARIS,RUE DU FAUBOURG SAINT ANTOINE,121440,0,4,VC,0,2,3,,,3,1,,,,1,,0,0,1,0
1,9,1,8,6,75,FRANCE,ILE-DE-FRANCE,112,75112,PARIS,RUE BARON LE ROY,121441,0,4,VC,0,2,0,,,0,4,,,,1,7,0,0,1,0
1,9,6,1,2,75,FRANCE,ILE-DE-FRANCE,112,75112,PARIS,PLACE DE LA NATION,121444,0,4,VC,0,1,0,,,0,1,,,,1,7,0,0,1,0
1,9,1,1,7,75,FRANCE,ILE-DE-FRANCE,112,75112,PARIS,ROUTE DE LA PYRAMIDE,121452,0,9,Autre,0,1,1,,,1,5,,,,1,,0,0,1,0
1,9,1,1,6,75,FRANCE,ILE-DE-FRANCE,113,75113,PARIS,BOULEVARD VINCENT AURIOL,121466,0,4,VC,0,1,2,,,0,1,,,,1,7,0,0,1,0
1,9,1,1,3,75,FRANCE,ILE-DE-FRANCE,113,75113,PARIS,AVENUE D'ITALIE,121469,0,9,Autre,0,2,2,,,1,1,,,,1,7,0,0,1,0
1,9,7,1,6,75,FRANCE,ILE-DE-FRANCE,114,75114,PARIS,PLACE DENFERT ROCHEREAU,121491,0,4,VC,0,1,4,,,3,1,,,,1,7,0,0,1,0
1,9,3,2,3,75,FRANCE,ILE-DE-FRANCE,114,75114,PARIS,BOULEVARD SAINT JACQUES,121500,0,4,VC,0,1,1,,,3,1,,,,1,2,0,0,0,1
1,9,1,1,3,75,FRANCE,ILE-DE-FRANCE,114,75114,PARIS,AVENUE DU GENERAL LECLERC,121503,0,9,Autre,0,2,4,,,0,1,,,,1,7,0,0,1,0
5,9,1,1,6,75,FRANCE,ILE-DE-FRANCE,115,75115,PARIS,RUE LECOURBE,121510,0,4,VC,0,3,2,,,3,1,,,,1,7,0,0,1,0
1,9,1,1,7,75,FRANCE,ILE-DE-FRANCE,116,75116,PARIS,AVENUE INGRES,121536,0,4,VC,0,0,1,,,0,1,,,,1,,0,0,1,0
1,9,1,1,3,75,FRANCE,ILE-DE-FRANCE,116,75116,PARIS,AVENUE DE VERSAILLES,121556,0,4,VC,0,2,2,,,0,1,,,,1,7,0,0,1,0
1,9,1,1,3,75,FRANCE,ILE-DE-FRANCE,118,75118,PARIS,RUE DE LA CHARBONNIERE,121587,0,4,VC,0,1,1,,,0,5,,,,1,7,0,0,1,0
1,9,1,1,6,75,FRANCE,ILE-DE-FRANCE,118,75118,PARIS,RUE BELLIARD,121588,0,4,VC,0,1,1,,,3,4,,,,1,,,,,
1,9,1,1,7,75,FRANCE,ILE-DE-FRANCE,118,75118,PARIS,RUE STEPHENSON,121602,0,4,VC,0,2,2,,,0,1,,,,1,,0,0,1,0
1,9,1,1,3,75,FRANCE,ILE-DE-FRANCE,119,75119,PARIS,RUE PETIT,121608,0,4,VC,0,0,0,,,0,4,,,,1,7,0,0,1,0
5,9,1,1,1,75,FRANCE,ILE-DE-FRANCE,119,75119,PARIS,AVENUE JEAN JAURES,121628,0,4,VC,0,2,2,,,1,5,,,,1,7,0,0,1,0
5,9,1,1,7,75,FRANCE,ILE-DE-FRANCE,120,75120,PARIS,RUE BELGRAND ,121648,0,4,VC,0,2,2,,,0,1,,,,1,,0,0,1,0
1,9,2,1,3,75,FRANCE,ILE-DE-FRANCE,120,75120,PARIS,BOULEVARD DE CHARONNE,121655,5,4,VC,0,1,2,,,1,1,,,,1,13,0,0,1,0
1,9,3,1,6,75,FRANCE,ILE-DE-FRANCE,120,75120,PARIS,BOULEVARD DE MENILMONTANT,121656,0,4,VC,0,1,1,,,1,1,,,,1,14,0,0,1,0
1,9,1,1,7,75,FRANCE,ILE-DE-FRANCE,120,75120,PARIS,RUE PELLEPORT,121657,0,4,VC,0,2,2,,,0,1,,,,1,,0,0,1,0