lum,agg,int,atm,col,dep_bis,pays,region,com_bis,com_codeINSEE,communes,N_voie,numac,infra,catr,type_route,voie,circ,nbv,pr,pr1,vosp,situ,lat,long,adr,accident_velo,vehicule_imp,cycl_mort,cycl_bgv,cycl_blg,cycl_indm
1,9,2,2,3,75,FRANCE,ILE-DE-FRANCE,101,75101,PARIS,RUE DU MONT THABOR,121703,0,4,VC,0,2,4,,,0,1,,,,1,33,0,0,1,0
5,9,2,1,3,75,FRANCE,ILE-DE-FRANCE,101,75101,PARIS,RUE DE ROHAN,121704,0,4,VC,0,2,4,,,3,1,,,,1,32,0,0,1,0
5,9,1,1,2,75,FRANCE,ILE-DE-FRANCE,101,75101,PARIS,PONT DU CARROUSEL,121708,2,4,VC,0,4,6,,,3,1,,,,1,33,0,0,1,0
1,9,1,8,6,75,FRANCE,ILE-DE-FRANCE,101,75101,PARIS,VC 0,121715,0,4,VC,0,1,3,,,3,1,,,,1,,0,0,0,1
5,9,2,1,3,75,FRANCE,ILE-DE-FRANCE,102,75102,PARIS,BOULEVARD DE SEBASTOPOL,121719,0,4,VC,0,1,4,,,0,1,,,,1,7,0,0,1,0
1,9,1,1,6,75,FRANCE,ILE-DE-FRANCE,103,75103,PARIS,RUE REAUMUR,121733,0,4,VC,0,1,0,,,3,1,,,,1,7,0,0,1,0
1,9,1,1,3,75,FRANCE,ILE-DE-FRANCE,103,75103,PARIS,RUE SAINT MARTIN,121735,0,4,VC,0,1,1,,,3,1,,,,1,10,0,0,1,0
1,9,1,1,6,75,FRANCE,ILE-DE-FRANCE,103,75103,PARIS,RUE BEAUBOURG,121738,0,4,VC,0,1,2,,,3,1,,,,1,,0,0,0,1
1,9,1,1,6,75,FRANCE,ILE-DE-FRANCE,103,75103,PARIS,RUE VOLTA,121740,0,4,VC,0,1,1,,,0,1,,,,1,,0,0,0,1
1,9,1,1,3,75,FRANCE,ILE-DE-FRANCE,104,75104,PARIS,QUAI DU MARCHE NEUF,121753,0,4,VC,0,1,2,,,0,1,,,,1,7,0,0,1,0
1,9,1,1,6,75,FRANCE,ILE-DE-FRANCE,104,75104,PARIS,BOULEVARD DE SEBASTOPOL,121759,0,4,VC,0,1,4,,,3,1,,,,1,,0,0,1,0
5,9,1,1,6,75,FRANCE,ILE-DE-FRANCE,105,75105,PARIS,RUE DES ECOLES,121760,0,4,VC,0,0,1,,,0,1,,,,1,,0,0,0,1
1,9,1,2,6,75,FRANCE,ILE-DE-FRANCE,105,75105,PARIS,BOULEVARD SAINT GERMAIN,121762,0,4,VC,0,1,3,,,0,1,,,,1,,0,0,1,0
1,9,2,1,3,75,FRANCE,ILE-DE-FRANCE,105,75105,PARIS,BOULEVARD SAINT MICHEL,121765,0,4,VC,0,0,3,,,0,1,,,,1,7,0,0,1,0
1,9,1,1,3,75,FRANCE,ILE-DE-FRANCE,105,75105,PARIS,BOULEVARD DE PORT ROYAL,121771,0,4,VC,0,2,2,,,0,1,,,,1,33,0,0,0,1
1,9,1,1,7,75,FRANCE,ILE-DE-FRANCE,105,75105,PARIS,RUE SAINT JACQUES,121780,0,4,VC,0,1,3,,,1,5,,,,1,,0,0,1,0
1,9,1,1,3,75,FRANCE,ILE-DE-FRANCE,106,75106,PARIS,VC 0,121792,0,4,VC,0,2,2,,,3,1,,,,1,7,0,0,1,0
1,9,1,1,3,75,FRANCE,ILE-DE-FRANCE,107,75107,PARIS,QUAI D'ORSAY,121802,0,4,VC,0,1,1,,,0,1,,,,1,10,0,0,1,0
1,9,1,1,3,75,FRANCE,ILE-DE-FRANCE,107,75107,PARIS,AVENUE DE BRETEUIL,121805,0,4,VC,0,1,1,,,0,1,,,,1,37,0,0,1,0
1,9,1,1,2,75,FRANCE,ILE-DE-FRANCE,107,75107,PARIS,AVENUE DE LA BOURDONNAIS,121815,0,4,VC,0,2,3,,,0,1,,,,1,7,0,0,1,0
1,9,2,1,3,75,FRANCE,ILE-DE-FRANCE,108,75108,PARIS,RUE DE PONTHIEU,121840,0,4,VC,0,1,1,,,0,1,,,,1,7,0,0,1,0
1,9,1,1,3,75,FRANCE,ILE-DE-FRANCE,108,75108,PARIS,AVENUE HOCHE,121844,0,4,VC,0,2,2,,,0,1,,,,1,7,0,0,1,0
1,9,1,1,7,75,FRANCE,ILE-DE-FRANCE,108,75108,PARIS,COURS ALBERT 1ER,121845,0,4,VC,0,1,2,,,0,1,,,,1,,0,0,1,0
5,9,1,1,6,75,FRANCE,ILE-DE-FRANCE,109,75109,PARIS,RUE LA FAYETTE,121870,0,4,VC,0,2,4,,,3,1,,,,1,,0,0,0,1
1,9,3,1,3,75,FRANCE,ILE-DE-FRANCE,110,75110,PARIS,QUAI DE JEMMAPES,121877,0,4,VC,0,1,2,,,1,1,,,,1,7,0,0,1,0
5,9,1,1,3,75,FRANCE,ILE-DE-FRANCE,110,75110,PARIS,RUE DU FAUBOURG DU TEMPLE,121880,0,4,VC,0,1,0,,,0,1,,,,1,7,0,0,1,0
1,9,1,1,3,75,FRANCE,ILE-DE-FRANCE,110,75110,PARIS,BOULEVARD DE MAGENTA,121885,0,4,VC,0,2,4,,,3,1,,,,1,37,,,,
1,9,2,1,3,75,FRANCE,ILE-DE-FRANCE,110,75110,PARIS,AVENUE CLAUDE VELLEFAUX,121892,5,4,VC,0,2,2,,,0,1,,,,1,7,0,0,1,0
1,9,1,1,3,75,FRANCE,ILE-DE-FRANCE,110,75110,PARIS,RUE DU FAUBOURG SAINT DENIS,121903,0,4,VC,0,1,1,,,0,1,,,,1,7,0,0,1,0
1,9,1,1,3,75,FRANCE,ILE-DE-FRANCE,110,75110,PARIS,BOULEVARD DE LA VILLETTE,121905,0,4,VC,0,1,1,,,1,5,,,,1,,0,0,1,0
1,9,2,1,3,75,FRANCE,ILE-DE-FRANCE,111,75111,PARIS,BOULEVARD RICHARD LENOIR,121914,0,4,VC,0,2,0,,,0,1,,,,1,2,0,0,0,1
5,9,5,1,7,75,FRANCE,ILE-DE-FRANCE,111,75111,PARIS,PLACE DE LA REPUBLIQUE,121918,0,4,VC,0,1,2,,,0,1,,,,1,,0,0,1,0
1,9,1,1,7,75,FRANCE,ILE-DE-FRANCE,111,75111,PARIS,RUE LEON FROT,121928,0,4,VC,0,1,1,,,0,1,,,,1,,0,0,1,0
1,9,1,1,3,75,FRANCE,ILE-DE-FRANCE,111,75111,PARIS,RUE SEDAINE,121932,0,4,VC,0,1,1,,,0,1,,,,1,7,0,0,1,0
1,9,1,1,3,75,FRANCE,ILE-DE-FRANCE,111,75111,PARIS,RUE SAINT MAUR,121933,0,4,VC,0,1,1,,,0,1,,,,1,10,0,0,1,0
1,9,1,2,6,75,FRANCE,ILE-DE-FRANCE,111,75111,PARIS,BOULEVARD VOLTAIRE,121942,0,4,VC,0,2,1,,,0,4,,,,1,,0,0,0,1
1,9,3,1,3,75,FRANCE,ILE-DE-FRANCE,112,75112,PARIS,RUE GEORGE GERSHWIN,121946,6,9,Autre,0,0,1,,,3,0,,,,1,,0,0,1,0
1,9,1,1,7,75,FRANCE,ILE-DE-FRANCE,112,75112,PARIS,ROUTE DE LA FALUERE,121948,0,4,VC,0,1,1,0,10,2,5,,,,1,,0,0,1,0
1,9,1,1,7,75,FRANCE,ILE-DE-FRANCE,112,75112,PARIS,PASSAGE DU GENIE,121950,0,4,VC,0,1,1,,,0,1,,,,1,,0,0,1,0
1,9,1,1,3,75,FRANCE,ILE-DE-FRANCE,112,75112,PARIS,ROUTE DE LA PYRAMIDE,121954,0,4,VC,0,2,2,,,0,1,,,,1,7,0,0,1,0
1,9,3,1,1,75,FRANCE,ILE-DE-FRANCE,112,75112,PARIS,AVENUE DAUMESNIL,121963,0,4,VC,0,2,2,,,1,1,,,,1,7,0,0,1,0
1,1,1,1,6,75,FRANCE,ILE-DE-FRANCE,112,75112,PARIS,ROUTE DAUPHINE,121967,0,4,VC,0,1,1,,,1,5,,,,1,,0,0,1,0
5,9,1,2,3,75,FRANCE,ILE-DE-FRANCE,112,75112,PARIS,AVENUE LEDRU ROLLIN,121968,0,4,VC,0,2,2,,,0,1,,,,1,7,0,0,1,0
1,9,1,1,6,75,FRANCE,ILE-DE-FRANCE,112,75112,PARIS,ROUTE DE LA FERME,121969,0,4,VC,0,2,2,,,0,1,,,,1,,0,0,1,0
1,9,1,1,3,75,FRANCE,ILE-DE-FRANCE,112,75112,PARIS,PORT DE BERCY,121973,0,4,VC,0,1,1,100,0,0,1,,,,1,,0,0,0,1
1,9,2,1,2,75,FRANCE,ILE-DE-FRANCE,112,75112,PARIS,RUE PROUDHON,121974,0,4,VC,0,2,2,,,0,1,,,,1,7,0,0,1,0
1,9,1,1,3,75,FRANCE,ILE-DE-FRANCE,112,75112,PARIS,PONT D'AUSTERLITZ,121979,2,4,VC,0,3,6,,,3,1,,,,1,7,0,0,1,0
5,9,1,1,6,75,FRANCE,ILE-DE-FRANCE,113,75113,PARIS,BOULEVARD VINCENT AURIOL,121980,6,9,Autre,0,0,0,,,3,4,,,,1,,0,0,1,0
1,9,3,1,3,75,FRANCE,ILE-DE-FRANCE,113,75113,PARIS,PONT DE TOLBIAC,121982,2,4,VC,0,2,2,,,1,1,,,,1,33,0,0,1,0
1,9,1,1,3,75,FRANCE,ILE-DE-FRANCE,113,75113,PARIS,AVENUE D'ITALIE,121983,0,4,VC,0,1,2,,,1,1,,,,1,7,0,0,1,0
1,9,1,1,3,75,FRANCE,ILE-DE-FRANCE,113,75113,PARIS,RUE DE TOLBIAC,121999,0,9,Autre,0,2,1,,,0,1,,,,1,2,0,0,1,0
1,9,1,2,6,75,FRANCE,ILE-DE-FRANCE,113,75113,PARIS,Autre 0,122004,0,9,Autre,0,0,1,,,0,4,,,,1,,0,0,0,1
1,9,3,1,3,75,FRANCE,ILE-DE-FRANCE,114,75114,PARIS,BOULEVARD DU MONTPARNASSE,122009,0,4,VC,0,1,2,,,0,1,,,,1,7,0,0,1,0
1,9,1,1,3,75,FRANCE,ILE-DE-FRANCE,114,75114,PARIS,RUE DU CHATEAU,122010,0,4,VC,0,1,1,,,0,1,,,,1,10,0,0,1,0
1,9,5,1,3,75,FRANCE,ILE-DE-FRANCE,114,75114,PARIS,BOULEVARD DE PORT ROYAL,122014,5,4,VC,0,2,6,,,0,1,,,,1,7,0,0,1,0
5,9,1,1,6,75,FRANCE,ILE-DE-FRANCE,114,75114,PARIS,RUE VERCINGETORIX,122017,6,9,Autre,0,2,2,,,1,5,,,,1,,0,0,0,1
1,9,1,1,3,75,FRANCE,ILE-DE-FRANCE,114,75114,PARIS,RUE D'ALESIA,122026,0,4,VC,0,2,2,,,0,1,,,,1,7,0,0,1,0
1,9,3,2,1,75,FRANCE,ILE-DE-FRANCE,114,75114,PARIS,PLACE DENFERT ROCHEREAU,122029,0,4,VC,0,1,0,,,3,1,,,,1,7,0,0,1,0
1,9,1,1,2,75,FRANCE,ILE-DE-FRANCE,115,75115,PARIS,RUE SAINT CHARLES,122032,0,9,Autre,0,1,1,,,0,1,,,,1,7,0,0,1,0
1,9,1,1,3,75,FRANCE,ILE-DE-FRANCE,115,75115,PARIS,RUE DE VOUILLE,122041,0,4,VC,0,2,1,,,0,1,,,,1,7,0,0,1,0
1,9,2,1,6,75,FRANCE,ILE-DE-FRANCE,115,75115,PARIS,BOULEVARD PASTEUR,122047,5,4,VC,0,2,2,,,0,1,,,,1,7,0,0,1,0
1,9,2,1,1,75,FRANCE,ILE-DE-FRANCE,115,75115,PARIS,BOULEVARD LEFEBVRE,122051,4,4,VC,0,3,6,,,3,1,,,,1,40,0,0,1,0
1,9,1,1,2,75,FRANCE,ILE-DE-FRANCE,116,75116,PARIS,AVENUE DE NEW YORK,122065,0,4,VC,0,1,4,,,0,1,,,,1,38,0,0,1,0
1,1,1,1,6,75,FRANCE,ILE-DE-FRANCE,116,75116,PARIS,ROUTE DES TRIBUNES,122068,0,3,RD,0,2,2,,,1,0,,,,1,10,0,0,1,0
1,9,1,1,7,75,FRANCE,ILE-DE-FRANCE,116,75116,PARIS,AVENUE KLEBER,122099,0,9,Autre,0,2,2,,,0,1,,,,1,,0,0,1,0
1,9,2,1,3,75,FRANCE,ILE-DE-FRANCE,117,75117,PARIS,RUE LAUGIER,122102,0,4,VC,0,1,1,,,0,1,,,,1,7,0,0,1,0
1,9,1,1,2,75,FRANCE,ILE-DE-FRANCE,117,75117,PARIS,BOULEVARD BESSIERES,122109,0,9,Autre,0,0,2,,,0,0,,,,1,13,0,0,1,0
1,9,2,1,6,75,FRANCE,ILE-DE-FRANCE,117,75117,PARIS,PLACE PAUL LEAUTAUD,122113,0,4,VC,0,1,1,,,0,1,,,,1,7,0,0,1,0
1,9,1,1,3,75,FRANCE,ILE-DE-FRANCE,117,75117,PARIS,RUE CARDINET,122127,0,4,VC,0,2,4,,,0,1,,,,1,7,0,0,1,0
1,9,5,1,3,75,FRANCE,ILE-DE-FRANCE,118,75118,PARIS,RUE CHAMPIONNET,122148,0,4,VC,0,0,2,,,0,1,,,,1,7,0,0,1,0
1,9,2,1,3,75,FRANCE,ILE-DE-FRANCE,118,75118,PARIS,BOULEVARD BARBES,122150,0,4,VC,0,3,4,,,2,1,,,,1,14,0,0,1,0
1,9,1,1,6,75,FRANCE,ILE-DE-FRANCE,118,75118,PARIS,BOULEVARD BARBES,122151,0,9,Autre,0,1,1,,,1,5,,,,1,,,,,
1,9,5,2,2,75,FRANCE,ILE-DE-FRANCE,118,75118,PARIS,VC 0,122165,0,4,VC,0,2,2,,,0,1,,,,1,7,0,0,1,0
5,9,1,1,7,75,FRANCE,ILE-DE-FRANCE,118,75118,PARIS,BOULEVARD NEY,122169,0,4,VC,0,1,2,,,0,1,,,,1,,0,0,1,0
1,9,1,1,7,75,FRANCE,ILE-DE-FRANCE,119,75119,PARIS,QUAI DE LA LOIRE,122175,0,4,VC,0,1,1,,,1,5,,,,1,7,0,0,1,0
5,9,1,2,2,75,FRANCE,ILE-DE-FRANCE,119,75119,PARIS,RUE MANIN,122177,0,4,VC,0,2,1,,,1,5,,,,1,32,0,0,1,0
5,9,1,1,1,75,FRANCE,ILE-DE-FRANCE,119,75119,PARIS,RUE DE BELLEVILLE,122178,0,4,VC,0,2,2,,,0,1,,,,1,30,0,0,1,0
1,9,1,1,2,75,FRANCE,ILE-DE-FRANCE,120,75120,PARIS,AVENUE GAMBETTA,122201,0,4,VC,0,2,0,,,0,1,,,,1,32,0,0,0,1
1,9,1,1,3,75,FRANCE,ILE-DE-FRANCE,120,75120,PARIS,AVENUE GAMBETTA,122225,0,4,VC,0,2,0,,,0,1,,,,1,10,0,0,1,0
1,9,2,1,3,75,FRANCE,ILE-DE-FRANCE,105,75105,PARIS,BOULEVARD SAINT GERMAIN,122236,0,4,VC,0,1,2,,,3,1,,,,1,38,0,0,1,0
5,9,3,1,3,75,FRANCE,ILE-DE-FRANCE,103,75103,PARIS,BOULEVARD DE SEBASTOPOL,122244,0,4,VC,0,1,4,,,1,5,,,,1,10,0,0,1,0
1,9,1,1,3,75,FRANCE,ILE-DE-FRANCE,101,75101,PARIS,RUE DE TURBIGO,122309,0,4,VC,0,1,1,,,0,1,,,,1,10,0,0,1,0
1,9,1,1,3,75,FRANCE,ILE-DE-FRANCE,101,75101,PARIS,RUE SAINT HONORE,122310,0,4,VC,0,1,1,,,3,1,,,,1,7,0,0,1,0
1,9,1,1,2,75,FRANCE,ILE-DE-FRANCE,101,75101,PARIS,PONT DU CARROUSEL,122312,2,4,VC,0,2,6,,,3,1,,,,1,33,0,0,1,0
1,9,1,1,3,75,FRANCE,ILE-DE-FRANCE,101,75101,PARIS,RUE DE RIVOLI,122313,0,4,VC,0,1,2,,,3,1,,,,1,38,0,0,1,0
1,9,1,1,4,75,FRANCE,ILE-DE-FRANCE,101,75101,PARIS,QUAI DES TUILERIES,122316,0,3,RD,0,1,4,,,0,1,,,,1,7,0,0,1,0
1,9,1,1,3,75,FRANCE,ILE-DE-FRANCE,101,75101,PARIS,BOULEVARD DE LA MADELEINE,122322,0,4,VC,0,2,0,,,0,1,,,,1,7,0,0,1,0
1,9,1,1,2,75,FRANCE,ILE-DE-FRANCE,102,75102,PARIS,BOULEVARD POISSONNIERE,122334,0,9,Autre,0,1,1,,,0,1,,,,1,7,0,0,1,0
1,9,1,1,2,75,FRANCE,ILE-DE-FRANCE,103,75103,PARIS,RUE REAUMUR,122338,0,4,VC,0,1,3,,,3,1,,,,1,33,0,0,1,0
1,9,1,1,3,75,FRANCE,ILE-DE-FRANCE,103,75103,PARIS,RUE DU TEMPLE,122344,0,9,Autre,0,1,1,,,0,1,,,,1,7,0,0,1,0
5,9,1,1,3,75,FRANCE,ILE-DE-FRANCE,104,75104,PARIS,RUE SAINT ANTOINE,122349,5,9,Autre,0,2,2,,,0,3,,,,1,32,0,0,0,1
1,9,1,1,3,75,FRANCE,ILE-DE-FRANCE,104,75104,PARIS,QUAI DE GESVRES,122351,0,4,VC,0,1,4,,,0,1,,,,1,30,0,0,1,0
5,9,1,1,6,75,FRANCE,ILE-DE-FRANCE,104,75104,PARIS,QUAI DES CELESTINS,122353,0,4,VC,0,2,2,,,1,5,,,,1,,0,0,1,0
1,9,1,1,3,75,FRANCE,ILE-DE-FRANCE,104,75104,PARIS,BOULEVARD HENRI IV,122356,0,4,VC,0,1,1,,,3,1,,,,1,37,0,0,1,0
5,9,1,1,6,75,FRANCE,ILE-DE-FRANCE,104,75104,PARIS,BOULEVARD HENRI IV,122359,0,4,VC,0,1,2,,,3,1,,,,1,,,,,
5,9,1,1,6,75,FRANCE,ILE-DE-FRANCE,104,75104,PARIS,PLACE DES VOSGES,122360,0,9,Autre,0,1,1,,,0,1,,,,1,7,0,0,1,0
1,9,1,8,7,75,FRANCE,ILE-DE-FRANCE,104,75104,PARIS,PONT AU CHANGE,122361,0,9,Autre,0,0,4,,,3,1,,,,1,,0,0,1,0
1,9,1,1,3,75,FRANCE,ILE-DE-FRANCE,105,75105,PARIS,RUE DES FOSSES SAINT BERNARD,122366,0,4,VC,0,3,2,,,0,1,,,,1,32,0,0,1,0
1,9,2,1,3,75,FRANCE,ILE-DE-FRANCE,105,75105,PARIS,RUE CLAUDE BERNARD,122373,0,4,VC,0,2,2,,,0,1,,,,1,7,0,0,1,0
1,9,1,1,3,75,FRANCE,ILE-DE-FRANCE,105,75105,PARIS,RUE MONGE,122379,0,4,VC,0,2,2,,,0,1,,,,1,7,0,0,1,0
2,9,1,1,7,75,FRANCE,ILE-DE-FRANCE,105,75105,PARIS,PONT PETIT PONT,122384,0,4,VC,0,1,3,1,0,0,1,,,,1,,0,0,1,0
1,9,1,1,5,75,FRANCE,ILE-DE-FRANCE,105,75105,PARIS,QUAI SAINT MICHEL,122388,0,4,VC,0,1,3,,,0,1,,,,1,7,0,0,0,1
2,9,1,1,2,75,FRANCE,ILE-DE-FRANCE,106,75106,PARIS,PLACE SAINT SULPICE,122398,0,4,VC,0,1,3,,,1,1,,,,1,7,0,0,1,0
1,9,1,1,3,75,FRANCE,ILE-DE-FRANCE,107,75107,PARIS,QUAI D'ORSAY,122410,0,4,VC,0,0,0,,,0,1,,,,1,7,0,0,1,0
1,9,1,1,6,75,FRANCE,ILE-DE-FRANCE,107,75107,PARIS,RUE DE GRENELLE,122416,0,4,VC,0,1,1,,,0,0,,,,1,7,0,0,1,0
1,9,1,1,3,75,FRANCE,ILE-DE-FRANCE,108,75108,PARIS,RUE SAINT LAZARE,122424,0,4,VC,0,1,4,,,0,1,,,,1,7,0,0,1,0
1,9,1,1,3,75,FRANCE,ILE-DE-FRANCE,108,75108,PARIS,RUE DE SAINT PETERSBOURG,122428,0,4,VC,0,2,2,,,0,1,,,,1,7,0,0,1,0
1,9,1,8,6,75,FRANCE,ILE-DE-FRANCE,108,75108,PARIS,PLACE DE LA CONCORDE,122430,5,4,VC,0,1,0,,,0,1,,,,1,32,0,0,1,0
1,9,1,1,7,75,FRANCE,ILE-DE-FRANCE,108,75108,PARIS,BOULEVARD DE COURCELLES,122434,0,4,VC,0,2,4,,,0,1,,,,1,,0,0,1,0
5,9,2,2,3,75,FRANCE,ILE-DE-FRANCE,109,75109,PARIS,BOULEVARD HAUSSMANN,122464,0,4,VC,0,1,3,,,0,1,,,,1,32,0,0,1,0
1,9,1,1,6,75,FRANCE,ILE-DE-FRANCE,109,75109,PARIS,BOULEVARD HAUSSMANN,122467,0,4,VC,0,1,1,,,0,1,,,,1,,,,,
1,9,1,8,3,75,FRANCE,ILE-DE-FRANCE,109,75109,PARIS,RUE LA FAYETTE,122473,0,4,VC,0,2,4,,,3,1,,,,1,7,0,0,1,0
1,9,1,1,6,75,FRANCE,ILE-DE-FRANCE,109,75109,PARIS,RUE DE DOUAI,122476,0,4,VC,0,1,1,,,0,4,,,,1,,0,0,0,1
1,9,1,1,2,75,FRANCE,ILE-DE-FRANCE,109,75109,PARIS,BOULEVARD MONTMARTRE,122479,0,4,VC,0,1,4,,,3,5,,,,1,30,0,0,1,0
1,9,1,1,3,75,FRANCE,ILE-DE-FRANCE,109,75109,PARIS,RUE DU FAUBOURG MONTMARTRE,122482,0,4,VC,0,1,2,,,3,1,,,,1,10,0,0,1,0
1,9,1,8,6,75,FRANCE,ILE-DE-FRANCE,109,75109,PARIS,RUE DROUOT,122483,0,4,VC,0,1,0,,,0,1,,,,1,7,0,0,1,0
1,9,1,1,7,75,FRANCE,ILE-DE-FRANCE,110,75110,PARIS,QUAI DE VALMY,122487,0,4,VC,0,2,1,,,1,1,,,,1,,0,0,1,0
1,9,1,1,6,75,FRANCE,ILE-DE-FRANCE,110,75110,PARIS,QUAI DE JEMMAPES,122495,0,4,VC,0,1,0,,,1,5,,,,1,,0,0,1,0
5,9,1,1,3,75,FRANCE,ILE-DE-FRANCE,110,75110,PARIS,BOULEVARD DE LA VILLETTE,122497,0,4,VC,0,1,1,,,1,5,,,,1,10,0,0,1,0
5,9,1,1,6,75,FRANCE,ILE-DE-FRANCE,110,75110,PARIS,QUAI DE VALMY,122499,2,4,VC,0,1,1,,,0,1,,,,1,,0,0,0,1
1,9,1,1,7,75,FRANCE,ILE-DE-FRANCE,110,75110,PARIS,RUE DU FAUBOURG SAINT MARTIN,122502,0,4,VC,0,2,1,,,0,1,,,,1,,0,0,1,0
1,9,1,1,3,75,FRANCE,ILE-DE-FRANCE,110,75110,PARIS,RUE DE DUNKERQUE,122507,0,4,VC,0,1,1,,,0,1,,,,1,7,0,0,1,0
1,9,1,1,2,75,FRANCE,ILE-DE-FRANCE,110,75110,PARIS,RUE DE CHABROL,122514,0,4,VC,0,1,1,,,0,1,,,,1,7,0,0,1,0
5,9,1,1,7,75,FRANCE,ILE-DE-FRANCE,110,75110,PARIS,RUE SIBOUR,122517,0,4,VC,0,1,1,,,0,1,,,,1,,0,0,1,0
5,9,2,1,6,75,FRANCE,ILE-DE-FRANCE,110,75110,PARIS,RUE DE MAUBEUGE,122518,0,2,RN,0,1,3,,,1,1,,,,1,7,0,0,1,0
1,9,1,1,6,75,FRANCE,ILE-DE-FRANCE,111,75111,PARIS,RUE DU FAUBOURG DU TEMPLE,122522,2,4,VC,0,2,4,,,0,1,,,,1,,0,0,0,1
1,9,3,1,3,75,FRANCE,ILE-DE-FRANCE,111,75111,PARIS,RUE DE LA ROQUETTE,122528,5,4,VC,0,2,1,,,0,1,,,,1,7,0,0,1,0
1,9,1,8,3,75,FRANCE,ILE-DE-FRANCE,111,75111,PARIS,AVENUE PARMENTIER,122533,0,4,VC,0,2,2,,,0,1,,,,1,10,0,0,1,0
1,9,1,8,6,75,FRANCE,ILE-DE-FRANCE,111,75111,PARIS,BOULEVARD VOLTAIRE,122547,0,4,VC,0,2,1,,,0,1,,,,1,2,0,0,1,0
2,9,1,1,7,75,FRANCE,ILE-DE-FRANCE,112,75112,PARIS,BOULEVARD SOULT,122559,0,4,VC,0,0,1,,,1,5,,,,1,,0,0,1,0
1,9,1,1,2,75,FRANCE,ILE-DE-FRANCE,112,75112,PARIS,RUE DE CHARENTON,122568,0,4,VC,0,2,2,,,0,1,,,,1,7,0,0,1,0
1,9,1,1,3,75,FRANCE,ILE-DE-FRANCE,112,75112,PARIS,AVENUE DAUMESNIL,122575,5,9,Autre,0,2,2,,,1,5,,,,1,33,0,0,1,0
5,9,1,1,7,75,FRANCE,ILE-DE-FRANCE,112,75112,PARIS,RUE DE LYON,122577,0,4,VC,0,1,2,,,1,5,,,,1,,0,0,1,0
1,9,1,1,6,75,FRANCE,ILE-DE-FRANCE,112,75112,PARIS,BOULEVARD DE LA BASTILLE,122583,0,4,VC,0,1,1,,,3,4,,,,1,,0,0,1,0
1,9,1,1,3,75,FRANCE,ILE-DE-FRANCE,112,75112,PARIS,RUE DORIAN,122585,0,4,VC,0,1,1,,,0,1,,,,1,7,0,0,1,0
2,9,1,1,6,75,FRANCE,ILE-DE-FRANCE,112,75112,PARIS,AVENUE DES MINIMES,122597,6,4,VC,0,0,1,,,1,1,,,,1,,0,0,1,0
1,9,1,1,2,75,FRANCE,ILE-DE-FRANCE,113,75113,PARIS,RUE JEANNE D'ARC,122610,0,4,VC,0,2,2,,,3,1,,,,1,7,0,0,1,0
1,9,1,1,7,75,FRANCE,ILE-DE-FRANCE,113,75113,PARIS,BOULEVARD AUGUSTE BLANQUI,122625,0,4,VC,0,3,2,,,1,5,,,,1,,0,0,1,0
1,9,1,1,2,75,FRANCE,ILE-DE-FRANCE,113,75113,PARIS,QUAI D'AUSTERLITZ,122628,0,4,VC,0,1,2,,,0,1,,,,1,7,0,0,1,0
1,9,2,1,3,75,FRANCE,ILE-DE-FRANCE,113,75113,PARIS,RUE NEUVE TOLBIAC,122630,5,9,Autre,0,0,3,,,1,1,,,,1,7,0,0,1,0
1,9,1,1,1,75,FRANCE,ILE-DE-FRANCE,113,75113,PARIS,RUE FERNAND WIDAL,122645,0,4,VC,0,1,1,,,0,1,,,,1,37,0,0,1,0
1,9,1,1,6,75,FRANCE,ILE-DE-FRANCE,114,75114,PARIS,BOULEVARD BRUNE,122665,0,4,VC,0,1,2,,,0,1,,,,1,7,0,0,1,0
1,9,1,1,3,75,FRANCE,ILE-DE-FRANCE,114,75114,PARIS,RUE DIDOT,122666,0,4,VC,0,1,1,,,0,1,,,,1,31,0,0,1,0
1,9,1,1,3,75,FRANCE,ILE-DE-FRANCE,115,75115,PARIS,QUAI DE GRENELLE,122686,0,4,VC,0,2,0,,,0,1,,,,1,7,0,0,1,0
1,9,1,1,3,75,FRANCE,ILE-DE-FRANCE,115,75115,PARIS,RUE DE LA CONVENTION,122695,0,4,VC,0,2,1,,,0,1,,,,1,7,0,0,1,0
1,9,1,1,6,75,FRANCE,ILE-DE-FRANCE,115,75115,PARIS,RUE DE VOUILLE,122699,0,4,VC,0,2,2,,,0,1,,,,1,10,0,0,1,0
1,9,2,1,3,75,FRANCE,ILE-DE-FRANCE,115,75115,PARIS,RUE SAINT CHARLES,122700,0,4,VC,0,1,1,,,0,1,,,,1,7,0,0,1,0
1,9,1,1,3,75,FRANCE,ILE-DE-FRANCE,115,75115,PARIS,RUE CAMBRONNE,122702,0,4,VC,0,2,3,,,0,1,,,,1,37,0,0,1,0
1,9,1,1,7,75,FRANCE,ILE-DE-FRANCE,116,75116,PARIS,ROUTE DE LONGCHAMP AU BOUT DES LACS,122731,0,9,Autre,0,0,1,,,0,4,,,,1,,0,0,1,0
5,9,3,2,3,75,FRANCE,ILE-DE-FRANCE,116,75116,PARIS,CARREFOUR DES CASCADES,122750,0,4,VC,0,2,2,,,0,1,,,,1,10,0,0,1,0
5,9,1,1,3,75,FRANCE,ILE-DE-FRANCE,116,75116,PARIS,AVENUE DE NEW YORK,122759,3,4,VC,0,1,3,,,0,1,,,,1,33,0,0,1,0
1,9,1,1,7,75,FRANCE,ILE-DE-FRANCE,116,75116,PARIS,RUE DE BOULAINVILLIERS,122763,0,4,VC,0,0,1,,,0,1,,,,1,7,0,0,1,0
1,9,1,1,6,75,FRANCE,ILE-DE-FRANCE,116,75116,PARIS,AVENUE DU PRESIDENT KENNEDY,122768,0,4,VC,0,2,3,,,3,0,,,,1,30,0,0,1,0
3,9,1,1,6,75,FRANCE,ILE-DE-FRANCE,117,75117,PARIS,BOULEVARD D'AURELLE DE PALADINES,122806,0,4,VC,0,1,1,,,0,1,,,,1,,0,0,1,0