lum,agg,int,atm,col,dep_bis,pays,region,com_bis,com_codeINSEE,communes,N_voie,numac,infra,catr,type_route,voie,circ,nbv,pr,pr1,vosp,situ,lat,long,adr,accident_velo,vehicule_imp,cycl_mort,cycl_bgv,cycl_blg,cycl_indm
1,9,2,1,6,75,FRANCE,ILE-DE-FRANCE,117,75117,PARIS,BOULEVARD DES BATIGNOLLES,122830,0,4,VC,0,1,2,,,1,5,,,,1,99,0,0,1,0
1,9,5,1,3,75,FRANCE,ILE-DE-FRANCE,118,75118,PARIS,RUE DE CLIGNANCOURT,122832,0,9,Autre,0,1,2,,,0,1,,,,1,7,0,0,1,0
5,9,3,1,6,75,FRANCE,ILE-DE-FRANCE,118,75118,PARIS,BOULEVARD DE LA CHAPELLE,122848,0,4,VC,0,1,1,,,1,1,,,,1,7,0,0,1,0
1,9,1,1,3,75,FRANCE,ILE-DE-FRANCE,118,75118,PARIS,BOULEVARD BARBES,122865,0,4,VC,0,2,4,,,3,1,,,,1,7,0,0,1,0
5,9,1,1,3,75,FRANCE,ILE-DE-FRANCE,119,75119,PARIS,BOULEVARD DE LA VILLETTE,122878,0,4,VC,0,1,1,,,0,1,,,,1,13,0,0,1,0
1,9,1,1,3,75,FRANCE,ILE-DE-FRANCE,119,75119,PARIS,AVENUE SIMON BOLIVAR,122886,0,4,VC,0,2,3,,,0,1,,,,1,7,0,0,1,0
1,9,1,1,3,75,FRANCE,ILE-DE-FRANCE,119,75119,PARIS,AVENUE CORENTIN CARIOU,122892,0,3,RD,0,1,2,,,0,1,,,,1,7,0,0,1,0
2,9,1,1,3,75,FRANCE,ILE-DE-FRANCE,119,75119,PARIS,AVENUE SECRETAN,122896,0,4,VC,0,2,3,,,3,1,,,,1,10,0,0,1,0
1,9,1,8,3,75,FRANCE,ILE-DE-FRANCE,119,75119,PARIS,PLACE DE LA BATAILLE DE STALINGRAD,122898,0,4,VC,0,1,3,,,0,1,,,,1,7,0,0,1,0
5,9,1,1,3,75,FRANCE,ILE-DE-FRANCE,120,75120,PARIS,BOULEVARD DAVOUT ,122909,0,4,VC,0,1,1,,,0,1,,,,1,7,0,0,1,0
1,9,1,5,6,75,FRANCE,ILE-DE-FRANCE,120,75120,PARIS,BOULEVARD DE MENILMONTANT,122910,0,2,RN,0,1,1,,,1,1,,,,1,,0,0,1,0
1,9,3,1,3,75,FRANCE,ILE-DE-FRANCE,120,75120,PARIS,RUE DES PYRENEES,122915,0,4,VC,0,2,2,,,0,1,,,,1,7,0,0,1,0
5,9,1,1,1,75,FRANCE,ILE-DE-FRANCE,112,75112,PARIS,PONT D'AUSTERLITZ,122917,2,4,VC,0,3,4,,,1,1,,,,1,7,0,0,1,0
5,9,1,1,2,75,FRANCE,ILE-DE-FRANCE,120,75120,PARIS,BOULEVARD DE BELLEVILLE,122940,0,9,Autre,0,1,2,,,0,0,,,,1,7,0,0,1,0
5,9,1,1,3,75,FRANCE,ILE-DE-FRANCE,106,75106,PARIS,RUE DE L'ANCIENNE COMEDIE,122958,0,4,VC,0,2,2,,,0,1,,,,1,7,0,0,1,0
1,9,1,1,3,75,FRANCE,ILE-DE-FRANCE,101,75101,PARIS,VC 0,123027,0,4,VC,0,1,4,,,1,1,,,,1,7,0,0,1,0
5,9,1,2,4,75,FRANCE,ILE-DE-FRANCE,101,75101,PARIS,RUE DE RIVOLI,123031,0,4,VC,0,1,3,,,3,1,,,,1,13,0,0,0,1
5,9,1,1,3,75,FRANCE,ILE-DE-FRANCE,101,75101,PARIS,RUE DE RICHELIEU,123032,0,4,VC,0,1,2,,,0,1,,,,1,7,0,0,1,0
1,9,2,1,3,75,FRANCE,ILE-DE-FRANCE,103,75103,PARIS,RUE DE TURENNE,123050,5,4,VC,0,2,2,,,0,1,,,,1,33,0,0,1,1
5,9,1,1,6,75,FRANCE,ILE-DE-FRANCE,103,75103,PARIS,RUE DU TEMPLE,123052,0,4,VC,0,3,6,,,3,1,,,,1,7,0,0,1,0
1,9,1,1,2,75,FRANCE,ILE-DE-FRANCE,103,75103,PARIS,RUE BEAUBOURG,123053,0,4,VC,0,1,2,,,3,1,,,,1,10,0,0,1,0
1,9,2,1,3,75,FRANCE,ILE-DE-FRANCE,104,75104,PARIS,RUE PAVEE,123056,0,4,VC,0,1,1,,,0,1,,,,1,7,0,0,1,0
2,9,2,1,3,75,FRANCE,ILE-DE-FRANCE,104,75104,PARIS,PONT DE SULLY,123060,0,4,VC,0,1,4,,,0,1,,,,1,14,0,0,1,0
1,9,1,1,6,75,FRANCE,ILE-DE-FRANCE,104,75104,PARIS,RUE SAINT MERRI,123061,6,4,VC,0,0,0,,,0,0,,,,1,,0,0,0,1
2,9,1,1,3,75,FRANCE,ILE-DE-FRANCE,104,75104,PARIS,RUE DES TOURNELLES,123063,0,4,VC,0,1,1,,,0,1,,,,1,7,0,0,1,0
5,9,1,1,3,75,FRANCE,ILE-DE-FRANCE,104,75104,PARIS,RUE SAINT ANTOINE,123067,0,4,VC,0,2,5,,,0,1,,,,1,7,0,0,1,0
1,9,1,1,3,75,FRANCE,ILE-DE-FRANCE,105,75105,PARIS,AVENUE DES GOBELINS,123075,0,4,VC,0,3,4,,,3,1,,,,1,34,0,0,1,0
5,9,1,8,3,75,FRANCE,ILE-DE-FRANCE,106,75106,PARIS,RUE DU VIEUX COLOMBIER,123095,0,4,VC,0,2,2,,,0,1,,,,1,10,0,0,1,0
1,9,5,1,7,75,FRANCE,ILE-DE-FRANCE,106,75106,PARIS,PLACE MICHEL DEBRE,123101,0,4,VC,0,0,2,,,0,0,,,,1,,0,0,1,0
1,9,1,8,3,75,FRANCE,ILE-DE-FRANCE,106,75106,PARIS,BOULEVARD SAINT GERMAIN,123103,0,4,VC,0,1,3,,,3,1,,,,1,14,0,0,1,0
1,9,1,2,2,75,FRANCE,ILE-DE-FRANCE,106,75106,PARIS,RUE DE RENNES,123108,0,4,VC,0,2,4,,,0,1,,,,1,7,0,0,1,0
1,9,1,1,2,75,FRANCE,ILE-DE-FRANCE,107,75107,PARIS,QUAI D'ORSAY,123112,5,4,VC,0,2,1,,,0,1,,,,1,7,0,0,1,0
2,9,2,1,3,75,FRANCE,ILE-DE-FRANCE,107,75107,PARIS,BOULEVARD DES INVALIDES,123113,0,4,VC,0,2,4,,,0,1,,,,1,33,0,0,1,0
1,9,1,1,2,75,FRANCE,ILE-DE-FRANCE,107,75107,PARIS,PONT ROYAL,123116,2,4,VC,0,1,3,,,0,1,,,,1,7,0,0,1,0
5,9,1,1,3,75,FRANCE,ILE-DE-FRANCE,107,75107,PARIS,BOULEVARD DES INVALIDES,123127,0,4,VC,0,1,2,,,0,1,,,,1,30,0,0,0,1
1,9,1,1,3,75,FRANCE,ILE-DE-FRANCE,107,75107,PARIS,QUAI VOLTAIRE,123131,0,4,VC,0,1,4,,,1,5,,,,1,7,0,0,1,0
1,9,1,1,7,75,FRANCE,ILE-DE-FRANCE,108,75108,PARIS,RUE DU FAUBOURG SAINT HONORE,123150,0,4,VC,0,1,2,,,0,1,,,,1,,0,0,1,0
5,9,1,1,3,75,FRANCE,ILE-DE-FRANCE,108,75108,PARIS,RUE DES MATHURINS,123153,0,9,Autre,0,1,1,,,0,1,,,,1,7,0,0,1,0
1,9,2,1,3,75,FRANCE,ILE-DE-FRANCE,108,75108,PARIS,BOULEVARD DES BATIGNOLLES,123161,0,4,VC,0,1,1,,,0,1,,,,1,7,0,0,1,0
1,9,7,8,2,75,FRANCE,ILE-DE-FRANCE,109,75109,PARIS,PLACE DE CLICHY,123185,0,9,Autre,0,1,3,,,0,1,,,,1,7,0,0,1,0
1,9,2,1,3,75,FRANCE,ILE-DE-FRANCE,109,75109,PARIS,BOULEVARD DES ITALIENS,123190,5,4,VC,0,3,2,,,3,1,,,,1,30,0,0,1,0
1,9,1,1,7,75,FRANCE,ILE-DE-FRANCE,109,75109,PARIS,BOULEVARD DES CAPUCINES,123195,0,4,VC,0,2,5,,,3,1,,,,1,,0,0,1,0
5,9,1,1,7,75,FRANCE,ILE-DE-FRANCE,110,75110,PARIS,BOULEVARD DE STRASBOURG,123206,0,4,VC,0,1,0,,,1,5,,,,1,,0,0,1,0
5,9,1,1,3,75,FRANCE,ILE-DE-FRANCE,110,75110,PARIS,RUE DE MAUBEUGE,123210,0,4,VC,0,1,1,,,0,1,,,,1,13,0,0,1,0
1,9,1,1,3,75,FRANCE,ILE-DE-FRANCE,110,75110,PARIS,RUE DU FAUBOURG SAINT MARTIN,123221,0,4,VC,0,2,2,,,0,1,,,,1,7,0,0,1,0
5,9,1,1,6,75,FRANCE,ILE-DE-FRANCE,110,75110,PARIS,QUAI DE JEMMAPES,123222,0,4,VC,0,1,1,,,1,5,,,,1,2,0,0,1,0
5,9,1,2,2,75,FRANCE,ILE-DE-FRANCE,110,75110,PARIS,BOULEVARD DE MAGENTA,123227,0,4,VC,0,2,4,,,3,1,,,,1,7,0,0,1,0
1,9,1,1,6,75,FRANCE,ILE-DE-FRANCE,110,75110,PARIS,BOULEVARD DE LA CHAPELLE,123231,0,3,RD,0,1,1,,,1,5,,,,1,,,,,
1,9,1,1,6,75,FRANCE,ILE-DE-FRANCE,110,75110,PARIS,BOULEVARD DE MAGENTA,123234,0,4,VC,0,3,1,,,1,5,,,,1,,0,0,1,0
5,9,1,1,3,75,FRANCE,ILE-DE-FRANCE,110,75110,PARIS,RUE DU FAUBOURG SAINT MARTIN,123240,0,4,VC,0,2,2,,,0,1,,,,1,7,0,0,1,0
1,9,1,1,3,75,FRANCE,ILE-DE-FRANCE,110,75110,PARIS,PLACE DE LA REPUBLIQUE,123242,0,4,VC,0,1,1,,,0,1,,,,1,7,0,0,1,0
1,9,1,1,2,75,FRANCE,ILE-DE-FRANCE,111,75111,PARIS,BOULEVARD BEAUMARCHAIS,123258,0,4,VC,0,2,3,,,0,1,,,,1,7,0,0,1,0
1,9,3,1,3,75,FRANCE,ILE-DE-FRANCE,111,75111,PARIS,BOULEVARD DE MENILMONTANT,123267,0,4,VC,0,3,2,,,1,1,,,,1,10,0,0,1,0
5,9,1,1,4,75,FRANCE,ILE-DE-FRANCE,111,75111,PARIS,BOULEVARD VOLTAIRE,123270,0,4,VC,0,2,2,,,0,1,,,,1,7,0,0,1,0
1,9,2,1,3,75,FRANCE,ILE-DE-FRANCE,111,75111,PARIS,AVENUE DE LA REPUBLIQUE,123272,0,4,VC,0,2,2,,,0,1,,,,1,31,0,0,1,0
1,9,5,1,3,75,FRANCE,ILE-DE-FRANCE,112,75112,PARIS,AVENUE DAUMESNIL,123293,0,4,VC,0,2,2,,,1,1,,,,1,7,0,0,1,0
5,9,3,1,3,75,FRANCE,ILE-DE-FRANCE,112,75112,PARIS,BOULEVARD DIDEROT,123299,0,4,VC,0,2,2,,,0,1,,,,1,30,0,0,1,0
5,9,5,1,3,75,FRANCE,ILE-DE-FRANCE,112,75112,PARIS,PLACE DE LA NATION,123308,0,4,VC,0,1,4,,,0,1,,,,1,7,0,0,1,0
4,9,1,2,6,75,FRANCE,ILE-DE-FRANCE,112,75112,PARIS,BOULEVARD DE BERCY,123311,1,4,VC,0,1,1,,,2,5,,,,1,,0,0,0,1
1,9,7,2,7,75,FRANCE,ILE-DE-FRANCE,112,75112,PARIS,PLACE DE LA BASTILLE,123316,0,4,VC,0,1,6,,,0,1,,,,1,,0,0,1,0
5,9,6,2,2,75,FRANCE,ILE-DE-FRANCE,112,75112,PARIS,BOULEVARD DE PICPUS,123319,0,4,VC,0,4,1,,,0,1,,,,1,7,0,0,1,0
5,9,1,1,6,75,FRANCE,ILE-DE-FRANCE,113,75113,PARIS,QUAI D'AUSTERLITZ,123333,0,4,VC,0,0,0,,,1,5,,,,1,,0,0,1,0
5,9,1,1,7,75,FRANCE,ILE-DE-FRANCE,113,75113,PARIS,PLACE D'ITALIE,123334,0,2,RN,0,0,0,,,1,5,,,,1,,0,0,1,0
5,9,1,1,6,75,FRANCE,ILE-DE-FRANCE,113,75113,PARIS,AVENUE DE LA PORTE D'ITALIE,123335,0,4,VC,0,0,0,,,0,4,,,,1,,0,0,0,1
1,9,2,1,3,75,FRANCE,ILE-DE-FRANCE,113,75113,PARIS,PLACE D'ITALIE,123342,5,4,VC,0,0,3,,,0,1,,,,1,37,0,0,1,0
2,9,1,1,3,75,FRANCE,ILE-DE-FRANCE,113,75113,PARIS,BOULEVARD AUGUSTE BLANQUI,123356,0,4,VC,0,3,3,,,1,5,,,,1,30,0,0,1,0
1,9,1,2,3,75,FRANCE,ILE-DE-FRANCE,113,75113,PARIS,BOULEVARD DE PORT ROYAL,123365,0,4,VC,0,3,2,,,3,5,,,,1,7,0,0,1,0
1,9,1,1,3,75,FRANCE,ILE-DE-FRANCE,114,75114,PARIS,RUE EDOUARD JACQUES,123386,0,4,VC,0,1,1,,,0,1,,,,1,7,0,0,1,0
1,9,2,1,3,75,FRANCE,ILE-DE-FRANCE,114,75114,PARIS,RUE D'ALESIA,123391,0,4,VC,0,2,3,,,0,1,,,,1,32,0,0,1,0
5,9,1,1,3,75,FRANCE,ILE-DE-FRANCE,114,75114,PARIS,AVENUE DENFERT ROCHEREAU,123399,0,4,VC,0,2,1,,,0,1,,,,1,7,0,0,1,0
1,9,1,2,7,75,FRANCE,ILE-DE-FRANCE,114,75114,PARIS,AVENUE DU MAINE,123413,0,4,VC,0,1,1,,,3,1,,,,1,,0,0,1,0
1,9,3,1,3,75,FRANCE,ILE-DE-FRANCE,115,75115,PARIS,RUE DE LA CROIX NIVERT,123442,0,4,VC,0,2,3,,,0,1,,,,1,7,0,0,1,0
1,9,1,8,1,75,FRANCE,ILE-DE-FRANCE,115,75115,PARIS,RUE DE L'ARRIVEE,123449,0,4,VC,0,1,3,,,0,1,,,,1,7,0,0,1,0
5,9,1,2,1,75,FRANCE,ILE-DE-FRANCE,115,75115,PARIS,RUE LECOURBE,123452,5,4,VC,0,1,0,,,0,1,,,,1,7,0,0,1,0
1,9,1,1,6,75,FRANCE,ILE-DE-FRANCE,115,75115,PARIS,BOULEVARD LEFEBVRE,123456,0,4,VC,0,1,2,,,1,1,,,,1,,0,0,0,1
1,9,1,1,7,75,FRANCE,ILE-DE-FRANCE,115,75115,PARIS,RUE LECOURBE,123459,0,4,VC,0,1,2,,,3,4,,,,1,,0,0,1,0
5,9,3,1,3,75,FRANCE,ILE-DE-FRANCE,115,75115,PARIS,QUAI BRANLY,123465,5,4,VC,0,2,2,,,0,1,,,,1,7,0,0,1,0
1,9,1,1,7,75,FRANCE,ILE-DE-FRANCE,116,75116,PARIS,RUE MOLITOR,123487,0,4,VC,0,2,1,,,0,1,,,,1,,0,0,1,0
5,9,1,1,6,75,FRANCE,ILE-DE-FRANCE,116,75116,PARIS,ALLEE  DE LONGCHAMP,123492,0,4,VC,0,2,0,,,0,0,,,,1,7,0,0,1,0
1,9,1,1,3,75,FRANCE,ILE-DE-FRANCE,116,75116,PARIS,BOULEVARD EXELMANS,123493,0,4,VC,0,3,2,,,0,1,,,,1,,0,0,1,0
1,9,1,7,2,75,FRANCE,ILE-DE-FRANCE,116,75116,PARIS,ALLEE  DE LONGCHAMP,123501,0,4,VC,0,2,2,,,0,1,,,,1,7,0,0,1,0
5,9,1,1,2,75,FRANCE,ILE-DE-FRANCE,116,75116,PARIS,AVENUE DU PRESIDENT KENNEDY,123503,0,4,VC,0,3,7,,,0,1,,,,1,7,0,0,1,0
5,9,1,1,6,75,FRANCE,ILE-DE-FRANCE,116,75116,PARIS,ALLEE  DE LA REINE MARGUERITE,123505,0,3,RD,0,2,2,,,0,1,,,,1,10,0,0,1,0
5,9,1,2,7,75,FRANCE,ILE-DE-FRANCE,116,75116,PARIS,CHAUSSEE LA MUETTE,123512,0,4,VC,0,1,1,,,0,4,,,,1,,0,0,1,0
1,9,1,1,1,75,FRANCE,ILE-DE-FRANCE,116,75116,PARIS,AVENUE EDOUARD VAILLANT,123519,0,4,VC,0,1,0,,,0,4,,,,1,,0,0,0,1
1,9,4,1,3,75,FRANCE,ILE-DE-FRANCE,107,75107,PARIS,QUAI D'ORSAY,123521,0,4,VC,0,2,2,,,0,1,,,,1,7,0,0,1,0
1,9,1,1,6,75,FRANCE,ILE-DE-FRANCE,116,75116,PARIS,BOULEVARD MURAT,123522,0,4,VC,0,2,2,,,0,1,,,,1,10,0,0,1,0
2,9,1,1,3,75,FRANCE,ILE-DE-FRANCE,117,75117,PARIS,RUE CARDINET,123542,0,4,VC,0,1,1,,,0,1,,,,1,15,0,0,1,0
1,9,1,1,3,75,FRANCE,ILE-DE-FRANCE,117,75117,PARIS,AVENUE NIEL,123548,0,4,VC,0,2,2,,,0,0,,,,1,7,0,0,1,0
1,9,1,1,6,75,FRANCE,ILE-DE-FRANCE,108,75108,PARIS,BOULEVARD DE COURCELLES,123554,0,4,VC,0,2,2,,,0,1,,,,1,7,0,0,1,0
1,9,2,1,3,75,FRANCE,ILE-DE-FRANCE,117,75117,PARIS,BOULEVARD DE COURCELLES,123580,0,4,VC,0,2,2,,,0,1,,,,1,7,0,0,1,0
5,9,1,1,4,75,FRANCE,ILE-DE-FRANCE,117,75117,PARIS,RUE DE ROME,123581,0,4,VC,0,2,2,,,0,1,,,,1,7,0,0,1,0
1,9,1,8,3,75,FRANCE,ILE-DE-FRANCE,118,75118,PARIS,RUE DE CLIGNANCOURT,123590,0,4,VC,0,1,1,,,0,1,,,,1,10,0,0,1,0
5,9,1,1,3,75,FRANCE,ILE-DE-FRANCE,118,75118,PARIS,RUE DE CLIGNANCOURT,123600,0,4,VC,0,1,1,,,0,1,,,,1,10,0,0,1,0
5,9,2,1,6,75,FRANCE,ILE-DE-FRANCE,118,75118,PARIS,AVENUE DE LA PORTE DE SAINT OUEN,123601,0,4,VC,0,0,2,,,0,1,,,,1,10,0,0,1,0
1,9,1,1,3,75,FRANCE,ILE-DE-FRANCE,119,75119,PARIS,RUE MANIN,123630,0,4,VC,0,2,2,,,0,1,,,,1,7,0,0,1,0
1,9,3,1,3,75,FRANCE,ILE-DE-FRANCE,119,75119,PARIS,AVENUE SIMON BOLIVAR,123636,0,4,VC,0,2,2,,,0,1,,,,1,2,0,0,1,0
1,9,1,1,3,75,FRANCE,ILE-DE-FRANCE,120,75120,PARIS,BOULEVARD DE CHARONNE,123657,0,4,VC,0,2,2,,,1,1,,,,1,7,0,0,1,0
1,9,2,1,6,75,FRANCE,ILE-DE-FRANCE,120,75120,PARIS,RUE DE LAGNY,123664,0,4,VC,0,1,2,,,1,1,,,,1,7,0,0,1,0
5,9,1,1,6,75,FRANCE,ILE-DE-FRANCE,120,75120,PARIS,BOULEVARD DE MENILMONTANT,123668,0,4,VC,0,1,1,,,0,1,,,,1,,0,0,1,0
1,9,7,1,3,75,FRANCE,ILE-DE-FRANCE,120,75120,PARIS,PLACE MARTIN NADAUD,123673,0,4,VC,0,1,1,,,0,1,,,,1,7,0,0,1,0
5,9,2,1,2,75,FRANCE,ILE-DE-FRANCE,103,75103,PARIS,RUE REAUMUR,123678,0,4,VC,0,1,0,,,3,1,,,,1,7,0,0,1,0
1,9,1,2,7,75,FRANCE,ILE-DE-FRANCE,119,75119,PARIS,BOULEVARD MACDONALD,123683,0,4,VC,0,2,3,,,3,1,,,,1,,0,0,1,0
5,9,1,8,6,75,FRANCE,ILE-DE-FRANCE,105,75105,PARIS,RUE LHOMOND,123694,0,4,VC,0,1,1,,,0,1,,,,1,,0,0,0,1
5,9,7,1,3,75,FRANCE,ILE-DE-FRANCE,101,75101,PARIS,AVENUE DE L'OPERA,123767,0,4,VC,0,2,4,,,0,1,,,,1,7,0,0,1,0
1,9,1,1,6,75,FRANCE,ILE-DE-FRANCE,102,75102,PARIS,BOULEVARD DES CAPUCINES,123772,0,9,Autre,0,1,1,,,0,1,,,,1,,0,0,1,0
5,9,1,2,3,75,FRANCE,ILE-DE-FRANCE,110,75110,PARIS,BOULEVARD SAINT MARTIN,123776,0,4,VC,0,1,4,,,0,1,,,,1,7,0,0,1,0
5,9,1,1,7,75,FRANCE,ILE-DE-FRANCE,103,75103,PARIS,BOULEVARD DE SEBASTOPOL,123786,0,4,VC,0,1,4,,,3,5,,,,1,,0,0,1,0
5,9,1,2,7,75,FRANCE,ILE-DE-FRANCE,104,75104,PARIS,PONT MORLAND,123792,2,4,VC,0,2,2,,,1,5,,,,1,,0,0,1,0
1,9,1,1,2,75,FRANCE,ILE-DE-FRANCE,104,75104,PARIS,RUE DU RENARD,123794,0,4,VC,0,1,3,,,3,1,,,,1,10,0,0,1,0
2,9,1,2,6,75,FRANCE,ILE-DE-FRANCE,106,75106,PARIS,RUE DE SEVRES,123826,0,4,VC,0,1,1,76,0,0,1,,,,1,,0,0,0,1
1,9,1,1,3,75,FRANCE,ILE-DE-FRANCE,107,75107,PARIS,AVENUE FREDERIC LE PLAY,123848,0,4,VC,0,0,1,,,0,0,,,,1,7,0,0,1,0
1,9,1,1,6,75,FRANCE,ILE-DE-FRANCE,107,75107,PARIS,RUE SEDILLOT,123851,0,4,VC,0,1,1,,,0,1,,,,1,10,0,0,1,0
5,9,1,1,6,75,FRANCE,ILE-DE-FRANCE,107,75107,PARIS,AVENUE GUSTAVE EIFFEL,123857,0,4,VC,0,1,1,,,0,1,,,,1,20,0,0,1,0
1,9,2,2,3,75,FRANCE,ILE-DE-FRANCE,109,75109,PARIS,PLACE CHARLES GARNIER,123898,0,4,VC,0,3,4,,,0,1,,,,1,38,0,0,1,0
1,9,1,2,3,75,FRANCE,ILE-DE-FRANCE,109,75109,PARIS,RUE DU FAUBOURG POISSONNIERE,123899,0,4,VC,0,1,1,,,0,1,,,,1,7,0,0,1,0
1,9,1,1,3,75,FRANCE,ILE-DE-FRANCE,109,75109,PARIS,RUE DE PROVENCE,123903,0,4,VC,0,1,1,,,1,1,,,,1,7,0,0,1,0
2,9,3,1,7,75,FRANCE,ILE-DE-FRANCE,109,75109,PARIS,RUE BLANCHE,123905,0,4,VC,0,2,2,,,0,1,,,,1,,0,0,1,0
1,9,2,2,3,75,FRANCE,ILE-DE-FRANCE,110,75110,PARIS,QUAI DE VALMY,123920,0,4,VC,0,1,2,,,1,1,,,,1,7,0,0,1,0
5,9,1,1,3,75,FRANCE,ILE-DE-FRANCE,110,75110,PARIS,RUE DU CHATEAU LANDON,123932,0,4,VC,0,2,2,,,0,1,,,,1,7,0,0,1,0
1,9,1,1,6,75,FRANCE,ILE-DE-FRANCE,111,75111,PARIS,BOULEVARD RICHARD LENOIR,123952,0,4,VC,0,1,3,,,1,5,,,,1,,0,0,0,1
1,9,1,1,3,75,FRANCE,ILE-DE-FRANCE,111,75111,PARIS,BOULEVARD VOLTAIRE,123960,0,6,Parking,0,2,2,,,0,1,,,,1,7,0,0,1,0
1,9,3,1,3,75,FRANCE,ILE-DE-FRANCE,112,75112,PARIS,ROUTE DE LA PYRAMIDE,123986,0,4,VC,0,2,2,,,0,1,,,,1,7,0,0,1,0
5,9,5,2,3,75,FRANCE,ILE-DE-FRANCE,112,75112,PARIS,PLACE DE LA BASTILLE,123987,5,4,VC,0,1,4,,,0,1,,,,1,31,0,0,0,1
5,9,1,1,3,75,FRANCE,ILE-DE-FRANCE,113,75113,PARIS,BOULEVARD ARAGO,124028,0,4,VC,0,2,2,,,3,1,,,,1,7,0,0,1,0
1,9,1,2,3,75,FRANCE,ILE-DE-FRANCE,114,75114,PARIS,AVENUE DE LA PORTE DE CHATILLON,124039,0,4,VC,0,3,4,,,1,5,,,,1,7,0,0,1,0
1,9,1,1,6,75,FRANCE,ILE-DE-FRANCE,114,75114,PARIS,AVENUE DU GENERAL LECLERC,124044,0,4,VC,0,2,5,,,3,5,,,,1,14,0,0,1,0
1,9,1,1,3,75,FRANCE,ILE-DE-FRANCE,116,75116,PARIS,VOIE GEORGES POMPIDOU,124085,0,4,VC,0,1,0,,,0,1,,,,1,7,0,0,1,0
5,9,2,1,3,75,FRANCE,ILE-DE-FRANCE,116,75116,PARIS,AVENUE MARCEAU,124109,0,4,VC,0,1,2,,,3,1,,,,1,7,0,0,1,0
1,9,1,1,6,75,FRANCE,ILE-DE-FRANCE,117,75117,PARIS,AVENUE DE CLICHY,124135,0,4,VC,0,2,2,,,0,1,,,,1,13,0,0,1,0
5,9,2,1,1,75,FRANCE,ILE-DE-FRANCE,118,75118,PARIS,RUE SAINT BRUNO,124174,0,4,VC,0,1,1,,,0,1,,,,1,7,0,0,1,0
2,9,5,2,3,75,FRANCE,ILE-DE-FRANCE,119,75119,PARIS,RUE DE CRIMEE,124189,0,4,VC,0,0,2,,,0,1,,,,1,7,0,0,1,0
5,9,5,1,3,75,FRANCE,ILE-DE-FRANCE,119,75119,PARIS,PLACE AUGUSTE BARON,124197,5,4,VC,0,1,2,,,0,1,,,,1,7,0,0,1,0
5,9,3,1,3,75,FRANCE,ILE-DE-FRANCE,120,75120,PARIS,RUE DE BAGNOLET,124221,0,4,VC,0,2,2,,,0,1,,,,1,7,0,0,1,0
2,9,5,1,3,75,FRANCE,ILE-DE-FRANCE,108,75108,PARIS,RUE ROYALE ,124315,0,4,VC,0,2,4,,,0,1,,,,1,7,0,0,1,0
5,9,2,1,3,75,FRANCE,ILE-DE-FRANCE,113,75113,PARIS,VC 0,124337,0,4,VC,0,1,2,,,1,0,,,,1,7,0,0,1,0
1,9,2,1,3,75,FRANCE,ILE-DE-FRANCE,110,75110,PARIS,VC 0,124352,0,4,VC,0,1,4,,,0,1,,,,1,10,0,0,1,0
5,9,1,2,3,75,FRANCE,ILE-DE-FRANCE,113,75113,PARIS,BOULEVARD MASSENA,124354,0,4,VC,0,2,4,,,0,0,,,,1,7,0,0,1,0
3,9,1,1,3,75,FRANCE,ILE-DE-FRANCE,114,75114,PARIS,RUE JACQUIER,124355,0,4,VC,0,1,1,,,0,1,,,,1,7,0,0,1,0
5,9,1,2,3,75,FRANCE,ILE-DE-FRANCE,120,75120,PARIS,RUE BELGRAND ,124363,0,4,VC,0,2,1,,,0,1,,,,1,7,0,0,1,0
1,9,1,1,2,75,FRANCE,ILE-DE-FRANCE,119,75119,PARIS,RUE DE L'OURCQ,124401,0,4,VC,0,2,2,,,0,1,,,,1,10,0,0,1,0
5,9,1,1,6,75,FRANCE,ILE-DE-FRANCE,103,75103,PARIS,RUE DE TURBIGO,124438,0,4,VC,0,1,0,,,2,5,,,,1,,0,0,1,0
1,9,1,1,3,75,FRANCE,ILE-DE-FRANCE,107,75107,PARIS,AVENUE DE SUFFREN,124441,0,4,VC,0,2,0,,,0,1,,,,1,32,0,0,1,0
5,9,1,1,3,75,FRANCE,ILE-DE-FRANCE,113,75113,PARIS,BOULEVARD DE L'HOPITAL,124479,0,4,VC,0,2,2,,,0,1,,,,1,7,0,0,1,0
5,9,1,1,3,75,FRANCE,ILE-DE-FRANCE,118,75118,PARIS,BOULEVARD ORNANO,124494,0,4,VC,0,2,4,,,2,1,,,,1,7,0,0,1,0
1,9,1,1,6,75,FRANCE,ILE-DE-FRANCE,107,75107,PARIS,RUE DE BABYLONE,124498,0,4,VC,0,1,1,,,0,1,,,,1,7,0,0,1,0
5,9,1,8,2,75,FRANCE,ILE-DE-FRANCE,108,75108,PARIS,AVENUE DES CHAMPS ELYSEES,124500,0,4,VC,0,2,4,,,0,1,,,,1,7,0,0,1,0
1,9,3,1,7,75,FRANCE,ILE-DE-FRANCE,109,75109,PARIS,RUE AUBER,124501,0,4,VC,0,1,2,,,0,1,,,,1,,0,0,1,0
1,9,3,2,3,75,FRANCE,ILE-DE-FRANCE,105,75105,PARIS,RUE DES ARENES,124515,0,4,VC,0,1,1,,,0,1,,,,1,30,0,0,1,0
5,9,5,1,3,75,FRANCE,ILE-DE-FRANCE,110,75110,PARIS,RUE RENE BOULANGER,124523,5,4,VC,0,1,4,,,0,1,,,,1,7,0,0,1,0
1,9,1,1,2,75,FRANCE,ILE-DE-FRANCE,113,75113,PARIS,RUE NATIONALE,124530,0,4,VC,0,1,1,,,0,1,,,,1,10,0,0,1,0
5,9,3,1,3,75,FRANCE,ILE-DE-FRANCE,113,75113,PARIS,AVENUE DE CHOISY,124531,0,4,VC,0,1,4,,,0,1,,,,1,7,0,0,1,0
1,9,1,1,3,75,FRANCE,ILE-DE-FRANCE,118,75118,PARIS,RUE D'AUBERVILLIERS,124566,0,4,VC,0,1,2,,,0,1,,,,1,30,0,0,0,1