lum,agg,int,atm,col,dep_bis,pays,region,com_bis,com_codeINSEE,communes,N_voie,numac,infra,catr,type_route,voie,circ,nbv,pr,pr1,vosp,situ,lat,long,adr,accident_velo,vehicule_imp,cycl_mort,cycl_bgv,cycl_blg,cycl_indm
1,9,2,8,3,75,FRANCE,ILE-DE-FRANCE,104,75104,PARIS,RUE DE LA REYNIE,124584,6,4,VC,0,2,1,,,3,0,,,,1,10,0,0,1,0
5,9,1,1,3,75,FRANCE,ILE-DE-FRANCE,112,75112,PARIS,AVENUE DAUMESNIL,124595,0,4,VC,0,2,3,,,1,1,,,,1,38,0,0,1,0
5,9,1,2,6,75,FRANCE,ILE-DE-FRANCE,101,75101,PARIS,RUE DE RIVOLI,124599,0,4,VC,0,1,3,,,3,1,,,,1,37,0,0,1,0
5,9,4,1,2,75,FRANCE,ILE-DE-FRANCE,112,75112,PARIS,AVENUE DE SAINT MAURICE,124622,0,4,VC,0,2,2,,,0,0,,,,1,7,0,0,1,0
1,9,2,1,3,75,FRANCE,ILE-DE-FRANCE,120,75120,PARIS,RUE ORFILA,124627,0,4,VC,0,1,2,,,0,0,,,,1,7,0,0,1,0
5,9,1,1,3,75,FRANCE,ILE-DE-FRANCE,113,75113,PARIS,AVENUE DES GOBELINS,124636,0,4,VC,0,2,1,,,3,5,,,,1,7,0,0,1,0
1,9,1,1,3,75,FRANCE,ILE-DE-FRANCE,119,75119,PARIS,BOULEVARD DE LA VILLETTE,124640,0,4,VC,0,1,1,,,1,5,,,,1,,0,0,0,1
5,9,1,1,6,75,FRANCE,ILE-DE-FRANCE,106,75106,PARIS,BOULEVARD SAINT MICHEL,124646,0,5,Hors_reseau,0,2,4,,,3,1,,,,1,,0,0,1,0
1,9,1,1,3,75,FRANCE,ILE-DE-FRANCE,107,75107,PARIS,BOULEVARD DES INVALIDES,124663,0,4,VC,0,1,1,,,0,1,,,,1,10,0,0,1,0
1,9,1,2,3,75,FRANCE,ILE-DE-FRANCE,112,75112,PARIS,AVENUE DES MINIMES,124676,0,4,VC,0,2,2,,,0,1,,,,1,7,0,0,1,0
1,9,1,1,3,75,FRANCE,ILE-DE-FRANCE,104,75104,PARIS,RUE SAINT ANTOINE,124701,0,4,VC,0,2,2,,,1,1,,,,1,7,0,0,1,0
1,9,1,1,3,75,FRANCE,ILE-DE-FRANCE,118,75118,PARIS,RUE ORDENER,124710,0,4,VC,0,2,2,,,3,1,,,,1,10,0,0,1,0
1,9,1,2,6,75,FRANCE,ILE-DE-FRANCE,105,75105,PARIS,RUE PIERRE BROSSOLETTE,124754,0,4,VC,0,2,1,,,0,1,,,,1,,0,0,1,0
5,9,1,1,2,75,FRANCE,ILE-DE-FRANCE,104,75104,PARIS,QUAI DE GESVRES,124758,0,4,VC,0,1,4,,,0,1,,,,1,7,0,0,1,0
1,9,2,1,6,75,FRANCE,ILE-DE-FRANCE,111,75111,PARIS,RUE DE CHARONNE,124764,0,4,VC,0,2,2,,,0,1,,,,1,7,0,0,1,0
1,9,2,2,6,75,FRANCE,ILE-DE-FRANCE,115,75115,PARIS,RUE DE LOURMEL,124773,0,4,VC,0,1,2,,,0,1,,,,1,,0,0,0,1
1,9,1,2,3,75,FRANCE,ILE-DE-FRANCE,120,75120,PARIS,RUE LE VAU,124780,0,4,VC,0,0,1,,,1,5,,,,1,7,0,0,1,0
1,9,1,2,6,75,FRANCE,ILE-DE-FRANCE,101,75101,PARIS,RUE DES HALLES,124792,0,4,VC,0,3,2,,,0,1,,,,1,10,0,0,1,0
1,9,1,1,3,75,FRANCE,ILE-DE-FRANCE,101,75101,PARIS,RUE DE RICHELIEU,124793,0,4,VC,0,1,2,,,0,1,,,,1,10,0,0,1,0
1,9,1,1,6,75,FRANCE,ILE-DE-FRANCE,101,75101,PARIS,AVENUE VICTORIA,124794,0,4,VC,0,1,1,,,0,1,,,,1,,0,0,0,1
1,9,2,1,3,75,FRANCE,ILE-DE-FRANCE,101,75101,PARIS,PLACE DES PYRAMIDES,124797,0,4,VC,0,1,4,,,1,1,,,,1,7,0,0,1,0
1,9,1,1,7,75,FRANCE,ILE-DE-FRANCE,101,75101,PARIS,RUE DU LOUVRE,124802,0,4,VC,0,2,4,,,0,1,,,,1,,0,0,1,0
1,9,3,1,3,75,FRANCE,ILE-DE-FRANCE,101,75101,PARIS,RUE DE MARENGO,124804,0,4,VC,0,2,2,,,0,5,,,,1,7,0,0,1,0
5,9,1,1,6,75,FRANCE,ILE-DE-FRANCE,103,75103,PARIS,BOULEVARD DU TEMPLE,124811,0,4,VC,0,2,2,,,0,1,,,,1,2,0,0,1,0
5,9,1,1,3,75,FRANCE,ILE-DE-FRANCE,103,75103,PARIS,BOULEVARD DE SEBASTOPOL,124815,0,4,VC,0,1,4,,,3,0,,,,1,32,0,0,1,0
1,9,1,2,2,75,FRANCE,ILE-DE-FRANCE,103,75103,PARIS,BOULEVARD SAINT DENIS,124818,0,4,VC,0,1,4,,,0,1,,,,1,31,0,0,1,0
1,9,1,1,7,75,FRANCE,ILE-DE-FRANCE,104,75104,PARIS,QUAI DE GESVRES,124821,0,9,Autre,0,1,0,,,3,1,,,,1,,0,0,1,0
1,9,1,1,2,75,FRANCE,ILE-DE-FRANCE,104,75104,PARIS,QUAI DE L'HOTEL DE VILLE,124827,0,4,VC,0,3,4,,,0,1,,,,1,10,0,0,1,0
5,9,2,1,4,75,FRANCE,ILE-DE-FRANCE,105,75105,PARIS,RUE DES FOSSES SAINT JACQUES,124845,0,4,VC,0,1,1,,,0,0,,,,1,7,0,0,1,0
5,9,1,1,2,75,FRANCE,ILE-DE-FRANCE,106,75106,PARIS,BOULEVARD SAINT GERMAIN,124862,0,4,VC,0,1,3,,,0,1,,,,1,7,0,0,1,0
1,9,2,1,3,75,FRANCE,ILE-DE-FRANCE,107,75107,PARIS,BOULEVARD RASPAIL,124880,0,4,VC,0,1,2,,,3,0,,,,1,7,0,0,1,0
1,9,1,1,6,75,FRANCE,ILE-DE-FRANCE,110,75110,PARIS,BOULEVARD DE MAGENTA,124934,0,9,Autre,0,1,1,,,1,4,,,,1,,0,0,0,1
1,9,1,1,3,75,FRANCE,ILE-DE-FRANCE,111,75111,PARIS,RUE DE LA FONTAINE AU ROI,124964,0,4,VC,0,1,1,,,0,1,,,,1,7,0,0,0,1
1,9,1,1,3,75,FRANCE,ILE-DE-FRANCE,111,75111,PARIS,AVENUE DE LA REPUBLIQUE,124965,0,4,VC,0,2,1,,,0,1,,,,1,7,0,0,1,0
5,9,1,1,3,75,FRANCE,ILE-DE-FRANCE,112,75112,PARIS,BOULEVARD DIDEROT,124978,0,4,VC,0,2,1,,,0,1,,,,1,7,0,0,1,0
1,9,3,1,3,75,FRANCE,ILE-DE-FRANCE,112,75112,PARIS,RUE CORBINEAU,124988,0,9,Autre,0,2,2,,,0,0,,,,1,7,0,0,1,0
1,9,2,1,3,75,FRANCE,ILE-DE-FRANCE,112,75112,PARIS,QUAI DE LA RAPEE,124995,0,4,VC,0,2,6,,,0,1,,,,1,7,0,0,1,0
1,9,1,1,3,75,FRANCE,ILE-DE-FRANCE,113,75113,PARIS,AVENUE DE CHOISY,125011,0,4,VC,0,2,3,,,0,1,,,,1,10,0,0,1,0
5,9,1,1,7,75,FRANCE,ILE-DE-FRANCE,113,75113,PARIS,QUAI FRANCOIS MAURIAC,125012,0,4,VC,0,2,3,,,0,1,,,,1,,0,0,1,0
5,9,3,2,3,75,FRANCE,ILE-DE-FRANCE,114,75114,PARIS,RUE DU MAINE,125025,0,4,VC,0,1,1,,,0,1,,,,1,7,0,0,1,0
1,9,1,1,3,75,FRANCE,ILE-DE-FRANCE,114,75114,PARIS,RUE DE LA GAITE,125036,0,3,RD,0,1,1,,,0,1,,,,1,7,0,0,1,0
1,9,2,1,3,75,FRANCE,ILE-DE-FRANCE,115,75115,PARIS,AVENUE DU MAINE,125052,5,4,VC,0,2,2,,,0,0,,,,1,13,0,0,1,0
2,9,3,1,3,75,FRANCE,ILE-DE-FRANCE,115,75115,PARIS,AVENUE ERNEST RENAN,125063,0,4,VC,0,1,2,,,0,0,,,,1,7,0,0,1,0
1,9,1,8,7,75,FRANCE,ILE-DE-FRANCE,115,75115,PARIS,RUE ERNEST RENAN,125070,0,4,VC,0,1,0,,,0,1,,,,1,,0,0,1,0
1,9,1,1,2,75,FRANCE,ILE-DE-FRANCE,116,75116,PARIS,ROUTE DE SEVRES A NEUILLY,125086,0,4,VC,0,2,0,,,1,1,,,,1,,0,0,1,0
1,9,2,1,6,75,FRANCE,ILE-DE-FRANCE,116,75116,PARIS,RUE MOLITOR,125095,5,4,VC,0,2,2,,,0,1,,,,1,,0,0,1,0
5,9,1,1,3,75,FRANCE,ILE-DE-FRANCE,117,75117,PARIS,AVENUE DES TERNES,125129,0,4,VC,0,2,4,,,0,1,,,,1,7,0,0,1,0
5,9,1,9,3,75,FRANCE,ILE-DE-FRANCE,119,75119,PARIS,AVENUE JEAN JAURES,125174,0,4,VC,0,2,0,,,1,1,,,,1,7,0,0,1,0
1,9,1,1,2,75,FRANCE,ILE-DE-FRANCE,119,75119,PARIS,BOULEVARD MACDONALD,125179,0,9,Autre,0,0,0,,,0,0,,,,1,7,0,0,1,0
1,9,2,1,3,75,FRANCE,ILE-DE-FRANCE,119,75119,PARIS,SENTE DES DOREES,125181,0,4,VC,0,1,1,,,0,0,,,,1,7,0,0,1,0
1,9,2,1,3,75,FRANCE,ILE-DE-FRANCE,120,75120,PARIS,RUE EMILE LANDRIN,125205,0,4,VC,0,0,1,,,0,0,,,,1,7,0,0,1,0
1,9,1,1,6,75,FRANCE,ILE-DE-FRANCE,120,75120,PARIS,RUE DES PYRENEES,125217,0,4,VC,0,2,2,,,0,1,,,,1,37,0,0,1,0
1,9,1,1,6,75,FRANCE,ILE-DE-FRANCE,120,75120,PARIS,RUE DES RASSELINS,125219,0,4,VC,0,1,0,,,0,1,,,,1,,0,0,1,0
1,9,1,1,6,75,FRANCE,ILE-DE-FRANCE,108,75108,PARIS,BOULEVARD HAUSSMANN,125236,5,4,VC,0,2,6,,,3,1,,,,1,,0,0,0,1
1,9,3,1,3,75,FRANCE,ILE-DE-FRANCE,105,75105,PARIS,RUE SAINT SEVERIN,125237,0,4,VC,0,1,1,,,0,1,,,,1,7,0,0,1,0
5,9,1,2,6,75,FRANCE,ILE-DE-FRANCE,103,75103,PARIS,BOULEVARD DU TEMPLE,125279,0,4,VC,0,2,2,,,3,0,,,,1,7,0,0,1,0
1,9,5,1,3,75,FRANCE,ILE-DE-FRANCE,103,75103,PARIS,RUE CHARLOT  ,125305,0,4,VC,0,2,2,,,1,1,,,,1,,0,0,1,0
5,9,4,1,3,75,FRANCE,ILE-DE-FRANCE,104,75104,PARIS,RUE DE LA COUTELLERIE,125310,0,4,VC,0,1,1,,,0,1,,,,1,7,0,0,1,0
1,9,2,2,7,75,FRANCE,ILE-DE-FRANCE,104,75104,PARIS,BOULEVARD DE SEBASTOPOL,125315,5,4,VC,0,1,4,,,0,1,,,,1,,0,0,1,0
5,9,1,2,6,75,FRANCE,ILE-DE-FRANCE,104,75104,PARIS,RUE DU RENARD,125316,0,4,VC,0,1,3,,,3,1,,,,1,,0,0,0,1
5,9,2,8,3,75,FRANCE,ILE-DE-FRANCE,105,75105,PARIS,RUE DES BERNARDINS,125327,0,4,VC,0,2,2,,,0,1,,,,1,7,0,0,1,0
1,9,2,2,7,75,FRANCE,ILE-DE-FRANCE,105,75105,PARIS,BOULEVARD SAINT MICHEL,125333,0,4,VC,0,1,2,,,3,1,,,,1,,0,0,1,0
5,9,1,2,3,75,FRANCE,ILE-DE-FRANCE,106,75106,PARIS,RUE DE BUCI,125347,0,4,VC,0,1,1,29,0,0,1,,,,1,7,0,0,1,0
5,9,1,1,3,75,FRANCE,ILE-DE-FRANCE,106,75106,PARIS,PLACE DU DIX HUIT JUIN 1940,125348,0,4,VC,0,1,1,,,0,1,,,,1,37,0,0,1,0
1,9,1,1,2,75,FRANCE,ILE-DE-FRANCE,108,75108,PARIS,RUE DE MIROMESNIL,125392,0,4,VC,0,2,1,,,0,1,,,,1,7,0,0,1,0
1,9,1,1,3,75,FRANCE,ILE-DE-FRANCE,108,75108,PARIS,RUE DE COURCELLES,125398,0,4,VC,0,0,3,,,3,1,,,,1,7,0,0,1,0
1,9,4,1,2,75,FRANCE,ILE-DE-FRANCE,109,75109,PARIS,RUE DE CLICHY,125418,0,4,VC,0,1,2,,,3,1,,,,1,7,0,0,1,0
1,9,2,2,3,75,FRANCE,ILE-DE-FRANCE,110,75110,PARIS,RUE DE LANCRY,125442,0,4,VC,0,1,2,,,0,1,,,,1,7,0,0,1,0
5,9,1,2,6,75,FRANCE,ILE-DE-FRANCE,112,75112,PARIS,AVENUE DAUMESNIL,125480,0,4,VC,0,3,0,,,1,4,,,,1,,0,0,1,0
1,9,1,1,2,75,FRANCE,ILE-DE-FRANCE,113,75113,PARIS,BOULEVARD SAINT MARCEL,125498,0,4,VC,0,2,1,,,3,1,,,,1,37,0,0,1,0
1,9,2,2,3,75,FRANCE,ILE-DE-FRANCE,113,75113,PARIS,PORTE D'ITALIE,125503,0,4,VC,0,1,1,,,0,1,,,,1,7,0,0,1,0
5,9,3,1,3,75,FRANCE,ILE-DE-FRANCE,113,75113,PARIS,BOULEVARD DE L'HOPITAL,125516,0,9,Autre,0,2,4,,,3,1,,,,1,30,0,0,1,0
5,9,5,2,1,75,FRANCE,ILE-DE-FRANCE,113,75113,PARIS,RUE DU MOULIN DES PRES,125520,0,4,VC,0,1,1,,,0,1,,,,1,32,0,0,1,0
1,9,2,1,3,75,FRANCE,ILE-DE-FRANCE,114,75114,PARIS,AVENUE ERNEST REYER,125525,0,4,VC,0,0,2,,,0,1,,,,1,7,0,0,1,0
5,9,1,1,2,75,FRANCE,ILE-DE-FRANCE,114,75114,PARIS,AVENUE DU GENERAL LECLERC,125537,0,4,VC,0,3,5,,,3,1,,,,1,37,0,0,1,0
1,9,1,6,1,75,FRANCE,ILE-DE-FRANCE,116,75116,PARIS,RUE DU GENERAL APPERT,125593,0,4,VC,0,1,1,,,0,1,,,,1,7,0,0,1,0
1,9,1,1,3,75,FRANCE,ILE-DE-FRANCE,116,75116,PARIS,AVENUE DU PRESIDENT KENNEDY,125606,0,4,VC,0,2,2,,,0,1,,,,1,7,0,0,1,0
1,9,1,2,6,75,FRANCE,ILE-DE-FRANCE,116,75116,PARIS,AVENUE EDOUARD VAILLANT,125620,0,4,VC,0,1,1,,,0,1,,,,1,7,0,0,1,0
1,9,1,1,7,75,FRANCE,ILE-DE-FRANCE,116,75116,PARIS,ROUTE DE SEVRES A NEUILLY,125626,0,4,VC,0,2,2,,,1,5,,,,1,10,0,0,1,0
1,9,1,1,4,75,FRANCE,ILE-DE-FRANCE,116,75116,PARIS,AVENUE DU PRESIDENT KENNEDY,125631,0,4,VC,0,1,2,,,0,1,,,,1,7,0,0,0,1
1,9,4,1,3,75,FRANCE,ILE-DE-FRANCE,117,75117,PARIS,AVENUE DE CLICHY,125655,0,4,VC,0,2,3,,,3,1,,,,1,7,0,0,1,0
1,9,1,1,6,75,FRANCE,ILE-DE-FRANCE,118,75118,PARIS,PLACE CONSTANTIN PECQUEUR,125674,0,4,VC,0,1,0,,,0,1,,,,1,7,0,0,1,0
5,9,1,2,6,75,FRANCE,ILE-DE-FRANCE,118,75118,PARIS,RUE CAULAINCOURT,125678,0,3,RD,0,2,2,,,0,1,,,,1,,0,0,0,1
5,9,5,1,3,75,FRANCE,ILE-DE-FRANCE,119,75119,PARIS,RUE LA FAYETTE,125719,0,4,VC,0,2,2,,,0,0,,,,1,10,0,0,1,0
5,9,1,1,3,75,FRANCE,ILE-DE-FRANCE,119,75119,PARIS,AVENUE CORENTIN CARIOU,125734,0,4,VC,0,0,2,,,0,1,,,,1,7,0,0,1,0
1,9,1,1,6,75,FRANCE,ILE-DE-FRANCE,119,75119,PARIS,AVENUE DE FLANDRE,125775,0,4,VC,0,1,2,,,0,1,,,,1,10,0,0,1,0
1,9,5,1,6,75,FRANCE,ILE-DE-FRANCE,107,75107,PARIS,RUE DE GRENELLE,125832,5,4,VC,0,2,2,,,0,1,,,,1,,0,0,1,0
1,9,5,1,7,75,FRANCE,ILE-DE-FRANCE,107,75107,PARIS,AVENUE DE TOURVILLE,125862,0,4,VC,0,2,2,,,0,1,,,,1,,0,0,1,0
1,9,1,1,6,75,FRANCE,ILE-DE-FRANCE,109,75109,PARIS,RUE SAINT LAZARE,125865,0,4,VC,0,1,1,,,3,1,,,,1,10,0,0,1,0
1,9,1,7,6,75,FRANCE,ILE-DE-FRANCE,105,75105,PARIS,BOULEVARD SAINT MICHEL,125885,0,4,VC,0,0,3,,,3,5,,,,1,33,0,0,1,0
1,9,1,1,6,75,FRANCE,ILE-DE-FRANCE,120,75120,PARIS,RUE DES PYRENEES,125894,0,4,VC,0,2,4,,,0,1,,,,1,,0,0,0,1
5,9,1,1,6,75,FRANCE,ILE-DE-FRANCE,119,75119,PARIS,RUE DE CAMBRAI,125916,0,4,VC,0,1,1,,,0,1,,,,1,7,0,0,1,0
1,9,2,1,3,75,FRANCE,ILE-DE-FRANCE,111,75111,PARIS,RUE SAINT SABIN,125923,0,4,VC,0,1,1,,,0,0,,,,1,7,0,0,1,0
1,9,2,1,3,75,FRANCE,ILE-DE-FRANCE,112,75112,PARIS,RUE FABRE D'EGLANTINE,125940,0,4,VC,0,2,2,,,0,1,,,,1,7,0,0,1,0
1,9,3,1,3,75,FRANCE,ILE-DE-FRANCE,112,75112,PARIS,AVENUE DAUMESNIL,125941,0,4,VC,0,2,0,,,1,1,,,,1,7,0,0,1,0
1,9,1,1,3,75,FRANCE,ILE-DE-FRANCE,116,75116,PARIS,CHEMIN DE CEINTURE DU LAC INFERIEUR,125951,0,4,VC,0,2,1,,,0,1,,,,1,7,0,0,1,0
1,9,1,8,3,75,FRANCE,ILE-DE-FRANCE,107,75107,PARIS,BOULEVARD SAINT GERMAIN,125957,0,9,Autre,0,2,4,,,0,1,,,,1,33,0,0,1,0
1,9,2,2,7,75,FRANCE,ILE-DE-FRANCE,115,75115,PARIS,RUE OLIVIER DE SERRES,125979,0,4,VC,0,0,4,,,0,1,,,,1,,0,0,1,0
1,9,1,1,2,75,FRANCE,ILE-DE-FRANCE,118,75118,PARIS,RUE ORDENER,125984,0,3,RD,0,0,1,,,0,1,,,,1,32,0,0,1,0
1,9,1,1,6,75,FRANCE,ILE-DE-FRANCE,111,75111,PARIS,RUE SEDAINE,125986,0,4,VC,0,1,1,,,0,1,,,,1,13,0,0,1,0
1,9,1,1,3,75,FRANCE,ILE-DE-FRANCE,103,75103,PARIS,RUE DE TURENNE,125988,0,4,VC,0,2,0,,,0,1,,,,1,7,0,0,1,0
1,9,1,1,3,75,FRANCE,ILE-DE-FRANCE,104,75104,PARIS,RUE SAINT ANTOINE,126005,0,4,VC,0,2,2,,,2,1,,,,1,7,0,0,1,0
1,9,1,1,6,75,FRANCE,ILE-DE-FRANCE,106,75106,PARIS,PLACE SAINT MICHEL,126007,0,9,Autre,0,1,0,,,3,1,,,,1,,0,0,1,0
1,9,1,1,3,75,FRANCE,ILE-DE-FRANCE,107,75107,PARIS,BOULEVARD RASPAIL,126008,0,4,VC,0,0,0,,,0,1,,,,1,7,0,0,1,0
1,9,1,8,3,75,FRANCE,ILE-DE-FRANCE,107,75107,PARIS,AVENUE DE SUFFREN,126015,0,4,VC,0,2,2,,,0,1,,,,1,7,0,0,1,0
1,9,1,1,3,75,FRANCE,ILE-DE-FRANCE,117,75117,PARIS,AVENUE DE CLICHY,126018,0,4,VC,0,2,0,,,0,1,,,,1,14,0,0,1,0
1,9,1,2,3,75,FRANCE,ILE-DE-FRANCE,104,75104,PARIS,RUE SAINT ANTOINE,126026,0,4,VC,0,2,4,,,3,5,,,,1,7,0,0,1,0
1,9,1,1,6,75,FRANCE,ILE-DE-FRANCE,104,75104,PARIS,BOULEVARD HENRI IV,126044,0,4,VC,0,0,3,,,3,1,,,,1,7,0,0,1,0
1,9,1,1,2,75,FRANCE,ILE-DE-FRANCE,108,75108,PARIS,PLACE DE LA CONCORDE,126071,0,4,VC,0,1,5,,,0,1,,,,1,7,0,0,1,0
1,9,1,1,3,75,FRANCE,ILE-DE-FRANCE,111,75111,PARIS,RUE DE CHARONNE,126073,0,4,VC,0,2,2,,,0,1,,,,1,32,0,0,1,0
1,9,1,1,6,75,FRANCE,ILE-DE-FRANCE,112,75112,PARIS,BOULEVARD DE LA BASTILLE,126075,0,4,VC,0,1,1,,,0,1,,,,1,7,0,0,1,0
1,9,2,1,3,75,FRANCE,ILE-DE-FRANCE,118,75118,PARIS,BOULEVARD NEY,126105,0,4,VC,0,1,3,,,3,1,,,,1,7,0,0,1,0
1,9,3,1,3,75,FRANCE,ILE-DE-FRANCE,113,75113,PARIS,RUE CLISSON,126123,0,9,Autre,0,1,1,,,0,1,,,,1,7,0,0,1,0
1,9,3,1,3,75,FRANCE,ILE-DE-FRANCE,120,75120,PARIS,RUE FERNAND LEGER,126128,0,4,VC,0,1,1,,,0,1,,,,1,7,0,0,1,0
1,9,1,8,6,75,FRANCE,ILE-DE-FRANCE,115,75115,PARIS,RUE DES VOLONTAIRES,126148,0,4,VC,0,1,1,,,0,1,,,,1,,0,0,0,1
1,9,1,1,2,75,FRANCE,ILE-DE-FRANCE,107,75107,PARIS,BOULEVARD DE LA TOUR MAUBOURG,126162,0,4,VC,0,1,1,,,0,1,,,,1,7,0,0,1,0
1,9,1,1,3,75,FRANCE,ILE-DE-FRANCE,115,75115,PARIS,RUE DES ENTREPRENEURS,126171,0,4,VC,0,2,2,,,0,1,,,,1,7,0,0,1,0
1,9,2,1,6,75,FRANCE,ILE-DE-FRANCE,115,75115,PARIS,RUE DE L'EGLISE,126172,0,4,VC,0,2,0,,,0,1,,,,1,,0,0,0,1
1,9,1,1,3,75,FRANCE,ILE-DE-FRANCE,114,75114,PARIS,BOULEVARD BRUNE,126199,0,4,VC,0,2,4,,,0,1,,,,1,7,0,0,1,0
1,9,1,1,6,75,FRANCE,ILE-DE-FRANCE,114,75114,PARIS,RUE D'ALESIA,126200,0,4,VC,0,2,3,,,0,1,,,,1,,0,0,0,1
5,9,2,1,5,75,FRANCE,ILE-DE-FRANCE,106,75106,PARIS,PONT NEUF,126202,2,4,VC,0,1,0,,,3,1,,,,1,7,0,0,1,0
1,9,1,1,4,75,FRANCE,ILE-DE-FRANCE,112,75112,PARIS,RUE DU FAUBOURG SAINT ANTOINE,126217,0,4,VC,0,2,1,,,0,1,,,,1,7,0,0,1,0
1,9,1,1,3,75,FRANCE,ILE-DE-FRANCE,108,75108,PARIS,AVENUE DES CHAMPS ELYSEES,126246,0,4,VC,0,0,8,,,0,0,,,,1,7,0,0,1,0
1,9,1,1,4,75,FRANCE,ILE-DE-FRANCE,119,75119,PARIS,AVENUE DE FLANDRE,126260,0,3,RD,0,3,2,,,0,1,,,,1,7,0,0,1,0
5,9,1,1,6,75,FRANCE,ILE-DE-FRANCE,113,75113,PARIS,RUE DE TOLBIAC,126265,0,9,Autre,0,2,2,,,0,1,,,,1,7,0,0,1,0
1,9,2,1,3,75,FRANCE,ILE-DE-FRANCE,103,75103,PARIS,RUE PAYENNE,126270,0,4,VC,0,1,1,,,0,1,,,,1,7,0,0,1,0
5,9,1,1,3,75,FRANCE,ILE-DE-FRANCE,115,75115,PARIS,BOULEVARD PASTEUR,126277,0,4,VC,0,1,0,,,3,1,,,,1,7,0,0,1,0
1,9,1,1,6,75,FRANCE,ILE-DE-FRANCE,114,75114,PARIS,RUE VERCINGETORIX,126284,0,9,Autre,0,0,2,,,1,5,,,,1,,0,0,1,0
1,9,2,1,3,75,FRANCE,ILE-DE-FRANCE,106,75106,PARIS,RUE JACOB,126287,0,4,VC,0,1,1,,,0,1,,,,1,37,0,0,1,0
5,9,1,1,7,75,FRANCE,ILE-DE-FRANCE,110,75110,PARIS,QUAI DE VALMY,126291,0,4,VC,0,1,2,,,0,1,,,,1,,0,0,1,0
5,9,1,1,6,75,FRANCE,ILE-DE-FRANCE,111,75111,PARIS,AVENUE PARMENTIER,126293,0,9,Autre,0,0,1,,,0,1,,,,1,7,0,0,1,0
1,9,2,1,6,75,FRANCE,ILE-DE-FRANCE,113,75113,PARIS,RUE PASCAL,126294,0,4,VC,0,1,1,,,0,1,,,,1,,0,0,1,0
1,9,1,1,3,75,FRANCE,ILE-DE-FRANCE,117,75117,PARIS,BOULEVARD MALESHERBES,126297,0,4,VC,0,3,2,,,0,1,,,,1,7,0,0,1,0
1,9,1,2,3,75,FRANCE,ILE-DE-FRANCE,111,75111,PARIS,RUE DU FAUBOURG SAINT ANTOINE,126311,0,4,VC,0,2,2,,,0,1,,,,1,7,0,0,1,0
1,9,1,1,3,75,FRANCE,ILE-DE-FRANCE,105,75105,PARIS,PONT SAINT MICHEL,126350,2,4,VC,0,1,3,,,3,1,,,,1,37,0,0,1,0
1,9,3,2,3,75,FRANCE,ILE-DE-FRANCE,114,75114,PARIS,RUE POINSON,126355,0,4,VC,0,1,1,,,0,1,,,,1,7,0,0,1,0
5,9,2,1,6,75,FRANCE,ILE-DE-FRANCE,102,75102,PARIS,RUE MONTORGUEIL,126373,0,4,VC,0,1,1,,,3,1,,,,1,,0,0,1,0
5,9,2,1,3,75,FRANCE,ILE-DE-FRANCE,101,75101,PARIS,RUE DE L'AMIRAL DE COLIGNY,126374,0,4,VC,0,1,4,,,0,1,,,,1,7,0,0,1,0
1,9,1,1,7,75,FRANCE,ILE-DE-FRANCE,101,75101,PARIS,SOUTERRAIN GENERAL LEMONNIER,126377,1,4,VC,0,0,0,,,0,1,,,,1,,0,0,1,0
5,9,1,1,6,75,FRANCE,ILE-DE-FRANCE,101,75101,PARIS,QUAI DES TUILERIES,126379,0,4,VC,0,1,3,,,0,4,,,,1,,0,0,1,0
5,9,1,1,1,75,FRANCE,ILE-DE-FRANCE,101,75101,PARIS,QUAI DES TUILERIES,126383,0,9,Autre,0,1,1,0,0,3,1,,,,1,7,0,0,1,0
1,9,1,1,7,75,FRANCE,ILE-DE-FRANCE,103,75103,PARIS,RUE DES FRANCS BOURGEOIS,126395,0,4,VC,0,1,1,,,0,1,,,,1,,0,0,1,0
1,9,2,1,3,75,FRANCE,ILE-DE-FRANCE,103,75103,PARIS,RUE DE TURBIGO,126399,0,4,VC,0,1,3,,,0,1,,,,1,7,0,0,1,0
1,9,1,1,3,75,FRANCE,ILE-DE-FRANCE,104,75104,PARIS,RUE DU TEMPLE,126408,0,4,VC,0,1,0,,,0,1,,,,1,10,0,0,1,0
1,9,3,1,3,75,FRANCE,ILE-DE-FRANCE,104,75104,PARIS,RUE DES TOURNELLES,126409,0,4,VC,0,1,1,,,0,1,,,,1,7,0,0,1,0
1,9,1,2,7,75,FRANCE,ILE-DE-FRANCE,104,75104,PARIS,RUE FRANCOIS MIRON,126410,0,4,VC,0,1,1,,,0,0,,,,1,,0,0,1,0
1,9,1,1,3,75,FRANCE,ILE-DE-FRANCE,104,75104,PARIS,RUE DE LA CITE,126413,0,4,VC,0,1,3,,,0,1,,,,1,10,0,0,1,0
1,9,1,1,3,75,FRANCE,ILE-DE-FRANCE,104,75104,PARIS,QUAI DE L'HOTEL DE VILLE,126415,0,4,VC,0,1,3,,,0,1,,,,1,33,0,0,1,0
1,9,3,1,3,75,FRANCE,ILE-DE-FRANCE,105,75105,PARIS,RUE DU PETIT MOINE,126424,0,4,VC,0,1,1,,,0,1,,,,1,7,0,0,1,0
1,9,5,1,3,75,FRANCE,ILE-DE-FRANCE,106,75106,PARIS,RUE DU VIEUX COLOMBIER,126429,0,4,VC,0,2,0,,,0,1,,,,1,7,0,0,1,0
5,9,2,1,2,75,FRANCE,ILE-DE-FRANCE,106,75106,PARIS,RUE DU CHERCHE MIDI,126434,0,4,VC,0,1,1,,,0,0,,,,1,32,0,0,1,0
1,9,1,1,3,75,FRANCE,ILE-DE-FRANCE,107,75107,PARIS,RUE DE CONSTANTINE,126444,0,4,VC,0,1,1,,,1,1,,,,1,7,0,0,1,0