lum,agg,int,atm,col,dep_bis,pays,region,com_bis,com_codeINSEE,communes,N_voie,numac,infra,catr,type_route,voie,circ,nbv,pr,pr1,vosp,situ,lat,long,adr,accident_velo,vehicule_imp,cycl_mort,cycl_bgv,cycl_blg,cycl_indm
1,9,1,1,3,75,FRANCE,ILE-DE-FRANCE,107,75107,PARIS,RUE DE GRENELLE,126458,0,4,VC,0,1,1,,,0,1,,,,1,7,0,0,1,0
1,9,2,1,7,75,FRANCE,ILE-DE-FRANCE,108,75108,PARIS,RUE DE LISBONNE,126465,0,4,VC,0,1,4,18,0,0,0,,,,1,,0,0,1,0
1,9,5,7,6,75,FRANCE,ILE-DE-FRANCE,108,75108,PARIS,BOULEVARD MALESHERBES,126467,0,4,VC,0,2,0,,,0,1,,,,1,7,0,0,1,0
1,9,1,1,4,75,FRANCE,ILE-DE-FRANCE,108,75108,PARIS,AVENUE DES CHAMPS ELYSEES,126468,0,4,VC,0,2,8,,,0,1,,,,1,7,0,0,1,0
1,9,1,1,3,75,FRANCE,ILE-DE-FRANCE,108,75108,PARIS,PLACE DE LA CONCORDE,126470,0,4,VC,0,1,1,,,0,1,,,,1,7,0,0,1,0
1,9,1,7,7,75,FRANCE,ILE-DE-FRANCE,108,75108,PARIS,BOULEVARD MALESHERBES,126471,0,4,VC,0,2,3,,,0,1,,,,1,7,0,0,1,0
1,9,2,1,3,75,FRANCE,ILE-DE-FRANCE,108,75108,PARIS,RUE ROYALE ,126473,0,4,VC,0,0,0,,,0,1,,,,1,33,0,0,1,0
1,9,1,1,2,75,FRANCE,ILE-DE-FRANCE,108,75108,PARIS,RUE DE MIROMESNIL,126478,0,4,VC,0,1,1,,,0,1,,,,1,7,0,0,1,0
1,9,1,1,2,75,FRANCE,ILE-DE-FRANCE,108,75108,PARIS,AVENUE DE FRIEDLAND,126481,0,4,VC,0,3,1,,,0,1,,,,1,7,0,0,1,0
1,9,1,1,7,75,FRANCE,ILE-DE-FRANCE,108,75108,PARIS,AVENUE DES CHAMPS ELYSEES,126482,0,4,VC,0,1,5,,,0,1,,,,1,,0,0,1,0
1,9,2,2,7,75,FRANCE,ILE-DE-FRANCE,108,75108,PARIS,RUE DE COURCELLES,126489,0,4,VC,0,2,2,,,0,1,,,,1,7,0,0,1,0
1,9,1,1,6,75,FRANCE,ILE-DE-FRANCE,109,75109,PARIS,RUE SAINT LAZARE,126502,0,4,VC,0,1,0,,,0,1,,,,1,,0,0,0,1
1,9,1,1,6,75,FRANCE,ILE-DE-FRANCE,109,75109,PARIS,PLACE DE L'OPERA,126511,0,4,VC,0,1,2,,,0,1,,,,1,,0,0,1,0
1,9,1,1,3,75,FRANCE,ILE-DE-FRANCE,110,75110,PARIS,RUE DU 8 MAI 1945,126514,0,4,VC,0,2,4,,,0,1,,,,1,7,0,0,1,0
1,9,2,1,3,75,FRANCE,ILE-DE-FRANCE,110,75110,PARIS,RUE DE LANCRY,126516,0,4,VC,0,1,1,,,0,1,,,,1,7,0,0,1,0
1,9,3,1,3,75,FRANCE,ILE-DE-FRANCE,110,75110,PARIS,RUE DE MAUBEUGE,126528,0,4,VC,0,2,1,,,0,0,,,,1,38,0,0,1,0
1,9,2,1,6,75,FRANCE,ILE-DE-FRANCE,110,75110,PARIS,RUE DE PARADIS,126529,0,4,VC,0,1,1,64,0,0,1,,,,1,30,0,0,1,0
1,9,2,1,3,75,FRANCE,ILE-DE-FRANCE,110,75110,PARIS,RUE DE LANCRY,126531,5,4,VC,0,1,2,,,0,1,,,,1,7,0,0,1,0
5,9,1,8,3,75,FRANCE,ILE-DE-FRANCE,110,75110,PARIS,PLACE DE LA BATAILLE DE STALINGRAD,126532,0,4,VC,0,0,0,,,1,1,,,,1,7,0,0,1,0
1,9,1,1,7,75,FRANCE,ILE-DE-FRANCE,110,75110,PARIS,RUE LA FAYETTE,126539,0,4,VC,0,2,4,,,3,1,,,,1,37,0,0,0,1
1,9,1,1,6,75,FRANCE,ILE-DE-FRANCE,111,75111,PARIS,BOULEVARD VOLTAIRE,126543,0,4,VC,0,2,2,,,0,1,,,,1,7,0,0,1,0
1,9,3,1,3,75,FRANCE,ILE-DE-FRANCE,111,75111,PARIS,RUE MERCOEUR,126547,0,4,VC,0,1,1,,,0,1,,,,1,7,0,0,1,0
1,9,1,1,6,75,FRANCE,ILE-DE-FRANCE,111,75111,PARIS,RUE JEAN PIERRE TIMBAUD,126548,0,4,VC,0,1,1,,,1,1,,,,1,,0,0,0,1
1,9,1,1,7,75,FRANCE,ILE-DE-FRANCE,111,75111,PARIS,RUE AMELOT,126555,0,4,VC,0,1,1,,,0,1,,,,1,7,0,0,1,0
1,9,6,1,3,75,FRANCE,ILE-DE-FRANCE,111,75111,PARIS,RUE DU FAUBOURG SAINT ANTOINE,126557,5,4,VC,0,3,1,,,0,1,,,,1,7,0,0,1,0
1,9,1,2,3,75,FRANCE,ILE-DE-FRANCE,111,75111,PARIS,BOULEVARD RICHARD LENOIR,126559,0,4,VC,0,1,2,,,0,1,,,,1,32,0,0,1,0
1,9,3,1,7,75,FRANCE,ILE-DE-FRANCE,111,75111,PARIS,CITE DUPONT,126568,0,4,VC,0,1,1,0,0,0,0,,,,1,,0,0,1,0
1,9,1,1,3,75,FRANCE,ILE-DE-FRANCE,112,75112,PARIS,BOULEVARD DIDEROT,126572,0,4,VC,0,1,2,,,0,1,,,,1,7,0,0,1,0
1,9,1,1,2,75,FRANCE,ILE-DE-FRANCE,112,75112,PARIS,QUAI DE BERCY,126574,0,4,VC,0,1,0,,,0,4,,,,1,17,0,0,1,0
1,9,1,1,3,75,FRANCE,ILE-DE-FRANCE,112,75112,PARIS,ROUTE DE LA PYRAMIDE,126579,0,4,VC,0,4,2,,,1,5,,,,1,7,0,0,1,0
1,9,1,1,6,75,FRANCE,ILE-DE-FRANCE,112,75112,PARIS,RUE DU FAUBOURG SAINT ANTOINE,126581,0,4,VC,0,2,3,,,0,1,,,,1,7,0,0,1,0
1,9,5,7,2,75,FRANCE,ILE-DE-FRANCE,112,75112,PARIS,COURS DE VINCENNES,126582,0,4,VC,0,0,1,,,0,1,,,,1,7,0,0,1,0
1,9,1,1,2,75,FRANCE,ILE-DE-FRANCE,112,75112,PARIS,PLACE DU COLONEL BOURGOIN,126584,0,4,VC,0,1,1,,,0,1,,,,1,10,0,0,1,0
1,9,3,1,3,75,FRANCE,ILE-DE-FRANCE,112,75112,PARIS,RUE DU COLONEL OUDOT,126597,0,4,VC,0,1,1,,,0,5,,,,1,7,0,0,1,0
1,9,1,1,6,75,FRANCE,ILE-DE-FRANCE,112,75112,PARIS,RUE DE LYON,126601,0,4,VC,0,0,0,,,0,4,,,,1,,0,0,1,0
1,9,1,1,3,75,FRANCE,ILE-DE-FRANCE,112,75112,PARIS,ROUTE SAINT HUBERT,126604,0,4,VC,0,2,2,,,0,1,,,,1,7,0,0,1,0
1,9,1,1,6,75,FRANCE,ILE-DE-FRANCE,112,75112,PARIS,AVENUE DAUMESNIL,126605,0,4,VC,0,2,2,,,0,1,,,,1,,0,0,1,0
1,9,1,1,3,75,FRANCE,ILE-DE-FRANCE,112,75112,PARIS,ROUTE DE LA PYRAMIDE,126607,0,4,VC,0,3,2,,,0,1,,,,1,32,0,0,1,0
1,9,1,1,3,75,FRANCE,ILE-DE-FRANCE,112,75112,PARIS,BOULEVARD PONIATOWSKI,126610,0,4,VC,0,2,6,,,1,5,,,,1,7,0,0,1,0
1,9,1,1,3,75,FRANCE,ILE-DE-FRANCE,113,75113,PARIS,RUE DE TOLBIAC,126612,5,4,VC,0,2,2,,,0,1,,,,1,10,0,0,1,0
1,9,2,1,3,75,FRANCE,ILE-DE-FRANCE,113,75113,PARIS,RUE DE LA GLACIERE,126618,0,4,VC,0,2,2,,,0,1,,,,1,7,0,0,1,0
2,9,1,1,7,75,FRANCE,ILE-DE-FRANCE,113,75113,PARIS,RUE DU PROFESSEUR LOUIS RENAULT,126627,0,4,VC,0,1,1,,,0,4,,,,1,,0,0,1,0
1,9,2,1,2,75,FRANCE,ILE-DE-FRANCE,114,75114,PARIS,PLACE DENFERT ROCHEREAU,126648,0,2,RN,0,2,2,,,0,1,,,,1,7,0,0,1,0
1,9,6,1,3,75,FRANCE,ILE-DE-FRANCE,114,75114,PARIS,RUE DU COMMANDANT RENE MOUCHOTTE,126655,0,2,RN,0,2,2,,,0,1,,,,1,7,0,0,1,0
1,9,1,1,3,75,FRANCE,ILE-DE-FRANCE,114,75114,PARIS,RUE GUSTAVE LE BON,126656,0,9,Autre,0,1,0,,,0,1,,,,1,7,0,0,1,0
4,9,2,1,3,75,FRANCE,ILE-DE-FRANCE,114,75114,PARIS,AVENUE MAURICE D'OCAGNE,126658,0,4,VC,0,0,2,2,0,0,0,,,,1,7,0,0,1,0
1,9,7,1,3,75,FRANCE,ILE-DE-FRANCE,114,75114,PARIS,BOULEVARD SAINT JACQUES,126659,0,4,VC,0,1,3,,,0,1,,,,1,31,0,0,1,0
1,9,1,1,3,75,FRANCE,ILE-DE-FRANCE,114,75114,PARIS,AVENUE REILLE,126660,0,4,VC,0,0,1,,,0,4,,,,1,7,0,0,1,0
1,9,1,1,3,75,FRANCE,ILE-DE-FRANCE,115,75115,PARIS,RUE JOSEPH LIOUVILLE,126667,0,4,VC,0,2,2,,,0,0,,,,1,37,0,0,1,0
1,9,1,1,3,75,FRANCE,ILE-DE-FRANCE,115,75115,PARIS,RUE BALARD,126674,0,4,VC,0,0,0,,,0,1,,,,1,7,0,0,1,0
2,9,1,2,3,75,FRANCE,ILE-DE-FRANCE,115,75115,PARIS,RUE DE LA CONVENTION,126689,0,3,RD,0,2,1,,,0,1,,,,1,7,0,0,1,0
1,9,3,1,3,75,FRANCE,ILE-DE-FRANCE,117,75117,PARIS,AVENUE BRUNETIERE,126740,0,4,VC,0,1,1,,,0,1,,,,1,7,0,0,1,0
1,9,2,1,6,75,FRANCE,ILE-DE-FRANCE,117,75117,PARIS,RUE ANATOLE DE LA FORGE,126743,0,3,RD,0,2,3,,,0,1,,,,1,7,0,0,1,0
1,9,2,1,7,75,FRANCE,ILE-DE-FRANCE,117,75117,PARIS,PLACE DU GENERAL CATROUX,126745,0,3,RD,0,2,0,,,0,1,,,,1,,0,0,1,0
1,9,1,1,3,75,FRANCE,ILE-DE-FRANCE,118,75118,PARIS,RUE LOUIS PASTEUR VALERY RADOT,126762,1,4,VC,0,1,1,,,0,4,,,,1,7,0,0,1,0
5,9,1,1,7,75,FRANCE,ILE-DE-FRANCE,118,75118,PARIS,BOULEVARD DE CLICHY,126763,0,9,Autre,0,1,2,,,3,0,,,,1,,0,0,1,0
2,9,1,1,3,75,FRANCE,ILE-DE-FRANCE,118,75118,PARIS,BOULEVARD NEY,126767,0,4,VC,0,3,4,,,3,1,,,,1,7,0,0,1,0
1,9,1,2,6,75,FRANCE,ILE-DE-FRANCE,118,75118,PARIS,RUE DE CLIGNANCOURT,126772,0,4,VC,0,1,1,,,0,1,,,,1,7,0,0,1,0
1,9,1,1,3,75,FRANCE,ILE-DE-FRANCE,118,75118,PARIS,AVENUE DE LA PORTE DE CLIGNANCOURT,126784,0,9,Autre,0,1,1,,,3,1,,,,1,7,0,0,1,0
1,9,1,1,7,75,FRANCE,ILE-DE-FRANCE,119,75119,PARIS,QUAI DE LA LOIRE,126791,0,4,VC,0,1,1,,,1,5,,,,1,,0,0,1,0
1,9,1,1,1,75,FRANCE,ILE-DE-FRANCE,119,75119,PARIS,RUE DE CRIMEE,126797,0,4,VC,0,1,1,,,0,1,,,,1,7,0,0,1,0
5,9,3,1,6,75,FRANCE,ILE-DE-FRANCE,120,75120,PARIS,RUE LETALLE,126817,0,4,VC,0,2,2,,,0,1,,,,1,2,0,0,1,0
1,9,1,1,3,75,FRANCE,ILE-DE-FRANCE,120,75120,PARIS,AVENUE GAMBETTA,126829,0,4,VC,0,2,0,,,0,1,,,,1,7,0,0,1,0
2,9,1,1,3,75,FRANCE,ILE-DE-FRANCE,120,75120,PARIS,RUE DU CLOS,126835,0,9,Autre,0,4,2,0,0,0,4,,,,1,10,0,0,1,0
1,9,1,1,3,75,FRANCE,ILE-DE-FRANCE,110,75110,PARIS,RUE DU FAUBOURG SAINT MARTIN,126848,0,4,VC,0,2,2,,,0,1,,,,1,10,0,0,1,0
1,9,1,1,3,75,FRANCE,ILE-DE-FRANCE,101,75101,PARIS,RUE DE RIVOLI,126914,0,4,VC,0,1,2,,,3,1,,,,1,37,0,0,1,0
1,9,2,1,6,75,FRANCE,ILE-DE-FRANCE,101,75101,PARIS,QUAI DE LA MEGISSERIE,126917,0,4,VC,0,2,2,,,0,1,,,,1,,0,0,0,1
1,9,2,8,3,75,FRANCE,ILE-DE-FRANCE,102,75102,PARIS,RUE SAITN APPOLINE,126921,0,4,VC,0,1,4,,,3,5,,,,1,31,0,0,1,0
1,9,3,1,2,75,FRANCE,ILE-DE-FRANCE,103,75103,PARIS,RUE DES ARCHIVES,126936,0,4,VC,0,1,0,,,0,1,,,,1,7,0,0,1,0
1,9,3,1,3,75,FRANCE,ILE-DE-FRANCE,104,75104,PARIS,RUE SAINT BON,126943,0,4,VC,0,1,1,,,0,1,,,,1,7,0,0,1,0
1,9,2,1,6,75,FRANCE,ILE-DE-FRANCE,104,75104,PARIS,RUE QUINCAMPOIX,126947,6,4,VC,0,0,1,,,0,1,,,,1,,0,0,0,1
1,9,1,1,6,75,FRANCE,ILE-DE-FRANCE,105,75105,PARIS,BOULEVARD SAINT MICHEL,126948,0,9,Autre,0,1,3,,,0,0,,,,1,,0,0,0,1
1,9,1,1,6,75,FRANCE,ILE-DE-FRANCE,105,75105,PARIS,RUE JUSSIEU,126955,0,4,VC,0,2,3,,,0,1,,,,1,,0,0,1,0
1,9,1,1,3,75,FRANCE,ILE-DE-FRANCE,105,75105,PARIS,BOULEVARD SAINT MICHEL,126964,0,4,VC,0,3,3,,,3,1,,,,1,7,0,0,1,0
1,9,2,1,3,75,FRANCE,ILE-DE-FRANCE,106,75106,PARIS,RUE DE LA GRANDE CHAUMIERE,126970,0,4,VC,0,1,1,,,0,0,,,,1,7,0,0,1,0
1,9,1,1,3,75,FRANCE,ILE-DE-FRANCE,106,75106,PARIS,BOULEVARD DU MONTPARNASSE,126974,0,4,VC,0,2,0,,,0,1,,,,1,7,0,0,1,0
1,9,4,1,3,75,FRANCE,ILE-DE-FRANCE,107,75107,PARIS,RUE DE LUYNES,126992,0,4,VC,0,1,1,,,0,1,,,,1,7,0,0,1,0
1,9,1,1,2,75,FRANCE,ILE-DE-FRANCE,107,75107,PARIS,AVENUE DE LA MOTTE PICQUET,126994,0,3,RD,0,2,1,,,3,1,,,,1,10,0,0,1,0
1,9,2,1,6,75,FRANCE,ILE-DE-FRANCE,108,75108,PARIS,RUE DE MIROMESNIL,127025,0,4,VC,0,2,3,,,0,1,,,,1,,,,,
1,9,3,1,3,75,FRANCE,ILE-DE-FRANCE,108,75108,PARIS,BOULEVARD HAUSSMANN,127027,0,4,VC,0,1,2,,,0,1,,,,1,7,0,0,1,0
1,9,1,1,7,75,FRANCE,ILE-DE-FRANCE,109,75109,PARIS,RUE RICHER,127042,0,4,VC,0,1,1,,,0,1,,,,1,,0,0,1,0
1,9,1,1,2,75,FRANCE,ILE-DE-FRANCE,109,75109,PARIS,BOULEVARD HAUSSMANN,127050,0,4,VC,0,1,4,,,0,1,,,,1,7,0,0,1,0
1,9,2,1,3,75,FRANCE,ILE-DE-FRANCE,109,75109,PARIS,RUE LE PELETIER,127051,0,4,VC,0,1,1,,,0,1,,,,1,7,0,0,1,0
5,9,1,1,6,75,FRANCE,ILE-DE-FRANCE,109,75109,PARIS,RUE DE CHATEAUDUN,127052,0,4,VC,0,2,3,,,3,1,,,,1,7,0,0,1,0
1,9,2,1,6,75,FRANCE,ILE-DE-FRANCE,109,75109,PARIS,RUE DE CHATEAUDUN,127056,0,4,VC,0,1,3,,,3,1,,,,1,7,0,0,1,0
1,9,2,1,6,75,FRANCE,ILE-DE-FRANCE,109,75109,PARIS,RUE D'AMSTERDAM,127058,0,4,VC,0,1,2,,,3,0,,,,1,,,,,
1,9,1,1,1,75,FRANCE,ILE-DE-FRANCE,110,75110,PARIS,QUAI DE VALMY,127065,6,4,VC,0,1,2,,,0,1,,,,1,,0,0,0,1
1,9,1,1,6,75,FRANCE,ILE-DE-FRANCE,110,75110,PARIS,BOULEVARD DE MAGENTA,127071,0,4,VC,0,2,0,,,1,5,,,,1,,,,,
1,9,2,1,6,75,FRANCE,ILE-DE-FRANCE,110,75110,PARIS,RUE EUGENE VARLIN,127081,2,4,VC,0,1,2,,,2,1,,,,1,30,0,0,1,0
1,9,1,1,7,75,FRANCE,ILE-DE-FRANCE,110,75110,PARIS,BOULEVARD DE LA CHAPELLE,127084,0,4,VC,0,1,1,,,0,1,,,,1,,0,0,1,0
1,9,1,1,3,75,FRANCE,ILE-DE-FRANCE,110,75110,PARIS,BOULEVARD DE MAGENTA,127085,0,4,VC,0,0,0,,,0,5,,,,1,7,0,0,1,0
1,9,1,1,1,75,FRANCE,ILE-DE-FRANCE,110,75110,PARIS,RUE DES PETITES ECURIES,127088,0,4,VC,0,1,1,,,1,5,,,,1,31,0,0,1,0
1,9,1,1,3,75,FRANCE,ILE-DE-FRANCE,111,75111,PARIS,AVENUE PARMENTIER,127100,0,4,VC,0,2,1,,,0,1,,,,1,7,0,0,1,0
1,9,2,1,6,75,FRANCE,ILE-DE-FRANCE,111,75111,PARIS,BOULEVARD RICHARD LENOIR,127101,0,4,VC,0,1,2,,,0,1,,,,1,34,,,,
5,9,1,1,2,75,FRANCE,ILE-DE-FRANCE,111,75111,PARIS,BOULEVARD BEAUMARCHAIS,127104,0,4,VC,0,2,6,,,3,1,,,,1,7,0,0,1,0
1,9,1,1,2,75,FRANCE,ILE-DE-FRANCE,111,75111,PARIS,AVENUE PHILIPPE AUGUSTE,127109,0,4,VC,0,2,2,,,0,1,,,,1,10,0,0,1,0
2,9,1,1,6,75,FRANCE,ILE-DE-FRANCE,111,75111,PARIS,RUE OBERKAMPF,127112,0,4,VC,0,1,1,,,0,3,,,,1,,0,0,1,0
1,9,1,1,7,75,FRANCE,ILE-DE-FRANCE,112,75112,PARIS,ROUTE DAUPHINE,127122,0,9,Autre,0,0,1,,,0,5,,,,1,,0,0,1,0
1,9,1,1,3,75,FRANCE,ILE-DE-FRANCE,112,75112,PARIS,RUE DE PRAGUE,127123,0,4,VC,0,2,2,,,0,1,,,,1,7,0,0,1,0
5,9,3,1,1,75,FRANCE,ILE-DE-FRANCE,112,75112,PARIS,QUAI DE LA RAPEE,127138,2,4,VC,0,1,1,,,3,5,,,,1,37,0,0,1,0
1,9,1,1,6,75,FRANCE,ILE-DE-FRANCE,112,75112,PARIS,PLACE EDOUARD RENARD,127143,0,9,Autre,0,0,1,2,0,0,4,,,,1,,,,,
1,9,1,1,6,75,FRANCE,ILE-DE-FRANCE,112,75112,PARIS,COURS DE VINCENNES,127149,0,4,VC,0,1,1,,,0,1,,,,1,,0,0,1,0
1,9,3,1,6,75,FRANCE,ILE-DE-FRANCE,112,75112,PARIS,RUE ERARD,127150,0,4,VC,0,1,1,,,0,1,,,,1,,0,0,0,1
5,9,1,1,6,75,FRANCE,ILE-DE-FRANCE,112,75112,PARIS,AVENUE DE GRAVELLE,127155,0,2,RN,0,2,2,,,0,1,,,,1,,0,0,1,0
1,9,1,1,6,75,FRANCE,ILE-DE-FRANCE,112,75112,PARIS,AVENUE DAUMESNIL,127161,0,4,VC,0,2,4,,,1,5,,,,1,,0,0,0,1
1,9,1,8,6,75,FRANCE,ILE-DE-FRANCE,113,75113,PARIS,BOULEVARD DE L'HOPITAL,127173,0,9,Autre,0,2,4,,,3,1,,,,1,,0,0,0,1
1,9,1,1,3,75,FRANCE,ILE-DE-FRANCE,113,75113,PARIS,AVENUE D'ITALIE,127174,0,9,Autre,0,2,3,,,1,5,,,,1,7,0,0,1,0
1,9,1,1,7,75,FRANCE,ILE-DE-FRANCE,113,75113,PARIS,BOULEVARD DE L'HOPITAL,127177,0,4,VC,0,2,2,,,3,1,,,,1,,0,0,1,0
5,9,2,1,6,75,FRANCE,ILE-DE-FRANCE,113,75113,PARIS,RUE BOUSSAINGAULT,127184,0,4,VC,0,0,1,,,0,1,,,,1,7,0,0,1,0
1,9,2,1,3,75,FRANCE,ILE-DE-FRANCE,113,75113,PARIS,ECHANGEUR ITALIE,127185,0,4,VC,0,0,1,,,0,1,,,,1,7,0,0,1,0
1,9,1,1,2,75,FRANCE,ILE-DE-FRANCE,113,75113,PARIS,RUE DU VAL DE MARNE,127188,0,4,VC,0,2,2,,,0,1,,,,1,7,0,0,0,1
1,9,1,1,6,75,FRANCE,ILE-DE-FRANCE,113,75113,PARIS,BOULEVARD MASSENA,127192,0,4,VC,0,2,4,,,0,1,,,,1,7,0,0,1,0
1,9,2,1,3,75,FRANCE,ILE-DE-FRANCE,114,75114,PARIS,BOULEVARD EDGAR QUINET,127201,0,4,VC,0,1,3,,,3,1,,,,1,32,0,0,1,0
1,9,2,1,3,75,FRANCE,ILE-DE-FRANCE,114,75114,PARIS,BOULEVARD JOURDAN,127213,0,4,VC,0,2,4,,,1,1,,,,1,37,0,0,1,0
1,9,1,1,6,75,FRANCE,ILE-DE-FRANCE,115,75115,PARIS,BOULEVARD VICTOR,127229,0,4,VC,0,2,2,,,1,1,,,,1,,0,0,1,0
1,9,2,1,7,75,FRANCE,ILE-DE-FRANCE,115,75115,PARIS,RUE CABANEL,127231,0,9,Autre,0,1,1,,,0,5,,,,1,,0,0,1,0
1,9,2,1,3,75,FRANCE,ILE-DE-FRANCE,115,75115,PARIS,RUE PETEL,127237,0,4,VC,0,2,2,,,0,1,,,,1,7,0,0,1,0
1,9,1,1,5,75,FRANCE,ILE-DE-FRANCE,115,75115,PARIS,BOULEVARD PASTEUR,127246,0,4,VC,0,1,2,,,3,1,,,,1,7,0,0,1,0
1,9,2,1,3,75,FRANCE,ILE-DE-FRANCE,115,75115,PARIS,RUE DU THEATRE,127253,0,9,Autre,0,1,2,,,0,1,,,,1,7,0,0,1,0
1,9,3,1,2,75,FRANCE,ILE-DE-FRANCE,115,75115,PARIS,RUE PETEL,127257,0,4,VC,0,2,1,,,0,1,,,,1,7,0,0,1,0
1,9,2,1,3,75,FRANCE,ILE-DE-FRANCE,115,75115,PARIS,RUE DE CHERBOURG,127264,0,4,VC,0,1,1,,,0,1,,,,1,10,0,0,1,0
1,9,1,1,7,75,FRANCE,ILE-DE-FRANCE,116,75116,PARIS,AVENUE DE LA PORTE D'AUTEUIL,127284,0,4,VC,0,2,0,,,0,1,,,,1,,0,0,1,0
1,9,1,8,2,75,FRANCE,ILE-DE-FRANCE,117,75117,PARIS,AVENUE DE LA GRANDE ARMEE,127332,0,4,VC,0,1,3,,,0,1,,,,1,7,0,0,1,0
1,9,2,1,3,75,FRANCE,ILE-DE-FRANCE,117,75117,PARIS,AVENUE DE SAINT OUEN,127339,0,4,VC,0,2,3,1,0,0,1,,,,1,38,0,0,1,0
1,9,1,1,6,75,FRANCE,ILE-DE-FRANCE,117,75117,PARIS,AVENUE DES TERNES,127340,0,4,VC,0,2,2,,,0,1,,,,1,7,0,0,1,0
1,9,1,1,6,75,FRANCE,ILE-DE-FRANCE,117,75117,PARIS,AVENUE DES TERNES,127344,0,4,VC,0,2,2,,,0,3,,,,1,,0,0,1,0
5,9,1,1,6,75,FRANCE,ILE-DE-FRANCE,118,75118,PARIS,RUE MARX DORMOY,127351,0,4,VC,0,2,5,,,0,1,,,,1,7,0,0,1,0
1,9,1,1,6,75,FRANCE,ILE-DE-FRANCE,118,75118,PARIS,BOULEVARD BARBES,127356,0,4,VC,0,1,1,,,3,1,,,,1,,0,0,0,1
1,9,3,1,3,75,FRANCE,ILE-DE-FRANCE,118,75118,PARIS,BOULEVARD DE LA CHAPELLE,127372,0,4,VC,0,1,2,,,1,1,,,,1,7,0,0,1,0
1,9,5,1,3,75,FRANCE,ILE-DE-FRANCE,119,75119,PARIS,BOULEVARD DE LA VILLETTE,127378,0,4,VC,0,1,2,,,0,0,,,,1,33,0,0,0,1
1,9,3,8,3,75,FRANCE,ILE-DE-FRANCE,119,75119,PARIS,AVENUE JEAN JAURES,127381,0,4,VC,0,2,2,,,0,1,,,,1,7,0,0,1,0
1,9,2,1,3,75,FRANCE,ILE-DE-FRANCE,119,75119,PARIS,BOULEVARD D'INDOCHINE,127384,0,4,VC,0,2,2,,,0,1,,,,1,3,0,0,1,0
1,9,1,1,3,75,FRANCE,ILE-DE-FRANCE,119,75119,PARIS,RUE RIQUET,127387,0,4,VC,0,2,2,,,0,1,,,,1,10,0,0,1,0
5,9,3,1,3,75,FRANCE,ILE-DE-FRANCE,119,75119,PARIS,AVENUE CORENTIN CARIOU,127388,0,4,VC,0,2,4,,,0,1,,,,1,10,0,0,1,0
5,9,1,1,3,75,FRANCE,ILE-DE-FRANCE,119,75119,PARIS,AVENUE DE LA PORTE DE LA VILLETTE,127389,0,4,VC,0,2,6,,,0,1,,,,1,7,0,0,1,0
1,9,2,1,2,75,FRANCE,ILE-DE-FRANCE,119,75119,PARIS,RUE DE SOISSONS,127391,0,4,VC,0,1,2,,,3,1,,,,1,7,0,0,1,0
1,9,1,1,2,75,FRANCE,ILE-DE-FRANCE,120,75120,PARIS,BOULEVARD DE MENILMONTANT,127415,0,4,VC,0,1,0,,,1,5,,,,1,7,0,0,1,0
1,9,1,1,3,75,FRANCE,ILE-DE-FRANCE,120,75120,PARIS,RUE DES COURONNES,127421,0,4,VC,0,2,0,,,0,0,,,,1,7,0,0,1,0
1,9,3,1,6,75,FRANCE,ILE-DE-FRANCE,120,75120,PARIS,RUE DES ORTEAUX,127422,0,4,VC,0,2,2,,,0,1,,,,1,7,0,0,1,0
1,9,1,1,2,75,FRANCE,ILE-DE-FRANCE,120,75120,PARIS,RUE DES PYRENEES,127427,0,4,VC,0,2,0,,,3,0,,,,1,10,0,0,1,0
1,9,1,1,7,75,FRANCE,ILE-DE-FRANCE,116,75116,PARIS,RUE MOLITOR,127437,0,4,VC,0,2,2,,,0,1,,,,1,,0,0,1,0
1,9,3,1,3,75,FRANCE,ILE-DE-FRANCE,101,75101,PARIS,RUE DE RIVOLI,127520,5,4,VC,0,1,4,,,1,1,,,,1,7,0,0,1,0
1,9,2,2,3,75,FRANCE,ILE-DE-FRANCE,102,75102,PARIS,RUE PALESTRO,127533,0,4,VC,0,1,2,,,0,1,,,,1,30,0,0,1,0
1,9,2,1,3,75,FRANCE,ILE-DE-FRANCE,102,75102,PARIS,RUE SAINT DENIS,127534,6,4,VC,0,1,3,,,0,1,,,,1,32,0,0,0,1
1,9,1,1,7,75,FRANCE,ILE-DE-FRANCE,104,75104,PARIS,RUE SAINT ANTOINE,127554,0,4,VC,0,2,3,,,3,1,,,,1,,0,0,1,0
1,9,1,1,3,75,FRANCE,ILE-DE-FRANCE,104,75104,PARIS,RUE DE RIVOLI,127559,0,4,VC,0,1,3,,,3,1,,,,1,7,0,0,1,0
5,9,2,1,7,75,FRANCE,ILE-DE-FRANCE,104,75104,PARIS,RUE CLOCHE PERCE,127568,0,4,VC,0,1,3,,,0,1,,,,1,,0,0,1,0
1,9,1,1,3,75,FRANCE,ILE-DE-FRANCE,105,75105,PARIS,RUE CENSIER,127575,0,4,VC,0,2,2,,,0,1,,,,1,33,0,0,1,0
1,9,2,1,3,75,FRANCE,ILE-DE-FRANCE,105,75105,PARIS,BOULEVARD SAINT GERMAIN,127577,0,4,VC,0,1,1,,,0,1,,,,1,2,0,0,1,0
1,9,1,1,7,75,FRANCE,ILE-DE-FRANCE,107,75107,PARIS,PLACE HENRY DE MONTHERLANT,127587,0,4,VC,0,1,4,,,1,5,,,,1,,0,0,1,0
1,9,5,1,3,75,FRANCE,ILE-DE-FRANCE,107,75107,PARIS,QUAI D'ORSAY,127599,0,4,VC,0,0,0,,,0,0,,,,1,7,0,0,1,0
1,9,1,1,2,75,FRANCE,ILE-DE-FRANCE,108,75108,PARIS,COURS ALBERT 1ER,127609,0,4,VC,0,1,1,,,0,1,,,,1,7,0,0,1,0
1,9,4,1,3,75,FRANCE,ILE-DE-FRANCE,108,75108,PARIS,RUE DE ROME,127626,0,4,VC,0,1,3,,,0,1,,,,1,7,0,0,1,0