lum,agg,int,atm,col,dep_bis,pays,region,com_bis,com_codeINSEE,communes,N_voie,numac,infra,catr,type_route,voie,circ,nbv,pr,pr1,vosp,situ,lat,long,adr,accident_velo,vehicule_imp,cycl_mort,cycl_bgv,cycl_blg,cycl_indm
1,9,1,1,3,75,FRANCE,ILE-DE-FRANCE,109,75109,PARIS,RUE DE DOUAI,127643,0,4,VC,0,1,1,,,0,1,,,,1,7,0,0,1,0
1,9,1,1,3,75,FRANCE,ILE-DE-FRANCE,109,75109,PARIS,RUE HALEVY,127650,0,4,VC,0,1,3,,,0,1,,,,1,7,0,0,1,0
1,9,1,1,3,75,FRANCE,ILE-DE-FRANCE,109,75109,PARIS,RUE DE MOGADOR,127654,0,4,VC,0,1,1,,,0,1,,,,1,10,0,0,1,0
1,9,1,1,7,75,FRANCE,ILE-DE-FRANCE,110,75110,PARIS,RUE LOUIS BLANC,127658,0,4,VC,0,1,2,,,0,1,,,,1,,0,0,1,0
1,9,3,1,2,75,FRANCE,ILE-DE-FRANCE,110,75110,PARIS,PASSAGE DELESSERT,127673,0,4,VC,0,1,1,,,0,5,,,,1,,0,0,1,0
5,9,1,1,3,75,FRANCE,ILE-DE-FRANCE,110,75110,PARIS,QUAI DE VALMY,127680,0,4,VC,0,1,1,0,10,1,5,,,,1,7,0,0,1,0
1,9,1,1,2,75,FRANCE,ILE-DE-FRANCE,110,75110,PARIS,BOULEVARD DE MAGENTA,127683,0,4,VC,0,0,2,,,3,0,,,,1,7,0,0,1,0
1,9,2,2,7,75,FRANCE,ILE-DE-FRANCE,111,75111,PARIS,RUE DU PASTEUR WAGNER,127684,0,4,VC,0,1,1,,,1,1,,,,1,,0,0,1,0
1,9,1,1,6,75,FRANCE,ILE-DE-FRANCE,111,75111,PARIS,BOULEVARD RICHARD LENOIR,127686,0,4,VC,0,1,2,,,1,1,,,,1,,0,0,1,0
1,9,2,1,6,75,FRANCE,ILE-DE-FRANCE,111,75111,PARIS,RUE EDOUARD LOCKROY,127690,0,4,VC,0,3,1,,,1,5,,,,1,,0,0,0,1
1,9,2,1,5,75,FRANCE,ILE-DE-FRANCE,111,75111,PARIS,BOULEVARD DE BELLEVILLE,127692,0,4,VC,0,1,1,,,1,5,,,,1,7,0,0,1,0
1,9,1,1,6,75,FRANCE,ILE-DE-FRANCE,111,75111,PARIS,RUE DE MONTREUIL,127702,0,4,VC,0,1,1,,,0,1,,,,1,,0,0,1,0
1,9,1,1,3,75,FRANCE,ILE-DE-FRANCE,111,75111,PARIS,BOULEVARD VOLTAIRE,127704,0,4,VC,0,2,2,,,0,1,,,,1,33,0,0,1,0
1,9,1,1,3,75,FRANCE,ILE-DE-FRANCE,112,75112,PARIS,BOULEVARD DIDEROT,127709,0,4,VC,0,2,2,,,0,1,,,,1,10,0,0,1,0
1,9,1,1,3,75,FRANCE,ILE-DE-FRANCE,112,75112,PARIS,AVENUE DAUMESNIL,127710,0,4,VC,0,2,2,,,1,1,,,,1,7,0,0,1,0
5,9,2,1,3,75,FRANCE,ILE-DE-FRANCE,112,75112,PARIS,AVENUE LEDRU ROLLIN,127716,0,4,VC,0,1,3,,,0,1,,,,1,7,0,0,1,0
1,9,2,1,6,75,FRANCE,ILE-DE-FRANCE,112,75112,PARIS,ROUTE SAINT HUBERT,127719,0,4,VC,0,2,2,,,0,5,,,,1,,0,0,1,0
1,9,5,1,3,75,FRANCE,ILE-DE-FRANCE,112,75112,PARIS,BOULEVARD DIDEROT,127722,0,4,VC,0,2,4,,,0,1,,,,1,38,0,0,1,0
1,9,2,1,3,75,FRANCE,ILE-DE-FRANCE,112,75112,PARIS,RUE ANTOINE JULIEN HENARD,127723,0,4,VC,0,2,2,,,0,1,,,,1,7,0,0,1,0
1,9,1,1,6,75,FRANCE,ILE-DE-FRANCE,112,75112,PARIS,RUE DU FAUBOURG SAINT ANTOINE,127724,0,4,VC,0,3,2,,,0,1,,,,1,10,0,0,1,0
1,9,5,1,3,75,FRANCE,ILE-DE-FRANCE,112,75112,PARIS,RUE DU GENERAL DE LANGLE DE CARY,127725,3,4,VC,0,2,4,,,0,1,,,,1,7,0,0,1,0
5,9,1,2,3,75,FRANCE,ILE-DE-FRANCE,112,75112,PARIS,AVENUE DAUMESNIL,127729,0,4,VC,0,2,3,,,1,1,,,,1,7,0,0,1,0
1,9,2,7,2,75,FRANCE,ILE-DE-FRANCE,112,75112,PARIS,RUE DE REUILLY,127733,0,4,VC,0,2,2,,,0,0,,,,1,10,0,0,1,0
1,9,2,8,6,75,FRANCE,ILE-DE-FRANCE,113,75113,PARIS,RUE EDMOND FLAMAND,127742,0,4,VC,0,3,1,,,0,1,,,,1,7,0,0,1,0
1,9,1,1,7,75,FRANCE,ILE-DE-FRANCE,113,75113,PARIS,QUAI D'AUSTERLITZ,127744,0,4,VC,0,2,2,,,1,5,,,,1,,0,0,1,0
1,9,1,1,3,75,FRANCE,ILE-DE-FRANCE,113,75113,PARIS,RUE DE TOLBIAC,127748,0,4,VC,0,2,1,,,0,1,,,,1,7,0,0,1,0
1,9,1,1,6,75,FRANCE,ILE-DE-FRANCE,113,75113,PARIS,AVENUE D'ITALIE,127749,0,4,VC,0,1,1,,,1,5,,,,1,,0,0,0,1
1,9,1,1,2,75,FRANCE,ILE-DE-FRANCE,113,75113,PARIS,QUAI D'AUSTERLITZ,127755,0,9,Autre,0,0,1,,,1,5,,,,1,,0,0,0,1
1,9,1,1,6,75,FRANCE,ILE-DE-FRANCE,113,75113,PARIS,AVENUE DE LA PORTE D'IVRY,127765,0,4,VC,0,2,1,,,0,4,,,,1,,0,0,0,1
1,9,1,1,7,75,FRANCE,ILE-DE-FRANCE,114,75114,PARIS,BOULEVARD RASPAIL,127768,0,9,Autre,0,2,6,,,1,1,,,,1,14,0,0,1,0
1,9,1,1,3,75,FRANCE,ILE-DE-FRANCE,114,75114,PARIS,AVENUE DU GENERAL LECLERC,127779,0,4,VC,0,2,5,,,0,1,,,,1,7,0,0,1,0
1,9,5,1,3,75,FRANCE,ILE-DE-FRANCE,114,75114,PARIS,RUE DIDOT,127787,0,4,VC,0,1,1,,,0,1,,,,1,7,0,0,1,0
1,9,1,1,3,75,FRANCE,ILE-DE-FRANCE,114,75114,PARIS,RUE RAYMOND LOSSERAND,127803,0,4,VC,0,2,2,,,0,1,,,,1,7,0,0,1,0
1,9,3,1,3,75,FRANCE,ILE-DE-FRANCE,115,75115,PARIS,RUE DES CEVENNES,127810,0,4,VC,0,2,2,,,0,1,,,,1,7,0,0,1,0
1,9,5,1,3,75,FRANCE,ILE-DE-FRANCE,115,75115,PARIS,RUE SAINT CHARLES,127823,0,4,VC,0,1,1,,,0,1,,,,1,7,0,0,1,0
2,9,5,1,3,75,FRANCE,ILE-DE-FRANCE,115,75115,PARIS,AVENUE DE BRETEUIL,127827,5,4,VC,0,1,1,,,0,1,,,,1,7,0,0,1,0
1,9,1,1,6,75,FRANCE,ILE-DE-FRANCE,116,75116,PARIS,AVENUE VICTOR HUGO,127840,0,4,VC,0,2,2,,,0,1,,,,1,7,0,0,0,1
1,9,5,1,3,75,FRANCE,ILE-DE-FRANCE,116,75116,PARIS,BOULEVARD ANATOLE FRANCE BOULOGNE,127875,5,4,VC,0,1,2,,,0,1,,,,1,7,0,0,1,0
1,9,2,1,3,75,FRANCE,ILE-DE-FRANCE,116,75116,PARIS,RUE DE LA POMPE,127878,0,4,VC,0,2,2,,,0,1,,,,1,7,0,0,1,0
1,9,2,1,6,75,FRANCE,ILE-DE-FRANCE,117,75117,PARIS,BOULEVARD DE REIMS,127883,5,4,VC,0,1,1,,,0,1,,,,1,7,0,0,1,0
5,9,1,2,3,75,FRANCE,ILE-DE-FRANCE,117,75117,PARIS,AVENUE DE LA GRANDE ARMEE,127894,1,4,VC,0,0,2,,,0,1,,,,1,7,0,0,1,0
1,9,4,1,3,75,FRANCE,ILE-DE-FRANCE,117,75117,PARIS,RIE PIERRE DEMOURS,127900,0,4,VC,0,2,4,,,0,1,,,,1,34,0,0,0,1
1,9,2,1,3,75,FRANCE,ILE-DE-FRANCE,117,75117,PARIS,BOULEVARD BERTHIER,127912,0,4,VC,0,2,2,1,0,0,1,,,,1,7,0,0,1,0
1,9,1,1,3,75,FRANCE,ILE-DE-FRANCE,117,75117,PARIS,BOULEVARD PEREIRE,127918,0,4,VC,0,1,1,,,0,1,,,,1,7,0,0,1,0
1,9,1,1,6,75,FRANCE,ILE-DE-FRANCE,117,75117,PARIS,AVENUE DE CLICHY,127922,0,4,VC,0,0,3,,,3,1,,,,1,,0,0,1,0
1,9,2,1,3,75,FRANCE,ILE-DE-FRANCE,118,75118,PARIS,RUE MARX DORMOY,127951,0,4,VC,0,2,4,,,0,1,,,,1,7,0,0,1,0
5,9,3,1,3,75,FRANCE,ILE-DE-FRANCE,119,75119,PARIS,RUE DE NANTES,127964,0,4,VC,0,1,1,,,0,1,,,,1,7,0,0,1,0
1,9,2,1,6,75,FRANCE,ILE-DE-FRANCE,119,75119,PARIS,RUE DE CRIMEE,127980,5,4,VC,0,1,0,,,0,1,,,,1,7,0,0,1,0
1,9,1,1,6,75,FRANCE,ILE-DE-FRANCE,120,75120,PARIS,RUE LOUIS LUMIERE,128000,0,4,VC,0,1,1,,,0,1,,,,1,7,0,0,1,0
1,9,1,1,3,75,FRANCE,ILE-DE-FRANCE,112,75112,PARIS,AVENUE DAUMESNIL,128115,0,4,VC,0,2,2,,,1,5,,,,1,7,0,0,1,0
1,9,2,1,3,75,FRANCE,ILE-DE-FRANCE,115,75115,PARIS,RUE DE LA PROCESSION,128142,0,4,VC,0,1,1,,,0,1,,,,1,7,0,0,1,0
5,9,2,1,2,75,FRANCE,ILE-DE-FRANCE,110,75110,PARIS,AVENUE RICHERAND,128151,0,4,VC,0,1,2,,,1,5,,,,1,7,0,0,1,0
1,9,7,1,2,75,FRANCE,ILE-DE-FRANCE,111,75111,PARIS,BOULEVARD VOLTAIRE,128165,0,4,VC,0,2,1,,,0,0,,,,1,7,0,0,1,0
1,9,1,1,2,75,FRANCE,ILE-DE-FRANCE,119,75119,PARIS,PLACE SKANDERBEG,128197,0,9,Autre,0,1,2,,,0,1,,,,1,7,0,0,1,0
1,9,1,1,7,75,FRANCE,ILE-DE-FRANCE,116,75116,PARIS,ROUTE DE SEVRES A NEUILLY,128214,0,4,VC,0,2,0,,,0,1,,,,1,,0,0,1,0
1,9,1,1,3,75,FRANCE,ILE-DE-FRANCE,107,75107,PARIS,AVENUE DE TOURVILLE,128217,0,4,VC,0,2,0,,,0,1,,,,1,10,0,0,1,0
1,9,4,1,3,75,FRANCE,ILE-DE-FRANCE,105,75105,PARIS,SQUARE ADANSON,128241,0,4,VC,0,2,2,,,0,1,,,,1,7,0,0,1,0
1,9,2,1,6,75,FRANCE,ILE-DE-FRANCE,104,75104,PARIS,RUE DES ECOUFFES,128254,0,4,VC,0,1,2,,,0,1,,,,1,,0,0,0,1
1,9,3,1,3,75,FRANCE,ILE-DE-FRANCE,116,75116,PARIS,AVENUE GORDON BENNETT,128260,0,4,VC,0,2,2,,,0,1,,,,1,3,0,0,1,0
2,9,5,1,3,75,FRANCE,ILE-DE-FRANCE,106,75106,PARIS,BOULEVARD SAINT GERMAIN,128264,0,4,VC,0,0,1,1,0,3,1,,,,1,7,0,0,1,0
5,9,1,1,3,75,FRANCE,ILE-DE-FRANCE,110,75110,PARIS,BOULEVARD DE MAGENTA,128279,0,4,VC,0,1,0,,,1,5,,,,1,7,0,0,1,0
1,9,1,1,3,75,FRANCE,ILE-DE-FRANCE,116,75116,PARIS,AVENUE DE VERSAILLES,128287,0,4,VC,0,2,0,,,0,1,,,,1,7,0,0,1,0
2,9,1,2,3,75,FRANCE,ILE-DE-FRANCE,118,75118,PARIS,RUE PAJOL ,128288,0,4,VC,0,1,1,,,0,1,,,,1,7,0,0,1,0
2,9,5,1,6,75,FRANCE,ILE-DE-FRANCE,116,75116,PARIS,RUE MICHEL ANGE,128302,0,4,VC,0,1,2,,,0,0,,,,1,7,0,0,1,0
1,9,3,1,6,75,FRANCE,ILE-DE-FRANCE,117,75117,PARIS,RUE DE MIROMESNIL,128303,0,4,VC,0,1,0,,,0,1,,,,1,,0,0,1,0
1,9,5,1,3,75,FRANCE,ILE-DE-FRANCE,101,75101,PARIS,AVENUE DE L'OPERA,128309,0,4,VC,0,2,2,,,3,1,,,,1,37,0,0,1,0
5,9,1,1,2,75,FRANCE,ILE-DE-FRANCE,112,75112,PARIS,AVENUE LEDRU ROLLIN,128314,0,4,VC,0,2,2,,,0,1,,,,1,10,0,0,1,0
1,9,1,1,2,75,FRANCE,ILE-DE-FRANCE,101,75101,PARIS,RUE DE RIVOLI,128323,0,4,VC,0,1,1,,,0,1,,,,1,7,0,0,1,0
1,9,1,1,3,75,FRANCE,ILE-DE-FRANCE,107,75107,PARIS,QUAI D'ORSAY,128324,0,4,VC,0,3,4,,,0,1,,,,1,7,0,0,1,0
1,9,4,1,3,75,FRANCE,ILE-DE-FRANCE,110,75110,PARIS,QUAI DE VALMY,128326,0,4,VC,0,1,1,,,0,1,,,,1,14,0,0,1,0
1,9,4,2,3,75,FRANCE,ILE-DE-FRANCE,120,75120,PARIS,PASSAGE DES SOUPIRS,128365,0,4,VC,0,1,0,,,0,1,,,,1,7,0,0,1,0
1,9,2,1,7,75,FRANCE,ILE-DE-FRANCE,105,75105,PARIS,QUAI DE MONTEBELLO,128381,0,4,VC,0,1,2,,,0,1,,,,1,,0,0,1,0
2,9,2,1,3,75,FRANCE,ILE-DE-FRANCE,103,75103,PARIS,RUE PASTOURELLE,128401,0,4,VC,0,1,1,,,0,1,,,,1,7,0,0,1,0
1,9,2,1,3,75,FRANCE,ILE-DE-FRANCE,113,75113,PARIS,RUE DE LA GLACIERE,128417,0,4,VC,0,2,2,127,0,0,1,,,,1,7,0,0,1,0
1,9,1,1,6,75,FRANCE,ILE-DE-FRANCE,116,75116,PARIS,AVENUE ALBERT 1ER DE MONACO,128425,0,4,VC,0,0,0,1,0,0,4,,,,1,,0,0,0,1
1,9,2,1,2,75,FRANCE,ILE-DE-FRANCE,105,75105,PARIS,RUE DES ECOLES,128434,0,4,VC,0,2,2,,,0,1,,,,1,32,0,0,0,1
1,9,1,1,3,75,FRANCE,ILE-DE-FRANCE,106,75106,PARIS,CARREFOUR DE BUCI,128435,0,4,VC,0,0,1,,,0,0,,,,1,14,0,0,1,0
5,9,1,1,7,75,FRANCE,ILE-DE-FRANCE,109,75109,PARIS,BOULEVARD POISSONNIERE,128438,0,4,VC,0,1,4,,,3,1,,,,1,,0,0,1,0
1,9,5,1,6,75,FRANCE,ILE-DE-FRANCE,109,75109,PARIS,PLACE DIAGHILEV,128440,0,4,VC,0,1,0,,,0,1,,,,1,7,0,0,1,0
1,9,1,1,3,75,FRANCE,ILE-DE-FRANCE,116,75116,PARIS,AVENUE VICTOR HUGO,128451,0,4,VC,0,2,2,,,0,1,,,,1,7,0,0,1,0
1,9,2,1,3,75,FRANCE,ILE-DE-FRANCE,112,75112,PARIS,AVENUE DAUMESNIL,128459,0,4,VC,0,2,2,,,1,1,,,,1,7,0,0,1,0
2,9,1,1,5,75,FRANCE,ILE-DE-FRANCE,110,75110,PARIS,BOULEVARD DE STRASBOURG,128467,0,4,VC,0,1,4,,,3,1,,,,1,32,0,0,0,1
1,9,4,1,3,75,FRANCE,ILE-DE-FRANCE,111,75111,PARIS,RUE SEDAINE,128470,0,4,VC,0,1,1,,,0,1,,,,1,7,0,0,1,0
1,9,1,1,6,75,FRANCE,ILE-DE-FRANCE,114,75114,PARIS,AVENUE DE LA PORTE DE CHATILLON,128491,0,9,Autre,0,0,1,,,0,4,,,,1,,,,,
5,9,7,2,3,75,FRANCE,ILE-DE-FRANCE,119,75119,PARIS,AVENUE CORENTIN CARIOU,128493,0,4,VC,0,2,0,,,0,0,,,,1,7,0,0,1,0
1,9,1,1,3,75,FRANCE,ILE-DE-FRANCE,111,75111,PARIS,RUE DU CHEMIN VERT,128505,0,4,VC,0,1,1,,,0,2,,,,1,7,0,0,1,0
1,9,1,1,3,75,FRANCE,ILE-DE-FRANCE,120,75120,PARIS,BOULEVARD DE MENILMONTANT,128513,0,4,VC,0,1,1,,,0,1,,,,1,7,0,0,1,0
5,9,2,1,3,75,FRANCE,ILE-DE-FRANCE,104,75104,PARIS,RUE DE RIVOLI,128517,0,4,VC,0,1,2,,,0,1,,,,1,7,0,0,1,0
1,9,1,1,6,75,FRANCE,ILE-DE-FRANCE,116,75116,PARIS,ROUTE DE SEVRES A NEUILLY,128520,0,4,VC,0,2,2,,,0,1,,,,1,,0,0,1,0
2,9,2,1,3,75,FRANCE,ILE-DE-FRANCE,119,75119,PARIS,RUE DE LA MARSEILLAISE,128523,5,4,VC,0,2,1,,,0,1,,,,1,33,0,0,1,0
1,9,5,1,3,75,FRANCE,ILE-DE-FRANCE,109,75109,PARIS,PLACE D'ANVERS,128530,0,4,VC,0,1,1,,,0,1,,,,1,7,0,0,1,0
1,9,1,1,3,75,FRANCE,ILE-DE-FRANCE,111,75111,PARIS,AVENUE LEDRU ROLLIN,128536,0,4,VC,0,2,2,,,3,1,,,,1,7,0,0,1,0
1,9,1,1,2,75,FRANCE,ILE-DE-FRANCE,111,75111,PARIS,AVENUE PARMENTIER,128538,0,4,VC,0,2,0,,,0,0,,,,1,30,0,0,1,0
5,9,2,1,3,75,FRANCE,ILE-DE-FRANCE,115,75115,PARIS,RUE DES MORILLONS,128546,0,4,VC,0,1,2,,,0,1,,,,1,37,0,0,1,0
1,9,1,1,6,75,FRANCE,ILE-DE-FRANCE,113,75113,PARIS,RUE PASCAL,128559,0,4,VC,0,1,1,,,0,1,,,,1,,0,0,1,0
1,9,2,1,3,75,FRANCE,ILE-DE-FRANCE,105,75105,PARIS,RUE DES BERNARDINS,128587,0,4,VC,0,2,2,,,0,1,,,,1,7,0,0,1,0
1,9,1,2,6,75,FRANCE,ILE-DE-FRANCE,110,75110,PARIS,BOULEVARD DE MAGENTA,128609,0,4,VC,0,2,4,,,1,5,,,,1,7,0,0,1,0
1,9,2,2,3,75,FRANCE,ILE-DE-FRANCE,109,75109,PARIS,0PLACE D'ESTIENNE D'ORVES,128631,0,4,VC,0,1,1,,,0,1,,,,1,7,0,0,1,0
1,9,3,1,5,75,FRANCE,ILE-DE-FRANCE,104,75104,PARIS,RUE MALHER,128660,0,4,VC,0,1,1,,,0,0,,,,1,7,0,0,1,0
1,9,1,1,3,75,FRANCE,ILE-DE-FRANCE,112,75112,PARIS,RUE DE REUILLY,128668,0,4,VC,0,2,2,,,0,1,,,,1,10,0,0,1,0
1,9,1,1,2,75,FRANCE,ILE-DE-FRANCE,112,75112,PARIS,AVENUE DAUMESNIL,128669,0,4,VC,0,1,2,,,3,1,,,,1,2,0,0,1,0
1,9,1,1,3,75,FRANCE,ILE-DE-FRANCE,111,75111,PARIS,BOULEVARD VOLTAIRE,128682,0,4,VC,0,2,2,,,0,1,,,,1,10,0,0,1,0
1,9,5,1,2,75,FRANCE,ILE-DE-FRANCE,105,75105,PARIS,RUE SAINT JACQUES,128690,0,4,VC,0,1,2,,,0,1,,,,1,10,0,0,1,0
1,9,2,1,2,75,FRANCE,ILE-DE-FRANCE,111,75111,PARIS,RUE SAINT MAUR,128715,0,4,VC,0,1,1,,,0,0,,,,1,14,0,0,1,0
1,9,6,1,3,75,FRANCE,ILE-DE-FRANCE,104,75104,PARIS,BOULEVARD HENRI IV,128717,5,4,VC,0,0,2,1,0,0,1,,,,1,7,0,0,1,0
1,9,4,1,6,75,FRANCE,ILE-DE-FRANCE,115,75115,PARIS,AVENUE DU MAINE,128736,0,4,VC,0,2,3,,,0,1,,,,1,,0,0,1,0
1,9,3,1,3,75,FRANCE,ILE-DE-FRANCE,120,75120,PARIS,RUE JULIEN LACROIX,128746,5,4,VC,0,2,2,,,0,1,,,,1,10,0,0,1,0
1,9,3,1,3,75,FRANCE,ILE-DE-FRANCE,106,75106,PARIS,RUE DUPUYTREN,128752,0,4,VC,0,1,1,,,0,1,,,,1,31,0,0,0,1
1,9,3,1,3,75,FRANCE,ILE-DE-FRANCE,110,75110,PARIS,CITE RIVERIN,128756,0,4,VC,0,1,1,,,0,1,,,,1,7,0,0,1,0
1,9,1,1,3,75,FRANCE,ILE-DE-FRANCE,120,75120,PARIS,RUE DE BAGNOLET,128761,0,4,VC,0,2,2,,,0,1,,,,1,10,0,0,1,0
1,9,2,1,2,75,FRANCE,ILE-DE-FRANCE,110,75110,PARIS,RUE DE BELZUNCE,128783,0,4,VC,0,1,1,,,0,1,,,,1,7,0,0,1,0
1,9,3,1,3,75,FRANCE,ILE-DE-FRANCE,105,75105,PARIS,RUE DU SOMMERARD,128804,0,4,VC,0,1,1,,,0,1,,,,1,7,0,0,1,0
1,9,2,2,3,75,FRANCE,ILE-DE-FRANCE,112,75112,PARIS,RUE CLAUDE DECAEN,128816,0,4,VC,0,2,3,,,0,1,,,,1,33,0,0,0,1
5,9,2,2,6,75,FRANCE,ILE-DE-FRANCE,116,75116,PARIS,RUE DE BOULAINVILLIERS,128824,0,4,VC,0,1,1,,,0,1,,,,1,7,0,0,1,0
1,9,1,1,3,75,FRANCE,ILE-DE-FRANCE,117,75117,PARIS,RUE CARDINET,128827,0,4,VC,0,1,2,,,0,1,,,,1,14,0,0,1,0
1,9,2,1,6,75,FRANCE,ILE-DE-FRANCE,119,75119,PARIS,RUE DE LA MOSELLE,128830,5,4,VC,0,2,2,,,0,5,,,,1,,0,0,1,0
5,9,1,1,7,75,FRANCE,ILE-DE-FRANCE,105,75105,PARIS,RUE DES CARMES,128840,0,4,VC,0,1,1,,,0,1,,,,1,,0,0,1,0
1,9,2,1,6,75,FRANCE,ILE-DE-FRANCE,107,75107,PARIS,AVENUE DE LA MOTTE PIQUET,128843,0,4,VC,0,0,1,,,0,1,,,,1,10,0,0,1,0
1,9,1,1,6,75,FRANCE,ILE-DE-FRANCE,110,75110,PARIS,RUE PHILIPPE DE GIRARD ,128847,0,4,VC,0,1,1,,,0,1,,,,1,7,0,0,1,0
1,9,1,1,1,75,FRANCE,ILE-DE-FRANCE,116,75116,PARIS,CHEMIN DE CEINTURE DU LAC INFERIEUR,128893,0,9,Autre,0,1,1,,,0,1,,,,1,,0,0,1,0
1,9,2,1,3,75,FRANCE,ILE-DE-FRANCE,111,75111,PARIS,AVENUE DE LA REPUBLIQUE,128912,0,4,VC,0,2,4,,,0,1,,,,1,7,0,0,1,0
1,9,2,1,3,75,FRANCE,ILE-DE-FRANCE,113,75113,PARIS,RUE NEUVE TOLBIAC,128916,0,4,VC,0,2,4,,,0,0,,,,1,10,0,0,1,0
1,9,1,1,4,75,FRANCE,ILE-DE-FRANCE,114,75114,PARIS,BOULEVARD SAINT JACQUES,128917,0,4,VC,0,1,0,,,1,1,,,,1,7,0,0,1,0
1,9,1,1,3,75,FRANCE,ILE-DE-FRANCE,117,75117,PARIS,AVENUE DE CLICHY,128922,0,4,VC,0,2,3,,,0,1,,,,1,7,0,0,1,0
1,9,4,2,6,75,FRANCE,ILE-DE-FRANCE,106,75106,PARIS,PLACE ALPHONSE DEVILLE,128929,0,4,VC,0,2,1,43,0,0,1,,,,1,37,0,0,1,0
5,9,3,1,3,75,FRANCE,ILE-DE-FRANCE,107,75107,PARIS,RUE DE GRIBEAUVAL,128931,0,4,VC,0,2,2,,,0,1,,,,1,37,0,0,1,0
2,9,1,1,6,75,FRANCE,ILE-DE-FRANCE,109,75109,PARIS,RUE BLANCHE,128933,0,4,VC,0,1,1,,,0,1,,,,1,,0,0,1,0
1,9,1,1,7,75,FRANCE,ILE-DE-FRANCE,116,75116,PARIS,ROUTE DE SEVRES A NEUILLY,128942,0,4,VC,0,2,0,,,1,5,,,,1,,0,0,1,0
1,9,1,1,7,75,FRANCE,ILE-DE-FRANCE,116,75116,PARIS,ROUTE DE SEVRES A NEUILLY,128956,0,4,VC,0,1,1,,,1,5,,,,1,,0,0,1,0
1,9,1,1,3,75,FRANCE,ILE-DE-FRANCE,117,75117,PARIS,RUE DES BATIGNOLLES,128959,0,4,VC,0,1,0,,,0,1,,,,1,32,0,0,1,0
1,9,1,8,3,75,FRANCE,ILE-DE-FRANCE,109,75109,PARIS,RUE LA FAYETTE,128972,0,4,VC,0,1,2,,,0,1,,,,1,7,0,0,1,0
5,9,2,1,2,75,FRANCE,ILE-DE-FRANCE,103,75103,PARIS,RUE VOLTA,129039,0,4,VC,0,1,2,,,0,1,,,,1,7,0,0,1,0
1,9,2,1,7,75,FRANCE,ILE-DE-FRANCE,103,75103,PARIS,RUE DES ARQUEBUSIERS,129042,0,4,VC,0,1,1,,,0,1,,,,1,,0,0,1,0
1,9,2,1,6,75,FRANCE,ILE-DE-FRANCE,103,75103,PARIS,RUE DES FRANCS BOURGEOIS,129045,0,4,VC,0,1,1,,,0,1,,,,1,13,0,0,1,0
2,9,6,2,3,75,FRANCE,ILE-DE-FRANCE,104,75104,PARIS,RUE SAINT ANTOINE,129056,0,4,VC,0,1,2,,,3,1,,,,1,7,0,0,1,0
1,9,3,1,1,75,FRANCE,ILE-DE-FRANCE,104,75104,PARIS,RUE SAINTE CROIX DE LA BRETONNERIE,129059,0,4,VC,0,1,1,,,0,1,,,,1,,0,0,0,1
1,9,5,1,3,75,FRANCE,ILE-DE-FRANCE,105,75105,PARIS,RUE DES ECOLES,129068,0,4,VC,0,2,3,,,0,1,,,,1,33,0,0,1,0
1,9,3,1,3,75,FRANCE,ILE-DE-FRANCE,106,75106,PARIS,RUE DE FLEURUS,129080,0,4,VC,0,1,1,,,0,0,,,,1,7,0,0,1,0
1,9,3,1,6,75,FRANCE,ILE-DE-FRANCE,106,75106,PARIS,RUE HERSCHEL,129086,0,4,VC,0,1,1,,,0,1,,,,1,7,0,0,1,0
1,9,2,1,5,75,FRANCE,ILE-DE-FRANCE,106,75106,PARIS,RUE SERPENTE,129088,0,4,VC,0,2,1,,,0,1,,,,1,7,0,0,1,0
1,9,1,1,6,75,FRANCE,ILE-DE-FRANCE,107,75107,PARIS,RUE DE CONSTANTINE,129110,0,4,VC,0,1,1,,,1,5,,,,1,,0,0,1,0
1,9,5,1,3,75,FRANCE,ILE-DE-FRANCE,108,75108,PARIS,RUE D'ANJOU,129123,0,4,VC,0,2,3,,,0,1,,,,1,38,0,0,1,0
1,9,2,1,3,75,FRANCE,ILE-DE-FRANCE,108,75108,PARIS,RUE DE LABORDE,129138,0,4,VC,0,1,1,,,0,1,,,,1,7,0,0,1,0
5,9,1,2,7,75,FRANCE,ILE-DE-FRANCE,110,75110,PARIS,BOULEVARD DE MAGENTA,129175,0,4,VC,0,0,0,85,0,1,5,,,,1,,0,0,1,0
1,9,1,1,6,75,FRANCE,ILE-DE-FRANCE,110,75110,PARIS,PASSAGE DES RECOLLETS,129186,0,4,VC,0,1,1,,,0,1,,,,1,30,0,0,1,0
5,9,2,1,3,75,FRANCE,ILE-DE-FRANCE,110,75110,PARIS,RUE DU FAUBOURG SAINT MARTIN,129197,5,4,VC,0,2,2,,,0,1,,,,1,7,0,0,1,0
5,9,4,1,6,75,FRANCE,ILE-DE-FRANCE,110,75110,PARIS,RUE DU FAUBOURG POISSONNIERE,129198,0,4,VC,0,4,0,,,0,4,,,,1,,0,0,1,0
1,9,1,1,3,75,FRANCE,ILE-DE-FRANCE,110,75110,PARIS,RUE D'HAUTEVILLE,129199,0,4,VC,0,1,1,,,0,1,,,,1,7,0,0,1,0
1,9,3,1,3,75,FRANCE,ILE-DE-FRANCE,111,75111,PARIS,AVENUE DE TAILLEBOURG,129208,0,4,VC,0,2,2,,,0,1,,,,1,7,0,0,1,0
1,9,2,1,3,75,FRANCE,ILE-DE-FRANCE,111,75111,PARIS,RUE DU CHEMIN VERT,129213,0,4,VC,0,1,2,,,0,1,,,,1,7,0,0,1,0
3,9,1,1,7,75,FRANCE,ILE-DE-FRANCE,112,75112,PARIS,ROUTE DAUPHINE,129259,0,4,VC,0,0,0,,,1,5,,,,1,,0,0,1,0
5,9,1,1,3,75,FRANCE,ILE-DE-FRANCE,112,75112,PARIS,RUE DU FAUBOURG SAINT ANTOINE,129266,0,4,VC,0,2,2,,,0,2,,,,1,32,0,0,1,0
1,9,1,2,6,75,FRANCE,ILE-DE-FRANCE,112,75112,PARIS,BOULEVARD DE LA BASTILLE,129272,0,4,VC,0,1,2,,,0,1,,,,1,,,,,