lum,agg,int,atm,col,dep_bis,pays,region,com_bis,com_codeINSEE,communes,N_voie,numac,infra,catr,type_route,voie,circ,nbv,pr,pr1,vosp,situ,lat,long,adr,accident_velo,vehicule_imp,cycl_mort,cycl_bgv,cycl_blg,cycl_indm
5,9,4,3,6,75,FRANCE,ILE-DE-FRANCE,113,75113,PARIS,RUE RUBENS,129289,0,4,VC,0,2,4,,,0,1,,,,1,,0,0,0,1
1,9,2,1,6,75,FRANCE,ILE-DE-FRANCE,113,75113,PARIS,RUE DUNOIS,129296,0,4,VC,0,0,0,,,1,5,,,,1,,0,0,0,1
1,9,3,1,3,75,FRANCE,ILE-DE-FRANCE,113,75113,PARIS,BOULEVARD DE L'HOPITAL,129300,0,4,VC,0,2,2,,,3,1,,,,1,7,0,0,1,0
1,9,1,2,3,75,FRANCE,ILE-DE-FRANCE,113,75113,PARIS,QUAI D'AUSTERLITZ,129304,0,4,VC,0,2,1,1,0,0,1,,,,1,7,0,0,1,0
1,9,1,8,3,75,FRANCE,ILE-DE-FRANCE,113,75113,PARIS,BOULEVARD VINCENT AURIOL,129314,0,4,VC,0,2,2,,,3,1,,,,1,7,0,0,1,0
2,9,3,1,3,75,FRANCE,ILE-DE-FRANCE,114,75114,PARIS,AVENUE DE LA PORTE D'ORLEANS,129325,5,4,VC,0,1,2,,,0,1,,,,1,14,0,0,1,0
5,9,1,2,4,75,FRANCE,ILE-DE-FRANCE,114,75114,PARIS,RUE RAYMOND LOSSERAND,129326,0,4,VC,0,1,1,,,0,1,,,,1,10,0,0,1,0
1,9,3,1,3,75,FRANCE,ILE-DE-FRANCE,114,75114,PARIS,RUE LACAZE,129339,0,4,VC,0,1,1,,,0,1,,,,1,10,0,0,1,0
1,9,2,1,3,75,FRANCE,ILE-DE-FRANCE,115,75115,PARIS,BOULEVARD PASTEUR,129370,0,4,VC,0,1,2,,,1,1,,,,1,10,0,0,1,0
1,9,1,8,3,75,FRANCE,ILE-DE-FRANCE,115,75115,PARIS,BOULEVARD DE GRENELLE,129371,0,4,VC,0,3,2,,,1,5,,,,1,7,0,0,1,0
2,9,2,1,6,75,FRANCE,ILE-DE-FRANCE,115,75115,PARIS,RUE JEANNE HACHETTE,129378,0,4,VC,0,1,1,,,0,1,,,,1,,0,0,0,1
2,9,1,1,6,75,FRANCE,ILE-DE-FRANCE,116,75116,PARIS,ALLEE  DE LA REINE MARGUERITE,129391,0,4,VC,0,2,2,,,0,1,,,,1,7,0,0,1,0
5,9,2,2,3,75,FRANCE,ILE-DE-FRANCE,116,75116,PARIS,AVENUE DE VERSAILLES,129419,0,4,VC,0,1,1,,,0,1,,,,1,7,0,0,1,0
1,9,5,1,6,75,FRANCE,ILE-DE-FRANCE,116,75116,PARIS,AVENUE DU PRESIDENT WILSON,129441,0,4,VC,0,0,1,,,0,0,,,,1,13,0,0,1,0
1,9,2,8,6,75,FRANCE,ILE-DE-FRANCE,119,75119,PARIS,RUE PETIT,129506,0,4,VC,0,2,1,,,0,5,,,,1,,,,,
1,9,1,2,3,75,FRANCE,ILE-DE-FRANCE,119,75119,PARIS,AVENUE CORENTIN CARIOU,129507,0,4,VC,0,3,3,,,0,1,,,,1,7,0,0,1,0
5,9,3,1,6,75,FRANCE,ILE-DE-FRANCE,119,75119,PARIS,RUE BELLOT,129519,0,4,VC,0,0,2,,,0,5,,,,1,,0,0,1,0
5,9,1,2,6,75,FRANCE,ILE-DE-FRANCE,120,75120,PARIS,RUE D'AVRON,129545,0,4,VC,0,2,2,,,0,4,,,,1,,0,0,0,1
1,9,1,1,3,75,FRANCE,ILE-DE-FRANCE,120,75120,PARIS,AVENUE DE LA PORTE DE BAGNOLET,129548,3,4,VC,0,3,3,,,1,5,,,,1,7,0,0,1,0
1,9,1,1,6,75,FRANCE,ILE-DE-FRANCE,120,75120,PARIS,BOULEVARD DE BELLEVILLE,129566,0,4,VC,0,3,0,,,0,1,,,,1,13,0,0,1,0
1,9,1,1,2,75,FRANCE,ILE-DE-FRANCE,113,75113,PARIS,PLACE D'ITALIE,129577,0,4,VC,0,1,4,,,0,1,,,,1,7,0,0,1,0
5,9,1,1,6,75,FRANCE,ILE-DE-FRANCE,120,75120,PARIS,AVENUE GAMBETTA,129652,0,4,VC,0,2,2,,,1,5,,,,1,7,0,0,1,0
5,9,2,8,3,75,FRANCE,ILE-DE-FRANCE,116,75116,PARIS,AVENUE DU PRESIDENT WILSON,129663,0,4,VC,0,1,1,,,0,1,,,,1,7,0,0,1,0
5,9,1,1,6,75,FRANCE,ILE-DE-FRANCE,108,75108,PARIS,AVENUE HOCHE,129672,0,4,VC,0,2,2,,,0,1,,,,1,7,0,0,1,0
1,9,2,1,2,75,FRANCE,ILE-DE-FRANCE,114,75114,PARIS,RUE MOUTON DUVERNET,129678,0,4,VC,0,1,3,,,3,1,,,,1,37,0,0,1,0
1,9,2,1,3,75,FRANCE,ILE-DE-FRANCE,114,75114,PARIS,RUE D'ALESIA,129679,0,4,VC,0,1,1,,,0,1,,,,1,2,0,0,0,1
1,9,3,1,7,75,FRANCE,ILE-DE-FRANCE,101,75101,PARIS,AVENUE GENERAL LEMONNIER,129693,0,4,VC,0,1,4,,,0,1,,,,1,14,0,0,1,0
1,9,3,8,6,75,FRANCE,ILE-DE-FRANCE,110,75110,PARIS,RUE DES VINAIGRIERS,129700,0,4,VC,0,1,1,,,0,1,,,,1,,0,0,1,0
5,9,1,1,3,75,FRANCE,ILE-DE-FRANCE,110,75110,PARIS,RUE DU FAUBOURG DU TEMPLE,129701,0,4,VC,0,1,2,,,0,1,,,,1,7,0,0,1,0
1,9,1,1,3,75,FRANCE,ILE-DE-FRANCE,113,75113,PARIS,AVENUE DE LA PORTE D'ITALIE,129725,0,4,VC,0,2,4,,,3,5,,,,1,7,0,0,1,0
1,9,5,1,3,75,FRANCE,ILE-DE-FRANCE,119,75119,PARIS,PLACE DU GENERAL INGOLD,129731,0,4,VC,0,1,1,,,0,1,,,,1,10,0,0,1,0
5,9,1,1,3,75,FRANCE,ILE-DE-FRANCE,108,75108,PARIS,PLACE DE LA CONCORDE,129742,0,4,VC,0,1,1,,,0,1,,,,1,7,0,0,1,0
1,9,1,1,3,75,FRANCE,ILE-DE-FRANCE,117,75117,PARIS,RUE JOUFFROY D'ABBANS,129757,0,4,VC,0,2,1,,,0,1,,,,1,7,0,0,1,0
1,9,2,8,6,75,FRANCE,ILE-DE-FRANCE,103,75103,PARIS,RUE DU GRENIER SAINT LAZARE,129764,5,4,VC,0,2,3,,,0,0,,,,1,,0,0,0,1
1,9,1,1,6,75,FRANCE,ILE-DE-FRANCE,112,75112,PARIS,RUE CHALIGNY,129779,0,4,VC,0,0,2,,,0,4,,,,1,10,0,0,1,0
5,9,1,1,6,75,FRANCE,ILE-DE-FRANCE,115,75115,PARIS,RUE DE LA CONVENTION,129781,0,4,VC,0,2,2,,,0,1,,,,1,,0,0,1,0
1,9,1,6,3,75,FRANCE,ILE-DE-FRANCE,119,75119,PARIS,RUE D'AUBERVILLIERS,129788,0,4,VC,0,2,7,,,1,1,,,,1,7,0,0,1,0
1,9,1,1,2,75,FRANCE,ILE-DE-FRANCE,110,75110,PARIS,BOULEVARD SAINT MARTIN,129833,0,4,VC,0,1,1,,,3,1,,,,1,7,0,0,1,0
5,9,5,1,6,75,FRANCE,ILE-DE-FRANCE,106,75106,PARIS,PLACE SAINT MICHEL,129852,0,4,VC,0,1,4,,,0,0,,,,1,31,0,0,1,0
1,9,2,1,7,75,FRANCE,ILE-DE-FRANCE,109,75109,PARIS,RUE DU FAUBOURG POISSONNIERE,129855,0,4,VC,0,1,1,,,0,1,,,,1,,0,0,1,0
1,9,1,1,6,75,FRANCE,ILE-DE-FRANCE,112,75112,PARIS,AVENUE DAUMESNIL,129856,0,4,VC,0,2,1,,,1,5,,,,1,,0,0,0,1
1,9,2,2,3,75,FRANCE,ILE-DE-FRANCE,110,75110,PARIS,PLACE JACQUES BONSERGENT,129876,0,4,VC,0,1,2,,,0,5,,,,1,7,0,0,1,0
1,9,1,1,2,75,FRANCE,ILE-DE-FRANCE,106,75106,PARIS,RUE DE VAUGIRARD,129893,0,4,VC,0,1,2,,,0,1,,,,1,7,0,0,1,0
2,9,1,2,3,75,FRANCE,ILE-DE-FRANCE,112,75112,PARIS,RUE DU FAUBOURG SAINT ANTOINE,129938,0,4,VC,0,2,2,,,0,1,,,,1,7,0,0,1,0
1,9,1,1,3,75,FRANCE,ILE-DE-FRANCE,107,75107,PARIS,RUE DE BABYLONE,129957,0,4,VC,0,1,1,,,0,1,,,,1,7,0,0,1,0
5,9,1,8,6,75,FRANCE,ILE-DE-FRANCE,111,75111,PARIS,BOULEVARD DE CHARONNE,129961,0,4,VC,0,1,1,,,1,5,,,,1,30,0,0,1,0
1,9,2,2,3,75,FRANCE,ILE-DE-FRANCE,101,75101,PARIS,RUE SAINT HONORE,129993,0,4,VC,0,2,3,,,0,1,,,,1,7,0,0,1,0
2,9,1,2,3,75,FRANCE,ILE-DE-FRANCE,106,75106,PARIS,BOULEVARD SAINT GERMAIN,129997,0,4,VC,0,1,4,,,3,5,,,,1,7,0,0,1,0
1,9,2,1,3,75,FRANCE,ILE-DE-FRANCE,116,75116,PARIS,PLACE VICTOR HUGO,130013,0,4,VC,0,2,2,,,0,1,,,,1,3,0,0,1,0
1,9,3,2,3,75,FRANCE,ILE-DE-FRANCE,101,75101,PARIS,RUE DE L'AMIRAL DE COLIGNY,130020,0,4,VC,0,2,3,,,0,0,,,,1,34,0,0,1,0
5,9,2,1,1,75,FRANCE,ILE-DE-FRANCE,110,75110,PARIS,RUE GUSTAVE GOUBLIER,130035,0,4,VC,0,1,4,,,3,1,,,,1,7,0,0,1,0
5,9,1,2,7,75,FRANCE,ILE-DE-FRANCE,120,75120,PARIS,RUE DES COURONNES,130047,0,4,VC,0,1,1,,,0,1,,,,1,,0,0,1,0
1,9,1,1,6,75,FRANCE,ILE-DE-FRANCE,108,75108,PARIS,PLACE DE LA CONCORDE,130080,0,4,VC,0,0,0,,,0,1,,,,1,7,0,0,1,0
1,9,1,1,6,75,FRANCE,ILE-DE-FRANCE,110,75110,PARIS,BOULEVARD SAINT DENIS,130086,0,4,VC,0,1,4,,,3,1,,,,1,10,0,0,1,0
5,9,2,1,3,75,FRANCE,ILE-DE-FRANCE,112,75112,PARIS,BOULEVARD SOULT,130089,0,4,VC,0,2,2,,,0,1,,,,1,7,0,0,1,0
5,9,1,1,3,75,FRANCE,ILE-DE-FRANCE,111,75111,PARIS,PASSAGE CHARLES DALLERY,130108,0,4,VC,0,1,0,,,0,1,,,,1,7,0,0,1,0
1,9,1,1,3,75,FRANCE,ILE-DE-FRANCE,114,75114,PARIS,RUE LALANDE ,130109,0,4,VC,0,1,1,,,0,1,,,,1,10,0,0,1,0
1,9,2,1,3,75,FRANCE,ILE-DE-FRANCE,120,75120,PARIS,RUE DES MARAICHERS,130141,0,4,VC,0,2,2,,,0,1,,,,1,10,0,0,1,0
1,9,3,1,6,75,FRANCE,ILE-DE-FRANCE,115,75115,PARIS,RUE DES CEVENNES,130181,0,4,VC,0,2,2,,,0,1,,,,1,7,0,0,1,0
1,9,3,8,3,75,FRANCE,ILE-DE-FRANCE,110,75110,PARIS,RUE PIERRE CHAUSSON,130215,0,4,VC,0,2,5,,,0,1,,,,1,7,0,0,1,0
1,9,1,9,3,75,FRANCE,ILE-DE-FRANCE,111,75111,PARIS,RUE DU FAUBOURG SAINT ANTOINE,130219,0,4,VC,0,2,2,,,0,1,,,,1,30,0,0,0,1
5,9,2,1,3,75,FRANCE,ILE-DE-FRANCE,105,75105,PARIS,BOULEVARD SAINT GERMAIN,130238,0,4,VC,0,2,4,,,0,1,,,,1,,0,0,0,1
5,9,3,2,3,75,FRANCE,ILE-DE-FRANCE,103,75103,PARIS,RUE DE PICARDIE,130250,0,4,VC,0,1,1,,,0,0,,,,1,14,0,0,1,0
5,9,2,1,6,75,FRANCE,ILE-DE-FRANCE,106,75106,PARIS,RUE SAINT SULPICE,130252,0,4,VC,0,2,2,,,0,1,,,,1,30,0,0,1,0
1,9,1,1,3,75,FRANCE,ILE-DE-FRANCE,108,75108,PARIS,RUE LA BOETIE,130254,0,4,VC,0,1,0,,,0,1,,,,1,7,0,0,1,0
2,9,2,1,6,75,FRANCE,ILE-DE-FRANCE,112,75112,PARIS,AVENUE DAUMESNIL,130261,0,4,VC,0,2,0,,,0,1,,,,1,,0,0,1,0
1,9,2,1,3,75,FRANCE,ILE-DE-FRANCE,104,75104,PARIS,RUE LOBAU ,130276,0,4,VC,0,1,3,,,0,1,,,,1,7,0,0,1,0
5,9,1,1,6,75,FRANCE,ILE-DE-FRANCE,119,75119,PARIS,BOULEVARD DE LA VILLETTE,130282,0,4,VC,0,3,1,,,1,5,,,,1,,0,0,1,0
1,9,3,1,3,75,FRANCE,ILE-DE-FRANCE,114,75114,PARIS,RUE MONTBRUN,130292,0,4,VC,0,1,2,,,0,1,,,,1,7,0,0,1,0
1,9,1,1,2,75,FRANCE,ILE-DE-FRANCE,115,75115,PARIS,RUE DE VAUGIRARD,130293,0,4,VC,0,1,3,,,0,1,,,,1,,0,0,1,0
5,9,2,1,3,75,FRANCE,ILE-DE-FRANCE,112,75112,PARIS,RUE DE LYON,130312,5,4,VC,0,1,4,,,0,1,,,,1,7,0,0,1,0
5,9,2,1,3,75,FRANCE,ILE-DE-FRANCE,109,75109,PARIS,RUE DE PROVENCE,130336,0,4,VC,0,1,1,1,0,1,1,,,,1,7,0,0,1,0
5,9,2,1,3,75,FRANCE,ILE-DE-FRANCE,110,75110,PARIS,RUE DES ECLUSES SAINT MARTIN,130337,2,4,VC,0,1,1,17,0,0,1,,,,1,30,0,0,0,1
1,9,1,1,6,75,FRANCE,ILE-DE-FRANCE,111,75111,PARIS,RUE DU FAUBOURG SAINT ANTOINE,130338,0,4,VC,0,2,3,,,3,5,,,,1,2,0,0,1,0
5,9,1,9,7,75,FRANCE,ILE-DE-FRANCE,119,75119,PARIS,PORTE DE PANTIN,130349,0,4,VC,0,0,1,,,0,4,,,,1,,0,0,1,0
1,9,1,1,6,75,FRANCE,ILE-DE-FRANCE,101,75101,PARIS,RUE DES PYRAMIDES,130354,0,4,VC,0,1,1,,,0,1,,,,1,32,0,0,1,0
1,9,3,1,2,75,FRANCE,ILE-DE-FRANCE,120,75120,PARIS,RUE EMMERY,130384,0,4,VC,0,2,3,,,0,1,,,,1,31,0,0,0,1
1,9,1,2,3,75,FRANCE,ILE-DE-FRANCE,119,75119,PARIS,AVENUE JEAN JAURES,130416,0,4,VC,0,1,1,,,0,1,,,,1,10,0,0,1,0
1,9,1,8,7,75,FRANCE,ILE-DE-FRANCE,112,75112,PARIS,ROUTE DAUPHINE,130428,0,4,VC,0,0,1,10,0,1,5,,,,1,,0,0,1,0
1,9,1,1,3,75,FRANCE,ILE-DE-FRANCE,114,75114,PARIS,RUE DU COMMANDANT RENE MOUCHOTTE,130432,0,4,VC,0,1,1,,,0,0,,,,1,7,0,0,1,0
5,9,2,2,3,75,FRANCE,ILE-DE-FRANCE,117,75117,PARIS,BOULEVARD PEREIRE,130437,0,4,VC,0,1,0,,,0,1,,,,1,7,0,0,1,0
5,9,2,2,2,75,FRANCE,ILE-DE-FRANCE,112,75112,PARIS,BOULEVARD DIDEROT,130457,0,4,VC,0,2,2,,,0,1,,,,1,7,0,0,1,0
1,9,4,1,3,75,FRANCE,ILE-DE-FRANCE,102,75102,PARIS,RUE LEON CLADEL,130472,0,4,VC,0,1,3,,,0,1,,,,1,10,0,0,1,0
2,9,1,2,3,75,FRANCE,ILE-DE-FRANCE,102,75102,PARIS,RUE DU QUATRE SEPTEMBRE,130487,0,4,VC,0,1,3,,,3,5,,,,1,10,0,0,1,0
1,9,5,2,6,75,FRANCE,ILE-DE-FRANCE,111,75111,PARIS,PLACE DE LA NATION,130493,0,4,VC,0,1,1,,,0,0,,,,1,7,0,0,1,0
1,9,1,2,6,75,FRANCE,ILE-DE-FRANCE,112,75112,PARIS,AVENUE DAUMESNIL,130497,0,4,VC,0,2,2,,,1,5,,,,1,7,0,0,1,0
5,9,1,1,6,75,FRANCE,ILE-DE-FRANCE,108,75108,PARIS,RUE PIERRE CHARRON,130518,0,4,VC,0,2,1,,,0,1,,,,1,7,0,0,1,0
1,9,3,2,7,75,FRANCE,ILE-DE-FRANCE,112,75112,PARIS,RUE MOREAU,130525,0,4,VC,0,1,1,,,0,0,,,,1,,0,0,1,0
2,9,5,8,6,75,FRANCE,ILE-DE-FRANCE,105,75105,PARIS,PLACE SAINT MICHEL,130565,2,4,VC,0,0,1,,,0,5,,,,1,,0,0,1,0
3,9,1,1,6,75,FRANCE,ILE-DE-FRANCE,118,75118,PARIS,RUE DAMREMONT,130572,0,4,VC,0,1,1,,,0,1,,,,1,,0,0,1,0
1,9,4,1,3,75,FRANCE,ILE-DE-FRANCE,105,75105,PARIS,RUE BUFFON,130575,0,4,VC,0,1,1,,,0,1,,,,1,7,0,0,1,0
1,9,1,1,3,75,FRANCE,ILE-DE-FRANCE,110,75110,PARIS,RUE DU CHATEAU LANDON,130579,0,4,VC,0,1,1,39,0,0,1,,,,1,7,0,0,1,0
1,9,1,1,6,75,FRANCE,ILE-DE-FRANCE,108,75108,PARIS,RUE DE LONDRES,130590,0,4,VC,0,1,2,,,0,1,,,,1,,0,0,1,0
1,9,1,1,6,75,FRANCE,ILE-DE-FRANCE,109,75109,PARIS,RUE DE CAUMARTIN,130592,0,4,VC,0,1,1,,,0,4,,,,1,,0,0,0,1
1,9,2,1,6,75,FRANCE,ILE-DE-FRANCE,106,75106,PARIS,RUE BLAISE DESCOFFE,130608,0,4,VC,0,1,1,,,0,1,,,,1,,0,0,0,1
1,9,5,1,3,75,FRANCE,ILE-DE-FRANCE,108,75108,PARIS,RUE DU FAUBOURG SAINT HONORE,130610,0,4,VC,0,1,2,,,0,1,,,,1,10,0,0,1,0
1,9,1,8,3,75,FRANCE,ILE-DE-FRANCE,109,75109,PARIS,BOULEVARD HAUSSMANN,130611,0,4,VC,0,1,3,,,0,1,,,,1,30,0,0,1,0
1,9,3,1,3,75,FRANCE,ILE-DE-FRANCE,111,75111,PARIS,RUE MERLIN,130615,0,4,VC,0,2,2,,,0,1,,,,1,7,0,0,1,0
5,9,5,8,7,75,FRANCE,ILE-DE-FRANCE,113,75113,PARIS,BOULEVARD VINCENT AURIOL,130628,0,4,VC,0,0,1,,,0,1,,,,1,,0,0,1,0
1,9,1,1,6,75,FRANCE,ILE-DE-FRANCE,111,75111,PARIS,RUE DU FAUBOURG SAINT ANTOINE,130644,0,4,VC,0,2,1,,,3,1,,,,1,,0,0,0,1
5,9,2,1,3,75,FRANCE,ILE-DE-FRANCE,101,75101,PARIS,RUE DE RAMBUTEAU,130665,0,4,VC,0,1,4,,,0,1,,,,1,7,0,0,1,0
1,9,1,1,3,75,FRANCE,ILE-DE-FRANCE,119,75119,PARIS,PLACE ARMAND CARREL,130698,0,4,VC,0,2,2,,,0,1,,,,1,7,0,0,1,1
1,9,5,2,3,75,FRANCE,ILE-DE-FRANCE,104,75104,PARIS,RUE SAINT ANTOINE,130716,0,4,VC,0,1,1,,,3,0,,,,1,7,0,0,1,0
1,9,1,2,3,75,FRANCE,ILE-DE-FRANCE,112,75112,PARIS,RUE DE REUILLY,130729,0,4,VC,0,2,2,,,0,1,,,,1,7,0,0,1,0
1,9,1,2,2,75,FRANCE,ILE-DE-FRANCE,112,75112,PARIS,RUE DU FAUBOURG SAINT ANTOINE,130730,0,4,VC,0,2,3,,,0,1,,,,1,10,0,0,1,0
1,9,2,8,3,75,FRANCE,ILE-DE-FRANCE,113,75113,PARIS,AVENUE DE FRANCE,130774,0,4,VC,0,2,2,,,0,1,,,,1,32,0,0,1,0
1,9,3,1,6,75,FRANCE,ILE-DE-FRANCE,113,75113,PARIS,AVENUE DE FRANCE,130789,0,4,VC,0,1,0,,,0,1,,,,1,32,,,,
1,9,1,1,3,75,FRANCE,ILE-DE-FRANCE,107,75107,PARIS,RUE SAINT DOMINIQUE,130800,0,4,VC,0,1,1,,,0,1,,,,1,10,0,0,1,0
1,9,3,1,7,75,FRANCE,ILE-DE-FRANCE,113,75113,PARIS,BOULEVARD AUGUSTE BLANQUI,130812,0,4,VC,0,1,3,,,1,1,,,,1,,0,0,1,0
1,9,1,1,7,75,FRANCE,ILE-DE-FRANCE,106,75106,PARIS,QUAI MALAQUAIS,130864,0,4,VC,0,1,4,,,1,1,,,,1,,0,0,1,0
2,9,5,1,3,75,FRANCE,ILE-DE-FRANCE,108,75108,PARIS,COURS ALBERT 1ER,130866,0,4,VC,0,1,2,,,0,1,,,,1,7,0,0,1,0
1,9,2,1,6,75,FRANCE,ILE-DE-FRANCE,105,75105,PARIS,BOULEVARD SAINT MICHEL,130897,0,4,VC,0,2,4,,,3,5,,,,1,,0,0,0,1
5,9,1,8,3,75,FRANCE,ILE-DE-FRANCE,119,75119,PARIS,BOULEVARD MACDONALD,130903,0,4,VC,0,1,2,,,3,1,,,,1,7,0,0,1,0
1,9,1,1,3,75,FRANCE,ILE-DE-FRANCE,111,75111,PARIS,RUE LEON FROT,130905,0,4,VC,0,1,1,,,0,1,,,,1,7,0,0,1,0
1,9,1,1,7,75,FRANCE,ILE-DE-FRANCE,112,75112,PARIS,RUE DU CHAROLAIS,130906,0,4,VC,0,1,1,2,0,0,1,,,,1,,0,0,1,0
5,9,1,1,3,75,FRANCE,ILE-DE-FRANCE,106,75106,PARIS,RUE DE L'ANCIENNE COMEDIE,130929,0,4,VC,0,2,2,4,0,0,1,,,,1,7,0,0,1,0
1,9,1,2,3,75,FRANCE,ILE-DE-FRANCE,112,75112,PARIS,AVENUE DE SAINT MANDE,130933,0,4,VC,0,0,0,,,0,4,,,,1,7,0,0,1,0
4,9,2,2,3,75,FRANCE,ILE-DE-FRANCE,112,75112,PARIS,COURS DE VINCENNES,130942,0,4,VC,0,1,2,,,0,1,,,,1,37,0,0,1,0
1,9,1,1,6,75,FRANCE,ILE-DE-FRANCE,118,75118,PARIS,RUE CAULAINCOURT,130954,0,4,VC,0,2,2,,,0,1,,,,1,7,0,0,1,0
5,9,3,2,7,75,FRANCE,ILE-DE-FRANCE,115,75115,PARIS,QUAI BRANLY,130984,0,4,VC,0,0,1,,,1,5,,,,1,,0,0,1,0
1,9,1,1,6,75,FRANCE,ILE-DE-FRANCE,112,75112,PARIS,ROUTE DE LA TOURELLE,130989,6,4,VC,0,0,1,,,0,1,,,,1,,0,0,1,0
5,9,1,1,3,75,FRANCE,ILE-DE-FRANCE,112,75112,PARIS,RUE DE CHARENTON,131051,0,4,VC,0,1,1,,,0,1,,,,1,7,0,0,1,0
1,9,4,4,3,75,FRANCE,ILE-DE-FRANCE,111,75111,PARIS,PASSAGE THIERE,131065,0,4,VC,0,1,1,,,0,1,,,,1,7,0,0,1,0
1,9,1,1,1,75,FRANCE,ILE-DE-FRANCE,110,75110,PARIS,RUE DES PETITES ECURIES,131079,0,4,VC,0,1,1,,,1,1,,,,1,7,0,0,1,0
1,9,3,3,3,75,FRANCE,ILE-DE-FRANCE,102,75102,PARIS,RUE SAINT DENIS,131121,6,4,VC,0,1,1,,,0,1,,,,1,7,0,0,1,0
1,9,1,1,6,75,FRANCE,ILE-DE-FRANCE,101,75101,PARIS,RUE DE RIVOLI,131145,0,4,VC,0,1,3,,,3,4,,,,1,,0,0,0,1
1,9,4,1,3,75,FRANCE,ILE-DE-FRANCE,113,75113,PARIS,PLACE NATIONALE,131182,0,4,VC,0,1,1,,,1,1,,,,1,10,0,0,1,0
5,9,1,2,3,75,FRANCE,ILE-DE-FRANCE,118,75118,PARIS,RUE ORDENER,131215,0,4,VC,0,0,1,,,0,1,,,,1,7,0,0,1,0
1,9,3,4,2,75,FRANCE,ILE-DE-FRANCE,106,75106,PARIS,BOULEVARD DU MONTPARNASSE,131256,5,4,VC,0,2,2,,,3,1,,,,1,7,0,0,1,0
1,9,2,1,3,75,FRANCE,ILE-DE-FRANCE,116,75116,PARIS,RUE CHARDON LAGACHE,131266,0,4,VC,0,0,0,,,0,1,,,,1,7,0,0,1,0
1,9,3,1,6,75,FRANCE,ILE-DE-FRANCE,104,75104,PARIS,BOULEVARD DU PALAIS,131271,0,4,VC,0,2,3,,,3,1,,,,1,,0,0,1,0
5,9,1,1,3,75,FRANCE,ILE-DE-FRANCE,113,75113,PARIS,BOULEVARD MASSENA,131278,0,4,VC,0,0,4,,,0,1,,,,1,7,0,0,1,0
1,9,1,1,3,75,FRANCE,ILE-DE-FRANCE,112,75112,PARIS,AVENUE DAUMESNIL,131289,0,4,VC,0,2,2,,,1,1,,,,1,7,0,0,1,0
5,9,2,1,3,75,FRANCE,ILE-DE-FRANCE,115,75115,PARIS,RUE DE LA CONVENTION,131301,5,4,VC,0,2,3,,,0,1,,,,1,7,0,0,1,0
1,9,5,2,3,75,FRANCE,ILE-DE-FRANCE,105,75105,PARIS,RUE DE LANNEAU,131309,0,4,VC,0,1,0,,,0,1,,,,1,7,0,0,1,0
1,9,1,1,6,75,FRANCE,ILE-DE-FRANCE,113,75113,PARIS,AVENUE D'ITALIE,131310,0,4,VC,0,0,4,,,1,5,,,,1,,0,0,1,0
1,9,3,1,6,75,FRANCE,ILE-DE-FRANCE,116,75116,PARIS,RUE DE PASSY,131315,6,4,VC,0,1,1,1,0,0,4,,,,1,,0,0,0,1
1,9,3,1,6,75,FRANCE,ILE-DE-FRANCE,114,75114,PARIS,RUE BREZIN,131318,0,4,VC,0,1,1,,,0,1,,,,1,32,0,0,1,0
5,9,1,1,2,75,FRANCE,ILE-DE-FRANCE,117,75117,PARIS,RUE BROCHANT,131321,0,4,VC,0,2,1,,,0,1,,,,1,7,0,0,1,0
1,9,2,1,3,75,FRANCE,ILE-DE-FRANCE,114,75114,PARIS,AVENUE RENE COTY,131353,0,4,VC,0,0,2,,,0,1,,,,1,7,0,0,1,0
1,9,1,2,3,75,FRANCE,ILE-DE-FRANCE,115,75115,PARIS,AVENUE DE LA PORTE DE SEVRES,131364,0,4,VC,0,1,2,,,0,1,,,,1,7,0,0,1,0
5,9,1,1,3,75,FRANCE,ILE-DE-FRANCE,118,75118,PARIS,RUE STEPHENSON,131371,0,4,VC,0,2,2,,,0,1,,,,1,7,0,0,1,0
1,9,1,1,3,75,FRANCE,ILE-DE-FRANCE,105,75105,PARIS,AVENUE GEORGES BERNANOS,131391,0,4,VC,0,1,1,,,0,1,,,,1,30,0,0,0,1
5,9,1,1,6,75,FRANCE,ILE-DE-FRANCE,120,75120,PARIS,RUE DES PYRENEES,131402,0,4,VC,0,2,1,,,3,0,,,,1,32,0,0,1,0
1,9,2,1,2,75,FRANCE,ILE-DE-FRANCE,105,75105,PARIS,QUAI SAINT MICHEL,131412,0,4,VC,0,1,4,,,0,1,,,,1,7,0,0,1,0
5,9,2,2,3,75,FRANCE,ILE-DE-FRANCE,110,75110,PARIS,RUE DU FAUBOURG SAINT MARTIN,131438,0,4,VC,0,2,3,,,0,1,,,,1,13,0,0,1,0
5,9,2,1,3,75,FRANCE,ILE-DE-FRANCE,105,75105,PARIS,BOULEVARD SAINT GERMAIN,131440,0,4,VC,0,1,1,,,0,1,,,,1,7,0,0,1,0
1,9,3,1,3,75,FRANCE,ILE-DE-FRANCE,119,75119,PARIS,RUE DUVERGIER,131465,0,4,VC,0,1,1,,,0,1,,,,1,7,0,0,1,0
1,9,3,1,6,75,FRANCE,ILE-DE-FRANCE,105,75105,PARIS,QUAI SAINT MICHEL,131469,0,4,VC,0,1,3,,,1,5,,,,1,,0,0,0,1
1,9,1,1,3,75,FRANCE,ILE-DE-FRANCE,114,75114,PARIS,RUE DE LA GAITE,131471,0,4,VC,0,1,1,,,0,1,,,,1,7,0,0,1,0
5,9,3,1,3,75,FRANCE,ILE-DE-FRANCE,105,75105,PARIS,AVENUE GEORGES BERNANOS,131480,0,4,VC,0,2,4,100,0,0,1,,,,1,32,0,0,0,1
1,9,3,1,3,75,FRANCE,ILE-DE-FRANCE,114,75114,PARIS,AVENUE DE LA SIBELLE,131493,0,4,VC,0,1,1,,,0,1,,,,1,7,0,0,1,0