lum,agg,int,atm,col,dep_bis,pays,region,com_bis,com_codeINSEE,communes,N_voie,numac,infra,catr,type_route,voie,circ,nbv,pr,pr1,vosp,situ,lat,long,adr,accident_velo,vehicule_imp,cycl_mort,cycl_bgv,cycl_blg,cycl_indm
2,9,1,1,6,75,FRANCE,ILE-DE-FRANCE,113,75113,PARIS,BOULEVARD AUGUSTE BLANQUI,131500,0,4,VC,0,3,0,,,1,5,,,,1,,0,0,0,1
1,9,1,1,6,75,FRANCE,ILE-DE-FRANCE,119,75119,PARIS,BOULEVARD MACDONALD,131507,0,4,VC,0,1,1,,,0,1,,,,1,7,0,0,1,0
1,9,1,1,3,75,FRANCE,ILE-DE-FRANCE,120,75120,PARIS,BOULEVARD DE CHARONNE,131516,0,4,VC,0,1,1,,,0,1,,,,1,10,0,0,1,0
1,9,2,1,3,75,FRANCE,ILE-DE-FRANCE,110,75110,PARIS,RUE LA FAYETTE,131532,0,4,VC,0,1,3,,,0,1,,,,1,10,0,0,1,0
1,9,5,2,6,75,FRANCE,ILE-DE-FRANCE,108,75108,PARIS,RUE DE MIROMESNIL,131568,0,4,VC,0,1,1,,,0,1,,,,1,,0,0,0,1
5,9,1,1,6,75,FRANCE,ILE-DE-FRANCE,106,75106,PARIS,RUE DE RENNES,131578,0,4,VC,0,2,2,,,0,1,,,,1,,0,0,0,1
1,9,5,1,3,75,FRANCE,ILE-DE-FRANCE,117,75117,PARIS,NON DENOMMEE BG/17,131580,0,4,VC,0,1,1,,,0,1,,,,1,7,0,0,1,0
1,9,1,1,3,75,FRANCE,ILE-DE-FRANCE,112,75112,PARIS,RUE DE POMMARD,131581,0,4,VC,0,1,1,,,0,1,,,,1,10,0,0,1,0
5,9,3,1,6,75,FRANCE,ILE-DE-FRANCE,113,75113,PARIS,RUE THOMIRE,131592,0,4,VC,0,1,1,,,0,0,,,,1,7,0,0,1,0
1,9,1,8,6,75,FRANCE,ILE-DE-FRANCE,110,75110,PARIS,RUE DU CHATEAU D'EAU,131597,0,4,VC,0,1,1,,,1,1,,,,1,,0,0,1,0
5,9,5,1,3,75,FRANCE,ILE-DE-FRANCE,116,75116,PARIS,AVENUE EDOUARD VAILLANT,131603,0,4,VC,0,1,0,1,0,0,1,,,,1,7,0,0,1,0
1,9,1,1,2,75,FRANCE,ILE-DE-FRANCE,103,75103,PARIS,RUE DE TURBIGO,131619,0,4,VC,0,1,0,,,0,1,,,,1,7,0,0,1,0
1,9,1,1,2,75,FRANCE,ILE-DE-FRANCE,113,75113,PARIS,RUE ABEL HOVELACQUE,131629,0,4,VC,0,0,2,,,0,1,,,,1,7,0,0,1,0
1,9,1,1,3,75,FRANCE,ILE-DE-FRANCE,118,75118,PARIS,RUE DE LA BARRIERE BLANCHE,131641,6,4,VC,0,1,1,,,0,4,,,,1,7,0,0,1,0
2,9,1,1,3,75,FRANCE,ILE-DE-FRANCE,106,75106,PARIS,RUE DU FOUR,131701,0,4,VC,0,1,1,,,0,1,,,,1,7,0,0,1,0
5,9,2,1,3,75,FRANCE,ILE-DE-FRANCE,111,75111,PARIS,RUE JEAN PIERRE TIMBAUD,131717,0,4,VC,0,1,1,,,0,1,,,,1,7,0,0,1,0
1,9,1,2,5,75,FRANCE,ILE-DE-FRANCE,109,75109,PARIS,RUE DE CHATEAUDUN,131734,0,4,VC,0,1,1,,,0,1,,,,1,7,0,0,1,0
1,9,2,1,6,75,FRANCE,ILE-DE-FRANCE,106,75106,PARIS,BOULEVARD RASPAIL,131736,0,4,VC,0,2,4,,,3,1,,,,1,,0,0,0,1
5,9,1,1,7,75,FRANCE,ILE-DE-FRANCE,102,75102,PARIS,RUE D'UZES,131753,0,4,VC,0,1,1,1,0,0,1,,,,1,,0,0,1,0
1,9,2,1,3,75,FRANCE,ILE-DE-FRANCE,117,75117,PARIS,RUE JOUFFROY D'ABBANS,131757,0,4,VC,0,2,2,,,0,1,,,,1,14,0,0,1,0
5,9,2,2,3,75,FRANCE,ILE-DE-FRANCE,113,75113,PARIS,BOULEVARD VINCENT AURIOL,131772,0,4,VC,0,1,2,,,0,1,,,,1,7,0,0,1,0
1,9,2,1,6,75,FRANCE,ILE-DE-FRANCE,105,75105,PARIS,BOULEVARD SAINT GERMAIN,131792,0,4,VC,0,1,3,,,0,1,,,,1,,0,0,1,0
1,9,1,1,7,75,FRANCE,ILE-DE-FRANCE,112,75112,PARIS,BOULEVARD DE REUILLY,131807,0,4,VC,0,2,1,,,0,1,,,,1,,0,0,1,0
5,9,1,1,3,75,FRANCE,ILE-DE-FRANCE,112,75112,PARIS,BOULEVARD DIDEROT,131834,0,4,VC,0,1,2,,,3,1,,,,1,14,0,0,1,0
5,9,2,1,3,75,FRANCE,ILE-DE-FRANCE,120,75120,PARIS,RUE PELLEPORT,131836,0,4,VC,0,2,2,,,0,1,,,,1,7,0,0,1,0
5,9,2,1,6,75,FRANCE,ILE-DE-FRANCE,104,75104,PARIS,RUE FERDINAND DUVAL ,131855,0,4,VC,0,1,1,,,0,1,,,,1,,0,0,1,0
5,9,1,1,6,75,FRANCE,ILE-DE-FRANCE,106,75106,PARIS,BOULEVARD DU MONTPARNASSE,131857,0,4,VC,0,1,2,,,0,1,,,,1,7,0,0,1,0
1,9,1,1,3,75,FRANCE,ILE-DE-FRANCE,115,75115,PARIS,BOULEVARD DE GRENELLE,131861,0,4,VC,0,1,1,,,0,1,,,,1,14,0,0,1,0
1,9,2,1,6,75,FRANCE,ILE-DE-FRANCE,113,75113,PARIS,RUE DE TOLBIAC,131867,0,4,VC,0,0,2,,,0,1,,,,1,10,0,0,1,0
1,9,1,1,6,75,FRANCE,ILE-DE-FRANCE,112,75112,PARIS,BOULEVARD PONIATOWSKI,131872,0,4,VC,0,2,0,,,0,1,,,,1,,0,0,1,0
1,9,2,1,3,75,FRANCE,ILE-DE-FRANCE,110,75110,PARIS,QUAI DE JEMMAPES,131873,5,4,VC,0,1,1,,,0,1,,,,1,7,0,0,1,0
1,9,1,2,6,75,FRANCE,ILE-DE-FRANCE,112,75112,PARIS,QUAI DE LA RAPEE,131879,0,4,VC,0,2,0,,,0,5,,,,1,,0,0,1,0
1,9,1,1,2,75,FRANCE,ILE-DE-FRANCE,108,75108,PARIS,BOULEVARD HAUSSMANN,131887,0,4,VC,0,1,3,,,3,1,,,,1,30,0,0,1,0
5,9,1,1,3,75,FRANCE,ILE-DE-FRANCE,110,75110,PARIS,BOULEVARD DE STRASBOURG,131912,0,4,VC,0,1,0,,,3,5,,,,1,7,0,0,1,0
1,9,1,1,7,75,FRANCE,ILE-DE-FRANCE,119,75119,PARIS,QUAI DE LA GIRONDE,131914,0,4,VC,0,1,1,,,1,5,,,,1,,0,0,1,0
1,9,5,1,3,75,FRANCE,ILE-DE-FRANCE,108,75108,PARIS,AVENUE GEORGE V,131917,0,4,VC,0,0,2,,,0,1,,,,1,7,0,0,1,0
1,9,5,1,6,75,FRANCE,ILE-DE-FRANCE,114,75114,PARIS,RUE FROIDEVAUX,131944,5,4,VC,0,1,4,,,0,1,,,,1,,0,0,0,1
1,9,2,1,3,75,FRANCE,ILE-DE-FRANCE,111,75111,PARIS,BOULEVARD DES FILLES DU CALVAIRE,131951,0,4,VC,0,2,2,,,0,1,,,,1,37,0,0,0,1
1,9,1,1,3,75,FRANCE,ILE-DE-FRANCE,111,75111,PARIS,BOULEVARD VOLTAIRE,131954,0,4,VC,0,2,2,,,0,1,,,,1,31,0,0,1,0
1,9,1,1,3,75,FRANCE,ILE-DE-FRANCE,101,75101,PARIS,RUE DE TURBIGO,131960,0,4,VC,0,1,1,,,0,1,,,,1,7,0,0,1,0
1,9,1,1,7,75,FRANCE,ILE-DE-FRANCE,116,75116,PARIS,ROUTE DES TRIBUNES,131988,0,4,VC,0,1,1,,,1,5,,,,1,,0,0,1,0
1,9,1,1,7,75,FRANCE,ILE-DE-FRANCE,112,75112,PARIS,AVENUE DAUMESNIL,131989,0,4,VC,0,1,1,,,1,5,,,,1,,0,0,1,0
1,9,5,1,6,75,FRANCE,ILE-DE-FRANCE,113,75113,PARIS,RUE BOUSSINGAULT,131990,0,4,VC,0,2,2,,,0,1,,,,1,,0,0,0,1
5,9,2,1,2,75,FRANCE,ILE-DE-FRANCE,109,75109,PARIS,RUE RICHER,131992,0,4,VC,0,1,1,,,0,1,,,,1,7,0,0,1,0
1,9,4,1,3,75,FRANCE,ILE-DE-FRANCE,120,75120,PARIS,RUE JOSEPH PYTHON,131997,0,4,VC,0,1,1,,,0,1,,,,1,7,0,0,1,0
1,9,1,1,6,75,FRANCE,ILE-DE-FRANCE,101,75101,PARIS,RUE DE RICHELIEU,132005,0,4,VC,0,1,2,,,3,5,,,,1,,0,0,1,0
1,9,1,1,3,75,FRANCE,ILE-DE-FRANCE,103,75103,PARIS,RUE REAUMUR,132039,0,4,VC,0,1,2,,,3,1,,,,1,7,0,0,1,0
1,9,1,1,3,75,FRANCE,ILE-DE-FRANCE,102,75102,PARIS,RUE REAUMUR,132041,0,4,VC,0,1,3,,,3,0,,,,1,37,0,0,1,0
1,9,5,1,4,75,FRANCE,ILE-DE-FRANCE,111,75111,PARIS,PLACE DE LA BASTILLE,132051,0,4,VC,0,1,0,,,0,1,,,,1,7,0,0,1,0
1,9,2,1,6,75,FRANCE,ILE-DE-FRANCE,107,75107,PARIS,RUE DU BAC,132058,0,4,VC,0,1,1,,,0,1,,,,1,,0,0,0,1
5,9,2,1,3,75,FRANCE,ILE-DE-FRANCE,118,75118,PARIS,RUE DE LA GOUTTE D'OR,132063,0,4,VC,0,1,1,,,0,1,,,,1,7,0,0,1,0
1,9,2,1,6,75,FRANCE,ILE-DE-FRANCE,111,75111,PARIS,AVENUE DE LA REPUBLIQUE,132064,0,4,VC,0,2,1,,,0,1,,,,1,7,0,0,1,0
1,9,1,1,6,75,FRANCE,ILE-DE-FRANCE,103,75103,PARIS,RUE DE TURBIGO,132072,0,4,VC,0,1,2,,,1,1,,,,1,7,0,0,1,0
1,9,4,2,2,75,FRANCE,ILE-DE-FRANCE,118,75118,PARIS,RUE VAUVENARGUES,132085,0,4,VC,0,2,2,,,0,1,,,,1,13,0,0,1,0
1,9,1,1,3,75,FRANCE,ILE-DE-FRANCE,108,75108,PARIS,PLACE DE LA CONCORDE,132145,0,4,VC,0,1,3,,,0,1,,,,1,38,0,0,1,0
1,9,5,1,3,75,FRANCE,ILE-DE-FRANCE,116,75116,PARIS,AVENUE DU PRESIDENT WILSON,132148,0,4,VC,0,1,3,,,0,0,,,,1,7,0,0,1,0
1,9,2,1,3,75,FRANCE,ILE-DE-FRANCE,109,75109,PARIS,RUE DE ROCHECHOUART,132158,0,4,VC,0,1,2,,,0,1,,,,1,7,0,0,1,0
1,9,2,1,3,75,FRANCE,ILE-DE-FRANCE,103,75103,PARIS,RUE MESLAY,132163,0,4,VC,0,1,1,,,1,1,,,,1,7,0,0,1,0
1,9,1,1,2,75,FRANCE,ILE-DE-FRANCE,117,75117,PARIS,PLACE DE CLICHY,132164,0,4,VC,0,0,0,,,0,1,,,,1,7,0,0,1,0
1,9,2,1,3,75,FRANCE,ILE-DE-FRANCE,111,75111,PARIS,AVENUE LEDRU ROLLIN,132173,0,4,VC,0,2,1,,,0,1,,,,1,7,0,0,1,0
5,9,1,1,3,75,FRANCE,ILE-DE-FRANCE,114,75114,PARIS,AVENUE DU GENERAL LECLERC,132183,0,4,VC,0,1,2,,,0,1,,,,1,37,0,0,1,0
1,9,1,1,7,75,FRANCE,ILE-DE-FRANCE,115,75115,PARIS,BOULEVARD LEFEBVRE,132188,0,4,VC,0,3,1,,,1,5,,,,1,,0,0,1,0
1,9,1,1,3,75,FRANCE,ILE-DE-FRANCE,119,75119,PARIS,AVENUE CORENTIN CARIOU,132194,0,4,VC,0,2,2,,,0,1,,,,1,10,0,0,1,0
1,9,1,1,6,75,FRANCE,ILE-DE-FRANCE,120,75120,PARIS,RUE DES FOUGERES,132201,0,4,VC,0,1,1,,,1,5,,,,1,30,0,0,1,0
1,9,2,1,6,75,FRANCE,ILE-DE-FRANCE,118,75118,PARIS,RUE RIQUET,132216,0,4,VC,0,1,2,,,0,1,,,,1,,0,0,0,1
1,9,2,1,3,75,FRANCE,ILE-DE-FRANCE,106,75106,PARIS,RUE DE RENNES,132219,0,4,VC,0,2,2,,,0,1,,,,1,32,0,0,0,1
5,9,1,1,6,75,FRANCE,ILE-DE-FRANCE,111,75111,PARIS,RUE LEON FROT,132229,0,4,VC,0,1,1,,,0,1,,,,1,32,0,0,1,0
1,9,2,1,3,75,FRANCE,ILE-DE-FRANCE,112,75112,PARIS,RUE HECTOR MALOT,132235,0,4,VC,0,0,1,,,0,0,,,,1,7,0,0,1,0
1,9,1,2,6,75,FRANCE,ILE-DE-FRANCE,112,75112,PARIS,RUE DE REUILLY,132269,0,4,VC,0,2,2,,,0,1,,,,1,,0,0,0,1
1,9,2,1,3,75,FRANCE,ILE-DE-FRANCE,109,75109,PARIS,RUE DE ROCHECHOUART,132286,0,4,VC,0,1,1,,,0,1,,,,1,10,0,0,1,0
1,9,5,1,2,75,FRANCE,ILE-DE-FRANCE,103,75103,PARIS,RUE MONTGOLFIER,132289,0,4,VC,0,1,2,,,0,1,,,,1,14,0,0,1,0
1,9,1,1,2,75,FRANCE,ILE-DE-FRANCE,101,75101,PARIS,RUE SAINT HONORE,132311,0,4,VC,0,1,1,,,0,1,,,,1,7,0,0,1,0
1,9,3,1,3,75,FRANCE,ILE-DE-FRANCE,108,75108,PARIS,RUE DE ROME,132315,0,4,VC,0,2,2,,,0,1,,,,1,10,0,0,1,0
1,9,3,1,3,75,FRANCE,ILE-DE-FRANCE,112,75112,PARIS,ROUTE DE LA GERBE,132322,0,4,VC,0,1,1,,,0,1,,,,1,10,0,0,1,0
1,9,1,1,3,75,FRANCE,ILE-DE-FRANCE,112,75112,PARIS,AVENUE LEDRU ROLLIN,132324,0,4,VC,0,1,1,37,0,1,5,,,,1,7,0,0,1,0
5,9,1,1,3,75,FRANCE,ILE-DE-FRANCE,119,75119,PARIS,RUE RIQUET,132342,0,4,VC,0,1,2,,,1,5,,,,1,7,0,0,1,0
1,9,4,1,3,75,FRANCE,ILE-DE-FRANCE,119,75119,PARIS,AVENUE DE LA PORTE DU PRE SAINT GERVAIS,132344,0,4,VC,0,1,1,,,1,5,,,,1,7,0,0,1,0
1,9,5,1,7,75,FRANCE,ILE-DE-FRANCE,116,75116,PARIS,BOULEVARD SUCHET,132364,0,4,VC,0,1,1,,,0,1,,,,1,,0,0,1,0
5,9,1,1,6,75,FRANCE,ILE-DE-FRANCE,101,75101,PARIS,QUAI DU LOUVRE,132367,0,4,VC,0,1,4,28,0,3,1,,,,1,,0,0,1,0
1,9,3,1,7,75,FRANCE,ILE-DE-FRANCE,117,75117,PARIS,RUE SAINT JEAN,132368,0,4,VC,0,2,3,,,0,1,,,,1,,0,0,1,0
1,9,2,1,6,75,FRANCE,ILE-DE-FRANCE,112,75112,PARIS,RUE DE LA GARE DE REUILLY,132370,0,4,VC,0,2,2,,,0,1,,,,1,7,0,0,1,0
1,9,4,1,3,75,FRANCE,ILE-DE-FRANCE,114,75114,PARIS,BOULEVARD RASPAIL,132371,0,4,VC,0,1,2,,,0,1,,,,1,7,0,0,1,0
1,9,1,1,3,75,FRANCE,ILE-DE-FRANCE,119,75119,PARIS,AVENUE MATHURIN MOREAU,132373,0,4,VC,0,2,2,,,0,1,,,,1,7,0,0,1,0
1,9,1,8,3,75,FRANCE,ILE-DE-FRANCE,112,75112,PARIS,AVENUE DAUMESNIL,132375,0,4,VC,0,2,3,,,1,5,,,,1,7,0,0,1,0
1,9,3,1,6,75,FRANCE,ILE-DE-FRANCE,104,75104,PARIS,QUAI DE L'HOTEL DE VILLE,132394,0,4,VC,0,0,2,,,0,1,,,,1,7,0,0,1,0
1,9,2,1,3,75,FRANCE,ILE-DE-FRANCE,111,75111,PARIS,PLACE DE LA BASTILLE,132416,5,4,VC,0,1,0,,,0,1,,,,1,10,0,0,1,0
1,9,1,1,7,75,FRANCE,ILE-DE-FRANCE,111,75111,PARIS,RUE DE CHARONNE,132446,0,4,VC,0,2,1,,,0,1,,,,1,,0,0,1,0
1,9,5,1,3,75,FRANCE,ILE-DE-FRANCE,103,75103,PARIS,RUE DU TEMPLE,132451,0,4,VC,0,2,4,,,0,1,,,,1,7,0,0,1,0
1,9,1,1,7,75,FRANCE,ILE-DE-FRANCE,101,75101,PARIS,QUAI DES TUILERIES,132454,0,4,VC,0,0,1,,,1,5,,,,1,,0,0,1,0
1,9,1,1,3,75,FRANCE,ILE-DE-FRANCE,118,75118,PARIS,RUE MARCADET,132465,0,4,VC,0,1,1,,,0,1,,,,1,7,0,0,1,0
1,9,3,2,3,75,FRANCE,ILE-DE-FRANCE,113,75113,PARIS,AVENUE DE LA PORTE DE CHOISY,132476,0,4,VC,0,3,0,,,0,1,,,,1,7,0,0,1,0
5,9,1,2,3,75,FRANCE,ILE-DE-FRANCE,115,75115,PARIS,AVENUE DE SUFFREN,132482,0,4,VC,0,2,4,,,0,1,,,,1,7,0,0,1,0
1,9,2,8,3,75,FRANCE,ILE-DE-FRANCE,111,75111,PARIS,RUE DU CHEMIN VERT,132488,0,4,VC,0,1,1,,,0,5,,,,1,33,0,0,1,0
1,9,1,1,7,75,FRANCE,ILE-DE-FRANCE,113,75113,PARIS,BOULEVARD AUGUSTE BLANQUI,132498,0,4,VC,0,1,3,,,1,1,,,,1,,0,0,1,0
1,9,1,1,3,75,FRANCE,ILE-DE-FRANCE,106,75106,PARIS,RUE DE RENNES,132516,0,4,VC,0,2,0,,,0,1,,,,1,7,0,0,1,0
1,9,1,1,7,75,FRANCE,ILE-DE-FRANCE,105,75105,PARIS,BOULEVARD SAINT GERMAIN,132526,0,4,VC,0,1,2,,,1,5,,,,1,,0,0,1,0
1,9,1,1,3,75,FRANCE,ILE-DE-FRANCE,110,75110,PARIS,RUE DE L'AQUEDUC,132530,0,4,VC,0,1,1,,,0,1,,,,1,7,0,0,1,0
1,9,1,1,2,75,FRANCE,ILE-DE-FRANCE,108,75108,PARIS,AVENUE DES CHAMPS ELYSEES,132536,0,4,VC,0,2,0,,,0,1,,,,1,7,0,0,1,0
2,9,1,1,2,75,FRANCE,ILE-DE-FRANCE,111,75111,PARIS,RUE DES TROIS COURONNES,132538,0,4,VC,0,1,0,,,0,1,,,,1,7,0,0,1,0
1,9,2,1,3,75,FRANCE,ILE-DE-FRANCE,116,75116,PARIS,ALLEE  DE LA REINE MARGUERITE,132539,0,4,VC,0,2,4,,,0,1,,,,1,10,0,0,1,0
2,9,1,1,6,75,FRANCE,ILE-DE-FRANCE,113,75113,PARIS,BOULEVARD AUGUSTE BLANQUI,132556,0,4,VC,0,1,2,,,1,5,,,,1,,0,0,1,0
1,9,2,1,6,75,FRANCE,ILE-DE-FRANCE,116,75116,PARIS,ROUTE DE LA LONGUE QUEUE,132572,0,4,VC,0,2,2,,,0,1,,,,1,7,0,0,1,0
1,9,4,1,3,75,FRANCE,ILE-DE-FRANCE,115,75115,PARIS,PLACE ROBERT GUILLEMARD,132577,0,4,VC,0,1,0,,,0,0,,,,1,7,0,0,1,0
1,9,1,1,6,75,FRANCE,ILE-DE-FRANCE,115,75115,PARIS,RUE DU COLONEL PIERRE AVIA,132599,0,4,VC,0,2,2,,,0,1,,,,1,,0,0,0,1
1,9,1,1,6,75,FRANCE,ILE-DE-FRANCE,108,75108,PARIS,RUE DU HAVRE,132601,0,4,VC,0,1,0,,,0,1,,,,1,,0,0,0,1
1,9,3,1,3,75,FRANCE,ILE-DE-FRANCE,103,75103,PARIS,RUE AUX OURS,132604,0,4,VC,0,2,2,,,0,1,,,,1,7,0,0,1,0
1,9,2,1,3,75,FRANCE,ILE-DE-FRANCE,110,75110,PARIS,RUE LEGOUVE,132620,0,4,VC,0,1,1,1,0,0,1,,,,1,7,0,0,1,0
1,9,1,1,2,75,FRANCE,ILE-DE-FRANCE,120,75120,PARIS,BOULEVARD DAVOUT ,132621,0,4,VC,0,2,2,,,0,1,,,,1,37,0,0,1,0
1,9,2,1,3,75,FRANCE,ILE-DE-FRANCE,115,75115,PARIS,RUE BLOMET,132629,0,4,VC,0,2,2,,,0,1,,,,1,7,0,0,1,0
1,9,5,1,3,75,FRANCE,ILE-DE-FRANCE,112,75112,PARIS,RUE DU FAUBOURG SAINT ANTOINE,132630,0,4,VC,0,2,2,,,0,1,,,,1,7,0,0,1,0
1,9,4,2,7,75,FRANCE,ILE-DE-FRANCE,114,75114,PARIS,BOULEVARD RASPAIL,132634,0,4,VC,0,3,2,,,0,1,,,,1,,0,0,1,0
5,9,2,2,3,75,FRANCE,ILE-DE-FRANCE,112,75112,PARIS,PLACE FELIX EBOUE,132642,0,4,VC,0,2,2,,,1,5,,,,1,7,0,0,1,0
1,9,3,1,3,75,FRANCE,ILE-DE-FRANCE,103,75103,PARIS,RUE DU TEMPLE,132645,0,4,VC,0,3,2,,,0,1,,,,1,7,0,0,1,0
1,9,1,2,6,75,FRANCE,ILE-DE-FRANCE,105,75105,PARIS,RUE MONGE,132652,0,4,VC,0,2,2,,,0,1,,,,1,,0,0,0,1
1,9,1,1,6,75,FRANCE,ILE-DE-FRANCE,113,75113,PARIS,QUAI PANHARD ET LEVASSOR,132680,0,4,VC,0,2,2,,,1,5,,,,1,,0,0,0,1
1,9,2,1,6,75,FRANCE,ILE-DE-FRANCE,119,75119,PARIS,RUE PETIT,132682,0,4,VC,0,1,1,,,0,1,,,,1,30,0,0,1,0
1,9,1,1,6,75,FRANCE,ILE-DE-FRANCE,101,75101,PARIS,PONT DU CARROUSEL,132688,0,4,VC,0,2,,,,3,1,,,,1,7,0,0,1,0
1,9,1,1,3,75,FRANCE,ILE-DE-FRANCE,114,75114,PARIS,PLACE DENFERT ROCHEREAU,132692,5,4,VC,0,1,3,,,0,1,,,,1,7,0,0,1,0
1,9,3,1,3,75,FRANCE,ILE-DE-FRANCE,118,75118,PARIS,AVENUE JUNOT,132699,0,4,VC,0,2,2,,,0,1,,,,1,7,0,0,1,0
1,9,1,1,3,75,FRANCE,ILE-DE-FRANCE,109,75109,PARIS,BOULEVARD HAUSSMANN,132706,0,4,VC,0,1,1,,,3,1,,,,1,7,0,0,1,0
1,9,1,8,3,75,FRANCE,ILE-DE-FRANCE,104,75104,PARIS,RUE DE RIVOLI,132736,0,4,VC,0,1,3,,,3,5,,,,1,7,0,0,1,0
2,9,2,1,3,75,FRANCE,ILE-DE-FRANCE,112,75112,PARIS,BOULEVARD DIDEROT,132748,0,4,VC,0,0,2,,,0,1,,,,1,7,0,0,1,0
1,9,1,1,3,75,FRANCE,ILE-DE-FRANCE,108,75108,PARIS,RUE DE COURCELLES,132755,0,4,VC,0,2,2,,,0,1,,,,1,7,0,0,1,0
1,9,1,1,6,75,FRANCE,ILE-DE-FRANCE,110,75110,PARIS,BOULEVARD DE LA CHAPELLE,132766,0,4,VC,0,1,1,,,1,5,,,,1,,0,0,1,0
1,9,2,1,6,75,FRANCE,ILE-DE-FRANCE,120,75120,PARIS,AVENUE GAMBETTA,132770,0,4,VC,0,2,2,,,0,1,,,,1,7,0,0,1,0
1,9,1,8,2,75,FRANCE,ILE-DE-FRANCE,105,75105,PARIS,BOULEVARD SAINT MICHEL,132779,0,4,VC,0,2,3,,,3,5,,,,1,,0,0,0,1
1,9,1,1,3,75,FRANCE,ILE-DE-FRANCE,110,75110,PARIS,QUAI DE VALMY,132787,0,4,VC,0,1,1,,,1,5,,,,1,7,0,0,1,0
1,9,5,1,3,75,FRANCE,ILE-DE-FRANCE,113,75113,PARIS,BOULEVARD DE L'HOPITAL,132789,5,4,VC,0,0,2,,,3,1,,,,1,37,0,0,1,0
1,9,5,8,3,75,FRANCE,ILE-DE-FRANCE,111,75111,PARIS,AVENUE GAMBETTA,132790,5,4,VC,0,2,4,,,0,1,,,,1,10,0,0,1,0
1,9,1,1,7,75,FRANCE,ILE-DE-FRANCE,115,75115,PARIS,BOULEVARD VICTOR,132803,0,4,VC,0,0,2,,,1,5,,,,1,,0,0,1,0
5,9,1,1,2,75,FRANCE,ILE-DE-FRANCE,105,75105,PARIS,BOULEVARD SAINT MICHEL,132806,0,4,VC,0,1,4,15,0,3,1,,,,1,7,0,0,1,0
5,9,1,1,3,75,FRANCE,ILE-DE-FRANCE,111,75111,PARIS,BOULEVARD VOLTAIRE,132808,0,4,VC,0,0,2,,,0,1,,,,1,7,0,0,1,0
2,9,3,2,3,75,FRANCE,ILE-DE-FRANCE,105,75105,PARIS,RUE DES CHANTIERS,132820,0,4,VC,0,1,1,1,0,0,1,,,,1,7,0,0,1,0
1,9,2,2,6,75,FRANCE,ILE-DE-FRANCE,106,75106,PARIS,BOULEVARD SAINT MICHEL,132822,0,4,VC,0,2,0,,,3,1,,,,1,,0,0,0,1
1,9,1,2,1,75,FRANCE,ILE-DE-FRANCE,110,75110,PARIS,RUE DE LA GRANGE AUX BELLES,132826,0,4,VC,0,1,1,,,0,1,,,,1,7,0,0,1,0
5,9,2,2,7,75,FRANCE,ILE-DE-FRANCE,117,75117,PARIS,RUE BROCHANT,132831,0,4,VC,0,2,2,,,0,1,,,,1,,0,0,1,0
1,9,1,1,1,75,FRANCE,ILE-DE-FRANCE,110,75110,PARIS,QUAI DE JEMMAPES,132844,6,4,VC,0,1,1,,,0,1,,,,1,34,0,0,1,0
1,9,5,1,3,75,FRANCE,ILE-DE-FRANCE,103,75103,PARIS,RUE DE TURBIGO,132855,5,4,VC,0,1,0,,,0,1,,,,1,7,0,0,1,0
1,9,2,1,6,75,FRANCE,ILE-DE-FRANCE,105,75105,PARIS,BOULEVARD SAINT MICHEL,132857,0,4,VC,0,2,4,,,3,1,,,,1,,0,0,0,1
1,9,1,1,6,75,FRANCE,ILE-DE-FRANCE,110,75110,PARIS,QUAI DE JEMMAPES,132862,0,4,VC,0,1,1,,,0,4,,,,1,,,,,
1,9,1,1,2,75,FRANCE,ILE-DE-FRANCE,110,75110,PARIS,PLACE DE LA REPUBLIQUE,132869,0,4,VC,0,1,4,,,0,1,,,,1,32,0,0,0,1
1,9,1,1,3,75,FRANCE,ILE-DE-FRANCE,114,75114,PARIS,RUE DU COMMANDANT RENE MOUCHOTTE,132871,0,4,VC,0,1,2,,,0,1,,,,1,7,0,0,1,0
1,9,1,1,6,75,FRANCE,ILE-DE-FRANCE,111,75111,PARIS,AVENUE DE LA REPUBLIQUE,132877,0,4,VC,0,3,2,,,0,1,,,,1,10,0,0,1,0
5,9,2,1,3,75,FRANCE,ILE-DE-FRANCE,101,75101,PARIS,RUE DU LOUVRE,132898,0,4,VC,0,2,4,,,0,1,,,,1,33,0,0,0,1
5,9,1,1,6,75,FRANCE,ILE-DE-FRANCE,117,75117,PARIS,AVENUE DE LA GRANDE ARMEE,132905,0,4,VC,0,1,1,,,0,1,,,,1,7,0,0,1,0
1,9,1,1,6,75,FRANCE,ILE-DE-FRANCE,107,75107,PARIS,RUE SAINT DOMINIQUE,132908,0,4,VC,0,1,1,,,0,1,,,,1,7,0,0,1,0
1,9,1,1,6,75,FRANCE,ILE-DE-FRANCE,107,75107,PARIS,QUAI VOLTAIRE,132916,0,4,VC,0,1,0,,,0,4,,,,1,,0,0,1,0
5,9,1,1,3,75,FRANCE,ILE-DE-FRANCE,111,75111,PARIS,RUE DU CHEMIN VERT,132921,0,4,VC,0,1,0,,,0,1,,,,1,7,0,0,1,0
1,9,1,1,6,75,FRANCE,ILE-DE-FRANCE,120,75120,PARIS,RUE DE BELLEVILLE,132926,0,4,VC,0,2,2,,,0,1,,,,1,,0,0,1,0
5,9,1,1,6,75,FRANCE,ILE-DE-FRANCE,112,75112,PARIS,PLACE EDOUARD RENARD,132929,0,4,VC,0,2,0,,,1,5,,,,1,,0,0,0,1
1,9,1,1,3,75,FRANCE,ILE-DE-FRANCE,111,75111,PARIS,AVENUE PARMENTIER,132948,0,4,VC,0,2,2,,,0,1,,,,1,10,0,0,1,0
1,9,3,1,2,75,FRANCE,ILE-DE-FRANCE,112,75112,PARIS,ROUTE DE LA PYRAMIDE,132953,0,4,VC,0,1,0,,,0,1,,,,1,7,0,0,1,0
1,9,2,1,3,75,FRANCE,ILE-DE-FRANCE,111,75111,PARIS,AVENUE DE LA REPUBLIQUE,132955,0,4,VC,0,2,2,,,0,1,,,,1,7,0,0,1,0