lum,agg,int,atm,col,dep_bis,pays,region,com_bis,com_codeINSEE,communes,N_voie,numac,infra,catr,type_route,voie,circ,nbv,pr,pr1,vosp,situ,lat,long,adr,accident_velo,vehicule_imp,cycl_mort,cycl_bgv,cycl_blg,cycl_indm
1,9,1,1,3,75,FRANCE,ILE-DE-FRANCE,111,75111,PARIS,AVENUE DE LA REPUBLIQUE,132960,0,4,VC,0,2,2,,,0,1,,,,1,10,0,0,1,0
1,9,1,1,6,75,FRANCE,ILE-DE-FRANCE,114,75114,PARIS,IMPASSE REILLE,132967,0,4,VC,0,1,1,,,0,4,,,,1,,0,0,0,1
1,9,5,1,3,75,FRANCE,ILE-DE-FRANCE,114,75114,PARIS,PLACE VICTOR ET HELENE BASCH,132977,5,4,VC,0,1,2,,,0,1,,,,1,15,0,0,1,0
1,9,2,1,7,75,FRANCE,ILE-DE-FRANCE,111,75111,PARIS,BOULEVARD RICHARD LENOIR,132979,0,4,VC,0,3,1,,,1,5,,,,1,,0,0,1,0
1,9,1,1,6,75,FRANCE,ILE-DE-FRANCE,117,75117,PARIS,AVENUE DE CLICHY,132984,0,4,VC,0,2,3,,,0,1,,,,1,,0,0,0,1
1,9,5,1,3,75,FRANCE,ILE-DE-FRANCE,110,75110,PARIS,PLACE DE LA REPUBLIQUE,133008,5,4,VC,0,1,4,,,0,1,,,,1,7,0,0,1,0
1,9,2,1,6,75,FRANCE,ILE-DE-FRANCE,109,75109,PARIS,BOULEVARD DE ROCHECHOUART,133032,0,4,VC,0,1,2,,,3,1,,,,1,,0,0,0,1
1,9,2,1,3,75,FRANCE,ILE-DE-FRANCE,111,75111,PARIS,AVENUE DE LA REPUBLIQUE,133034,5,4,VC,0,2,2,,,0,1,,,,1,7,0,0,1,0
1,9,1,1,6,75,FRANCE,ILE-DE-FRANCE,118,75118,PARIS,BOULEVARD DE LA CHAPELLE,133047,0,4,VC,0,1,2,,,1,5,,,,1,,0,0,0,1
1,9,4,1,3,75,FRANCE,ILE-DE-FRANCE,117,75117,PARIS,RUE SAUSSIER LEROY,133050,0,4,VC,0,2,3,,,0,1,,,,1,7,0,0,1,0
1,9,1,1,7,75,FRANCE,ILE-DE-FRANCE,110,75110,PARIS,BOULEVARD DE MAGENTA,133060,0,4,VC,0,0,2,,,0,1,,,,1,,0,0,1,0
1,9,1,1,3,75,FRANCE,ILE-DE-FRANCE,115,75115,PARIS,RUE DE VAUGIRARD,133062,0,4,VC,0,1,2,,,3,1,,,,1,7,0,0,1,0
1,9,3,1,3,75,FRANCE,ILE-DE-FRANCE,106,75106,PARIS,RUE DE MONTFAUCON,133069,0,4,VC,0,1,1,,,0,1,,,,1,7,0,0,1,0
1,9,1,1,3,75,FRANCE,ILE-DE-FRANCE,112,75112,PARIS,AVENUE DES MINIMES,133071,0,4,VC,0,1,2,,,1,5,,,,1,,0,0,0,1
1,9,1,1,6,75,FRANCE,ILE-DE-FRANCE,117,75117,PARIS,RUE DES BATIGNOLLES,133072,0,4,VC,0,2,2,,,0,1,,,,1,32,0,0,0,1
1,9,2,1,3,75,FRANCE,ILE-DE-FRANCE,120,75120,PARIS,RUE DES PYRENEES,133093,0,4,VC,0,2,2,,,0,1,,,,1,7,0,0,1,0
1,9,2,1,7,75,FRANCE,ILE-DE-FRANCE,114,75114,PARIS,BOULEVARD JOURDAN,133094,0,4,VC,0,1,1,,,1,5,,,,1,,0,0,1,0
1,9,2,1,3,75,FRANCE,ILE-DE-FRANCE,111,75111,PARIS,AVENUE LEDRU ROLLIN,133100,0,4,VC,0,2,2,,,0,1,,,,1,10,0,0,1,0
1,9,1,1,6,75,FRANCE,ILE-DE-FRANCE,105,75105,PARIS,RUE JEAN CALVIN,133107,1,4,VC,0,2,2,,,0,1,,,,1,,0,0,1,0
5,9,3,1,3,75,FRANCE,ILE-DE-FRANCE,102,75102,PARIS,RUE REAUMUR,133118,0,4,VC,0,1,2,,,3,5,,,,1,7,0,0,1,0
5,9,5,1,3,75,FRANCE,ILE-DE-FRANCE,119,75119,PARIS,BOULEVARD DE LA VILLETTE,133132,0,4,VC,0,0,1,,,0,1,,,,1,10,0,0,1,0
1,9,2,1,2,75,FRANCE,ILE-DE-FRANCE,118,75118,PARIS,BOULEVARD DE ROCHECHOUART,133137,0,4,VC,0,1,2,,,0,1,,,,1,7,0,0,1,0
1,9,2,1,6,75,FRANCE,ILE-DE-FRANCE,120,75120,PARIS,RUE DE BELLEVILLE,133139,0,4,VC,0,2,2,,,0,1,,,,1,,,,,
1,9,3,1,3,75,FRANCE,ILE-DE-FRANCE,119,75119,PARIS,QUAI DE L'OISE,133148,2,4,VC,0,1,1,,,0,1,,,,1,33,0,0,1,0
1,9,1,2,3,75,FRANCE,ILE-DE-FRANCE,107,75107,PARIS,BOULEVARD DES INVALIDES,133155,0,4,VC,0,1,1,,,0,0,,,,1,7,0,0,1,0
1,9,1,2,3,75,FRANCE,ILE-DE-FRANCE,111,75111,PARIS,AVENUE LEDRU ROLLIN,133161,0,4,VC,0,2,3,,,3,1,,,,1,10,0,0,1,0
1,9,1,1,3,75,FRANCE,ILE-DE-FRANCE,104,75104,PARIS,RUE SAINT ANTOINE,133163,0,4,VC,0,2,3,,,0,1,,,,1,7,0,0,1,0
1,9,1,1,6,75,FRANCE,ILE-DE-FRANCE,115,75115,PARIS,AVENUE DE LA PORTE DE SEVRES,133165,0,4,VC,0,2,2,,,0,1,,,,1,,0,0,1,0
1,9,1,1,3,75,FRANCE,ILE-DE-FRANCE,112,75112,PARIS,ROUTE DE LA PYRAMIDE,133172,0,4,VC,0,2,2,,,1,5,,,,1,7,0,0,1,0
1,9,3,1,3,75,FRANCE,ILE-DE-FRANCE,103,75103,PARIS,RUE MONTGOLFIER,133195,0,4,VC,0,1,1,,,0,1,,,,1,7,0,0,1,0
1,9,5,1,3,75,FRANCE,ILE-DE-FRANCE,111,75111,PARIS,PLACE LEON BLUM,133198,0,4,VC,0,4,0,,,0,1,,,,1,7,0,0,1,0
1,9,1,1,6,75,FRANCE,ILE-DE-FRANCE,110,75110,PARIS,BOULEVARD DE LA VILLETTE,133208,0,4,VC,0,0,1,,,1,5,,,,1,,0,0,0,1
1,9,2,1,3,75,FRANCE,ILE-DE-FRANCE,107,75107,PARIS,PONT ALEXANDRE III,133210,0,4,VC,0,1,3,,,0,1,,,,1,7,0,0,1,0
1,9,1,1,6,75,FRANCE,ILE-DE-FRANCE,111,75111,PARIS,RUE SAINT MAUR,133211,0,4,VC,0,1,0,,,0,4,,,,1,,0,0,0,1
1,9,1,1,6,75,FRANCE,ILE-DE-FRANCE,109,75109,PARIS,RUE BLEUE,133224,0,4,VC,0,1,0,,,0,1,,,,1,,0,0,0,1
1,9,2,1,3,75,FRANCE,ILE-DE-FRANCE,119,75119,PARIS,RUE DE MEAUX,133241,0,4,VC,0,1,1,,,0,1,,,,1,7,0,0,1,0
1,9,1,1,7,75,FRANCE,ILE-DE-FRANCE,102,75102,PARIS,RUE DE CLERY,133243,0,4,VC,0,1,1,,,0,1,,,,1,,0,0,1,0
1,9,1,1,3,75,FRANCE,ILE-DE-FRANCE,119,75119,PARIS,RUE CURIAL,133248,0,4,VC,0,1,2,,,1,5,,,,1,7,0,0,1,0
2,9,1,1,3,75,FRANCE,ILE-DE-FRANCE,110,75110,PARIS,RUE DU FAUBOURG SAINT DENIS,133270,0,4,VC,0,1,1,,,0,1,,,,1,7,0,0,1,0
1,9,2,1,3,75,FRANCE,ILE-DE-FRANCE,113,75113,PARIS,RUE VERGNIAUD,133290,0,4,VC,0,3,0,,,0,1,,,,1,7,0,0,1,0
1,9,2,1,3,75,FRANCE,ILE-DE-FRANCE,112,75112,PARIS,QUAI DE LA RAPEE,133307,0,4,VC,0,1,2,,,0,1,,,,1,32,0,0,1,0
5,9,1,1,6,75,FRANCE,ILE-DE-FRANCE,113,75113,PARIS,BOULEVARD DE L'HOPITAL,133328,0,4,VC,0,3,,,,0,1,,,,1,,0,0,1,0
1,9,3,1,3,75,FRANCE,ILE-DE-FRANCE,110,75110,PARIS,RUE DU FAUBOURG POISSONNIERE,133332,0,4,VC,0,1,1,,,0,1,,,,1,7,0,0,1,0
1,9,1,1,3,75,FRANCE,ILE-DE-FRANCE,114,75114,PARIS,RUE FROIDEVAUX,133337,0,4,VC,0,1,2,,,0,1,,,,1,7,0,0,1,0
1,9,2,1,3,75,FRANCE,ILE-DE-FRANCE,107,75107,PARIS,AVENUE DU MARECHAL GALLIENI,133338,5,4,VC,0,2,0,,,0,1,,,,1,7,0,0,1,0
1,9,2,1,3,75,FRANCE,ILE-DE-FRANCE,113,75113,PARIS,RUE JEANNE D'ARC,133344,0,4,VC,0,0,1,,,0,1,,,,1,7,0,0,1,0
1,9,1,1,3,75,FRANCE,ILE-DE-FRANCE,101,75101,PARIS,RUE DE RIVOLI,133345,0,4,VC,0,1,0,,,1,5,,,,1,7,0,0,1,0
1,9,5,1,3,75,FRANCE,ILE-DE-FRANCE,115,75115,PARIS,QUAI ANDRE CITROEN,133348,0,4,VC,0,1,2,,,0,1,,,,1,7,0,0,1,0
1,9,1,1,7,75,FRANCE,ILE-DE-FRANCE,109,75109,PARIS,BOULEVARD POISSONNIERE,133373,0,4,VC,0,1,2,,,3,1,,,,1,,0,0,1,0
1,9,1,1,4,75,FRANCE,ILE-DE-FRANCE,117,75117,PARIS,AVENUE DE WAGRAM,133374,0,4,VC,0,2,2,,,0,1,,,,1,7,0,0,1,0
1,9,1,1,3,75,FRANCE,ILE-DE-FRANCE,111,75111,PARIS,BOULEVARD RICHARD LENOIR,133376,0,4,VC,0,1,1,29,0,1,1,,,,1,7,0,0,1,0
5,9,1,1,2,75,FRANCE,ILE-DE-FRANCE,118,75118,PARIS,BOULEVARD BARBES,133397,0,4,VC,0,2,2,,,3,1,,,,1,7,0,0,1,0
1,9,1,1,3,75,FRANCE,ILE-DE-FRANCE,117,75117,PARIS,BOULEVARD PEREIRE,133402,0,4,VC,0,1,1,,,0,1,,,,1,7,0,0,1,0
1,9,1,3,7,75,FRANCE,ILE-DE-FRANCE,112,75112,PARIS,RUE DE BERCY,133419,0,4,VC,0,1,2,,,1,5,,,,1,,0,0,1,0
1,9,2,1,3,75,FRANCE,ILE-DE-FRANCE,114,75114,PARIS,RUE FROIDEVAUX,133423,0,4,VC,0,1,3,,,0,1,,,,1,7,0,0,1,0
2,9,2,1,3,75,FRANCE,ILE-DE-FRANCE,107,75107,PARIS,AVENUE DE BRETEUIL,133427,5,4,VC,0,3,1,,,0,1,,,,1,7,0,0,1,0
1,9,1,1,3,75,FRANCE,ILE-DE-FRANCE,112,75112,PARIS,RUE DE REUILLY,133428,0,4,VC,0,2,2,,,0,1,,,,1,7,0,0,1,0
1,9,2,1,3,75,FRANCE,ILE-DE-FRANCE,102,75102,PARIS,BOULEVARD DE SEBASTOPOL,133433,5,4,VC,0,1,3,67,0,3,1,,,,1,7,0,0,1,0
1,9,2,1,6,75,FRANCE,ILE-DE-FRANCE,102,75102,PARIS,RUE SAINTE FOY,133451,0,4,VC,0,1,1,,,0,1,,,,1,7,0,0,1,0
1,9,1,1,6,75,FRANCE,ILE-DE-FRANCE,114,75114,PARIS,RUE DE LA GAITE,133454,0,4,VC,0,1,1,,,0,0,,,,1,,0,0,0,1
1,9,1,1,3,75,FRANCE,ILE-DE-FRANCE,107,75107,PARIS,AVENUE DE LA BOURDONNAIS,133463,0,4,VC,0,2,3,,,3,1,,,,1,7,0,0,1,0
5,9,2,1,3,75,FRANCE,ILE-DE-FRANCE,102,75102,PARIS,RUE D'ABOUKIR,133465,0,4,VC,0,1,1,,,0,1,,,,1,7,0,0,1,0
1,9,1,1,3,75,FRANCE,ILE-DE-FRANCE,120,75120,PARIS,RUE LOUIS LUMIERE,133471,0,4,VC,0,1,1,,,1,1,,,,1,7,0,0,1,0
1,9,1,1,6,75,FRANCE,ILE-DE-FRANCE,116,75116,PARIS,ROUTE DE SEVRES A NEUILLY,133488,0,4,VC,0,2,2,,,1,5,,,,1,,0,0,0,1
1,9,2,2,3,75,FRANCE,ILE-DE-FRANCE,116,75116,PARIS,AVENUE THEOPHILE GAUTIER,133509,0,4,VC,0,2,2,1,0,0,1,,,,1,7,0,0,1,0
1,9,2,1,2,75,FRANCE,ILE-DE-FRANCE,105,75105,PARIS,RUE SOUFFLOT,133515,0,4,VC,0,2,0,,,0,1,,,,1,7,0,0,1,0
1,9,1,1,2,75,FRANCE,ILE-DE-FRANCE,111,75111,PARIS,RUE DU CHEMIN VERT,133519,0,4,VC,0,1,1,,,0,1,,,,1,7,0,0,1,0
5,9,1,1,6,75,FRANCE,ILE-DE-FRANCE,101,75101,PARIS,RUE DE RIVOLI,133525,0,4,VC,0,1,4,,,1,1,,,,1,,,,,
1,9,1,1,6,75,FRANCE,ILE-DE-FRANCE,115,75115,PARIS,RUE DU THEATRE,133535,0,4,VC,0,1,0,,,0,4,,,,1,,0,0,0,1
1,9,1,1,6,75,FRANCE,ILE-DE-FRANCE,120,75120,PARIS,RUE DES ENVIERGES,133545,0,4,VC,0,1,1,,,0,1,,,,1,,0,0,0,1
1,9,1,1,3,75,FRANCE,ILE-DE-FRANCE,111,75111,PARIS,BOULEVARD VOLTAIRE,133548,0,4,VC,0,2,1,,,0,1,,,,1,7,0,0,1,0
1,9,2,1,2,75,FRANCE,ILE-DE-FRANCE,104,75104,PARIS,RUE DE RIVOLI,133563,0,4,VC,0,1,3,,,3,1,,,,1,7,0,0,1,0
1,9,2,1,3,75,FRANCE,ILE-DE-FRANCE,114,75114,PARIS,RUE FROIDEVAUX,133578,5,4,VC,0,2,4,,,0,1,,,,1,10,0,0,1,0
1,9,1,1,6,75,FRANCE,ILE-DE-FRANCE,115,75115,PARIS,BOULEVARD LEFEBVRE,133591,0,4,VC,0,1,0,,,1,4,,,,1,,0,0,0,1
1,9,1,1,6,75,FRANCE,ILE-DE-FRANCE,113,75113,PARIS,RUE DE LA GLACIERE,133593,0,4,VC,0,1,1,,,0,1,,,,1,,0,0,0,1
1,9,2,1,3,75,FRANCE,ILE-DE-FRANCE,114,75114,PARIS,AVENUE DU GENERAL LECLERC,133594,0,4,VC,0,2,3,,,0,1,,,,1,2,0,0,0,1
1,9,2,1,6,75,FRANCE,ILE-DE-FRANCE,102,75102,PARIS,RUE REAUMUR,133596,6,4,VC,0,1,1,,,0,1,,,,1,,0,0,1,0
1,9,3,1,3,75,FRANCE,ILE-DE-FRANCE,112,75112,PARIS,AVENUE DAUMESNIL,133601,0,4,VC,0,2,4,,,1,1,,,,1,10,0,0,1,0
5,9,2,1,6,75,FRANCE,ILE-DE-FRANCE,111,75111,PARIS,AVENUE DE LA REPUBLIQUE,133616,0,4,VC,0,2,2,,,0,1,,,,1,,0,0,1,0
1,9,1,1,3,75,FRANCE,ILE-DE-FRANCE,112,75112,PARIS,ROUTE DE LA PYRAMIDE,133624,0,4,VC,0,2,2,,,1,4,,,,1,10,0,0,1,0
1,9,1,1,6,75,FRANCE,ILE-DE-FRANCE,105,75105,PARIS,RUE SAINT JACQUES,133627,0,4,VC,0,1,1,,,0,1,,,,1,,0,0,1,0
1,9,2,1,3,75,FRANCE,ILE-DE-FRANCE,114,75114,PARIS,AVENUE REILLE,133628,5,4,VC,0,1,2,,,0,1,,,,1,15,0,0,1,0
2,9,2,1,3,75,FRANCE,ILE-DE-FRANCE,103,75103,PARIS,BOULEVARD DE SEBASTOPOL,133662,5,4,VC,0,1,4,,,3,1,,,,1,2,0,0,1,0
5,9,1,1,7,75,FRANCE,ILE-DE-FRANCE,116,75116,PARIS,ROUTE DE SURESNES,133663,0,4,VC,0,2,0,,,0,1,,,,1,,0,0,1,0
1,9,2,1,6,75,FRANCE,ILE-DE-FRANCE,109,75109,PARIS,RUE DU FAUBOURG MONTMARTRE,133665,0,4,VC,0,1,2,,,0,1,,,,1,7,0,0,1,0
1,9,1,1,6,75,FRANCE,ILE-DE-FRANCE,114,75114,PARIS,AVENUE RENE COTY,133684,0,4,VC,0,1,1,,,0,1,,,,1,,0,0,0,1
1,9,2,1,3,75,FRANCE,ILE-DE-FRANCE,115,75115,PARIS,BOULEVARD PASTEUR,133688,0,4,VC,0,1,1,,,0,1,,,,1,7,0,0,1,0
1,9,3,1,1,75,FRANCE,ILE-DE-FRANCE,112,75112,PARIS,AVENUE DAUMESNIL,133692,0,4,VC,0,2,2,,,1,0,,,,1,10,0,0,1,0
1,9,2,1,3,75,FRANCE,ILE-DE-FRANCE,103,75103,PARIS,RUE DE TURENNE,133700,0,4,VC,0,2,2,,,0,1,,,,1,32,0,0,1,0
1,9,1,1,6,75,FRANCE,ILE-DE-FRANCE,108,75108,PARIS,RUE DU ROCHER,133703,0,4,VC,0,1,1,,,0,1,,,,1,,0,0,1,0
1,9,4,1,2,75,FRANCE,ILE-DE-FRANCE,112,75112,PARIS,RUE TRAVERSIERE,133704,0,4,VC,0,1,1,,,0,1,,,,1,32,0,0,0,1
1,9,4,1,3,75,FRANCE,ILE-DE-FRANCE,108,75108,PARIS,AVENUE DES CHAMPS ELYSEES,133706,0,4,VC,0,3,4,,,0,1,,,,1,7,0,0,1,0
1,9,2,1,6,75,FRANCE,ILE-DE-FRANCE,117,75117,PARIS,BOULEVARD PEREIRE,133720,0,4,VC,0,1,1,,,0,0,,,,1,,0,0,0,1
1,9,2,1,6,75,FRANCE,ILE-DE-FRANCE,101,75101,PARIS,RUE DE RIVOLI,133735,0,4,VC,0,1,3,,,3,1,,,,1,2,0,0,1,0
1,9,1,1,7,75,FRANCE,ILE-DE-FRANCE,105,75105,PARIS,RUE DU PETIT PONT,133738,0,4,VC,0,1,3,,,3,1,,,,1,,0,0,1,0
1,9,3,1,1,75,FRANCE,ILE-DE-FRANCE,112,75112,PARIS,AVENUE DAUMESNIL,133753,0,4,VC,0,2,3,,,1,5,,,,1,7,0,0,1,0
1,9,2,1,6,75,FRANCE,ILE-DE-FRANCE,119,75119,PARIS,QUAI DE LA GIRONDE,133757,0,4,VC,0,1,1,,,1,5,,,,1,,0,0,0,1
1,9,1,1,3,75,FRANCE,ILE-DE-FRANCE,109,75109,PARIS,RUE LA FAYETTE,133762,0,4,VC,0,2,4,,,3,1,,,,1,33,0,0,1,0
1,9,1,1,2,75,FRANCE,ILE-DE-FRANCE,116,75116,PARIS,ROUTE DES TRIBUNES,133765,0,4,VC,0,1,1,0,100,1,1,,,,1,7,0,0,1,0
1,9,1,1,6,75,FRANCE,ILE-DE-FRANCE,115,75115,PARIS,AVENUE EMILE ZOLA,133793,0,4,VC,0,2,2,,,0,1,,,,1,30,0,0,1,0
1,9,5,1,3,75,FRANCE,ILE-DE-FRANCE,116,75116,PARIS,BOULEVARD MURAT,133826,0,4,VC,0,2,2,,,0,1,,,,1,7,0,0,1,0
1,9,5,1,3,75,FRANCE,ILE-DE-FRANCE,117,75117,PARIS,PLACE DU MARECHAL JUIN,133843,0,4,VC,0,1,1,,,0,1,,,,1,14,0,0,1,0
1,9,1,1,6,75,FRANCE,ILE-DE-FRANCE,120,75120,PARIS,RUE DE MENILMONTANT,133856,0,4,VC,0,2,2,,,0,1,,,,1,7,0,0,1,0
1,9,1,1,7,75,FRANCE,ILE-DE-FRANCE,101,75101,PARIS,RUE COQUILLIERE,133883,0,4,VC,0,1,1,,,0,1,,,,1,,0,0,1,1
1,9,1,1,3,75,FRANCE,ILE-DE-FRANCE,115,75115,PARIS,RUE LECOURBE,133888,0,4,VC,0,1,2,,,0,1,,,,1,7,0,0,1,0
1,9,1,1,6,75,FRANCE,ILE-DE-FRANCE,112,75112,PARIS,RUE DE CHARENTON,133896,0,4,VC,0,1,1,,,0,1,,,,1,10,0,0,1,0
1,9,1,1,3,75,FRANCE,ILE-DE-FRANCE,112,75112,PARIS,BOULEVARD DE REUILLY,133907,6,4,VC,0,2,2,,,0,1,,,,1,7,0,0,1,0
1,9,1,1,2,75,FRANCE,ILE-DE-FRANCE,107,75107,PARIS,BOULEVARD SAINT GERMAIN,133912,0,4,VC,0,1,1,,,3,1,,,,1,37,0,0,1,0
1,9,5,1,3,75,FRANCE,ILE-DE-FRANCE,117,75117,PARIS,PLACE DE LA PORTE DE CHAMPERRET,133921,0,4,VC,0,2,2,,,0,1,,,,1,7,0,0,1,0
2,9,1,8,2,75,FRANCE,ILE-DE-FRANCE,111,75111,PARIS,AVENUE DE BOUVINES,133950,0,4,VC,0,2,2,,,0,1,,,,1,7,0,0,1,0
1,9,5,1,6,75,FRANCE,ILE-DE-FRANCE,119,75119,PARIS,PLACE DE LA PORTE DE PANTIN,133962,0,4,VC,0,1,3,,,0,1,,,,1,14,0,0,1,0
1,9,5,1,6,75,FRANCE,ILE-DE-FRANCE,102,75102,PARIS,RUE DE LA PAIX,133969,0,4,VC,0,2,2,,,0,1,,,,1,,,,,
5,9,5,1,6,75,FRANCE,ILE-DE-FRANCE,110,75110,PARIS,PLACE DE LA BATAILLE DE STALINGRAD,133976,0,4,VC,0,3,4,,,0,1,,,,1,7,0,0,1,0
1,9,3,2,3,75,FRANCE,ILE-DE-FRANCE,119,75119,PARIS,AVENUE CORENTIN CARIOU,133978,0,4,VC,0,2,3,,,0,1,,,,1,7,0,0,1,0
1,9,1,2,7,75,FRANCE,ILE-DE-FRANCE,108,75108,PARIS,RUE ALFRED DE VIGNY,133979,0,4,VC,0,2,0,,,0,1,,,,1,,0,0,1,0
1,9,1,1,6,75,FRANCE,ILE-DE-FRANCE,113,75113,PARIS,PONT D'AUSTERLITZ,133984,2,4,VC,0,1,3,,,0,1,,,,1,7,0,0,1,0
1,9,1,1,7,75,FRANCE,ILE-DE-FRANCE,112,75112,PARIS,RUE DE PICPUS,134009,0,4,VC,0,2,0,,,1,5,,,,1,,0,0,1,0
1,9,2,1,3,75,FRANCE,ILE-DE-FRANCE,112,75112,PARIS,RUE DE PICPUS,134010,0,4,VC,0,2,2,,,0,1,,,,1,7,0,0,1,0
1,9,4,1,2,75,FRANCE,ILE-DE-FRANCE,116,75116,PARIS,AVENUE FERDINAND BUISSON,134020,0,4,VC,0,1,1,,,0,1,,,,1,7,0,0,1,0
2,9,2,1,6,75,FRANCE,ILE-DE-FRANCE,112,75112,PARIS,ROUTE DE BOURDON,134023,0,4,VC,0,1,1,,,1,1,,,,1,,0,0,1,0
1,9,3,1,1,75,FRANCE,ILE-DE-FRANCE,106,75106,PARIS,RUE SERPENTE,134039,0,4,VC,0,4,4,,,0,1,,,,1,34,0,0,1,0
1,9,1,1,3,75,FRANCE,ILE-DE-FRANCE,105,75105,PARIS,BOULEVARD SAINT MICHEL,134043,0,4,VC,0,2,3,,,3,1,,,,1,7,0,0,1,0
1,9,2,1,3,75,FRANCE,ILE-DE-FRANCE,114,75114,PARIS,RUE DU MAINE,134082,0,4,VC,0,1,2,,,0,1,,,,1,37,0,0,1,0
1,9,3,1,3,75,FRANCE,ILE-DE-FRANCE,102,75102,PARIS,RUE MONTMARTRE,134090,0,4,VC,0,1,3,1,0,0,1,,,,1,34,,,,
1,9,1,1,3,75,FRANCE,ILE-DE-FRANCE,116,75116,PARIS,AVENUE DU PRESIDENT WILSON,134099,5,4,VC,0,2,0,,,0,1,,,,1,7,0,0,1,0
1,9,3,1,3,75,FRANCE,ILE-DE-FRANCE,106,75106,PARIS,QUAI DE CONTI,134107,0,4,VC,0,1,3,,,0,1,,,,1,32,0,0,1,0
5,9,2,1,6,75,FRANCE,ILE-DE-FRANCE,107,75107,PARIS,QUAI VOLTAIRE,134110,0,4,VC,0,1,3,,,0,1,,,,1,7,0,0,1,0
5,9,2,1,3,75,FRANCE,ILE-DE-FRANCE,110,75110,PARIS,BOULEVARD DE MAGENTA,134112,0,4,VC,0,2,4,,,1,5,,,,1,2,0,0,1,0
1,9,1,1,3,75,FRANCE,ILE-DE-FRANCE,115,75115,PARIS,RUE D'ALLERAY,134117,0,4,VC,0,1,1,,,0,1,,,,1,7,0,0,1,0
1,9,2,1,3,75,FRANCE,ILE-DE-FRANCE,111,75111,PARIS,RUE SEDAINE,134120,0,4,VC,0,1,1,,,0,1,,,,1,7,0,0,1,0
1,9,1,1,6,75,FRANCE,ILE-DE-FRANCE,120,75120,PARIS,BOULEVARD DAVOUT ,134129,0,4,VC,0,2,1,,,0,1,,,,1,,0,0,0,1
1,9,2,1,6,75,FRANCE,ILE-DE-FRANCE,105,75105,PARIS,RUE DE PONTOISE,134134,0,4,VC,0,1,0,,,0,1,,,,1,,0,0,0,1
1,9,4,1,3,75,FRANCE,ILE-DE-FRANCE,101,75101,PARIS,RUE DU LOUVRE,134135,0,4,VC,0,2,2,,,0,1,,,,1,2,0,0,0,1
5,9,1,8,6,75,FRANCE,ILE-DE-FRANCE,111,75111,PARIS,RUE GODEFROY CAVAIGNAC,134142,0,4,VC,0,1,1,,,0,1,,,,1,,0,0,1,0
1,9,4,1,6,75,FRANCE,ILE-DE-FRANCE,114,75114,PARIS,BOULEVARD RASPAIL,134201,0,4,VC,0,1,2,,,0,1,,,,1,,0,0,0,1
1,9,1,1,1,75,FRANCE,ILE-DE-FRANCE,112,75112,PARIS,BOULEVARD DE REUILLY,134204,0,4,VC,0,1,2,,,0,1,,,,1,7,0,0,1,0
1,9,4,1,6,75,FRANCE,ILE-DE-FRANCE,102,75102,PARIS,RUE DE LA BANQUE,134207,0,4,VC,0,1,1,5,0,0,1,,,,1,,0,0,0,1
5,9,1,1,6,75,FRANCE,ILE-DE-FRANCE,110,75110,PARIS,BOULEVARD DE MAGENTA,134219,0,4,VC,0,0,0,,,1,4,,,,1,,0,0,0,1
1,9,2,1,3,75,FRANCE,ILE-DE-FRANCE,118,75118,PARIS,AVENUE DE LA PORTE DE CLIGNANCOURT,134220,0,4,VC,0,3,2,,,0,1,,,,1,7,0,0,1,0
1,9,2,1,3,75,FRANCE,ILE-DE-FRANCE,110,75110,PARIS,RUE DE MAUBEUGE,134225,0,4,VC,0,1,0,,,0,1,,,,1,7,0,0,1,0
1,9,2,7,7,75,FRANCE,ILE-DE-FRANCE,115,75115,PARIS,RUE DE VAUGIRARD,134227,5,4,VC,0,4,2,,,0,1,,,,1,,0,0,1,0
1,9,3,1,3,75,FRANCE,ILE-DE-FRANCE,104,75104,PARIS,RUE DES BLANCS MANTEAUX,134250,0,4,VC,0,1,1,,,0,1,,,,1,7,0,0,1,0
1,9,1,1,3,75,FRANCE,ILE-DE-FRANCE,120,75120,PARIS,COURS DE VINCENNES,134267,0,4,VC,0,1,0,,,3,1,,,,1,37,0,0,1,0
1,9,3,1,3,75,FRANCE,ILE-DE-FRANCE,104,75104,PARIS,RUE VIEILLE DU TEMPLE,134271,0,4,VC,0,1,1,,,0,1,,,,1,,0,0,0,1
1,9,1,1,7,75,FRANCE,ILE-DE-FRANCE,112,75112,PARIS,SOUTERRAIN CHALON,134272,1,4,VC,0,1,2,,,0,1,,,,1,,0,0,1,0
1,9,1,1,3,75,FRANCE,ILE-DE-FRANCE,110,75110,PARIS,BOULEVARD DE BONNE NOUVELLE,134273,0,4,VC,0,1,2,,,3,1,,,,1,7,0,0,1,0
1,9,2,1,3,75,FRANCE,ILE-DE-FRANCE,120,75120,PARIS,BOULEVARD DAVOUT ,134309,0,4,VC,0,2,4,,,0,1,,,,1,10,0,0,1,0
1,9,1,2,3,75,FRANCE,ILE-DE-FRANCE,120,75120,PARIS,AVENUE DE LA PORTE DE MONTREUIL,134317,0,4,VC,0,1,2,,,0,1,,,,1,10,0,0,1,0
1,9,5,1,3,75,FRANCE,ILE-DE-FRANCE,102,75102,PARIS,PLACE DE L'OPERA,134319,0,4,VC,0,1,,3,0,0,1,,,,1,7,0,0,1,0
1,9,1,1,3,75,FRANCE,ILE-DE-FRANCE,118,75118,PARIS,AVENUE DE SAINT OUEN,134336,0,4,VC,0,2,1,,,0,1,,,,1,7,0,0,1,0
1,9,5,1,6,75,FRANCE,ILE-DE-FRANCE,106,75106,PARIS,CARREFOUR DE BUCI,134338,0,4,VC,0,2,2,,,0,1,,,,1,7,0,0,1,0
1,9,2,7,6,75,FRANCE,ILE-DE-FRANCE,103,75103,PARIS,RUE DE TURENNE,134354,0,4,VC,0,2,2,,,0,1,,,,1,7,0,0,1,0
5,9,4,1,6,75,FRANCE,ILE-DE-FRANCE,119,75119,PARIS,AVENUE JEAN JAURES,134357,5,4,VC,0,2,2,,,1,1,,,,1,7,0,0,1,0