lum,agg,int,atm,col,dep_bis,pays,region,com_bis,com_codeINSEE,communes,N_voie,numac,infra,catr,type_route,voie,circ,nbv,pr,pr1,vosp,situ,lat,long,adr,accident_velo,vehicule_imp,cycl_mort,cycl_bgv,cycl_blg,cycl_indm
2,9,5,1,3,75,FRANCE,ILE-DE-FRANCE,108,75108,PARIS,RUE JEAN MERMOZ,134358,0,4,VC,0,2,2,,,0,1,,,,1,7,0,0,1,0
1,9,2,1,3,75,FRANCE,ILE-DE-FRANCE,112,75112,PARIS,RUE DE CHARENTON,134363,0,4,VC,0,2,2,,,0,1,,,,1,32,0,0,0,1
1,9,2,1,3,75,FRANCE,ILE-DE-FRANCE,111,75111,PARIS,AVENUE PARMENTIER,134377,0,4,VC,0,2,2,,,0,1,,,,1,32,0,0,1,0
1,9,1,1,3,75,FRANCE,ILE-DE-FRANCE,110,75110,PARIS,BOULEVARD DE MAGENTA,134379,0,4,VC,0,2,4,,,1,5,,,,1,7,0,0,1,0
1,9,3,1,3,75,FRANCE,ILE-DE-FRANCE,119,75119,PARIS,RUE JEAN MENANS,134380,0,4,VC,0,2,2,,,0,1,,,,1,2,0,0,0,1
1,9,2,1,6,75,FRANCE,ILE-DE-FRANCE,105,75105,PARIS,PONT PETIT PONT,134382,2,4,VC,0,1,3,,,0,1,,,,1,34,,,,
1,9,3,1,6,75,FRANCE,ILE-DE-FRANCE,101,75101,PARIS,RUE D'ALGER ,134387,0,4,VC,0,1,1,,,0,1,,,,1,7,0,0,1,0
1,9,1,1,3,75,FRANCE,ILE-DE-FRANCE,104,75104,PARIS,PONT DE SULLY,134395,2,4,VC,0,2,2,,,0,1,,,,1,37,0,0,1,0
1,9,2,1,2,75,FRANCE,ILE-DE-FRANCE,101,75101,PARIS,PLACE DU CARROUSEL,134407,0,4,VC,0,1,3,,,0,1,,,,1,7,0,0,1,0
2,9,2,1,6,75,FRANCE,ILE-DE-FRANCE,104,75104,PARIS,RUE DE RIVOLI,134409,0,4,VC,0,1,2,,,0,1,,,,1,,0,0,0,1
5,9,1,1,7,75,FRANCE,ILE-DE-FRANCE,107,75107,PARIS,PONT DE LA CONCORDE,134414,2,4,VC,0,2,3,,,0,4,,,,1,,0,0,1,0
1,9,1,1,3,75,FRANCE,ILE-DE-FRANCE,114,75114,PARIS,RUE DU COMMANDANT RENE MOUCHOTTE,134418,0,4,VC,0,1,1,,,1,5,,,,1,7,0,0,1,0
1,9,2,1,7,75,FRANCE,ILE-DE-FRANCE,116,75116,PARIS,ALLEE  DE LA REINE MARGUERITE,134423,0,4,VC,0,0,0,,,0,1,,,,1,,0,0,1,0
1,9,5,1,3,75,FRANCE,ILE-DE-FRANCE,115,75115,PARIS,PLACE FALGUIERE,134426,0,4,VC,0,1,1,,,0,1,,,,1,7,0,0,1,0
1,9,3,1,6,75,FRANCE,ILE-DE-FRANCE,102,75102,PARIS,RUE SAINT DENIS,134429,0,4,VC,0,1,1,,,0,1,,,,1,,0,0,0,1
1,9,3,1,3,75,FRANCE,ILE-DE-FRANCE,119,75119,PARIS,RUE DU MAROC,134437,0,4,VC,0,1,0,,,0,1,,,,1,32,0,0,1,0
1,9,3,1,6,75,FRANCE,ILE-DE-FRANCE,118,75118,PARIS,RUE BURCQ,134441,0,4,VC,0,1,0,,,0,1,,,,1,7,0,0,1,0
1,9,5,1,2,75,FRANCE,ILE-DE-FRANCE,112,75112,PARIS,PLACE DE LA BASTILLE,134450,0,4,VC,0,1,0,,,0,1,,,,1,7,0,0,1,0
1,9,5,1,6,75,FRANCE,ILE-DE-FRANCE,116,75116,PARIS,PLACE DE VARSOVIE,134473,0,4,VC,0,2,1,,,1,0,,,,1,7,0,0,1,0
1,9,3,1,3,75,FRANCE,ILE-DE-FRANCE,101,75101,PARIS,AVENUE GENERAL LEMONNIER,134477,1,4,VC,0,2,3,,,0,0,,,,1,7,0,0,0,1
2,9,2,1,6,75,FRANCE,ILE-DE-FRANCE,110,75110,PARIS,RUE DU CHATEAU D'EAU,134479,0,4,VC,0,1,1,,,0,0,,,,1,,0,0,0,1
5,9,4,1,6,75,FRANCE,ILE-DE-FRANCE,119,75119,PARIS,BOULEVARD DE LA VILLETTE,134484,0,4,VC,0,0,0,,,0,0,,,,1,7,0,0,1,0
1,9,1,1,7,75,FRANCE,ILE-DE-FRANCE,112,75112,PARIS,BOULEVARD DIDEROT,134485,0,4,VC,0,2,3,,,3,1,,,,1,,0,0,1,0
1,9,3,2,6,75,FRANCE,ILE-DE-FRANCE,115,75115,PARIS,RUE DE LA CONVENTION,134486,0,4,VC,0,2,3,,,0,1,,,,1,,0,0,0,1
5,9,3,1,3,75,FRANCE,ILE-DE-FRANCE,101,75101,PARIS,RUE DU VINGT NEUF JUILLET,134490,0,4,VC,0,1,1,,,0,5,,,,1,32,0,0,0,1
1,9,1,1,7,75,FRANCE,ILE-DE-FRANCE,112,75112,PARIS,BOULEVARD CARNOT,134492,0,4,VC,0,1,1,,,0,1,,,,1,,0,0,1,0
5,9,1,1,7,75,FRANCE,ILE-DE-FRANCE,105,75105,PARIS,RUE DE LA MONTAGNE SAINTE GENEVIEVE,134496,0,4,VC,0,1,1,34,0,0,1,,,,1,,0,0,1,0
1,9,1,1,3,75,FRANCE,ILE-DE-FRANCE,120,75120,PARIS,RUE D'AVRON,134501,0,4,VC,0,2,2,,,0,1,,,,1,7,0,0,1,0
1,9,5,1,7,75,FRANCE,ILE-DE-FRANCE,117,75117,PARIS,BOULEVARD DE COURCELLES,134502,0,4,VC,0,1,1,,,0,5,,,,1,7,0,0,1,0
1,9,1,1,6,75,FRANCE,ILE-DE-FRANCE,111,75111,PARIS,BOULEVARD DE MENILMONTANT,134506,0,4,VC,0,2,2,,,0,1,,,,1,,0,0,1,0
5,9,2,1,3,75,FRANCE,ILE-DE-FRANCE,113,75113,PARIS,AVENUE DE FRANCE,134516,0,4,VC,0,2,2,,,0,1,,,,1,7,0,0,1,0
5,9,2,1,2,75,FRANCE,ILE-DE-FRANCE,105,75105,PARIS,BOULEVARD DE PORT ROYAL,134520,0,4,VC,0,2,0,,,0,1,,,,1,7,0,0,1,0
1,9,5,1,3,75,FRANCE,ILE-DE-FRANCE,120,75120,PARIS,PLACE GAMBETTA,134552,0,4,VC,0,1,2,,,0,1,,,,1,7,0,0,1,0
1,9,2,1,3,75,FRANCE,ILE-DE-FRANCE,114,75114,PARIS,RUE DU FAUBOURG SAINT JACQUES,134553,5,4,VC,0,1,3,,,0,1,,,,1,32,0,0,1,0
1,9,1,1,7,75,FRANCE,ILE-DE-FRANCE,105,75105,PARIS,PLACE DU PETIT PONT,134557,0,4,VC,0,1,3,2,0,3,1,,,,1,,0,0,1,0
1,9,1,1,3,75,FRANCE,ILE-DE-FRANCE,118,75118,PARIS,RUE CAULAINCOURT,134568,0,4,VC,0,2,3,,,0,5,,,,1,7,0,0,1,0
1,9,2,1,6,75,FRANCE,ILE-DE-FRANCE,113,75113,PARIS,RUE DU DOCTEUR CHARLES RICHET,134570,0,4,VC,0,2,3,,,0,1,,,,1,,0,0,0,1
1,9,2,7,3,75,FRANCE,ILE-DE-FRANCE,118,75118,PARIS,PLACE DE LA CHAPELLE,134581,0,4,VC,0,1,1,,,0,1,,,,1,7,0,0,1,0
2,9,5,1,3,75,FRANCE,ILE-DE-FRANCE,105,75105,PARIS,RUE DES ECOLES,134585,0,4,VC,0,2,3,1,0,0,1,,,,1,7,0,0,1,0
5,9,1,1,3,75,FRANCE,ILE-DE-FRANCE,106,75106,PARIS,BOULEVARD DU MONTPARNASSE,134586,0,4,VC,0,2,4,,,0,1,,,,1,33,0,0,0,1
1,9,1,1,7,75,FRANCE,ILE-DE-FRANCE,107,75107,PARIS,PLACE JACQUES RUEFF,134597,0,4,VC,0,1,1,,,0,1,,,,1,,0,0,1,0
5,9,5,1,3,75,FRANCE,ILE-DE-FRANCE,120,75120,PARIS,RUE DES ORTEAUX,134600,0,4,VC,0,2,2,,,0,1,,,,1,7,0,0,1,0
5,9,2,1,3,75,FRANCE,ILE-DE-FRANCE,103,75103,PARIS,BOULEVARD SAINT DENIS,134604,0,4,VC,0,1,3,,,0,1,,,,1,2,0,0,1,0
1,9,2,1,3,75,FRANCE,ILE-DE-FRANCE,118,75118,PARIS,AVENUE DE LA PORTE DE CLIGNANCOURT,134606,0,4,VC,0,2,6,1,0,3,1,,,,1,7,0,0,1,0
1,9,2,1,3,75,FRANCE,ILE-DE-FRANCE,110,75110,PARIS,RUE DU FAUBOURG SAINT MARTIN,134610,0,4,VC,0,2,2,,,0,1,,,,1,7,0,0,1,0
1,9,1,2,3,75,FRANCE,ILE-DE-FRANCE,112,75112,PARIS,RUE DE PICPUS,134612,0,4,VC,0,2,2,,,0,1,,,,1,10,0,0,1,0
1,9,2,1,7,75,FRANCE,ILE-DE-FRANCE,112,75112,PARIS,ROUTE DE LA FALUERE,134643,0,4,VC,0,0,1,,,0,1,,,,1,,0,0,1,0
1,9,1,8,2,75,FRANCE,ILE-DE-FRANCE,112,75112,PARIS,RUE DUBRUNFAUT,134657,0,4,VC,0,1,1,,,2,5,,,,1,7,0,0,1,0
1,9,1,1,6,75,FRANCE,ILE-DE-FRANCE,109,75109,PARIS,RUE DE PROVENCE,134661,0,4,VC,0,1,0,,,2,1,,,,1,,0,0,0,1
1,9,1,1,3,75,FRANCE,ILE-DE-FRANCE,119,75119,PARIS,AVENUE SIMON BOLIVAR,134673,0,4,VC,0,2,2,,,0,1,,,,1,37,0,0,1,0
1,9,1,1,7,75,FRANCE,ILE-DE-FRANCE,112,75112,PARIS,ROUTE ROYALE DE BEAUTE,134681,0,4,VC,0,3,0,,,1,5,,,,1,,0,0,1,0
1,9,2,1,3,75,FRANCE,ILE-DE-FRANCE,119,75119,PARIS,RUE D'AUBERVILLIERS,134728,0,4,VC,0,2,2,,,0,1,,,,1,7,0,0,1,0
1,9,2,1,3,75,FRANCE,ILE-DE-FRANCE,104,75104,PARIS,RUE DE BIRAGUE,134731,0,4,VC,0,2,4,,,0,1,,,,1,,0,0,0,1
1,9,1,1,6,75,FRANCE,ILE-DE-FRANCE,116,75116,PARIS,ROUTE DES TRIBUNES,134734,0,4,VC,0,2,1,,,1,1,,,,1,,0,0,0,1
2,9,3,1,3,75,FRANCE,ILE-DE-FRANCE,107,75107,PARIS,AVENUE BOSQUET,134735,0,4,VC,0,1,2,,,0,1,,,,1,7,0,0,1,0
1,9,1,1,3,75,FRANCE,ILE-DE-FRANCE,108,75108,PARIS,BOULEVARD HAUSSMANN,134740,0,4,VC,0,2,2,,,3,1,,,,1,7,0,0,1,0
1,9,4,1,3,75,FRANCE,ILE-DE-FRANCE,114,75114,PARIS,AVENUE DU MAINE,134741,0,4,VC,0,2,3,,,0,1,,,,1,33,0,0,1,0
1,9,1,1,6,75,FRANCE,ILE-DE-FRANCE,101,75101,PARIS,RUE DES CAPUCINES,134746,0,4,VC,0,1,0,,,0,1,,,,1,,0,0,1,0
1,9,1,1,6,75,FRANCE,ILE-DE-FRANCE,112,75112,PARIS,AVENUE DAUMESNIL,134751,0,4,VC,0,1,1,,,1,5,,,,1,,0,0,0,1
1,9,1,1,3,75,FRANCE,ILE-DE-FRANCE,118,75118,PARIS,AVENUE DE LA PORTE DE SAINT OUEN,134753,0,4,VC,0,2,4,,,0,1,,,,1,7,0,0,1,0
5,9,1,2,6,75,FRANCE,ILE-DE-FRANCE,114,75114,PARIS,BOULEVARD JOURDAN,134757,0,4,VC,0,0,0,,,1,5,,,,1,,0,0,1,0
1,9,1,8,3,75,FRANCE,ILE-DE-FRANCE,106,75106,PARIS,RUE DE SEVRES,134776,0,4,VC,0,4,4,,,0,1,,,,1,10,0,0,1,0
1,9,1,8,3,75,FRANCE,ILE-DE-FRANCE,120,75120,PARIS,RUE D'AVRON,134799,0,4,VC,0,2,2,,,0,1,,,,1,7,0,0,1,0
1,9,1,1,3,75,FRANCE,ILE-DE-FRANCE,120,75120,PARIS,AVENUE GAMBETTA,134807,0,4,VC,0,2,0,,,0,1,,,,1,7,0,0,1,0
2,9,2,1,3,75,FRANCE,ILE-DE-FRANCE,106,75106,PARIS,BOULEVARD SAINT MICHEL,134809,0,4,VC,0,1,3,,,0,1,,,,1,14,0,0,1,0
5,9,1,1,6,75,FRANCE,ILE-DE-FRANCE,106,75106,PARIS,BOULEVARD SAINT MICHEL,134813,0,4,VC,0,1,2,,,3,1,,,,1,,0,0,0,1
1,9,1,1,6,75,FRANCE,ILE-DE-FRANCE,119,75119,PARIS,AVENUE JEAN JAURES,134831,0,4,VC,0,2,3,,,0,1,,,,1,33,,,,
1,9,4,1,3,75,FRANCE,ILE-DE-FRANCE,113,75113,PARIS,AVENUE DES GOBELINS,134839,0,4,VC,0,1,2,,,3,1,,,,1,7,0,0,1,0
1,9,5,1,6,75,FRANCE,ILE-DE-FRANCE,104,75104,PARIS,RUE SAINT ANTOINE,134849,0,4,VC,0,2,2,,,3,1,,,,1,,0,0,1,0
1,9,5,1,2,75,FRANCE,ILE-DE-FRANCE,120,75120,PARIS,AVENUE GAMBETTA,134855,0,4,VC,0,2,2,,,0,1,,,,1,7,0,0,1,0
1,9,1,1,2,75,FRANCE,ILE-DE-FRANCE,115,75115,PARIS,AVENUE EMILE ZOLA,134862,0,4,VC,0,2,2,,,0,0,,,,1,7,0,0,1,0
5,9,2,1,2,75,FRANCE,ILE-DE-FRANCE,107,75107,PARIS,BOULEVARD DE LA TOUR MAUBOURG,134888,0,4,VC,0,1,1,,,0,1,,,,1,7,0,0,1,0
5,9,2,1,6,75,FRANCE,ILE-DE-FRANCE,115,75115,PARIS,RUE FALGUIERE,134891,5,4,VC,0,1,1,,,0,1,,,,1,14,0,0,1,0
1,9,1,1,7,75,FRANCE,ILE-DE-FRANCE,119,75119,PARIS,AVENUE JEAN JAURES,134897,0,4,VC,0,2,2,,,1,5,,,,1,,0,0,1,0
1,9,3,8,6,75,FRANCE,ILE-DE-FRANCE,107,75107,PARIS,AVENUE DE LA BOURDONNAIS,134903,0,4,VC,0,1,0,,,0,1,,,,1,7,0,0,1,0
1,9,1,1,5,75,FRANCE,ILE-DE-FRANCE,113,75113,PARIS,AVENUE D'ITALIE,134909,0,4,VC,0,2,4,,,0,1,,,,1,7,0,0,1,0
1,9,1,1,3,75,FRANCE,ILE-DE-FRANCE,111,75111,PARIS,BOULEVARD VOLTAIRE,134912,0,4,VC,0,2,1,,,0,1,,,,1,7,0,0,1,0
1,9,5,8,1,75,FRANCE,ILE-DE-FRANCE,113,75113,PARIS,RUE DE TOLBIAC,134918,0,4,VC,0,2,3,,,0,1,,,,1,33,0,0,1,0
1,9,5,1,6,75,FRANCE,ILE-DE-FRANCE,111,75111,PARIS,RUE DE LA ROQUETTE,134921,0,4,VC,0,2,3,,,0,1,,,,1,,0,0,0,1
1,9,3,1,3,75,FRANCE,ILE-DE-FRANCE,120,75120,PARIS,RUE DE LA VILLETTE,134957,0,4,VC,0,2,2,,,0,1,,,,1,32,0,0,1,0
1,9,1,1,3,75,FRANCE,ILE-DE-FRANCE,107,75107,PARIS,AVENUE EMILE ACOLLAS,134963,0,4,VC,0,1,1,,,0,1,,,,1,32,0,0,0,1
1,9,1,1,3,75,FRANCE,ILE-DE-FRANCE,118,75118,PARIS,AVENUE DE SAINT OUEN,134979,0,4,VC,0,2,2,,,0,1,,,,1,7,0,0,1,0
1,9,1,1,2,75,FRANCE,ILE-DE-FRANCE,116,75116,PARIS,AVENUE DE NEW YORK,134980,0,4,VC,0,1,1,,,0,1,,,,1,32,0,0,0,1
5,9,1,2,3,75,FRANCE,ILE-DE-FRANCE,109,75109,PARIS,RUE DE CHATEAUDUN,134992,0,4,VC,0,1,2,,,0,1,,,,1,7,0,0,1,0
5,9,3,1,3,75,FRANCE,ILE-DE-FRANCE,117,75117,PARIS,RUE GAUTHEY,134998,0,4,VC,0,1,1,,,0,1,,,,1,7,0,0,1,0
1,9,3,1,3,75,FRANCE,ILE-DE-FRANCE,120,75120,PARIS,RUE DU DOCTEUR LABBE,135033,0,4,VC,0,1,1,,,0,1,,,,1,7,0,0,1,0
1,9,3,8,3,75,FRANCE,ILE-DE-FRANCE,104,75104,PARIS,RUE MALHER,135047,0,4,VC,0,1,1,,,0,1,,,,1,7,0,0,1,0
1,9,1,1,2,75,FRANCE,ILE-DE-FRANCE,112,75112,PARIS,AVENUE DU TREMBLAY,135089,0,4,VC,0,2,4,,,0,1,,,,1,7,0,0,1,0
1,9,4,1,3,75,FRANCE,ILE-DE-FRANCE,116,75116,PARIS,AVENUE DE L'HIPPODROME,135122,0,4,VC,0,2,2,,,0,1,,,,1,7,0,0,1,0
5,9,1,1,6,75,FRANCE,ILE-DE-FRANCE,120,75120,PARIS,RUE DE BAGNOLET,135132,0,4,VC,0,2,2,,,0,1,,,,1,,0,0,0,1
1,9,1,1,3,75,FRANCE,ILE-DE-FRANCE,106,75106,PARIS,RUE DE VAUGIRARD,135133,1,4,VC,0,2,2,,,0,1,,,,1,7,0,0,1,0
1,9,2,1,1,75,FRANCE,ILE-DE-FRANCE,112,75112,PARIS,BOULEVARD DIDEROT,135144,5,4,VC,0,2,4,,,1,1,,,,1,7,0,0,1,0
1,9,1,1,6,75,FRANCE,ILE-DE-FRANCE,112,75112,PARIS,ROUTE DAUPHINE,135149,0,4,VC,0,0,0,,,1,5,,,,1,,0,0,0,1
1,9,1,8,7,75,FRANCE,ILE-DE-FRANCE,111,75111,PARIS,BOULEVARD JULES FERRY,135163,0,4,VC,0,1,1,,,1,5,,,,1,,0,0,1,0
1,9,2,1,2,75,FRANCE,ILE-DE-FRANCE,111,75111,PARIS,AVENUE PARMENTIER,135166,0,4,VC,0,2,1,,,0,1,,,,1,7,0,0,1,0
1,9,1,1,7,75,FRANCE,ILE-DE-FRANCE,104,75104,PARIS,RUE DE LA CITE,135173,0,4,VC,0,1,3,,,0,1,,,,1,,0,0,1,0
1,9,1,1,7,75,FRANCE,ILE-DE-FRANCE,111,75111,PARIS,RUE JEAN PIERRE TIMBAUD,135189,0,4,VC,0,1,1,,,0,1,,,,1,,0,0,1,0
1,9,2,1,6,75,FRANCE,ILE-DE-FRANCE,104,75104,PARIS,RUE DU RENARD,135205,0,4,VC,0,1,3,,,3,1,,,,1,13,0,0,1,0
1,9,1,1,3,75,FRANCE,ILE-DE-FRANCE,119,75119,PARIS,QUAI DE LA LOIRE,135210,0,4,VC,0,1,1,,,1,5,,,,1,10,0,0,1,0
5,9,5,1,3,75,FRANCE,ILE-DE-FRANCE,108,75108,PARIS,PLACE DE LA CONCORDE,135216,0,4,VC,0,4,0,,,0,1,,,,1,7,0,0,1,0
5,9,3,1,3,75,FRANCE,ILE-DE-FRANCE,115,75115,PARIS,RUE LECOURBE,135217,0,4,VC,0,1,1,,,0,1,,,,1,7,0,0,1,0
5,9,2,1,6,75,FRANCE,ILE-DE-FRANCE,104,75104,PARIS,RUE RAMBUTEAU ,135219,0,4,VC,0,1,4,,,0,1,,,,1,,0,0,0,1
1,9,2,1,6,75,FRANCE,ILE-DE-FRANCE,111,75111,PARIS,RUE SAINT MAUR,135222,0,4,VC,0,1,1,,,0,1,,,,1,,0,0,0,1
1,9,1,1,4,75,FRANCE,ILE-DE-FRANCE,112,75112,PARIS,ROUTE DE LA PYRAMIDE,135226,0,4,VC,0,3,1,,,1,1,,,,1,7,0,0,1,0
1,9,3,1,6,75,FRANCE,ILE-DE-FRANCE,110,75110,PARIS,PASSAGE DELESSERT,135239,0,4,VC,0,2,0,,,0,1,,,,1,7,0,0,1,0
1,9,2,1,6,75,FRANCE,ILE-DE-FRANCE,108,75108,PARIS,BOULEVARD HAUSSMANN,135242,0,4,VC,0,2,6,,,0,1,,,,1,7,0,0,1,0
1,9,1,1,6,75,FRANCE,ILE-DE-FRANCE,112,75112,PARIS,AVENUE DE LA PORTE DE CHARENTON,135259,6,4,VC,0,0,0,,,0,4,,,,1,,,,,
1,9,1,1,2,75,FRANCE,ILE-DE-FRANCE,118,75118,PARIS,AVENUE DE LA PORTE DE LA CHAPELLE,135263,3,4,VC,0,2,6,,,0,1,,,,1,7,0,0,1,0
5,9,1,1,2,75,FRANCE,ILE-DE-FRANCE,117,75117,PARIS,BOULEVARD PERSHING,135265,0,4,VC,0,1,0,,,0,1,,,,1,7,0,0,1,0
5,9,2,1,7,75,FRANCE,ILE-DE-FRANCE,120,75120,PARIS,RUE DE LA BIDASSOA,135267,6,4,VC,0,0,1,,,0,0,,,,1,,0,0,1,0
1,9,2,1,2,75,FRANCE,ILE-DE-FRANCE,120,75120,PARIS,RUE MOURAUD,135276,6,4,VC,0,0,0,,,0,0,,,,1,2,0,0,1,0
1,9,1,1,3,75,FRANCE,ILE-DE-FRANCE,119,75119,PARIS,BOULEVARD DE LA VILLETTE,135280,0,4,VC,0,1,1,,,1,5,,,,1,7,0,0,1,0
5,9,1,1,6,75,FRANCE,ILE-DE-FRANCE,108,75108,PARIS,RUE D'AMSTERDAM,135287,0,4,VC,0,1,1,,,0,1,,,,1,7,0,0,1,0
1,9,3,1,3,75,FRANCE,ILE-DE-FRANCE,108,75108,PARIS,PLACE HENRI BERGSON,135293,0,4,VC,0,1,1,,,0,1,,,,1,7,0,0,1,0
5,9,1,1,3,75,FRANCE,ILE-DE-FRANCE,120,75120,PARIS,RUE DES HAIES,135305,0,4,VC,0,1,1,,,0,1,,,,1,13,0,0,1,0
1,9,2,1,2,75,FRANCE,ILE-DE-FRANCE,119,75119,PARIS,AVENUE DE FLANDRE,135312,6,4,VC,0,1,2,,,0,1,,,,1,,0,0,1,0
5,9,1,1,3,75,FRANCE,ILE-DE-FRANCE,110,75110,PARIS,BOULEVARD DE MAGENTA,135320,0,4,VC,0,2,4,,,1,5,,,,1,,0,0,0,1
1,9,2,1,7,75,FRANCE,ILE-DE-FRANCE,106,75106,PARIS,RUE DE VAUGIRARD,135327,0,4,VC,0,1,3,,,3,1,,,,1,,0,0,1,0
1,9,3,1,3,75,FRANCE,ILE-DE-FRANCE,112,75112,PARIS,RUE TRAVERSIERE,135333,0,4,VC,0,1,1,,,0,1,,,,1,10,0,0,1,0
1,9,2,1,3,75,FRANCE,ILE-DE-FRANCE,105,75105,PARIS,BOULEVARD SAINT MICHEL,135339,0,4,VC,0,2,4,,,3,1,,,,1,7,0,0,1,0
2,9,1,1,3,75,FRANCE,ILE-DE-FRANCE,112,75112,PARIS,ESPLANADE SAINT LOUIS,135340,0,4,VC,0,2,1,,,2,1,,,,1,7,0,0,1,0
5,9,4,1,3,75,FRANCE,ILE-DE-FRANCE,119,75119,PARIS,BOULEVARD DE LA COMMANDERIE,135348,0,4,VC,0,2,2,,,0,1,,,,1,31,0,0,0,1
1,9,1,1,6,75,FRANCE,ILE-DE-FRANCE,107,75107,PARIS,RUE DE SEVRES,135359,0,4,VC,0,2,0,,,0,1,,,,1,,0,0,0,1
1,9,1,1,7,75,FRANCE,ILE-DE-FRANCE,106,75106,PARIS,RUE DE RENNES,135360,0,4,VC,0,2,4,,,3,1,,,,1,,0,0,1,0
1,9,2,1,6,75,FRANCE,ILE-DE-FRANCE,110,75110,PARIS,BOULEVARD DE MAGENTA,135378,5,4,VC,0,2,0,,,0,1,,,,1,7,0,0,1,0
2,9,2,2,3,75,FRANCE,ILE-DE-FRANCE,108,75108,PARIS,RUE DES MATHURINS,135384,0,4,VC,0,1,1,,,0,1,,,,1,10,0,0,1,0
2,9,2,2,3,75,FRANCE,ILE-DE-FRANCE,112,75112,PARIS,AVENUE DE GRAVELLE,135385,0,4,VC,0,2,1,,,0,1,,,,1,7,0,0,1,0
1,9,2,2,3,75,FRANCE,ILE-DE-FRANCE,112,75112,PARIS,RUE DE PICPUS,135394,0,4,VC,0,2,2,,,0,1,,,,1,7,0,0,1,0
1,9,2,1,6,75,FRANCE,ILE-DE-FRANCE,106,75106,PARIS,RUE DE SEVRES,135431,0,4,VC,0,2,3,,,0,1,,,,1,,0,0,0,1
1,9,5,1,3,75,FRANCE,ILE-DE-FRANCE,116,75116,PARIS,PLACE DE LA PORTE MAILLOT,135452,0,4,VC,0,2,4,,,0,5,,,,1,7,0,0,1,0
1,9,3,1,6,75,FRANCE,ILE-DE-FRANCE,101,75101,PARIS,RUE DE RIVOLI,135455,0,4,VC,0,1,0,,,1,1,,,,1,,0,0,0,1
5,9,1,1,6,75,FRANCE,ILE-DE-FRANCE,106,75106,PARIS,BOULEVARD DU MONTPARNASSE,135461,0,4,VC,0,3,6,,,0,4,,,,1,,0,0,1,0
1,9,1,2,3,75,FRANCE,ILE-DE-FRANCE,116,75116,PARIS,AVENUE VICTOR HUGO,135487,0,4,VC,0,2,2,,,0,1,,,,1,30,0,0,1,0
1,9,3,1,3,75,FRANCE,ILE-DE-FRANCE,119,75119,PARIS,QUAI DE L'OISE,135512,0,4,VC,0,1,1,,,0,1,,,,1,7,0,0,1,0
1,9,1,8,2,75,FRANCE,ILE-DE-FRANCE,113,75113,PARIS,BOULEVARD ARAGO,135526,0,4,VC,0,2,2,,,0,1,,,,1,7,0,0,1,0
1,9,5,1,3,75,FRANCE,ILE-DE-FRANCE,117,75117,PARIS,AVENUE DE CLICHY,135541,0,4,VC,0,0,1,,,0,1,,,,1,7,0,0,1,0
1,9,1,8,3,75,FRANCE,ILE-DE-FRANCE,110,75110,PARIS,BOULEVARD DE MAGENTA,135552,0,4,VC,0,2,4,,,1,5,,,,1,10,0,0,1,0
5,9,3,1,3,75,FRANCE,ILE-DE-FRANCE,112,75112,PARIS,PLACE LACHAMBEAUDIE,135562,5,4,VC,0,2,2,,,0,1,,,,1,7,0,0,1,0
1,9,2,1,2,75,FRANCE,ILE-DE-FRANCE,104,75104,PARIS,RUE SAINT MARTIN,135564,0,4,VC,0,1,1,,,1,1,,,,1,7,0,0,1,0
1,9,1,1,7,75,FRANCE,ILE-DE-FRANCE,120,75120,PARIS,RUE DES PYRENEES,135580,0,4,VC,0,2,2,145,0,0,1,,,,1,,0,0,1,0
1,9,1,1,6,75,FRANCE,ILE-DE-FRANCE,120,75120,PARIS,RUE LE VAU,135596,0,4,VC,0,1,1,,,1,5,,,,1,,0,0,1,0
1,9,1,1,3,75,FRANCE,ILE-DE-FRANCE,116,75116,PARIS,RUE MICHEL ANGE,135602,0,4,VC,0,1,0,,,0,1,,,,1,7,0,0,1,0
1,9,1,1,2,75,FRANCE,ILE-DE-FRANCE,112,75112,PARIS,RUE CHARLES BAUDELAIRE,135626,0,4,VC,0,1,1,,,0,1,,,,1,13,0,0,1,0
5,9,1,1,3,75,FRANCE,ILE-DE-FRANCE,103,75103,PARIS,BOULEVARD DU TEMPLE,135636,0,4,VC,0,4,0,,,3,1,,,,1,30,0,0,1,0
1,9,5,1,3,75,FRANCE,ILE-DE-FRANCE,119,75119,PARIS,RUE CURIAL,135642,5,4,VC,0,1,1,,,1,1,,,,1,10,0,0,1,0
1,9,2,1,3,75,FRANCE,ILE-DE-FRANCE,111,75111,PARIS,AVENUE PHILIPPE AUGUSTE,135643,0,4,VC,0,2,2,,,0,1,,,,1,7,0,0,1,0
1,9,1,1,6,75,FRANCE,ILE-DE-FRANCE,119,75119,PARIS,BOULEVARD DE LA VILLETTE,135656,0,4,VC,0,1,1,,,1,4,,,,1,,0,0,0,1
5,9,2,1,6,75,FRANCE,ILE-DE-FRANCE,103,75103,PARIS,RUE SAINT MARTIN,135661,0,4,VC,0,1,3,,,3,1,,,,1,,0,0,0,1
5,9,1,1,6,75,FRANCE,ILE-DE-FRANCE,115,75115,PARIS,RUE DU COMMERCE,135662,0,4,VC,0,1,1,,,0,1,,,,1,7,0,0,1,0
1,9,1,1,6,75,FRANCE,ILE-DE-FRANCE,120,75120,PARIS,RUE MENDELSSOHN,135667,0,4,VC,0,1,1,,,0,1,,,,1,,0,0,0,1
1,9,5,1,3,75,FRANCE,ILE-DE-FRANCE,108,75108,PARIS,AVENUE DE WAGRAM,135702,0,4,VC,0,1,10,,,0,1,,,,1,2,0,0,1,0
1,9,3,8,2,75,FRANCE,ILE-DE-FRANCE,115,75115,PARIS,RUE LINOIS,135710,0,4,VC,0,2,4,,,0,1,,,,1,7,0,0,1,0
1,9,5,1,6,75,FRANCE,ILE-DE-FRANCE,103,75103,PARIS,RUE DE TURBIGO,135726,0,4,VC,0,1,0,,,0,1,,,,1,,0,0,0,1