lum,agg,int,atm,col,dep_bis,pays,region,com_bis,com_codeINSEE,communes,N_voie,numac,infra,catr,type_route,voie,circ,nbv,pr,pr1,vosp,situ,lat,long,adr,accident_velo,vehicule_imp,cycl_mort,cycl_bgv,cycl_blg,cycl_indm
1,9,1,1,3,75,FRANCE,ILE-DE-FRANCE,112,75112,PARIS,BOULEVARD DIDEROT,135766,0,4,VC,0,0,2,,,3,1,,,,1,7,0,0,1,0
1,9,1,1,2,75,FRANCE,ILE-DE-FRANCE,113,75113,PARIS,BOULEVARD MASSENA,135789,5,4,VC,0,3,3,,,0,1,,,,1,7,0,0,1,0
1,9,1,1,2,75,FRANCE,ILE-DE-FRANCE,105,75105,PARIS,BOULEVARD SAINT MICHEL,135794,0,4,VC,0,2,4,,,3,1,,,,1,10,0,0,1,0
1,9,3,2,3,75,FRANCE,ILE-DE-FRANCE,106,75106,PARIS,PONT NEUF,135827,0,4,VC,0,1,4,,,0,1,,,,1,14,0,0,1,0
1,9,3,2,6,75,FRANCE,ILE-DE-FRANCE,105,75105,PARIS,RUE BERTHOLLET,135847,0,4,VC,0,2,2,,,0,1,,,,1,,0,0,0,1
1,9,1,8,7,75,FRANCE,ILE-DE-FRANCE,110,75110,PARIS,QUAI DE VALMY,135861,0,4,VC,0,1,1,,,1,5,,,,1,,0,0,1,0
3,9,2,1,1,75,FRANCE,ILE-DE-FRANCE,101,75101,PARIS,PLACE DU PALAIS ROYAL,135876,0,4,VC,0,1,1,1,0,0,1,,,,1,32,0,0,0,1
1,9,2,2,3,75,FRANCE,ILE-DE-FRANCE,117,75117,PARIS,AVENUE DE LA PORTE DE CHAMPERRET,135884,0,4,VC,0,2,0,,,0,1,,,,1,7,0,0,1,0
1,9,1,1,3,75,FRANCE,ILE-DE-FRANCE,110,75110,PARIS,RUE DU BUISSON SAINT LOUIS,135907,0,4,VC,0,1,1,,,0,1,,,,1,7,0,0,1,0
5,9,1,1,2,75,FRANCE,ILE-DE-FRANCE,118,75118,PARIS,RUE DE LA CHAPELLE,135912,0,4,VC,0,2,2,,,3,0,,,,1,7,0,0,1,0
1,9,5,1,3,75,FRANCE,ILE-DE-FRANCE,118,75118,PARIS,BOULEVARD DE LA CHAPELLE,135913,0,4,VC,0,1,1,,,1,5,,,,1,7,0,0,1,0
5,9,3,1,1,75,FRANCE,ILE-DE-FRANCE,111,75111,PARIS,BOULEVARD DE MENILMONTANT,135926,0,4,VC,0,3,1,37,0,1,1,,,,1,7,0,0,1,0
1,9,2,1,3,75,FRANCE,ILE-DE-FRANCE,115,75115,PARIS,BOULEVARD VICTOR,135940,4,4,VC,0,3,6,,,0,1,,,,1,40,0,0,1,0
5,9,5,1,7,75,FRANCE,ILE-DE-FRANCE,107,75107,PARIS,BOULEVARD RASPAIL,135969,0,4,VC,0,2,0,,,0,1,,,,1,,0,0,1,0
1,9,3,1,6,75,FRANCE,ILE-DE-FRANCE,115,75115,PARIS,RUE LECOURBE,135971,0,4,VC,0,2,2,,,0,5,,,,1,7,0,0,1,0
1,9,4,1,6,75,FRANCE,ILE-DE-FRANCE,104,75104,PARIS,RUE CRILLON,135995,0,4,VC,0,1,1,,,0,1,,,,1,7,0,0,1,0
1,9,2,1,7,75,FRANCE,ILE-DE-FRANCE,106,75106,PARIS,BOULEVARD RASPAIL,136012,0,4,VC,0,1,2,,,3,1,,,,1,,0,0,1,0
1,9,1,2,6,75,FRANCE,ILE-DE-FRANCE,118,75118,PARIS,RUE DU POTEAU,136033,0,4,VC,0,1,2,,,0,1,,,,1,,0,0,0,1
5,9,3,1,6,75,FRANCE,ILE-DE-FRANCE,101,75101,PARIS,RUE SAINT HONORE,136045,0,4,VC,0,0,1,,,0,1,,,,1,,0,0,1,0
5,9,5,1,6,75,FRANCE,ILE-DE-FRANCE,105,75105,PARIS,RUE DU CARDINAL LEMOINE,136050,5,4,VC,0,2,2,,,0,1,,,,1,7,0,0,1,0
2,9,1,1,3,75,FRANCE,ILE-DE-FRANCE,112,75112,PARIS,AVENUE DAUMESNIL,136059,0,4,VC,0,2,2,,,1,5,,,,1,10,0,0,1,0
5,9,5,2,3,75,FRANCE,ILE-DE-FRANCE,113,75113,PARIS,AVENUE DE CHOISY,136082,0,4,VC,0,2,2,,,0,1,,,,1,7,0,0,1,0
1,9,2,1,6,75,FRANCE,ILE-DE-FRANCE,101,75101,PARIS,BOULEVARD DU PALAIS,136092,0,4,VC,0,2,3,,,3,1,,,,1,,0,0,0,1
1,9,2,1,3,75,FRANCE,ILE-DE-FRANCE,104,75104,PARIS,PONT AU CHANGE,136095,2,4,VC,0,2,4,,,0,1,,,,1,7,0,0,1,0
5,9,2,1,3,75,FRANCE,ILE-DE-FRANCE,111,75111,PARIS,BOULEVARD VOLTAIRE,136102,0,4,VC,0,0,1,,,0,1,,,,1,10,0,0,1,0
1,9,5,1,3,75,FRANCE,ILE-DE-FRANCE,117,75117,PARIS,RUE DE ROME,136106,0,4,VC,0,1,1,,,0,1,,,,1,7,0,0,1,0
1,9,1,1,6,75,FRANCE,ILE-DE-FRANCE,108,75108,PARIS,PLACE DE LA CONCORDE,136111,0,4,VC,0,1,4,,,0,1,,,,1,7,0,0,0,1
1,9,2,1,6,75,FRANCE,ILE-DE-FRANCE,105,75105,PARIS,BOULEVARD SAINT MICHEL,136117,0,4,VC,0,1,4,,,0,1,,,,1,7,0,0,1,0
5,9,3,1,6,75,FRANCE,ILE-DE-FRANCE,109,75109,PARIS,RUE DE LA CHAUSSEE D'ANTIN,136130,0,4,VC,0,2,2,,,0,1,,,,1,,0,0,0,1
5,9,3,1,5,75,FRANCE,ILE-DE-FRANCE,114,75114,PARIS,RUE DES SUISSES,136133,0,4,VC,0,2,4,,,0,1,,,,1,2,0,0,1,0
2,9,1,1,3,75,FRANCE,ILE-DE-FRANCE,114,75114,PARIS,RUE HALLE,136166,0,4,VC,0,1,1,,,0,1,,,,1,7,0,0,1,0
5,9,2,1,7,75,FRANCE,ILE-DE-FRANCE,116,75116,PARIS,AVENUE KLEBER,136169,0,4,VC,0,2,4,,,0,0,,,,1,,0,0,1,0
5,9,2,1,3,75,FRANCE,ILE-DE-FRANCE,101,75101,PARIS,RUE SAINT HONORE,136192,5,4,VC,0,1,1,,,0,1,,,,1,34,0,0,1,0
5,9,5,1,7,75,FRANCE,ILE-DE-FRANCE,109,75109,PARIS,PLACE SAINT GEORGES,136203,0,4,VC,0,1,1,,,0,1,,,,1,,0,0,1,0
1,9,1,1,2,75,FRANCE,ILE-DE-FRANCE,116,75116,PARIS,ROUTE DE SEVRES A NEUILLY,136236,0,4,VC,0,2,2,,,1,5,,,,1,,0,0,0,1
5,9,3,2,7,75,FRANCE,ILE-DE-FRANCE,103,75103,PARIS,RUE SAINT MARTIN,136242,0,4,VC,0,1,1,,,3,1,,,,1,,0,0,1,0
1,9,3,1,6,75,FRANCE,ILE-DE-FRANCE,120,75120,PARIS,RUE JULIEN LACROIX,136248,0,4,VC,0,2,1,,,0,1,,,,1,,0,0,0,1
1,9,5,1,3,75,FRANCE,ILE-DE-FRANCE,110,75110,PARIS,PLACE DE LA REPUBLIQUE,136251,0,4,VC,0,1,4,,,0,1,,,,1,7,0,0,1,0
5,9,5,2,3,75,FRANCE,ILE-DE-FRANCE,112,75112,PARIS,BOULEVARD DE LA BASTILLE,136292,0,4,VC,0,2,6,,,0,0,,,,1,7,0,0,1,0
3,9,2,2,6,75,FRANCE,ILE-DE-FRANCE,104,75104,PARIS,BOULEVARD DE SEBASTOPOL,136298,0,4,VC,0,1,4,,,3,1,,,,1,,,,,
5,9,1,3,6,75,FRANCE,ILE-DE-FRANCE,118,75118,PARIS,BOULEVARD BARBES,136346,0,4,VC,0,1,4,,,1,5,,,,1,,,,,
5,9,1,3,3,75,FRANCE,ILE-DE-FRANCE,112,75112,PARIS,PONT D'AUSTERLITZ,136347,2,4,VC,0,1,0,,,1,1,,,,1,10,0,0,1,0
5,9,5,2,2,75,FRANCE,ILE-DE-FRANCE,112,75112,PARIS,AVENUE DU TRONE,136355,0,4,VC,0,1,1,,,0,1,,,,1,7,0,0,1,0
1,9,4,1,3,75,FRANCE,ILE-DE-FRANCE,115,75115,PARIS,RUE DE L'ARMORIQUE,136382,0,4,VC,0,0,0,,,0,1,,,,1,7,0,0,1,0
5,9,5,1,6,75,FRANCE,ILE-DE-FRANCE,111,75111,PARIS,RUE DU CHEMIN VERT,136390,0,4,VC,0,4,0,,,0,1,,,,1,7,0,0,1,0
1,9,1,1,6,75,FRANCE,ILE-DE-FRANCE,112,75112,PARIS,RUE DE BERCY,136424,0,4,VC,0,1,1,,,0,1,,,,1,,0,0,0,1
2,9,2,3,3,75,FRANCE,ILE-DE-FRANCE,111,75111,PARIS,RUE JEAN PIERRE TIMBAUD,136441,5,4,VC,0,1,1,,,0,0,,,,1,7,0,0,1,0
1,9,2,1,3,75,FRANCE,ILE-DE-FRANCE,102,75102,PARIS,RUE DU QUATRE SEPTEMBRE,136453,0,4,VC,0,1,1,,,0,1,,,,1,7,0,0,1,0
1,9,3,1,3,75,FRANCE,ILE-DE-FRANCE,111,75111,PARIS,AVENUE PARMENTIER,136498,0,4,VC,0,2,2,,,0,1,,,,1,7,0,0,1,0
1,9,1,1,3,75,FRANCE,ILE-DE-FRANCE,103,75103,PARIS,RUE DU TEMPLE,136519,0,4,VC,0,1,1,,,0,2,,,,1,7,0,0,1,0
1,9,5,1,3,75,FRANCE,ILE-DE-FRANCE,119,75119,PARIS,AVENUE DE LA PORTE DE PANTIN,136521,0,4,VC,0,1,0,,,0,1,,,,1,7,0,0,1,0
1,9,2,1,7,75,FRANCE,ILE-DE-FRANCE,115,75115,PARIS,RUE CAMBRONNE,136523,0,4,VC,0,2,2,,,0,1,,,,1,,0,0,1,0
1,9,1,1,3,75,FRANCE,ILE-DE-FRANCE,114,75114,PARIS,AVENUE DE LA PORTE D'ORLEANS,136532,0,4,VC,0,1,3,,,0,1,,,,1,7,0,0,1,0
5,9,2,1,3,75,FRANCE,ILE-DE-FRANCE,108,75108,PARIS,RUE DE VIENNE,136539,0,4,VC,0,2,2,,,0,1,,,,1,7,0,0,1,0
1,9,1,1,3,75,FRANCE,ILE-DE-FRANCE,114,75114,PARIS,RUE DE LA TOMBE ISSOIRE,136543,0,4,VC,0,1,1,,,0,1,,,,1,7,0,0,1,0
5,9,1,2,6,75,FRANCE,ILE-DE-FRANCE,101,75101,PARIS,RUE DE RIVOLI,136568,0,4,VC,0,1,3,140,0,3,1,,,,1,7,0,0,1,0
1,9,1,1,6,75,FRANCE,ILE-DE-FRANCE,110,75110,PARIS,RUE JARRY,136580,0,4,VC,0,1,1,,,0,1,,,,1,,0,0,0,1
1,9,1,1,1,75,FRANCE,ILE-DE-FRANCE,101,75101,PARIS,PONT NEUF,136624,2,4,VC,0,2,3,,,0,1,,,,1,37,0,0,1,0
1,9,2,1,3,75,FRANCE,ILE-DE-FRANCE,113,75113,PARIS,BOULEVARD AUGUSTE BLANQUI,136636,0,4,VC,0,2,3,,,1,1,,,,1,7,0,0,1,0
1,9,5,1,3,75,FRANCE,ILE-DE-FRANCE,110,75110,PARIS,BOULEVARD SAINT MARTIN,136642,0,4,VC,0,1,4,,,3,1,,,,1,7,0,0,1,0
5,9,1,1,1,75,FRANCE,ILE-DE-FRANCE,118,75118,PARIS,AVENUE DE SAINT OUEN,136648,0,4,VC,0,2,2,,,0,1,,,,1,2,0,0,0,1
2,9,3,1,3,75,FRANCE,ILE-DE-FRANCE,113,75113,PARIS,BOULEVARD ARAGO,136651,0,4,VC,0,0,3,,,0,1,,,,1,7,0,0,1,0
1,9,1,2,6,75,FRANCE,ILE-DE-FRANCE,119,75119,PARIS,AVENUE DE FLANDRE,136663,0,4,VC,0,1,2,,,0,1,,,,1,7,0,0,1,0
2,9,3,1,3,75,FRANCE,ILE-DE-FRANCE,117,75117,PARIS,RUE CARDINET,136704,0,4,VC,0,2,2,,,0,1,,,,1,2,0,0,1,0
2,9,5,1,6,75,FRANCE,ILE-DE-FRANCE,106,75106,PARIS,CARREFOUR ODEON,136717,0,4,VC,0,1,1,,,0,1,,,,1,,,,,
1,9,3,1,6,75,FRANCE,ILE-DE-FRANCE,117,75117,PARIS,RUE BARON,136747,0,4,VC,0,1,0,,,0,1,,,,1,,0,0,0,1
1,9,1,1,3,75,FRANCE,ILE-DE-FRANCE,112,75112,PARIS,PONT D'AUSTERLITZ,136757,2,4,VC,0,1,4,,,0,1,,,,1,7,0,0,1,0
2,9,1,1,3,75,FRANCE,ILE-DE-FRANCE,111,75111,PARIS,RUE DE LA ROQUETTE,136771,0,4,VC,0,1,1,,,0,1,,,,1,10,0,0,1,0
1,9,3,1,6,75,FRANCE,ILE-DE-FRANCE,102,75102,PARIS,RUE DE RICHELIEU,136794,0,4,VC,0,1,2,,,0,1,,,,1,10,0,0,1,0
1,9,3,1,3,75,FRANCE,ILE-DE-FRANCE,111,75111,PARIS,RUE SAINT SABIN,136798,0,4,VC,0,2,2,1,0,0,1,,,,1,7,0,0,1,0
5,9,1,1,6,75,FRANCE,ILE-DE-FRANCE,118,75118,PARIS,BOULEVARD DE ROCHECHOUART,136800,0,4,VC,0,1,2,,,0,1,,,,1,,0,0,0,1
5,9,1,1,5,75,FRANCE,ILE-DE-FRANCE,116,75116,PARIS,AVENUE DES NATIONS UNIES,136801,0,4,VC,0,2,2,,,0,1,,,,1,7,0,0,0,1
1,9,2,1,6,75,FRANCE,ILE-DE-FRANCE,112,75112,PARIS,AVENUE DAUMESNIL,136815,0,4,VC,0,1,0,,,0,1,,,,1,7,0,0,1,0
1,9,1,1,3,75,FRANCE,ILE-DE-FRANCE,107,75107,PARIS,BOULEVARD DES INVALIDES,136816,0,4,VC,0,1,0,,,0,1,,,,1,7,0,0,1,0
1,9,1,1,2,75,FRANCE,ILE-DE-FRANCE,118,75118,PARIS,RUE DAMREMONT,136821,0,4,VC,0,2,2,,,0,1,,,,1,30,0,0,1,0
5,9,2,1,3,75,FRANCE,ILE-DE-FRANCE,101,75101,PARIS,RUE DE RIVOLI,136832,0,4,VC,0,1,3,,,0,0,,,,1,7,0,0,1,0
1,9,1,1,3,75,FRANCE,ILE-DE-FRANCE,113,75113,PARIS,BOULEVARD ARAGO,136877,0,4,VC,0,2,3,,,0,1,,,,1,14,0,0,1,0
2,9,5,1,6,75,FRANCE,ILE-DE-FRANCE,110,75110,PARIS,RUE DU FAUBOURG SAINT DENIS,136910,0,4,VC,0,1,1,,,0,0,,,,1,37,0,0,1,0
5,9,5,1,3,75,FRANCE,ILE-DE-FRANCE,105,75105,PARIS,RUE D'ULM,136913,0,4,VC,0,2,2,,,0,1,,,,1,7,0,0,1,0
3,9,1,1,6,75,FRANCE,ILE-DE-FRANCE,112,75112,PARIS,RUE MARSOULAN,136934,0,4,VC,0,1,1,,,0,1,,,,1,,0,0,0,1
5,9,2,1,3,75,FRANCE,ILE-DE-FRANCE,102,75102,PARIS,RUE ETIENNE MARCEL,136965,0,4,VC,0,2,2,1,0,0,1,,,,1,7,0,0,1,0
5,9,1,1,6,75,FRANCE,ILE-DE-FRANCE,112,75112,PARIS,RUE DE LYON,136966,0,4,VC,0,1,2,,,0,1,,,,1,,,,,
1,9,3,1,3,75,FRANCE,ILE-DE-FRANCE,110,75110,PARIS,RUE SIBOUR,137032,0,4,VC,0,1,0,,,0,0,,,,1,7,0,0,1,0
1,9,1,1,3,75,FRANCE,ILE-DE-FRANCE,118,75118,PARIS,BOULEVARD NEY,137036,0,4,VC,0,3,4,,,0,3,,,,1,7,0,0,1,0
1,9,1,1,3,75,FRANCE,ILE-DE-FRANCE,112,75112,PARIS,RUE DE POMMARD,137040,0,4,VC,0,1,2,,,0,4,,,,1,7,0,0,1,0
2,9,2,1,3,75,FRANCE,ILE-DE-FRANCE,117,75117,PARIS,BOULEVARD DES BATIGNOLLES,137073,0,4,VC,0,1,2,,,0,1,,,,1,7,0,0,1,0
5,9,2,2,3,75,FRANCE,ILE-DE-FRANCE,119,75119,PARIS,AVENUE DE FLANDRE,137098,0,4,VC,0,1,2,,,0,1,,,,1,32,0,0,1,0
1,9,1,1,3,75,FRANCE,ILE-DE-FRANCE,101,75101,PARIS,RUE DE RIVOLI,137107,0,4,VC,0,1,3,,,0,1,,,,1,7,0,0,1,0
1,9,5,4,2,75,FRANCE,ILE-DE-FRANCE,117,75117,PARIS,RUE GEORGES BERGER,137155,0,4,VC,0,2,1,,,0,1,,,,1,7,0,0,1,0
2,9,1,8,3,75,FRANCE,ILE-DE-FRANCE,115,75115,PARIS,BOULEVARD LEFEBVRE,137176,0,4,VC,0,1,2,,,0,1,,,,1,7,0,0,1,0
1,9,5,1,3,75,FRANCE,ILE-DE-FRANCE,109,75109,PARIS,BOULEVARD HAUSSMANN,137194,5,4,VC,0,1,0,,,0,1,,,,1,13,0,0,1,0
1,9,1,1,6,75,FRANCE,ILE-DE-FRANCE,111,75111,PARIS,AVENUE PARMENTIER,137210,0,4,VC,0,2,2,,,0,1,,,,1,7,0,0,1,0
1,9,2,1,2,75,FRANCE,ILE-DE-FRANCE,112,75112,PARIS,AVENUE DAUMESNIL,137212,0,4,VC,0,2,2,,,0,1,,,,1,7,0,0,1,0
5,9,3,1,3,75,FRANCE,ILE-DE-FRANCE,114,75114,PARIS,RUE FERMAT,137221,0,4,VC,0,1,1,,,0,1,,,,1,7,0,0,1,0
3,9,1,1,7,75,FRANCE,ILE-DE-FRANCE,113,75113,PARIS,BOULEVARD MASSENA,137264,0,4,VC,0,2,8,,,0,1,,,,1,,0,0,1,0
1,9,1,2,6,75,FRANCE,ILE-DE-FRANCE,118,75118,PARIS,BOULEVARD BARBES,137339,0,4,VC,0,2,4,,,3,1,,,,1,7,0,0,1,0
1,9,2,3,7,75,FRANCE,ILE-DE-FRANCE,107,75107,PARIS,RUE DE VARENNE,137340,0,4,VC,0,1,1,,,0,4,,,,1,,0,0,1,0
5,9,2,2,7,75,FRANCE,ILE-DE-FRANCE,110,75110,PARIS,RUE DE PARADIS,137344,0,4,VC,0,1,0,,,0,1,,,,1,,0,0,1,0
1,9,1,8,7,75,FRANCE,ILE-DE-FRANCE,112,75112,PARIS,RUE FABRE D'EGLANTINE,137347,0,4,VC,0,2,2,,,0,1,,,,1,,0,0,1,0
1,9,2,1,6,75,FRANCE,ILE-DE-FRANCE,111,75111,PARIS,BOULEVARD RICHARD LENOIR,137386,0,4,VC,0,1,1,,,1,5,,,,1,,0,0,0,1
1,9,5,1,3,75,FRANCE,ILE-DE-FRANCE,110,75110,PARIS,BOULEVARD DE LA VILLETTE,137394,0,4,VC,0,0,2,,,0,1,,,,1,7,0,0,1,0
5,9,1,1,6,75,FRANCE,ILE-DE-FRANCE,119,75119,PARIS,RUE DE CRIMEE,137399,0,4,VC,0,2,2,,,0,3,,,,1,,0,0,1,0
5,9,1,1,3,75,FRANCE,ILE-DE-FRANCE,106,75106,PARIS,RUE DE RENNES,137423,0,4,VC,0,2,2,,,3,1,,,,1,7,0,0,1,0
1,9,3,2,3,75,FRANCE,ILE-DE-FRANCE,106,75106,PARIS,RUE VELPEAU,137440,0,4,VC,0,1,1,,,0,0,,,,1,7,0,0,1,0
1,9,1,1,3,75,FRANCE,ILE-DE-FRANCE,101,75101,PARIS,BOULEVARD DU PALAIS,137459,0,4,VC,0,2,4,,,0,1,,,,1,7,0,0,1,0
5,9,1,1,3,75,FRANCE,ILE-DE-FRANCE,113,75113,PARIS,BOULEVARD DE L'HOPITAL,137482,0,4,VC,0,2,4,,,0,1,,,,1,7,0,0,1,0
5,9,2,1,6,75,FRANCE,ILE-DE-FRANCE,117,75117,PARIS,RUE JULIETTE LAMBER,137493,0,4,VC,0,1,1,,,0,1,,,,1,7,0,0,1,0
5,9,2,1,6,75,FRANCE,ILE-DE-FRANCE,115,75115,PARIS,RUE DU COMMERCE,137512,0,4,VC,0,1,1,,,0,1,,,,1,,0,0,0,1
1,9,5,1,3,75,FRANCE,ILE-DE-FRANCE,116,75116,PARIS,PLACE DU MARECHAL DE LATTRE DE TASSIGNY,137527,0,4,VC,0,2,2,,,1,1,,,,1,7,0,0,1,0
1,9,1,1,2,75,FRANCE,ILE-DE-FRANCE,112,75112,PARIS,PLACE DE LA BASTILLE,137530,0,4,VC,0,1,4,,,0,1,,,,1,7,0,0,1,0
1,9,3,1,3,75,FRANCE,ILE-DE-FRANCE,110,75110,PARIS,RUE RENE BOULANGER,137596,0,4,VC,0,1,1,,,0,1,,,,1,10,0,0,1,0
5,9,1,1,3,75,FRANCE,ILE-DE-FRANCE,103,75103,PARIS,RUE AUX OURS,137626,0,4,VC,0,2,1,,,0,1,,,,1,7,0,0,1,0
5,9,1,1,2,75,FRANCE,ILE-DE-FRANCE,111,75111,PARIS,AVENUE LEDRU ROLLIN,137646,0,4,VC,0,2,1,,,3,1,,,,1,7,0,0,1,0
1,9,1,1,3,75,FRANCE,ILE-DE-FRANCE,110,75110,PARIS,RUE DU CHATEAU D'EAU,137676,0,4,VC,0,1,2,,,0,1,,,,1,7,0,0,1,0
5,9,2,1,6,75,FRANCE,ILE-DE-FRANCE,106,75106,PARIS,RUE DE BUCI,137685,0,4,VC,0,1,1,,,0,1,,,,1,7,0,0,1,0
1,9,4,1,3,75,FRANCE,ILE-DE-FRANCE,112,75112,PARIS,AVENUE DE NOGENT,137710,0,4,VC,0,2,2,,,0,1,,,,1,10,0,0,1,0
1,9,3,1,6,75,FRANCE,ILE-DE-FRANCE,107,75107,PARIS,RUE DUROC,137726,0,4,VC,0,1,2,,,0,1,,,,1,,0,0,0,1
1,9,1,1,7,75,FRANCE,ILE-DE-FRANCE,113,75113,PARIS,AVENUE DE CHOISY,137727,0,4,VC,0,1,4,,,0,4,,,,1,,0,0,1,0
1,9,1,1,3,75,FRANCE,ILE-DE-FRANCE,106,75106,PARIS,QUAI DE CONTI,137745,0,4,VC,0,1,1,,,3,1,,,,1,7,0,0,1,0
1,9,2,3,3,75,FRANCE,ILE-DE-FRANCE,107,75107,PARIS,AVENUE DE BRETEUIL,137747,0,4,VC,0,1,1,,,0,1,,,,1,7,0,0,1,0
1,9,3,2,3,75,FRANCE,ILE-DE-FRANCE,110,75110,PARIS,RUE RENE BOULANGER,137776,0,4,VC,0,2,2,,,0,1,,,,1,32,0,0,0,1
1,9,2,1,3,75,FRANCE,ILE-DE-FRANCE,104,75104,PARIS,QUAI DE GESVRES,137783,0,4,VC,0,1,4,,,0,1,,,,1,7,0,0,1,0
1,9,1,1,3,75,FRANCE,ILE-DE-FRANCE,115,75115,PARIS,AVENUE DU MAINE,137798,0,4,VC,0,2,2,,,0,1,,,,1,7,0,0,1,0
1,9,2,1,2,75,FRANCE,ILE-DE-FRANCE,105,75105,PARIS,RUE SAINT JACQUES,137834,0,4,VC,0,1,0,,,0,1,,,,1,7,0,0,1,0
1,9,1,1,6,75,FRANCE,ILE-DE-FRANCE,114,75114,PARIS,BOULEVARD RASPAIL,137850,0,4,VC,0,0,2,,,0,1,,,,1,,0,0,1,0
1,1,1,1,7,75,FRANCE,ILE-DE-FRANCE,118,75118,PARIS,RUE DU MONT CENIS,137882,0,4,VC,0,1,1,,,0,1,,,,1,,0,0,1,0
1,9,1,1,3,75,FRANCE,ILE-DE-FRANCE,115,75115,PARIS,RUE DE LA PROCESSION,137898,0,4,VC,0,1,1,,,0,1,,,,1,7,0,0,1,0
5,9,1,1,6,75,FRANCE,ILE-DE-FRANCE,113,75113,PARIS,RUE DU PROFESSEUR LOUIS RENAULT,137911,0,4,VC,0,0,0,,,0,4,,,,1,,0,0,0,1
1,9,5,8,6,75,FRANCE,ILE-DE-FRANCE,109,75109,PARIS,BOULEVARD HAUSSMANN,137919,0,4,VC,0,1,1,,,0,1,,,,1,,0,0,0,1
5,9,1,1,3,75,FRANCE,ILE-DE-FRANCE,110,75110,PARIS,QUAI DE JEMMAPES,137926,0,4,VC,0,1,2,,,3,1,,,,1,7,0,0,1,0
5,9,1,1,6,75,FRANCE,ILE-DE-FRANCE,101,75101,PARIS,AVENUE DE L'OPERA,137935,0,4,VC,0,2,6,,,0,1,,,,1,,0,0,0,1
1,9,1,1,6,75,FRANCE,ILE-DE-FRANCE,112,75112,PARIS,RUE ANTOINE VOLLON,137944,0,4,VC,0,1,1,,,0,1,,,,1,,0,0,0,1
1,9,2,1,6,75,FRANCE,ILE-DE-FRANCE,109,75109,PARIS,PLACE D'ESTIENNE D'ORVES,137959,0,4,VC,0,2,2,,,0,1,,,,1,,0,0,1,0
5,9,1,1,2,75,FRANCE,ILE-DE-FRANCE,111,75111,PARIS,RUE DE LA ROQUETTE,137970,0,4,VC,0,2,0,,,0,1,,,,1,7,0,0,1,0
5,9,3,1,3,75,FRANCE,ILE-DE-FRANCE,110,75110,PARIS,AVENUE DE VERDUN,137994,0,4,VC,0,1,0,14,0,0,1,,,,1,7,0,0,1,0
1,9,3,1,3,75,FRANCE,ILE-DE-FRANCE,117,75117,PARIS,BOULEVARD GOUVION SAINT CYR ,138001,0,4,VC,0,2,4,,,3,5,,,,1,10,0,0,1,0
1,9,1,1,2,75,FRANCE,ILE-DE-FRANCE,111,75111,PARIS,RUE SAINT SEBASTIEN,138007,0,4,VC,0,1,1,,,0,1,,,,1,7,0,0,1,0
1,9,5,1,3,75,FRANCE,ILE-DE-FRANCE,101,75101,PARIS,QUAI DE LA MEGISSERIE,138023,0,4,VC,0,1,5,,,0,1,,,,1,10,0,0,1,0
1,9,1,1,7,75,FRANCE,ILE-DE-FRANCE,106,75106,PARIS,RUE DE VAUGIRARD,138036,0,4,VC,0,2,2,,,0,1,,,,1,,0,0,1,0
2,9,3,1,6,75,FRANCE,ILE-DE-FRANCE,105,75105,PARIS,RUE DES ECOLES,138046,0,4,VC,0,2,3,,,0,1,,,,1,,,,,
1,1,1,1,6,75,FRANCE,ILE-DE-FRANCE,112,75112,PARIS,ROUTE DAUPHINE,138052,0,4,VC,0,1,1,,,0,1,,,,1,,0,0,0,1
1,9,4,1,6,75,FRANCE,ILE-DE-FRANCE,118,75118,PARIS,ECHANGEUR CLIGNANCOURT,138072,0,4,VC,0,2,3,,,0,1,,,,1,7,0,0,1,0
1,9,2,1,3,75,FRANCE,ILE-DE-FRANCE,105,75105,PARIS,BOULEVARD SAINT GERMAIN,138083,0,4,VC,0,1,3,,,3,1,,,,1,7,0,0,1,0
1,9,3,1,3,75,FRANCE,ILE-DE-FRANCE,109,75109,PARIS,RUE SAINT LAZARE,138089,0,4,VC,0,1,0,,,0,1,,,,1,10,0,0,1,0
1,9,2,1,3,75,FRANCE,ILE-DE-FRANCE,119,75119,PARIS,RUE DE LA MOSELLE,138100,0,4,VC,0,1,1,,,0,1,,,,1,7,0,0,1,0
1,9,1,1,3,75,FRANCE,ILE-DE-FRANCE,113,75113,PARIS,QUAI D'AUSTERLITZ,138101,0,4,VC,0,3,3,,,0,4,,,,1,7,0,0,1,0
1,9,5,1,7,75,FRANCE,ILE-DE-FRANCE,120,75120,PARIS,PLACE MARTIN NADAUD,138109,0,4,VC,0,1,1,,,0,1,,,,1,,0,0,1,0
5,9,2,1,3,75,FRANCE,ILE-DE-FRANCE,101,75101,PARIS,RUE DU CHEVALIER DE SAINT GEORGE,138118,0,4,VC,0,1,1,10,0,0,1,,,,1,7,0,0,1,0
5,9,1,1,7,75,FRANCE,ILE-DE-FRANCE,120,75120,PARIS,RUE DE L'ERMITAGE,138135,0,4,VC,0,1,1,,,0,1,,,,1,,0,0,1,0
1,9,5,2,3,75,FRANCE,ILE-DE-FRANCE,115,75115,PARIS,BOULEVARD PASTEUR,138141,5,4,VC,0,3,2,,,3,1,,,,1,7,0,0,1,0
1,9,2,1,1,75,FRANCE,ILE-DE-FRANCE,113,75113,PARIS,BOULEVARD VINCENT AURIOL,138181,0,4,VC,0,1,2,,,0,1,,,,1,7,0,0,1,0
1,9,2,1,3,75,FRANCE,ILE-DE-FRANCE,103,75103,PARIS,RUE AU MAIRE,138182,0,4,VC,0,1,1,,,0,1,,,,1,7,0,0,1,0
1,9,1,1,6,75,FRANCE,ILE-DE-FRANCE,118,75118,PARIS,RUE DE CLIGNANCOURT,138185,0,4,VC,0,1,1,,,0,1,,,,1,,0,0,1,0
5,9,5,1,6,75,FRANCE,ILE-DE-FRANCE,115,75115,PARIS,RUE DU COMMERCE,138186,0,4,VC,0,2,3,,,0,1,,,,1,,0,0,0,1