lum,agg,int,atm,col,dep_bis,pays,region,com_bis,com_codeINSEE,communes,N_voie,numac,infra,catr,type_route,voie,circ,nbv,pr,pr1,vosp,situ,lat,long,adr,accident_velo,vehicule_imp,cycl_mort,cycl_bgv,cycl_blg,cycl_indm
1,9,1,1,3,75,FRANCE,ILE-DE-FRANCE,110,75110,PARIS,RUE DU CHATEAU D'EAU,138192,0,4,VC,0,1,0,,,0,1,,,,1,10,0,0,1,0
2,9,3,1,2,75,FRANCE,ILE-DE-FRANCE,115,75115,PARIS,RUE PECLET,138205,0,4,VC,0,2,2,,,0,1,,,,1,7,0,0,1,0
1,9,2,1,3,75,FRANCE,ILE-DE-FRANCE,111,75111,PARIS,RUE DE CHARONNE,138208,0,4,VC,0,2,2,,,0,1,,,,1,7,0,0,1,0
1,9,5,1,6,75,FRANCE,ILE-DE-FRANCE,101,75101,PARIS,PLACE COLETTE,138220,0,4,VC,0,1,1,,,0,1,,,,1,,0,0,0,1
1,9,1,1,2,75,FRANCE,ILE-DE-FRANCE,115,75115,PARIS,QUAI D'ISSY LES MOULINEAUX,138231,0,4,VC,0,1,2,,,0,1,,,,1,7,0,0,1,0
1,9,1,1,3,75,FRANCE,ILE-DE-FRANCE,109,75109,PARIS,RUE SAINT GEORGES,138256,0,4,VC,0,1,1,,,0,1,,,,1,30,0,0,1,0
1,9,1,1,3,75,FRANCE,ILE-DE-FRANCE,118,75118,PARIS,RUE CUSTINE,138279,0,4,VC,0,1,2,,,0,1,,,,1,7,0,0,1,0
1,9,2,1,6,75,FRANCE,ILE-DE-FRANCE,120,75120,PARIS,PLACE DE LA PORTE DE MONTREUIL,138288,0,4,VC,0,1,2,,,0,1,,,,1,10,0,0,1,0
1,9,5,1,2,75,FRANCE,ILE-DE-FRANCE,111,75111,PARIS,BOULEVARD VOLTAIRE,138338,0,4,VC,0,2,1,,,0,1,,,,1,2,0,0,1,0
5,9,1,1,6,75,FRANCE,ILE-DE-FRANCE,118,75118,PARIS,AVENUE DE CLICHY,138349,0,4,VC,0,2,2,,,0,1,,,,1,7,0,0,1,0
1,9,1,2,7,75,FRANCE,ILE-DE-FRANCE,110,75110,PARIS,BOULEVARD DE MAGENTA,138354,0,4,VC,0,2,4,,,1,5,,,,1,,0,0,1,0
1,9,1,1,7,75,FRANCE,ILE-DE-FRANCE,102,75102,PARIS,RUE DU QUATRE SEPTEMBRE,138382,0,4,VC,0,1,3,,,0,1,,,,1,,0,0,1,0
1,9,2,1,3,75,FRANCE,ILE-DE-FRANCE,103,75103,PARIS,RUE DU PARC ROYAL,138394,5,4,VC,0,1,1,,,0,1,,,,1,32,0,0,0,1
1,9,5,1,3,75,FRANCE,ILE-DE-FRANCE,107,75107,PARIS,AVENUE DU MARECHAL GALLIENI,138413,0,4,VC,0,0,0,,,0,1,,,,1,7,0,0,1,0
1,9,3,1,6,75,FRANCE,ILE-DE-FRANCE,105,75105,PARIS,RUE CUVIER,138414,0,4,VC,0,1,1,,,0,1,,,,1,,0,0,1,0
1,9,1,1,3,75,FRANCE,ILE-DE-FRANCE,107,75107,PARIS,RUE DE LA CHAISE,138419,0,4,VC,0,1,1,,,0,1,,,,1,10,0,0,1,0
1,9,1,1,6,75,FRANCE,ILE-DE-FRANCE,107,75107,PARIS,RUE DE BABYLONE,138452,0,4,VC,0,1,1,,,0,1,,,,1,,0,0,1,0
1,9,1,1,3,75,FRANCE,ILE-DE-FRANCE,110,75110,PARIS,QUAI DE VALMY,138467,0,4,VC,0,1,1,,,1,5,,,,1,7,0,0,1,0
1,9,2,1,3,75,FRANCE,ILE-DE-FRANCE,115,75115,PARIS,RUE DE LA CONVENTION,138470,0,4,VC,0,2,2,,,0,1,,,,1,7,0,0,1,0
1,9,5,1,3,75,FRANCE,ILE-DE-FRANCE,114,75114,PARIS,AVENUE DENFERT ROCHEREAU,138486,0,4,VC,0,2,4,,,0,1,,,,1,7,0,0,1,0
5,9,5,1,3,75,FRANCE,ILE-DE-FRANCE,119,75119,PARIS,PLACE DE LA BATAILLE DE STALINGRAD,138490,0,4,VC,0,2,2,,,0,1,,,,1,7,0,0,1,0
1,9,1,1,3,75,FRANCE,ILE-DE-FRANCE,110,75110,PARIS,RUE DU CHATEAU D'EAU,138496,0,4,VC,0,1,1,,,0,1,,,,1,7,0,0,1,0
1,9,3,1,3,75,FRANCE,ILE-DE-FRANCE,101,75101,PARIS,RUE DE RIVOLI,138510,0,4,VC,0,2,4,,,3,1,,,,1,7,0,0,1,0
1,9,1,1,4,75,FRANCE,ILE-DE-FRANCE,108,75108,PARIS,RUE DU FAUBOURG SAINT HONORE,138519,0,4,VC,0,2,3,,,0,1,,,,1,7,0,0,1,0
2,9,1,2,3,75,FRANCE,ILE-DE-FRANCE,114,75114,PARIS,RUE GASSENDI,138523,0,4,VC,0,1,1,,,0,1,,,,1,7,0,0,1,0
1,9,1,1,7,75,FRANCE,ILE-DE-FRANCE,108,75108,PARIS,RUE DE COURCELLES,138528,0,4,VC,0,2,2,,,0,1,,,,1,,0,0,1,0
1,9,1,1,3,75,FRANCE,ILE-DE-FRANCE,116,75116,PARIS,AVENUE FOCH,138536,0,4,VC,0,1,3,,,1,5,,,,1,7,0,0,1,0
1,9,5,1,3,75,FRANCE,ILE-DE-FRANCE,117,75117,PARIS,AVENUE DE LA PORTE D'ASNIERES,138545,0,4,VC,0,2,2,,,0,0,,,,1,33,0,0,1,0
5,9,5,1,6,75,FRANCE,ILE-DE-FRANCE,108,75108,PARIS,PLACE DU CANADA,138562,0,4,VC,0,1,2,,,1,1,,,,1,32,0,0,1,0
1,9,2,1,3,75,FRANCE,ILE-DE-FRANCE,108,75108,PARIS,RUE DE PENTHIEVRE,138575,0,4,VC,0,1,1,,,0,1,,,,1,7,0,0,1,0
1,9,1,1,3,75,FRANCE,ILE-DE-FRANCE,119,75119,PARIS,RUE DU GENERAL LASALLE,138587,0,4,VC,0,1,1,,,0,1,,,,1,10,0,0,1,0
1,9,1,1,3,75,FRANCE,ILE-DE-FRANCE,111,75111,PARIS,BOULEVARD VOLTAIRE,138591,0,4,VC,0,2,1,,,0,1,,,,1,7,0,0,1,0
1,9,1,1,6,75,FRANCE,ILE-DE-FRANCE,108,75108,PARIS,RUE D'AMSTERDAM,138595,0,4,VC,0,1,3,,,0,1,,,,1,30,0,0,1,0
1,9,3,1,2,75,FRANCE,ILE-DE-FRANCE,103,75103,PARIS,RUE DE TURENNE,138603,0,4,VC,0,2,2,,,0,1,,,,1,7,0,0,1,0
1,9,1,1,2,75,FRANCE,ILE-DE-FRANCE,111,75111,PARIS,AVENUE PARMENTIER,138615,0,4,VC,0,2,0,,,0,1,,,,1,7,0,0,1,0
1,9,1,1,3,75,FRANCE,ILE-DE-FRANCE,112,75112,PARIS,AVENUE DAUMESNIL,138624,0,4,VC,0,2,2,,,0,1,,,,1,7,0,0,1,0
1,9,1,1,6,75,FRANCE,ILE-DE-FRANCE,101,75101,PARIS,RUE CAMBON,138628,0,4,VC,0,1,1,,,0,3,,,,1,,0,0,1,0
1,9,1,1,7,75,FRANCE,ILE-DE-FRANCE,112,75112,PARIS,BOULEVARD DIDEROT,138640,0,4,VC,0,1,0,,,0,4,,,,1,,0,0,1,0
1,9,2,1,3,75,FRANCE,ILE-DE-FRANCE,111,75111,PARIS,RUE JEAN PIERRE TIMBAUD,138652,0,4,VC,0,1,1,,,0,1,,,,1,7,0,0,1,0
1,9,1,1,2,75,FRANCE,ILE-DE-FRANCE,115,75115,PARIS,RUE LECOURBE,138663,0,4,VC,0,1,2,,,0,1,,,,1,32,0,0,0,1
1,9,5,1,3,75,FRANCE,ILE-DE-FRANCE,109,75109,PARIS,PLACE DE L'OPERA,138666,0,4,VC,0,1,4,,,0,1,,,,1,7,0,0,1,0
1,9,2,1,3,75,FRANCE,ILE-DE-FRANCE,113,75113,PARIS,RUE DE TOLBIAC,138668,5,4,VC,0,3,3,,,0,1,,,,1,7,0,0,1,0
1,9,1,1,3,75,FRANCE,ILE-DE-FRANCE,111,75111,PARIS,RUE DE MONTREUIL,138675,0,4,VC,0,1,1,,,0,1,,,,1,7,0,0,1,0
1,9,1,1,3,75,FRANCE,ILE-DE-FRANCE,116,75116,PARIS,AVENUE VICTOR HUGO,138679,0,4,VC,0,2,2,,,0,1,,,,1,7,0,0,1,0
1,9,4,1,6,75,FRANCE,ILE-DE-FRANCE,117,75117,PARIS,BOULEVARD PEREIRE,138680,0,4,VC,0,1,1,,,0,1,,,,1,,0,0,0,1
1,9,1,1,6,75,FRANCE,ILE-DE-FRANCE,120,75120,PARIS,RUE DE LA PLAINE,138683,6,4,VC,0,1,2,,,0,4,,,,1,,0,0,1,0
1,9,1,1,3,75,FRANCE,ILE-DE-FRANCE,109,75109,PARIS,RUE LAMARTINE,138690,0,4,VC,0,1,1,,,0,1,,,,1,2,0,0,1,0
1,9,5,1,7,75,FRANCE,ILE-DE-FRANCE,107,75107,PARIS,PLACE VAUBAN,138691,0,4,VC,0,1,1,,,0,1,,,,1,,0,0,1,0
5,9,1,1,1,75,FRANCE,ILE-DE-FRANCE,118,75118,PARIS,BOULEVARD BARBES,138696,0,4,VC,0,2,4,,,0,1,,,,1,10,0,0,1,0
5,9,1,1,6,75,FRANCE,ILE-DE-FRANCE,115,75115,PARIS,BOULEVARD DE GRENELLE,138697,0,4,VC,0,1,1,,,0,1,,,,1,,0,0,1,0
5,9,5,1,5,75,FRANCE,ILE-DE-FRANCE,115,75115,PARIS,RUE SAINT CHARLES,138720,0,4,VC,0,1,2,,,0,1,,,,1,7,0,0,0,1
1,9,5,1,3,75,FRANCE,ILE-DE-FRANCE,103,75103,PARIS,RUE DE TURBIGO,138737,0,4,VC,0,1,1,,,0,1,,,,1,7,0,0,1,0
1,9,3,1,3,75,FRANCE,ILE-DE-FRANCE,112,75112,PARIS,COUR SAINT ELOI,138752,0,4,VC,0,1,1,,,0,1,,,,1,7,0,0,1,0
1,9,1,1,3,75,FRANCE,ILE-DE-FRANCE,109,75109,PARIS,RUE DE DOUAI,138777,0,4,VC,0,1,1,,,0,1,,,,1,7,0,0,1,0
1,9,1,1,2,75,FRANCE,ILE-DE-FRANCE,112,75112,PARIS,AVENUE DU GENERAL LAPERRINE,138788,0,4,VC,0,1,1,,,0,1,,,,1,7,0,0,1,0
5,9,1,8,7,75,FRANCE,ILE-DE-FRANCE,107,75107,PARIS,QUAI ANATOLE FRANCE,138826,0,4,VC,0,1,1,,,0,1,,,,1,,0,0,1,0
1,9,3,1,3,75,FRANCE,ILE-DE-FRANCE,112,75112,PARIS,AVENUE DE NOGENT,138828,0,4,VC,0,2,4,,,0,1,,,,1,7,0,0,1,0
1,9,1,1,7,75,FRANCE,ILE-DE-FRANCE,111,75111,PARIS,RUE AMELOT,138841,0,4,VC,0,1,1,,,0,1,,,,1,,0,0,1,0
1,9,2,1,6,75,FRANCE,ILE-DE-FRANCE,102,75102,PARIS,RUE DE RICHELIEU,138848,0,4,VC,0,1,2,,,0,1,,,,1,10,0,0,1,0
1,9,5,1,3,75,FRANCE,ILE-DE-FRANCE,111,75111,PARIS,RUE DE LA ROQUETTE,138853,0,4,VC,0,2,2,,,0,1,,,,1,7,0,0,1,0
2,9,2,1,6,75,FRANCE,ILE-DE-FRANCE,110,75110,PARIS,RUE LA FAYETTE,138856,0,4,VC,0,2,2,,,0,1,,,,1,2,0,0,1,0
1,9,1,1,6,75,FRANCE,ILE-DE-FRANCE,119,75119,PARIS,RUE D'HAUTPOUL,138863,0,4,VC,0,1,1,,,0,1,,,,1,,0,0,0,1
1,9,1,1,3,75,FRANCE,ILE-DE-FRANCE,114,75114,PARIS,RUE VERCINGETORIX,138877,0,4,VC,0,1,3,,,0,4,,,,1,7,0,0,1,0
5,9,1,1,6,75,FRANCE,ILE-DE-FRANCE,110,75110,PARIS,PLACE JACQUES BONSERGENT,138884,6,4,VC,0,2,4,,,1,5,,,,1,,,,,
5,9,2,1,3,75,FRANCE,ILE-DE-FRANCE,107,75107,PARIS,AVENUE DE VILLARS,138888,5,4,VC,0,2,1,,,0,1,,,,1,34,0,0,1,0
1,9,3,1,3,75,FRANCE,ILE-DE-FRANCE,119,75119,PARIS,RUE FREDERICK LEMAITRE,138899,0,4,VC,0,1,1,,,0,1,,,,1,7,0,0,1,0
1,9,4,1,2,75,FRANCE,ILE-DE-FRANCE,116,75116,PARIS,ECHANGEUR MUETTE,138901,0,4,VC,0,1,0,,,0,1,,,,1,7,0,0,1,0
1,9,1,2,3,75,FRANCE,ILE-DE-FRANCE,115,75115,PARIS,BOULEVARD VICTOR,138913,0,4,VC,0,2,2,,,1,5,,,,1,38,0,0,1,0
1,9,5,1,7,75,FRANCE,ILE-DE-FRANCE,113,75113,PARIS,BOULEVARD MASSENA,138924,0,4,VC,0,2,2,,,0,1,,,,1,,0,0,1,0
1,9,2,1,3,75,FRANCE,ILE-DE-FRANCE,110,75110,PARIS,RUE DU FAUBOURG SAINT MARTIN,138925,0,4,VC,0,2,4,,,0,1,,,,1,7,0,0,1,0
1,9,1,1,3,75,FRANCE,ILE-DE-FRANCE,110,75110,PARIS,RUE DEMARQUAY,138934,0,4,VC,0,1,1,,,0,1,,,,1,7,0,0,1,0
1,9,2,1,6,75,FRANCE,ILE-DE-FRANCE,120,75120,PARIS,BOULEVARD DAVOUT ,138949,0,4,VC,0,1,2,,,0,1,,,,1,7,0,0,1,0
1,9,1,1,3,75,FRANCE,ILE-DE-FRANCE,116,75116,PARIS,RUE DE LONGCHAMP,138951,0,4,VC,0,3,2,,,0,4,,,,1,7,0,0,1,0
1,9,1,1,6,75,FRANCE,ILE-DE-FRANCE,115,75115,PARIS,RUE BALARD,138954,0,4,VC,0,2,2,,,0,1,,,,1,,0,0,1,0
2,9,2,1,3,75,FRANCE,ILE-DE-FRANCE,106,75106,PARIS,BOULEVARD SAINT GERMAIN,139026,0,4,VC,0,1,4,,,3,1,,,,1,14,0,0,1,0
1,9,5,1,6,75,FRANCE,ILE-DE-FRANCE,116,75116,PARIS,AVENUE VICTOR HUGO,139032,0,4,VC,0,2,2,,,0,1,,,,1,,,,,
1,9,3,1,2,75,FRANCE,ILE-DE-FRANCE,112,75112,PARIS,RUE DE LA BRECHE AUX LOUPS,139033,0,4,VC,0,1,1,,,0,1,,,,1,7,0,0,1,0
1,9,1,1,1,75,FRANCE,ILE-DE-FRANCE,110,75110,PARIS,RUE DES PETITES ECURIES,139084,0,4,VC,0,1,1,,,1,5,,,,1,7,0,0,1,0
1,9,1,1,7,75,FRANCE,ILE-DE-FRANCE,120,75120,PARIS,AVENUE GAMBETTA,139101,0,4,VC,0,2,2,,,0,1,,,,1,,0,0,1,0
1,9,5,1,3,75,FRANCE,ILE-DE-FRANCE,111,75111,PARIS,BOULEVARD VOLTAIRE,139114,0,4,VC,0,2,2,,,0,1,,,,1,7,0,0,1,0
1,9,1,1,3,75,FRANCE,ILE-DE-FRANCE,107,75107,PARIS,AVENUE RAPP,139117,0,4,VC,0,1,1,,,0,1,,,,1,7,0,0,1,0
1,9,1,1,3,75,FRANCE,ILE-DE-FRANCE,117,75117,PARIS,PLACE DES TERNES,139118,0,4,VC,0,1,2,,,0,1,,,,1,7,0,0,1,0
5,9,4,1,3,75,FRANCE,ILE-DE-FRANCE,114,75114,PARIS,AVENUE DU GENERAL LECLERC,139122,0,4,VC,0,3,5,,,0,1,,,,1,7,0,0,1,0
1,1,1,1,3,75,FRANCE,ILE-DE-FRANCE,116,75116,PARIS,CARREFOUR DES CASCADES,139123,0,4,VC,0,0,2,,,0,0,,,,1,7,0,0,1,0
1,9,5,1,6,75,FRANCE,ILE-DE-FRANCE,111,75111,PARIS,RUE OBERKAMPF,139124,0,4,VC,0,1,0,,,0,0,,,,1,,0,0,0,1
1,9,5,1,3,75,FRANCE,ILE-DE-FRANCE,117,75117,PARIS,AVENUE DE CLICHY,139126,0,4,VC,0,1,5,,,0,1,,,,1,38,0,0,1,0
5,9,5,1,3,75,FRANCE,ILE-DE-FRANCE,116,75116,PARIS,PONT D'IENA,139134,2,4,VC,0,2,2,,,0,1,,,,1,38,0,0,1,0
5,9,2,1,6,75,FRANCE,ILE-DE-FRANCE,113,75113,PARIS,RUE DE PATAY,139135,0,4,VC,0,3,2,,,3,1,,,,1,7,0,0,1,0
1,9,3,1,3,75,FRANCE,ILE-DE-FRANCE,112,75112,PARIS,BOULEVARD DIDEROT,139137,0,4,VC,0,2,3,,,0,1,,,,1,2,0,0,1,0
1,9,1,1,6,75,FRANCE,ILE-DE-FRANCE,116,75116,PARIS,AVENUE INGRES,139140,0,4,VC,0,2,0,,,0,1,,,,1,7,0,0,1,0
1,9,2,1,3,75,FRANCE,ILE-DE-FRANCE,112,75112,PARIS,QUAI DE LA RAPEE,139144,0,4,VC,0,1,1,,,1,1,,,,1,7,0,0,1,0
1,9,1,8,6,75,FRANCE,ILE-DE-FRANCE,118,75118,PARIS,BOULEVARD NEY,139162,0,4,VC,0,2,3,,,0,1,,,,1,30,0,0,1,0
1,9,1,2,3,75,FRANCE,ILE-DE-FRANCE,117,75117,PARIS,BOULEVARD PEREIRE,139164,0,4,VC,0,1,1,,,0,1,,,,1,7,0,0,1,0
1,9,5,8,3,75,FRANCE,ILE-DE-FRANCE,118,75118,PARIS,BOULEVARD DE LA CHAPELLE,139178,0,4,VC,0,1,2,,,0,1,,,,1,10,0,0,1,0
5,9,1,2,3,75,FRANCE,ILE-DE-FRANCE,116,75116,PARIS,BOULEVARD MURAT,139198,0,4,VC,0,3,2,,,0,1,,,,1,7,0,0,1,0
1,9,3,1,3,75,FRANCE,ILE-DE-FRANCE,110,75110,PARIS,QUAI DE JEMMAPES,139231,2,4,VC,0,1,2,,,0,1,,,,1,7,0,0,1,0
1,9,2,1,6,75,FRANCE,ILE-DE-FRANCE,105,75105,PARIS,RUE PIERRE BROSSOLETTE,139245,5,4,VC,0,2,2,,,0,1,,,,1,,0,0,1,0
1,9,2,1,7,75,FRANCE,ILE-DE-FRANCE,103,75103,PARIS,RUE GRENETA,139252,0,4,VC,0,1,1,,,0,0,,,,1,,0,0,1,0
1,9,1,1,3,75,FRANCE,ILE-DE-FRANCE,112,75112,PARIS,BOULEVARD SOULT,139254,0,4,VC,0,0,2,,,0,1,,,,1,7,0,0,1,0
1,9,2,1,3,75,FRANCE,ILE-DE-FRANCE,108,75108,PARIS,RUE DE LISBONNE,139258,0,4,VC,0,2,2,,,0,1,,,,1,10,0,0,1,0
1,9,1,1,3,75,FRANCE,ILE-DE-FRANCE,115,75115,PARIS,RUE LECOURBE,139263,0,4,VC,0,1,2,,,0,1,,,,1,7,0,0,1,0
1,9,1,1,3,75,FRANCE,ILE-DE-FRANCE,112,75112,PARIS,BOULEVARD DIDEROT,139271,0,4,VC,0,3,2,,,0,1,,,,1,7,0,0,1,0
1,9,5,1,6,75,FRANCE,ILE-DE-FRANCE,118,75118,PARIS,BOULEVARD DE LA CHAPELLE,139278,0,4,VC,0,1,1,,,0,1,,,,1,7,0,0,1,0
1,9,1,1,6,75,FRANCE,ILE-DE-FRANCE,111,75111,PARIS,BOULEVARD RICHARD LENOIR,139281,0,4,VC,0,1,2,,,1,5,,,,1,,0,0,0,1
1,9,1,1,3,75,FRANCE,ILE-DE-FRANCE,106,75106,PARIS,RUE DANTON,139284,0,4,VC,0,1,1,,,0,1,,,,1,7,0,0,1,0
5,9,1,1,7,75,FRANCE,ILE-DE-FRANCE,104,75104,PARIS,BOULEVARD DE SEBASTOPOL,139288,0,4,VC,0,1,3,,,3,1,,,,1,,0,0,1,0
1,9,5,1,7,75,FRANCE,ILE-DE-FRANCE,110,75110,PARIS,PLACE DU COLONEL FABIEN,139291,0,4,VC,0,1,2,,,0,1,,,,1,,0,0,1,0
1,9,2,1,6,75,FRANCE,ILE-DE-FRANCE,102,75102,PARIS,RUE DE LA PAIX,139292,0,4,VC,0,2,0,1,0,0,1,,,,1,,,,,
1,9,3,1,6,75,FRANCE,ILE-DE-FRANCE,114,75114,PARIS,RUE DE LA LEGION ETRANGERE,139295,0,4,VC,0,1,2,,,3,1,,,,1,10,0,0,1,0
1,9,2,8,3,75,FRANCE,ILE-DE-FRANCE,112,75112,PARIS,AVENUE DAUMESNIL,139311,0,4,VC,0,1,2,,,3,1,,,,1,7,0,0,1,0
1,9,5,1,1,75,FRANCE,ILE-DE-FRANCE,108,75108,PARIS,COURS LA REINE,139331,0,4,VC,0,2,2,,,1,1,,,,1,,0,0,1,0
1,9,2,1,2,75,FRANCE,ILE-DE-FRANCE,115,75115,PARIS,RUE DE CRONSTADT,139349,0,4,VC,0,2,2,,,0,1,,,,1,7,0,0,1,0
1,9,2,1,1,75,FRANCE,ILE-DE-FRANCE,114,75114,PARIS,PLACE COLUCHE,139350,0,4,VC,0,2,2,,,0,1,,,,1,7,0,0,1,0
1,9,1,1,6,75,FRANCE,ILE-DE-FRANCE,105,75105,PARIS,RUE CUVIER,139366,0,4,VC,0,1,1,,,0,1,,,,1,,0,0,0,1
1,9,1,1,1,75,FRANCE,ILE-DE-FRANCE,106,75106,PARIS,RUE DE SEVRES,139368,0,4,VC,0,2,3,,,3,1,,,,1,7,0,0,1,0
1,9,1,1,7,75,FRANCE,ILE-DE-FRANCE,101,75101,PARIS,QUAI DU LOUVRE,139381,1,4,VC,0,1,2,,,0,1,,,,1,,0,0,1,0
1,9,1,1,1,75,FRANCE,ILE-DE-FRANCE,119,75119,PARIS,BOULEVARD SERURIER,139383,0,4,VC,0,2,3,,,3,1,,,,1,7,0,0,1,0
1,9,1,1,7,75,FRANCE,ILE-DE-FRANCE,112,75112,PARIS,ROUTE DE BOURDON,139385,0,4,VC,0,1,1,,,0,1,,,,1,,0,0,1,0
5,9,2,1,3,75,FRANCE,ILE-DE-FRANCE,109,75109,PARIS,RUE RODIER,139395,0,4,VC,0,1,1,,,0,1,,,,1,7,0,0,1,0
1,9,1,1,3,75,FRANCE,ILE-DE-FRANCE,104,75104,PARIS,RUE SAINTE CROIX DE LA BRETONNERIE,139396,0,4,VC,0,1,1,,,0,1,,,,1,7,0,0,1,0
1,9,3,1,6,75,FRANCE,ILE-DE-FRANCE,111,75111,PARIS,RUE JEAN PIERRE TIMBAUD,139398,0,4,VC,0,1,1,,,0,1,,,,1,,0,0,0,1
1,9,2,1,6,75,FRANCE,ILE-DE-FRANCE,120,75120,PARIS,RUE DU DOCTEUR LABBE,139402,0,4,VC,0,2,2,,,1,5,,,,1,2,0,0,1,0
2,9,2,1,1,75,FRANCE,ILE-DE-FRANCE,108,75108,PARIS,AVENUE DES CHAMPS ELYSEES,139408,0,4,VC,0,2,4,,,0,1,,,,1,10,0,0,1,0
1,9,2,1,2,75,FRANCE,ILE-DE-FRANCE,104,75104,PARIS,PONT D'ARCOLE,139425,0,4,VC,0,1,2,,,0,0,,,,1,32,0,0,1,0
1,9,2,1,3,75,FRANCE,ILE-DE-FRANCE,112,75112,PARIS,RUE TRAVERSIERE,139435,0,4,VC,0,1,1,1,0,0,1,,,,1,7,0,0,1,0
1,9,1,1,3,75,FRANCE,ILE-DE-FRANCE,111,75111,PARIS,BOULEVARD VOLTAIRE,139440,0,4,VC,0,2,2,,,0,1,,,,1,7,0,0,1,0
1,9,1,1,7,75,FRANCE,ILE-DE-FRANCE,110,75110,PARIS,QUAI DE VALMY,139445,0,4,VC,0,1,1,,,1,5,,,,1,,0,0,1,0
1,9,1,1,6,75,FRANCE,ILE-DE-FRANCE,115,75115,PARIS,RUE DES ENTREPRENEURS,139448,0,4,VC,0,2,0,,,0,1,,,,1,,0,0,1,0
5,9,2,1,3,75,FRANCE,ILE-DE-FRANCE,112,75112,PARIS,RUE DE LYON,139460,0,4,VC,0,1,1,,,0,0,,,,1,7,0,0,1,0
1,9,1,1,2,75,FRANCE,ILE-DE-FRANCE,106,75106,PARIS,RUE DE RENNES,139467,0,4,VC,0,2,2,,,3,1,,,,1,10,0,0,1,0
1,9,1,1,3,75,FRANCE,ILE-DE-FRANCE,106,75106,PARIS,RUE DE VAUGIRARD,139474,0,4,VC,0,1,2,,,0,0,,,,1,7,0,0,1,0
1,9,2,3,3,75,FRANCE,ILE-DE-FRANCE,101,75101,PARIS,RUE SAINT HONORE,139496,0,4,VC,0,0,1,,,0,0,,,,1,33,0,0,1,0
1,9,2,2,3,75,FRANCE,ILE-DE-FRANCE,113,75113,PARIS,RUE DE CROULEBARBE,139497,0,4,VC,0,2,2,,,0,1,,,,1,7,0,0,1,0
1,9,1,2,3,75,FRANCE,ILE-DE-FRANCE,115,75115,PARIS,RUE DU LAOS,139498,0,4,VC,0,1,1,,,0,1,,,,1,7,0,0,1,0
1,9,5,1,1,75,FRANCE,ILE-DE-FRANCE,116,75116,PARIS,PLACE DE LA PORTE MAILLOT,139508,0,4,VC,0,2,2,,,0,1,,,,1,7,0,0,1,0
1,9,1,1,7,75,FRANCE,ILE-DE-FRANCE,115,75115,PARIS,BOULEVARD VICTOR,139513,0,4,VC,0,3,4,,,1,5,,,,1,,0,0,1,0
1,9,1,1,3,75,FRANCE,ILE-DE-FRANCE,112,75112,PARIS,BOULEVARD DIDEROT,139514,0,4,VC,0,1,2,,,0,1,,,,1,7,0,0,1,0
1,9,5,1,3,75,FRANCE,ILE-DE-FRANCE,112,75112,PARIS,PLACE DE LA NATION,139521,5,4,VC,0,1,7,,,0,1,,,,1,7,0,0,1,0
1,9,1,1,7,75,FRANCE,ILE-DE-FRANCE,112,75112,PARIS,RUE DE REUILLY,139522,0,4,VC,0,2,2,,,0,1,,,,1,,0,0,1,0
1,9,2,1,3,75,FRANCE,ILE-DE-FRANCE,114,75114,PARIS,AVENUE DE LA PORTE DIDOT,139525,0,4,VC,0,2,2,,,0,1,,,,1,7,0,0,1,0
1,9,1,1,7,75,FRANCE,ILE-DE-FRANCE,115,75115,PARIS,PORT DE JAVEL BAS,139532,0,4,VC,0,0,0,,,0,1,,,,1,,0,0,1,0
1,9,4,1,2,75,FRANCE,ILE-DE-FRANCE,106,75106,PARIS,BOULEVARD SAINT MICHEL,139542,0,4,VC,0,2,4,,,0,0,,,,1,7,0,0,1,0
1,9,1,1,3,75,FRANCE,ILE-DE-FRANCE,117,75117,PARIS,RUE DE TOCQUEVILLE,139545,0,4,VC,0,1,1,,,0,1,,,,1,7,0,0,1,0
1,9,5,1,3,75,FRANCE,ILE-DE-FRANCE,116,75116,PARIS,PLACE DU MARECHAL DE LATTRE DE TASSIGNY,139548,5,4,VC,0,1,0,,,0,1,,,,1,7,0,0,1,0
1,9,2,1,1,75,FRANCE,ILE-DE-FRANCE,103,75103,PARIS,RUE DES TOURNELLES,139563,0,4,VC,0,1,1,,,3,1,,,,1,34,0,0,0,1
1,9,5,1,3,75,FRANCE,ILE-DE-FRANCE,107,75107,PARIS,BOULEVARD RASPAIL,139565,0,4,VC,0,3,2,,,3,1,,,,1,10,0,0,1,0
1,9,3,1,6,75,FRANCE,ILE-DE-FRANCE,116,75116,PARIS,RUE DU DOME,139573,0,4,VC,0,0,2,,,0,1,,,,1,,0,0,0,1
1,9,1,1,3,75,FRANCE,ILE-DE-FRANCE,116,75116,PARIS,BOULEVARD SUCHET,139596,0,4,VC,0,2,2,,,0,4,,,,1,7,0,0,1,0
5,9,2,1,3,75,FRANCE,ILE-DE-FRANCE,116,75116,PARIS,AVENUE GUSTAVE DE SUEDE,139600,0,4,VC,0,2,2,,,0,1,,,,1,7,0,0,1,0
1,9,1,1,3,75,FRANCE,ILE-DE-FRANCE,119,75119,PARIS,AVENUE DE LA PORTE DES LILAS,139622,0,4,VC,0,2,4,,,0,1,,,,1,7,0,0,1,0
1,9,2,1,6,75,FRANCE,ILE-DE-FRANCE,104,75104,PARIS,QUAI DE L'HOTEL DE VILLE,139623,0,4,VC,0,2,2,,,0,4,,,,1,,0,0,0,1
1,9,3,1,3,75,FRANCE,ILE-DE-FRANCE,115,75115,PARIS,AVENUE FELIX FAURE,139626,0,4,VC,0,2,0,,,0,1,,,,1,7,0,0,1,0
5,9,3,1,3,75,FRANCE,ILE-DE-FRANCE,112,75112,PARIS,RUE DU SERGENT BAUCHAT,139632,0,4,VC,0,2,2,,,0,1,,,,1,7,0,0,1,0
1,9,2,2,6,75,FRANCE,ILE-DE-FRANCE,117,75117,PARIS,BOULEVARD PEREIRE,139637,0,4,VC,0,2,2,,,1,5,,,,1,,0,0,0,1