lum,agg,int,atm,col,dep_bis,pays,region,com_bis,com_codeINSEE,communes,N_voie,numac,infra,catr,type_route,voie,circ,nbv,pr,pr1,vosp,situ,lat,long,adr,accident_velo,vehicule_imp,cycl_mort,cycl_bgv,cycl_blg,cycl_indm
1,9,2,2,1,75,FRANCE,ILE-DE-FRANCE,110,75110,PARIS,BOULEVARD DE MAGENTA,139639,5,4,VC,0,2,4,,,0,1,,,,1,30,0,0,0,1
1,9,3,2,3,75,FRANCE,ILE-DE-FRANCE,109,75109,PARIS,BOULEVARD HAUSSMANN,139649,0,4,VC,0,1,1,,,0,0,,,,1,7,0,0,1,0
1,9,1,3,3,75,FRANCE,ILE-DE-FRANCE,107,75107,PARIS,AVENUE DE LA MOTTE PICQUET,139650,0,4,VC,0,2,2,,,0,1,,,,1,10,0,0,1,0
1,9,2,8,6,75,FRANCE,ILE-DE-FRANCE,115,75115,PARIS,PONT DE GRENELLE,139687,2,4,VC,0,2,2,1,0,3,1,,,,1,7,0,0,1,0
1,9,2,1,3,75,FRANCE,ILE-DE-FRANCE,117,75117,PARIS,AVENUE DE LA PORTE D'ASNIERES,139710,0,4,VC,0,2,0,,,0,1,,,,1,32,0,0,1,0
1,9,1,1,3,75,FRANCE,ILE-DE-FRANCE,120,75120,PARIS,RUE DE BELLEVILLE,139731,0,4,VC,0,2,2,,,0,1,,,,1,7,0,0,1,0
1,9,1,1,1,75,FRANCE,ILE-DE-FRANCE,112,75112,PARIS,AVENUE DAUMESNIL,139742,0,4,VC,0,2,3,,,0,5,,,,1,7,0,0,1,0
1,9,1,1,2,75,FRANCE,ILE-DE-FRANCE,117,75117,PARIS,BOULEVARD MALESHERBES,139744,0,4,VC,0,0,2,,,0,1,,,,1,7,0,0,1,0
1,9,3,1,3,75,FRANCE,ILE-DE-FRANCE,110,75110,PARIS,RUE DU FAUBOURG SAINT MARTIN,139746,0,4,VC,0,2,2,,,0,1,,,,1,33,0,0,1,0
1,9,1,1,3,75,FRANCE,ILE-DE-FRANCE,102,75102,PARIS,AVENUE DE L'OPERA,139761,0,4,VC,0,3,5,,,3,0,,,,1,7,0,0,1,0
1,9,1,1,3,75,FRANCE,ILE-DE-FRANCE,108,75108,PARIS,RUE SAINT HONORE,139763,0,4,VC,0,2,2,,,0,1,,,,1,7,0,0,1,0
1,9,3,1,3,75,FRANCE,ILE-DE-FRANCE,112,75112,PARIS,AVENUE DAUMESNIL,139769,0,4,VC,0,2,4,,,1,5,,,,1,7,0,0,1,0
1,9,2,1,7,75,FRANCE,ILE-DE-FRANCE,101,75101,PARIS,QUAI FRANCOIS MITTERRAND,139772,0,4,VC,0,1,3,,,0,0,,,,1,,0,0,1,0
1,9,1,1,3,75,FRANCE,ILE-DE-FRANCE,113,75113,PARIS,AVENUE LEON BOLLEE,139779,0,4,VC,0,1,1,,,0,4,,,,1,7,0,0,1,0
1,9,1,1,3,75,FRANCE,ILE-DE-FRANCE,117,75117,PARIS,BOULEVARD BESSIERES,139788,0,4,VC,0,2,2,,,0,1,,,,1,7,0,0,1,0
1,9,6,1,3,75,FRANCE,ILE-DE-FRANCE,113,75113,PARIS,PLACE D'ITALIE,139799,0,4,VC,0,1,1,,,0,1,,,,1,7,0,0,1,0
1,9,1,1,7,75,FRANCE,ILE-DE-FRANCE,120,75120,PARIS,AVENUE BENOIT FRACHON ,139814,0,4,VC,0,2,0,,,1,5,,,,1,,0,0,1,0
1,9,2,1,3,75,FRANCE,ILE-DE-FRANCE,117,75117,PARIS,AVENUE DE LA PORTE DE CLICHY,139819,0,4,VC,0,1,1,,,0,1,,,,1,7,0,0,1,0
5,9,5,1,6,75,FRANCE,ILE-DE-FRANCE,110,75110,PARIS,BOULEVARD DE MAGENTA,139854,0,4,VC,0,1,1,12,0,0,1,,,,1,7,0,0,1,0
1,9,1,1,6,75,FRANCE,ILE-DE-FRANCE,102,75102,PARIS,RUE TIQUETONNE,139859,6,4,VC,0,1,1,,,3,1,,,,1,30,0,0,1,0
1,9,1,1,3,75,FRANCE,ILE-DE-FRANCE,113,75113,PARIS,BOULEVARD DE PORT ROYAL,139871,0,4,VC,0,2,2,,,3,1,,,,1,37,0,0,1,0
5,9,2,1,6,75,FRANCE,ILE-DE-FRANCE,111,75111,PARIS,RUE DE LA ROQUETTE,139878,0,4,VC,0,1,1,,,0,1,,,,1,7,0,0,1,0
1,9,1,1,3,75,FRANCE,ILE-DE-FRANCE,115,75115,PARIS,BOULEVARD GARIBALDI,139879,0,4,VC,0,1,2,,,1,1,,,,1,7,0,0,1,0
1,9,1,1,6,75,FRANCE,ILE-DE-FRANCE,106,75106,PARIS,BOULEVARD SAINT MICHEL,139890,0,4,VC,0,4,2,,,3,1,,,,1,,0,0,0,1
1,9,2,1,3,75,FRANCE,ILE-DE-FRANCE,116,75116,PARIS,AVENUE D'IENA,139897,0,4,VC,0,1,1,,,0,1,,,,1,7,0,0,1,0
1,9,1,1,6,75,FRANCE,ILE-DE-FRANCE,120,75120,PARIS,RUE DU JOURDAIN,139899,6,4,VC,0,2,2,,,0,1,,,,1,,0,0,0,1
1,9,1,1,2,75,FRANCE,ILE-DE-FRANCE,102,75102,PARIS,BOULEVARD MONTMARTRE,139900,0,4,VC,0,1,1,,,3,1,,,,1,7,0,0,1,0
1,9,2,1,1,75,FRANCE,ILE-DE-FRANCE,113,75113,PARIS,BOULEVARD DE L'HOPITAL,139912,0,4,VC,0,2,1,,,0,1,,,,1,7,0,0,1,0
1,9,1,1,3,75,FRANCE,ILE-DE-FRANCE,119,75119,PARIS,AVENUE DE FLANDRE,139915,0,4,VC,0,2,2,,,0,1,,,,1,3,0,0,1,0
1,9,1,1,3,75,FRANCE,ILE-DE-FRANCE,111,75111,PARIS,AVENUE LEDRU ROLLIN,139916,0,4,VC,0,2,1,,,0,1,,,,1,7,0,0,1,0
1,9,1,1,3,75,FRANCE,ILE-DE-FRANCE,117,75117,PARIS,RUE DE TOCQUEVILLE,139921,0,4,VC,0,2,2,,,0,1,,,,1,7,0,0,1,0
1,9,1,1,3,75,FRANCE,ILE-DE-FRANCE,112,75112,PARIS,BOULEVARD DE PICPUS,139927,0,4,VC,0,1,1,,,1,5,,,,1,7,0,0,1,0
5,9,1,1,6,75,FRANCE,ILE-DE-FRANCE,110,75110,PARIS,QUAI DE JEMMAPES,139930,0,4,VC,0,1,1,,,1,5,,,,1,,0,0,0,1
1,9,1,1,3,75,FRANCE,ILE-DE-FRANCE,116,75116,PARIS,AVENUE PAUL DOUMER,139938,0,4,VC,0,0,0,,,0,1,,,,1,7,0,0,1,0
1,9,5,1,6,75,FRANCE,ILE-DE-FRANCE,114,75114,PARIS,RUE DU CHATEAU,139955,0,4,VC,0,1,1,,,0,1,,,,1,7,0,0,1,0
1,9,4,1,6,75,FRANCE,ILE-DE-FRANCE,118,75118,PARIS,RUE CHAMPIONNET,139958,0,4,VC,0,2,2,,,0,1,,,,1,,,,,
1,9,5,1,3,75,FRANCE,ILE-DE-FRANCE,109,75109,PARIS,RUE VICTOR MASSE,139967,0,4,VC,0,0,1,,,0,1,,,,1,2,0,0,0,1
1,9,1,1,4,75,FRANCE,ILE-DE-FRANCE,101,75101,PARIS,RUE SAINT HONORE,139972,0,4,VC,0,1,1,,,0,1,,,,1,7,0,0,1,0
1,9,1,8,1,75,FRANCE,ILE-DE-FRANCE,105,75105,PARIS,QUAI SAINT BERNARD,139975,0,4,VC,0,0,1,,,0,1,,,,1,7,0,0,1,0
1,9,1,1,3,75,FRANCE,ILE-DE-FRANCE,108,75108,PARIS,AVENUE FRANKLIN D'ROOSEVELT,139986,0,4,VC,0,2,0,,,0,5,,,,1,13,0,0,1,0
1,9,1,1,1,75,FRANCE,ILE-DE-FRANCE,107,75107,PARIS,RUE DE L'UNIVERSITE,139990,0,4,VC,0,1,1,,,1,1,,,,1,7,0,0,1,0
1,9,2,1,6,75,FRANCE,ILE-DE-FRANCE,103,75103,PARIS,BOULEVARD DE SEBASTOPOL,139993,0,4,VC,0,1,4,,,3,1,,,,1,30,0,0,1,1
1,9,1,1,2,75,FRANCE,ILE-DE-FRANCE,110,75110,PARIS,RUE EUGENE VARLIN,139996,0,4,VC,0,1,1,,,0,1,,,,1,7,0,0,1,0
1,9,1,1,3,75,FRANCE,ILE-DE-FRANCE,113,75113,PARIS,RUE BRUNESEAU,139997,0,4,VC,0,1,2,,,0,1,,,,1,7,0,0,1,0
1,9,4,1,3,75,FRANCE,ILE-DE-FRANCE,106,75106,PARIS,RUE DE RENNES,140001,0,4,VC,0,2,0,,,3,1,,,,1,7,0,0,1,0
1,9,1,1,2,75,FRANCE,ILE-DE-FRANCE,110,75110,PARIS,PLACE DE LA REPUBLIQUE,140018,0,4,VC,0,1,3,,,0,1,,,,1,7,0,0,1,0
5,9,1,1,3,75,FRANCE,ILE-DE-FRANCE,111,75111,PARIS,RUE DE CHARONNE,140021,0,4,VC,0,2,0,,,0,1,,,,1,10,0,0,1,0
1,9,2,1,3,75,FRANCE,ILE-DE-FRANCE,108,75108,PARIS,BOULEVARD HAUSSMANN,140035,0,4,VC,0,1,1,,,0,1,,,,1,7,0,0,1,0
1,9,2,1,3,75,FRANCE,ILE-DE-FRANCE,118,75118,PARIS,RUE LEON ,140040,0,4,VC,0,1,2,,,0,1,,,,1,7,0,0,1,0
2,9,1,1,3,75,FRANCE,ILE-DE-FRANCE,119,75119,PARIS,AVENUE DE FLANDRE,140041,0,4,VC,0,1,2,,,0,1,,,,1,7,0,0,1,0
1,9,1,1,3,75,FRANCE,ILE-DE-FRANCE,113,75113,PARIS,BOULEVARD DE PORT ROYAL,140043,0,4,VC,0,2,2,,,3,1,,,,1,7,0,0,1,0
1,9,3,1,6,75,FRANCE,ILE-DE-FRANCE,107,75107,PARIS,RUE SAINT DOMINIQUE,140044,0,4,VC,0,1,1,,,0,1,,,,1,10,0,0,1,0
1,9,1,1,6,75,FRANCE,ILE-DE-FRANCE,114,75114,PARIS,RUE VERCINGETORIX,140050,0,4,VC,0,2,2,,,1,5,,,,1,,0,0,1,0
1,9,1,1,3,75,FRANCE,ILE-DE-FRANCE,108,75108,PARIS,RUE DU FAUBOURG SAINT HONORE,140073,0,4,VC,0,1,1,,,0,1,,,,1,7,0,0,1,0
1,9,2,1,7,75,FRANCE,ILE-DE-FRANCE,106,75106,PARIS,RUE FRANCISQUE GAY,140107,0,4,VC,0,2,4,,,0,0,,,,1,,0,0,1,0
5,9,3,1,6,75,FRANCE,ILE-DE-FRANCE,104,75104,PARIS,RUE DE RIVOLI,140113,0,4,VC,0,0,3,,,3,1,,,,1,,0,0,1,0
1,9,1,1,2,75,FRANCE,ILE-DE-FRANCE,116,75116,PARIS,BOULEVARD EXELMANS,140122,0,4,VC,0,1,1,,,0,1,,,,1,7,0,0,1,0
1,9,1,1,3,75,FRANCE,ILE-DE-FRANCE,101,75101,PARIS,RUE DE RIVOLI,140125,0,4,VC,0,1,1,,,0,5,,,,1,7,0,0,1,0
1,9,2,1,3,75,FRANCE,ILE-DE-FRANCE,115,75115,PARIS,RUE DE LOURMEL,140127,0,4,VC,0,1,1,,,0,1,,,,1,7,0,0,1,0
1,9,5,1,3,75,FRANCE,ILE-DE-FRANCE,116,75116,PARIS,RUE D'AUTEUIL,140130,0,4,VC,0,1,0,,,0,0,,,,1,7,0,0,1,0
1,9,3,1,7,75,FRANCE,ILE-DE-FRANCE,104,75104,PARIS,RUE GEOFFROY L'ASNIER,140148,0,4,VC,0,2,2,,,0,1,,,,1,,0,0,1,0
1,9,5,1,3,75,FRANCE,ILE-DE-FRANCE,113,75113,PARIS,AVENUE DE LA PORTE D'ITALIE,140150,2,4,VC,0,1,0,,,0,1,,,,1,7,0,0,1,0
1,9,5,1,3,75,FRANCE,ILE-DE-FRANCE,102,75102,PARIS,BOULEVARD DES CAPUCINES,140153,0,4,VC,0,1,4,,,0,1,,,,1,2,0,0,0,1
1,9,5,1,6,75,FRANCE,ILE-DE-FRANCE,117,75117,PARIS,BOULEVARD BESSIERES,140157,0,4,VC,0,1,2,,,0,5,,,,1,,0,0,0,1
1,9,2,1,2,75,FRANCE,ILE-DE-FRANCE,118,75118,PARIS,RUE ORDENER,140173,0,4,VC,0,2,2,1,0,0,1,,,,1,2,0,0,0,1
5,9,2,1,3,75,FRANCE,ILE-DE-FRANCE,102,75102,PARIS,RUE ETIENNE MARCEL,140178,0,4,VC,0,2,2,,,0,1,,,,1,2,0,0,1,0
1,9,1,1,3,75,FRANCE,ILE-DE-FRANCE,111,75111,PARIS,AVENUE LEDRU ROLLIN,140186,0,4,VC,0,2,1,,,0,1,,,,1,7,0,0,1,0
5,9,1,1,3,75,FRANCE,ILE-DE-FRANCE,111,75111,PARIS,RUE DU FAUBOURG SAINT ANTOINE,140192,0,4,VC,0,2,2,,,0,1,,,,1,7,0,0,1,0
1,9,1,1,3,75,FRANCE,ILE-DE-FRANCE,111,75111,PARIS,BOULEVARD VOLTAIRE,140209,0,4,VC,0,2,1,,,0,1,,,,1,10,0,0,1,0
1,9,1,1,2,75,FRANCE,ILE-DE-FRANCE,119,75119,PARIS,PLACE DE LA PORTE DE PANTIN,140215,0,4,VC,0,4,1,,,0,1,,,,1,7,0,0,1,0
1,9,1,1,6,75,FRANCE,ILE-DE-FRANCE,114,75114,PARIS,AVENUE DU MAINE,140234,0,4,VC,0,2,2,,,0,1,,,,1,,0,0,0,1
1,9,2,1,3,75,FRANCE,ILE-DE-FRANCE,108,75108,PARIS,RUE CAMBACERES,140235,0,4,VC,0,1,3,,,0,1,,,,1,7,0,0,1,0
1,9,1,1,7,75,FRANCE,ILE-DE-FRANCE,108,75108,PARIS,RUE DU FAUBOURG SAINT HONORE,140252,0,4,VC,0,2,4,,,0,1,,,,1,,0,0,1,0
1,9,1,1,6,75,FRANCE,ILE-DE-FRANCE,108,75108,PARIS,RUE PASQUIER,140262,0,4,VC,0,1,2,,,0,1,,,,1,32,,,,
1,9,1,1,7,75,FRANCE,ILE-DE-FRANCE,112,75112,PARIS,ROUTE DE BOURDON,140264,0,4,VC,0,1,1,1,0,1,1,,,,1,,0,0,1,0
1,9,1,1,6,75,FRANCE,ILE-DE-FRANCE,111,75111,PARIS,BOULEVARD BEAUMARCHAIS,140266,0,4,VC,0,0,1,,,0,1,,,,1,32,,,,
1,9,2,1,6,75,FRANCE,ILE-DE-FRANCE,109,75109,PARIS,RUE DE PROVENCE,140268,0,4,VC,0,2,2,,,1,5,,,,1,,0,0,1,0
1,9,1,1,3,75,FRANCE,ILE-DE-FRANCE,101,75101,PARIS,RUE SAINT HONORE,140279,0,4,VC,0,1,1,,,0,1,,,,1,7,0,0,1,0
1,9,2,1,3,75,FRANCE,ILE-DE-FRANCE,115,75115,PARIS,RUE DE LOURMEL,140289,0,4,VC,0,2,4,,,0,1,,,,1,7,0,0,1,0
1,9,1,1,3,75,FRANCE,ILE-DE-FRANCE,110,75110,PARIS,RUE DES VINAIGRIERS,140297,0,4,VC,0,1,1,,,0,1,,,,1,7,0,0,1,0
1,9,1,1,7,75,FRANCE,ILE-DE-FRANCE,120,75120,PARIS,RUE DE BUZENVAL,140304,0,4,VC,0,1,1,,,0,1,,,,1,,0,0,1,0
1,9,1,1,3,75,FRANCE,ILE-DE-FRANCE,112,75112,PARIS,PLACE MAZAS,140315,0,4,VC,0,2,4,,,0,1,,,,1,10,0,0,1,0
5,9,2,1,3,75,FRANCE,ILE-DE-FRANCE,110,75110,PARIS,RUE DES VINAIGRIERS,140326,0,4,VC,0,1,1,,,0,1,,,,1,7,0,0,1,0
1,9,1,1,3,75,FRANCE,ILE-DE-FRANCE,112,75112,PARIS,COURS DE VINCENNES,140347,0,4,VC,0,1,1,,,0,1,,,,1,7,0,0,1,0
1,9,1,2,3,75,FRANCE,ILE-DE-FRANCE,112,75112,PARIS,AVENUE DU DOCTEUR ARNOLD NETTER,140362,1,4,VC,0,2,2,,,3,1,,,,1,7,0,0,1,0
2,9,5,1,6,75,FRANCE,ILE-DE-FRANCE,112,75112,PARIS,AVENUE DE LA PORTE DE CHARENTON,140370,6,4,VC,0,2,0,,,0,0,,,,1,,,,,
1,9,1,1,3,75,FRANCE,ILE-DE-FRANCE,109,75109,PARIS,RUE DE LIEGE,140384,0,4,VC,0,1,1,,,0,1,,,,1,30,0,0,1,0
1,9,3,1,6,75,FRANCE,ILE-DE-FRANCE,114,75114,PARIS,RUE RAYMOND LOSSERAND,140389,0,4,VC,0,2,2,,,0,1,,,,1,,0,0,1,0
5,9,1,1,6,75,FRANCE,ILE-DE-FRANCE,112,75112,PARIS,ROUTE DE LA TOURELLE,140390,0,4,VC,0,2,2,,,0,1,,,,1,7,0,0,1,0
5,9,1,1,2,75,FRANCE,ILE-DE-FRANCE,114,75114,PARIS,AVENUE DU GENERAL LECLERC,140392,0,4,VC,0,2,3,,,0,1,,,,1,7,0,0,1,0
1,9,1,1,3,75,FRANCE,ILE-DE-FRANCE,118,75118,PARIS,BOULEVARD BARBES,140412,0,4,VC,0,3,2,,,3,4,,,,1,10,0,0,1,0
1,9,2,2,7,75,FRANCE,ILE-DE-FRANCE,116,75116,PARIS,RUE D'AUTEUIL,140417,0,4,VC,0,0,1,,,0,1,,,,1,,0,0,1,0
1,9,2,2,3,75,FRANCE,ILE-DE-FRANCE,102,75102,PARIS,RUE MONTMARTRE,140456,6,4,VC,0,1,1,1,0,0,1,,,,1,33,0,0,1,0
1,9,5,1,3,75,FRANCE,ILE-DE-FRANCE,113,75113,PARIS,RUE DE TOLBIAC,140464,0,4,VC,0,2,1,,,0,1,,,,1,7,0,0,1,0
1,9,1,1,7,75,FRANCE,ILE-DE-FRANCE,108,75108,PARIS,AVENUE DE WAGRAM,140473,0,4,VC,0,2,3,,,0,1,,,,1,,0,0,1,0
5,9,2,1,3,75,FRANCE,ILE-DE-FRANCE,114,75114,PARIS,RUE VERCINGETORIX,140477,0,4,VC,0,1,2,,,0,1,,,,1,7,0,0,1,0
1,9,3,1,3,75,FRANCE,ILE-DE-FRANCE,118,75118,PARIS,RUE DU PROFESSEUR GOSSET,140482,0,4,VC,0,2,2,,,0,4,,,,1,10,0,0,1,0
1,9,1,1,3,75,FRANCE,ILE-DE-FRANCE,107,75107,PARIS,AVENUE GUSTAVE EIFFEL,140494,0,4,VC,0,1,1,,,0,1,,,,1,7,0,0,1,0
3,9,4,1,3,75,FRANCE,ILE-DE-FRANCE,119,75119,PARIS,BOULEVARD D'INDOCHINE,140516,0,4,VC,0,3,1,,,0,1,,,,1,7,0,0,1,0
1,9,1,8,3,75,FRANCE,ILE-DE-FRANCE,104,75104,PARIS,BOULEVARD DE SEBASTOPOL,140529,0,4,VC,0,1,4,,,3,1,,,,1,14,0,0,1,0
5,9,5,8,3,75,FRANCE,ILE-DE-FRANCE,104,75104,PARIS,PLACE DE LA BASTILLE,140538,5,4,VC,0,4,1,,,0,1,,,,1,7,0,0,1,0
1,9,1,1,7,75,FRANCE,ILE-DE-FRANCE,116,75116,PARIS,ROUTE DE LA SEINE A LA BUTTE MORTEMART,140545,0,4,VC,0,2,2,1,0,1,5,,,,1,,0,0,1,0
1,9,1,1,2,75,FRANCE,ILE-DE-FRANCE,114,75114,PARIS,AVENUE DU GENERAL LECLERC,140552,0,4,VC,0,1,4,,,0,1,,,,1,7,0,0,1,0
1,9,1,1,3,75,FRANCE,ILE-DE-FRANCE,111,75111,PARIS,RUE DU FAUBOURG SAINT ANTOINE,140553,0,4,VC,0,2,2,,,0,1,,,,1,7,0,0,1,0
1,9,5,1,3,75,FRANCE,ILE-DE-FRANCE,118,75118,PARIS,RUE CUSTINE,140572,0,4,VC,0,1,1,,,0,1,,,,1,7,0,0,1,0
2,9,5,1,3,75,FRANCE,ILE-DE-FRANCE,114,75114,PARIS,AVENUE VILLEMAIN,140579,0,4,VC,0,2,1,,,0,1,,,,1,7,0,0,1,0
1,9,1,1,6,75,FRANCE,ILE-DE-FRANCE,117,75117,PARIS,AVENUE DE LA PORTE D'ASNIERES,140597,0,4,VC,0,2,3,,,3,5,,,,1,7,0,0,1,0
1,9,2,1,6,75,FRANCE,ILE-DE-FRANCE,105,75105,PARIS,RUE LAGRANGE,140601,0,4,VC,0,1,4,,,0,5,,,,1,,0,0,0,1
5,9,1,1,6,75,FRANCE,ILE-DE-FRANCE,120,75120,PARIS,BOULEVARD DE BELLEVILLE,140606,0,4,VC,0,1,1,,,1,5,,,,1,,0,0,1,0
4,9,5,1,3,75,FRANCE,ILE-DE-FRANCE,102,75102,PARIS,BOULEVARD MONTMARTRE,140617,0,4,VC,0,1,4,,,0,1,,,,1,7,0,0,1,0
1,9,2,1,3,75,FRANCE,ILE-DE-FRANCE,103,75103,PARIS,RUE BEAUBOURG,140618,0,4,VC,0,1,3,,,0,1,,,,1,10,0,0,1,0
1,9,2,1,6,75,FRANCE,ILE-DE-FRANCE,106,75106,PARIS,PLACE HENRI MONDOR,140633,0,4,VC,0,1,0,,,0,1,,,,1,,0,0,0,1
1,9,1,1,4,75,FRANCE,ILE-DE-FRANCE,118,75118,PARIS,RUE ORDENER,140634,0,4,VC,0,2,3,,,3,1,,,,1,7,0,0,1,0
1,9,1,1,3,75,FRANCE,ILE-DE-FRANCE,112,75112,PARIS,AVENUE DAUMESNIL,140636,0,4,VC,0,2,4,,,1,5,,,,1,7,0,0,1,0
1,9,3,1,3,75,FRANCE,ILE-DE-FRANCE,116,75116,PARIS,RUE DE L'AMIRAL CLOUE,140647,0,4,VC,0,0,0,,,0,1,,,,1,7,0,0,1,0
1,9,2,1,3,75,FRANCE,ILE-DE-FRANCE,113,75113,PARIS,AVENUE DE FRANCE,140653,0,4,VC,0,0,2,,,0,1,,,,1,7,0,0,1,0
1,9,1,1,3,75,FRANCE,ILE-DE-FRANCE,115,75115,PARIS,RUE BALARD,140661,0,4,VC,0,2,2,,,0,1,,,,1,7,0,0,1,0
1,9,1,1,3,75,FRANCE,ILE-DE-FRANCE,116,75116,PARIS,AVENUE DU MAHATMA GANDHI,140674,0,4,VC,0,2,2,,,0,1,,,,1,7,0,0,1,0
1,9,1,1,3,75,FRANCE,ILE-DE-FRANCE,118,75118,PARIS,RUE JOSEPH DE MAISTRE,140679,0,4,VC,0,1,0,,,0,1,,,,1,10,0,0,1,0
1,9,4,1,6,75,FRANCE,ILE-DE-FRANCE,120,75120,PARIS,RUE DU SOLEIL ,140681,0,4,VC,0,2,2,,,0,1,,,,1,,0,0,0,1
1,9,1,1,6,75,FRANCE,ILE-DE-FRANCE,116,75116,PARIS,ROUTE DE LA SEINE A LA BUTTE MORTEMART,140691,0,4,VC,0,0,1,,,0,1,,,,1,,0,0,1,0
1,9,2,1,3,75,FRANCE,ILE-DE-FRANCE,120,75120,PARIS,RUE DE LA CHINE,140696,0,4,VC,0,1,1,,,0,1,,,,1,7,0,0,1,0
5,9,3,1,3,75,FRANCE,ILE-DE-FRANCE,112,75112,PARIS,BOULEVARD DIDEROT,140699,0,4,VC,0,2,1,,,0,1,,,,1,7,0,0,1,0
5,9,2,1,3,75,FRANCE,ILE-DE-FRANCE,120,75120,PARIS,RUE OBERKAMPF,140701,0,4,VC,0,1,1,,,0,1,,,,1,32,0,0,1,0
1,9,2,1,6,75,FRANCE,ILE-DE-FRANCE,118,75118,PARIS,RUE DES POISSONNIERS,140708,0,4,VC,0,1,1,,,0,1,,,,1,7,,,,
1,9,3,1,3,75,FRANCE,ILE-DE-FRANCE,107,75107,PARIS,QUAI ANATOLE FRANCE,140729,0,4,VC,0,1,3,,,0,1,,,,1,37,0,0,1,0
5,9,1,1,7,75,FRANCE,ILE-DE-FRANCE,109,75109,PARIS,RUE LE PELETIER,140734,0,4,VC,0,1,3,,,3,1,,,,1,,0,0,1,1
1,9,2,1,3,75,FRANCE,ILE-DE-FRANCE,103,75103,PARIS,RUE DE TURENNE,140741,0,4,VC,0,2,1,,,0,1,,,,1,13,0,0,1,0
1,9,3,1,6,75,FRANCE,ILE-DE-FRANCE,114,75114,PARIS,RUE WILFRID LAURIER,140752,0,4,VC,0,0,1,,,0,4,,,,1,,,,,
1,9,1,1,6,75,FRANCE,ILE-DE-FRANCE,113,75113,PARIS,AVENUE D'ITALIE,140753,0,4,VC,0,1,1,,,1,5,,,,1,,0,0,0,1
1,9,2,1,2,75,FRANCE,ILE-DE-FRANCE,110,75110,PARIS,BOULEVARD DE STRASBOURG,140754,5,4,VC,0,1,4,,,0,1,,,,1,7,0,0,1,0
1,9,2,1,2,75,FRANCE,ILE-DE-FRANCE,102,75102,PARIS,RUE DU QUATRE SEPTEMBRE,140755,0,4,VC,0,1,3,,,3,1,,,,1,10,0,0,1,0
1,9,2,1,3,75,FRANCE,ILE-DE-FRANCE,103,75103,PARIS,RUE DE TURBIGO,140760,0,4,VC,0,1,2,,,1,5,,,,1,2,0,0,1,0
1,9,1,1,3,75,FRANCE,ILE-DE-FRANCE,117,75117,PARIS,BOULEVARD DE COURCELLES,140770,0,4,VC,0,2,2,,,0,1,,,,1,7,0,0,1,0
1,9,1,1,6,75,FRANCE,ILE-DE-FRANCE,115,75115,PARIS,BOULEVARD DE GRENELLE,140786,0,4,VC,0,0,1,,,1,5,,,,1,,0,0,0,1
1,9,1,1,7,75,FRANCE,ILE-DE-FRANCE,110,75110,PARIS,QUAI DE VALMY,140790,0,4,VC,0,1,1,,,1,5,,,,1,,0,0,1,0
1,9,1,1,7,75,FRANCE,ILE-DE-FRANCE,113,75113,PARIS,RUE PASCAL,140817,0,4,VC,0,1,1,,,0,1,,,,1,,0,0,1,0
1,9,3,1,3,75,FRANCE,ILE-DE-FRANCE,105,75105,PARIS,RUE BERTHOLLET,140819,0,4,VC,0,2,2,,,0,1,,,,1,7,0,0,1,0
1,9,5,1,2,75,FRANCE,ILE-DE-FRANCE,105,75105,PARIS,PLACE DU PANTHEON,140822,0,4,VC,0,2,2,,,0,1,,,,1,7,0,0,1,0
1,9,2,1,3,75,FRANCE,ILE-DE-FRANCE,117,75117,PARIS,RUE DE PRONY,140830,0,4,VC,0,2,2,,,0,1,,,,1,7,0,0,1,0
1,9,2,1,3,75,FRANCE,ILE-DE-FRANCE,120,75120,PARIS,RUE DE LA PLAINE,140857,0,4,VC,0,1,1,,,0,1,,,,1,10,0,0,1,0
1,9,2,1,3,75,FRANCE,ILE-DE-FRANCE,107,75107,PARIS,RUE MALAR,140890,0,4,VC,0,2,2,,,0,1,,,,1,10,0,0,1,0
1,9,2,1,3,75,FRANCE,ILE-DE-FRANCE,114,75114,PARIS,RUE D'ALESIA,140919,0,4,VC,0,2,4,,,3,1,,,,1,7,0,0,1,0
1,9,2,1,3,75,FRANCE,ILE-DE-FRANCE,101,75101,PARIS,PLACE DU CHATELET,140921,0,4,VC,0,1,4,,,0,1,,,,1,37,0,0,1,0
1,9,1,1,6,75,FRANCE,ILE-DE-FRANCE,113,75113,PARIS,BOULEVARD VINCENT AURIOL,140925,0,4,VC,0,1,1,,,3,1,,,,1,,0,0,0,1
1,9,1,1,6,75,FRANCE,ILE-DE-FRANCE,106,75106,PARIS,RUE D'ASSAS,140930,0,4,VC,0,2,2,,,0,1,,,,1,,0,0,1,0
1,9,2,2,3,75,FRANCE,ILE-DE-FRANCE,115,75115,PARIS,RUE BALARD,140933,0,4,VC,0,2,2,,,0,0,,,,1,30,0,0,0,1
5,9,2,1,6,75,FRANCE,ILE-DE-FRANCE,112,75112,PARIS,RUE DU FAUBOURG SAINT ANTOINE,140935,0,4,VC,0,2,3,,,3,1,,,,1,32,0,0,1,0
5,9,1,1,3,75,FRANCE,ILE-DE-FRANCE,113,75113,PARIS,BOULEVARD DE L'HOPITAL,140937,0,4,VC,0,3,6,,,3,1,,,,1,7,0,0,1,0
1,9,5,1,3,75,FRANCE,ILE-DE-FRANCE,108,75108,PARIS,AVENUE FRANKLIN D'ROOSEVELT,140939,0,4,VC,0,2,2,,,0,1,,,,1,7,0,0,1,0
5,9,1,3,6,75,FRANCE,ILE-DE-FRANCE,116,75116,PARIS,BOULEVARD DE L'AMIRAL BRUIX,140956,0,4,VC,0,2,0,,,0,1,,,,1,7,0,0,1,0
1,9,5,2,6,75,FRANCE,ILE-DE-FRANCE,101,75101,PARIS,PLACE RENE CASSIN,140965,6,4,VC,0,0,1,1,0,0,0,,,,1,,0,0,0,1
5,9,2,1,3,75,FRANCE,ILE-DE-FRANCE,103,75103,PARIS,RUE AUX OURS,140993,0,4,VC,0,1,2,,,0,1,,,,1,7,0,0,1,0