lum,agg,int,atm,col,dep_bis,pays,region,com_bis,com_codeINSEE,communes,N_voie,numac,infra,catr,type_route,voie,circ,nbv,pr,pr1,vosp,situ,lat,long,adr,accident_velo,vehicule_imp,cycl_mort,cycl_bgv,cycl_blg,cycl_indm
5,9,1,1,2,75,FRANCE,ILE-DE-FRANCE,112,75112,PARIS,BOULEVARD DE BERCY,140995,0,4,VC,0,1,0,,,0,1,,,,1,7,0,0,1,0
1,9,1,1,2,75,FRANCE,ILE-DE-FRANCE,110,75110,PARIS,BOULEVARD DE MAGENTA,141004,0,4,VC,0,1,2,,,1,4,,,,1,30,0,0,1,0
1,9,5,1,6,75,FRANCE,ILE-DE-FRANCE,104,75104,PARIS,RUE DE RIVOLI,141009,0,4,VC,0,1,3,,,0,1,,,,1,,0,0,0,1
1,9,5,1,3,75,FRANCE,ILE-DE-FRANCE,111,75111,PARIS,BOULEVARD RICHARD LENOIR,141011,0,4,VC,0,1,2,,,1,5,,,,1,10,0,0,1,0
1,9,1,1,6,75,FRANCE,ILE-DE-FRANCE,110,75110,PARIS,RUE CAIL,141025,0,4,VC,0,1,0,,,0,1,,,,1,,0,0,0,1
1,9,1,1,3,75,FRANCE,ILE-DE-FRANCE,106,75106,PARIS,RUE DE RENNES,141034,0,4,VC,0,2,3,,,3,1,,,,1,10,0,0,1,0
1,9,1,1,3,75,FRANCE,ILE-DE-FRANCE,113,75113,PARIS,AVENUE DE LA PORTE DE VITRY,141035,0,4,VC,0,2,1,27,0,0,1,,,,1,7,0,0,1,0
1,9,1,1,6,75,FRANCE,ILE-DE-FRANCE,120,75120,PARIS,COURS DE VINCENNES,141040,0,4,VC,0,1,1,,,0,1,,,,1,,0,0,1,0
1,9,5,1,3,75,FRANCE,ILE-DE-FRANCE,114,75114,PARIS,RUE DU COMMANDANT RENE MOUCHOTTE,141056,5,4,VC,0,0,2,0,1,0,1,,,,1,7,0,0,1,0
5,9,1,8,3,75,FRANCE,ILE-DE-FRANCE,102,75102,PARIS,AVENUE DE L'OPERA,141067,0,4,VC,0,2,3,,,3,1,,,,1,7,0,0,1,0
1,9,3,1,6,75,FRANCE,ILE-DE-FRANCE,101,75101,PARIS,RUE SAINTE ANNE,141077,0,4,VC,0,1,1,,,0,0,,,,1,,0,0,1,0
1,9,2,1,3,75,FRANCE,ILE-DE-FRANCE,109,75109,PARIS,RUE DE TREVISE,141080,0,4,VC,0,2,1,,,0,1,,,,1,7,0,0,1,0
1,9,3,1,3,75,FRANCE,ILE-DE-FRANCE,101,75101,PARIS,RUE DE RIVOLI,141084,0,4,VC,0,2,4,,,3,1,,,,1,14,0,0,1,0
1,9,5,1,3,75,FRANCE,ILE-DE-FRANCE,101,75101,PARIS,PONT DU CARROUSEL,141087,2,4,VC,0,1,2,,,0,1,,,,1,7,0,0,1,0
1,9,1,1,1,75,FRANCE,ILE-DE-FRANCE,112,75112,PARIS,AVENUE DAUMESNIL SAINT MANDE,141090,0,4,VC,0,0,0,,,1,5,,,,1,,0,0,1,0
5,9,2,1,6,75,FRANCE,ILE-DE-FRANCE,117,75117,PARIS,BOULEVARD DES BATIGNOLLES,141092,5,4,VC,0,2,4,,,0,1,,,,1,10,0,0,1,0
2,9,1,1,3,75,FRANCE,ILE-DE-FRANCE,114,75114,PARIS,RUE D'ALESIA,141101,0,4,VC,0,0,0,,,0,4,,,,1,7,0,0,1,0
1,9,1,1,7,75,FRANCE,ILE-DE-FRANCE,112,75112,PARIS,AVENUE LEDRU ROLLIN,141122,0,4,VC,0,2,2,,,0,1,,,,1,,0,0,1,1
1,9,2,1,3,75,FRANCE,ILE-DE-FRANCE,107,75107,PARIS,QUAI ANATOLE FRANCE,141128,0,4,VC,0,1,0,,,3,1,,,,1,7,0,0,1,1
1,9,1,1,3,75,FRANCE,ILE-DE-FRANCE,105,75105,PARIS,RUE GAY LUSSAC,141130,0,4,VC,0,2,2,,,0,1,,,,1,7,0,0,1,0
3,9,2,3,1,75,FRANCE,ILE-DE-FRANCE,110,75110,PARIS,RUE DE VALENCIENNES,141134,0,4,VC,0,1,2,,,3,1,,,,1,7,0,0,1,0
1,9,2,2,3,75,FRANCE,ILE-DE-FRANCE,118,75118,PARIS,BOULEVARD DE LA CHAPELLE,141153,0,4,VC,0,1,2,,,0,1,,,,1,7,0,0,1,0
1,9,5,1,3,75,FRANCE,ILE-DE-FRANCE,107,75107,PARIS,AVENUE DE BRETEUIL,141161,0,4,VC,0,1,1,,,0,1,,,,1,7,0,0,1,0
1,9,2,1,3,75,FRANCE,ILE-DE-FRANCE,113,75113,PARIS,AVENUE DE LA PORTE D'ITALIE,141162,0,4,VC,0,3,3,,,3,1,,,,1,32,0,0,1,0
1,9,1,1,6,75,FRANCE,ILE-DE-FRANCE,112,75112,PARIS,AVENUE DAUMESNIL,141174,0,4,VC,0,2,4,,,1,5,,,,1,,0,0,1,0
1,9,2,1,3,75,FRANCE,ILE-DE-FRANCE,112,75112,PARIS,RUE DE REUILLY,141185,0,4,VC,0,2,2,,,0,1,,,,1,7,0,0,1,0
5,9,1,1,3,75,FRANCE,ILE-DE-FRANCE,110,75110,PARIS,BOULEVARD DE LA CHAPELLE,141191,0,4,VC,0,1,1,,,2,1,,,,1,30,0,0,1,0
5,9,2,1,3,75,FRANCE,ILE-DE-FRANCE,114,75114,PARIS,RUE DE GERGOVIE,141193,0,4,VC,0,1,2,,,0,1,,,,1,7,0,0,1,0
1,9,2,8,2,75,FRANCE,ILE-DE-FRANCE,109,75109,PARIS,RUE CHARRAS,141196,0,4,VC,0,1,1,,,0,1,,,,1,7,0,0,1,0
5,9,1,1,6,75,FRANCE,ILE-DE-FRANCE,117,75117,PARIS,RUE DE TILSITT,141207,0,4,VC,0,1,1,,,0,1,,,,1,,,,,
1,9,1,3,3,75,FRANCE,ILE-DE-FRANCE,111,75111,PARIS,AVENUE LEDRU ROLLIN,141209,0,4,VC,0,2,2,,,0,1,,,,1,7,0,0,1,0
1,9,1,1,3,75,FRANCE,ILE-DE-FRANCE,112,75112,PARIS,BOULEVARD DIDEROT,141231,0,4,VC,0,2,2,,,0,1,,,,1,7,0,0,1,0
5,9,2,1,6,75,FRANCE,ILE-DE-FRANCE,116,75116,PARIS,RUE DE LUBECK,141242,0,4,VC,0,1,1,,,0,1,,,,1,,0,0,1,0
5,9,1,1,3,75,FRANCE,ILE-DE-FRANCE,111,75111,PARIS,BOULEVARD RICHARD LENOIR,141246,0,4,VC,0,1,1,,,0,1,,,,1,2,0,0,1,0
1,9,5,1,3,75,FRANCE,ILE-DE-FRANCE,112,75112,PARIS,RUE TRAVERSIERE,141249,1,4,VC,0,1,1,,,1,1,,,,1,7,0,0,1,0
1,9,5,1,7,75,FRANCE,ILE-DE-FRANCE,106,75106,PARIS,PLACE PAUL CLAUDEL,141252,0,4,VC,0,3,2,,,0,1,,,,1,,0,0,1,0
1,9,5,1,6,75,FRANCE,ILE-DE-FRANCE,117,75117,PARIS,AVENUE DE LA GRANDE ARMEE,141288,0,4,VC,0,2,4,,,0,1,,,,1,7,0,0,1,0
5,9,1,1,7,75,FRANCE,ILE-DE-FRANCE,115,75115,PARIS,SOUTERRAIN CITROEN CEVENNES,141303,1,4,VC,0,1,2,,,0,1,,,,1,,0,0,1,0
1,9,1,1,2,75,FRANCE,ILE-DE-FRANCE,111,75111,PARIS,RUE DE CHARONNE,141305,0,4,VC,0,2,1,,,0,1,,,,1,7,0,0,1,0
1,9,2,1,2,75,FRANCE,ILE-DE-FRANCE,101,75101,PARIS,RUE DE LA PAIX,141310,0,4,VC,0,2,2,,,0,1,,,,1,7,0,0,1,0
1,9,1,1,3,75,FRANCE,ILE-DE-FRANCE,116,75116,PARIS,ALLEE  DE LA REINE MARGUERITE,141312,0,4,VC,0,2,1,,,0,0,,,,1,7,0,0,1,0
5,9,1,1,3,75,FRANCE,ILE-DE-FRANCE,110,75110,PARIS,BOULEVARD SAINT DENIS,141319,0,4,VC,0,1,3,,,0,1,,,,1,7,0,0,1,0
5,9,1,8,6,75,FRANCE,ILE-DE-FRANCE,111,75111,PARIS,BOULEVARD BEAUMARCHAIS,141334,0,4,VC,0,1,1,,,0,4,,,,1,,0,0,1,0
2,9,1,1,4,75,FRANCE,ILE-DE-FRANCE,114,75114,PARIS,AVENUE RENE COTY,141353,0,4,VC,0,2,2,,,0,1,,,,1,7,0,0,1,0
1,9,2,2,3,75,FRANCE,ILE-DE-FRANCE,112,75112,PARIS,BOULEVARD DE PICPUS,141366,0,4,VC,0,2,4,,,0,1,,,,1,32,0,0,1,0
1,9,1,2,2,75,FRANCE,ILE-DE-FRANCE,115,75115,PARIS,RUE DES ENTREPRENEURS,141367,0,4,VC,0,2,2,,,0,1,,,,1,7,0,0,1,0
1,9,1,8,7,75,FRANCE,ILE-DE-FRANCE,112,75112,PARIS,AVENUE DAUMESNIL,141384,0,4,VC,0,2,4,,,1,5,,,,1,,0,0,1,0
5,9,3,1,3,75,FRANCE,ILE-DE-FRANCE,103,75103,PARIS,RUE DU TEMPLE,141391,0,4,VC,0,1,2,,,3,1,,,,1,7,0,0,1,0
1,9,1,1,3,75,FRANCE,ILE-DE-FRANCE,112,75112,PARIS,ROUTE ROYALE DE BEAUTE,141402,0,4,VC,0,1,0,,,1,5,4883464,243893,,1,,0,0,0,1
1,9,5,1,7,75,FRANCE,ILE-DE-FRANCE,114,75114,PARIS,AVENUE DU GENERAL LECLERC,141410,6,4,VC,0,2,5,,,0,1,,,,1,,0,0,1,0
5,9,1,1,7,75,FRANCE,ILE-DE-FRANCE,101,75101,PARIS,RUE DE RIVOLI,141421,0,4,VC,0,1,4,,,3,5,,,,1,,0,0,1,0
1,9,5,1,2,75,FRANCE,ILE-DE-FRANCE,111,75111,PARIS,RUE DE LA ROQUETTE,141427,5,4,VC,0,1,4,,,0,1,,,,1,7,0,0,1,0
1,9,3,2,3,75,FRANCE,ILE-DE-FRANCE,118,75118,PARIS,BOULEVARD NEY,141452,0,4,VC,0,1,2,,,3,1,,,,1,14,0,0,1,0
1,9,1,1,2,75,FRANCE,ILE-DE-FRANCE,114,75114,PARIS,RUE PERNETY,141494,0,4,VC,0,1,1,,,0,1,,,,1,7,0,0,1,0
1,9,1,1,3,75,FRANCE,ILE-DE-FRANCE,107,75107,PARIS,QUAI BRANLY,141497,0,4,VC,0,1,1,,,0,1,,,,1,34,0,0,1,0
5,9,1,1,6,75,FRANCE,ILE-DE-FRANCE,115,75115,PARIS,AVENUE FELIX FAURE,141504,0,4,VC,0,2,2,,,0,4,,,,1,,0,0,0,1
1,9,1,1,3,75,FRANCE,ILE-DE-FRANCE,115,75115,PARIS,BOULEVARD DE GRENELLE,141522,0,4,VC,0,1,1,,,1,5,,,,1,34,0,0,1,0
1,9,5,1,3,75,FRANCE,ILE-DE-FRANCE,108,75108,PARIS,AVENUE DES CHAMPS ELYSEES,141527,0,4,VC,0,2,1,,,0,1,,,,1,7,0,0,1,0
1,9,5,1,3,75,FRANCE,ILE-DE-FRANCE,110,75110,PARIS,BOULEVARD DE MAGENTA,141529,0,4,VC,0,0,2,,,1,1,,,,1,7,0,0,1,0
1,9,3,1,3,75,FRANCE,ILE-DE-FRANCE,112,75112,PARIS,QUAI DE LA RAPEE,141538,0,4,VC,0,1,2,,,0,1,,,,1,10,0,0,1,0
1,9,1,1,6,75,FRANCE,ILE-DE-FRANCE,106,75106,PARIS,RUE DU CHERCHE MIDI,141541,0,4,VC,0,1,2,,,2,1,,,,1,,0,0,1,0
1,9,1,1,3,75,FRANCE,ILE-DE-FRANCE,105,75105,PARIS,AVENUE DE L'OBSERVATOIRE,141570,0,4,VC,0,1,0,,,3,1,,,,1,7,0,0,1,0
1,9,5,1,2,75,FRANCE,ILE-DE-FRANCE,103,75103,PARIS,PLACE DE LA REPUBLIQUE,141576,0,4,VC,0,3,4,,,0,1,,,,1,,0,0,0,1
1,9,2,1,3,75,FRANCE,ILE-DE-FRANCE,110,75110,PARIS,RUE DU 8 MAI 1945,141582,0,4,VC,0,2,2,,,0,1,,,,1,13,0,0,1,0
1,9,2,1,2,75,FRANCE,ILE-DE-FRANCE,107,75107,PARIS,RUE DE BABYLONE,141585,0,4,VC,0,1,2,,,0,1,,,,1,7,0,0,1,0
5,9,4,1,3,75,FRANCE,ILE-DE-FRANCE,114,75114,PARIS,AVENUE DE LA PORTE DE CHATILLON,141592,0,4,VC,0,1,2,,,0,1,,,,1,7,0,0,1,0
2,9,5,1,3,75,FRANCE,ILE-DE-FRANCE,103,75103,PARIS,RUE DE TURBIGO,141667,0,4,VC,0,1,2,,,0,1,,,,1,7,0,0,1,0
1,9,1,1,3,75,FRANCE,ILE-DE-FRANCE,115,75115,PARIS,RUE DES MORILLONS,141675,0,4,VC,0,2,0,,,0,1,,,,1,33,0,0,1,0
3,9,1,1,3,75,FRANCE,ILE-DE-FRANCE,105,75105,PARIS,BOULEVARD SAINT GERMAIN,141683,0,4,VC,0,1,2,,,3,1,,,,1,7,0,0,1,0
1,9,1,1,6,75,FRANCE,ILE-DE-FRANCE,116,75116,PARIS,ROUTE DES TRIBUNES,141699,0,4,VC,0,1,3,,,0,1,,,,1,,0,0,0,1
1,9,3,1,3,75,FRANCE,ILE-DE-FRANCE,113,75113,PARIS,AVENUE BOUTROUX,141701,0,4,VC,0,1,2,,,0,1,,,,1,10,0,0,1,0
1,9,5,2,7,75,FRANCE,ILE-DE-FRANCE,116,75116,PARIS,BOULEVARD MURAT,141709,0,4,VC,0,2,0,,,0,1,,,,1,,0,0,1,0
1,9,5,2,3,75,FRANCE,ILE-DE-FRANCE,109,75109,PARIS,BOULEVARD DE MAGENTA,141722,0,4,VC,0,0,0,,,0,1,,,,1,7,0,0,1,0
5,9,1,1,3,75,FRANCE,ILE-DE-FRANCE,117,75117,PARIS,BOULEVARD BESSIERES,141730,0,4,VC,0,2,2,,,3,1,,,,1,10,0,0,1,0
1,9,3,1,2,75,FRANCE,ILE-DE-FRANCE,108,75108,PARIS,RUE WASHINGTON,141745,0,4,VC,0,1,1,,,0,1,,,,1,7,0,0,1,0
5,9,2,1,2,75,FRANCE,ILE-DE-FRANCE,109,75109,PARIS,RUE LA FAYETTE,141747,0,4,VC,0,1,1,,,0,1,,,,1,7,0,0,1,0
5,9,2,1,3,75,FRANCE,ILE-DE-FRANCE,109,75109,PARIS,BOULEVARD HAUSSMANN,141749,0,4,VC,0,1,1,,,0,1,,,,1,7,0,0,1,0
1,9,4,1,3,75,FRANCE,ILE-DE-FRANCE,119,75119,PARIS,RUE ALEXANDER FLEMING,141751,0,4,VC,0,2,2,,,2,5,,,,1,7,0,0,1,0
1,9,5,1,3,75,FRANCE,ILE-DE-FRANCE,108,75108,PARIS,COURS LA REINE,141756,0,4,VC,0,1,4,,,1,5,,,,1,32,0,0,1,0
5,9,1,1,1,75,FRANCE,ILE-DE-FRANCE,105,75105,PARIS,RUE DE L'ABBE DE L'EPEE,141766,0,4,VC,0,1,1,,,2,1,,,,1,32,0,0,1,0
5,9,2,1,3,75,FRANCE,ILE-DE-FRANCE,116,75116,PARIS,RUE WILHEM,141769,0,4,VC,0,1,2,,,0,1,,,,1,30,0,0,0,1
5,9,2,1,3,75,FRANCE,ILE-DE-FRANCE,119,75119,PARIS,RUE ADOLPHE MILLE,141773,0,4,VC,0,2,2,,,0,1,,,,1,7,0,0,1,0
1,9,1,1,6,75,FRANCE,ILE-DE-FRANCE,104,75104,PARIS,RUE DU PETIT MUSC,141781,0,4,VC,0,1,1,,,0,4,,,,1,,0,0,0,1
2,9,5,1,6,75,FRANCE,ILE-DE-FRANCE,109,75109,PARIS,PLACE DE CLICHY,141787,0,4,VC,0,0,3,,,0,1,,,,1,,0,0,0,1
5,9,5,1,3,75,FRANCE,ILE-DE-FRANCE,118,75118,PARIS,RUE CAULAINCOURT,141788,0,4,VC,0,3,5,,,0,1,,,,1,34,0,0,1,0
1,9,2,8,6,75,FRANCE,ILE-DE-FRANCE,108,75108,PARIS,BOULEVARD HAUSSMANN,141793,0,4,VC,0,1,3,,,3,1,,,,1,,,,,
5,9,5,1,6,75,FRANCE,ILE-DE-FRANCE,112,75112,PARIS,RUE VAN GOGH,141827,0,4,VC,0,1,7,,,0,1,,,,1,7,0,0,1,0
1,9,1,1,3,75,FRANCE,ILE-DE-FRANCE,113,75113,PARIS,AVENUE D'ITALIE,141857,0,4,VC,0,2,6,,,1,5,,,,1,7,0,0,1,0
1,9,2,1,6,75,FRANCE,ILE-DE-FRANCE,111,75111,PARIS,RUE JEAN PIERRE TIMBAUD,141859,0,4,VC,0,1,2,,,0,1,,,,1,2,0,0,1,0
5,9,1,1,3,75,FRANCE,ILE-DE-FRANCE,116,75116,PARIS,ROUTE DES TRIBUNES,141862,0,4,VC,0,1,1,,,1,1,,,,1,7,0,0,1,0
5,9,2,1,3,75,FRANCE,ILE-DE-FRANCE,115,75115,PARIS,AVENUE DE LA PORTE BRANCION,141865,0,4,VC,0,3,1,,,0,1,,,,1,7,0,0,1,0
5,9,2,3,5,75,FRANCE,ILE-DE-FRANCE,117,75117,PARIS,RUE DAVY,141885,0,4,VC,0,1,1,,,0,0,,,,1,7,0,0,1,0
1,9,1,3,7,75,FRANCE,ILE-DE-FRANCE,116,75116,PARIS,AVENUE DE VERSAILLES,141912,0,4,VC,0,3,2,,,0,1,,,,1,,0,0,1,0
1,9,5,1,3,75,FRANCE,ILE-DE-FRANCE,113,75113,PARIS,RUE DE TOLBIAC,141915,0,4,VC,0,2,2,,,0,1,,,,1,7,0,0,1,0
1,9,5,8,3,75,FRANCE,ILE-DE-FRANCE,105,75105,PARIS,PLACE DU PANTHEON,141916,0,4,VC,0,1,1,,,0,1,,,,1,7,0,0,1,0
1,9,3,2,3,75,FRANCE,ILE-DE-FRANCE,107,75107,PARIS,RUE DE GRENELLE,141941,0,4,VC,0,1,0,,,0,1,,,,1,7,0,0,1,0
1,9,5,3,3,75,FRANCE,ILE-DE-FRANCE,103,75103,PARIS,RUE REAUMUR,141995,0,4,VC,0,1,3,,,3,1,,,,1,7,0,0,1,0
5,9,1,2,6,75,FRANCE,ILE-DE-FRANCE,112,75112,PARIS,AVENUE DAUMESNIL,141998,0,4,VC,0,2,2,,,0,1,,,,1,7,0,0,1,0
1,9,1,1,3,75,FRANCE,ILE-DE-FRANCE,111,75111,PARIS,RUE DU FAUBOURG SAINT ANTOINE,142010,6,4,VC,0,2,0,,,0,1,,,,1,10,0,0,1,0
1,9,1,1,6,75,FRANCE,ILE-DE-FRANCE,115,75115,PARIS,RUE D'ORADOUR SUR GLANE,142024,0,4,VC,0,1,1,,,1,5,,,,1,,0,0,0,1
1,9,2,1,3,75,FRANCE,ILE-DE-FRANCE,111,75111,PARIS,BOULEVARD JULES FERRY,142026,0,4,VC,0,1,1,,,1,1,,,,1,32,0,0,1,0
1,9,3,1,3,75,FRANCE,ILE-DE-FRANCE,114,75114,PARIS,AVENUE DU MAINE,142030,0,4,VC,0,1,1,,,0,1,,,,1,10,0,0,1,0
5,9,5,3,3,75,FRANCE,ILE-DE-FRANCE,108,75108,PARIS,AVENUE DES CHAMPS ELYSEES,142057,0,4,VC,0,1,1,,,0,0,,,,1,7,0,0,1,0
5,9,1,8,7,75,FRANCE,ILE-DE-FRANCE,112,75112,PARIS,ROUTE DE LA PYRAMIDE,142090,0,4,VC,0,2,0,,,0,4,,,,1,,0,0,1,0
5,9,2,1,5,75,FRANCE,ILE-DE-FRANCE,115,75115,PARIS,AVENUE DE LA PORTE DE SEVRES,142121,0,4,VC,0,3,2,,,0,1,,,,1,7,0,0,1,0
5,9,2,1,3,75,FRANCE,ILE-DE-FRANCE,115,75115,PARIS,AVENUE EMILE ZOLA,142123,0,4,VC,0,2,1,,,0,1,,,,1,7,0,0,1,0
2,9,5,1,3,75,FRANCE,ILE-DE-FRANCE,112,75112,PARIS,QUAI DE LA RAPEE,142128,0,4,VC,0,1,3,,,1,1,,,,1,10,0,0,1,0
1,9,1,1,3,75,FRANCE,ILE-DE-FRANCE,106,75106,PARIS,RUE DU VIEUX COLOMBIER,142129,0,4,VC,0,2,2,,,0,1,,,,1,7,0,0,1,0
1,9,1,1,6,75,FRANCE,ILE-DE-FRANCE,113,75113,PARIS,AVENUE D'ITALIE,142140,0,4,VC,0,1,1,,,1,5,,,,1,,0,0,0,1
1,9,1,1,7,75,FRANCE,ILE-DE-FRANCE,112,75112,PARIS,ROUTE DAUPHINE,142157,0,4,VC,0,1,1,,,1,5,,,,1,,0,0,1,0
5,9,3,2,1,75,FRANCE,ILE-DE-FRANCE,114,75114,PARIS,RUE BROUSSAIS,142180,0,4,VC,0,2,0,,,0,1,,,,1,7,0,0,1,0
2,9,1,1,7,75,FRANCE,ILE-DE-FRANCE,111,75111,PARIS,RUE DU FAUBOURG SAINT ANTOINE,142186,0,4,VC,0,2,2,,,3,1,,,,1,,0,0,1,0
1,9,2,1,3,75,FRANCE,ILE-DE-FRANCE,104,75104,PARIS,QUAI DE L'HOTEL DE VILLE,142198,0,4,VC,0,2,2,,,0,1,,,,1,7,0,0,1,0
5,9,7,2,2,75,FRANCE,ILE-DE-FRANCE,111,75111,PARIS,BOULEVARD VOLTAIRE,142221,0,4,VC,0,2,2,,,0,1,,,,1,7,0,0,1,0
1,9,2,1,6,75,FRANCE,ILE-DE-FRANCE,112,75112,PARIS,BOULEVARD SOULT,142224,0,4,VC,0,2,2,,,0,1,,,,1,10,0,0,1,0
1,9,2,1,7,75,FRANCE,ILE-DE-FRANCE,116,75116,PARIS,ROUTE DES TRIBUNES,142231,0,4,VC,0,1,2,,,1,5,,,,1,,0,0,1,0
5,9,1,2,3,75,FRANCE,ILE-DE-FRANCE,117,75117,PARIS,BOULEVARD DE REIMS,142312,0,4,VC,0,1,1,,,0,1,,,,1,31,0,0,1,0
1,9,3,1,7,75,FRANCE,ILE-DE-FRANCE,109,75109,PARIS,BOULEVARD HAUSSMANN,142324,0,4,VC,0,0,1,,,3,1,,,,1,,0,0,1,0
5,9,5,1,6,75,FRANCE,ILE-DE-FRANCE,106,75106,PARIS,RUE DE VAUGIRARD,142331,0,4,VC,0,2,4,,,3,1,,,,1,,0,0,0,1
5,9,2,4,3,75,FRANCE,ILE-DE-FRANCE,118,75118,PARIS,RUE RIQUET,142345,0,4,VC,0,1,1,,,0,1,,,,1,10,0,0,1,0
1,9,5,1,2,75,FRANCE,ILE-DE-FRANCE,105,75105,PARIS,RUE MONGE,142363,0,4,VC,0,2,2,,,0,1,,,,1,14,0,0,1,0
1,9,5,1,3,75,FRANCE,ILE-DE-FRANCE,106,75106,PARIS,RUE DUGUAY TROUIN,142364,0,4,VC,0,1,1,,,0,0,,,,1,7,0,0,1,0
2,9,1,8,7,75,FRANCE,ILE-DE-FRANCE,103,75103,PARIS,RUE VIEILLE DU TEMPLE,142379,0,4,VC,0,1,1,,,0,1,,,,1,,0,0,1,0
1,9,5,1,3,75,FRANCE,ILE-DE-FRANCE,101,75101,PARIS,RUE SAINT HONORE,142416,0,4,VC,0,1,1,,,0,1,,,,1,7,0,0,1,0
5,9,5,9,6,75,FRANCE,ILE-DE-FRANCE,106,75106,PARIS,AVENUE DE L'OBSERVATOIRE,142430,0,4,VC,0,2,0,,,0,1,,,,1,,0,0,1,0
1,9,1,1,4,75,FRANCE,ILE-DE-FRANCE,114,75114,PARIS,RUE DE LA GAITE,142468,0,4,VC,0,1,0,,,0,1,,,,1,7,0,0,1,0
1,9,1,4,3,75,FRANCE,ILE-DE-FRANCE,114,75114,PARIS,AVENUE RENE COTY,142471,0,4,VC,0,3,1,,,0,1,,,,1,7,0,0,1,0
5,9,5,2,3,75,FRANCE,ILE-DE-FRANCE,112,75112,PARIS,PLACE MAZAS,142479,2,4,VC,0,1,7,,,0,1,,,,1,7,0,0,1,0
1,9,2,4,3,75,FRANCE,ILE-DE-FRANCE,106,75106,PARIS,BOULEVARD SAINT MICHEL,142491,0,4,VC,0,3,2,,,0,1,,,,1,7,0,0,1,0
5,9,4,1,3,75,FRANCE,ILE-DE-FRANCE,113,75113,PARIS,ECHANGEUR ITALIE,142508,3,4,VC,0,1,2,,,0,1,,,,1,7,0,0,1,0
5,9,1,1,2,75,FRANCE,ILE-DE-FRANCE,109,75109,PARIS,RUE GEOFFROY MARIE,142511,0,4,VC,0,1,1,,,0,1,,,,1,7,0,0,1,0
5,9,3,1,6,75,FRANCE,ILE-DE-FRANCE,119,75119,PARIS,AVENUE JEAN JAURES,142519,0,4,VC,0,2,2,,,0,1,,,,1,7,0,0,1,0
2,9,5,8,3,75,FRANCE,ILE-DE-FRANCE,120,75120,PARIS,BOULEVARD DE MENILMONTANT,142542,5,4,VC,0,1,1,,,0,1,,,,1,7,0,0,1,0
5,9,5,9,3,75,FRANCE,ILE-DE-FRANCE,104,75104,PARIS,BOULEVARD DE SEBASTOPOL,142553,0,4,VC,0,1,2,,,0,1,,,,1,7,0,0,1,0
5,9,5,1,3,75,FRANCE,ILE-DE-FRANCE,120,75120,PARIS,BOULEVARD DE MENILMONTANT,142568,0,4,VC,0,2,2,,,0,1,,,,1,7,0,0,1,0
1,9,1,1,3,75,FRANCE,ILE-DE-FRANCE,114,75114,PARIS,RUE D'ALESIA,142584,0,4,VC,0,2,3,,,0,1,,,,1,7,0,0,1,0
5,9,1,4,7,75,FRANCE,ILE-DE-FRANCE,104,75104,PARIS,QUAI DE L'HOTEL DE VILLE,142591,0,4,VC,0,2,2,,,1,5,,,,1,,0,0,1,0
5,9,5,9,6,75,FRANCE,ILE-DE-FRANCE,111,75111,PARIS,PLACE DE LA REPUBLIQUE,142601,0,4,VC,0,2,0,,,0,1,,,,1,7,0,0,1,0
5,9,2,4,3,75,FRANCE,ILE-DE-FRANCE,103,75103,PARIS,RUE DE TURBIGO,142605,0,4,VC,0,1,2,,,1,1,,,,1,3,0,0,1,0
1,9,2,4,7,75,FRANCE,ILE-DE-FRANCE,103,75103,PARIS,RUE DU PONT AUX CHOUX,142610,0,4,VC,0,1,1,,,0,1,,,,1,,0,0,1,0
1,9,2,4,6,75,FRANCE,ILE-DE-FRANCE,115,75115,PARIS,RUE DE L'EGLISE,142611,0,4,VC,0,1,1,,,0,1,,,,1,,0,0,0,1
1,9,2,8,6,75,FRANCE,ILE-DE-FRANCE,115,75115,PARIS,RUE VASCO DE GAMA,142619,0,4,VC,0,1,1,,,0,1,,,,1,10,0,0,1,0
5,9,1,1,3,75,FRANCE,ILE-DE-FRANCE,118,75118,PARIS,BOULEVARD ORNANO,142626,0,4,VC,0,2,4,,,3,1,,,,1,7,0,0,1,0
1,9,5,1,3,75,FRANCE,ILE-DE-FRANCE,104,75104,PARIS,RUE DE RIVOLI,142705,0,4,VC,0,1,2,,,0,0,,,,1,7,0,0,1,0
1,9,1,1,3,75,FRANCE,ILE-DE-FRANCE,101,75101,PARIS,PONT DU CARROUSEL,142768,2,4,VC,0,2,6,1,0,3,1,,,,1,33,0,0,1,0
1,9,2,1,3,75,FRANCE,ILE-DE-FRANCE,101,75101,PARIS,RUE DU CHEVALIER DE SAINT GEORGE,142789,0,4,VC,0,1,1,,,0,1,,,,1,7,0,0,1,0
1,9,2,1,3,75,FRANCE,ILE-DE-FRANCE,101,75101,PARIS,QUAI DES TUILERIES,142791,0,4,VC,0,1,3,,,3,1,,,,1,7,0,0,1,0
1,9,1,7,6,75,FRANCE,ILE-DE-FRANCE,101,75101,PARIS,RUE DE RIVOLI,142792,0,4,VC,0,1,4,,,0,1,,,,1,,,,,
5,9,2,1,6,75,FRANCE,ILE-DE-FRANCE,101,75101,PARIS,RUE DES PYRAMIDES,142800,0,4,VC,0,1,1,,,0,1,,,,1,,0,0,0,1
1,9,2,1,3,75,FRANCE,ILE-DE-FRANCE,101,75101,PARIS,AVENUE VICTORIA,142801,0,4,VC,0,1,4,,,0,1,,,,1,10,0,0,1,0
1,9,7,2,6,75,FRANCE,ILE-DE-FRANCE,109,75109,PARIS,PLACE DE L'OPERA,142822,0,4,VC,0,1,1,,,0,1,,,,1,7,0,0,1,0
1,9,2,1,7,75,FRANCE,ILE-DE-FRANCE,101,75101,PARIS,RUE DU LOUVRE,142824,0,4,VC,0,2,0,,,0,0,,,,1,,0,0,1,0
1,9,2,1,6,75,FRANCE,ILE-DE-FRANCE,101,75101,PARIS,RUE SAINT HONORE,142827,0,4,VC,0,1,1,,,0,1,,,,1,,0,0,1,0