lum,agg,int,atm,col,dep_bis,pays,region,com_bis,com_codeINSEE,communes,N_voie,numac,infra,catr,type_route,voie,circ,nbv,pr,pr1,vosp,situ,lat,long,adr,accident_velo,vehicule_imp,cycl_mort,cycl_bgv,cycl_blg,cycl_indm
3,9,2,1,3,75,FRANCE,ILE-DE-FRANCE,101,75101,PARIS,RUE DES BOURDONNAIS,142829,0,4,VC,0,1,3,,,0,1,,,,1,7,0,0,1,0
1,9,1,1,4,75,FRANCE,ILE-DE-FRANCE,101,75101,PARIS,RUE SAINT HONORE,142831,0,4,VC,0,1,1,,,0,1,,,,1,7,0,0,1,0
1,9,3,1,3,75,FRANCE,ILE-DE-FRANCE,101,75101,PARIS,QUAI DES ORFEVRES,142833,2,4,VC,0,2,4,,,0,5,,,,1,30,0,0,0,1
1,9,5,1,2,75,FRANCE,ILE-DE-FRANCE,101,75101,PARIS,AVENUE VICTORIA,142836,0,4,VC,0,1,4,,,0,1,,,,1,10,0,0,1,0
2,9,1,1,3,75,FRANCE,ILE-DE-FRANCE,101,75101,PARIS,RUE DE CASTIGLIONE,142838,0,4,VC,0,2,2,,,0,1,,,,1,7,0,0,1,0
1,9,1,1,2,75,FRANCE,ILE-DE-FRANCE,101,75101,PARIS,QUAI DE LA MEGISSERIE,142848,0,4,VC,0,1,4,,,0,1,,,,1,7,0,0,1,0
1,9,1,1,6,75,FRANCE,ILE-DE-FRANCE,102,75102,PARIS,RUE ETIENNE MARCEL,142856,0,4,VC,0,2,1,,,0,1,,,,1,,0,0,1,0
1,9,3,1,3,75,FRANCE,ILE-DE-FRANCE,101,75101,PARIS,RUE DE L'ECHELLE,142861,0,4,VC,0,2,2,,,0,1,,,,1,10,0,0,1,0
1,9,3,1,3,75,FRANCE,ILE-DE-FRANCE,101,75101,PARIS,RUE CROIX DES PETITS CHAMPS,142866,0,4,VC,0,2,2,,,0,1,,,,1,7,0,0,1,0
1,9,3,2,3,75,FRANCE,ILE-DE-FRANCE,101,75101,PARIS,RUE BERGER,142868,0,4,VC,0,0,2,,,0,0,,,,1,7,0,0,1,0
1,9,5,1,3,75,FRANCE,ILE-DE-FRANCE,101,75101,PARIS,RUE DE RIVOLI,142871,0,4,VC,0,1,3,,,3,1,,,,1,37,0,0,1,0
1,9,2,1,6,75,FRANCE,ILE-DE-FRANCE,101,75101,PARIS,PLACE VENDOME,142873,0,4,VC,0,2,2,,,0,1,,,,1,,0,0,0,1
1,9,1,1,3,75,FRANCE,ILE-DE-FRANCE,101,75101,PARIS,RUE JEAN-JACQUES ROUSSEAU ,142875,0,4,VC,0,1,1,,,0,1,,,,1,33,0,0,1,0
5,9,7,1,2,75,FRANCE,ILE-DE-FRANCE,101,75101,PARIS,QUAI DES ORFREVRES,142878,2,4,VC,0,2,3,,,0,1,,,,1,34,0,0,1,0
1,9,3,1,3,75,FRANCE,ILE-DE-FRANCE,101,75101,PARIS,QUAI DU LOUVRE,142901,0,4,VC,0,1,4,,,3,1,,,,1,7,0,0,1,0
1,9,1,1,3,75,FRANCE,ILE-DE-FRANCE,102,75102,PARIS,RUE DE LA BANQUE,142914,0,4,VC,0,1,1,,,0,1,,,,1,10,0,0,1,0
1,9,5,1,2,75,FRANCE,ILE-DE-FRANCE,101,75101,PARIS,PONT NEUF,142925,0,4,VC,0,1,5,,,0,1,,,,1,37,0,0,1,0
1,9,2,1,3,75,FRANCE,ILE-DE-FRANCE,102,75102,PARIS,RUE DE RICHELIEU,142927,0,4,VC,0,1,1,77,0,3,1,,,,1,7,0,0,1,0
1,9,2,1,3,75,FRANCE,ILE-DE-FRANCE,102,75102,PARIS,RUE DE RICHELIEU,142942,0,4,VC,0,1,2,,,3,1,,,,1,10,0,0,1,0
5,9,2,1,6,75,FRANCE,ILE-DE-FRANCE,102,75102,PARIS,RUE DE LA PAIX,142960,0,4,VC,0,2,2,,,0,1,,,,1,7,0,0,1,0
1,9,2,1,6,75,FRANCE,ILE-DE-FRANCE,102,75102,PARIS,RUE DUSSOUBS,142967,0,4,VC,0,1,1,,,0,1,,,,1,30,0,0,1,0
1,9,1,1,6,75,FRANCE,ILE-DE-FRANCE,102,75102,PARIS,RUE DES PETITS CHAMPS,142968,0,4,VC,0,1,2,,,3,1,,,,1,,,,,
1,9,5,1,4,75,FRANCE,ILE-DE-FRANCE,102,75102,PARIS,RUE D'ABOUKIR,142973,0,4,VC,0,2,3,,,3,1,,,,1,10,0,0,1,0
1,9,5,1,3,75,FRANCE,ILE-DE-FRANCE,102,75102,PARIS,RUE MONTMARTRE,142982,0,4,VC,0,1,1,,,0,0,,,,1,7,0,0,1,0
1,9,1,1,7,75,FRANCE,ILE-DE-FRANCE,103,75103,PARIS,RUE REAUMUR,143015,0,4,VC,0,1,3,,,3,1,,,,1,,0,0,1,0
1,9,1,1,3,75,FRANCE,ILE-DE-FRANCE,103,75103,PARIS,BOULEVARD BEAUMARCHAIS,143031,0,4,VC,0,3,1,,,0,5,,,,1,32,0,0,1,0
1,9,3,1,3,75,FRANCE,ILE-DE-FRANCE,103,75103,PARIS,RUE SAINT GILLES,143036,0,4,VC,0,1,2,,,0,1,,,,1,7,0,0,1,0
2,9,1,1,3,75,FRANCE,ILE-DE-FRANCE,103,75103,PARIS,RUE DU TEMPLE,143043,0,4,VC,0,1,3,,,3,1,,,,1,7,0,0,1,0
5,9,2,1,1,75,FRANCE,ILE-DE-FRANCE,103,75103,PARIS,RUE DE MONTMORENCY ,143044,0,4,VC,0,0,1,,,0,0,,,,1,32,0,0,1,0
1,9,3,1,6,75,FRANCE,ILE-DE-FRANCE,103,75103,PARIS,RUE REAUMUR,143050,0,4,VC,0,0,0,,,0,4,,,,1,,0,0,0,1
1,9,1,1,3,75,FRANCE,ILE-DE-FRANCE,103,75103,PARIS,RUE SAINT MARTIN,143082,0,4,VC,0,1,3,,,3,1,,,,1,7,0,0,1,0
1,9,3,1,3,75,FRANCE,ILE-DE-FRANCE,101,75101,PARIS,BOULEVARD DE SEBASTOPOL,143084,0,4,VC,0,1,4,,,0,1,,,,1,7,0,0,1,0
1,9,2,1,3,75,FRANCE,ILE-DE-FRANCE,103,75103,PARIS,RUE AUX OURS,143086,0,4,VC,0,2,2,,,0,1,,,,1,7,0,0,1,0
1,9,2,1,3,75,FRANCE,ILE-DE-FRANCE,103,75103,PARIS,RUE DES HAUDRIETTES,143092,0,4,VC,0,1,1,,,0,1,,,,1,7,0,0,1,0
1,9,2,1,7,75,FRANCE,ILE-DE-FRANCE,103,75103,PARIS,BOULEVARD DE SEBASTOPOL,143101,0,4,VC,0,1,3,,,0,1,,,,1,,0,0,1,0
5,9,2,1,3,75,FRANCE,ILE-DE-FRANCE,104,75104,PARIS,QUAI DU MARCHE NEUF,143102,0,4,VC,0,2,3,,,0,1,,,,1,7,0,0,1,0
1,9,1,8,3,75,FRANCE,ILE-DE-FRANCE,104,75104,PARIS,BOULEVARD BEAUMARCHAIS,143108,0,4,VC,0,1,4,,,3,5,,,,1,7,0,0,1,0
1,9,2,1,3,75,FRANCE,ILE-DE-FRANCE,104,75104,PARIS,RUE DES BLANCS MANTEAUX,143124,0,4,VC,0,1,1,,,2,1,,,,1,7,0,0,1,0
1,9,1,1,3,75,FRANCE,ILE-DE-FRANCE,104,75104,PARIS,RUE SAINT ANTOINE,143126,0,4,VC,0,2,3,,,0,1,,,,1,7,0,0,1,0
1,9,1,1,6,75,FRANCE,ILE-DE-FRANCE,104,75104,PARIS,QUAI DES CELESTINS,143130,0,4,VC,0,2,2,,,1,5,,,,1,,0,0,0,1
1,9,3,1,3,75,FRANCE,ILE-DE-FRANCE,104,75104,PARIS,RUE DE RIVOLI,143133,0,4,VC,0,1,3,,,3,1,,,,1,10,0,0,1,0
1,9,5,1,7,75,FRANCE,ILE-DE-FRANCE,104,75104,PARIS,BOULEVARD HENRI IV,143135,0,4,VC,0,0,1,,,0,1,,,,1,,0,0,1,0
2,9,5,1,6,75,FRANCE,ILE-DE-FRANCE,104,75104,PARIS,RUE DE RIVOLI,143137,0,4,VC,0,0,3,,,3,1,,,,1,7,0,0,1,0
1,9,1,1,3,75,FRANCE,ILE-DE-FRANCE,104,75104,PARIS,RUE SAINT ANTOINE,143148,0,4,VC,0,2,3,,,3,1,,,,1,7,0,0,1,0
1,9,3,1,6,75,FRANCE,ILE-DE-FRANCE,104,75104,PARIS,RUE DES FRANCS BOURGEOIS,143159,0,4,VC,0,1,1,,,0,1,,,,1,,0,0,0,1
1,9,2,1,6,75,FRANCE,ILE-DE-FRANCE,104,75104,PARIS,RUE DES FRANCS BOURGEOIS,143169,0,4,VC,0,1,1,,,0,1,,,,1,7,0,0,1,0
5,9,1,3,1,75,FRANCE,ILE-DE-FRANCE,113,75113,PARIS,PONT D'AUSTERLITZ,143170,2,4,VC,0,2,6,,,3,1,,,,1,7,0,0,1,0
1,9,1,2,2,75,FRANCE,ILE-DE-FRANCE,103,75103,PARIS,RUE DU TEMPLE,143179,0,4,VC,0,1,3,,,0,1,,,,1,7,0,0,1,0
1,9,7,1,3,75,FRANCE,ILE-DE-FRANCE,104,75104,PARIS,BOULEVARD HENRI IV,143187,0,4,VC,0,0,4,,,0,1,,,,1,7,0,0,1,0
1,9,3,7,6,75,FRANCE,ILE-DE-FRANCE,104,75104,PARIS,QUAI DE L'HOTEL DE VILLE,143189,0,4,VC,0,2,5,,,0,1,,,,1,7,0,0,1,0
5,9,3,1,3,75,FRANCE,ILE-DE-FRANCE,104,75104,PARIS,RUE DE LA REYNIE,143191,6,4,VC,0,1,1,,,0,0,,,,1,7,0,0,1,0
1,9,2,1,6,75,FRANCE,ILE-DE-FRANCE,104,75104,PARIS,RUE DE RIVOLI,143199,0,4,VC,0,1,0,,,3,1,,,,1,34,0,0,1,0
1,9,7,2,2,75,FRANCE,ILE-DE-FRANCE,104,75104,PARIS,BOULEVARD HENRI IV,143200,0,4,VC,0,1,3,,,0,1,,,,1,7,0,0,1,0
1,9,5,1,6,75,FRANCE,ILE-DE-FRANCE,104,75104,PARIS,QUAI D'ANJOU,143207,2,4,VC,0,2,4,,,0,0,,,,1,,0,0,1,0
5,9,5,3,3,75,FRANCE,ILE-DE-FRANCE,104,75104,PARIS,QUAI DE L'HOTEL DE VILLE,143221,0,4,VC,0,2,4,,,0,1,,,,1,32,0,0,1,0
1,9,2,1,6,75,FRANCE,ILE-DE-FRANCE,104,75104,PARIS,RUE DU RENARD,143222,0,4,VC,0,1,3,,,0,1,,,,1,,0,0,0,1
5,9,1,1,2,75,FRANCE,ILE-DE-FRANCE,105,75105,PARIS,RUE DES ECOLES,143237,0,4,VC,0,2,3,,,0,1,,,,1,3,0,0,1,0
5,9,1,2,3,75,FRANCE,ILE-DE-FRANCE,105,75105,PARIS,BOULEVARD SAINT MICHEL,143238,0,4,VC,0,2,4,13,0,3,1,,,,1,7,0,0,1,0
1,9,4,1,3,75,FRANCE,ILE-DE-FRANCE,105,75105,PARIS,RUE POLIVEAU,143243,0,4,VC,0,1,1,,,0,1,,,,1,7,0,0,1,0
1,9,4,1,6,75,FRANCE,ILE-DE-FRANCE,105,75105,PARIS,RUE EDOUARD QUENU,143255,0,4,VC,0,1,1,,,0,1,,,,1,,0,0,0,1
1,9,2,1,1,75,FRANCE,ILE-DE-FRANCE,105,75105,PARIS,RUE GRACIEUSE,143256,0,4,VC,0,1,1,,,1,1,,,,1,,0,0,0,1
1,9,2,1,7,75,FRANCE,ILE-DE-FRANCE,105,75105,PARIS,RUE SOUFFLOT,143257,0,4,VC,0,2,2,,,0,1,,,,1,,0,0,1,0
1,9,2,1,6,75,FRANCE,ILE-DE-FRANCE,105,75105,PARIS,BOULEVARD SAINT GERMAIN,143268,0,4,VC,0,2,4,,,0,1,,,,1,,,,,
1,9,7,1,3,75,FRANCE,ILE-DE-FRANCE,106,75106,PARIS,BOULEVARD SAINT MICHEL,143276,0,4,VC,0,0,1,,,3,1,,,,1,7,0,0,1,0
1,9,3,1,3,75,FRANCE,ILE-DE-FRANCE,105,75105,PARIS,RUE ROYER COLLARD,143278,0,4,VC,0,1,1,,,0,5,,,,1,7,0,0,1,0
1,9,1,1,3,75,FRANCE,ILE-DE-FRANCE,105,75105,PARIS,RUE POLIVEAU,143280,0,4,VC,0,1,1,,,1,5,,,,1,7,0,0,1,0
5,9,4,2,3,75,FRANCE,ILE-DE-FRANCE,105,75105,PARIS,RUE DES LYONNAIS,143287,0,4,VC,0,1,1,1,0,0,1,,,,1,7,0,0,1,0
5,9,1,1,6,75,FRANCE,ILE-DE-FRANCE,105,75105,PARIS,BOULEVARD SAINT MICHEL,143292,0,4,VC,0,2,4,,,0,1,,,,1,7,0,0,1,0
2,9,3,1,6,75,FRANCE,ILE-DE-FRANCE,105,75105,PARIS,BOULEVARD SAINT GERMAIN,143294,0,4,VC,0,2,3,,,3,1,,,,1,10,0,0,1,0
1,9,1,1,3,75,FRANCE,ILE-DE-FRANCE,105,75105,PARIS,RUE MONGE,143299,0,4,VC,0,2,2,,,0,1,,,,1,7,0,0,1,0
1,9,1,1,3,75,FRANCE,ILE-DE-FRANCE,105,75105,PARIS,RUE GAY LUSSAC,143307,0,4,VC,0,0,2,,,0,1,,,,1,37,0,0,1,0
2,9,2,1,3,75,FRANCE,ILE-DE-FRANCE,106,75106,PARIS,RUE DE VAUGIRARD,143309,0,4,VC,0,1,1,,,0,1,,,,1,10,0,0,1,0
1,9,1,1,6,75,FRANCE,ILE-DE-FRANCE,105,75105,PARIS,BOULEVARD SAINT MICHEL,143311,0,4,VC,0,2,4,,,3,1,,,,1,,0,0,0,1
1,9,5,2,3,75,FRANCE,ILE-DE-FRANCE,105,75105,PARIS,BOULEVARD SAINT MICHEL,143320,0,4,VC,0,2,4,,,0,1,,,,1,7,0,0,1,0
1,9,5,1,3,75,FRANCE,ILE-DE-FRANCE,105,75105,PARIS,BOULEVARD SAINT GERMAIN,143327,0,4,VC,0,1,3,,,1,5,,,,1,32,0,0,0,1
5,9,1,1,2,75,FRANCE,ILE-DE-FRANCE,105,75105,PARIS,BOULEVARD SAINT MICHEL,143328,0,4,VC,0,1,4,,,3,1,,,,1,7,0,0,1,0
5,9,2,1,3,75,FRANCE,ILE-DE-FRANCE,105,75105,PARIS,BOULEVARD SAINT MICHEL,143329,0,4,VC,0,1,4,,,3,1,,,,1,7,0,0,1,0
1,9,2,1,3,75,FRANCE,ILE-DE-FRANCE,105,75105,PARIS,QUAI DE LA TOURNELLE,143333,0,4,VC,0,1,0,,,0,1,,,,1,7,0,0,1,0
1,9,1,1,3,75,FRANCE,ILE-DE-FRANCE,105,75105,PARIS,BOULEVARD SAINT GERMAIN,143337,0,4,VC,0,1,2,,,3,1,,,,1,7,0,0,1,0
2,9,5,1,6,75,FRANCE,ILE-DE-FRANCE,105,75105,PARIS,BOULEVARD DE PORT ROYAL,143339,0,4,VC,0,1,3,,,0,1,,,,1,,0,0,1,0
1,9,1,1,3,75,FRANCE,ILE-DE-FRANCE,105,75105,PARIS,RUE DE L'ABBE DE L'EPEE,143340,0,4,VC,0,1,1,,,0,1,,,,1,7,0,0,1,0
1,9,2,1,6,75,FRANCE,ILE-DE-FRANCE,105,75105,PARIS,RUE GAY LUSSAC,143342,0,4,VC,0,2,3,,,3,1,,,,1,,0,0,0,1
2,9,1,1,7,75,FRANCE,ILE-DE-FRANCE,105,75105,PARIS,BOULEVARD SAINT GERMAIN,143344,0,4,VC,0,1,3,,,3,1,,,,1,,0,0,1,0
5,9,5,9,5,75,FRANCE,ILE-DE-FRANCE,105,75105,PARIS,BOULEVARD SAINT MARCEL,143345,5,4,VC,0,3,6,,,3,1,,,,1,32,0,0,0,1
1,9,1,8,3,75,FRANCE,ILE-DE-FRANCE,105,75105,PARIS,RUE MONGE,143354,0,4,VC,0,2,2,,,0,1,,,,1,7,0,0,1,0
5,9,3,1,3,75,FRANCE,ILE-DE-FRANCE,113,75113,PARIS,GARE D'AUSTERLITZ,143356,0,4,VC,0,2,2,,,3,0,,,,1,7,0,0,1,0
1,9,5,1,3,75,FRANCE,ILE-DE-FRANCE,105,75105,PARIS,BOULEVARD SAINT MARCEL,143364,0,4,VC,0,2,4,,,0,1,,,,1,7,0,0,1,0
2,9,5,8,6,75,FRANCE,ILE-DE-FRANCE,105,75105,PARIS,RUE DE VALENCE,143369,5,4,VC,0,1,1,,,1,1,,,,1,,0,0,0,1
1,9,5,1,3,75,FRANCE,ILE-DE-FRANCE,105,75105,PARIS,PLACE SAINT MICHEL,143394,0,4,VC,0,2,0,,,0,1,,,,1,7,0,0,1,0
1,9,1,1,3,75,FRANCE,ILE-DE-FRANCE,106,75106,PARIS,BOULEVARD DU MONTPARNASSE,143409,0,4,VC,0,1,2,,,3,1,,,,1,7,0,0,1,0
1,9,5,1,3,75,FRANCE,ILE-DE-FRANCE,106,75106,PARIS,RUE DE VAUGIRARD,143410,0,4,VC,0,2,6,,,0,1,,,,1,37,0,0,1,0
1,9,5,1,3,75,FRANCE,ILE-DE-FRANCE,106,75106,PARIS,PLACE DU DIX HUIT JUIN 1940,143421,5,4,VC,0,2,2,,,3,1,,,,1,7,0,0,1,0
1,9,5,1,3,75,FRANCE,ILE-DE-FRANCE,106,75106,PARIS,RUE DE VAUGIRARD,143437,0,4,VC,0,1,1,,,0,1,,,,1,14,0,0,1,0
1,9,2,1,3,75,FRANCE,ILE-DE-FRANCE,106,75106,PARIS,RUE JACOB,143457,0,4,VC,0,1,2,,,0,1,,,,1,32,0,0,0,1
1,9,1,1,3,75,FRANCE,ILE-DE-FRANCE,106,75106,PARIS,RUE DE RENNES,143458,0,4,VC,0,2,2,,,0,1,,,,1,7,0,0,1,0
1,9,1,1,6,75,FRANCE,ILE-DE-FRANCE,106,75106,PARIS,RUE DU CHERCHE MIDI,143479,0,4,VC,0,1,1,,,1,1,,,,1,,0,0,1,0
1,9,1,1,3,75,FRANCE,ILE-DE-FRANCE,106,75106,PARIS,RUE DE RENNES,143480,0,4,VC,0,2,0,91,0,0,1,,,,1,7,0,0,1,0
1,9,3,1,2,75,FRANCE,ILE-DE-FRANCE,106,75106,PARIS,RUE SAINT BENOIT,143481,0,4,VC,0,1,3,,,3,1,,,,1,7,0,0,1,0
1,9,7,1,2,75,FRANCE,ILE-DE-FRANCE,106,75106,PARIS,RUE DANTON,143482,0,4,VC,0,1,2,,,0,1,,,,1,10,0,0,1,0
1,9,2,8,6,75,FRANCE,ILE-DE-FRANCE,106,75106,PARIS,BOULEVARD SAINT GERMAIN,143487,0,4,VC,0,1,4,,,3,1,,,,1,,0,0,0,1
1,9,3,1,3,75,FRANCE,ILE-DE-FRANCE,106,75106,PARIS,RUE DU CHERCHE MIDI,143488,0,4,VC,0,1,1,,,0,1,,,,1,7,0,0,1,0
1,9,2,1,3,75,FRANCE,ILE-DE-FRANCE,106,75106,PARIS,RUE DE VAUGIRARD,143513,0,4,VC,0,2,2,,,0,1,,,,1,7,0,0,1,0
1,9,2,1,3,75,FRANCE,ILE-DE-FRANCE,106,75106,PARIS,BOULEVARD SAINT GERMAIN,143516,0,4,VC,0,1,3,,,3,1,,,,1,10,0,0,1,0
1,9,2,1,3,75,FRANCE,ILE-DE-FRANCE,106,75106,PARIS,RUE DU CHERCHE MIDI,143517,0,4,VC,0,1,0,,,0,1,,,,1,7,0,0,1,0
2,9,1,1,2,75,FRANCE,ILE-DE-FRANCE,106,75106,PARIS,RUE DE RENNES,143523,0,4,VC,0,2,0,,,3,1,,,,1,7,0,0,1,0
1,9,5,1,2,75,FRANCE,ILE-DE-FRANCE,107,75107,PARIS,RUE DE SEVRES,143542,0,4,VC,0,1,3,,,0,1,,,,1,7,0,0,1,0
1,9,1,1,7,75,FRANCE,ILE-DE-FRANCE,107,75107,PARIS,RUE D'ESTREES,143547,0,4,VC,0,0,0,,,0,4,,,,1,,0,0,1,0
5,9,2,1,3,75,FRANCE,ILE-DE-FRANCE,107,75107,PARIS,RUE DE L'UNIVERSITE,143564,0,4,VC,0,2,2,1,0,0,1,,,,1,7,0,0,1,0
1,9,2,1,3,75,FRANCE,ILE-DE-FRANCE,107,75107,PARIS,BOULEVARD SAINT GERMAIN,143584,0,4,VC,0,2,4,,,3,1,,,,1,30,0,0,0,1
1,9,3,1,7,75,FRANCE,ILE-DE-FRANCE,107,75107,PARIS,RUE DE GRENELLE,143585,0,4,VC,0,2,2,,,0,1,,,,1,,0,0,1,0
1,9,2,1,3,75,FRANCE,ILE-DE-FRANCE,107,75107,PARIS,QUAI D'ORSAY,143589,0,4,VC,0,2,2,,,0,1,,,,1,7,0,0,1,0
1,9,1,1,3,75,FRANCE,ILE-DE-FRANCE,107,75107,PARIS,RUE BARBET DE JOUY,143592,0,4,VC,0,1,1,,,0,1,,,,1,7,0,0,1,0
1,9,2,1,3,75,FRANCE,ILE-DE-FRANCE,107,75107,PARIS,RUE DU BAC,143595,0,4,VC,0,1,2,,,0,1,,,,1,32,0,0,1,0
3,9,3,1,7,75,FRANCE,ILE-DE-FRANCE,107,75107,PARIS,PONT D'IENA,143608,6,4,VC,0,0,1,,,0,0,,,,1,,0,0,1,0
5,9,4,1,3,75,FRANCE,ILE-DE-FRANCE,107,75107,PARIS,PORT DE SOLFERINO,143623,0,4,VC,0,1,1,,,0,1,,,,1,7,0,0,1,0
1,9,5,1,6,75,FRANCE,ILE-DE-FRANCE,107,75107,PARIS,AVENUE JOSEPH BOUVARD,143630,0,4,VC,0,2,2,,,0,1,,,,1,,0,0,0,1
1,9,1,7,7,75,FRANCE,ILE-DE-FRANCE,107,75107,PARIS,AVENUE DU MARECHAL GALLIENI,143636,0,4,VC,0,0,1,,,1,5,,,,1,,0,0,1,0
1,9,1,1,6,75,FRANCE,ILE-DE-FRANCE,107,75107,PARIS,RUE SAINT DOMINIQUE,143644,0,4,VC,0,1,1,,,0,1,,,,1,,0,0,0,1
1,9,2,1,3,75,FRANCE,ILE-DE-FRANCE,107,75107,PARIS,BOULEVARD RASPAIL,143647,5,4,VC,0,3,2,,,0,1,,,,1,31,0,0,1,0
1,9,2,1,3,75,FRANCE,ILE-DE-FRANCE,107,75107,PARIS,RUE DE VERNEUIL,143650,0,4,VC,0,1,0,,,0,1,,,,1,7,0,0,1,0
1,9,1,1,2,75,FRANCE,ILE-DE-FRANCE,107,75107,PARIS,PLACE JOFFRE,143654,0,4,VC,0,2,2,,,0,1,,,,1,7,0,0,1,1
1,9,7,8,3,75,FRANCE,ILE-DE-FRANCE,107,75107,PARIS,PLACE VAUBAN,143658,0,4,VC,0,0,2,,,0,1,,,,1,7,0,0,1,0
1,9,1,1,2,75,FRANCE,ILE-DE-FRANCE,107,75107,PARIS,BOULEVARD DES INVALIDES,143661,0,4,VC,0,2,4,,,0,1,,,,1,7,0,0,1,0
1,9,1,2,3,75,FRANCE,ILE-DE-FRANCE,107,75107,PARIS,RUE DU BAC,143668,0,4,VC,0,2,2,,,0,1,,,,1,7,0,0,1,0
2,9,1,1,6,75,FRANCE,ILE-DE-FRANCE,107,75107,PARIS,RUE DE SEVRES,143677,0,4,VC,0,2,1,,,0,1,,,,1,7,0,0,1,0
1,9,3,1,2,75,FRANCE,ILE-DE-FRANCE,107,75107,PARIS,AVENUE DE SUFFREN,143699,0,4,VC,0,2,2,,,0,1,,,,1,7,0,0,1,0
5,9,5,1,3,75,FRANCE,ILE-DE-FRANCE,108,75108,PARIS,BOULEVARD MALESHERBES,143708,0,4,VC,0,1,4,,,0,1,,,,1,7,0,0,1,0
1,9,1,2,3,75,FRANCE,ILE-DE-FRANCE,116,75116,PARIS,RUE DE L'ASSOMPTION,143714,0,4,VC,0,1,1,,,0,1,,,,1,7,0,0,1,0
5,9,2,1,3,75,FRANCE,ILE-DE-FRANCE,108,75108,PARIS,PONT ALEXANDRE III,143732,0,4,VC,0,0,0,,,0,0,,,,1,7,0,0,1,0
1,9,4,1,3,75,FRANCE,ILE-DE-FRANCE,108,75108,PARIS,BOULEVARD MALESHERBES,143749,0,4,VC,0,2,2,,,0,1,,,,1,7,0,0,1,0
1,9,5,1,3,75,FRANCE,ILE-DE-FRANCE,108,75108,PARIS,COURS LA REINE,143752,0,4,VC,0,2,2,,,0,1,,,,1,7,0,0,1,0
5,9,1,2,3,75,FRANCE,ILE-DE-FRANCE,108,75108,PARIS,RUE DE MIROMESNIL,143762,0,4,VC,0,1,1,,,0,1,,,,1,7,0,0,1,0
1,9,3,1,2,75,FRANCE,ILE-DE-FRANCE,108,75108,PARIS,RUE JULES LEFEBVRE,143763,0,4,VC,0,1,2,,,3,1,,,,1,30,0,0,1,0
1,9,1,1,7,75,FRANCE,ILE-DE-FRANCE,108,75108,PARIS,AVENUE DES CHAMPS ELYSEES,143780,0,4,VC,0,2,8,,,0,1,,,,1,,0,0,1,0
1,9,1,1,3,75,FRANCE,ILE-DE-FRANCE,108,75108,PARIS,RUE SAINT LAZARE,143808,0,4,VC,0,1,3,,,3,1,,,,1,7,0,0,1,0
5,9,2,1,3,75,FRANCE,ILE-DE-FRANCE,108,75108,PARIS,RUE JOSEPH SANSBOEUF,143810,0,4,VC,0,1,1,,,0,1,,,,1,34,0,0,1,0
1,9,5,1,3,75,FRANCE,ILE-DE-FRANCE,108,75108,PARIS,AVENUE FRANKLIN D'ROOSEVELT,143819,0,4,VC,0,1,3,,,3,1,,,,1,7,0,0,1,0
5,9,7,1,3,75,FRANCE,ILE-DE-FRANCE,108,75108,PARIS,PONT DE LA CONCORDE,143833,0,4,VC,0,0,2,,,1,5,,,,1,32,0,0,1,0
2,9,1,1,2,75,FRANCE,ILE-DE-FRANCE,108,75108,PARIS,PLACE DE LA CONCORDE,143835,0,4,VC,0,1,0,,,0,1,,,,1,34,0,0,1,0
1,9,1,1,7,75,FRANCE,ILE-DE-FRANCE,108,75108,PARIS,AVENUE DE WAGRAM,143851,0,4,VC,0,3,2,,,3,1,,,,1,,0,0,1,0
5,9,5,1,3,75,FRANCE,ILE-DE-FRANCE,108,75108,PARIS,AVENUE DES CHAMPS ELYSEES,143854,6,4,VC,0,1,2,,,0,0,,,,1,2,0,0,1,0
1,9,2,1,7,75,FRANCE,ILE-DE-FRANCE,108,75108,PARIS,AVENUE GEORGE V,143857,0,4,VC,0,2,2,,,0,1,,,,1,,0,0,1,0
1,9,1,1,7,75,FRANCE,ILE-DE-FRANCE,108,75108,PARIS,BOULEVARD DES BATIGNOLLES,143862,0,4,VC,0,2,1,,,1,5,,,,1,,0,0,1,0
1,9,3,2,7,75,FRANCE,ILE-DE-FRANCE,108,75108,PARIS,RUE DE ROME,143865,0,4,VC,0,2,2,,,0,1,,,,1,,0,0,1,0
2,9,7,3,3,75,FRANCE,ILE-DE-FRANCE,108,75108,PARIS,AVENUE DE MARIGNY,143871,0,4,VC,0,1,0,,,0,1,,,,1,7,0,0,1,0
5,9,7,1,3,75,FRANCE,ILE-DE-FRANCE,108,75108,PARIS,AVENUE HOCHE,143880,0,4,VC,0,1,4,,,0,1,,,,1,7,0,0,1,0
1,9,2,1,3,75,FRANCE,ILE-DE-FRANCE,108,75108,PARIS,BOULEVARD HAUSSMANN,143881,0,4,VC,0,1,3,,,3,1,,,,1,10,0,0,1,0
5,9,2,1,3,75,FRANCE,ILE-DE-FRANCE,108,75108,PARIS,RUE DE COURCELLES,143886,0,4,VC,0,2,6,,,0,1,,,,1,37,0,0,1,0
1,9,5,1,7,75,FRANCE,ILE-DE-FRANCE,108,75108,PARIS,BOULEVARD HAUSSMANN,143887,0,4,VC,0,1,1,,,0,1,,,,1,,0,0,1,0
1,9,7,1,6,75,FRANCE,ILE-DE-FRANCE,108,75108,PARIS,AVENUE DE FRIEDLAND,143893,0,4,VC,0,1,5,,,0,1,,,,1,7,0,0,1,0
5,9,5,1,3,75,FRANCE,ILE-DE-FRANCE,108,75108,PARIS,RUE TRONCHET,143897,0,4,VC,0,2,2,,,0,1,,,,1,37,0,0,1,0
1,9,2,1,3,75,FRANCE,ILE-DE-FRANCE,108,75108,PARIS,AVENUE DES CHAMPS ELYSEES,143915,0,4,VC,0,2,8,,,0,1,,,,1,32,0,0,1,0
1,9,1,1,3,75,FRANCE,ILE-DE-FRANCE,108,75108,PARIS,RUE DU COLISEE,143916,0,4,VC,0,1,1,,,0,1,,,,1,7,0,0,1,0