lum,agg,int,atm,col,dep_bis,pays,region,com_bis,com_codeINSEE,communes,N_voie,numac,infra,catr,type_route,voie,circ,nbv,pr,pr1,vosp,situ,lat,long,adr,accident_velo,vehicule_imp,cycl_mort,cycl_bgv,cycl_blg,cycl_indm
1,9,2,1,6,75,FRANCE,ILE-DE-FRANCE,108,75108,PARIS,RUE D'ANJOU,143919,0,4,VC,0,1,3,,,0,1,,,,1,,0,0,0,1
5,9,3,1,2,75,FRANCE,ILE-DE-FRANCE,108,75108,PARIS,AVENUE DES CHAMPS ELYSEES,143926,0,4,VC,0,2,8,,,0,1,,,,1,7,0,0,1,0
1,9,2,1,7,75,FRANCE,ILE-DE-FRANCE,108,75108,PARIS,AVENUE MATIGNON,143936,0,4,VC,0,1,2,,,0,1,,,,1,,0,0,1,0
1,9,3,1,3,75,FRANCE,ILE-DE-FRANCE,108,75108,PARIS,RUE D'ARTOIS,143945,0,4,VC,0,1,1,,,0,1,,,,1,7,0,0,1,0
5,9,2,1,3,75,FRANCE,ILE-DE-FRANCE,108,75108,PARIS,RUE CHAUVEAU LAGARDE ,143953,0,4,VC,0,1,1,,,0,1,,,,1,32,0,0,1,0
1,9,7,8,2,75,FRANCE,ILE-DE-FRANCE,108,75108,PARIS,PLACE DE LA CONCORDE,143958,0,4,VC,0,2,3,,,1,5,,,,1,7,0,0,1,0
1,9,5,1,2,75,FRANCE,ILE-DE-FRANCE,108,75108,PARIS,RUE DE LABORDE,143960,0,4,VC,0,1,1,,,0,1,,,,1,10,0,0,1,0
1,9,1,1,6,75,FRANCE,ILE-DE-FRANCE,108,75108,PARIS,RUE DE ROME,143983,0,4,VC,0,2,3,,,3,1,,,,1,,0,0,0,1
5,9,1,8,3,75,FRANCE,ILE-DE-FRANCE,108,75108,PARIS,AVENUE DES CHAMPS ELYSEES,144017,0,4,VC,0,2,4,,,0,1,,,,1,7,0,0,1,0
5,9,1,1,2,75,FRANCE,ILE-DE-FRANCE,108,75108,PARIS,PLACE DE LA CONCORDE,144018,0,4,VC,0,1,6,,,0,1,,,,1,7,0,0,1,0
1,9,1,1,3,75,FRANCE,ILE-DE-FRANCE,109,75109,PARIS,BOULEVARD HAUSSMANN,144030,0,4,VC,0,1,4,,,0,1,,,,1,7,0,0,1,0
1,9,7,1,3,75,FRANCE,ILE-DE-FRANCE,109,75109,PARIS,PLACE D'ESTIENNE D'ORVES,144062,5,4,VC,0,1,1,,,0,1,,,,1,32,0,0,1,0
1,9,2,8,6,75,FRANCE,ILE-DE-FRANCE,109,75109,PARIS,RUE DU FAUBOURG POISSONNIERE,144064,0,4,VC,0,1,1,,,0,1,,,,1,2,0,0,1,0
1,9,1,1,6,75,FRANCE,ILE-DE-FRANCE,109,75109,PARIS,RUE LA FAYETTE,144066,0,4,VC,0,0,0,,,0,0,,,,1,,0,0,0,1
5,9,2,1,7,75,FRANCE,ILE-DE-FRANCE,109,75109,PARIS,BOULEVARD MONTMARTRE,144071,0,4,VC,0,1,1,,,0,0,,,,1,,0,0,1,0
1,9,5,1,3,75,FRANCE,ILE-DE-FRANCE,109,75109,PARIS,BOULEVARD HAUSSMANN,144075,0,4,VC,0,1,2,,,0,1,,,,1,7,0,0,1,0
1,9,3,1,3,75,FRANCE,ILE-DE-FRANCE,109,75109,PARIS,RUE FLECHIER,144079,0,4,VC,0,1,0,,,0,1,,,,1,7,0,0,1,0
1,9,2,1,3,75,FRANCE,ILE-DE-FRANCE,109,75109,PARIS,RUE DE PROVENCE,144080,5,4,VC,0,2,2,,,0,1,,,,1,10,0,0,1,0
1,9,2,1,3,75,FRANCE,ILE-DE-FRANCE,109,75109,PARIS,RUE DE MOGADOR,144090,0,4,VC,0,1,1,,,0,0,,,,1,2,0,0,1,0
1,9,1,8,2,75,FRANCE,ILE-DE-FRANCE,109,75109,PARIS,RUE DU FAUBOURG MONTMARTRE,144093,0,4,VC,0,1,2,,,3,1,,,,1,10,0,0,1,0
1,9,1,1,3,75,FRANCE,ILE-DE-FRANCE,109,75109,PARIS,BOULEVARD HAUSSMANN,144106,0,4,VC,0,1,3,,,0,1,,,,1,7,0,0,1,0
1,9,5,1,3,75,FRANCE,ILE-DE-FRANCE,109,75109,PARIS,BOULEVARD DES ITALIENS,144111,0,4,VC,0,2,2,,,0,1,,,,1,7,0,0,1,0
1,9,3,1,3,75,FRANCE,ILE-DE-FRANCE,109,75109,PARIS,RUE CHARRAS,144112,5,4,VC,0,1,1,,,0,0,,,,1,7,0,0,1,0
1,9,1,1,6,75,FRANCE,ILE-DE-FRANCE,109,75109,PARIS,BOULEVARD DE ROCHECHOUART,144122,0,4,VC,0,1,2,,,3,1,,,,1,,0,0,1,0
1,9,3,1,2,75,FRANCE,ILE-DE-FRANCE,109,75109,PARIS,RUE CHAUCHAT,144141,0,4,VC,0,1,2,,,0,1,,,,1,32,0,0,1,0
5,9,5,1,3,75,FRANCE,ILE-DE-FRANCE,109,75109,PARIS,BOULEVARD DE ROCHECHOUART,144168,0,4,VC,0,1,2,,,0,1,,,,1,7,0,0,1,0
1,9,1,1,6,75,FRANCE,ILE-DE-FRANCE,109,75109,PARIS,RUE SAINT LAZARE,144179,0,4,VC,0,1,1,,,0,1,,,,1,30,0,0,1,0
1,9,1,1,6,75,FRANCE,ILE-DE-FRANCE,109,75109,PARIS,RUE DE MAUBEUGE,144182,0,4,VC,0,1,2,,,0,4,,,,1,,0,0,0,1
1,9,1,1,2,75,FRANCE,ILE-DE-FRANCE,109,75109,PARIS,RUE DU FAUBOURG MONTMARTRE,144191,0,4,VC,0,1,1,,,3,1,,,,1,7,0,0,1,0
1,9,1,2,3,75,FRANCE,ILE-DE-FRANCE,109,75109,PARIS,RUE LAMARTINE,144199,0,4,VC,0,1,2,,,1,5,,,,1,7,0,0,1,0
1,9,1,1,7,75,FRANCE,ILE-DE-FRANCE,110,75110,PARIS,RUE DES PETITES ECURIES,144240,0,4,VC,0,1,1,,,0,1,,,,1,,0,0,1,0
5,9,5,1,3,75,FRANCE,ILE-DE-FRANCE,110,75110,PARIS,BOULEVARD DE MAGENTA,144245,0,4,VC,0,3,4,,,0,1,,,,1,30,0,0,0,1
1,9,3,1,3,75,FRANCE,ILE-DE-FRANCE,110,75110,PARIS,RUE RENE BOULANGER,144246,0,4,VC,0,2,1,,,2,1,,,,1,7,0,0,1,0
1,9,1,1,6,75,FRANCE,ILE-DE-FRANCE,110,75110,PARIS,BOULEVARD DE STRASBOURG,144248,0,4,VC,0,1,2,,,3,1,,,,1,,0,0,1,0
1,9,2,1,3,75,FRANCE,ILE-DE-FRANCE,110,75110,PARIS,RUE LA FAYETTE,144252,0,4,VC,0,2,1,,,0,1,,,,1,7,0,0,1,0
5,9,2,1,3,75,FRANCE,ILE-DE-FRANCE,110,75110,PARIS,RUE DES PETITS HOTELS,144255,0,4,VC,0,1,1,,,0,5,,,,1,7,0,0,1,0
1,9,2,1,3,75,FRANCE,ILE-DE-FRANCE,110,75110,PARIS,RUE DES ECLUSES SAINT MARTIN,144260,0,4,VC,0,1,1,,,0,1,,,,1,7,0,0,1,0
1,9,2,1,7,75,FRANCE,ILE-DE-FRANCE,110,75110,PARIS,BOULEVARD DE MAGENTA,144266,0,4,VC,0,2,4,,,1,5,,,,1,,0,0,1,0
1,9,1,1,6,75,FRANCE,ILE-DE-FRANCE,110,75110,PARIS,BOULEVARD DE MAGENTA,144272,6,4,VC,0,1,0,,,1,5,,,,1,,0,0,0,1
1,9,1,1,3,75,FRANCE,ILE-DE-FRANCE,110,75110,PARIS,RUE DU FAUBOURG DU TEMPLE,144275,0,4,VC,0,1,1,,,0,1,,,,1,7,0,0,1,0
1,9,3,1,6,75,FRANCE,ILE-DE-FRANCE,110,75110,PARIS,RUE DES VINAIGRIERS,144292,0,4,VC,0,1,2,,,0,1,,,,1,,0,0,0,1
1,9,1,1,4,75,FRANCE,ILE-DE-FRANCE,110,75110,PARIS,BOULEVARD SAINT MARTIN,144294,0,4,VC,0,1,2,,,3,1,,,,1,7,0,0,1,0
1,9,1,1,6,75,FRANCE,ILE-DE-FRANCE,110,75110,PARIS,BOULEVARD DE LA VILLETTE,144295,0,4,VC,0,0,1,,,0,0,,,,1,,,,,
1,9,1,1,3,75,FRANCE,ILE-DE-FRANCE,110,75110,PARIS,RUE DU FAUBOURG SAINT MARTIN,144299,0,4,VC,0,2,3,,,0,0,,,,1,7,0,0,1,0
1,9,3,1,3,75,FRANCE,ILE-DE-FRANCE,110,75110,PARIS,RUE DU FAUBOURG SAINT MARTIN,144301,0,4,VC,0,2,2,,,0,1,,,,1,7,0,0,1,0
1,9,5,1,3,75,FRANCE,ILE-DE-FRANCE,110,75110,PARIS,BOULEVARD DE MAGENTA,144312,0,4,VC,0,2,2,,,1,5,,,,1,7,0,0,1,0
1,9,3,1,7,75,FRANCE,ILE-DE-FRANCE,110,75110,PARIS,RUE ALEXANDRE PARODI ,144313,0,4,VC,0,1,1,,,2,5,,,,1,,0,0,1,0
1,9,1,1,3,75,FRANCE,ILE-DE-FRANCE,110,75110,PARIS,BOULEVARD DE LA VILLETTE,144319,0,4,VC,0,1,2,,,1,5,,,,1,7,0,0,1,0
1,9,5,1,7,75,FRANCE,ILE-DE-FRANCE,110,75110,PARIS,BOULEVARD DE MAGENTA,144320,0,4,VC,0,1,2,,,1,5,,,,1,,0,0,1,0
1,9,1,1,2,75,FRANCE,ILE-DE-FRANCE,110,75110,PARIS,RUE BEAUREPAIRE,144322,0,4,VC,0,1,1,,,0,1,,,,1,30,0,0,1,0
1,9,5,1,6,75,FRANCE,ILE-DE-FRANCE,110,75110,PARIS,RUE YVES TOUDIC,144323,0,4,VC,0,1,1,,,0,1,,,,1,7,0,0,1,0
1,9,2,1,6,75,FRANCE,ILE-DE-FRANCE,110,75110,PARIS,BOULEVARD DE STRASBOURG,144327,0,4,VC,0,1,4,,,3,1,,,,1,,,,,
1,9,1,1,2,75,FRANCE,ILE-DE-FRANCE,110,75110,PARIS,RUE EUGENE VARLIN,144333,0,4,VC,0,1,1,,,0,1,,,,1,33,0,0,0,1
1,9,2,1,3,75,FRANCE,ILE-DE-FRANCE,110,75110,PARIS,BOULEVARD DE MAGENTA,144340,0,4,VC,0,2,0,,,1,1,,,,1,7,0,0,1,0
1,9,1,1,3,75,FRANCE,ILE-DE-FRANCE,110,75110,PARIS,RUE DU FAUBOURG SAINT MARTIN,144346,0,4,VC,0,2,2,,,0,1,,,,1,10,0,0,1,0
1,9,2,1,6,75,FRANCE,ILE-DE-FRANCE,110,75110,PARIS,RUE DU FAUBOURG SAINT MARTIN,144347,0,4,VC,0,1,2,,,0,0,,,,1,,0,0,0,1
1,9,7,1,2,75,FRANCE,ILE-DE-FRANCE,110,75110,PARIS,RUE RENE BOULANGER,144355,5,4,VC,0,1,3,,,0,1,,,,1,7,0,0,1,0
5,9,2,2,3,75,FRANCE,ILE-DE-FRANCE,110,75110,PARIS,RUE DU FAUBOURG SAINT DENIS,144357,0,4,VC,0,1,3,1,0,0,1,,,,1,7,0,0,1,0
1,9,2,2,6,75,FRANCE,ILE-DE-FRANCE,110,75110,PARIS,RUE DU FAUBOURG SAINT DENIS,144367,0,4,VC,0,1,1,,,0,1,,,,1,7,0,0,1,0
1,9,3,1,6,75,FRANCE,ILE-DE-FRANCE,110,75110,PARIS,RUE GUY PATIN,144380,0,4,VC,0,1,2,,,0,1,,,,1,7,0,0,1,0
1,9,7,1,3,75,FRANCE,ILE-DE-FRANCE,110,75110,PARIS,PLACE DE LA REPUBLIQUE,144385,0,4,VC,0,1,3,,,0,1,,,,1,7,0,0,1,0
1,9,1,1,7,75,FRANCE,ILE-DE-FRANCE,110,75110,PARIS,BOULEVARD DE STRASBOURG,144387,0,4,VC,0,1,3,,,3,1,,,,1,,0,0,1,0
1,9,1,2,6,75,FRANCE,ILE-DE-FRANCE,110,75110,PARIS,BOULEVARD DE LA VILLETTE,144388,0,4,VC,0,1,1,,,0,3,,,,1,30,0,0,1,0
1,9,5,1,3,75,FRANCE,ILE-DE-FRANCE,110,75110,PARIS,BOULEVARD DE STRASBOURG,144389,0,4,VC,0,2,2,,,0,1,,,,1,30,0,0,1,0
1,9,5,1,3,75,FRANCE,ILE-DE-FRANCE,110,75110,PARIS,RUE DES ECLUSES SAINT MARTIN,144409,0,4,VC,0,1,1,,,0,1,,,,1,10,0,0,1,0
2,9,2,1,6,75,FRANCE,ILE-DE-FRANCE,110,75110,PARIS,BOULEVARD DE LA CHAPELLE,144411,0,4,VC,0,1,2,,,0,1,,,,1,,,,,
1,9,1,1,3,75,FRANCE,ILE-DE-FRANCE,110,75110,PARIS,RUE DU FAUBOURG SAINT MARTIN,144417,0,4,VC,0,1,2,,,0,1,,,,1,2,0,0,1,0
5,9,1,1,3,75,FRANCE,ILE-DE-FRANCE,110,75110,PARIS,BOULEVARD DE MAGENTA,144420,0,4,VC,0,2,4,,,3,1,,,,1,7,0,0,1,0
1,9,7,1,3,75,FRANCE,ILE-DE-FRANCE,110,75110,PARIS,BOULEVARD DE MAGENTA,144433,0,4,VC,0,2,4,,,0,1,,,,1,7,0,0,1,0
1,9,3,8,3,75,FRANCE,ILE-DE-FRANCE,110,75110,PARIS,RUE DU FAUBOURG SAINT MARTIN,144435,0,4,VC,0,2,4,,,3,1,,,,1,7,0,0,1,0
5,9,1,2,6,75,FRANCE,ILE-DE-FRANCE,110,75110,PARIS,RUE RENE BOULANGER,144459,0,4,VC,0,1,1,,,0,1,,,,1,,0,0,0,1
5,9,3,1,3,75,FRANCE,ILE-DE-FRANCE,110,75110,PARIS,QUAI DE JEMMAPES,144467,0,4,VC,0,1,1,,,0,1,,,,1,7,0,0,1,0
5,9,1,2,2,75,FRANCE,ILE-DE-FRANCE,110,75110,PARIS,BOULEVARD DE MAGENTA,144471,0,4,VC,0,3,0,,,1,5,,,,1,7,0,0,1,0
1,9,1,1,2,75,FRANCE,ILE-DE-FRANCE,111,75111,PARIS,BOULEVARD BEAUMARCHAIS,144478,0,4,VC,0,2,2,,,3,1,,,,1,30,0,0,1,0
2,9,1,2,3,75,FRANCE,ILE-DE-FRANCE,111,75111,PARIS,AVENUE PHILIPPE AUGUSTE,144480,0,4,VC,0,2,2,,,0,1,,,,1,7,0,0,1,0
1,9,5,8,2,75,FRANCE,ILE-DE-FRANCE,111,75111,PARIS,PLACE DE LA NATION,144483,0,4,VC,0,1,1,,,0,1,,,,1,7,0,0,1,0
1,9,2,1,6,75,FRANCE,ILE-DE-FRANCE,111,75111,PARIS,RUE DE LA ROQUETTE,144487,0,4,VC,0,2,1,,,0,1,,,,1,,0,0,1,0
3,9,2,1,3,75,FRANCE,ILE-DE-FRANCE,111,75111,PARIS,PLACE PASDELOUP,144498,0,4,VC,0,2,2,,,0,1,,,,1,7,0,0,1,0
1,9,1,1,3,75,FRANCE,ILE-DE-FRANCE,111,75111,PARIS,RUE DU FAUBOURG SAINT ANTOINE,144507,0,4,VC,0,2,2,,,0,1,,,,1,2,0,0,1,0
1,9,1,1,3,75,FRANCE,ILE-DE-FRANCE,111,75111,PARIS,RUE DE MONTREUIL,144513,0,4,VC,0,1,1,,,0,1,,,,1,7,0,0,1,0
1,9,1,1,6,75,FRANCE,ILE-DE-FRANCE,111,75111,PARIS,BOULEVARD RICHARD LENOIR,144514,6,4,VC,0,1,1,,,1,5,,,,1,,0,0,1,0
1,9,2,1,1,75,FRANCE,ILE-DE-FRANCE,111,75111,PARIS,RUE LEON FROT,144535,0,4,VC,0,1,1,,,0,1,,,,1,7,0,0,1,0
1,9,2,1,3,75,FRANCE,ILE-DE-FRANCE,111,75111,PARIS,AVENUE DE LA REPUBLIQUE,144546,0,4,VC,0,2,2,,,0,1,,,,1,7,0,0,1,0
5,9,4,1,2,75,FRANCE,ILE-DE-FRANCE,111,75111,PARIS,AVENUE DE LA REPUBLIQUE,144558,0,4,VC,0,2,2,,,0,1,,,,1,30,0,0,1,0
5,9,1,1,7,75,FRANCE,ILE-DE-FRANCE,111,75111,PARIS,RUE DE LA ROQUETTE,144561,0,4,VC,0,2,1,,,0,1,,,,1,,0,0,1,0
1,9,7,9,2,75,FRANCE,ILE-DE-FRANCE,111,75111,PARIS,PLACE DE LA BASTILLE,144569,0,4,VC,0,3,2,,,0,1,,,,1,7,0,0,1,0
1,9,3,1,3,75,FRANCE,ILE-DE-FRANCE,111,75111,PARIS,PLACE LEON BLUM,144574,0,4,VC,0,3,1,,,0,1,,,,1,33,0,0,1,0
1,9,4,2,3,75,FRANCE,ILE-DE-FRANCE,111,75111,PARIS,RUE FAIDHERBE,144576,6,4,VC,0,2,2,,,0,1,,,,1,34,0,0,1,0
1,9,5,8,3,75,FRANCE,ILE-DE-FRANCE,111,75111,PARIS,RUE MORET,144578,0,4,VC,0,1,1,,,0,1,,,,1,7,0,0,1,0
1,9,1,1,3,75,FRANCE,ILE-DE-FRANCE,111,75111,PARIS,BOULEVARD DES FILLES DU CALVAIRE,144579,0,4,VC,0,2,4,,,3,1,,,,1,,0,0,1,0
1,9,2,1,3,75,FRANCE,ILE-DE-FRANCE,111,75111,PARIS,RUE SAINT MAUR,144589,0,4,VC,0,2,1,,,0,1,,,,1,7,0,0,1,0
1,9,2,1,6,75,FRANCE,ILE-DE-FRANCE,111,75111,PARIS,RUE DE LA ROQUETTE,144592,0,4,VC,0,2,1,,,0,1,,,,1,10,0,0,1,0
1,9,2,1,3,75,FRANCE,ILE-DE-FRANCE,111,75111,PARIS,RUE JEAN PIERRE TIMBAUD,144607,0,4,VC,0,1,1,,,2,1,,,,1,10,0,0,1,0
1,9,1,1,3,75,FRANCE,ILE-DE-FRANCE,111,75111,PARIS,RUE DU FAUBOURG SAINT ANTOINE,144615,0,4,VC,0,2,1,,,0,1,,,,1,7,0,0,1,0
1,9,2,1,3,75,FRANCE,ILE-DE-FRANCE,111,75111,PARIS,AVENUE DE LA REPUBLIQUE,144616,0,4,VC,0,2,2,,,0,1,,,,1,7,0,0,1,0
2,9,5,2,2,75,FRANCE,ILE-DE-FRANCE,111,75111,PARIS,BOULEVARD DE MENILMONTANT,144618,0,4,VC,0,3,2,,,1,1,,,,1,7,0,0,1,0
1,9,1,1,3,75,FRANCE,ILE-DE-FRANCE,111,75111,PARIS,BOULEVARD RICHARD LENOIR,144620,0,4,VC,0,1,1,,,2,5,,,,1,10,0,0,1,0
1,9,2,1,1,75,FRANCE,ILE-DE-FRANCE,111,75111,PARIS,BOULEVARD BEAUMARCHAIS,144632,0,4,VC,0,2,4,,,3,1,,,,1,7,0,0,1,0
1,9,2,1,2,75,FRANCE,ILE-DE-FRANCE,112,75112,PARIS,RUE DE WATTIGNIES,144638,0,4,VC,0,2,2,,,0,1,,,,1,7,0,0,1,0
1,9,7,1,2,75,FRANCE,ILE-DE-FRANCE,111,75111,PARIS,BOULEVARD VOLTAIRE,144642,0,4,VC,0,2,1,,,0,1,,,,1,7,0,0,1,0
1,9,2,1,6,75,FRANCE,ILE-DE-FRANCE,111,75111,PARIS,AVENUE PARMENTIER,144649,0,4,VC,0,2,2,,,0,1,,,,1,,0,0,0,1
1,9,7,1,2,75,FRANCE,ILE-DE-FRANCE,111,75111,PARIS,PLACE DE LA BASTILLE,144650,0,4,VC,0,1,4,,,0,1,,,,1,7,0,0,1,0
1,9,1,1,3,75,FRANCE,ILE-DE-FRANCE,111,75111,PARIS,RUE DU CHEMIN VERT,144653,0,4,VC,0,1,1,,,0,1,,,,1,10,0,0,1,0
1,9,3,1,3,75,FRANCE,ILE-DE-FRANCE,111,75111,PARIS,PASSAGE GUSTAVE LEPEU,144654,0,4,VC,0,1,1,,,0,1,,,,1,7,0,0,1,0
1,9,1,1,3,75,FRANCE,ILE-DE-FRANCE,111,75111,PARIS,BOULEVARD DU TEMPLE,144657,0,4,VC,0,2,2,,,3,1,,,,1,13,0,0,1,0
1,9,1,1,6,75,FRANCE,ILE-DE-FRANCE,111,75111,PARIS,BOULEVARD RICHARD LENOIR,144658,0,4,VC,0,3,1,,,0,1,,,,1,7,0,0,1,0
5,9,2,1,3,75,FRANCE,ILE-DE-FRANCE,111,75111,PARIS,BOULEVARD DE MENILMONTANT,144660,0,4,VC,0,2,1,,,0,1,,,,1,7,0,0,1,0
5,9,1,2,3,75,FRANCE,ILE-DE-FRANCE,111,75111,PARIS,BOULEVARD RICHARD LENOIR,144670,0,4,VC,0,3,1,,,0,1,,,,1,31,0,0,1,0
1,9,1,1,2,75,FRANCE,ILE-DE-FRANCE,111,75111,PARIS,BOULEVARD VOLTAIRE,144687,0,4,VC,0,2,2,,,0,1,,,,1,30,0,0,0,1
1,9,7,1,2,75,FRANCE,ILE-DE-FRANCE,111,75111,PARIS,PLACE DE LA BASTILLE,144690,0,4,VC,0,1,3,,,0,1,,,,1,10,0,0,1,0
1,9,2,1,3,75,FRANCE,ILE-DE-FRANCE,111,75111,PARIS,BOULEVARD RICHARD LENOIR,144715,0,4,VC,0,1,2,,,0,1,,,,1,32,0,0,0,1
1,9,1,1,3,75,FRANCE,ILE-DE-FRANCE,111,75111,PARIS,RUE DE MONTREUIL,144716,0,4,VC,0,1,1,,,0,1,,,,1,7,0,0,1,0
1,9,2,1,3,75,FRANCE,ILE-DE-FRANCE,111,75111,PARIS,RUE DE CHARONNE,144717,0,4,VC,0,0,2,,,0,1,,,,1,10,0,0,1,0
1,9,1,1,3,75,FRANCE,ILE-DE-FRANCE,111,75111,PARIS,AVENUE PHILIPPE AUGUSTE,144719,0,4,VC,0,2,2,,,0,1,,,,1,7,0,0,1,0
1,9,2,1,6,75,FRANCE,ILE-DE-FRANCE,111,75111,PARIS,BOULEVARD VOLTAIRE,144723,0,4,VC,0,1,2,,,0,1,,,,1,32,0,0,1,0
1,9,3,1,3,75,FRANCE,ILE-DE-FRANCE,111,75111,PARIS,AVENUE LEDRU ROLLIN,144727,0,4,VC,0,2,1,,,0,1,,,,1,7,0,0,1,0
1,9,1,1,3,75,FRANCE,ILE-DE-FRANCE,111,75111,PARIS,BOULEVARD VOLTAIRE,144730,0,4,VC,0,2,1,,,0,1,,,,1,7,0,0,1,0
1,9,3,1,3,75,FRANCE,ILE-DE-FRANCE,111,75111,PARIS,RUE SAINT SEBASTIEN,144735,0,4,VC,0,2,6,,,3,1,,,,1,7,0,0,1,0
1,9,1,1,6,75,FRANCE,ILE-DE-FRANCE,111,75111,PARIS,RUE DE LA ROQUETTE,144740,0,4,VC,0,1,1,,,0,1,,,,1,,0,0,0,1
1,9,1,1,3,75,FRANCE,ILE-DE-FRANCE,111,75111,PARIS,AVENUE PARMENTIER,144742,0,4,VC,0,2,2,,,0,1,,,,1,10,0,0,1,0
1,9,2,1,3,75,FRANCE,ILE-DE-FRANCE,111,75111,PARIS,BOULEVARD RICHARD LENOIR,144749,0,4,VC,0,1,2,,,0,1,,,,1,7,0,0,1,0
1,9,7,1,6,75,FRANCE,ILE-DE-FRANCE,111,75111,PARIS,PLACE DE LA NATION,144766,0,4,VC,0,1,1,,,0,1,,,,1,10,0,0,1,0
5,9,1,8,6,75,FRANCE,ILE-DE-FRANCE,111,75111,PARIS,BOULEVARD DU TEMPLE,144769,0,4,VC,0,1,2,,,0,1,,,,1,7,0,0,1,0
1,9,1,1,6,75,FRANCE,ILE-DE-FRANCE,111,75111,PARIS,BOULEVARD DE BELLEVILLE,144773,0,4,VC,0,1,1,,,1,5,,,,1,,0,0,0,1
1,9,2,1,6,75,FRANCE,ILE-DE-FRANCE,111,75111,PARIS,BOULEVARD VOLTAIRE,144775,0,4,VC,0,2,1,,,0,1,,,,1,,0,0,0,1
1,9,1,1,7,75,FRANCE,ILE-DE-FRANCE,111,75111,PARIS,RUE RICHARD LENOIR ,144787,0,4,VC,0,1,0,,,0,1,,,,1,,0,0,1,0
5,9,1,2,3,75,FRANCE,ILE-DE-FRANCE,111,75111,PARIS,RUE SAINT MAUR,144788,0,4,VC,0,1,1,,,0,1,,,,1,7,0,0,1,0
5,9,2,1,6,75,FRANCE,ILE-DE-FRANCE,111,75111,PARIS,RUE DU CHEMIN VERT,144791,0,4,VC,0,1,1,,,0,1,,,,1,,0,0,1,0
1,9,5,1,3,75,FRANCE,ILE-DE-FRANCE,111,75111,PARIS,RUE DE LA ROQUETTE,144799,0,4,VC,0,1,1,,,0,1,,,,1,7,0,0,1,0
1,9,2,1,6,75,FRANCE,ILE-DE-FRANCE,111,75111,PARIS,BOULEVARD VOLTAIRE,144801,0,4,VC,0,2,2,,,0,0,,,,1,7,0,0,1,0
1,9,2,8,3,75,FRANCE,ILE-DE-FRANCE,111,75111,PARIS,RUE DU CHEMIN VERT,144802,5,4,VC,0,1,1,,,0,1,,,,1,7,0,0,1,0
5,9,7,8,6,75,FRANCE,ILE-DE-FRANCE,111,75111,PARIS,RUE DU FAUBOURG DU TEMPLE,144816,0,4,VC,0,1,2,,,0,1,,,,1,2,0,0,1,0
4,9,7,1,3,75,FRANCE,ILE-DE-FRANCE,111,75111,PARIS,PLACE DE LA REPUBLIQUE,144817,0,4,VC,0,2,2,,,0,1,,,,1,32,0,0,0,1
1,9,2,1,7,75,FRANCE,ILE-DE-FRANCE,111,75111,PARIS,AVENUE PHILIPPE AUGUSTE,144824,0,4,VC,0,2,1,,,0,1,,,,1,,0,0,1,0
1,9,2,1,6,75,FRANCE,ILE-DE-FRANCE,111,75111,PARIS,RUE DES BOULETS,144825,0,4,VC,0,1,1,,,0,1,,,,1,7,0,0,1,0
5,9,1,1,3,75,FRANCE,ILE-DE-FRANCE,111,75111,PARIS,RUE DU MOULIN JOLY,144827,0,4,VC,0,1,1,,,0,1,,,,1,10,0,0,1,0
1,9,1,1,2,75,FRANCE,ILE-DE-FRANCE,112,75112,PARIS,RUE DE WATTIGNIES,144835,0,4,VC,0,1,0,,,0,1,,,,1,,0,0,0,1
1,9,1,1,2,75,FRANCE,ILE-DE-FRANCE,112,75112,PARIS,ROUTE DE LA FALUERE,144845,0,4,VC,0,0,1,,,1,1,,,,1,,0,0,1,0
1,9,4,1,3,75,FRANCE,ILE-DE-FRANCE,112,75112,PARIS,ROUTE DE LA TOURELLE,144846,0,4,VC,0,2,2,,,0,1,,,,1,7,0,0,1,0
1,9,1,1,3,75,FRANCE,ILE-DE-FRANCE,112,75112,PARIS,RUE DU FAUBOURG SAINT ANTOINE,144868,0,4,VC,0,0,3,,,0,1,,,,1,7,0,0,1,0
1,9,1,1,3,75,FRANCE,ILE-DE-FRANCE,112,75112,PARIS,BOULEVARD DIDEROT,144887,0,4,VC,0,1,3,,,0,1,,,,1,7,0,0,1,0
1,9,3,1,3,75,FRANCE,ILE-DE-FRANCE,112,75112,PARIS,RUE DE LA VEGA,144893,0,4,VC,0,1,0,,,0,1,,,,1,7,0,0,1,0
1,9,1,2,7,75,FRANCE,ILE-DE-FRANCE,112,75112,PARIS,AVENUE DE GRAVELLE,144908,0,4,VC,0,2,1,,,1,5,,,,1,,0,0,1,0
1,9,1,1,2,75,FRANCE,ILE-DE-FRANCE,112,75112,PARIS,ROUTE DE CEINTURE DU LAC DAUMESNIL,144915,0,4,VC,0,2,2,,,0,1,,,,1,7,0,0,1,0
1,9,2,1,6,75,FRANCE,ILE-DE-FRANCE,112,75112,PARIS,AVENUE LEDRU ROLLIN,144923,0,4,VC,0,1,1,,,1,5,,,,1,,0,0,1,0
1,9,2,1,3,75,FRANCE,ILE-DE-FRANCE,112,75112,PARIS,QUAI DE BERCY,144926,0,4,VC,0,2,1,,,1,5,,,,1,33,0,0,1,0
1,9,1,1,7,75,FRANCE,ILE-DE-FRANCE,112,75112,PARIS,AVENUE DAUMESNIL,144930,0,4,VC,0,2,2,,,1,5,,,,1,,0,0,1,0
1,9,5,1,3,75,FRANCE,ILE-DE-FRANCE,112,75112,PARIS,CARREFOUR DE PYRAMIDE,144937,0,4,VC,0,2,2,,,0,1,,,,1,7,0,0,1,0
1,9,1,1,3,75,FRANCE,ILE-DE-FRANCE,112,75112,PARIS,RUE DE GRAVELLE,144938,0,4,VC,0,2,0,,,0,1,,,,1,7,0,0,1,0
1,9,2,1,3,75,FRANCE,ILE-DE-FRANCE,112,75112,PARIS,RUE DE BERCY,144949,5,4,VC,0,2,3,,,3,1,,,,1,7,0,0,1,0
1,9,1,1,7,75,FRANCE,ILE-DE-FRANCE,112,75112,PARIS,RUE DU FAUBOURG SAINT ANTOINE,144961,0,4,VC,0,2,0,,,0,1,,,,1,,0,0,1,0