lum,agg,int,atm,col,dep_bis,pays,region,com_bis,com_codeINSEE,communes,N_voie,numac,infra,catr,type_route,voie,circ,nbv,pr,pr1,vosp,situ,lat,long,adr,accident_velo,vehicule_imp,cycl_mort,cycl_bgv,cycl_blg,cycl_indm
1,9,2,1,3,75,FRANCE,ILE-DE-FRANCE,112,75112,PARIS,RUE CHALIGNY,144966,0,4,VC,0,2,2,,,0,1,,,,1,33,0,0,1,0
1,9,1,1,3,75,FRANCE,ILE-DE-FRANCE,112,75112,PARIS,BOULEVARD DE REUILLY,144969,0,4,VC,0,2,3,,,0,1,,,,1,10,0,0,1,0
1,9,7,1,6,75,FRANCE,ILE-DE-FRANCE,112,75112,PARIS,PLACE DE LA NATION,144971,0,4,VC,0,1,3,,,0,1,,,,1,,0,0,0,1
1,9,2,1,3,75,FRANCE,ILE-DE-FRANCE,112,75112,PARIS,RUE CHALIGNY,144986,0,4,VC,0,2,2,,,0,0,,,,1,32,0,0,0,1
1,9,1,2,2,75,FRANCE,ILE-DE-FRANCE,112,75112,PARIS,RUE DE CHARENTON,144994,0,4,VC,0,1,1,,,0,1,,,,1,7,0,0,1,0
1,9,3,8,7,75,FRANCE,ILE-DE-FRANCE,112,75112,PARIS,AVENUE DAUMESNIL,144998,0,4,VC,0,2,2,,,1,1,,,,1,,0,0,1,0
1,9,3,1,3,75,FRANCE,ILE-DE-FRANCE,112,75112,PARIS,RUE BISCORNET,145001,0,4,VC,0,2,2,,,1,1,,,,1,34,0,0,1,0
2,9,1,1,3,75,FRANCE,ILE-DE-FRANCE,112,75112,PARIS,RUE DE LYON,145022,0,4,VC,0,2,4,,,3,1,,,,1,37,0,0,1,0
1,9,5,8,3,75,FRANCE,ILE-DE-FRANCE,112,75112,PARIS,ROUTE DE LA PYRAMIDE,145024,6,4,VC,0,0,2,,,0,1,,,,1,7,0,0,1,0
1,9,1,1,3,75,FRANCE,ILE-DE-FRANCE,112,75112,PARIS,QUAI DE LA RAPEE,145036,6,4,VC,0,0,1,,,1,5,,,,1,7,0,0,1,0
1,9,2,1,3,75,FRANCE,ILE-DE-FRANCE,112,75112,PARIS,AVENUE DAUMESNIL,145046,0,4,VC,0,2,1,,,1,5,,,,1,7,0,0,1,0
1,9,1,1,6,75,FRANCE,ILE-DE-FRANCE,112,75112,PARIS,PORT DE BERCY,145049,0,4,VC,0,1,1,,,0,3,,,,1,,0,0,1,0
1,9,1,1,6,75,FRANCE,ILE-DE-FRANCE,104,75104,PARIS,QUAI HENRI IV,145056,0,4,VC,0,1,4,,,1,5,,,,1,,0,0,1,0
1,9,2,1,6,75,FRANCE,ILE-DE-FRANCE,112,75112,PARIS,AVENUE DES TRIBUNES,145072,0,4,VC,0,1,1,,,0,1,,,,1,,,,,
1,9,1,8,3,75,FRANCE,ILE-DE-FRANCE,112,75112,PARIS,RUE DU FAUBOURG SAINT ANTOINE,145089,0,4,VC,0,2,1,,,0,1,,,,1,30,0,0,0,1
1,9,1,1,3,75,FRANCE,ILE-DE-FRANCE,112,75112,PARIS,BOULEVARD DIDEROT,145093,0,4,VC,0,2,2,,,0,1,,,,1,7,0,0,1,0
1,9,1,1,3,75,FRANCE,ILE-DE-FRANCE,112,75112,PARIS,BOULEVARD DIDEROT,145094,0,4,VC,0,2,2,,,0,1,,,,1,10,0,0,1,0
1,9,1,1,2,75,FRANCE,ILE-DE-FRANCE,112,75112,PARIS,PONT D'AUSTERLITZ,145101,0,4,VC,0,1,2,,,0,1,,,,1,7,0,0,1,0
1,9,4,1,1,75,FRANCE,ILE-DE-FRANCE,112,75112,PARIS,ECHANGEUR CHARENTON,145105,0,4,VC,0,2,2,,,0,1,,,,1,7,0,0,1,0
2,9,1,1,3,75,FRANCE,ILE-DE-FRANCE,112,75112,PARIS,AVENUE LEDRU ROLLIN,145116,0,4,VC,0,1,2,,,1,1,,,,1,7,0,0,1,0
1,9,1,2,6,75,FRANCE,ILE-DE-FRANCE,112,75112,PARIS,AVENUE DU TRONE,145118,0,4,VC,0,1,1,,,0,1,,,,1,7,0,0,1,0
1,9,7,1,7,75,FRANCE,ILE-DE-FRANCE,112,75112,PARIS,PLACE DE LA NATION,145121,0,4,VC,0,1,1,,,0,1,,,,1,,0,0,1,0
1,9,4,1,3,75,FRANCE,ILE-DE-FRANCE,112,75112,PARIS,AVENUE DE GRAVELLE,145125,0,4,VC,0,2,2,,,0,1,,,,1,7,0,0,1,0
1,9,1,2,6,75,FRANCE,ILE-DE-FRANCE,112,75112,PARIS,BOULEVARD DE LA BASTILLE,145144,0,4,VC,0,1,2,,,1,5,,,,1,,,,,
1,9,1,1,2,75,FRANCE,ILE-DE-FRANCE,112,75112,PARIS,RUE TRAVERSIERE,145158,0,4,VC,0,1,1,,,0,1,,,,1,7,0,0,1,0
1,9,3,1,6,75,FRANCE,ILE-DE-FRANCE,112,75112,PARIS,RUE LEROY DUPRE,145159,0,4,VC,0,1,1,,,0,1,,,,1,,0,0,0,1
1,9,4,1,3,75,FRANCE,ILE-DE-FRANCE,112,75112,PARIS,RUE DE BERCY,145162,0,4,VC,0,1,1,,,0,1,,,,1,7,0,0,1,0
1,9,1,1,1,75,FRANCE,ILE-DE-FRANCE,112,75112,PARIS,QUAI DE BERCY,145164,0,4,VC,0,2,2,,,1,5,,,,1,,0,0,0,1
1,9,1,1,6,75,FRANCE,ILE-DE-FRANCE,112,75112,PARIS,RUE CROZATIER,145166,0,4,VC,0,2,2,,,0,1,,,,1,10,0,0,1,0
5,9,7,1,7,75,FRANCE,ILE-DE-FRANCE,112,75112,PARIS,PLACE DE LA BASTILLE,145168,0,4,VC,0,1,2,,,0,1,,,,1,,0,0,1,0
5,9,5,2,1,75,FRANCE,ILE-DE-FRANCE,112,75112,PARIS,RUE DU FAUBOURG SAINT ANTOINE,145177,0,4,VC,0,2,2,,,0,1,,,,1,7,0,0,1,0
1,9,7,2,7,75,FRANCE,ILE-DE-FRANCE,112,75112,PARIS,PLACE LACHAMBEAUDIE,145179,0,4,VC,0,2,4,,,0,1,,,,1,,0,0,1,0
5,9,3,2,6,75,FRANCE,ILE-DE-FRANCE,112,75112,PARIS,RUE DU SAHEL,145182,6,4,VC,0,1,1,,,1,5,,,,1,,0,0,1,0
5,9,2,1,3,75,FRANCE,ILE-DE-FRANCE,112,75112,PARIS,RUE DE LYON,145193,0,4,VC,0,1,4,1,0,0,1,,,,1,7,0,0,1,0
1,9,2,2,6,75,FRANCE,ILE-DE-FRANCE,113,75113,PARIS,QUAI PANHARD ET LEVASSOR,145230,5,4,VC,0,2,2,,,0,1,,,,1,7,,,,
1,9,1,1,3,75,FRANCE,ILE-DE-FRANCE,113,75113,PARIS,AVENUE D'ITALIE,145238,0,4,VC,0,2,4,,,1,1,,,,1,7,0,0,1,0
1,9,5,1,3,75,FRANCE,ILE-DE-FRANCE,113,75113,PARIS,RUE DE TOLBIAC,145264,0,4,VC,0,2,3,,,0,1,,,,1,7,0,0,1,0
1,9,2,1,3,75,FRANCE,ILE-DE-FRANCE,113,75113,PARIS,RUE DE TOLBIAC,145267,6,4,VC,0,2,2,,,1,1,,,,1,32,0,0,0,1
1,9,1,1,6,75,FRANCE,ILE-DE-FRANCE,113,75113,PARIS,RUE DE TOLBIAC,145270,0,4,VC,0,2,2,,,0,1,,,,1,,0,0,0,1
1,9,1,1,3,75,FRANCE,ILE-DE-FRANCE,113,75113,PARIS,RUE DE TOLBIAC,145275,0,4,VC,0,2,3,,,0,1,,,,1,7,0,0,1,0
1,9,1,1,7,75,FRANCE,ILE-DE-FRANCE,113,75113,PARIS,RUE DE TOLBIAC,145277,0,4,VC,0,2,3,,,0,1,,,,1,,0,0,1,0
1,9,3,1,2,75,FRANCE,ILE-DE-FRANCE,113,75113,PARIS,BOULEVARD KELLERMANN,145279,0,4,VC,0,2,4,,,0,1,,,,1,7,0,0,1,0
1,9,5,1,3,75,FRANCE,ILE-DE-FRANCE,113,75113,PARIS,RUE EUGENE OUDINE,145283,0,4,VC,0,2,2,,,0,1,,,,1,7,0,0,1,0
1,9,5,1,2,75,FRANCE,ILE-DE-FRANCE,113,75113,PARIS,RUE DE LA GLACIERE,145285,0,4,VC,0,0,2,,,0,1,,,,1,7,0,0,1,0
1,9,1,1,7,75,FRANCE,ILE-DE-FRANCE,113,75113,PARIS,BOULEVARD MASSENA,145286,0,4,VC,0,2,4,,,0,2,,,,1,,0,0,1,0
1,9,1,1,7,75,FRANCE,ILE-DE-FRANCE,113,75113,PARIS,BOULEVARD KELLERMANN,145301,0,4,VC,0,3,2,,,1,5,,,,1,,0,0,1,0
1,9,1,1,3,75,FRANCE,ILE-DE-FRANCE,113,75113,PARIS,AVENUE D'ITALIE,145316,0,4,VC,0,2,4,,,1,5,,,,1,7,0,0,1,0
1,9,2,1,2,75,FRANCE,ILE-DE-FRANCE,113,75113,PARIS,RUE NATIONALE,145323,0,4,VC,0,2,2,111,0,0,1,,,,1,7,0,0,1,0
1,9,5,1,6,75,FRANCE,ILE-DE-FRANCE,113,75113,PARIS,BOULEVARD SAINT MARCEL,145330,0,4,VC,0,2,2,,,3,1,,,,1,,0,0,0,1
1,9,1,1,6,75,FRANCE,ILE-DE-FRANCE,113,75113,PARIS,RUE JEANNE D'ARC,145331,0,4,VC,0,2,2,,,0,1,,,,1,,0,0,0,1
1,9,5,1,6,75,FRANCE,ILE-DE-FRANCE,113,75113,PARIS,RUE GOUTHIERE ,145332,0,4,VC,0,2,2,,,0,1,,,,1,7,0,0,1,0
1,9,1,1,3,75,FRANCE,ILE-DE-FRANCE,113,75113,PARIS,RUE EMILE DURKHEIM,145336,1,4,VC,0,1,1,,,0,4,,,,1,7,0,0,1,0
1,9,2,1,3,75,FRANCE,ILE-DE-FRANCE,113,75113,PARIS,BOULEVARD ARAGO,145344,0,4,VC,0,2,4,,,0,1,,,,1,7,0,0,1,0
1,9,2,1,3,75,FRANCE,ILE-DE-FRANCE,113,75113,PARIS,RUE JEANNE D'ARC,145354,0,4,VC,0,1,2,,,0,1,,,,1,34,0,0,0,1
1,9,1,1,2,75,FRANCE,ILE-DE-FRANCE,113,75113,PARIS,AVENUE D'ITALIE,145362,0,4,VC,0,1,1,,,1,5,,,,1,7,0,0,1,0
1,9,5,1,3,75,FRANCE,ILE-DE-FRANCE,113,75113,PARIS,AVENUE DE LA PORTE D'ITALIE,145369,0,4,VC,0,1,2,,,1,5,,,,1,7,0,0,1,0
1,9,3,1,3,75,FRANCE,ILE-DE-FRANCE,113,75113,PARIS,RUE RENE GOSCINNY,145371,0,4,VC,0,1,1,,,0,1,,,,1,7,0,0,1,0
1,9,2,1,7,75,FRANCE,ILE-DE-FRANCE,113,75113,PARIS,RUE PASCAL,145382,0,4,VC,0,2,4,,,0,1,,,,1,,0,0,1,0
1,9,2,1,3,75,FRANCE,ILE-DE-FRANCE,113,75113,PARIS,RUE CHARLES FOURIER,145401,0,4,VC,0,2,2,,,0,1,,,,1,13,0,0,1,0
1,9,2,1,3,75,FRANCE,ILE-DE-FRANCE,113,75113,PARIS,AVENUE DES GOBELINS,145416,0,4,VC,0,2,4,,,0,1,,,,1,7,0,0,1,0
1,9,1,1,6,75,FRANCE,ILE-DE-FRANCE,113,75113,PARIS,BOULEVARD AUGUSTE BLANQUI,145444,2,4,VC,0,3,2,,,1,5,,,,1,,0,0,0,1
1,9,2,1,3,75,FRANCE,ILE-DE-FRANCE,113,75113,PARIS,RUE BUFFON,145446,0,4,VC,0,2,2,,,3,1,,,,1,7,0,0,1,0
1,9,2,1,3,75,FRANCE,ILE-DE-FRANCE,113,75113,PARIS,RUE PAU CASALS,145469,0,4,VC,0,3,3,,,0,1,,,,1,7,0,0,1,0
5,9,2,1,2,75,FRANCE,ILE-DE-FRANCE,113,75113,PARIS,AVENUE PIERRE MENDES FRANCE,145471,0,4,VC,0,2,1,,,0,1,,,,1,7,0,0,1,0
1,9,3,1,1,75,FRANCE,ILE-DE-FRANCE,113,75113,PARIS,BOULEVARD MASSENA,145472,0,4,VC,0,2,0,,,0,1,,,,1,7,0,0,1,0
5,9,1,2,3,75,FRANCE,ILE-DE-FRANCE,113,75113,PARIS,RUE PASCAL,145485,0,4,VC,0,1,1,,,0,1,,,,1,7,0,0,1,0
5,9,1,1,6,75,FRANCE,ILE-DE-FRANCE,114,75114,PARIS,AVENUE DU MAINE,145505,0,4,VC,0,2,2,,,0,1,,,,1,,0,0,1,0
1,9,1,1,3,75,FRANCE,ILE-DE-FRANCE,114,75114,PARIS,BOULEVARD BRUNE,145530,0,4,VC,0,1,2,,,1,5,,,,1,7,0,0,1,0
1,9,5,1,3,75,FRANCE,ILE-DE-FRANCE,114,75114,PARIS,PLACE DENFERT ROCHEREAU,145546,5,4,VC,0,1,4,,,0,1,,,,1,7,0,0,1,0
1,9,1,1,3,75,FRANCE,ILE-DE-FRANCE,114,75114,PARIS,AVENUE DENFERT ROCHEREAU,145547,0,4,VC,0,0,4,,,3,1,,,,1,2,0,0,1,0
1,9,3,1,3,75,FRANCE,ILE-DE-FRANCE,114,75114,PARIS,RUE REMY DUMONCEL,145548,0,4,VC,0,2,5,,,0,1,,,,1,7,0,0,1,0
5,9,2,1,7,75,FRANCE,ILE-DE-FRANCE,114,75114,PARIS,AVENUE DU GENERAL LECLERC,145550,0,4,VC,0,2,6,,,0,1,,,,1,,0,0,1,0
5,9,4,2,3,75,FRANCE,ILE-DE-FRANCE,114,75114,PARIS,ECHANGEUR VANVES,145559,0,4,VC,0,2,2,,,0,1,,,,1,7,0,0,1,0
2,9,1,1,3,75,FRANCE,ILE-DE-FRANCE,114,75114,PARIS,BOULEVARD BRUNE,145582,0,4,VC,0,0,1,,,0,4,,,,1,7,0,0,1,0
1,9,1,1,3,75,FRANCE,ILE-DE-FRANCE,114,75114,PARIS,BOULEVARD EDGAR QUINET,145587,0,4,VC,0,1,1,,,0,1,,,,1,7,0,0,1,0
1,9,1,1,3,75,FRANCE,ILE-DE-FRANCE,114,75114,PARIS,BOULEVARD BRUNE,145588,0,4,VC,0,1,0,,,1,5,,,,1,7,0,0,1,0
1,9,1,1,3,75,FRANCE,ILE-DE-FRANCE,114,75114,PARIS,AVENUE REILLE,145590,0,4,VC,0,2,2,,,0,1,,,,1,7,0,0,1,0
1,9,1,1,3,75,FRANCE,ILE-DE-FRANCE,114,75114,PARIS,BOULEVARD DU MONTPARNASSE,145605,0,4,VC,0,3,6,,,3,1,,,,1,7,0,0,1,0
1,9,3,1,6,75,FRANCE,ILE-DE-FRANCE,114,75114,PARIS,AVENUE DU GENERAL LECLERC,145607,0,4,VC,0,1,1,,,0,1,,,,1,,0,0,0,1
1,9,1,1,3,75,FRANCE,ILE-DE-FRANCE,114,75114,PARIS,BOULEVARD DU MONTPARNASSE,145609,0,4,VC,0,2,4,,,1,5,,,,1,32,0,0,1,0
1,9,7,1,3,75,FRANCE,ILE-DE-FRANCE,114,75114,PARIS,AVENUE DENFERT ROCHEREAU,145611,0,4,VC,0,0,2,,,0,1,,,,1,30,0,0,1,0
1,9,1,1,6,75,FRANCE,ILE-DE-FRANCE,114,75114,PARIS,BOULEVARD JOURDAN,145612,0,4,VC,0,1,1,,,1,5,,,,1,,0,0,0,1
1,9,3,1,3,75,FRANCE,ILE-DE-FRANCE,114,75114,PARIS,RUE GUILLEMINOT,145613,0,4,VC,0,1,1,,,0,1,,,,1,7,0,0,1,0
1,9,5,1,3,75,FRANCE,ILE-DE-FRANCE,114,75114,PARIS,RUE DE LA TOMBE ISSOIRE,145617,0,4,VC,0,2,2,,,0,1,,,,1,7,0,0,1,0
1,9,1,1,2,75,FRANCE,ILE-DE-FRANCE,114,75114,PARIS,RUE D'ALESIA,145629,0,4,VC,0,2,1,,,0,1,,,,1,32,0,0,1,0
1,9,2,1,2,75,FRANCE,ILE-DE-FRANCE,114,75114,PARIS,RUE DE LA LEGION ETRANGERE,145632,0,4,VC,0,1,1,0,100,0,1,,,,1,7,0,0,1,0
1,9,1,1,3,75,FRANCE,ILE-DE-FRANCE,114,75114,PARIS,AVENUE DU MAINE,145652,0,4,VC,0,1,2,,,3,1,,,,1,7,0,0,1,0
2,9,2,1,6,75,FRANCE,ILE-DE-FRANCE,114,75114,PARIS,BOULEVARD BRUNE,145654,5,4,VC,0,2,2,,,1,5,,,,1,7,0,0,1,0
5,9,3,2,7,75,FRANCE,ILE-DE-FRANCE,114,75114,PARIS,BOULEVARD BRUNE,145663,0,4,VC,0,1,1,,,1,5,,,,1,,0,0,1,0
1,9,5,1,6,75,FRANCE,ILE-DE-FRANCE,114,75114,PARIS,AVENUE DU GENERAL LECLERC,145664,0,4,VC,0,2,0,,,0,5,,,,1,7,0,0,1,0
1,9,5,1,6,75,FRANCE,ILE-DE-FRANCE,114,75114,PARIS,AVENUE DE LA PORTE D'ORLEANS,145669,0,4,VC,0,1,0,,,3,1,,,,1,34,0,0,1,0
1,9,3,1,3,75,FRANCE,ILE-DE-FRANCE,114,75114,PARIS,RUE D'ALESIA,145677,0,4,VC,0,2,1,,,0,1,,,,1,7,0,0,1,0
1,9,2,1,1,75,FRANCE,ILE-DE-FRANCE,114,75114,PARIS,BOULEVARD ARAGO,145681,0,4,VC,0,2,2,,,0,1,,,,1,7,0,0,1,0
1,9,7,1,3,75,FRANCE,ILE-DE-FRANCE,114,75114,PARIS,PLACE DE CATALOGNE,145693,0,4,VC,0,1,2,,,0,1,,,,1,7,0,0,1,0
1,9,2,1,3,75,FRANCE,ILE-DE-FRANCE,114,75114,PARIS,RUE DE LA SANTE,145695,0,4,VC,0,1,1,,,0,0,,,,1,7,0,0,1,0
5,9,1,1,6,75,FRANCE,ILE-DE-FRANCE,114,75114,PARIS,BOULEVARD EDGAR QUINET,145697,0,4,VC,0,1,1,,,0,1,,,,1,7,0,0,1,0
1,9,7,1,3,75,FRANCE,ILE-DE-FRANCE,114,75114,PARIS,RUE ALAIN,145701,0,4,VC,0,1,2,,,0,5,,,,1,7,0,0,1,0
1,9,3,1,3,75,FRANCE,ILE-DE-FRANCE,114,75114,PARIS,RUE DU COMMANDANT RENE MOUCHOTTE,145709,0,4,VC,0,2,2,,,0,1,,,,1,7,0,0,1,0
5,9,3,1,3,75,FRANCE,ILE-DE-FRANCE,114,75114,PARIS,AVENUE ERNEST REYER,145735,0,4,VC,0,2,2,,,3,1,,,,1,7,0,0,1,0
1,9,1,1,6,75,FRANCE,ILE-DE-FRANCE,115,75115,PARIS,AVENUE FELIX FAURE,145771,0,4,VC,0,2,2,,,0,1,,,,1,7,0,0,1,0
1,9,2,1,6,75,FRANCE,ILE-DE-FRANCE,115,75115,PARIS,AVENUE FELIX FAURE,145780,0,4,VC,0,2,2,,,0,4,,,,1,,0,0,0,1
1,9,2,1,6,75,FRANCE,ILE-DE-FRANCE,115,75115,PARIS,RUE BRANCION,145789,0,4,VC,0,2,3,,,3,1,,,,1,,0,0,0,1
1,9,1,1,6,75,FRANCE,ILE-DE-FRANCE,115,75115,PARIS,ALLEE  DU GENERAL DENAIN,145793,6,4,VC,0,0,1,,,0,0,,,,1,,0,0,0,1
5,9,5,2,3,75,FRANCE,ILE-DE-FRANCE,115,75115,PARIS,BOULEVARD DU MONTPARNASSE,145799,5,4,VC,0,1,2,,,0,1,,,,1,7,0,0,1,0
5,9,2,1,3,75,FRANCE,ILE-DE-FRANCE,115,75115,PARIS,AVENUE DE LOWENDAL,145805,0,4,VC,0,2,2,,,0,1,,,,1,7,0,0,1,0
1,9,1,1,6,75,FRANCE,ILE-DE-FRANCE,115,75115,PARIS,RUE CAMBRONNE,145806,0,4,VC,0,2,0,,,0,1,,,,1,7,0,0,1,0
5,9,2,2,3,75,FRANCE,ILE-DE-FRANCE,115,75115,PARIS,RUE DE LA CONVENTION,145809,5,4,VC,0,2,2,,,0,1,,,,1,7,0,0,1,0
5,9,1,1,3,75,FRANCE,ILE-DE-FRANCE,115,75115,PARIS,AVENUE ALBERT BARTHOLOME,145817,0,4,VC,0,2,2,,,0,1,,,,1,7,0,0,1,0
5,9,2,1,3,75,FRANCE,ILE-DE-FRANCE,115,75115,PARIS,RUE BLOMET,145825,0,4,VC,0,1,1,,,0,1,,,,1,7,0,0,1,0
1,9,5,1,7,75,FRANCE,ILE-DE-FRANCE,115,75115,PARIS,BOULEVARD PASTEUR,145861,5,4,VC,0,2,3,,,3,1,,,,1,,0,0,1,0
1,9,1,1,3,75,FRANCE,ILE-DE-FRANCE,115,75115,PARIS,BOULEVARD DE VAUGIRARD,145862,0,4,VC,0,1,2,,,3,1,,,,1,7,0,0,1,0
1,9,3,1,3,75,FRANCE,ILE-DE-FRANCE,115,75115,PARIS,RUE ROSENWALD,145866,0,4,VC,0,2,3,,,0,1,,,,1,10,0,0,1,0
1,9,1,1,2,75,FRANCE,ILE-DE-FRANCE,115,75115,PARIS,RUE DE CRONSTADT,145875,0,4,VC,0,2,2,,,0,1,,,,1,7,0,0,1,0
1,9,3,1,2,75,FRANCE,ILE-DE-FRANCE,115,75115,PARIS,RUE DE VAUGIRARD,145899,0,4,VC,0,1,2,,,3,1,,,,1,2,0,0,1,0
5,9,2,1,3,75,FRANCE,ILE-DE-FRANCE,115,75115,PARIS,RUE DE LA CROIX NIVERT,145903,0,4,VC,0,2,2,,,0,1,,,,1,7,0,0,1,0
1,9,1,1,3,75,FRANCE,ILE-DE-FRANCE,115,75115,PARIS,RUE DE LA CONVENTION,145907,0,4,VC,0,2,2,,,0,1,,,,1,7,0,0,1,0
1,9,5,1,3,75,FRANCE,ILE-DE-FRANCE,115,75115,PARIS,RUE DES ENTREPRENEURS,145916,0,4,VC,0,1,1,,,0,1,,,,1,33,0,0,1,0
1,9,2,1,7,75,FRANCE,ILE-DE-FRANCE,115,75115,PARIS,RUE DE VAUGIRARD,145925,0,4,VC,0,1,3,,,0,0,,,,1,,0,0,1,0
1,9,1,1,3,75,FRANCE,ILE-DE-FRANCE,115,75115,PARIS,BOULEVARD GARIBALDI,145934,0,4,VC,0,0,1,,,1,5,,,,1,7,0,0,1,0
1,9,1,1,2,75,FRANCE,ILE-DE-FRANCE,115,75115,PARIS,RUE D'ORADOUR SUR GLANE,145937,0,4,VC,0,1,2,,,0,1,,,,1,7,0,0,1,0
1,9,3,1,3,75,FRANCE,ILE-DE-FRANCE,115,75115,PARIS,AVENUE DE SUFFREN,145946,0,4,VC,0,2,2,,,0,1,,,,1,7,0,0,1,0
1,9,2,1,6,75,FRANCE,ILE-DE-FRANCE,115,75115,PARIS,AVENUE DE LA MOTTE PICQUET,145948,0,4,VC,0,1,2,,,0,1,,,,1,,0,0,0,1
1,9,3,1,6,75,FRANCE,ILE-DE-FRANCE,115,75115,PARIS,RUE DU COMMERCE,145949,0,4,VC,0,2,1,,,1,5,,,,1,,,,,
1,9,1,1,3,75,FRANCE,ILE-DE-FRANCE,115,75115,PARIS,BOULEVARD DE GRENELLE,145958,0,4,VC,0,1,2,,,1,5,,,,1,10,0,0,1,0
1,9,2,1,3,75,FRANCE,ILE-DE-FRANCE,115,75115,PARIS,RUE DU COMMERCE,145964,0,4,VC,0,2,1,,,0,5,,,,1,7,0,0,1,0
5,9,5,1,2,75,FRANCE,ILE-DE-FRANCE,115,75115,PARIS,RUE LECOURBE,145967,0,4,VC,0,2,2,,,0,1,,,,1,7,0,0,1,0
1,9,1,1,3,75,FRANCE,ILE-DE-FRANCE,115,75115,PARIS,RUE SAINT CHARLES,145969,0,4,VC,0,1,2,,,0,1,,,,1,7,0,0,1,0
1,9,1,1,3,75,FRANCE,ILE-DE-FRANCE,115,75115,PARIS,RUE DE LOURMEL,145971,0,4,VC,0,1,1,,,0,1,,,,1,7,0,0,1,0
2,9,1,1,7,75,FRANCE,ILE-DE-FRANCE,115,75115,PARIS,RUE LECOURBE,145976,0,4,VC,0,1,0,,,0,4,,,,1,,0,0,1,0
1,9,3,1,6,75,FRANCE,ILE-DE-FRANCE,115,75115,PARIS,RUE LEON DIERX,145982,0,4,VC,0,1,2,,,0,5,,,,1,,0,0,1,0
1,9,1,1,3,75,FRANCE,ILE-DE-FRANCE,115,75115,PARIS,RUE DE LA CONVENTION,145995,0,4,VC,0,2,4,,,3,1,,,,1,10,0,0,1,0
5,9,5,1,3,75,FRANCE,ILE-DE-FRANCE,114,75114,PARIS,AVENUE RENE COTY,146023,5,4,VC,0,2,2,,,0,1,,,,1,7,0,0,1,0
1,9,1,2,3,75,FRANCE,ILE-DE-FRANCE,115,75115,PARIS,RUE DE L'ARRIVEE,146024,0,4,VC,0,3,2,,,0,1,,,,1,7,0,0,1,0
1,9,5,1,7,75,FRANCE,ILE-DE-FRANCE,115,75115,PARIS,RUE VICTOR DURUY,146034,0,4,VC,0,2,2,,,3,1,,,,1,,0,0,1,0
1,9,3,1,6,75,FRANCE,ILE-DE-FRANCE,115,75115,PARIS,RUE DU COMMERCE,146039,0,4,VC,0,1,1,,,0,1,,,,1,10,0,0,1,0
1,9,1,2,7,75,FRANCE,ILE-DE-FRANCE,115,75115,PARIS,BOULEVARD PASTEUR,146042,0,4,VC,0,4,3,,,0,1,,,,1,,0,0,1,0
5,9,1,1,3,75,FRANCE,ILE-DE-FRANCE,115,75115,PARIS,RUE DE LA CONVENTION,146048,0,4,VC,0,2,2,,,0,1,,,,1,7,0,0,1,0
5,9,1,1,6,75,FRANCE,ILE-DE-FRANCE,115,75115,PARIS,RUE DE LA CONVENTION,146067,0,4,VC,0,2,3,,,0,1,,,,1,,0,0,0,1
1,9,1,1,6,75,FRANCE,ILE-DE-FRANCE,115,75115,PARIS,AVENUE DE LA PORTE DE SEVRES,146072,6,4,VC,0,1,2,,,3,4,,,,1,,0,0,1,0
5,9,1,2,7,75,FRANCE,ILE-DE-FRANCE,115,75115,PARIS,BOULEVARD VICTOR,146073,0,4,VC,0,1,1,,,1,5,,,,1,,0,0,1,0
1,9,1,1,3,75,FRANCE,ILE-DE-FRANCE,115,75115,PARIS,RUE DES VOLONTAIRES,146077,0,4,VC,0,1,1,,,0,1,,,,1,7,0,0,1,0
1,9,3,1,2,75,FRANCE,ILE-DE-FRANCE,115,75115,PARIS,AVENUE FELIX FAURE,146088,0,4,VC,0,2,2,,,0,1,,,,1,7,0,0,1,0
1,9,1,1,3,75,FRANCE,ILE-DE-FRANCE,116,75116,PARIS,PLACE DU TROCADERO,146099,0,4,VC,0,4,0,,,0,1,,,,1,7,0,0,1,0
1,9,1,1,7,75,FRANCE,ILE-DE-FRANCE,116,75116,PARIS,ROUTE DES TRIBUNES,146116,0,4,VC,0,1,1,,,1,5,,,,1,,0,0,1,0
1,9,5,1,3,75,FRANCE,ILE-DE-FRANCE,116,75116,PARIS,RUE LE NOTRE,146121,0,4,VC,0,1,4,,,0,1,,,,1,10,0,0,1,0
1,9,2,1,3,75,FRANCE,ILE-DE-FRANCE,116,75116,PARIS,RUE DE LA TOUR,146175,0,4,VC,0,1,1,,,0,1,,,,1,10,0,0,1,0
1,9,1,1,7,75,FRANCE,ILE-DE-FRANCE,116,75116,PARIS,RUE BEETHOVEN,146178,0,4,VC,0,1,1,,,0,4,,,,1,,0,0,1,0
1,9,1,1,3,75,FRANCE,ILE-DE-FRANCE,116,75116,PARIS,AVENUE VICTOR HUGO,146187,0,4,VC,0,2,1,,,0,1,,,,1,7,0,0,1,0
1,9,1,1,3,75,FRANCE,ILE-DE-FRANCE,116,75116,PARIS,CARREFOUR DE LONGCHAMP,146188,0,4,VC,0,2,2,,,0,1,,,,1,33,0,0,1,0
1,9,1,1,1,75,FRANCE,ILE-DE-FRANCE,116,75116,PARIS,ROUTE DE SEVRES A NEUILLY,146209,0,4,VC,0,1,1,,,0,1,,,,1,34,0,0,1,0
1,9,1,1,6,75,FRANCE,ILE-DE-FRANCE,116,75116,PARIS,ROUTE DE LA PORTE DAUPHINE A LA PORTE DES SA,146222,0,4,VC,0,0,1,,,0,4,,,,1,,,,,
1,9,1,1,7,75,FRANCE,ILE-DE-FRANCE,116,75116,PARIS,BOULEVARD MURAT,146223,0,4,VC,0,2,2,,,0,0,,,,1,,0,0,1,0
2,9,1,1,2,75,FRANCE,ILE-DE-FRANCE,116,75116,PARIS,ROUTE DE SEVRES A NEUILLY,146224,0,4,VC,0,2,0,,,0,1,,,,1,10,0,0,1,0
1,9,1,1,2,75,FRANCE,ILE-DE-FRANCE,116,75116,PARIS,ROUTE DES TRIBUNES,146232,0,4,VC,0,2,2,,,0,1,,,,1,,0,0,1,0