lum,agg,int,atm,col,dep_bis,pays,region,com_bis,com_codeINSEE,communes,N_voie,numac,infra,catr,type_route,voie,circ,nbv,pr,pr1,vosp,situ,lat,long,adr,accident_velo,vehicule_imp,cycl_mort,cycl_bgv,cycl_blg,cycl_indm
1,9,1,1,3,75,FRANCE,ILE-DE-FRANCE,116,75116,PARIS,RUE DE PRESBOURG,146233,0,4,VC,0,1,2,,,1,5,,,,1,7,0,0,1,0
1,9,1,1,7,75,FRANCE,ILE-DE-FRANCE,116,75116,PARIS,ROUTE DE LA LONGUE QUEUE,146240,6,4,VC,0,0,1,,,0,0,,,,1,,0,0,1,0
1,9,4,1,3,75,FRANCE,ILE-DE-FRANCE,116,75116,PARIS,RUE DE BOULAINVILLIERS,146243,0,4,VC,0,1,1,,,0,1,,,,1,10,0,0,1,0
1,9,1,1,3,75,FRANCE,ILE-DE-FRANCE,116,75116,PARIS,RUE DU RANELAGH,146264,0,4,VC,0,0,2,,,0,0,,,,1,7,0,0,1,0
1,9,5,1,3,75,FRANCE,ILE-DE-FRANCE,116,75116,PARIS,AVENUE ALBERT 1ER DE MONACO,146290,0,4,VC,0,2,2,,,0,1,,,,1,7,0,0,1,0
1,9,5,1,6,75,FRANCE,ILE-DE-FRANCE,116,75116,PARIS,BOULEVARD EMILE AUGIER,146304,0,4,VC,0,2,1,,,0,1,,,,1,7,0,0,1,0
1,9,1,2,6,75,FRANCE,ILE-DE-FRANCE,116,75116,PARIS,ROUTE DES TRIBUNES,146315,0,4,VC,0,1,1,0,110,1,1,,,,1,,0,0,1,0
1,9,5,1,6,75,FRANCE,ILE-DE-FRANCE,116,75116,PARIS,AVENUE DU PRESIDENT KENNEDY,146326,0,4,VC,0,0,1,,,0,1,,,,1,7,0,0,1,0
1,9,7,1,3,75,FRANCE,ILE-DE-FRANCE,116,75116,PARIS,PLACE DU MARECHAL DE LATTRE DE TASSIGNY,146332,0,4,VC,0,1,2,,,0,1,,,,1,10,0,0,1,0
1,9,3,1,5,75,FRANCE,ILE-DE-FRANCE,116,75116,PARIS,ALLEE  DU BORD DE L'EAU,146334,0,4,VC,0,2,2,,,0,1,,,,1,7,0,0,0,1
2,9,5,1,3,75,FRANCE,ILE-DE-FRANCE,116,75116,PARIS,RUE BOISSIERE,146347,0,4,VC,0,2,2,,,0,1,,,,1,7,0,0,1,0
1,9,1,1,3,75,FRANCE,ILE-DE-FRANCE,116,75116,PARIS,AVENUE DES NATIONS UNIES,146354,0,4,VC,0,2,0,,,0,1,,,,1,38,0,0,1,0
1,9,1,8,7,75,FRANCE,ILE-DE-FRANCE,116,75116,PARIS,ROUTE DE SURESNES,146361,0,4,VC,0,0,0,,,1,5,,,,1,,0,0,1,0
2,9,4,1,6,75,FRANCE,ILE-DE-FRANCE,116,75116,PARIS,ROUTE DE SURESNES,146379,6,4,VC,0,2,4,,,0,1,,,,1,7,0,0,1,0
5,9,1,1,3,75,FRANCE,ILE-DE-FRANCE,116,75116,PARIS,ALLEE  DU BORD DE L'EAU,146393,0,4,VC,0,2,0,,,0,1,,,,1,7,0,0,1,0
1,9,7,1,3,75,FRANCE,ILE-DE-FRANCE,116,75116,PARIS,AVENUE GEORGES MANDEL,146406,0,4,VC,0,1,0,,,0,1,,,,1,7,0,0,1,0
5,9,1,1,2,75,FRANCE,ILE-DE-FRANCE,116,75116,PARIS,AVENUE DE NEW YORK,146409,1,4,VC,0,2,4,,,0,1,,,,1,7,0,0,1,0
5,9,5,1,3,75,FRANCE,ILE-DE-FRANCE,116,75116,PARIS,AVENUE PAUL DOUMER,146415,0,4,VC,0,3,2,,,0,1,,,,1,7,0,0,1,0
1,9,1,1,7,75,FRANCE,ILE-DE-FRANCE,115,75115,PARIS,PONT DU GARIGLIANO,146434,2,4,VC,0,2,0,,,1,1,,,,1,,0,0,1,0
1,9,1,1,3,75,FRANCE,ILE-DE-FRANCE,116,75116,PARIS,PLACE DU TROCADERO ET DU 11 NOVEMBRE,146438,0,4,VC,0,1,5,,,0,1,,,,1,7,0,0,1,0
1,9,1,1,3,75,FRANCE,ILE-DE-FRANCE,116,75116,PARIS,RUE CLAUDE FARRERE,146439,0,4,VC,0,2,2,,,0,1,,,,1,7,0,0,1,0
1,9,3,1,3,75,FRANCE,ILE-DE-FRANCE,116,75116,PARIS,RUE JEAN RICHEPIN,146451,0,4,VC,0,1,1,,,0,1,,,,1,7,0,0,1,0
1,9,1,1,7,75,FRANCE,ILE-DE-FRANCE,116,75116,PARIS,AVENUE DE L'HIPPODROME,146458,0,4,VC,0,1,1,,,1,5,,,,1,,0,0,1,0
1,9,1,1,7,75,FRANCE,ILE-DE-FRANCE,116,75116,PARIS,ROUTE DE SEVRES A NEUILLY,146477,0,4,VC,0,0,1,,,1,5,,,,1,,0,0,1,0
1,9,7,1,3,75,FRANCE,ILE-DE-FRANCE,116,75116,PARIS,AVENUE PAUL DOUMER,146480,5,4,VC,0,1,4,,,0,1,,,,1,7,0,0,1,0
1,9,3,2,7,75,FRANCE,ILE-DE-FRANCE,116,75116,PARIS,RUE LE TASSE,146481,0,4,VC,0,2,0,,,0,1,,,,1,,0,0,1,0
1,9,1,2,7,75,FRANCE,ILE-DE-FRANCE,116,75116,PARIS,SQUARE ALBONI,146484,0,4,VC,0,0,0,,,0,1,,,,1,,0,0,1,0
1,9,1,1,7,75,FRANCE,ILE-DE-FRANCE,116,75116,PARIS,AVENUE KLEBER,146496,0,4,VC,0,1,1,,,0,1,,,,1,,0,0,1,0
5,9,1,1,3,75,FRANCE,ILE-DE-FRANCE,116,75116,PARIS,BOULEVARD LANNES,146518,0,4,VC,0,2,2,,,0,1,,,,1,37,0,0,1,0
3,9,2,2,3,75,FRANCE,ILE-DE-FRANCE,116,75116,PARIS,ALLEE  DE LONGCHAMP,146547,0,4,VC,0,2,2,,,0,5,,,,1,7,0,0,1,0
1,9,1,1,6,75,FRANCE,ILE-DE-FRANCE,117,75117,PARIS,AVENUE DE VILLIERS,146566,0,4,VC,0,2,4,,,0,1,,,,1,,0,0,1,0
1,9,1,1,3,75,FRANCE,ILE-DE-FRANCE,117,75117,PARIS,RUE DE TOCQUEVILLE,146567,0,4,VC,0,2,2,,,0,1,,,,1,14,0,0,1,0
1,9,1,1,4,75,FRANCE,ILE-DE-FRANCE,117,75117,PARIS,AVENUE DE VILLIERS,146576,0,4,VC,0,0,0,,,3,1,,,,1,7,0,0,1,0
5,9,2,2,6,75,FRANCE,ILE-DE-FRANCE,117,75117,PARIS,AVENUE DE CLICHY,146581,0,4,VC,0,2,2,,,0,1,,,,1,33,0,0,1,0
1,9,1,1,3,75,FRANCE,ILE-DE-FRANCE,117,75117,PARIS,RUE GUY MOQUET,146663,0,4,VC,0,2,1,,,0,1,,,,1,7,0,0,1,0
5,9,1,1,3,75,FRANCE,ILE-DE-FRANCE,117,75117,PARIS,AVENUE DES TERNES,146666,0,4,VC,0,0,2,,,0,1,,,,1,10,0,0,1,0
1,9,5,1,6,75,FRANCE,ILE-DE-FRANCE,117,75117,PARIS,BOULEVARD DE L'YSER,146671,0,4,VC,0,3,3,,,0,5,,,,1,7,0,0,1,0
5,9,4,1,3,75,FRANCE,ILE-DE-FRANCE,117,75117,PARIS,AVENUE DE LA GRANDE ARMEE,146672,1,4,VC,0,2,2,,,0,1,,,,1,7,0,0,1,0
1,9,2,1,3,75,FRANCE,ILE-DE-FRANCE,117,75117,PARIS,RUE LEGENDRE,146687,0,4,VC,0,1,1,5,0,1,1,,,,1,7,0,0,1,0
1,9,5,1,2,75,FRANCE,ILE-DE-FRANCE,117,75117,PARIS,RUE DE COURCELLES,146705,0,4,VC,0,0,3,,,0,1,,,,1,7,0,0,1,0
1,9,5,1,3,75,FRANCE,ILE-DE-FRANCE,117,75117,PARIS,BOULEVARD BERTHIER,146711,5,4,VC,0,2,6,,,0,1,,,,1,7,0,0,1,0
1,9,4,1,3,75,FRANCE,ILE-DE-FRANCE,117,75117,PARIS,AVENUE DE SAINT OUEN,146713,0,4,VC,0,2,2,,,0,1,,,,1,7,0,0,1,0
1,9,1,1,6,75,FRANCE,ILE-DE-FRANCE,117,75117,PARIS,BOULEVARD BERTHIER,146714,1,4,VC,0,2,2,,,1,5,,,,1,7,0,0,1,0
1,9,2,1,1,75,FRANCE,ILE-DE-FRANCE,117,75117,PARIS,RUE DE TOCQUEVILLE,146719,0,4,VC,0,2,2,,,0,1,,,,1,33,0,0,1,0
1,9,2,1,6,75,FRANCE,ILE-DE-FRANCE,117,75117,PARIS,AVENUE DE CLICHY,146726,0,4,VC,0,2,1,,,0,1,,,,1,,0,0,0,1
1,9,1,1,6,75,FRANCE,ILE-DE-FRANCE,117,75117,PARIS,BOULEVARD DE COURCELLES,146735,0,4,VC,0,2,2,,,0,1,,,,1,,0,0,1,0
1,9,1,1,6,75,FRANCE,ILE-DE-FRANCE,108,75108,PARIS,RUE D'AMSTERDAM,146739,0,4,VC,0,1,2,,,3,1,,,,1,10,0,0,1,0
5,9,5,1,3,75,FRANCE,ILE-DE-FRANCE,117,75117,PARIS,RUE CARDINET,146741,0,4,VC,0,0,1,,,0,1,,,,1,30,0,0,1,0
1,9,5,1,3,75,FRANCE,ILE-DE-FRANCE,117,75117,PARIS,BOULEVARD BESSIERES,146745,0,4,VC,0,2,6,,,3,1,,,,1,7,0,0,1,0
1,9,1,1,7,75,FRANCE,ILE-DE-FRANCE,117,75117,PARIS,AVENUE DES TERNES,146748,0,4,VC,0,0,0,,,0,1,,,,1,,0,0,1,0
1,9,7,1,3,75,FRANCE,ILE-DE-FRANCE,117,75117,PARIS,BOULEVARD PEREIRE,146752,0,4,VC,0,1,1,,,0,1,,,,1,7,0,0,1,0
1,9,1,1,2,75,FRANCE,ILE-DE-FRANCE,117,75117,PARIS,AVENUE DES TERNES,146757,0,4,VC,0,3,2,,,0,1,,,,1,7,0,0,1,0
5,9,4,1,3,75,FRANCE,ILE-DE-FRANCE,117,75117,PARIS,ECHANGEUR ASNIERES,146769,3,4,VC,0,1,1,,,0,1,,,,1,7,0,0,1,0
1,9,5,1,6,75,FRANCE,ILE-DE-FRANCE,117,75117,PARIS,RUE PIERRE DEMOURS,146771,0,4,VC,0,1,1,,,0,0,,,,1,7,0,0,1,0
1,9,3,1,3,75,FRANCE,ILE-DE-FRANCE,116,75116,PARIS,RUE DE L'AMIRAL CLOUE,146778,0,4,VC,0,4,4,,,0,1,,,,1,7,0,0,1,0
5,9,1,1,2,75,FRANCE,ILE-DE-FRANCE,117,75117,PARIS,AVENUE DE VILLIERS,146839,0,4,VC,0,2,4,,,0,1,,,,1,7,0,0,1,0
5,9,4,1,3,75,FRANCE,ILE-DE-FRANCE,117,75117,PARIS,AVENUE NIEL,146842,0,4,VC,0,2,4,,,0,4,,,,1,7,0,0,1,0
1,9,1,8,3,75,FRANCE,ILE-DE-FRANCE,117,75117,PARIS,AVENUE DE LA GRANDE ARMEE,146843,0,4,VC,0,1,1,,,0,1,,,,1,7,0,0,1,0
5,9,1,1,3,75,FRANCE,ILE-DE-FRANCE,118,75118,PARIS,BOULEVARD ORNANO,146930,0,4,VC,0,2,2,,,3,1,,,,1,7,0,0,1,0
1,9,1,1,3,75,FRANCE,ILE-DE-FRANCE,118,75118,PARIS,BOULEVARD DE CLICHY,146964,0,4,VC,0,1,2,,,3,1,,,,1,7,0,0,1,0
1,9,2,1,6,75,FRANCE,ILE-DE-FRANCE,118,75118,PARIS,BOULEVARD DE CLICHY,146968,0,4,VC,0,1,0,,,3,0,,,,1,,0,0,0,1
1,9,1,1,3,75,FRANCE,ILE-DE-FRANCE,118,75118,PARIS,RUE MARX DORMOY,146969,0,4,VC,0,2,4,,,0,0,,,,1,37,0,0,1,0
5,9,1,1,3,75,FRANCE,ILE-DE-FRANCE,118,75118,PARIS,RUE CUSTINE,146971,0,4,VC,0,1,1,,,0,1,,,,1,7,0,0,1,0
1,9,5,1,3,75,FRANCE,ILE-DE-FRANCE,118,75118,PARIS,RUE CHAMPIONNET,146981,0,4,VC,0,2,2,,,0,1,,,,1,7,0,0,1,0
1,9,1,1,3,75,FRANCE,ILE-DE-FRANCE,118,75118,PARIS,BOULEVARD NEY,147010,0,4,VC,0,1,4,,,3,1,,,,1,37,0,0,1,0
1,9,2,1,3,75,FRANCE,ILE-DE-FRANCE,118,75118,PARIS,RUE DU DEPARTEMENT,147057,0,4,VC,0,1,1,,,0,1,,,,1,7,0,0,1,0
5,9,4,3,6,75,FRANCE,ILE-DE-FRANCE,118,75118,PARIS,RUE DU RUISSEAU,147061,3,4,VC,0,1,2,,,0,1,,,,1,,0,0,1,0
1,9,1,8,6,75,FRANCE,ILE-DE-FRANCE,118,75118,PARIS,RUE FRANCOEUR,147081,0,4,VC,0,1,1,,,0,1,,,,1,,0,0,1,0
1,9,1,1,6,75,FRANCE,ILE-DE-FRANCE,118,75118,PARIS,RUE DAMREMONT,147088,0,4,VC,0,1,2,,,0,1,,,,1,,0,0,0,1
1,9,1,2,6,75,FRANCE,ILE-DE-FRANCE,118,75118,PARIS,RUE D'AUBERVILLIERS,147100,0,4,VC,0,1,1,,,1,5,,,,1,,0,0,1,0
1,9,4,1,3,75,FRANCE,ILE-DE-FRANCE,118,75118,PARIS,RUE DE CHARTRES,147114,0,4,VC,0,1,3,,,1,1,,,,1,7,0,0,1,0
5,9,2,1,6,75,FRANCE,ILE-DE-FRANCE,118,75118,PARIS,RUE DAMREMONT,147117,0,4,VC,0,2,2,,,0,1,,,,1,,0,0,1,0
1,9,3,1,3,75,FRANCE,ILE-DE-FRANCE,118,75118,PARIS,RUE MARX DORMOY,147141,0,4,VC,0,0,1,,,0,5,,,,1,10,0,0,1,0
1,9,1,1,2,75,FRANCE,ILE-DE-FRANCE,118,75118,PARIS,RUE ORDENER,147149,0,4,VC,0,2,2,,,0,1,,,,1,13,0,0,1,0
5,9,1,1,3,75,FRANCE,ILE-DE-FRANCE,118,75118,PARIS,RUE DAMREMONT,147187,0,4,VC,0,2,1,,,0,1,,,,1,7,0,0,1,0
5,9,4,2,6,75,FRANCE,ILE-DE-FRANCE,118,75118,PARIS,RUE JOSEPH DIJON,147192,0,4,VC,0,1,1,,,0,1,,,,1,7,0,0,1,0
3,9,3,1,3,75,FRANCE,ILE-DE-FRANCE,119,75119,PARIS,BOULEVARD MACDONALD,147226,0,4,VC,0,1,1,,,0,1,,,,1,7,0,0,1,0
1,9,1,1,6,75,FRANCE,ILE-DE-FRANCE,119,75119,PARIS,AVENUE JEAN JAURES,147267,0,4,VC,0,2,4,,,2,1,,,,1,7,0,0,1,0
1,9,1,1,6,75,FRANCE,ILE-DE-FRANCE,119,75119,PARIS,AVENUE JEAN JAURES,147300,0,4,VC,0,2,4,,,1,5,,,,1,13,0,0,1,0
1,9,5,1,3,75,FRANCE,ILE-DE-FRANCE,119,75119,PARIS,PLACE DE LA BATAILLE DE STALINGRAD,147307,5,4,VC,0,1,1,,,1,5,,,,1,7,0,0,1,0
1,9,3,1,1,75,FRANCE,ILE-DE-FRANCE,119,75119,PARIS,AVENUE JEAN JAURES,147321,0,4,VC,0,2,3,,,1,1,,,,1,7,0,0,1,0
1,9,5,1,3,75,FRANCE,ILE-DE-FRANCE,119,75119,PARIS,AVENUE DE LA PORTE CHAUMONT,147326,0,4,VC,0,2,2,,,0,1,,,,1,7,0,0,1,0
1,9,1,1,3,75,FRANCE,ILE-DE-FRANCE,119,75119,PARIS,RUE DE BELLEVILLE,147329,0,4,VC,0,2,2,,,0,1,,,,1,7,0,0,1,0
1,9,1,1,3,75,FRANCE,ILE-DE-FRANCE,119,75119,PARIS,AVENUE DE FLANDRE,147343,0,4,VC,0,0,0,,,0,1,,,,1,34,0,0,1,0
1,9,7,2,3,75,FRANCE,ILE-DE-FRANCE,119,75119,PARIS,PLACE AUGUSTE BARON,147348,5,4,VC,0,1,2,,,0,1,,,,1,14,0,0,1,0
1,9,2,1,3,75,FRANCE,ILE-DE-FRANCE,110,75110,PARIS,BOULEVARD DE LA VILLETTE,147367,0,4,VC,0,1,2,,,0,0,,,,1,30,0,0,1,0
1,9,1,1,3,75,FRANCE,ILE-DE-FRANCE,119,75119,PARIS,RUE LEON GIRAUD,147368,0,4,VC,0,1,1,,,0,4,,,,1,7,0,0,1,0
1,9,1,1,7,75,FRANCE,ILE-DE-FRANCE,119,75119,PARIS,QUAI DE LA SEINE,147379,0,4,VC,0,1,1,,,1,5,,,,1,,0,0,1,0
1,9,1,8,6,75,FRANCE,ILE-DE-FRANCE,119,75119,PARIS,RUE DE L'OURCQ,147389,0,4,VC,0,1,1,,,0,1,,,,1,2,0,0,1,0
1,9,3,2,3,75,FRANCE,ILE-DE-FRANCE,119,75119,PARIS,BOULEVARD MACDONALD,147392,5,4,VC,0,1,1,,,0,1,,,,1,7,0,0,1,0
1,9,1,1,3,75,FRANCE,ILE-DE-FRANCE,119,75119,PARIS,BOULEVARD DE LA VILLETTE,147393,0,4,VC,0,1,2,,,1,5,,,,1,7,0,0,1,0
1,9,1,1,3,75,FRANCE,ILE-DE-FRANCE,119,75119,PARIS,RUE CARREL ARMAND,147400,0,4,VC,0,2,2,,,0,1,,,,1,7,0,0,1,0
1,9,1,1,7,75,FRANCE,ILE-DE-FRANCE,119,75119,PARIS,RUE LALLY TOLLENDAL,147409,0,4,VC,0,1,1,,,0,1,,,,1,,0,0,1,0
5,9,7,1,6,75,FRANCE,ILE-DE-FRANCE,119,75119,PARIS,AVENUE MATHURIN MOREAU,147418,0,4,VC,0,2,2,,,0,1,,,,1,7,0,0,1,0
1,9,1,1,6,75,FRANCE,ILE-DE-FRANCE,119,75119,PARIS,AVENUE JEAN JAURES,147425,0,4,VC,0,0,0,,,1,5,,,,1,,0,0,0,1
5,9,7,8,3,75,FRANCE,ILE-DE-FRANCE,119,75119,PARIS,ECHANGEUR AUBERVILLIERS,147428,0,4,VC,0,0,2,,,0,0,,,,1,7,0,0,1,0
5,9,2,1,3,75,FRANCE,ILE-DE-FRANCE,119,75119,PARIS,AVENUE JEAN JAURES,147435,0,4,VC,0,2,4,,,3,1,,,,1,7,0,0,1,0
1,9,2,1,3,75,FRANCE,ILE-DE-FRANCE,119,75119,PARIS,AVENUE JEAN JAURES,147438,0,4,VC,0,3,4,,,3,1,,,,1,10,0,0,1,0
1,9,1,2,6,75,FRANCE,ILE-DE-FRANCE,119,75119,PARIS,AVENUE CORENTIN CARIOU,147440,0,4,VC,0,1,2,,,0,1,,,,1,7,0,0,1,0
1,9,1,2,3,75,FRANCE,ILE-DE-FRANCE,119,75119,PARIS,AVENUE JEAN JAURES,147463,0,4,VC,0,2,2,,,0,1,,,,1,32,0,0,1,0
1,9,1,1,3,75,FRANCE,ILE-DE-FRANCE,119,75119,PARIS,RUE DE CRIMEE,147470,0,4,VC,0,1,2,,,0,1,,,,1,34,0,0,1,0
1,9,4,1,7,75,FRANCE,ILE-DE-FRANCE,120,75120,PARIS,RUE DE LA BIDASSOA,147496,0,4,VC,0,1,1,,,0,1,,,,1,,0,0,1,0
5,9,5,1,3,75,FRANCE,ILE-DE-FRANCE,120,75120,PARIS,RUE HENRI CHEVREAU,147499,0,4,VC,0,1,1,,,0,1,,,,1,10,0,0,1,0
1,9,1,1,6,75,FRANCE,ILE-DE-FRANCE,120,75120,PARIS,RUE DES PYRENEES,147535,0,4,VC,0,2,1,,,0,1,,,,1,,0,0,0,1
1,9,1,8,3,75,FRANCE,ILE-DE-FRANCE,120,75120,PARIS,RUE DE LAGNY,147536,0,4,VC,0,1,1,,,0,1,,,,1,10,0,0,1,0
1,9,3,1,3,75,FRANCE,ILE-DE-FRANCE,120,75120,PARIS,AVENUE DE LA PORTE DE VINCENNES,147556,0,4,VC,0,2,2,,,0,1,,,,1,7,0,0,1,0
1,9,3,1,7,75,FRANCE,ILE-DE-FRANCE,120,75120,PARIS,BOULEVARD DE BELLEVILLE,147558,0,4,VC,0,3,2,,,1,1,,,,1,,0,0,1,0
1,9,1,2,6,75,FRANCE,ILE-DE-FRANCE,120,75120,PARIS,RUE DE LAGNY,147559,0,4,VC,0,1,1,,,0,1,,,,1,,0,0,0,1
1,9,1,7,6,75,FRANCE,ILE-DE-FRANCE,120,75120,PARIS,AVENUE GAMBETTA,147566,0,4,VC,0,0,2,,,0,1,,,,1,,0,0,0,1
1,9,1,1,6,75,FRANCE,ILE-DE-FRANCE,120,75120,PARIS,RUE OLIVIER METRA,147574,0,4,VC,0,1,1,,,0,1,,,,1,,0,0,0,1
1,9,1,2,3,75,FRANCE,ILE-DE-FRANCE,120,75120,PARIS,RUE DES PYRENEES,147592,0,4,VC,0,2,2,,,0,1,,,,1,13,0,0,1,0
1,9,2,1,6,75,FRANCE,ILE-DE-FRANCE,120,75120,PARIS,RUE HENRI CHEVREAU,147593,0,4,VC,0,1,1,,,0,0,,,,1,,0,0,1,0
1,9,4,1,3,75,FRANCE,ILE-DE-FRANCE,120,75120,PARIS,AVENUE IBSEN,147619,0,4,VC,0,1,1,,,1,5,,,,1,7,0,0,1,0
1,9,1,1,6,75,FRANCE,ILE-DE-FRANCE,120,75120,PARIS,RUE DES DOCTEURS DEJERINE,147627,0,4,VC,0,3,2,,,1,5,,,,1,,0,0,1,0
1,9,7,1,3,75,FRANCE,ILE-DE-FRANCE,120,75120,PARIS,AVENUE GAMBETTA,147638,0,4,VC,0,1,1,,,1,1,,,,1,10,0,0,1,0
1,9,5,1,6,75,FRANCE,ILE-DE-FRANCE,120,75120,PARIS,RUE DU CAPITAINE TARRON,147652,0,4,VC,0,2,1,1,0,0,1,,,,1,7,0,0,1,0
1,9,1,1,3,75,FRANCE,ILE-DE-FRANCE,120,75120,PARIS,AVENUE DU PROFESSEUR ANDRE LEMIERE,147662,0,4,VC,0,0,1,,,0,4,,,,1,7,0,0,1,0
5,9,1,1,4,75,FRANCE,ILE-DE-FRANCE,120,75120,PARIS,RUE DES PYRENEES,147666,0,4,VC,0,2,1,,,0,1,,,,1,7,0,0,1,0
1,9,1,2,7,75,FRANCE,ILE-DE-FRANCE,120,75120,PARIS,RUE DE MENILMONTANT,147670,0,4,VC,0,2,2,,,0,1,,,,1,,0,0,1,0
1,9,1,1,6,75,FRANCE,ILE-DE-FRANCE,120,75120,PARIS,RUE DES VIGNOLES,147674,0,4,VC,0,0,0,,,0,4,,,,1,,0,0,1,0
2,9,2,1,3,75,FRANCE,ILE-DE-FRANCE,120,75120,PARIS,RUE DES PYRENEES,147677,0,4,VC,0,2,2,,,0,0,,,,1,7,0,0,1,0
1,9,1,1,3,75,FRANCE,ILE-DE-FRANCE,120,75120,PARIS,RUE DES FOUGERES,147691,0,4,VC,0,2,1,,,1,5,,,,1,7,0,0,1,0
1,9,7,1,6,75,FRANCE,ILE-DE-FRANCE,120,75120,PARIS,RUE GEO CHAVEZ,147693,0,4,VC,0,1,1,,,0,1,,,,1,7,0,0,1,0
1,9,1,1,3,75,FRANCE,ILE-DE-FRANCE,120,75120,PARIS,RUE DU SURMELIN,147697,0,4,VC,0,1,1,,,0,1,,,,1,7,0,0,1,0
1,9,2,1,6,75,FRANCE,ILE-DE-FRANCE,120,75120,PARIS,RUE D'AVRON,147702,0,4,VC,0,1,1,,,0,1,,,,1,,0,0,0,1
1,9,4,8,3,75,FRANCE,ILE-DE-FRANCE,120,75120,PARIS,RUE DE BAGNOLET,147703,0,4,VC,0,2,2,,,0,1,,,,1,32,0,0,1,0
5,9,1,1,3,75,FRANCE,ILE-DE-FRANCE,120,75120,PARIS,RUE EVARISTE GALOIS,147717,0,4,VC,0,2,2,,,0,1,,,,1,7,0,0,1,0
5,9,1,1,6,75,FRANCE,ILE-DE-FRANCE,120,75120,PARIS,AVENUE GAMBETTA,147729,0,4,VC,0,2,2,,,1,1,,,,1,,0,0,0,1
1,9,1,1,6,75,FRANCE,ILE-DE-FRANCE,120,75120,PARIS,RUE CRISTINO GARCIA,147735,0,4,VC,0,1,1,,,0,1,,,,1,30,0,0,1,0
1,9,4,1,3,75,FRANCE,ILE-DE-FRANCE,120,75120,PARIS,RUE BISSON,147736,0,4,VC,0,2,2,,,0,1,,,,1,7,0,0,1,0
5,9,1,1,3,75,FRANCE,ILE-DE-FRANCE,120,75120,PARIS,RUE DES PYRENEES,147743,0,4,VC,0,2,2,,,0,1,,,,1,32,0,0,1,0
1,9,3,1,2,75,FRANCE,ILE-DE-FRANCE,119,75119,PARIS,AVENUE DE LA PORTE DES LILAS,147744,0,4,VC,0,3,0,,,0,1,,,,1,7,0,0,1,0
1,9,1,1,3,75,FRANCE,ILE-DE-FRANCE,120,75120,PARIS,RUE D'AVRON,147760,0,4,VC,0,2,2,,,0,1,,,,1,7,0,0,1,0
1,9,1,2,3,75,FRANCE,ILE-DE-FRANCE,120,75120,PARIS,AVENUE GAMBETTA,147766,0,4,VC,0,2,2,,,0,1,,,,1,7,0,0,1,0
1,9,1,1,7,75,FRANCE,ILE-DE-FRANCE,115,75115,PARIS,RUE JEAN REY,147807,0,4,VC,0,1,2,,,0,1,,,,1,,0,0,1,0
1,9,2,1,3,75,FRANCE,ILE-DE-FRANCE,116,75116,PARIS,RUE DU RANELAGH,147819,0,4,VC,0,1,1,,,0,1,,,,1,7,0,0,1,0
5,9,5,1,3,75,FRANCE,ILE-DE-FRANCE,108,75108,PARIS,PLACE DU CANADA,147825,0,4,VC,0,2,3,,,0,1,,,,1,7,0,0,1,0
5,9,1,1,6,75,FRANCE,ILE-DE-FRANCE,114,75114,PARIS,AVENUE REILLE,147831,0,4,VC,0,2,2,,,0,1,,,,1,,0,0,1,0
1,9,2,1,3,75,FRANCE,ILE-DE-FRANCE,115,75115,PARIS,RUE SAINT CHARLES,147839,0,4,VC,0,1,1,,,0,1,,,,1,7,0,0,1,0
1,9,1,1,6,75,FRANCE,ILE-DE-FRANCE,111,75111,PARIS,BOULEVARD RICHARD LENOIR,147857,0,4,VC,0,1,2,,,0,1,,,,1,,0,0,1,0
1,9,3,1,3,75,FRANCE,ILE-DE-FRANCE,115,75115,PARIS,QUAI ANDRE CITROEN,147882,0,4,VC,0,2,5,,,0,1,,,,1,,0,0,1,0
1,9,5,1,7,75,FRANCE,ILE-DE-FRANCE,116,75116,PARIS,RUE D'ANDIGNE,147902,5,4,VC,0,1,1,,,0,1,,,,1,,0,0,1,0
1,9,1,1,3,75,FRANCE,ILE-DE-FRANCE,113,75113,PARIS,RUE DU CHATEAU DES RENTIERS,147911,0,4,VC,0,2,2,,,1,5,,,,1,7,0,0,1,0
1,9,7,1,3,75,FRANCE,ILE-DE-FRANCE,106,75106,PARIS,RUE DE RENNES,147912,0,4,VC,0,1,2,,,3,1,,,,1,7,0,0,1,0
1,9,4,1,3,75,FRANCE,ILE-DE-FRANCE,103,75103,PARIS,RUE DE TURBIGO,147913,0,4,VC,0,1,1,,,0,1,,,,1,14,0,0,1,0
5,9,4,2,3,75,FRANCE,ILE-DE-FRANCE,120,75120,PARIS,ECHANGEUR BAGNOLET,148432,3,4,VC,0,1,2,30,100,0,1,,,,1,7,0,0,1,0
1,8,1,1,3,76,FRANCE,HAUTE-NORMANDIE,540,76540,ROUEN,AVENUE LOUIS PASTEUR,148479,0,4,VC,0,1,2,,,0,1,,,,1,7,0,0,1,0
1,6,1,1,3,76,FRANCE,HAUTE-NORMANDIE,322,76322,GRAND-QUEVILLY (LE),RUE THEODORE GERICAULT,148484,0,4,VC,0,2,2,,,0,1,,,,1,7,0,0,1,0
1,3,1,1,1,76,FRANCE,HAUTE-NORMANDIE,315,76315,GRAINVILLE-LA-TEINTURIERE,RD 131,148491,0,3,RD,131,2,0,5,450,0,1,0,0,,1,7,0,0,1,0
1,5,1,4,2,76,FRANCE,HAUTE-NORMANDIE,103,76103,BONSECOURS,ROUTE DE PARIS ,148506,0,2,RN,0,1,2,15,200,0,1,,,,1,7,0,0,1,0
1,1,1,1,2,76,FRANCE,HAUTE-NORMANDIE,157,76157,CANTELEU,RUE DU CANAL,148507,0,3,RD,0,2,3,102,0,0,1,,,,1,18,0,0,1,0
5,6,1,8,2,76,FRANCE,HAUTE-NORMANDIE,217,76217,DIEPPE,RUE DE LA MORINIERE,148513,0,4,VC,0,1,1,,,0,1,,,,1,7,0,0,1,0