lum,agg,int,atm,col,dep_bis,pays,region,com_bis,com_codeINSEE,communes,N_voie,numac,infra,catr,type_route,voie,circ,nbv,pr,pr1,vosp,situ,lat,long,adr,accident_velo,vehicule_imp,cycl_mort,cycl_bgv,cycl_blg,cycl_indm
1,6,1,1,2,76,FRANCE,HAUTE-NORMANDIE,575,76575,SAINT-ETIENNE-DU-ROUVRAY,BOIS DU VAL L'ABBE,148519,0,4,VC,0,3,2,,,0,1,,,,1,7,0,0,1,0
1,5,1,1,7,76,FRANCE,HAUTE-NORMANDIE,216,76216,DEVILLE-LES-ROUEN,RUE DE FONTENELLE,148521,0,4,VC,0,2,2,,,0,1,,,,1,,0,0,1,0
1,5,1,1,3,76,FRANCE,HAUTE-NORMANDIE,484,76484,OISSEL,BOULEVARD ALEXANDRE DAMBOURNEY,148559,0,4,VC,0,2,2,,,0,1,,,,1,37,0,0,1,0
1,8,1,1,3,76,FRANCE,HAUTE-NORMANDIE,540,76540,ROUEN,RUE JEAN LECANUET,148585,0,4,VC,0,2,2,,,1,1,,,,1,7,0,0,1,0
1,8,1,1,3,76,FRANCE,HAUTE-NORMANDIE,351,76351,HAVRE (LE),BOULEVARD AMIRAL MOUCHEZ,148595,0,4,VC,0,2,1,,,2,5,,,,1,30,0,0,1,0
1,5,1,1,6,76,FRANCE,HAUTE-NORMANDIE,319,76319,GRAND-COURONNE,pierre bonnard,148600,0,4,VC,0,0,1,,,0,0,,,,1,,0,0,0,1
1,8,1,1,3,76,FRANCE,HAUTE-NORMANDIE,540,76540,ROUEN,AVENUE DE BRETAGNE,148604,4,4,VC,0,3,2,,,0,1,,,,1,7,0,0,1,0
1,5,1,1,3,76,FRANCE,HAUTE-NORMANDIE,108,76108,BOIS-GUILLAUME,RUE DES CANADIENS,148608,0,4,VC,0,2,2,,,0,1,,,,1,7,0,0,1,0
1,8,1,1,2,76,FRANCE,HAUTE-NORMANDIE,540,76540,ROUEN,BOULEVARD DES BELGES,148611,0,4,VC,0,1,3,,,0,1,,,,1,7,0,0,1,0
1,5,1,1,2,76,FRANCE,HAUTE-NORMANDIE,410,76410,MAROMME,COTE DE LA VALETTE,148614,0,2,RN,0,2,4,20,743,0,1,,,,1,7,0,0,1,0
1,3,1,1,1,76,FRANCE,HAUTE-NORMANDIE,587,76587,SAINTE-HELENE-BONDEVILLE,VC 10,148620,0,4,VC,10,2,1,0,0,0,1,0,0,,1,7,0,0,0,1
1,1,1,1,3,76,FRANCE,HAUTE-NORMANDIE,631,76631,SAINT-PAER,RD 63,148622,0,3,RD,63,2,0,0,0,0,1,0,0,,1,7,0,0,1,0
1,8,3,1,3,76,FRANCE,HAUTE-NORMANDIE,351,76351,HAVRE (LE),PIERRE FARCIS,148641,0,4,VC,0,0,1,,,0,1,,,,1,7,0,0,1,0
1,6,3,1,3,76,FRANCE,HAUTE-NORMANDIE,498,76498,PETIT-QUEVILLY (LE),RUE JOSEPH LEBAS,148678,0,4,VC,0,2,2,,,0,1,,,,1,7,0,0,1,0
1,6,1,1,6,76,FRANCE,HAUTE-NORMANDIE,322,76322,GRAND-QUEVILLY (LE),BOULEVARD MAURICE RAVEL,148698,0,4,VC,0,2,4,,,0,1,,,,1,7,0,0,1,0
1,8,5,3,3,76,FRANCE,HAUTE-NORMANDIE,351,76351,HAVRE (LE),BERTHELOT,148734,0,4,VC,0,2,2,,,0,1,,,,1,7,0,0,1,0
5,8,1,1,2,76,FRANCE,HAUTE-NORMANDIE,540,76540,ROUEN,BOULEVARD DE LA MARNE,148742,0,2,RN,0,3,3,23,50,0,1,,,,1,7,0,0,1,0
1,8,1,1,2,76,FRANCE,HAUTE-NORMANDIE,540,76540,ROUEN,PLACE SAINT CLEMENT,148746,0,4,VC,0,2,2,,,0,1,,,,1,7,0,0,1,0
5,8,1,1,3,76,FRANCE,HAUTE-NORMANDIE,540,76540,ROUEN,RUE JEANNE D'ARC,148749,0,4,VC,0,2,2,,,0,1,,,,1,7,0,0,1,0
1,5,1,1,2,76,FRANCE,HAUTE-NORMANDIE,165,76165,CAUDEBEC-LES-ELBEUF,RUE DE LA REPUBLIQUE ,148763,0,4,VC,0,2,2,,,0,1,,,,1,33,0,0,1,0
1,8,1,1,7,76,FRANCE,HAUTE-NORMANDIE,351,76351,HAVRE (LE),ALBERT 1ER,148786,0,4,VC,0,2,2,,,0,1,,,,1,,0,0,1,0
1,1,2,1,1,76,FRANCE,HAUTE-NORMANDIE,303,76303,GOMMERVILLE,RD 10,148804,0,3,RD,10,2,0,4,0,0,1,4955700,35100,,1,7,0,0,1,0
1,6,3,1,3,76,FRANCE,HAUTE-NORMANDIE,681,76681,SOTTEVILLE-LES-ROUEN,COURS PIERRE DE COUBERTIN,148810,0,4,VC,0,2,1,,,0,1,,,,1,7,0,0,1,0
1,5,2,1,3,76,FRANCE,HAUTE-NORMANDIE,212,76212,DARNETAL,BOULEVARD DE LA PAIX,148812,2,4,VC,0,3,2,,,0,1,,,,1,7,0,0,1,0
2,6,1,1,3,76,FRANCE,HAUTE-NORMANDIE,217,76217,DIEPPE,BOULEVARD GEORGES CLEMENCEAU,148829,0,4,VC,0,1,2,,,0,1,,,,1,7,0,0,1,0
1,8,3,1,3,76,FRANCE,HAUTE-NORMANDIE,351,76351,HAVRE (LE),CASIMIR DELAVIGNE,148833,0,4,VC,0,1,1,,,1,1,,,,1,7,0,0,1,0
1,5,3,1,3,76,FRANCE,HAUTE-NORMANDIE,319,76319,GRAND-COURONNE,AVENUE DU MARECHAL FOCH,148844,0,4,VC,0,2,2,,,0,1,,,,1,7,0,0,1,2
1,5,1,1,3,76,FRANCE,HAUTE-NORMANDIE,178,76178,CLEON,RUE JOLIOT CURIE IRENE ET FREDERIC,148852,0,4,VC,0,2,2,,,0,1,,,,1,7,0,0,1,0
1,6,1,1,3,76,FRANCE,HAUTE-NORMANDIE,322,76322,GRAND-QUEVILLY (LE),RUE MICHEL CORROY,148867,0,4,VC,0,2,2,,,0,1,,,,1,7,0,0,1,0
1,8,1,1,3,76,FRANCE,HAUTE-NORMANDIE,540,76540,ROUEN,BARRIERE DU HAVRE,148870,0,4,VC,0,1,3,,,0,1,,,,1,7,0,0,1,0
1,3,1,1,3,76,FRANCE,HAUTE-NORMANDIE,545,76545,ROUXMESNIL-BOUTEILLES,RD 154,148881,5,3,RD,0,2,2,1,495,0,1,,,,1,37,0,0,1,0
1,5,1,1,2,76,FRANCE,HAUTE-NORMANDIE,497,76497,PETIT-COURONNE,PLACE PIERRE MENDES FRANCE,148908,5,4,VC,0,2,1,,,0,1,,,,1,7,0,0,1,0
1,8,1,1,7,76,FRANCE,HAUTE-NORMANDIE,540,76540,ROUEN,QUAI DU PRE AUX LOUPS,148935,0,3,RD,0,0,2,,,0,1,,,,1,,0,0,1,0
5,8,1,1,3,76,FRANCE,HAUTE-NORMANDIE,540,76540,ROUEN,AVENUE DU COMMANDANT BICHERAY,148947,0,3,RD,0,3,6,,,3,1,,,,1,37,0,0,1,0
1,6,1,1,3,76,FRANCE,HAUTE-NORMANDIE,217,76217,DIEPPE,BOULEVARD GEORGES CLEMENCEAU,148962,0,4,VC,0,1,4,,,0,1,,,,1,7,0,0,1,0
1,5,2,1,3,76,FRANCE,HAUTE-NORMANDIE,165,76165,CAUDEBEC-LES-ELBEUF,RUE VICTOR HUGO,148967,0,4,VC,0,2,1,,,0,1,,,,1,7,0,0,1,0
5,5,3,2,6,76,FRANCE,HAUTE-NORMANDIE,484,76484,OISSEL,RUE GUSTAVE LECOMTE,149046,5,4,VC,0,2,2,,,0,1,,,,1,7,0,0,1,0
1,8,2,1,3,76,FRANCE,HAUTE-NORMANDIE,540,76540,ROUEN,RUE SAINT SEVER,149048,5,4,VC,0,2,2,,,0,1,,,,1,7,0,0,1,0
1,5,1,1,3,76,FRANCE,HAUTE-NORMANDIE,484,76484,OISSEL,ROUTE DES ROCHES,149049,0,2,RN,0,1,2,,,0,1,,,,1,14,0,0,1,0
5,8,1,1,3,76,FRANCE,HAUTE-NORMANDIE,540,76540,ROUEN,RUE DE LA REPUBLIQUE ,149052,0,4,VC,0,4,2,,,0,1,,,,1,7,0,0,1,0
1,8,2,8,7,76,FRANCE,HAUTE-NORMANDIE,540,76540,ROUEN,RUE SAMUEL LECOEUR,149091,0,2,RN,0,0,2,,,0,0,,,,1,,0,0,1,0
1,8,1,1,3,76,FRANCE,HAUTE-NORMANDIE,540,76540,ROUEN,RUE BLAISE PASCAL ,149099,6,4,VC,0,1,1,,,0,1,,,,1,7,0,0,1,0
1,6,3,1,3,76,FRANCE,HAUTE-NORMANDIE,681,76681,SOTTEVILLE-LES-ROUEN,RUE DE PARIS,149167,0,4,VC,0,2,2,,,0,1,,,,1,10,0,0,1,0
1,6,1,1,6,76,FRANCE,HAUTE-NORMANDIE,575,76575,SAINT-ETIENNE-DU-ROUVRAY,RUE DES ANEMONES,149169,0,3,RD,0,2,0,,,0,1,,,,1,7,0,0,1,0
1,5,1,8,2,76,FRANCE,HAUTE-NORMANDIE,216,76216,DEVILLE-LES-ROUEN,RUE DE LA REPUBLIQUE ,149174,0,3,RD,0,2,2,3,0,0,1,,,,1,7,0,0,1,0
1,8,3,1,6,76,FRANCE,HAUTE-NORMANDIE,540,76540,ROUEN,RUE DE CONSTANTINE,149205,3,3,RD,0,1,1,,,0,1,,,,1,7,0,0,1,0
1,5,6,1,6,76,FRANCE,HAUTE-NORMANDIE,319,76319,GRAND-COURONNE,RN 138,149229,0,2,RN,0,0,2,1,100,0,0,,,,1,7,0,0,1,0
1,6,2,1,3,76,FRANCE,HAUTE-NORMANDIE,681,76681,SOTTEVILLE-LES-ROUEN,RUE LOUIS RUQUIER,149230,5,4,VC,0,2,2,,,0,1,,,,1,7,0,0,1,0
1,6,1,1,3,76,FRANCE,HAUTE-NORMANDIE,322,76322,GRAND-QUEVILLY (LE),AVENUE DES PROVINCES,149247,4,4,VC,0,2,0,,,3,1,,,,1,40,0,0,1,0
1,8,4,1,3,76,FRANCE,HAUTE-NORMANDIE,351,76351,HAVRE (LE),AUGUSTE BLANQUI,149263,0,4,VC,0,2,2,,,0,0,,,,1,7,0,0,1,0
1,6,6,1,6,76,FRANCE,HAUTE-NORMANDIE,681,76681,SOTTEVILLE-LES-ROUEN,RUE GEORGES GUYNEMER,149275,5,4,VC,0,2,2,,,0,1,,,,1,7,0,0,1,0
1,4,1,1,1,76,FRANCE,HAUTE-NORMANDIE,349,76349,HAUTOT-SUR-MER,CD 75,149311,0,3,RD,0,2,2,59,0,0,1,,,,1,7,0,0,1,0
1,6,3,1,1,76,FRANCE,HAUTE-NORMANDIE,217,76217,DIEPPE,ROCADE DES GRAVES DE MER,149313,0,4,VC,0,2,0,,,0,1,,,,1,7,0,0,1,0
1,8,1,1,6,76,FRANCE,HAUTE-NORMANDIE,351,76351,HAVRE (LE),ARISTIDE BRIAND,149346,0,4,VC,0,2,2,,,0,4,,,,1,,0,0,0,1
2,1,1,8,3,76,FRANCE,HAUTE-NORMANDIE,349,76349,HAUTOT-SUR-MER,RD 925,149377,0,3,RD,0,1,2,92,600,0,1,,,,1,7,0,0,1,0
1,6,3,1,3,76,FRANCE,HAUTE-NORMANDIE,575,76575,SAINT-ETIENNE-DU-ROUVRAY,RUE EMILE MASQUERAY,149389,0,4,VC,0,2,2,,,0,1,,,,1,7,0,0,1,0
1,6,1,1,6,76,FRANCE,HAUTE-NORMANDIE,575,76575,SAINT-ETIENNE-DU-ROUVRAY,RUE DE SAINT YON,149390,0,4,VC,0,2,2,,,0,1,,,,1,,0,0,1,0
5,8,1,1,6,76,FRANCE,HAUTE-NORMANDIE,351,76351,HAVRE (LE),PRESIDENT WILSON,149418,0,4,VC,0,2,2,,,0,1,,,,1,7,0,0,1,0
5,8,6,2,3,76,FRANCE,HAUTE-NORMANDIE,351,76351,HAVRE (LE),RUE DES MAGASINS GENERAUX,149464,0,4,VC,0,2,2,,,0,1,,,,1,10,0,0,1,0
5,8,1,1,6,76,FRANCE,HAUTE-NORMANDIE,351,76351,HAVRE (LE),RENE COTY,149470,0,4,VC,0,2,2,,,0,1,,,,1,7,0,0,1,0
5,8,1,1,6,76,FRANCE,HAUTE-NORMANDIE,540,76540,ROUEN,RUE JEANNE D'ARC,149480,0,4,VC,0,2,0,,,0,1,,,,1,,0,0,0,1
2,6,1,1,3,76,FRANCE,HAUTE-NORMANDIE,575,76575,SAINT-ETIENNE-DU-ROUVRAY,RUE FERNAND LEGER,149503,0,4,VC,0,2,2,,,0,1,,,,1,7,0,0,1,0
5,8,1,1,2,76,FRANCE,HAUTE-NORMANDIE,351,76351,HAVRE (LE),RUE MARCEAU ,149531,0,4,VC,0,2,2,,,0,1,,,,1,7,0,0,1,0
1,6,9,2,3,76,FRANCE,HAUTE-NORMANDIE,259,76259,FECAMP,ROUTE DE VALMONT,149543,0,3,RD,28,1,1,3,600,0,1,,,,1,7,0,0,1,0
1,3,1,1,1,76,FRANCE,HAUTE-NORMANDIE,568,76568,SAINT-CLAIR-SUR-LES-MONTS,VC 0,149544,0,4,VC,0,2,2,0,0,0,1,0,0,,1,7,0,0,1,0
1,6,2,1,3,76,FRANCE,HAUTE-NORMANDIE,575,76575,SAINT-ETIENNE-DU-ROUVRAY,RUE DU LIEUTENANT CUVERVILLE,149563,0,4,VC,0,2,2,,,0,1,,,,1,7,0,0,1,0
1,6,1,1,6,76,FRANCE,HAUTE-NORMANDIE,575,76575,SAINT-ETIENNE-DU-ROUVRAY,AVENUE DE SAINT YON,149566,0,4,VC,0,2,2,,,0,1,,,,1,7,0,0,1,0
1,8,2,1,7,76,FRANCE,HAUTE-NORMANDIE,351,76351,HAVRE (LE),RUE DE VERDUN ,149583,0,3,RD,982,2,3,70,5923,0,1,,,,1,10,0,0,1,0
1,6,9,1,3,76,FRANCE,HAUTE-NORMANDIE,217,76217,DIEPPE,DE STALINGRAD,149628,0,9,Autre,0,2,0,,,0,4,,,,1,7,0,0,1,0
1,1,1,1,3,76,FRANCE,HAUTE-NORMANDIE,429,76429,MESNIL-ESNARD (LE),ROUTE DE DARNETAL,149631,0,3,RD,138,3,2,10,700,0,1,,,,1,7,0,0,1,0
1,5,1,1,2,76,FRANCE,HAUTE-NORMANDIE,103,76103,BONSECOURS,RUE DE LA REPUBLIQUE ,149638,0,4,VC,0,2,3,,,0,5,,,,1,7,0,0,1,0
1,8,1,1,3,76,FRANCE,HAUTE-NORMANDIE,540,76540,ROUEN,AVENUE MARTYRS DE LA RESISTANCE,149639,0,4,VC,0,2,0,,,0,1,,,,1,7,0,0,1,0
1,5,1,1,3,76,FRANCE,HAUTE-NORMANDIE,410,76410,MAROMME,RUE ERNEST DANET,149646,0,4,VC,0,2,2,,,0,1,,,,1,7,0,0,1,0
1,4,1,1,1,76,FRANCE,HAUTE-NORMANDIE,624,76624,SAINT-NICOLAS-D'ALIERMONT,Autre 0,149655,0,9,Autre,0,1,0,0,0,0,1,0,0,,1,7,0,0,1,0
1,6,3,1,3,76,FRANCE,HAUTE-NORMANDIE,681,76681,SOTTEVILLE-LES-ROUEN,RUE JEAN MACE ,149697,0,4,VC,0,2,2,,,0,1,,,,1,7,0,0,1,0
1,8,2,1,3,76,FRANCE,HAUTE-NORMANDIE,540,76540,ROUEN,RUE DUFAY,149708,0,4,VC,0,2,1,,,0,1,,,,1,7,0,0,1,0
1,8,1,1,6,76,FRANCE,HAUTE-NORMANDIE,351,76351,HAVRE (LE),AVENUE BOIS AU COQ,149717,0,4,VC,0,2,0,,,0,1,,,,1,7,0,0,1,0
1,8,2,9,3,76,FRANCE,HAUTE-NORMANDIE,540,76540,ROUEN,39 EME R.I.. PLACE DU,149737,0,4,VC,0,1,1,,,0,1,,,,1,7,0,0,1,0
1,8,1,1,6,76,FRANCE,HAUTE-NORMANDIE,351,76351,HAVRE (LE),DE BELFORT,149763,0,4,VC,0,2,2,,,0,0,,,,1,,,,,
5,8,1,1,3,76,FRANCE,HAUTE-NORMANDIE,540,76540,ROUEN,RUE DE LA REPUBLIQUE ,149785,0,4,VC,0,2,2,,,0,1,,,,1,7,0,0,1,0
1,6,5,1,3,76,FRANCE,HAUTE-NORMANDIE,217,76217,DIEPPE,AVENUE DES CANADIENS,149804,0,2,RN,27,1,2,49,210,0,1,,,,1,7,0,0,1,0
5,8,1,1,6,76,FRANCE,HAUTE-NORMANDIE,540,76540,ROUEN,RUE LEDRU ROLLIN,149871,0,3,RD,0,2,2,,,0,1,,,,1,10,0,0,1,0
1,5,1,9,1,76,FRANCE,HAUTE-NORMANDIE,319,76319,GRAND-COURONNE,AVENUE JEAN LAGARRIGUE PTT,149953,0,4,VC,0,2,0,,,0,1,,,,1,31,0,0,1,0
1,8,1,1,2,76,FRANCE,HAUTE-NORMANDIE,351,76351,HAVRE (LE),RUE BOIS AU COQ,149954,0,4,VC,0,2,4,,,0,1,,,,1,7,0,0,1,0
1,6,1,1,3,76,FRANCE,HAUTE-NORMANDIE,681,76681,SOTTEVILLE-LES-ROUEN,RUE LEON BLUM,149966,4,4,VC,0,1,1,,,3,1,,,,1,40,0,0,1,0
1,1,1,1,3,76,FRANCE,HAUTE-NORMANDIE,343,76343,HAUCOURT,VC 2,150008,0,4,VC,2,2,0,0,0,0,1,0,0,,1,30,0,0,1,0
1,6,1,1,3,76,FRANCE,HAUTE-NORMANDIE,322,76322,GRAND-QUEVILLY (LE),AVENUE FRANKLIN ROOSEVELT,150013,0,4,VC,0,1,2,,,0,1,,,,1,7,0,0,1,0
1,5,1,1,3,76,FRANCE,HAUTE-NORMANDIE,108,76108,BOIS-GUILLAUME,RUE HERBEUSE,150014,0,3,RD,0,2,2,,,0,1,,,,1,7,0,0,1,0
1,5,1,1,6,76,FRANCE,HAUTE-NORMANDIE,474,76474,NOTRE-DAME-DE-BONDEVILLE,ROUTE DE DIEPPE,150017,0,4,VC,0,2,1,,,0,1,,,,1,7,0,0,1,0
1,6,1,1,3,76,FRANCE,HAUTE-NORMANDIE,217,76217,DIEPPE,ROUTE DE L'ESCARPE,150032,0,4,VC,0,1,2,,,0,1,,,,1,7,0,0,1,0
5,6,3,1,3,76,FRANCE,HAUTE-NORMANDIE,217,76217,DIEPPE,AVENUE DE LA REPUBLIQUE,150033,0,3,RD,0,2,4,,,0,1,,,,1,7,0,0,1,1
1,6,1,1,2,76,FRANCE,HAUTE-NORMANDIE,217,76217,DIEPPE,COURS DE DAKAR,150039,0,4,VC,0,2,1,,,0,1,,,,1,7,0,0,1,0
1,6,1,1,3,76,FRANCE,HAUTE-NORMANDIE,322,76322,GRAND-QUEVILLY (LE),AVENUE FRANKLIN ROOSEVELT,150040,0,4,VC,0,1,2,,,0,1,4939775,105592,,1,7,0,0,1,0
1,8,1,1,6,76,FRANCE,HAUTE-NORMANDIE,351,76351,HAVRE (LE),BOULEVARD JULES DURAND,150042,0,4,VC,0,2,2,,,1,5,,,,1,7,0,0,1,0
1,8,1,1,7,76,FRANCE,HAUTE-NORMANDIE,351,76351,HAVRE (LE),RUE DES MAGASINS GENERAUX,150066,0,3,RD,0,2,1,,,0,1,,,,1,,0,0,1,0
5,5,1,1,3,76,FRANCE,HAUTE-NORMANDIE,108,76108,BOIS-GUILLAUME,ROUTE DE NEUFCHATEL,150069,0,3,RD,928,2,2,3,120,0,1,4945357,110444,,1,7,0,0,1,0
1,8,1,2,3,76,FRANCE,HAUTE-NORMANDIE,540,76540,ROUEN,QUAI PIERRE CORNEILLE,150074,0,4,VC,0,2,3,,,0,1,,,,1,37,0,0,1,0
5,1,3,2,6,76,FRANCE,HAUTE-NORMANDIE,351,76351,HAVRE (LE),AVENUE DU SEIZIEME PORT,150101,0,4,VC,0,3,2,,,0,1,,,,1,17,0,0,1,0
5,8,3,1,3,76,FRANCE,HAUTE-NORMANDIE,351,76351,HAVRE (LE),JOSEPH MADEC,150107,0,4,VC,0,2,2,,,0,1,,,,1,7,0,0,1,0
5,8,1,4,6,76,FRANCE,HAUTE-NORMANDIE,351,76351,HAVRE (LE),TROIS CENT VINGT NEUVIEME,150126,0,4,VC,0,2,2,,,0,1,,,,1,7,0,0,1,0
2,8,1,2,6,76,FRANCE,HAUTE-NORMANDIE,351,76351,HAVRE (LE),PONT JEAN JACQUES ROUSSEAU,150129,2,4,VC,0,1,3,,,0,1,,,,1,7,0,0,1,0
1,8,1,1,6,76,FRANCE,HAUTE-NORMANDIE,351,76351,HAVRE (LE),AVENUE FOCH,150131,0,4,VC,0,2,4,,,0,1,,,,1,7,0,0,1,0
5,8,1,8,3,76,FRANCE,HAUTE-NORMANDIE,540,76540,ROUEN,AVENUE LOUIS PASTEUR,150133,0,4,VC,0,1,2,,,0,1,4944320,107789,,1,7,0,0,1,0
1,6,3,3,3,76,FRANCE,HAUTE-NORMANDIE,217,76217,DIEPPE,LOUIS DE BURES,150139,0,4,VC,0,1,2,,,0,0,,,,1,7,0,0,1,0
1,1,1,1,3,76,FRANCE,HAUTE-NORMANDIE,429,76429,MESNIL-ESNARD (LE),ROUTE DE PARIS ,150144,0,4,VC,0,2,1,,,0,1,,,,1,7,0,0,1,0
1,6,1,2,3,76,FRANCE,HAUTE-NORMANDIE,217,76217,DIEPPE,RD 925,150185,0,3,RD,925,2,3,101,0,0,1,4992340,111178,,1,7,0,0,1,0
1,6,1,1,3,76,FRANCE,HAUTE-NORMANDIE,217,76217,DIEPPE,RUE GEORGES KRUMEICH,150203,0,4,VC,0,2,2,,,0,1,4990767,106324,,1,7,0,0,1,0
1,5,3,1,3,76,FRANCE,HAUTE-NORMANDIE,165,76165,CAUDEBEC-LES-ELBEUF,RUE DE LA REPUBLIQUE ,150225,0,3,RD,913,2,2,2,937,0,1,4927560,103434,,1,15,0,0,1,0
1,8,2,1,7,76,FRANCE,HAUTE-NORMANDIE,351,76351,HAVRE (LE),RUE MICHELET,150252,0,4,VC,0,1,1,0,0,0,0,4949310,12007,,1,7,0,0,1,0
1,8,3,1,3,76,FRANCE,HAUTE-NORMANDIE,351,76351,HAVRE (LE),RUE LEFEVREVILLE,150258,0,4,VC,0,1,1,0,0,0,0,4949960,13070,,1,7,0,0,1,0
1,4,1,1,2,76,FRANCE,HAUTE-NORMANDIE,270,76270,FONTAINE-LA-MALLET,DU BOIS,150264,0,4,VC,0,2,2,0,0,0,1,4953290,14030,,1,30,0,0,1,0
1,8,3,1,3,76,FRANCE,HAUTE-NORMANDIE,351,76351,HAVRE (LE),RUE BERTHELOT,150296,0,4,VC,0,2,2,0,0,0,1,4950030,13580,,1,7,0,0,1,0
1,8,1,1,2,76,FRANCE,HAUTE-NORMANDIE,351,76351,HAVRE (LE),RUE GEORGES LAFAURIE,150300,0,4,VC,0,2,3,,,0,1,4950158,11583,,1,7,0,0,1,0
1,8,2,1,3,76,FRANCE,HAUTE-NORMANDIE,351,76351,HAVRE (LE),RUE FRANCOIS MAZELINE,150328,0,4,VC,0,2,2,,,0,1,4949770,13741,,1,7,0,0,1,0
1,8,1,1,2,76,FRANCE,HAUTE-NORMANDIE,351,76351,HAVRE (LE),ALBERT 1ER,150348,0,3,RD,232,3,2,1,537,0,1,4949830,9145,,1,7,0,0,1,0
1,8,2,1,3,76,FRANCE,HAUTE-NORMANDIE,351,76351,HAVRE (LE),AVENUE CIRCULAIRE,150350,0,4,VC,0,1,1,0,0,1,1,4952200,13473,,1,7,0,0,1,0
1,8,1,1,6,76,FRANCE,HAUTE-NORMANDIE,351,76351,HAVRE (LE),RUE PASTEUR,150358,0,4,VC,0,2,0,,,0,1,4950308,13065,,1,7,0,0,1,0
1,6,1,1,3,76,FRANCE,HAUTE-NORMANDIE,681,76681,SOTTEVILLE-LES-ROUEN,RUE PAUL ELUARD,150363,0,4,VC,0,2,2,0,0,0,1,4940190,109929,,1,7,0,0,1,0
1,3,1,1,3,76,FRANCE,HAUTE-NORMANDIE,457,76457,MOULINEAUX,RUE LOUIS MOGUEN,150423,0,3,RD,67,2,2,1,99,0,1,4934220,96367,,1,7,0,0,1,0
1,8,1,1,2,76,FRANCE,HAUTE-NORMANDIE,540,76540,ROUEN,BOULEVARD DES BELGSE,150425,0,3,RD,938,2,3,22,290,0,1,4944360,108498,,1,7,0,0,1,0
1,5,1,2,3,76,FRANCE,HAUTE-NORMANDIE,484,76484,OISSEL,RUE MICHEL DUPRE,150440,0,4,VC,0,2,2,0,0,0,1,4933980,108979,,1,7,0,0,1,0
1,1,6,1,3,77,FRANCE,ILE-DE-FRANCE,146,77146,CROISSY-BEAUBOURG,RUE D'EMERAINVILLE,150493,0,4,VC,0,1,1,,,0,1,,,,1,7,0,0,1,0
1,6,9,1,3,77,FRANCE,ILE-DE-FRANCE,350,77350,OZOIR-LA-FERRIERE,ALLEE DE LA BRECHE AUX LOUPS,150511,0,4,VC,0,2,2,1,0,0,1,,,,1,10,0,0,1,0
5,5,7,1,2,77,FRANCE,ILE-DE-FRANCE,186,77186,FONTAINEBLEAU,BOULEVARD DU MARECHAL JOFFRE,150517,0,4,VC,0,0,1,,,0,1,,,,1,7,0,0,1,0
1,5,6,2,6,77,FRANCE,ILE-DE-FRANCE,438,77438,SAINT-THIBAULT-DES-VIGNES,AVENUE SAINT GERMAIN DES NOYERS,150550,3,3,RD,0,2,4,12,800,0,1,,,,1,14,0,0,1,0
1,6,1,1,2,77,FRANCE,ILE-DE-FRANCE,284,77284,MEAUX,AVENUE DU PRESIDENT ROOSEVELT,150561,0,2,RN,0,3,4,22,757,0,1,,,,1,7,0,0,1,0
2,5,1,1,6,77,FRANCE,ILE-DE-FRANCE,390,77390,ROISSY-EN-BRIE,AVENUE DE LA MALIBRAN,150564,0,4,VC,0,0,2,,,0,1,,,,1,7,0,0,1,0
1,5,1,1,6,77,FRANCE,ILE-DE-FRANCE,479,77479,VAIRES-SUR-MARNE,DEVIATION POIDS LOURDS,150648,0,9,Autre,0,2,1,,,1,5,,,,1,,0,0,0,1
1,5,1,1,6,77,FRANCE,ILE-DE-FRANCE,330,77330,NANTEUIL-LES-MEAUX,RUE GAMBETTA,150660,0,4,VC,0,2,2,,,0,1,,,,1,7,0,0,1,0
1,1,2,1,3,77,FRANCE,ILE-DE-FRANCE,070,77070,CHAILLY-EN-BRIE,CHEMIN RURAL DE LA COUTURECHAILLY,150692,0,4,VC,0,2,2,,,0,1,,,,1,7,0,0,1,0
1,1,6,1,6,77,FRANCE,ILE-DE-FRANCE,143,77143,CREGY-LES-MEAUX,AVENUE HENRI DUFLOCQ,150703,5,3,RD,0,2,2,12,227,0,1,,,,1,7,0,0,1,0
1,6,1,8,7,77,FRANCE,ILE-DE-FRANCE,284,77284,MEAUX,SQUARE JACQUES AMYOT,150804,0,4,VC,0,2,2,,,0,1,,,,1,,0,0,1,0
1,6,2,1,6,77,FRANCE,ILE-DE-FRANCE,083,77083,CHAMPS-SUR-MARNE,AVENUE DE CHELLES,150815,0,4,VC,0,2,2,,,0,1,,,,1,7,0,0,1,0
5,6,1,1,1,77,FRANCE,ILE-DE-FRANCE,284,77284,MEAUX,CHEMIN DU TOURNAY,150847,0,4,VC,0,2,2,,,0,1,,,,1,7,0,0,1,0
1,6,1,1,2,77,FRANCE,ILE-DE-FRANCE,284,77284,MEAUX,BOULEVARD DES COSMONAUTES,150849,0,4,VC,0,2,2,,,0,1,,,,1,7,0,0,1,0
1,6,1,1,3,77,FRANCE,ILE-DE-FRANCE,284,77284,MEAUX,AVENUE DU PRESIDENT ROOSEVELT,150851,0,4,VC,0,3,4,,,0,1,,,,1,7,0,0,1,0
5,6,1,8,6,77,FRANCE,ILE-DE-FRANCE,284,77284,MEAUX,AVENUE DU PRESIDENT ROOSEVELT,150891,0,2,RN,0,3,4,22,850,0,1,,,,1,7,0,0,1,0
1,6,1,1,3,77,FRANCE,ILE-DE-FRANCE,284,77284,MEAUX,ALLEE DES PLATANES,150893,0,4,VC,0,2,2,,,0,1,,,,1,2,0,0,1,0
1,6,9,1,1,77,FRANCE,ILE-DE-FRANCE,083,77083,CHAMPS-SUR-MARNE,AVENUE DU GENERAL DE GAULLE,150958,0,9,Autre,0,0,1,,,0,1,,,,1,7,0,0,1,0