lum,agg,int,atm,col,dep_bis,pays,region,com_bis,com_codeINSEE,communes,N_voie,numac,infra,catr,type_route,voie,circ,nbv,pr,pr1,vosp,situ,lat,long,adr,accident_velo,vehicule_imp,cycl_mort,cycl_bgv,cycl_blg,cycl_indm
1,1,1,1,3,77,FRANCE,ILE-DE-FRANCE,284,77284,MEAUX,ROUTE DE VARREDES,150985,0,3,RD,0,2,3,16,650,0,1,,,,1,14,0,0,1,0
1,6,1,1,2,77,FRANCE,ILE-DE-FRANCE,373,77373,PONTAULT-COMBAULT,LYCEE CAMILLE CLAUDEL,150998,0,4,VC,0,1,2,1,0,0,1,,,,1,7,0,0,1,0
1,5,1,1,1,77,FRANCE,ILE-DE-FRANCE,470,77470,TOURNAN-EN-BRIE,RD 10,151014,0,3,RD,10,2,2,0,0,0,1,4874500,276600,,1,7,0,0,1,0
1,6,1,1,6,77,FRANCE,ILE-DE-FRANCE,108,77108,CHELLES,AVENUE DE LA RESISTANCE,151018,0,4,VC,0,1,2,,,0,1,,,,1,7,0,0,1,0
1,6,1,1,3,77,FRANCE,ILE-DE-FRANCE,284,77284,MEAUX,IMPASSE DE LA VICTOIRE,151029,0,4,VC,0,1,1,,,0,1,,,,1,7,0,0,1,0
5,4,3,1,3,77,FRANCE,ILE-DE-FRANCE,018,77018,BAILLY-ROMAINVILLIERS,BOULEVARD DE LA MARSANGE,151051,0,4,VC,0,2,2,1,0,0,1,,,,1,7,0,0,1,0
1,6,1,1,3,77,FRANCE,ILE-DE-FRANCE,122,77122,COMBS-LA-VILLE,BOULEVARD DE L'EUROPE,151063,0,3,RD,0,3,4,0,1,0,1,,,,1,7,0,0,1,0
1,6,1,1,2,77,FRANCE,ILE-DE-FRANCE,284,77284,MEAUX,AVENUE DU PRESIDENT ROOSEVELT,151085,0,2,RN,0,3,4,,,0,1,,,,1,7,0,0,1,0
1,6,2,1,3,77,FRANCE,ILE-DE-FRANCE,284,77284,MEAUX,AVENUE DE LA VICTOIRE,151086,0,2,RN,0,3,5,,,2,1,,,,1,10,0,0,1,0
1,6,3,2,3,77,FRANCE,ILE-DE-FRANCE,152,77152,DAMMARIE-LES-LYS,AVENUE DU LYS,151112,5,3,RD,0,2,2,,,1,1,,,,1,7,0,0,1,0
1,5,3,1,7,77,FRANCE,ILE-DE-FRANCE,296,77296,MOISSY-CRAMAYEL,RUE DE CHANGIS,151122,0,4,VC,0,2,2,0,1,0,1,,,,1,7,0,0,1,0
1,1,1,1,2,77,FRANCE,ILE-DE-FRANCE,534,77534,YEBLES,RD 319,151141,0,3,RD,319,2,0,0,0,0,0,0,0,,1,7,0,0,1,0
1,3,1,1,7,77,FRANCE,ILE-DE-FRANCE,400,77400,SAINT-AUGUSTIN,RUE DE MELUN,151172,0,3,RD,0,2,2,,,0,1,,,,1,,0,0,1,0
1,5,1,1,6,77,FRANCE,ILE-DE-FRANCE,131,77131,COULOMMIERS,BOULEVARD DE LA MARNE,151175,0,4,VC,0,2,2,,,0,1,,,,1,,0,0,0,1
1,5,3,1,3,77,FRANCE,ILE-DE-FRANCE,294,77294,MITRY-MORY,AVENUE JEAN BAPTISTE CLEMENT,151181,0,4,VC,0,2,0,,,0,1,,,,1,7,0,0,1,0
1,6,1,1,2,77,FRANCE,ILE-DE-FRANCE,284,77284,MEAUX,QUAI SADI-CARNOT,151218,0,4,VC,0,1,2,,,0,1,,,,1,7,0,0,1,0
1,5,1,8,3,77,FRANCE,ILE-DE-FRANCE,294,77294,MITRY-MORY,ROUTE DE CLAYE,151223,0,4,VC,0,2,2,,,0,1,,,,1,7,0,0,1,0
5,6,3,1,3,77,FRANCE,ILE-DE-FRANCE,514,77514,VILLEPARISIS,AVENUE ARISTIDE BRIAND,151271,0,4,VC,0,1,1,1,0,0,1,,,,1,7,0,0,1,0
1,6,1,8,3,77,FRANCE,ILE-DE-FRANCE,350,77350,OZOIR-LA-FERRIERE,AVENUE DU GENERAL LECLERC,151304,0,3,RD,0,2,2,,,0,1,,,,1,7,0,0,1,0
1,1,1,1,2,77,FRANCE,ILE-DE-FRANCE,186,77186,FONTAINEBLEAU,d137 avon / samois/ bois le roi,151332,0,3,RD,0,2,2,15,723,0,1,,,,1,10,0,0,1,0
1,5,2,1,1,77,FRANCE,ILE-DE-FRANCE,479,77479,VAIRES-SUR-MARNE,AVENUE HENRI BARBUSSE,151383,0,4,VC,0,2,2,4,0,0,1,,,,1,7,0,0,1,0
1,3,1,1,3,77,FRANCE,ILE-DE-FRANCE,517,77517,VILLEVAUDE,ROUTE DE BROU,151421,0,4,VC,0,2,2,5,0,0,1,,,,1,31,0,0,1,0
1,5,6,1,3,77,FRANCE,ILE-DE-FRANCE,186,77186,FONTAINEBLEAU,CARREFOUR DE LA LIBERATION,151422,5,3,RD,0,1,3,21,300,0,1,,,,1,10,0,0,1,0
1,1,1,1,3,77,FRANCE,ILE-DE-FRANCE,308,77308,MONTGE-EN-GOELE,RD 9,151472,5,3,RD,9,2,2,11,376,0,1,4903000,276800,,1,7,0,0,1,0
1,5,1,1,6,77,FRANCE,ILE-DE-FRANCE,294,77294,MITRY-MORY,RUE DU DOCTEUR INFROY,151478,0,4,VC,0,3,2,,,0,1,,,,1,7,0,0,1,0
1,6,3,1,3,77,FRANCE,ILE-DE-FRANCE,288,77288,MELUN,RUE DELAUNOY,151544,0,4,VC,0,1,1,,,0,0,,,,1,7,0,0,1,0
1,6,9,1,3,77,FRANCE,ILE-DE-FRANCE,373,77373,PONTAULT-COMBAULT,RUE DES PRES ST MARTIN,151549,0,4,VC,0,2,2,,,1,5,,,,1,7,0,0,1,0
1,5,9,1,3,77,FRANCE,ILE-DE-FRANCE,053,77053,BRIE-COMTE-ROBERT,RUE DU GENERAL LECLERC,151582,0,3,RD,0,2,2,0,1,0,0,,,,1,7,0,0,1,0
2,4,9,5,2,77,FRANCE,ILE-DE-FRANCE,482,77482,VARENNES-SUR-SEINE,ROUTE DE CANNES,151583,0,3,RD,0,2,3,0,480,2,1,,,,1,7,0,0,1,0
1,3,6,8,3,77,FRANCE,ILE-DE-FRANCE,059,77059,BUSSY-SAINT-MARTIN,AVENUE DE L'EUROPE,151683,5,4,VC,0,0,2,0,0,0,1,,,,1,7,0,0,1,0
1,4,1,1,3,77,FRANCE,ILE-DE-FRANCE,385,77385,REBAIS,RD 222,151713,0,3,RD,222,2,2,11,1450,0,1,4884940,323497,,1,7,0,0,1,0
1,3,2,1,1,77,FRANCE,ILE-DE-FRANCE,076,77076,CHALMAISON,VC 0,151714,0,4,VC,0,1,1,0,0,0,1,0,0,,1,33,0,0,1,0
5,6,1,8,3,77,FRANCE,ILE-DE-FRANCE,284,77284,MEAUX,AVENUE DE L'APPEL DU 18 JUIN 1940,151716,0,4,VC,0,3,4,0,0,1,1,,,,1,7,0,0,1,0
1,1,1,1,1,77,FRANCE,ILE-DE-FRANCE,470,77470,TOURNAN-EN-BRIE,RD 216,151749,0,3,RD,216,2,0,22,0,0,1,0,0,,1,36,0,0,1,0
1,6,3,1,3,77,FRANCE,ILE-DE-FRANCE,108,77108,CHELLES,RUE DU TIR,151765,0,4,VC,0,2,2,0,0,1,1,,,,1,7,0,0,1,0
1,1,6,1,3,77,FRANCE,ILE-DE-FRANCE,374,77374,PONTCARRE,CD 471,151810,0,3,RD,21,2,2,30,352,0,1,,,,1,7,0,0,1,0
1,6,1,1,3,77,FRANCE,ILE-DE-FRANCE,373,77373,PONTAULT-COMBAULT,SQUARE MENDES FRANCE,151833,0,6,Parking,0,0,0,0,0,0,1,,,,1,7,0,0,1,0
1,5,3,1,3,77,FRANCE,ILE-DE-FRANCE,379,77379,PROVINS,RUE MAXIMILIEN MICHELIN,151855,0,3,RD,403,1,0,80,947,0,1,,,,1,7,0,0,1,0
1,6,2,1,3,77,FRANCE,ILE-DE-FRANCE,108,77108,CHELLES,AVENUE DES SCIENCES,151859,0,4,VC,0,2,2,0,0,0,1,,,,1,7,0,0,1,0
5,6,2,1,1,77,FRANCE,ILE-DE-FRANCE,350,77350,OZOIR-LA-FERRIERE,AVENUE HOCHE,151864,0,4,VC,0,2,1,0,0,0,1,,,,1,7,0,0,1,0
1,3,1,2,1,77,FRANCE,ILE-DE-FRANCE,219,77219,GUERARD,VC 0,151871,0,4,VC,0,0,2,0,0,0,1,0,0,,1,7,0,0,1,0
2,6,1,1,6,77,FRANCE,ILE-DE-FRANCE,514,77514,VILLEPARISIS,RUE DE RUZE,151895,0,3,RD,105,2,1,1,860,0,1,,,,1,,0,0,0,1
1,4,1,1,6,77,FRANCE,ILE-DE-FRANCE,121,77121,COLLEGIEN,RUE DE MELUN,151900,0,4,VC,0,0,0,0,0,0,1,,,,1,7,0,0,1,0
2,5,7,2,3,77,FRANCE,ILE-DE-FRANCE,305,77305,MONTEREAU-FAULT-YONNE,BOULEVARD DE LA REPUBLIQUE,151920,0,3,RD,403,1,6,47,515,0,1,,,,1,7,0,0,1,0
1,3,1,5,2,77,FRANCE,ILE-DE-FRANCE,347,77347,ORMES-SUR-VOULZIE (LES),VC 0,151965,0,4,VC,0,2,2,,,0,1,0,0,,1,14,0,0,1,0
5,6,1,1,2,77,FRANCE,ILE-DE-FRANCE,284,77284,MEAUX,RUE FRANCOIS DE TESSAN,152070,0,4,VC,0,3,4,,,0,1,,,,1,3,0,0,1,0
1,5,3,2,3,77,FRANCE,ILE-DE-FRANCE,131,77131,COULOMMIERS,AVENUE DE STRASBOURG,152074,0,3,RD,0,2,1,,,1,5,,,,1,10,0,0,1,0
1,1,9,1,5,77,FRANCE,ILE-DE-FRANCE,514,77514,VILLEPARISIS,ROUTE NATIONALE 3,152098,0,2,RN,3,1,2,2,200,3,1,,,,1,7,0,0,0,1
1,5,1,1,3,77,FRANCE,ILE-DE-FRANCE,131,77131,COULOMMIERS,AVENUE DE STRASBOURG,152101,0,3,RD,0,2,1,,,0,4,,,,1,7,0,0,1,0
1,5,3,1,6,77,FRANCE,ILE-DE-FRANCE,131,77131,COULOMMIERS,RUE DU THEIL,152110,0,4,VC,0,2,1,,,0,1,,,,1,7,0,0,1,0
1,1,1,1,1,77,FRANCE,ILE-DE-FRANCE,529,77529,VOULANGIS,RD 20,152114,0,3,RD,20,2,2,0,0,0,1,4886000,292300,,1,7,0,0,1,0
1,5,1,1,3,77,FRANCE,ILE-DE-FRANCE,131,77131,COULOMMIERS,AVENUE DE STRASBOURG,152125,0,4,VC,0,0,0,,,1,5,,,,1,10,0,0,1,0
1,5,1,8,2,77,FRANCE,ILE-DE-FRANCE,186,77186,FONTAINEBLEAU,RUE SAINT HONORE,152223,0,4,VC,0,2,2,,,0,1,,,,1,7,0,0,1,0
1,5,4,1,3,77,FRANCE,ILE-DE-FRANCE,249,77249,LESIGNY,RUE ROBERT SCHUMANN,152247,0,4,VC,0,2,2,1,0,0,1,,,,1,33,0,0,1,0
1,6,1,1,3,77,FRANCE,ILE-DE-FRANCE,350,77350,OZOIR-LA-FERRIERE,RUE DE LA CONCORDE,152249,0,4,VC,0,1,1,,,0,1,,,,1,7,0,0,1,0
2,1,1,9,1,77,FRANCE,ILE-DE-FRANCE,104,77104,CHATRES,RD 96,152263,0,3,RD,96,2,2,12,0,0,1,0,0,,1,7,0,0,1,0
1,5,1,2,3,77,FRANCE,ILE-DE-FRANCE,131,77131,COULOMMIERS,RUE FLORNOY BERTRAND,152301,0,4,VC,,1,2,,,0,0,4880983,308288,,1,30,0,0,0,1
5,5,6,2,3,77,FRANCE,ILE-DE-FRANCE,131,77131,COULOMMIERS,ROND-POINT DE LA GARE,152304,5,3,RD,934,0,1,42,500,0,1,,,,1,7,0,0,1,0
1,4,1,1,6,77,FRANCE,ILE-DE-FRANCE,320,77320,MOUROUX,RUE DU LIETON,152314,0,4,VC,,1,1,,,0,1,4882105,303977,,1,,0,0,1,0
1,5,1,1,1,77,FRANCE,ILE-DE-FRANCE,131,77131,COULOMMIERS,BOULEVARD DE LA MARNE,152319,0,4,VC,,2,2,,,0,1,4880432,309138,,1,7,0,0,1,0
3,1,1,1,2,77,FRANCE,ILE-DE-FRANCE,441,77441,SAMOIS-SUR-SEINE,d137 avon / samois/ bois le roi,152341,0,3,RD,137,2,2,12,400,0,1,,,,1,7,0,0,1,0
1,5,3,1,6,77,FRANCE,ILE-DE-FRANCE,294,77294,MITRY-MORY,RUE ROGER SALLENGRO,152367,5,3,RD,84,2,0,6,850,0,1,,,,1,7,0,0,1,0
1,4,1,1,3,77,FRANCE,ILE-DE-FRANCE,146,77146,CROISSY-BEAUBOURG,BOULEVARD GEORGES BIDAULT,152393,0,3,RD,406,2,2,3,0,1,1,,,,1,7,0,0,1,0
5,4,3,1,3,77,FRANCE,ILE-DE-FRANCE,121,77121,COLLEGIEN,CENTRE COMMERCIAL REGIONAL BAY 2,152402,0,6,Parking,,0,0,,,0,1,4883726,266117,,1,7,0,0,1,0
1,6,3,1,3,77,FRANCE,ILE-DE-FRANCE,373,77373,PONTAULT-COMBAULT,AVENUE DU BEL AIR,152411,0,4,VC,,2,0,,,0,1,4880309,261851,,1,7,0,0,1,1
1,5,1,1,6,77,FRANCE,ILE-DE-FRANCE,215,77215,GRETZ-ARMAINVILLIERS,RUE DE PARIS,152414,0,3,RD,350,2,2,6,800,0,1,,,,1,7,0,0,1,0
1,1,9,1,6,77,FRANCE,ILE-DE-FRANCE,514,77514,VILLEPARISIS,AVENUE DE FLANDRE,152432,0,4,VC,,2,2,,,0,1,4895030,261508,,1,7,0,0,1,0
1,2,3,1,3,77,FRANCE,ILE-DE-FRANCE,282,77282,MAUREGARD,RD 84,152438,0,3,RD,84,0,0,0,180,0,1,,,,1,7,0,0,1,0
1,1,1,1,3,77,FRANCE,ILE-DE-FRANCE,468,77468,TORCY,A4,152478,3,1,Autoroute,4,4,6,21,100,0,1,,,,1,7,0,0,1,0
1,5,1,1,3,78,FRANCE,ILE-DE-FRANCE,015,78015,ANDRESY,RD 0,152560,0,3,RD,0,2,2,5,360,0,1,,,,1,7,0,0,1,0
1,7,1,2,3,78,FRANCE,ILE-DE-FRANCE,646,78646,VERSAILLES,RUE DE LA PAROISSE,152597,0,4,VC,0,2,2,,,0,1,,,,1,7,0,0,1,0
1,6,3,1,3,78,FRANCE,ILE-DE-FRANCE,146,78146,CHATOU,RUE DU GENERAL LECLERC,152602,0,3,RD,0,1,1,,,1,1,,,,1,7,0,0,1,0
1,7,1,1,2,78,FRANCE,ILE-DE-FRANCE,586,78586,SARTROUVILLE,VC 0,152650,0,4,VC,0,2,2,9,999,0,1,,,,1,7,0,0,1,0
1,6,6,1,3,78,FRANCE,ILE-DE-FRANCE,208,78208,ELANCOURT,BOULEVARD DE LA COMMANDERIE,152671,0,4,VC,0,2,2,,,0,5,,,,1,7,0,0,1,0
1,6,1,1,6,78,FRANCE,ILE-DE-FRANCE,423,78423,MONTIGNY-LE-BRETONNEUX,BOULEVARD VAUBAN,152675,6,4,VC,0,0,0,1,0,0,4,,,,1,,,,,
1,7,2,1,3,78,FRANCE,ILE-DE-FRANCE,586,78586,SARTROUVILLE,JEAN MERMOZ,152691,0,4,VC,0,2,2,9,999,0,1,,,,1,7,0,0,1,0
1,7,3,1,3,78,FRANCE,ILE-DE-FRANCE,586,78586,SARTROUVILLE,MAURICE BERTEAUX ,152693,1,3,RD,0,3,2,4,133,1,5,,,,1,7,0,0,1,0
5,6,1,4,3,78,FRANCE,ILE-DE-FRANCE,621,78621,TRAPPES,AVENUE PAUL VAILLANT COUTURIER,152697,0,4,VC,0,2,2,,,0,4,,,,1,7,0,0,1,0
1,7,2,1,6,78,FRANCE,ILE-DE-FRANCE,646,78646,VERSAILLES,RUE D'ANGIVILLER,152710,0,4,VC,0,1,1,,,0,1,,,,1,,0,0,1,0
1,6,1,1,3,78,FRANCE,ILE-DE-FRANCE,490,78490,PLAISIR,RUE PASTEUR,152743,0,4,VC,0,2,2,,,0,4,,,,1,10,0,0,1,0
1,6,1,1,3,78,FRANCE,ILE-DE-FRANCE,440,78440,MUREAUX (LES),RUE LEON FOURCIL,152758,0,4,VC,0,2,2,,,0,1,,,,1,7,0,0,1,0
1,6,4,1,1,78,FRANCE,ILE-DE-FRANCE,498,78498,POISSY,BOULEVARD LOUIS LEMELLE,152764,5,4,VC,0,2,2,,,0,1,,,,1,7,0,0,1,0
1,7,2,3,3,78,FRANCE,ILE-DE-FRANCE,586,78586,SARTROUVILLE,CONVENTION ,152768,0,4,VC,0,2,3,9,999,0,1,,,,1,7,0,0,1,0
1,6,1,1,3,78,FRANCE,ILE-DE-FRANCE,146,78146,CHATOU,BOULEVARD DE LA REPUBLIQUE,152780,0,4,VC,0,2,2,,,1,1,,,,1,7,0,0,1,0
1,6,1,2,3,78,FRANCE,ILE-DE-FRANCE,172,78172,CONFLANS-SAINTE-HONORINE,RUE HENRI DUNANT ,152790,0,2,RN,0,1,1,,,0,1,,,,1,7,0,0,1,0
1,5,1,1,3,78,FRANCE,ILE-DE-FRANCE,005,78005,ACHERES,RUE GEORGES BOURGOIN,152793,0,4,VC,0,2,0,,,0,1,,,,1,7,0,0,1,0
1,5,3,2,3,78,FRANCE,ILE-DE-FRANCE,644,78644,VERRIERE (LA),AVENUE GUY SCHULLER,152796,0,4,VC,0,3,3,,,0,1,,,,1,7,0,0,1,0
3,4,1,1,3,78,FRANCE,ILE-DE-FRANCE,238,78238,FLINS-SUR-SEINE,CD 14,152802,0,3,RD,0,1,2,1,250,0,1,,,,1,7,0,0,1,0
1,6,1,1,6,78,FRANCE,ILE-DE-FRANCE,517,78517,RAMBOUILLET,RUE LENOTRE,152812,0,4,VC,0,0,2,,,0,1,,,,1,7,0,0,1,0
1,6,3,1,3,78,FRANCE,ILE-DE-FRANCE,517,78517,RAMBOUILLET,RUE DU CHAMP DE COURSES,152813,0,4,VC,0,2,2,,,0,1,,,,1,7,0,0,1,0
1,6,2,1,3,78,FRANCE,ILE-DE-FRANCE,551,78551,SAINT-GERMAIN-EN-LAYE,DE LA REPUBLIQUE,152816,5,4,VC,0,2,3,,,0,1,,,,1,7,0,0,1,0
1,7,1,1,6,78,FRANCE,ILE-DE-FRANCE,586,78586,SARTROUVILLE,LAMARTINE,152824,0,6,Parking,0,0,3,9,999,0,0,,,,1,,0,0,0,1
1,7,9,1,3,78,FRANCE,ILE-DE-FRANCE,586,78586,SARTROUVILLE,LEBON,152825,0,9,Autre,0,2,1,9,999,0,1,,,,1,7,0,0,1,0
1,6,6,8,3,78,FRANCE,ILE-DE-FRANCE,640,78640,VELIZY-VILLACOUBLAY,BRETELLE A86,152833,3,1,Autoroute,86,3,4,,,0,1,,,,1,7,0,0,1,0
1,5,1,1,6,78,FRANCE,ILE-DE-FRANCE,005,78005,ACHERES,AVENUE DE CONFLANS,152850,0,4,VC,0,2,2,,,0,1,,,,1,7,0,0,1,0
1,6,1,1,3,78,FRANCE,ILE-DE-FRANCE,208,78208,ELANCOURT,BOULEVARD ANDRE MALRAUX,152857,0,4,VC,0,2,2,,,0,1,,,,1,7,0,0,1,0
1,6,1,1,3,78,FRANCE,ILE-DE-FRANCE,297,78297,GUYANCOURT,RUE HENRI DE TOULOUSE LAUTREC,152863,0,4,VC,0,2,2,,,1,1,,,,1,7,0,0,1,0
1,3,1,1,6,78,FRANCE,ILE-DE-FRANCE,299,78299,HARDRICOURT,AVENUE DES ETANGS PRES,152873,0,4,VC,0,3,4,,,0,1,,,,1,7,0,0,1,0
1,5,1,1,1,78,FRANCE,ILE-DE-FRANCE,165,78165,CLAYES-SOUS-BOIS (LES),AVENUE HENRI PROU,152876,0,4,VC,0,2,1,,,1,5,,,,1,,0,0,1,0
1,6,1,1,1,78,FRANCE,ILE-DE-FRANCE,490,78490,PLAISIR,RUE JACQUES TATI,152879,0,4,VC,0,2,1,,,0,1,,,,1,7,0,0,1,0
1,5,2,1,6,78,FRANCE,ILE-DE-FRANCE,642,78642,VERNEUIL-SUR-SEINE,BOULEVARD ANDRE MALRAUX,152883,0,3,RD,0,2,3,,,0,4,,,,1,7,0,0,1,0
1,1,3,1,1,78,FRANCE,ILE-DE-FRANCE,517,78517,RAMBOUILLET,RUE PAUL DEMANGE,152896,0,4,VC,0,0,2,,,0,5,,,,1,7,0,0,1,0
1,7,2,1,6,78,FRANCE,ILE-DE-FRANCE,586,78586,SARTROUVILLE,TOBROUK,152901,0,4,VC,0,2,2,9,999,1,1,,,,1,7,0,0,1,0
2,6,3,2,6,78,FRANCE,ILE-DE-FRANCE,621,78621,TRAPPES,ROUTE DEPARTEMENTALE 912,152905,0,3,RD,0,0,2,1,0,2,5,,,,1,7,0,0,1,0
1,5,1,1,6,78,FRANCE,ILE-DE-FRANCE,686,78686,VIROFLAY,AVENUE DU GENERAL LECLERC,152912,0,3,RD,0,3,2,0,353,0,1,,,,1,,0,0,0,1
1,3,1,1,3,78,FRANCE,ILE-DE-FRANCE,343,78343,LOGES-EN-JOSAS (LES),RUE LA COCANNE,152916,0,4,VC,0,2,2,,,0,1,,,,1,7,0,0,1,0
1,5,1,1,7,78,FRANCE,ILE-DE-FRANCE,015,78015,ANDRESY,RUE DU GENERAL LECLERC,152933,0,4,VC,0,1,1,,,0,1,,,,1,,0,0,1,0
1,5,2,1,3,78,FRANCE,ILE-DE-FRANCE,624,78624,TRIEL-SUR-SEINE,RUE DES LEIRIS  FRERES,152950,5,3,RD,0,2,2,6,470,0,1,,,,1,10,0,0,1,0
1,1,1,7,6,78,FRANCE,ILE-DE-FRANCE,073,78073,BOIS-D'ARCY,stade Jean Moulin,152959,0,6,Parking,0,2,2,,,0,1,,,,1,7,0,0,1,0
1,7,5,1,3,78,FRANCE,ILE-DE-FRANCE,646,78646,VERSAILLES,AVENUE DE VILLENEUVE L'ETANG,152972,0,4,VC,0,0,2,,,0,1,,,,1,7,0,0,1,0
1,6,2,1,2,78,FRANCE,ILE-DE-FRANCE,423,78423,MONTIGNY-LE-BRETONNEUX,AVENUE DU LYCEE ,152992,0,4,VC,0,2,2,,,0,1,,,,1,37,0,0,1,0
1,6,1,1,3,78,FRANCE,ILE-DE-FRANCE,490,78490,PLAISIR,AVENUE DE SAINT GERMAIN,153001,0,3,RD,0,3,1,9,853,0,1,,,,1,7,0,0,1,0
1,6,1,1,6,78,FRANCE,ILE-DE-FRANCE,423,78423,MONTIGNY-LE-BRETONNEUX,BOULEVARD DESCARTES,153049,0,4,VC,0,0,2,,,0,1,,,,1,7,0,0,1,0
1,6,1,1,3,78,FRANCE,ILE-DE-FRANCE,551,78551,SAINT-GERMAIN-EN-LAYE,TEMARA,153065,0,4,VC,0,2,2,,,0,1,,,,1,7,0,0,1,0
1,6,1,1,3,78,FRANCE,ILE-DE-FRANCE,640,78640,VELIZY-VILLACOUBLAY,AVENUE LOUIS BREGUET,153077,0,3,RD,0,1,2,0,376,0,1,,,,1,7,0,0,1,0
1,6,6,1,3,78,FRANCE,ILE-DE-FRANCE,640,78640,VELIZY-VILLACOUBLAY,CARREFOUR DU JUMELAGE,153078,0,3,RD,0,1,2,2,615,0,1,,,,1,7,0,0,1,0
1,7,2,1,3,78,FRANCE,ILE-DE-FRANCE,646,78646,VERSAILLES,RUE DE L'ETANG,153084,0,4,VC,0,2,2,,,0,1,,,,1,7,0,0,1,1
1,7,3,1,2,78,FRANCE,ILE-DE-FRANCE,646,78646,VERSAILLES,AVENUE DE SCEAUX,153085,0,4,VC,0,2,2,,,0,1,,,,1,,0,0,1,0
1,6,3,1,3,78,FRANCE,ILE-DE-FRANCE,172,78172,CONFLANS-SAINTE-HONORINE,RN 184,153102,3,2,RN,0,1,1,,,0,1,,,,1,14,0,0,1,0
1,5,1,8,3,78,FRANCE,ILE-DE-FRANCE,383,78383,MAUREPAS,RN 10,153104,0,4,VC,0,1,1,,,1,1,,,,1,10,0,0,1,0
1,6,1,1,3,78,FRANCE,ILE-DE-FRANCE,423,78423,MONTIGNY-LE-BRETONNEUX,AVENUE DU LYCEE ,153105,0,4,VC,0,2,2,,,0,1,,,,1,7,0,0,1,0
1,5,2,1,3,78,FRANCE,ILE-DE-FRANCE,688,78688,VOISINS-LE-BRETONNEUX,MAIL AUX FRUITS,153109,0,4,VC,0,1,1,,,0,1,,,,1,7,0,0,1,0
5,5,6,1,3,78,FRANCE,ILE-DE-FRANCE,165,78165,CLAYES-SOUS-BOIS (LES),AVENUE HENRI PROU,153167,0,4,VC,0,2,1,,,0,1,,,,1,7,0,0,1,0
1,7,6,1,3,78,FRANCE,ILE-DE-FRANCE,646,78646,VERSAILLES,RUE DE VERSAILLES,153193,0,2,RN,0,2,2,,,0,1,,,,1,7,0,0,1,0
1,7,1,8,6,78,FRANCE,ILE-DE-FRANCE,646,78646,VERSAILLES,RUE DE LA BONNE AVENTURE,153200,0,4,VC,0,2,2,,,0,1,,,,1,18,0,0,1,0
3,3,1,1,2,78,FRANCE,ILE-DE-FRANCE,562,78562,SAINT-LEGER-EN-YVELINES,RD 111,153220,0,3,RD,111,2,2,3,580,0,1,0,0,,1,7,0,0,1,0
1,6,1,1,3,78,FRANCE,ILE-DE-FRANCE,172,78172,CONFLANS-SAINTE-HONORINE,RUE DES GRANDES TERRES,153230,0,4,VC,0,2,2,,,2,1,,,,1,7,0,0,1,0
1,1,3,1,3,78,FRANCE,ILE-DE-FRANCE,005,78005,ACHERES,RD 30,153231,0,3,RD,0,2,2,,,0,1,,,,1,7,0,0,1,0
1,6,2,1,3,78,FRANCE,ILE-DE-FRANCE,517,78517,RAMBOUILLET,RUE MAURICE DECHY,153257,0,4,VC,0,2,2,,,0,1,,,,1,7,0,0,1,0
2,5,1,1,3,78,FRANCE,ILE-DE-FRANCE,005,78005,ACHERES,AVENUE DE CONFLANS,153289,0,4,VC,0,2,2,,,0,1,,,,1,10,0,0,1,0
1,6,6,1,3,78,FRANCE,ILE-DE-FRANCE,208,78208,ELANCOURT,ROUTE DEPARTEMENTALE 912,153292,3,3,RD,0,0,2,26,0,0,1,,,,1,7,0,0,1,0
1,5,4,1,2,78,FRANCE,ILE-DE-FRANCE,686,78686,VIROFLAY,AVENUE DU GENERAL LECLERC,153316,0,3,RD,0,2,2,,,0,1,,,,1,7,0,0,1,0
2,5,6,2,3,78,FRANCE,ILE-DE-FRANCE,383,78383,MAUREPAS,BOULEVARD DE LA LOIRE,153343,5,4,VC,0,3,4,,,1,0,,,,1,7,0,0,1,0
1,6,3,1,6,78,FRANCE,ILE-DE-FRANCE,440,78440,MUREAUX (LES),RUE HILDEBERT DUVAL,153357,0,4,VC,0,1,1,,,0,1,,,,1,7,0,0,1,0
2,5,1,5,1,78,FRANCE,ILE-DE-FRANCE,356,78356,MAGNY-LES-HAMEAUX,VC 0,153395,5,4,VC,0,2,2,0,0,0,1,4872800,208900,,1,7,0,0,1,0
1,5,9,1,3,78,FRANCE,ILE-DE-FRANCE,138,78138,CHANTELOUP-LES-VIGNES,RUE EDOUARD LEGRAND,153403,0,4,VC,0,2,2,,,0,1,,,,1,7,0,0,1,0
1,5,2,2,3,78,FRANCE,ILE-DE-FRANCE,397,78397,MESNIL-SAINT-DENIS (LE),AVENUE CHARLES DE GAULLE,153404,0,4,VC,0,1,1,,,0,1,,,,1,7,0,0,1,0
5,6,1,3,3,78,FRANCE,ILE-DE-FRANCE,490,78490,PLAISIR,RUE JULES REGNIER,153420,0,3,RD,0,2,2,,,0,1,,,,1,7,0,0,1,0
1,7,1,1,3,78,FRANCE,ILE-DE-FRANCE,586,78586,SARTROUVILLE,GEORGES CLEMENCEAU ,153432,0,4,VC,0,2,2,9,999,0,1,,,,1,7,0,0,1,0
1,7,1,1,6,78,FRANCE,ILE-DE-FRANCE,586,78586,SARTROUVILLE,GUY DE MAUPASSANT ,153435,0,4,VC,0,2,2,9,999,0,1,,,,1,10,0,0,1,0
1,7,3,1,6,78,FRANCE,ILE-DE-FRANCE,586,78586,SARTROUVILLE,BERRY ,153436,0,4,VC,0,2,2,,,0,1,,,,1,7,0,0,1,0