lum,agg,int,atm,col,dep_bis,pays,region,com_bis,com_codeINSEE,communes,N_voie,numac,infra,catr,type_route,voie,circ,nbv,pr,pr1,vosp,situ,lat,long,adr,accident_velo,vehicule_imp,cycl_mort,cycl_bgv,cycl_blg,cycl_indm
1,7,1,1,3,78,FRANCE,ILE-DE-FRANCE,586,78586,SARTROUVILLE,AVENUE REPUBLIQUE,153437,0,3,RD,0,2,2,8,354,0,1,,,,1,7,0,0,1,0
1,6,2,1,3,78,FRANCE,ILE-DE-FRANCE,358,78358,MAISONS-LAFFITTE,PLACE MARINE,153460,0,4,VC,0,1,1,1,0,0,1,,,,1,7,0,0,1,0
1,6,1,1,6,78,FRANCE,ILE-DE-FRANCE,297,78297,GUYANCOURT,ROND-POINT DES SAULES,153475,0,4,VC,0,1,0,,,0,1,,,,1,7,0,0,1,0
1,6,1,1,6,78,FRANCE,ILE-DE-FRANCE,640,78640,VELIZY-VILLACOUBLAY,AVENUE MORANE-SAULNIER,153497,0,3,RD,0,1,1,2,516,0,1,,,,1,7,0,0,1,0
1,6,1,1,2,78,FRANCE,ILE-DE-FRANCE,172,78172,CONFLANS-SAINTE-HONORINE,RUE DES CATALPAS,153512,0,4,VC,0,2,2,,,0,1,,,,1,7,0,0,1,0
1,6,1,8,3,78,FRANCE,ILE-DE-FRANCE,208,78208,ELANCOURT,RUE DE VARSOVIE,153518,0,4,VC,0,2,2,,,0,1,,,,1,7,0,0,1,0
1,5,1,1,3,78,FRANCE,ILE-DE-FRANCE,029,78029,AUBERGENVILLE,RUE DE L'EGALITE,153529,0,4,VC,0,2,2,1,0,0,1,,,,1,7,0,0,1,0
1,6,1,1,7,78,FRANCE,ILE-DE-FRANCE,490,78490,PLAISIR,AVENUE DU GENERAL DE GAULLE,153531,0,3,RD,0,2,1,,,0,1,,,,1,7,0,0,1,0
1,6,1,1,3,78,FRANCE,ILE-DE-FRANCE,551,78551,SAINT-GERMAIN-EN-LAYE,RN 13,153533,0,2,RN,0,3,3,21,400,0,1,,,,1,7,0,0,1,0
1,5,3,1,3,78,FRANCE,ILE-DE-FRANCE,650,78650,VESINET (LE),RUE DE SEINE,153551,4,4,VC,0,2,2,,,0,1,,,,1,7,0,0,1,0
1,6,1,1,2,78,FRANCE,ILE-DE-FRANCE,172,78172,CONFLANS-SAINTE-HONORINE,RUE MAURICE BERTEAUX,153577,0,4,VC,0,2,2,,,0,1,,,,1,7,0,0,1,0
1,6,9,1,3,78,FRANCE,ILE-DE-FRANCE,358,78358,MAISONS-LAFFITTE,PLACE MARINE,153583,0,9,Autre,0,1,1,,,0,1,,,,1,7,0,0,1,0
1,6,1,1,6,78,FRANCE,ILE-DE-FRANCE,621,78621,TRAPPES,AVENUE GEORGES POLITZER,153609,0,4,VC,0,2,2,1,0,0,1,,,,1,7,0,0,1,0
1,6,9,1,6,78,FRANCE,ILE-DE-FRANCE,640,78640,VELIZY-VILLACOUBLAY,AVENUE DE PROVENCE ,153611,0,4,VC,0,1,1,,,0,1,,,,1,,0,0,0,1
1,6,1,1,6,78,FRANCE,ILE-DE-FRANCE,146,78146,CHATOU,RUE AUGUSTE RENOIR,153618,0,4,VC,0,2,2,,,0,1,,,,1,7,0,0,1,0
1,7,1,1,6,78,FRANCE,ILE-DE-FRANCE,646,78646,VERSAILLES,RUE DES CHANTIERS,153631,0,4,VC,0,2,2,,,0,1,,,,1,7,0,0,1,0
1,7,1,1,6,78,FRANCE,ILE-DE-FRANCE,646,78646,VERSAILLES,RUE DU REFUGE,153643,0,4,VC,0,1,1,,,0,1,,,,1,7,0,0,1,0
1,5,1,1,1,78,FRANCE,ILE-DE-FRANCE,160,78160,CHEVREUSE,RD 906,153648,0,3,RD,906,2,2,0,0,0,1,0,0,,1,7,0,0,1,0
1,6,1,1,3,78,FRANCE,ILE-DE-FRANCE,423,78423,MONTIGNY-LE-BRETONNEUX,AVENUE DU PARC,153662,0,4,VC,0,0,1,,,0,1,,,,1,13,0,0,1,0
1,6,1,1,3,78,FRANCE,ILE-DE-FRANCE,440,78440,MUREAUX (LES),RUE DE SEINE,153670,0,4,VC,0,3,4,1,0,0,1,,,,1,7,0,0,1,0
1,5,1,1,5,78,FRANCE,ILE-DE-FRANCE,165,78165,CLAYES-SOUS-BOIS (LES),CHEMIN DES VIGNES,153675,0,4,VC,0,2,1,,,0,1,,,,1,7,0,0,1,0
1,6,1,1,3,78,FRANCE,ILE-DE-FRANCE,640,78640,VELIZY-VILLACOUBLAY,AVENUE MORANE-SAULNIER,153687,0,3,RD,0,1,2,,,0,1,,,,1,14,0,0,1,0
1,7,1,1,6,78,FRANCE,ILE-DE-FRANCE,646,78646,VERSAILLES,RUE DE LA BONNE AVENTURE,153690,0,4,VC,0,2,2,,,0,5,,,,1,7,0,0,1,0
1,1,1,1,2,78,FRANCE,ILE-DE-FRANCE,418,78418,MONTESSON,RUE DU 8 MAI 1945,153692,0,4,VC,0,2,2,,,0,1,,,,1,7,0,0,1,0
1,1,1,1,1,78,FRANCE,ILE-DE-FRANCE,466,78466,ORGEVAL,RD 154,153696,0,3,RD,154,2,0,0,748,0,1,4894200,197700,,1,7,0,0,1,0
1,6,9,1,3,78,FRANCE,ILE-DE-FRANCE,297,78297,GUYANCOURT,BOULEVARD JEAN JAURES,153706,0,4,VC,0,2,2,,,1,5,,,,1,7,0,0,1,0
1,5,3,1,3,78,FRANCE,ILE-DE-FRANCE,165,78165,CLAYES-SOUS-BOIS (LES),AVENUE DU CHEMIN DE FER,153713,0,4,VC,0,2,1,,,0,1,,,,1,7,0,0,1,0
1,6,1,1,3,78,FRANCE,ILE-DE-FRANCE,208,78208,ELANCOURT,PLACE MENDES FRANCE,153738,0,4,VC,0,4,1,,,0,1,,,,1,10,0,0,1,0
1,6,1,1,3,78,FRANCE,ILE-DE-FRANCE,208,78208,ELANCOURT,AVENUE DE LA VILLEDIEU,153740,0,4,VC,0,2,2,,,0,1,,,,1,7,0,0,1,0
1,6,1,1,3,78,FRANCE,ILE-DE-FRANCE,423,78423,MONTIGNY-LE-BRETONNEUX,BOULEVARD DESCARTES,153742,0,4,VC,0,2,0,,,0,1,,,,1,7,0,0,1,0
1,5,1,1,2,78,FRANCE,ILE-DE-FRANCE,686,78686,VIROFLAY,AVENUE DU GENERAL LECLERC,153783,0,2,RN,0,2,2,,,0,1,,,,1,7,0,0,1,0
1,7,3,1,3,78,FRANCE,ILE-DE-FRANCE,646,78646,VERSAILLES,RUE DU MARECHAL FOCH,153788,0,4,VC,0,2,2,,,0,1,,,,1,,0,0,1,0
1,5,1,1,3,78,FRANCE,ILE-DE-FRANCE,383,78383,MAUREPAS,ROUTE DEPARTEMENTALE 13,153803,0,3,RD,0,3,4,10,171,1,1,,,,1,7,0,0,1,0
1,6,1,1,3,78,FRANCE,ILE-DE-FRANCE,423,78423,MONTIGNY-LE-BRETONNEUX,RUE ANDRE GIDE,153807,0,4,VC,0,2,0,,,0,1,,,,1,7,0,0,1,0
1,5,6,1,2,78,FRANCE,ILE-DE-FRANCE,165,78165,CLAYES-SOUS-BOIS (LES),AVENUE HENRY BARBUSSE,153827,0,3,RD,0,2,1,,,0,1,,,,1,7,0,0,1,0
1,6,1,1,3,78,FRANCE,ILE-DE-FRANCE,490,78490,PLAISIR,AVENUE DU PRESSOIR,153828,0,4,VC,0,2,1,,,0,1,,,,1,7,0,0,1,0
1,5,6,1,3,78,FRANCE,ILE-DE-FRANCE,165,78165,CLAYES-SOUS-BOIS (LES),AVENUE HENRY BARBUSSE,153829,0,3,RD,0,2,2,8,519,0,1,,,,1,7,0,0,1,0
1,6,6,1,3,78,FRANCE,ILE-DE-FRANCE,517,78517,RAMBOUILLET,RUE D'ORPHIN,153835,0,3,RD,0,3,2,,,0,1,,,,1,7,0,0,1,0
1,7,2,1,3,78,FRANCE,ILE-DE-FRANCE,586,78586,SARTROUVILLE,GRETRY ,153842,0,4,VC,0,2,2,9,999,0,1,,,,1,7,0,0,1,0
1,6,1,1,2,78,FRANCE,ILE-DE-FRANCE,158,78158,CHESNAY (LE),AVENUE DE ROCQUENCOURT,153856,0,4,VC,0,2,2,,,0,1,,,,1,7,0,0,1,0
1,7,3,1,3,78,FRANCE,ILE-DE-FRANCE,646,78646,VERSAILLES,AVENUE LOUVOIS,153865,5,4,VC,0,2,3,,,0,1,,,,1,7,0,0,1,0
1,6,1,1,1,78,FRANCE,ILE-DE-FRANCE,158,78158,CHESNAY (LE),AVENUE DE LA REINE AMELIE,153867,0,4,VC,0,2,2,,,0,1,,,,1,7,0,0,1,0
1,5,3,1,3,78,FRANCE,ILE-DE-FRANCE,397,78397,MESNIL-SAINT-DENIS (LE),ROUTE DEPARTEMENTALE 58,153874,0,3,RD,0,2,2,9,110,0,1,,,,1,7,0,0,1,0
1,6,5,1,3,78,FRANCE,ILE-DE-FRANCE,498,78498,POISSY,BOULEVARD GAMBETTA,153894,5,3,RD,0,3,4,28,660,0,1,,,,1,7,0,0,1,0
1,6,6,8,3,78,FRANCE,ILE-DE-FRANCE,517,78517,RAMBOUILLET,RUE DE CLAIREFONTAINE,153898,5,4,VC,0,1,1,,,1,5,,,,1,7,0,0,1,0
1,7,1,1,3,78,FRANCE,ILE-DE-FRANCE,586,78586,SARTROUVILLE,EVARISTE GALOIS,153903,0,4,VC,0,2,2,9,999,0,1,,,,1,37,0,0,1,0
1,6,1,1,6,78,FRANCE,ILE-DE-FRANCE,158,78158,CHESNAY (LE),AVENUE DE VERDUN,153916,0,3,RD,0,3,2,0,888,0,1,,,,1,7,0,0,1,0
2,6,2,1,3,78,FRANCE,ILE-DE-FRANCE,517,78517,RAMBOUILLET,RUE GEORGES CLEMENCEAU,153997,0,4,VC,0,2,2,,,0,1,,,,1,7,0,0,1,0
5,7,3,1,3,78,FRANCE,ILE-DE-FRANCE,586,78586,SARTROUVILLE,LAMARTINE,154002,0,4,VC,0,2,2,9,999,0,1,,,,1,7,0,0,1,0
5,6,1,1,6,78,FRANCE,ILE-DE-FRANCE,551,78551,SAINT-GERMAIN-EN-LAYE,PLACE ROYALE,154060,0,4,VC,0,1,1,1,34,0,1,,,,1,7,0,0,1,0
3,1,3,2,1,78,FRANCE,ILE-DE-FRANCE,621,78621,TRAPPES,AVENUE ENRICO FERMI,154071,5,4,VC,0,3,2,1,0,0,1,,,,1,7,0,0,1,0
5,5,1,2,3,78,FRANCE,ILE-DE-FRANCE,362,78362,MANTES-LA-VILLE,BOULEVARD ROGER SALENGRO,154092,0,4,VC,0,2,2,,,0,1,,,,1,7,0,0,1,0
1,5,1,1,3,78,FRANCE,ILE-DE-FRANCE,165,78165,CLAYES-SOUS-BOIS (LES),RUE DU GROS CAILLOU,154101,0,4,VC,0,2,2,,,0,1,,,,1,7,0,0,1,0
1,1,1,1,2,78,FRANCE,ILE-DE-FRANCE,624,78624,TRIEL-SUR-SEINE,RD 1,154104,0,3,RD,0,3,4,2,900,1,5,,,,1,10,0,0,1,0
1,7,3,2,3,78,FRANCE,ILE-DE-FRANCE,646,78646,VERSAILLES,RUE ALEXANDRE LANGE,154120,5,4,VC,0,0,0,,,0,0,,,,1,7,0,0,1,0
1,6,1,1,6,78,FRANCE,ILE-DE-FRANCE,158,78158,CHESNAY (LE),RUE DE VERSAILLES,154121,0,4,VC,0,2,2,,,0,4,,,,1,,0,0,0,1
1,7,6,1,3,78,FRANCE,ILE-DE-FRANCE,586,78586,SARTROUVILLE,GEORGES CLEMENCEAU ,154155,0,2,RN,0,2,2,9,999,0,0,,,,1,7,0,0,1,0
1,1,1,1,7,78,FRANCE,ILE-DE-FRANCE,576,78576,SAINT-REMY-L'HONORE,RD 34,154182,0,3,RD,34,2,2,2,838,0,1,0,0,,1,,0,0,1,0
1,5,1,1,3,78,FRANCE,ILE-DE-FRANCE,354,78354,MAGNANVILLE,AVENUE DE L'EUROPE,154193,0,3,RD,0,3,4,1,983,0,1,,,,1,7,0,0,1,0
1,6,1,1,2,78,FRANCE,ILE-DE-FRANCE,361,78361,MANTES-LA-JOLIE,RUE F ROOSEVELT,154195,5,4,VC,0,1,1,,,0,1,,,,1,7,0,0,1,0
1,7,6,1,3,78,FRANCE,ILE-DE-FRANCE,586,78586,SARTROUVILLE,MAURICE BERTEAUX ,154208,0,3,RD,0,2,2,3,986,0,0,,,,1,7,0,0,1,0
1,6,3,1,3,78,FRANCE,ILE-DE-FRANCE,146,78146,CHATOU,RUE DES PANIERS GONDS,154222,0,4,VC,0,2,2,,,0,1,,,,1,7,0,0,1,0
1,1,2,1,3,78,FRANCE,ILE-DE-FRANCE,172,78172,CONFLANS-SAINTE-HONORINE,CHEMIN COMMUNAL,154269,0,4,VC,0,2,1,,,0,1,,,,1,7,0,0,1,0
1,6,1,1,3,78,FRANCE,ILE-DE-FRANCE,208,78208,ELANCOURT,BOULEVARD DU DIX NEUF MARS 62,154270,0,4,VC,0,3,4,,,1,1,,,,1,7,0,0,1,0
1,6,1,1,7,78,FRANCE,ILE-DE-FRANCE,297,78297,GUYANCOURT,AVENUE DE L'EUROPE,154274,0,4,VC,0,0,0,,,1,5,,,,1,,0,0,1,0
1,6,1,1,6,78,FRANCE,ILE-DE-FRANCE,311,78311,HOUILLES,BOULEVARD JEAN JAURES,154278,0,3,RD,0,2,2,,,0,1,,,,1,13,0,0,1,0
1,6,1,1,6,78,FRANCE,ILE-DE-FRANCE,361,78361,MANTES-LA-JOLIE,RN 13,154291,0,2,RN,0,2,2,61,100,1,1,,,,1,7,0,0,1,0
1,7,2,1,3,78,FRANCE,ILE-DE-FRANCE,586,78586,SARTROUVILLE,PIERRE CURIE,154309,0,4,VC,0,2,2,9,999,0,1,,,,1,10,0,0,1,0
1,5,1,1,6,78,FRANCE,ILE-DE-FRANCE,322,78322,JOUY-EN-JOSAS,AVENUE JEAN JAURES,154315,0,4,VC,0,2,2,,,0,1,,,,1,7,0,0,1,0
1,5,1,2,3,78,FRANCE,ILE-DE-FRANCE,686,78686,VIROFLAY,AVENUE DU GENERAL LECLERC,154318,0,3,RD,0,2,2,,,0,1,,,,1,7,0,0,1,0
5,5,1,1,1,78,FRANCE,ILE-DE-FRANCE,650,78650,VESINET (LE),ALLEE DU LEVRIER,154334,0,4,VC,0,2,2,,,0,1,,,,1,7,0,0,1,0
1,6,1,1,6,78,FRANCE,ILE-DE-FRANCE,297,78297,GUYANCOURT,RUE JAMES JOULE,154365,0,4,VC,0,2,0,,,0,1,,,,1,7,0,0,1,0
1,6,3,2,2,78,FRANCE,ILE-DE-FRANCE,297,78297,GUYANCOURT,BOULEVARD D'ALEMBERT,154366,0,4,VC,0,2,2,,,0,0,,,,1,10,0,0,1,0
1,6,5,1,3,78,FRANCE,ILE-DE-FRANCE,358,78358,MAISONS-LAFFITTE,AVENUE EGLE,154368,0,4,VC,0,2,2,0,100,0,1,,,,1,7,0,0,1,0
1,7,3,1,2,78,FRANCE,ILE-DE-FRANCE,586,78586,SARTROUVILLE,AVENUE REPUBLIQUE,154399,0,3,RD,0,2,2,8,228,0,1,,,,1,7,0,0,1,0
1,6,2,1,2,78,FRANCE,ILE-DE-FRANCE,297,78297,GUYANCOURT,RUE JOSEPH CUGNOT,154439,5,4,VC,0,2,2,,,0,0,,,,1,7,0,0,1,0
1,6,3,1,3,78,FRANCE,ILE-DE-FRANCE,490,78490,PLAISIR,ALLEE SAINT JUST,154447,0,4,VC,0,1,1,,,0,1,,,,1,7,0,0,1,0
1,6,4,1,7,78,FRANCE,ILE-DE-FRANCE,490,78490,PLAISIR,RUE MAXIMILIEN ROBESPIERRE,154450,0,4,VC,0,1,1,,,0,1,,,,1,7,0,0,1,0
1,5,1,1,1,78,FRANCE,ILE-DE-FRANCE,117,78117,BUC,RUE LOUIS PASTEUR,154471,0,4,VC,0,1,1,,,0,1,,,,1,7,0,0,1,0
1,7,2,1,6,78,FRANCE,ILE-DE-FRANCE,646,78646,VERSAILLES,RUE DE CONDE,154475,0,4,VC,0,2,2,,,0,1,,,,1,7,0,0,1,0
1,4,3,1,3,78,FRANCE,ILE-DE-FRANCE,168,78168,COIGNIERES,RUE DES BRODERIES,154485,0,4,VC,0,1,1,,,0,1,,,,1,7,0,0,1,0
1,6,2,1,3,78,FRANCE,ILE-DE-FRANCE,498,78498,POISSY,RN 190,154493,5,3,RD,0,2,2,190,270,0,1,,,,1,7,0,0,1,0
1,6,1,1,6,78,FRANCE,ILE-DE-FRANCE,621,78621,TRAPPES,SQUARE DE LA COMMUNE DE PARIS,154498,0,4,VC,0,2,2,1,0,0,1,,,,1,7,0,0,1,0
1,5,3,1,3,78,FRANCE,ILE-DE-FRANCE,322,78322,JOUY-EN-JOSAS,RUE ALBERT VANTIEGHEM,154499,0,4,VC,0,2,2,,,0,0,,,,1,7,0,0,1,0
1,7,3,1,3,78,FRANCE,ILE-DE-FRANCE,646,78646,VERSAILLES,RD 0,154508,0,3,RD,0,2,5,2,31,1,1,,,,1,7,0,0,1,0
1,6,1,1,1,78,FRANCE,ILE-DE-FRANCE,208,78208,ELANCOURT,ALLEE EMILE ZOLA,154509,0,4,VC,0,0,1,,,0,0,,,,1,,0,0,1,0
1,1,1,1,1,78,FRANCE,ILE-DE-FRANCE,208,78208,ELANCOURT,AVENUE DE LA VILLEDIEU  210,154510,0,4,VC,0,2,2,,,1,5,,,,1,,0,0,0,1
1,4,1,1,3,78,FRANCE,ILE-DE-FRANCE,168,78168,COIGNIERES,BOULEVARD DES ARPENTS,154520,0,4,VC,0,3,4,10,680,1,1,,,,1,7,0,0,1,0
1,5,1,1,6,78,FRANCE,ILE-DE-FRANCE,124,78124,CARRIERES-SUR-SEINE,RUE PAUL DOUMER,154533,0,4,VC,0,2,2,,,0,1,,,,1,7,0,0,1,0
1,6,6,1,3,78,FRANCE,ILE-DE-FRANCE,358,78358,MAISONS-LAFFITTE,RUE DE PARIS,154535,0,3,RD,0,1,2,,,2,5,,,,1,33,0,0,1,0
1,5,1,1,3,78,FRANCE,ILE-DE-FRANCE,362,78362,MANTES-LA-VILLE,AVENUE DU VEXIN,154537,0,4,VC,0,2,2,,,0,1,,,,1,7,0,0,1,0
1,5,3,1,3,78,FRANCE,ILE-DE-FRANCE,674,78674,VILLEPREUX,RUE DES CEVENNES,154548,0,4,VC,0,2,0,,,0,1,,,,1,7,0,0,1,0
1,5,1,1,3,78,FRANCE,ILE-DE-FRANCE,123,78123,CARRIERES-SOUS-POISSY,AVENUE DE L'EUROPE,154552,0,3,RD,0,2,4,29,465,0,1,,,,1,7,0,0,1,0
1,7,2,1,6,78,FRANCE,ILE-DE-FRANCE,646,78646,VERSAILLES,RUE DE NOAILLES,154569,0,4,VC,0,2,2,,,0,0,,,,1,,0,0,0,1
1,5,3,1,3,78,FRANCE,ILE-DE-FRANCE,650,78650,VESINET (LE),ROUTE DE MONTESSON,154575,2,3,RD,0,2,2,0,600,0,1,,,,1,7,0,0,1,0
1,6,2,1,3,78,FRANCE,ILE-DE-FRANCE,440,78440,MUREAUX (LES),RUE DES SOURCES,154580,0,4,VC,0,0,1,1,0,0,0,,,,1,7,0,0,1,0
1,1,1,1,2,78,FRANCE,ILE-DE-FRANCE,615,78615,THIVERVAL-GRIGNON,RD 109,154602,3,3,RD,109,2,2,0,0,0,1,0,0,,1,31,0,0,1,0
1,6,1,1,6,78,FRANCE,ILE-DE-FRANCE,297,78297,GUYANCOURT,BOULEVARD JEAN JAURES,154610,6,4,VC,0,0,0,,,1,4,,,,1,,0,0,0,1
1,6,3,1,3,78,FRANCE,ILE-DE-FRANCE,423,78423,MONTIGNY-LE-BRETONNEUX,AVENUE NICOLAS ABOUT,154612,6,4,VC,0,3,3,,,0,1,,,,1,7,0,0,1,0
2,6,1,1,3,78,FRANCE,ILE-DE-FRANCE,311,78311,HOUILLES,RUE PIERRE LE FRAPPER,154616,0,4,VC,0,1,1,,,0,1,,,,1,7,0,0,1,0
1,6,2,2,6,78,FRANCE,ILE-DE-FRANCE,361,78361,MANTES-LA-JOLIE,RN 13,154623,0,2,RN,0,3,4,60,930,1,1,,,,1,10,0,0,1,0
1,4,1,2,3,78,FRANCE,ILE-DE-FRANCE,118,78118,BUCHELAY,CHEMIN DES MEUNIERS,154624,0,4,VC,0,2,2,,,1,1,,,,1,7,0,0,1,0
1,6,1,1,7,78,FRANCE,ILE-DE-FRANCE,490,78490,PLAISIR,RUE DE LA REPUBLIQUE ,154645,0,4,VC,0,1,1,,,0,1,,,,1,,0,0,0,1
2,7,1,1,6,78,FRANCE,ILE-DE-FRANCE,646,78646,VERSAILLES,AVENUE DU GENERAL DE GAULLE,154668,0,3,RD,0,2,5,3,808,3,4,,,,1,,0,0,0,1
1,5,6,1,3,78,FRANCE,ILE-DE-FRANCE,650,78650,VESINET (LE),BOULEVARD CARNOT,154674,0,3,RD,0,3,4,18,25,0,1,,,,1,7,0,0,1,0
1,5,2,1,3,78,FRANCE,ILE-DE-FRANCE,354,78354,MAGNANVILLE,AVENUE DE L'EUROPE,154714,0,3,RD,0,2,2,3,360,0,1,,,,1,7,0,0,1,0
2,6,2,1,3,78,FRANCE,ILE-DE-FRANCE,172,78172,CONFLANS-SAINTE-HONORINE,RUE DU GENERAL SARRAIL,154773,0,4,VC,0,2,2,,,0,1,,,,1,7,0,0,1,0
2,5,2,8,3,78,FRANCE,ILE-DE-FRANCE,397,78397,MESNIL-SAINT-DENIS (LE),AVENUE HABERT DE MONTMORT,154777,0,4,VC,0,2,2,,,0,1,,,,1,7,0,0,1,0
1,6,2,1,3,78,FRANCE,ILE-DE-FRANCE,423,78423,MONTIGNY-LE-BRETONNEUX,BOULEVARD VAUBAN,154786,0,4,VC,0,0,0,,,0,0,,,,1,7,0,0,1,0
2,6,6,1,3,78,FRANCE,ILE-DE-FRANCE,490,78490,PLAISIR,BOULEVARD LEON BLUM,154838,0,4,VC,0,2,2,0,0,0,1,4881860,196229,,1,7,0,0,1,0
1,4,3,1,3,78,FRANCE,ILE-DE-FRANCE,168,78168,COIGNIERES,RUE DE LA MALMEDONNE,154863,0,3,RD,213,2,2,11,0,0,1,4875800,193794,,1,7,0,0,1,0
1,1,9,1,3,78,FRANCE,ILE-DE-FRANCE,220,78220,ESSARTS-LE-ROI (LES),RN 10,154883,0,2,RN,10,3,4,25,209,1,1,4871940,188484,,1,7,0,0,1,0
5,7,1,1,6,78,FRANCE,ILE-DE-FRANCE,646,78646,VERSAILLES,BOULEVARD DE LA REINE,154893,0,4,VC,0,0,0,0,0,0,4,4880800,214353,,1,10,0,0,1,0
1,6,1,1,3,78,FRANCE,ILE-DE-FRANCE,423,78423,MONTIGNY-LE-BRETONNEUX,RUE DE CHAMBERY,154907,0,4,VC,0,2,1,0,0,0,1,4877260,204203,,1,7,0,0,1,0
1,1,2,1,3,78,FRANCE,ILE-DE-FRANCE,498,78498,POISSY,AVENUE BON ROI SAINT LOUIS ,154929,5,3,RD,153,2,3,1,781,0,1,4892710,201671,,1,17,0,0,1,0
1,6,2,1,3,78,FRANCE,ILE-DE-FRANCE,517,78517,RAMBOUILLET,RUE LEON GAMBETTA,154961,0,4,VC,0,1,1,0,0,0,0,4864620,182639,,1,7,0,0,1,0
1,6,2,8,3,78,FRANCE,ILE-DE-FRANCE,297,78297,GUYANCOURT,BOULEVARD WOLFGANG AMADEUS MOZART,155000,0,4,VC,0,0,0,0,0,0,1,4877540,205610,,1,7,0,0,1,0
1,3,4,1,3,78,FRANCE,ILE-DE-FRANCE,299,78299,HARDRICOURT,RUE GUILLAUME DE BEAUMONT,155043,0,4,VC,0,2,0,0,0,0,1,4900740,189620,,1,7,0,0,1,0
1,6,7,1,2,78,FRANCE,ILE-DE-FRANCE,361,78361,MANTES-LA-JOLIE,PL DE L'ETAPE,155077,0,4,VC,0,1,2,0,0,0,1,4899100,171988,,1,10,0,0,1,0
1,4,1,1,3,78,FRANCE,ILE-DE-FRANCE,168,78168,COIGNIERES,AVENUE DE LA GARE ,155088,0,4,VC,0,2,2,0,0,0,1,4874350,191933,,1,7,0,0,1,0
5,7,1,1,7,78,FRANCE,ILE-DE-FRANCE,646,78646,VERSAILLES,RUE DE PROVENCE,155126,0,4,VC,0,2,2,0,0,0,1,4880610,213957,,1,,0,0,1,0
1,7,2,1,3,78,FRANCE,ILE-DE-FRANCE,646,78646,VERSAILLES,AVENUE DE SAINT CLOUD,155130,0,3,RD,185,2,4,11,784,0,1,4880470,212698,,1,7,0,0,1,0
1,6,3,1,3,78,FRANCE,ILE-DE-FRANCE,490,78490,PLAISIR,RUE DE LA GARE ,155132,0,4,VC,0,2,2,0,0,0,1,4883230,194147,,1,7,0,0,1,0
1,7,1,1,3,78,FRANCE,ILE-DE-FRANCE,646,78646,VERSAILLES,RUE DE L'ORANGERIE,155182,5,3,RD,10,2,2,4,596,0,1,4880070,212048,,1,7,0,0,1,0
1,5,2,1,1,78,FRANCE,ILE-DE-FRANCE,029,78029,AUBERGENVILLE,RUE GASTON JOUILLERAT,155189,0,4,VC,0,1,0,0,0,0,1,4896040,185445,,1,7,0,0,1,0
1,6,3,1,3,78,FRANCE,ILE-DE-FRANCE,172,78172,CONFLANS-SAINTE-HONORINE,RUE DES FRERES DHERET,155191,0,4,VC,0,2,0,0,0,0,1,4899990,211601,,1,14,0,0,1,0
1,5,3,1,3,78,FRANCE,ILE-DE-FRANCE,481,78481,PECQ (LE),RD 190,155194,0,3,RD,190,3,2,21,957,0,1,4889440,209989,,1,7,0,0,1,0
1,6,6,1,3,78,FRANCE,ILE-DE-FRANCE,490,78490,PLAISIR,AVENUE DE SAINT GERMAIN,155202,0,3,RD,11,2,0,9,55,0,1,4882700,196415,,1,7,0,0,1,0
1,5,6,1,3,78,FRANCE,ILE-DE-FRANCE,117,78117,BUC,AVENUE JEAN CASALE,155248,5,3,RD,938,2,2,4,527,0,1,4876890,212899,,1,7,0,0,1,0
1,7,1,1,3,78,FRANCE,ILE-DE-FRANCE,646,78646,VERSAILLES,RUE DE L'ECOLE DES POSTES,155273,0,4,VC,0,2,2,0,0,0,1,4880190,215979,,1,7,0,0,1,0
1,7,1,1,6,78,FRANCE,ILE-DE-FRANCE,646,78646,VERSAILLES,RUE VAUBAN,155275,0,4,VC,0,2,0,0,0,0,1,4880010,215360,,1,7,0,0,1,0
1,5,3,1,6,78,FRANCE,ILE-DE-FRANCE,686,78686,VIROFLAY,RUE DE JOUY,155300,0,3,RD,53,2,2,1,480,0,1,4879720,218291,,1,,0,0,1,0
2,6,4,1,3,78,FRANCE,ILE-DE-FRANCE,621,78621,TRAPPES,ROUTE DEPARTEMENTALE 912,155337,0,3,RD,912,0,2,1,678,0,1,4878540,198676,,1,7,0,0,1,0
3,6,2,1,3,78,FRANCE,ILE-DE-FRANCE,621,78621,TRAPPES,ROUTE DEPARTEMENTALE 912,155338,0,3,RD,912,2,2,0,480,1,5,4878070,200247,,1,33,0,0,1,0
1,6,1,1,3,78,FRANCE,ILE-DE-FRANCE,498,78498,POISSY,BOULEVARD ROBESPIERRE ,155341,0,3,RD,308,2,2,12,400,0,4,4893460,205696,,1,7,0,0,1,0
1,6,1,1,3,78,FRANCE,ILE-DE-FRANCE,490,78490,PLAISIR,CHEMIN DE LA CROIX BLANCHE,155357,5,4,VC,0,2,0,,,0,1,,,,1,7,0,0,1,0
1,6,3,2,1,78,FRANCE,ILE-DE-FRANCE,621,78621,TRAPPES,AVENUE ROGER HENNEQUIN,155392,0,4,VC,0,1,2,1,0,0,1,,,,1,7,0,0,1,0
1,7,3,1,3,78,FRANCE,ILE-DE-FRANCE,646,78646,VERSAILLES,RUE AU PAIN,155457,0,4,VC,0,1,1,0,0,0,1,4880610,213170,,1,7,0,0,1,0
1,1,1,1,1,78,FRANCE,ILE-DE-FRANCE,423,78423,MONTIGNY-LE-BRETONNEUX,RD 10,155464,0,3,RD,10,2,2,10,433,1,5,4879030,204873,,1,2,0,0,1,0