lum,agg,int,atm,col,dep_bis,pays,region,com_bis,com_codeINSEE,communes,N_voie,numac,infra,catr,type_route,voie,circ,nbv,pr,pr1,vosp,situ,lat,long,adr,accident_velo,vehicule_imp,cycl_mort,cycl_bgv,cycl_blg,cycl_indm
1,7,3,1,3,78,FRANCE,ILE-DE-FRANCE,646,78646,VERSAILLES,AVENUE DE PARIS,155469,0,3,RD,10,3,0,2,775,0,1,4879950,214054,,1,7,0,0,1,0
3,6,6,2,3,78,FRANCE,ILE-DE-FRANCE,297,78297,GUYANCOURT,BOULEVARD JEAN JAURES,155472,0,3,RD,127,2,2,6,886,0,0,4877540,207334,,1,7,0,0,1,0
1,6,1,1,3,78,FRANCE,ILE-DE-FRANCE,297,78297,GUYANCOURT,RUE JEAN MONNET,155483,0,4,VC,0,0,1,,,0,4,,,,1,7,0,0,1,0
1,6,6,1,3,78,FRANCE,ILE-DE-FRANCE,423,78423,MONTIGNY-LE-BRETONNEUX,AVENUE DES QUATRE PAVES DU ROY,155493,0,4,VC,0,2,2,,,0,1,,,,1,7,0,0,1,0
1,5,1,1,7,78,FRANCE,ILE-DE-FRANCE,123,78123,CARRIERES-SOUS-POISSY,BOULEVARD PELLETIER ,155500,0,3,RD,0,3,2,0,278,0,1,,,,1,,0,0,1,0
1,6,1,1,6,78,FRANCE,ILE-DE-FRANCE,440,78440,MUREAUX (LES),RD 43,155510,0,3,RD,43,2,0,4,0,0,5,4897890,191348,,1,,0,0,1,0
1,5,1,1,3,78,FRANCE,ILE-DE-FRANCE,688,78688,VOISINS-LE-BRETONNEUX,RUE GEORGES BIZET,155512,0,4,VC,0,2,0,0,0,0,1,4875470,206157,,1,7,0,0,1,0
1,1,6,1,3,78,FRANCE,ILE-DE-FRANCE,440,78440,MUREAUX (LES),RD 43,155520,0,3,RD,43,2,0,4,970,0,1,4898740,191255,,1,10,0,0,1,0
1,3,2,1,3,78,FRANCE,ILE-DE-FRANCE,337,78337,LIMETZ-VILLEZ,RD 201,155522,0,3,RD,201,2,0,4,184,0,1,4905730,153711,,1,,0,0,1,0
1,5,6,1,2,78,FRANCE,ILE-DE-FRANCE,165,78165,CLAYES-SOUS-BOIS (LES),RUE HENRI PROU,155530,0,4,VC,0,2,0,0,0,0,1,4882160,196661,,1,7,0,0,1,0
1,1,1,1,3,78,FRANCE,ILE-DE-FRANCE,674,78674,VILLEPREUX,RD 11,155533,0,3,RD,11,3,4,5,831,0,1,4881970,200322,,1,31,0,0,1,0
1,7,6,1,3,78,FRANCE,ILE-DE-FRANCE,646,78646,VERSAILLES,RD 91,155540,0,3,RD,91,1,0,2,351,0,1,4878630,210594,,1,7,0,0,1,0
1,5,1,1,3,78,FRANCE,ILE-DE-FRANCE,322,78322,JOUY-EN-JOSAS,RUE DE LA LIBERATION,155571,0,3,RD,446,2,2,,,0,1,,,,1,7,0,0,1,0
1,6,1,1,6,78,FRANCE,ILE-DE-FRANCE,423,78423,MONTIGNY-LE-BRETONNEUX,AVENUE JOSEPH KESSEL,155623,0,4,VC,0,2,2,,,0,1,,,,1,7,0,0,1,0
1,6,1,1,6,78,FRANCE,ILE-DE-FRANCE,297,78297,GUYANCOURT,AVENUE DU GOLF,155624,0,4,VC,0,3,2,,,0,1,,,,1,,0,0,1,0
2,6,2,1,3,78,FRANCE,ILE-DE-FRANCE,172,78172,CONFLANS-SAINTE-HONORINE,RUE ARISTIDE BRIAND,155625,5,4,VC,0,2,2,,,0,1,,,,1,7,0,0,1,0
2,3,2,1,3,78,FRANCE,ILE-DE-FRANCE,299,78299,HARDRICOURT,RUE DU BIGNON,155695,0,3,RD,190,2,2,43,711,0,1,4900490,190125,,1,7,0,0,1,0
1,6,1,2,3,78,FRANCE,ILE-DE-FRANCE,423,78423,MONTIGNY-LE-BRETONNEUX,AVENUE DE KIERSPE,155716,0,4,VC,0,1,2,0,0,0,1,4876380,203628,,1,7,0,0,1,0
5,4,2,1,3,78,FRANCE,ILE-DE-FRANCE,672,78672,VILLENNES-SUR-SEINE,RUE GALLIENI,155725,0,3,RD,164,2,2,0,884,0,1,4893490,199956,,1,7,0,0,1,0
1,5,1,1,6,78,FRANCE,ILE-DE-FRANCE,650,78650,VESINET (LE),BOULEVARD CARNOT,155731,1,3,RD,186,3,2,19,386,0,1,4889800,211430,,1,7,0,0,1,0
1,5,1,2,6,78,FRANCE,ILE-DE-FRANCE,242,78242,FONTENAY-LE-FLEURY,RUE CESAR FRANCK,155743,0,4,VC,0,2,0,0,0,0,1,4881000,205091,,1,7,0,0,1,0
1,5,1,8,6,78,FRANCE,ILE-DE-FRANCE,322,78322,JOUY-EN-JOSAS,RUE CHARLES DE GAULLE,155774,0,3,RD,446,2,2,2,30,0,1,4876980,214874,,1,,0,0,0,1
1,6,3,1,3,78,FRANCE,ILE-DE-FRANCE,311,78311,HOUILLES,RUE HENRI DUNANT ,155799,0,4,VC,0,2,2,0,0,0,0,4893030,220250,,1,7,0,0,1,0
1,5,1,2,2,78,FRANCE,ILE-DE-FRANCE,642,78642,VERNEUIL-SUR-SEINE,RUE DES VIGNES,155807,0,4,VC,0,1,1,0,0,0,1,4897860,197129,,1,7,0,0,1,0
1,5,6,1,3,78,FRANCE,ILE-DE-FRANCE,674,78674,VILLEPREUX,RD 98,155813,0,3,RD,98,2,2,0,930,0,1,4882990,199540,,1,7,0,0,1,0
1,7,1,1,6,78,FRANCE,ILE-DE-FRANCE,586,78586,SARTROUVILLE,AVENUE REPUBLIQUE,155843,0,3,RD,121,2,2,8,600,0,1,4893740,215616,,1,7,0,0,1,0
1,6,3,1,3,78,FRANCE,ILE-DE-FRANCE,440,78440,MUREAUX (LES),RUE HILDEBERT DUVAL,155852,0,4,VC,0,1,0,0,0,0,1,4899280,190869,,1,7,0,0,1,0
1,5,1,1,3,78,FRANCE,ILE-DE-FRANCE,267,78267,GARGENVILLE,RUE PIERRE ANDRE,155867,6,3,RD,130,2,2,21,680,0,1,4898940,180895,,1,7,0,0,1,0
1,5,3,1,7,78,FRANCE,ILE-DE-FRANCE,624,78624,TRIEL-SUR-SEINE,RUE DU GENERAL LECLERC,155884,0,4,VC,0,0,1,0,0,0,1,4898790,200785,,1,,0,0,1,0
1,7,1,1,3,78,FRANCE,ILE-DE-FRANCE,646,78646,VERSAILLES,AVENUE DE PARIS,155885,0,3,RD,0,3,8,,,3,1,,,,1,32,0,0,1,0
1,1,6,1,3,78,FRANCE,ILE-DE-FRANCE,233,78233,FEUCHEROLLES,RD 30,155891,0,3,RD,30,2,0,11,32,0,1,4888410,198261,,1,7,0,0,1,0
1,6,6,1,6,78,FRANCE,ILE-DE-FRANCE,297,78297,GUYANCOURT,BOULEVARD JEAN JAURES,155904,6,3,RD,127,2,0,5,824,0,1,4877540,207334,,1,7,0,0,1,0
1,7,3,1,3,78,FRANCE,ILE-DE-FRANCE,586,78586,SARTROUVILLE,TOBROUK,155906,0,4,VC,0,2,2,0,0,2,5,4893040,216334,,1,7,0,0,1,0
1,5,1,1,2,78,FRANCE,ILE-DE-FRANCE,165,78165,CLAYES-SOUS-BOIS (LES),RUE JACQUES DUCLOS,155915,0,4,VC,0,2,2,0,0,1,1,4882350,197587,,1,7,0,0,1,0
1,7,6,1,3,78,FRANCE,ILE-DE-FRANCE,646,78646,VERSAILLES,RUE VAUBAN,155921,0,4,VC,0,2,2,0,0,0,0,4880250,215295,,1,7,0,0,1,0
1,5,6,1,6,78,FRANCE,ILE-DE-FRANCE,335,78335,LIMAY,PLACE DE LA LIBERATION,155923,5,3,RD,146,3,2,2,805,0,1,4897970,175562,,1,7,0,0,1,0
1,5,1,1,6,78,FRANCE,ILE-DE-FRANCE,123,78123,CARRIERES-SOUS-POISSY,ALLEE  DES TULIPES,155938,6,4,VC,0,0,0,0,0,0,0,4894220,202105,,1,,,,,
1,5,1,1,3,78,FRANCE,ILE-DE-FRANCE,686,78686,VIROFLAY,AVENUE DU GENERAL LECLERC,155946,0,3,RD,10,2,2,1,345,0,4,4879930,215961,,1,7,0,0,1,0
1,6,1,1,3,78,FRANCE,ILE-DE-FRANCE,297,78297,GUYANCOURT,BOULEVARD D'ALEMBERT,155954,0,4,VC,0,1,1,0,0,0,1,4877980,204364,,1,7,0,0,1,0
2,6,1,7,6,78,FRANCE,ILE-DE-FRANCE,423,78423,MONTIGNY-LE-BRETONNEUX,RUE JEAN PIERRE TIMBAUD,155956,0,4,VC,0,0,0,0,0,0,4,4879190,203562,,1,,0,0,1,0
1,1,1,1,7,78,FRANCE,ILE-DE-FRANCE,674,78674,VILLEPREUX,RD 97,155957,0,3,RD,97,2,2,1,0,0,3,4884180,200705,,1,7,0,0,1,0
1,5,1,1,3,78,FRANCE,ILE-DE-FRANCE,688,78688,VOISINS-LE-BRETONNEUX,AVENUE JOSEPH KESSEL,155959,0,4,VC,0,2,2,0,0,0,1,4876530,205937,,1,7,0,0,1,0
1,5,2,1,3,78,FRANCE,ILE-DE-FRANCE,165,78165,CLAYES-SOUS-BOIS (LES),ALLEE DES CHARMES,155966,0,4,VC,0,2,2,0,0,0,1,4881880,198693,,1,7,0,0,1,0
1,6,6,1,3,78,FRANCE,ILE-DE-FRANCE,440,78440,MUREAUX (LES),AVENUE DU MARECHAL FOCH,155969,0,3,RD,14,1,2,3,870,0,1,4898370,189215,,1,7,0,0,1,0
1,6,1,1,2,78,FRANCE,ILE-DE-FRANCE,311,78311,HOUILLES,BOULEVARD EMILE ZOLA,155980,0,3,RD,0,3,1,0,488,0,1,,,,1,32,0,0,0,1
1,6,1,1,6,78,FRANCE,ILE-DE-FRANCE,297,78297,GUYANCOURT,AVENUE DE L'EUROPE,156029,0,4,VC,0,2,2,,,1,5,,,,1,2,0,0,1,0
1,4,1,8,6,78,FRANCE,ILE-DE-FRANCE,168,78168,COIGNIERES,ROUTE NATIONALE 10,156034,5,2,RN,10,3,2,21,182,1,1,,,,1,7,0,0,1,0
1,6,3,1,6,78,FRANCE,ILE-DE-FRANCE,621,78621,TRAPPES,ROUTE DEPARTEMENTALE 912,156041,0,3,RD,0,1,1,1,0,0,1,,,,1,7,0,0,1,0
1,5,6,1,3,78,FRANCE,ILE-DE-FRANCE,165,78165,CLAYES-SOUS-BOIS (LES),RUE MAURICE JOUET,156066,0,4,VC,0,3,0,,,0,1,,,,1,7,0,0,1,0
5,5,3,2,3,78,FRANCE,ILE-DE-FRANCE,674,78674,VILLEPREUX,AVENUE DU GENERAL DE GAULLE,156129,0,3,RD,0,2,2,,,0,1,,,,1,7,0,0,1,0
1,5,3,1,3,78,FRANCE,ILE-DE-FRANCE,674,78674,VILLEPREUX,RUE FRANCINE,156165,0,4,VC,0,2,2,0,0,0,1,4883470,201061,,1,7,0,0,1,0
1,5,1,1,3,78,FRANCE,ILE-DE-FRANCE,686,78686,VIROFLAY,AVENUE DU GENERAL LECLERC,156168,0,3,RD,10,2,2,0,988,0,1,4880380,216738,,1,7,0,0,1,0
1,5,2,1,1,78,FRANCE,ILE-DE-FRANCE,138,78138,CHANTELOUP-LES-VIGNES,RUE DU GENERAL LECLERC,156194,0,3,RD,22,0,2,4,100,0,1,,,,1,7,0,0,1,0
1,6,1,1,1,78,FRANCE,ILE-DE-FRANCE,423,78423,MONTIGNY-LE-BRETONNEUX,AVENUE DES PRES,156235,0,4,VC,0,2,1,0,0,1,4,4878130,203194,,1,20,0,0,1,0
1,6,7,1,3,78,FRANCE,ILE-DE-FRANCE,297,78297,GUYANCOURT,PL DU BEL EBAT,156236,0,4,VC,0,2,1,0,0,0,1,4876980,206996,,1,7,0,0,1,0
5,6,1,1,3,78,FRANCE,ILE-DE-FRANCE,297,78297,GUYANCOURT,BOULEVARD BEETHOVEN,156256,0,4,VC,0,2,2,,,0,1,,,,1,7,0,0,1,0
1,6,3,1,6,78,FRANCE,ILE-DE-FRANCE,311,78311,HOUILLES,BOULEVARD HENRI BARBUSSE,156267,5,3,RD,308,2,2,1,245,0,1,4892680,219234,,1,7,0,0,1,0
1,6,1,1,3,78,FRANCE,ILE-DE-FRANCE,311,78311,HOUILLES,RUE DU TONKIN,156271,0,4,VC,0,1,1,,,0,1,,,,1,7,0,0,1,0
4,5,1,1,2,78,FRANCE,ILE-DE-FRANCE,362,78362,MANTES-LA-VILLE,ROUTE DE SAINT GERMAIN,156293,0,3,RD,113,2,2,50,560,0,1,,,,1,10,0,0,1,0
1,3,3,1,3,78,FRANCE,ILE-DE-FRANCE,609,78609,TESSANCOURT-SUR-AUBETTE,ROUTE DE MEULAN,156310,0,4,VC,0,2,2,0,0,0,1,4901810,191253,,1,7,0,0,1,0
1,5,1,7,1,78,FRANCE,ILE-DE-FRANCE,029,78029,AUBERGENVILLE,RUE DU PLATEAU,156315,0,4,VC,0,1,1,0,0,0,1,4895680,186263,,1,7,0,0,1,0
1,5,3,1,3,78,FRANCE,ILE-DE-FRANCE,401,78401,MEULAN,ALLEE POMPADOUR,156332,,4,VC,,,,,,,,,,,1,7,0,0,1,0
1,5,1,1,6,78,FRANCE,ILE-DE-FRANCE,674,78674,VILLEPREUX,SENT DE L'ORME A LA BLONDE,156364,0,4,VC,0,1,1,,,0,4,,,,1,,0,0,1,0
1,5,1,1,2,78,FRANCE,ILE-DE-FRANCE,624,78624,TRIEL-SUR-SEINE,ROUTE DE MAURECOURT,156398,0,4,VC,0,2,2,,,0,1,,,,1,7,0,0,1,0
5,5,1,1,6,78,FRANCE,ILE-DE-FRANCE,123,78123,CARRIERES-SOUS-POISSY,RD 55,156403,0,3,RD,55,2,2,2,530,1,1,,,,1,7,0,0,1,0
5,5,1,1,3,78,FRANCE,ILE-DE-FRANCE,123,78123,CARRIERES-SOUS-POISSY,RUE CLAUDE MONET,156406,0,4,VC,0,2,2,,,0,1,,,,1,7,0,0,1,0
1,6,1,1,3,78,FRANCE,ILE-DE-FRANCE,498,78498,POISSY,RUE SAINT EXUPERY,156410,0,4,VC,0,0,2,0,0,0,0,4893790,205582,,1,31,0,0,1,0
2,5,1,1,3,78,FRANCE,ILE-DE-FRANCE,642,78642,VERNEUIL-SUR-SEINE,CHEMIN DU ROUILLARD,156412,0,4,VC,0,2,2,0,0,1,1,4899200,196128,,1,7,0,0,1,0
5,5,7,1,6,78,FRANCE,ILE-DE-FRANCE,123,78123,CARRIERES-SOUS-POISSY,ALLEE DES LUPINS,156420,6,4,VC,0,0,0,,,0,0,,,,1,30,0,0,1,0
1,6,3,1,1,78,FRANCE,ILE-DE-FRANCE,517,78517,RAMBOUILLET,RUE FREDERIC CHOPIN,156434,0,4,VC,0,1,1,0,0,0,1,4865000,185051,,1,7,0,0,1,0
1,6,3,1,3,78,FRANCE,ILE-DE-FRANCE,551,78551,SAINT-GERMAIN-EN-LAYE,DU PRESIDENT ROOSEVELT,156448,0,2,RN,10,3,4,24,375,0,1,4872540,189240,,1,7,0,0,1,0
1,5,1,3,3,78,FRANCE,ILE-DE-FRANCE,481,78481,PECQ (LE),AVENUE DE LA PAIX,156452,0,4,VC,0,2,2,,,0,1,,,,1,7,0,0,1,0
1,7,3,7,1,78,FRANCE,ILE-DE-FRANCE,586,78586,SARTROUVILLE,RUE DE SOISSONS,156470,0,4,VC,0,2,2,,,0,1,,,,1,7,0,0,1,0
1,6,3,1,1,78,FRANCE,ILE-DE-FRANCE,621,78621,TRAPPES,AVENUE DU PASTEUR MARTIN LUTHER KING,156486,0,3,RD,23,3,2,10,122,0,1,,,,1,7,0,0,1,0
1,5,3,1,3,78,FRANCE,ILE-DE-FRANCE,686,78686,VIROFLAY,AVENUE DU GENERAL LECLERC,156491,0,3,RD,10,2,4,1,411,0,1,4879890,215890,,1,7,0,0,1,0
1,1,2,1,3,78,FRANCE,ILE-DE-FRANCE,158,78158,CHESNAY (LE),RUE DU MARECHAL DE LATTRE DE TASSIGNY,156515,0,4,VC,0,2,2,0,0,1,1,4881680,213652,,1,7,0,0,1,0
1,5,3,1,3,78,FRANCE,ILE-DE-FRANCE,117,78117,BUC,RUE DES FRERES ROBIN,156521,0,4,VC,0,2,2,0,0,0,1,4877560,212689,,1,7,0,0,1,0
1,7,3,1,3,78,FRANCE,ILE-DE-FRANCE,646,78646,VERSAILLES,RUE MOLIERE,156533,,4,VC,,,,,,,,,,,1,37,0,0,1,0
1,6,2,3,3,78,FRANCE,ILE-DE-FRANCE,146,78146,CHATOU,AVENUE DU MARECHAL FOCH,156540,,3,RD,186,3,4,15,391,,,,,,1,13,0,0,1,0
1,1,1,1,3,78,FRANCE,ILE-DE-FRANCE,646,78646,VERSAILLES,RN 12,156598,0,2,RN,12,3,3,22,800,0,1,4879150,210082,,1,7,0,0,1,0
5,5,6,2,6,79,FRANCE,POITOU-CHARENTES,202,79202,PARTHENAY,VC 0,156717,5,4,VC,0,1,0,0,0,0,1,4665000,-24800,,1,7,0,0,1,0
3,1,1,1,1,79,FRANCE,POITOU-CHARENTES,292,79292,SAINTE-RADEGONDE,RD 759,156752,0,3,RD,759,0,2,19,100,0,1,0,0,,1,7,0,0,0,1
1,5,3,1,3,79,FRANCE,POITOU-CHARENTES,329,79329,THOUARS,RUE JOACHIM DU BELLAY,156762,0,4,VC,0,1,1,,,0,1,,,,1,7,0,0,1,0
1,1,2,1,2,79,FRANCE,POITOU-CHARENTES,191,79191,NIORT,AVENUE NANTES,156777,0,3,RD,0,2,2,9,850,0,1,,,,1,7,0,0,1,0
1,5,1,8,3,79,FRANCE,POITOU-CHARENTES,329,79329,THOUARS,RUE MOZART,156807,0,4,VC,0,2,2,,,0,1,,,,1,7,0,0,1,0
1,5,1,1,3,79,FRANCE,POITOU-CHARENTES,329,79329,THOUARS,RUE JULES GUESDE ,156809,0,4,VC,,2,2,,,0,1,,,,1,7,0,0,1,0
2,1,6,1,7,79,FRANCE,POITOU-CHARENTES,191,79191,NIORT,AVENUE SEVREAU,156826,5,3,RD,9,2,2,3,827,0,1,,,,1,7,0,0,1,0
1,3,1,1,3,79,FRANCE,POITOU-CHARENTES,300,79300,SAINTE-VERGE,AVENUE EMILE ZOLA,156833,0,3,RD,938,2,2,2,290,0,1,,,,1,7,0,0,1,0
1,7,1,1,7,79,FRANCE,POITOU-CHARENTES,191,79191,NIORT,RUE DE FONTENAY,156837,0,4,VC,0,2,2,,,0,1,,,,1,7,0,0,1,0
1,7,9,1,3,79,FRANCE,POITOU-CHARENTES,191,79191,NIORT,PIERRE,156843,0,6,Parking,0,0,0,,,0,0,,,,1,7,0,0,1,0
1,5,3,1,3,79,FRANCE,POITOU-CHARENTES,329,79329,THOUARS,RUE ANDRE ROUSSELOT,156862,0,4,VC,0,2,1,,,0,0,,,,1,7,0,0,1,0
1,4,1,1,7,79,FRANCE,POITOU-CHARENTES,081,79081,CHAURAY,RUE DE LA TREILLE,156866,0,3,RD,182,2,2,0,515,0,1,,,,1,,0,0,1,0
5,7,2,1,3,79,FRANCE,POITOU-CHARENTES,191,79191,NIORT,AVENUE DE LA ROCHELLE,156887,0,3,RD,811,3,4,1,906,1,1,,,,1,7,0,0,1,0
1,7,3,2,3,79,FRANCE,POITOU-CHARENTES,191,79191,NIORT,IMPASSE DES PEUPLIERS,156888,,4,VC,,2,2,,,0,1,,,,1,7,0,0,1,0
5,4,1,1,1,79,FRANCE,POITOU-CHARENTES,081,79081,CHAURAY,RUE DU PUITS DE LA VILLE,156891,0,4,VC,0,2,2,,,0,1,,,,1,7,0,0,1,0
1,5,1,1,6,79,FRANCE,POITOU-CHARENTES,329,79329,THOUARS,RUE PORTE DE PARIS,156896,6,4,VC,0,1,1,,,0,1,,,,1,,0,0,1,0
1,7,1,1,3,79,FRANCE,POITOU-CHARENTES,191,79191,NIORT,AVENUE DE LIMOGES ,156917,0,3,RD,948,2,2,57,77,1,1,,,,1,7,0,0,1,0
1,7,3,1,3,79,FRANCE,POITOU-CHARENTES,191,79191,NIORT,NORMANDIE,156920,0,4,VC,0,2,2,,,0,1,,,,1,7,0,0,1,0
1,5,2,1,3,79,FRANCE,POITOU-CHARENTES,329,79329,THOUARS,RUE BERNARD PALISSY,156929,0,4,VC,0,1,1,,,0,1,,,,1,7,0,0,1,0
1,7,3,1,6,79,FRANCE,POITOU-CHARENTES,191,79191,NIORT,RUE SAINT JEAN,156940,6,4,VC,0,1,1,,,3,1,,,,1,,0,0,0,2
1,5,1,1,2,79,FRANCE,POITOU-CHARENTES,329,79329,THOUARS,RUE ANATOLE FRANCE,156941,0,4,VC,0,2,1,,,0,0,,,,1,7,0,0,1,0
5,7,1,1,7,79,FRANCE,POITOU-CHARENTES,191,79191,NIORT,PLACE DU TEMPLE,156951,0,4,VC,0,1,1,,,0,1,,,,1,,0,0,1,0
5,7,2,8,3,79,FRANCE,POITOU-CHARENTES,191,79191,NIORT,RUE DU MURIER,156953,0,4,VC,0,1,1,,,0,1,,,,1,7,0,0,1,0
1,1,1,1,1,79,FRANCE,POITOU-CHARENTES,326,79326,THENEZAY,RD 137,156961,0,3,RD,137,2,2,12,500,0,1,0,0,,1,7,0,0,1,0
1,7,1,1,2,79,FRANCE,POITOU-CHARENTES,191,79191,NIORT,AVENUE DE PARIS,156972,0,4,VC,0,1,2,,,0,1,,,,1,7,0,0,1,0
1,7,1,8,6,79,FRANCE,POITOU-CHARENTES,191,79191,NIORT,RUE DE LA GARE ,156979,0,4,VC,0,2,2,,,0,1,,,,1,7,0,0,1,0
1,7,1,1,3,79,FRANCE,POITOU-CHARENTES,191,79191,NIORT,AVENUE DE SEVREAU,156983,0,3,RD,9,2,2,3,50,0,1,,,,1,10,0,0,1,0
1,5,6,8,3,79,FRANCE,POITOU-CHARENTES,329,79329,THOUARS,BOULEVARD PORT GENTIL,156994,5,3,RD,938,2,2,91,777,0,1,,,,1,7,0,0,1,0
1,5,3,1,3,79,FRANCE,POITOU-CHARENTES,329,79329,THOUARS,AVENUE EMILE ZOLA,157005,0,4,VC,0,2,2,,,0,1,,,,1,7,0,0,1,0
5,8,1,1,3,80,FRANCE,PICARDIE,021,80021,AMIENS,CHAUSSEE JULES FERRY,157025,0,4,VC,0,2,3,,,0,1,,,,1,7,0,0,1,0
2,8,1,1,3,80,FRANCE,PICARDIE,021,80021,AMIENS,AVENUE FOY,157054,0,4,VC,0,2,2,,,0,1,,,,1,7,0,0,1,0
1,8,1,1,6,80,FRANCE,PICARDIE,021,80021,AMIENS,RUE DE BEAUVAIS,157096,0,4,VC,0,2,2,,,0,1,,,,1,,0,0,0,1
1,3,1,1,3,80,FRANCE,PICARDIE,256,80256,DREUIL-LES-AMIENS,RUE JEAN JAURES,157121,0,4,VC,0,2,2,,,0,1,,,,1,7,0,0,1,0
1,8,1,1,7,80,FRANCE,PICARDIE,021,80021,AMIENS,RUE DE ROUEN,157123,0,2,RN,0,2,2,40,240,0,1,,,,1,38,0,0,1,0
1,8,2,2,6,80,FRANCE,PICARDIE,021,80021,AMIENS,PORT D'AMONT,157133,0,4,VC,0,2,4,,,0,1,,,,1,,0,0,0,1
1,4,1,1,3,80,FRANCE,PICARDIE,680,80680,ROSIERES-EN-SANTERRE,Hors_reseau 0,157138,0,5,Hors_reseau,0,4,0,0,0,0,1,0,0,,1,2,0,0,1,0
1,8,9,1,6,80,FRANCE,PICARDIE,021,80021,AMIENS,ETANG SAINT PIERRE,157148,0,9,Autre,0,0,1,,,0,0,,,,1,,0,0,0,1
1,8,1,1,2,80,FRANCE,PICARDIE,021,80021,AMIENS,AVENUE DU QUATORZE JUILLET 1789,157162,0,2,RN,0,2,5,20,50,0,1,,,,1,7,0,0,1,0
5,4,1,1,6,80,FRANCE,PICARDIE,725,80725,SALOUEL,RUE PASTEUR,157163,0,4,VC,0,2,2,,,0,1,,,,1,,,,,
1,8,1,1,2,80,FRANCE,PICARDIE,021,80021,AMIENS,AVENUE FOY,157177,0,4,VC,0,2,2,,,0,1,,,,1,7,0,0,1,0
1,1,1,1,2,80,FRANCE,PICARDIE,021,80021,AMIENS,RUE FRANKLIN ROOSEVELT,157188,0,3,RD,0,3,5,2,10,0,1,,,,1,13,0,0,1,0
1,8,1,1,3,80,FRANCE,PICARDIE,021,80021,AMIENS,BOULEVARD DE BAPAUME,157189,0,4,VC,0,2,4,,,0,1,,,,1,7,0,0,1,0
1,8,3,1,3,80,FRANCE,PICARDIE,021,80021,AMIENS,RUE DE LA ROSELIERE,157191,0,4,VC,0,2,2,,,0,1,,,,1,37,0,0,1,0
1,8,1,1,6,80,FRANCE,PICARDIE,021,80021,AMIENS,BOULEVARD BEAUVILLE CENTRE,157206,0,4,VC,0,2,4,,,0,1,,,,1,,0,0,1,0
1,8,2,2,3,80,FRANCE,PICARDIE,021,80021,AMIENS,ESPLANADE EDOUARD BRANLY,157207,0,4,VC,0,2,5,,,0,1,,,,1,10,0,0,1,0
1,8,1,3,1,80,FRANCE,PICARDIE,021,80021,AMIENS,RUE DE CAGNY,157215,0,4,VC,0,2,2,,,0,1,,,,1,7,0,0,1,0
1,8,1,1,3,80,FRANCE,PICARDIE,021,80021,AMIENS,RUE DE QUEBEC,157219,0,4,VC,0,2,2,,,2,1,,,,1,7,0,0,1,0
1,3,3,1,3,80,FRANCE,PICARDIE,635,80635,PONT-REMY,RD 112,157220,0,3,RD,112,2,0,21,0,0,1,0,0,,1,30,0,0,1,0
1,8,2,1,3,80,FRANCE,PICARDIE,021,80021,AMIENS,RUE DES FRANCS MURIERS,157232,0,4,VC,0,2,7,,,0,1,,,,1,7,0,0,1,0
1,3,1,1,3,80,FRANCE,PICARDIE,261,80261,DURY,ROUTE D'AMIENS,157237,0,2,RN,0,2,4,1,660,1,5,,,,1,7,0,0,1,0
1,8,1,1,6,80,FRANCE,PICARDIE,021,80021,AMIENS,RUE JULES BARNI,157238,0,4,VC,0,2,2,,,0,1,,,,1,,,,,
2,8,2,1,3,80,FRANCE,PICARDIE,021,80021,AMIENS,PLACE VOGEL,157240,0,4,VC,0,2,7,,,0,1,,,,1,7,0,0,1,0
1,8,1,1,2,80,FRANCE,PICARDIE,021,80021,AMIENS,BOULEVARD SAINT QUENTIN,157241,0,4,VC,0,2,2,,,0,1,,,,1,7,0,0,1,0
1,8,1,1,3,80,FRANCE,PICARDIE,021,80021,AMIENS,RUE DU BATONNIER MAHIU,157245,0,4,VC,0,2,2,,,0,1,,,,1,7,0,0,1,0
1,1,1,1,1,80,FRANCE,PICARDIE,107,80107,BLANGY-TRONVILLE,VC 0,157255,2,4,VC,0,2,0,0,0,0,1,0,0,,1,2,0,0,1,0
1,8,1,2,3,80,FRANCE,PICARDIE,021,80021,AMIENS,RUE DE CAGNY,157266,0,4,VC,0,2,2,,,0,1,,,,1,10,0,0,1,0
1,8,2,8,3,80,FRANCE,PICARDIE,021,80021,AMIENS,BOULEVARD DU JARDIN DES PLANTES,157277,0,4,VC,0,2,2,,,0,1,,,,1,7,0,0,1,0
5,8,2,2,3,80,FRANCE,PICARDIE,021,80021,AMIENS,RUE EMILE ZOLA,157278,0,4,VC,0,1,1,,,0,1,,,,1,7,0,0,1,0
1,8,2,1,3,80,FRANCE,PICARDIE,021,80021,AMIENS,AVENUE DU GENERAL FOY,157279,0,4,VC,0,2,2,,,2,1,,,,1,7,0,0,1,0