lum,agg,int,atm,col,dep_bis,pays,region,com_bis,com_codeINSEE,communes,N_voie,numac,infra,catr,type_route,voie,circ,nbv,pr,pr1,vosp,situ,lat,long,adr,accident_velo,vehicule_imp,cycl_mort,cycl_bgv,cycl_blg,cycl_indm
1,8,1,1,1,80,FRANCE,PICARDIE,021,80021,AMIENS,RUE DES OTAGES,157283,0,4,VC,0,1,2,,,0,1,,,,1,7,0,0,1,0
2,8,1,1,3,80,FRANCE,PICARDIE,021,80021,AMIENS,RUE DE DOULLENS,157287,0,4,VC,0,2,2,,,2,1,,,,1,7,0,0,1,0
1,8,1,1,2,80,FRANCE,PICARDIE,021,80021,AMIENS,RUE DE ROUEN,157289,0,4,VC,0,2,2,,,0,1,,,,1,7,0,0,1,0
5,8,1,1,3,80,FRANCE,PICARDIE,021,80021,AMIENS,RUE DE LA RESISTANCE,157294,0,4,VC,0,2,5,,,0,1,,,,1,7,0,0,1,0
1,8,1,1,3,80,FRANCE,PICARDIE,021,80021,AMIENS,BOULEVARD SAINT QUENTIN,157299,0,4,VC,0,1,1,,,0,1,,,,1,7,0,0,1,0
1,4,1,2,3,80,FRANCE,PICARDIE,131,80131,BOVES,RUE DES DEPORTES RESISTANTS,157303,0,4,VC,935,2,2,39,0,0,1,,,,1,7,0,0,1,0
1,8,1,1,3,80,FRANCE,PICARDIE,021,80021,AMIENS,BOULEVARD DE CHATEAUDUN,157379,0,4,VC,0,1,1,,,0,1,,,,1,7,0,0,1,0
2,8,1,1,7,80,FRANCE,PICARDIE,021,80021,AMIENS,BOULEVARD DE BEAUVILLE NORD,157380,0,4,VC,0,1,1,,,3,3,,,,1,,0,0,1,0
1,1,1,3,2,80,FRANCE,PICARDIE,131,80131,BOVES,CD 4935,157381,0,3,RD,0,2,2,1,749,0,1,,,,1,7,0,0,1,0
2,8,1,1,6,80,FRANCE,PICARDIE,021,80021,AMIENS,BOULEVARD BEAUVILLE CENTRE,157383,0,4,VC,0,1,1,,,3,3,,,,1,,0,0,1,0
1,6,6,1,3,80,FRANCE,PICARDIE,001,80001,ABBEVILLE,d'AMIENS,157389,5,2,RN,0,0,1,,,1,1,,,,1,7,0,0,1,0
1,8,1,1,3,80,FRANCE,PICARDIE,021,80021,AMIENS,RUE FRANKLIN ROOSEVELT,157395,0,4,VC,0,2,4,,,0,1,,,,1,7,0,0,1,0
1,4,3,1,3,80,FRANCE,PICARDIE,674,80674,RIVERY,RUE THUILLIER DELAMBRE,157428,0,3,RD,0,2,2,2,505,0,1,,,,1,7,0,0,1,0
1,8,2,1,3,80,FRANCE,PICARDIE,021,80021,AMIENS,MAIL ALBERT 1ER,157458,0,4,VC,0,3,4,,,0,1,,,,1,7,0,0,1,0
1,8,2,1,3,80,FRANCE,PICARDIE,021,80021,AMIENS,RUE DU GENERAL LECLERC,157470,0,4,VC,0,2,2,,,0,1,,,,1,7,0,0,1,0
1,3,1,1,3,80,FRANCE,PICARDIE,261,80261,DURY,ROUTE NATIONALE,157471,0,2,RN,0,2,3,16,925,0,1,,,,1,7,0,0,1,0
1,8,1,1,7,80,FRANCE,PICARDIE,021,80021,AMIENS,RUE DES ARCHERS,157475,0,4,VC,0,1,1,,,0,1,,,,1,7,0,0,1,0
1,8,1,1,2,80,FRANCE,PICARDIE,021,80021,AMIENS,RUE EDMOND ROSTAND,157476,0,4,VC,0,2,2,,,0,1,,,,1,7,0,0,1,0
1,8,1,1,2,80,FRANCE,PICARDIE,021,80021,AMIENS,RUE POINTIN,157482,0,4,VC,0,2,2,,,0,1,,,,1,7,0,0,1,0
1,8,2,1,3,80,FRANCE,PICARDIE,021,80021,AMIENS,RUE DE POULAINVILLE,157500,0,3,RD,0,2,2,3,423,0,1,,,,1,7,0,0,1,0
1,4,1,1,3,80,FRANCE,PICARDIE,674,80674,RIVERY,AVENUE DE LA DEFENSE PASSIVE,157501,0,4,VC,929,2,2,,,0,1,,,,1,10,0,0,1,0
1,8,3,1,3,80,FRANCE,PICARDIE,021,80021,AMIENS,BOULEVARD D'ALSACE LORRAINE,157514,0,4,VC,0,1,1,,,0,1,,,,1,7,0,0,1,0
1,8,3,1,3,80,FRANCE,PICARDIE,021,80021,AMIENS,AVENUE DU QUATORZE JUILLET 1789,157518,0,4,VC,0,2,4,,,1,1,,,,1,7,0,0,1,0
1,1,1,1,2,80,FRANCE,PICARDIE,149,80149,BUIGNY-SAINT-MACLOU,RD 1001,157530,0,3,RD,1001,2,0,0,0,0,1,0,0,,1,10,0,0,1,0
1,8,1,1,2,80,FRANCE,PICARDIE,021,80021,AMIENS,RUE SAINT FUSCIEN,157535,0,4,VC,8,2,2,,,0,1,,,,1,7,0,0,1,0
1,8,1,1,6,80,FRANCE,PICARDIE,021,80021,AMIENS,RUE DU MARCHE AUX CHEVAUX,157541,0,4,VC,0,1,1,,,0,1,,,,1,,0,0,0,1
1,1,1,1,6,80,FRANCE,PICARDIE,761,80761,TILLOY-LES-CONTY,RD 8,157554,0,3,RD,8,2,2,0,0,0,1,4976300,217200,,1,,0,0,1,0
1,8,1,2,2,80,FRANCE,PICARDIE,021,80021,AMIENS,RUE DU CLOITRE DE LA BARGE,157562,0,4,VC,0,1,2,,,0,1,,,,1,7,0,0,1,1
2,5,1,1,6,80,FRANCE,PICARDIE,489,80489,LONGUEAU,RUE HENRI BARBUSSE,157566,0,4,VC,0,3,2,,,0,5,,,,1,7,0,0,1,0
1,8,2,1,3,80,FRANCE,PICARDIE,021,80021,AMIENS,BOULEVARD DE DURY,157573,0,4,VC,0,1,1,,,0,1,,,,1,7,0,0,1,0
1,8,1,1,3,80,FRANCE,PICARDIE,021,80021,AMIENS,RUE MARC SANGNIER ,157578,0,4,VC,0,2,2,,,0,1,,,,1,7,0,0,1,0
5,8,1,1,6,80,FRANCE,PICARDIE,021,80021,AMIENS,RUE DE PARIS,157590,0,4,VC,0,2,2,,,0,1,,,,1,7,0,0,1,0
1,5,2,1,3,80,FRANCE,PICARDIE,489,80489,LONGUEAU,RUE DES FONTAINES BLEUES,157593,0,4,VC,0,2,2,,,0,1,,,,1,7,0,0,1,0
5,8,1,3,3,80,FRANCE,PICARDIE,021,80021,AMIENS,ALLEE GERMAINE DULAC,157616,0,4,VC,0,2,2,,,0,1,,,,1,7,0,0,1,0
1,8,6,2,3,80,FRANCE,PICARDIE,021,80021,AMIENS,AVENUE LOUIS BLANC,157620,0,4,VC,0,2,2,,,0,1,,,,1,13,0,0,1,0
1,8,1,2,3,80,FRANCE,PICARDIE,021,80021,AMIENS,RUE EMILE FRANCFORT,157625,0,4,VC,0,2,2,,,0,1,,,,1,7,0,0,1,0
1,8,6,1,3,80,FRANCE,PICARDIE,021,80021,AMIENS,AVENUE DU LANGUEDOC,157635,0,4,VC,0,2,2,,,0,1,,,,1,7,0,0,1,0
1,8,1,2,2,80,FRANCE,PICARDIE,021,80021,AMIENS,AVENUE DU QUATORZE JUILLET 1789,157655,0,4,VC,0,2,5,,,0,1,,,,1,7,0,0,1,0
1,8,1,1,3,80,FRANCE,PICARDIE,021,80021,AMIENS,RUE GRESSET,157660,0,4,VC,0,2,2,,,0,1,,,,1,7,0,0,1,0
5,8,1,2,3,80,FRANCE,PICARDIE,021,80021,AMIENS,AVENUE DU GENERAL FOY,157665,0,4,VC,0,2,2,,,2,1,,,,1,7,0,0,1,0
1,8,1,1,2,80,FRANCE,PICARDIE,021,80021,AMIENS,RUE CHARLES DE FOUCAULD,157667,0,4,VC,0,2,2,,,0,1,,,,1,7,0,0,1,0
1,4,1,2,2,80,FRANCE,PICARDIE,131,80131,BOVES,RUE DES DEPORTES RESISTANTS,157668,0,4,VC,935,2,2,,,0,1,,,,1,7,0,0,1,0
1,8,1,1,2,80,FRANCE,PICARDIE,021,80021,AMIENS,BOULEVARD DE BELFORT,157698,0,4,VC,0,2,2,,,0,1,,,,1,7,0,0,1,0
1,8,6,1,7,80,FRANCE,PICARDIE,021,80021,AMIENS,PORT D'AVAL,157703,0,4,VC,0,2,6,,,0,1,,,,1,7,0,0,1,0
1,8,6,1,3,80,FRANCE,PICARDIE,021,80021,AMIENS,RUE LESCOUVE,157705,0,4,VC,0,2,2,,,0,1,,,,1,7,0,0,1,0
1,8,1,2,2,80,FRANCE,PICARDIE,021,80021,AMIENS,RUE DE CAGNY,157707,0,4,VC,0,2,2,,,0,1,,,,1,7,0,0,1,0
1,8,1,1,3,80,FRANCE,PICARDIE,021,80021,AMIENS,RUE JEAN MOULIN,157708,0,4,VC,0,2,2,,,0,1,,,,1,7,0,0,1,0
1,8,1,1,3,80,FRANCE,PICARDIE,021,80021,AMIENS,BOULEVARD CARNOT,157718,0,4,VC,0,1,1,,,2,1,,,,1,7,0,0,1,0
1,8,3,1,3,80,FRANCE,PICARDIE,021,80021,AMIENS,IMPASSE ANDRE LURCAT,157719,0,4,VC,0,1,1,,,0,1,,,,1,7,0,0,1,0
1,8,1,1,6,80,FRANCE,PICARDIE,021,80021,AMIENS,RUE DU GENERAL LECLERC,157730,0,4,VC,0,2,4,,,0,1,,,,1,,0,0,1,0
1,8,1,1,7,80,FRANCE,PICARDIE,021,80021,AMIENS,RUE SAINT FUSCIEN,157768,0,4,VC,8,2,2,,,0,1,,,,1,7,0,0,1,0
1,8,1,2,3,80,FRANCE,PICARDIE,021,80021,AMIENS,RUE DU MARECHAL DE LATTRE DE TASSIGNY,157786,0,4,VC,0,2,4,,,0,0,,,,1,7,0,0,1,0
1,8,1,1,3,80,FRANCE,PICARDIE,021,80021,AMIENS,PLACE LONGUEVILLE,157793,0,4,VC,0,2,2,,,0,1,,,,1,7,0,0,1,0
1,8,1,1,2,80,FRANCE,PICARDIE,021,80021,AMIENS,RUE JULES BARNI,157799,0,4,VC,0,2,2,,,3,1,,,,1,7,0,0,1,0
1,8,1,1,2,80,FRANCE,PICARDIE,021,80021,AMIENS,RUE D'ELBEUF,157801,0,4,VC,0,2,2,,,0,1,,,,1,7,0,0,1,0
1,4,1,1,2,80,FRANCE,PICARDIE,721,80721,SAINT-VALERY-SUR-SOMME,Autre 0,157804,0,9,Autre,0,1,1,0,0,0,1,5019000,163600,,1,7,0,0,1,0
1,8,1,1,3,80,FRANCE,PICARDIE,021,80021,AMIENS,BOULEVARD DE BEAUVILLE NORD,157808,0,3,RD,0,3,4,1,415,0,4,,,,1,7,0,0,1,0
1,8,3,1,3,80,FRANCE,PICARDIE,021,80021,AMIENS,RUE DE POULAINVILLE,157825,0,4,VC,0,0,2,,,0,1,,,,1,7,0,0,1,0
1,8,1,1,3,80,FRANCE,PICARDIE,021,80021,AMIENS,AVENUE LOUIS BLANC,157835,0,4,VC,0,2,2,,,0,1,,,,1,7,0,0,1,0
1,8,2,1,6,80,FRANCE,PICARDIE,021,80021,AMIENS,RUE DE LA FOSSE AU LAIT,157852,0,4,VC,0,2,2,,,0,4,,,,1,,0,0,0,1
1,8,1,1,6,80,FRANCE,PICARDIE,021,80021,AMIENS,RUE DE NOYON,157864,6,4,VC,0,0,0,,,3,1,,,,1,,0,0,0,2
1,2,1,1,1,80,FRANCE,PICARDIE,651,80651,QUESNE (LE),RD 211,157885,0,3,RD,211,2,2,0,0,0,4,0,0,,1,7,0,0,1,0
1,8,3,1,3,80,FRANCE,PICARDIE,021,80021,AMIENS,ALLEE  DES TISSERANTS,157897,0,4,VC,0,2,2,,,0,1,,,,1,7,0,0,1,0
5,8,1,1,3,80,FRANCE,PICARDIE,021,80021,AMIENS,PLACE ALPHONSE FIQUET,157909,0,4,VC,0,2,2,,,0,1,,,,1,7,0,0,1,0
1,8,2,1,3,80,FRANCE,PICARDIE,021,80021,AMIENS,AVENUE PAUL CLAUDEL,157915,0,4,VC,0,2,2,,,0,1,,,,1,7,0,0,1,0
1,8,1,1,7,80,FRANCE,PICARDIE,021,80021,AMIENS,RUE DE COTTENCHY,157920,0,4,VC,0,2,2,,,0,1,,,,1,,0,0,1,0
1,8,2,1,3,80,FRANCE,PICARDIE,021,80021,AMIENS,RUE LUCIEN FOURNIER,157950,0,4,VC,0,2,2,,,0,1,,,,1,7,0,0,1,0
5,8,1,1,3,80,FRANCE,PICARDIE,021,80021,AMIENS,AVENUE DU GENERAL DE GAULLE,157967,0,4,VC,0,2,2,,,0,1,,,,1,7,0,0,1,0
2,1,1,1,7,80,FRANCE,PICARDIE,261,80261,DURY,RD 1001,157977,0,3,RD,0,2,2,,,0,1,,,,1,7,0,0,1,0
1,8,2,1,3,80,FRANCE,PICARDIE,021,80021,AMIENS,CHAUSSEE SAINT PIERRE,158022,0,4,VC,0,2,2,,,0,1,,,,1,7,0,0,1,1
1,8,1,2,6,80,FRANCE,PICARDIE,021,80021,AMIENS,RUE LAMARTINE,158046,0,4,VC,0,1,1,,,0,1,,,,1,,0,0,0,1
1,8,1,1,3,80,FRANCE,PICARDIE,021,80021,AMIENS,CHAUSSEE JULES FERRY,158060,0,4,VC,0,2,3,,,0,1,,,,1,7,0,0,1,0
1,8,1,1,7,80,FRANCE,PICARDIE,021,80021,AMIENS,ESPLANADE DE LA HOTOIE,158076,0,4,VC,0,1,0,,,0,1,,,,1,,0,0,0,1
1,8,3,1,3,80,FRANCE,PICARDIE,021,80021,AMIENS,RUE BLAISE PASCAL ,158078,0,4,VC,0,2,2,,,0,1,,,,1,7,0,0,1,0
1,8,2,1,3,80,FRANCE,PICARDIE,021,80021,AMIENS,RESIDENCE ALEXANDRE DUMAS,158100,0,4,VC,0,1,0,,,0,1,,,,1,7,0,0,1,0
1,8,6,1,3,80,FRANCE,PICARDIE,021,80021,AMIENS,BOULEVARD DE ROUBAIX,158126,0,4,VC,0,2,2,,,0,1,,,,1,7,0,0,1,0
1,8,1,1,3,80,FRANCE,PICARDIE,021,80021,AMIENS,RUE DE PARIS,158147,0,4,VC,0,2,2,,,0,1,,,,1,7,0,0,1,0
1,8,1,1,6,80,FRANCE,PICARDIE,021,80021,AMIENS,RUE DE ROUEN,158165,0,4,VC,0,2,2,,,0,1,,,,1,7,0,0,1,0
1,8,1,1,6,80,FRANCE,PICARDIE,021,80021,AMIENS,RUE COLBERT,158168,0,4,VC,0,2,2,,,0,1,,,,1,7,0,0,1,0
1,8,3,1,3,80,FRANCE,PICARDIE,021,80021,AMIENS,RUE SAINT MAURICE,158178,0,4,VC,0,2,2,,,0,1,,,,1,7,0,0,1,0
1,8,1,1,6,80,FRANCE,PICARDIE,021,80021,AMIENS,AVENUE DE LA PAIX,158181,0,4,VC,0,2,2,,,0,1,,,,1,,,,,
1,8,2,1,3,80,FRANCE,PICARDIE,021,80021,AMIENS,RUE FLORIMONT LEROUX,158196,0,4,VC,0,2,2,,,0,1,,,,1,10,0,0,1,0
5,8,1,1,6,80,FRANCE,PICARDIE,021,80021,AMIENS,RUE EMILE LESOT,158201,0,4,VC,0,2,2,,,0,1,,,,1,7,0,0,1,0
5,8,1,1,6,80,FRANCE,PICARDIE,021,80021,AMIENS,CHAUSSEE JULES FERRY,158202,0,4,VC,0,2,2,,,0,1,,,,1,,0,0,0,1
5,8,2,1,6,80,FRANCE,PICARDIE,021,80021,AMIENS,PLACE DES ANCIENS COMBATTANTS,158209,0,4,VC,0,2,2,,,0,1,,,,1,7,0,0,1,0
1,8,1,1,3,80,FRANCE,PICARDIE,021,80021,AMIENS,RUE ALEXANDRE DUMAS,158215,0,4,VC,0,2,2,,,0,1,,,,1,7,0,0,1,0
1,8,1,1,3,80,FRANCE,PICARDIE,021,80021,AMIENS,RUE DU GENERAL LECLERC,158219,0,4,VC,0,2,5,,,0,1,,,,1,7,0,0,1,0
1,3,1,1,3,80,FRANCE,PICARDIE,632,80632,PONT-DE-METZ,RD 408,158246,0,4,VC,0,1,1,,,0,1,,,,1,7,0,0,1,0
1,8,1,3,7,80,FRANCE,PICARDIE,021,80021,AMIENS,AVENUE DU GENERAL DE GAULLE,158247,0,4,VC,0,1,2,,,0,1,,,,1,7,0,0,1,0
1,8,3,1,3,80,FRANCE,PICARDIE,021,80021,AMIENS,RUE LAMARTINE,158248,0,4,VC,0,1,1,,,0,1,,,,1,7,0,0,1,0
1,8,2,1,3,80,FRANCE,PICARDIE,021,80021,AMIENS,RUE DUFOUR,158249,0,4,VC,0,1,1,,,0,1,,,,1,7,0,0,1,0
1,8,1,1,3,80,FRANCE,PICARDIE,021,80021,AMIENS,AVENUE DE LA PAIX,158265,0,4,VC,0,2,2,,,0,1,,,,1,7,0,0,1,0
5,8,2,2,3,80,FRANCE,PICARDIE,021,80021,AMIENS,RUE VANMARCKE,158295,0,4,VC,0,2,2,,,0,1,,,,1,7,0,0,1,0
5,8,3,1,6,80,FRANCE,PICARDIE,021,80021,AMIENS,RUE DES CHAUDRONNIERS,158302,0,4,VC,0,2,2,,,0,1,,,,1,,0,0,1,0
5,8,3,1,3,80,FRANCE,PICARDIE,021,80021,AMIENS,RUE DE CAGNY,158306,0,4,VC,0,2,2,,,0,1,,,,1,7,0,0,1,0
2,8,3,1,3,80,FRANCE,PICARDIE,021,80021,AMIENS,RUE DU MOULIN ,158308,0,4,VC,0,1,1,,,0,1,,,,1,7,0,0,1,0
1,8,2,1,3,80,FRANCE,PICARDIE,021,80021,AMIENS,RUE MILLEVOYE,158396,0,4,VC,0,1,1,,,0,1,,,,1,7,0,0,1,0
1,8,3,1,3,80,FRANCE,PICARDIE,021,80021,AMIENS,RUE LOUIS RUFFEL,158397,0,4,VC,,2,1,,,0,1,,,,1,7,0,0,1,0
1,8,1,1,3,80,FRANCE,PICARDIE,021,80021,AMIENS,RUE D'ABBEVILLE,158399,0,4,VC,0,2,2,,,0,1,,,,1,7,0,0,1,0
1,8,1,1,3,80,FRANCE,PICARDIE,021,80021,AMIENS,PLACE ALPHONSE FIQUET,158409,0,4,VC,,2,4,,,0,1,,,,1,7,0,0,1,0
1,8,1,1,3,80,FRANCE,PICARDIE,021,80021,AMIENS,PLACE PARMENTIER,158419,0,4,VC,0,2,3,,,0,1,,,,1,7,0,0,1,1
1,8,1,1,3,80,FRANCE,PICARDIE,021,80021,AMIENS,RUE DE VAUX,158428,0,4,VC,0,2,2,,,0,1,,,,1,17,0,0,1,0
1,8,1,1,3,80,FRANCE,PICARDIE,021,80021,AMIENS,CHAUSSEE JULES FERRY,158437,0,4,VC,0,2,4,,,0,1,,,,1,7,0,0,1,0
1,8,1,1,3,80,FRANCE,PICARDIE,021,80021,AMIENS,AVENUE ROGER DUMOULIN,158439,0,4,VC,0,2,2,,,1,5,,,,1,7,0,0,1,0
1,8,1,1,1,80,FRANCE,PICARDIE,021,80021,AMIENS,RUE DU MOULIN ,158465,0,4,VC,0,2,2,,,0,1,,,,1,7,0,0,1,0
1,8,6,1,3,80,FRANCE,PICARDIE,021,80021,AMIENS,CARREFOUR GEORGES CLEMENCEAU,158466,0,4,VC,0,2,2,,,0,1,,,,1,7,0,0,1,0
1,8,6,1,3,80,FRANCE,PICARDIE,021,80021,AMIENS,RUE ALEXANDRE DUMAS,158472,0,4,VC,0,2,2,,,0,1,,,,1,7,0,0,1,0
1,1,6,1,3,80,FRANCE,PICARDIE,489,80489,LONGUEAU,RUE PIERRE SEMART,158493,0,4,VC,0,2,2,,,0,1,,,,1,,0,0,1,0
1,8,1,1,1,80,FRANCE,PICARDIE,021,80021,AMIENS,SQUARE EMILE THUILLIEZ,158497,0,4,VC,0,2,2,,,0,1,,,,1,2,0,0,1,0
1,8,1,1,6,80,FRANCE,PICARDIE,021,80021,AMIENS,RUE DES TROIS CAILLOUX,158503,6,9,Autre,0,0,1,,,3,1,,,,1,,0,0,0,1
1,8,3,1,3,80,FRANCE,PICARDIE,021,80021,AMIENS,RUE JEAN JAURES,158505,0,4,VC,0,2,2,,,0,1,,,,1,7,0,0,1,0
1,8,6,2,3,80,FRANCE,PICARDIE,021,80021,AMIENS,RUE FRANKLIN ROOSEVELT,158508,5,4,VC,0,2,4,,,0,1,,,,1,7,0,0,1,0
1,8,2,1,3,80,FRANCE,PICARDIE,021,80021,AMIENS,RUE SAINT MAURICE,158517,0,4,VC,0,2,2,,,0,1,,,,1,7,0,0,1,0
1,4,1,1,3,80,FRANCE,PICARDIE,724,80724,SALEUX,ROUTE DE CONTY,158526,0,4,VC,0,2,2,,,0,1,,,,1,7,0,0,1,0
2,8,6,3,3,80,FRANCE,PICARDIE,021,80021,AMIENS,AVENUE DE L'EUROPE,158527,0,4,VC,0,2,2,,,0,1,,,,1,7,0,0,1,0
1,8,1,1,6,80,FRANCE,PICARDIE,021,80021,AMIENS,RUE GEORGES GUYNEMER,158540,0,4,VC,0,1,1,,,0,1,,,,1,7,0,0,1,0
1,4,1,1,6,80,FRANCE,PICARDIE,318,80318,FLIXECOURT,RD 112,158541,0,3,RD,112,2,2,7,150,0,4,0,0,,1,,0,0,1,0
1,1,1,1,3,80,FRANCE,PICARDIE,021,80021,AMIENS,RUE DE ROUEN,158554,0,4,VC,0,2,2,,,0,1,,,,1,7,0,0,1,0
5,8,1,2,2,80,FRANCE,PICARDIE,021,80021,AMIENS,ALLEE DU BICETRE,158562,0,4,VC,0,2,2,,,0,1,,,,1,7,0,0,1,0
5,8,2,1,3,80,FRANCE,PICARDIE,021,80021,AMIENS,MAIL ALBERT 1ER,158588,0,4,VC,0,2,4,,,0,1,,,,1,7,0,0,1,0
1,8,2,1,6,80,FRANCE,PICARDIE,021,80021,AMIENS,RUE ANDRE CHENIER,158596,0,4,VC,0,2,2,,,0,1,,,,1,7,0,0,1,0
1,1,1,1,3,80,FRANCE,PICARDIE,530,80530,MERICOURT-L'ABBE,RD 120,158613,5,3,RD,120,2,1,10,100,0,1,0,0,,1,7,0,0,1,0
1,5,6,7,3,80,FRANCE,PICARDIE,212,80212,CORBIE,RD 1,158615,5,3,RD,1,1,1,16,370,0,1,0,0,,1,7,0,0,1,0
1,5,1,1,3,80,FRANCE,PICARDIE,685,80685,ROYE,VC 0,158625,0,4,VC,0,1,0,0,0,0,1,0,0,,1,33,0,0,1,0
1,8,2,1,3,80,FRANCE,PICARDIE,021,80021,AMIENS,RUE LEON BLUM,158673,0,4,VC,0,1,1,,,0,1,,,,1,7,0,0,1,0
1,8,1,1,3,80,FRANCE,PICARDIE,021,80021,AMIENS,BOULEVARD DE BELFORT,158685,0,4,VC,0,2,5,,,2,1,,,,1,7,0,0,1,0
1,8,1,1,6,80,FRANCE,PICARDIE,021,80021,AMIENS,RUE SAINT MAURICE,158696,0,4,VC,0,2,2,,,0,1,,,,1,7,0,0,1,0
1,8,2,1,3,80,FRANCE,PICARDIE,021,80021,AMIENS,ESPLANADE EDOUARD BRANLY,158712,0,4,VC,0,2,2,,,0,1,,,,1,7,0,0,1,0
1,1,1,1,3,80,FRANCE,PICARDIE,131,80131,BOVES,CD 4935,158716,0,3,RD,935,2,2,39,910,0,1,,,,1,7,0,0,1,0
5,8,1,1,3,80,FRANCE,PICARDIE,021,80021,AMIENS,PLACE VOGEL,158718,0,4,VC,0,2,4,,,0,1,,,,1,7,0,0,1,0
5,8,1,1,3,80,FRANCE,PICARDIE,021,80021,AMIENS,RUE ALEXANDRE DUMAS,158720,0,4,VC,0,2,2,,,0,1,,,,1,7,0,0,1,0
1,8,1,1,3,80,FRANCE,PICARDIE,021,80021,AMIENS,RUE DE CAGNY,158724,0,4,VC,0,2,2,,,0,1,,,,1,7,0,0,1,0
1,8,1,1,3,80,FRANCE,PICARDIE,021,80021,AMIENS,RUE DES LOUVELS,158725,0,4,VC,0,1,1,,,0,1,,,,1,7,0,0,1,0
1,8,2,1,3,80,FRANCE,PICARDIE,021,80021,AMIENS,RUE VAUBAN,158728,0,4,VC,0,2,2,,,0,1,,,,1,7,0,0,1,0
1,8,1,1,3,80,FRANCE,PICARDIE,021,80021,AMIENS,ROUTE D'ALLONVILLE,158739,0,4,VC,0,2,2,,,3,1,,,,1,7,0,0,1,0
1,8,1,1,2,80,FRANCE,PICARDIE,021,80021,AMIENS,BOULEVARD BARABAN,158776,0,4,VC,0,2,2,,,0,1,,,,1,7,0,0,1,0
3,8,1,1,6,80,FRANCE,PICARDIE,021,80021,AMIENS,BOULEVARD DU CANGE,158781,0,4,VC,0,1,1,,,0,1,,,,1,7,0,0,1,0
1,8,2,1,3,80,FRANCE,PICARDIE,021,80021,AMIENS,RUE GAUTHIER DE RUMILLY,158792,0,4,VC,0,2,2,,,0,1,,,,1,7,0,0,1,0
1,8,1,1,2,80,FRANCE,PICARDIE,021,80021,AMIENS,PLACE AUGUSTIN DUJARDIN,158797,0,4,VC,0,2,2,,,0,1,,,,1,7,0,0,1,0
2,8,1,1,6,80,FRANCE,PICARDIE,021,80021,AMIENS,CHAUSSEE SAINT PIERRE,158801,0,4,VC,0,2,3,,,1,5,,,,1,7,0,0,1,0
1,8,1,1,6,80,FRANCE,PICARDIE,021,80021,AMIENS,CHAUSSEE JULES FERRY,158804,0,4,VC,0,2,2,,,0,4,,,,1,,0,0,0,1
1,8,1,1,3,80,FRANCE,PICARDIE,021,80021,AMIENS,RUE VELASQUEZ,158808,0,4,VC,0,2,2,,,0,1,,,,1,7,0,0,1,0
1,8,1,1,1,80,FRANCE,PICARDIE,021,80021,AMIENS,AVENUE DE LA DEFENSE PASSIVE,158818,0,3,RD,929,2,5,1,0,1,1,,,,1,7,0,0,1,0
1,8,1,1,3,80,FRANCE,PICARDIE,021,80021,AMIENS,RUE JULES BARNI,158827,0,4,VC,0,2,2,,,0,1,,,,1,7,0,0,1,0
1,8,2,1,3,80,FRANCE,PICARDIE,021,80021,AMIENS,RUE DE CAGNY,158828,0,4,VC,0,2,2,,,0,1,,,,1,7,0,0,1,0
1,8,3,1,3,80,FRANCE,PICARDIE,021,80021,AMIENS,RUE BAUDELOCQUE,158835,0,4,VC,0,2,2,,,0,1,,,,1,7,0,0,1,0
1,8,1,7,3,80,FRANCE,PICARDIE,021,80021,AMIENS,RUE DEJEAN,158837,0,4,VC,0,2,2,,,0,1,,,,1,7,0,0,1,0
1,8,1,1,3,80,FRANCE,PICARDIE,021,80021,AMIENS,PLACE DU MARECHAL JOFFRE,158845,0,4,VC,0,2,3,,,0,1,,,,1,7,0,0,1,0
1,8,1,1,3,80,FRANCE,PICARDIE,021,80021,AMIENS,RUE DE DOULLENS,158853,0,4,VC,0,2,2,,,0,4,,,,1,7,0,0,1,0
5,8,1,1,3,80,FRANCE,PICARDIE,021,80021,AMIENS,RUE LEON DUPONTREUE,158859,0,4,VC,0,2,2,,,0,4,,,,1,7,0,0,1,0
5,8,1,1,1,80,FRANCE,PICARDIE,021,80021,AMIENS,RUE SAINT ACHEUL,158868,0,4,VC,0,2,2,,,0,1,,,,1,7,0,0,1,0
1,8,1,1,1,80,FRANCE,PICARDIE,021,80021,AMIENS,BOULEVARD SAINT QUENTIN,158869,0,4,VC,0,2,2,,,0,1,,,,1,10,0,0,1,0
4,8,1,2,6,80,FRANCE,PICARDIE,021,80021,AMIENS,CHEMIN DE HALAGE,158873,0,4,VC,0,0,2,,,0,0,,,,1,,0,0,1,0
1,6,2,1,3,81,FRANCE,MIDI-PYRENEES,065,81065,CASTRES,RD 0,158896,0,3,RD,0,1,2,0,772,0,1,,,,1,7,0,0,1,0
1,6,1,1,6,81,FRANCE,MIDI-PYRENEES,065,81065,CASTRES,RUE DU REY,158935,0,4,VC,0,2,2,,,0,1,,,,1,,0,0,1,0
1,6,1,1,2,81,FRANCE,MIDI-PYRENEES,065,81065,CASTRES,ROUTE DE TOULOUSE RN 126,158960,0,2,RN,0,2,3,,,0,1,,,,1,7,0,0,1,0
5,6,6,1,2,81,FRANCE,MIDI-PYRENEES,065,81065,CASTRES,PLACE DE L'ABATTOIR,158961,0,4,VC,0,1,1,1,0,0,1,,,,1,7,0,0,1,0
1,6,1,1,3,81,FRANCE,MIDI-PYRENEES,065,81065,CASTRES,BOULEVARD MARECHAL FOCH,158969,0,2,RN,0,1,3,,,0,1,,,,1,7,0,0,1,0