lum,agg,int,atm,col,dep_bis,pays,region,com_bis,com_codeINSEE,communes,N_voie,numac,infra,catr,type_route,voie,circ,nbv,pr,pr1,vosp,situ,lat,long,adr,accident_velo,vehicule_imp,cycl_mort,cycl_bgv,cycl_blg,cycl_indm
1,6,2,1,3,81,FRANCE,MIDI-PYRENEES,065,81065,CASTRES,AVENUE DU SIDOBRE RD 622,158978,0,3,RD,0,1,2,11,436,0,1,,,,1,7,0,0,1,0
1,6,3,1,3,81,FRANCE,MIDI-PYRENEES,065,81065,CASTRES,RUE BAPTISTE MARCET,158997,0,4,VC,0,2,2,,,0,1,,,,1,7,0,0,1,0
1,6,3,1,3,81,FRANCE,MIDI-PYRENEES,065,81065,CASTRES,RUE ROUCAYROL,159001,0,4,VC,0,2,0,,,0,1,,,,1,7,0,0,1,0
1,6,1,1,3,81,FRANCE,MIDI-PYRENEES,065,81065,CASTRES,AVENUE RENE CASSIN,159024,0,4,VC,0,3,4,,,0,1,,,,1,7,0,0,1,0
1,6,6,1,3,81,FRANCE,MIDI-PYRENEES,065,81065,CASTRES,PLACE DE L'ABATTOIR,159050,5,4,VC,0,1,1,,,0,1,,,,1,7,0,0,1,0
1,6,1,1,3,81,FRANCE,MIDI-PYRENEES,065,81065,CASTRES,BOULEVARD RAYMOND VITTOZ,159062,0,3,RD,0,1,4,,,0,1,,,,1,15,0,0,1,1
1,6,1,5,2,81,FRANCE,MIDI-PYRENEES,065,81065,CASTRES,AVENUE DE ROQUECOURBE,159066,0,3,RD,0,2,2,,,0,1,,,,1,7,0,0,1,0
2,6,2,1,3,81,FRANCE,MIDI-PYRENEES,065,81065,CASTRES,RUE GOYA,159068,5,4,VC,0,2,2,1,0,0,1,,,,1,7,0,0,1,0
1,1,1,1,7,81,FRANCE,MIDI-PYRENEES,016,81016,ARFONS,VC 0,159088,0,4,VC,0,2,2,0,0,0,1,0,0,,1,,0,0,1,0
5,5,2,1,6,81,FRANCE,MIDI-PYRENEES,105,81105,GRAULHET,RUE PASTEUR,159091,0,9,Autre,0,2,0,,,0,1,,,,1,,0,0,1,0
1,1,1,1,6,81,FRANCE,MIDI-PYRENEES,155,81155,MARSAL,RD 999,159131,0,3,RD,999,2,2,28,500,0,3,4391660,227950,,1,,0,0,1,0
1,1,1,1,2,82,FRANCE,MIDI-PYRENEES,075,82075,GRISOLLES,VC 20,159172,0,4,VC,20,2,1,0,0,0,3,0,0,,1,7,0,0,1,0
1,7,1,1,6,82,FRANCE,MIDI-PYRENEES,121,82121,MONTAUBAN,AVENUE JEAN MOULIN N 20,159177,0,2,RN,0,2,2,,,2,1,,,,1,,0,0,0,1
1,5,1,1,6,82,FRANCE,MIDI-PYRENEES,033,82033,CASTELSARRASIN,du MaREchal JUIN,159190,0,4,VC,0,2,2,,,0,1,,,,1,7,0,0,1,0
3,1,1,3,3,82,FRANCE,MIDI-PYRENEES,121,82121,MONTAUBAN,ROUTE DE LA VITARELLE,159201,0,4,VC,0,2,2,,,0,1,,,,1,7,0,0,1,0
1,7,7,1,3,82,FRANCE,MIDI-PYRENEES,121,82121,MONTAUBAN,PLACE MARCEL LENOIR,159209,0,4,VC,0,2,2,,,0,1,,,,1,7,0,0,1,0
5,7,2,1,3,82,FRANCE,MIDI-PYRENEES,121,82121,MONTAUBAN,AVENUE DU 10EME DRAGONS,159223,0,3,RD,0,2,2,,,0,1,,,,1,7,0,0,1,0
1,7,1,1,6,82,FRANCE,MIDI-PYRENEES,121,82121,MONTAUBAN,AVENUE JEAN JAURES,159226,0,4,VC,0,2,2,,,0,1,,,,1,7,0,0,1,0
1,7,1,1,3,82,FRANCE,MIDI-PYRENEES,121,82121,MONTAUBAN,RUE EDOUARD FORESTIE,159254,0,4,VC,0,2,2,,,0,1,,,,1,7,0,0,1,0
1,7,1,1,6,82,FRANCE,MIDI-PYRENEES,121,82121,MONTAUBAN,rue ARLETTY,159262,0,4,VC,0,2,2,,,0,1,,,,1,7,0,0,1,0
1,7,1,1,3,82,FRANCE,MIDI-PYRENEES,121,82121,MONTAUBAN,RUE VOLTAIRE,159265,0,4,VC,0,2,2,,,0,1,,,,1,2,0,0,1,0
1,5,6,8,3,82,FRANCE,MIDI-PYRENEES,033,82033,CASTELSARRASIN,du XIXEme SIECLE,159268,5,4,VC,0,2,2,,,0,1,,,,1,7,0,0,1,0
1,1,2,1,3,82,FRANCE,MIDI-PYRENEES,121,82121,MONTAUBAN,CHEMIN DE SAINT PIERRE,159271,0,4,VC,0,2,2,,,0,1,,,,1,7,0,0,1,0
1,7,6,1,6,82,FRANCE,MIDI-PYRENEES,121,82121,MONTAUBAN,AVENUE GAMBETTA,159284,0,4,VC,0,0,1,,,0,1,,,,1,7,0,0,1,0
1,7,1,1,6,82,FRANCE,MIDI-PYRENEES,121,82121,MONTAUBAN,CHEMIN DU CAMP D'AVIATION,159305,0,4,VC,0,2,2,,,0,1,,,,1,7,0,0,1,0
1,7,1,1,2,82,FRANCE,MIDI-PYRENEES,121,82121,MONTAUBAN,RUE DU PASTEUR LOUIS LAFON,159317,0,4,VC,0,2,2,,,0,1,,,,1,7,0,0,1,0
1,7,3,1,3,82,FRANCE,MIDI-PYRENEES,121,82121,MONTAUBAN,AVENUE 19 AOUT 1944,159368,0,3,RD,0,2,0,,,2,1,,,,1,7,0,0,1,0
3,7,1,1,6,82,FRANCE,MIDI-PYRENEES,121,82121,MONTAUBAN,AVENUE DE BEAUSOLEIL,159371,0,4,VC,0,2,2,,,0,1,,,,1,,0,0,1,0
1,1,3,1,3,82,FRANCE,MIDI-PYRENEES,121,82121,MONTAUBAN,route du NORD,159404,0,3,RD,820,2,2,,,0,1,,,,1,7,0,0,1,0
1,7,6,1,6,82,FRANCE,MIDI-PYRENEES,121,82121,MONTAUBAN,ROND-POINT DE LA MANDOUNE,159405,0,4,VC,0,1,1,,,0,1,,,,1,7,0,0,1,0
1,7,6,1,6,82,FRANCE,MIDI-PYRENEES,121,82121,MONTAUBAN,AVENUE 19 AOUT 1944,159411,0,3,RD,820,2,2,,,0,1,,,,1,10,0,0,1,0
1,7,5,1,3,82,FRANCE,MIDI-PYRENEES,121,82121,MONTAUBAN,RUE D'AURIOL,159414,5,4,VC,0,2,1,,,0,1,,,,1,10,0,0,1,0
1,7,1,1,5,82,FRANCE,MIDI-PYRENEES,121,82121,MONTAUBAN,RUE DU DOCTEUR LABAT,159419,0,4,VC,0,2,2,,,0,1,,,,1,7,0,0,1,0
3,7,3,1,3,82,FRANCE,MIDI-PYRENEES,121,82121,MONTAUBAN,PLACE ALFRED MARTY,159433,0,4,VC,0,2,1,,,0,0,,,,1,7,0,0,1,0
1,7,1,1,3,82,FRANCE,MIDI-PYRENEES,121,82121,MONTAUBAN,AVENUE MARCEAU HAMECHER,159437,0,4,VC,0,1,2,,,2,5,,,,1,7,0,0,1,0
1,7,6,1,6,82,FRANCE,MIDI-PYRENEES,121,82121,MONTAUBAN,AVENUE GAMBETTA,159471,0,4,VC,0,2,2,,,0,1,,,,1,7,0,0,1,0
1,7,2,1,6,82,FRANCE,MIDI-PYRENEES,121,82121,MONTAUBAN,AVENUE DE COS,159474,0,4,VC,0,2,2,,,0,1,,,,1,10,0,0,1,0
1,7,3,1,2,82,FRANCE,MIDI-PYRENEES,121,82121,MONTAUBAN,RUE DE L'HOTEL DE VILLE,159480,0,4,VC,0,2,2,,,0,1,,,,1,2,0,0,1,0
1,1,2,1,3,82,FRANCE,MIDI-PYRENEES,121,82121,MONTAUBAN,ROUTE DE SAINT-ANTONIN,159484,0,3,RD,115,2,2,,,0,1,,,,1,7,0,0,1,0
1,7,3,1,3,82,FRANCE,MIDI-PYRENEES,121,82121,MONTAUBAN,BOULEVARD EDOUARD HERRIOT,159488,5,4,VC,0,2,2,,,0,1,,,,1,7,0,0,1,0
1,7,1,1,3,83,FRANCE,PROVENCE-ALPES-COTE-D'AZUR,126,83126,SEYNE-SUR-MER (LA),RD 0,159497,0,3,RD,0,3,4,23,450,1,1,,,,1,7,0,0,1,0
1,1,1,1,5,83,FRANCE,PROVENCE-ALPES-COTE-D'AZUR,068,83068,GRIMAUD,RN 98,159509,0,2,RN,98,3,2,0,0,0,1,0,0,,1,7,0,0,1,0
1,8,1,1,2,83,FRANCE,PROVENCE-ALPES-COTE-D'AZUR,137,83137,TOULON,AVENUE ARISTIDE BRIAND,159518,0,4,VC,0,3,2,,,0,1,,,,1,16,0,0,1,0
1,6,6,1,2,83,FRANCE,PROVENCE-ALPES-COTE-D'AZUR,129,83129,SIX-FOURS-LES-PLAGES,AVENUE DU MARECHAL JUIN,159534,5,3,RD,0,0,0,21,612,0,1,,,,1,7,0,0,1,0
1,8,2,1,3,83,FRANCE,PROVENCE-ALPES-COTE-D'AZUR,137,83137,TOULON,CHEMIN DE LA BARRE,159567,0,4,VC,0,2,2,,,0,1,,,,1,10,0,0,1,0
1,5,1,1,3,83,FRANCE,PROVENCE-ALPES-COTE-D'AZUR,090,83090,OLLIOULES,AVENUE JEAN MONNET,159575,0,4,VC,0,2,2,,,0,1,,,,1,7,0,0,1,0
1,5,1,1,2,83,FRANCE,PROVENCE-ALPES-COTE-D'AZUR,130,83130,SOLLIES-PONT,VC 0,159582,0,4,VC,0,2,0,0,0,0,1,0,0,,1,7,0,0,1,0
1,7,2,1,3,83,FRANCE,PROVENCE-ALPES-COTE-D'AZUR,126,83126,SEYNE-SUR-MER (LA),AVENUE GAMBETTA,159591,5,4,VC,0,1,2,,,0,1,,,,1,7,0,0,1,0
1,6,1,1,6,83,FRANCE,PROVENCE-ALPES-COTE-D'AZUR,062,83062,GARDE (LA),AVENUE JULES FERRY,159593,0,4,VC,0,2,2,,,0,1,,,,1,7,0,0,1,0
1,6,3,1,3,83,FRANCE,PROVENCE-ALPES-COTE-D'AZUR,144,83144,VALETTE-DU-VAR (LA),IMPASSE GUIOL,159596,0,9,Autre,0,1,1,,,0,4,,,,1,7,0,0,1,0
1,7,1,1,3,83,FRANCE,PROVENCE-ALPES-COTE-D'AZUR,126,83126,SEYNE-SUR-MER (LA),ROND-POINT MAR VIVO,159623,0,3,RD,0,2,2,5,0,0,1,,,,1,7,0,0,1,0
1,8,1,1,1,83,FRANCE,PROVENCE-ALPES-COTE-D'AZUR,137,83137,TOULON,AVENUE JOSEPH GASQUET,159639,0,4,VC,0,2,1,,,0,1,,,,1,7,,,,
1,7,3,1,6,83,FRANCE,PROVENCE-ALPES-COTE-D'AZUR,126,83126,SEYNE-SUR-MER (LA),RUE JULES FERRY,159694,0,4,VC,0,2,1,,,0,1,,,,1,,0,0,1,0
1,7,1,1,1,83,FRANCE,PROVENCE-ALPES-COTE-D'AZUR,126,83126,SEYNE-SUR-MER (LA),RUE PIERRE LOTI,159695,0,4,VC,0,1,1,,,0,1,,,,1,32,0,0,0,1
1,5,1,1,6,83,FRANCE,PROVENCE-ALPES-COTE-D'AZUR,098,83098,PRADET (LE),AVENUE ALAIN LE LEAP,159699,0,9,Autre,0,2,2,,,1,5,,,,1,,0,0,0,1
1,5,1,1,2,83,FRANCE,PROVENCE-ALPES-COTE-D'AZUR,123,83123,SANARY-SUR-MER,ANCIEN CHEMIN DE TOULON,159722,0,4,VC,0,2,2,,,0,1,,,,1,7,0,0,1,0
5,8,2,1,3,83,FRANCE,PROVENCE-ALPES-COTE-D'AZUR,137,83137,TOULON,RUE AUGUSTIN DAUMAS,159729,6,4,VC,0,1,1,,,0,1,,,,1,7,0,0,1,0
1,8,6,1,6,83,FRANCE,PROVENCE-ALPES-COTE-D'AZUR,137,83137,TOULON,ROND-POINT DU 9EME DIC,159733,0,4,VC,0,1,2,,,0,1,,,,1,7,0,0,1,0
1,8,1,1,6,83,FRANCE,PROVENCE-ALPES-COTE-D'AZUR,137,83137,TOULON,BOULEVARD DE STRASBOURG,159735,0,4,VC,0,3,6,,,3,1,,,,1,,0,0,0,1
1,1,1,1,2,83,FRANCE,PROVENCE-ALPES-COTE-D'AZUR,090,83090,OLLIOULES,ROUTE DE LA SEYNE,159811,0,3,RD,0,3,3,,,0,1,,,,1,7,0,0,1,0
3,1,1,1,6,83,FRANCE,PROVENCE-ALPES-COTE-D'AZUR,042,83042,COGOLIN,RD 558,159898,0,3,RD,558,2,2,56,500,0,1,0,0,,1,,0,0,1,0
1,1,1,1,3,83,FRANCE,PROVENCE-ALPES-COTE-D'AZUR,090,83090,OLLIOULES,CHEMIN DE PIEDARDANT,159911,0,4,VC,0,2,1,,,0,1,,,,1,10,0,0,1,0
2,7,2,1,3,83,FRANCE,PROVENCE-ALPES-COTE-D'AZUR,126,83126,SEYNE-SUR-MER (LA),AVENUE AUGUSTE RENOIR,159931,0,3,RD,0,2,2,1,400,0,0,,,,1,7,0,0,1,0
3,7,1,1,1,83,FRANCE,PROVENCE-ALPES-COTE-D'AZUR,126,83126,SEYNE-SUR-MER (LA),VIEUX CHEMIN DES SABLETTES,159932,0,4,VC,0,2,1,,,0,1,,,,1,3,0,0,1,0
1,5,6,1,3,83,FRANCE,PROVENCE-ALPES-COTE-D'AZUR,090,83090,OLLIOULES,CHEMIN DE LAGOUBRAN,159938,0,4,VC,0,2,2,,,0,1,,,,1,7,0,0,1,0
1,8,1,1,3,83,FRANCE,PROVENCE-ALPES-COTE-D'AZUR,137,83137,TOULON,AVENUE AUGUSTIN THIERRY,159941,5,4,VC,0,1,1,,,1,1,,,,1,7,0,0,1,0
1,8,1,1,3,83,FRANCE,PROVENCE-ALPES-COTE-D'AZUR,137,83137,TOULON,AVENUE DU COLONEL PICOT,159949,0,4,VC,0,2,2,,,0,1,,,,1,7,0,0,1,0
1,8,1,1,2,83,FRANCE,PROVENCE-ALPES-COTE-D'AZUR,137,83137,TOULON,RUE JP RAMEAU,160020,0,4,VC,0,2,2,,,0,1,,,,1,7,0,0,1,0
1,8,1,1,7,83,FRANCE,PROVENCE-ALPES-COTE-D'AZUR,137,83137,TOULON,CORNICHE DU ESCARTEFIGUE,160024,0,4,VC,0,2,2,,,0,3,,,,1,,0,0,1,0
1,5,2,1,3,83,FRANCE,PROVENCE-ALPES-COTE-D'AZUR,098,83098,PRADET (LE),D.F.L PREMIERE,160042,0,4,VC,0,2,2,,,0,4,,,,1,7,0,0,1,0
1,1,1,1,1,83,FRANCE,PROVENCE-ALPES-COTE-D'AZUR,090,83090,OLLIOULES,RUE AMADEUS MOZART,160097,0,5,Hors_reseau,0,0,1,,,0,0,,,,1,7,0,0,1,0
1,6,3,1,6,83,FRANCE,PROVENCE-ALPES-COTE-D'AZUR,129,83129,SIX-FOURS-LES-PLAGES,AVENUE DE LA MER,160134,0,3,RD,0,2,2,,,1,5,,,,1,7,0,0,1,0
2,7,1,1,6,83,FRANCE,PROVENCE-ALPES-COTE-D'AZUR,126,83126,SEYNE-SUR-MER (LA),PABLO NERUDA,160136,0,3,RD,0,2,2,4,800,0,1,,,,1,10,0,0,1,0
1,7,5,1,3,83,FRANCE,PROVENCE-ALPES-COTE-D'AZUR,126,83126,SEYNE-SUR-MER (LA),CARREFOUR DU) HUIT MAI 1945,160162,5,3,RD,0,4,5,25,400,0,1,,,,1,7,0,0,1,0
1,6,1,1,1,83,FRANCE,PROVENCE-ALPES-COTE-D'AZUR,061,83061,FREJUS,AVENUE VICTOR HUGO,160206,0,4,VC,0,3,1,,,0,1,,,,1,7,0,0,1,0
1,8,3,1,3,83,FRANCE,PROVENCE-ALPES-COTE-D'AZUR,137,83137,TOULON,AVENUE DU PORT DE PLAISANCE,160214,0,4,VC,0,1,1,,,0,4,,,,1,33,0,0,1,0
1,6,6,1,1,83,FRANCE,PROVENCE-ALPES-COTE-D'AZUR,061,83061,FREJUS,RD 8,160272,5,3,RD,8,2,0,0,0,0,1,0,0,,1,7,0,0,1,0
1,6,9,1,3,83,FRANCE,PROVENCE-ALPES-COTE-D'AZUR,129,83129,SIX-FOURS-LES-PLAGES,AVENUE DE LA MER,160367,5,3,RD,0,2,2,,,0,1,,,,1,7,0,0,1,0
2,7,1,1,3,83,FRANCE,PROVENCE-ALPES-COTE-D'AZUR,126,83126,SEYNE-SUR-MER (LA),AVENUE ESTIENNE D'ORVES,160374,0,4,VC,0,3,2,,,0,1,,,,1,32,0,0,0,1
5,8,2,1,3,83,FRANCE,PROVENCE-ALPES-COTE-D'AZUR,137,83137,TOULON,RUE MADEMOISELLE STRASSEL,160392,0,4,VC,0,2,2,,,0,1,,,,1,7,0,0,1,0
1,6,1,8,3,83,FRANCE,PROVENCE-ALPES-COTE-D'AZUR,050,83050,DRAGUIGNAN,BOULEVARD LEON BLUM,160410,0,4,VC,0,2,0,,,0,1,,,,1,7,0,0,1,0
1,8,6,1,6,83,FRANCE,PROVENCE-ALPES-COTE-D'AZUR,137,83137,TOULON,ROND-POINT MIRASOULEOU,160427,5,4,VC,0,1,2,,,0,1,,,,1,7,0,0,1,0
1,8,1,1,2,83,FRANCE,PROVENCE-ALPES-COTE-D'AZUR,137,83137,TOULON,BOULEVARD GEORGES CLEMENCEAU,160447,0,2,RN,0,1,3,,,1,1,,,,1,7,0,0,1,0
1,8,1,2,3,83,FRANCE,PROVENCE-ALPES-COTE-D'AZUR,137,83137,TOULON,AVENUE PIERRE LOTI,160460,0,4,VC,0,2,2,,,0,1,,,,1,7,0,0,1,0
1,5,6,1,1,83,FRANCE,PROVENCE-ALPES-COTE-D'AZUR,042,83042,COGOLIN,RD 98,160464,0,3,RD,98,1,0,53,50,0,1,0,0,,1,10,0,0,1,0
1,4,1,1,3,83,FRANCE,PROVENCE-ALPES-COTE-D'AZUR,091,83091,PIERREFEU-DU-VAR,RD 14,160471,5,3,RD,14,2,2,4,200,0,1,0,0,,1,7,0,0,1,0
1,7,1,1,2,83,FRANCE,PROVENCE-ALPES-COTE-D'AZUR,126,83126,SEYNE-SUR-MER (LA),ROND-POINT DE LA PYROTECHNIE,160477,5,3,RD,0,1,2,,,0,1,,,,1,7,0,0,1,0
1,8,1,1,2,83,FRANCE,PROVENCE-ALPES-COTE-D'AZUR,137,83137,TOULON,CORNICHE GENERAL DE GAULLE,160491,0,4,VC,0,2,0,,,0,1,,,,1,7,0,0,1,0
1,1,1,1,1,83,FRANCE,PROVENCE-ALPES-COTE-D'AZUR,071,83071,LONDE-LES-MAURES (LA),VC 0,160504,0,4,VC,0,2,2,0,0,0,1,4313600,621900,,1,3,0,0,1,0
1,8,1,1,1,83,FRANCE,PROVENCE-ALPES-COTE-D'AZUR,137,83137,TOULON,AVENUE LAURENT MATTIO,160533,0,4,VC,0,2,0,,,0,1,,,,1,7,0,0,1,0
1,8,1,1,3,83,FRANCE,PROVENCE-ALPES-COTE-D'AZUR,137,83137,TOULON,CORNICHE ESCARTEFIGUE,160542,0,4,VC,0,2,1,,,0,1,,,,1,7,0,0,1,0
1,6,1,1,3,83,FRANCE,PROVENCE-ALPES-COTE-D'AZUR,050,83050,DRAGUIGNAN,AVENUE LAZARE CARNOT,160552,0,4,VC,0,2,3,,,0,1,,,,1,7,0,0,1,0
1,5,1,1,6,83,FRANCE,PROVENCE-ALPES-COTE-D'AZUR,123,83123,SANARY-SUR-MER,AVENUE RESISTANCE,160570,0,3,RD,0,2,2,,,0,1,,,,1,,0,0,0,1
1,8,1,1,1,83,FRANCE,PROVENCE-ALPES-COTE-D'AZUR,137,83137,TOULON,RUE GUYNEMER,160595,0,4,VC,0,2,2,,,0,1,,,,1,7,0,0,1,0
2,1,1,1,1,83,FRANCE,PROVENCE-ALPES-COTE-D'AZUR,042,83042,COGOLIN,VC 0,160622,0,4,VC,0,1,2,32,0,0,1,0,0,,1,7,0,0,1,0
1,1,3,1,3,83,FRANCE,PROVENCE-ALPES-COTE-D'AZUR,129,83129,SIX-FOURS-LES-PLAGES,RUE D'AUGIAS,160630,0,4,VC,0,2,2,,,0,1,,,,1,7,0,0,1,0
5,8,1,1,2,83,FRANCE,PROVENCE-ALPES-COTE-D'AZUR,137,83137,TOULON,AVENUE DU MARECHAL FOCH,160646,0,4,VC,0,2,4,,,0,1,,,,1,7,0,0,1,0
1,8,1,1,5,83,FRANCE,PROVENCE-ALPES-COTE-D'AZUR,137,83137,TOULON,AVENUE VAUBAN,160696,0,4,VC,0,2,3,,,0,1,,,,1,7,0,0,1,0
1,8,1,1,6,83,FRANCE,PROVENCE-ALPES-COTE-D'AZUR,137,83137,TOULON,AVENUE DU 15EME CORPS,160698,0,4,VC,0,0,2,,,0,1,,,,1,,0,0,0,1
1,7,3,1,3,83,FRANCE,PROVENCE-ALPES-COTE-D'AZUR,069,83069,HYERES,CHEMIN DE LA FONT DES HORTS,160720,0,4,VC,0,2,2,,,0,1,,,,1,7,0,0,1,0
1,7,1,1,6,83,FRANCE,PROVENCE-ALPES-COTE-D'AZUR,126,83126,SEYNE-SUR-MER (LA),CHEMIN DES OLIVIERS,160723,0,4,VC,0,1,1,,,0,0,,,,1,7,0,0,1,0
5,6,3,1,3,83,FRANCE,PROVENCE-ALPES-COTE-D'AZUR,062,83062,GARDE (LA),RUE JEAN AICARD ,160729,0,4,VC,0,2,2,,,0,1,,,,1,7,0,0,1,0
2,6,6,1,3,83,FRANCE,PROVENCE-ALPES-COTE-D'AZUR,062,83062,GARDE (LA),AVENUE CHARLES MARIE BRUN,160800,0,4,VC,0,2,2,,,0,1,,,,1,3,0,0,1,0
1,1,6,1,2,83,FRANCE,PROVENCE-ALPES-COTE-D'AZUR,107,83107,ROQUEBRUNE-SUR-ARGENS,RD 7,160846,5,3,RD,7,2,2,86,300,0,1,0,0,,1,7,0,0,1,0
1,8,1,1,1,83,FRANCE,PROVENCE-ALPES-COTE-D'AZUR,137,83137,TOULON,BOULEVARD DR FRANCOIS FENELON,160851,0,4,VC,0,2,2,,,0,1,,,,1,7,0,0,1,0
1,8,1,1,3,83,FRANCE,PROVENCE-ALPES-COTE-D'AZUR,137,83137,TOULON,ROUTE DU FARON,160863,0,4,VC,0,2,2,,,0,1,,,,1,7,0,0,1,0
1,8,1,1,3,83,FRANCE,PROVENCE-ALPES-COTE-D'AZUR,137,83137,TOULON,RUE PAUL JOLLY,160864,0,4,VC,0,1,1,,,0,1,,,,1,99,0,0,1,0
1,8,1,1,3,83,FRANCE,PROVENCE-ALPES-COTE-D'AZUR,137,83137,TOULON,AVENUE DE LA RESISTANCE,160866,0,3,RD,42,2,2,,,0,1,,,,1,7,0,0,1,0
1,1,6,1,1,83,FRANCE,PROVENCE-ALPES-COTE-D'AZUR,101,83101,RAMATUELLE,RD 93,160887,0,3,RD,93,2,0,8,600,0,1,440800,696800,,1,7,0,0,1,0
1,1,1,1,2,83,FRANCE,PROVENCE-ALPES-COTE-D'AZUR,098,83098,PRADET (LE),RD 559,160960,0,3,RD,559,2,2,,,1,1,,,,1,7,0,0,1,0
1,8,1,1,3,83,FRANCE,PROVENCE-ALPES-COTE-D'AZUR,137,83137,TOULON,RUE PRESIDENT ROBERT SCHUMAN,160986,0,4,VC,0,2,2,,,0,1,,,,1,7,0,0,1,0
1,5,1,1,3,83,FRANCE,PROVENCE-ALPES-COTE-D'AZUR,098,83098,PRADET (LE),AVENUE ALAIN LE LEAP,161012,0,4,VC,0,2,2,,,1,1,,,,1,7,0,0,1,0
1,1,1,1,6,83,FRANCE,PROVENCE-ALPES-COTE-D'AZUR,137,83137,TOULON,PARKING MOURILLON,161013,0,6,Parking,0,2,2,,,0,1,,,,1,,0,0,1,0
2,5,2,1,3,83,FRANCE,PROVENCE-ALPES-COTE-D'AZUR,153,83153,SAINT-MANDRIER-SUR-MER,AVENUE CHARLES DE GAULLE,161035,0,3,RD,18,2,2,9,700,0,1,,,,1,7,0,0,1,0
1,1,1,1,7,83,FRANCE,PROVENCE-ALPES-COTE-D'AZUR,126,83126,SEYNE-SUR-MER (LA),AVENUE DE LA 1ER ARMEE FRANCAISE,161054,0,3,RD,559,1,2,25,500,0,1,,,,1,,0,0,1,0
1,8,2,1,3,83,FRANCE,PROVENCE-ALPES-COTE-D'AZUR,137,83137,TOULON,AVENUE AMIRAL COLLET,161063,0,4,VC,0,1,3,,,1,1,,,,1,99,0,0,1,0
1,8,3,1,3,83,FRANCE,PROVENCE-ALPES-COTE-D'AZUR,137,83137,TOULON,RUE DU COMMANDANT INFERNET,161076,0,4,VC,0,2,2,,,0,1,,,,1,7,0,0,1,0
1,6,3,1,6,83,FRANCE,PROVENCE-ALPES-COTE-D'AZUR,129,83129,SIX-FOURS-LES-PLAGES,RUE DES CAMPANULES,161077,0,4,VC,0,2,1,,,0,1,,,,1,7,0,0,1,0
1,8,1,1,3,83,FRANCE,PROVENCE-ALPES-COTE-D'AZUR,137,83137,TOULON,AVENUE GENERAL GOURAUD,161101,0,4,VC,0,2,2,,,0,1,,,,1,7,0,0,1,0
1,6,3,1,3,83,FRANCE,PROVENCE-ALPES-COTE-D'AZUR,062,83062,GARDE (LA),CHEMIN DU POUVEREL,161156,5,3,RD,0,2,0,,,0,1,,,,1,7,0,0,1,0
1,8,1,1,2,83,FRANCE,PROVENCE-ALPES-COTE-D'AZUR,137,83137,TOULON,AVENUE DU GENERAL LECLERC,161183,0,4,VC,0,3,1,,,3,1,,,,1,7,0,0,1,0
1,8,1,1,6,83,FRANCE,PROVENCE-ALPES-COTE-D'AZUR,137,83137,TOULON,AVENUE DU COLONEL PICOT,161186,0,4,VC,0,2,2,,,0,1,,,,1,,0,0,1,0
1,6,3,8,3,83,FRANCE,PROVENCE-ALPES-COTE-D'AZUR,062,83062,GARDE (LA),RUE EOLE,161188,0,4,VC,0,2,2,,,0,1,,,,1,7,0,0,1,0
1,8,1,1,3,83,FRANCE,PROVENCE-ALPES-COTE-D'AZUR,137,83137,TOULON,AVENUE DE LA RESISTANCE,161231,0,4,VC,0,2,2,,,1,4,,,,1,7,0,0,1,0
1,5,1,1,3,83,FRANCE,PROVENCE-ALPES-COTE-D'AZUR,019,83019,BORMES-LES-MIMOSAS,VC 0,161252,0,4,VC,0,2,0,0,0,0,0,0,0,,1,7,0,0,1,0
1,8,1,1,1,83,FRANCE,PROVENCE-ALPES-COTE-D'AZUR,137,83137,TOULON,ROND-POINT BON RENCONTRE,161271,3,9,Autre,0,1,2,,,3,1,,,,1,7,0,0,1,0
1,8,1,1,5,83,FRANCE,PROVENCE-ALPES-COTE-D'AZUR,137,83137,TOULON,AVENUE ARISTIDE BRIAND,161282,0,4,VC,0,2,6,,,0,1,,,,1,7,0,0,1,0
1,8,1,1,2,83,FRANCE,PROVENCE-ALPES-COTE-D'AZUR,137,83137,TOULON,ALLEE ARMEE D'AFRIQUE,161286,0,4,VC,0,2,2,,,0,1,,,,1,,0,0,1,0
1,8,2,1,3,83,FRANCE,PROVENCE-ALPES-COTE-D'AZUR,137,83137,TOULON,,161298,0,4,VC,,0,2,,,0,0,,,,1,7,0,0,1,0
1,3,1,1,1,83,FRANCE,PROVENCE-ALPES-COTE-D'AZUR,108,83108,ROQUEBRUSSANNE (LA),RD 5,161304,5,3,RD,5,2,2,3,900,0,1,4334500,597400,,1,13,0,0,1,0
1,7,2,1,3,83,FRANCE,PROVENCE-ALPES-COTE-D'AZUR,069,83069,HYERES,RUE MICHELET,161318,5,4,VC,0,1,1,,,0,1,,,,1,7,0,0,1,0
1,8,3,1,3,83,FRANCE,PROVENCE-ALPES-COTE-D'AZUR,137,83137,TOULON,RUE SAINT VICTOR,161331,0,4,VC,0,2,2,,,0,0,,,,1,7,0,0,1,0
1,5,1,1,1,83,FRANCE,PROVENCE-ALPES-COTE-D'AZUR,090,83090,OLLIOULES,ROUTE DE LA GARE,161332,0,4,VC,0,2,2,,,0,1,,,,1,7,0,0,1,0
1,6,3,1,3,83,FRANCE,PROVENCE-ALPES-COTE-D'AZUR,129,83129,SIX-FOURS-LES-PLAGES,BOULEVARD DE CABRY,161348,0,4,VC,0,2,2,,,0,1,,,,1,7,0,0,1,0
1,8,3,1,3,83,FRANCE,PROVENCE-ALPES-COTE-D'AZUR,137,83137,TOULON,AVENUE GENERAL WEYGAND,161354,5,4,VC,0,2,3,,,1,5,,,,1,34,0,0,0,1