lum,agg,int,atm,col,dep_bis,pays,region,com_bis,com_codeINSEE,communes,N_voie,numac,infra,catr,type_route,voie,circ,nbv,pr,pr1,vosp,situ,lat,long,adr,accident_velo,vehicule_imp,cycl_mort,cycl_bgv,cycl_blg,cycl_indm
1,6,1,1,6,83,FRANCE,PROVENCE-ALPES-COTE-D'AZUR,129,83129,SIX-FOURS-LES-PLAGES,ROND-POINT TRAITE DE L'ELYSEE,161420,5,3,RD,0,4,2,,,0,1,,,,1,7,0,0,1,0
1,3,1,1,2,83,FRANCE,PROVENCE-ALPES-COTE-D'AZUR,146,83146,VERDIERE (LA),RD 30,161441,2,3,RD,30,2,2,21,610,0,1,0,0,,1,10,0,0,1,0
3,5,1,1,3,83,FRANCE,PROVENCE-ALPES-COTE-D'AZUR,123,83123,SANARY-SUR-MER,CHEMIN DE HUIDE ,161486,0,4,VC,0,2,2,,,0,1,,,,1,7,0,0,1,0
1,7,1,1,6,83,FRANCE,PROVENCE-ALPES-COTE-D'AZUR,126,83126,SEYNE-SUR-MER (LA),AVENUE DES ANCIENS COMBATANTS D'INDOCHINE,161492,0,3,RD,0,3,4,,,1,1,,,,1,7,0,0,1,0
5,8,1,2,3,83,FRANCE,PROVENCE-ALPES-COTE-D'AZUR,137,83137,TOULON,RUE ROBERT GUILLEMARD,161516,0,4,VC,0,1,3,,,0,1,,,,1,7,0,0,1,0
1,6,1,1,1,83,FRANCE,PROVENCE-ALPES-COTE-D'AZUR,062,83062,GARDE (LA),RUE JACQUES TROIN,161531,0,4,VC,0,2,2,,,0,1,,,,1,7,0,0,1,0
1,8,1,1,3,83,FRANCE,PROVENCE-ALPES-COTE-D'AZUR,137,83137,TOULON,AVENUE ARISTIDE BRIAND,161546,0,4,VC,0,1,2,,,0,1,,,,1,7,0,0,1,0
1,8,1,1,1,83,FRANCE,PROVENCE-ALPES-COTE-D'AZUR,137,83137,TOULON,CORNICHE DU ESCARTEFIGUE,161556,0,4,VC,0,2,2,,,0,1,,,,1,7,0,0,1,0
5,8,1,1,1,83,FRANCE,PROVENCE-ALPES-COTE-D'AZUR,137,83137,TOULON,RUE LAMARTINE,161567,0,9,Autre,0,2,2,,,0,1,,,,1,7,0,0,1,0
1,8,1,1,2,83,FRANCE,PROVENCE-ALPES-COTE-D'AZUR,137,83137,TOULON,AVENUE DU COLONEL PICOT,161600,0,4,VC,0,2,1,,,0,1,,,,1,7,0,0,1,0
1,8,2,1,3,83,FRANCE,PROVENCE-ALPES-COTE-D'AZUR,137,83137,TOULON,RUE DES SAVONNIERE,161612,0,4,VC,0,1,1,,,0,1,,,,1,7,0,0,1,0
1,5,3,1,3,83,FRANCE,PROVENCE-ALPES-COTE-D'AZUR,098,83098,PRADET (LE),AVENUE ALAIN LE LEAP,161628,5,4,VC,0,2,3,,,1,5,,,,1,7,0,0,1,0
1,7,1,1,3,84,FRANCE,PROVENCE-ALPES-COTE-D'AZUR,007,84007,AVIGNON,VC 0,161667,0,4,VC,0,2,2,0,30,0,1,,,,1,7,0,0,1,0
5,7,2,6,3,84,FRANCE,PROVENCE-ALPES-COTE-D'AZUR,007,84007,AVIGNON,RN 0,161670,5,2,RN,0,2,2,52,422,1,1,,,,1,7,0,0,1,0
1,1,3,1,3,84,FRANCE,PROVENCE-ALPES-COTE-D'AZUR,007,84007,AVIGNON,RUE BOOTH,161687,0,4,VC,0,2,2,0,598,0,1,,,,1,7,0,0,1,0
1,7,1,1,2,84,FRANCE,PROVENCE-ALPES-COTE-D'AZUR,007,84007,AVIGNON,avenue de la TRILLADE,161699,0,4,VC,0,2,2,0,586,0,0,,,,1,7,0,0,1,0
1,6,3,1,3,84,FRANCE,PROVENCE-ALPES-COTE-D'AZUR,087,84087,ORANGE,VC 0,161706,0,4,VC,0,2,2,25,400,0,1,,,,1,7,0,0,1,0
1,7,1,1,6,84,FRANCE,PROVENCE-ALPES-COTE-D'AZUR,007,84007,AVIGNON,ROUTE DE LYON ,161708,0,2,RN,0,3,2,49,589,0,1,,,,1,7,0,0,1,0
1,6,1,1,3,84,FRANCE,PROVENCE-ALPES-COTE-D'AZUR,035,84035,CAVAILLON,AVENUE J.F. KENNEDY,161719,0,4,VC,0,2,3,,,0,1,,,,1,7,0,0,1,0
1,7,3,1,3,84,FRANCE,PROVENCE-ALPES-COTE-D'AZUR,007,84007,AVIGNON,Avenue du BLANCHISSAGE,161746,0,4,VC,0,2,2,0,500,0,1,,,,1,7,0,0,1,0
1,7,1,1,3,84,FRANCE,PROVENCE-ALPES-COTE-D'AZUR,007,84007,AVIGNON,BOULEVARD SAINT MICHEL,161748,0,4,VC,0,2,4,0,10,3,4,,,,1,7,0,0,1,0
1,1,1,1,3,84,FRANCE,PROVENCE-ALPES-COTE-D'AZUR,035,84035,CAVAILLON,AVENUE DE LA LIBERATION ,161768,0,4,VC,0,2,2,,,0,1,,,,1,15,0,0,1,0
1,7,1,1,3,84,FRANCE,PROVENCE-ALPES-COTE-D'AZUR,007,84007,AVIGNON,Rue CARRETERIE,161780,0,3,RD,0,1,1,0,300,0,1,,,,1,7,0,0,1,0
1,7,1,1,6,84,FRANCE,PROVENCE-ALPES-COTE-D'AZUR,007,84007,AVIGNON,Avenue de l'AMANDIER,161781,0,4,VC,0,2,2,0,852,0,0,,,,1,2,0,0,1,0
2,7,1,1,6,84,FRANCE,PROVENCE-ALPES-COTE-D'AZUR,007,84007,AVIGNON,Chemin de l'ISLON,161786,0,3,RD,0,2,2,4,94,0,1,,,,1,7,0,0,1,0
1,1,1,1,3,84,FRANCE,PROVENCE-ALPES-COTE-D'AZUR,035,84035,CAVAILLON,CHEMIN DU MITAN,161789,5,4,VC,0,2,2,,,0,1,,,,1,7,0,0,1,0
1,7,1,1,6,84,FRANCE,PROVENCE-ALPES-COTE-D'AZUR,007,84007,AVIGNON,Avenue EISENHOWER,161801,0,4,VC,0,2,2,0,520,0,0,,,,1,7,0,0,1,0
1,6,1,1,3,84,FRANCE,PROVENCE-ALPES-COTE-D'AZUR,035,84035,CAVAILLON,ROUTE DE PERTUIS,161814,5,4,VC,0,2,2,,,1,1,,,,1,7,0,0,1,0
2,1,1,1,3,84,FRANCE,PROVENCE-ALPES-COTE-D'AZUR,124,84124,SAUMANE-DE-VAUCLUSE,RD 25,161824,0,3,RD,25,2,2,0,0,0,1,0,0,,1,7,0,0,1,0
1,5,1,1,2,84,FRANCE,PROVENCE-ALPES-COTE-D'AZUR,088,84088,PERNES-LES-FONTAINES,VC 0,161825,0,4,VC,0,2,2,0,0,0,1,0,0,,1,7,0,0,1,0
1,7,1,1,3,84,FRANCE,PROVENCE-ALPES-COTE-D'AZUR,007,84007,AVIGNON,BOULEVARD SAINT MICHEL,161827,0,2,RN,0,2,4,0,275,2,1,,,,1,7,0,0,1,0
1,1,1,1,2,84,FRANCE,PROVENCE-ALPES-COTE-D'AZUR,007,84007,AVIGNON,Boulevard SIXTE ISNARD,161834,0,3,RD,0,2,2,0,80,1,1,,,,1,7,0,0,1,0
1,1,1,1,3,84,FRANCE,PROVENCE-ALPES-COTE-D'AZUR,035,84035,CAVAILLON,CARREFOUR SAINTE ANNE,161874,0,4,VC,0,2,2,,,0,1,,,,1,7,0,0,1,0
1,6,1,1,3,84,FRANCE,PROVENCE-ALPES-COTE-D'AZUR,035,84035,CAVAILLON,AVENUE DU MARECHAL JOFFRE,161879,0,4,VC,0,1,2,,,0,1,,,,1,7,0,0,1,0
3,1,3,1,3,84,FRANCE,PROVENCE-ALPES-COTE-D'AZUR,087,84087,ORANGE,ROUTE DE CAMARET,161910,0,3,RD,0,2,2,1,0,0,1,,,,1,7,0,0,1,0
1,7,1,1,3,84,FRANCE,PROVENCE-ALPES-COTE-D'AZUR,007,84007,AVIGNON,Avenue SAINT RUF,161922,0,4,VC,0,0,3,,,0,1,,,,1,34,0,0,1,0
1,7,6,1,3,84,FRANCE,PROVENCE-ALPES-COTE-D'AZUR,007,84007,AVIGNON,Avenue de l'AMANDIER,161930,5,3,RD,0,2,2,1,816,1,1,,,,1,10,0,0,1,0
1,6,2,1,6,84,FRANCE,PROVENCE-ALPES-COTE-D'AZUR,087,84087,ORANGE,RUE ANCIEN COLLEGE,161939,0,4,VC,0,1,1,,,0,1,,,,1,7,0,0,1,0
1,7,1,1,2,84,FRANCE,PROVENCE-ALPES-COTE-D'AZUR,007,84007,AVIGNON,Boulevard LIMBERT,161958,0,2,RN,0,2,4,,,2,1,,,,1,7,0,0,1,0
1,7,2,1,6,84,FRANCE,PROVENCE-ALPES-COTE-D'AZUR,007,84007,AVIGNON,BOULEVARD SAINT MICHEL,161959,5,4,VC,0,2,0,,,1,1,,,,1,7,0,0,1,0
2,1,1,1,6,84,FRANCE,PROVENCE-ALPES-COTE-D'AZUR,007,84007,AVIGNON,AVENUE DE LA CROIX ROUGE,161977,0,4,VC,0,2,2,1,250,0,1,,,,1,7,0,0,1,0
2,7,1,1,3,84,FRANCE,PROVENCE-ALPES-COTE-D'AZUR,007,84007,AVIGNON,Route de MORIERES,161980,0,3,RD,0,2,2,,,1,1,,,,1,7,0,0,1,0
2,7,1,1,6,84,FRANCE,PROVENCE-ALPES-COTE-D'AZUR,007,84007,AVIGNON,Place des CORPS SAINTS,162012,0,4,VC,0,1,1,0,125,0,0,,,,1,7,0,0,1,0
1,7,9,1,6,84,FRANCE,PROVENCE-ALPES-COTE-D'AZUR,007,84007,AVIGNON,Boulevard LIMBERT,162032,0,4,VC,0,2,2,,,1,1,,,,1,7,0,0,1,0
1,7,1,1,6,84,FRANCE,PROVENCE-ALPES-COTE-D'AZUR,007,84007,AVIGNON,Avenue SAINT RUF,162034,0,2,RN,0,2,2,,,2,5,,,,1,,0,0,0,1
1,7,1,1,3,84,FRANCE,PROVENCE-ALPES-COTE-D'AZUR,007,84007,AVIGNON,Boulevard LIMBERT,162037,0,2,RN,0,2,4,,,2,1,,,,1,14,0,0,1,0
1,5,1,1,6,84,FRANCE,PROVENCE-ALPES-COTE-D'AZUR,019,84019,BOLLENE,VC 0,162045,0,4,VC,0,1,1,0,0,0,1,0,0,,1,,0,0,0,1
5,7,1,1,6,84,FRANCE,PROVENCE-ALPES-COTE-D'AZUR,007,84007,AVIGNON,Boulevard SIXTE ISNARD,162047,0,4,VC,0,2,2,0,95,0,1,,,,1,,0,0,1,0
1,7,1,1,3,84,FRANCE,PROVENCE-ALPES-COTE-D'AZUR,007,84007,AVIGNON,Avenue de FONTCOUVERTE,162062,0,4,VC,0,3,2,2,100,0,4,,,,1,7,0,0,1,0
1,7,3,1,3,84,FRANCE,PROVENCE-ALPES-COTE-D'AZUR,007,84007,AVIGNON,CHEMIN DE LOPY,162069,0,4,VC,0,2,2,0,150,0,1,,,,1,7,0,0,1,0
1,1,1,1,3,84,FRANCE,PROVENCE-ALPES-COTE-D'AZUR,129,84129,SORGUES,VC 0,162072,0,4,VC,0,0,3,0,0,0,1,0,0,,1,7,0,0,1,0
1,1,1,1,1,84,FRANCE,PROVENCE-ALPES-COTE-D'AZUR,007,84007,AVIGNON,avenue de la TRILLADE,162076,0,4,VC,0,2,2,2,0,0,1,,,,1,7,0,0,1,0
1,7,1,1,3,84,FRANCE,PROVENCE-ALPES-COTE-D'AZUR,007,84007,AVIGNON,ROND-point de REALPANIER,162088,0,2,RN,0,1,2,0,200,0,1,,,,1,10,0,0,1,0
1,6,1,1,3,84,FRANCE,PROVENCE-ALPES-COTE-D'AZUR,087,84087,ORANGE,AVENUE DE LATTRE DE TASSIGNY,162092,0,4,VC,0,2,3,,,0,1,,,,1,7,0,0,1,0
1,5,1,1,1,84,FRANCE,PROVENCE-ALPES-COTE-D'AZUR,092,84092,PONTET (LE),VC 0,162095,5,4,VC,0,2,2,0,0,2,1,4396000,484800,,1,7,0,0,1,0
1,7,3,1,1,84,FRANCE,PROVENCE-ALPES-COTE-D'AZUR,007,84007,AVIGNON,Cours CARDINAL BERTRAND,162099,0,4,VC,0,2,0,13,500,0,1,,,,1,7,0,0,1,0
1,1,1,1,3,84,FRANCE,PROVENCE-ALPES-COTE-D'AZUR,007,84007,AVIGNON,Route de MORIERES,162120,0,2,RN,0,1,2,6,650,0,1,,,,1,7,0,0,1,0
1,7,1,1,3,84,FRANCE,PROVENCE-ALPES-COTE-D'AZUR,007,84007,AVIGNON,RUE SAINT MICHEL ,162126,0,4,VC,0,0,1,,,1,1,,,,1,7,0,0,1,0
1,7,2,1,3,84,FRANCE,PROVENCE-ALPES-COTE-D'AZUR,007,84007,AVIGNON,Boulevard SIXTE ISNARD,162138,0,4,VC,0,2,3,0,100,0,0,,,,1,7,0,0,1,0
1,7,6,1,3,84,FRANCE,PROVENCE-ALPES-COTE-D'AZUR,007,84007,AVIGNON,avenue de l'ARROUSAIRE,162147,0,4,VC,0,2,2,0,150,0,1,,,,1,7,0,0,1,0
1,7,6,1,3,84,FRANCE,PROVENCE-ALPES-COTE-D'AZUR,007,84007,AVIGNON,Avenue de l'AMANDIER,162172,0,4,VC,0,1,0,1,700,0,1,,,,1,7,0,0,1,0
1,7,6,1,3,84,FRANCE,PROVENCE-ALPES-COTE-D'AZUR,007,84007,AVIGNON,Route de MORIERES,162173,4,2,RN,0,0,6,6,0,0,1,,,,1,7,0,0,1,0
1,7,2,1,3,84,FRANCE,PROVENCE-ALPES-COTE-D'AZUR,007,84007,AVIGNON,rue des TROIS FAUCONS,162174,0,4,VC,0,1,1,0,10,0,1,,,,1,7,0,0,1,0
1,7,1,1,3,84,FRANCE,PROVENCE-ALPES-COTE-D'AZUR,007,84007,AVIGNON,ROND-point de REALPANIER,162234,5,4,VC,0,1,2,0,10,0,1,,,,1,7,0,0,1,0
1,7,1,1,3,84,FRANCE,PROVENCE-ALPES-COTE-D'AZUR,007,84007,AVIGNON,Avenue de WETZLAR,162237,0,4,VC,0,2,2,0,950,0,1,,,,1,2,0,0,1,0
1,7,1,1,3,84,FRANCE,PROVENCE-ALPES-COTE-D'AZUR,007,84007,AVIGNON,RUE CARNOT,162244,0,4,VC,0,1,1,0,20,0,1,,,,1,7,0,0,1,0
1,5,6,1,2,84,FRANCE,PROVENCE-ALPES-COTE-D'AZUR,088,84088,PERNES-LES-FONTAINES,VC 0,162251,5,4,VC,0,2,2,0,0,0,1,4400100,506300,,1,7,0,0,1,0
1,1,1,6,3,84,FRANCE,PROVENCE-ALPES-COTE-D'AZUR,007,84007,AVIGNON,Chemin des RICHES,162303,0,4,VC,0,2,2,0,845,0,1,,,,1,7,0,0,1,0
5,7,1,1,3,84,FRANCE,PROVENCE-ALPES-COTE-D'AZUR,007,84007,AVIGNON,Avenue de l'AMANDIER,162304,0,4,VC,0,2,2,1,150,0,4,,,,1,7,0,0,1,0
1,7,1,1,2,84,FRANCE,PROVENCE-ALPES-COTE-D'AZUR,007,84007,AVIGNON,Cours CARDINAL BERTRAND,162320,0,4,VC,0,2,2,13,250,0,1,,,,1,7,0,0,1,0
1,7,1,1,6,84,FRANCE,PROVENCE-ALPES-COTE-D'AZUR,007,84007,AVIGNON,AVENUE PIERRE SEMARD,162353,0,4,VC,,2,3,,,2,5,,,,1,7,0,0,1,0
1,7,1,1,3,84,FRANCE,PROVENCE-ALPES-COTE-D'AZUR,007,84007,AVIGNON,BOULEVARD ROGER SALENGRO,162358,0,4,VC,0,2,2,,,1,1,,,,1,37,0,0,1,0
1,7,3,1,3,84,FRANCE,PROVENCE-ALPES-COTE-D'AZUR,007,84007,AVIGNON,RUE DES FRERES LUMIERE,162361,0,4,VC,0,2,2,0,150,0,1,,,,1,7,0,0,1,0
1,1,1,1,2,84,FRANCE,PROVENCE-ALPES-COTE-D'AZUR,007,84007,AVIGNON,AVENUE PIERRE SEMARD,162365,0,4,VC,0,2,2,,,1,1,,,,1,7,0,0,1,0
1,7,2,1,3,84,FRANCE,PROVENCE-ALPES-COTE-D'AZUR,007,84007,AVIGNON,RUE VINCENT VAN GOGH,162366,0,4,VC,0,2,2,,,0,1,,,,1,7,0,0,1,0
1,7,1,1,6,84,FRANCE,PROVENCE-ALPES-COTE-D'AZUR,007,84007,AVIGNON,Boulevard LIMBERT,162377,0,4,VC,0,0,1,51,0,1,5,,,,1,7,0,0,1,0
1,7,1,1,3,84,FRANCE,PROVENCE-ALPES-COTE-D'AZUR,007,84007,AVIGNON,BOULEVARD SAINT MICHEL,162386,0,4,VC,,2,3,0,275,2,5,,,,1,7,0,0,1,0
1,7,1,1,6,84,FRANCE,PROVENCE-ALPES-COTE-D'AZUR,007,84007,AVIGNON,BOULEVARD GEORGES CLEMENCEAU,162395,0,4,VC,0,0,2,0,200,0,1,,,,1,2,0,0,1,0
1,7,1,1,3,84,FRANCE,PROVENCE-ALPES-COTE-D'AZUR,007,84007,AVIGNON,BOULEVARD SAINT ROCH,162409,0,4,VC,0,2,4,1,100,0,5,,,,1,15,0,0,1,0
1,7,1,1,3,84,FRANCE,PROVENCE-ALPES-COTE-D'AZUR,007,84007,AVIGNON,ROCADE CHARLES DE GAULLE,162412,0,4,VC,0,2,2,4,750,0,1,,,,1,7,0,0,1,0
1,7,1,1,6,84,FRANCE,PROVENCE-ALPES-COTE-D'AZUR,007,84007,AVIGNON,avenue de la TRILLADE,162413,0,4,VC,0,2,2,0,350,1,5,,,,1,7,0,0,1,0
1,7,1,1,6,84,FRANCE,PROVENCE-ALPES-COTE-D'AZUR,007,84007,AVIGNON,ROUTE DE LYON ,162418,0,3,RD,907,2,4,49,540,0,1,,,,1,7,0,0,1,0
1,6,1,3,3,84,FRANCE,PROVENCE-ALPES-COTE-D'AZUR,035,84035,CAVAILLON,AVENUE PAUL PONCE,162526,0,4,VC,0,1,2,1,0,0,1,,,,1,7,0,0,1,0
1,5,1,1,2,84,FRANCE,PROVENCE-ALPES-COTE-D'AZUR,089,84089,PERTUIS,ROUTE D'AIX EN PROVENCE,162527,0,3,RD,0,0,1,18,0,0,1,,,,1,7,0,0,1,0
1,1,1,1,6,84,FRANCE,PROVENCE-ALPES-COTE-D'AZUR,087,84087,ORANGE,AVENUE FOURCHES VIEILLES,162543,0,4,VC,0,2,2,,,0,1,,,,1,13,0,0,1,0
1,5,6,1,3,84,FRANCE,PROVENCE-ALPES-COTE-D'AZUR,054,84054,ISLE-SUR-LA-SORGUE (L'),RD 938,162549,0,3,RD,938,1,2,0,0,1,1,4393600,506500,,1,10,0,0,1,0
5,5,1,1,1,84,FRANCE,PROVENCE-ALPES-COTE-D'AZUR,054,84054,ISLE-SUR-LA-SORGUE (L'),RD 938,162551,0,3,RD,938,1,1,0,0,1,1,4393700,506600,,1,7,0,0,1,0
1,1,1,1,1,84,FRANCE,PROVENCE-ALPES-COTE-D'AZUR,130,84130,SUZETTE,RD 90,162558,0,3,RD,90,2,0,0,0,0,1,0,0,,1,31,0,0,1,0
1,7,6,1,4,84,FRANCE,PROVENCE-ALPES-COTE-D'AZUR,007,84007,AVIGNON,Avenue de FONTCOUVERTE,162568,0,4,VC,0,3,2,2,250,0,1,,,,1,7,0,0,1,0
1,7,1,1,2,84,FRANCE,PROVENCE-ALPES-COTE-D'AZUR,007,84007,AVIGNON,BOULEVARD SAINT MICHEL,162570,0,4,VC,0,2,6,0,346,1,1,,,,1,7,0,0,1,0
1,6,1,1,2,84,FRANCE,PROVENCE-ALPES-COTE-D'AZUR,031,84031,CARPENTRAS,BOULEVARD ALBIN DURAND,162573,0,3,RD,0,1,3,,,2,5,,,,1,7,0,0,1,0
1,5,9,1,6,85,FRANCE,PAYS DE LA LOIRE,194,85194,SABLES-D'OLONNE (LES),RUE JEAN-PIERRE TRAVOT,162581,0,9,Autre,0,1,1,,,0,4,,,,1,,0,0,0,1
1,5,1,1,2,85,FRANCE,PAYS DE LA LOIRE,194,85194,SABLES-D'OLONNE (LES),AVENUE DU GENERAL DE GAULLE,162587,0,4,VC,0,2,0,,,0,1,,,,1,7,0,0,1,0
1,6,2,1,3,85,FRANCE,PAYS DE LA LOIRE,191,85191,ROCHE-SUR-YON (LA),RUE VOLTAIRE,162588,0,4,VC,0,0,1,,,0,1,,,,1,7,0,0,1,0
1,6,3,1,3,85,FRANCE,PAYS DE LA LOIRE,191,85191,ROCHE-SUR-YON (LA),RUE D'ARCOLE,162599,0,4,VC,0,2,2,,,0,1,,,,1,7,0,0,1,0
1,5,1,1,6,85,FRANCE,PAYS DE LA LOIRE,194,85194,SABLES-D'OLONNE (LES),RUE DU DOCTEUR RENE LAENNEC,162602,0,4,VC,0,2,0,,,0,1,,,,1,7,0,0,1,0
2,1,1,1,1,85,FRANCE,PAYS DE LA LOIRE,217,85217,SAINT-GEORGES-DE-MONTAIGU,Autre 0,162615,0,9,Autre,0,2,0,0,0,1,5,0,0,,1,2,0,0,1,0
1,6,6,2,3,85,FRANCE,PAYS DE LA LOIRE,191,85191,ROCHE-SUR-YON (LA),BOULEVARD ARISTIDE SECTEUR 101 BRIAND,162623,5,4,VC,0,1,1,,,2,1,,,,1,7,0,0,1,0
1,5,1,1,6,85,FRANCE,PAYS DE LA LOIRE,194,85194,SABLES-D'OLONNE (LES),BOULEVARD DE L'ILE VERTIME,162640,0,4,VC,0,3,2,,,0,1,,,,1,7,0,0,1,0
1,1,1,8,1,85,FRANCE,PAYS DE LA LOIRE,250,85250,SAINT-MATHURIN,RD 87,162643,0,3,RD,87,2,0,4,985,0,1,0,0,,1,7,0,0,1,0
1,1,1,1,1,85,FRANCE,PAYS DE LA LOIRE,127,85127,LONGEVILLE-SUR-MER,RD 70,162648,0,3,RD,70,0,2,11,100,0,0,4644300,-151100,,1,21,0,0,1,0
1,5,6,1,1,85,FRANCE,PAYS DE LA LOIRE,194,85194,SABLES-D'OLONNE (LES),RUE OCTAVE VOYER,162664,0,4,VC,0,1,0,,,0,1,,,,1,7,0,0,1,0
1,5,6,1,7,85,FRANCE,PAYS DE LA LOIRE,194,85194,SABLES-D'OLONNE (LES),RUE ERNEST LANDRIEAU,162677,0,4,VC,0,2,2,,,0,0,,,,1,4,0,0,0,1
1,5,1,1,3,85,FRANCE,PAYS DE LA LOIRE,194,85194,SABLES-D'OLONNE (LES),AVENUE COLBERT,162680,0,4,VC,0,2,2,,,0,1,,,,1,2,0,0,1,0
1,5,1,1,3,85,FRANCE,PAYS DE LA LOIRE,194,85194,SABLES-D'OLONNE (LES),RUE CHARLES DE GAULLE,162682,0,3,RD,0,2,2,,,0,1,,,,1,7,0,0,1,0
1,5,6,1,3,85,FRANCE,PAYS DE LA LOIRE,194,85194,SABLES-D'OLONNE (LES),RUE JOSEPH BENATIER,162710,0,4,VC,0,2,2,,,0,1,,,,1,7,0,0,1,0
1,5,1,1,2,85,FRANCE,PAYS DE LA LOIRE,194,85194,SABLES-D'OLONNE (LES),PROMENADE GEORGES GODET,162712,0,4,VC,0,2,2,,,0,1,,,,1,7,0,0,1,0
1,6,1,1,6,85,FRANCE,PAYS DE LA LOIRE,191,85191,ROCHE-SUR-YON (LA),BOULEVARD GASTON DEFFERRE,162718,0,4,VC,0,2,1,,,0,1,,,,1,7,0,0,1,0
1,5,6,1,2,85,FRANCE,PAYS DE LA LOIRE,194,85194,SABLES-D'OLONNE (LES),RUE JOSEPH BENATIER,162721,0,4,VC,0,2,2,,,0,0,,,,1,7,0,0,1,0
1,5,1,1,6,85,FRANCE,PAYS DE LA LOIRE,194,85194,SABLES-D'OLONNE (LES),RUE AUGUSTE BLANDIN,162725,0,4,VC,0,1,1,,,0,1,,,,1,7,0,0,1,0
1,5,1,1,6,85,FRANCE,PAYS DE LA LOIRE,194,85194,SABLES-D'OLONNE (LES),RUE DES HALLES,162728,0,4,VC,0,1,1,,,0,1,,,,1,7,0,0,1,0
5,5,2,1,2,85,FRANCE,PAYS DE LA LOIRE,194,85194,SABLES-D'OLONNE (LES),RUE DE LA PLAINE,162743,0,4,VC,0,2,2,,,0,1,,,,1,7,0,0,1,0
2,6,1,1,6,85,FRANCE,PAYS DE LA LOIRE,191,85191,ROCHE-SUR-YON (LA),RUE JEAN JAURES,162747,0,4,VC,0,1,1,,,0,1,,,,1,,0,0,0,1
3,1,1,1,2,85,FRANCE,PAYS DE LA LOIRE,060,85060,CHATEAU-D'OLONNE,RUE DU BOCAGE,162754,0,3,RD,36,2,2,4,0,0,1,,,,1,7,0,0,1,0
1,6,3,1,3,85,FRANCE,PAYS DE LA LOIRE,191,85191,ROCHE-SUR-YON (LA),RUE VILLEBOIS-MAREUIL ,162759,0,4,VC,0,2,1,,,0,1,4667305,-144252,,1,34,0,0,1,0
1,3,1,1,1,85,FRANCE,PAYS DE LA LOIRE,164,85164,NOTRE-DAME-DE-MONTS,Autre 0,162772,0,9,Autre,0,2,2,0,0,0,1,4683083,-213585,,1,7,0,0,1,0
1,5,6,1,3,85,FRANCE,PAYS DE LA LOIRE,234,85234,SAINT-JEAN-DE-MONTS,RD 16,162775,5,3,RD,16,2,0,77,1100,2,1,4679400,-206400,,1,10,0,0,1,0
1,5,2,1,3,85,FRANCE,PAYS DE LA LOIRE,060,85060,CHATEAU-D'OLONNE,RUE DE LA CITE DES PINS,162782,0,4,VC,0,2,2,,,0,1,4648844,-175971,,1,7,0,0,1,0
1,5,1,1,6,85,FRANCE,PAYS DE LA LOIRE,194,85194,SABLES-D'OLONNE (LES),PROMENADE GEORGES CLEMENCEAU,162783,0,4,VC,0,3,2,,,0,1,4722175,-155022,,1,,,,,
1,5,2,1,3,85,FRANCE,PAYS DE LA LOIRE,060,85060,CHATEAU-D'OLONNE,RUE DU PONTREAU,162789,0,4,VC,0,2,2,,,0,1,4648412,-175187,,1,7,0,0,1,0
1,5,6,1,7,85,FRANCE,PAYS DE LA LOIRE,194,85194,SABLES-D'OLONNE (LES),AVENUE D'AQUITAINE,162801,0,3,RD,2949,2,0,72,400,2,1,,,,1,7,0,0,1,0
1,5,1,1,3,85,FRANCE,PAYS DE LA LOIRE,060,85060,CHATEAU-D'OLONNE,Rue des Plesses,162807,0,6,Parking,0,0,0,,,0,1,4649332,-174914,,1,7,0,0,1,0
5,6,4,8,3,85,FRANCE,PAYS DE LA LOIRE,191,85191,ROCHE-SUR-YON (LA),RUE GEORGES POMPIDOU,162809,0,3,RD,760,2,2,1,475,0,1,,,,1,7,0,0,1,0
1,6,1,1,2,85,FRANCE,PAYS DE LA LOIRE,191,85191,ROCHE-SUR-YON (LA),RUE DU PRESIDENT DE GAULLE,162810,0,4,VC,0,2,2,,,0,1,4667145,-142312,,1,7,0,0,1,0
1,5,1,1,2,85,FRANCE,PAYS DE LA LOIRE,194,85194,SABLES-D'OLONNE (LES),Promenade Lafargue,162816,0,4,VC,0,1,0,,,2,5,,,,1,14,0,0,1,0
2,6,2,1,3,85,FRANCE,PAYS DE LA LOIRE,191,85191,ROCHE-SUR-YON (LA),RUE JEAN-JACQUES ROUSSEAU ,162837,0,4,VC,0,2,2,,,0,1,4666534,-142530,,1,7,0,0,1,0
1,5,1,1,6,85,FRANCE,PAYS DE LA LOIRE,194,85194,SABLES-D'OLONNE (LES),RUE CAMILLE FLAMMARION,162845,0,4,VC,0,0,0,,,0,4,4649362,-176948,,1,,0,0,0,1
1,5,2,1,3,85,FRANCE,PAYS DE LA LOIRE,060,85060,CHATEAU-D'OLONNE,AVENUE RENE COTY,162847,0,3,RD,2949,2,0,72,180,0,1,,,,1,7,0,0,1,0
1,5,2,1,3,85,FRANCE,PAYS DE LA LOIRE,194,85194,SABLES-D'OLONNE (LES),AVENUE RENE COTY,162848,0,3,RD,2949,2,2,72,180,2,1,,,,1,7,0,0,1,0