lum,agg,int,atm,col,dep_bis,pays,region,com_bis,com_codeINSEE,communes,N_voie,numac,infra,catr,type_route,voie,circ,nbv,pr,pr1,vosp,situ,lat,long,adr,accident_velo,vehicule_imp,cycl_mort,cycl_bgv,cycl_blg,cycl_indm
1,5,1,1,6,85,FRANCE,PAYS DE LA LOIRE,194,85194,SABLES-D'OLONNE (LES),PROMENADE KENNEDY,162850,0,3,RD,32,2,0,0,620,2,1,,,,1,7,0,0,1,0
1,5,4,1,3,85,FRANCE,PAYS DE LA LOIRE,194,85194,SABLES-D'OLONNE (LES),RUE JEAN NICOT,162851,0,4,VC,0,3,0,,,2,1,4649990,-178522,,1,7,0,0,1,0
1,7,1,1,2,86,FRANCE,POITOU-CHARENTES,194,86194,POITIERS,RUE DU FAUBOURG PONT NEUF,162911,0,3,RD,0,2,2,,,0,1,,,,1,7,0,0,1,0
1,7,1,1,3,86,FRANCE,POITOU-CHARENTES,194,86194,POITIERS,AVENUE JOHN KENNEDY,162934,0,3,RD,0,3,4,1,767,2,1,,,,1,7,0,0,1,0
1,7,1,1,2,86,FRANCE,POITOU-CHARENTES,194,86194,POITIERS,AVENUE DE IAROSLAV,162937,0,4,VC,0,2,2,,,0,1,,,,1,7,0,0,1,0
1,7,6,2,3,86,FRANCE,POITOU-CHARENTES,194,86194,POITIERS,AVENUE DU RECTEUR PINEAU,162951,0,4,VC,0,1,2,,,1,1,,,,1,7,0,0,1,0
5,7,2,3,3,86,FRANCE,POITOU-CHARENTES,194,86194,POITIERS,BOULEVARD BAJON,162973,0,4,VC,0,2,2,,,2,1,,,,1,7,0,0,1,0
1,7,2,1,3,86,FRANCE,POITOU-CHARENTES,194,86194,POITIERS,AVENUE JOHN KENNEDY,162984,5,4,VC,0,3,6,2,185,2,1,,,,1,10,0,0,1,0
1,7,3,8,3,86,FRANCE,POITOU-CHARENTES,194,86194,POITIERS,RUE DE LA PIERRE LEVEE,162987,0,4,VC,0,1,1,,,0,0,,,,1,7,0,0,1,0
1,7,2,1,1,86,FRANCE,POITOU-CHARENTES,194,86194,POITIERS,RUE DOLTO FRANCOISE,163019,0,4,VC,0,2,2,,,0,1,,,,1,7,0,0,1,0
1,1,1,1,2,86,FRANCE,POITOU-CHARENTES,214,86214,SAINT-BENOIT,ROUTE DE GENCAY,163023,0,3,RD,0,2,2,3,300,0,1,,,,1,7,0,0,1,0
1,1,1,1,1,86,FRANCE,POITOU-CHARENTES,237,86237,SAINT-PIERRE-D'EXIDEUIL,RD 7,163057,0,3,RD,7,2,0,0,0,0,1,0,0,,1,33,0,0,1,0
1,7,1,1,6,86,FRANCE,POITOU-CHARENTES,194,86194,POITIERS,AVENUE DE LA LIBERATION ,163079,0,4,VC,0,2,2,,,2,1,,,,1,7,0,0,1,0
1,7,3,1,3,86,FRANCE,POITOU-CHARENTES,194,86194,POITIERS,RUE DU FAUBOURG PONT NEUF,163089,0,4,VC,0,2,2,,,0,1,,,,1,7,0,0,1,0
1,7,2,1,3,86,FRANCE,POITOU-CHARENTES,194,86194,POITIERS,RUE DE NIMEGUE,163095,0,4,VC,0,2,2,,,0,1,,,,1,7,0,0,1,0
1,1,6,2,3,86,FRANCE,POITOU-CHARENTES,066,86066,CHATELLERAULT,CD 1,163103,5,3,RD,0,3,1,15,470,0,0,,,,1,7,0,0,1,0
1,7,6,1,3,86,FRANCE,POITOU-CHARENTES,194,86194,POITIERS,RUE DU FAUBOURG PONT NEUF,163106,0,4,VC,0,1,1,,,0,1,,,,1,7,0,0,1,0
5,7,1,1,3,86,FRANCE,POITOU-CHARENTES,194,86194,POITIERS,RUE DU FAUBOURG PONT NEUF,163145,0,4,VC,0,2,2,,,0,1,,,,1,7,0,0,1,0
1,7,2,1,3,86,FRANCE,POITOU-CHARENTES,194,86194,POITIERS,RUE VICTOR SCHOELCHER,163146,0,4,VC,0,2,2,,,0,1,,,,1,7,0,0,1,0
5,7,3,1,3,86,FRANCE,POITOU-CHARENTES,194,86194,POITIERS,RUE THEOPHRASTE RENAUDOT,163163,0,4,VC,0,1,1,,,0,0,,,,1,37,0,0,1,0
1,7,1,1,2,86,FRANCE,POITOU-CHARENTES,194,86194,POITIERS,AVENUE DU 11 NOVEMBRE,163165,0,3,RD,0,3,6,4,0,0,1,,,,1,37,0,0,1,0
1,4,1,1,3,86,FRANCE,POITOU-CHARENTES,297,86297,VOUNEUIL-SOUS-BIARD,RD 87,163198,0,3,RD,87,2,2,0,0,0,4,0,0,,1,7,0,0,1,0
1,6,1,1,2,86,FRANCE,POITOU-CHARENTES,066,86066,CHATELLERAULT,RD 161 ROCADE EST,163201,0,3,RD,0,3,3,,,0,3,,,,1,15,0,0,1,0
1,7,1,1,6,86,FRANCE,POITOU-CHARENTES,194,86194,POITIERS,BOULEVARD DU GRAND CERF,163246,0,4,VC,0,3,2,,,0,1,,,,1,7,0,0,1,0
1,7,1,1,3,86,FRANCE,POITOU-CHARENTES,194,86194,POITIERS,RUE DU FAUBOURG PONT NEUF,163317,0,4,VC,0,2,2,,,0,1,,,,1,10,0,0,1,0
1,5,6,1,3,86,FRANCE,POITOU-CHARENTES,041,86041,BUXEROLLES,LIEU DIT L'ORBRAS,163335,0,4,VC,0,1,1,,,0,1,,,,1,7,0,0,1,0
1,7,1,1,3,86,FRANCE,POITOU-CHARENTES,194,86194,POITIERS,AVENUE JOHN KENNEDY,163342,0,3,RD,0,3,7,2,280,0,1,,,,1,7,0,0,1,0
2,7,1,1,3,86,FRANCE,POITOU-CHARENTES,194,86194,POITIERS,AVENUE DE LAFAYETTE,163363,0,4,VC,0,2,2,,,0,1,,,,1,7,0,0,1,0
1,7,3,1,3,86,FRANCE,POITOU-CHARENTES,194,86194,POITIERS,RUE RICHELIEU ,163365,0,4,VC,0,2,2,,,0,1,,,,1,7,0,0,1,0
3,1,3,1,3,86,FRANCE,POITOU-CHARENTES,157,86157,MIGNALOUX-BEAUVOIR,A REGULARISER,163384,0,3,RD,0,2,2,,,0,1,,,,1,7,0,0,1,0
1,7,1,3,3,86,FRANCE,POITOU-CHARENTES,194,86194,POITIERS,ROUTE DE GENCAY,163393,0,4,VC,0,2,2,,,0,1,,,,1,7,0,0,1,0
2,7,6,1,6,86,FRANCE,POITOU-CHARENTES,194,86194,POITIERS,AVENUE JACQUES COEUR,163399,0,4,VC,0,2,2,,,0,1,,,,1,7,0,0,1,0
1,7,1,4,6,86,FRANCE,POITOU-CHARENTES,194,86194,POITIERS,RUE JEAN JAURES,163400,0,4,VC,0,2,2,,,0,1,,,,1,,0,0,0,1
1,7,1,1,3,86,FRANCE,POITOU-CHARENTES,194,86194,POITIERS,BOULEVARD SOLFERINO,163437,0,4,VC,0,2,2,,,0,1,,,,1,7,0,0,1,0
1,7,1,1,3,86,FRANCE,POITOU-CHARENTES,194,86194,POITIERS,AVENUE RHIN ET DANUBE,163451,0,4,VC,0,2,2,,,0,1,,,,1,7,0,0,1,0
1,4,3,1,1,86,FRANCE,POITOU-CHARENTES,157,86157,MIGNALOUX-BEAUVOIR,RUE DES LILAS,163452,0,4,VC,0,2,2,,,0,1,,,,1,7,0,0,1,0
1,7,3,2,3,86,FRANCE,POITOU-CHARENTES,194,86194,POITIERS,RUE GRAND  RUE,163461,5,4,VC,0,1,1,,,0,1,,,,1,10,0,0,1,0
1,1,1,1,1,86,FRANCE,POITOU-CHARENTES,265,86265,SOSSAIS,RD 23,163469,0,3,RD,23,2,2,40,800,0,1,4687000,37000,,1,7,0,0,1,0
5,7,3,1,7,86,FRANCE,POITOU-CHARENTES,194,86194,POITIERS,AVENUE DE LAFAYETTE,163484,0,4,VC,0,2,2,,,2,1,,,,1,2,,,,
2,7,4,1,2,86,FRANCE,POITOU-CHARENTES,194,86194,POITIERS,RD 162 ROCADE EST,163497,3,3,RD,0,3,6,3,24,2,1,,,,1,7,0,0,1,0
1,7,3,1,3,86,FRANCE,POITOU-CHARENTES,194,86194,POITIERS,RUE DU MARCHE NOTRE DAME,163502,6,4,VC,0,1,1,,,0,1,,,,1,7,0,0,1,0
2,6,2,1,2,86,FRANCE,POITOU-CHARENTES,066,86066,CHATELLERAULT,RUE COLBERT,163515,0,4,VC,0,1,1,,,0,1,,,,1,7,0,0,1,0
2,7,2,1,3,86,FRANCE,POITOU-CHARENTES,194,86194,POITIERS,RUE BLAISE PASCAL ,163526,5,4,VC,0,2,2,,,0,1,,,,1,7,0,0,1,0
1,7,2,1,3,86,FRANCE,POITOU-CHARENTES,194,86194,POITIERS,RUE DE NORMANDIE,163542,5,4,VC,0,2,2,,,0,1,,,,1,7,0,0,1,0
1,7,1,1,7,86,FRANCE,POITOU-CHARENTES,194,86194,POITIERS,VOIE ANDRE MALRAUX,163549,0,4,VC,0,3,4,,,0,1,,,,1,,0,0,1,0
1,1,6,1,3,87,FRANCE,LIMOUSIN,085,87085,LIMOGES,RUE FRANCOIS PERRIN,163625,5,3,RD,0,2,2,,,0,1,,,,1,7,0,0,1,0
1,8,2,1,3,87,FRANCE,LIMOUSIN,085,87085,LIMOGES,RUE DE BELLAC,163640,5,2,RN,147,2,2,,,0,1,,,,1,7,0,0,1,0
1,8,1,1,3,87,FRANCE,LIMOUSIN,085,87085,LIMOGES,RUE THEODORE BAC,163674,0,4,VC,0,2,3,,,0,1,,,,1,7,0,0,1,0
1,5,1,1,3,87,FRANCE,LIMOUSIN,075,87075,ISLE,RUE DU BUISSON,163692,0,4,VC,0,2,2,,,0,1,,,,1,7,0,0,1,0
5,8,1,1,3,87,FRANCE,LIMOUSIN,085,87085,LIMOGES,RUE BROUSSEAUD,163734,0,4,VC,0,1,1,,,0,1,,,,1,33,0,0,1,0
1,1,1,1,3,87,FRANCE,LIMOUSIN,085,87085,LIMOGES,BOULEVARD DE LA VALOINE,163776,0,4,VC,0,3,4,,,0,1,,,,1,7,0,0,1,0
1,8,1,1,3,87,FRANCE,LIMOUSIN,085,87085,LIMOGES,RUE THEODORE BAC,163778,0,4,VC,0,3,2,,,0,1,,,,1,7,0,0,1,0
1,5,1,1,2,87,FRANCE,LIMOUSIN,113,87113,PALAIS-SUR-VIENNE (LE),AVENUE JEAN MOULIN,163800,0,4,VC,29,2,2,,,0,1,,,,1,7,0,0,1,0
1,8,1,1,6,87,FRANCE,LIMOUSIN,085,87085,LIMOGES,RUE EDGAR QUINET,163834,0,4,VC,0,2,2,,,0,1,,,,1,,0,0,0,1
5,8,3,1,3,87,FRANCE,LIMOUSIN,085,87085,LIMOGES,RUE HENRI BARBUSSE,163848,0,4,VC,0,2,2,,,0,1,,,,1,7,0,0,1,0
1,8,3,1,2,87,FRANCE,LIMOUSIN,085,87085,LIMOGES,BOULEVARD DU MAS-BOUYOL,163859,0,2,RN,0,3,6,8,800,0,1,,,,1,7,0,0,1,0
1,8,3,1,3,87,FRANCE,LIMOUSIN,085,87085,LIMOGES,IMPASSE COLBERT,163862,0,4,VC,0,2,2,,,0,0,,,,1,7,0,0,1,0
1,8,1,1,6,87,FRANCE,LIMOUSIN,085,87085,LIMOGES,RUE JEAN JAURES,163865,0,4,VC,0,2,2,,,0,4,,,,1,,0,0,1,0
1,1,1,1,6,87,FRANCE,LIMOUSIN,085,87085,LIMOGES,RUE DE BEAUVAIS,163877,0,4,VC,0,2,2,,,0,1,,,,1,,0,0,0,1
1,8,1,2,6,87,FRANCE,LIMOUSIN,085,87085,LIMOGES,RUE JEAN FREDON,163902,0,4,VC,0,2,2,,,0,0,,,,1,,0,0,1,0
1,8,1,1,6,87,FRANCE,LIMOUSIN,085,87085,LIMOGES,IMPASSE ELIE BERTHET,163964,0,4,VC,0,1,1,,,0,1,,,,1,,0,0,1,0
1,8,1,1,6,87,FRANCE,LIMOUSIN,085,87085,LIMOGES,AVENUE GARIBALDI,163990,0,2,RN,0,2,2,,,0,1,,,,1,,0,0,1,0
1,1,2,1,3,87,FRANCE,LIMOUSIN,075,87075,ISLE,ROUTE DES CHASSEURS,164004,0,4,VC,0,2,2,,,0,1,,,,1,7,0,0,1,0
1,8,1,1,6,87,FRANCE,LIMOUSIN,085,87085,LIMOGES,RUE GALLIENI,164062,0,4,VC,0,2,2,,,0,1,,,,1,7,0,0,1,0
1,8,3,1,6,87,FRANCE,LIMOUSIN,085,87085,LIMOGES,AVENUE ZAC ARMAND,164064,0,4,VC,0,3,5,,,0,1,,,,1,7,0,0,1,0
5,5,1,1,6,87,FRANCE,LIMOUSIN,065,87065,FEYTIAT,AVENUE MARTIAL VALIN,164065,0,4,VC,0,2,2,,,0,1,,,,1,7,0,0,1,0
1,8,1,1,7,87,FRANCE,LIMOUSIN,085,87085,LIMOGES,RUE JEAN JAURES,164128,0,4,VC,0,2,2,,,0,1,,,,1,,0,0,1,0
1,8,3,1,6,87,FRANCE,LIMOUSIN,085,87085,LIMOGES,RUE DES SAGNES,164133,0,3,RD,0,2,2,,,0,1,,,,1,,0,0,1,0
1,8,1,1,6,87,FRANCE,LIMOUSIN,085,87085,LIMOGES,RUE DE LA RESISTANCE LIMOUSINE,164154,0,4,VC,0,2,2,,,0,1,,,,1,,0,0,1,0
1,5,1,1,7,87,FRANCE,LIMOUSIN,065,87065,FEYTIAT,AVENUE DU PONTEIX,164159,0,3,RD,55,1,2,0,800,0,1,,,,1,,0,0,1,0
1,8,2,1,1,87,FRANCE,LIMOUSIN,085,87085,LIMOGES,AVENUE GEORGES DUMAS,164164,0,4,VC,0,3,6,,,0,1,,,,1,7,0,0,1,0
1,8,2,1,3,87,FRANCE,LIMOUSIN,085,87085,LIMOGES,RUE CHARLEMAGNE,164170,0,4,VC,0,2,2,,,0,1,,,,1,7,0,0,1,0
1,8,1,1,6,87,FRANCE,LIMOUSIN,085,87085,LIMOGES,AVENUE DU GENERAL DE GAULLE,164186,0,3,RD,0,2,2,,,0,1,,,,1,,0,0,1,0
1,8,1,1,6,87,FRANCE,LIMOUSIN,085,87085,LIMOGES,RUE DU PUY REJEAUD,164191,0,3,RD,0,2,2,1,200,0,1,,,,1,,0,0,1,0
1,8,1,1,3,87,FRANCE,LIMOUSIN,085,87085,LIMOGES,RUE D'ISLY,164215,0,4,VC,0,2,2,,,1,5,,,,1,7,0,0,1,0
1,8,1,1,6,87,FRANCE,LIMOUSIN,085,87085,LIMOGES,RUE FRANCOIS PERRIN,164240,0,4,VC,0,2,3,,,0,1,,,,1,,0,0,0,1
1,8,1,1,2,87,FRANCE,LIMOUSIN,085,87085,LIMOGES,RUE RENE PECHIERAS,164248,0,4,VC,0,2,50,,,0,1,,,,1,7,0,0,1,0
1,8,2,1,3,87,FRANCE,LIMOUSIN,085,87085,LIMOGES,QUAI SAINT MARTIAL,164254,0,3,RD,21,3,5,,,0,1,,,,1,10,0,0,1,0
1,8,3,1,6,87,FRANCE,LIMOUSIN,085,87085,LIMOGES,RUE GOYA,164289,0,4,VC,0,1,1,,,0,1,,,,1,7,0,0,1,0
1,8,1,1,6,87,FRANCE,LIMOUSIN,085,87085,LIMOGES,RUE ARISTIDE BRIAND,164346,0,4,VC,0,2,2,,,0,3,,,,1,,0,0,1,0
1,8,1,1,2,87,FRANCE,LIMOUSIN,085,87085,LIMOGES,RUE FRANCOIS PERRIN,164358,0,4,VC,0,2,2,,,0,1,,,,1,7,0,0,1,0
1,8,2,1,3,87,FRANCE,LIMOUSIN,085,87085,LIMOGES,ALLEE LARGILLIERE,164466,0,4,VC,0,2,2,,,0,1,,,,1,7,0,0,1,0
1,8,1,1,7,87,FRANCE,LIMOUSIN,085,87085,LIMOGES,RUE GEORGES BRIQUET,164478,0,4,VC,0,2,2,,,0,1,,,,1,,0,0,1,0
1,5,1,1,3,87,FRANCE,LIMOUSIN,065,87065,FEYTIAT,AVENUE MARTIAL VALIN,164485,0,4,VC,979,2,2,,,0,1,,,,1,7,0,0,1,0
1,8,1,1,7,87,FRANCE,LIMOUSIN,085,87085,LIMOGES,AVENUE GARIBALDI,164487,0,4,VC,0,2,2,,,0,1,,,,1,,0,0,1,0
1,5,1,1,6,87,FRANCE,LIMOUSIN,113,87113,PALAIS-SUR-VIENNE (LE),RUE VICTOR HUGO,164503,0,4,VC,0,2,2,,,0,1,,,,1,,0,0,1,0
1,8,1,1,2,87,FRANCE,LIMOUSIN,085,87085,LIMOGES,PLACE D'AINE,164505,0,4,VC,0,2,2,,,0,1,,,,1,7,0,0,1,0
1,8,1,1,6,87,FRANCE,LIMOUSIN,085,87085,LIMOGES,ALLEE LE GRECO,164513,0,4,VC,0,2,2,,,0,1,,,,1,,0,0,1,0
1,1,1,1,6,87,FRANCE,LIMOUSIN,065,87065,FEYTIAT,AVENUE MARTIAL VALIN,164534,0,3,RD,979,0,2,,,0,1,,,,1,7,0,0,1,0
1,8,1,1,3,87,FRANCE,LIMOUSIN,085,87085,LIMOGES,AVENUE GEORGES DUMAS,164553,0,4,VC,0,2,4,,,0,1,,,,1,7,0,0,1,0
1,8,1,1,6,87,FRANCE,LIMOUSIN,085,87085,LIMOGES,RUE JULES LADOUMEGUE,164554,0,4,VC,0,2,2,,,0,1,,,,1,,0,0,1,0
1,1,1,1,6,87,FRANCE,LIMOUSIN,065,87065,FEYTIAT,RD 979,164566,0,3,RD,979,2,2,1,700,0,1,,,,1,,0,0,1,0
1,1,1,1,7,87,FRANCE,LIMOUSIN,114,87114,PANAZOL,MARECHAL LECLERC,164589,0,3,RD,0,2,2,3,0,0,1,,,,1,,0,0,1,0
5,8,1,1,6,87,FRANCE,LIMOUSIN,085,87085,LIMOGES,RUE DALESME,164618,0,4,VC,0,1,1,,,0,1,,,,1,,0,0,1,0
1,8,1,1,6,87,FRANCE,LIMOUSIN,085,87085,LIMOGES,AVENUE DES CASSEAUX,164713,0,3,RD,29,2,2,,,0,1,,,,1,,0,0,1,0
1,8,1,1,1,87,FRANCE,LIMOUSIN,085,87085,LIMOGES,VC 0,164714,0,4,VC,0,2,2,0,0,0,1,,,,1,30,0,0,1,0
1,8,1,1,6,87,FRANCE,LIMOUSIN,085,87085,LIMOGES,VC 0,164745,0,4,VC,0,2,4,0,0,0,1,,,,1,,0,0,1,0
1,8,1,1,3,87,FRANCE,LIMOUSIN,085,87085,LIMOGES,RUE CAMILLE PISSARRO,164773,0,4,VC,0,2,2,0,0,0,0,,,,1,7,0,0,1,0
1,8,1,1,6,87,FRANCE,LIMOUSIN,085,87085,LIMOGES,RUE EDGAR QUINET,164780,0,4,VC,0,2,2,0,0,0,1,,,,1,,0,0,0,1
1,8,1,1,6,87,FRANCE,LIMOUSIN,085,87085,LIMOGES,RUE DE BUXEROLLES,164817,0,6,Parking,0,0,0,0,0,0,1,,,,1,,0,0,0,1
1,1,1,1,3,87,FRANCE,LIMOUSIN,075,87075,ISLE,RN 21,164825,0,2,RN,21,2,3,8,0,0,1,,,,1,7,0,0,1,0
1,8,1,1,6,87,FRANCE,LIMOUSIN,085,87085,LIMOGES,AVENUE DU MARECHAL LATTRE-DE-TASSIGNY,164829,0,3,RD,941,2,2,34,700,0,1,,,,1,,0,0,0,1
1,5,1,1,7,87,FRANCE,LIMOUSIN,114,87114,PANAZOL,AVENUE PRESIDENT-SADI CARNOT,164838,0,3,RD,941,0,2,33,500,0,1,,,,1,,0,0,1,0
5,8,1,1,6,87,FRANCE,LIMOUSIN,085,87085,LIMOGES,PLACE DE STALINGRAD,164841,0,4,VC,0,1,1,0,0,0,1,,,,1,,0,0,1,0
5,5,9,1,6,87,FRANCE,LIMOUSIN,113,87113,PALAIS-SUR-VIENNE (LE),ALLEE DES PAQUERETTES,164844,0,4,VC,0,2,2,0,0,0,1,,,,1,,0,0,1,0
1,5,1,1,6,87,FRANCE,LIMOUSIN,075,87075,ISLE,AVENUE DE LA REPUBLIQUE,164854,0,4,VC,0,2,2,0,0,0,1,,,,1,,0,0,1,0
1,8,1,1,6,87,FRANCE,LIMOUSIN,085,87085,LIMOGES,RUE DE FEYTIAT,164860,0,3,RD,979,2,2,0,880,0,1,,,,1,,0,0,1,0
2,8,1,1,3,87,FRANCE,LIMOUSIN,085,87085,LIMOGES,BOULEVARD ROBERT SCHUMAN,164866,0,4,VC,0,2,9,0,0,0,1,,,,1,37,0,0,0,1
1,8,1,1,6,87,FRANCE,LIMOUSIN,085,87085,LIMOGES,RUE DE L'ENEIDE,164870,0,4,VC,0,2,2,0,0,0,1,,,,1,,0,0,1,0
1,8,1,1,6,87,FRANCE,LIMOUSIN,085,87085,LIMOGES,RUE JEAN BAPTISTE CHASTAING,164894,0,6,Parking,0,0,0,0,0,0,1,,,,1,,0,0,1,0
1,8,3,1,3,87,FRANCE,LIMOUSIN,085,87085,LIMOGES,RUE CAMILLE GUERIN,164898,0,4,VC,0,2,2,0,0,0,1,,,,1,7,0,0,1,0
1,5,1,1,6,87,FRANCE,LIMOUSIN,050,87050,COUZEIX,CHEMIN DU VILLAGEAS,164901,0,4,VC,0,0,1,0,0,0,0,,,,1,,0,0,1,0
1,8,2,1,3,87,FRANCE,LIMOUSIN,085,87085,LIMOGES,QUAI LOUIS GOUJAUD,164939,0,2,RN,520,2,5,18,258,0,0,4582600,126784,,1,7,0,0,1,0
1,5,1,1,6,87,FRANCE,LIMOUSIN,050,87050,COUZEIX,ROUTE DE BUXEROLLES,164956,0,4,VC,0,2,2,0,0,0,1,,,,1,,0,0,1,0
5,8,1,1,6,87,FRANCE,LIMOUSIN,085,87085,LIMOGES,AVENUE DU GENERAL LECLERC,164987,0,4,VC,0,2,2,0,0,0,1,,,,1,7,0,0,1,0
1,8,1,1,3,87,FRANCE,LIMOUSIN,085,87085,LIMOGES,AVENUE BAUDIN,164993,0,2,RN,21,2,2,2,400,0,1,4581520,124871,,1,7,0,0,1,0
1,8,2,1,6,87,FRANCE,LIMOUSIN,085,87085,LIMOGES,BOULEVARD GAMBETTA,165003,0,4,VC,0,2,3,0,0,0,1,,,,1,37,0,0,1,0
1,8,1,1,6,87,FRANCE,LIMOUSIN,085,87085,LIMOGES,RUE LOUVRIER DE LAJOLAIS,165035,0,4,VC,0,2,2,0,0,0,0,,,,1,,0,0,1,0
1,8,1,1,6,87,FRANCE,LIMOUSIN,085,87085,LIMOGES,RUE GEORGES FOUREST,165036,0,4,VC,0,2,2,0,0,0,1,,,,1,,0,0,1,0
5,8,3,2,3,87,FRANCE,LIMOUSIN,085,87085,LIMOGES,RD 941,165042,0,3,RD,941,2,3,34,622,0,1,4582550,127884,,1,7,0,0,1,0
1,8,1,1,6,87,FRANCE,LIMOUSIN,085,87085,LIMOGES,RUE PIERRE MENDES FRANCE,165046,0,4,VC,0,2,2,,,0,1,,,,1,,0,0,1,0
5,5,2,3,3,87,FRANCE,LIMOUSIN,065,87065,FEYTIAT,RD 32,165072,0,3,RD,320,2,2,0,0,0,1,4579400,129533,,1,7,0,0,1,0
1,8,4,1,3,87,FRANCE,LIMOUSIN,085,87085,LIMOGES,RUE DE TOULOUSE,165076,0,4,VC,704,2,3,0,0,0,1,,,,1,7,0,0,1,0
1,8,9,1,3,87,FRANCE,LIMOUSIN,085,87085,LIMOGES,RUE DE BRANTOME,165107,0,4,VC,0,2,2,0,0,0,1,,,,1,7,0,0,1,0
1,8,1,1,6,87,FRANCE,LIMOUSIN,085,87085,LIMOGES,BOULEVARD GAMBETTA,165123,0,4,VC,0,2,3,0,0,2,1,,,,1,7,0,0,1,0
1,8,1,1,1,87,FRANCE,LIMOUSIN,085,87085,LIMOGES,FIRMIN DELAGE,165130,0,4,VC,0,2,2,0,0,0,1,,,,1,7,0,0,1,0
1,8,3,1,3,87,FRANCE,LIMOUSIN,085,87085,LIMOGES,RUE DU PETIT TOUR,165147,0,4,VC,0,2,2,0,0,0,1,,,,1,7,0,0,1,0
1,8,1,1,3,87,FRANCE,LIMOUSIN,085,87085,LIMOGES,RUE FRANCOIS PERRIN,165148,0,4,VC,0,2,2,0,0,0,1,,,,1,7,0,0,1,0
1,8,1,1,6,87,FRANCE,LIMOUSIN,085,87085,LIMOGES,AVENUE BAUDIN,165185,0,4,VC,0,2,2,0,0,0,1,,,,1,,0,0,1,0
1,1,1,1,6,87,FRANCE,LIMOUSIN,075,87075,ISLE,D74,165193,0,3,RD,74,2,2,8,250,0,1,4578540,120807,,1,,0,0,1,0
1,1,1,1,1,87,FRANCE,LIMOUSIN,075,87075,ISLE,D20,165224,0,3,RD,20,2,2,27,300,0,1,4580940,116306,,1,7,0,0,1,0
1,8,2,1,3,87,FRANCE,LIMOUSIN,085,87085,LIMOGES,rue Georges GUINGOUIN,165316,0,3,RD,220,2,2,1,6,0,1,4590280,129652,,1,7,0,0,1,0
1,8,1,1,3,87,FRANCE,LIMOUSIN,085,87085,LIMOGES,RUE MARCEL MADOUMIER,165319,0,6,Parking,0,0,0,0,0,0,1,,,,1,7,0,0,1,0
1,8,1,1,6,87,FRANCE,LIMOUSIN,085,87085,LIMOGES,RUE DU DOCTEUR LEON JOUHAUD,165325,0,4,VC,0,2,2,0,0,0,1,0,0,,1,,0,0,1,0
5,8,1,1,2,87,FRANCE,LIMOUSIN,085,87085,LIMOGES,RUE JULES GUESDE ,165371,0,4,VC,0,1,1,0,0,0,1,,,,1,7,0,0,1,0
1,1,9,1,3,87,FRANCE,LIMOUSIN,075,87075,ISLE,RD 79,165376,0,3,RD,79,2,2,4,153,0,1,4582080,120822,,1,7,0,0,1,0
1,1,3,1,3,87,FRANCE,LIMOUSIN,075,87075,ISLE,RN 21,165399,0,2,RN,21,2,3,8,8,0,1,4578250,120103,,1,7,0,0,1,0
1,8,1,1,6,87,FRANCE,LIMOUSIN,085,87085,LIMOGES,AVENUE DU GENERAL LECLERC,165419,0,4,VC,,2,2,,,0,1,,,,1,,0,0,1,0
1,8,2,1,3,87,FRANCE,LIMOUSIN,085,87085,LIMOGES,RUE DU CLOS AUGIER,165445,0,4,VC,,2,2,,,0,1,,,,1,7,0,0,1,0
1,8,1,1,6,87,FRANCE,LIMOUSIN,085,87085,LIMOGES,RUE HENRI LAGRANGE,165453,0,4,VC,,2,2,,,0,1,,,,1,,0,0,1,0
1,8,1,1,6,87,FRANCE,LIMOUSIN,085,87085,LIMOGES,AVENUE GEORGES POMPIDOU,165482,0,4,VC,0,2,3,0,0,0,1,,,,1,,0,0,1,0
1,8,1,1,6,87,FRANCE,LIMOUSIN,085,87085,LIMOGES,RUE CAMILLE PISSARO,165492,0,4,VC,0,2,2,0,0,0,1,,,,1,,0,0,1,0
1,8,1,1,2,87,FRANCE,LIMOUSIN,085,87085,LIMOGES,RUE FRANCOIS PERRIN,165534,0,4,VC,0,2,2,0,0,0,1,,,,1,10,0,0,1,0
2,1,1,1,7,87,FRANCE,LIMOUSIN,048,87048,CONDAT-SUR-VIENNE,RD 11,165539,0,4,VC,0,2,2,2,800,0,3,,,,1,,0,0,1,0
1,8,1,1,6,87,FRANCE,LIMOUSIN,085,87085,LIMOGES,RUE LOUIS CASIMIR RANSON,165547,0,4,VC,0,2,2,,,0,1,,,,1,7,0,0,1,0
3,6,1,8,2,88,FRANCE,LORRAINE,160,88160,EPINAL,RUE SAINT NICOLAS,165587,0,4,VC,0,2,2,,,0,1,,,,1,7,0,0,1,0
1,4,1,1,6,88,FRANCE,LORRAINE,424,88424,SAINTE-MARGUERITE,AVENUE DU GENERAL DE GAULLE,165595,5,4,VC,0,2,2,,,0,1,,,,1,17,0,0,1,0
1,5,1,4,2,88,FRANCE,LORRAINE,465,88465,THAON-LES-VOSGES,Autre 0,165596,4,9,Autre,0,2,0,0,0,0,1,0,0,,1,7,0,0,1,0
5,4,1,2,1,88,FRANCE,LORRAINE,218,88218,GRANGES-SUR-VOLOGNE,VC 0,165603,0,4,VC,0,2,1,0,0,0,1,4814800,679100,,1,10,0,0,1,0
1,5,1,7,3,88,FRANCE,LORRAINE,383,88383,REMIREMONT,Route de Bussang,165626,0,3,RD,0,2,2,,,0,1,,,,1,7,0,0,1,0