lum,agg,int,atm,col,dep_bis,pays,region,com_bis,com_codeINSEE,communes,N_voie,numac,infra,catr,type_route,voie,circ,nbv,pr,pr1,vosp,situ,lat,long,adr,accident_velo,vehicule_imp,cycl_mort,cycl_bgv,cycl_blg,cycl_indm
2,6,1,4,3,88,FRANCE,LORRAINE,160,88160,EPINAL,AVENUE DES TEMPLIERS,165642,0,3,RD,0,2,3,,,0,1,,,,1,7,0,0,1,0
1,5,2,1,3,88,FRANCE,LORRAINE,209,88209,GOLBEY,RUE DE LA MOSELLE,165656,0,3,RD,0,2,2,,,0,1,,,,1,7,0,0,1,0
1,6,1,1,3,88,FRANCE,LORRAINE,160,88160,EPINAL,QUAI DE DOGNEVILLE,165658,0,4,VC,0,2,3,,,0,1,,,,1,7,0,0,1,0
1,6,1,1,6,88,FRANCE,LORRAINE,413,88413,SAINT-DIE-DES-VOSGES,AVENUE DE ROBACHE,165660,0,4,VC,0,2,2,,,0,1,,,,1,7,0,0,1,0
1,4,1,1,1,88,FRANCE,LORRAINE,181,88181,FRAIZE,VC 0,165671,6,4,VC,0,2,0,0,0,0,1,0,0,,1,7,0,0,1,0
2,6,1,2,3,88,FRANCE,LORRAINE,160,88160,EPINAL,AVENUE DES TEMPLIERS,165713,0,4,VC,0,2,2,,,0,1,,,,1,7,0,0,1,0
1,6,3,1,3,88,FRANCE,LORRAINE,160,88160,EPINAL,RUE NEUVE-GRANGE,165728,0,3,RD,0,2,2,,,0,1,4814879,645925,,1,7,0,0,1,0
1,4,1,1,2,88,FRANCE,LORRAINE,090,88090,CHARMES,VC 0,165730,0,4,VC,0,2,2,0,0,0,1,0,0,,1,7,0,0,1,0
1,3,1,1,3,88,FRANCE,LORRAINE,212,88212,GRAND,VC 0,165731,0,4,VC,0,2,0,0,0,0,1,0,0,,1,10,0,0,1,0
1,1,1,1,6,88,FRANCE,LORRAINE,438,88438,SALLE (LA),RD 32,165738,0,3,RD,32,2,2,39,800,0,1,0,0,,1,,0,0,1,0
1,5,1,1,3,88,FRANCE,LORRAINE,209,88209,GOLBEY,RUE DES CITES NOUVELLES,165745,0,4,VC,0,2,1,,,0,1,,,,1,7,0,0,1,0
1,1,2,1,3,88,FRANCE,LORRAINE,209,88209,GOLBEY,RUE D'EPINAL,165749,0,3,RD,0,2,2,,,0,0,4819765,643899,,1,7,0,0,1,0
1,6,2,1,3,88,FRANCE,LORRAINE,160,88160,EPINAL,AVENUE LEON BLUM,165781,0,4,VC,0,2,2,0,0,0,1,4819060,645996,,1,7,0,0,1,0
1,6,2,1,3,88,FRANCE,LORRAINE,160,88160,EPINAL,RD 42,165787,0,3,RD,42,2,2,0,590,0,5,4816950,644845,,1,7,0,0,1,0
1,4,1,1,2,88,FRANCE,LORRAINE,424,88424,SAINTE-MARGUERITE,RD 58,165796,0,3,RD,58,2,2,9,60,0,1,4826550,698104,,1,7,0,0,1,0
1,6,1,1,6,88,FRANCE,LORRAINE,413,88413,SAINT-DIE-DES-VOSGES,RD 420,165799,0,3,RD,420,2,2,49,280,0,5,4828260,695145,,1,7,0,0,1,0
1,6,3,1,3,88,FRANCE,LORRAINE,413,88413,SAINT-DIE-DES-VOSGES,RUE D'ALSACE,165803,0,3,RD,420,2,2,49,861,0,1,4827920,695738,,1,7,0,0,1,0
5,5,1,3,2,88,FRANCE,LORRAINE,372,88372,RAON-L'ETAPE,VC 0,165809,0,4,VC,0,2,0,0,0,0,1,4840140,685331,,1,2,0,0,1,0
1,4,1,1,7,88,FRANCE,LORRAINE,090,88090,CHARMES,Autre 0,165835,0,9,Autre,0,2,0,0,0,0,1,4837330,629413,,1,,0,0,1,0
2,4,2,2,3,88,FRANCE,LORRAINE,513,88513,VINCEY,RD 157,165853,5,3,RD,157,2,2,9,877,0,1,4834150,633324,,1,10,0,0,1,0
1,5,2,1,3,88,FRANCE,LORRAINE,516,88516,VITTEL,RD 229,165865,0,3,RD,229,2,2,24,380,0,1,4819846,593986,,1,7,0,0,1,0
1,6,2,1,3,88,FRANCE,LORRAINE,160,88160,EPINAL,RD 42,165869,0,3,RD,42,2,4,0,985,0,1,4816706,645253,,1,7,0,0,1,0
1,6,3,1,1,88,FRANCE,LORRAINE,160,88160,EPINAL,RUE DE LA BASSE-DESIE,165873,0,4,VC,0,2,1,,,0,0,4819064,645035,,1,7,0,0,1,0
1,4,1,7,3,88,FRANCE,LORRAINE,424,88424,SAINTE-MARGUERITE,Rue de BROMPONT,165881,0,4,VC,0,2,2,,,0,1,4827413,698184,,1,7,0,0,1,0
5,6,2,2,3,89,FRANCE,BOURGOGNE,024,89024,AUXERRE,AVENUE JEAN MERMOZ,165890,5,2,RN,0,2,2,,,0,1,,,,1,7,0,0,1,0
3,1,1,5,1,89,FRANCE,BOURGOGNE,304,89304,POILLY-SUR-THOLON,RD 89,165893,0,3,RD,89,2,2,15,0,0,1,0,0,,1,7,0,0,1,0
1,6,2,1,2,89,FRANCE,BOURGOGNE,024,89024,AUXERRE,AVENUE JEAN JAURES,165911,5,4,VC,0,2,2,,,0,1,,,,1,7,0,0,1,0
1,6,2,1,6,89,FRANCE,BOURGOGNE,024,89024,AUXERRE,RUE DES LISERONS,165937,5,4,VC,0,2,2,,,0,1,,,,1,18,0,0,1,0
1,6,1,1,2,89,FRANCE,BOURGOGNE,387,89387,SENS,AVENUE GEORGES POMPIDOU,165938,0,4,VC,0,2,2,,,1,1,,,,1,7,0,0,1,0
1,6,3,1,3,89,FRANCE,BOURGOGNE,024,89024,AUXERRE,RUE MAX BLONDAT,165951,0,4,VC,0,2,2,,,0,1,,,,1,10,0,0,1,0
5,6,6,2,3,89,FRANCE,BOURGOGNE,387,89387,SENS,ROND-POINT BARBIER,165974,5,3,RD,0,1,1,,,0,1,,,,1,7,0,0,1,0
1,4,1,1,2,89,FRANCE,BOURGOGNE,338,89338,SAINT-CLEMENT,PLACE DE L'EGLISE,165989,0,4,VC,0,2,2,,,0,1,,,,1,7,0,0,1,0
1,3,1,1,1,89,FRANCE,BOURGOGNE,370,89370,SAINT-VALERIEN,VC 0,165999,0,4,VC,0,2,2,0,0,0,1,4818300,309500,,1,7,0,0,1,0
1,2,1,1,1,89,FRANCE,BOURGOGNE,434,89434,VAUMORT,VC 0,166006,0,4,VC,0,2,2,0,0,0,1,0,0,,1,7,0,0,1,0
1,6,6,1,3,89,FRANCE,BOURGOGNE,387,89387,SENS,ROND-POINT BAUDRY,166011,0,4,VC,0,1,2,,,0,1,,,,1,7,0,0,1,0
1,2,1,1,6,89,FRANCE,BOURGOGNE,209,89209,JOUY,RD 42,166034,0,3,RD,42,2,2,0,0,0,1,4817100,296400,,1,7,0,0,1,0
5,6,1,1,6,89,FRANCE,BOURGOGNE,387,89387,SENS,RUE ALSACE LORRAINE ,166053,0,4,VC,0,2,2,,,0,1,,,,1,7,0,0,1,0
1,1,1,1,1,89,FRANCE,BOURGOGNE,365,89365,SAINT-PRIVE,RD 90,166057,0,3,RD,90,2,0,9,800,0,0,4769100,297900,,1,7,0,0,1,0
1,6,1,1,3,89,FRANCE,BOURGOGNE,387,89387,SENS,BOULEVARD MAUPEOU,166097,0,6,Parking,0,1,0,,,0,0,,,,1,7,0,0,1,0
1,1,1,1,2,89,FRANCE,BOURGOGNE,186,89186,GERMIGNY,RD 905,166099,0,3,RD,905,2,2,36,0,0,1,4800100,376700,,1,7,0,0,1,0
1,6,1,1,3,89,FRANCE,BOURGOGNE,387,89387,SENS,AVENUE DE SENIGALLIA,166124,0,4,VC,0,2,2,,,1,5,,,,1,7,0,0,1,0
1,2,1,1,1,89,FRANCE,BOURGOGNE,483,89483,VOISINES,RD 40,166147,0,3,RD,40,2,2,9,700,0,1,0,0,,1,7,0,0,1,0
1,6,2,1,1,89,FRANCE,BOURGOGNE,387,89387,SENS,BOULEVARD DE VERDUN,166154,0,4,VC,0,2,3,,,0,1,,,,1,7,0,0,1,0
1,5,1,1,1,89,FRANCE,BOURGOGNE,025,89025,AVALLON,VC 0,166158,0,4,VC,0,2,0,0,0,0,1,0,0,,1,7,0,0,1,1
1,6,1,1,3,89,FRANCE,BOURGOGNE,387,89387,SENS,AVENUE DE L'EUROPE,166169,6,4,VC,0,2,2,,,0,1,,,,1,7,0,0,1,0
1,6,2,1,3,89,FRANCE,BOURGOGNE,387,89387,SENS,AVENUE DE LA MARNE,166173,0,4,VC,0,2,2,,,0,1,,,,1,7,0,0,1,0
3,1,1,1,2,89,FRANCE,BOURGOGNE,263,89263,MONETEAU,RD 606,166207,0,3,RD,606,2,3,79,900,0,1,4785200,354900,,1,15,0,0,1,0
1,1,6,1,3,89,FRANCE,BOURGOGNE,453,89453,VILLEFARGEAU,RD 158,166242,5,3,RD,158,1,2,3,808,0,1,0,0,,1,7,0,0,1,0
3,1,1,1,6,89,FRANCE,BOURGOGNE,037,89037,BEON,RD 606,166272,0,3,RD,606,2,3,56,100,0,1,4798100,334900,,1,,0,0,1,0
1,1,1,1,2,89,FRANCE,BOURGOGNE,142,89142,DIXMONT,RD 140,166282,0,3,RD,140,2,2,10,900,0,1,0,0,,1,7,0,0,1,0
1,6,1,1,6,89,FRANCE,BOURGOGNE,387,89387,SENS,PLACE DES HEROS,166292,0,4,VC,0,1,2,,,0,1,,,,1,7,0,0,1,0
1,6,6,1,3,89,FRANCE,BOURGOGNE,387,89387,SENS,ROND-POINT BARBIER,166293,0,4,VC,0,1,2,,,1,1,,,,1,7,0,0,1,0
1,6,1,1,2,89,FRANCE,BOURGOGNE,387,89387,SENS,RUE VICTOR GUICHARD,166294,0,4,VC,0,2,2,,,0,1,,,,1,7,0,0,1,0
1,4,3,1,3,90,FRANCE,FRANCHE-COMTE,099,90099,VALDOIE,RUE DU MARTINET,166302,0,4,VC,0,0,2,,,0,1,,,,1,7,0,0,1,0
1,4,1,1,6,90,FRANCE,FRANCHE-COMTE,032,90032,DANJOUTIN,RUE DE LA BAUME,166304,0,4,VC,0,2,2,,,0,1,,,,1,10,0,0,1,0
1,7,2,8,3,90,FRANCE,FRANCHE-COMTE,010,90010,BELFORT,AVENUE DE BRISACH,166306,0,4,VC,0,2,3,,,0,1,,,,1,7,0,0,1,0
1,7,2,1,3,90,FRANCE,FRANCHE-COMTE,010,90010,BELFORT,RUE METZ JUTEAU,166314,0,4,VC,0,1,1,,,0,0,,,,1,7,0,0,1,0
1,7,1,1,6,90,FRANCE,FRANCHE-COMTE,010,90010,BELFORT,RUE HOUBRE,166317,0,4,VC,0,2,2,,,0,1,,,,1,7,0,0,1,0
1,4,1,1,3,90,FRANCE,FRANCHE-COMTE,099,90099,VALDOIE,RUE DU GENERAL DE GAULLE ,166324,0,4,VC,0,2,2,7,450,0,1,,,,1,38,0,0,1,0
1,7,1,1,3,90,FRANCE,FRANCHE-COMTE,010,90010,BELFORT,RUE D'ALEMBERT,166343,0,4,VC,0,2,2,,,0,1,,,,1,7,0,0,1,0
1,7,1,1,2,90,FRANCE,FRANCHE-COMTE,010,90010,BELFORT,RUE DE TURENNE,166347,0,3,RD,0,2,2,25,390,0,1,,,,1,7,0,0,1,0
1,7,2,2,3,90,FRANCE,FRANCHE-COMTE,010,90010,BELFORT,AVENUE DE BRISACH,166356,0,2,RN,0,2,3,7,500,0,1,,,,1,10,0,0,1,0
1,2,1,1,3,90,FRANCE,FRANCHE-COMTE,051,90051,FROIDEFONTAINE,RD 35,166381,0,3,RD,35,0,0,0,0,0,1,0,0,,1,21,0,0,1,0
1,4,1,1,1,90,FRANCE,FRANCHE-COMTE,099,90099,VALDOIE,RUE DE TURENNE,166419,0,4,VC,0,2,2,,,0,1,,,,1,7,0,0,1,0
1,1,1,1,3,90,FRANCE,FRANCHE-COMTE,008,90008,BAVILLIERS,RUE DU FORT,166426,0,4,VC,0,2,1,,,0,1,,,,1,7,0,0,1,0
1,1,2,1,3,90,FRANCE,FRANCHE-COMTE,008,90008,BAVILLIERS,RUE GRAND',166442,0,3,RD,0,3,2,3,30,0,1,,,,1,7,0,0,1,0
1,4,3,1,3,90,FRANCE,FRANCHE-COMTE,039,90039,ESSERT,RUE DU GENERAL DE GAULLE ,166482,0,4,VC,0,2,2,2,450,0,1,,,,1,7,0,0,1,0
1,7,1,1,6,90,FRANCE,FRANCHE-COMTE,010,90010,BELFORT,BOULEVARD KENNEDY,166488,0,2,RN,0,1,2,2,300,2,1,,,,1,32,,,,
1,7,1,1,6,90,FRANCE,FRANCHE-COMTE,010,90010,BELFORT,RUE DE LA CINQUIEME D.B.,166490,0,4,VC,0,2,2,,,0,1,,,,1,10,0,0,1,0
5,7,2,2,3,90,FRANCE,FRANCHE-COMTE,010,90010,BELFORT,AVENUE DE LA PREMIERE ARMEE FRANCAISE,166495,0,4,VC,0,0,2,,,0,1,,,,1,7,0,0,1,0
1,7,1,2,6,90,FRANCE,FRANCHE-COMTE,010,90010,BELFORT,QUAI VAUBAN,166497,0,9,Autre,0,2,2,,,1,5,,,,1,,0,0,0,1
1,1,1,2,3,90,FRANCE,FRANCHE-COMTE,010,90010,BELFORT,RUE LEBLEU,166499,0,4,VC,0,1,1,,,0,1,,,,1,10,0,0,1,0
1,7,1,1,6,90,FRANCE,FRANCHE-COMTE,010,90010,BELFORT,AVENUE JEAN JAURES,166500,0,4,VC,0,2,2,,,0,1,,,,1,,0,0,0,1
1,7,1,1,1,90,FRANCE,FRANCHE-COMTE,010,90010,BELFORT,RUE PARMENTIER,166511,0,4,VC,0,2,2,,,0,1,,,,1,7,0,0,1,0
1,1,6,1,3,90,FRANCE,FRANCHE-COMTE,099,90099,VALDOIE,CD5,166521,5,3,RD,0,2,2,,,0,1,,,,1,7,0,0,1,0
1,7,1,1,6,90,FRANCE,FRANCHE-COMTE,010,90010,BELFORT,AVENUE LECLERC,166522,6,9,Autre,0,0,0,,,0,4,,,,1,,0,0,0,1
4,7,1,1,6,90,FRANCE,FRANCHE-COMTE,010,90010,BELFORT,RUE DES CAPUCINS,166526,0,4,VC,0,1,1,,,0,1,,,,1,,0,0,1,0
1,7,1,1,3,90,FRANCE,FRANCHE-COMTE,010,90010,BELFORT,RUE MICHELET,166532,2,4,VC,0,2,3,,,3,1,,,,1,7,0,0,1,0
1,7,1,1,3,90,FRANCE,FRANCHE-COMTE,010,90010,BELFORT,RUE DE MULHOUSE,166533,0,4,VC,0,1,1,,,0,1,,,,1,7,0,0,1,0
1,4,1,1,6,90,FRANCE,FRANCHE-COMTE,099,90099,VALDOIE,RUE DU MONCEAU,166553,0,4,VC,0,0,1,,,1,5,,,,1,,0,0,0,1
1,7,1,1,2,90,FRANCE,FRANCHE-COMTE,010,90010,BELFORT,AVENUE JEAN MOULIN,166556,0,4,VC,0,2,2,,,0,1,,,,1,7,0,0,1,0
1,7,1,1,1,90,FRANCE,FRANCHE-COMTE,010,90010,BELFORT,RUE GAMBIEZ,166572,0,9,Autre,0,0,2,,,1,5,,,,1,,0,0,0,1
1,4,6,1,3,90,FRANCE,FRANCHE-COMTE,099,90099,VALDOIE,RUE DU MONCEAU,166580,0,3,RD,0,2,0,,,0,1,,,,1,7,0,0,1,0
1,7,3,1,3,90,FRANCE,FRANCHE-COMTE,010,90010,BELFORT,RUE DE LA MECHELLE,166587,1,4,VC,0,2,2,,,1,5,,,,1,,0,0,0,1
1,7,3,1,3,90,FRANCE,FRANCHE-COMTE,010,90010,BELFORT,RUE FLOREAL,166588,0,4,VC,0,1,1,,,0,1,,,,1,7,0,0,1,0
1,7,1,1,6,90,FRANCE,FRANCHE-COMTE,010,90010,BELFORT,PLACE DE LA LIBERTE,166591,0,6,Parking,0,0,0,,,0,0,,,,1,7,0,0,1,0
1,7,3,1,6,90,FRANCE,FRANCHE-COMTE,010,90010,BELFORT,RUE DE VESOUL,166596,0,4,VC,0,0,1,,,0,1,,,,1,,,,,
1,7,1,1,7,90,FRANCE,FRANCHE-COMTE,010,90010,BELFORT,BOULEVARD MARECHAL JOFFRE,166597,0,3,RD,0,3,3,,,0,1,,,,1,,0,0,1,0
1,7,1,1,3,90,FRANCE,FRANCHE-COMTE,010,90010,BELFORT,AVENUE JEAN JAURES,166603,0,3,RD,0,2,2,,,0,1,,,,1,7,0,0,1,0
1,7,1,1,7,90,FRANCE,FRANCHE-COMTE,010,90010,BELFORT,RUE MARCHAL,166607,0,4,VC,0,2,2,,,0,1,,,,1,,0,0,1,0
1,7,3,1,3,90,FRANCE,FRANCHE-COMTE,010,90010,BELFORT,RUE ADRIEN GUIDON,166608,0,4,VC,0,2,2,,,0,1,,,,1,7,0,0,1,0
1,7,1,2,2,90,FRANCE,FRANCHE-COMTE,010,90010,BELFORT,QUAI VALLET,166610,0,4,VC,0,1,1,,,0,1,,,,1,7,0,0,1,0
1,7,1,1,7,90,FRANCE,FRANCHE-COMTE,010,90010,BELFORT,RUE JEAN DE LA FONTAINE,166612,0,2,RN,0,2,1,,,0,1,,,,1,,0,0,1,0
1,7,1,1,3,90,FRANCE,FRANCHE-COMTE,010,90010,BELFORT,BOULEVARD CLEMENCEAU,166637,0,4,VC,0,1,0,,,0,1,,,,1,7,0,0,1,0
1,7,1,1,3,90,FRANCE,FRANCHE-COMTE,010,90010,BELFORT,PONT CARNOT,166643,2,4,VC,0,2,4,,,1,1,,,,1,7,0,0,1,0
5,4,1,8,3,90,FRANCE,FRANCHE-COMTE,039,90039,ESSERT,RUE DES CHENES,166654,0,4,VC,0,2,2,,,0,1,,,,1,7,0,0,1,0
1,7,1,1,3,90,FRANCE,FRANCHE-COMTE,010,90010,BELFORT,BOULEVARD RICHELIEU,166658,0,4,VC,,2,2,,,0,4,,,,1,7,0,0,1,0
1,4,1,1,7,90,FRANCE,FRANCHE-COMTE,099,90099,VALDOIE,RUE DU MARTINET,166689,0,4,VC,0,2,2,,,0,3,,,,1,,0,0,1,0
1,4,6,1,3,90,FRANCE,FRANCHE-COMTE,099,90099,VALDOIE,RUE EHRET,166698,5,4,VC,,1,2,,,2,5,,,,1,7,0,0,1,0
1,7,1,1,1,90,FRANCE,FRANCHE-COMTE,010,90010,BELFORT,RUE JEAN DE LA FONTAINE,166699,0,4,VC,,2,2,,,0,4,,,,1,7,0,0,1,0
1,7,3,1,3,90,FRANCE,FRANCHE-COMTE,010,90010,BELFORT,PLACE SAGET,166722,0,3,RD,83,1,1,5,1320,2,1,,,,1,10,0,0,1,0
2,7,1,1,6,90,FRANCE,FRANCHE-COMTE,010,90010,BELFORT,BOULEVARD ANATOLE FRANCE,166726,0,3,RD,83,2,4,5,750,1,5,,,,1,7,0,0,1,0
1,4,3,1,3,90,FRANCE,FRANCHE-COMTE,099,90099,VALDOIE,RUE DE TURENNE,166727,0,3,RD,465,2,2,25,100,0,1,,,,1,7,0,0,1,0
1,7,1,1,3,90,FRANCE,FRANCHE-COMTE,010,90010,BELFORT,RUE DE VESOUL,166732,0,4,VC,,0,2,,,0,1,,,,1,7,0,0,1,0
1,3,6,1,2,90,FRANCE,FRANCHE-COMTE,001,90001,ANDELNANS,ZAC DES PRES,166739,0,3,RD,19,2,2,10,500,0,0,,,,1,7,0,0,1,0
1,3,3,1,3,90,FRANCE,FRANCHE-COMTE,001,90001,ANDELNANS,RUE DE BOTANS,166751,5,3,RD,19,2,3,9,504,0,1,,,,1,7,0,0,1,0
1,7,1,1,1,90,FRANCE,FRANCHE-COMTE,010,90010,BELFORT,RUE DE DANJOUTIN,166755,0,4,VC,,2,2,,,1,5,,,,1,,0,0,1,0
1,7,1,1,3,90,FRANCE,FRANCHE-COMTE,010,90010,BELFORT,BOULEVARD ANATOLE FRANCE,166759,2,3,RD,83,2,4,0,870,0,1,,,,1,7,0,0,1,0
1,3,1,1,1,90,FRANCE,FRANCHE-COMTE,029,90029,CRAVANCHE,RUE PIERRE ET MARIE CURIE,166769,0,4,VC,,0,1,,,0,1,,,,1,7,0,0,1,0
1,4,1,1,3,90,FRANCE,FRANCHE-COMTE,032,90032,DANJOUTIN,RUE MOZARD,166810,0,4,VC,,0,0,,,2,5,,,,1,7,0,0,1,0
1,7,1,1,3,90,FRANCE,FRANCHE-COMTE,010,90010,BELFORT,RUE DU SALBERT,166811,0,4,VC,,0,2,,,0,1,,,,1,7,0,0,1,0
1,4,1,1,3,90,FRANCE,FRANCHE-COMTE,032,90032,DANJOUTIN,RUE MARC ANTOINE LAVIE,166812,0,4,VC,,0,0,,,0,1,,,,1,7,0,0,1,0
1,7,3,1,3,90,FRANCE,FRANCHE-COMTE,010,90010,BELFORT,BOULEVARD KENNEDY,166835,0,3,RD,83,1,2,5,1890,0,1,,,,1,7,0,0,1,0
1,7,1,1,6,90,FRANCE,FRANCHE-COMTE,010,90010,BELFORT,AVENUE DE BRISACH,166842,0,3,RD,83,1,2,7,300,0,1,,,,1,13,0,0,1,0
1,7,1,1,6,90,FRANCE,FRANCHE-COMTE,010,90010,BELFORT,RUE ALBERT 1ER ,166852,0,4,VC,0,2,2,,,0,1,,,,1,,0,0,0,1
1,4,1,1,3,90,FRANCE,FRANCHE-COMTE,099,90099,VALDOIE,RUE ALBERT THOMAS,166855,0,4,VC,0,0,1,,,0,1,,,,1,7,0,0,1,0
1,7,1,1,6,90,FRANCE,FRANCHE-COMTE,010,90010,BELFORT,RUE DOREY,166857,0,4,VC,0,0,1,,,0,1,,,,1,7,0,0,1,0
1,4,1,1,2,90,FRANCE,FRANCHE-COMTE,032,90032,DANJOUTIN,RUE DU BOSMONT,166858,0,3,RD,23,3,2,6,200,0,1,,,,1,7,0,0,1,0
1,7,1,1,3,90,FRANCE,FRANCHE-COMTE,010,90010,BELFORT,RUE DE DANJOUTIN,166864,0,4,VC,0,0,1,,,1,5,,,,1,7,0,0,1,0
1,7,1,1,3,90,FRANCE,FRANCHE-COMTE,010,90010,BELFORT,AVENUE JEAN MOULIN,166872,0,3,RD,13,2,2,9,756,0,4,,,,1,7,0,0,1,0
5,7,1,1,7,90,FRANCE,FRANCHE-COMTE,010,90010,BELFORT,FAUBOURG DE LYON,166875,0,3,RD,483,1,2,0,600,0,1,,,,1,,0,0,1,0
1,3,1,1,6,90,FRANCE,FRANCHE-COMTE,029,90029,CRAVANCHE,RUE FROSSARD,166877,0,4,VC,0,1,1,0,,0,1,,,,1,,0,0,1,0
1,7,3,1,6,90,FRANCE,FRANCHE-COMTE,010,90010,BELFORT,RUE DU QUAI,166901,0,4,VC,0,2,2,,,0,0,,,,1,,0,0,0,1
1,7,1,1,3,90,FRANCE,FRANCHE-COMTE,010,90010,BELFORT,AVENUE DE LA PREMIERE ARMEE FRANCAISE,166903,2,3,RD,16,2,2,0,200,0,1,,,,1,7,0,0,1,0
1,4,6,1,3,90,FRANCE,FRANCHE-COMTE,032,90032,DANJOUTIN,D47A,166913,3,3,RD,47,0,1,4,96,0,3,,,,1,7,0,0,1,0
5,7,1,3,3,90,FRANCE,FRANCHE-COMTE,010,90010,BELFORT,RUE VOLTAIRE,166921,0,4,VC,0,2,2,0,0,0,1,,,,1,7,0,0,1,0
5,4,1,9,7,90,FRANCE,FRANCHE-COMTE,008,90008,BAVILLIERS,IMPASSE DES VERGERS,166952,0,4,VC,0,1,1,0,0,1,5,,,,1,,0,0,1,0
1,4,6,1,3,90,FRANCE,FRANCHE-COMTE,008,90008,BAVILLIERS,RD 83,166955,5,3,RD,83,2,2,1,200,0,1,,,,1,7,0,0,1,0
1,4,1,1,6,90,FRANCE,FRANCHE-COMTE,075,90075,OFFEMONT,RUE DES EYGRAS,166967,0,4,VC,0,2,2,0,0,0,3,,,,1,,0,0,1,0
1,4,1,1,2,90,FRANCE,FRANCHE-COMTE,032,90032,DANJOUTIN,RUE DU DOCTEUR JACQUOT,166969,0,3,RD,23,0,1,8,200,0,1,,,,1,7,0,0,1,0
1,7,3,1,3,90,FRANCE,FRANCHE-COMTE,010,90010,BELFORT,AVENUE JEAN JAURES,166971,0,3,RD,465,2,1,26,300,0,1,,,,1,7,0,0,1,0
1,4,1,1,1,90,FRANCE,FRANCHE-COMTE,075,90075,OFFEMONT,RUE MARIE CURIE,166975,0,4,VC,0,2,1,0,0,1,1,,,,1,7,0,0,1,0
1,4,1,1,7,90,FRANCE,FRANCHE-COMTE,099,90099,VALDOIE,RUE DE TURENNE,167005,0,3,RD,465,2,2,24,750,0,1,,,,1,,0,0,1,0
1,7,9,1,6,90,FRANCE,FRANCHE-COMTE,010,90010,BELFORT,PLACE CORBIS,167010,6,3,RD,19,0,0,5,0,0,4,,,,1,,0,0,0,1
1,7,2,2,3,90,FRANCE,FRANCHE-COMTE,010,90010,BELFORT,BOULEVARD KENNEDY,167013,0,3,RD,83,3,2,5,1250,0,5,,,,1,7,0,0,1,0
1,4,1,1,1,90,FRANCE,FRANCHE-COMTE,099,90099,VALDOIE,RUE DU MONCEAU,167019,0,9,Autre,0,2,2,,,1,5,,,,1,,0,0,1,0
1,7,9,1,3,90,FRANCE,FRANCHE-COMTE,010,90010,BELFORT,RUE DU DOCTEUR LANG,167023,0,4,VC,0,0,2,,,0,1,,,,1,7,0,0,1,0
3,7,1,1,7,90,FRANCE,FRANCHE-COMTE,010,90010,BELFORT,RUE PARANT,167025,6,9,Autre,0,0,0,,,0,4,,,,1,,0,0,1,0
1,7,1,2,6,90,FRANCE,FRANCHE-COMTE,010,90010,BELFORT,RUE DUBAIL-ROY,167029,0,4,VC,0,1,1,0,0,0,1,,,,1,,0,0,0,1
1,7,3,2,3,90,FRANCE,FRANCHE-COMTE,010,90010,BELFORT,RUE DE VESOUL,167053,0,4,VC,0,2,2,,,0,1,,,,1,7,0,0,1,0
1,1,6,1,3,91,FRANCE,ILE-DE-FRANCE,645,91645,VERRIERES-LE-BUISSON,RD 0,167093,5,3,RD,0,2,2,4,575,1,1,,,,1,7,0,0,1,0
1,5,1,1,3,91,FRANCE,ILE-DE-FRANCE,645,91645,VERRIERES-LE-BUISSON,RUE D'ESTIENNES D ORVES,167096,0,4,VC,0,1,1,,,0,1,,,,1,7,0,0,1,0
5,6,1,1,2,91,FRANCE,ILE-DE-FRANCE,549,91549,SAINTE-GENEVIEVE-DES-BOIS,AVENUE GABRIEL PERI,167099,0,4,VC,0,2,2,,,0,1,,,,1,7,0,0,1,0
2,6,1,1,7,91,FRANCE,ILE-DE-FRANCE,549,91549,SAINTE-GENEVIEVE-DES-BOIS,AVENUE GABRIEL PERI,167100,0,4,VC,0,2,2,,,0,1,,,,1,7,0,0,1,0
1,6,1,1,6,91,FRANCE,ILE-DE-FRANCE,657,91657,VIGNEUX-SUR-SEINE,VC 0,167147,0,4,VC,0,2,0,1,0,0,1,,,,1,7,0,0,1,0
1,6,1,1,1,91,FRANCE,ILE-DE-FRANCE,421,91421,MONTGERON,AVENUE DE LA REPUBLIQUE,167169,0,3,RD,0,2,2,,,0,1,,,,1,7,0,0,1,0
1,6,2,1,3,91,FRANCE,ILE-DE-FRANCE,549,91549,SAINTE-GENEVIEVE-DES-BOIS,RUE DE LA BOELE,167178,0,4,VC,0,2,2,,,0,1,,,,1,7,0,0,1,0
1,6,1,1,3,91,FRANCE,ILE-DE-FRANCE,521,91521,RIS-ORANGIS,AVENUE DE L'AUNETTE,167281,0,4,VC,0,2,2,,,0,1,,,,1,7,0,0,1,0
1,1,1,1,3,91,FRANCE,ILE-DE-FRANCE,064,91064,BIEVRES,ROUTE DE FAVREUSE,167300,1,4,VC,0,2,2,,,0,1,,,,1,7,0,0,1,0
1,5,6,8,2,91,FRANCE,ILE-DE-FRANCE,552,91552,SAINT-GERMAIN-LES-ARPAJON,ROND-POINT DIX NEUF MARS SOIXANTE DEUX,167325,0,4,VC,0,1,1,,,0,1,,,,1,7,0,0,1,0