lum,agg,int,atm,col,dep_bis,pays,region,com_bis,com_codeINSEE,communes,N_voie,numac,infra,catr,type_route,voie,circ,nbv,pr,pr1,vosp,situ,lat,long,adr,accident_velo,vehicule_imp,cycl_mort,cycl_bgv,cycl_blg,cycl_indm
1,6,1,1,3,91,FRANCE,ILE-DE-FRANCE,201,91201,DRAVEIL,BOULEVARD HENRI BARBUSSE,167341,0,2,RN,0,2,2,,,0,4,,,,1,7,0,0,1,0
1,6,3,1,3,91,FRANCE,ILE-DE-FRANCE,521,91521,RIS-ORANGIS,QUAI DE LA BORDE,167351,0,4,VC,0,2,2,,,0,1,,,,1,7,0,0,1,0
1,6,2,1,3,91,FRANCE,ILE-DE-FRANCE,421,91421,MONTGERON,AVENUE DE LA REPUBLIQUE,167358,0,3,RD,0,2,2,,,0,1,,,,1,33,0,0,1,0
1,4,1,1,3,91,FRANCE,ILE-DE-FRANCE,405,91405,MILLY-LA-FORET,VC 0,167388,5,4,VC,0,2,2,0,0,0,1,0,0,,1,7,0,0,1,0
1,5,1,3,5,91,FRANCE,ILE-DE-FRANCE,514,91514,QUINCY-SOUS-SENART,RUE DE COMBS LA VILLE,167394,0,4,VC,0,2,2,,,0,1,,,,1,7,0,0,1,0
1,5,1,1,3,91,FRANCE,ILE-DE-FRANCE,182,91182,COURCOURONNES,RUE JOSEPH LETIEN,167409,0,4,VC,0,2,2,,,0,1,,,,1,7,0,0,1,0
1,6,1,1,3,91,FRANCE,ILE-DE-FRANCE,687,91687,VIRY-CHATILLON,AVENUE JEAN MERMOZ,167411,0,4,VC,0,2,2,,,0,1,,,,1,7,0,0,1,0
1,6,3,1,3,91,FRANCE,ILE-DE-FRANCE,421,91421,MONTGERON,AVENUE DE LA REPUBLIQUE,167414,0,3,RD,0,2,2,,,0,1,,,,1,7,0,0,1,0
1,6,1,1,3,91,FRANCE,ILE-DE-FRANCE,691,91691,YERRES,RUE MARCEAU BAILLIOTI,167416,0,3,RD,0,2,2,,,0,1,,,,1,7,0,0,1,0
1,5,1,1,3,91,FRANCE,ILE-DE-FRANCE,191,91191,CROSNE,RUE REMONTERU,167423,0,4,VC,0,1,1,,,0,1,,,,1,7,0,0,1,0
1,3,1,1,3,91,FRANCE,ILE-DE-FRANCE,109,91109,BRIERES-LES-SCELLES,CHEMIN DES POISLEES,167465,0,4,VC,0,0,2,,,0,1,,,,1,7,0,0,1,0
1,5,1,1,2,91,FRANCE,ILE-DE-FRANCE,434,91434,MORSANG-SUR-ORGE,BOULEVARD DE LA GRIBELETTE,167472,0,4,VC,0,2,0,,,0,1,,,,1,7,0,0,1,0
1,5,1,1,3,91,FRANCE,ILE-DE-FRANCE,345,91345,LONGJUMEAU,RUE BERTILLON GABRIEL,167476,0,4,VC,0,1,1,,,0,1,,,,1,33,0,0,1,0
1,6,1,1,6,91,FRANCE,ILE-DE-FRANCE,570,91570,SAINT-MICHEL-SUR-ORGE,RUE BERLIOZ,167491,0,4,VC,0,2,2,,,0,1,,,,1,7,0,0,1,0
1,6,6,1,6,91,FRANCE,ILE-DE-FRANCE,174,91174,CORBEIL-ESSONNES,PLACE LEON CASSE,167592,0,2,RN,0,1,2,,,0,1,,,,1,7,0,0,1,0
1,6,1,1,3,91,FRANCE,ILE-DE-FRANCE,549,91549,SAINTE-GENEVIEVE-DES-BOIS,AVENUE GABRIEL PERI,167689,0,4,VC,0,2,2,,,0,1,,,,1,7,0,0,1,0
5,6,9,1,7,91,FRANCE,ILE-DE-FRANCE,570,91570,SAINT-MICHEL-SUR-ORGE,RUE MONTLHERY,167778,0,4,VC,0,2,2,,,0,1,,,,1,,0,0,0,1
1,6,5,1,3,91,FRANCE,ILE-DE-FRANCE,589,91589,SAVIGNY-SUR-ORGE,AVENUE R LEUTHREAU,167779,0,2,RN,0,2,2,,,0,1,,,,1,7,0,0,1,0
1,6,1,1,3,91,FRANCE,ILE-DE-FRANCE,114,91114,BRUNOY,HAMEAU DE LACHAMBAUDIE,167829,0,4,VC,0,2,2,,,0,1,,,,1,7,0,0,1,0
1,6,3,1,3,91,FRANCE,ILE-DE-FRANCE,174,91174,CORBEIL-ESSONNES,RUE PAPETERIE,167832,0,4,VC,0,2,2,,,0,1,,,,1,7,0,0,1,0
1,6,2,2,3,91,FRANCE,ILE-DE-FRANCE,691,91691,YERRES,RUE RAYMOND POINCARE,167847,0,4,VC,0,2,2,,,0,1,,,,1,14,0,0,1,0
2,6,1,2,6,91,FRANCE,ILE-DE-FRANCE,286,91286,GRIGNY,VOIE ATHENA,167919,0,4,VC,0,2,0,,,1,1,,,,1,7,0,0,1,0
1,6,2,1,3,91,FRANCE,ILE-DE-FRANCE,657,91657,VIGNEUX-SUR-SEINE,AVENUE CONCORDE,167983,0,4,VC,0,0,0,1,0,0,1,,,,1,7,0,0,1,0
5,6,1,1,6,91,FRANCE,ILE-DE-FRANCE,570,91570,SAINT-MICHEL-SUR-ORGE,RUE SAINT SAENS,168003,0,4,VC,0,2,2,,,0,1,,,,1,37,0,0,1,0
1,6,1,2,2,91,FRANCE,ILE-DE-FRANCE,421,91421,MONTGERON,AVENUE DE LA REPUBLIQUE,168064,0,3,RD,0,2,2,,,0,1,,,,1,7,0,0,1,0
1,5,1,1,2,91,FRANCE,ILE-DE-FRANCE,471,91471,ORSAY,ROUTE DE CHARTRES,168068,0,3,RD,0,2,2,8,950,0,1,,,,1,7,0,0,1,0
1,6,2,1,1,91,FRANCE,ILE-DE-FRANCE,201,91201,DRAVEIL,COTTAGES,168116,0,4,VC,0,2,0,0,100,0,1,,,,1,7,0,0,1,0
1,6,1,1,2,91,FRANCE,ILE-DE-FRANCE,228,91228,EVRY,RUE JULES VALLES ,168122,0,4,VC,0,2,2,,,0,1,,,,1,10,0,0,1,0
1,6,2,1,3,91,FRANCE,ILE-DE-FRANCE,691,91691,YERRES,RUE PASTEUR,168130,0,4,VC,0,2,2,,,0,1,,,,1,7,0,0,1,0
1,1,1,1,4,91,FRANCE,ILE-DE-FRANCE,136,91136,CHAMPLAN,RN 20,168140,3,2,RN,20,1,1,3,0,0,1,,,,1,7,0,0,1,0
1,5,1,1,3,91,FRANCE,ILE-DE-FRANCE,471,91471,ORSAY,RUE DE PARIS,168194,0,4,VC,0,1,1,,,0,1,,,,1,7,0,0,1,0
1,6,1,1,2,91,FRANCE,ILE-DE-FRANCE,549,91549,SAINTE-GENEVIEVE-DES-BOIS,ROUTE DE CORBEIL,168199,0,3,RD,0,2,1,,,0,1,,,,1,7,0,0,1,0
1,5,1,1,6,91,FRANCE,ILE-DE-FRANCE,216,91216,EPINAY-SUR-ORGE,CD 257,168202,0,3,RD,0,3,2,16,0,0,1,,,,1,14,0,0,1,0
2,5,1,1,6,91,FRANCE,ILE-DE-FRANCE,097,91097,BOUSSY-SAINT-ANTOINE,RUE DU BESLY,168246,0,4,VC,0,2,2,2,0,0,1,,,,1,,0,0,0,1
1,6,1,1,2,91,FRANCE,ILE-DE-FRANCE,223,91223,ETAMPES,RUE VAN LOO,168260,0,4,VC,0,1,1,,,0,1,,,,1,7,0,0,1,0
1,6,1,1,1,91,FRANCE,ILE-DE-FRANCE,421,91421,MONTGERON,RUE GUYNEMER,168344,0,4,VC,0,1,1,,,0,1,,,,1,7,0,0,1,0
1,6,6,1,2,91,FRANCE,ILE-DE-FRANCE,114,91114,BRUNOY,ROND-POINT WITTLICH,168378,5,3,RD,0,4,2,2,0,0,1,,,,1,7,0,0,1,0
1,6,1,1,1,91,FRANCE,ILE-DE-FRANCE,228,91228,EVRY,RUR JEAN MARIE DJIBAOU,168389,0,4,VC,0,1,1,,,0,1,,,,1,7,0,0,1,0
1,6,1,1,6,91,FRANCE,ILE-DE-FRANCE,201,91201,DRAVEIL,RUE PIERRE BROSSOLETTE,168420,0,4,VC,0,2,0,1,0,0,1,,,,1,7,0,0,1,0
1,6,1,1,6,91,FRANCE,ILE-DE-FRANCE,201,91201,DRAVEIL,AVENUE DES SABLES DE ROUVRES,168421,0,4,VC,0,2,0,1,0,0,1,,,,1,7,0,0,1,0
5,6,2,1,3,91,FRANCE,ILE-DE-FRANCE,228,91228,EVRY,RUE MONTESPAN,168430,0,4,VC,0,3,2,,,1,1,,,,1,7,0,0,1,0
1,6,1,1,2,91,FRANCE,ILE-DE-FRANCE,692,91692,ULIS (LES),AVENUE DE BOURGOGNE,168447,0,4,VC,0,2,2,,,0,1,,,,1,7,0,0,1,0
1,1,1,1,3,91,FRANCE,ILE-DE-FRANCE,549,91549,SAINTE-GENEVIEVE-DES-BOIS,RN 104,168467,0,2,RN,104,1,1,45,0,2,5,,,,1,7,0,0,1,0
1,6,1,1,1,91,FRANCE,ILE-DE-FRANCE,114,91114,BRUNOY,ROUTE DE BRIE,168483,0,2,RN,0,2,2,2,0,0,4,,,,1,7,0,0,1,0
1,5,3,1,3,91,FRANCE,ILE-DE-FRANCE,645,91645,VERRIERES-LE-BUISSON,ALLEE  des meuniers,168525,0,4,VC,0,2,2,,,0,1,,,,1,7,0,0,1,0
1,5,9,1,3,91,FRANCE,ILE-DE-FRANCE,434,91434,MORSANG-SUR-ORGE,PLACE AIMEE ET MARIE GEOFFREY,168577,0,4,VC,0,0,1,,,0,0,,,,1,7,0,0,1,0
2,6,1,1,3,91,FRANCE,ILE-DE-FRANCE,201,91201,DRAVEIL,BOULEVARD GENERAL DE GAULLE,168645,0,3,RD,0,2,3,0,500,0,1,,,,1,7,0,0,1,0
2,6,2,1,6,91,FRANCE,ILE-DE-FRANCE,521,91521,RIS-ORANGIS,AVENUE DE L'AUNETTE,168657,0,4,VC,0,3,2,,,0,1,,,,1,7,0,0,1,0
1,5,3,2,3,91,FRANCE,ILE-DE-FRANCE,122,91122,BURES-SUR-YVETTE,RUE DE LA VIERGE,168675,0,4,VC,0,2,2,,,0,4,,,,1,7,0,0,1,0
1,6,1,1,1,91,FRANCE,ILE-DE-FRANCE,201,91201,DRAVEIL,ALLEE DES BERGERIES,168726,0,4,VC,0,2,2,0,100,0,1,,,,1,7,0,0,1,0
1,6,1,1,6,91,FRANCE,ILE-DE-FRANCE,477,91477,PALAISEAU,RUE DE PARIS,168737,0,4,VC,0,1,1,,,0,1,,,,1,7,0,0,1,0
1,1,6,1,3,91,FRANCE,ILE-DE-FRANCE,692,91692,ULIS (LES),RN 446,168742,5,2,RN,0,2,2,9,100,0,1,,,,1,7,0,0,1,0
1,6,2,1,6,91,FRANCE,ILE-DE-FRANCE,027,91027,ATHIS-MONS,AVENUE DE LA PLAINE,168774,0,4,VC,0,1,2,,,0,1,,,,1,7,0,0,1,0
2,6,1,8,3,91,FRANCE,ILE-DE-FRANCE,114,91114,BRUNOY,AVENUE JOFFRE ,168778,0,4,VC,0,2,2,2,0,0,1,,,,1,7,0,0,1,0
5,1,1,1,2,91,FRANCE,ILE-DE-FRANCE,377,91377,MASSY,RN 20,168819,0,2,RN,20,3,5,1,183,0,1,,,,1,7,0,0,1,0
2,6,1,1,2,91,FRANCE,ILE-DE-FRANCE,114,91114,BRUNOY,AVENUE PIERRE PROST,168839,0,4,VC,0,2,2,,,1,1,,,,1,7,0,0,1,0
1,6,2,1,3,91,FRANCE,ILE-DE-FRANCE,657,91657,VIGNEUX-SUR-SEINE,RUE DU CHATEAU,168844,0,4,VC,0,2,2,0,100,0,1,,,,1,7,0,0,1,0
1,6,1,1,7,91,FRANCE,ILE-DE-FRANCE,421,91421,MONTGERON,AVENUE DE LA REPUBLIQUE,168862,0,3,RD,0,2,2,,,0,4,,,,1,,0,0,0,1
1,6,2,1,3,91,FRANCE,ILE-DE-FRANCE,114,91114,BRUNOY,AVENUE MONSIEUR,168904,0,4,VC,0,2,2,,,0,1,,,,1,7,0,0,1,0
1,6,2,1,3,91,FRANCE,ILE-DE-FRANCE,201,91201,DRAVEIL,AVENUE DE BEAUMONT,168908,0,4,VC,0,1,1,0,100,0,1,,,,1,7,0,0,1,0
1,6,2,1,3,91,FRANCE,ILE-DE-FRANCE,657,91657,VIGNEUX-SUR-SEINE,RUE DES ARTS,168910,0,4,VC,0,2,2,0,100,0,1,,,,1,7,0,0,1,0
3,6,1,1,3,91,FRANCE,ILE-DE-FRANCE,421,91421,MONTGERON,AVENUE DE LA REPUBLIQUE,168922,0,3,RD,0,2,2,,,0,1,,,,1,7,0,0,1,0
1,6,1,2,3,91,FRANCE,ILE-DE-FRANCE,174,91174,CORBEIL-ESSONNES,rue FERAY,168951,6,2,RN,0,0,1,,,0,0,,,,1,7,0,0,1,0
1,5,1,1,3,91,FRANCE,ILE-DE-FRANCE,514,91514,QUINCY-SOUS-SENART,CD 33,169040,0,3,RD,0,2,2,,,0,1,,,,1,33,0,0,1,0
1,4,1,1,7,91,FRANCE,ILE-DE-FRANCE,433,91433,MORIGNY-CHAMPIGNY,RUE DES TILLEULS,169059,0,4,VC,0,2,2,,,0,1,,,,1,,0,0,1,0
1,6,6,1,3,91,FRANCE,ILE-DE-FRANCE,228,91228,EVRY,RUE MONTESPAN,169063,0,4,VC,0,3,2,,,0,1,,,,1,7,0,0,1,0
1,5,1,1,3,91,FRANCE,ILE-DE-FRANCE,191,91191,CROSNE,ROND-POINT ,169070,0,3,RD,0,2,2,,,1,5,,,,1,7,0,0,1,0
1,6,1,1,3,91,FRANCE,ILE-DE-FRANCE,691,91691,YERRES,RUE PASTEUR,169071,0,4,VC,0,0,0,,,0,1,,,,1,7,0,0,1,0
2,1,4,1,3,91,FRANCE,ILE-DE-FRANCE,692,91692,ULIS (LES),AVENUE DES TROPIQUES,169079,0,3,RD,0,2,4,0,250,0,1,,,,1,7,0,0,1,0
1,6,1,1,1,91,FRANCE,ILE-DE-FRANCE,228,91228,EVRY,RUR JEAN MARIE DJIBAOU,169121,0,4,VC,0,1,1,,,0,1,,,,1,7,0,0,1,0
1,5,2,1,3,91,FRANCE,ILE-DE-FRANCE,161,91161,CHILLY-MAZARIN,ROUTE DE MASSY,169128,0,2,RN,0,2,6,,,0,1,,,,1,7,0,0,1,0
1,6,1,1,3,91,FRANCE,ILE-DE-FRANCE,691,91691,YERRES,RUE RAYMOND POINCARE,169129,0,3,RD,0,2,2,,,0,5,,,,1,7,0,0,1,0
1,6,1,1,2,91,FRANCE,ILE-DE-FRANCE,421,91421,MONTGERON,RUE DU REVEIL MATIN,169135,0,4,VC,0,2,2,,,1,5,,,,1,10,0,0,1,0
1,6,1,1,3,91,FRANCE,ILE-DE-FRANCE,114,91114,BRUNOY,CHARLES DE GAULLE,169186,0,4,VC,0,2,4,2,0,1,5,,,,1,7,0,0,1,0
1,6,1,1,6,91,FRANCE,ILE-DE-FRANCE,549,91549,SAINTE-GENEVIEVE-DES-BOIS,ROUTE DE CORBEIL,169209,0,3,RD,0,3,2,,,1,1,,,,1,7,0,0,1,0
1,6,1,1,6,91,FRANCE,ILE-DE-FRANCE,687,91687,VIRY-CHATILLON,AVENUE DU COMMANDANT BARRE,169233,0,4,VC,0,2,2,,,0,1,,,,1,7,0,0,1,0
4,6,1,1,6,91,FRANCE,ILE-DE-FRANCE,477,91477,PALAISEAU,RUE DE PARIS,169244,0,4,VC,0,1,1,,,0,1,,,,1,,0,0,1,0
1,6,3,1,6,91,FRANCE,ILE-DE-FRANCE,477,91477,PALAISEAU,RUE ANTOINE BADOUR,169249,0,4,VC,0,1,1,,,0,1,,,,1,7,0,0,1,0
1,4,1,1,4,91,FRANCE,ILE-DE-FRANCE,064,91064,BIEVRES,ROUTE DE JOUY CD 117,169250,0,3,RD,0,2,2,3,500,1,1,,,,1,10,0,0,1,0
1,5,1,1,3,91,FRANCE,ILE-DE-FRANCE,312,91312,IGNY,AVENUE JEAN JAURES,169253,0,4,VC,0,2,2,,,1,1,,,,1,7,0,0,1,0
1,5,2,1,1,91,FRANCE,ILE-DE-FRANCE,226,91226,ETRECHY,VC 0,169291,0,4,VC,0,0,0,0,0,0,1,0,0,,1,7,0,0,1,0
1,4,9,1,7,91,FRANCE,ILE-DE-FRANCE,649,91649,VERT-LE-PETIT,VC 0,169294,0,4,VC,0,2,2,0,0,0,1,0,0,,1,,0,0,1,0
1,6,2,1,3,91,FRANCE,ILE-DE-FRANCE,657,91657,VIGNEUX-SUR-SEINE,RUE DES LILAS,169307,0,4,VC,0,2,1,0,100,0,1,,,,1,7,0,0,1,0
1,6,1,1,3,91,FRANCE,ILE-DE-FRANCE,691,91691,YERRES,RUE RENE COTY,169324,0,3,RD,0,2,2,,,0,1,,,,1,7,0,0,1,0
1,6,1,1,6,91,FRANCE,ILE-DE-FRANCE,691,91691,YERRES,RUE MARC SANGNIERI,169326,0,3,RD,0,0,1,,,0,1,,,,1,7,0,0,1,0
1,5,1,1,3,91,FRANCE,ILE-DE-FRANCE,645,91645,VERRIERES-LE-BUISSON,VC 0,169333,0,4,VC,0,2,2,,,0,1,,,,1,7,0,0,1,0
3,1,6,1,3,91,FRANCE,ILE-DE-FRANCE,471,91471,ORSAY,RUE DE VERSAILLES,169342,0,2,RN,0,2,2,4,0,0,1,,,,1,7,0,0,1,0
1,6,7,1,1,91,FRANCE,ILE-DE-FRANCE,570,91570,SAINT-MICHEL-SUR-ORGE,ALLEE  DES ACACIAS ,169344,5,4,VC,0,2,2,,,0,0,,,,1,7,0,0,1,0
1,1,1,1,3,91,FRANCE,ILE-DE-FRANCE,223,91223,ETAMPES,RN 20,169395,3,2,RN,0,1,1,33,0,0,1,,,,1,15,0,0,1,0
5,6,3,1,3,91,FRANCE,ILE-DE-FRANCE,691,91691,YERRES,RUE RAYMOND POINCARE,169405,0,3,RD,0,2,2,,,0,1,,,,1,7,0,0,1,0
4,5,1,2,7,91,FRANCE,ILE-DE-FRANCE,471,91471,ORSAY,RUE DE PARIS,169411,0,4,VC,0,1,1,,,0,1,,,,1,,0,0,1,0
1,6,1,1,6,91,FRANCE,ILE-DE-FRANCE,549,91549,SAINTE-GENEVIEVE-DES-BOIS,ROUTE DE CORBEIL,169417,0,3,RD,0,2,2,,,1,1,,,,1,7,0,0,1,0
5,6,2,1,3,91,FRANCE,ILE-DE-FRANCE,223,91223,ETAMPES,RUE DES AQUILONS,169483,0,4,VC,0,2,2,,,0,1,,,,1,7,0,0,1,0
1,6,1,1,6,91,FRANCE,ILE-DE-FRANCE,691,91691,YERRES,RUE GABRIEL PERI,169494,0,4,VC,0,2,2,,,0,1,,,,1,7,0,0,1,0
1,5,1,1,7,91,FRANCE,ILE-DE-FRANCE,312,91312,IGNY,RUE ALBERT SARRAULT,169543,0,4,VC,0,2,2,,,0,4,,,,1,,0,0,1,0
5,6,4,1,3,91,FRANCE,ILE-DE-FRANCE,228,91228,EVRY,RUE DES PAVEURS,169557,0,4,VC,0,2,2,,,0,1,,,,1,7,0,0,1,0
1,6,1,1,3,91,FRANCE,ILE-DE-FRANCE,477,91477,PALAISEAU,RUE MAURICE BERTEAUX,169558,0,3,RD,36,2,2,1,0,0,1,,,,1,7,0,0,1,0
1,6,1,1,7,91,FRANCE,ILE-DE-FRANCE,477,91477,PALAISEAU,RUE THEOPHILE GAUTHIER,169559,0,4,VC,0,2,2,,,0,1,,,,1,,0,0,1,0
1,5,1,1,7,91,FRANCE,ILE-DE-FRANCE,645,91645,VERRIERES-LE-BUISSON,ROUTE DE BIEVRES,169607,0,4,VC,0,2,2,,,0,1,,,,1,,0,0,1,0
1,6,3,1,3,91,FRANCE,ILE-DE-FRANCE,570,91570,SAINT-MICHEL-SUR-ORGE,RUE BIZET,169627,0,4,VC,0,0,0,,,3,0,,,,1,7,0,0,1,0
1,6,1,1,3,91,FRANCE,ILE-DE-FRANCE,114,91114,BRUNOY,AVENUE PIERRE PROST,169688,5,3,RD,94,3,2,4,372,0,1,,,,1,7,0,0,1,0
1,6,1,1,6,91,FRANCE,ILE-DE-FRANCE,223,91223,ETAMPES,RUE DE GEROFOSSE,169724,0,4,VC,0,0,0,0,,0,0,,,,1,,0,0,0,1
1,5,1,1,7,91,FRANCE,ILE-DE-FRANCE,122,91122,BURES-SUR-YVETTE,RUE DU PARC ,169790,0,4,VC,0,2,2,,,0,1,,,,1,,0,0,1,0
1,5,3,2,3,91,FRANCE,ILE-DE-FRANCE,471,91471,ORSAY,RUE BOSSUET ,169791,0,4,VC,0,2,2,,,0,1,,,,1,7,0,0,1,0
1,5,2,1,3,91,FRANCE,ILE-DE-FRANCE,312,91312,IGNY,RUE PIERRE LESCOT,169793,0,4,VC,0,1,1,,,0,1,,,,1,7,0,0,1,0
1,5,1,2,7,91,FRANCE,ILE-DE-FRANCE,312,91312,IGNY,AVENUE DU PRESIDENT KENNEDY,169816,0,3,RD,60,2,2,4,0,0,1,,,,1,,0,0,1,0
1,6,1,1,3,91,FRANCE,ILE-DE-FRANCE,174,91174,CORBEIL-ESSONNES,RUE ROBINSON,169825,0,4,VC,,1,2,,,0,1,,,,1,7,0,0,1,0
1,6,1,1,7,91,FRANCE,ILE-DE-FRANCE,223,91223,ETAMPES,ROUTE DE BRIERES LES SCELLES,169871,0,4,VC,0,2,2,,,0,1,,,,1,,0,0,1,0
1,6,6,1,3,91,FRANCE,ILE-DE-FRANCE,692,91692,ULIS (LES),CD35,169875,0,3,RD,35,3,4,4,750,0,1,,,,1,7,0,0,1,0
1,5,1,1,2,91,FRANCE,ILE-DE-FRANCE,097,91097,BOUSSY-SAINT-ANTOINE,RUE GEORGES COUBARD,169898,0,4,VC,0,2,2,2,0,0,1,,,,1,37,0,0,1,0
1,6,1,1,6,91,FRANCE,ILE-DE-FRANCE,477,91477,PALAISEAU,CHEMIN DE LA HUNIERE,169899,0,4,VC,0,2,2,,,1,1,,,,1,,0,0,0,1
2,6,2,1,3,91,FRANCE,ILE-DE-FRANCE,570,91570,SAINT-MICHEL-SUR-ORGE,RUE ENFER,169901,0,4,VC,0,2,2,,,0,1,,,,1,7,0,0,1,0
1,6,2,1,3,91,FRANCE,ILE-DE-FRANCE,549,91549,SAINTE-GENEVIEVE-DES-BOIS,RUE EMILE KAHN,169904,0,4,VC,0,1,1,,,0,1,,,,1,7,0,0,1,0
1,6,1,1,7,91,FRANCE,ILE-DE-FRANCE,223,91223,ETAMPES,RUE DE L'EGALITE,169935,0,4,VC,0,2,2,,,0,1,,,,1,,0,0,1,0
1,6,1,1,3,91,FRANCE,ILE-DE-FRANCE,521,91521,RIS-ORANGIS,RUE LEON BLUM,169939,0,4,VC,0,2,2,,,0,1,,,,1,7,0,0,1,0
1,6,6,1,3,91,FRANCE,ILE-DE-FRANCE,549,91549,SAINTE-GENEVIEVE-DES-BOIS,RD 117,169946,5,4,VC,117,1,2,19,360,0,1,,,,1,7,0,0,1,0
1,5,1,1,6,91,FRANCE,ILE-DE-FRANCE,191,91191,CROSNE,RUE DE LA GARE ,169957,0,4,VC,0,1,1,,,0,1,,,,1,7,0,0,1,0
1,6,1,1,3,91,FRANCE,ILE-DE-FRANCE,421,91421,MONTGERON,CHEMIN DES SAULES,169971,0,4,VC,0,2,2,,,0,1,,,,1,7,0,0,1,0
1,6,6,1,3,91,FRANCE,ILE-DE-FRANCE,549,91549,SAINTE-GENEVIEVE-DES-BOIS,AVENUE JACQUES DUCLOS,170017,0,3,RD,296,1,2,1,450,0,1,,,,1,7,0,0,1,0
1,6,4,1,1,91,FRANCE,ILE-DE-FRANCE,477,91477,PALAISEAU,VC 0,170032,0,4,VC,0,1,2,0,,0,1,,,,1,7,0,0,1,0
1,6,1,1,3,91,FRANCE,ILE-DE-FRANCE,223,91223,ETAMPES,RUE DU SABLON,170038,0,4,VC,0,2,2,,,0,1,,,,1,7,0,0,1,0
5,5,1,1,1,91,FRANCE,ILE-DE-FRANCE,471,91471,ORSAY,RUE DE LAUNAY,170045,0,4,VC,0,1,1,,,0,1,,,,1,7,0,0,1,0
1,5,1,1,7,91,FRANCE,ILE-DE-FRANCE,097,91097,BOUSSY-SAINT-ANTOINE,AVENUE DES JONQUILLES,170049,0,4,VC,0,2,2,,,0,1,,,,1,,0,0,1,0
1,6,1,1,2,91,FRANCE,ILE-DE-FRANCE,228,91228,EVRY,RN 7,170052,0,2,RN,7,2,4,14,0,0,1,,,,1,7,0,0,1,0
1,6,3,1,3,91,FRANCE,ILE-DE-FRANCE,687,91687,VIRY-CHATILLON,AVENUE ROBERT KELLER,170067,0,4,VC,0,2,2,,,0,1,,,,1,7,0,0,1,0
1,5,6,1,3,91,FRANCE,ILE-DE-FRANCE,434,91434,MORSANG-SUR-ORGE,RUE JULES FERRY,170069,0,4,VC,0,1,1,,,0,1,,,,1,7,0,0,1,0
1,6,1,1,3,91,FRANCE,ILE-DE-FRANCE,477,91477,PALAISEAU,AVENUE DU 8 MAI 1945,170082,0,4,VC,0,2,2,,,0,1,,,,1,7,0,0,1,0
5,5,2,1,3,91,FRANCE,ILE-DE-FRANCE,182,91182,COURCOURONNES,RUE DU PONT AMAR,170106,0,4,VC,0,2,2,,,0,1,,,,1,7,0,0,1,0
1,6,4,1,2,91,FRANCE,ILE-DE-FRANCE,223,91223,ETAMPES,BOULEVARD SAINT MICHEL,170130,0,4,VC,0,2,2,,,1,5,,,,1,7,0,0,1,0
1,5,1,1,2,91,FRANCE,ILE-DE-FRANCE,645,91645,VERRIERES-LE-BUISSON,RUE DES GARDES,170148,0,4,VC,0,2,2,,,0,1,,,,1,7,0,0,1,0
1,5,6,1,1,91,FRANCE,ILE-DE-FRANCE,122,91122,BURES-SUR-YVETTE,AVENUE DE L'ESPERANCE,170209,5,4,VC,0,1,1,,,0,1,,,,1,7,0,0,1,0
1,5,1,1,1,91,FRANCE,ILE-DE-FRANCE,645,91645,VERRIERES-LE-BUISSON,ALLEE DES FRONDAISONS,170210,0,4,VC,0,2,2,,,0,1,,,,1,10,0,0,1,0
1,6,3,1,3,91,FRANCE,ILE-DE-FRANCE,687,91687,VIRY-CHATILLON,AVENUE DU MUGUET,170223,0,4,VC,0,2,2,,,0,1,,,,1,7,0,0,1,0
1,6,1,1,6,91,FRANCE,ILE-DE-FRANCE,114,91114,BRUNOY,RUE DES CERFS,170321,0,4,VC,0,2,2,,,0,1,,,,1,,0,0,1,0
1,1,1,1,1,91,FRANCE,ILE-DE-FRANCE,235,91235,FLEURY-MEROGIS,RD 19,170350,0,3,RD,19,3,2,0,0,0,1,4862100,235300,,1,7,0,0,1,0
1,6,9,5,3,91,FRANCE,ILE-DE-FRANCE,228,91228,EVRY,RN 7,170355,3,2,RN,7,1,1,14,0,2,1,,,,1,7,0,0,1,0
2,6,2,1,3,91,FRANCE,ILE-DE-FRANCE,201,91201,DRAVEIL,BOULEVARD HENRI BARBUSSE,170374,1,3,RD,448,2,2,6,0,0,1,,,,1,7,0,0,1,0
3,6,1,1,2,91,FRANCE,ILE-DE-FRANCE,201,91201,DRAVEIL,PLACE DE LA REPUBLIQUE,170393,0,3,RD,448,2,1,5,50,0,1,,,,1,7,0,0,1,0
1,6,3,1,3,91,FRANCE,ILE-DE-FRANCE,174,91174,CORBEIL-ESSONNES,avenue de strathkelvin,170497,0,4,VC,0,0,2,,,0,1,,,,1,7,0,0,1,0
1,5,1,1,3,91,FRANCE,ILE-DE-FRANCE,215,91215,EPINAY-SOUS-SENART,RUE SAINTE GENEVIEVE,170599,0,3,RD,0,2,2,2,0,0,1,,,,1,7,0,0,1,0
1,5,1,1,2,91,FRANCE,ILE-DE-FRANCE,432,91432,MORANGIS,AVENUE CHARLES DE GAULLE,170600,0,3,RD,118,3,1,,,0,1,,,,1,7,0,0,1,0
1,5,6,1,6,91,FRANCE,ILE-DE-FRANCE,479,91479,PARAY-VIEILLE-POSTE,PLACE PIERRE LECORRE,170601,0,4,VC,0,1,1,,,0,1,,,,1,7,0,0,1,0
2,5,1,1,1,91,FRANCE,ILE-DE-FRANCE,645,91645,VERRIERES-LE-BUISSON,RUE DU BAS PAYS,170613,0,4,VC,0,0,1,,,1,5,,,,1,,,,,
1,6,1,1,3,91,FRANCE,ILE-DE-FRANCE,114,91114,BRUNOY,CHARLES DE GAULLE,170616,0,6,Parking,0,0,1,,,1,5,,,,1,7,0,0,1,0
1,5,2,1,3,91,FRANCE,ILE-DE-FRANCE,161,91161,CHILLY-MAZARIN,ROUTE DE MASSY,170621,0,3,RD,0,3,0,,,0,1,,,,1,15,0,0,1,0
2,6,1,1,2,91,FRANCE,ILE-DE-FRANCE,657,91657,VIGNEUX-SUR-SEINE,AVENUE PRESIDENT ROBERT LAKOTA,170645,0,4,VC,0,2,2,0,100,0,1,,,,1,7,0,0,1,0