lum,agg,int,atm,col,dep_bis,pays,region,com_bis,com_codeINSEE,communes,N_voie,numac,infra,catr,type_route,voie,circ,nbv,pr,pr1,vosp,situ,lat,long,adr,accident_velo,vehicule_imp,cycl_mort,cycl_bgv,cycl_blg,cycl_indm
1,5,1,1,3,91,FRANCE,ILE-DE-FRANCE,122,91122,BURES-SUR-YVETTE,DOMAINE DU PRE LAUNAY,170684,0,4,VC,0,2,2,,,0,1,,,,1,7,0,0,1,0
1,6,2,1,3,91,FRANCE,ILE-DE-FRANCE,549,91549,SAINTE-GENEVIEVE-DES-BOIS,RUE DES PLATANES,170698,0,4,VC,0,2,2,,,0,1,,,,1,7,0,0,1,0
1,6,1,1,7,91,FRANCE,ILE-DE-FRANCE,477,91477,PALAISEAU,RUE GUSTAVE FLAUBERT,170708,0,4,VC,0,2,2,,,0,1,,,,1,,0,0,1,0
1,1,1,1,1,91,FRANCE,ILE-DE-FRANCE,103,91103,BRETIGNY-SUR-ORGE,CHEMIN DE LA FERTE ALAIS,170721,0,4,VC,0,2,2,,,0,5,,,,1,7,0,0,1,0
1,6,6,1,2,91,FRANCE,ILE-DE-FRANCE,223,91223,ETAMPES,AVENUE DE BONNEVAUX,170725,0,4,VC,0,2,2,1,0,0,1,,,,1,7,0,0,1,0
1,6,1,4,6,91,FRANCE,ILE-DE-FRANCE,228,91228,EVRY,BOULEVARD CHAMPS ELYSEES ,170730,0,3,RD,92,2,0,,,3,0,,,,1,7,0,0,1,0
1,6,2,1,2,91,FRANCE,ILE-DE-FRANCE,223,91223,ETAMPES,ALLEE DE LA VICTOIRE,170778,0,3,RD,191,2,3,35,500,0,1,,,,1,,0,0,1,0
1,6,1,1,3,91,FRANCE,ILE-DE-FRANCE,103,91103,BRETIGNY-SUR-ORGE,RUE SALVADOR ALLENDE ,170805,0,4,VC,0,2,2,,,0,1,,,,1,7,0,0,1,0
1,5,1,1,2,91,FRANCE,ILE-DE-FRANCE,425,91425,MONTLHERY,RUE DES BOURGUIGNONS,170871,0,4,VC,0,1,2,,,0,1,,,,1,15,0,0,1,0
1,5,6,1,3,91,FRANCE,ILE-DE-FRANCE,645,91645,VERRIERES-LE-BUISSON,AVENUE HENRI GRELLOU,170872,0,4,VC,0,2,2,,,0,1,,,,1,7,0,0,1,0
1,5,1,1,1,91,FRANCE,ILE-DE-FRANCE,215,91215,EPINAY-SOUS-SENART,RUE ALEXANDRE DUMAS,170882,0,4,VC,0,2,2,,,0,1,,,,1,7,0,0,1,0
1,6,2,1,3,91,FRANCE,ILE-DE-FRANCE,201,91201,DRAVEIL,BOULEVARD GENERAL DE GAULLE,170902,0,3,RD,931,2,1,0,100,0,1,,,,1,7,0,0,1,0
1,6,1,1,6,91,FRANCE,ILE-DE-FRANCE,549,91549,SAINTE-GENEVIEVE-DES-BOIS,RUE PIERRE MENDES FRANCE,170923,0,4,VC,0,1,1,,,0,1,,,,1,,0,0,0,1
1,6,3,1,1,91,FRANCE,ILE-DE-FRANCE,477,91477,PALAISEAU,RUE DU DOCTEUR MORERE,170928,0,4,VC,0,1,1,,,0,1,,,,1,7,0,0,1,0
1,6,3,3,3,91,FRANCE,ILE-DE-FRANCE,174,91174,CORBEIL-ESSONNES,AVENUE CARNOT,170968,0,4,VC,0,1,0,,,0,1,,,,1,7,0,0,1,0
1,1,1,1,1,91,FRANCE,ILE-DE-FRANCE,679,91679,VILLIERS-LE-BACLE,RD 36,170971,0,3,RD,36,2,2,0,0,0,3,0,0,,1,7,0,0,1,0
1,6,1,1,3,91,FRANCE,ILE-DE-FRANCE,657,91657,VIGNEUX-SUR-SEINE,RUE MARCEL CACHIN,170985,0,4,VC,0,2,1,0,100,0,1,,,,1,7,0,0,1,0
1,4,3,1,3,91,FRANCE,ILE-DE-FRANCE,064,91064,BIEVRES,RUE DU PETIT BIEVRES,170992,0,3,RD,53,2,2,4,500,0,1,,,,1,7,0,0,1,0
1,5,1,1,3,91,FRANCE,ILE-DE-FRANCE,191,91191,CROSNE,AVENUE JEAN JAURES,170999,0,3,RD,32,2,2,2,500,0,4,,,,1,7,0,0,1,0
1,6,2,1,3,91,FRANCE,ILE-DE-FRANCE,114,91114,BRUNOY,PLACE DE LA PYRAMIDE,171002,0,4,VC,,1,2,,,0,1,,,,1,7,0,0,1,0
1,6,9,1,3,91,FRANCE,ILE-DE-FRANCE,549,91549,SAINTE-GENEVIEVE-DES-BOIS,ROND-POINT CD 117,171030,0,3,RD,117,1,1,20,0,0,1,,,,1,7,0,0,1,0
1,6,1,2,6,91,FRANCE,ILE-DE-FRANCE,421,91421,MONTGERON,RUE BERANGER,171066,0,4,VC,0,2,2,,,0,1,,,,1,7,0,0,1,0
1,1,1,1,2,91,FRANCE,ILE-DE-FRANCE,692,91692,ULIS (LES),AVENUE DE L'OCEANIE,171078,0,3,RD,118,3,4,0,1,0,1,,,,1,10,0,0,1,0
1,6,6,1,3,91,FRANCE,ILE-DE-FRANCE,691,91691,YERRES,PLACE GAMBETTA,171080,0,4,VC,0,1,2,,,1,1,,,,1,7,0,0,1,0
1,1,1,1,7,91,FRANCE,ILE-DE-FRANCE,223,91223,ETAMPES,AVENUE CHARLES DE GAULLE,171084,0,3,RD,0,2,2,,,0,1,,,,1,,0,0,1,0
2,6,1,4,6,91,FRANCE,ILE-DE-FRANCE,286,91286,GRIGNY,RUE DE LA FERME NEUVE,171085,0,4,VC,0,2,2,,,0,1,,,,1,7,0,0,1,0
1,3,1,1,3,91,FRANCE,ILE-DE-FRANCE,095,91095,BOURAY-SUR-JUINE,RD 99,171184,0,3,RD,99,2,2,0,0,0,1,0,0,,1,7,0,0,1,0
1,6,1,1,1,91,FRANCE,ILE-DE-FRANCE,272,91272,GIF-SUR-YVETTE,VC 0,171195,0,4,VC,0,2,2,0,0,0,1,0,0,,1,7,0,0,1,0
2,1,1,1,1,91,FRANCE,ILE-DE-FRANCE,105,91105,BREUILLET,,171201,0,4,VC,,2,2,0,0,0,1,0,0,,1,7,0,0,1,0
1,1,1,1,3,91,FRANCE,ILE-DE-FRANCE,339,91339,LINAS,RN 20,171232,0,2,RN,20,3,4,13,500,1,1,,,,1,7,0,0,1,0
1,6,1,1,3,91,FRANCE,ILE-DE-FRANCE,103,91103,BRETIGNY-SUR-ORGE,AVENUE DE LA MAISON NEUVE,171238,0,3,RD,0,3,4,,,0,1,,,,1,7,0,0,1,0
3,6,1,1,6,91,FRANCE,ILE-DE-FRANCE,103,91103,BRETIGNY-SUR-ORGE,BOULEVARD DE LA REPUBLIQUE,171239,0,4,VC,0,2,2,,,3,4,,,,1,,0,0,0,1
1,6,1,1,3,91,FRANCE,ILE-DE-FRANCE,103,91103,BRETIGNY-SUR-ORGE,RUE DOUARD HENRI,171261,0,4,VC,0,2,2,,,1,5,,,,1,7,0,0,1,0
5,1,1,1,3,91,FRANCE,ILE-DE-FRANCE,339,91339,LINAS,RN 20,171265,0,2,RN,20,3,4,12,0,0,1,,,,1,7,0,0,1,0
1,5,3,1,3,91,FRANCE,ILE-DE-FRANCE,552,91552,SAINT-GERMAIN-LES-ARPAJON,RUE DU DOCTEUR LOUIS BABIN,171266,0,4,VC,0,2,2,,,0,1,,,,1,7,0,0,1,0
1,5,1,1,1,91,FRANCE,ILE-DE-FRANCE,347,91347,LONGPONT-SUR-ORGE,RUE DE VERDUN ,171276,0,4,VC,0,1,1,0,0,0,0,,,,1,7,0,0,1,0
1,5,1,1,2,91,FRANCE,ILE-DE-FRANCE,097,91097,BOUSSY-SAINT-ANTOINE,RUE DE LA SABLIERE,171300,0,4,VC,0,2,2,0,0,0,1,,,,1,7,0,0,1,0
1,6,1,1,3,91,FRANCE,ILE-DE-FRANCE,114,91114,BRUNOY,RUE DE CERCAY,171301,0,4,VC,0,2,2,0,0,0,0,,,,1,30,0,0,1,0
1,6,9,1,3,91,FRANCE,ILE-DE-FRANCE,174,91174,CORBEIL-ESSONNES,BOULEVARD JOHN KENNEDY,171343,0,2,RN,7,2,2,,,0,1,,,,1,7,0,0,1,0
5,6,1,6,3,91,FRANCE,ILE-DE-FRANCE,174,91174,CORBEIL-ESSONNES,AVENUE DU 08 MAI 1945,171345,0,3,RD,446,2,2,29,0,0,1,,,,1,7,0,0,1,0
1,6,2,1,3,91,FRANCE,ILE-DE-FRANCE,657,91657,VIGNEUX-SUR-SEINE,RUE JULES VERNE,171352,0,4,VC,0,2,2,0,0,0,1,,,,1,7,0,0,1,0
1,6,1,1,3,91,FRANCE,ILE-DE-FRANCE,201,91201,DRAVEIL,BOULEVARD HENRI BARBUSSE,171356,6,3,RD,448,2,2,6,0,0,1,,,,1,7,0,0,1,0
1,6,1,1,3,91,FRANCE,ILE-DE-FRANCE,657,91657,VIGNEUX-SUR-SEINE,AVENUE PAUL VAILLANT COUTURIER,171362,0,4,VC,0,2,2,0,100,0,1,,,,1,7,0,0,1,0
1,6,1,1,3,91,FRANCE,ILE-DE-FRANCE,657,91657,VIGNEUX-SUR-SEINE,RUE SAINT JUST,171363,0,4,VC,0,2,2,0,100,0,1,,,,1,7,0,0,1,0
1,6,3,1,3,91,FRANCE,ILE-DE-FRANCE,201,91201,DRAVEIL,AVENUE DE VILLIERS,171371,0,4,VC,0,2,2,0,100,0,1,,,,1,7,0,0,1,0
4,6,1,1,2,91,FRANCE,ILE-DE-FRANCE,657,91657,VIGNEUX-SUR-SEINE,RUE DE LA COTE D'OR,171379,0,4,VC,0,2,2,0,100,0,1,,,,1,7,0,0,1,0
1,6,1,1,3,91,FRANCE,ILE-DE-FRANCE,201,91201,DRAVEIL,AVENUE DE L'EUROPE,171384,0,4,VC,0,2,2,0,100,0,1,,,,1,7,0,0,1,0
1,6,2,1,3,91,FRANCE,ILE-DE-FRANCE,201,91201,DRAVEIL,AVENUE DE L'EUROPE,171387,0,3,RD,31,2,2,26,900,0,1,,,,1,10,0,0,1,0
1,6,3,1,3,91,FRANCE,ILE-DE-FRANCE,223,91223,ETAMPES,rue Victor Etienne,171410,0,4,VC,0,2,2,,,0,1,,,,1,7,0,0,1,0
1,6,1,1,3,91,FRANCE,ILE-DE-FRANCE,223,91223,ETAMPES,AVENUE DE L'ATLANTIQUE,171423,0,3,RD,0,2,2,,,0,1,,,,1,10,0,0,1,0
1,6,1,1,2,91,FRANCE,ILE-DE-FRANCE,223,91223,ETAMPES,RUE DE GEROFOSSE,171424,0,3,RD,0,0,2,,,0,1,,,,1,10,0,0,1,0
1,6,1,1,3,91,FRANCE,ILE-DE-FRANCE,223,91223,ETAMPES,AVENUE DU 8 MAI 1945,171425,0,3,RD,0,1,1,,,0,1,,,,1,10,0,0,1,0
1,6,1,1,1,91,FRANCE,ILE-DE-FRANCE,223,91223,ETAMPES,RUE DES ORMEAUX,171436,0,4,VC,0,2,2,,,0,1,,,,1,7,0,0,1,0
1,6,1,1,3,91,FRANCE,ILE-DE-FRANCE,223,91223,ETAMPES,AVENUE DE PARIS,171441,0,4,VC,0,2,2,,,0,1,,,,1,10,0,0,1,0
1,6,1,1,7,91,FRANCE,ILE-DE-FRANCE,223,91223,ETAMPES,RUE DU PONT SAINT JEAN,171461,0,4,VC,0,2,2,0,0,0,1,,,,1,,0,0,1,0
1,6,3,1,6,91,FRANCE,ILE-DE-FRANCE,687,91687,VIRY-CHATILLON,RUE FRANCOEUR,171497,0,2,RN,7,2,2,,,0,1,,,,1,7,0,0,1,0
1,6,3,1,3,91,FRANCE,ILE-DE-FRANCE,687,91687,VIRY-CHATILLON,RUE DUPARCHY,171500,0,4,VC,0,2,2,,,0,1,,,,1,7,0,0,1,0
1,6,1,1,6,91,FRANCE,ILE-DE-FRANCE,421,91421,MONTGERON,RUE RAYMOND POMIER,171549,0,4,VC,0,2,5,,,1,5,,,,1,,,,,
1,6,1,1,3,91,FRANCE,ILE-DE-FRANCE,421,91421,MONTGERON,AVENUE DE LA REPUBLIQUE,171562,0,3,RD,50,2,2,2,0,0,1,,,,1,3,0,0,1,0
1,1,3,1,2,91,FRANCE,ILE-DE-FRANCE,471,91471,ORSAY,RUE PIERRE DE COUBERTIN,171590,0,4,VC,0,2,2,,,0,1,,,,1,7,0,0,1,0
1,5,3,1,3,91,FRANCE,ILE-DE-FRANCE,645,91645,VERRIERES-LE-BUISSON,BOULEVARD DU MARECHAL FOCH,171599,0,4,VC,0,2,2,,,0,1,,,,1,7,0,0,1,0
1,5,1,1,7,91,FRANCE,ILE-DE-FRANCE,645,91645,VERRIERES-LE-BUISSON,RUE MARIUS HUE,171616,0,4,VC,0,2,2,,,0,1,,,,1,7,0,0,1,0
1,1,1,1,7,91,FRANCE,ILE-DE-FRANCE,122,91122,BURES-SUR-YVETTE,ROUTE DE CHARTRES,171619,0,4,VC,0,2,2,,,0,1,,,,1,,0,0,1,0
1,5,1,1,7,91,FRANCE,ILE-DE-FRANCE,122,91122,BURES-SUR-YVETTE,ROUTE DE CHARTRES,171621,0,4,VC,0,2,2,,,0,1,,,,1,,0,0,1,0
1,6,1,1,3,91,FRANCE,ILE-DE-FRANCE,692,91692,ULIS (LES),AVENUE DES TROPIQUES,171625,0,4,VC,0,2,2,,,0,1,,,,1,7,0,0,1,0
1,5,1,2,7,91,FRANCE,ILE-DE-FRANCE,122,91122,BURES-SUR-YVETTE,RUE DE LA HACQUINIERE,171629,0,4,VC,0,2,2,,,0,1,,,,1,,0,0,1,0
1,4,1,1,7,91,FRANCE,ILE-DE-FRANCE,064,91064,BIEVRES,RUE DES CLAIRS MATINS,171630,0,4,VC,0,1,1,,,0,1,,,,1,,0,0,1,0
1,5,1,1,7,91,FRANCE,ILE-DE-FRANCE,471,91471,ORSAY,RUE JEAN ROSTAND ,171634,0,4,VC,0,2,2,,,0,1,,,,1,,0,0,1,0
1,6,1,1,7,91,FRANCE,ILE-DE-FRANCE,477,91477,PALAISEAU,RESIDENCE LES ESSARTS,171636,0,4,VC,0,2,2,,,0,1,,,,1,,0,0,1,0
1,5,1,1,7,91,FRANCE,ILE-DE-FRANCE,471,91471,ORSAY,CHEMIN RURAL DU PETIT SACLAY,171641,0,4,VC,0,2,2,,,0,1,,,,1,,0,0,1,0
1,6,1,1,3,91,FRANCE,ILE-DE-FRANCE,477,91477,PALAISEAU,RESIDENCE MARCEAU,171644,0,4,VC,0,2,2,,,1,1,,,,1,7,0,0,1,0
1,5,3,1,3,91,FRANCE,ILE-DE-FRANCE,471,91471,ORSAY,RUE ARCHANGE,171648,0,3,RD,95,2,2,1,200,0,1,,,,1,7,0,0,1,0
1,6,1,8,7,91,FRANCE,ILE-DE-FRANCE,477,91477,PALAISEAU,RUE EDOUARD BRANLY ,171656,0,4,VC,0,2,2,,,0,1,,,,1,,0,0,1,0
1,6,1,1,7,91,FRANCE,ILE-DE-FRANCE,477,91477,PALAISEAU,AVENUE DE STALINGRAD,171662,0,3,RD,117,2,2,6,500,0,1,,,,1,,0,0,1,0
1,6,3,1,3,91,FRANCE,ILE-DE-FRANCE,692,91692,ULIS (LES),AVENUE DES INDES INDES,171672,0,4,VC,0,2,2,0,0,0,1,,,,1,7,0,0,1,0
1,5,1,1,7,91,FRANCE,ILE-DE-FRANCE,645,91645,VERRIERES-LE-BUISSON,CHEMIN DE CREVECOEUR,171674,0,4,VC,0,2,2,0,0,0,1,,,,1,,0,0,1,0
1,5,1,2,7,91,FRANCE,ILE-DE-FRANCE,471,91471,ORSAY,AVENUE SAINT LAURENT,171681,0,4,VC,0,1,1,0,0,0,1,,,,1,,0,0,1,0
1,5,3,1,3,91,FRANCE,ILE-DE-FRANCE,471,91471,ORSAY,RUE DE VERSAILLES,171685,5,3,RD,218,1,2,1,900,0,1,,,,1,7,0,0,1,0
1,5,1,1,6,91,FRANCE,ILE-DE-FRANCE,122,91122,BURES-SUR-YVETTE,RUE D'ARCACHON,171691,0,4,VC,0,2,2,0,0,1,5,,,,1,,0,0,1,0
1,4,1,1,1,91,FRANCE,ILE-DE-FRANCE,064,91064,BIEVRES,CHEMIN DES CHARBONNIERS,171694,0,4,VC,0,2,2,0,0,1,1,,,,1,,0,0,0,1
1,4,1,1,1,91,FRANCE,ILE-DE-FRANCE,064,91064,BIEVRES,ROUTE DE FAVREUSE,171697,0,4,VC,0,2,2,0,0,0,1,,,,1,7,0,0,1,0
1,6,1,1,3,91,FRANCE,ILE-DE-FRANCE,549,91549,SAINTE-GENEVIEVE-DES-BOIS,RUE JEAN COCTEAU,171705,0,6,Parking,0,0,0,,,0,0,,,,1,33,0,0,1,0
1,6,1,1,6,91,FRANCE,ILE-DE-FRANCE,570,91570,SAINT-MICHEL-SUR-ORGE,RUE SAINT SAENS,171715,0,4,VC,,1,1,,,0,1,,,,1,,0,0,0,1
3,1,1,1,3,91,FRANCE,ILE-DE-FRANCE,549,91549,SAINTE-GENEVIEVE-DES-BOIS,RN 104,171739,0,2,RN,104,1,0,,,1,5,,,,1,7,0,0,1,0
1,7,9,1,3,92,FRANCE,ILE-DE-FRANCE,004,92004,ASNIERES-SUR-SEINE,AVENUE DE LA  REDOUTE,171974,0,3,RD,0,2,2,,,0,1,,,,1,10,0,0,1,0
1,6,6,1,2,92,FRANCE,ILE-DE-FRANCE,049,92049,MONTROUGE,AVENUE JEAN JAURES,172040,0,3,RD,0,2,2,,,0,1,,,,1,7,0,0,1,0
1,6,1,1,3,92,FRANCE,ILE-DE-FRANCE,049,92049,MONTROUGE,AVENUE JEAN JAURES,172046,0,3,RD,0,2,2,,,0,1,,,,1,7,0,0,0,1
1,7,3,2,3,92,FRANCE,ILE-DE-FRANCE,026,92026,COURBEVOIE,COLOMBES,172153,0,3,RD,0,2,2,,,0,1,,,,1,2,0,0,1,0
1,7,1,1,3,92,FRANCE,ILE-DE-FRANCE,050,92050,NANTERRE,AVENUE PABLO PICASSO,172173,0,3,RD,0,2,2,,,1,1,,,,1,7,0,0,1,0
1,5,1,1,3,92,FRANCE,ILE-DE-FRANCE,022,92022,CHAVILLE,AVENUE ROGER SALENGRO,172186,0,3,RD,0,2,4,,,0,1,,,,1,7,0,0,1,0
1,7,1,1,6,92,FRANCE,ILE-DE-FRANCE,025,92025,COLOMBES,VC 0,172262,0,4,VC,0,1,1,1,0,0,1,,,,1,,0,0,1,0
1,7,6,1,3,92,FRANCE,ILE-DE-FRANCE,040,92040,ISSY-LES-MOULINEAUX,BOULEVARD GAMBETTA,172282,0,3,RD,0,2,3,,,0,1,,,,1,7,0,0,1,0
1,7,1,3,7,92,FRANCE,ILE-DE-FRANCE,050,92050,NANTERRE,RUE DU PORT,172309,0,4,VC,0,2,2,,,0,1,,,,1,14,0,0,1,0
1,7,3,1,3,92,FRANCE,ILE-DE-FRANCE,050,92050,NANTERRE,BOULEVARD BLAISE PASCAL,172310,0,3,RD,0,2,2,,,0,1,,,,1,7,0,0,1,0
1,6,3,1,3,92,FRANCE,ILE-DE-FRANCE,046,92046,MALAKOFF,GABRIEL PERI,172335,5,3,RD,0,3,4,,,0,1,,,,1,15,0,0,1,0
1,1,1,1,6,92,FRANCE,ILE-DE-FRANCE,004,92004,ASNIERES-SUR-SEINE,MAURICE BOKANOWSKI,172357,0,4,VC,0,1,1,,,0,1,,,,1,7,0,0,1,0
1,7,1,1,6,92,FRANCE,ILE-DE-FRANCE,025,92025,COLOMBES,RUE HOCHE,172389,0,4,VC,0,2,2,,,0,1,,,,1,5,0,0,1,0
1,1,2,1,3,92,FRANCE,ILE-DE-FRANCE,062,92062,PUTEAUX,VOIE GEORGES HASSOUX,172433,2,3,RD,0,3,4,,,0,1,,,,1,18,0,0,0,1
1,6,1,1,6,92,FRANCE,ILE-DE-FRANCE,064,92064,SAINT-CLOUD,PASTEUR,172441,0,3,RD,0,3,2,,,0,1,,,,1,,0,0,1,0
1,6,1,1,3,92,FRANCE,ILE-DE-FRANCE,072,92072,SEVRES,RUE GRANDE  RUE,172444,0,3,RD,0,1,1,,,3,1,,,,1,7,0,0,1,1
1,6,3,1,3,92,FRANCE,ILE-DE-FRANCE,073,92073,SURESNES,BOULEVARD HENRI SELLIER,172451,0,3,RD,0,2,4,,,0,0,,,,1,7,0,0,1,0
1,5,2,1,3,92,FRANCE,ILE-DE-FRANCE,071,92071,SCEAUX,AVENUE DU PLESSIS,172491,0,3,RD,0,3,2,1,0,0,1,,,,1,7,0,0,1,0
1,7,1,1,1,92,FRANCE,ILE-DE-FRANCE,024,92024,CLICHY,RUE PIERRE BEREGOVOY,172499,0,4,VC,0,2,2,,,0,1,,,,1,10,0,0,1,0
1,7,1,2,6,92,FRANCE,ILE-DE-FRANCE,025,92025,COLOMBES,AVENUE HENRI BARBUSSE,172505,0,3,RD,0,2,2,,,0,1,,,,1,32,0,0,1,0
1,7,1,8,6,92,FRANCE,ILE-DE-FRANCE,026,92026,COURBEVOIE,CHATEAU DU LOIR,172515,0,9,Autre,0,1,1,,,0,1,,,,1,,0,0,0,1
1,6,1,1,6,92,FRANCE,ILE-DE-FRANCE,036,92036,GENNEVILLIERS,RUE MARCEL ROYER,172529,0,4,VC,0,1,1,,,0,1,,,,1,7,0,0,1,0
1,7,1,1,1,92,FRANCE,ILE-DE-FRANCE,050,92050,NANTERRE,AVENUE DE LA REPUBLIQUE,172558,0,2,RN,0,2,2,,,0,1,,,,1,37,0,0,1,0
1,7,1,1,3,92,FRANCE,ILE-DE-FRANCE,050,92050,NANTERRE,RUE DU 1ER MAI,172560,0,4,VC,0,1,3,,,0,4,,,,1,7,0,0,1,0
1,7,3,1,2,92,FRANCE,ILE-DE-FRANCE,063,92063,RUEIL-MALMAISON,RUE JEAN BOURGUIGNON,172573,0,4,VC,0,2,2,,,0,1,,,,1,2,0,0,1,0
1,5,1,1,7,92,FRANCE,ILE-DE-FRANCE,033,92033,GARCHES,RAYMOND POINCARE,172578,0,3,RD,0,3,4,,,0,1,,,,1,33,0,0,1,0
1,6,1,1,6,92,FRANCE,ILE-DE-FRANCE,073,92073,SURESNES,BOULEVARD HENRI SELLIER,172588,5,3,RD,0,3,6,,,3,1,,,,1,10,0,0,1,0
1,8,1,1,6,92,FRANCE,ILE-DE-FRANCE,012,92012,BOULOGNE-BILLANCOURT,ALLEE DU FORUM,172605,0,4,VC,0,0,0,,,0,0,,,,1,,0,0,0,1
1,8,1,1,3,92,FRANCE,ILE-DE-FRANCE,012,92012,BOULOGNE-BILLANCOURT,RUE DES TILLEULS,172631,0,4,VC,118,1,1,,,0,1,,,,1,7,0,0,1,0
1,6,9,1,3,92,FRANCE,ILE-DE-FRANCE,032,92032,FONTENAY-AUX-ROSES,RUE MARCHAND ROBERT,172632,0,4,VC,0,1,1,1,0,0,1,,,,1,7,0,0,1,0
1,5,1,1,6,92,FRANCE,ILE-DE-FRANCE,071,92071,SCEAUX,RUE HOUDAN,172633,6,4,VC,0,0,1,,,3,1,,,,1,,0,0,0,1
1,6,1,1,2,92,FRANCE,ILE-DE-FRANCE,019,92019,CHATENAY-MALABRY,RUE BENOIT MALON,172634,0,4,VC,0,2,2,,,0,1,,,,1,7,0,0,1,0
1,5,3,1,3,92,FRANCE,ILE-DE-FRANCE,071,92071,SCEAUX,RUE DES CHENEAUX,172635,0,4,VC,0,2,2,1,0,1,1,,,,1,7,0,0,1,0
2,6,1,1,3,92,FRANCE,ILE-DE-FRANCE,032,92032,FONTENAY-AUX-ROSES,AVENUE JEAN MOULIN,172636,0,2,RN,0,2,3,,,3,1,,,,1,7,0,0,1,0
1,6,6,1,6,92,FRANCE,ILE-DE-FRANCE,023,92023,CLAMART,PLACE DU GARDE,172646,0,3,RD,0,1,2,,,0,1,,,,1,10,0,0,1,0
1,7,1,1,3,92,FRANCE,ILE-DE-FRANCE,024,92024,CLICHY,PONT DE CLICHY,172653,2,4,VC,0,2,2,,,0,0,,,,1,13,0,0,1,0
1,7,6,1,3,92,FRANCE,ILE-DE-FRANCE,024,92024,CLICHY,BOULEVARD DU GENERAL LECLERC  DE,172656,0,3,RD,0,0,2,,,0,0,,,,1,7,0,0,1,0
1,6,2,1,3,92,FRANCE,ILE-DE-FRANCE,048,92048,MEUDON,AVENUE DU GENERAL DE GAULLE,172698,0,4,VC,0,2,2,,,0,1,,,,1,7,0,0,1,0
1,6,1,1,3,92,FRANCE,ILE-DE-FRANCE,049,92049,MONTROUGE,RUE BARBES,172704,0,3,RD,0,2,4,,,0,1,,,,1,7,0,0,1,0
1,7,2,1,3,92,FRANCE,ILE-DE-FRANCE,050,92050,NANTERRE,AVENUE BENOIT FRACHON ,172709,5,4,VC,0,1,2,,,0,1,,,,1,7,0,0,1,0
1,6,1,1,2,92,FRANCE,ILE-DE-FRANCE,073,92073,SURESNES,BOULEVARD HENRI SELLIER,172736,2,3,RD,0,2,6,,,0,1,,,,1,7,0,0,1,0
1,6,6,2,2,92,FRANCE,ILE-DE-FRANCE,075,92075,VANVES,JEAN BLEUZEN,172741,0,3,RD,0,2,3,,,0,1,,,,1,32,0,0,0,1
1,6,2,1,3,92,FRANCE,ILE-DE-FRANCE,046,92046,MALAKOFF,RUE PAUL BERT,172743,1,4,VC,0,1,2,,,3,1,,,,1,10,0,0,1,0
1,6,1,1,6,92,FRANCE,ILE-DE-FRANCE,046,92046,MALAKOFF,RUE AVAULEE,172746,0,4,VC,0,2,2,,,0,4,,,,1,10,0,0,1,0
1,7,2,1,3,92,FRANCE,ILE-DE-FRANCE,004,92004,ASNIERES-SUR-SEINE,ROBERT DUPONT,172759,0,3,RD,0,2,5,,,0,1,,,,1,7,0,0,1,0
1,6,1,1,6,92,FRANCE,ILE-DE-FRANCE,007,92007,BAGNEUX,AVENUE ARISTIDE BRIAND,172768,0,2,RN,0,0,0,,,0,0,,,,1,7,0,0,1,0
1,8,1,1,3,92,FRANCE,ILE-DE-FRANCE,012,92012,BOULOGNE-BILLANCOURT,RUE DE L'OUEST,172777,0,9,Autre,89,1,1,,,0,1,,,,1,7,0,0,1,0
2,5,3,1,3,92,FRANCE,ILE-DE-FRANCE,071,92071,SCEAUX,RUE HOUDAN,172784,0,3,RD,0,2,2,1,0,0,1,,,,1,7,0,0,1,0
1,6,2,1,3,92,FRANCE,ILE-DE-FRANCE,060,92060,PLESSIS-ROBINSON (LE),RUE VICTOR VERNADAT ,172788,5,4,VC,0,2,2,,,0,0,,,,1,7,0,0,1,0
1,7,1,1,2,92,FRANCE,ILE-DE-FRANCE,024,92024,CLICHY,QUAI DE CLICHY  DE,172792,0,3,RD,0,3,5,,,0,1,,,,1,7,0,0,1,0
1,6,3,1,2,92,FRANCE,ILE-DE-FRANCE,036,92036,GENNEVILLIERS,AVENUE D'ARGENTEUIL,172812,0,2,RN,0,2,4,,,0,1,,,,1,7,0,0,1,0
5,7,4,1,3,92,FRANCE,ILE-DE-FRANCE,040,92040,ISSY-LES-MOULINEAUX,AVENUE DU GENERAL DE GAULLE,172826,0,3,RD,0,2,2,,,0,1,,,,1,10,0,0,1,0
2,7,1,1,2,92,FRANCE,ILE-DE-FRANCE,063,92063,RUEIL-MALMAISON,AVENUE DE BUZENVAL,172850,0,4,VC,0,2,2,,,0,1,,,,1,7,0,0,1,0
1,6,1,1,3,92,FRANCE,ILE-DE-FRANCE,072,92072,SEVRES,RUE GRANDE  RUE,172859,0,3,RD,0,3,4,,,0,1,,,,1,7,0,0,1,0
1,6,2,1,3,92,FRANCE,ILE-DE-FRANCE,046,92046,MALAKOFF,RUE PAUL BERT,172867,1,4,VC,0,1,2,,,3,0,,,,1,7,0,0,1,0
1,6,3,1,3,92,FRANCE,ILE-DE-FRANCE,060,92060,PLESSIS-ROBINSON (LE),AVENUE REAUMUR,172913,0,4,VC,0,2,2,,,0,1,,,,1,7,0,0,1,0
1,7,3,1,3,92,FRANCE,ILE-DE-FRANCE,025,92025,COLOMBES,RUE PIERRE BROSSOLETTE,172919,0,4,VC,0,1,1,1,0,0,1,,,,1,7,0,0,1,0
1,7,3,1,2,92,FRANCE,ILE-DE-FRANCE,025,92025,COLOMBES,RUE SAINT DENIS,172921,0,4,VC,0,1,1,1,0,2,1,,,,1,7,0,0,1,0
1,7,3,7,3,92,FRANCE,ILE-DE-FRANCE,025,92025,COLOMBES,RUE DU MARECHAL JOFFRE,172922,0,4,VC,0,1,1,1,0,0,1,,,,1,7,0,0,1,0
1,6,1,1,6,92,FRANCE,ILE-DE-FRANCE,049,92049,MONTROUGE,RUE GABRIEL PERI,172943,0,3,RD,0,2,2,,,0,4,,,,1,,0,0,0,1