lum,agg,int,atm,col,dep_bis,pays,region,com_bis,com_codeINSEE,communes,N_voie,numac,infra,catr,type_route,voie,circ,nbv,pr,pr1,vosp,situ,lat,long,adr,accident_velo,vehicule_imp,cycl_mort,cycl_bgv,cycl_blg,cycl_indm
1,6,1,1,6,92,FRANCE,ILE-DE-FRANCE,020,92020,CHATILLON,RUE DE L'AVENIR ,172946,0,4,VC,0,1,1,,,0,1,,,,1,7,0,0,1,0
5,6,1,1,3,92,FRANCE,ILE-DE-FRANCE,064,92064,SAINT-CLOUD,PALAIS,172958,2,4,VC,0,1,2,1,0,0,1,,,,1,7,0,0,1,0
1,7,1,1,6,92,FRANCE,ILE-DE-FRANCE,002,92002,ANTONY,RUE AUGUSTE MOUNIE,172997,0,4,VC,0,1,2,,,0,1,,,,1,7,0,0,1,0
1,5,1,1,6,92,FRANCE,ILE-DE-FRANCE,071,92071,SCEAUX,AVENUE PAUL LANGEVIN,173023,0,3,RD,0,2,2,,,2,1,,,,1,,0,0,1,0
1,7,1,1,6,92,FRANCE,ILE-DE-FRANCE,025,92025,COLOMBES,RUE DESMOND DUPONT,173037,0,4,VC,0,1,1,1,0,0,1,,,,1,,0,0,0,1
1,6,1,1,2,92,FRANCE,ILE-DE-FRANCE,035,92035,GARENNE-COLOMBES (LA),BOULEVARD DE LA REPUBLIQUE,173054,0,3,RD,0,2,2,,,0,1,,,,1,7,0,0,1,0
1,6,1,1,3,92,FRANCE,ILE-DE-FRANCE,036,92036,GENNEVILLIERS,RUE VICTOR HUGO,173058,0,4,VC,0,1,1,,,0,1,,,,1,7,0,0,1,0
2,6,1,1,3,92,FRANCE,ILE-DE-FRANCE,036,92036,GENNEVILLIERS,AVENUE LOUIS ROCHE,173059,0,3,RD,0,2,2,,,0,1,,,,1,7,0,0,1,0
1,7,6,1,3,92,FRANCE,ILE-DE-FRANCE,040,92040,ISSY-LES-MOULINEAUX,VICTOR HUGO,173062,0,4,VC,0,1,1,,,0,0,,,,1,7,0,0,1,0
1,6,6,1,3,92,FRANCE,ILE-DE-FRANCE,048,92048,MEUDON,ROND-POINT MAL DE LATTRE DE TASSIGNY,173072,0,4,VC,0,1,2,,,0,1,,,,1,7,0,0,1,0
1,6,1,1,3,92,FRANCE,ILE-DE-FRANCE,048,92048,MEUDON,AVENUE JEAN JAURES,173075,0,3,RD,0,2,2,,,0,1,,,,1,7,0,0,1,0
1,6,9,1,3,92,FRANCE,ILE-DE-FRANCE,020,92020,CHATILLON,RUE PERROTIN ,173081,0,4,VC,0,2,2,,,0,1,,,,1,30,0,0,0,1
1,6,9,1,3,92,FRANCE,ILE-DE-FRANCE,049,92049,MONTROUGE,AVENUE PIERRE BROSSOLETTE,173082,0,3,RD,0,2,4,,,3,1,,,,1,5,0,0,1,0
1,7,1,1,6,92,FRANCE,ILE-DE-FRANCE,050,92050,NANTERRE,RUE DU 19 MARS 1962,173089,0,4,VC,0,1,1,,,1,1,,,,1,,0,0,0,1
1,7,3,1,3,92,FRANCE,ILE-DE-FRANCE,050,92050,NANTERRE,AVENUE JOILIOT CURIE,173090,5,4,VC,0,3,2,,,0,1,,,,1,14,0,0,1,0
1,5,1,1,3,92,FRANCE,ILE-DE-FRANCE,033,92033,GARCHES,HENRI REGNAULT,173111,0,4,VC,0,2,1,,,0,1,,,,1,7,0,0,1,0
1,6,1,1,6,92,FRANCE,ILE-DE-FRANCE,072,92072,SEVRES,PLACE GABRIEL PERI,173114,0,4,VC,0,2,2,,,0,1,,,,1,,0,0,1,0
1,6,4,1,3,92,FRANCE,ILE-DE-FRANCE,046,92046,MALAKOFF,CHARLES DE GAULLE,173120,0,4,VC,0,2,2,,,0,0,,,,1,7,0,0,1,0
1,6,6,1,3,92,FRANCE,ILE-DE-FRANCE,075,92075,VANVES,DE L'INSURRECTION,173123,0,4,VC,0,1,2,,,0,1,,,,1,7,0,0,1,0
5,7,1,2,6,92,FRANCE,ILE-DE-FRANCE,004,92004,ASNIERES-SUR-SEINE,RUE  BOURGUIGNONS,173150,0,4,VC,0,1,1,,,0,1,,,,1,7,0,0,1,0
2,7,1,1,3,92,FRANCE,ILE-DE-FRANCE,025,92025,COLOMBES,RUE DES VOIES DU BOIS,173201,0,3,RD,0,2,2,1,0,0,1,,,,1,7,0,0,1,0
1,7,6,1,1,92,FRANCE,ILE-DE-FRANCE,040,92040,ISSY-LES-MOULINEAUX,BOULEVARD GALLIENI,173228,0,3,RD,0,2,2,,,0,1,,,,1,7,0,0,1,0
5,7,2,1,5,92,FRANCE,ILE-DE-FRANCE,044,92044,LEVALLOIS-PERRET,RUE MARIUS AUFAN,173236,0,4,VC,0,1,1,,,0,1,,,,1,10,0,0,0,1
1,7,1,1,6,92,FRANCE,ILE-DE-FRANCE,044,92044,LEVALLOIS-PERRET,RUE  GUESDES,173238,0,4,VC,0,1,1,,,0,0,,,,1,7,0,0,1,0
1,7,3,1,3,92,FRANCE,ILE-DE-FRANCE,063,92063,RUEIL-MALMAISON,ROUTE DE L'EMPEREUR,173270,0,3,RD,0,2,2,,,0,0,,,,1,7,0,0,1,0
1,7,2,1,6,92,FRANCE,ILE-DE-FRANCE,002,92002,ANTONY,- BIS DIVISION LECLERC,173319,0,2,RN,0,2,2,,,0,1,,,,1,7,0,0,1,0
1,8,1,1,6,92,FRANCE,ILE-DE-FRANCE,012,92012,BOULOGNE-BILLANCOURT,RUE DE BILLANCOURT ,173338,0,3,RD,15,2,2,,,0,1,,,,1,7,0,0,1,0
5,7,1,2,2,92,FRANCE,ILE-DE-FRANCE,025,92025,COLOMBES,RUE CHAMPY,173369,0,3,RD,0,1,1,1,0,0,1,,,,1,7,0,0,1,0
1,6,1,1,2,92,FRANCE,ILE-DE-FRANCE,036,92036,GENNEVILLIERS,AVENUE LAURENT CELY ,173384,0,3,RD,0,1,2,,,0,1,,,,1,10,0,0,1,0
1,7,1,1,6,92,FRANCE,ILE-DE-FRANCE,044,92044,LEVALLOIS-PERRET,RUE VICTOR HUGO,173395,0,4,VC,0,2,2,,,0,1,,,,1,7,0,0,1,0
1,7,3,1,3,92,FRANCE,ILE-DE-FRANCE,044,92044,LEVALLOIS-PERRET,RUE RIVAY,173399,0,4,VC,0,1,0,,,0,0,,,,1,7,0,0,1,0
5,6,2,2,3,92,FRANCE,ILE-DE-FRANCE,062,92062,PUTEAUX,BOULEVARD RICHARD WALLACE,173429,0,4,VC,0,2,2,,,0,1,,,,1,7,0,0,1,0
1,5,4,1,3,92,FRANCE,ILE-DE-FRANCE,022,92022,CHAVILLE,AVENUE ROGER SALENGRO,173447,0,3,RD,0,3,5,,,0,1,,,,1,7,0,0,1,0
1,6,3,1,6,92,FRANCE,ILE-DE-FRANCE,075,92075,VANVES,RUE JULLIEN,173459,0,4,VC,0,2,2,,,0,1,,,,1,,0,0,0,1
2,8,6,3,3,92,FRANCE,ILE-DE-FRANCE,012,92012,BOULOGNE-BILLANCOURT,RUE DU CHATEAU,173493,0,3,RD,102,2,2,0,1,0,1,,,,1,7,0,0,1,0
5,5,1,1,2,92,FRANCE,ILE-DE-FRANCE,071,92071,SCEAUX,AVENUE DE BOURG LA REINE,173500,0,3,RD,0,3,2,,,0,1,,,,1,7,0,0,1,0
5,7,1,3,6,92,FRANCE,ILE-DE-FRANCE,040,92040,ISSY-LES-MOULINEAUX,DU GENERAL LECLERC ,173543,0,2,RN,0,1,2,,,0,1,,,,1,,0,0,1,0
5,6,4,1,3,92,FRANCE,ILE-DE-FRANCE,020,92020,CHATILLON,AVENUE REPUBLIQUE,173568,0,3,RD,0,2,2,,,1,5,,,,1,10,0,0,1,0
1,7,1,2,6,92,FRANCE,ILE-DE-FRANCE,044,92044,LEVALLOIS-PERRET,QUAI MICHELET,173692,0,4,VC,0,2,4,,,0,1,,,,1,7,0,0,1,0
1,1,1,1,7,92,FRANCE,ILE-DE-FRANCE,048,92048,MEUDON,AVENUE DE TRIVAUX,173701,0,3,RD,0,1,1,,,0,1,,,,1,,0,0,1,0
1,6,2,1,1,92,FRANCE,ILE-DE-FRANCE,048,92048,MEUDON,RUE DE PARIS,173702,0,4,VC,0,1,1,,,0,1,,,,1,7,0,0,1,0
1,7,2,1,6,92,FRANCE,ILE-DE-FRANCE,002,92002,ANTONY,RUE MAURICE LABROUSSE,173770,0,4,VC,0,3,2,,,0,1,,,,1,7,0,0,1,0
5,5,1,1,6,92,FRANCE,ILE-DE-FRANCE,014,92014,BOURG-LA-REINE,AVENUE DE MONTROUGE,173778,0,3,RD,0,2,4,,,0,1,,,,1,7,0,0,1,0
1,6,2,1,3,92,FRANCE,ILE-DE-FRANCE,007,92007,BAGNEUX,AVENUE LOUIS PASTEUR,173792,0,3,RD,0,2,2,,,0,1,,,,1,7,0,0,1,0
1,7,2,1,3,92,FRANCE,ILE-DE-FRANCE,026,92026,COURBEVOIE,MISSION MARCHAND,173820,0,3,RD,0,3,4,,,0,1,,,,1,7,0,0,1,0
5,7,1,2,2,92,FRANCE,ILE-DE-FRANCE,026,92026,COURBEVOIE,VERDUN,173821,0,3,RD,0,3,4,,,0,1,,,,1,7,0,0,1,0
1,6,1,1,3,92,FRANCE,ILE-DE-FRANCE,036,92036,GENNEVILLIERS,PLACE JEAN GRANDEL,173827,0,3,RD,0,1,1,,,0,1,,,,1,7,0,0,1,0
1,7,2,1,6,92,FRANCE,ILE-DE-FRANCE,044,92044,LEVALLOIS-PERRET,RUE JEAN JAURES,173836,0,4,VC,0,1,1,,,0,1,,,,1,99,0,0,1,0
5,7,2,1,3,92,FRANCE,ILE-DE-FRANCE,050,92050,NANTERRE,Route Nationale  314,173855,0,2,RN,0,2,2,,,0,1,,,,1,7,0,0,1,0
1,6,2,3,3,92,FRANCE,ILE-DE-FRANCE,075,92075,VANVES,RUE PASTEUR,173884,0,3,RD,0,2,0,,,0,1,,,,1,7,0,0,1,0
1,6,2,1,3,92,FRANCE,ILE-DE-FRANCE,046,92046,MALAKOFF,EUGENE VARLIN,173886,0,4,VC,0,2,2,,,0,1,,,,1,7,0,0,1,0
1,8,1,1,1,92,FRANCE,ILE-DE-FRANCE,012,92012,BOULOGNE-BILLANCOURT,BOULEVARD DE LA REPUBLIQUE,173902,0,3,RD,50,2,2,,,0,1,,,,1,7,0,0,1,0
1,7,1,1,3,92,FRANCE,ILE-DE-FRANCE,004,92004,ASNIERES-SUR-SEINE,QUAI AULAGNIER,173926,0,5,Hors_reseau,0,1,3,,,0,4,,,,1,13,0,0,1,0
1,8,3,1,3,92,FRANCE,ILE-DE-FRANCE,012,92012,BOULOGNE-BILLANCOURT,RUE GALLIENI,173937,0,4,VC,2,2,2,,,0,1,,,,1,10,0,0,1,0
5,8,1,1,6,92,FRANCE,ILE-DE-FRANCE,012,92012,BOULOGNE-BILLANCOURT,RUE THIERS,173938,0,4,VC,1,2,2,,,0,1,,,,1,7,0,0,1,0
1,6,5,1,3,92,FRANCE,ILE-DE-FRANCE,035,92035,GARENNE-COLOMBES (LA),AVENUE DU GENERAL DE GAULLE,173982,0,3,RD,0,2,2,,,0,1,,,,1,7,0,0,1,0
1,6,1,1,3,92,FRANCE,ILE-DE-FRANCE,035,92035,GARENNE-COLOMBES (LA),BOULEVARD NATIONAL,173985,0,2,RN,0,4,4,,,0,4,,,,1,7,0,0,1,0
1,6,3,1,3,92,FRANCE,ILE-DE-FRANCE,035,92035,GARENNE-COLOMBES (LA),avenue de Verdun 1916,173986,0,3,RD,0,2,2,,,0,1,,,,1,7,0,0,1,0
1,7,7,2,3,92,FRANCE,ILE-DE-FRANCE,040,92040,ISSY-LES-MOULINEAUX,BOULEVARD VOLTAIRE,173995,0,3,RD,0,2,2,,,0,1,,,,1,7,0,0,1,0
1,7,9,1,3,92,FRANCE,ILE-DE-FRANCE,040,92040,ISSY-LES-MOULINEAUX,RUE JEAN-JACQUES ROUSSEAU ,173997,0,3,RD,0,2,2,,,0,1,,,,1,7,0,0,1,0
5,7,3,2,3,92,FRANCE,ILE-DE-FRANCE,051,92051,NEUILLY-SUR-SEINE,BOULEVARD DU GENERAL KOENIG,174020,0,3,RD,0,2,2,,,0,1,,,,1,2,0,0,1,0
1,6,6,1,3,92,FRANCE,ILE-DE-FRANCE,075,92075,VANVES,AVENUE JEAN JAURES,174056,5,4,VC,0,2,2,,,0,1,,,,1,7,0,0,1,0
1,7,3,2,6,92,FRANCE,ILE-DE-FRANCE,004,92004,ASNIERES-SUR-SEINE,BOULEVARD VOLTAIRE,174104,0,3,RD,0,2,2,,,0,1,,,,1,7,0,0,1,0
5,7,3,1,2,92,FRANCE,ILE-DE-FRANCE,004,92004,ASNIERES-SUR-SEINE,AVENUE D'ARGENTEUIL,174108,0,4,VC,0,2,2,,,0,1,,,,1,7,0,0,1,0
2,8,1,1,6,92,FRANCE,ILE-DE-FRANCE,012,92012,BOULOGNE-BILLANCOURT,RUE DU DOME,174122,0,4,VC,32,0,0,,,0,1,,,,1,7,0,0,1,0
1,6,1,1,1,92,FRANCE,ILE-DE-FRANCE,036,92036,GENNEVILLIERS,AVENUE VIEUX CHEMIN DE SAINT DENIS,174162,0,4,VC,0,2,2,,,0,1,,,,1,7,0,0,1,0
1,7,1,1,6,92,FRANCE,ILE-DE-FRANCE,040,92040,ISSY-LES-MOULINEAUX,ERNEST RENAN,174168,0,2,RN,0,1,2,,,0,1,,,,1,7,0,0,1,0
1,6,1,1,7,92,FRANCE,ILE-DE-FRANCE,048,92048,MEUDON,AVENUE DE TRIVAUX,174181,0,3,RD,0,2,2,,,0,4,,,,1,,0,0,1,0
1,6,3,1,3,92,FRANCE,ILE-DE-FRANCE,048,92048,MEUDON,AVENUE DU MARECHAL DE LATTRE DE TASSIGNY,174183,0,4,VC,0,2,2,,,0,1,,,,1,7,0,0,1,0
2,7,1,1,3,92,FRANCE,ILE-DE-FRANCE,050,92050,NANTERRE,RUE DES TROIS FONTANOT,174202,0,4,VC,0,2,2,,,0,1,,,,1,10,0,0,1,0
1,7,1,1,3,92,FRANCE,ILE-DE-FRANCE,051,92051,NEUILLY-SUR-SEINE,BOULEVARD DU GENERAL KOENIG,174217,0,4,VC,0,2,0,,,0,1,,,,1,7,0,0,1,0
1,6,3,1,3,92,FRANCE,ILE-DE-FRANCE,073,92073,SURESNES,BOULEVARD HENRI SELLIER,174234,0,3,RD,0,3,4,,,0,1,,,,1,7,0,0,1,0
1,6,3,1,6,92,FRANCE,ILE-DE-FRANCE,073,92073,SURESNES,AVENUE FRANKLIN ROOSVELT,174236,0,3,RD,0,2,4,,,0,1,,,,1,,,,,
1,6,1,1,6,92,FRANCE,ILE-DE-FRANCE,075,92075,VANVES,RUE JEAN BLEUZEN,174239,0,3,RD,0,2,2,,,0,1,,,,1,,0,0,0,1
1,6,1,1,3,92,FRANCE,ILE-DE-FRANCE,046,92046,MALAKOFF,CHARLES DE GAULLE,174241,0,3,RD,0,2,2,,,1,5,,,,1,7,0,0,1,0
1,7,1,1,6,92,FRANCE,ILE-DE-FRANCE,004,92004,ASNIERES-SUR-SEINE,RUE DES BAS,174260,0,4,VC,0,1,2,,,0,1,,,,1,7,0,0,1,0
1,7,2,2,6,92,FRANCE,ILE-DE-FRANCE,004,92004,ASNIERES-SUR-SEINE,AVENUE DE LA  REDOUTE,174261,0,3,RD,0,2,4,,,0,1,,,,1,7,0,0,1,0
1,6,1,1,6,92,FRANCE,ILE-DE-FRANCE,007,92007,BAGNEUX,AVENUE CHARLES DE GAULLE,174264,0,3,RD,0,2,2,,,0,1,,,,1,10,0,0,1,0
1,6,3,1,3,92,FRANCE,ILE-DE-FRANCE,007,92007,BAGNEUX,AVENUE LOUIS PASTEUR,174266,0,3,RD,0,2,2,,,0,1,,,,1,7,0,0,1,0
1,7,1,1,6,92,FRANCE,ILE-DE-FRANCE,024,92024,CLICHY,RUE JEAN WALTER,174296,0,4,VC,0,1,1,,,0,1,,,,1,7,0,0,1,0
1,7,1,1,6,92,FRANCE,ILE-DE-FRANCE,024,92024,CLICHY,ALLEES DE EUROPE,174298,0,4,VC,0,1,1,,,1,1,,,,1,30,0,0,1,0
1,7,2,1,6,92,FRANCE,ILE-DE-FRANCE,025,92025,COLOMBES,AVENUE DE STALINGRAD,174301,0,3,RD,0,2,2,1,0,0,1,,,,1,7,0,0,1,0
1,7,3,1,1,92,FRANCE,ILE-DE-FRANCE,040,92040,ISSY-LES-MOULINEAUX,DE MEUDON,174326,0,4,VC,0,1,1,,,0,1,,,,1,7,0,0,1,0
1,6,1,2,7,92,FRANCE,ILE-DE-FRANCE,064,92064,SAINT-CLOUD,MARECHAL JUIN,174380,2,3,RD,0,3,4,1,0,0,1,,,,1,7,0,0,0,1
1,6,3,1,2,92,FRANCE,ILE-DE-FRANCE,064,92064,SAINT-CLOUD,L'AVRE,174382,0,4,VC,0,2,2,1,0,0,0,,,,1,7,0,0,1,0
1,6,1,1,7,92,FRANCE,ILE-DE-FRANCE,072,92072,SEVRES,RUE DE LA GARENNE,174387,0,4,VC,0,2,2,,,0,1,,,,1,,0,0,1,0
1,6,3,1,6,92,FRANCE,ILE-DE-FRANCE,075,92075,VANVES,RUE JULLIEN,174399,0,4,VC,0,2,2,,,0,1,,,,1,7,0,0,1,0
1,7,3,1,6,92,FRANCE,ILE-DE-FRANCE,002,92002,ANTONY,RUE ADOLPHE PAJEAUD,174425,0,4,VC,0,2,0,,,0,1,,,,1,7,0,0,1,0
1,7,2,1,3,92,FRANCE,ILE-DE-FRANCE,004,92004,ASNIERES-SUR-SEINE,RUE FELIX FAURE,174440,0,4,VC,0,1,1,,,0,0,,,,1,7,0,0,1,0
1,8,1,1,6,92,FRANCE,ILE-DE-FRANCE,012,92012,BOULOGNE-BILLANCOURT,AVENUE ANDRE MORIZET,174448,0,3,RD,50,2,2,,,0,1,,,,1,7,0,0,1,0
1,7,3,1,6,92,FRANCE,ILE-DE-FRANCE,024,92024,CLICHY,RUE DU DIX-HUIT-JUIN-1940,174470,0,4,VC,0,2,2,,,0,1,,,,1,7,0,0,1,0
1,6,1,1,6,92,FRANCE,ILE-DE-FRANCE,035,92035,GARENNE-COLOMBES (LA),BOULEVARD DE LA REPUBLIQUE,174490,0,3,RD,0,2,2,,,0,1,,,,1,10,0,0,1,0
1,6,1,1,3,92,FRANCE,ILE-DE-FRANCE,036,92036,GENNEVILLIERS,RUE JEAN JAURES,174500,0,3,RD,0,2,2,,,0,1,,,,1,7,0,0,1,0
1,6,1,1,3,92,FRANCE,ILE-DE-FRANCE,036,92036,GENNEVILLIERS,AVENUE GENERAL DE GAULLE ,174504,0,3,RD,0,2,2,,,1,1,,,,1,37,0,0,1,0
1,6,2,1,3,92,FRANCE,ILE-DE-FRANCE,020,92020,CHATILLON,RUE D'ESTIENNE D'ORVES,174522,0,3,RD,0,2,2,0,100,0,1,,,,1,7,0,0,1,0
1,7,2,1,6,92,FRANCE,ILE-DE-FRANCE,051,92051,NEUILLY-SUR-SEINE,BOULEVARD MAURICE BARRES,174532,0,4,VC,0,2,2,,,0,1,,,,1,7,0,0,0,1
1,7,1,1,6,92,FRANCE,ILE-DE-FRANCE,051,92051,NEUILLY-SUR-SEINE,RUE DU CHATEAU,174535,0,4,VC,0,2,2,,,0,1,,,,1,,0,0,0,1
2,7,1,1,2,92,FRANCE,ILE-DE-FRANCE,063,92063,RUEIL-MALMAISON,BOULEVARD RICHELIEU,174548,0,3,RD,0,2,1,,,0,0,,,,1,7,0,0,1,0
1,6,1,2,6,92,FRANCE,ILE-DE-FRANCE,064,92064,SAINT-CLOUD,REPUBLIQUE,174559,0,3,RD,0,2,2,,,0,1,,,,1,7,0,0,1,0
1,5,9,1,7,92,FRANCE,ILE-DE-FRANCE,033,92033,GARCHES,DIX NEUF JANVIER,174564,0,4,VC,0,2,2,,,0,4,,,,1,,0,0,1,0
1,6,1,1,7,92,FRANCE,ILE-DE-FRANCE,073,92073,SURESNES,ROUTE FUSILLES DE LA RESISTANCE 1940-1945,174575,0,3,RD,0,2,2,,,0,1,,,,1,7,0,0,1,0
1,6,2,3,3,92,FRANCE,ILE-DE-FRANCE,046,92046,MALAKOFF,RUE AVAULEE,174578,0,4,VC,0,2,2,,,0,1,,,,1,7,0,0,1,0
5,7,1,2,6,92,FRANCE,ILE-DE-FRANCE,004,92004,ASNIERES-SUR-SEINE,AVENUE GABRIEL PERI,174603,0,9,Autre,0,1,1,,,3,1,,,,1,37,0,0,1,0
1,7,1,1,6,92,FRANCE,ILE-DE-FRANCE,004,92004,ASNIERES-SUR-SEINE,QUAI AULAGNIER,174608,0,3,RD,0,1,2,,,0,1,,,,1,7,0,0,1,0
1,1,1,1,6,92,FRANCE,ILE-DE-FRANCE,012,92012,BOULOGNE-BILLANCOURT,AVENUE PIERRE GRENIER,174615,0,3,RD,101,2,2,,,0,1,,,,1,7,0,0,1,0
1,6,1,1,3,92,FRANCE,ILE-DE-FRANCE,032,92032,FONTENAY-AUX-ROSES,AVENUE PAUL LANGEVIN,174626,0,3,RD,0,2,2,,,2,5,,,,1,37,0,0,1,0
1,6,1,1,1,92,FRANCE,ILE-DE-FRANCE,036,92036,GENNEVILLIERS,BOULEVARD CAMELINAT,174661,0,4,VC,0,1,1,,,0,1,,,,1,10,0,0,1,0
1,7,1,1,3,92,FRANCE,ILE-DE-FRANCE,051,92051,NEUILLY-SUR-SEINE,BOULEVARD DU CHATEAU,174694,0,4,VC,0,2,2,,,0,1,,,,1,7,0,0,1,0
1,6,1,1,3,92,FRANCE,ILE-DE-FRANCE,072,92072,SEVRES,RUE DE VILLE D'AVRAY,174709,0,9,Autre,0,2,2,,,0,1,,,,1,7,0,0,1,0
1,6,3,1,2,92,FRANCE,ILE-DE-FRANCE,075,92075,VANVES,AVENUE DU GENERAL DE GAULLE,174718,0,3,RD,0,2,2,,,0,1,,,,1,7,0,0,1,0
1,7,1,1,6,92,FRANCE,ILE-DE-FRANCE,002,92002,ANTONY,PASSAGE DE LA BIEVRE,174734,0,4,VC,0,0,0,,,0,4,,,,1,,0,0,0,1
1,6,1,1,3,92,FRANCE,ILE-DE-FRANCE,049,92049,MONTROUGE,AVENUE ARISTIDE BRIAND,174797,0,3,RD,0,3,8,,,3,1,,,,1,7,0,0,1,0
1,6,2,2,6,92,FRANCE,ILE-DE-FRANCE,046,92046,MALAKOFF,RUE BERANGER,174826,0,4,VC,0,2,0,,,0,1,,,,1,10,0,0,1,0
1,7,2,1,2,92,FRANCE,ILE-DE-FRANCE,004,92004,ASNIERES-SUR-SEINE,PAUL BERT,174856,0,4,VC,0,1,1,,,0,1,,,,1,7,0,0,1,0
1,6,1,1,6,92,FRANCE,ILE-DE-FRANCE,009,92009,BOIS-COLOMBES,RUE PAUL DEROULEDE ,174857,0,4,VC,0,2,2,,,0,1,,,,1,,0,0,1,0
1,6,3,1,6,92,FRANCE,ILE-DE-FRANCE,009,92009,BOIS-COLOMBES,RUE CHARLES CHEFSON,174862,0,4,VC,0,1,1,,,0,1,,,,1,10,0,0,1,0
1,5,1,1,6,92,FRANCE,ILE-DE-FRANCE,071,92071,SCEAUX,RUE HOUDAN,174886,0,3,RD,0,2,2,,,0,3,,,,1,7,0,0,1,0
1,6,2,1,6,92,FRANCE,ILE-DE-FRANCE,036,92036,GENNEVILLIERS,AVENUE LAURENT CELY ,174923,0,3,RD,0,1,3,,,0,1,,,,1,,0,0,0,1
2,7,1,1,2,92,FRANCE,ILE-DE-FRANCE,050,92050,NANTERRE,AVENUE ARAGO FRANCOIS ,174937,0,3,RD,0,3,4,,,0,1,,,,1,7,0,0,1,0
1,6,3,1,6,92,FRANCE,ILE-DE-FRANCE,007,92007,BAGNEUX,AVENUE HENRI RAVERA,175006,0,3,RD,0,2,2,,,0,1,,,,1,,0,0,1,0
1,6,2,1,1,92,FRANCE,ILE-DE-FRANCE,032,92032,FONTENAY-AUX-ROSES,RUE BOUCICAUT,175019,0,3,RD,0,0,2,1,0,0,0,,,,1,7,0,0,1,0
2,7,2,1,6,92,FRANCE,ILE-DE-FRANCE,026,92026,COURBEVOIE,VERDUN,175042,0,3,RD,0,2,4,,,0,1,,,,1,,,,,
1,7,1,1,6,92,FRANCE,ILE-DE-FRANCE,040,92040,ISSY-LES-MOULINEAUX,BOULEVARD GAMBETTA,175058,0,3,RD,0,2,2,,,0,1,,,,1,,0,0,0,1
2,7,1,2,6,92,FRANCE,ILE-DE-FRANCE,044,92044,LEVALLOIS-PERRET,RUE LOUIS ROUQUIER,175061,0,4,VC,0,1,2,,,0,1,,,,1,7,0,0,1,0
1,7,1,1,3,92,FRANCE,ILE-DE-FRANCE,044,92044,LEVALLOIS-PERRET,RUE EDOUARD VAILLANT,175068,0,4,VC,0,1,1,,,0,4,,,,1,7,0,0,1,0
1,7,2,1,3,92,FRANCE,ILE-DE-FRANCE,044,92044,LEVALLOIS-PERRET,RUE EDOUARD VAILLANT,175069,0,4,VC,0,1,1,,,0,1,,,,1,7,0,0,1,0
1,6,3,1,3,92,FRANCE,ILE-DE-FRANCE,048,92048,MEUDON,AVENUE DU GENERAL DE GAULLE,175074,0,4,VC,0,2,2,,,0,2,,,,1,7,0,0,1,0
1,6,1,1,3,92,FRANCE,ILE-DE-FRANCE,020,92020,CHATILLON,AVENUE SAINT EXUPERY,175094,0,4,VC,0,2,2,,,0,1,,,,1,7,0,0,1,0
1,7,1,1,3,92,FRANCE,ILE-DE-FRANCE,050,92050,NANTERRE,AVENUE DU MARECHAL JOFFRE,175100,0,2,RN,0,1,2,,,0,1,,,,1,7,0,0,1,0
1,5,1,1,3,92,FRANCE,ILE-DE-FRANCE,022,92022,CHAVILLE,AVENUE ROGER SALENGRO,175137,0,3,RD,0,3,6,,,0,1,,,,1,7,0,0,1,0
1,6,1,1,2,92,FRANCE,ILE-DE-FRANCE,046,92046,MALAKOFF,RUE GUY MOQUET,175151,0,4,VC,0,1,0,,,1,1,,,,1,7,0,0,1,0
5,7,3,1,2,92,FRANCE,ILE-DE-FRANCE,004,92004,ASNIERES-SUR-SEINE,AVENUE FAIDHERBE ,175176,0,4,VC,0,2,2,,,0,1,,,,1,7,0,0,1,0
1,7,3,1,6,92,FRANCE,ILE-DE-FRANCE,004,92004,ASNIERES-SUR-SEINE,RUE DU BAC,175184,0,4,VC,0,1,2,,,0,1,,,,1,7,0,0,1,0
1,7,2,1,3,92,FRANCE,ILE-DE-FRANCE,025,92025,COLOMBES,RUE MOSLARD,175228,0,3,RD,0,1,1,1,0,0,1,,,,1,7,0,0,1,0
5,7,2,1,3,92,FRANCE,ILE-DE-FRANCE,026,92026,COURBEVOIE,COTE MISSION MARCHAND,175238,5,3,RD,0,3,4,,,0,1,,,,1,30,0,0,1,0
1,6,2,1,1,92,FRANCE,ILE-DE-FRANCE,036,92036,GENNEVILLIERS,AVENUE LUCIEN LANTERNIER ,175244,0,3,RD,0,2,5,,,0,1,,,,1,7,0,0,1,0
1,7,1,2,6,92,FRANCE,ILE-DE-FRANCE,040,92040,ISSY-LES-MOULINEAUX,BOULEVARD DES ILES,175249,0,3,RD,0,1,3,,,0,1,,,,1,30,0,0,1,0
2,7,1,1,1,92,FRANCE,ILE-DE-FRANCE,050,92050,NANTERRE,AVENUE LENINE VLADIMIR ILITCH ,175278,0,2,RN,0,3,2,,,0,4,,,,1,7,0,0,1,0
1,7,1,1,2,92,FRANCE,ILE-DE-FRANCE,063,92063,RUEIL-MALMAISON,AVENUE DE COLMAR,175298,3,3,RD,0,1,1,,,0,1,,,,1,2,0,0,1,0
5,6,1,1,2,92,FRANCE,ILE-DE-FRANCE,072,92072,SEVRES,RUE GRANDE  RUE,175314,0,3,RD,0,2,2,,,0,1,,,,1,7,0,0,1,0
1,6,1,1,7,92,FRANCE,ILE-DE-FRANCE,062,92062,PUTEAUX,AVENUE DU GENERAL DE GAULLE,175326,0,3,RD,0,1,2,,,0,1,,,,1,,0,0,1,0
1,7,2,1,3,92,FRANCE,ILE-DE-FRANCE,002,92002,ANTONY,RUE RENE BARTHELEMY,175366,0,4,VC,0,1,2,,,0,0,,,,1,10,0,0,1,0
1,6,3,1,3,92,FRANCE,ILE-DE-FRANCE,009,92009,BOIS-COLOMBES,AVENUE D'ARGENTEUIL,175370,0,4,VC,0,2,0,,,0,1,,,,1,10,0,0,1,0
1,8,1,1,3,92,FRANCE,ILE-DE-FRANCE,012,92012,BOULOGNE-BILLANCOURT,AVENUE ANDRE MORIZET,175383,0,3,RD,50,2,2,,,0,1,,,,1,7,0,0,1,0