lum,agg,int,atm,col,dep_bis,pays,region,com_bis,com_codeINSEE,communes,N_voie,numac,infra,catr,type_route,voie,circ,nbv,pr,pr1,vosp,situ,lat,long,adr,accident_velo,vehicule_imp,cycl_mort,cycl_bgv,cycl_blg,cycl_indm
5,7,3,1,3,92,FRANCE,ILE-DE-FRANCE,026,92026,COURBEVOIE,COLOMBES,175423,0,3,RD,0,2,3,,,0,1,,,,1,7,0,0,1,0
1,6,2,8,3,92,FRANCE,ILE-DE-FRANCE,035,92035,GARENNE-COLOMBES (LA),rue de l'Aigle,175427,0,4,VC,0,2,2,,,0,1,,,,1,7,0,0,1,0
1,6,3,2,1,92,FRANCE,ILE-DE-FRANCE,036,92036,GENNEVILLIERS,RUE LOUIS CALMEL ,175430,0,3,RD,0,3,2,,,2,1,,,,1,7,0,0,1,0
1,7,6,1,1,92,FRANCE,ILE-DE-FRANCE,050,92050,NANTERRE,AVENUE DU MARECHAL JOFFRE,175466,0,4,VC,0,2,2,,,0,1,,,,1,7,0,0,1,0
1,7,1,1,2,92,FRANCE,ILE-DE-FRANCE,051,92051,NEUILLY-SUR-SEINE,RUE DE L'ECOLE DE MARS,175472,0,4,VC,0,1,0,,,0,1,,,,1,10,0,0,1,0
2,5,9,1,7,92,FRANCE,ILE-DE-FRANCE,076,92076,VAUCRESSON,PUITS,175497,0,4,VC,0,2,2,1,0,0,1,,,,1,7,0,0,1,0
5,6,1,1,6,92,FRANCE,ILE-DE-FRANCE,046,92046,MALAKOFF,GABRIEL PERI,175511,0,3,RD,0,2,4,,,0,1,,,,1,7,0,0,1,0
5,6,1,1,3,92,FRANCE,ILE-DE-FRANCE,007,92007,BAGNEUX,AVENUE HENRI RAVERA,175537,0,3,RD,0,2,2,,,0,1,,,,1,7,0,0,1,0
1,8,2,1,6,92,FRANCE,ILE-DE-FRANCE,012,92012,BOULOGNE-BILLANCOURT,BOULEVARD JEAN JAURES,175540,0,3,RD,2,2,2,,,0,1,,,,1,7,0,0,1,0
1,8,1,1,6,92,FRANCE,ILE-DE-FRANCE,012,92012,BOULOGNE-BILLANCOURT,AVENUE ANDRE MORIZET,175541,0,2,RN,50,2,1,,,0,1,,,,1,7,0,0,1,0
1,7,3,8,3,92,FRANCE,ILE-DE-FRANCE,026,92026,COURBEVOIE,IMPASSE EUGENE BARBIER,175586,0,9,Autre,0,1,1,,,0,1,,,,1,7,0,0,1,0
1,5,1,1,6,92,FRANCE,ILE-DE-FRANCE,014,92014,BOURG-LA-REINE,RUE LE BOUVIER,175664,0,4,VC,0,2,2,,,0,1,,,,1,10,0,0,1,0
5,5,2,1,3,92,FRANCE,ILE-DE-FRANCE,014,92014,BOURG-LA-REINE,AVENUE DE LA REPUBLIQUE,175665,0,4,VC,0,2,2,,,0,1,,,,1,10,0,0,1,0
5,7,1,1,2,92,FRANCE,ILE-DE-FRANCE,024,92024,CLICHY,BOULEVARD VICTOR HUGO,175706,0,3,RD,0,2,2,,,0,1,,,,1,7,0,0,1,0
1,7,2,1,3,92,FRANCE,ILE-DE-FRANCE,025,92025,COLOMBES,AVENUE AUDRA,175714,0,4,VC,0,2,2,1,0,0,1,,,,1,7,0,0,1,0
1,7,1,1,7,92,FRANCE,ILE-DE-FRANCE,025,92025,COLOMBES,AVENUE ANATOLE FRANCE,175716,0,4,VC,0,0,2,,,0,1,,,,1,7,0,0,1,0
1,7,2,1,3,92,FRANCE,ILE-DE-FRANCE,026,92026,COURBEVOIE,FIN VERDUN,175722,0,3,RD,0,2,5,,,0,1,,,,1,10,0,0,1,0
1,7,1,1,3,92,FRANCE,ILE-DE-FRANCE,026,92026,COURBEVOIE,JULES FERRY,175723,0,9,Autre,0,1,1,,,0,4,,,,1,7,0,0,1,0
1,6,4,1,3,92,FRANCE,ILE-DE-FRANCE,035,92035,GARENNE-COLOMBES (LA),RUE LEON MAURICE NORDMANN,175733,0,4,VC,0,2,2,,,0,1,,,,1,33,0,0,1,0
1,6,1,2,3,92,FRANCE,ILE-DE-FRANCE,036,92036,GENNEVILLIERS,QUAI DES GRESILLONS,175734,1,3,RD,0,3,4,,,0,1,,,,1,7,0,0,1,0
1,5,2,1,3,92,FRANCE,ILE-DE-FRANCE,022,92022,CHAVILLE,AVENUE FOURCHON,175774,0,4,VC,0,2,2,,,0,1,,,,1,7,0,0,1,0
5,6,6,1,6,92,FRANCE,ILE-DE-FRANCE,075,92075,VANVES,CARREFOUR ALBERT LEGRIS,175788,0,3,RD,0,1,2,,,0,1,,,,1,10,0,0,1,0
1,6,3,1,1,92,FRANCE,ILE-DE-FRANCE,060,92060,PLESSIS-ROBINSON (LE),BOULEVARD DU MOULIN DE LA TOUR,175820,0,3,RD,0,2,2,,,0,1,,,,1,10,0,0,1,0
5,7,2,1,3,92,FRANCE,ILE-DE-FRANCE,025,92025,COLOMBES,RUE DU PRESIDENT ALLENDE,175827,0,3,RD,0,2,2,1,0,0,1,,,,1,7,0,0,1,0
1,6,1,1,6,92,FRANCE,ILE-DE-FRANCE,062,92062,PUTEAUX,RUE DE LA REPUBLIQUE ,175867,0,4,VC,0,1,1,,,0,4,,,,1,,0,0,0,1
1,7,1,1,3,92,FRANCE,ILE-DE-FRANCE,063,92063,RUEIL-MALMAISON,AVENUE DU MARECHAL LECLERC DE HAUTECLOQUE,175875,0,4,VC,0,2,2,,,1,5,,,,1,7,0,0,1,0
1,7,2,1,3,92,FRANCE,ILE-DE-FRANCE,004,92004,ASNIERES-SUR-SEINE,AVENUE LAURENT CELY ,175915,0,4,VC,0,0,2,,,0,0,,,,1,7,0,0,1,0
1,7,1,1,6,92,FRANCE,ILE-DE-FRANCE,002,92002,ANTONY,DIVISION LECLERC,175918,6,3,RD,0,0,0,,,3,4,,,,1,,0,0,0,1
1,8,7,1,6,92,FRANCE,ILE-DE-FRANCE,012,92012,BOULOGNE-BILLANCOURT,AVENUE DU GENERAL LECLERC,175931,0,2,RN,10,2,4,,,0,1,,,,1,10,0,0,1,0
1,7,1,1,6,92,FRANCE,ILE-DE-FRANCE,026,92026,COURBEVOIE,EUGENE CARON,175960,0,4,VC,0,1,1,,,0,1,,,,1,,0,0,0,1
1,7,1,1,7,92,FRANCE,ILE-DE-FRANCE,040,92040,ISSY-LES-MOULINEAUX,BOULEVARD GALLIENI,175968,0,3,RD,0,2,2,,,0,1,,,,1,,0,0,1,0
1,6,1,1,6,92,FRANCE,ILE-DE-FRANCE,064,92064,SAINT-CLOUD,REPUBLIQUE,176012,0,3,RD,0,2,4,,,0,1,,,,1,31,0,0,1,0
1,1,1,1,7,92,FRANCE,ILE-DE-FRANCE,062,92062,PUTEAUX,LE PARVIS,176031,6,9,Autre,0,0,0,,,0,0,,,,1,,0,0,0,1
1,8,1,1,6,92,FRANCE,ILE-DE-FRANCE,012,92012,BOULOGNE-BILLANCOURT,RUE EDOUARD DETAILLE,176045,0,4,VC,34,2,2,,,0,1,,,,1,7,0,0,0,1
1,8,1,1,6,92,FRANCE,ILE-DE-FRANCE,012,92012,BOULOGNE-BILLANCOURT,BOULEVARD JEAN JAURES,176063,0,3,RD,2,0,2,,,0,1,,,,1,7,0,0,1,0
1,7,1,1,3,92,FRANCE,ILE-DE-FRANCE,024,92024,CLICHY,BOULEVARD JEAN JAURES,176165,0,3,RD,0,1,3,,,0,1,,,,1,7,0,0,1,0
1,7,1,1,6,92,FRANCE,ILE-DE-FRANCE,040,92040,ISSY-LES-MOULINEAUX,RUE JEAN-JACQUES ROUSSEAU ,176189,0,3,RD,0,2,2,,,0,1,,,,1,32,0,0,1,0
2,6,1,1,6,92,FRANCE,ILE-DE-FRANCE,049,92049,MONTROUGE,AVENUE PIERRE BROSSOLETTE,176211,0,3,RD,0,1,2,,,0,1,,,,1,,0,0,0,1
1,7,1,1,3,92,FRANCE,ILE-DE-FRANCE,051,92051,NEUILLY-SUR-SEINE,VILLA EMILE BERGERAT,176227,0,4,VC,0,2,0,,,0,1,,,,1,7,0,0,1,0
1,6,3,1,6,92,FRANCE,ILE-DE-FRANCE,062,92062,PUTEAUX,RUE DE LA REPUBLIQUE ,176230,0,4,VC,0,2,2,,,0,1,,,,1,,0,0,1,0
1,6,3,1,3,92,FRANCE,ILE-DE-FRANCE,007,92007,BAGNEUX,AVENUE LOUIS PASTEUR,176271,0,3,RD,0,2,1,,,0,0,,,,1,7,0,0,1,0
1,6,4,1,3,92,FRANCE,ILE-DE-FRANCE,007,92007,BAGNEUX,AVENUE ARISTIDE BRIAND,176272,0,2,RN,0,3,6,,,0,1,,,,1,20,0,0,1,0
1,8,2,1,1,92,FRANCE,ILE-DE-FRANCE,012,92012,BOULOGNE-BILLANCOURT,QUAI DU QUATRE SEPTEMBRE,176278,3,3,RD,1,2,1,,,0,1,,,,1,7,0,0,1,0
1,8,6,1,3,92,FRANCE,ILE-DE-FRANCE,012,92012,BOULOGNE-BILLANCOURT,AVENUE JEAN BAPTISTE CLEMENT,176282,0,3,RD,103,3,2,,,0,1,,,,1,7,0,0,1,0
1,6,3,1,3,92,FRANCE,ILE-DE-FRANCE,023,92023,CLAMART,RUE DE PORTE DE TRIVAUX,176290,0,3,RD,0,2,2,,,1,1,,,,1,7,0,0,1,0
1,6,2,2,2,92,FRANCE,ILE-DE-FRANCE,023,92023,CLAMART,AVENUE JEAN JAURES,176292,0,3,RD,0,1,2,,,0,1,,,,1,7,0,0,1,0
1,7,5,2,3,92,FRANCE,ILE-DE-FRANCE,024,92024,CLICHY,RUE GABRIEL PERI,176299,0,4,VC,0,2,2,,,0,1,,,,1,7,0,0,1,0
1,7,1,1,3,92,FRANCE,ILE-DE-FRANCE,025,92025,COLOMBES,RUE DES VOIES DU BOIS,176300,0,4,VC,0,2,2,,,0,1,,,,1,7,0,0,1,0
1,7,1,1,3,92,FRANCE,ILE-DE-FRANCE,025,92025,COLOMBES,RUE GABRIEL PERI,176301,0,3,RD,0,2,3,,,3,1,,,,1,10,0,0,1,0
2,7,1,1,3,92,FRANCE,ILE-DE-FRANCE,025,92025,COLOMBES,BOULEVARD CHARLES DE GAULLE,176304,0,2,RN,0,2,8,,,0,1,,,,1,7,0,0,1,0
1,7,2,1,2,92,FRANCE,ILE-DE-FRANCE,026,92026,COURBEVOIE,RUE DES FAUVELLES,176313,0,9,Autre,0,2,2,,,0,1,,,,1,7,0,0,1,0
1,6,5,1,3,92,FRANCE,ILE-DE-FRANCE,035,92035,GARENNE-COLOMBES (LA),BOULEVARD NATIONAL,176316,5,3,RD,0,4,6,,,0,1,,,,1,7,0,0,1,0
1,6,9,1,3,92,FRANCE,ILE-DE-FRANCE,036,92036,GENNEVILLIERS,BOULEVARD DEQUEVAUVILLIERS,176317,0,4,VC,0,2,5,,,0,1,,,,1,7,0,0,1,0
1,6,1,1,3,92,FRANCE,ILE-DE-FRANCE,020,92020,CHATILLON,RUE DE CHARTRES,176339,0,4,VC,0,2,0,,,0,4,,,,1,7,0,0,1,0
1,6,1,1,6,92,FRANCE,ILE-DE-FRANCE,075,92075,VANVES,JEAN BLEUZEN,176382,0,3,RD,0,2,2,,,0,1,,,,1,7,0,0,1,0
1,6,1,1,7,92,FRANCE,ILE-DE-FRANCE,075,92075,VANVES,RUE JEAN BLEUZEN,176383,0,3,RD,0,2,2,,,0,1,,,,1,33,0,0,0,1
1,7,3,1,6,92,FRANCE,ILE-DE-FRANCE,002,92002,ANTONY,AVENUE LEON JOUHAUX,176398,0,3,RD,0,2,2,,,0,0,,,,1,7,0,0,1,0
1,7,2,1,3,92,FRANCE,ILE-DE-FRANCE,044,92044,LEVALLOIS-PERRET,QUAI MICHELET,176444,0,4,VC,0,2,3,,,0,1,,,,1,7,0,0,1,0
1,6,1,1,6,92,FRANCE,ILE-DE-FRANCE,062,92062,PUTEAUX,ILE DE PUTEAUX,176463,0,5,Hors_reseau,0,2,1,,,0,1,,,,1,,0,0,0,1
1,6,1,1,6,92,FRANCE,ILE-DE-FRANCE,072,92072,SEVRES,AVENUE DE L'EUROPE,176475,0,3,RD,0,2,2,,,0,1,,,,1,7,0,0,1,0
1,6,3,1,3,92,FRANCE,ILE-DE-FRANCE,062,92062,PUTEAUX,AVENUE DU GENERAL DE GAULLE,176499,0,3,RD,0,1,3,,,0,1,,,,1,7,0,0,1,0
1,6,1,1,6,92,FRANCE,ILE-DE-FRANCE,049,92049,MONTROUGE,AVENUE DE LA REPUBLIQUE,176527,0,3,RD,0,1,2,,,0,1,,,,1,,0,0,1,0
1,6,1,1,6,92,FRANCE,ILE-DE-FRANCE,049,92049,MONTROUGE,AVENUE ARISTIDE BRIAND,176531,0,3,RD,0,3,8,,,0,1,,,,1,10,0,0,1,0
1,7,1,1,3,92,FRANCE,ILE-DE-FRANCE,002,92002,ANTONY,AVENUE DU GENERAL DE GAULLE,176563,0,3,RD,0,2,2,,,0,1,,,,1,10,0,0,1,0
1,1,3,1,3,92,FRANCE,ILE-DE-FRANCE,004,92004,ASNIERES-SUR-SEINE,AVENUE DE LA MARNE,176603,0,3,RD,0,2,2,,,0,1,,,,1,7,0,0,1,0
1,6,2,1,3,92,FRANCE,ILE-DE-FRANCE,007,92007,BAGNEUX,AVENUE LOUIS PASTEUR,176607,0,3,RD,0,2,3,,,0,1,,,,1,10,0,0,1,0
1,7,3,1,3,92,FRANCE,ILE-DE-FRANCE,025,92025,COLOMBES,RUE DU PRESIDENT SALVADOR ALLENDE,176631,0,3,RD,0,2,2,1,0,0,1,,,,1,10,0,0,1,0
1,7,3,1,6,92,FRANCE,ILE-DE-FRANCE,026,92026,COURBEVOIE,VICTOR HUGO,176647,0,4,VC,0,2,2,,,0,4,,,,1,,0,0,0,1
5,6,9,1,3,92,FRANCE,ILE-DE-FRANCE,036,92036,GENNEVILLIERS,AVENUE MARCEL PAUL ,176656,0,3,RD,0,3,2,,,2,1,,,,1,7,0,0,1,0
1,6,3,1,3,92,FRANCE,ILE-DE-FRANCE,062,92062,PUTEAUX,RUE MONTAIGNE,176684,0,4,VC,0,1,1,,,0,1,,,,1,7,0,0,1,0
1,6,1,1,3,92,FRANCE,ILE-DE-FRANCE,007,92007,BAGNEUX,AVENUE HENRI RAVERA,176720,0,3,RD,0,3,2,,,0,1,,,,1,7,0,0,1,0
1,6,1,1,2,92,FRANCE,ILE-DE-FRANCE,023,92023,CLAMART,RUE DU FORT,176723,0,4,VC,0,2,2,,,0,1,,,,1,37,0,0,1,0
1,5,1,1,6,92,FRANCE,ILE-DE-FRANCE,014,92014,BOURG-LA-REINE,AVENUE DU GENERAL LECLERC,176769,0,2,RN,0,1,2,,,0,1,,,,1,7,0,0,1,0
5,6,1,1,6,92,FRANCE,ILE-DE-FRANCE,009,92009,BOIS-COLOMBES,AVENUE CHARLES DE GAULLE,176772,0,4,VC,0,2,2,,,0,1,,,,1,32,0,0,0,1
1,7,2,1,3,92,FRANCE,ILE-DE-FRANCE,004,92004,ASNIERES-SUR-SEINE,RUE DU REVEREND PERE CHRISTIAN GILBERT,176775,0,2,RN,0,1,1,,,0,0,,,,1,7,0,0,1,0
5,6,9,1,3,92,FRANCE,ILE-DE-FRANCE,032,92032,FONTENAY-AUX-ROSES,RUE CROLAND RAYMOND,176796,0,3,RD,0,2,1,,,0,1,,,,1,7,0,0,1,0
1,6,1,1,3,92,FRANCE,ILE-DE-FRANCE,036,92036,GENNEVILLIERS,RUE LOUIS CALMEL ,176852,0,3,RD,0,3,2,,,1,1,,,,1,7,0,0,1,0
1,7,7,1,2,92,FRANCE,ILE-DE-FRANCE,044,92044,LEVALLOIS-PERRET,RUE ARISTIDE BRIAND,176860,0,4,VC,0,1,1,,,0,1,,,,1,7,0,0,1,0
1,6,2,1,5,92,FRANCE,ILE-DE-FRANCE,020,92020,CHATILLON,RUE D'ESTIENNE D'ORVES,176875,0,3,RD,0,2,2,0,100,0,1,,,,1,7,0,0,1,0
5,7,2,1,3,92,FRANCE,ILE-DE-FRANCE,063,92063,RUEIL-MALMAISON,AVENUE DU DIX-HUIT JUIN 1940,176897,0,3,RD,0,2,2,,,0,1,,,,1,7,0,0,1,0
1,5,1,1,7,92,FRANCE,ILE-DE-FRANCE,077,92077,VILLE-D'AVRAY,Route de l'ImPEratrice,176914,0,4,VC,0,2,2,,,0,1,,,,1,,0,0,1,0
1,6,1,1,6,92,FRANCE,ILE-DE-FRANCE,009,92009,BOIS-COLOMBES,RUE DE L'AGENT SARRE,176964,0,2,RN,0,2,2,,,0,1,,,,1,7,0,0,1,0
1,7,3,1,3,92,FRANCE,ILE-DE-FRANCE,004,92004,ASNIERES-SUR-SEINE,TILLEULS,176966,0,4,VC,0,1,1,,,0,0,,,,1,7,0,0,1,0
1,6,3,1,3,92,FRANCE,ILE-DE-FRANCE,032,92032,FONTENAY-AUX-ROSES,AVENUE DOLIVET,176968,5,3,RD,0,2,1,1,0,0,1,,,,1,7,0,0,1,0
1,7,2,1,3,92,FRANCE,ILE-DE-FRANCE,004,92004,ASNIERES-SUR-SEINE,DE L'ALMA ,176977,0,4,VC,0,2,2,,,0,1,,,,1,7,0,0,1,0
5,7,1,1,3,92,FRANCE,ILE-DE-FRANCE,025,92025,COLOMBES,AVENUE DU MARECHAL FOCH,176995,0,3,RD,0,2,2,1,0,0,1,,,,1,7,0,0,1,0
1,6,3,1,3,92,FRANCE,ILE-DE-FRANCE,062,92062,PUTEAUX,RUE DE LA REPUBLIQUE ,177001,0,4,VC,0,2,2,,,0,1,,,,1,2,0,0,1,0
5,7,2,8,3,92,FRANCE,ILE-DE-FRANCE,026,92026,COURBEVOIE,RUE GEORGES CLEMENCEAU,177010,0,3,RD,0,2,2,,,0,1,,,,1,7,0,0,1,0
2,6,1,1,3,92,FRANCE,ILE-DE-FRANCE,020,92020,CHATILLON,AVENUE DE VERDUN,177028,0,3,RD,0,3,4,,,0,1,,,,1,7,0,0,1,0
2,6,1,1,6,92,FRANCE,ILE-DE-FRANCE,049,92049,MONTROUGE,AVENUE DE VERDUN,177033,0,4,VC,0,1,1,,,0,1,,,,1,7,0,0,1,0
1,6,3,1,7,92,FRANCE,ILE-DE-FRANCE,046,92046,MALAKOFF,GABRIEL PERI,177061,0,3,RD,0,2,2,,,0,1,,,,1,33,0,0,0,1
1,8,1,1,2,92,FRANCE,ILE-DE-FRANCE,012,92012,BOULOGNE-BILLANCOURT,PLACE DU PONT DE BILLANCOURT,177093,0,3,RD,0,1,3,,,0,1,,,,1,10,0,0,1,0
1,7,2,1,6,92,FRANCE,ILE-DE-FRANCE,004,92004,ASNIERES-SUR-SEINE,RUE BAPST,177172,0,4,VC,0,1,1,,,0,0,,,,1,10,0,0,0,1
5,7,1,1,7,92,FRANCE,ILE-DE-FRANCE,025,92025,COLOMBES,RUE VOLTAIRE,177193,0,4,VC,0,1,1,,,0,1,,,,1,30,0,0,0,1
1,6,9,1,3,92,FRANCE,ILE-DE-FRANCE,036,92036,GENNEVILLIERS,RUE HENRI BARBUSSE,177217,0,3,RD,0,2,2,,,0,1,,,,1,7,0,0,1,0
2,6,1,1,6,92,FRANCE,ILE-DE-FRANCE,049,92049,MONTROUGE,AVENUE MARX DORMOY,177243,0,3,RD,0,2,4,,,0,1,,,,1,20,0,0,1,0
1,7,1,1,6,92,FRANCE,ILE-DE-FRANCE,063,92063,RUEIL-MALMAISON,RUE HERVET,177272,0,4,VC,0,1,1,,,0,4,,,,1,7,0,0,1,0
1,6,1,1,3,92,FRANCE,ILE-DE-FRANCE,048,92048,MEUDON,RUE DE PARIS,177333,0,4,VC,0,2,2,,,0,1,,,,1,7,0,0,1,0
5,7,3,1,3,92,FRANCE,ILE-DE-FRANCE,025,92025,COLOMBES,RUE GABRIEL PERI,177343,0,3,RD,0,2,2,1,0,0,1,,,,1,7,0,0,1,0
1,7,2,2,3,92,FRANCE,ILE-DE-FRANCE,024,92024,CLICHY,BOULEVARD DU GENERAL LECLERC,177412,0,4,VC,0,2,2,,,0,1,,,,1,2,0,0,0,1
1,7,1,1,3,92,FRANCE,ILE-DE-FRANCE,051,92051,NEUILLY-SUR-SEINE,AVENUE SAINTE FOY,177430,0,4,VC,0,2,1,,,0,1,,,,1,7,0,0,1,0
5,7,1,1,6,92,FRANCE,ILE-DE-FRANCE,040,92040,ISSY-LES-MOULINEAUX,ARISTIDE BRIAND,177446,0,3,RD,0,2,2,,,0,1,,,,1,7,0,0,1,0
1,8,1,1,6,92,FRANCE,ILE-DE-FRANCE,012,92012,BOULOGNE-BILLANCOURT,QUAI DU POINT DU JOUR,177480,0,3,RD,1,2,4,,,0,1,,,,1,7,0,0,1,0
2,5,1,1,3,92,FRANCE,ILE-DE-FRANCE,033,92033,GARCHES,RUE ATHIME ,177499,0,4,VC,0,1,1,,,0,4,,,,1,7,0,0,1,0
5,7,2,1,3,92,FRANCE,ILE-DE-FRANCE,026,92026,COURBEVOIE,VICTOR HUGO,177507,0,3,RD,0,1,1,,,0,1,,,,1,7,0,0,1,0
1,7,1,1,3,92,FRANCE,ILE-DE-FRANCE,063,92063,RUEIL-MALMAISON,AVENUE PAUL DOUMER,177539,0,3,RD,0,2,4,,,0,1,,,,1,7,0,0,1,0
2,5,2,1,3,92,FRANCE,ILE-DE-FRANCE,071,92071,SCEAUX,AVENUE DU ROOSEVELT PRESIDENT F,177568,0,3,RD,0,1,1,,,0,1,,,,1,32,0,0,1,0
1,7,1,2,6,92,FRANCE,ILE-DE-FRANCE,004,92004,ASNIERES-SUR-SEINE,AVENUE DE LA MARNE,177589,0,4,VC,0,2,2,,,0,1,,,,1,,0,0,0,1
1,6,5,1,6,92,FRANCE,ILE-DE-FRANCE,060,92060,PLESSIS-ROBINSON (LE),AVENUE PAUL LANGEVIN,177591,0,3,RD,0,3,3,,,1,1,,,,1,7,0,0,1,0
1,7,1,1,3,92,FRANCE,ILE-DE-FRANCE,004,92004,ASNIERES-SUR-SEINE,WALDECK ROUSSEAU,177593,0,4,VC,0,1,1,,,0,1,,,,1,7,0,0,1,0
1,6,1,1,2,92,FRANCE,ILE-DE-FRANCE,023,92023,CLAMART,ROUTE DU PAVE BLANC ,177594,0,3,RD,0,2,2,,,0,1,,,,1,7,0,0,1,0
5,7,1,1,7,92,FRANCE,ILE-DE-FRANCE,026,92026,COURBEVOIE,ARMAND SILVESTRE,177622,0,3,RD,0,1,1,,,0,4,,,,1,,0,0,1,0
1,6,6,1,3,92,FRANCE,ILE-DE-FRANCE,049,92049,MONTROUGE,AVENUE MAURICE ARNOUX,177643,0,3,RD,0,1,1,0,100,0,1,,,,1,7,0,0,1,0
1,6,9,1,5,92,FRANCE,ILE-DE-FRANCE,036,92036,GENNEVILLIERS,AVENUE LAURENT CELY ,177711,0,3,RD,0,1,3,,,0,1,,,,1,7,0,0,1,0
1,7,1,1,3,92,FRANCE,ILE-DE-FRANCE,026,92026,COURBEVOIE,ALMA,177742,0,4,VC,0,2,2,,,0,5,,,,1,33,0,0,1,0
1,7,2,1,6,92,FRANCE,ILE-DE-FRANCE,040,92040,ISSY-LES-MOULINEAUX,AVENUE DU GENERAL DE GAULLE,177850,0,3,RD,0,2,2,,,0,1,,,,1,7,0,0,1,0
1,5,1,1,3,92,FRANCE,ILE-DE-FRANCE,022,92022,CHAVILLE,AVENUE ROGER SALENGRO,177854,0,3,RD,0,2,2,,,2,1,,,,1,7,0,0,1,0
1,3,9,2,6,92,FRANCE,ILE-DE-FRANCE,047,92047,MARNES-LA-COQUETTE,MAIRIE,177856,0,4,VC,0,0,0,1,0,0,1,,,,1,,0,0,0,1
1,7,1,1,7,92,FRANCE,ILE-DE-FRANCE,026,92026,COURBEVOIE,PLACE REFLETS,177859,6,9,Autre,0,0,0,,,3,0,,,,1,,0,0,0,1
1,7,1,1,6,92,FRANCE,ILE-DE-FRANCE,051,92051,NEUILLY-SUR-SEINE,BOULEVARD RICHARD WALLACE,177864,0,4,VC,0,0,2,,,0,1,,,,1,,0,0,0,1
1,7,3,1,6,92,FRANCE,ILE-DE-FRANCE,063,92063,RUEIL-MALMAISON,RUE NICOLAS-PHILIBERT FILLIETTE,177871,0,4,VC,0,2,2,,,0,1,,,,1,,0,0,1,0
1,7,2,1,2,92,FRANCE,ILE-DE-FRANCE,026,92026,COURBEVOIE,QUAI DU PRESIDENT PAUL DOUMER,177886,0,3,RD,0,3,3,,,0,1,,,,1,10,0,0,1,0
1,7,2,2,7,92,FRANCE,ILE-DE-FRANCE,026,92026,COURBEVOIE,BOULEVARD CIRCULAIRE,177894,0,3,RD,,1,3,0,300,0,0,,,,1,,0,0,1,0
1,6,1,1,3,92,FRANCE,ILE-DE-FRANCE,036,92036,GENNEVILLIERS,AVENUE GABRIEL PERI,177897,0,3,RD,0,2,3,,,2,1,,,,1,7,0,0,1,0
1,6,1,1,3,92,FRANCE,ILE-DE-FRANCE,020,92020,CHATILLON,RUE JEAN-PIERRE  TIMBAUD,177901,0,4,VC,0,2,2,,,0,1,,,,1,10,0,0,1,0
1,6,1,1,6,92,FRANCE,ILE-DE-FRANCE,049,92049,MONTROUGE,RUE GABRIEL PERI,177917,0,3,RD,0,2,2,,,0,1,,,,1,7,0,0,1,0
1,7,1,1,3,92,FRANCE,ILE-DE-FRANCE,063,92063,RUEIL-MALMAISON,AVENUE DE LA CHATAIGNERAIE,177918,0,4,VC,0,2,2,,,0,1,,,,1,7,0,0,1,0
4,7,1,1,6,92,FRANCE,ILE-DE-FRANCE,004,92004,ASNIERES-SUR-SEINE,RUE COLOMBES,177953,0,4,VC,0,2,2,,,0,4,,,,1,,0,0,0,1
5,7,2,1,3,92,FRANCE,ILE-DE-FRANCE,044,92044,LEVALLOIS-PERRET,RUE RASPAIL,177958,0,4,VC,0,1,1,,,0,1,,,,1,7,0,0,1,0
5,7,9,1,6,92,FRANCE,ILE-DE-FRANCE,044,92044,LEVALLOIS-PERRET,RUE COUTURIER,177971,6,3,RD,0,1,0,,,0,1,,,,1,,0,0,1,0
1,7,1,1,3,92,FRANCE,ILE-DE-FRANCE,050,92050,NANTERRE,AVENUE PABLO PICASSO,177972,0,4,VC,0,2,2,,,0,1,,,,1,7,0,0,1,0
1,7,3,1,3,92,FRANCE,ILE-DE-FRANCE,026,92026,COURBEVOIE,BOULEVARD SAINT DENIS,178043,5,3,RD,0,2,2,,,0,1,,,,1,7,0,0,1,0
1,7,1,1,3,92,FRANCE,ILE-DE-FRANCE,025,92025,COLOMBES,AVENUE HENRI BARBUSSE,178051,0,4,VC,0,2,2,,,0,1,,,,1,7,0,0,1,0
1,7,1,1,6,92,FRANCE,ILE-DE-FRANCE,063,92063,RUEIL-MALMAISON,AVENUE GEORGE CLEMENCEAU,178052,0,4,VC,0,1,1,,,0,1,,,,1,7,0,0,1,0
1,1,2,1,3,92,FRANCE,ILE-DE-FRANCE,048,92048,MEUDON,CARREFOUR DE LA PATTE D'OIE,178079,0,4,VC,0,2,2,,,0,1,,,,1,7,0,0,1,0
1,6,2,1,3,92,FRANCE,ILE-DE-FRANCE,048,92048,MEUDON,CHEMIN DES CAPUCINS,178081,0,4,VC,0,2,2,,,0,1,,,,1,7,0,0,1,0
1,6,1,1,3,92,FRANCE,ILE-DE-FRANCE,048,92048,MEUDON,RUE DE PARIS,178085,0,4,VC,0,2,2,,,0,1,,,,1,7,0,0,1,0
1,6,1,1,3,92,FRANCE,ILE-DE-FRANCE,009,92009,BOIS-COLOMBES,RUE DU GENERAL LECLERC,178109,0,4,VC,0,2,2,,,0,1,,,,1,7,0,0,1,0
1,6,1,1,2,92,FRANCE,ILE-DE-FRANCE,023,92023,CLAMART,RUE DU TROSY,178129,0,4,VC,0,1,1,,,0,1,,,,1,7,0,0,1,0
1,6,6,1,2,92,FRANCE,ILE-DE-FRANCE,007,92007,BAGNEUX,AVENUE MAX DORMOY,178149,0,3,RD,0,2,4,,,0,0,,,,1,7,0,0,1,0
1,6,2,1,3,92,FRANCE,ILE-DE-FRANCE,049,92049,MONTROUGE,AVENUE  HENRI GINOUX,178156,0,3,RD,0,1,3,0,100,3,1,,,,1,7,0,0,1,0
1,6,9,1,3,92,FRANCE,ILE-DE-FRANCE,036,92036,GENNEVILLIERS,BOULEVARD JEAN JACQUES ROUSSEAU,178157,0,4,VC,0,2,2,,,0,1,,,,1,7,0,0,1,0