lum,agg,int,atm,col,dep_bis,pays,region,com_bis,com_codeINSEE,communes,N_voie,numac,infra,catr,type_route,voie,circ,nbv,pr,pr1,vosp,situ,lat,long,adr,accident_velo,vehicule_imp,cycl_mort,cycl_bgv,cycl_blg,cycl_indm
1,6,6,1,3,92,FRANCE,ILE-DE-FRANCE,019,92019,CHATENAY-MALABRY,ROND-POINT BERGNEUSTADT,178177,0,3,RD,0,0,1,1,0,0,1,,,,1,7,0,0,1,0
1,5,1,1,6,92,FRANCE,ILE-DE-FRANCE,022,92022,CHAVILLE,RUE DE LA FONTAINE HENRI IV,178180,0,4,VC,0,1,1,,,0,4,,,,1,7,0,0,1,0
1,6,1,1,3,92,FRANCE,ILE-DE-FRANCE,073,92073,SURESNES,BOULEVARD HENRI SELLIER,178206,0,3,RD,0,3,2,,,0,1,,,,1,7,0,0,1,0
1,7,1,1,3,92,FRANCE,ILE-DE-FRANCE,063,92063,RUEIL-MALMAISON,RUE VICTORIEN SARDOU,178218,0,4,VC,0,2,2,,,0,1,,,,1,7,0,0,1,0
1,7,1,1,3,92,FRANCE,ILE-DE-FRANCE,004,92004,ASNIERES-SUR-SEINE,MENIL,178223,0,4,VC,0,1,1,,,0,1,,,,1,7,0,0,1,0
1,7,9,1,3,92,FRANCE,ILE-DE-FRANCE,024,92024,CLICHY,RUE GEORGES BOISSEAU,178225,0,4,VC,0,1,1,,,0,1,,,,1,7,0,0,1,0
1,6,1,1,3,92,FRANCE,ILE-DE-FRANCE,023,92023,CLAMART,ROUTE DE LA GARENNE,178248,0,4,VC,,2,2,,,0,0,,,,1,99,0,0,1,0
1,7,1,1,2,92,FRANCE,ILE-DE-FRANCE,026,92026,COURBEVOIE,FIN VERDUN,178271,0,3,RD,0,2,6,,,3,1,,,,1,37,0,0,1,0
1,6,2,1,3,92,FRANCE,ILE-DE-FRANCE,064,92064,SAINT-CLOUD,MARIUS FRANAY,178289,0,4,VC,0,1,1,1,0,0,1,,,,1,7,0,0,1,0
1,7,1,1,6,92,FRANCE,ILE-DE-FRANCE,004,92004,ASNIERES-SUR-SEINE,AVENUE D'ARGENTEUIL,178304,0,3,RD,0,2,2,,,0,1,,,,1,7,0,0,1,0
1,7,1,1,3,92,FRANCE,ILE-DE-FRANCE,004,92004,ASNIERES-SUR-SEINE,AVENUE DE LA  REDOUTE,178309,0,3,RD,0,2,4,,,0,1,,,,1,7,0,0,1,0
1,7,1,1,6,92,FRANCE,ILE-DE-FRANCE,004,92004,ASNIERES-SUR-SEINE,PAUL DEROULEDE,178319,0,4,VC,0,1,1,,,0,1,,,,1,,0,0,0,1
1,7,2,1,3,92,FRANCE,ILE-DE-FRANCE,050,92050,NANTERRE,AVENUE MARTIN HENRI ,178381,0,4,VC,0,1,2,,,0,1,,,,1,7,0,0,1,0
1,7,2,1,3,92,FRANCE,ILE-DE-FRANCE,004,92004,ASNIERES-SUR-SEINE,BOULEVARD VOLTAIRE,178394,0,3,RD,0,2,2,,,1,0,,,,1,7,0,0,1,0
1,6,1,1,3,92,FRANCE,ILE-DE-FRANCE,049,92049,MONTROUGE,AVENUE ARISTIDE BRIAND,178411,0,3,RD,0,2,8,,,0,4,,,,1,7,0,0,1,0
1,7,3,1,1,92,FRANCE,ILE-DE-FRANCE,050,92050,NANTERRE,Route Nationale  314,178441,3,3,RD,,1,1,,,0,1,,,,1,7,0,0,1,0
1,7,1,1,2,92,FRANCE,ILE-DE-FRANCE,051,92051,NEUILLY-SUR-SEINE,BOULEVARD DU COMMANDANT CHARCOT,178477,0,4,VC,0,2,2,,,0,1,,,,1,7,0,0,1,0
1,7,1,1,3,92,FRANCE,ILE-DE-FRANCE,024,92024,CLICHY,BOULEVARD JEAN JAURES,178482,0,3,RD,0,1,3,,,0,1,,,,1,10,0,0,1,0
1,6,1,1,3,92,FRANCE,ILE-DE-FRANCE,019,92019,CHATENAY-MALABRY,RUE EUGENE VARLIN,178487,0,4,VC,0,1,1,,,0,1,,,,1,7,0,0,1,0
1,6,1,1,2,92,FRANCE,ILE-DE-FRANCE,049,92049,MONTROUGE,RUE BARBES,178493,0,3,RD,0,2,6,,,3,1,,,,1,33,,,,
1,7,2,1,6,92,FRANCE,ILE-DE-FRANCE,026,92026,COURBEVOIE,JEAN-PIERRE TIMBAUD,178494,0,4,VC,0,2,2,,,0,1,,,,1,7,0,0,1,0
1,6,1,1,6,92,FRANCE,ILE-DE-FRANCE,032,92032,FONTENAY-AUX-ROSES,RUE BOUCICAUT,178506,0,3,RD,0,1,1,,,0,0,,,,1,,0,0,0,1
1,6,3,1,1,92,FRANCE,ILE-DE-FRANCE,036,92036,GENNEVILLIERS,RUE PIERRE TIMBAUD ,178509,0,4,VC,0,1,1,,,0,1,,,,1,7,0,0,1,0
1,6,2,1,3,92,FRANCE,ILE-DE-FRANCE,036,92036,GENNEVILLIERS,AVENUE DES GRESILLONS ,178534,0,3,RD,0,2,2,,,0,1,,,,1,7,0,0,1,0
1,6,3,1,6,92,FRANCE,ILE-DE-FRANCE,048,92048,MEUDON,AVENUE DU GENERAL DE GAULLE,178535,0,4,VC,0,2,2,,,0,1,,,,1,,0,0,0,1
1,6,1,1,6,92,FRANCE,ILE-DE-FRANCE,049,92049,MONTROUGE,RUE BARBES,178537,0,3,RD,0,2,2,,,1,5,,,,1,7,0,0,1,0
1,7,9,1,6,92,FRANCE,ILE-DE-FRANCE,004,92004,ASNIERES-SUR-SEINE,QUAI AULAGNIER,178597,3,3,RD,0,1,2,,,0,1,,,,1,7,0,0,1,0
1,5,1,1,3,92,FRANCE,ILE-DE-FRANCE,033,92033,GARCHES,SURESNES,178621,0,4,VC,0,2,2,,,0,1,,,,1,7,0,0,1,0
1,7,1,1,6,92,FRANCE,ILE-DE-FRANCE,026,92026,COURBEVOIE,BOULEVARD SAINT DENIS,178624,0,3,RD,0,2,2,,,0,4,,,,1,,0,0,1,0
1,7,1,1,2,92,FRANCE,ILE-DE-FRANCE,026,92026,COURBEVOIE,PAUL DOUMER,178632,0,3,RD,0,3,3,,,0,1,,,,1,7,0,0,1,0
2,6,9,1,3,92,FRANCE,ILE-DE-FRANCE,036,92036,GENNEVILLIERS,RUE VICTOR HUGO,178633,0,4,VC,0,1,1,,,0,1,,,,1,7,0,0,1,0
2,5,2,1,3,92,FRANCE,ILE-DE-FRANCE,076,92076,VAUCRESSON,GRANDE FERME,178637,0,4,VC,0,1,,,,0,1,,,,1,7,0,0,1,0
1,7,2,1,3,92,FRANCE,ILE-DE-FRANCE,025,92025,COLOMBES,RUE PAUL BERT,178642,0,4,VC,0,2,5,1,0,0,1,,,,1,7,0,0,1,0
1,6,1,1,3,92,FRANCE,ILE-DE-FRANCE,020,92020,CHATILLON,AVENUE DE PARIS,178655,0,3,RD,0,2,4,,,0,1,,,,1,33,0,0,1,0
5,7,1,9,6,92,FRANCE,ILE-DE-FRANCE,026,92026,COURBEVOIE,LEONARD DE VINCI,178657,0,3,RD,0,2,2,,,0,1,,,,1,31,0,0,0,1
1,6,1,1,3,92,FRANCE,ILE-DE-FRANCE,035,92035,GARENNE-COLOMBES (LA),BOULEVARD NATIONAL,178672,0,3,RD,0,4,4,,,0,1,,,,1,37,0,0,1,0
1,6,6,1,3,92,FRANCE,ILE-DE-FRANCE,035,92035,GARENNE-COLOMBES (LA),AVENUE DU GENERAL DE GAULLE,178673,0,3,RD,0,4,3,,,0,1,,,,1,7,0,0,1,0
1,6,2,1,3,92,FRANCE,ILE-DE-FRANCE,035,92035,GARENNE-COLOMBES (LA),rue Jean Bonal,178687,0,4,VC,0,2,2,,,0,1,,,,1,7,0,0,1,0
1,6,3,1,6,92,FRANCE,ILE-DE-FRANCE,035,92035,GARENNE-COLOMBES (LA),AVENUE DU GENERAL DE GAULLE,178693,0,3,RD,0,2,2,,,0,1,,,,1,7,0,0,1,0
1,8,1,1,6,92,FRANCE,ILE-DE-FRANCE,012,92012,BOULOGNE-BILLANCOURT,BOULEVARD JEAN JAURES,178702,0,3,RD,2,2,2,,,0,1,,,,1,7,0,0,1,0
1,8,1,1,6,92,FRANCE,ILE-DE-FRANCE,012,92012,BOULOGNE-BILLANCOURT,RUE DE SILLY,178716,0,4,VC,116,2,2,,,0,1,,,,1,7,0,0,1,0
1,6,1,1,3,92,FRANCE,ILE-DE-FRANCE,035,92035,GARENNE-COLOMBES (LA),BOULEVARD DE LA REPUBLIQUE,178731,0,3,RD,0,2,2,,,0,1,,,,1,7,0,0,1,0
1,8,1,1,6,92,FRANCE,ILE-DE-FRANCE,012,92012,BOULOGNE-BILLANCOURT,RUE YVES KERMEN,178740,0,4,VC,131,1,1,,,0,1,,,,1,,0,0,0,1
1,7,1,1,3,92,FRANCE,ILE-DE-FRANCE,051,92051,NEUILLY-SUR-SEINE,BOULEVARD D'INKERMANN,178763,0,4,VC,0,2,0,,,0,1,,,,1,2,0,0,1,0
2,8,2,1,3,92,FRANCE,ILE-DE-FRANCE,012,92012,BOULOGNE-BILLANCOURT,AVENUE ANDRE MORIZET,178767,0,3,RD,50,0,2,,,0,1,,,,1,7,0,0,1,0
1,8,1,1,3,92,FRANCE,ILE-DE-FRANCE,012,92012,BOULOGNE-BILLANCOURT,ROUTE DE LA REINE,178769,0,3,RD,907,2,0,,,0,1,,,,1,7,0,0,1,0
1,7,1,1,3,92,FRANCE,ILE-DE-FRANCE,051,92051,NEUILLY-SUR-SEINE,RUE PAULINE BORGHESE,178778,0,4,VC,0,2,0,,,0,1,,,,1,7,0,0,1,0
5,7,1,1,3,92,FRANCE,ILE-DE-FRANCE,051,92051,NEUILLY-SUR-SEINE,BOULEVARD DU GENERAL LECLERC,178784,0,4,VC,0,2,0,,,0,1,,,,1,7,0,0,1,0
1,8,9,9,3,92,FRANCE,ILE-DE-FRANCE,012,92012,BOULOGNE-BILLANCOURT,AVENUE DU GENERAL LECLERC,178790,0,3,RD,10,0,1,,,0,1,,,,1,7,0,0,1,0
2,8,1,1,6,92,FRANCE,ILE-DE-FRANCE,012,92012,BOULOGNE-BILLANCOURT,BOULEVARD JEAN JAURES,178807,0,3,RD,2,2,2,,,0,0,,,,1,,0,0,0,1
1,8,1,1,3,92,FRANCE,ILE-DE-FRANCE,012,92012,BOULOGNE-BILLANCOURT,ROUTE DE LA REINE,178814,0,3,RD,907,2,0,,,0,1,,,,1,7,0,0,0,1
5,6,2,1,3,92,FRANCE,ILE-DE-FRANCE,049,92049,MONTROUGE,RUE FENELON,178838,0,4,VC,0,1,1,0,100,0,1,,,,1,10,0,0,1,0
1,7,1,1,1,92,FRANCE,ILE-DE-FRANCE,040,92040,ISSY-LES-MOULINEAUX,AVENUE DE LA REPUBLIQUE,178853,0,4,VC,0,1,1,,,1,5,,,,1,99,0,0,1,0
1,5,1,1,3,92,FRANCE,ILE-DE-FRANCE,022,92022,CHAVILLE,AVENUE ROGER SALENGRO,178875,0,3,RD,0,2,2,,,2,5,,,,1,7,0,0,1,0
1,7,6,8,2,92,FRANCE,ILE-DE-FRANCE,002,92002,ANTONY,AVENUE DES GIROFLEES,178881,0,3,RD,0,2,2,,,0,0,,,,1,10,0,0,1,0
1,8,1,9,6,92,FRANCE,ILE-DE-FRANCE,012,92012,BOULOGNE-BILLANCOURT,BOULEVARD JEAN JAURES,178974,0,3,RD,2,0,2,,,0,0,,,,1,7,0,0,1,0
5,6,3,1,6,92,FRANCE,ILE-DE-FRANCE,046,92046,MALAKOFF,DE STALINGRAD,179025,0,3,RD,0,2,2,,,1,1,,,,1,37,0,0,1,0
2,6,1,1,6,92,FRANCE,ILE-DE-FRANCE,048,92048,MEUDON,RUE DES LARRIS,179070,0,4,VC,0,2,2,,,0,1,,,,1,,0,0,1,0
1,7,3,1,6,92,FRANCE,ILE-DE-FRANCE,004,92004,ASNIERES-SUR-SEINE,RUE  BOURGUIGNONS,179095,0,4,VC,0,1,1,,,0,1,,,,1,7,0,0,1,0
5,7,3,1,3,92,FRANCE,ILE-DE-FRANCE,063,92063,RUEIL-MALMAISON,RUE JEAN LE COZ,179099,0,4,VC,0,1,1,,,0,1,,,,1,7,0,0,1,0
1,7,1,1,2,92,FRANCE,ILE-DE-FRANCE,051,92051,NEUILLY-SUR-SEINE,RUE DU CHATEAU,179104,0,4,VC,0,2,0,,,0,1,,,,1,10,0,0,1,0
1,7,1,1,3,92,FRANCE,ILE-DE-FRANCE,051,92051,NEUILLY-SUR-SEINE,PLACE DU DUC D'ORLEANS,179143,0,4,VC,0,2,0,,,0,1,,,,1,7,0,0,1,0
1,6,1,1,3,92,FRANCE,ILE-DE-FRANCE,064,92064,SAINT-CLOUD,FEUDON,179180,0,4,VC,0,1,1,1,0,0,1,,,,1,7,0,0,1,0
1,6,3,1,3,92,FRANCE,ILE-DE-FRANCE,023,92023,CLAMART,RUE CHAMPAGNE,179183,0,4,VC,0,2,2,,,0,1,,,,1,7,0,0,1,0
1,6,1,1,2,92,FRANCE,ILE-DE-FRANCE,060,92060,PLESSIS-ROBINSON (LE),AVENUE LEON BLUM,179189,0,3,RD,0,2,4,,,1,1,,,,1,33,0,0,1,0
1,6,1,2,6,92,FRANCE,ILE-DE-FRANCE,035,92035,GARENNE-COLOMBES (LA),RUE DE L'ARRIVEE,179242,0,4,VC,0,1,1,,,0,1,,,,1,,0,0,0,1
1,7,1,1,6,92,FRANCE,ILE-DE-FRANCE,004,92004,ASNIERES-SUR-SEINE,RUE  BOURGUIGNONS,179273,0,3,RD,0,1,1,,,0,1,,,,1,13,0,0,1,0
2,6,3,8,6,92,FRANCE,ILE-DE-FRANCE,007,92007,BAGNEUX,PLACE DU PORT GALAND,179278,0,4,VC,0,3,2,,,0,1,,,,1,7,0,0,1,0
1,7,1,3,3,92,FRANCE,ILE-DE-FRANCE,051,92051,NEUILLY-SUR-SEINE,RUE MONTROSIER,179283,0,4,VC,0,1,0,,,0,1,,,,1,7,,,,
1,7,1,1,3,92,FRANCE,ILE-DE-FRANCE,040,92040,ISSY-LES-MOULINEAUX,PLACE JULES GEVELOT,179292,0,4,VC,0,1,1,,,0,1,,,,1,33,0,0,1,0
5,6,9,1,3,92,FRANCE,ILE-DE-FRANCE,036,92036,GENNEVILLIERS,AVENUE GABRIEL PERI,179346,0,3,RD,0,3,2,,,2,1,,,,1,7,0,0,1,0
1,7,1,7,3,92,FRANCE,ILE-DE-FRANCE,050,92050,NANTERRE,AVENUE  JOLIOT CURIE,179353,0,4,VC,0,3,3,,,0,1,,,,1,7,0,0,1,0
1,7,5,1,3,92,FRANCE,ILE-DE-FRANCE,026,92026,COURBEVOIE,BOULEVARD SAINT DENIS,179365,0,3,RD,0,2,2,,,0,0,,,,1,7,0,0,1,0
1,8,1,1,6,92,FRANCE,ILE-DE-FRANCE,012,92012,BOULOGNE-BILLANCOURT,RUE DE SILLY,179420,0,4,VC,116,1,0,,,0,1,,,,1,99,0,0,1,0
5,7,2,1,3,92,FRANCE,ILE-DE-FRANCE,044,92044,LEVALLOIS-PERRET,RUE PIERRE BROSSOLETTE,179455,0,4,VC,0,1,0,,,0,0,,,,1,7,0,0,1,0
1,6,3,1,1,92,FRANCE,ILE-DE-FRANCE,062,92062,PUTEAUX,RUE BERNARD PALISSY,179461,0,4,VC,0,1,1,,,0,1,,,,1,7,0,0,1,0
1,5,1,2,6,92,FRANCE,ILE-DE-FRANCE,077,92077,VILLE-D'AVRAY,RUE DE SEVRES,179501,0,3,RD,0,2,2,,,0,1,,,,1,,0,0,1,0
1,7,1,1,7,92,FRANCE,ILE-DE-FRANCE,026,92026,COURBEVOIE,QUAI DU MARECHAL JOFFRE,179514,0,3,RD,0,3,4,,,0,1,,,,1,,0,0,1,0
5,1,2,1,6,92,FRANCE,ILE-DE-FRANCE,046,92046,MALAKOFF,RAYMOND DAVID,179527,0,3,RD,0,2,2,,,1,1,,,,1,7,0,0,1,0
2,8,2,1,1,92,FRANCE,ILE-DE-FRANCE,012,92012,BOULOGNE-BILLANCOURT,BOULEVARD ANATOLE FRANCE,179562,0,4,VC,0,2,2,,,0,1,,,,1,7,0,0,1,0
1,7,1,1,6,92,FRANCE,ILE-DE-FRANCE,040,92040,ISSY-LES-MOULINEAUX,ARISTIDE BRIAND,179567,0,3,RD,0,2,2,,,0,1,,,,1,33,0,0,1,0
1,1,3,1,6,92,FRANCE,ILE-DE-FRANCE,063,92063,RUEIL-MALMAISON,BOULEVARD DE L'HOPITAL STELL,179617,0,3,RD,0,2,4,,,0,1,,,,1,7,0,0,1,0
1,7,1,1,3,92,FRANCE,ILE-DE-FRANCE,024,92024,CLICHY,RUE MARTRE,179634,0,3,RD,0,1,3,,,0,1,,,,1,15,0,0,1,0
1,8,1,1,3,92,FRANCE,ILE-DE-FRANCE,012,92012,BOULOGNE-BILLANCOURT,AVENUE VICTOR HUGO,179661,0,4,VC,3,2,1,,,0,1,,,,1,7,0,0,1,0
1,6,6,1,2,92,FRANCE,ILE-DE-FRANCE,007,92007,BAGNEUX,CARREFOUR DES BLAGIS,179672,5,4,VC,0,1,2,,,0,1,,,,1,7,0,0,1,0
1,7,1,1,3,92,FRANCE,ILE-DE-FRANCE,051,92051,NEUILLY-SUR-SEINE,RUE PAULINE BORGHESE,179677,0,4,VC,0,1,1,,,0,1,,,,1,7,0,0,1,0
1,7,1,8,3,92,FRANCE,ILE-DE-FRANCE,051,92051,NEUILLY-SUR-SEINE,RUE MADELEINE MICHELIS,179680,0,4,VC,0,1,1,,,0,1,,,,1,7,0,0,1,0
1,8,1,6,3,92,FRANCE,ILE-DE-FRANCE,012,92012,BOULOGNE-BILLANCOURT,AVENUE ANDRE MORIZET,179759,0,3,RD,50,2,2,,,0,1,,,,1,10,0,0,1,0
1,7,1,1,6,92,FRANCE,ILE-DE-FRANCE,051,92051,NEUILLY-SUR-SEINE,AVENUE DE MADRID,179787,0,4,VC,0,2,2,,,0,1,,,,1,7,0,0,1,0
1,6,2,1,2,92,FRANCE,ILE-DE-FRANCE,062,92062,PUTEAUX,RUE MONTAIGNE,179801,0,4,VC,0,0,1,,,0,1,,,,1,7,0,0,1,0
1,6,1,1,2,92,FRANCE,ILE-DE-FRANCE,048,92048,MEUDON,AVENUE ROBERT SCHUMAN,179817,0,4,VC,0,2,2,,,0,1,,,,1,30,0,0,1,0
1,7,1,1,6,92,FRANCE,ILE-DE-FRANCE,040,92040,ISSY-LES-MOULINEAUX,BOULEVARD GALLIENI,179819,0,3,RD,0,2,2,,,0,1,,,,1,33,0,0,1,0
1,7,1,2,7,92,FRANCE,ILE-DE-FRANCE,026,92026,COURBEVOIE,ROUGET DE L'ISLE,179825,0,3,RD,0,1,1,,,0,1,,,,1,,0,0,1,0
1,7,1,1,3,92,FRANCE,ILE-DE-FRANCE,063,92063,RUEIL-MALMAISON,AVENUE VICTOR HUGO,179826,0,3,RD,0,2,3,,,1,5,,,,1,7,0,0,1,0
1,1,1,1,6,92,FRANCE,ILE-DE-FRANCE,063,92063,RUEIL-MALMAISON,CHEMIN DE SAINT-CUCUFA,179830,0,9,Autre,0,2,1,,,0,0,,,,1,,0,0,0,1
1,7,1,2,6,92,FRANCE,ILE-DE-FRANCE,063,92063,RUEIL-MALMAISON,AVENUE PAUL DOUMER,179833,0,3,RD,0,3,4,,,0,1,,,,1,7,0,0,1,0
1,6,2,2,3,92,FRANCE,ILE-DE-FRANCE,019,92019,CHATENAY-MALABRY,RUE ROGER SALENGRO,179870,0,3,RD,0,2,2,1,0,2,1,,,,1,7,0,0,1,0
1,6,6,1,3,92,FRANCE,ILE-DE-FRANCE,020,92020,CHATILLON,REPUBLIQUE AVENUE,179873,5,3,RD,0,2,2,0,100,0,1,,,,1,7,0,0,1,0
1,6,2,1,2,92,FRANCE,ILE-DE-FRANCE,023,92023,CLAMART,AVENUE VICTOR HUGO,179885,0,4,VC,0,2,2,,,0,1,,,,1,7,0,0,1,0
1,7,3,1,2,92,FRANCE,ILE-DE-FRANCE,004,92004,ASNIERES-SUR-SEINE,TINTORET,179900,0,4,VC,0,1,2,,,0,0,,,,1,7,0,0,1,0
1,7,1,1,3,92,FRANCE,ILE-DE-FRANCE,024,92024,CLICHY,RUE HENRI BARBUSSE,179907,0,3,RD,0,2,2,,,0,1,,,,1,7,0,0,1,0
1,6,3,1,2,92,FRANCE,ILE-DE-FRANCE,062,92062,PUTEAUX,PONT DE PUTEAUX,179911,2,3,RD,0,3,3,,,0,1,,,,1,10,0,0,1,0
1,6,1,7,3,92,FRANCE,ILE-DE-FRANCE,023,92023,CLAMART,RUE DE LA PLAINE,179914,0,4,VC,0,1,2,,,2,5,,,,1,10,0,0,1,0
1,6,2,1,3,92,FRANCE,ILE-DE-FRANCE,060,92060,PLESSIS-ROBINSON (LE),AVENUE CHARLES DE GAULLE,179915,0,4,VC,0,1,1,,,0,1,,,,1,7,0,0,1,0
1,6,2,1,6,92,FRANCE,ILE-DE-FRANCE,035,92035,GARENNE-COLOMBES (LA),AVENUE DU GENERAL LECLERC,179925,0,4,VC,0,1,2,,,0,1,,,,1,,0,0,0,1
1,7,1,1,3,92,FRANCE,ILE-DE-FRANCE,044,92044,LEVALLOIS-PERRET,RUE ANATOLE FRANCE,179935,0,4,VC,0,1,0,,,0,1,,,,1,7,0,0,1,0
1,6,4,1,6,92,FRANCE,ILE-DE-FRANCE,073,92073,SURESNES,RUE DES NOUVELLES,179953,0,4,VC,0,1,1,,,0,1,,,,1,7,0,0,1,0
1,7,1,1,3,92,FRANCE,ILE-DE-FRANCE,051,92051,NEUILLY-SUR-SEINE,BOULEVARD RICHARD WALLACE,179992,2,4,VC,0,2,0,,,0,1,,,,1,10,0,0,1,0
1,7,1,1,6,92,FRANCE,ILE-DE-FRANCE,063,92063,RUEIL-MALMAISON,CHEMIN DE LA GRISE,180001,0,4,VC,0,2,1,,,0,1,,,,1,,0,0,0,1
1,7,1,1,6,92,FRANCE,ILE-DE-FRANCE,063,92063,RUEIL-MALMAISON,AVENUE NAPOLEON BONAPARTE,180007,0,3,RD,0,3,4,,,0,1,,,,1,7,0,0,1,0
1,5,2,1,2,92,FRANCE,ILE-DE-FRANCE,022,92022,CHAVILLE,AVENUE ROGER SALENGRO,180029,6,3,RD,0,2,4,,,0,1,,,,1,7,0,0,1,0
1,5,3,1,3,92,FRANCE,ILE-DE-FRANCE,022,92022,CHAVILLE,RUE LEO LAGRANGE,180030,0,4,VC,0,2,1,,,0,1,,,,1,7,0,0,1,0
1,6,6,1,3,92,FRANCE,ILE-DE-FRANCE,019,92019,CHATENAY-MALABRY,RUE CLEMENT JEAN BAPTISTE ,180038,0,3,RD,0,3,2,1,0,0,1,,,,1,7,0,0,1,0
1,5,1,1,6,92,FRANCE,ILE-DE-FRANCE,033,92033,GARCHES,GENERAL DE GAULLE,180049,0,3,RD,0,3,2,,,1,1,,,,1,7,0,0,1,0
1,1,9,7,3,92,FRANCE,ILE-DE-FRANCE,064,92064,SAINT-CLOUD,PARC SAINT CLOUD,180050,0,9,Autre,0,2,1,1,0,0,0,,,,1,30,0,0,1,0
1,6,1,1,3,92,FRANCE,ILE-DE-FRANCE,036,92036,GENNEVILLIERS,AVENUE CHANDON ,180055,0,4,VC,0,2,2,,,0,1,,,,1,34,0,0,1,0
1,6,2,1,3,92,FRANCE,ILE-DE-FRANCE,062,92062,PUTEAUX,ALLEE  GENERAL DE GAULLE,180064,0,3,RD,0,1,2,,,0,1,,,,1,7,0,0,1,0
1,6,1,1,6,92,FRANCE,ILE-DE-FRANCE,009,92009,BOIS-COLOMBES,AVENUE CHARLES DE GAULLE,180068,0,4,VC,0,2,2,,,0,1,,,,1,10,0,0,1,0
1,6,1,1,6,92,FRANCE,ILE-DE-FRANCE,072,92072,SEVRES,RUE DES FONTAINES,180079,0,9,Autre,0,0,0,,,0,0,,,,1,,0,0,1,0
1,6,1,1,6,92,FRANCE,ILE-DE-FRANCE,007,92007,BAGNEUX,AVENUE LOUIS PASTEUR,180080,0,3,RD,0,0,0,,,3,4,,,,1,,0,0,0,1
1,6,1,1,3,92,FRANCE,ILE-DE-FRANCE,023,92023,CLAMART,RUE DE PORTE DE TRIVAUX,180109,0,4,VC,0,2,2,,,2,1,,,,1,10,0,0,1,0
1,7,3,1,6,92,FRANCE,ILE-DE-FRANCE,026,92026,COURBEVOIE,BOULEVARD SAINT DENIS,180117,0,3,RD,0,2,2,,,0,1,,,,1,,0,0,0,1
1,7,3,1,3,92,FRANCE,ILE-DE-FRANCE,026,92026,COURBEVOIE,QUAI DU PRESIDENT PAUL DOUMER,180118,0,3,RD,0,1,4,,,0,4,,,,1,7,0,0,1,0
1,6,1,1,2,92,FRANCE,ILE-DE-FRANCE,062,92062,PUTEAUX,RUE DE VERDUN ,180122,0,4,VC,0,1,1,,,0,1,,,,1,7,0,0,1,0
1,5,9,1,3,92,FRANCE,ILE-DE-FRANCE,033,92033,GARCHES,SURESNES,180126,0,9,Autre,0,2,1,,,0,1,,,,1,7,0,0,1,0
1,6,3,1,3,92,FRANCE,ILE-DE-FRANCE,064,92064,SAINT-CLOUD,CAMP CANADIEN,180128,0,4,VC,0,2,2,1,0,0,1,,,,1,7,0,0,1,0
1,7,1,1,6,92,FRANCE,ILE-DE-FRANCE,063,92063,RUEIL-MALMAISON,RUE DU MARQUIS DE CORIOLIS,180155,0,4,VC,0,2,1,,,0,1,,,,1,7,0,0,1,0
1,7,3,1,3,92,FRANCE,ILE-DE-FRANCE,026,92026,COURBEVOIE,Autre 0,180157,0,9,Autre,0,1,1,,,0,1,,,,1,7,0,0,1,0
5,6,1,1,2,92,FRANCE,ILE-DE-FRANCE,046,92046,MALAKOFF,PIERRE BROSSOLETTE,180185,0,3,RD,906,2,4,,,3,1,,,,1,7,0,0,1,0
1,6,2,1,6,92,FRANCE,ILE-DE-FRANCE,073,92073,SURESNES,QUAI LEON BLUM,180195,0,3,RD,0,2,4,,,0,1,,,,1,30,0,0,1,0
1,6,3,2,7,92,FRANCE,ILE-DE-FRANCE,072,92072,SEVRES,RUE GEORGES BONNEFOUS,180209,0,3,RD,0,2,2,,,0,0,,,,1,,0,0,1,0
1,6,1,1,6,92,FRANCE,ILE-DE-FRANCE,046,92046,MALAKOFF,AVENUE DU DOUZE FEVRIER 1934,180214,0,3,RD,0,2,2,,,0,1,,,,1,7,0,0,1,0
1,7,1,1,6,92,FRANCE,ILE-DE-FRANCE,004,92004,ASNIERES-SUR-SEINE,AVENUE D'ARGENTEUIL,180226,0,3,RD,0,2,2,,,0,1,,,,1,7,0,0,1,0
1,8,1,1,6,92,FRANCE,ILE-DE-FRANCE,012,92012,BOULOGNE-BILLANCOURT,BOULEVARD JEAN JAURES,180239,0,3,RD,2,2,2,,,0,1,,,,1,,0,0,0,1
1,6,9,1,3,92,FRANCE,ILE-DE-FRANCE,036,92036,GENNEVILLIERS,RUE PIERRE TIMBAUD ,180244,0,3,RD,0,1,1,,,0,1,,,,1,7,0,0,1,0
1,7,1,1,6,92,FRANCE,ILE-DE-FRANCE,040,92040,ISSY-LES-MOULINEAUX,ROUGET DE L'ISLE,180249,0,3,RD,0,2,6,,,3,1,,,,1,7,0,0,1,0
1,6,1,1,3,92,FRANCE,ILE-DE-FRANCE,009,92009,BOIS-COLOMBES,RUE D'ESTIENNE D'ORVES,180267,0,4,VC,0,1,1,,,0,1,,,,1,37,0,0,1,0
1,6,6,1,6,92,FRANCE,ILE-DE-FRANCE,072,92072,SEVRES,AVENUE DE L'EUROPE,180287,6,3,RD,0,2,2,,,0,1,,,,1,,0,0,0,1
1,6,4,1,3,92,FRANCE,ILE-DE-FRANCE,023,92023,CLAMART,AVENUE DU GENERAL DE GAULLE,180296,0,3,RD,0,3,4,,,1,1,,,,1,13,0,0,1,0
1,8,2,1,1,92,FRANCE,ILE-DE-FRANCE,012,92012,BOULOGNE-BILLANCOURT,BOULEVARD ANATOLE FRANCE,180297,0,4,VC,0,2,2,,,0,1,,,,1,7,0,0,1,0
1,7,2,1,3,92,FRANCE,ILE-DE-FRANCE,024,92024,CLICHY,BOULEVARD JEAN JAURES,180298,0,3,RD,0,1,3,,,0,1,,,,1,7,0,0,0,1
1,6,1,2,3,92,FRANCE,ILE-DE-FRANCE,007,92007,BAGNEUX,AVENUE HENRI RAVERA,180302,0,3,RD,0,2,2,,,0,1,,,,1,7,0,0,1,0