lum,agg,int,atm,col,dep_bis,pays,region,com_bis,com_codeINSEE,communes,N_voie,numac,infra,catr,type_route,voie,circ,nbv,pr,pr1,vosp,situ,lat,long,adr,accident_velo,vehicule_imp,cycl_mort,cycl_bgv,cycl_blg,cycl_indm
1,6,4,1,3,92,FRANCE,ILE-DE-FRANCE,060,92060,PLESSIS-ROBINSON (LE),RUE DE MALABRY ,180307,0,4,VC,0,2,2,,,0,1,,,,1,7,0,0,1,0
1,6,1,1,6,92,FRANCE,ILE-DE-FRANCE,062,92062,PUTEAUX,QUAI DE DION BOUTON ,180333,0,3,RD,0,3,2,,,0,1,,,,1,,,,,
1,6,1,1,6,92,FRANCE,ILE-DE-FRANCE,062,92062,PUTEAUX,QUAI DE DION BOUTON ,180337,0,3,RD,0,3,3,,,0,1,,,,1,,,,,
1,1,1,7,6,92,FRANCE,ILE-DE-FRANCE,019,92019,CHATENAY-MALABRY,AVENUE SULLY PRU'DHOMME,180338,0,3,RD,0,2,2,,,0,1,,,,1,7,0,0,1,0
1,6,3,1,6,92,FRANCE,ILE-DE-FRANCE,062,92062,PUTEAUX,RUE GODEFROY ,180350,0,4,VC,0,1,1,,,0,1,,,,1,2,0,0,1,0
1,7,2,1,3,92,FRANCE,ILE-DE-FRANCE,026,92026,COURBEVOIE,MASSENET,180356,0,4,VC,0,1,1,,,0,1,,,,1,31,0,0,1,0
2,6,1,2,2,92,FRANCE,ILE-DE-FRANCE,075,92075,VANVES,RUE DE LA REPUBLIQUE ,180389,0,3,RD,0,2,2,,,0,1,,,,1,7,0,0,1,0
1,7,1,1,6,92,FRANCE,ILE-DE-FRANCE,051,92051,NEUILLY-SUR-SEINE,BOULEVARD DU CHATEAU,180403,0,4,VC,0,2,2,,,0,1,,,,1,7,0,0,1,0
1,7,1,1,1,92,FRANCE,ILE-DE-FRANCE,025,92025,COLOMBES,AVENUE DE STALINGRAD,180412,0,4,VC,0,1,1,,,0,1,,,,1,7,0,0,1,0
1,7,1,1,2,92,FRANCE,ILE-DE-FRANCE,025,92025,COLOMBES,RUE ARISTIDE BRIAND,180419,0,4,VC,0,1,1,,,0,1,,,,1,7,0,0,1,0
1,8,6,1,3,92,FRANCE,ILE-DE-FRANCE,012,92012,BOULOGNE-BILLANCOURT,ROND-- POINT DES ANCIENS COMBATTANT,180425,0,4,VC,0,1,2,,,0,1,,,,1,7,0,0,1,0
1,6,1,1,6,92,FRANCE,ILE-DE-FRANCE,046,92046,MALAKOFF,PIERRE BROSSOLETTE,180436,5,3,RD,906,2,4,,,0,1,,,,1,,0,0,0,1
1,7,2,1,7,92,FRANCE,ILE-DE-FRANCE,026,92026,COURBEVOIE,RUE HOTEL DE VILLE,180437,0,9,Autre,0,3,2,,,1,5,,,,1,,0,0,1,0
1,7,1,1,3,92,FRANCE,ILE-DE-FRANCE,024,92024,CLICHY,RUE HENRI BARBUSSE,180486,0,3,RD,0,2,2,,,0,2,,,,1,7,0,0,1,0
1,7,1,1,1,92,FRANCE,ILE-DE-FRANCE,063,92063,RUEIL-MALMAISON,AVENUE VICTOR HUGO,180517,0,3,RD,0,2,4,,,3,5,,,,1,7,0,0,1,0
1,7,2,1,3,92,FRANCE,ILE-DE-FRANCE,063,92063,RUEIL-MALMAISON,AVENUE VICTOR HUGO,180521,0,3,RD,39,2,5,,,1,5,,,,1,7,0,0,1,0
1,8,1,1,3,92,FRANCE,ILE-DE-FRANCE,012,92012,BOULOGNE-BILLANCOURT,RUE YVES KERMEN,180541,0,4,VC,131,2,2,,,0,1,,,,1,7,0,0,1,0
5,6,2,1,2,92,FRANCE,ILE-DE-FRANCE,023,92023,CLAMART,AVENUE HENRI BARBUSSE,180557,0,3,RD,2,2,3,,,0,1,,,,1,7,0,0,1,0
1,6,1,1,2,92,FRANCE,ILE-DE-FRANCE,064,92064,SAINT-CLOUD,ROUTE DE PARIS A VERSAILLES,180565,3,3,RD,0,2,2,1,0,0,1,,,,1,7,0,0,1,0
1,7,3,1,3,92,FRANCE,ILE-DE-FRANCE,004,92004,ASNIERES-SUR-SEINE,PL DE L'HOTEL DE VILLE,180580,5,3,RD,9,2,2,,,0,1,,,,1,7,0,0,1,0
1,6,1,1,6,92,FRANCE,ILE-DE-FRANCE,062,92062,PUTEAUX,BOULEVARD RICHARD WALLACE,180604,0,3,RD,0,2,2,,,0,1,,,,1,7,0,0,1,0
1,6,2,3,3,92,FRANCE,ILE-DE-FRANCE,062,92062,PUTEAUX,BOULEVARD RICHARD WALLACE,180613,0,4,VC,0,2,3,,,0,1,,,,1,7,0,0,1,0
2,7,2,2,3,92,FRANCE,ILE-DE-FRANCE,051,92051,NEUILLY-SUR-SEINE,BOULEVARD DE LA SAUSSAYE,180625,0,4,VC,0,2,4,,,0,1,,,,1,7,0,0,1,0
1,7,1,1,3,92,FRANCE,ILE-DE-FRANCE,051,92051,NEUILLY-SUR-SEINE,BOULEVARD D'INKERMANN,180626,0,4,VC,0,2,1,,,0,1,,,,1,13,0,0,1,0
1,5,2,1,2,92,FRANCE,ILE-DE-FRANCE,077,92077,VILLE-D'AVRAY,RUE DE MARNES,180650,6,3,RD,407,2,2,,,0,1,,,,1,10,0,0,1,0
4,7,3,1,3,92,FRANCE,ILE-DE-FRANCE,026,92026,COURBEVOIE,BOULEVARD SAINT DENIS,180654,0,3,RD,9,2,2,,,0,1,,,,1,7,0,0,1,0
1,7,2,2,3,92,FRANCE,ILE-DE-FRANCE,025,92025,COLOMBES,RUE DU PRESIDENT SALVADOR ALLENDE,180657,5,4,VC,0,2,2,1,0,0,1,,,,1,2,0,0,1,0
1,5,1,1,3,92,FRANCE,ILE-DE-FRANCE,022,92022,CHAVILLE,AVENUE ROGER SALENGRO,180682,0,3,RD,910,2,4,,,0,1,,,,1,7,0,0,1,0
1,8,1,1,3,92,FRANCE,ILE-DE-FRANCE,012,92012,BOULOGNE-BILLANCOURT,RUE DE SILLY,180714,0,4,VC,,2,2,,,0,1,,,,1,13,0,0,1,0
1,8,2,1,6,92,FRANCE,ILE-DE-FRANCE,012,92012,BOULOGNE-BILLANCOURT,BOULEVARD DE LA REPUBLIQUE,180722,0,3,RD,50,2,2,,,0,1,,,,1,14,0,0,1,0
2,7,1,2,3,92,FRANCE,ILE-DE-FRANCE,051,92051,NEUILLY-SUR-SEINE,BOULEVARD DU CHATEAU,180757,0,3,RD,16,2,0,,,0,0,,,,1,33,0,0,1,0
5,7,1,2,3,92,FRANCE,ILE-DE-FRANCE,025,92025,COLOMBES,RUE BERANGER,180796,0,4,VC,0,1,1,,,0,1,,,,1,7,0,0,1,0
1,7,1,1,3,92,FRANCE,ILE-DE-FRANCE,063,92063,RUEIL-MALMAISON,AVENUE NAPOLEON BONAPARTE,180841,0,3,RD,913,3,3,,,0,1,,,,1,7,0,0,1,0
1,6,1,1,3,92,FRANCE,ILE-DE-FRANCE,064,92064,SAINT-CLOUD,RUE EMILE VERHAEREN,180856,0,4,VC,0,1,1,,,0,1,,,,1,7,0,0,1,0
1,6,1,1,5,92,FRANCE,ILE-DE-FRANCE,049,92049,MONTROUGE,RUE BARBES,180895,0,3,RD,0,2,2,0,100,0,1,,,,1,7,0,0,1,0
5,7,5,8,3,92,FRANCE,ILE-DE-FRANCE,002,92002,ANTONY,AVENUE DE LA DIVISION LECLERC,180976,0,3,RD,920,3,4,0,0,0,1,4874970,230431,,1,7,0,0,1,0
1,7,1,1,2,92,FRANCE,ILE-DE-FRANCE,002,92002,ANTONY,AVENUE DE LA DIVISION LECLERC,180989,0,3,RD,920,2,4,0,0,0,1,4874750,230380,,1,7,0,0,1,0
4,7,2,1,3,92,FRANCE,ILE-DE-FRANCE,002,92002,ANTONY,AVENUE JEAN MONNET,180996,0,3,RD,67,2,2,,,0,1,,,,1,7,0,0,1,0
4,6,1,2,6,92,FRANCE,ILE-DE-FRANCE,009,92009,BOIS-COLOMBES,RUE DU GENERAL LECLERC,181007,0,3,RD,13,1,1,0,0,0,1,4891410,227138,,1,7,0,0,1,0
2,7,1,8,3,92,FRANCE,ILE-DE-FRANCE,004,92004,ASNIERES-SUR-SEINE,QUAI DU DOCTEUR DERVAUX,181019,0,3,RD,7,3,4,0,0,0,1,4890930,229383,,1,14,0,0,1,0
1,7,1,1,7,92,FRANCE,ILE-DE-FRANCE,004,92004,ASNIERES-SUR-SEINE,AVENUE D'ARGENTEUIL,181040,0,3,RD,909,2,2,0,0,3,1,4892500,227465,,1,7,0,0,1,0
1,7,2,1,3,92,FRANCE,ILE-DE-FRANCE,004,92004,ASNIERES-SUR-SEINE,GRANDE RUE CHARLES DE GAULLE  ,181046,5,4,VC,0,2,2,0,0,0,1,4890720,228586,,1,7,0,0,1,0
1,7,2,1,3,92,FRANCE,ILE-DE-FRANCE,004,92004,ASNIERES-SUR-SEINE,RUE PARMENTIER,181049,0,4,VC,0,1,1,0,0,0,1,4890850,227191,,1,10,0,0,1,0
1,7,2,1,3,92,FRANCE,ILE-DE-FRANCE,004,92004,ASNIERES-SUR-SEINE,AVENUE DE LA MARNE,181070,0,3,RD,9,2,2,,,0,1,,,,1,30,0,0,1,0
1,6,1,1,3,92,FRANCE,ILE-DE-FRANCE,009,92009,BOIS-COLOMBES,RUE DES BONS ENFANTS,181074,0,4,VC,0,1,1,,,0,1,,,,1,7,0,0,1,0
1,7,3,1,3,92,FRANCE,ILE-DE-FRANCE,004,92004,ASNIERES-SUR-SEINE,AVENUE DES GRESILLONS ,181077,0,3,RD,9,2,2,,,0,1,,,,1,7,0,0,1,0
5,7,5,1,3,92,FRANCE,ILE-DE-FRANCE,004,92004,ASNIERES-SUR-SEINE,AVENUE D'ARGENTEUIL,181081,0,3,RD,909,2,2,,,0,1,,,,1,7,0,0,1,0
1,7,1,1,7,92,FRANCE,ILE-DE-FRANCE,004,92004,ASNIERES-SUR-SEINE,RUE DE LA COMETE,181087,0,4,VC,0,1,1,,,0,1,,,,1,,0,0,1,0
1,6,6,3,3,92,FRANCE,ILE-DE-FRANCE,007,92007,BAGNEUX,AVENUE PAUL VAILLANT COUTURIER,181118,5,3,RD,77,3,2,,,0,1,,,,1,7,0,0,1,0
2,6,1,8,3,92,FRANCE,ILE-DE-FRANCE,007,92007,BAGNEUX,CHEMIN LATERAL,181135,0,4,VC,0,2,2,,,0,1,,,,1,7,0,0,1,0
5,8,1,1,6,92,FRANCE,ILE-DE-FRANCE,012,92012,BOULOGNE-BILLANCOURT,BOULEVARD JEAN JAURES,181155,0,4,VC,0,2,2,0,0,0,1,4884510,223722,,1,,0,0,0,1
1,8,1,1,3,92,FRANCE,ILE-DE-FRANCE,012,92012,BOULOGNE-BILLANCOURT,BOULEVARD JEAN JAURES,181159,0,4,VC,0,2,2,0,0,0,1,4883130,224482,,1,37,0,0,0,1
1,8,1,1,3,92,FRANCE,ILE-DE-FRANCE,012,92012,BOULOGNE-BILLANCOURT,AVENUE ANDRE MORIZET,181174,0,3,RD,50,0,2,0,0,0,1,4883820,223386,,1,7,0,0,1,1
2,8,2,1,6,92,FRANCE,ILE-DE-FRANCE,012,92012,BOULOGNE-BILLANCOURT,QUAI DU POINT DU JOUR,181184,0,3,RD,1,1,1,0,0,0,1,4883100,225802,,1,7,0,0,1,0
1,8,1,1,3,92,FRANCE,ILE-DE-FRANCE,012,92012,BOULOGNE-BILLANCOURT,RUE DE SILLY,181192,0,4,VC,0,2,2,0,0,0,1,4883850,223213,,1,7,0,0,1,0
1,8,1,1,6,92,FRANCE,ILE-DE-FRANCE,012,92012,BOULOGNE-BILLANCOURT,BOULEVARD JEAN JAURES,181194,0,4,VC,0,2,2,0,0,0,1,4883340,224362,,1,7,0,0,1,0
1,8,1,2,3,92,FRANCE,ILE-DE-FRANCE,012,92012,BOULOGNE-BILLANCOURT,AVENUE EDOUARD VAILLANT,181224,0,3,RD,910,1,1,,,3,1,,,,1,7,0,0,1,0
1,8,1,2,7,92,FRANCE,ILE-DE-FRANCE,012,92012,BOULOGNE-BILLANCOURT,AVENUE ANDRE MORIZET,181234,0,3,RD,50,2,2,,,0,1,,,,1,7,0,0,1,0
1,8,2,1,3,92,FRANCE,ILE-DE-FRANCE,012,92012,BOULOGNE-BILLANCOURT,RUE FESSART,181243,0,4,VC,,2,2,,,0,1,,,,1,33,0,0,1,0
5,8,6,1,2,92,FRANCE,ILE-DE-FRANCE,012,92012,BOULOGNE-BILLANCOURT,PL MARCEL SAMBAT,181247,0,4,VC,,1,2,,,0,1,,,,1,7,0,0,1,0
1,8,6,1,3,92,FRANCE,ILE-DE-FRANCE,012,92012,BOULOGNE-BILLANCOURT,AVENUE JEAN BAPTISTE CLEMENT,181249,0,3,RD,103,2,2,,,0,1,,,,1,7,0,0,1,0
5,8,2,1,3,92,FRANCE,ILE-DE-FRANCE,012,92012,BOULOGNE-BILLANCOURT,RUE LE CORBUSIER,181266,0,4,VC,0,2,2,,,0,1,,,,1,7,0,0,1,0
1,8,7,1,3,92,FRANCE,ILE-DE-FRANCE,012,92012,BOULOGNE-BILLANCOURT,PLACE MARCEL SEMBAT,181268,0,3,RD,10,1,2,,,0,1,,,,1,7,0,0,1,0
2,5,1,1,3,92,FRANCE,ILE-DE-FRANCE,071,92071,SCEAUX,AVENUE DE BOURG LA REINE,181277,0,3,RD,0,2,2,,,0,1,,,,1,7,,,,
1,5,1,1,2,92,FRANCE,ILE-DE-FRANCE,071,92071,SCEAUX,ALLEE D'HONNEUR,181282,0,4,VC,0,3,1,0,0,0,1,4877580,230950,,1,7,0,0,1,0
1,5,1,1,3,92,FRANCE,ILE-DE-FRANCE,071,92071,SCEAUX,AVENUE DU GENERAL LECLERC,181284,0,3,RD,920,3,6,0,0,0,1,4877300,231264,,1,7,0,0,1,0
1,5,3,1,7,92,FRANCE,ILE-DE-FRANCE,071,92071,SCEAUX,AVENUE ALPHONSE CHERRIER,181286,0,3,RD,67,2,2,1,0,0,1,4877410,228769,,1,33,0,0,0,1
1,6,3,1,6,92,FRANCE,ILE-DE-FRANCE,032,92032,FONTENAY-AUX-ROSES,AVENUE LOMBART,181300,0,3,RD,67,2,2,1,0,0,1,,,,1,7,,,,
1,6,1,1,6,92,FRANCE,ILE-DE-FRANCE,023,92023,CLAMART,ROUTE DE LA GARENNE,181350,0,4,VC,0,2,2,,,0,1,,,,1,,0,0,0,1
1,6,4,1,3,92,FRANCE,ILE-DE-FRANCE,023,92023,CLAMART,AVENUE JEAN BAPTISTE CLEMENT,181352,0,3,RD,130,3,3,,,0,1,,,,1,7,0,0,1,0
1,6,1,1,6,92,FRANCE,ILE-DE-FRANCE,060,92060,PLESSIS-ROBINSON (LE),AVENUE CHARLES DE GAULLE,181359,0,3,RD,75,2,2,,,0,4,,,,1,,0,0,1,0
1,6,1,1,6,92,FRANCE,ILE-DE-FRANCE,060,92060,PLESSIS-ROBINSON (LE),AVENUE PAUL LANGEVIN,181372,0,3,RD,2,2,2,,,0,1,,,,1,7,0,0,1,0
2,6,2,1,3,92,FRANCE,ILE-DE-FRANCE,060,92060,PLESSIS-ROBINSON (LE),AVENUE DE LA RESISTANCE,181378,0,3,RD,75,2,2,,,0,1,,,,1,7,0,0,1,0
1,7,6,1,3,92,FRANCE,ILE-DE-FRANCE,024,92024,CLICHY,RUE DU GENERAL ROGUET,181412,0,3,RD,0,2,2,,,0,0,,,,1,7,0,0,1,0
1,7,1,1,3,92,FRANCE,ILE-DE-FRANCE,024,92024,CLICHY,RUE CHARLES ET RENE AUFFRAY,181416,0,4,VC,0,1,1,0,0,0,1,4890280,230587,,1,7,0,0,1,0
1,7,6,1,6,92,FRANCE,ILE-DE-FRANCE,024,92024,CLICHY,RUE MADAME DE SANZILLON,181443,0,3,RD,17,2,2,,,0,1,,,,1,,0,0,0,1
1,7,3,1,3,92,FRANCE,ILE-DE-FRANCE,025,92025,COLOMBES,RUE DES VOIES DU BOIS,181470,0,4,VC,0,2,0,1,0,0,1,4891830,224919,,1,7,0,0,1,0
1,7,1,1,2,92,FRANCE,ILE-DE-FRANCE,025,92025,COLOMBES,BOULEVARD DE VALMY,181476,0,3,RD,0,2,2,,,0,1,,,,1,7,0,0,1,0
1,7,1,1,6,92,FRANCE,ILE-DE-FRANCE,025,92025,COLOMBES,BOULEVARD CHARLES DE GAULLE,181497,0,3,RD,992,1,0,,,0,1,,,,1,7,0,0,1,0
1,7,1,1,2,92,FRANCE,ILE-DE-FRANCE,025,92025,COLOMBES,RUE PAUL BERT,181498,0,3,RD,106,2,2,,,1,1,,,,1,7,0,0,1,0
5,7,4,9,2,92,FRANCE,ILE-DE-FRANCE,026,92026,COURBEVOIE,BOULEVARD DE VERDUN,181515,0,3,RD,908,2,5,0,0,0,1,4889690,226429,,1,2,0,0,1,0
1,7,1,1,2,92,FRANCE,ILE-DE-FRANCE,026,92026,COURBEVOIE,QUAI DU PRESIDENT PAUL DOUMER,181517,2,3,RD,7,1,2,0,0,0,1,4889220,225905,,1,13,0,0,1,0
1,7,3,1,3,92,FRANCE,ILE-DE-FRANCE,026,92026,COURBEVOIE,RUE DE BEZONS,181524,0,3,RD,6,3,2,0,0,1,1,4889340,225216,,1,7,0,0,1,0
1,7,2,1,3,92,FRANCE,ILE-DE-FRANCE,026,92026,COURBEVOIE,RUE DE COLOMBES,181529,0,3,RD,106,2,2,0,0,0,1,4889890,225660,,1,7,0,0,1,0
2,7,2,8,3,92,FRANCE,ILE-DE-FRANCE,026,92026,COURBEVOIE,RUE EMILE DESCHANEL,181535,0,4,VC,0,0,0,0,0,0,1,4889990,223986,,1,7,0,0,1,0
1,1,1,1,2,92,FRANCE,ILE-DE-FRANCE,026,92026,COURBEVOIE,RUE DE COLOMBES,181543,0,3,RD,106,2,2,0,0,0,1,4890140,225625,,1,7,0,0,1,0
1,7,3,1,3,92,FRANCE,ILE-DE-FRANCE,026,92026,COURBEVOIE,BOULEVARD DE VERDUN,181548,0,3,RD,908,2,4,,,3,1,,,,1,7,0,0,1,0
1,7,2,1,3,92,FRANCE,ILE-DE-FRANCE,026,92026,COURBEVOIE,AVENUE DE LA REPUBLIQUE,181564,0,3,RD,12,2,2,,,0,0,,,,1,7,0,0,1,0
5,6,2,1,3,92,FRANCE,ILE-DE-FRANCE,035,92035,GARENNE-COLOMBES (LA),AVENUE DU GENERAL DE GAULLE,181589,2,3,RD,106,2,4,0,0,0,1,4891330,225336,,1,7,0,0,1,0
1,6,1,2,3,92,FRANCE,ILE-DE-FRANCE,036,92036,GENNEVILLIERS,AVENUE D'ARGENTEUIL,181615,0,3,RD,909,2,4,0,0,0,1,4893870,225671,,1,7,0,0,1,0
1,6,1,1,3,92,FRANCE,ILE-DE-FRANCE,036,92036,GENNEVILLIERS,AVENUE DU GENERAL DE GAULLE,181644,0,3,RD,986,2,2,0,0,0,1,4893410,231608,,1,7,0,0,1,0
1,6,3,1,3,92,FRANCE,ILE-DE-FRANCE,036,92036,GENNEVILLIERS,AVENUE LOUIS ROCHE,181656,0,3,RD,20,2,2,,,0,1,,,,1,7,0,0,1,0
2,6,1,1,7,92,FRANCE,ILE-DE-FRANCE,036,92036,GENNEVILLIERS,BOULEVARD LOUISE MICHEL,181667,0,3,RD,9,2,2,,,0,1,,,,1,10,0,0,1,0
1,7,1,1,7,92,FRANCE,ILE-DE-FRANCE,040,92040,ISSY-LES-MOULINEAUX,RUE DE VAUGIRARD,181681,0,3,RD,989,2,2,0,0,0,1,4881940,224263,,1,,0,0,1,0
1,7,1,1,3,92,FRANCE,ILE-DE-FRANCE,040,92040,ISSY-LES-MOULINEAUX,AVENUE JEAN JAURES,181691,0,4,VC,0,2,2,0,0,0,1,4882380,227420,,1,7,0,0,1,0
1,7,1,1,3,92,FRANCE,ILE-DE-FRANCE,040,92040,ISSY-LES-MOULINEAUX,QUAI DE STALINGRAD,181698,0,3,RD,7,1,3,0,0,0,1,4882300,225388,,1,7,0,0,1,0
1,7,3,1,3,92,FRANCE,ILE-DE-FRANCE,040,92040,ISSY-LES-MOULINEAUX,RUE JEAN-JACQUES ROUSSEAU ,181704,0,3,RD,76,2,2,,,0,1,,,,1,7,0,0,1,0
1,7,1,1,2,92,FRANCE,ILE-DE-FRANCE,040,92040,ISSY-LES-MOULINEAUX,RUE DU GOUVERNEUR GENERAL EBOUE,181705,0,3,RD,76,2,2,,,1,1,,,,1,7,0,0,1,0
1,7,1,1,6,92,FRANCE,ILE-DE-FRANCE,040,92040,ISSY-LES-MOULINEAUX,RUE ROUGET DE L'ISLE,181718,0,4,VC,0,3,4,,,0,1,,,,1,,0,0,0,1
1,7,1,1,2,92,FRANCE,ILE-DE-FRANCE,040,92040,ISSY-LES-MOULINEAUX,RUE DU DOCTEUR LOMBARD,181723,0,4,VC,0,1,3,,,0,1,,,,1,10,0,0,1,0
5,7,1,1,3,92,FRANCE,ILE-DE-FRANCE,044,92044,LEVALLOIS-PERRET,RUE VICTOR HUGO,181747,0,3,RD,909,1,0,0,0,0,1,4889910,229369,,1,14,0,0,1,0
1,7,1,1,3,92,FRANCE,ILE-DE-FRANCE,044,92044,LEVALLOIS-PERRET,RUE RASPAIL,181753,0,4,VC,0,1,1,0,0,0,1,4889710,229241,,1,7,0,0,1,0
1,7,1,1,6,92,FRANCE,ILE-DE-FRANCE,044,92044,LEVALLOIS-PERRET,RUE VICTOR HUGO,181763,0,3,RD,909,1,0,0,0,0,1,4889600,229646,,1,,,,,
1,7,2,1,6,92,FRANCE,ILE-DE-FRANCE,044,92044,LEVALLOIS-PERRET,RUE MARJOLIN,181765,0,4,VC,0,1,0,0,0,0,1,4889640,229150,,1,,0,0,0,1
1,7,2,1,3,92,FRANCE,ILE-DE-FRANCE,044,92044,LEVALLOIS-PERRET,RUE PASTEUR,181774,0,4,VC,0,1,0,0,0,0,1,4889320,228537,,1,7,0,0,1,0
1,7,3,1,7,92,FRANCE,ILE-DE-FRANCE,044,92044,LEVALLOIS-PERRET,RUE JACQUES IBERT,181775,0,4,VC,0,1,0,0,0,0,1,4888890,229056,,1,7,0,0,1,0
1,7,1,1,3,92,FRANCE,ILE-DE-FRANCE,044,92044,LEVALLOIS-PERRET,RUE VICTOR HUGO,181782,0,3,RD,909,1,0,0,0,0,1,4889670,229576,,1,7,0,0,1,0
1,7,1,1,6,92,FRANCE,ILE-DE-FRANCE,044,92044,LEVALLOIS-PERRET,RUE BAUDIN,181795,0,4,VC,0,1,1,,,0,1,,,,1,7,0,0,1,0
1,7,7,1,6,92,FRANCE,ILE-DE-FRANCE,044,92044,LEVALLOIS-PERRET,RUE PAUL VAILLANT COUTURIER,181802,0,3,RD,16,1,0,,,0,4,,,,1,,0,0,0,1
1,6,3,1,2,92,FRANCE,ILE-DE-FRANCE,048,92048,MEUDON,AVENUE DU MARECHAL DE LATTRE DE TASSIGNY,181836,0,4,VC,0,2,2,,,0,1,,,,1,7,0,0,1,0
1,6,1,1,3,92,FRANCE,ILE-DE-FRANCE,048,92048,MEUDON,RUE CHARLES INFROIT ,181840,0,4,VC,0,1,1,,,0,1,,,,1,7,0,0,1,0
1,6,1,1,7,92,FRANCE,ILE-DE-FRANCE,048,92048,MEUDON,CAR DE MARE ADAM,181849,0,4,VC,0,2,2,,,0,1,,,,1,,0,0,1,0
1,6,2,1,3,92,FRANCE,ILE-DE-FRANCE,049,92049,MONTROUGE,AVENUE MARX DORMOY,181898,0,3,RD,62,2,2,0,1,0,1,4880960,232544,,1,7,0,0,1,0
1,6,1,1,3,92,FRANCE,ILE-DE-FRANCE,020,92020,CHATILLON,AVENUE DE PARIS,181903,0,3,RD,906,2,4,0,0,3,1,4881050,229918,,1,7,0,0,1,0
1,6,1,1,3,92,FRANCE,ILE-DE-FRANCE,049,92049,MONTROUGE,AVENUE ARISTIDE BRIAND,181905,0,3,RD,920,3,4,0,0,3,1,4881250,232596,,1,7,0,0,1,0
1,6,1,1,6,92,FRANCE,ILE-DE-FRANCE,049,92049,MONTROUGE,RUE MOLIERE,181921,0,4,VC,0,1,1,,,0,1,,,,1,7,0,0,1,0
1,6,2,1,7,92,FRANCE,ILE-DE-FRANCE,049,92049,MONTROUGE,RUE GABRIEL PERI,181939,0,3,RD,50,2,4,0,1,0,1,,,,1,,0,0,1,0
1,7,2,1,3,92,FRANCE,ILE-DE-FRANCE,050,92050,NANTERRE,AVENUE FREDERIC ET IRENE JOLIOT CURIE,181983,5,3,RD,131,3,4,0,0,0,1,4889380,221209,,1,7,0,0,1,0
1,7,2,8,6,92,FRANCE,ILE-DE-FRANCE,050,92050,NANTERRE,AVENUE FREDERIC ET IRENE JOLIOT CURIE,182034,0,3,RD,131,3,4,,,1,1,,,,1,7,0,0,1,0
1,7,2,1,3,92,FRANCE,ILE-DE-FRANCE,051,92051,NEUILLY-SUR-SEINE,BOULEVARD DU CHATEAU,182043,0,4,VC,0,2,2,0,0,0,1,4888770,226377,,1,7,0,0,1,0
1,7,1,8,3,92,FRANCE,ILE-DE-FRANCE,051,92051,NEUILLY-SUR-SEINE,AVENUE SAINTE FOY,182044,0,4,VC,0,1,1,0,0,0,1,4888470,226835,,1,7,0,0,1,0
4,7,1,1,2,92,FRANCE,ILE-DE-FRANCE,051,92051,NEUILLY-SUR-SEINE,BOULEVARD DU CHATEAU,182054,0,4,VC,0,2,0,0,0,0,1,4889020,226926,,1,37,0,0,1,0
1,7,1,1,3,92,FRANCE,ILE-DE-FRANCE,051,92051,NEUILLY-SUR-SEINE,RUE DE LONGCHAMP,182065,0,4,VC,0,2,2,0,0,0,1,4887640,225041,,1,30,0,0,1,0
1,7,1,1,3,92,FRANCE,ILE-DE-FRANCE,051,92051,NEUILLY-SUR-SEINE,AVENUE DU ROULE,182070,0,4,VC,0,2,0,0,0,0,1,4888230,227874,,1,7,0,0,1,0
1,7,1,1,7,92,FRANCE,ILE-DE-FRANCE,051,92051,NEUILLY-SUR-SEINE,PLACE DU MARCHE,182087,0,4,VC,0,0,0,,,0,1,,,,1,,0,0,1,0
1,7,1,1,3,92,FRANCE,ILE-DE-FRANCE,051,92051,NEUILLY-SUR-SEINE,AVENUE CHARLES DE GAULLE,182109,0,2,RN,13,1,2,,,0,1,,,,1,3,0,0,1,0
1,7,1,1,3,92,FRANCE,ILE-DE-FRANCE,051,92051,NEUILLY-SUR-SEINE,RUE SOYER,182133,0,4,VC,0,2,0,,,0,1,,,,1,7,0,0,1,0
1,6,6,1,3,92,FRANCE,ILE-DE-FRANCE,062,92062,PUTEAUX,RUE PAUL LAFARGUE,182159,0,3,RD,21,3,2,0,0,0,1,4888680,224541,,1,7,0,0,1,0
1,6,3,1,3,92,FRANCE,ILE-DE-FRANCE,062,92062,PUTEAUX,QUAI DE DION BOUTON ,182172,0,3,RD,7,3,6,0,0,0,1,4887720,224093,,1,7,0,0,1,0
1,6,1,1,3,92,FRANCE,ILE-DE-FRANCE,062,92062,PUTEAUX,RUE JEAN JAURES,182187,0,4,VC,0,2,2,,,0,1,,,,1,7,,,,
1,7,2,1,3,92,FRANCE,ILE-DE-FRANCE,063,92063,RUEIL-MALMAISON,AVENUE PAUL DOUMER,182205,0,3,RD,913,3,4,0,0,0,1,4887990,218058,,1,7,0,0,1,0
1,7,1,1,3,92,FRANCE,ILE-DE-FRANCE,063,92063,RUEIL-MALMAISON,RUE DES BASSES GRANDES TERRES,182227,0,4,VC,0,1,1,0,0,0,1,4886110,219411,,1,7,0,0,1,0
1,7,1,1,3,92,FRANCE,ILE-DE-FRANCE,063,92063,RUEIL-MALMAISON,BOULEVARD DE RICHELIEU,182233,0,3,RD,39,2,2,0,0,0,1,4886940,218576,,1,10,0,0,1,0