lum,agg,int,atm,col,dep_bis,pays,region,com_bis,com_codeINSEE,communes,N_voie,numac,infra,catr,type_route,voie,circ,nbv,pr,pr1,vosp,situ,lat,long,adr,accident_velo,vehicule_imp,cycl_mort,cycl_bgv,cycl_blg,cycl_indm
1,7,6,1,3,92,FRANCE,ILE-DE-FRANCE,063,92063,RUEIL-MALMAISON,PL RICHELIEU,182234,5,4,VC,0,1,1,0,0,0,1,4887350,218146,,1,7,0,0,1,0
1,7,1,1,2,92,FRANCE,ILE-DE-FRANCE,063,92063,RUEIL-MALMAISON,AVENUE DE FOUILLEUSE,182250,0,4,VC,0,3,2,,,1,1,,,,1,30,0,0,1,0
1,6,1,1,3,92,FRANCE,ILE-DE-FRANCE,064,92064,SAINT-CLOUD,BOULEVARD DE LA REPUBLIQUE,182269,0,3,RD,985,2,2,0,0,0,1,4885030,221344,,1,7,0,0,1,0
1,6,6,1,3,92,FRANCE,ILE-DE-FRANCE,064,92064,SAINT-CLOUD,AVENUE DU GENERAL LECLERC,182294,0,3,RD,907,0,3,0,0,0,1,4884230,220703,,1,7,0,0,1,0
1,6,1,1,7,92,FRANCE,ILE-DE-FRANCE,072,92072,SEVRES,RUE DES HAUTS CLOSEAUX,182348,0,4,VC,0,2,1,0,0,0,1,4882370,220129,,1,,0,0,1,0
1,5,1,1,3,92,FRANCE,ILE-DE-FRANCE,022,92022,CHAVILLE,AVENUE ROGER SALENGRO,182351,0,3,RD,910,2,2,0,0,0,1,4880780,218651,,1,7,0,0,1,0
1,6,1,1,2,92,FRANCE,ILE-DE-FRANCE,072,92072,SEVRES,RUE GRANDE  RUE,182378,0,3,RD,910,1,1,,,0,1,,,,1,7,0,0,1,0
5,5,2,1,3,92,FRANCE,ILE-DE-FRANCE,077,92077,VILLE-D'AVRAY,PLACE CHARLES LAROCHE,182407,5,3,RD,0,2,2,,,0,1,,,,1,7,0,0,1,0
1,6,1,1,3,92,FRANCE,ILE-DE-FRANCE,073,92073,SURESNES,QUAI GALLIENI,182413,0,3,RD,7,3,3,0,0,1,5,4886770,222880,,1,7,0,0,1,0
1,6,1,1,2,92,FRANCE,ILE-DE-FRANCE,075,92075,VANVES,JULES DALOU,182466,0,4,VC,0,1,1,0,0,2,1,,,,1,7,0,0,1,0
1,6,2,7,3,92,FRANCE,ILE-DE-FRANCE,075,92075,VANVES,BOULEVARD DU LYCEE,182468,5,3,RD,50,2,2,0,0,0,1,4882210,228516,,1,30,0,0,1,0
1,6,1,1,7,92,FRANCE,ILE-DE-FRANCE,075,92075,VANVES,AVENUE DU GENERAL DE GAULLE,182491,0,3,RD,71,2,2,,,0,1,,,,1,,0,0,1,0
1,6,2,2,3,92,FRANCE,ILE-DE-FRANCE,046,92046,MALAKOFF,RUE RAYMOND DAVID,182498,0,3,RD,61,2,2,,,1,1,,,,1,7,0,0,1,0
1,6,1,1,6,93,FRANCE,ILE-DE-FRANCE,007,93007,BLANC-MESNIL (LE),RUE EMILE PALADHILE,182751,0,4,VC,0,1,1,,,0,1,,,,1,7,0,0,1,0
1,6,2,1,6,93,FRANCE,ILE-DE-FRANCE,053,93053,NOISY-LE-SEC,RUE VAILLANT COUTURIER ,182951,5,3,RD,0,2,2,,,0,1,,,,1,20,0,0,1,0
1,6,3,1,1,93,FRANCE,ILE-DE-FRANCE,073,93073,TREMBLAY-EN-FRANCE,AVENUE DU BUISSON AUMAY,182968,0,3,RD,0,0,2,1,0,0,1,,,,1,7,0,0,1,0
1,6,2,1,3,93,FRANCE,ILE-DE-FRANCE,071,93071,SEVRAN,AVENUE EDOUARD VAILLANT,183137,0,4,VC,0,2,2,,,0,1,,,,1,7,0,0,1,0
1,6,3,1,3,93,FRANCE,ILE-DE-FRANCE,050,93050,NEUILLY-SUR-MARNE,AVENUE MARECHAL FOCH,183224,0,2,RN,0,3,3,,,3,1,,,,1,7,0,0,1,0
1,6,1,1,3,93,FRANCE,ILE-DE-FRANCE,050,93050,NEUILLY-SUR-MARNE,RUE ONZE NOVEMBRE,183226,0,4,VC,0,2,2,,,0,1,,,,1,7,0,0,1,0
1,6,3,1,1,93,FRANCE,ILE-DE-FRANCE,077,93077,VILLEMOMBLE,RUE DE L'ORANGERIE,183245,0,4,VC,0,1,1,,,0,1,,,,1,7,0,0,1,0
1,7,1,7,3,93,FRANCE,ILE-DE-FRANCE,066,93066,SAINT-DENIS,AVENUE DU PRESIDENT WILSON,183246,0,4,VC,0,1,2,,,0,0,,,,1,7,0,0,1,0
1,6,1,1,3,93,FRANCE,ILE-DE-FRANCE,070,93070,SAINT-OUEN,RUE DEBAIN,183249,0,9,Autre,0,1,0,,,0,1,,,,1,7,0,0,1,0
1,7,1,1,7,93,FRANCE,ILE-DE-FRANCE,005,93005,AULNAY-SOUS-BOIS,AVENUE DE LA REPUBLIQUE,183400,0,4,VC,0,2,1,,,0,1,,,,1,10,0,0,1,0
1,7,3,1,3,93,FRANCE,ILE-DE-FRANCE,029,93029,DRANCY,THERESE,183496,0,4,VC,0,1,1,,,0,1,,,,1,4,0,0,0,1
1,5,3,7,3,93,FRANCE,ILE-DE-FRANCE,061,93061,PRE-SAINT-GERVAIS (LE),RUE DANTON,183507,0,4,VC,0,2,0,,,0,1,,,,1,7,0,0,1,0
3,6,2,1,3,93,FRANCE,ILE-DE-FRANCE,046,93046,LIVRY-GARGAN,ALLEE RICHELIEU,183518,0,4,VC,0,1,1,,,0,1,,,,1,7,0,0,1,0
1,7,1,1,2,93,FRANCE,ILE-DE-FRANCE,048,93048,MONTREUIL,AVENUE PAUL SIGNAC,183523,0,4,VC,0,2,2,,,0,1,,,,1,7,0,0,1,0
1,6,1,1,3,93,FRANCE,ILE-DE-FRANCE,053,93053,NOISY-LE-SEC,AVENUE DE ROSNY,183530,0,4,VC,0,2,2,,,0,1,,,,1,7,0,0,1,0
1,6,1,1,6,93,FRANCE,ILE-DE-FRANCE,014,93014,CLICHY-SOUS-BOIS,ALLEE MAURICE AUDIN,183537,0,4,VC,0,0,2,,,0,1,,,,1,7,0,0,1,0
1,6,1,1,3,93,FRANCE,ILE-DE-FRANCE,077,93077,VILLEMOMBLE,GRANDE RUE  ,183543,0,2,RN,0,2,4,,,0,1,,,,1,2,0,0,1,0
5,6,6,1,6,93,FRANCE,ILE-DE-FRANCE,008,93008,BOBIGNY,PLACE SAINT JUSTE,183612,0,4,VC,0,1,2,,,0,1,,,,1,7,0,0,1,0
2,7,1,1,3,93,FRANCE,ILE-DE-FRANCE,029,93029,DRANCY,AVENUE HENRI BARBUSSE,183622,0,3,RD,0,2,2,,,0,1,,,,1,7,0,0,1,0
1,6,1,1,1,93,FRANCE,ILE-DE-FRANCE,046,93046,LIVRY-GARGAN,AVENUE DU COLONEL FABIEN,183650,0,4,VC,0,2,2,,,0,1,,,,1,7,0,0,1,0
1,6,1,2,7,93,FRANCE,ILE-DE-FRANCE,046,93046,LIVRY-GARGAN,AVENUE MARECHAL LECLERC ,183652,0,2,RN,0,3,4,,,0,1,,,,1,,0,0,1,0
1,6,1,2,3,93,FRANCE,ILE-DE-FRANCE,046,93046,LIVRY-GARGAN,AVENUE CONSUL GENERAL NORDLING ,183653,0,2,RN,0,2,4,,,0,1,,,,1,7,0,0,1,0
1,5,3,1,1,93,FRANCE,ILE-DE-FRANCE,049,93049,NEUILLY-PLAISANCE,CHEMIN TORTU,183666,0,4,VC,0,2,2,,,0,1,,,,1,7,0,0,1,0
1,5,9,8,3,93,FRANCE,ILE-DE-FRANCE,062,93062,RAINCY (LE),AVENUE DE LA RESISTANCE,183674,0,4,VC,0,2,2,,,0,0,,,,1,37,0,0,1,0
5,7,1,1,3,93,FRANCE,ILE-DE-FRANCE,001,93001,AUBERVILLIERS,AVENUE VICTOR HUGO,183754,0,4,VC,0,2,4,,,0,1,,,,1,7,0,0,1,0
5,5,1,1,6,93,FRANCE,ILE-DE-FRANCE,030,93030,DUGNY,AVENUE DU HUIT-MAI-1945,183770,5,2,RN,0,1,2,,,0,1,,,,1,7,0,0,1,0
5,7,2,1,2,93,FRANCE,ILE-DE-FRANCE,029,93029,DRANCY,AVENUE HENRI BARBUSSE,183773,5,3,RD,0,2,2,,,0,1,,,,1,7,0,0,1,0
5,7,1,3,3,93,FRANCE,ILE-DE-FRANCE,029,93029,DRANCY,AVENUE JEAN JAURES,183782,0,3,RD,0,2,2,,,0,1,,,,1,7,0,0,1,0
1,6,1,1,3,93,FRANCE,ILE-DE-FRANCE,031,93031,EPINAY-SUR-SEINE,AVENUE COMMANDANT LOUIS BOUCHET,183785,0,4,VC,0,0,0,,,1,0,,,,1,7,0,0,1,0
5,7,1,1,1,93,FRANCE,ILE-DE-FRANCE,048,93048,MONTREUIL,RUE DE SAINT MANDE,183807,0,4,VC,0,1,1,,,0,4,,,,1,7,0,0,1,0
5,7,2,1,3,93,FRANCE,ILE-DE-FRANCE,048,93048,MONTREUIL,BOULEVARD CHANZY,183811,0,3,RD,0,2,2,,,0,1,,,,1,7,0,0,1,0
5,6,2,1,1,93,FRANCE,ILE-DE-FRANCE,053,93053,NOISY-LE-SEC,RUE ANATOLE FRANCE,183823,0,3,RD,0,2,1,,,0,1,,,,1,7,0,0,1,0
5,7,2,2,3,93,FRANCE,ILE-DE-FRANCE,066,93066,SAINT-DENIS,AVENUE DU PRESIDENT WILSON,184187,0,9,Autre,0,1,2,,,0,1,,,,1,7,0,0,1,0
1,7,9,1,2,93,FRANCE,ILE-DE-FRANCE,066,93066,SAINT-DENIS,PLACE PORTE DE PARIS,184190,0,4,VC,0,1,4,0,1,0,1,,,,1,7,0,0,1,0
1,6,1,1,7,93,FRANCE,ILE-DE-FRANCE,008,93008,BOBIGNY,AVENUE PAUL VAILLANT COUTURIER,184244,0,5,Hors_reseau,0,0,0,,,3,0,,,,1,,0,0,1,0
1,7,1,1,3,93,FRANCE,ILE-DE-FRANCE,029,93029,DRANCY,DE LA HAUTE BORNE,184252,0,4,VC,0,1,1,,,0,1,,,,1,30,0,0,1,0
1,7,1,2,3,93,FRANCE,ILE-DE-FRANCE,051,93051,NOISY-LE-GRAND,REPUBLIQUE,184292,0,4,VC,0,2,1,,,0,4,,,,1,7,0,0,1,0
5,1,1,1,3,93,FRANCE,ILE-DE-FRANCE,064,93064,ROSNY-SOUS-BOIS,RUE LEON BLUM,184305,0,6,Parking,0,1,2,,,0,3,,,,1,7,0,0,1,0
1,6,1,1,3,93,FRANCE,ILE-DE-FRANCE,064,93064,ROSNY-SOUS-BOIS,RUE DU MARECHAL MAUNOURY,184309,0,4,VC,0,1,1,,,0,1,,,,1,7,0,0,1,0
1,7,2,1,1,93,FRANCE,ILE-DE-FRANCE,005,93005,AULNAY-SOUS-BOIS,AVENUE DE LA CROIX BLANCHE,184360,0,4,VC,0,2,2,,,0,1,,,,1,7,0,0,1,0
1,7,1,1,6,93,FRANCE,ILE-DE-FRANCE,001,93001,AUBERVILLIERS,RUE DU COMMANDANT L'HERMINIER,184615,0,4,VC,0,2,2,,,0,1,,,,1,,0,0,0,1
1,6,1,1,6,93,FRANCE,ILE-DE-FRANCE,010,93010,BONDY,AVENUE DU QUATORZE-JUILLET,184628,2,2,RN,0,2,1,,,0,1,,,,1,7,0,0,1,0
1,7,3,1,3,93,FRANCE,ILE-DE-FRANCE,048,93048,MONTREUIL,RUE DE LA DHUYS,184657,0,4,VC,0,1,2,,,0,0,,,,1,7,0,0,1,0
1,6,2,1,3,93,FRANCE,ILE-DE-FRANCE,053,93053,NOISY-LE-SEC,AVENUE DE GAGNY,184664,0,3,RD,0,2,0,,,0,1,,,,1,15,0,0,1,0
1,6,1,1,2,93,FRANCE,ILE-DE-FRANCE,072,93072,STAINS,RUE MARCEL LE POGAMP,184681,0,4,VC,0,1,0,,,0,1,,,,1,7,0,0,1,0
1,6,1,1,3,93,FRANCE,ILE-DE-FRANCE,078,93078,VILLEPINTE,AVENUE CHARLES DE GAULLE,184682,6,4,VC,0,2,2,,,0,1,,,,1,7,0,0,1,0
1,6,1,1,3,93,FRANCE,ILE-DE-FRANCE,078,93078,VILLEPINTE,AVENUE DE LA GARE ,184686,0,4,VC,0,1,1,,,0,0,,,,1,7,0,0,1,0
1,7,6,1,3,93,FRANCE,ILE-DE-FRANCE,051,93051,NOISY-LE-GRAND,BOULEVARD LEVANT,184872,0,4,VC,0,1,4,1,0,0,1,,,,1,7,0,0,1,0
1,7,1,1,6,93,FRANCE,ILE-DE-FRANCE,001,93001,AUBERVILLIERS,AVENUE JEAN JAURES,184931,6,4,VC,0,0,0,,,0,4,,,,1,,0,0,0,1
1,6,1,1,3,93,FRANCE,ILE-DE-FRANCE,046,93046,LIVRY-GARGAN,AVENUE MARECHAL LECLERC ,184963,0,2,RN,0,1,2,,,0,4,,,,1,7,0,0,1,0
1,6,3,1,3,93,FRANCE,ILE-DE-FRANCE,046,93046,LIVRY-GARGAN,BOULEVARD GUTEMBERG ,184966,0,4,VC,0,2,2,,,0,1,,,,1,7,0,0,1,0
1,7,1,1,2,93,FRANCE,ILE-DE-FRANCE,048,93048,MONTREUIL,RUE DU 18 AOUT,184971,0,4,VC,0,1,1,,,0,1,,,,1,10,0,0,1,0
1,6,3,1,6,93,FRANCE,ILE-DE-FRANCE,070,93070,SAINT-OUEN,RUE MARTYRS DES DEPORTATIONS,184993,0,9,Autre,0,1,1,,,0,1,,,,1,7,0,0,1,0
1,7,3,1,3,93,FRANCE,ILE-DE-FRANCE,005,93005,AULNAY-SOUS-BOIS,RUE DU PREFET CHALEIL,185038,0,4,VC,0,2,2,,,0,1,,,,1,7,0,0,1,1
1,6,1,1,1,93,FRANCE,ILE-DE-FRANCE,010,93010,BONDY,RUE MARCEL DASSAULT,185050,0,4,VC,0,2,0,,,0,1,,,,1,7,0,0,1,0
4,6,3,1,3,93,FRANCE,ILE-DE-FRANCE,031,93031,EPINAY-SUR-SEINE,BOULEVARD FOCH,185063,5,2,RN,0,2,3,,,0,1,,,,1,7,0,0,1,0
1,6,2,1,1,93,FRANCE,ILE-DE-FRANCE,046,93046,LIVRY-GARGAN,BOULEVARD JEAN JAURES,185079,0,2,RN,0,3,1,,,0,1,,,,1,7,0,0,1,0
1,7,2,1,6,93,FRANCE,ILE-DE-FRANCE,066,93066,SAINT-DENIS,RUE DU 19 MARS 1962,185117,0,3,RD,0,2,1,0,1,0,0,,,,1,,0,0,1,0
1,6,1,1,7,93,FRANCE,ILE-DE-FRANCE,046,93046,LIVRY-GARGAN,AVENUE VAUBAN,185209,0,4,VC,0,2,2,,,0,1,,,,1,7,0,0,1,0
2,7,1,8,6,93,FRANCE,ILE-DE-FRANCE,048,93048,MONTREUIL,BOULEVARD PAUL VAILLANT COUTURIER,185214,0,4,VC,0,2,3,,,0,1,,,,1,7,0,0,1,0
1,7,2,2,3,93,FRANCE,ILE-DE-FRANCE,051,93051,NOISY-LE-GRAND,AVENUE DU GENERAL DE GAULLE,185220,0,9,Autre,0,2,2,1,0,0,1,,,,1,7,0,0,1,0
5,7,2,9,3,93,FRANCE,ILE-DE-FRANCE,051,93051,NOISY-LE-GRAND,ROUTE NEUILLY,185222,0,2,RN,0,4,3,1,0,0,1,,,,1,7,0,0,1,0
1,6,2,8,7,93,FRANCE,ILE-DE-FRANCE,014,93014,CLICHY-SOUS-BOIS,ROUTE STRATEGIQUE,185229,0,3,RD,0,2,1,,,0,1,,,,1,,0,0,1,0
5,7,1,1,6,93,FRANCE,ILE-DE-FRANCE,005,93005,AULNAY-SOUS-BOIS,BOULEVARD GEORGES BRAQUE,185303,0,6,Parking,0,1,2,,,0,1,,,,1,10,0,0,1,0
1,6,1,9,2,93,FRANCE,ILE-DE-FRANCE,063,93063,ROMAINVILLE,RUE CARNOT,185322,0,4,VC,0,1,1,,,0,1,,,,1,7,0,0,1,0
5,6,3,2,3,93,FRANCE,ILE-DE-FRANCE,032,93032,GAGNY,AVENUE MADAME CURIE,185420,0,4,VC,0,1,1,1,0,0,1,,,,1,7,0,0,0,1
3,7,1,2,3,93,FRANCE,ILE-DE-FRANCE,066,93066,SAINT-DENIS,LIBERATION,185624,0,4,VC,0,0,2,0,1,0,1,,,,1,10,0,0,1,0
1,6,1,1,7,93,FRANCE,ILE-DE-FRANCE,073,93073,TREMBLAY-EN-FRANCE,CHEMIN DES VACHES,185631,2,3,RD,0,2,2,,,0,1,,,,1,,0,0,1,0
1,6,3,1,3,93,FRANCE,ILE-DE-FRANCE,073,93073,TREMBLAY-EN-FRANCE,Autre 0,185632,0,9,Autre,0,2,2,,,0,1,,,,1,7,0,0,1,0
1,5,2,1,3,93,FRANCE,ILE-DE-FRANCE,013,93013,BOURGET (LE),AVENU DE LA DIVISION LECLERC,185651,5,2,RN,0,2,2,,,0,1,,,,1,15,0,0,1,0
1,7,6,8,3,93,FRANCE,ILE-DE-FRANCE,051,93051,NOISY-LE-GRAND,UNIVERSITE,185682,5,3,RD,0,2,2,1,0,0,1,,,,1,7,0,0,1,0
1,6,1,1,6,93,FRANCE,ILE-DE-FRANCE,027,93027,COURNEUVE (LA),AVENUE ROGER SALENGRO,185777,0,9,Autre,0,0,0,,,0,4,,,,1,,,,,
1,5,1,1,3,93,FRANCE,ILE-DE-FRANCE,079,93079,VILLETANEUSE,MAURICE GRANDCOING,185786,0,4,VC,0,2,2,,,0,1,,,,1,7,0,0,1,0
1,6,1,1,3,93,FRANCE,ILE-DE-FRANCE,045,93045,LILAS (LES),RUE DE PARIS,185789,0,4,VC,0,0,0,,,0,1,,,,1,7,0,0,1,0
1,6,1,1,2,93,FRANCE,ILE-DE-FRANCE,045,93045,LILAS (LES),RUE DE PARIS,185792,0,4,VC,0,2,2,,,0,1,,,,1,7,0,0,1,0
1,5,5,1,3,93,FRANCE,ILE-DE-FRANCE,074,93074,VAUJOURS,ROUTE NATIONALE 3,185794,3,2,RN,0,1,1,,,0,1,,,,1,7,0,0,1,0
1,6,1,1,3,93,FRANCE,ILE-DE-FRANCE,050,93050,NEUILLY-SUR-MARNE,PLACE DAUPHINE,185804,0,4,VC,0,2,1,,,0,1,,,,1,7,0,0,1,0
1,7,1,1,3,93,FRANCE,ILE-DE-FRANCE,066,93066,SAINT-DENIS,PORTE PARIS,185822,0,9,Autre,0,0,3,1,0,0,0,,,,1,7,0,0,1,0
1,7,1,1,6,93,FRANCE,ILE-DE-FRANCE,066,93066,SAINT-DENIS,AVENUE DU PRESIDENT WILSON,185826,0,9,Autre,0,1,2,,,0,1,,,,1,34,0,0,1,0
5,6,1,1,7,93,FRANCE,ILE-DE-FRANCE,078,93078,VILLEPINTE,ALLEE LOUIS BLERIOT,185839,0,4,VC,0,2,2,,,0,0,,,,1,7,,,,
1,7,1,1,6,93,FRANCE,ILE-DE-FRANCE,001,93001,AUBERVILLIERS,RUE DES NOYERS,185851,0,3,RD,0,1,1,,,0,1,,,,1,,,,,
1,6,3,1,3,93,FRANCE,ILE-DE-FRANCE,050,93050,NEUILLY-SUR-MARNE,AVENUE DU GENERAL DE GAULLE,185901,0,2,RN,0,0,2,,,0,1,,,,1,7,0,0,1,0
1,6,1,1,3,93,FRANCE,ILE-DE-FRANCE,050,93050,NEUILLY-SUR-MARNE,AVENUE MARECHAL FOCH,185903,0,2,RN,0,2,6,,,3,1,,,,1,7,0,0,1,0
1,5,1,1,3,93,FRANCE,ILE-DE-FRANCE,062,93062,RAINCY (LE),AVENUE THIERS,185911,0,4,VC,0,2,1,,,0,1,,,,1,7,0,0,1,0
1,6,1,7,3,93,FRANCE,ILE-DE-FRANCE,070,93070,SAINT-OUEN,RUE SAINT DENIS,185927,0,4,VC,0,0,0,,,0,1,,,,1,32,0,0,1,0
1,7,1,1,2,93,FRANCE,ILE-DE-FRANCE,001,93001,AUBERVILLIERS,AVENUE DE LA REPUBLIQUE,186177,0,4,VC,0,2,2,,,0,0,,,,1,7,0,0,1,0
1,7,1,8,3,93,FRANCE,ILE-DE-FRANCE,005,93005,AULNAY-SOUS-BOIS,RUE JACQUES DUCLOS,186181,0,2,RN,0,2,0,,,0,4,,,,1,10,0,0,1,0
1,6,1,2,2,93,FRANCE,ILE-DE-FRANCE,008,93008,BOBIGNY,AVENUE HENRI BARBUSSE,186190,0,4,VC,0,3,4,,,0,1,,,,1,30,0,0,1,0
5,7,2,1,3,93,FRANCE,ILE-DE-FRANCE,029,93029,DRANCY,AVENUE MARCEAU,186201,0,3,RD,0,2,2,,,0,1,,,,1,7,0,0,1,0
1,5,1,1,3,93,FRANCE,ILE-DE-FRANCE,079,93079,VILLETANEUSE,ROUTE SAINT LEU,186208,0,2,RN,0,0,1,,,0,1,,,,1,13,0,0,1,0
2,7,1,2,2,93,FRANCE,ILE-DE-FRANCE,048,93048,MONTREUIL,RUE DE LA COTE DU NORD,186226,0,4,VC,0,1,1,,,0,1,,,,1,7,0,0,1,0
1,7,9,1,3,93,FRANCE,ILE-DE-FRANCE,048,93048,MONTREUIL,RUE DES CLOS FRANCAIS,186231,0,4,VC,0,2,2,,,2,5,,,,1,7,0,0,1,0
1,6,2,1,3,93,FRANCE,ILE-DE-FRANCE,064,93064,ROSNY-SOUS-BOIS,RUE DU GENERAL LECLERC,186250,0,3,RD,0,2,2,,,0,1,,,,1,10,0,0,1,0
1,6,5,2,3,93,FRANCE,ILE-DE-FRANCE,046,93046,LIVRY-GARGAN,AVENUE LEON LUM ,186294,5,2,RN,0,0,2,,,0,1,,,,1,7,0,0,1,0
1,6,8,1,1,93,FRANCE,ILE-DE-FRANCE,008,93008,BOBIGNY,AVENUE JEAN JAURES,186308,4,4,VC,0,1,1,,,0,1,,,,1,7,0,0,1,0
1,7,9,1,6,93,FRANCE,ILE-DE-FRANCE,066,93066,SAINT-DENIS,AVENUE STALINGRAD,186342,0,3,RD,0,2,4,,,0,1,,,,1,7,0,0,1,0
1,6,1,1,1,93,FRANCE,ILE-DE-FRANCE,073,93073,TREMBLAY-EN-FRANCE,AVENUE DU BOIS,186456,0,4,VC,0,2,2,,,0,1,,,,1,7,0,0,1,0
1,7,1,1,3,93,FRANCE,ILE-DE-FRANCE,066,93066,SAINT-DENIS,RUE DE LA REPUBLIQUE ,186569,6,4,VC,0,2,2,0,0,3,1,4893620,235627,,1,30,0,0,0,1
1,6,3,2,3,93,FRANCE,ILE-DE-FRANCE,046,93046,LIVRY-GARGAN,RUE PACHOT LAINE,186597,0,4,VC,0,1,0,0,0,1,1,4892410,253909,,1,7,0,0,1,0
1,7,1,1,3,93,FRANCE,ILE-DE-FRANCE,066,93066,SAINT-DENIS,AVENUE JEANNE D'ARC,186619,0,4,VC,0,0,1,0,0,0,1,4893070,236508,,1,7,0,0,1,0
1,7,2,7,3,93,FRANCE,ILE-DE-FRANCE,051,93051,NOISY-LE-GRAND,AVENUE MEDERIC,186635,0,2,RN,303,2,2,1,985,0,1,4883030,258477,,1,7,0,0,1,0
1,7,1,1,6,93,FRANCE,ILE-DE-FRANCE,066,93066,SAINT-DENIS,RUE DE LA REPUBLIQUE ,186665,0,4,VC,0,2,1,0,0,3,4,4893660,235407,,1,,0,0,0,1
1,7,3,1,3,93,FRANCE,ILE-DE-FRANCE,029,93029,DRANCY,RUE SADI CARNOT,186684,0,3,RD,30,2,4,0,0,0,1,4892660,243896,,1,7,0,0,1,0
1,6,4,1,2,93,FRANCE,ILE-DE-FRANCE,077,93077,VILLEMOMBLE,RUE DE NEUILLY,186703,0,3,RD,10,2,2,0,0,0,1,4887540,252599,,1,7,0,0,1,0
1,6,7,1,6,93,FRANCE,ILE-DE-FRANCE,064,93064,ROSNY-SOUS-BOIS,RUE PAUL CAVARE,186724,0,4,VC,0,1,0,0,0,0,1,4887130,248935,,1,7,0,0,1,0
5,6,3,1,7,93,FRANCE,ILE-DE-FRANCE,078,93078,VILLEPINTE,AVENUE DES,186762,0,4,VC,0,2,2,0,0,0,1,4894860,255503,,1,,0,0,1,0
1,7,6,1,3,93,FRANCE,ILE-DE-FRANCE,029,93029,DRANCY,RUE DE STALINGRAD,186789,5,2,RN,186,2,4,43,129,0,1,4891490,243172,,1,7,0,0,1,0
1,7,1,1,3,93,FRANCE,ILE-DE-FRANCE,048,93048,MONTREUIL,BOULEVARD PAUL VAILLANT COUTURIER,186806,0,2,RN,302,2,2,2,923,0,1,4886560,244381,,1,7,0,0,1,0
1,7,1,1,1,93,FRANCE,ILE-DE-FRANCE,066,93066,SAINT-DENIS,BOULEVARD ANATOLE FRANCE,186822,0,3,RD,410,2,0,0,0,0,1,4891800,234124,,1,7,0,0,1,0
1,7,6,1,3,93,FRANCE,ILE-DE-FRANCE,051,93051,NOISY-LE-GRAND,PORTE DE NEUILLY,186834,0,3,RD,75,1,3,0,0,0,1,4884330,254416,,1,7,0,0,1,0
1,6,3,1,2,93,FRANCE,ILE-DE-FRANCE,055,93055,PANTIN,AVENUE DE LA DIVISION LECLERC,186879,0,3,RD,27,2,2,0,0,0,1,4891360,240788,,1,7,0,0,0,1
1,6,1,1,6,93,FRANCE,ILE-DE-FRANCE,073,93073,TREMBLAY-EN-FRANCE,AVENUE DU GENERAL DE GAULLE,186882,0,4,VC,0,0,1,0,0,1,5,4893990,257098,,1,,0,0,0,1
1,6,1,1,2,93,FRANCE,ILE-DE-FRANCE,055,93055,PANTIN,QUAI DE L'AISNE,186883,0,4,VC,0,1,1,0,0,0,1,4889570,240247,,1,30,0,0,1,0
1,6,6,1,3,93,FRANCE,ILE-DE-FRANCE,046,93046,LIVRY-GARGAN,AVENUE PAUL BERT,186896,0,4,VC,0,2,2,0,0,0,0,4892010,252190,,1,7,0,0,1,0
1,7,3,8,3,93,FRANCE,ILE-DE-FRANCE,051,93051,NOISY-LE-GRAND,BOULEVARD DU MONT D'EST,186917,0,3,RD,75,1,2,1,0,0,1,4884330,254687,,1,7,0,0,1,0
1,6,2,1,6,93,FRANCE,ILE-DE-FRANCE,008,93008,BOBIGNY,RUE DE LA REPUBLIQUE ,186979,0,3,RD,27,1,1,0,0,0,1,4890660,243337,,1,7,0,0,1,0
1,6,2,1,1,93,FRANCE,ILE-DE-FRANCE,046,93046,LIVRY-GARGAN,ALLEE D'AUMALE,187024,0,4,VC,0,2,2,0,0,0,1,4892490,252828,,1,7,0,0,1,0
2,1,1,1,3,93,FRANCE,ILE-DE-FRANCE,073,93073,TREMBLAY-EN-FRANCE,CHEMIN DES VACHES,187028,0,4,VC,0,2,3,0,0,1,0,4897140,256319,,1,7,0,0,1,0
1,6,1,1,3,93,FRANCE,ILE-DE-FRANCE,059,93059,PIERREFITTE-SUR-SEINE,AVENUE GENERAL GALIENI,187053,0,4,VC,0,0,0,0,0,0,4,4896940,236300,,1,7,0,0,1,0
1,6,1,1,3,93,FRANCE,ILE-DE-FRANCE,027,93027,COURNEUVE (LA),RUE EDGAR QUINET,187072,0,3,RD,114,2,2,0,0,0,4,4893070,239705,,1,7,0,0,1,0
1,6,2,1,1,93,FRANCE,ILE-DE-FRANCE,008,93008,BOBIGNY,AVENUE EDOUARD VAILLANT,187092,5,3,RD,30,2,1,0,0,0,1,4891170,246497,,1,10,0,0,1,0
1,7,1,1,1,93,FRANCE,ILE-DE-FRANCE,066,93066,SAINT-DENIS,RUE ALAN SHEPPARD,187104,0,4,VC,0,2,0,0,1,0,1,4893270,238175,,1,34,0,0,1,0
1,7,2,1,3,93,FRANCE,ILE-DE-FRANCE,048,93048,MONTREUIL,RUE LEBOUR,187107,0,4,VC,0,1,1,0,0,0,1,4885410,242757,,1,10,0,0,1,0
1,6,1,1,1,93,FRANCE,ILE-DE-FRANCE,078,93078,VILLEPINTE,RUE COLETTE,187111,0,4,VC,0,2,1,0,0,0,1,4895740,254614,,1,7,0,0,1,0
1,7,1,1,2,93,FRANCE,ILE-DE-FRANCE,005,93005,AULNAY-SOUS-BOIS,BOULEVARD ANDRE CITROEN,187121,0,3,RD,40,3,0,0,0,0,1,4896250,249152,,1,7,0,0,1,0