lum,agg,int,atm,col,dep_bis,pays,region,com_bis,com_codeINSEE,communes,N_voie,numac,infra,catr,type_route,voie,circ,nbv,pr,pr1,vosp,situ,lat,long,adr,accident_velo,vehicule_imp,cycl_mort,cycl_bgv,cycl_blg,cycl_indm
1,6,3,1,3,93,FRANCE,ILE-DE-FRANCE,055,93055,PANTIN,AVENUE EDOUARD VAILLANT,187123,0,3,RD,20,2,2,0,0,1,5,4889970,239617,,1,7,0,0,1,0
1,6,1,1,3,93,FRANCE,ILE-DE-FRANCE,077,93077,VILLEMOMBLE,RUE GRANDE  RUE,187132,0,2,RN,302,2,2,9,419,0,1,4888280,251579,,1,7,0,0,1,0
1,7,1,1,3,93,FRANCE,ILE-DE-FRANCE,048,93048,MONTREUIL,RUE MICHELET,187154,0,4,VC,0,1,0,0,0,0,1,4885290,243071,,1,7,0,0,1,0
1,6,1,1,3,93,FRANCE,ILE-DE-FRANCE,046,93046,LIVRY-GARGAN,AVENUE MAUROUARD,187156,0,4,VC,0,1,0,0,0,1,5,4893120,254538,,1,7,0,0,1,0
1,6,1,1,3,93,FRANCE,ILE-DE-FRANCE,063,93063,ROMAINVILLE,AVENUE LENINE ,187174,0,3,RD,117,2,0,0,0,0,1,4888400,242932,,1,10,0,0,1,0
5,5,1,1,3,93,FRANCE,ILE-DE-FRANCE,057,93057,PAVILLONS-SOUS-BOIS (LES),ALLEE DE MONTHYON,187247,0,3,RD,78,2,2,0,0,0,1,4891370,250464,,1,7,0,0,1,0
1,6,2,1,3,93,FRANCE,ILE-DE-FRANCE,046,93046,LIVRY-GARGAN,RUE PACHOT LAINE,187304,0,4,VC,0,1,1,0,0,0,0,4892410,253909,,1,7,0,0,1,0
1,6,1,1,2,93,FRANCE,ILE-DE-FRANCE,055,93055,PANTIN,AVENUE JEAN JAURES,187319,0,2,RN,2,3,1,0,440,0,1,4890620,239480,,1,7,0,0,1,0
1,6,1,1,1,93,FRANCE,ILE-DE-FRANCE,070,93070,SAINT-OUEN,RUE MARCEL BOURDARIAS,187334,0,4,VC,0,0,1,0,0,0,1,4890220,235044,,1,7,0,0,1,0
1,7,2,1,3,93,FRANCE,ILE-DE-FRANCE,066,93066,SAINT-DENIS,BOULEVARD ORNANO,187463,0,3,RD,14,2,2,0,1,0,1,,,,1,7,0,0,1,0
1,5,1,1,3,93,FRANCE,ILE-DE-FRANCE,013,93013,BOURGET (LE),AVENU DE LA DIVISION LECLERC,187489,0,2,RN,2,2,6,,,0,1,,,,1,17,0,0,1,0
1,6,1,1,2,93,FRANCE,ILE-DE-FRANCE,007,93007,BLANC-MESNIL (LE),PLACE PIERRE SEMARD,187513,2,4,VC,0,2,2,,,0,1,,,,1,7,0,0,1,0
1,6,2,1,6,93,FRANCE,ILE-DE-FRANCE,077,93077,VILLEMOMBLE,RUE PROCESSIONS,187517,0,4,VC,0,1,1,,,0,1,,,,1,7,0,0,1,0
1,7,1,1,3,93,FRANCE,ILE-DE-FRANCE,029,93029,DRANCY,AVENUE MARCEAU,187527,0,4,VC,0,2,0,,,0,1,,,,1,7,0,0,1,0
1,7,1,1,6,93,FRANCE,ILE-DE-FRANCE,029,93029,DRANCY,AVENUE MARCEAU,187529,0,4,VC,0,2,2,,,0,1,,,,1,7,0,0,1,0
1,6,1,1,2,93,FRANCE,ILE-DE-FRANCE,064,93064,ROSNY-SOUS-BOIS,ALLEE DE L'ESPERANCE,187532,0,3,RD,10,2,3,,,0,1,,,,1,7,0,0,1,0
1,6,1,1,3,93,FRANCE,ILE-DE-FRANCE,031,93031,EPINAY-SUR-SEINE,RUE DE PARIS,187570,0,4,VC,0,2,2,,,0,1,,,,1,33,0,0,1,0
1,6,1,1,2,93,FRANCE,ILE-DE-FRANCE,010,93010,BONDY,AVENUE GALLIENI,187597,0,2,RN,3,1,0,,,0,1,,,,1,7,0,0,1,0
1,6,1,1,3,93,FRANCE,ILE-DE-FRANCE,071,93071,SEVRAN,RUE LUCIEN SPORTISS,187685,0,4,VC,0,2,2,,,0,1,,,,1,7,0,0,1,0
1,5,1,1,6,93,FRANCE,ILE-DE-FRANCE,074,93074,VAUJOURS,AVENUE DU GENERAL DE GAULLE,187704,0,4,VC,0,1,1,,,0,1,,,,1,7,0,0,1,0
1,6,1,1,1,93,FRANCE,ILE-DE-FRANCE,046,93046,LIVRY-GARGAN,AVENUE ALEMBERT ,187708,0,4,VC,0,2,,,,0,1,,,,1,7,0,0,1,0
1,7,1,1,6,93,FRANCE,ILE-DE-FRANCE,029,93029,DRANCY,AVENUE HENRI BARBUSSE,187736,0,4,VC,0,2,2,,,0,1,,,,1,7,0,0,1,0
1,5,1,1,2,93,FRANCE,ILE-DE-FRANCE,033,93033,GOURNAY-SUR-MARNE,AVENUE JOFFRE ,187774,0,4,VC,0,2,2,1,0,0,1,,,,1,7,0,0,1,0
1,1,6,1,1,93,FRANCE,ILE-DE-FRANCE,015,93015,COUBRON,BOIS DE BERNOUILLE ROUTE DU,187792,0,4,VC,0,2,2,,,0,1,,,,1,7,0,0,1,0
1,6,3,2,1,93,FRANCE,ILE-DE-FRANCE,046,93046,LIVRY-GARGAN,ALLEE CUREL,187819,0,4,VC,0,0,1,,,0,1,,,,1,7,0,0,1,0
1,6,1,1,3,93,FRANCE,ILE-DE-FRANCE,008,93008,BOBIGNY,RUE SAINT-ANDRE,187837,0,4,VC,0,1,1,,,0,4,,,,1,7,0,0,1,0
1,6,2,1,1,93,FRANCE,ILE-DE-FRANCE,077,93077,VILLEMOMBLE,RUE JEAN FALLAY,187842,0,3,RD,0,0,0,,,0,1,,,,1,7,0,0,1,0
1,7,3,1,7,93,FRANCE,ILE-DE-FRANCE,048,93048,MONTREUIL,AVENUE DU PRESIDENT WILSON,187849,0,4,VC,0,2,1,,,0,1,,,,1,32,0,0,0,1
5,7,2,1,3,93,FRANCE,ILE-DE-FRANCE,048,93048,MONTREUIL,RUE DE STALINGRAD,187853,0,3,RD,0,2,0,,,0,1,,,,1,7,0,0,1,0
1,6,2,1,6,93,FRANCE,ILE-DE-FRANCE,064,93064,ROSNY-SOUS-BOIS,AVENUE DU GENERAL DE GAULLE,187863,0,2,RN,186,2,4,,,0,1,,,,1,7,0,0,1,0
5,7,2,1,3,93,FRANCE,ILE-DE-FRANCE,066,93066,SAINT-DENIS,AVENUE PRESSENCE FRANCIS,187960,5,3,RD,0,2,4,0,1,0,1,,,,1,10,0,0,1,0
5,6,3,3,6,93,FRANCE,ILE-DE-FRANCE,055,93055,PANTIN,AVENUE JEAN LOLIVE,187974,0,2,RN,3,2,4,,,3,1,,,,1,7,0,0,1,0
1,6,1,1,3,93,FRANCE,ILE-DE-FRANCE,008,93008,BOBIGNY,CHEMIN DE GROSLAY,188083,0,4,VC,0,2,2,0,0,0,1,4891620,247544,,1,7,0,0,1,0
1,7,1,1,3,93,FRANCE,ILE-DE-FRANCE,066,93066,SAINT-DENIS,AVENUE DU STADE DE FRANCE,188192,0,4,VC,0,2,2,0,0,0,1,4891860,236177,,1,7,0,0,1,0
1,6,1,1,2,93,FRANCE,ILE-DE-FRANCE,014,93014,CLICHY-SOUS-BOIS,ALLEE MAURICE AUDIN,188246,0,4,VC,0,2,2,0,0,0,1,4890820,253391,,1,7,0,0,1,0
5,7,1,1,3,93,FRANCE,ILE-DE-FRANCE,048,93048,MONTREUIL,AVENUE DE LA RESISTANCE,188258,0,3,RD,20,1,1,0,0,1,1,4886190,243695,,1,10,0,0,1,0
1,6,3,1,3,93,FRANCE,ILE-DE-FRANCE,071,93071,SEVRAN,AVENUE DES BEAUDOTTES,188294,0,4,VC,0,2,0,0,0,0,0,4894530,251934,,1,7,0,0,1,0
1,5,3,1,2,93,FRANCE,ILE-DE-FRANCE,057,93057,PAVILLONS-SOUS-BOIS (LES),AVENUE JEAN JAURES,188298,0,3,RD,117,2,2,0,0,0,1,4890580,250071,,1,7,0,0,1,0
1,6,1,1,6,93,FRANCE,ILE-DE-FRANCE,008,93008,BOBIGNY,AVENUE DU PRESIDENT SALVADOR ALLENDE,188312,0,3,RD,40,1,2,0,0,0,1,4890350,244563,,1,7,0,0,1,0
1,6,1,1,1,93,FRANCE,ILE-DE-FRANCE,078,93078,VILLEPINTE,BOULEVARD ROBERT BALLANGER ,188321,0,3,RD,115,2,2,0,0,0,1,4895250,253008,,1,7,0,0,1,0
1,6,3,1,3,93,FRANCE,ILE-DE-FRANCE,046,93046,LIVRY-GARGAN,BOULEVARD DE L'EUROPE,188346,0,2,RN,3,3,2,0,0,0,1,4892350,254588,,1,7,0,0,1,0
1,6,3,1,2,93,FRANCE,ILE-DE-FRANCE,047,93047,MONTFERMEIL,CHEMIN DE LA COTE DU CHANGE,188390,0,4,VC,0,1,1,1,0,0,1,4889680,257568,,1,7,0,0,1,0
1,7,2,1,3,93,FRANCE,ILE-DE-FRANCE,048,93048,MONTREUIL,RUE DU SERGENT GODEFROY,188396,0,4,VC,0,2,1,0,0,0,1,4885370,243312,,1,10,0,0,1,0
2,6,1,1,3,93,FRANCE,ILE-DE-FRANCE,007,93007,BLANC-MESNIL (LE),AVENUE ARISTIDE BRIAND,188406,0,3,RD,41,2,1,0,0,0,1,4894430,244728,,1,36,0,0,1,0
1,7,1,1,6,93,FRANCE,ILE-DE-FRANCE,029,93029,DRANCY,AVENUE HENRI BARBUSSE,188414,0,3,RD,115,2,2,0,0,0,1,4892180,245531,,1,7,0,0,1,0
1,6,1,1,3,93,FRANCE,ILE-DE-FRANCE,046,93046,LIVRY-GARGAN,AVENUE MAUROUARD,188443,5,4,VC,0,2,2,0,0,0,1,4893120,254540,,1,7,0,0,1,0
1,6,6,1,3,93,FRANCE,ILE-DE-FRANCE,050,93050,NEUILLY-SUR-MARNE,AVENUE ROBERT SCHUMANN,188485,0,4,VC,0,1,2,0,0,0,1,4887120,253396,,1,7,0,0,1,0
1,7,6,1,3,93,FRANCE,ILE-DE-FRANCE,029,93029,DRANCY,RUE JULES GUESDE ,188556,0,4,VC,0,1,1,0,0,0,1,4891920,246236,,1,10,0,0,1,0
2,6,2,1,3,93,FRANCE,ILE-DE-FRANCE,070,93070,SAINT-OUEN,RUE NEUVE PIERRE CURIE,188587,0,4,VC,0,1,1,0,0,0,1,4890120,233502,,1,7,0,0,1,0
1,7,2,1,3,93,FRANCE,ILE-DE-FRANCE,029,93029,DRANCY,RUE GASTON LANDRY,188600,0,4,VC,0,1,1,0,0,0,1,4892260,245260,,1,7,0,0,1,0
1,7,2,1,3,93,FRANCE,ILE-DE-FRANCE,048,93048,MONTREUIL,AVENUE DU PRESIDENT WILSON,188628,5,3,RD,20,4,4,0,0,0,1,4885740,244007,,1,7,0,0,1,0
5,7,1,4,3,93,FRANCE,ILE-DE-FRANCE,005,93005,AULNAY-SOUS-BOIS,BOULEVARD GEORGES BRAQUE,188653,0,3,RD,401,1,2,0,0,0,1,4895670,247934,,1,7,0,0,1,0
1,7,1,1,6,93,FRANCE,ILE-DE-FRANCE,001,93001,AUBERVILLIERS,AVENUE DE LA REPUBLIQUE,188693,6,3,RD,20,0,0,,,0,4,,,,1,,0,0,0,1
1,7,1,1,3,93,FRANCE,ILE-DE-FRANCE,005,93005,AULNAY-SOUS-BOIS,AVENUE ANATOLE FRANCE,188722,0,4,VC,0,2,2,,,0,1,,,,1,7,0,0,1,0
1,6,1,1,3,93,FRANCE,ILE-DE-FRANCE,071,93071,SEVRAN,PL GASTON BUSSIERE,188723,0,4,VC,0,1,1,,,0,1,,,,1,7,0,0,1,0
1,7,1,1,3,93,FRANCE,ILE-DE-FRANCE,005,93005,AULNAY-SOUS-BOIS,RUE DE SEVRAN,188740,6,3,RD,44,2,2,,,0,1,,,,1,32,0,0,0,1
1,7,2,1,3,93,FRANCE,ILE-DE-FRANCE,005,93005,AULNAY-SOUS-BOIS,RUE PAUL CEZANNE,188747,5,2,RN,2,2,0,17,320,0,1,,,,1,16,0,0,1,0
5,1,6,1,3,93,FRANCE,ILE-DE-FRANCE,071,93071,SEVRAN,AVENUE JOHN FITZGERALD KENNEDY,188760,0,2,RN,,2,0,,,0,1,,,,1,7,0,0,1,0
1,7,3,1,3,93,FRANCE,ILE-DE-FRANCE,005,93005,AULNAY-SOUS-BOIS,RUE JEAN CHARCOT,188762,0,3,RD,115,2,3,,,0,1,,,,1,7,0,0,1,0
1,7,2,1,3,93,FRANCE,ILE-DE-FRANCE,005,93005,AULNAY-SOUS-BOIS,RUE DU 11 NOVEMBRE,188786,0,4,VC,0,1,1,,,2,1,,,,1,7,0,0,1,0
5,7,1,1,1,93,FRANCE,ILE-DE-FRANCE,005,93005,AULNAY-SOUS-BOIS,RUE MAXIMILIEN ROBESPIERRE,188799,0,4,VC,0,0,1,,,0,1,,,,1,7,0,0,1,0
3,1,1,1,2,93,FRANCE,ILE-DE-FRANCE,005,93005,AULNAY-SOUS-BOIS,BOULEVARD GEORGES BRAQUE,188800,3,3,RD,401,1,3,,,0,1,,,,1,7,0,0,1,0
1,1,9,1,6,93,FRANCE,ILE-DE-FRANCE,007,93007,BLANC-MESNIL (LE),PARC URBAIN,188841,0,5,Hors_reseau,0,0,0,,,0,0,,,,1,,0,0,0,1
1,6,1,7,2,93,FRANCE,ILE-DE-FRANCE,008,93008,BOBIGNY,CHEMIN LATERAL,188866,6,9,Autre,0,2,2,,,1,5,,,,1,30,0,0,1,0
5,6,6,1,3,93,FRANCE,ILE-DE-FRANCE,008,93008,BOBIGNY,RUE DE STALINGRAD,188898,0,4,VC,0,1,0,,,0,0,,,,1,7,0,0,1,0
1,6,1,1,6,93,FRANCE,ILE-DE-FRANCE,014,93014,CLICHY-SOUS-BOIS,ALLEE MAURICE AUDIN,188936,0,4,VC,0,2,2,,,0,1,,,,1,7,0,0,1,0
1,6,1,1,3,93,FRANCE,ILE-DE-FRANCE,031,93031,EPINAY-SUR-SEINE,RUE DE MARSEILLE,189052,0,4,VC,0,2,2,,,0,1,,,,1,7,0,0,1,0
1,6,1,1,3,93,FRANCE,ILE-DE-FRANCE,032,93032,GAGNY,RUE DU 18 JUIN,189086,0,4,VC,0,1,1,,,0,1,,,,1,7,0,0,1,0
1,6,1,1,3,93,FRANCE,ILE-DE-FRANCE,006,93006,BAGNOLET,CROISAT AMBROISE,189106,0,4,VC,0,1,1,,,0,1,,,,1,7,0,0,1,0
1,6,1,1,6,93,FRANCE,ILE-DE-FRANCE,006,93006,BAGNOLET,RUE SADI CARNOT,189122,6,3,RD,118,1,1,,,0,4,,,,1,,0,0,0,1
1,6,2,2,3,93,FRANCE,ILE-DE-FRANCE,063,93063,ROMAINVILLE,RUE JEAN-JACQUES ROUSSEAU ,189141,0,4,VC,0,2,2,,,0,1,,,,1,7,0,0,1,0
1,6,4,1,3,93,FRANCE,ILE-DE-FRANCE,046,93046,LIVRY-GARGAN,BOULEVARD MAURICE BERTEAUX,189166,0,4,VC,0,1,1,,,0,1,,,,1,7,0,0,1,0
1,6,1,1,3,93,FRANCE,ILE-DE-FRANCE,046,93046,LIVRY-GARGAN,PL FRANCOIS MITTERRAND,189176,0,4,VC,0,2,2,,,0,4,,,,1,7,0,0,1,0
1,7,2,1,3,93,FRANCE,ILE-DE-FRANCE,048,93048,MONTREUIL,RUE DE LA SOLIDARITE,189208,0,3,RD,44,2,2,,,0,1,,,,1,7,0,0,1,0
1,7,2,1,3,93,FRANCE,ILE-DE-FRANCE,048,93048,MONTREUIL,AVENUE PASTEUR ,189224,0,3,RD,20,3,4,,,0,1,,,,1,7,0,0,1,0
1,7,1,1,3,93,FRANCE,ILE-DE-FRANCE,048,93048,MONTREUIL,BOULEVARD CHANZY,189225,0,3,RD,37,2,2,,,0,1,,,,1,32,0,0,1,0
1,7,1,1,1,93,FRANCE,ILE-DE-FRANCE,048,93048,MONTREUIL,AVENUE DE LA RESISTANCE,189253,6,3,RD,20,1,2,,,0,1,,,,1,30,0,0,1,0
2,7,2,8,3,93,FRANCE,ILE-DE-FRANCE,048,93048,MONTREUIL,RUE CARNOT,189258,5,4,VC,0,1,0,,,1,1,,,,1,7,0,0,1,0
1,7,2,2,1,93,FRANCE,ILE-DE-FRANCE,048,93048,MONTREUIL,BOULEVARD PAUL VAILLANT COUTURIER,189264,0,2,RN,302,2,2,,,3,1,,,,1,7,0,0,1,0
1,7,6,8,2,93,FRANCE,ILE-DE-FRANCE,048,93048,MONTREUIL,PL JACQUES DUCLOS,189268,5,2,RN,302,1,3,1,900,0,1,,,,1,7,0,0,1,0
1,6,1,1,3,93,FRANCE,ILE-DE-FRANCE,050,93050,NEUILLY-SUR-MARNE,AVENUE DE VERDUN,189288,0,4,VC,0,2,2,,,0,1,,,,1,7,0,0,1,0
1,5,2,1,6,93,FRANCE,ILE-DE-FRANCE,049,93049,NEUILLY-PLAISANCE,RUE MEDERIC,189289,0,4,VC,0,2,2,,,0,1,,,,1,,0,0,1,0
1,6,1,1,3,93,FRANCE,ILE-DE-FRANCE,050,93050,NEUILLY-SUR-MARNE,RUE LOUIS VANNINI,189290,0,3,RD,301,2,2,,,0,1,,,,1,7,0,0,1,0
5,6,1,3,2,93,FRANCE,ILE-DE-FRANCE,050,93050,NEUILLY-SUR-MARNE,RUE LOUIS VANNINI,189295,0,3,RD,301,2,1,,,0,1,,,,1,7,0,0,1,0
1,6,2,8,3,93,FRANCE,ILE-DE-FRANCE,050,93050,NEUILLY-SUR-MARNE,RUE PAUL ET CAMILLE THOMOUX ,189309,0,2,RN,,2,3,,,0,1,,,,1,7,0,0,1,0
1,7,3,7,3,93,FRANCE,ILE-DE-FRANCE,051,93051,NOISY-LE-GRAND,AVENUE DU PAVE NEUF,189318,0,3,RD,194,0,0,1,0,0,0,,,,1,7,0,0,1,0
1,7,1,1,2,93,FRANCE,ILE-DE-FRANCE,051,93051,NOISY-LE-GRAND,AVENUE VICTOR BASCH,189322,2,4,VC,0,2,4,1,0,0,1,,,,1,7,0,0,1,0
1,7,3,1,3,93,FRANCE,ILE-DE-FRANCE,051,93051,NOISY-LE-GRAND,AVENUE MICHEL GOUTIER,189326,0,4,VC,0,2,2,1,0,0,1,,,,1,7,0,0,1,0
1,7,4,1,3,93,FRANCE,ILE-DE-FRANCE,051,93051,NOISY-LE-GRAND,AVENUE AUGUSTE RODIN,189335,0,4,VC,0,2,2,1,0,0,4,,,,1,7,0,0,1,0
1,6,1,1,1,93,FRANCE,ILE-DE-FRANCE,053,93053,NOISY-LE-SEC,RUE JEAN JAURES,189355,0,3,RD,117,1,2,,,3,1,,,,1,7,0,0,1,0
5,6,1,2,6,93,FRANCE,ILE-DE-FRANCE,055,93055,PANTIN,AVENUE JEAN LOLIVE,189404,0,3,RD,0,2,0,,,0,1,,,,1,,,,,
1,5,3,1,3,93,FRANCE,ILE-DE-FRANCE,062,93062,RAINCY (LE),AVENUE THIERS,189429,0,3,RD,117,2,2,,,0,1,,,,1,7,0,0,1,0
1,6,3,1,2,93,FRANCE,ILE-DE-FRANCE,077,93077,VILLEMOMBLE,RUE LAENNEC,189446,0,4,VC,0,2,2,,,0,1,,,,1,7,0,0,1,0
1,6,1,1,5,93,FRANCE,ILE-DE-FRANCE,064,93064,ROSNY-SOUS-BOIS,BOULEVARD GABRIEL PERI,189455,5,2,RN,302,2,2,6,500,0,1,,,,1,7,0,0,1,0
5,6,1,1,2,93,FRANCE,ILE-DE-FRANCE,064,93064,ROSNY-SOUS-BOIS,AVENUE DU PRESIDENT JOHN KEN,189470,0,2,RN,302,2,2,,,0,1,,,,1,7,0,0,1,0
1,7,1,1,2,93,FRANCE,ILE-DE-FRANCE,066,93066,SAINT-DENIS,RUE FRANCIS DE PRESSENSE,189501,0,3,RD,30,3,2,,,0,1,,,,1,7,0,0,1,0
1,5,1,1,3,93,FRANCE,ILE-DE-FRANCE,039,93039,ILE-SAINT-DENIS (L'),QUAI DE SEINE,189523,2,3,RD,1,3,1,0,1,0,1,,,,1,33,0,0,0,1
5,7,3,1,3,93,FRANCE,ILE-DE-FRANCE,066,93066,SAINT-DENIS,AVENUE DE STALINGRAD,189531,0,3,RD,29,2,4,0,1,0,1,,,,1,30,0,0,1,0
1,7,2,1,3,93,FRANCE,ILE-DE-FRANCE,066,93066,SAINT-DENIS,RUE DE LA PROCESSION,189533,0,4,VC,0,2,2,0,1,0,1,,,,1,37,0,0,1,0
1,1,1,1,3,93,FRANCE,ILE-DE-FRANCE,039,93039,ILE-SAINT-DENIS (L'),QUAI CHATELIER,189539,0,3,RD,1,2,1,,,1,3,,,,1,7,0,0,1,0
1,7,1,1,6,93,FRANCE,ILE-DE-FRANCE,066,93066,SAINT-DENIS,BOULEVARD JULES GUESDE,189541,6,4,VC,0,0,0,,,3,4,,,,1,,0,0,0,1
1,7,2,1,3,93,FRANCE,ILE-DE-FRANCE,066,93066,SAINT-DENIS,RUE BONNEVIDE,189552,0,4,VC,0,2,2,0,,0,1,,,,1,7,0,0,1,0
1,6,3,1,2,93,FRANCE,ILE-DE-FRANCE,070,93070,SAINT-OUEN,QUAI DE SEINE,189567,0,3,RD,1,2,2,0,0,0,1,,,,1,7,0,0,1,0
5,7,3,2,3,94,FRANCE,ILE-DE-FRANCE,017,94017,CHAMPIGNY-SUR-MARNE,RD 0,189960,0,3,RD,0,1,1,1,0,0,1,,,,1,7,0,0,1,0
2,7,1,1,2,94,FRANCE,ILE-DE-FRANCE,028,94028,CRETEIL,RUE DE VALENTON,189977,0,2,RN,0,0,2,,,0,1,4878932,243892,,1,7,0,0,1,0
1,6,1,1,2,94,FRANCE,ILE-DE-FRANCE,058,94058,PERREUX-SUR-MARNE (LE),AVENUE DU GENERAL DE GAULLE,190019,0,4,VC,0,2,1,,,0,1,,,,1,7,0,0,1,0
5,7,2,1,3,94,FRANCE,ILE-DE-FRANCE,068,94068,SAINT-MAUR-DES-FOSSES,RUE DU PONT DE CRETEIL ,190021,0,2,RN,0,1,2,,,0,1,,,,1,7,0,0,1,0
1,7,2,1,3,94,FRANCE,ILE-DE-FRANCE,068,94068,SAINT-MAUR-DES-FOSSES,AVENUE DE MARINVILLE,190023,0,4,VC,0,1,1,,,0,1,,,,1,7,0,0,1,0
1,5,1,1,6,94,FRANCE,ILE-DE-FRANCE,011,94011,BONNEUIL-SUR-MARNE,AVENUE D'ORADOUR SUR GLANE,190077,0,6,Parking,0,0,2,,,0,1,4877077,246472,,1,,0,0,0,1
1,6,3,1,2,94,FRANCE,ILE-DE-FRANCE,043,94043,KREMLIN-BICETRE (LE),RN 0,190096,0,2,RN,0,3,6,1,0,0,0,,,,1,14,0,0,1,0
2,5,1,1,1,94,FRANCE,ILE-DE-FRANCE,003,94003,ARCUEIL,VC 0,190101,0,4,VC,0,2,2,1,0,0,0,,,,1,7,0,0,1,0
5,7,9,3,3,94,FRANCE,ILE-DE-FRANCE,081,94081,VITRY-SUR-SEINE,RUE CHARLES INFROIT ,190136,0,4,VC,0,1,1,,,0,1,,,,1,7,0,0,1,0
2,6,2,3,3,94,FRANCE,ILE-DE-FRANCE,002,94002,ALFORTVILLE,RUE VAILLANT COUTURIER ,190160,0,4,VC,0,2,1,,,0,1,,,,1,7,0,0,1,0
1,7,1,1,3,94,FRANCE,ILE-DE-FRANCE,046,94046,MAISONS-ALFORT,AVENUE DE LA REPUBLIQUE,190214,0,4,VC,0,2,2,,,0,1,,,,1,7,0,0,1,0
5,7,3,1,3,94,FRANCE,ILE-DE-FRANCE,046,94046,MAISONS-ALFORT,AVENUE DU GENERAL LECLERC,190215,0,2,RN,0,2,4,,,0,1,,,,1,7,0,0,1,0
1,6,1,1,2,94,FRANCE,ILE-DE-FRANCE,052,94052,NOGENT-SUR-MARNE,RUE DE COULMIERS,190228,0,4,VC,0,1,0,,,0,1,,,,1,7,0,0,1,0
1,5,1,1,6,94,FRANCE,ILE-DE-FRANCE,003,94003,ARCUEIL,AVENUE VLADIMIR ILLITCH LENINE,190273,0,4,VC,0,2,2,,,0,1,,,,1,7,0,0,1,0
1,7,1,1,1,94,FRANCE,ILE-DE-FRANCE,017,94017,CHAMPIGNY-SUR-MARNE,RUE DE VERDUN ,190288,0,4,VC,0,1,1,,,0,1,,,,1,7,0,0,1,0
1,6,1,1,6,94,FRANCE,ILE-DE-FRANCE,018,94018,CHARENTON-LE-PONT,QUAI DE BERCY,190291,0,3,RD,0,2,4,,,0,1,,,,1,7,0,0,1,0
1,6,1,1,3,94,FRANCE,ILE-DE-FRANCE,018,94018,CHARENTON-LE-PONT,QUAI DE BERCY,190292,0,3,RD,0,2,3,,,0,4,,,,1,7,0,0,1,0
1,7,1,1,3,94,FRANCE,ILE-DE-FRANCE,028,94028,CRETEIL,ROUTE DE CHOISY,190310,0,9,Autre,0,0,1,,,3,1,4877320,243516,,1,18,0,0,1,0
1,1,1,1,6,94,FRANCE,ILE-DE-FRANCE,073,94073,THIAIS,AVENUE RENE PANHARD,190329,0,4,VC,0,0,0,,,0,1,,,,1,,0,0,0,1
1,7,1,1,3,94,FRANCE,ILE-DE-FRANCE,046,94046,MAISONS-ALFORT,GENERAL LECLERC - CAR DE LA RESISTANCE,190337,0,2,RN,0,2,4,,,0,1,,,,1,2,0,0,0,1
1,6,1,1,6,94,FRANCE,ILE-DE-FRANCE,078,94078,VILLENEUVE-SAINT-GEORGES,RUE DE CROSNES,190351,0,3,RD,0,2,2,,,0,1,,,,1,7,0,0,1,0
5,6,1,1,3,94,FRANCE,ILE-DE-FRANCE,080,94080,VINCENNES,RUE DE STRASBOURG,190362,0,3,RD,0,1,1,,,0,1,,,,1,7,0,0,1,0
1,7,3,1,6,94,FRANCE,ILE-DE-FRANCE,081,94081,VITRY-SUR-SEINE,AVENUE HENRI BARBUSSE,190390,0,3,RD,0,2,3,,,0,1,,,,1,7,0,0,1,0
1,6,1,1,2,94,FRANCE,ILE-DE-FRANCE,002,94002,ALFORTVILLE,RUE DE PETROGRAD,190397,0,4,VC,0,1,1,,,0,1,,,,1,7,0,0,1,0
1,5,2,2,7,94,FRANCE,ILE-DE-FRANCE,059,94059,PLESSIS-TREVISE (LE),AVENUE MAURICE BERTEAUX,190412,0,4,VC,0,1,2,,,0,0,,,,1,7,0,0,1,0
1,7,1,1,6,94,FRANCE,ILE-DE-FRANCE,028,94028,CRETEIL,RUE DES FONTENELLES,190427,0,4,VC,0,2,2,,,0,1,,,,1,7,0,0,1,0
1,5,1,1,2,94,FRANCE,ILE-DE-FRANCE,011,94011,BONNEUIL-SUR-MARNE,AVENUE PASTEUR ,190435,0,4,VC,0,2,2,,,0,0,,,,1,7,0,0,1,0
1,5,1,1,7,94,FRANCE,ILE-DE-FRANCE,037,94037,GENTILLY,AVENUE RASPAIL,190448,0,4,VC,0,1,0,,,0,1,,,,1,,0,0,0,1
1,5,1,1,3,94,FRANCE,ILE-DE-FRANCE,003,94003,ARCUEIL,RUE BERTHOLLET,190452,0,4,VC,0,2,0,,,0,1,,,,1,7,0,0,1,0
1,7,1,1,6,94,FRANCE,ILE-DE-FRANCE,081,94081,VITRY-SUR-SEINE,AVENUE JEAN JAURES,190496,0,4,VC,0,2,1,,,0,0,,,,1,7,0,0,1,0
1,6,3,1,3,94,FRANCE,ILE-DE-FRANCE,002,94002,ALFORTVILLE,RUE ETIENNE DOLET ,190525,0,4,VC,0,2,2,,,0,1,,,,1,7,0,0,1,0
1,6,1,1,3,94,FRANCE,ILE-DE-FRANCE,071,94071,SUCY-EN-BRIE,RUE CHARLES DE GAULLE,190528,0,4,VC,0,2,2,,,0,1,,,,1,7,0,0,1,0
1,7,3,1,3,94,FRANCE,ILE-DE-FRANCE,017,94017,CHAMPIGNY-SUR-MARNE,AVENUE DU GENERAL DE GAULLE,190539,0,2,RN,0,3,3,1,0,0,1,,,,1,7,0,0,1,0
1,5,1,1,6,94,FRANCE,ILE-DE-FRANCE,011,94011,BONNEUIL-SUR-MARNE,QUAI DU RANCY,190552,0,4,VC,0,2,2,,,0,1,,,,1,7,0,0,1,0
1,7,1,1,6,94,FRANCE,ILE-DE-FRANCE,028,94028,CRETEIL,ROUTE DE CHOISY,190557,0,2,RN,0,0,2,,,1,1,,,,1,,0,0,0,1