lum,agg,int,atm,col,dep_bis,pays,region,com_bis,com_codeINSEE,communes,N_voie,numac,infra,catr,type_route,voie,circ,nbv,pr,pr1,vosp,situ,lat,long,adr,accident_velo,vehicule_imp,cycl_mort,cycl_bgv,cycl_blg,cycl_indm
1,6,1,1,6,94,FRANCE,ILE-DE-FRANCE,016,94016,CACHAN,ALLEE EUGENE BELGRAND,190574,0,4,VC,0,1,0,,,0,1,,,,1,,0,0,1,0
1,6,1,2,3,94,FRANCE,ILE-DE-FRANCE,016,94016,CACHAN,AVENUE DE LA DIVISION LECLERC,190583,0,4,VC,0,2,0,,,0,1,,,,1,18,0,0,1,0
1,7,1,1,3,94,FRANCE,ILE-DE-FRANCE,068,94068,SAINT-MAUR-DES-FOSSES,BOULEVARD DES MURIERS,190624,0,4,VC,0,1,1,,,0,1,,,,1,7,0,0,1,0
1,6,2,1,3,94,FRANCE,ILE-DE-FRANCE,080,94080,VINCENNES,AVENUE DE LA REPUBLIQUE,190638,0,3,RD,0,2,3,,,0,1,,,,1,7,0,0,1,0
2,7,1,1,3,94,FRANCE,ILE-DE-FRANCE,028,94028,CRETEIL,BOULVARD DU MONTAIGUT,190707,0,4,VC,0,2,2,,,0,1,,,,1,7,0,0,1,0
1,5,1,1,6,94,FRANCE,ILE-DE-FRANCE,021,94021,CHEVILLY-LARUE,AVENUE JACQUES BREL,190732,0,4,VC,0,2,2,,,0,1,,,,1,,0,0,1,0
2,7,2,1,5,94,FRANCE,ILE-DE-FRANCE,068,94068,SAINT-MAUR-DES-FOSSES,AVENUE DE L'ALMA,190749,0,3,RD,0,2,2,,,0,1,,,,1,7,0,0,1,0
1,1,1,1,7,94,FRANCE,ILE-DE-FRANCE,068,94068,SAINT-MAUR-DES-FOSSES,QUAI BEAUBOURG ,190751,0,4,VC,0,2,2,,,0,1,,,,1,7,0,0,1,0
1,5,1,1,6,94,FRANCE,ILE-DE-FRANCE,015,94015,BRY-SUR-MARNE,GRANDE RUE CHARLES DE GAULLE  ,190778,0,3,RD,0,1,0,,,0,1,,,,1,,0,0,1,0
1,6,1,1,6,94,FRANCE,ILE-DE-FRANCE,058,94058,PERREUX-SUR-MARNE (LE),QUAI D'ARTOIS,190780,0,4,VC,0,1,1,,,1,5,,,,1,,0,0,1,1
1,6,1,1,3,94,FRANCE,ILE-DE-FRANCE,016,94016,CACHAN,AVENUE ARISTIDE BRIAND,190822,0,2,RN,0,2,0,,,0,1,,,,1,32,0,0,1,0
1,7,1,1,3,94,FRANCE,ILE-DE-FRANCE,046,94046,MAISONS-ALFORT,AVENUE DE LA REPUBLIQUE,190839,0,3,RD,0,1,3,,,0,1,,,,1,7,0,0,1,0
1,6,1,1,3,94,FRANCE,ILE-DE-FRANCE,058,94058,PERREUX-SUR-MARNE (LE),AVENUE DE BRY,190842,0,3,RD,0,2,0,,,0,1,,,,1,7,0,0,1,0
1,6,1,1,2,94,FRANCE,ILE-DE-FRANCE,071,94071,SUCY-EN-BRIE,RUE DE LA FOSSE ROUGE,190884,0,4,VC,0,2,2,,,0,1,,,,1,2,0,0,1,0
1,7,2,1,3,94,FRANCE,ILE-DE-FRANCE,017,94017,CHAMPIGNY-SUR-MARNE,AVENUE MAURICE THOREZ,190889,5,3,RD,0,2,2,1,0,0,1,,,,1,7,0,0,1,0
1,6,1,1,6,94,FRANCE,ILE-DE-FRANCE,054,94054,ORLY,RUE BUFFON,190905,0,4,VC,0,2,2,1,0,0,1,,,,1,7,0,0,1,0
1,7,1,1,1,94,FRANCE,ILE-DE-FRANCE,028,94028,CRETEIL,RUE JULIETTE SAVAR,190920,0,4,VC,0,2,2,,,0,1,,,,1,7,0,0,1,0
1,5,1,1,2,94,FRANCE,ILE-DE-FRANCE,021,94021,CHEVILLY-LARUE,BOULEVARD CIRCULAIRE,190935,0,3,RD,0,1,3,,,0,1,,,,1,17,0,0,1,0
1,6,1,1,3,94,FRANCE,ILE-DE-FRANCE,052,94052,NOGENT-SUR-MARNE,RUE CHARLES DE GAULLE GRAND,190951,0,4,VC,0,1,1,,,0,1,,,,1,7,0,0,1,0
1,5,1,1,3,94,FRANCE,ILE-DE-FRANCE,077,94077,VILLENEUVE-LE-ROI,RUE GEORGES HERVIER,190957,0,4,VC,0,1,2,,,0,1,,,,1,7,0,0,1,0
1,7,1,1,3,94,FRANCE,ILE-DE-FRANCE,017,94017,CHAMPIGNY-SUR-MARNE,RUE ALEXANDRE FOURNY,191012,0,4,VC,0,2,0,,,0,1,,,,1,7,0,0,1,0
1,5,1,1,6,94,FRANCE,ILE-DE-FRANCE,019,94019,CHENNEVIERES-SUR-MARNE,RUE ARISTIDE BRIAND,191019,0,3,RD,0,2,2,,,0,1,,,,1,7,0,0,1,0
1,5,3,1,3,94,FRANCE,ILE-DE-FRANCE,055,94055,ORMESSON-SUR-MARNE,RUE ALBERT KIENERT,191022,0,4,VC,0,2,2,,,0,1,,,,1,7,0,0,1,0
2,7,2,1,3,94,FRANCE,ILE-DE-FRANCE,028,94028,CRETEIL,RUE DU LAC,191030,0,3,RD,0,2,2,,,0,0,,,,1,7,0,0,1,0
1,7,1,1,6,94,FRANCE,ILE-DE-FRANCE,028,94028,CRETEIL,AVENUE DU GENERAL DE GAULLE,191032,0,4,VC,0,3,4,,,0,1,,,,1,7,0,0,1,0
1,5,1,1,3,94,FRANCE,ILE-DE-FRANCE,011,94011,BONNEUIL-SUR-MARNE,RUE DU RHIN ET DANUBE,191037,0,3,RD,0,3,2,,,0,1,,,,1,33,0,0,1,0
1,7,2,1,3,94,FRANCE,ILE-DE-FRANCE,028,94028,CRETEIL,RUE DE PARIS,191038,0,2,RN,0,3,4,,,0,1,,,,1,7,0,0,1,0
1,7,1,1,6,94,FRANCE,ILE-DE-FRANCE,028,94028,CRETEIL,RUE RENE ARCOS,191039,0,2,RN,0,0,2,,,0,1,,,,1,,,,,
1,7,2,1,3,94,FRANCE,ILE-DE-FRANCE,028,94028,CRETEIL,RUE DU BARRAGE,191045,0,2,RN,0,2,2,,,0,1,,,,1,7,0,0,1,0
1,7,2,1,3,94,FRANCE,ILE-DE-FRANCE,028,94028,CRETEIL,CHEMIN DE LA POMPADOUR,191054,0,4,VC,0,2,4,,,0,0,,,,1,7,0,0,1,0
1,5,1,1,3,94,FRANCE,ILE-DE-FRANCE,021,94021,CHEVILLY-LARUE,AVENUE DU GENERAL DE GAULLE,191073,0,4,VC,0,2,2,,,0,1,,,,1,7,0,0,1,0
1,6,1,2,3,94,FRANCE,ILE-DE-FRANCE,034,94034,FRESNES,BOULEVARD PASTEUR,191086,0,4,VC,0,2,0,,,0,1,,,,1,7,0,0,1,0
1,7,1,1,3,94,FRANCE,ILE-DE-FRANCE,041,94041,IVRY-SUR-SEINE,RUE BAUDIN,191091,0,4,VC,0,0,2,,,0,1,,,,1,5,0,0,1,0
1,7,1,1,3,94,FRANCE,ILE-DE-FRANCE,041,94041,IVRY-SUR-SEINE,AVENUE DE VERDUN,191096,0,2,RN,0,0,4,,,0,4,,,,1,7,0,0,1,0
1,7,1,2,6,94,FRANCE,ILE-DE-FRANCE,046,94046,MAISONS-ALFORT,RUE PIERRE CURIE,191104,0,4,VC,0,2,1,,,0,1,,,,1,7,0,0,1,0
5,5,1,1,2,94,FRANCE,ILE-DE-FRANCE,015,94015,BRY-SUR-MARNE,RUE DU FOUR,191112,0,4,VC,0,2,0,,,0,1,,,,1,7,0,0,1,0
2,6,2,8,3,94,FRANCE,ILE-DE-FRANCE,080,94080,VINCENNES,RUE DE FRANCE,191138,0,3,RD,0,1,0,,,0,1,,,,1,7,0,0,1,0
1,7,1,1,3,94,FRANCE,ILE-DE-FRANCE,028,94028,CRETEIL,AVENUE DE LA BRECHE,191217,0,3,RD,0,2,2,,,0,1,,,,1,7,0,0,1,0
3,5,1,1,6,94,FRANCE,ILE-DE-FRANCE,011,94011,BONNEUIL-SUR-MARNE,AVENUE DU BICENTENAIRE,191219,0,9,Autre,0,1,1,,,0,1,,,,1,,0,0,0,1
1,7,1,1,6,94,FRANCE,ILE-DE-FRANCE,028,94028,CRETEIL,CHEMIN DES BOEUFS,191229,0,4,VC,0,0,2,,,0,1,,,,1,7,0,0,1,0
1,5,9,1,2,94,FRANCE,ILE-DE-FRANCE,021,94021,CHEVILLY-LARUE,RUE ARMAND PETITJEAN,191259,0,2,RN,0,0,4,,,0,1,,,,1,13,0,0,1,0
1,7,1,1,1,94,FRANCE,ILE-DE-FRANCE,041,94041,IVRY-SUR-SEINE,RUE PIERRE RIGAUD,191265,0,4,VC,0,1,1,,,0,1,,,,1,7,0,0,1,0
1,7,1,1,3,94,FRANCE,ILE-DE-FRANCE,046,94046,MAISONS-ALFORT,AVENUE DU GENERAL LECLERC,191272,0,2,RN,0,0,0,,,0,4,,,,1,7,0,0,1,0
5,6,1,2,3,94,FRANCE,ILE-DE-FRANCE,058,94058,PERREUX-SUR-MARNE (LE),AVENUE DE BRY,191280,0,3,RD,0,2,2,,,0,1,,,,1,7,0,0,1,0
3,6,1,1,3,94,FRANCE,ILE-DE-FRANCE,058,94058,PERREUX-SUR-MARNE (LE),RUE CHARLES DE GAULLE GRAND,191281,0,4,VC,0,1,1,,,0,1,,,,1,7,0,0,1,0
1,5,2,2,6,94,FRANCE,ILE-DE-FRANCE,074,94074,VALENTON,RUE LE CHEMIN DES BOEUFS,191296,0,4,VC,0,0,2,,,0,1,,,,1,7,0,0,1,0
1,5,2,1,3,94,FRANCE,ILE-DE-FRANCE,067,94067,SAINT-MANDE,AVENUE DU GENERAL DE GAULLE,191308,0,3,RD,0,2,2,,,0,1,,,,1,7,0,0,1,0
5,7,2,1,3,94,FRANCE,ILE-DE-FRANCE,081,94081,VITRY-SUR-SEINE,AVENUE ROUGET DE L ISLE,191310,0,2,RN,0,3,2,,,0,1,,,,1,30,0,0,1,0
1,7,1,1,6,94,FRANCE,ILE-DE-FRANCE,081,94081,VITRY-SUR-SEINE,AVENUE MAXIMILIEN ROBESPIERRE,191315,0,2,RN,0,2,20,,,3,1,,,,1,37,0,0,1,0
1,5,1,1,7,94,FRANCE,ILE-DE-FRANCE,059,94059,PLESSIS-TREVISE (LE),AVENUE ARDOUIN ,191359,0,4,VC,0,0,0,,,0,4,,,,1,,,,,
1,1,1,1,1,94,FRANCE,ILE-DE-FRANCE,076,94076,VILLEJUIF,BOULEVARD CHASTENET DE GERY,191392,0,2,RN,0,2,0,,,0,1,,,,1,7,0,0,1,0
1,6,1,1,3,94,FRANCE,ILE-DE-FRANCE,034,94034,FRESNES,RUE MAURICE TENINE,191419,0,4,VC,0,2,2,,,0,1,,,,1,7,0,0,1,0
1,6,2,1,3,94,FRANCE,ILE-DE-FRANCE,073,94073,THIAIS,AVENUE DE LA REPUBLIQUE,191420,0,4,VC,0,2,0,,,0,1,,,,1,7,0,0,1,0
1,7,3,1,3,94,FRANCE,ILE-DE-FRANCE,046,94046,MAISONS-ALFORT,RUE MAURICE LISSAC,191425,0,4,VC,0,2,2,,,0,1,,,,1,7,0,0,1,0
1,5,1,1,3,94,FRANCE,ILE-DE-FRANCE,015,94015,BRY-SUR-MARNE,QUAI VICTOR BERRIERE,191429,0,4,VC,0,1,1,,,0,1,,,,1,7,0,0,1,0
5,7,1,1,5,94,FRANCE,ILE-DE-FRANCE,068,94068,SAINT-MAUR-DES-FOSSES,AVENUE GAMBETTA,191436,0,3,RD,0,2,2,,,0,1,,,,1,7,0,0,1,0
5,7,1,1,1,94,FRANCE,ILE-DE-FRANCE,068,94068,SAINT-MAUR-DES-FOSSES,AVENUE GAMBETTA,191438,0,4,VC,0,2,2,,,0,1,,,,1,7,0,0,1,0
3,5,1,1,1,94,FRANCE,ILE-DE-FRANCE,074,94074,VALENTON,RUE DE LA SABLONNIERE,191447,0,4,VC,0,2,2,,,0,1,,,,1,7,0,0,1,0
1,5,2,9,1,94,FRANCE,ILE-DE-FRANCE,067,94067,SAINT-MANDE,AVENUE DU GENERAL DE GAULLE,191453,0,3,RD,0,2,2,,,0,1,,,,1,7,0,0,1,0
1,7,1,1,3,94,FRANCE,ILE-DE-FRANCE,017,94017,CHAMPIGNY-SUR-MARNE,AVENUE ROGER SALENGRO,191501,0,2,RN,0,0,1,,,0,4,,,,1,7,0,0,1,0
1,6,1,1,7,94,FRANCE,ILE-DE-FRANCE,076,94076,VILLEJUIF,RUE DU BEL AIR,191539,0,4,VC,0,0,0,,,0,1,,,,1,,0,0,0,1
1,5,1,2,2,94,FRANCE,ILE-DE-FRANCE,075,94075,VILLECRESNES,RUE DE MANDRES,191622,0,4,VC,0,2,2,,,0,1,,,,1,7,0,0,1,0
1,7,1,1,3,94,FRANCE,ILE-DE-FRANCE,017,94017,CHAMPIGNY-SUR-MARNE,AVENUE BOILEAU,191628,0,3,RD,0,2,2,1,0,0,1,,,,1,7,0,0,1,0
1,5,2,1,3,94,FRANCE,ILE-DE-FRANCE,069,94069,SAINT-MAURICE,RUE DU VAL D OSNE,191635,0,4,VC,0,1,1,,,0,1,,,,1,7,0,0,1,0
1,5,1,1,2,94,FRANCE,ILE-DE-FRANCE,042,94042,JOINVILLE-LE-PONT,AVENUE PIERRE MENDES FRANCE,191700,0,4,VC,0,2,0,,,0,1,,,,1,7,0,0,1,0
1,6,3,1,2,94,FRANCE,ILE-DE-FRANCE,080,94080,VINCENNES,AVENUE DE PARIS,191728,0,2,RN,0,2,4,,,0,1,,,,1,7,0,0,1,0
1,7,1,1,3,94,FRANCE,ILE-DE-FRANCE,017,94017,CHAMPIGNY-SUR-MARNE,RUE PIERRE MARIE DERRIEN,191774,0,3,RD,0,1,1,,,0,1,,,,1,7,0,0,1,0
1,6,2,1,3,94,FRANCE,ILE-DE-FRANCE,018,94018,CHARENTON-LE-PONT,AVENUE DU MARECHAL DE LATTRE DE TASSIGNY,191778,0,3,RD,0,1,4,0,499,0,1,,,,1,7,0,0,1,0
2,5,3,1,3,94,FRANCE,ILE-DE-FRANCE,055,94055,ORMESSON-SUR-MARNE,AVENUE WLADIMIR D ORMESSON,191781,0,3,RD,0,2,2,,,0,1,,,,1,7,0,0,1,0
5,6,1,1,7,94,FRANCE,ILE-DE-FRANCE,079,94079,VILLIERS-SUR-MARNE,RUE DE COEUILLY,191782,0,4,VC,0,2,2,,,0,1,,,,1,,,,,
1,5,2,2,3,94,FRANCE,ILE-DE-FRANCE,065,94065,RUNGIS,AVENUE DE FLANDRE,191829,0,4,VC,0,0,0,,,0,1,,,,1,7,0,0,1,0
5,7,2,1,3,94,FRANCE,ILE-DE-FRANCE,046,94046,MAISONS-ALFORT,RUE JEAN JAURES,191842,0,2,RN,0,2,4,,,0,1,,,,1,7,0,0,1,0
5,7,2,1,6,94,FRANCE,ILE-DE-FRANCE,068,94068,SAINT-MAUR-DES-FOSSES,BOULEVARD RABELAIS,191854,0,3,RD,0,2,2,,,0,1,,,,1,,0,0,1,0
1,7,1,1,6,94,FRANCE,ILE-DE-FRANCE,017,94017,CHAMPIGNY-SUR-MARNE,AVENUE ROGER SALENGRO,191912,0,2,RN,0,2,2,1,0,0,1,,,,1,10,0,0,1,0
1,7,1,1,3,94,FRANCE,ILE-DE-FRANCE,017,94017,CHAMPIGNY-SUR-MARNE,RUE DUPERTUIS,191913,0,9,Autre,0,1,2,,,0,4,,,,1,7,0,0,1,0
1,7,1,1,1,94,FRANCE,ILE-DE-FRANCE,017,94017,CHAMPIGNY-SUR-MARNE,AVENUE BOILEAU,191919,0,4,VC,0,2,2,1,0,0,1,,,,1,7,0,0,1,0
1,6,4,1,3,94,FRANCE,ILE-DE-FRANCE,018,94018,CHARENTON-LE-PONT,AVENUE DU PRESIDENT JOHN KENNEDY,191923,0,3,RD,0,1,1,0,499,0,1,,,,1,7,0,0,1,0
1,7,1,1,3,94,FRANCE,ILE-DE-FRANCE,028,94028,CRETEIL,RUE DU GENERAL LECLERC,191939,0,2,RN,0,0,2,,,1,1,,,,1,7,0,0,1,0
1,7,1,1,6,94,FRANCE,ILE-DE-FRANCE,028,94028,CRETEIL,CARREFOUR POMPADOUR,191949,0,4,VC,0,0,3,,,0,1,,,,1,7,0,0,1,0
1,7,1,1,3,94,FRANCE,ILE-DE-FRANCE,046,94046,MAISONS-ALFORT,AVENUE DE LA REPUBLIQUE,191979,0,3,RD,0,2,2,,,0,1,,,,1,7,0,0,1,0
1,6,1,1,3,94,FRANCE,ILE-DE-FRANCE,058,94058,PERREUX-SUR-MARNE (LE),GEORGES CLEMENCEAU PL DU GENERAL LECLE,191983,0,3,RD,0,1,4,,,0,1,,,,1,14,0,0,1,0
1,7,1,1,6,94,FRANCE,ILE-DE-FRANCE,068,94068,SAINT-MAUR-DES-FOSSES,BOULEVARD DE CRETEIL,191995,0,4,VC,0,2,2,,,0,1,,,,1,7,0,0,1,0
1,5,1,1,6,94,FRANCE,ILE-DE-FRANCE,077,94077,VILLENEUVE-LE-ROI,VOI NON DENOMMEE,192001,0,4,VC,0,1,2,,,0,1,,,,1,7,0,0,1,0
1,6,3,1,7,94,FRANCE,ILE-DE-FRANCE,002,94002,ALFORTVILLE,RUE VERON,192045,0,4,VC,0,1,1,,,0,1,,,,1,7,0,0,1,0
1,6,6,1,3,94,FRANCE,ILE-DE-FRANCE,071,94071,SUCY-EN-BRIE,RUE DE BREVANNES,192052,0,4,VC,0,1,1,,,0,1,,,,1,10,0,0,1,0
1,5,3,1,3,94,FRANCE,ILE-DE-FRANCE,048,94048,MAROLLES-EN-BRIE,AVENUE DES BUISSONS,192057,0,3,RD,0,2,2,,,0,1,,,,1,7,0,0,1,0
1,1,1,1,1,94,FRANCE,ILE-DE-FRANCE,011,94011,BONNEUIL-SUR-MARNE,RUE DU RHIN ET DANUBE,192098,0,3,RD,0,2,2,,,0,1,,,,1,7,0,0,1,0
1,7,1,1,6,94,FRANCE,ILE-DE-FRANCE,068,94068,SAINT-MAUR-DES-FOSSES,BOULEVARD DE CHAMPIGNY,192158,0,4,VC,0,2,2,,,0,1,,,,1,7,0,0,1,0
1,7,1,1,3,94,FRANCE,ILE-DE-FRANCE,068,94068,SAINT-MAUR-DES-FOSSES,AVENUE VICTOR HUGO,192160,0,4,VC,0,1,1,,,0,1,,,,1,7,0,0,1,0
2,5,9,2,3,94,FRANCE,ILE-DE-FRANCE,074,94074,VALENTON,RUE COLONEL FABIEN,192163,0,3,RD,0,2,2,,,0,1,,,,1,7,0,0,1,0
1,6,3,1,2,94,FRANCE,ILE-DE-FRANCE,080,94080,VINCENNES,AVENUE DE PARIS,192183,0,2,RN,0,2,4,,,0,1,,,,1,7,0,0,1,0
1,6,2,1,3,94,FRANCE,ILE-DE-FRANCE,018,94018,CHARENTON-LE-PONT,RUE CAMILLE MOUQUET,192228,5,4,VC,0,1,1,0,499,0,1,,,,1,7,0,0,1,0
1,6,1,1,2,94,FRANCE,ILE-DE-FRANCE,038,94038,HAY-LES-ROSES (L'),RUE DES ECOLES,192279,0,4,VC,0,1,1,,,0,1,,,,1,7,0,0,1,0
1,6,9,2,2,94,FRANCE,ILE-DE-FRANCE,034,94034,FRESNES,RUE DU RESERVOIR,192281,0,4,VC,0,0,1,,,0,1,,,,1,7,0,0,1,0
1,7,1,2,7,94,FRANCE,ILE-DE-FRANCE,041,94041,IVRY-SUR-SEINE,RUE JEAN PERRIN,192292,0,4,VC,0,1,1,,,0,1,,,,1,7,0,0,1,0
1,7,1,1,4,94,FRANCE,ILE-DE-FRANCE,046,94046,MAISONS-ALFORT,AVENUE DU GENERAL LECLERC,192300,0,2,RN,0,3,0,,,0,1,,,,1,7,0,0,1,0
1,7,3,1,3,94,FRANCE,ILE-DE-FRANCE,046,94046,MAISONS-ALFORT,RUE JOUET,192303,0,4,VC,0,1,1,,,0,1,,,,1,7,0,0,1,0
1,5,2,1,6,94,FRANCE,ILE-DE-FRANCE,067,94067,SAINT-MANDE,AVENUE DU GENERAL DE GAULLE,192325,0,3,RD,0,2,2,,,0,1,,,,1,,0,0,0,1
1,6,3,2,6,94,FRANCE,ILE-DE-FRANCE,080,94080,VINCENNES,AVENUE DE PARIS,192326,0,2,RN,0,2,4,,,0,1,,,,1,7,0,0,1,1
1,6,2,8,3,94,FRANCE,ILE-DE-FRANCE,080,94080,VINCENNES,AVENUE DU CHATEAU,192327,0,4,VC,0,2,2,,,0,1,,,,1,7,0,0,1,0
1,7,2,1,6,94,FRANCE,ILE-DE-FRANCE,081,94081,VITRY-SUR-SEINE,RUE MARIO CAPRA,192331,0,9,Autre,0,3,1,,,0,1,,,,1,7,0,0,1,0
1,6,1,1,6,94,FRANCE,ILE-DE-FRANCE,002,94002,ALFORTVILLE,RUE ETIENNE DOLET ,192376,0,4,VC,0,2,2,,,0,1,,,,1,7,0,0,1,0
1,6,1,1,3,94,FRANCE,ILE-DE-FRANCE,002,94002,ALFORTVILLE,RUE DE CHARENTON,192377,0,4,VC,0,1,1,,,0,1,,,,1,7,0,0,1,0
1,6,1,1,3,94,FRANCE,ILE-DE-FRANCE,002,94002,ALFORTVILLE,QUAI JEAN BAPTISTE CLEMENT,192378,0,3,RD,0,3,3,,,1,4,,,,1,7,0,0,1,0
1,7,1,1,6,94,FRANCE,ILE-DE-FRANCE,028,94028,CRETEIL,RUE DU PETIT BOIS,192414,0,3,RD,0,2,2,,,0,1,,,,1,7,0,0,1,0
1,1,2,1,7,94,FRANCE,ILE-DE-FRANCE,076,94076,VILLEJUIF,AVENUE KARL MARX,192431,0,4,VC,0,2,0,,,0,1,,,,1,,,,,
1,5,1,1,6,94,FRANCE,ILE-DE-FRANCE,021,94021,CHEVILLY-LARUE,RUE DU GENERAL LECLERC,192437,0,4,VC,0,2,0,,,0,1,,,,1,7,0,0,1,0
1,7,1,1,6,94,FRANCE,ILE-DE-FRANCE,081,94081,VITRY-SUR-SEINE,BOULEVARD DE STALINGRAD ,192470,0,2,RN,0,2,6,,,0,1,,,,1,7,0,0,1,0
1,6,2,2,3,94,FRANCE,ILE-DE-FRANCE,002,94002,ALFORTVILLE,RUE VERON,192493,0,2,RN,0,1,1,,,0,1,,,,1,7,0,0,1,0
5,7,1,1,3,94,FRANCE,ILE-DE-FRANCE,028,94028,CRETEIL,PLACE DES ALYSES,192513,0,4,VC,0,0,2,,,0,1,,,,1,7,0,0,1,0
1,5,1,1,7,94,FRANCE,ILE-DE-FRANCE,003,94003,ARCUEIL,RUE EMILE RASPAIL,192517,0,4,VC,0,2,0,,,0,1,,,,1,,0,0,1,0
1,5,3,1,3,94,FRANCE,ILE-DE-FRANCE,003,94003,ARCUEIL,AVENUE LAPLACE,192521,0,4,VC,0,2,0,,,0,1,,,,1,7,0,0,1,0
5,7,1,2,7,94,FRANCE,ILE-DE-FRANCE,041,94041,IVRY-SUR-SEINE,QUAI MARCEL BOYER,192536,0,2,RN,0,2,4,,,0,1,,,,1,,0,0,1,0
1,6,9,1,6,94,FRANCE,ILE-DE-FRANCE,078,94078,VILLENEUVE-SAINT-GEORGES,AVENUE DE CHOISY,192549,0,3,RD,0,2,2,15,154,0,1,,,,1,7,0,0,1,0
1,6,2,1,7,94,FRANCE,ILE-DE-FRANCE,078,94078,VILLENEUVE-SAINT-GEORGES,RUE DE PARIS,192553,0,2,RN,0,0,4,17,610,0,1,,,,1,32,0,0,1,0
1,5,1,7,6,94,FRANCE,ILE-DE-FRANCE,067,94067,SAINT-MANDE,AVENUE DU GENERAL DE GAULLE,192555,0,3,RD,0,2,2,,,0,1,,,,1,7,0,0,1,0
1,6,2,1,3,94,FRANCE,ILE-DE-FRANCE,080,94080,VINCENNES,RUE DE FRANCE,192559,0,4,VC,0,1,1,,,0,1,,,,1,10,0,0,1,0
1,6,1,1,3,94,FRANCE,ILE-DE-FRANCE,080,94080,VINCENNES,RUE DE FONTENAY,192560,0,3,RD,0,2,2,,,0,4,,,,1,7,0,0,1,0
1,7,3,1,1,94,FRANCE,ILE-DE-FRANCE,017,94017,CHAMPIGNY-SUR-MARNE,RUE JEAN JAURES,192597,0,2,RN,0,2,2,1,0,0,1,,,,1,10,0,0,1,0
1,5,1,1,2,94,FRANCE,ILE-DE-FRANCE,069,94069,SAINT-MAURICE,AVENUE SAINT MAURICE DU VALAIS,192600,0,4,VC,0,2,1,0,499,0,1,,,,1,7,0,0,1,0
1,6,3,1,6,94,FRANCE,ILE-DE-FRANCE,022,94022,CHOISY-LE-ROI,AVENUE DE LA FOLIE,192610,0,4,VC,0,2,2,0,1,0,1,,,,1,7,0,0,1,0
1,7,1,1,3,94,FRANCE,ILE-DE-FRANCE,028,94028,CRETEIL,RUE DU GENERAL LECLERC,192620,0,4,VC,0,0,2,,,0,1,,,,1,7,0,0,1,0
1,7,2,1,3,94,FRANCE,ILE-DE-FRANCE,033,94033,FONTENAY-SOUS-BOIS,RUE ROGER SALENGRO,192628,0,4,VC,0,2,2,1,0,0,1,,,,1,7,0,0,1,0
5,7,1,1,3,94,FRANCE,ILE-DE-FRANCE,041,94041,IVRY-SUR-SEINE,BOULEVARD DU COLONEL FABIEN,192661,0,3,RD,0,2,2,,,0,1,,,,1,37,0,0,1,0
1,5,1,1,3,94,FRANCE,ILE-DE-FRANCE,042,94042,JOINVILLE-LE-PONT,BOULEVARD DU MARECHAL LECLERC,192674,0,3,RD,0,3,2,,,0,1,,,,1,10,0,0,1,0
1,7,1,1,2,94,FRANCE,ILE-DE-FRANCE,068,94068,SAINT-MAUR-DES-FOSSES,BOULEVARD DE BELLECHASSE,192727,0,4,VC,0,2,2,,,0,0,,,,1,7,0,0,1,0
1,7,1,1,6,94,FRANCE,ILE-DE-FRANCE,068,94068,SAINT-MAUR-DES-FOSSES,BOULEVARD DE CHAMPIGNY,192729,0,3,RD,0,2,1,,,0,1,,,,1,7,0,0,1,0
1,6,3,1,2,94,FRANCE,ILE-DE-FRANCE,054,94054,ORLY,AVENUE DES MARTYRS DE CHATEAUBRIANT,192773,0,3,RD,0,2,2,0,100,0,0,,,,1,7,0,0,1,0
1,7,1,1,6,94,FRANCE,ILE-DE-FRANCE,028,94028,CRETEIL,RUE ANDRE BOULLE,192780,0,4,VC,0,0,4,,,0,1,,,,1,,0,0,1,0
1,7,1,1,6,94,FRANCE,ILE-DE-FRANCE,028,94028,CRETEIL,RUE NICOLAS POUSSIN,192781,0,4,VC,0,2,2,,,0,1,,,,1,7,0,0,1,0
1,7,1,1,6,94,FRANCE,ILE-DE-FRANCE,028,94028,CRETEIL,CARREFOUR POMPADOUR,192790,0,3,RD,0,2,2,,,0,1,,,,1,7,0,0,1,0
5,7,1,1,6,94,FRANCE,ILE-DE-FRANCE,028,94028,CRETEIL,ROUTE DE CHOISY,192792,0,4,VC,0,2,2,,,0,1,,,,1,7,0,0,1,0
1,5,1,1,1,94,FRANCE,ILE-DE-FRANCE,011,94011,BONNEUIL-SUR-MARNE,RUE D'ESTIENNE D'ORVES,192794,0,4,VC,0,1,1,,,0,1,,,,1,7,0,0,1,0
2,7,1,1,3,94,FRANCE,ILE-DE-FRANCE,033,94033,FONTENAY-SOUS-BOIS,AVENUE DE LA REPUBLIQUE,192807,0,3,RD,0,2,2,1,0,0,1,,,,1,7,0,0,1,0
2,5,1,1,6,94,FRANCE,ILE-DE-FRANCE,037,94037,GENTILLY,RUE EMILE BOUGARD,192811,0,4,VC,0,2,1,,,0,1,,,,1,,0,0,1,0
1,6,1,1,7,94,FRANCE,ILE-DE-FRANCE,038,94038,HAY-LES-ROSES (L'),RUE GABRIEL PERI,192827,0,4,VC,0,2,0,,,0,1,,,,1,,0,0,1,0
1,7,1,1,6,94,FRANCE,ILE-DE-FRANCE,068,94068,SAINT-MAUR-DES-FOSSES,RUE DU PONT DE CRETEIL ,192858,0,2,RN,0,3,2,,,0,1,,,,1,,0,0,0,1
1,7,1,1,6,94,FRANCE,ILE-DE-FRANCE,068,94068,SAINT-MAUR-DES-FOSSES,AVENUE DU BAC,192859,0,4,VC,0,2,2,,,0,1,,,,1,7,0,0,1,0
1,7,3,1,3,94,FRANCE,ILE-DE-FRANCE,068,94068,SAINT-MAUR-DES-FOSSES,AVENUE DE CONDE,192861,0,4,VC,0,2,2,,,0,1,,,,1,7,0,0,1,0
5,5,3,1,6,94,FRANCE,ILE-DE-FRANCE,067,94067,SAINT-MANDE,AVENUE DU GENERAL DE GAULLE,192879,0,3,RD,0,2,2,,,0,1,,,,1,2,0,0,1,0