lum,agg,int,atm,col,dep_bis,pays,region,com_bis,com_codeINSEE,communes,N_voie,numac,infra,catr,type_route,voie,circ,nbv,pr,pr1,vosp,situ,lat,long,adr,accident_velo,vehicule_imp,cycl_mort,cycl_bgv,cycl_blg,cycl_indm
1,6,1,1,6,94,FRANCE,ILE-DE-FRANCE,002,94002,ALFORTVILLE,RUE VERON,192917,0,4,VC,0,1,1,,,0,1,,,,1,,0,0,0,1
5,7,3,1,3,94,FRANCE,ILE-DE-FRANCE,017,94017,CHAMPIGNY-SUR-MARNE,AVENUE DU GENERAL DE GAULLE,192926,0,4,VC,0,0,1,,,0,1,,,,1,7,0,0,1,0
1,7,3,1,3,94,FRANCE,ILE-DE-FRANCE,017,94017,CHAMPIGNY-SUR-MARNE,QUAI GALLIENI,192930,0,4,VC,0,1,1,1,0,0,1,,,,1,7,0,0,1,0
4,6,3,1,3,94,FRANCE,ILE-DE-FRANCE,018,94018,CHARENTON-LE-PONT,AVENUE DU MARECHAL DE LATTRE DE TASSIGNY,192933,0,3,RD,0,1,3,0,111,0,1,,,,1,7,0,0,1,0
5,6,1,1,6,94,FRANCE,ILE-DE-FRANCE,018,94018,CHARENTON-LE-PONT,QUAI DES CARRIERES,192934,0,3,RD,0,2,2,,,0,1,,,,1,37,0,0,1,0
2,7,1,1,3,94,FRANCE,ILE-DE-FRANCE,033,94033,FONTENAY-SOUS-BOIS,AVENUE DU MARECHAL JOFFRE,192967,0,3,RD,0,2,2,1,0,0,1,,,,1,7,0,0,1,0
1,6,1,1,6,94,FRANCE,ILE-DE-FRANCE,076,94076,VILLEJUIF,RUE JEAN JAURES,192972,0,4,VC,0,1,1,,,0,1,,,,1,7,0,0,1,0
5,1,6,1,4,94,FRANCE,ILE-DE-FRANCE,003,94003,ARCUEIL,LA VACHE NOIRE,192988,5,2,RN,0,1,0,,,0,1,,,,1,10,0,0,0,1
5,6,1,1,3,94,FRANCE,ILE-DE-FRANCE,016,94016,CACHAN,AVENUE LEON BLUM,192991,0,4,VC,0,2,2,,,0,1,,,,1,7,0,0,1,0
1,5,2,1,3,94,FRANCE,ILE-DE-FRANCE,065,94065,RUNGIS,RUE BALTARD,192994,0,4,VC,0,2,1,,,0,1,,,,1,7,0,0,1,0
5,7,1,2,2,94,FRANCE,ILE-DE-FRANCE,046,94046,MAISONS-ALFORT,RUE JEAN JAURES,193020,0,2,RN,0,3,5,,,0,1,,,,1,7,0,0,1,0
1,5,1,1,3,94,FRANCE,ILE-DE-FRANCE,042,94042,JOINVILLE-LE-PONT,AVENUE JEAN JAURES,193025,0,4,VC,0,1,2,,,0,1,,,,1,7,0,0,1,0
1,5,1,1,3,94,FRANCE,ILE-DE-FRANCE,042,94042,JOINVILLE-LE-PONT,RUE HIPPOLYTE PINSON,193035,0,3,RD,0,1,1,,,0,1,,,,1,7,0,0,1,0
5,6,1,1,6,94,FRANCE,ILE-DE-FRANCE,080,94080,VINCENNES,RUE DE FONTENAY,193059,0,3,RD,0,2,2,,,0,1,,,,1,7,0,0,1,0
5,6,4,1,6,94,FRANCE,ILE-DE-FRANCE,080,94080,VINCENNES,RUE DE STRASBOURG,193062,0,3,RD,0,2,2,,,0,1,,,,1,7,0,0,1,0
5,7,1,1,1,94,FRANCE,ILE-DE-FRANCE,028,94028,CRETEIL,AVENUE DU MARECHAL DE LATTRE DE TASSIGNY,193137,0,4,VC,0,3,4,,,0,1,,,,1,7,0,0,1,0
3,1,1,1,3,94,FRANCE,ILE-DE-FRANCE,073,94073,THIAIS,RUE DU COURSON,193169,0,3,RD,0,2,2,,,0,1,,,,1,10,0,0,1,0
1,7,1,1,3,94,FRANCE,ILE-DE-FRANCE,068,94068,SAINT-MAUR-DES-FOSSES,AVENUE JEAN JAURES,193199,0,4,VC,0,1,1,,,0,1,,,,1,7,0,0,1,0
5,1,1,1,7,94,FRANCE,ILE-DE-FRANCE,079,94079,VILLIERS-SUR-MARNE,RUE DU GENERAL LECLERC,193307,0,3,RD,0,2,2,,,0,1,,,,1,7,0,0,1,0
1,7,1,1,6,94,FRANCE,ILE-DE-FRANCE,028,94028,CRETEIL,PLACE DE L'EGLISE,193343,0,3,RD,0,2,3,,,0,1,,,,1,7,0,0,1,0
5,6,1,2,2,94,FRANCE,ILE-DE-FRANCE,076,94076,VILLEJUIF,AVENUE DE LA REPUBLIQUE,193346,0,4,VC,0,2,2,,,0,1,,,,1,7,0,0,1,0
5,5,1,1,1,94,FRANCE,ILE-DE-FRANCE,075,94075,VILLECRESNES,RUE DU LIEUTENANT DAGORNO,193418,0,4,VC,0,2,2,,,0,1,,,,1,7,0,0,1,0
1,6,1,2,3,94,FRANCE,ILE-DE-FRANCE,043,94043,KREMLIN-BICETRE (LE),AVENUE DE FONTAINEBLEAU,193455,0,4,VC,0,2,3,,,0,1,,,,1,7,0,0,1,0
1,6,1,1,2,94,FRANCE,ILE-DE-FRANCE,038,94038,HAY-LES-ROSES (L'),AVENUE DU GENERAL DE GAULLE,193595,2,3,RD,0,2,2,,,0,1,,,,1,7,0,0,1,0
1,6,1,1,6,94,FRANCE,ILE-DE-FRANCE,080,94080,VINCENNES,RUE DE FONTENAY,193638,0,3,RD,0,2,2,,,0,1,,,,1,,0,0,0,1
2,5,6,1,3,94,FRANCE,ILE-DE-FRANCE,060,94060,QUEUE-EN-BRIE (LA),ROUTE DE COMBAULT,193689,0,4,VC,0,1,2,,,0,5,,,,1,7,0,0,1,0
1,7,1,1,6,94,FRANCE,ILE-DE-FRANCE,028,94028,CRETEIL,RUE JULIETTE SAVAR,193707,0,2,RN,0,3,4,,,0,1,,,,1,,0,0,1,0
1,7,1,1,2,94,FRANCE,ILE-DE-FRANCE,068,94068,SAINT-MAUR-DES-FOSSES,BOULEVARD DE CRETEIL,193743,0,3,RD,0,2,2,,,0,1,,,,1,,0,0,1,0
1,6,1,1,6,94,FRANCE,ILE-DE-FRANCE,078,94078,VILLENEUVE-SAINT-GEORGES,RUE DE PARIS,193749,0,2,RN,0,3,4,17,895,0,1,,,,1,,0,0,1,0
1,6,1,2,3,94,FRANCE,ILE-DE-FRANCE,080,94080,VINCENNES,AVENUE DU CHATEAU,193754,0,3,RD,0,2,2,,,0,1,,,,1,7,0,0,1,0
1,1,1,1,3,94,FRANCE,ILE-DE-FRANCE,071,94071,SUCY-EN-BRIE,RUE WINSTON CHURCHILL,193799,0,3,RD,0,2,2,,,0,1,,,,1,10,0,0,1,0
1,5,1,1,3,94,FRANCE,ILE-DE-FRANCE,011,94011,BONNEUIL-SUR-MARNE,ROUTE DE STAINS,193825,0,4,VC,0,2,2,,,0,1,,,,1,33,0,0,1,0
1,7,1,1,3,94,FRANCE,ILE-DE-FRANCE,028,94028,CRETEIL,RUE NEUVE,193834,0,2,RN,0,0,2,,,0,1,,,,1,7,0,0,1,0
5,7,1,1,6,94,FRANCE,ILE-DE-FRANCE,028,94028,CRETEIL,AVENUE DE VERDUN,193838,0,2,RN,0,0,2,,,0,1,,,,1,37,0,0,1,0
1,7,1,1,6,94,FRANCE,ILE-DE-FRANCE,033,94033,FONTENAY-SOUS-BOIS,RUE JEAN MACE ,193840,0,4,VC,0,2,2,1,0,0,0,,,,1,,0,0,0,1
1,6,1,1,2,94,FRANCE,ILE-DE-FRANCE,043,94043,KREMLIN-BICETRE (LE),RUE DU GENERAL LECLERC,193848,0,3,RD,0,1,0,,,0,1,,,,1,7,0,0,1,0
1,6,1,1,3,94,FRANCE,ILE-DE-FRANCE,076,94076,VILLEJUIF,BOULEVARD CHASTENET DE GERY,193856,0,4,VC,0,0,0,,,0,1,,,,1,7,0,0,1,0
1,1,1,1,6,94,FRANCE,ILE-DE-FRANCE,003,94003,ARCUEIL,AVENUE DE LA CONVENTION,193857,0,9,Autre,0,3,0,,,0,0,,,,1,,0,0,0,1
1,5,1,1,3,94,FRANCE,ILE-DE-FRANCE,065,94065,RUNGIS,Rue de CARPENTRAS,193858,0,4,VC,0,1,3,,,0,1,,,,1,17,0,0,1,0
1,7,1,1,6,94,FRANCE,ILE-DE-FRANCE,068,94068,SAINT-MAUR-DES-FOSSES,PLACE D'ADAMVILLE KENNEDY ,193890,0,4,VC,0,1,2,,,0,1,,,,1,7,0,0,1,0
1,7,3,1,6,94,FRANCE,ILE-DE-FRANCE,081,94081,VITRY-SUR-SEINE,AVENUE ANATOLE FRANCE,193911,0,3,RD,0,2,2,,,0,1,,,,1,10,0,0,1,0
1,7,1,1,6,94,FRANCE,ILE-DE-FRANCE,081,94081,VITRY-SUR-SEINE,RUE JULIAN GRIMAU,193913,0,4,VC,0,2,0,,,0,1,,,,1,33,0,0,1,0
1,7,1,1,6,94,FRANCE,ILE-DE-FRANCE,028,94028,CRETEIL,AVENUE DU GAL PIERRE BILLOTTE,193970,0,4,VC,0,1,0,,,0,1,,,,1,7,0,0,1,0
1,7,1,1,6,94,FRANCE,ILE-DE-FRANCE,028,94028,CRETEIL,AVENUE PIERRE BROSSOLETTE,193971,0,4,VC,0,3,4,,,0,1,,,,1,7,0,0,1,0
1,7,1,1,1,94,FRANCE,ILE-DE-FRANCE,028,94028,CRETEIL,Rue de l'Ecluse,193984,0,4,VC,0,1,1,,,0,1,,,,1,7,0,0,1,0
1,7,1,1,6,94,FRANCE,ILE-DE-FRANCE,028,94028,CRETEIL,RUE DOCTEUR METIVET,193985,0,3,RD,0,2,2,,,0,1,,,,1,7,0,0,1,0
2,1,1,1,3,94,FRANCE,ILE-DE-FRANCE,065,94065,RUNGIS,RUE DU VIADUC,194007,6,4,VC,0,3,2,,,0,1,,,,1,7,0,0,1,0
1,7,9,1,3,94,FRANCE,ILE-DE-FRANCE,046,94046,MAISONS-ALFORT,AVENUE DE VERDUN,194024,0,4,VC,0,2,2,,,1,1,,,,1,7,0,0,1,0
1,6,2,1,3,94,FRANCE,ILE-DE-FRANCE,078,94078,VILLENEUVE-SAINT-GEORGES,RUE DE LA FONTAINE SAINT-MARTIN,194037,0,3,RD,0,2,2,4,775,1,1,,,,1,7,0,0,1,0
1,5,1,1,6,94,FRANCE,ILE-DE-FRANCE,067,94067,SAINT-MANDE,AVENUE GALLIENI,194078,0,2,RN,0,2,6,,,0,1,,,,1,7,0,0,1,0
1,5,1,1,3,94,FRANCE,ILE-DE-FRANCE,067,94067,SAINT-MANDE,AVENUE GALLIENI,194079,0,3,RD,0,2,1,,,3,1,,,,1,7,0,0,1,0
1,5,3,1,3,94,FRANCE,ILE-DE-FRANCE,004,94004,BOISSY-SAINT-LEGER,AVENUE GEORGES BRASSENS,194084,0,4,VC,0,1,1,,,0,1,,,,1,7,0,0,1,0
1,7,1,1,1,94,FRANCE,ILE-DE-FRANCE,017,94017,CHAMPIGNY-SUR-MARNE,BOULEVARD DES ALLIES,194086,0,4,VC,0,2,2,1,0,0,1,,,,1,7,0,0,1,0
5,7,1,1,3,94,FRANCE,ILE-DE-FRANCE,017,94017,CHAMPIGNY-SUR-MARNE,RUE LOUIS TALAMONI,194088,0,4,VC,0,2,2,1,0,0,1,,,,1,7,0,0,1,0
1,7,1,1,6,94,FRANCE,ILE-DE-FRANCE,017,94017,CHAMPIGNY-SUR-MARNE,AVENUE DU GENERAL DE GAULLE,194092,0,3,RD,0,2,2,1,0,0,1,,,,1,7,0,0,1,0
1,7,1,1,6,94,FRANCE,ILE-DE-FRANCE,028,94028,CRETEIL,AVENUE PIERRE BROSSOLETTE,194106,0,4,VC,0,3,4,,,0,1,,,,1,7,0,0,1,0
1,7,1,1,3,94,FRANCE,ILE-DE-FRANCE,028,94028,CRETEIL,STADE DUVAUCHEL,194109,5,2,RN,0,0,2,,,0,1,,,,1,7,0,0,1,0
1,6,1,1,6,94,FRANCE,ILE-DE-FRANCE,038,94038,HAY-LES-ROSES (L'),RUE JULES FERRY,194139,0,4,VC,0,0,1,,,0,4,,,,1,,0,0,0,1
1,7,2,1,3,94,FRANCE,ILE-DE-FRANCE,041,94041,IVRY-SUR-SEINE,RUE SAINT JUST,194149,0,3,RD,0,2,1,,,0,1,,,,1,7,0,0,1,0
1,6,2,1,3,94,FRANCE,ILE-DE-FRANCE,080,94080,VINCENNES,AVENUE PAUL DEROULEDE,194181,0,3,RD,0,1,1,,,0,0,,,,1,7,0,0,1,0
1,7,1,1,3,94,FRANCE,ILE-DE-FRANCE,081,94081,VITRY-SUR-SEINE,RUE DES PRES,194186,0,9,Autre,0,1,1,,,0,1,,,,1,7,0,0,1,0
1,6,1,1,3,94,FRANCE,ILE-DE-FRANCE,073,94073,THIAIS,AVENUE DE VERSAILLES,194268,0,4,VC,0,3,2,,,0,1,,,,1,7,0,0,1,0
1,7,1,1,3,94,FRANCE,ILE-DE-FRANCE,041,94041,IVRY-SUR-SEINE,QUAI AUGUSTE DESHAIES,194273,0,3,RD,0,3,2,,,0,1,,,,1,7,0,0,1,0
1,6,2,1,3,94,FRANCE,ILE-DE-FRANCE,080,94080,VINCENNES,AVENUE FAYOLLE,194291,0,3,RD,0,1,1,,,0,1,,,,1,7,0,0,1,0
1,7,1,1,3,94,FRANCE,ILE-DE-FRANCE,028,94028,CRETEIL,AVENUE DU DOCTEUR PAUL CASALIS,194367,0,4,VC,0,2,2,,,0,1,,,,1,7,0,0,1,0
2,7,1,1,3,94,FRANCE,ILE-DE-FRANCE,028,94028,CRETEIL,RUE DES MECHES,194371,0,2,RN,0,2,2,,,0,1,,,,1,37,0,0,1,0
5,5,1,1,2,94,FRANCE,ILE-DE-FRANCE,037,94037,GENTILLY,AVENUE TROISIEME ,194391,0,4,VC,0,1,0,1,0,0,1,,,,1,7,0,0,1,0
1,7,2,1,3,94,FRANCE,ILE-DE-FRANCE,046,94046,MAISONS-ALFORT,RUE AUGUSTE SIMON,194402,0,4,VC,0,1,1,,,0,0,,,,1,33,0,0,1,0
1,7,1,1,6,94,FRANCE,ILE-DE-FRANCE,081,94081,VITRY-SUR-SEINE,RUE PAUL ARMANGOT,194439,0,4,VC,0,1,1,,,0,1,,,,1,7,0,0,1,0
1,5,1,1,7,94,FRANCE,ILE-DE-FRANCE,059,94059,PLESSIS-TREVISE (LE),AVENUE MAURICE BERTEAUX,194447,0,4,VC,0,2,2,,,0,1,,,,1,7,0,0,1,0
1,5,2,1,3,94,FRANCE,ILE-DE-FRANCE,004,94004,BOISSY-SAINT-LEGER,AVENUE DU GENERAL LECLERC,194457,0,2,RN,0,2,2,,,0,1,,,,1,7,0,0,1,0
1,1,1,1,3,94,FRANCE,ILE-DE-FRANCE,069,94069,SAINT-MAURICE,AVENUE SAINT MAURICE DU VALAIS,194483,0,2,RN,0,3,2,0,499,0,1,,,,1,7,0,0,1,0
4,5,3,1,3,94,FRANCE,ILE-DE-FRANCE,019,94019,CHENNEVIERES-SUR-MARNE,RUE DES BORDES,194492,0,4,VC,0,2,2,,,0,1,,,,1,7,0,0,1,0
1,6,1,1,3,94,FRANCE,ILE-DE-FRANCE,076,94076,VILLEJUIF,RUE MARCEL GROSMESNIL,194535,0,4,VC,0,2,2,,,0,1,,,,1,15,0,0,1,0
1,6,1,1,3,94,FRANCE,ILE-DE-FRANCE,076,94076,VILLEJUIF,AVENUE DE PARIS,194537,0,2,RN,0,3,3,,,0,1,,,,1,10,0,0,1,0
1,6,1,1,2,94,FRANCE,ILE-DE-FRANCE,073,94073,THIAIS,RUE DU PAVE DE GRIGNON,194542,0,3,RD,0,2,2,,,0,1,,,,1,7,0,0,1,0
1,6,6,1,6,94,FRANCE,ILE-DE-FRANCE,038,94038,HAY-LES-ROSES (L'),AVENUE HENRI BARBUSSE,194546,5,3,RD,0,4,2,,,0,1,,,,1,7,0,0,1,0
1,7,1,1,3,94,FRANCE,ILE-DE-FRANCE,041,94041,IVRY-SUR-SEINE,BOULEVARD PAUL VAILLANT COUTURIER,194554,0,2,RN,0,3,3,,,3,1,,,,1,7,0,0,1,0
1,7,1,2,7,94,FRANCE,ILE-DE-FRANCE,041,94041,IVRY-SUR-SEINE,BOULEVARD DE STALINGRAD ,194563,0,2,RN,0,2,0,,,3,1,,,,1,7,0,0,1,0
1,7,2,1,3,94,FRANCE,ILE-DE-FRANCE,068,94068,SAINT-MAUR-DES-FOSSES,AVENUE DIDEROT,194580,0,4,VC,0,1,1,,,0,1,,,,1,7,0,0,1,0
1,7,1,2,7,94,FRANCE,ILE-DE-FRANCE,068,94068,SAINT-MAUR-DES-FOSSES,BOULEVARD DE CRETEIL,194585,0,3,RD,0,2,2,,,0,1,,,,1,,0,0,1,0
1,7,2,2,6,94,FRANCE,ILE-DE-FRANCE,017,94017,CHAMPIGNY-SUR-MARNE,RUE DE LA MARE,194654,0,4,VC,0,0,1,1,0,0,1,,,,1,32,0,0,1,0
1,6,2,1,3,94,FRANCE,ILE-DE-FRANCE,076,94076,VILLEJUIF,BOULEVARD MAXIME GORKI,194687,5,2,RN,0,2,2,,,0,0,,,,1,7,0,0,1,0
1,7,1,1,6,94,FRANCE,ILE-DE-FRANCE,068,94068,SAINT-MAUR-DES-FOSSES,AVENUE DE LATTRE DE TASSIGNY,194729,0,4,VC,0,2,2,,,0,1,,,,1,7,0,0,1,0
1,6,1,1,2,94,FRANCE,ILE-DE-FRANCE,071,94071,SUCY-EN-BRIE,ROUTE DE LA QUEUE EN BRIE,194808,0,3,RD,0,1,1,,,0,1,,,,1,10,0,0,1,0
2,5,2,1,3,94,FRANCE,ILE-DE-FRANCE,011,94011,BONNEUIL-SUR-MARNE,RUE PAUL VAILLANT COUTURIER,194838,0,2,RN,0,0,2,,,1,5,,,,1,7,0,0,1,0
1,5,2,8,3,94,FRANCE,ILE-DE-FRANCE,021,94021,CHEVILLY-LARUE,QUAI ILE DE FRANCE,194859,0,4,VC,0,2,2,,,0,1,,,,1,7,0,0,1,0
1,7,1,2,3,94,FRANCE,ILE-DE-FRANCE,068,94068,SAINT-MAUR-DES-FOSSES,RUE EDGAR QUINET,194883,0,4,VC,0,1,1,,,0,1,,,,1,37,0,0,1,0
1,7,1,2,6,94,FRANCE,ILE-DE-FRANCE,017,94017,CHAMPIGNY-SUR-MARNE,RUE DE BERNAU,194895,0,4,VC,0,0,2,1,0,0,1,,,,1,7,0,0,1,0
2,7,1,1,2,94,FRANCE,ILE-DE-FRANCE,068,94068,SAINT-MAUR-DES-FOSSES,RUE SAINT-HILAIRE,194930,0,4,VC,0,1,1,0,0,0,1,4879340,251433,,1,7,0,0,1,0
5,4,1,1,3,94,FRANCE,ILE-DE-FRANCE,001,94001,ABLON-SUR-SEINE,QUAI MAGNE,194938,0,3,RD,29,2,2,11,700,0,1,4872050,241712,,1,7,0,0,1,0
1,6,4,8,3,94,FRANCE,ILE-DE-FRANCE,058,94058,PERREUX-SUR-MARNE (LE),AVENUE DU GENERAL DE GAULLE,194950,0,3,RD,30,2,2,0,809,0,1,4883430,251452,,1,7,0,0,1,0
1,5,1,1,3,94,FRANCE,ILE-DE-FRANCE,042,94042,JOINVILLE-LE-PONT,RUE CHAPSAL,194989,0,2,RN,486,1,2,0,300,0,4,4882280,246566,,1,33,0,0,1,0
5,5,2,1,1,94,FRANCE,ILE-DE-FRANCE,067,94067,SAINT-MANDE,AVENUE DE PARIS,195008,0,2,RN,34,2,5,6,241,0,1,4884600,242363,,1,3,0,0,1,0
1,7,2,2,6,94,FRANCE,ILE-DE-FRANCE,068,94068,SAINT-MAUR-DES-FOSSES,BOULEVARD DE CRETEIL,195040,0,3,RD,48,2,1,8,657,0,1,4879790,249745,,1,7,0,0,1,0
1,5,2,1,3,94,FRANCE,ILE-DE-FRANCE,077,94077,VILLENEUVE-LE-ROI,AVENUE PASTEUR ,195072,1,4,VC,0,2,1,0,0,0,1,4873740,241920,,1,7,0,0,1,0
1,7,1,1,3,94,FRANCE,ILE-DE-FRANCE,041,94041,IVRY-SUR-SEINE,QUAI MARCEL BOYER,195081,0,2,RN,19,2,4,4,660,0,1,4882210,239311,,1,7,0,0,1,0
1,6,1,1,3,94,FRANCE,ILE-DE-FRANCE,073,94073,THIAIS,RUE DU BAS MARIN,195086,0,4,VC,0,0,2,0,0,0,0,4875440,238610,,1,14,0,0,1,0
5,7,2,1,3,94,FRANCE,ILE-DE-FRANCE,033,94033,FONTENAY-SOUS-BOIS,RUE CHARLES BASSEE,195090,0,3,RD,42,1,1,0,0,0,1,4884740,247166,,1,10,0,0,1,0
1,7,2,1,3,94,FRANCE,ILE-DE-FRANCE,068,94068,SAINT-MAUR-DES-FOSSES,AVENUE DU ROCHER,195124,0,4,VC,0,2,2,0,0,0,1,4880040,249991,,1,7,0,0,1,0
1,6,1,1,6,94,FRANCE,ILE-DE-FRANCE,073,94073,THIAIS,RUE DES ALOUETTES,195146,0,4,VC,0,2,2,0,0,0,1,4874980,237002,,1,,0,0,1,0
1,6,1,1,3,94,FRANCE,ILE-DE-FRANCE,052,94052,NOGENT-SUR-MARNE,BOULEVARD DE STRASBOURG,195164,0,2,RN,34,2,4,11,950,0,1,4884640,249116,,1,7,0,0,1,0
1,6,1,1,3,94,FRANCE,ILE-DE-FRANCE,052,94052,NOGENT-SUR-MARNE,RUE DE SAINT-QUENTIN,195193,0,4,VC,0,1,1,0,0,0,1,4883860,247869,,1,7,0,0,1,0
1,7,1,2,6,94,FRANCE,ILE-DE-FRANCE,028,94028,CRETEIL,AVENUE DE LA FRANCE LIBRE,195197,0,4,VC,0,2,2,0,0,0,1,4878050,245500,,1,10,0,0,1,0
1,6,1,1,2,94,FRANCE,ILE-DE-FRANCE,078,94078,VILLENEUVE-SAINT-GEORGES,RUE GUYNEMER,195201,0,4,VC,0,2,2,0,0,0,1,4874930,244683,,1,7,0,0,1,0
1,7,1,1,3,94,FRANCE,ILE-DE-FRANCE,028,94028,CRETEIL,AVENUE DE VERDUN,195239,0,2,RN,186,2,2,28,500,0,1,4879870,246506,,1,7,0,0,1,0
1,6,2,1,6,94,FRANCE,ILE-DE-FRANCE,076,94076,VILLEJUIF,RUE SACCO ET VANZETTI,195251,0,4,VC,0,2,2,0,0,0,1,4880550,235988,,1,7,0,0,1,0
1,7,2,1,3,94,FRANCE,ILE-DE-FRANCE,068,94068,SAINT-MAUR-DES-FOSSES,AVENUE ANATOLE FRANCE,195264,0,4,VC,0,2,1,0,0,0,1,4880830,250053,,1,7,0,0,1,0
1,6,2,8,3,94,FRANCE,ILE-DE-FRANCE,038,94038,HAY-LES-ROSES (L'),BOULEVARD PAUL VAILLANT COUTURIER,195272,0,3,RD,126,3,4,0,0,0,1,4877840,234072,,1,7,0,0,1,0
1,7,1,1,3,94,FRANCE,ILE-DE-FRANCE,041,94041,IVRY-SUR-SEINE,RUE RASPAIL,195276,0,3,RD,124,2,2,1,911,0,1,4880930,239043,,1,7,0,0,0,1
1,6,1,1,5,94,FRANCE,ILE-DE-FRANCE,022,94022,CHOISY-LE-ROI,AVENUE DU MARECHAL DE LATTRE DE TASSIGNY,195290,0,3,RD,125,0,2,0,913,0,1,4875510,240495,,1,7,0,0,1,0
1,7,1,1,6,94,FRANCE,ILE-DE-FRANCE,068,94068,SAINT-MAUR-DES-FOSSES,BOULEVARD DE CRETEIL,195330,0,3,RD,48,2,1,8,456,0,1,4879790,249482,,1,7,0,0,1,0
1,7,1,1,2,94,FRANCE,ILE-DE-FRANCE,033,94033,FONTENAY-SOUS-BOIS,AVENUE DE LA REPUBLIQUE,195332,0,3,RD,43,2,2,3,238,0,1,4885290,245739,,1,7,0,0,1,0
1,7,1,1,3,94,FRANCE,ILE-DE-FRANCE,068,94068,SAINT-MAUR-DES-FOSSES,QUAI BEAUBOURG ,195366,0,3,RD,45,2,2,0,320,0,4,4881460,247530,,1,10,0,0,1,0
1,6,1,1,7,94,FRANCE,ILE-DE-FRANCE,016,94016,CACHAN,RUE DE LA BELLE IMAGE,195373,0,4,VC,0,2,1,0,0,0,1,4879270,232973,,1,,0,0,1,0
1,7,1,1,3,94,FRANCE,ILE-DE-FRANCE,068,94068,SAINT-MAUR-DES-FOSSES,BOULEVARD DE CRETEIL,195378,6,3,RD,48,0,0,8,472,0,4,4879790,249507,,1,7,0,0,1,0
1,6,3,1,6,94,FRANCE,ILE-DE-FRANCE,080,94080,VINCENNES,RUE DE FONTENAY,195401,0,3,RD,43,2,2,0,720,0,1,4884880,242848,,1,,0,0,0,1
1,6,2,1,3,94,FRANCE,ILE-DE-FRANCE,080,94080,VINCENNES,RUE DE FONTENAY,195409,0,3,RD,43,2,2,1,365,0,0,4884830,243706,,1,7,0,0,1,0
1,6,1,1,3,94,FRANCE,ILE-DE-FRANCE,079,94079,VILLIERS-SUR-MARNE,AVENUE ANDRE ROUY,195410,0,3,RD,33,2,2,0,420,0,1,4882330,254541,,1,7,0,0,1,0
1,7,1,1,7,94,FRANCE,ILE-DE-FRANCE,081,94081,VITRY-SUR-SEINE,AVENUE DU MOULIN DE SAQUET,195419,0,3,RD,55,2,2,3,660,0,1,4878890,237813,,1,7,0,0,1,0
1,6,2,2,1,94,FRANCE,ILE-DE-FRANCE,080,94080,VINCENNES,RUE DE FONTENAY,195420,0,3,RD,43,2,2,1,186,0,1,4884840,243462,,1,37,0,0,1,0
1,5,1,3,1,94,FRANCE,ILE-DE-FRANCE,021,94021,CHEVILLY-LARUE,AVENUE JACQUES BREL,195421,0,4,VC,0,2,2,0,0,0,1,4876880,236022,,1,7,0,0,1,0
1,7,2,1,3,94,FRANCE,ILE-DE-FRANCE,081,94081,VITRY-SUR-SEINE,AVENUE GUY MOQUET,195429,5,4,VC,0,2,2,0,0,0,1,4878770,239810,,1,7,0,0,1,0
1,7,1,1,2,94,FRANCE,ILE-DE-FRANCE,046,94046,MAISONS-ALFORT,AVENUE DE LA REPUBLIQUE,195453,0,3,RD,48,2,4,2,793,0,1,4880070,243080,,1,14,0,0,1,0
1,5,1,1,2,94,FRANCE,ILE-DE-FRANCE,019,94019,CHENNEVIERES-SUR-MARNE,RUE CASENAVE,195454,0,4,VC,0,2,2,0,0,0,1,4878880,252316,,1,7,0,0,1,0
1,6,3,1,3,94,FRANCE,ILE-DE-FRANCE,022,94022,CHOISY-LE-ROI,RUE PECHON,195475,0,4,VC,0,2,2,0,0,0,1,4877060,241579,,1,7,0,0,1,0
1,6,3,8,6,94,FRANCE,ILE-DE-FRANCE,022,94022,CHOISY-LE-ROI,AVENUE DE LA FOLIE,195480,0,4,VC,0,2,2,0,1,0,1,4877200,241936,,1,7,0,0,1,0
1,7,1,1,3,94,FRANCE,ILE-DE-FRANCE,028,94028,CRETEIL,RUE CAMILLE DARTOIS,195492,0,4,VC,0,2,2,0,0,0,1,4877700,246987,,1,7,0,0,1,0
1,6,1,2,3,94,FRANCE,ILE-DE-FRANCE,078,94078,VILLENEUVE-SAINT-GEORGES,AVENUE ANATOLE FRANCE,195509,0,4,VC,0,2,2,0,0,0,1,4873960,245268,,1,7,0,0,1,0
1,5,1,1,3,94,FRANCE,ILE-DE-FRANCE,055,94055,ORMESSON-SUR-MARNE,AVENUE OLIVIER D'ORMESSON,195545,0,3,RD,185,2,2,0,74,0,1,4878090,251327,,1,7,0,0,1,0
1,5,1,1,3,94,FRANCE,ILE-DE-FRANCE,059,94059,PLESSIS-TREVISE (LE),AVENUE MAURICE BERTEAUX,195552,0,3,RD,33,2,2,2,857,0,1,4880810,256991,,1,7,0,0,1,0
1,5,4,1,3,94,FRANCE,ILE-DE-FRANCE,011,94011,BONNEUIL-SUR-MARNE,RUE DES CLAVIZIS,195559,0,4,VC,0,0,0,0,0,0,1,4877030,248386,,1,7,0,0,1,0
1,5,4,1,3,94,FRANCE,ILE-DE-FRANCE,042,94042,JOINVILLE-LE-PONT,QUAI DU BARRAGE,195564,5,3,RD,45,1,2,0,310,0,1,4881770,246766,,1,7,0,0,1,0