lum,agg,int,atm,col,dep_bis,pays,region,com_bis,com_codeINSEE,communes,N_voie,numac,infra,catr,type_route,voie,circ,nbv,pr,pr1,vosp,situ,lat,long,adr,accident_velo,vehicule_imp,cycl_mort,cycl_bgv,cycl_blg,cycl_indm
1,5,1,1,3,94,FRANCE,ILE-DE-FRANCE,067,94067,SAINT-MANDE,AVENUE GALLIENI,195583,0,4,VC,0,2,4,5,690,0,1,4884690,241618,,1,7,0,0,1,0
1,5,3,1,6,94,FRANCE,ILE-DE-FRANCE,067,94067,SAINT-MANDE,RUE PAUL BERT,195589,0,4,VC,0,1,1,0,0,0,1,4884130,241514,,1,7,0,0,1,0
1,6,2,1,2,94,FRANCE,ILE-DE-FRANCE,080,94080,VINCENNES,AVENUE DE LA REPUBLIQUE,195590,0,3,RD,20,2,2,2,528,0,1,4884860,243253,,1,7,0,0,1,0
1,6,1,1,6,94,FRANCE,ILE-DE-FRANCE,080,94080,VINCENNES,RUE DE FONTENAY,195594,0,3,RD,43,2,2,1,235,0,1,4884840,243548,,1,7,0,0,1,0
1,6,1,1,2,94,FRANCE,ILE-DE-FRANCE,016,94016,CACHAN,ALLEE DES LOURS,195598,0,6,Parking,0,0,0,0,0,0,4,4878720,233528,,1,7,0,0,1,0
5,5,1,1,7,94,FRANCE,ILE-DE-FRANCE,003,94003,ARCUEIL,AVENUE GABRIEL PERI,195600,0,3,RD,126,1,0,2,367,0,1,4880090,234336,,1,,0,0,1,0
1,6,3,1,1,94,FRANCE,ILE-DE-FRANCE,016,94016,CACHAN,RUE DE PROVIGNY,195601,0,3,RD,127,2,2,3,68,0,1,4879960,233151,,1,7,0,0,1,0
1,6,1,1,3,94,FRANCE,ILE-DE-FRANCE,080,94080,VINCENNES,RUE DE FRANCE,195606,0,3,RD,43,2,2,2,797,0,1,4884940,245587,,1,7,0,0,1,0
1,7,1,1,6,94,FRANCE,ILE-DE-FRANCE,081,94081,VITRY-SUR-SEINE,AVENUE HENRI BARBUSSE,195615,0,3,RD,55,2,2,0,550,3,1,4879290,239397,,1,7,0,0,1,0
1,5,3,1,7,94,FRANCE,ILE-DE-FRANCE,065,94065,RUNGIS,AVENUE DES 3 MARCHES,195665,0,4,VC,0,2,2,0,0,0,1,4875830,234929,,1,,0,0,1,0
1,7,1,1,6,94,FRANCE,ILE-DE-FRANCE,068,94068,SAINT-MAUR-DES-FOSSES,AVENUE LOUIS BLANC,195751,0,3,RD,30,2,2,22,715,0,1,4879330,249783,,1,2,0,0,1,0
1,5,1,1,3,94,FRANCE,ILE-DE-FRANCE,077,94077,VILLENEUVE-LE-ROI,AVENUE PAUL PAINLEVE,195769,0,4,VC,0,3,2,0,0,0,1,4873930,241671,,1,7,0,0,1,0
1,5,1,1,3,94,FRANCE,ILE-DE-FRANCE,074,94074,VALENTON,RUE GABRIEL PERI,195792,0,3,RD,29,0,0,16,421,0,1,4874880,247140,,1,7,0,0,1,0
1,6,1,1,2,94,FRANCE,ILE-DE-FRANCE,054,94054,ORLY,RUE DU NOYER GRENOT,195831,0,4,VC,0,2,1,0,0,0,4,4874600,239969,,1,7,0,0,1,0
1,5,1,1,3,94,FRANCE,ILE-DE-FRANCE,019,94019,CHENNEVIERES-SUR-MARNE,RUE DES FUSILLES DE CHATEAUBRIANT,195841,0,3,RD,29,2,2,0,0,0,1,4879940,253683,,1,37,0,0,1,0
5,7,2,1,3,94,FRANCE,ILE-DE-FRANCE,041,94041,IVRY-SUR-SEINE,AVENUE MAURICE THOREZ,195850,0,3,RD,50,1,2,10,217,0,1,4881310,238053,,1,7,0,0,1,0
2,5,1,1,2,94,FRANCE,ILE-DE-FRANCE,042,94042,JOINVILLE-LE-PONT,PONT DE JOINVILLE,195870,2,2,RN,4,3,2,10,437,3,1,4882020,246826,,1,7,0,0,1,0
1,7,1,1,6,94,FRANCE,ILE-DE-FRANCE,068,94068,SAINT-MAUR-DES-FOSSES,AVENUE DU BEL AIR,195926,0,4,VC,0,2,2,0,0,0,1,4880600,249916,,1,10,0,0,1,0
1,7,2,1,3,94,FRANCE,ILE-DE-FRANCE,033,94033,FONTENAY-SOUS-BOIS,AVENUE DU PRESIDENT ROOSEVELT,195935,0,4,VC,0,2,2,1,0,0,0,4884220,246315,,1,7,0,0,1,0
1,7,1,1,3,94,FRANCE,ILE-DE-FRANCE,068,94068,SAINT-MAUR-DES-FOSSES,AVENUE SAINT-LOUIS,195954,0,4,VC,0,2,2,0,0,0,1,4878910,250409,,1,7,0,0,1,0
2,4,1,1,6,94,FRANCE,ILE-DE-FRANCE,001,94001,ABLON-SUR-SEINE,QUAI MAGNE,195968,0,3,RD,29,1,1,11,652,0,1,4871870,241339,,1,7,0,0,1,0
1,6,2,1,3,94,FRANCE,ILE-DE-FRANCE,058,94058,PERREUX-SUR-MARNE (LE),RUE DENFERT ROCHEREAU,196000,0,4,VC,0,1,2,0,0,0,1,4884110,250850,,1,33,0,0,1,0
1,5,1,1,7,94,FRANCE,ILE-DE-FRANCE,003,94003,ARCUEIL,RUE DE LA CITADELLE,196034,0,4,VC,0,2,0,0,0,0,4,4879920,233291,,1,,0,0,1,0
1,6,3,1,6,94,FRANCE,ILE-DE-FRANCE,076,94076,VILLEJUIF,AVENUE PAUL VAILLANT COUTURIER,196040,0,3,RD,61,0,0,0,0,0,0,4879490,236472,,1,,,,,
5,6,2,1,1,94,FRANCE,ILE-DE-FRANCE,034,94034,FRESNES,AVENUE DU 8 MAI 1945,196104,0,3,RD,67,2,2,0,0,0,1,4875300,231255,,1,7,0,0,1,0
2,7,1,1,2,94,FRANCE,ILE-DE-FRANCE,068,94068,SAINT-MAUR-DES-FOSSES,AVENUE VICTORIA,196138,0,4,VC,0,1,1,0,0,0,0,4879630,249599,,1,10,0,0,1,0
1,6,2,1,3,94,FRANCE,ILE-DE-FRANCE,052,94052,NOGENT-SUR-MARNE,BOULEVARD DE STRASBOURG,196169,5,2,RN,34,2,2,0,0,0,1,4884130,248278,,1,7,0,0,1,0
5,6,1,1,7,94,FRANCE,ILE-DE-FRANCE,016,94016,CACHAN,AVENUE DE LA DIVISION LECLERC,196190,0,3,RD,57,0,0,0,233,0,1,4878720,232972,,1,,0,0,1,0
1,6,3,1,3,94,FRANCE,ILE-DE-FRANCE,080,94080,VINCENNES,RUE DE MONTREUIL,196219,0,3,RD,20,1,1,16,357,0,1,4884660,243470,,1,7,0,0,1,0
1,7,3,1,3,94,FRANCE,ILE-DE-FRANCE,028,94028,CRETEIL,AVENUE DU MARECHAL FOCH,196220,0,2,RN,6,2,2,11,770,0,1,4878770,243589,,1,7,0,0,1,0
1,6,2,8,3,94,FRANCE,ILE-DE-FRANCE,058,94058,PERREUX-SUR-MARNE (LE),RUE HENRI NAVARRE,196221,0,4,VC,0,1,1,0,0,0,1,4883290,250213,,1,7,0,0,1,0
5,7,2,2,3,94,FRANCE,ILE-DE-FRANCE,068,94068,SAINT-MAUR-DES-FOSSES,AVENUE FOCH,196239,0,3,RD,123,2,2,8,932,0,1,4880010,249729,,1,7,0,0,1,0
2,7,2,1,1,94,FRANCE,ILE-DE-FRANCE,017,94017,CHAMPIGNY-SUR-MARNE,RUE LEONIE,196263,0,4,VC,0,1,1,0,0,0,0,4881270,249613,,1,7,0,0,1,0
1,7,1,1,6,94,FRANCE,ILE-DE-FRANCE,028,94028,CRETEIL,ROUTE DE CHOISY,196289,0,2,RN,186,1,2,25,800,0,1,4878130,244516,,1,7,0,0,1,0
1,5,1,2,6,94,FRANCE,ILE-DE-FRANCE,067,94067,SAINT-MANDE,RUE SACROT,196339,0,4,VC,0,1,1,0,0,0,4,4883990,241476,,1,,0,0,0,1
1,7,2,1,2,94,FRANCE,ILE-DE-FRANCE,041,94041,IVRY-SUR-SEINE,AVENUE GEORGES GOSNAT,196340,2,3,RD,50,2,4,11,386,3,1,4881550,239309,,1,7,0,0,1,0
2,6,1,1,2,94,FRANCE,ILE-DE-FRANCE,058,94058,PERREUX-SUR-MARNE (LE),AVENUE LEDRU ROLLIN,196355,0,3,RD,45,2,2,2,111,0,1,4884250,250249,,1,7,0,0,1,0
1,7,1,8,7,94,FRANCE,ILE-DE-FRANCE,068,94068,SAINT-MAUR-DES-FOSSES,AVENUE GAMBETTA,196379,0,3,RD,30,2,2,1,205,0,1,4879560,249415,,1,7,0,0,1,0
1,6,3,1,3,94,FRANCE,ILE-DE-FRANCE,018,94018,CHARENTON-LE-PONT,AVENUE DE GRAVELLE,196408,6,4,VC,0,2,2,0,0,0,1,4882450,241789,,1,34,0,0,1,0
5,7,1,1,6,94,FRANCE,ILE-DE-FRANCE,017,94017,CHAMPIGNY-SUR-MARNE,AVENUE ROGER SALENGRO,196442,0,2,RN,4,2,2,0,0,0,1,4881690,249861,,1,7,0,0,1,0
1,7,2,1,3,94,FRANCE,ILE-DE-FRANCE,068,94068,SAINT-MAUR-DES-FOSSES,RUE EDOUARD VALLERAND,196450,0,4,VC,0,1,1,0,0,0,1,4880340,248318,,1,7,0,0,1,0
1,6,1,1,6,94,FRANCE,ILE-DE-FRANCE,080,94080,VINCENNES,RUE DE LA SOLIDARITE,196455,0,3,RD,44,2,1,0,0,0,1,4885300,244175,,1,7,0,0,1,0
1,7,2,1,6,94,FRANCE,ILE-DE-FRANCE,028,94028,CRETEIL,AVENUE PIERRE BROSSOLETTE,196510,0,2,RN,19,2,4,11,695,0,1,4879070,246289,,1,,0,0,0,1
1,7,1,1,3,94,FRANCE,ILE-DE-FRANCE,028,94028,CRETEIL,AVENUE DU DOCTEUR PAUL CASALIS,196514,0,4,VC,0,2,2,0,0,0,1,4878010,246870,,1,37,0,0,1,0
5,7,2,1,3,94,FRANCE,ILE-DE-FRANCE,068,94068,SAINT-MAUR-DES-FOSSES,AVENUE D'ARROMANCHES,196527,0,4,VC,0,1,1,0,0,0,1,4879040,247652,,1,7,0,0,1,0
1,5,1,1,2,94,FRANCE,ILE-DE-FRANCE,075,94075,VILLECRESNES,RUE D'YERRES,196544,0,4,VC,0,2,0,0,0,0,1,4872090,252529,,1,7,0,0,1,0
1,5,1,1,7,94,FRANCE,ILE-DE-FRANCE,074,94074,VALENTON,AVENUE JULIEN DURANTON,196564,0,4,VC,0,2,2,0,0,0,1,4875730,245249,,1,7,0,0,1,0
1,7,1,1,3,94,FRANCE,ILE-DE-FRANCE,068,94068,SAINT-MAUR-DES-FOSSES,RUE ARISTIDE BRIAND,196570,0,4,VC,0,1,1,0,0,0,1,4879810,248402,,1,7,0,0,1,0
1,7,6,2,7,94,FRANCE,ILE-DE-FRANCE,017,94017,CHAMPIGNY-SUR-MARNE,PL GEORGES COURTELINE,196619,0,4,VC,0,1,2,1,0,0,1,4881590,256161,,1,7,0,0,1,0
5,6,2,7,3,94,FRANCE,ILE-DE-FRANCE,080,94080,VINCENNES,AVENUE DE PARIS,196677,0,2,RN,34,2,2,6,850,0,1,4884520,243155,,1,7,0,0,1,0
1,6,3,2,3,94,FRANCE,ILE-DE-FRANCE,052,94052,NOGENT-SUR-MARNE,RUE DE COULMIERS,196688,0,4,VC,0,1,1,0,0,0,1,4884260,249170,,1,7,0,0,1,0
1,7,2,1,3,94,FRANCE,ILE-DE-FRANCE,081,94081,VITRY-SUR-SEINE,AVENUE HENRI BARBUSSE,196689,0,3,RD,55,3,4,0,475,3,1,4879280,239282,,1,7,0,0,1,0
1,6,1,2,3,94,FRANCE,ILE-DE-FRANCE,080,94080,VINCENNES,RUE DE FONTENAY,196711,0,3,RD,43,2,2,0,781,0,1,4884870,242971,,1,7,0,0,1,0
3,6,3,1,3,94,FRANCE,ILE-DE-FRANCE,080,94080,VINCENNES,RUE DES POMMIERS,196718,0,4,VC,0,2,2,0,0,0,1,4884660,245608,,1,7,0,0,1,0
1,5,1,1,6,94,FRANCE,ILE-DE-FRANCE,067,94067,SAINT-MANDE,AVENUE FOCH,196794,0,3,RD,20,2,2,18,191,0,1,4884540,241987,,1,,0,0,0,1
1,5,5,1,3,94,FRANCE,ILE-DE-FRANCE,003,94003,ARCUEIL,AVENUE ARISTIDE BRIAND,196865,6,2,RN,20,2,4,5,550,0,5,4881010,232675,,1,7,0,0,1,0
1,7,3,1,1,94,FRANCE,ILE-DE-FRANCE,028,94028,CRETEIL,AVENUE DU MARECHAL DE LATTRE DE TASSIGNY,196881,0,2,RN,19,2,4,10,756,0,1,4879740,245643,,1,7,0,0,1,0
1,7,1,1,6,94,FRANCE,ILE-DE-FRANCE,028,94028,CRETEIL,RUE JEAN GABIN,196905,6,6,Parking,0,0,0,0,0,0,0,4878010,244540,,1,,0,0,0,1
1,7,2,1,3,94,FRANCE,ILE-DE-FRANCE,068,94068,SAINT-MAUR-DES-FOSSES,AVENUE BEAUREPAIRE,196977,0,4,VC,0,1,1,0,0,0,1,4878910,247653,,1,7,0,0,1,0
1,7,2,1,2,94,FRANCE,ILE-DE-FRANCE,068,94068,SAINT-MAUR-DES-FOSSES,AVENUE DE MARINVILLE,196978,0,4,VC,0,4,2,0,0,0,1,4880530,248395,,1,7,0,0,1,0
1,7,1,1,3,94,FRANCE,ILE-DE-FRANCE,068,94068,SAINT-MAUR-DES-FOSSES,BOULEVARD DE CRETEIL,196980,0,3,RD,48,2,2,7,117,0,1,4879920,247275,,1,10,0,0,1,0
1,5,1,1,3,94,FRANCE,ILE-DE-FRANCE,074,94074,VALENTON,RUE CHAIX D'ESTANGE,196994,0,3,RD,94,2,2,0,0,0,1,4874790,246750,,1,7,0,0,1,0
5,6,4,2,1,94,FRANCE,ILE-DE-FRANCE,002,94002,ALFORTVILLE,RUE DES GOUJONS,197102,0,4,VC,0,2,2,0,0,0,1,4878680,242583,,1,7,0,0,1,0
1,7,3,1,3,94,FRANCE,ILE-DE-FRANCE,017,94017,CHAMPIGNY-SUR-MARNE,RUE JEAN JAURES,197111,0,2,RN,4,0,1,13,500,0,1,4881430,250865,,1,13,0,0,1,0
4,6,1,1,1,94,FRANCE,ILE-DE-FRANCE,073,94073,THIAIS,RUE DES ALOUETTES,197165,0,4,VC,0,1,0,0,0,0,1,4875250,237194,,1,7,0,0,1,0
1,7,1,1,6,94,FRANCE,ILE-DE-FRANCE,081,94081,VITRY-SUR-SEINE,AVENUE DE L'ABBE ROGER DERRY,197167,0,3,RD,55,3,4,4,425,0,1,4879140,239466,,1,,0,0,0,1
1,6,1,1,7,94,FRANCE,ILE-DE-FRANCE,076,94076,VILLEJUIF,RUE MARCEL GROSMENIL,197177,0,4,VC,0,2,1,0,0,0,4,4879760,235486,,1,,0,0,1,0
1,6,2,1,2,94,FRANCE,ILE-DE-FRANCE,080,94080,VINCENNES,RUE DU DOCTEUR LEBEL,197179,0,4,VC,0,1,1,0,0,0,1,4884600,243087,,1,7,0,0,1,0
5,7,1,1,2,94,FRANCE,ILE-DE-FRANCE,068,94068,SAINT-MAUR-DES-FOSSES,RUE DE SAVOIE,197218,0,4,VC,0,1,1,0,0,0,1,4881080,248183,,1,7,0,0,1,0
1,7,3,1,3,94,FRANCE,ILE-DE-FRANCE,028,94028,CRETEIL,RUE DU GENERAL LECLERC,197221,0,2,RN,19,2,4,12,339,0,1,4878670,246892,,1,7,0,0,1,0
1,7,1,1,3,94,FRANCE,ILE-DE-FRANCE,068,94068,SAINT-MAUR-DES-FOSSES,AVENUE FOCH,197227,0,3,RD,123,2,2,7,990,0,1,4880430,248638,,1,7,0,0,1,0
1,7,1,1,3,94,FRANCE,ILE-DE-FRANCE,068,94068,SAINT-MAUR-DES-FOSSES,AVENUE DU NORD,197228,0,4,VC,0,2,2,0,0,0,1,4880960,249554,,1,7,0,0,1,0
2,6,2,7,1,94,FRANCE,ILE-DE-FRANCE,080,94080,VINCENNES,AVENUE DE PARIS,197286,0,2,RN,34,2,4,7,71,0,1,4884500,243459,,1,7,0,0,1,0
1,7,2,1,3,94,FRANCE,ILE-DE-FRANCE,017,94017,CHAMPIGNY-SUR-MARNE,RUE JEAN JAURES,197343,0,2,RN,4,2,2,13,459,0,1,,,,1,7,0,0,1,0
1,7,1,1,2,94,FRANCE,ILE-DE-FRANCE,017,94017,CHAMPIGNY-SUR-MARNE,CHEMIN DES LYONNES,197348,0,4,VC,0,2,1,1,0,0,1,,,,1,10,0,0,1,0
1,6,1,1,3,94,FRANCE,ILE-DE-FRANCE,038,94038,HAY-LES-ROSES (L'),RUE DE LA COSARDE,197390,0,3,RD,74,2,1,,,0,1,,,,1,32,0,0,1,0
1,7,4,1,2,94,FRANCE,ILE-DE-FRANCE,068,94068,SAINT-MAUR-DES-FOSSES,RUE DU PONT DE CRETEIL ,197397,5,2,RN,186,3,2,29,0,0,1,,,,1,7,0,0,1,0
1,7,2,1,3,94,FRANCE,ILE-DE-FRANCE,068,94068,SAINT-MAUR-DES-FOSSES,AVENUE DU BAC,197402,0,3,RD,123,2,2,,,0,1,,,,1,7,0,0,1,0
1,7,6,1,3,94,FRANCE,ILE-DE-FRANCE,028,94028,CRETEIL,PL DU GENERAL PIERRE BILLOTTE,197425,5,4,VC,0,2,2,,,0,1,,,,1,7,0,0,1,0
1,5,2,1,3,94,FRANCE,ILE-DE-FRANCE,077,94077,VILLENEUVE-LE-ROI,AVENUE PASTEUR ,197427,5,4,VC,0,1,1,,,0,1,,,,1,7,0,0,1,0
5,5,1,1,3,94,FRANCE,ILE-DE-FRANCE,044,94044,LIMEIL-BREVANNES,AVENUE JEAN MONNET,197440,5,3,RD,0,2,4,,,0,1,,,,1,7,0,0,1,0
1,5,4,8,7,94,FRANCE,ILE-DE-FRANCE,037,94037,GENTILLY,AVENUE RASPAIL,197444,6,3,RD,127,2,1,,,0,1,,,,1,7,0,0,1,0
1,6,1,1,3,94,FRANCE,ILE-DE-FRANCE,018,94018,CHARENTON-LE-PONT,RUE DE L'ARCADE,197512,0,3,RD,50,1,1,,,0,1,,,,1,7,0,0,1,0
1,7,4,1,3,94,FRANCE,ILE-DE-FRANCE,028,94028,CRETEIL,RUE GUSTAVE EIFFEL,197522,5,4,VC,,2,2,,,0,1,,,,1,7,0,0,1,0
1,7,3,2,7,94,FRANCE,ILE-DE-FRANCE,041,94041,IVRY-SUR-SEINE,RUE PIERRE HONFROY,197539,,4,VC,,1,1,,,0,3,,,,1,,0,0,1,0
1,7,1,8,3,94,FRANCE,ILE-DE-FRANCE,068,94068,SAINT-MAUR-DES-FOSSES,BOULEVARD DE CHAMPIGNY,197568,0,3,RD,30,2,2,,,0,1,,,,1,10,0,0,1,0
5,6,2,8,3,94,FRANCE,ILE-DE-FRANCE,052,94052,NOGENT-SUR-MARNE,RUE DU MARECHAL VAILLANT,197611,0,4,VC,0,2,2,,,0,1,,,,1,7,0,0,1,0
1,7,6,1,3,94,FRANCE,ILE-DE-FRANCE,033,94033,FONTENAY-SOUS-BOIS,PL AMITIE ENTRE LES PEUPLES,197670,0,4,VC,,1,2,,,0,5,,,,1,7,0,0,1,0
5,7,1,4,2,94,FRANCE,ILE-DE-FRANCE,028,94028,CRETEIL,RUE ANDRE-CHARLES BOULLE,197735,0,4,VC,0,2,2,,,0,1,,,,1,7,0,0,1,0
5,6,1,4,2,94,FRANCE,ILE-DE-FRANCE,016,94016,CACHAN,AVENUE CARNOT,197771,0,3,RD,57,2,2,,,0,1,,,,1,7,0,0,1,0
1,1,1,8,7,94,FRANCE,ILE-DE-FRANCE,076,94076,VILLEJUIF,AVENUE DE PARIS,197786,0,2,RN,7,1,3,6,20,3,1,,,,1,14,0,0,1,0
1,5,3,1,2,94,FRANCE,ILE-DE-FRANCE,003,94003,ARCUEIL,AVENUE ARISTIDE BRIAND,197814,0,2,RN,20,1,4,5,770,0,1,4880820,232638,,1,10,0,0,1,0
1,7,4,1,3,94,FRANCE,ILE-DE-FRANCE,017,94017,CHAMPIGNY-SUR-MARNE,AVENUE LA FONTAINE,197823,0,4,VC,0,2,2,1,0,0,1,4883050,249858,,1,7,0,0,1,0
1,7,1,1,2,94,FRANCE,ILE-DE-FRANCE,081,94081,VITRY-SUR-SEINE,QUAI JULES GUESDE,197873,0,3,RD,52,2,2,0,0,0,1,4880270,241051,,1,7,0,0,1,0
1,7,1,1,3,94,FRANCE,ILE-DE-FRANCE,041,94041,IVRY-SUR-SEINE,BOULEVARD DE STALINGRAD ,197879,0,2,RN,305,2,1,2,124,0,4,4880170,237920,,1,10,0,0,1,0
1,1,6,2,1,94,FRANCE,ILE-DE-FRANCE,054,94054,ORLY,AVENUE MARCEL CACHIN ,197883,0,3,RD,125,2,1,0,0,0,1,4874580,241029,,1,7,0,0,1,0
1,5,1,8,2,94,FRANCE,ILE-DE-FRANCE,042,94042,JOINVILLE-LE-PONT,AVENUE DU GENERAL GALLIENI,197885,0,2,RN,4,2,2,11,257,0,1,4882010,247936,,1,2,0,0,1,0
1,7,1,1,3,94,FRANCE,ILE-DE-FRANCE,017,94017,CHAMPIGNY-SUR-MARNE,QUAI LUCIE,197917,0,4,VC,0,2,2,0,0,0,1,4883070,249777,,1,10,0,0,1,0
1,5,1,1,6,94,FRANCE,ILE-DE-FRANCE,069,94069,SAINT-MAURICE,RUE EDMOND NOCARD,197947,0,4,VC,0,1,1,0,0,0,4,4882130,242017,,1,,0,0,0,1
1,5,6,1,3,94,FRANCE,ILE-DE-FRANCE,067,94067,SAINT-MANDE,AVENUE GALLIENI,197962,0,2,RN,34,2,6,5,795,0,1,4884680,241757,,1,30,0,0,1,0
1,6,2,1,3,94,FRANCE,ILE-DE-FRANCE,052,94052,NOGENT-SUR-MARNE,RUE JACQUES KABLE,198031,5,3,RD,120,2,2,0,0,0,1,4883550,249405,,1,7,0,0,1,0
1,6,2,1,3,94,FRANCE,ILE-DE-FRANCE,038,94038,HAY-LES-ROSES (L'),BOULEVARD PAUL VAILLANT COUTURIER,198032,0,3,RD,126,3,4,0,0,0,1,4877630,234011,,1,7,0,0,1,0
1,6,1,2,2,94,FRANCE,ILE-DE-FRANCE,058,94058,PERREUX-SUR-MARNE (LE),AVENUE DU 8 MAI 1945,198073,0,3,RD,45,2,1,0,0,0,1,4884920,250888,,1,7,0,0,1,0
1,6,1,1,3,94,FRANCE,ILE-DE-FRANCE,058,94058,PERREUX-SUR-MARNE (LE),AVENUE DU GENERAL DE GAULLE,198093,0,3,RD,30,2,2,0,0,0,1,4884210,250480,,1,32,0,0,1,0
1,6,3,7,3,94,FRANCE,ILE-DE-FRANCE,038,94038,HAY-LES-ROSES (L'),RUE DES TULIPES,198101,0,4,VC,0,1,1,0,0,0,1,4877880,235204,,1,7,0,0,1,0
1,6,1,1,3,94,FRANCE,ILE-DE-FRANCE,018,94018,CHARENTON-LE-PONT,AVENUE DE LA LIBERTE,198118,0,3,RD,50,0,3,0,0,0,1,4882510,240610,,1,7,0,0,1,0
1,7,1,1,6,94,FRANCE,ILE-DE-FRANCE,041,94041,IVRY-SUR-SEINE,AVENUE MAURICE THOREZ,198123,0,3,RD,50,2,1,0,0,1,5,4881900,237382,,1,7,0,0,1,0
1,6,1,1,3,94,FRANCE,ILE-DE-FRANCE,071,94071,SUCY-EN-BRIE,RUE ALBERT DRU,198126,0,4,VC,0,2,2,0,0,0,1,4876380,252468,,1,37,0,0,1,0
5,5,3,1,3,94,FRANCE,ILE-DE-FRANCE,044,94044,LIMEIL-BREVANNES,AVENUE DE VERDUN,198151,0,3,RD,29,2,2,0,0,0,1,4875190,248753,,1,7,0,0,1,0
1,7,1,8,3,94,FRANCE,ILE-DE-FRANCE,041,94041,IVRY-SUR-SEINE,QUAI MARCEL BOYER,198163,0,2,RN,19,1,1,4,672,0,4,4882160,239381,,1,10,0,0,1,0
1,1,4,1,3,94,FRANCE,ILE-DE-FRANCE,054,94054,ORLY,A106,198170,3,1,Autoroute,106,1,1,0,0,0,1,4873920,236359,,1,7,0,0,1,0
1,6,1,1,3,94,FRANCE,ILE-DE-FRANCE,002,94002,ALFORTVILLE,RUE VAILLANT COUTURIER ,198187,0,4,VC,0,1,1,0,0,0,1,4881070,241672,,1,7,0,0,1,0
1,6,4,1,3,94,FRANCE,ILE-DE-FRANCE,002,94002,ALFORTVILLE,RUE CHARLES DE GAULLE,198189,0,2,RN,19,2,2,6,747,0,1,4881450,241193,,1,7,0,0,1,0
1,6,1,1,3,94,FRANCE,ILE-DE-FRANCE,071,94071,SUCY-EN-BRIE,RUE DE PARIS,198245,0,3,RD,60,3,4,0,0,0,1,4877300,250138,,1,7,0,0,1,0
1,5,3,7,3,94,FRANCE,ILE-DE-FRANCE,044,94044,LIMEIL-BREVANNES,AVENUE DE VALENTON,198247,0,3,RD,136,2,2,0,0,0,1,4874310,250190,,1,7,0,0,1,0
1,6,2,1,3,94,FRANCE,ILE-DE-FRANCE,071,94071,SUCY-EN-BRIE,RUE ROYALE ,198258,0,4,VC,0,2,2,0,0,0,1,4875600,253822,,1,7,0,0,1,0
1,7,6,1,3,94,FRANCE,ILE-DE-FRANCE,017,94017,CHAMPIGNY-SUR-MARNE,AVENUE HENRI-MARIE LE BOURSICAUD,198339,0,3,RD,7,1,1,1,0,0,1,4881400,252670,,1,7,0,0,1,0
1,7,1,1,3,94,FRANCE,ILE-DE-FRANCE,017,94017,CHAMPIGNY-SUR-MARNE,RUE DE LA PLAGE,198340,0,4,VC,0,1,1,1,0,0,1,4881390,250184,,1,10,0,0,1,0
1,7,2,1,3,94,FRANCE,ILE-DE-FRANCE,017,94017,CHAMPIGNY-SUR-MARNE,RUE JEAN JAURES,198348,0,2,RN,4,0,2,13,459,0,1,,,,1,7,0,0,1,0
1,5,1,1,3,94,FRANCE,ILE-DE-FRANCE,069,94069,SAINT-MAURICE,RUE DU MARECHAL LECLERC,198392,0,3,RD,123,2,2,0,0,0,1,4881790,244310,,1,7,0,0,1,0
2,6,1,1,6,94,FRANCE,ILE-DE-FRANCE,018,94018,CHARENTON-LE-PONT,PONT MARTINET,198393,6,4,VC,0,2,0,0,0,1,5,4881790,241228,,1,,0,0,0,1
1,5,2,2,3,94,FRANCE,ILE-DE-FRANCE,069,94069,SAINT-MAURICE,AVENUE DU PRESIDENT JOHN FITZGERALD KENNEDY,198398,0,3,RD,123,2,2,0,,0,1,,,,1,10,0,0,1,0
1,6,1,1,3,94,FRANCE,ILE-DE-FRANCE,018,94018,CHARENTON-LE-PONT,RUE DE LA REPUBLIQUE ,198403,0,3,RD,38,1,1,,,0,1,,,,1,7,0,0,1,0
1,5,1,9,3,94,FRANCE,ILE-DE-FRANCE,069,94069,SAINT-MAURICE,RUE DU MARECHAL LECLERC,198422,0,3,RD,123,0,2,0,0,0,4,4881810,243184,,1,7,0,0,1,0
1,6,4,1,3,94,FRANCE,ILE-DE-FRANCE,079,94079,VILLIERS-SUR-MARNE,ROUTE DE BRY,198439,0,3,RD,30,2,2,0,0,0,1,4883040,253722,,1,7,0,0,1,0
1,6,1,1,2,94,FRANCE,ILE-DE-FRANCE,079,94079,VILLIERS-SUR-MARNE,AVENUE HENRI DUNANT,198457,0,4,VC,0,2,2,0,0,0,1,4882360,253556,,1,10,0,0,1,0