lum,agg,int,atm,col,dep_bis,pays,region,com_bis,com_codeINSEE,communes,N_voie,numac,infra,catr,type_route,voie,circ,nbv,pr,pr1,vosp,situ,lat,long,adr,accident_velo,vehicule_imp,cycl_mort,cycl_bgv,cycl_blg,cycl_indm
1,5,3,1,3,94,FRANCE,ILE-DE-FRANCE,019,94019,CHENNEVIERES-SUR-MARNE,VLA ILE DE FRANCE,198472,0,4,VC,0,2,1,0,0,0,1,4880270,255345,,1,7,0,0,1,0
1,5,6,1,3,94,FRANCE,ILE-DE-FRANCE,059,94059,PLESSIS-TREVISE (LE),AVENUE ARDOUIN ,198481,0,4,VC,0,0,2,,,0,1,,,,1,7,0,0,1,0
1,5,1,1,3,94,FRANCE,ILE-DE-FRANCE,055,94055,ORMESSON-SUR-MARNE,AVENUE OLIVIER D'ORMESSON,198506,0,3,RD,0,2,2,,,0,1,,,,1,37,0,0,1,0
2,6,3,2,3,94,FRANCE,ILE-DE-FRANCE,022,94022,CHOISY-LE-ROI,AVENUE D'ALFORTVILLE,198515,5,3,RD,38,2,2,0,0,0,1,4877200,241395,,1,7,0,0,1,0
1,6,1,1,3,94,FRANCE,ILE-DE-FRANCE,022,94022,CHOISY-LE-ROI,AVENUE VICTOR HUGO,198533,0,2,RN,186,1,1,22,980,0,1,4876720,241511,,1,7,0,0,1,0
1,6,3,1,2,94,FRANCE,ILE-DE-FRANCE,022,94022,CHOISY-LE-ROI,AVENUE DU 8 MAI 1945,198552,0,3,RD,124,2,2,0,0,0,1,4876440,240996,,1,7,0,0,1,0
1,6,1,1,3,94,FRANCE,ILE-DE-FRANCE,054,94054,ORLY,RUE CAMILLE GUERIN,198556,0,4,VC,0,2,2,,,0,1,,,,1,7,0,0,1,0
1,5,1,1,2,94,FRANCE,ILE-DE-FRANCE,011,94011,BONNEUIL-SUR-MARNE,RUE PIERRE SEMARD,198573,0,3,RD,60,2,4,0,0,0,1,4876350,248012,,1,7,0,0,1,0
1,7,1,1,2,94,FRANCE,ILE-DE-FRANCE,028,94028,CRETEIL,RUE DOMINIQUE DUVAUCHELLE,198577,0,4,VC,0,2,2,0,0,0,1,4876830,245844,,1,7,0,0,1,0
1,7,2,1,3,94,FRANCE,ILE-DE-FRANCE,028,94028,CRETEIL,AVENUE DU DOCTEUR PAUL CASALIS,198615,5,4,VC,0,2,2,0,0,0,1,4878000,246168,,1,7,0,0,1,0
1,7,1,1,3,94,FRANCE,ILE-DE-FRANCE,028,94028,CRETEIL,AVENUE PIERRE BROSSOLETTE,198632,0,2,RN,19,2,2,11,565,0,1,4879170,246199,,1,7,0,0,1,0
1,7,2,1,3,94,FRANCE,ILE-DE-FRANCE,028,94028,CRETEIL,AVENUE DU GENERAL DE GAULLE,198642,0,3,RD,1,3,4,0,0,0,1,4878220,245474,,1,7,0,0,1,0
1,7,1,1,7,94,FRANCE,ILE-DE-FRANCE,028,94028,CRETEIL,ROUTE DE CHOISY,198654,0,2,RN,186,2,2,26,680,3,1,4878470,244808,,1,,0,0,1,0
1,7,1,2,3,94,FRANCE,ILE-DE-FRANCE,028,94028,CRETEIL,CHEMIN DE LA POMPADOUR,198666,0,3,RD,3060,3,6,0,0,3,1,4876630,247402,,1,7,0,0,1,0
1,5,6,1,1,94,FRANCE,ILE-DE-FRANCE,011,94011,BONNEUIL-SUR-MARNE,AVENUE DE PARIS,198675,0,2,RN,19,2,0,13,227,0,5,4878000,247587,,1,7,0,0,1,0
1,7,1,1,3,94,FRANCE,ILE-DE-FRANCE,028,94028,CRETEIL,AVENUE DES PETITES HAIES,198680,0,4,VC,0,0,2,0,0,0,1,4878810,243992,,1,7,0,0,1,0
1,5,1,1,3,94,FRANCE,ILE-DE-FRANCE,011,94011,BONNEUIL-SUR-MARNE,AVENUE RHIN ET DANUBE,198691,0,4,VC,0,0,4,,,0,1,,,,1,10,0,0,1,0
5,7,1,1,3,94,FRANCE,ILE-DE-FRANCE,028,94028,CRETEIL,AVENUE DE VERDUN,198695,0,2,RN,186,3,4,27,900,0,1,,,,1,7,0,0,1,0
1,7,2,1,3,94,FRANCE,ILE-DE-FRANCE,028,94028,CRETEIL,RUE HENRI MATISSE,198702,0,4,VC,,2,2,,,0,1,,,,1,13,0,0,1,0
1,6,1,1,3,94,FRANCE,ILE-DE-FRANCE,043,94043,KREMLIN-BICETRE (LE),AVENUE DE FONTAINEBLEAU,198798,0,2,RN,7,1,4,5,130,0,1,4881460,236088,,1,7,0,0,1,0
1,5,1,1,7,94,FRANCE,ILE-DE-FRANCE,003,94003,ARCUEIL,AVENUE LAPLACE,198801,0,3,RD,61,1,1,0,0,3,1,4880960,232835,,1,,0,0,1,0
1,6,1,1,2,94,FRANCE,ILE-DE-FRANCE,016,94016,CACHAN,RUE MARC SANGNIER ,198809,0,4,VC,0,2,2,0,0,0,4,4878600,233112,,1,7,0,0,1,0
1,5,3,1,3,94,FRANCE,ILE-DE-FRANCE,037,94037,GENTILLY,RUE JEAN LOUIS,198825,0,4,VC,0,2,1,0,0,0,1,4880840,234545,,1,7,0,0,1,0
1,6,1,1,7,94,FRANCE,ILE-DE-FRANCE,043,94043,KREMLIN-BICETRE (LE),RUE GABRIEL PERI,198839,0,3,RD,126,1,2,0,0,0,1,4880500,234493,,1,,0,0,1,0
5,5,3,1,2,94,FRANCE,ILE-DE-FRANCE,037,94037,GENTILLY,AVENUE PAUL VAILLANT COUTURIER,198861,0,3,RD,50,2,2,,,0,1,,,,1,7,0,0,1,0
1,6,2,1,3,94,FRANCE,ILE-DE-FRANCE,076,94076,VILLEJUIF,RUE DES VILLAS,198876,0,4,VC,0,2,2,,,0,1,,,,1,7,0,0,1,0
1,5,1,1,3,94,FRANCE,ILE-DE-FRANCE,003,94003,ARCUEIL,AVENUE LAPLACE,198892,0,3,RD,61,2,2,,,0,5,,,,1,7,0,0,1,0
5,5,1,8,3,94,FRANCE,ILE-DE-FRANCE,003,94003,ARCUEIL,AVENUE DE LA CONVENTION,198905,0,3,RD,57,4,2,,,0,1,,,,1,7,0,0,1,0
1,5,1,1,3,94,FRANCE,ILE-DE-FRANCE,021,94021,CHEVILLY-LARUE,AVENUE DE LA REPUBLIQUE,198957,0,3,RD,65,3,3,0,0,0,1,4876190,236598,,1,7,0,0,1,0
1,6,2,1,1,94,FRANCE,ILE-DE-FRANCE,038,94038,HAY-LES-ROSES (L'),RUE DE BICETRE,198969,0,4,VC,0,2,2,0,0,0,1,4877580,235340,,1,7,0,0,1,0
1,6,1,1,1,94,FRANCE,ILE-DE-FRANCE,034,94034,FRESNES,RUE DE VERDUN ,198979,0,4,VC,0,0,0,0,0,0,1,4875620,231661,,1,7,0,0,1,0
1,6,3,1,3,94,FRANCE,ILE-DE-FRANCE,073,94073,THIAIS,AVENUE DU PRESIDENT FRANKLIN ROOSEVELT,199007,0,4,VC,0,2,2,,,0,1,,,,1,7,0,0,1,0
1,6,2,8,3,94,FRANCE,ILE-DE-FRANCE,034,94034,FRESNES,RUE HENRI BARBUSSE,199008,5,4,VC,0,2,2,,,3,1,,,,1,37,0,0,0,1
2,6,3,1,3,94,FRANCE,ILE-DE-FRANCE,034,94034,FRESNES,AVENUE DE LA LIBERTE,199017,0,3,RD,126,2,2,,,0,1,,,,1,7,0,0,1,0
1,6,1,1,6,94,FRANCE,ILE-DE-FRANCE,038,94038,HAY-LES-ROSES (L'),AVENUE DU GENERAL DE GAULLE,199018,0,3,RD,55,1,1,,,1,5,,,,1,,0,0,0,1
1,5,1,1,1,94,FRANCE,ILE-DE-FRANCE,021,94021,CHEVILLY-LARUE,RUE DU LIEUTENANT ALAIN LE COZ,199033,0,4,VC,0,1,1,,,0,1,,,,1,7,0,0,1,0
1,6,2,1,2,94,FRANCE,ILE-DE-FRANCE,073,94073,THIAIS,AVENUE DE VERSAILLES,199036,0,2,RN,186,0,3,21,190,0,1,,,,1,7,0,0,1,0
1,7,1,1,3,94,FRANCE,ILE-DE-FRANCE,041,94041,IVRY-SUR-SEINE,AVENUE DANIELLE CASANOVA,199069,0,3,RD,123,2,2,0,0,0,1,4881610,238272,,1,7,0,0,1,0
1,7,6,3,3,94,FRANCE,ILE-DE-FRANCE,041,94041,IVRY-SUR-SEINE,RUE GALILEE,199101,5,2,RN,19,1,2,5,770,0,1,4881460,240209,,1,13,0,0,1,0
1,7,1,1,2,94,FRANCE,ILE-DE-FRANCE,041,94041,IVRY-SUR-SEINE,PONT NELSON MANDELA,199112,2,3,RD,50,1,4,,,0,1,,,,1,7,0,0,1,0
1,7,1,1,2,94,FRANCE,ILE-DE-FRANCE,041,94041,IVRY-SUR-SEINE,RUE MARAT,199117,0,4,VC,0,1,1,,,0,1,,,,1,7,0,0,1,0
1,7,2,1,3,94,FRANCE,ILE-DE-FRANCE,041,94041,IVRY-SUR-SEINE,BOULEVARD PAUL VAILLANT COUTURIER,199120,5,2,RN,19,1,2,5,238,3,1,,,,1,7,,,,
5,7,1,1,2,94,FRANCE,ILE-DE-FRANCE,041,94041,IVRY-SUR-SEINE,PONT NELSON MANDELA,199123,2,3,RD,50,1,4,,,0,1,,,,1,7,0,0,1,0
1,7,1,1,3,94,FRANCE,ILE-DE-FRANCE,041,94041,IVRY-SUR-SEINE,AVENUE MAURICE THOREZ,199130,0,3,RD,50,1,2,,,0,1,,,,1,7,0,0,1,0
1,7,1,1,3,94,FRANCE,ILE-DE-FRANCE,041,94041,IVRY-SUR-SEINE,PONT NELSON MANDELA,199132,2,3,RD,50,1,4,,,0,1,,,,1,7,0,0,1,0
1,7,3,1,3,94,FRANCE,ILE-DE-FRANCE,046,94046,MAISONS-ALFORT,ALLEE DES CAMELIAS,199162,0,4,VC,0,2,2,0,0,0,1,4881170,242190,,1,7,0,0,1,0
1,7,1,1,3,94,FRANCE,ILE-DE-FRANCE,046,94046,MAISONS-ALFORT,AVENUE DE LA REPUBLIQUE,199165,0,3,RD,48,2,2,0,0,0,1,4880730,244611,,1,7,0,0,1,0
2,7,1,1,6,94,FRANCE,ILE-DE-FRANCE,046,94046,MAISONS-ALFORT,AVENUE DE VERDUN,199182,0,3,RD,40,0,2,,,1,1,,,,1,,0,0,0,1
1,6,2,1,3,94,FRANCE,ILE-DE-FRANCE,058,94058,PERREUX-SUR-MARNE (LE),RUE HENRI NAVARRE,199202,5,4,VC,0,1,1,0,0,0,1,4883290,250213,,1,7,0,0,1,0
1,5,1,1,2,94,FRANCE,ILE-DE-FRANCE,042,94042,JOINVILLE-LE-PONT,RUE DE PARIS,199214,0,2,RN,186,1,3,30,110,0,1,4881730,246715,,1,7,0,0,1,0
1,6,2,1,3,94,FRANCE,ILE-DE-FRANCE,058,94058,PERREUX-SUR-MARNE (LE),ALLEE MARIGNY,199224,0,4,VC,0,0,0,0,0,0,1,4883620,250384,,1,7,0,0,1,0
1,6,3,1,3,94,FRANCE,ILE-DE-FRANCE,058,94058,PERREUX-SUR-MARNE (LE),AVENUE PIERRE BROSSOLETTE,199226,0,3,RD,120,2,2,0,0,0,1,4883520,249955,,1,7,0,0,1,0
1,6,2,1,3,94,FRANCE,ILE-DE-FRANCE,058,94058,PERREUX-SUR-MARNE (LE),ALLEE MARIGNY,199230,0,4,VC,0,2,2,0,0,0,1,4883620,250384,,1,7,0,0,1,0
1,5,2,1,2,94,FRANCE,ILE-DE-FRANCE,015,94015,BRY-SUR-MARNE,BOULEVARD PASTEUR,199233,0,3,RD,30,2,2,0,0,0,1,4883250,253156,,1,7,0,0,1,0
1,6,1,1,3,94,FRANCE,ILE-DE-FRANCE,058,94058,PERREUX-SUR-MARNE (LE),RUE JEAN D'ESTIENNE D'ORVES,199236,0,4,VC,0,3,0,0,0,0,1,4883930,249931,,1,7,0,0,1,0
1,5,1,1,3,94,FRANCE,ILE-DE-FRANCE,042,94042,JOINVILLE-LE-PONT,AVENUE PIERRE MENDES FRANCE,199244,0,3,RD,48,2,3,0,0,0,1,4881230,245948,,1,10,0,0,1,0
1,7,1,1,3,94,FRANCE,ILE-DE-FRANCE,068,94068,SAINT-MAUR-DES-FOSSES,AVENUE DES FUSILLES DE CHATEAUBRIANT,199283,0,4,VC,0,2,2,0,0,0,1,4880400,249698,,1,7,0,0,1,0
1,7,1,1,3,94,FRANCE,ILE-DE-FRANCE,068,94068,SAINT-MAUR-DES-FOSSES,RUE GARIBALDI,199298,0,4,VC,0,2,2,0,0,0,1,4879900,247885,,1,7,0,0,1,0
1,7,2,1,3,94,FRANCE,ILE-DE-FRANCE,068,94068,SAINT-MAUR-DES-FOSSES,BOULEVARD DE BELLECHASSE,199306,0,4,VC,0,2,2,0,0,0,1,4879380,249232,,1,7,0,0,1,0
1,7,2,1,3,94,FRANCE,ILE-DE-FRANCE,068,94068,SAINT-MAUR-DES-FOSSES,AVENUE DU BAC,199313,0,3,RD,123,2,2,0,0,0,1,4879090,252080,,1,7,0,0,1,0
1,7,1,1,6,94,FRANCE,ILE-DE-FRANCE,068,94068,SAINT-MAUR-DES-FOSSES,AVENUE MAHIEU,199314,0,4,VC,0,1,1,0,0,0,1,4881150,247441,,1,7,0,0,1,0
1,7,2,1,3,94,FRANCE,ILE-DE-FRANCE,068,94068,SAINT-MAUR-DES-FOSSES,BOULEVARD DE BELLECHASSE,199321,0,4,VC,0,2,2,0,0,0,1,4879380,249232,,1,7,0,0,1,0
1,7,6,1,2,94,FRANCE,ILE-DE-FRANCE,068,94068,SAINT-MAUR-DES-FOSSES,PLACE D'ADAMVILLE KENNEDY ,199327,0,4,VC,0,1,2,0,0,0,1,4879380,248661,,1,7,0,0,1,0
3,5,2,1,3,94,FRANCE,ILE-DE-FRANCE,074,94074,VALENTON,AVENUE DU RU DE GIRONDE,199374,5,3,RD,94,3,2,3,393,1,1,4874430,246490,,1,7,0,0,1,0
1,6,4,3,2,94,FRANCE,ILE-DE-FRANCE,078,94078,VILLENEUVE-SAINT-GEORGES,IMPASSESEMARD,199423,0,2,RN,6,2,5,18,310,0,1,4872980,244690,,1,10,0,0,1,0
1,4,1,1,3,94,FRANCE,ILE-DE-FRANCE,001,94001,ABLON-SUR-SEINE,QUAI DE LA BARONNIE,199427,0,3,RD,29,2,2,1,0,0,1,4872250,242204,,1,10,0,0,1,0
1,6,1,1,3,94,FRANCE,ILE-DE-FRANCE,078,94078,VILLENEUVE-SAINT-GEORGES,AVENUE DE CHOISY,199431,0,3,RD,38,2,2,,,0,1,,,,1,10,0,0,1,0
5,6,1,1,6,94,FRANCE,ILE-DE-FRANCE,078,94078,VILLENEUVE-SAINT-GEORGES,CHEMIN DES PECHEURS,199473,0,4,VC,0,2,2,,,0,1,,,,1,7,0,0,1,0
1,6,2,1,6,94,FRANCE,ILE-DE-FRANCE,080,94080,VINCENNES,AVENUE AUBERT,199487,0,4,VC,0,1,1,0,0,0,1,4884750,242900,,1,,0,0,0,1
1,6,3,1,3,94,FRANCE,ILE-DE-FRANCE,080,94080,VINCENNES,AVENUE FOCH,199492,0,4,VC,0,1,1,0,0,0,1,4884600,243982,,1,7,0,0,1,0
1,5,1,1,3,94,FRANCE,ILE-DE-FRANCE,067,94067,SAINT-MANDE,AVENUE DU GENERAL DE GAULLE,199494,0,3,RD,38,2,2,0,0,0,4,4884050,241755,,1,7,0,0,1,0
1,6,1,1,3,94,FRANCE,ILE-DE-FRANCE,080,94080,VINCENNES,RUE DU MIDI,199499,0,4,VC,0,1,1,0,0,0,1,4884720,243559,,1,7,0,0,1,0
1,6,2,1,2,94,FRANCE,ILE-DE-FRANCE,080,94080,VINCENNES,AVENUE DE LA REPUBLIQUE,199502,0,3,RD,20,0,2,0,0,0,1,4884750,243083,,1,7,0,0,1,0
1,6,1,1,7,94,FRANCE,ILE-DE-FRANCE,080,94080,VINCENNES,BOULEVARD DE LA LIBERATION,199504,0,3,RD,40,2,2,0,0,0,1,4884710,244784,,1,,0,0,1,0
1,6,2,1,3,94,FRANCE,ILE-DE-FRANCE,080,94080,VINCENNES,RUE DE MONTREUIL,199511,0,3,RD,20,2,2,0,0,0,1,4884840,243462,,1,7,0,0,1,0
1,6,2,1,6,94,FRANCE,ILE-DE-FRANCE,080,94080,VINCENNES,AVENUE PIERRE BROSSOLETTE,199514,0,4,VC,0,2,2,,,1,1,,,,1,,0,0,0,1
1,6,3,1,1,94,FRANCE,ILE-DE-FRANCE,080,94080,VINCENNES,RUE DE FONTENAY,199515,0,3,RD,43,2,2,,,0,1,,,,1,34,0,0,1,0
1,5,2,1,2,94,FRANCE,ILE-DE-FRANCE,067,94067,SAINT-MANDE,AVENUE DU GENERAL DE GAULLE,199517,0,3,RD,38,2,2,,,0,1,,,,1,7,0,0,1,0
1,6,1,1,1,94,FRANCE,ILE-DE-FRANCE,080,94080,VINCENNES,RUE DES LAITIERES,199519,0,3,RD,43,1,1,,,0,1,,,,1,7,0,0,1,0
1,6,3,1,2,94,FRANCE,ILE-DE-FRANCE,080,94080,VINCENNES,RUE DE FONTENAY,199523,0,3,RD,43,2,2,,,0,1,,,,1,7,0,0,1,0
2,7,1,1,3,94,FRANCE,ILE-DE-FRANCE,081,94081,VITRY-SUR-SEINE,RUE GABRIEL PERI,199557,0,4,VC,0,2,2,0,0,0,1,4879800,239944,,1,7,0,0,1,0
1,7,2,8,3,94,FRANCE,ILE-DE-FRANCE,081,94081,VITRY-SUR-SEINE,RUE DU 18 JUIN 1940,199559,0,3,RD,55,2,2,0,0,0,1,4879150,239470,,1,7,0,0,1,0
1,7,1,1,1,94,FRANCE,ILE-DE-FRANCE,081,94081,VITRY-SUR-SEINE,AVENUE YOURI GAGARINE,199567,0,2,RN,305,1,6,4,0,0,4,4878720,239102,,1,7,0,0,1,0
1,7,3,1,3,94,FRANCE,ILE-DE-FRANCE,081,94081,VITRY-SUR-SEINE,AVENUE DU GROUPE MANOUCHIAN,199570,0,3,RD,124,1,2,0,0,0,1,4879440,240198,,1,7,0,0,1,0
4,7,1,1,3,94,FRANCE,ILE-DE-FRANCE,081,94081,VITRY-SUR-SEINE,CHEMIN DE HALAGE,199604,0,4,VC,0,2,1,,,0,1,,,,1,7,0,0,1,0
5,7,1,8,7,94,FRANCE,ILE-DE-FRANCE,081,94081,VITRY-SUR-SEINE,AVENUE DANIELLE CASANOVA,199618,0,3,RD,0,2,2,,,0,1,,,,1,7,0,0,1,0
1,5,1,1,3,95,FRANCE,ILE-DE-FRANCE,563,95563,SAINT-LEU-LA-FORET,AVENUE JEAN ROSTAND,199911,0,3,RD,0,3,4,,,0,1,,,,1,7,0,0,1,0
1,5,2,1,2,95,FRANCE,ILE-DE-FRANCE,210,95210,ENGHIEN-LES-BAINS,RUE DU GENERAL DE GAULLE ,199956,0,4,VC,0,2,2,1,0,0,1,,,,1,7,0,0,1,0
2,6,1,1,2,95,FRANCE,ILE-DE-FRANCE,607,95607,TAVERNY,AVENUE DES CHATAIGNIERS,199963,0,4,VC,0,2,2,,,0,1,,,,1,7,0,0,1,0
1,7,1,1,3,95,FRANCE,ILE-DE-FRANCE,018,95018,ARGENTEUIL,QUAI DE BEZONS,199993,0,2,RN,0,3,5,,,0,1,,,,1,7,0,0,1,0
1,6,1,1,3,95,FRANCE,ILE-DE-FRANCE,063,95063,BEZONS,RUE DES FRERES BONNEFF,200004,0,4,VC,0,1,1,,,0,1,,,,1,7,0,0,1,0
1,5,3,1,3,95,FRANCE,ILE-DE-FRANCE,563,95563,SAINT-LEU-LA-FORET,RUE DE PARIS,200016,0,3,RD,0,2,2,,,0,1,,,,1,7,0,0,1,0
1,7,1,1,3,95,FRANCE,ILE-DE-FRANCE,018,95018,ARGENTEUIL,ALLEE AUGUSTE RENOIR,200045,0,4,VC,0,2,2,,,0,1,,,,1,7,0,0,1,0
5,7,1,1,7,95,FRANCE,ILE-DE-FRANCE,018,95018,ARGENTEUIL,BOULEVARD JEAN ALLEMANE,200050,0,3,RD,0,2,4,,,0,1,,,,1,,0,0,1,0
1,5,1,1,3,95,FRANCE,ILE-DE-FRANCE,051,95051,BEAUCHAMP,CHAUSSEE JULES CESAR,200081,0,4,VC,0,2,2,,,0,1,,,,1,37,0,0,1,0
1,7,1,1,6,95,FRANCE,ILE-DE-FRANCE,018,95018,ARGENTEUIL,RUE D'ORGEMONT,200107,0,4,VC,0,2,2,,,0,1,,,,1,,0,0,1,0
1,7,1,1,7,95,FRANCE,ILE-DE-FRANCE,018,95018,ARGENTEUIL,RUE JEAN LURCAT,200111,0,4,VC,0,3,2,,,0,1,,,,1,,0,0,1,1
1,5,1,1,6,95,FRANCE,ILE-DE-FRANCE,176,95176,CORMEILLES-EN-PARISIS,RUE HENRI DUNANT ,200121,0,4,VC,0,2,2,,,0,1,,,,1,7,0,0,1,0
1,6,1,2,6,95,FRANCE,ILE-DE-FRANCE,252,95252,FRANCONVILLE,BOULEVARD RHIN ET DANUBE,200141,0,4,VC,0,2,2,,,0,1,,,,1,7,0,0,1,0
1,7,1,1,3,95,FRANCE,ILE-DE-FRANCE,018,95018,ARGENTEUIL,RUE DE LA BERIONNE,200173,0,4,VC,0,3,2,,,0,1,,,,1,7,0,0,1,0
1,6,6,1,3,95,FRANCE,ILE-DE-FRANCE,219,95219,ERMONT,RUE JEAN JAURES,200191,5,4,VC,0,1,1,,,0,1,,,,1,7,0,0,1,0
1,5,1,1,6,95,FRANCE,ILE-DE-FRANCE,491,95491,PLESSIS-BOUCHARD (LE),AVENUE JEAN MOULIN,200260,0,4,VC,0,2,2,,,0,1,,,,1,7,0,0,1,0
1,7,3,1,3,95,FRANCE,ILE-DE-FRANCE,018,95018,ARGENTEUIL,ROUTE DE CORMEILLES,200313,0,3,RD,0,2,3,,,0,1,,,,1,7,0,0,1,0
1,6,1,1,2,95,FRANCE,ILE-DE-FRANCE,306,95306,HERBLAY,BOULEVARD DU 8 MAI 1945,200325,2,3,RD,0,3,3,,,0,1,,,,1,7,0,0,1,0
1,7,6,1,3,95,FRANCE,ILE-DE-FRANCE,018,95018,ARGENTEUIL,RUE AG BELIN,200352,0,4,VC,0,2,2,,,0,1,,,,1,7,0,0,1,0
1,6,2,1,3,95,FRANCE,ILE-DE-FRANCE,582,95582,SANNOIS,AVENUE DAMIETTE,200356,0,4,VC,0,3,2,,,0,1,,,,1,7,0,0,1,0
1,5,1,9,7,95,FRANCE,ILE-DE-FRANCE,598,95598,SOISY-SOUS-MONTMORENCY,RUE DE MONTMORENCY ,200369,0,3,RD,0,2,2,,,0,0,,,,1,99,0,0,1,0
1,6,1,1,7,95,FRANCE,ILE-DE-FRANCE,306,95306,HERBLAY,ROUTE DE CONFLANS,200383,0,3,RD,0,2,2,,,1,1,,,,1,,0,0,1,0
1,6,1,1,6,95,FRANCE,ILE-DE-FRANCE,306,95306,HERBLAY,ROUTE DE CONFLANS,200384,0,4,VC,0,2,2,,,1,1,,,,1,,0,0,1,0
1,6,1,1,7,95,FRANCE,ILE-DE-FRANCE,582,95582,SANNOIS,RUE ALPHONSE DUCHESNE,200425,0,4,VC,0,2,2,,,0,1,,,,1,,0,0,1,0
5,5,1,1,2,95,FRANCE,ILE-DE-FRANCE,476,95476,OSNY,ROUTE D'ENNERY,200428,0,3,RD,0,2,2,,,2,5,,,,1,7,0,0,1,0
1,6,1,1,6,95,FRANCE,ILE-DE-FRANCE,203,95203,EAUBONNE,BOULEVARD DE LA REPUBLIQUE,200435,0,4,VC,0,1,1,,,0,1,,,,1,7,0,0,1,0
1,6,9,1,6,95,FRANCE,ILE-DE-FRANCE,607,95607,TAVERNY,RUE CLEMENT JEAN BAPTISTE ,200456,0,4,VC,0,2,2,,,1,5,,,,1,7,0,0,1,0
2,7,1,1,3,95,FRANCE,ILE-DE-FRANCE,018,95018,ARGENTEUIL,ROUTE D'ENGHIEN,200483,0,4,VC,0,3,4,,,0,1,,,,1,7,0,0,1,0
1,6,1,1,6,95,FRANCE,ILE-DE-FRANCE,203,95203,EAUBONNE,ROUTE DE MONTLIGNON,200500,0,3,RD,0,2,2,,,0,1,,,,1,7,0,0,1,0
5,7,2,1,3,95,FRANCE,ILE-DE-FRANCE,018,95018,ARGENTEUIL,AVENUE DE VERDUN,200553,2,3,RD,0,2,2,,,0,1,,,,1,7,0,0,1,0
5,6,1,2,1,95,FRANCE,ILE-DE-FRANCE,607,95607,TAVERNY,RUE HERBLAY,200586,0,4,VC,0,1,1,,,0,1,,,,1,7,0,0,1,0
1,5,3,1,6,95,FRANCE,ILE-DE-FRANCE,176,95176,CORMEILLES-EN-PARISIS,RUE DU DOCTEUR ROUX,200628,0,4,VC,0,0,2,,,0,0,,,,1,7,0,0,1,0
1,6,1,2,7,95,FRANCE,ILE-DE-FRANCE,306,95306,HERBLAY,RUE DE CORMEILLES,200649,0,4,VC,0,2,0,,,0,1,,,,1,,0,0,1,0
5,6,1,1,6,95,FRANCE,ILE-DE-FRANCE,306,95306,HERBLAY,AVENUE PAUL LANGEVIN,200651,0,4,VC,0,2,0,,,0,1,,,,1,7,0,0,1,0
1,6,1,1,2,95,FRANCE,ILE-DE-FRANCE,252,95252,FRANCONVILLE,RUE CADET DE VAUX,200693,0,4,VC,0,2,2,,,0,1,,,,1,7,0,0,1,0
1,5,1,1,3,95,FRANCE,ILE-DE-FRANCE,487,95487,PERSAN,ALEXANDRE PRACHAY,200706,0,4,VC,0,2,2,1,0,0,1,,,,1,7,0,0,1,0
1,7,1,1,6,95,FRANCE,ILE-DE-FRANCE,018,95018,ARGENTEUIL,RUE DES ALLOBROGES,200749,0,4,VC,0,2,2,,,1,1,,,,1,33,0,0,1,0
1,6,1,1,6,95,FRANCE,ILE-DE-FRANCE,063,95063,BEZONS,RUE VILLENEUVE,200756,0,4,VC,0,2,2,,,0,1,,,,1,7,0,0,1,0
1,5,1,1,6,95,FRANCE,ILE-DE-FRANCE,555,95555,SAINT-GRATIEN,RUE DU PICOLO,200757,0,4,VC,0,2,2,1,0,0,1,,,,1,,0,0,1,0
1,4,1,1,6,95,FRANCE,ILE-DE-FRANCE,426,95426,MONTLIGNON,ROUTE DE PARIS ,200759,0,3,RD,0,1,2,,,0,1,,,,1,10,0,0,1,0
1,6,1,1,1,95,FRANCE,ILE-DE-FRANCE,306,95306,HERBLAY,RUE DE LA MARNE,200766,0,4,VC,0,1,0,,,0,1,,,,1,7,0,0,1,0
1,6,1,1,2,95,FRANCE,ILE-DE-FRANCE,582,95582,SANNOIS,RUE DE L'ERMITAGE,200810,0,4,VC,0,2,3,,,0,1,,,,1,37,0,0,1,0
1,6,1,1,6,95,FRANCE,ILE-DE-FRANCE,203,95203,EAUBONNE,ROUTE DE SAINT LEU,200820,0,3,RD,0,2,2,,,0,1,,,,1,7,0,0,1,0
1,6,1,1,6,95,FRANCE,ILE-DE-FRANCE,203,95203,EAUBONNE,AVENUE VOLTAIRE,200823,0,3,RD,0,2,2,,,0,1,,,,1,7,0,0,1,0
1,5,1,1,3,95,FRANCE,ILE-DE-FRANCE,019,95019,ARNOUVILLE-LES-GONESSE,RUE DE BOISHUE,200850,0,4,VC,0,2,2,,,0,1,,,,1,7,0,0,1,0
1,7,1,1,7,95,FRANCE,ILE-DE-FRANCE,018,95018,ARGENTEUIL,ALLEE BEETHOVEN,200856,0,4,VC,0,1,1,,,0,1,,,,1,7,0,0,1,0
1,7,1,1,3,95,FRANCE,ILE-DE-FRANCE,018,95018,ARGENTEUIL,RUE DE LA BERIONNE,200865,1,4,VC,0,3,4,,,0,1,,,,1,7,0,0,1,0
1,7,3,1,3,95,FRANCE,ILE-DE-FRANCE,018,95018,ARGENTEUIL,PLACE ROMAIN ROLLAND,200919,0,4,VC,0,1,1,,,0,1,,,,1,7,0,0,1,0