lum,agg,int,atm,col,dep_bis,pays,region,com_bis,com_codeINSEE,communes,N_voie,numac,infra,catr,type_route,voie,circ,nbv,pr,pr1,vosp,situ,lat,long,adr,accident_velo,vehicule_imp,cycl_mort,cycl_bgv,cycl_blg,cycl_indm
1,6,1,1,1,95,FRANCE,ILE-DE-FRANCE,252,95252,FRANCONVILLE,BOULEVARD MAURICE BERTEAUX,202643,0,3,RD,139,2,2,0,300,0,1,4898590,222850,,1,7,0,0,1,0
1,5,5,1,3,95,FRANCE,ILE-DE-FRANCE,176,95176,CORMEILLES-EN-PARISIS,RUE DE LA BATAILLE,202677,0,4,VC,,2,2,,,0,1,4896440,220450,,1,7,0,0,1,0
1,7,2,1,3,95,FRANCE,ILE-DE-FRANCE,018,95018,ARGENTEUIL,BOULEVARD JEANNE D'ARC,202684,0,3,RD,41,2,4,3,200,0,0,4894620,224800,,1,37,0,0,1,0
1,7,3,1,3,95,FRANCE,ILE-DE-FRANCE,018,95018,ARGENTEUIL,RUE HENRI BARBUSSE,202686,0,4,VC,,2,2,,,3,1,4893420,223480,,1,7,0,0,1,0
1,6,1,1,6,95,FRANCE,ILE-DE-FRANCE,582,95582,SANNOIS,BOULEVARD CHARLES DE GAULLE,202687,0,3,RD,14,2,2,3,200,2,1,4897240,225560,,1,7,0,0,1,0
1,6,1,1,1,95,FRANCE,ILE-DE-FRANCE,219,95219,ERMONT,RUE TOULOUSE LAUTREC,202689,0,4,VC,,1,1,,,0,1,4899470,225490,,1,7,0,0,1,0
1,6,1,1,1,95,FRANCE,ILE-DE-FRANCE,582,95582,SANNOIS,RUE DES CARREAUX,202693,0,4,VC,,1,1,,,0,1,4898250,224050,,1,7,0,0,1,0
1,6,6,1,3,95,FRANCE,ILE-DE-FRANCE,203,95203,EAUBONNE,RUE TARBE DES SABLONS,202715,0,4,VC,,1,0,,,0,1,4899550,227140,,1,7,0,0,1,0
1,6,1,1,1,95,FRANCE,ILE-DE-FRANCE,252,95252,FRANCONVILLE,Chemin vert des Gratte-Boeufs,202732,0,9,Autre,,2,2,,,1,1,4899190,221610,,1,,0,0,1,0
1,6,3,1,6,95,FRANCE,ILE-DE-FRANCE,203,95203,EAUBONNE,Rue d'ENGHIEN,202746,0,4,VC,,2,2,,,,1,4899110,227870,,1,,0,0,1,0
1,6,6,1,3,95,FRANCE,ILE-DE-FRANCE,203,95203,EAUBONNE,AVENUE MATLOCK,202749,0,3,RD,909,2,2,7,50,0,1,4899340,227490,,1,7,0,0,1,0
1,5,1,1,2,95,FRANCE,ILE-DE-FRANCE,313,95313,ISLE-ADAM (L'),AVENUE DE PARIS,202780,0,3,RD,64,2,2,21,700,0,1,4911030,222550,,1,7,0,0,1,0
1,5,1,1,1,95,FRANCE,ILE-DE-FRANCE,424,95424,MONTIGNY-LES-CORMEILLES,ALLEE DU MONT DU FEU,202789,0,4,VC,,1,1,,,0,1,4898700,217920,,1,7,0,0,1,0
1,5,1,1,3,95,FRANCE,ILE-DE-FRANCE,427,95427,MONTMAGNY,AVENUE MAURICE UTRILLO,202790,0,3,RD,193,0,2,12,400,0,4,4897660,235410,,1,7,0,0,1,0
1,6,3,1,3,95,FRANCE,ILE-DE-FRANCE,203,95203,EAUBONNE,RUE JEANNE ROBILLON,202798,0,4,VC,,1,1,,,1,1,4899260,227680,,1,7,0,0,1,0
1,6,2,1,1,95,FRANCE,ILE-DE-FRANCE,306,95306,HERBLAY,RUE DE L'ORME SAUCERON,202804,0,4,VC,,1,1,,,0,1,4899040,216620,,1,7,0,0,1,0
1,6,1,1,3,95,FRANCE,ILE-DE-FRANCE,607,95607,TAVERNY,AVENUE DE LA DIVISION LECLERC,202818,0,3,RD,407,2,2,2,500,0,1,4901120,221440,,1,7,0,0,1,0
1,5,2,1,3,95,FRANCE,ILE-DE-FRANCE,424,95424,MONTIGNY-LES-CORMEILLES,RUE DU GENERAL DE GAULLE ,202833,0,4,VC,,2,2,,,0,1,4899170,219290,,1,7,0,0,1,0
1,6,1,1,3,95,FRANCE,ILE-DE-FRANCE,219,95219,ERMONT,AVENUE GEORGES POMPIDOU,202834,0,6,Parking,,0,0,,,0,1,4898800,224700,,1,7,0,0,1,0
2,5,6,2,2,95,FRANCE,ILE-DE-FRANCE,176,95176,CORMEILLES-EN-PARISIS,ROUTE D'ARGENTEUIL,202897,5,3,RD,48,2,2,5,500,0,1,4897070,219880,,1,7,0,0,1,0
1,6,3,1,2,95,FRANCE,ILE-DE-FRANCE,252,95252,FRANCONVILLE,RUE DU GENERAL LECLERC,202938,0,3,RD,14,2,2,6,900,1,4,4898740,221390,,1,7,0,0,1,0
1,5,3,1,3,95,FRANCE,ILE-DE-FRANCE,563,95563,SAINT-LEU-LA-FORET,RUE DU GENERAL LECLERC,202960,0,3,RD,928,1,1,9,500,0,1,4901790,224510,,1,7,0,0,1,0
2,7,1,8,3,95,FRANCE,ILE-DE-FRANCE,018,95018,ARGENTEUIL,RUE JACQUES BREL,202975,0,3,RD,109,1,2,0,200,0,1,4895690,227990,,1,33,0,0,0,1
1,1,1,1,3,95,FRANCE,ILE-DE-FRANCE,023,95023,ARRONVILLE,RD 188,203027,0,3,RD,188,2,2,19,300,0,1,4917740,209260,,1,7,0,0,1,0
1,1,6,1,3,95,FRANCE,ILE-DE-FRANCE,183,95183,COURDIMANCHE,RD 38,203037,5,3,RD,38,2,2,2,0,0,1,4903790,199560,,1,7,0,0,1,0
1,6,1,1,7,95,FRANCE,ILE-DE-FRANCE,582,95582,SANNOIS,BOULEVARD CHARLES DE GAULLE,203050,0,3,RD,14,2,2,2,300,1,1,4897110,225910,,1,,0,0,1,0
1,7,2,1,3,95,FRANCE,ILE-DE-FRANCE,018,95018,ARGENTEUIL,AVENUE DE VERDUN,203057,0,3,RD,0,2,2,,,0,1,4895250,224360,,1,10,0,0,1,0
1,7,3,1,1,95,FRANCE,ILE-DE-FRANCE,018,95018,ARGENTEUIL,RUE NOTRE DAME,203072,5,4,VC,,1,1,,,0,1,4894080,224760,,1,7,0,0,1,0
1,7,1,1,3,95,FRANCE,ILE-DE-FRANCE,018,95018,ARGENTEUIL,RUE DE COUDRAY,203085,0,4,VC,,3,2,,,0,1,4895480,223110,,1,7,0,0,1,0
1,7,1,1,6,95,FRANCE,ILE-DE-FRANCE,018,95018,ARGENTEUIL,RUE DUGUAY,203088,0,4,VC,,1,1,,,0,1,4893590,223470,,1,7,0,0,1,0
1,7,2,1,3,95,FRANCE,ILE-DE-FRANCE,018,95018,ARGENTEUIL,RUE ETIENNE DOLET ,203092,0,4,VC,,2,2,,,0,0,4895310,225880,,1,7,0,0,1,0
1,7,5,1,6,95,FRANCE,ILE-DE-FRANCE,018,95018,ARGENTEUIL,BOULEVARD JEAN ALLEMANE,203104,0,3,RD,909,3,4,1,700,0,1,4894910,225340,,1,7,0,0,1,0
1,7,1,1,6,95,FRANCE,ILE-DE-FRANCE,018,95018,ARGENTEUIL,RUE  ALFRED  LABRIERE,203112,0,3,RD,909,2,2,1,120,0,1,4894560,225460,,1,,0,0,1,0
1,6,2,1,2,95,FRANCE,ILE-DE-FRANCE,582,95582,SANNOIS,BOULEVARD CHARLES DE GAULLE,203119,0,3,RD,14,2,2,2,0,0,1,4896970,226320,,1,7,0,0,1,0
1,7,1,1,7,95,FRANCE,ILE-DE-FRANCE,018,95018,ARGENTEUIL,RAMPE DU PONT NEUF,203121,2,3,RD,15,2,2,0,100,0,1,4893360,224060,,1,,0,0,1,0
1,7,2,1,6,95,FRANCE,ILE-DE-FRANCE,018,95018,ARGENTEUIL,AVENUE DE VERDUN,203154,5,3,RD,122,2,2,1,400,0,1,4895250,224360,,1,,0,0,1,0
2,7,2,1,3,95,FRANCE,ILE-DE-FRANCE,018,95018,ARGENTEUIL,RUE AG BELIN,203164,0,4,VC,,2,2,,,0,1,4894610,224790,,1,7,0,0,1,0
5,7,6,2,3,95,FRANCE,ILE-DE-FRANCE,018,95018,ARGENTEUIL,BOULEVARD DU GENERAL LECLERC,203169,5,3,RD,41,3,2,1,500,0,1,4898320,222790,,1,7,0,0,1,0
1,6,3,7,1,95,FRANCE,ILE-DE-FRANCE,063,95063,BEZONS,RUE DES FRERES BONNEFF,203192,0,4,VC,,1,1,,,0,1,4892770,221320,,1,7,0,0,1,0
1,5,1,1,3,95,FRANCE,ILE-DE-FRANCE,572,95572,SAINT-OUEN-L'AUMONE,RUE ANTOINE BALARD,203208,0,4,VC,,1,1,,,0,1,4905230,214140,,1,7,0,0,1,0
5,5,1,1,3,95,FRANCE,ILE-DE-FRANCE,555,95555,SAINT-GRATIEN,BOULEVARD DE L'ENTENTE,203224,5,3,RD,470,2,2,0,300,0,1,4897710,227150,,1,7,0,0,1,0
1,5,1,1,2,95,FRANCE,ILE-DE-FRANCE,210,95210,ENGHIEN-LES-BAINS,RUE DE MALLEVILLE,203237,0,4,VC,,2,2,,,0,1,4896780,230580,,1,7,0,0,1,0
1,6,3,1,3,95,FRANCE,ILE-DE-FRANCE,252,95252,FRANCONVILLE,RUE DU SERGENT HURTEAUX,203265,0,3,RD,139,1,2,1,300,0,1,4899590,223860,,1,7,0,0,1,0
1,6,2,1,3,95,FRANCE,ILE-DE-FRANCE,219,95219,ERMONT,RUE DES EPINETTES,203273,0,4,VC,,2,2,,,0,1,4897780,225990,,1,7,0,0,1,0
1,6,3,1,3,95,FRANCE,ILE-DE-FRANCE,219,95219,ERMONT,RUE DUGRAND GRIL,203282,0,3,RD,470,2,2,0,850,0,1,4897710,227110,,1,7,0,0,1,0
1,6,6,1,2,95,FRANCE,ILE-DE-FRANCE,203,95203,EAUBONNE,ROUTE DE MONTMORENCY,203283,5,3,RD,144,1,1,2,400,0,1,4900330,228140,,1,7,0,0,1,0
1,6,1,1,3,95,FRANCE,ILE-DE-FRANCE,219,95219,ERMONT,RUE DE STALINGRAD,203286,0,3,RD,192,2,2,2,300,0,1,4898760,225860,,1,7,0,0,1,0
1,6,1,1,3,95,FRANCE,ILE-DE-FRANCE,219,95219,ERMONT,BOULEVARD DE CERNAY,203298,0,3,RD,508,2,2,0,650,0,1,4898110,224810,,1,7,0,0,1,0
1,6,1,1,3,95,FRANCE,ILE-DE-FRANCE,219,95219,ERMONT,RUE GABRIEL PERI,203300,0,4,VC,,1,1,,,0,1,4899160,224720,,1,7,0,0,1,0
1,6,1,1,2,95,FRANCE,ILE-DE-FRANCE,203,95203,EAUBONNE,ROUTE DE SAINT LEU,203301,0,3,RD,928,2,2,6,400,0,1,4899630,227220,,1,7,0,0,1,0
1,6,4,1,1,95,FRANCE,ILE-DE-FRANCE,252,95252,FRANCONVILLE,CH JULES CESAR,203306,0,4,VC,,2,2,,,0,1,4899480,224170,,1,7,0,0,1,0
1,6,1,1,7,95,FRANCE,ILE-DE-FRANCE,203,95203,EAUBONNE,RUE DU GENERAL LECLERC,203307,0,3,RD,909,2,2,6,900,0,1,4899050,227520,,1,,0,0,1,0
1,5,6,1,3,95,FRANCE,ILE-DE-FRANCE,574,95574,SAINT-PRIX,ROUTE DE MONTMORENCY,203325,0,3,RD,144,2,2,2,400,0,1,4900350,228120,,1,7,0,0,1,0
1,5,2,1,3,95,FRANCE,ILE-DE-FRANCE,574,95574,SAINT-PRIX,RUE D'ERMONT,203329,0,3,RD,192,2,2,0,0,0,2,4900430,226070,,1,7,0,0,1,0
1,5,3,1,3,95,FRANCE,ILE-DE-FRANCE,424,95424,MONTIGNY-LES-CORMEILLES,RUE DES VINGT QUATRE ARPENTS,203366,0,4,VC,,2,1,,,0,1,4899740,219810,,1,7,0,0,1,0
1,4,1,1,3,95,FRANCE,ILE-DE-FRANCE,504,95504,PRESLES,RD 78,203396,0,3,RD,78,2,2,4,100,0,1,4910580,229080,,1,3,0,0,1,0
1,6,3,1,3,95,FRANCE,ILE-DE-FRANCE,607,95607,TAVERNY,BDTEMPS DES CERISES,203437,0,3,RD,502,2,4,3,900,1,1,4901890,222410,,1,7,0,0,1,0
1,5,1,2,2,95,FRANCE,ILE-DE-FRANCE,060,95060,BESSANCOURT,AVENUE DE LA REPUBLIQUE,203448,0,3,RD,928,2,2,13,700,0,1,4904290,220690,,1,7,0,0,1,0
1,2,1,1,3,1,FRANCE,RHONE-ALPES,904,1904,BEYNAT,VC 0,209316,0,4,VC,0,2,0,0,0,0,1,0,0,,1,2,0,0,1,0
5,6,1,1,6,1,FRANCE,RHONE-ALPES,053,1053,BOURG-EN-BRESSE,BOULEVARD  BROU,209462,0,4,VC,0,2,2,,,0,1,,,,1,30,0,0,1,0
1,1,1,1,2,1,FRANCE,RHONE-ALPES,229,1229,MALAFRETAZ,RD 28,209473,0,3,RD,28,2,0,12,880,0,1,4634200,513600,,1,7,0,0,1,0
1,5,1,1,6,2,FRANCE,PICARDIE,738,2738,TERGNIER,rue de la frette,209548,0,4,VC,,,,,,,1,,,,1,,0,0,1,0
1,1,1,1,6,2,FRANCE,PICARDIE,722,2722,SOISSONS,RUE GUYNEMER,209566,0,4,VC,,2,2,,,0,1,,,,1,,0,0,2,0
1,1,1,1,1,4,FRANCE,PROVENCE-ALPES-COTE-D'AZUR,229,4229,VALBELLE,RD 53,209671,0,3,RD,53,2,2,13,200,0,1,0,0,,1,7,0,0,1,0
1,4,1,1,1,4,FRANCE,PROVENCE-ALPES-COTE-D'AZUR,049,4049,CHATEAU-ARNOUX-SAINT-AUBAN,Autre 0,209672,0,9,Autre,0,0,0,0,0,0,1,0,0,,1,7,0,0,1,0
1,1,1,1,4,4,FRANCE,PROVENCE-ALPES-COTE-D'AZUR,028,4028,BEYNES,RD 907,209685,0,3,RD,907,2,0,46,43,0,1,4396970,619147,,1,7,0,0,1,0
1,9,1,1,3,6,FRANCE,PROVENCE-ALPES-COTE-D'AZUR,088,6088,NICE,QUAI DES ETATS UNIS,209790,0,4,VC,0,2,3,,,1,1,,,,1,5,0,0,1,0
1,6,1,1,3,6,FRANCE,PROVENCE-ALPES-COTE-D'AZUR,083,6083,MENTON,AVENUE DES ACACIAS,209888,0,4,VC,0,3,2,,,0,1,,,,1,34,0,0,1,0
1,7,1,1,3,6,FRANCE,PROVENCE-ALPES-COTE-D'AZUR,029,6029,CANNES,BOULEVARD CARNOT,209914,0,3,RD,0,2,4,,,0,1,,,,1,7,0,0,2,0
1,7,1,1,3,6,FRANCE,PROVENCE-ALPES-COTE-D'AZUR,029,6029,CANNES,BOULEVARD DE LA REPUBLIQUE,209918,0,3,RD,0,2,2,,,0,1,,,,1,7,0,0,2,0
1,5,1,1,3,6,FRANCE,PROVENCE-ALPES-COTE-D'AZUR,159,6159,VILLEFRANCHE-SUR-MER,AVENUE DE LA CONDAMINE,209924,0,4,VC,0,2,2,,,0,1,,,,1,,0,0,1,0
1,9,2,1,5,6,FRANCE,PROVENCE-ALPES-COTE-D'AZUR,088,6088,NICE,RUE ARSON,209937,0,4,VC,0,1,1,,,0,1,,,,1,7,0,0,1,0
1,6,2,1,3,6,FRANCE,PROVENCE-ALPES-COTE-D'AZUR,027,6027,CAGNES-SUR-MER,AVENUE DE NICE,209980,5,2,RN,0,2,3,,,0,1,,,,1,2,0,0,1,0
1,6,1,1,2,6,FRANCE,PROVENCE-ALPES-COTE-D'AZUR,069,6069,GRASSE,ROUTE DE LA MARIGARDE,209987,0,3,RD,0,2,2,,,0,1,,,,1,30,0,0,1,0
1,9,1,1,2,6,FRANCE,PROVENCE-ALPES-COTE-D'AZUR,088,6088,NICE,PROMENADE DES ANGLAIS,210000,0,3,RD,0,3,3,,,0,1,,,,1,33,0,0,1,0
1,9,1,1,3,6,FRANCE,PROVENCE-ALPES-COTE-D'AZUR,088,6088,NICE,RUE BARLA,210008,0,4,VC,0,2,2,,,0,1,,,,1,34,0,0,0,1
1,9,1,1,3,6,FRANCE,PROVENCE-ALPES-COTE-D'AZUR,088,6088,NICE,BOULEVARD DU TZAREWITCH,210019,0,4,VC,0,1,2,,,0,1,,,,1,33,0,0,1,0
1,9,1,1,6,6,FRANCE,PROVENCE-ALPES-COTE-D'AZUR,088,6088,NICE,PONT NAPOLEON III,210062,2,4,VC,0,1,0,2,0,0,1,,,,1,2,0,0,1,0
1,9,2,1,3,6,FRANCE,PROVENCE-ALPES-COTE-D'AZUR,088,6088,NICE,BOULEVARD CARNOT,210070,0,2,RN,0,2,3,,,0,1,,,,1,33,0,0,1,0
1,1,1,1,2,6,FRANCE,PROVENCE-ALPES-COTE-D'AZUR,161,6161,VILLENEUVE-LOUBET,RD 6098,210093,0,3,RD,6098,2,2,0,0,2,5,0,0,,1,30,0,0,1,0
1,9,1,1,5,6,FRANCE,PROVENCE-ALPES-COTE-D'AZUR,088,6088,NICE,RUE DE FRANCE,210110,0,2,RN,0,2,3,,,3,1,,,,1,7,0,0,1,0
5,6,1,1,6,6,FRANCE,PROVENCE-ALPES-COTE-D'AZUR,123,6123,SAINT-LAURENT-DU-VAR,AVENUE DES PUGETS,210118,0,4,VC,0,2,2,,,0,4,,,,1,,0,0,1,0
5,1,1,1,5,6,FRANCE,PROVENCE-ALPES-COTE-D'AZUR,029,6029,CANNES,AVENUE MARECHAL JUIN,210272,0,2,RN,0,2,2,,,0,1,,,,1,36,0,0,1,0
1,9,1,1,1,6,FRANCE,PROVENCE-ALPES-COTE-D'AZUR,088,6088,NICE,PESSICART,210290,0,4,VC,0,2,2,,,0,1,,,,1,32,0,0,1,0
1,9,1,1,5,6,FRANCE,PROVENCE-ALPES-COTE-D'AZUR,088,6088,NICE,PROMENADE DES ANGLAIS,210295,0,4,VC,0,1,3,,,0,1,,,,1,32,0,0,1,0
1,9,1,1,3,6,FRANCE,PROVENCE-ALPES-COTE-D'AZUR,088,6088,NICE,BOULEVARD CARABACEL,210358,0,4,VC,0,2,4,,,0,1,,,,1,,0,0,1,0
1,7,1,1,6,6,FRANCE,PROVENCE-ALPES-COTE-D'AZUR,004,6004,ANTIBES,BOULEVARD WILSON ,210709,0,4,VC,0,2,2,,,0,1,,,,1,,0,0,1,0
1,7,1,1,5,6,FRANCE,PROVENCE-ALPES-COTE-D'AZUR,004,6004,ANTIBES,RN 98,210710,0,3,RD,0,2,2,1,0,1,5,,,,1,7,0,0,1,0
5,9,1,1,6,6,FRANCE,PROVENCE-ALPES-COTE-D'AZUR,088,6088,NICE,RUE PAUL DEROULEDE ,210787,0,4,VC,0,0,1,,,0,1,,,,1,,0,0,1,0
1,7,1,1,5,6,FRANCE,PROVENCE-ALPES-COTE-D'AZUR,029,6029,CANNES,AVENUE MARECHAL JUIN,210855,0,4,VC,0,2,4,0,,0,1,,,,1,33,0,0,1,0
1,6,1,1,3,6,FRANCE,PROVENCE-ALPES-COTE-D'AZUR,069,6069,GRASSE,CHEMIN DU GRAND CHENE,210900,0,4,VC,0,2,2,,,0,1,,,,1,7,0,0,2,0
1,9,1,1,2,6,FRANCE,PROVENCE-ALPES-COTE-D'AZUR,088,6088,NICE,AVENUE DESAMBROIS,210906,0,4,VC,0,2,3,,,0,1,,,,1,31,0,0,1,0
1,1,1,1,7,6,FRANCE,PROVENCE-ALPES-COTE-D'AZUR,069,6069,GRASSE,ROUTE DE CANNES,210977,0,3,RD,0,2,2,,,0,1,,,,1,,0,0,2,0
5,9,1,1,1,6,FRANCE,PROVENCE-ALPES-COTE-D'AZUR,088,6088,NICE,PROMENADE DES ANGLAIS,211011,0,4,VC,0,2,1,,,1,5,,,,1,,0,0,1,0
1,6,1,1,6,6,FRANCE,PROVENCE-ALPES-COTE-D'AZUR,027,6027,CAGNES-SUR-MER,BOULEVARD DE LA PLAGE,211071,0,4,VC,0,2,0,,,1,5,,,,1,,0,0,1,0
1,6,1,1,6,6,FRANCE,PROVENCE-ALPES-COTE-D'AZUR,069,6069,GRASSE,CHEMIN DES BASSES MOULIERES,211110,0,4,VC,0,2,2,,,0,1,,,,1,,0,0,1,0
1,9,1,1,1,6,FRANCE,PROVENCE-ALPES-COTE-D'AZUR,088,6088,NICE,BOULEVARD GEORGES POMPIDOU,211135,0,9,Autre,0,2,2,,,0,1,,,,1,,0,0,1,0
1,1,1,1,2,6,FRANCE,PROVENCE-ALPES-COTE-D'AZUR,056,6056,ENTRAUNES,RD 2202,211228,0,3,RD,2202,0,2,8,500,0,1,0,0,,1,33,0,0,1,0
1,7,1,1,6,6,FRANCE,PROVENCE-ALPES-COTE-D'AZUR,029,6029,CANNES,RUE MARECHAL JOFFRE,211266,0,4,VC,0,1,1,,,0,1,,,,1,,0,0,1,0
1,7,1,1,3,6,FRANCE,PROVENCE-ALPES-COTE-D'AZUR,029,6029,CANNES,AVENUE PIERRE COUBERTIN,211271,0,4,VC,0,2,2,,,0,1,,,,1,34,0,0,1,0
1,6,1,1,2,6,FRANCE,PROVENCE-ALPES-COTE-D'AZUR,069,6069,GRASSE,CHEMIN DU GARAGAI,211288,0,4,VC,0,2,2,,,0,1,,,,1,33,0,0,1,0
1,1,1,1,3,10,FRANCE,CHAMPAGNE-ARDENNE,009,10009,ARRELLES,RD 32,211548,0,3,RD,32,2,2,18,200,0,1,4805400,427600,,1,33,0,0,1,0
1,4,1,1,3,10,FRANCE,CHAMPAGNE-ARDENNE,357,10357,SAINT-PARRES-AUX-TERTRES,LIEUTENANT TAITTINGER,211588,0,3,RD,619,2,2,64,550,0,1,4830314,409953,,1,30,0,0,1,0
1,5,1,1,6,10,FRANCE,CHAMPAGNE-ARDENNE,333,10333,SAINT-ANDRE-LES-VERGERS,RUE JULES DIDIER,211599,0,3,RD,41,2,2,0,60,0,1,4828937,406746,,1,7,0,0,1,0
1,1,1,1,5,11,FRANCE,LANGUEDOC-ROUSSILLON,170,11170,GRUISSAN,RD 132,211604,6,3,RD,132,2,2,1,450,1,5,0,0,,1,7,0,0,1,0
1,6,1,1,3,11,FRANCE,LANGUEDOC-ROUSSILLON,262,11262,NARBONNE,VC 0,211611,2,4,VC,0,2,2,1,0,0,1,,,,1,5,0,0,1,0
1,3,1,1,1,11,FRANCE,LANGUEDOC-ROUSSILLON,185,11185,LAGRASSE,RD 3,211623,0,3,RD,3,2,0,0,0,0,1,4309000,262000,,1,7,0,0,2,1
1,6,1,1,3,11,FRANCE,LANGUEDOC-ROUSSILLON,069,11069,CARCASSONNE,COLLINES -BD-,211655,0,4,VC,0,0,2,,,0,0,,,,1,7,0,0,1,0
1,6,1,1,6,11,FRANCE,LANGUEDOC-ROUSSILLON,262,11262,NARBONNE,BOULEVARD DOCTEUR FERROUL,211660,0,4,VC,0,1,3,,,0,1,,,,1,,0,0,0,1
1,9,1,1,3,13,FRANCE,PROVENCE-ALPES-COTE-D'AZUR,055,13055,MARSEILLE,CANEBIERE ,211794,0,4,VC,1,2,0,,,0,1,,,,1,4,0,0,0,1
1,1,1,1,3,13,FRANCE,PROVENCE-ALPES-COTE-D'AZUR,085,13085,ROQUEFORT-LA-BEDOULE,RD 41,211872,0,3,RD,41,2,0,0,0,0,0,0,0,,1,7,0,0,1,0
1,5,1,1,6,13,FRANCE,PROVENCE-ALPES-COTE-D'AZUR,002,13002,ALLAUCH,AVENUE ETIENNE CUCCA,211880,0,3,RD,1,2,2,,,1,5,,,,1,,0,0,1,0
5,9,3,9,3,13,FRANCE,PROVENCE-ALPES-COTE-D'AZUR,055,13055,MARSEILLE,BOULEVARD DE LA MILLIERE,212203,0,4,VC,1,2,2,,,0,1,,,,1,7,0,0,1,0
1,5,1,1,1,13,FRANCE,PROVENCE-ALPES-COTE-D'AZUR,043,13043,GIGNAC-LA-NERTHE,AVENUE DE LA REPUBLIQUE,212466,0,4,VC,0,1,1,,,0,1,,,,1,7,0,0,1,0
5,9,1,1,2,13,FRANCE,PROVENCE-ALPES-COTE-D'AZUR,055,13055,MARSEILLE,BOULEVARD CHARLES LIVON,212552,0,4,VC,1,2,0,,,0,1,,,,1,30,0,0,1,0
1,9,1,1,2,13,FRANCE,PROVENCE-ALPES-COTE-D'AZUR,055,13055,MARSEILLE,BOULEVARD DE SAINT LOUP,212577,0,4,VC,1,2,2,,,0,1,,,,1,7,0,0,1,0
1,9,1,1,3,13,FRANCE,PROVENCE-ALPES-COTE-D'AZUR,055,13055,MARSEILLE,RUE PIERRE DOIZE,212659,0,4,VC,1,3,4,,,0,1,,,,1,33,0,0,1,0
1,6,6,1,4,13,FRANCE,PROVENCE-ALPES-COTE-D'AZUR,054,13054,MARIGNANE,AVENUE DU MAI 458,212751,0,3,RD,0,1,0,,,0,1,,,,1,7,0,0,1,0
1,6,1,1,7,13,FRANCE,PROVENCE-ALPES-COTE-D'AZUR,063,13063,MIRAMAS,AVENUE DE LA ROSE DES VENTS ,212807,0,4,VC,0,3,2,,,0,1,,,,1,7,0,0,1,0
1,1,1,1,2,13,FRANCE,PROVENCE-ALPES-COTE-D'AZUR,002,13002,ALLAUCH,AVENUE ETIENNE CUCCA,212894,0,3,RD,1,2,2,,,0,1,,,,1,33,0,0,1,0
1,1,1,1,6,13,FRANCE,PROVENCE-ALPES-COTE-D'AZUR,043,13043,GIGNAC-LA-NERTHE,AVENUE DE LA POUSARAQUE  ,212912,0,4,VC,0,2,2,,,0,1,,,,1,30,0,0,1,0
1,1,1,1,3,13,FRANCE,PROVENCE-ALPES-COTE-D'AZUR,117,13117,VITROLLES,EUROCOPTER CD 20,213042,0,3,RD,20,3,2,0,0,0,1,,,,1,33,0,0,1,0
1,9,3,1,3,13,FRANCE,PROVENCE-ALPES-COTE-D'AZUR,211,13211,MARSEILLE,VC 0,213095,0,4,VC,0,2,2,0,0,0,1,,,,1,7,0,0,0,1
1,8,4,1,2,13,FRANCE,PROVENCE-ALPES-COTE-D'AZUR,001,13001,AIX-EN-PROVENCE,CHEMIN DE LA BEAUVALLE,213119,0,4,VC,0,2,2,0,0,0,0,,,,1,2,0,0,1,0
1,9,1,1,6,13,FRANCE,PROVENCE-ALPES-COTE-D'AZUR,203,13203,MARSEILLE,RUE SERY,213157,0,4,VC,1,1,1,0,0,0,1,,,,1,7,0,0,1,0
1,1,1,1,1,13,FRANCE,PROVENCE-ALPES-COTE-D'AZUR,045,13045,GRAVESON,RD 28,213414,5,3,RD,28,2,3,0,0,0,1,,,,1,7,0,0,1,0
1,1,3,1,3,13,FRANCE,PROVENCE-ALPES-COTE-D'AZUR,001,13001,AIX-EN-PROVENCE,ROUTE DE SISTERON,213650,0,3,RD,0,2,1,0,0,0,1,,,,1,32,0,0,1,0
1,1,1,1,2,13,FRANCE,PROVENCE-ALPES-COTE-D'AZUR,047,13047,ISTRES,RN 569,213850,0,2,RN,569,1,2,,,0,1,,,,1,7,0,0,1,0
1,9,1,1,6,13,FRANCE,PROVENCE-ALPES-COTE-D'AZUR,055,13055,MARSEILLE,AVENUE D' HAIFA,213909,0,4,VC,0,2,2,,,0,1,,,,1,2,0,0,1,0
1,9,1,1,3,13,FRANCE,PROVENCE-ALPES-COTE-D'AZUR,055,13055,MARSEILLE,RUE ALBERT PREMIER,213966,0,9,Autre,0,2,2,,,3,1,,,,1,33,0,0,1,0
1,9,1,1,2,13,FRANCE,PROVENCE-ALPES-COTE-D'AZUR,055,13055,MARSEILLE,AVENUE DES BUTRIS,213979,0,4,VC,0,2,2,,,0,1,,,,1,30,0,0,1,0
1,9,1,1,3,13,FRANCE,PROVENCE-ALPES-COTE-D'AZUR,055,13055,MARSEILLE,ROUTE LEON LACHAMP,214050,0,3,RD,559,2,2,8,0,2,1,,,,1,33,0,0,1,0