lum,agg,int,atm,col,dep_bis,pays,region,com_bis,com_codeINSEE,communes,N_voie,numac,infra,catr,type_route,voie,circ,nbv,pr,pr1,vosp,situ,lat,long,adr,accident_velo,vehicule_imp,cycl_mort,cycl_bgv,cycl_blg,cycl_indm
1,1,1,2,2,13,FRANCE,PROVENCE-ALPES-COTE-D'AZUR,117,13117,VITROLLES,CHEMIN DEPARTEMENTAL CD 20,214157,0,3,RD,0,1,1,,,0,1,,,,1,33,0,0,1,0
1,4,3,1,3,14,FRANCE,BASSE-NORMANDIE,020,14020,ARGENCES,RD 37,214273,5,3,RD,37,2,2,1,150,0,1,4913300,-16300,,1,2,0,0,1,0
1,1,1,1,6,14,FRANCE,BASSE-NORMANDIE,715,14715,TROUVILLE-SUR-MER,CHEMIN DE CALLENVILLE,214347,0,3,RD,0,2,2,499,0,0,1,,,,1,7,0,0,1,0
1,1,2,1,5,16,FRANCE,POITOU-CHARENTES,027,16027,BARBEZIERES,RD 67,214404,5,3,RD,67,0,0,0,0,0,1,0,0,,1,7,0,0,1,0
1,7,1,1,6,17,FRANCE,POITOU-CHARENTES,300,17300,ROCHELLE (LA),AVENUE JEAN MOULIN,214449,0,4,VC,0,2,2,,,0,1,,,,1,34,0,0,1,0
1,5,1,1,1,17,FRANCE,POITOU-CHARENTES,200,17200,LAGORD,AVENUE DU RECTEUR PIERREMOISY,214457,0,4,VC,0,2,0,,,1,5,,,,1,,0,0,1,0
3,6,1,1,2,17,FRANCE,POITOU-CHARENTES,415,17415,SAINTES,RUE DE CHERMIGNAC ,214469,0,4,VC,0,0,2,,,0,1,,,,1,30,0,0,1,0
1,6,2,2,3,17,FRANCE,POITOU-CHARENTES,299,17299,ROCHEFORT,RUE DU 14 JUILLET,214486,5,4,VC,0,2,2,,,0,1,,,,1,30,0,0,0,1
1,7,1,1,1,17,FRANCE,POITOU-CHARENTES,300,17300,ROCHELLE (LA),09 PK RN237 RE MOULIN JUSTICE,214510,2,4,VC,0,2,0,9,0,1,5,,,,1,,0,0,1,0
1,7,1,1,6,17,FRANCE,POITOU-CHARENTES,300,17300,ROCHELLE (LA),AVENUE DU GENERAL DE GAULLE,214526,0,4,VC,0,1,2,,,1,5,,,,1,33,0,0,1,0
3,1,1,1,2,17,FRANCE,POITOU-CHARENTES,306,17306,ROYAN,VOIE EXPRESS,214548,0,3,RD,0,2,2,,,0,1,,,,1,7,0,0,1,0
1,7,1,1,5,17,FRANCE,POITOU-CHARENTES,300,17300,ROCHELLE (LA),AVENUE DU CIMETIERE,214554,0,4,VC,0,2,2,,,0,1,,,,1,7,0,0,1,0
5,6,1,1,3,17,FRANCE,POITOU-CHARENTES,415,17415,SAINTES,RUE GAUTIER ,214558,0,4,VC,0,2,2,,,0,1,,,,1,2,0,0,1,0
1,7,9,1,3,17,FRANCE,POITOU-CHARENTES,300,17300,ROCHELLE (LA),BOULEVARD DE COGNEHORS ,214587,0,4,VC,0,2,2,,,0,1,,,,1,7,0,0,1,0
1,5,3,1,3,17,FRANCE,POITOU-CHARENTES,449,17449,TONNAY-CHARENTE,RUE DES POILUS ,214593,5,4,VC,0,2,2,,,0,1,,,,1,7,0,0,2,0
1,1,1,1,1,17,FRANCE,POITOU-CHARENTES,135,17135,CRESSE,RD 222,214630,0,3,RD,222,2,0,0,0,0,1,0,0,,1,,0,0,1,0
1,5,1,1,2,17,FRANCE,POITOU-CHARENTES,306,17306,ROYAN,BOULEVARD FREDERIC GARNIER,214636,0,4,VC,0,2,2,,,0,1,,,,1,7,0,0,1,0
1,7,1,1,1,17,FRANCE,POITOU-CHARENTES,300,17300,ROCHELLE (LA),AVENUE DE LA PORTE DAUPHINE,214645,0,4,VC,0,2,2,,,0,1,,,,1,34,0,0,1,0
1,5,3,1,3,17,FRANCE,POITOU-CHARENTES,306,17306,ROYAN,ALLEE DES DUNES,214648,0,4,VC,0,2,2,,,0,1,,,,1,7,0,0,1,0
1,7,1,1,6,17,FRANCE,POITOU-CHARENTES,300,17300,ROCHELLE (LA),AVENUE DE LA PORTEROYALE,214733,0,4,VC,0,2,2,,,0,1,,,,1,2,0,0,1,0
1,7,1,3,6,17,FRANCE,POITOU-CHARENTES,300,17300,ROCHELLE (LA),PRUNIER QUAI LOUIS,214750,0,3,RD,0,0,2,,,0,0,,,,1,,0,0,1,0
1,1,1,1,3,17,FRANCE,POITOU-CHARENTES,461,17461,VAUX-SUR-MER,VOIE EXPRESS,214752,0,3,RD,0,0,0,,,0,0,,,,1,7,0,0,1,0
1,5,1,1,6,17,FRANCE,POITOU-CHARENTES,306,17306,ROYAN,AVENUE DE PONTAILLAC,214765,0,4,VC,0,2,2,,,0,1,,,,1,7,0,0,1,0
1,7,1,1,6,17,FRANCE,POITOU-CHARENTES,300,17300,ROCHELLE (LA),RUE ALBERT IER ,214772,0,4,VC,0,1,1,,,2,5,,,,1,,0,0,1,0
1,5,2,1,3,17,FRANCE,POITOU-CHARENTES,306,17306,ROYAN,BOULEVARD DE LA GRANDIERE,214774,0,4,VC,0,2,2,,,0,1,,,,1,7,0,0,1,0
1,5,1,1,2,17,FRANCE,POITOU-CHARENTES,333,17333,SAINT-GEORGES-DE-DIDONNE,BOULEVARD DE LA COTE DE BEAUTE,214794,0,4,VC,0,2,2,,,1,1,,,,1,,0,0,1,0
1,7,1,1,2,17,FRANCE,POITOU-CHARENTES,300,17300,ROCHELLE (LA),RUE DU FAISAN ,214796,0,4,VC,0,2,2,,,0,1,,,,1,7,0,0,1,0
1,7,1,1,2,17,FRANCE,POITOU-CHARENTES,300,17300,ROCHELLE (LA),RUE EMILE NORMANDIN,214806,0,4,VC,0,2,2,,,0,1,,,,1,7,0,0,1,0
1,4,1,1,6,17,FRANCE,POITOU-CHARENTES,380,17380,SAINT-PALAIS-SUR-MER,AVENUE DE LA REPUBLIQUE,214873,0,4,VC,0,2,2,,,1,1,,,,1,,0,0,1,0
1,6,1,1,6,17,FRANCE,POITOU-CHARENTES,415,17415,SAINTES,AVENUE GAMBETTA,214888,0,3,RD,0,2,2,,,0,0,,,,1,7,0,0,1,0
1,1,1,1,2,18,FRANCE,CENTRE,279,18279,VIERZON,ROUTE DE NEUVY,214902,0,3,RD,0,2,2,,,0,1,,,,1,34,0,0,1,0
1,5,1,8,3,18,FRANCE,CENTRE,205,18205,SAINT-DOULCHARD,RUE DU MOULON,214929,2,4,VC,0,2,1,,,0,1,,,,1,7,0,0,1,0
1,7,1,1,3,18,FRANCE,CENTRE,033,18033,BOURGES,RUE JULES BERTAUT,214971,0,4,VC,0,1,1,,,,1,,,,1,2,0,0,2,0
1,7,1,1,6,18,FRANCE,CENTRE,033,18033,BOURGES,AVENUE HENRI LAUDIER,215005,0,4,VC,,3,4,,,0,1,4709250,239391,,1,,0,0,1,0
2,6,3,5,6,18,FRANCE,CENTRE,279,18279,VIERZON,AVENUE DU 14 JUILLET,215030,0,4,VC,,2,3,,,0,1,4721060,206284,,1,7,0,0,1,0
1,6,3,1,3,19,FRANCE,LIMOUSIN,031,19031,BRIVE-LA-GAILLARDE,RUE LIEUTENANT PAUL DHALLUIN,215041,0,4,VC,0,2,2,,,0,1,,,,1,31,0,0,0,1
1,6,1,3,6,28,FRANCE,CENTRE,085,28085,CHARTRES,BOULEVARD JEAN JAURES,216871,0,4,VC,0,2,0,,,0,1,,,,1,,0,0,1,0
5,6,1,5,3,28,FRANCE,CENTRE,085,28085,CHARTRES,PLACE PIERRE SEMARD,216985,0,3,RD,0,2,2,,,0,1,4844798,148192,,1,2,0,0,1,0
1,4,1,2,1,29,FRANCE,BRETAGNE,049,29049,ELLIANT,VC 0,217089,0,4,VC,0,2,0,0,0,0,1,4799800,-389300,,1,7,0,0,1,0
1,5,1,1,1,29,FRANCE,BRETAGNE,151,29151,MORLAIX,RUE DE BREHAT,217131,0,4,VC,0,0,0,,,0,1,,,,1,30,0,0,1,0
1,5,1,1,3,29,FRANCE,BRETAGNE,151,29151,MORLAIX,RUE GUSTAVE COURBET,217154,6,9,Autre,0,0,1,,,0,1,4858788,-381788,,1,,0,0,1,0
1,8,3,1,3,29,FRANCE,BRETAGNE,019,29019,BREST,QUIMPER,217184,0,4,VC,0,0,2,,,0,0,4839927,-444264,,1,7,0,0,2,0
1,7,2,1,2,29,FRANCE,BRETAGNE,232,29232,QUIMPER,RUE CARTIER JACQUES ,217209,0,4,VC,0,1,2,,,0,1,4799535,-409886,,1,7,0,0,1,0
1,8,2,1,3,30,FRANCE,LANGUEDOC-ROUSSILLON,189,30189,NIMES,RUE BALORE,217280,0,4,VC,0,0,1,,,0,1,,,,1,32,0,0,1,0
1,5,1,1,1,30,FRANCE,LANGUEDOC-ROUSSILLON,202,30202,PONT-SAINT-ESPRIT,Autre 0,217409,0,9,Autre,0,1,1,0,0,0,1,0,0,,1,7,0,0,1,0
1,1,1,1,3,30,FRANCE,LANGUEDOC-ROUSSILLON,032,30032,BEAUCAIRE,ROUTE DE NIMES,217614,0,3,RD,999,2,2,,,0,1,,,,1,7,0,0,1,0
5,6,1,1,1,30,FRANCE,LANGUEDOC-ROUSSILLON,007,30007,ALES,AVENUE CARNOT,217684,0,2,RN,106,2,0,41,550,0,1,4412148,409004,,1,31,0,0,1,0
1,9,1,1,6,31,FRANCE,MIDI-PYRENEES,555,31555,TOULOUSE,RUE DU PONT MONTAUDRAN,217737,0,4,VC,0,1,1,,,0,1,,,,1,13,0,0,0,1
1,9,1,1,3,31,FRANCE,MIDI-PYRENEES,555,31555,TOULOUSE,RUE DU LANGUEDOC,217779,0,4,VC,0,2,3,,,0,1,,,,1,5,0,0,1,0
5,9,1,1,4,31,FRANCE,MIDI-PYRENEES,555,31555,TOULOUSE,GRANDE RUE SAINT MICHEL ,217793,0,4,VC,0,2,2,,,0,1,,,,1,7,0,0,1,0
1,6,1,1,7,31,FRANCE,MIDI-PYRENEES,557,31557,TOURNEFEUILLE,RUE GASTON DOUMERGUE,217796,0,2,RN,0,2,2,,,0,1,,,,1,7,0,0,1,0
5,9,1,1,3,31,FRANCE,MIDI-PYRENEES,555,31555,TOULOUSE,RUE UNIVERSITE DU MIRAIL,217803,0,4,VC,0,2,1,,,0,1,,,,1,7,0,0,2,0
1,9,2,1,3,31,FRANCE,MIDI-PYRENEES,555,31555,TOULOUSE,RUE DE LA TANNERIE,217811,0,4,VC,0,1,2,,,0,1,,,,1,31,0,0,1,0
1,9,1,1,3,31,FRANCE,MIDI-PYRENEES,555,31555,TOULOUSE,RUE DE LA REPUBLIQUE ,217831,0,4,VC,0,1,1,,,0,1,,,,1,2,0,0,1,0
1,9,1,1,2,31,FRANCE,MIDI-PYRENEES,555,31555,TOULOUSE,CHEMIN DES CAPELLES,217889,0,4,VC,0,2,2,,,0,1,,,,1,31,0,0,1,0
1,9,1,8,3,31,FRANCE,MIDI-PYRENEES,555,31555,TOULOUSE,BOULEVARD LAZARE CARNOT,217897,0,4,VC,0,3,4,,,0,1,,,,1,34,0,0,1,0
1,9,1,1,6,31,FRANCE,MIDI-PYRENEES,555,31555,TOULOUSE,AVENUE DE LARDENNE,217941,0,4,VC,0,2,2,,,0,1,,,,1,7,0,0,1,0
5,9,1,1,6,31,FRANCE,MIDI-PYRENEES,555,31555,TOULOUSE,AVENUE DES ARENES ROMAINES,217953,0,4,VC,0,1,1,,,0,1,,,,1,33,0,0,1,0
1,9,1,1,1,31,FRANCE,MIDI-PYRENEES,555,31555,TOULOUSE,AVENUE DE LYON,217961,2,4,VC,0,0,4,,,0,1,,,,1,7,0,0,1,0
1,9,1,1,3,31,FRANCE,MIDI-PYRENEES,555,31555,TOULOUSE,ALLEE CHARLES DE FITTE,218064,0,4,VC,0,2,6,,,0,1,,,,1,33,0,0,1,0
1,9,1,1,3,31,FRANCE,MIDI-PYRENEES,555,31555,TOULOUSE,BOULEVARD MATABIAU,218070,0,4,VC,0,1,2,,,0,1,,,,1,33,0,0,1,0
1,9,1,1,3,31,FRANCE,MIDI-PYRENEES,555,31555,TOULOUSE,AVENUE JEAN RIEUX,218112,0,4,VC,0,2,3,,,0,1,,,,1,2,0,0,1,0
5,9,1,2,1,31,FRANCE,MIDI-PYRENEES,555,31555,TOULOUSE,BOULEVARD DEODAT DE SEVERAC,218140,0,4,VC,0,2,4,,,0,1,,,,1,7,0,0,1,0
1,9,1,1,6,31,FRANCE,MIDI-PYRENEES,555,31555,TOULOUSE,VC 0,218158,0,4,VC,0,2,2,0,0,0,1,,,,1,32,,,,
5,9,2,2,3,31,FRANCE,MIDI-PYRENEES,555,31555,TOULOUSE,ROUTE DE SEYSSES,218162,0,4,VC,0,2,0,0,0,0,1,,,,1,7,0,0,1,0
1,9,2,1,3,31,FRANCE,MIDI-PYRENEES,555,31555,TOULOUSE,RUE PORTE SARDANE,218170,0,4,VC,0,1,0,0,0,0,1,,,,1,2,0,0,1,0
5,9,1,1,3,31,FRANCE,MIDI-PYRENEES,555,31555,TOULOUSE,CHEMIN DE BAGATELLE,218194,0,4,VC,0,2,2,0,0,0,1,,,,1,30,0,0,1,0
1,6,1,1,1,31,FRANCE,MIDI-PYRENEES,149,31149,COLOMIERS,ALLEE HENRI PLAS,218209,0,4,VC,0,2,2,0,0,0,1,,,,1,17,0,0,1,0
5,9,1,1,6,31,FRANCE,MIDI-PYRENEES,555,31555,TOULOUSE,AVENUE DE LOMBEZ,218254,0,4,VC,0,2,2,,,0,1,,,,1,14,0,0,1,0
1,9,1,1,1,31,FRANCE,MIDI-PYRENEES,555,31555,TOULOUSE,BOULEVARD D'ARCOLE,218275,0,4,VC,0,2,0,,,3,1,,,,1,7,0,0,1,0
1,9,1,1,3,31,FRANCE,MIDI-PYRENEES,555,31555,TOULOUSE,AVENUE JEAN CHAUBET,218276,0,4,VC,0,2,1,,,1,5,,,,1,31,0,0,1,0
1,9,1,1,3,31,FRANCE,MIDI-PYRENEES,555,31555,TOULOUSE,BOULEVARD MATABIAU,218296,0,4,VC,0,2,2,,,0,1,,,,1,30,0,0,1,0
1,6,1,1,3,31,FRANCE,MIDI-PYRENEES,069,31069,BLAGNAC,PLACE DE LA REVOLUTION FRANCAISE,218330,0,4,VC,0,1,1,,,0,1,,,,1,7,0,0,1,0
1,9,1,1,3,31,FRANCE,MIDI-PYRENEES,555,31555,TOULOUSE,ROUTE DE BLAGNAC,218365,2,4,VC,0,2,2,,,0,1,,,,1,33,0,0,1,0
1,9,1,1,3,31,FRANCE,MIDI-PYRENEES,555,31555,TOULOUSE,RUE DE LA REPUBLIQUE ,218387,0,4,VC,0,2,0,,,0,1,,,,1,31,0,0,1,0
5,9,1,1,6,31,FRANCE,MIDI-PYRENEES,555,31555,TOULOUSE,AVENUE ARTHUR HUC,218402,0,4,VC,0,2,2,,,0,5,,,,1,,0,0,1,0
1,6,6,1,3,31,FRANCE,MIDI-PYRENEES,557,31557,TOURNEFEUILLE,AVENUE JEAN JAURES,218411,5,3,RD,632,0,1,,,0,1,4358907,136040,,1,33,0,0,1,0
1,6,3,1,3,32,FRANCE,MIDI-PYRENEES,013,32013,AUCH,AVENUE DE LA MARNE,218420,0,3,RD,0,2,2,55,605,0,1,,,,1,7,0,0,1,0
1,1,1,1,1,33,FRANCE,AQUITAINE,529,33529,TESTE-DE-BUCH (LA),CHEMIN DE CAMICAS,218505,0,9,Autre,0,2,2,,,1,5,,,,1,2,0,0,1,0
1,8,2,1,3,33,FRANCE,AQUITAINE,063,33063,BORDEAUX,RUE CAZEMAJOR,218568,0,4,VC,0,1,1,,,0,1,,,,1,7,0,0,2,0
1,1,3,1,1,33,FRANCE,AQUITAINE,550,33550,VILLENAVE-D'ORNON,RUE DUBOS,218570,0,4,VC,0,1,2,,,0,1,,,,1,2,0,0,1,0
1,5,2,1,5,33,FRANCE,AQUITAINE,075,33075,BRUGES,ROUTE DU MEDOC,218614,0,4,VC,0,2,2,,,0,1,,,,1,2,0,0,1,0
1,8,1,1,4,33,FRANCE,AQUITAINE,063,33063,BORDEAUX,RUE DAVID JOHNSTON,218674,0,4,VC,0,1,1,,,2,1,,,,1,7,0,0,1,0
1,8,3,1,3,33,FRANCE,AQUITAINE,063,33063,BORDEAUX,COURS D'ALBRET,218711,0,4,VC,0,3,3,,,0,1,,,,1,2,0,0,1,0
1,6,1,1,3,33,FRANCE,AQUITAINE,192,33192,GRADIGNAN,RUE SAINT-FRANCOIS XAVIER,218775,0,5,Hors_reseau,0,2,1,,,0,1,,,,1,30,0,0,1,0
1,8,1,1,4,33,FRANCE,AQUITAINE,063,33063,BORDEAUX,COURS VICTOR HUGO,218809,0,4,VC,0,2,4,,,0,1,,,,1,7,0,0,1,0
5,6,4,1,3,33,FRANCE,AQUITAINE,039,33039,BEGLES,RUE GUSTAVE EIFFEL,218843,0,4,VC,0,2,2,,,0,1,,,,1,33,0,0,1,0
1,8,3,1,3,33,FRANCE,AQUITAINE,063,33063,BORDEAUX,RUE D'AVIAU,218878,0,4,VC,0,1,1,,,0,1,,,,1,7,0,0,1,0
1,6,6,1,2,33,FRANCE,AQUITAINE,119,33119,CENON,AVENUE ROGER SCHWOB,218884,5,4,VC,0,3,2,,,0,1,,,,1,7,0,0,1,0
1,8,1,1,4,33,FRANCE,AQUITAINE,063,33063,BORDEAUX,AVENUE MAL DE LATTRE TASSIGNY CAUD,218885,0,4,VC,0,2,2,,,2,1,,,,1,7,0,0,1,0
1,8,1,1,3,33,FRANCE,AQUITAINE,063,33063,BORDEAUX,AVENUE CHARLES DE GAULLE CAUD,218897,0,4,VC,0,2,2,,,0,1,,,,1,32,0,0,1,0
1,1,1,2,1,33,FRANCE,AQUITAINE,125,33125,CISSAC-MEDOC,RD 205,218921,5,3,RD,205,2,2,14,750,0,1,4522000,-83200,,1,7,0,0,1,0
1,5,3,2,1,33,FRANCE,AQUITAINE,075,33075,BRUGES,RUE DE CAMPILLEAU,218925,0,4,VC,0,2,2,,,1,5,,,,1,2,0,0,1,0
1,6,1,1,1,33,FRANCE,AQUITAINE,192,33192,GRADIGNAN,ROUTE DE CANEJAN,218926,0,4,VC,0,2,2,,,1,5,,,,1,,0,0,1,0
1,6,1,1,2,33,FRANCE,AQUITAINE,039,33039,BEGLES,RUE FERDINAND BUISSON,218934,0,4,VC,0,2,2,,,0,1,,,,1,30,0,0,1,0
5,8,1,1,3,33,FRANCE,AQUITAINE,063,33063,BORDEAUX,COURS DE L'YSER,219062,0,4,VC,0,1,2,,,2,1,,,,1,7,0,0,1,0
1,8,5,1,3,33,FRANCE,AQUITAINE,063,33063,BORDEAUX,RUE CHEVALIER,219079,0,4,VC,0,1,1,,,0,1,,,,1,7,0,0,1,0
5,8,2,1,3,33,FRANCE,AQUITAINE,063,33063,BORDEAUX,COURS PASTEUR,219088,4,4,VC,0,2,4,,,2,1,,,,1,33,0,0,1,0
5,5,2,1,3,33,FRANCE,AQUITAINE,075,33075,BRUGES,AVENUE DE L'EUROPE,219099,0,4,VC,0,2,2,,,0,1,,,,1,7,0,0,2,0
1,8,1,1,3,33,FRANCE,AQUITAINE,063,33063,BORDEAUX,RUE DE CANOLLE,219109,0,4,VC,0,1,2,,,2,1,,,,1,37,0,0,1,0
5,8,3,1,1,33,FRANCE,AQUITAINE,063,33063,BORDEAUX,RUE DE L'ECOLE NORMALE CAUD,219201,0,4,VC,0,2,1,,,0,1,,,,1,7,0,0,1,0
1,8,1,1,6,33,FRANCE,AQUITAINE,063,33063,BORDEAUX,PLACE GAMBETTA,219237,0,4,VC,0,1,3,,,0,1,,,,1,,0,0,1,0
1,8,2,1,3,33,FRANCE,AQUITAINE,063,33063,BORDEAUX,RUE CROIX DE SEGUEY,219251,0,4,VC,0,1,2,,,0,1,,,,1,33,0,0,1,0
1,5,1,1,6,33,FRANCE,AQUITAINE,009,33009,ARCACHON,BOULEVARD DE L'OCEAN,219268,0,4,VC,0,2,2,,,0,1,,,,1,7,0,0,1,0
1,8,3,1,3,33,FRANCE,AQUITAINE,063,33063,BORDEAUX,RUE LAGRANGE,219313,0,4,VC,0,1,1,,,0,1,,,,1,31,0,0,1,0
1,8,3,1,3,33,FRANCE,AQUITAINE,063,33063,BORDEAUX,RUE JEAN DUPAS,219378,0,4,VC,0,2,2,,,0,1,,,,1,30,0,0,1,0
1,8,3,1,1,33,FRANCE,AQUITAINE,063,33063,BORDEAUX,PONT ST JEAN BX BASTIDE,219384,0,4,VC,0,3,10,,,2,1,,,,1,2,0,0,1,0
1,8,1,1,7,34,FRANCE,LANGUEDOC-ROUSSILLON,172,34172,MONTPELLIER,AVENUE GEORGES CLEMENCEAU,219573,0,4,VC,0,2,3,,,0,1,,,,1,30,0,0,1,0
1,8,1,1,6,34,FRANCE,LANGUEDOC-ROUSSILLON,172,34172,MONTPELLIER,COURS GAMBETTA,219593,0,4,VC,0,2,4,,,3,1,4360833,386856,,1,,0,0,1,0
1,8,2,1,3,34,FRANCE,LANGUEDOC-ROUSSILLON,172,34172,MONTPELLIER,AVENUE DE VANIERES,219611,5,3,RD,0,3,6,,,0,1,,,,1,34,0,0,1,0
1,7,1,1,7,34,FRANCE,LANGUEDOC-ROUSSILLON,032,34032,BEZIERS,AVENUE ORNANO COLONEL D',219617,0,4,VC,0,2,2,,,0,1,,,,1,2,0,0,1,0
1,8,1,1,3,34,FRANCE,LANGUEDOC-ROUSSILLON,172,34172,MONTPELLIER,AVENUE JEAN MERMOZ,219676,0,4,VC,0,1,4,,,0,1,,,,1,32,0,0,1,0
1,7,1,1,7,34,FRANCE,LANGUEDOC-ROUSSILLON,032,34032,BEZIERS,RUE LADOUX JEAN,219820,0,4,VC,0,2,2,,,0,1,,,,1,,0,0,1,0
1,5,1,1,3,34,FRANCE,LANGUEDOC-ROUSSILLON,003,34003,AGDE,GENTILSHOMMES,219839,0,4,VC,0,1,3,4,173,0,1,,,,1,33,0,0,1,0
1,8,1,1,6,34,FRANCE,LANGUEDOC-ROUSSILLON,172,34172,MONTPELLIER,AVENUE DE LA LIBERTE,219992,0,3,RD,65,2,5,17,360,0,1,4360696,383787,,1,7,0,0,1,0
1,8,3,1,3,34,FRANCE,LANGUEDOC-ROUSSILLON,172,34172,MONTPELLIER,AVENUE DE LA POMPIGNANE,220001,0,4,VC,0,2,2,,,1,5,4361588,389755,,1,7,0,0,1,0
5,8,1,1,3,34,FRANCE,LANGUEDOC-ROUSSILLON,172,34172,MONTPELLIER,AVENUE ABBE PAUL PARGUEL,220034,0,4,VC,0,2,2,,,0,1,4363400,386003,,1,32,0,0,1,0
1,7,2,1,5,35,FRANCE,BRETAGNE,288,35288,SAINT-MALO,AVENUE DE LA BORDERIE,220051,0,4,VC,0,2,2,,,0,1,,,,1,7,0,0,1,0
5,8,1,5,1,35,FRANCE,BRETAGNE,238,35238,RENNES,ESPLANADE GENERAL DE GAULLE,220173,0,4,VC,0,0,2,,,2,1,,,,1,,0,0,1,0
1,1,1,1,5,35,FRANCE,BRETAGNE,196,35196,MORDELLES,RD 287,220183,0,3,RD,287,2,2,25,0,0,1,0,0,,1,7,0,0,1,0
5,8,6,1,3,35,FRANCE,BRETAGNE,238,35238,RENNES,BOULEVARD VILLEBOIS MAREUIL ,220212,5,4,VC,0,0,0,,,0,1,,,,1,7,0,0,2,0
1,8,1,8,6,35,FRANCE,BRETAGNE,238,35238,RENNES,BOULEVARD D'ARMORIQUE,220220,0,4,VC,0,0,1,,,1,5,,,,1,,0,0,1,0
1,8,1,1,6,35,FRANCE,BRETAGNE,238,35238,RENNES,PLACE DE LA REPUBLIQUE,220223,6,4,VC,0,2,2,,,3,1,,,,1,,0,0,1,0
1,1,1,1,2,35,FRANCE,BRETAGNE,055,35055,CHANTEPIE,RD 463,220250,0,4,VC,0,2,2,,,0,1,,,,1,,0,0,1,0
1,8,1,1,7,35,FRANCE,BRETAGNE,238,35238,RENNES,VC 0,220252,0,4,VC,0,2,2,0,0,2,1,,,,1,,0,0,1,0
1,5,2,8,6,35,FRANCE,BRETAGNE,281,35281,SAINT-JACQUES-DE-LA-LANDE,RUE MARTIN LUTHER-KING,220284,0,4,VC,0,0,0,,,0,0,,,,1,,0,0,1,0
5,8,1,1,6,35,FRANCE,BRETAGNE,238,35238,RENNES,RUE DE SAINT-MALO,220381,0,4,VC,4,2,1,0,0,1,1,4811760,-168083,,1,,0,0,1,0
1,8,3,1,3,35,FRANCE,BRETAGNE,238,35238,RENNES,RUE SAINT-HELIER,220382,0,4,VC,0,2,4,0,0,2,1,4810610,-166727,,1,33,0,0,1,0
1,5,3,1,5,36,FRANCE,CENTRE,063,36063,DEOLS,ROUTE DE VILLERS,220398,0,4,VC,0,2,2,,,0,1,,,,1,2,0,0,1,0
1,6,3,1,3,36,FRANCE,CENTRE,044,36044,CHATEAUROUX,ALLEE  PAUL SABATIER,220470,0,4,VC,0,2,2,0,0,0,1,4680410,171462,,1,7,0,0,1,0
1,4,1,1,2,36,FRANCE,CENTRE,202,36202,SAINT-MAUR,ROUTE DE CHATELLERAULT,220488,0,4,VC,0,2,2,38,0,0,1,,,,1,33,0,0,1,0
1,4,1,1,3,36,FRANCE,CENTRE,034,36034,CHABRIS,VC 0,220495,0,4,VC,0,2,2,0,0,0,1,4725470,165230,,1,7,0,0,1,0
1,2,1,1,6,36,FRANCE,CENTRE,106,36106,LUZERET,RD 29,220496,0,3,RD,29,2,2,10,300,0,1,4654350,139228,,1,7,0,0,1,0
1,4,3,1,5,36,FRANCE,CENTRE,031,36031,BUZANCAIS,RD 11,220507,5,3,RD,11,2,2,27,450,0,1,4688970,142275,,1,7,0,0,1,0
1,1,1,1,6,37,FRANCE,CENTRE,122,37122,JOUE-LES-TOURS,RUE D'AMBOISE ,220580,0,9,Autre,0,2,2,0,0,0,1,,,,1,7,0,0,1,0
1,8,2,1,3,37,FRANCE,CENTRE,261,37261,TOURS,RUE COLOMBIER,220585,0,4,VC,0,2,2,0,0,0,1,,,,1,7,0,0,2,0
2,8,1,1,6,37,FRANCE,CENTRE,261,37261,TOURS,BOULEVARD HEURTELOUP,220597,0,4,VC,0,3,0,0,0,0,1,4739130,69652,,1,7,0,0,2,0
5,8,1,1,6,37,FRANCE,CENTRE,261,37261,TOURS,PONT NAPOLEON,220658,2,4,VC,,2,3,,,2,5,4739550,67744,,1,,0,0,1,0
2,5,1,1,6,38,FRANCE,RHONE-ALPES,179,38179,GIERES,RUE GRANDE  RUE,220731,0,4,VC,0,2,2,,,0,1,,,,1,,0,0,1,0
1,8,2,1,1,38,FRANCE,RHONE-ALPES,185,38185,GRENOBLE,BOULEVARD GAMBETTA,220752,0,3,RD,0,1,3,,,3,0,,,,1,31,0,0,1,0
1,6,1,1,7,38,FRANCE,RHONE-ALPES,421,38421,SAINT-MARTIN-D'HERES,AVENUE DE LA MOGNE,220809,0,3,RD,0,2,2,,,0,1,,,,1,7,0,0,2,0
5,8,1,1,1,38,FRANCE,RHONE-ALPES,185,38185,GRENOBLE,RUE ALPHAND,220846,0,4,VC,0,1,1,,,0,1,,,,1,7,0,0,1,0
1,8,1,2,1,38,FRANCE,RHONE-ALPES,185,38185,GRENOBLE,CHEMIN DE HALAGE,220858,0,4,VC,0,2,2,,,1,5,,,,1,30,0,0,1,0
1,6,1,1,3,38,FRANCE,RHONE-ALPES,421,38421,SAINT-MARTIN-D'HERES,AVENUE POTIE,220864,0,4,VC,0,2,2,,,0,1,,,,1,31,0,0,1,0
1,6,2,1,3,38,FRANCE,RHONE-ALPES,169,38169,FONTAINE,QUAI DU DRAC,220876,0,4,VC,0,2,2,,,0,1,,,,1,30,0,0,1,0
1,1,1,1,4,38,FRANCE,RHONE-ALPES,503,38503,TERRASSE (LA),RD 1090,220881,0,3,RD,1090,2,2,24,600,0,1,0,0,,1,7,0,0,1,0