lum,agg,int,atm,col,dep_bis,pays,region,com_bis,com_codeINSEE,communes,N_voie,numac,infra,catr,type_route,voie,circ,nbv,pr,pr1,vosp,situ,lat,long,adr,accident_velo,vehicule_imp,cycl_mort,cycl_bgv,cycl_blg,cycl_indm
1,6,1,1,1,38,FRANCE,RHONE-ALPES,169,38169,FONTAINE,RUE DE LA REPUBLIQUE ,220898,0,4,VC,0,1,1,,,0,1,,,,1,30,0,0,1,0
1,8,6,1,3,38,FRANCE,RHONE-ALPES,185,38185,GRENOBLE,RUE DE L'INDUSTRIE,220977,0,4,VC,0,2,3,,,0,1,,,,1,7,0,0,1,0
1,8,1,1,6,38,FRANCE,RHONE-ALPES,185,38185,GRENOBLE,PLACE DE LA GARE,220994,0,4,VC,0,0,2,0,0,0,1,4519180,571511,,1,,0,0,1,0
1,4,1,1,5,40,FRANCE,AQUITAINE,224,40224,PEYREHORADE,RN 117,221073,0,2,RN,117,2,2,13,800,0,1,4355000,-110300,,1,10,0,0,1,0
1,5,1,1,5,41,FRANCE,CENTRE,194,41194,ROMORANTIN-LANTHENAY,AVENUE DE VILLEFRANCHE,221166,0,3,RD,0,3,2,,,0,1,,,,1,15,0,0,1,0
1,6,3,1,3,41,FRANCE,CENTRE,018,41018,BLOIS,RUE MICHEL BEGON,221231,0,4,VC,0,2,2,0,0,0,1,,,,1,7,0,0,1,0
1,5,1,1,6,42,FRANCE,RHONE-ALPES,223,42223,SAINT-GENEST-LERPT,REPUBLIQUE,221308,0,4,VC,0,2,2,,,0,1,,,,1,7,0,0,2,0
1,6,1,1,6,42,FRANCE,RHONE-ALPES,187,42187,ROANNE,ROUTE DE BRIENNON,221316,0,3,RD,0,2,2,,,0,1,,,,1,2,0,0,1,0
1,1,1,1,5,42,FRANCE,RHONE-ALPES,222,42222,SAINT-GALMIER,RD 10,221348,0,3,RD,10,2,2,0,0,0,1,4562600,430800,,1,7,0,0,1,0
1,4,1,1,5,42,FRANCE,RHONE-ALPES,304,42304,SURY-LE-COMTAL,RD 54,221399,0,3,RD,54,2,2,0,0,0,1,4553700,417900,,1,7,0,0,1,0
1,6,1,1,5,43,FRANCE,AUVERGNE,157,43157,PUY-EN-VELAY (LE),BOULEVARD BERTRAND DE DOUE,221719,0,4,VC,0,2,2,,,0,1,,,,1,10,0,0,1,0
1,8,1,1,3,44,FRANCE,PAYS DE LA LOIRE,109,44109,NANTES,VC 0,221765,0,4,VC,0,2,2,1,0,0,1,,,,1,5,0,0,1,0
1,8,1,1,6,44,FRANCE,PAYS DE LA LOIRE,109,44109,NANTES,BOULEVARD DES BELGES,221783,0,4,VC,0,2,2,,,2,5,,,,1,,0,0,1,0
1,5,1,1,2,44,FRANCE,PAYS DE LA LOIRE,055,44055,BAULE-ESCOUBLAC (LA),AVENUE DU MARECHAL DE LATTRE DE TASSIGNY,221800,0,4,VC,0,2,2,1,0,0,0,,,,1,7,0,0,1,0
1,5,1,1,6,44,FRANCE,PAYS DE LA LOIRE,055,44055,BAULE-ESCOUBLAC (LA),BOULEVARD DU DOCTEUR DUBOIS,221819,0,4,VC,0,2,2,,,0,1,,,,1,2,0,0,1,0
1,5,1,1,6,44,FRANCE,PAYS DE LA LOIRE,135,44135,POULIGUEN (LE),RUE DU MARECHAL LECLERC,221821,0,4,VC,0,2,2,1,0,0,1,,,,1,,0,0,1,0
1,8,1,1,3,44,FRANCE,PAYS DE LA LOIRE,109,44109,NANTES,BOULEVARD ALEXANDER FLEMING,221822,0,4,VC,0,2,2,1,0,1,1,,,,1,2,0,0,1,0
1,8,1,1,7,44,FRANCE,PAYS DE LA LOIRE,109,44109,NANTES,RUE JEAN JULIEN LEMORDANT,221823,0,4,VC,0,2,0,,,0,1,,,,1,,0,0,1,0
1,5,1,2,2,44,FRANCE,PAYS DE LA LOIRE,052,44052,DONGES,VC 0,221830,5,4,VC,0,3,0,0,0,0,1,4732800,-208000,,1,10,0,0,1,0
1,8,1,2,6,44,FRANCE,PAYS DE LA LOIRE,109,44109,NANTES,ALLEE  DE LA MAISON ROUGE,221853,0,4,VC,0,3,2,,,0,1,,,,1,7,0,0,1,0
1,8,1,1,6,44,FRANCE,PAYS DE LA LOIRE,109,44109,NANTES,BOULEVARD EMILE GABORY,221933,0,4,VC,0,1,1,1,0,1,5,,,,1,,0,0,1,0
1,5,1,1,1,44,FRANCE,PAYS DE LA LOIRE,132,44132,PORNICHET,AVENUE DE BONNE SOURCE,221962,0,4,VC,0,2,1,,,1,5,,,,1,30,0,0,1,0
5,6,1,1,5,44,FRANCE,PAYS DE LA LOIRE,143,44143,REZE,RUE JEAN FRAIX,221977,0,4,VC,0,2,2,,,0,1,,,,1,7,0,0,1,0
1,5,1,1,3,44,FRANCE,PAYS DE LA LOIRE,055,44055,BAULE-ESCOUBLAC (LA),BOULEVARD DE L'OCEAN,222101,0,4,VC,0,1,1,,,1,5,,,,1,,0,0,1,0
1,7,1,1,6,44,FRANCE,PAYS DE LA LOIRE,184,44184,SAINT-NAZAIRE,BOULEVARD DES APPRENTIS,222106,0,4,VC,0,2,2,,,0,1,,,,1,10,0,0,1,0
1,5,1,1,6,44,FRANCE,PAYS DE LA LOIRE,055,44055,BAULE-ESCOUBLAC (LA),ESPLANADE BENOIT,222111,6,9,Autre,0,0,0,,,3,4,,,,1,,0,0,1,0
5,8,1,1,2,44,FRANCE,PAYS DE LA LOIRE,109,44109,NANTES,BOULEVARD GENERAL DE GAULLE,222123,0,4,VC,0,1,1,1,0,0,1,,,,1,33,0,0,1,0
3,5,1,1,2,44,FRANCE,PAYS DE LA LOIRE,135,44135,POULIGUEN (LE),BOULEVARD DE KISSLEGG,222136,0,4,VC,,2,2,,,1,1,,,,1,32,0,0,1,0
5,8,1,1,1,44,FRANCE,PAYS DE LA LOIRE,109,44109,NANTES,RUE DE STRASBOURG,222154,0,4,VC,0,2,2,,,0,1,,,,1,7,0,0,1,0
1,7,2,1,6,44,FRANCE,PAYS DE LA LOIRE,184,44184,SAINT-NAZAIRE,PLACE PIERRE BOURDAN,222188,0,4,VC,,2,2,,,0,1,,,,1,7,0,0,1,0
1,1,1,1,2,45,FRANCE,CENTRE,176,45176,JURANVILLE,RD 975,222192,0,3,RD,975,2,0,7,400,0,1,0,0,,1,2,0,0,1,0
1,8,1,1,3,45,FRANCE,CENTRE,234,45234,ORLEANS,AVENUE DES DROITS DE L'HOMME,222220,0,4,VC,0,2,4,,,0,1,,,,1,7,0,0,1,0
1,6,6,1,3,45,FRANCE,CENTRE,147,45147,FLEURY-LES-AUBRAIS,RUE ANDRE DESSAUX DESSAUX,222256,5,2,RN,0,3,4,,,0,1,,,,1,7,0,0,1,0
1,5,1,1,3,45,FRANCE,CENTRE,232,45232,OLIVET,ROUTE D'ARDON,222259,0,4,VC,0,2,0,,,0,4,,,,1,10,0,0,1,0
1,5,2,1,3,45,FRANCE,CENTRE,274,45274,SAINT-DENIS-EN-VAL,RUE DU PRIEURE,222260,0,4,VC,0,2,2,,,0,1,4790616,345699,,1,10,0,0,1,0
1,5,1,1,3,45,FRANCE,CENTRE,284,45284,SAINT-JEAN-DE-BRAYE,RUE JEAN ZAY,222287,0,4,VC,0,2,2,,,0,1,,,,1,10,0,0,2,0
1,5,1,1,3,45,FRANCE,CENTRE,285,45285,SAINT-JEAN-DE-LA-RUELLE,RUE DU CLOS NEUF,222291,0,4,VC,0,2,2,,,0,1,,,,1,7,0,0,2,0
5,6,1,1,3,45,FRANCE,CENTRE,147,45147,FLEURY-LES-AUBRAIS,ROUTE DE CHANTEAU CHANTEAU,222347,0,3,RD,101,2,2,3,310,0,4,4794265,194408,,1,7,0,0,1,0
1,8,1,1,3,45,FRANCE,CENTRE,234,45234,ORLEANS,RUE ROYALE ,222383,4,4,VC,0,3,4,,,0,1,4789930,190412,,1,7,0,0,1,0
1,8,1,1,1,45,FRANCE,CENTRE,234,45234,ORLEANS,QUAI DU CHATELET,222390,0,3,RD,2152,2,2,59,926,0,1,4789789,190616,,1,7,0,0,1,0
1,8,1,1,3,45,FRANCE,CENTRE,234,45234,ORLEANS,RUE DES MURLINS MURLINS,222397,0,4,VC,0,2,2,,,0,1,4791849,189347,,1,7,0,0,1,0
2,6,1,5,1,46,FRANCE,MIDI-PYRENEES,042,46042,CAHORS,COTE DES ORMEAUX,222445,0,4,VC,0,2,2,,,2,5,,,,1,2,0,0,1,0
1,6,1,1,5,47,FRANCE,AQUITAINE,001,47001,AGEN,,222532,,4,VC,,1,1,,,2,5,,,,1,7,0,0,1,0
1,1,1,1,5,47,FRANCE,AQUITAINE,185,47185,MONTAYRAL,RD 911,222550,0,3,RD,911,2,2,4,800,0,1,4448700,96900,,1,7,0,0,1,0
1,3,1,1,1,48,FRANCE,LANGUEDOC-ROUSSILLON,061,48061,FLORAC,VC 0,222581,0,4,VC,0,2,1,0,0,0,1,,,,1,31,0,0,1,0
5,8,2,1,3,49,FRANCE,PAYS DE LA LOIRE,007,49007,ANGERS,LOUIS GAIN,222600,0,4,VC,0,2,2,,,0,1,,,,1,5,0,0,1,0
1,8,1,1,7,49,FRANCE,PAYS DE LA LOIRE,007,49007,ANGERS,AVENUE MONTAIGNE,222633,0,4,VC,0,0,0,,,0,0,,,,1,,0,0,1,0
1,8,2,1,6,49,FRANCE,PAYS DE LA LOIRE,007,49007,ANGERS,BOULEVARD DUNANT ,222695,0,4,VC,0,2,4,,,0,1,,,,1,2,0,0,1,0
1,8,1,1,3,49,FRANCE,PAYS DE LA LOIRE,007,49007,ANGERS,MADELEINE,222701,0,4,VC,0,0,1,,,0,1,,,,1,30,0,0,1,0
1,5,3,1,3,49,FRANCE,PAYS DE LA LOIRE,246,49246,PONTS-DE-CE (LES),BOURGEOIS,222750,0,4,VC,0,2,0,,,0,0,,,,1,,0,0,1,0
1,1,1,1,1,49,FRANCE,PAYS DE LA LOIRE,180,49180,LONGUE-JUMELLES,VC 0,222791,0,4,VC,0,2,0,0,0,0,1,0,0,,1,,0,0,1,0
1,5,2,1,3,49,FRANCE,PAYS DE LA LOIRE,246,49246,PONTS-DE-CE (LES),VC 0,222800,0,4,VC,0,2,2,0,0,0,1,,,,1,,0,0,1,0
1,1,1,1,3,49,FRANCE,PAYS DE LA LOIRE,328,49328,SAUMUR,ROUTE D'ANGERS,222889,4,3,RD,952,3,1,3,400,1,5,4728810,-10278,,1,2,0,0,1,0
1,8,1,8,3,49,FRANCE,PAYS DE LA LOIRE,007,49007,ANGERS,RUE MARC SANGNIER ,222919,0,4,VC,0,0,2,0,0,0,1,4744800,-56699,,1,7,0,0,2,0
1,8,1,2,2,49,FRANCE,PAYS DE LA LOIRE,007,49007,ANGERS,AVENUE BRIAND,222931,0,4,VC,0,1,2,,,0,1,4747511,-58069,,1,7,0,0,1,0
1,8,2,1,1,49,FRANCE,PAYS DE LA LOIRE,007,49007,ANGERS,RUE SAUMUROISE ,222936,0,4,VC,0,2,2,,,0,1,4745447,-52808,,1,30,0,0,1,0
1,8,1,1,6,49,FRANCE,PAYS DE LA LOIRE,007,49007,ANGERS,BOULEVARD SAINT MICHEL,222957,0,4,VC,0,2,4,,,0,1,4747360,-54465,,1,7,0,0,1,0
1,6,7,1,3,49,FRANCE,PAYS DE LA LOIRE,328,49328,SAUMUR,AVENUE DU DOCTEUR PETON,222981,0,4,VC,0,2,2,,,0,1,4725630,-7726,,1,,0,0,1,0
1,6,1,1,2,49,FRANCE,PAYS DE LA LOIRE,328,49328,SAUMUR,QUAI MAYAUD,222984,0,4,VC,0,2,2,,,1,1,4725793,-7074,,1,,0,0,1,0
1,6,2,1,6,49,FRANCE,PAYS DE LA LOIRE,328,49328,SAUMUR,RUE JULES AMIOT,222990,0,4,VC,0,2,2,,,0,1,4726119,-9865,,1,7,0,0,2,0
1,6,1,1,3,50,FRANCE,BASSE-NORMANDIE,129,50129,CHERBOURG-OCTEVILLE,RUE DU PRESIDENT LOUBET,223050,0,4,VC,0,2,2,,,0,1,,,,1,7,0,0,1,0
1,6,1,1,6,50,FRANCE,BASSE-NORMANDIE,502,50502,SAINT-LO,rue de La TRAPINIERE,223209,0,6,Parking,0,1,1,1,0,0,0,,,,1,,0,0,1,0
1,6,9,1,6,51,FRANCE,CHAMPAGNE-ARDENNE,108,51108,CHALONS-EN-CHAMPAGNE,RUE DES DOUANES,223271,0,4,VC,0,1,1,,,0,0,,,,1,,0,0,2,0
2,8,3,1,3,51,FRANCE,CHAMPAGNE-ARDENNE,454,51454,REIMS,RUE DUMONT D'URVILLE,223325,0,4,VC,,2,2,,,0,1,,,,1,7,0,0,2,0
5,6,1,2,2,52,FRANCE,CHAMPAGNE-ARDENNE,121,52121,CHAUMONT,RUE DE BOURGOGNE,223353,0,4,VC,0,2,2,,,0,1,,,,1,30,0,0,1,0
3,1,1,1,2,53,FRANCE,PAYS DE LA LOIRE,271,53271,VILLAINES-LA-JUHEL,RD 113,223433,0,3,RD,113,2,2,25,0,0,1,0,0,,1,32,0,0,1,0
1,1,1,1,1,53,FRANCE,PAYS DE LA LOIRE,185,53185,PRE-EN-PAIL,RN 12,223442,0,2,RN,12,2,2,0,700,0,1,4848100,-15500,,1,7,0,0,1,0
1,8,3,1,6,54,FRANCE,LORRAINE,395,54395,NANCY,RUE HYPPOLYTE MARINGER,223461,0,4,VC,0,2,2,,,0,1,,,,1,3,0,0,1,0
1,6,2,1,6,54,FRANCE,LORRAINE,547,54547,VANDOEUVRE-LES-NANCY,AVENUE DU GENERAL LECLERC,223465,0,4,VC,0,2,3,,,0,1,,,,1,,0,0,1,0
1,8,6,1,2,54,FRANCE,LORRAINE,395,54395,NANCY,AVENUE RAYMOND PINCHARD,223500,0,4,VC,0,2,1,,,0,1,,,,1,2,0,0,1,0
1,1,1,1,5,54,FRANCE,LORRAINE,025,54025,ART-SUR-MEURTHE,RD 126,223548,0,3,RD,0,2,2,,,0,1,,,,1,38,0,0,1,0
1,8,1,1,6,54,FRANCE,LORRAINE,395,54395,NANCY,PASSAGE DE LA RAME,223561,6,4,VC,0,0,1,,,3,1,,,,1,,,,,
1,8,1,1,3,54,FRANCE,LORRAINE,395,54395,NANCY,RUE SAINT DIZIER,223575,0,4,VC,0,1,2,,,2,1,,,,1,33,0,0,0,1
5,1,1,2,6,54,FRANCE,LORRAINE,395,54395,NANCY,PONT DU MILLENAIRE,223613,0,4,VC,0,2,3,,,1,5,,,,1,2,0,0,1,0
1,8,1,8,5,54,FRANCE,LORRAINE,395,54395,NANCY,BOULEVARD JEAN JAURES,223631,0,4,VC,0,2,2,,,3,0,,,,1,40,0,0,1,0
1,8,3,1,2,54,FRANCE,LORRAINE,395,54395,NANCY,AVENUE MILTON,223635,0,4,VC,0,2,2,,,0,1,,,,1,7,0,0,1,0
5,5,3,1,7,54,FRANCE,LORRAINE,274,54274,JARVILLE-LA-MALGRANGE,RUE D'ALSACE,223653,0,4,VC,0,2,2,,,0,0,,,,1,,0,0,1,0
1,8,1,1,6,54,FRANCE,LORRAINE,395,54395,NANCY,RUE WINSTON CHURCHILL,223671,0,4,VC,0,2,2,0,0,0,1,,,,1,7,0,0,1,0
1,5,1,1,6,54,FRANCE,LORRAINE,528,54528,TOUL,DROUAS,223688,0,4,VC,0,2,2,0,0,0,1,,,,1,33,0,0,1,0
1,1,1,1,5,54,FRANCE,LORRAINE,300,54300,LANEUVEVILLE-DEVANT-NANCY,RUE DU GENERAL PATTON,223699,0,4,VC,0,2,2,0,0,0,1,,,,1,7,0,0,1,0
1,8,2,3,6,54,FRANCE,LORRAINE,395,54395,NANCY,AVENUE DU GENERAL LECLERC,223731,0,4,VC,0,0,1,0,0,3,1,,,,1,7,0,0,1,0
1,8,3,1,3,54,FRANCE,LORRAINE,395,54395,NANCY,RUE PHILIPPE DE GUELDRES,223743,0,4,VC,0,2,0,,,0,1,,,,1,7,0,0,2,0
1,8,1,1,6,54,FRANCE,LORRAINE,395,54395,NANCY,PLACE ALEXANDRE 1ER,223764,0,4,VC,0,2,2,0,0,0,1,,,,1,,0,0,1,0
1,4,2,7,3,54,FRANCE,LORRAINE,265,54265,HOUDEMONT,RUE DU GENERAL DE GAULLE ,223787,0,4,VC,0,2,2,,,0,1,,,,1,7,0,0,1,0
1,4,1,1,3,54,FRANCE,LORRAINE,174,54174,ECROUVES,AVENUE MARECHAL JOFFRE,223814,0,3,RD,11,2,2,2,683,0,1,4866970,586588,,1,33,0,0,1,0
1,4,6,1,2,54,FRANCE,LORRAINE,150,54150,CUSTINES,RD 40,223817,5,3,RD,40,0,0,6,800,0,1,4878825,614405,,1,7,0,0,1,0
2,8,2,1,3,54,FRANCE,LORRAINE,395,54395,NANCY,RUE JEANNE D'ARC,223832,0,4,VC,0,1,3,,,0,1,,,,1,40,0,0,1,0
5,7,1,1,1,56,FRANCE,BRETAGNE,260,56260,VANNES,GIRATOIRE DU RACKER,224010,0,4,VC,0,2,2,,,1,5,,,,1,,0,0,1,0
1,7,1,1,6,56,FRANCE,BRETAGNE,121,56121,LORIENT,PONT DE KERJULAUDE,224060,0,9,Autre,0,2,2,,,0,1,,,,1,,0,0,1,0
5,1,1,1,7,56,FRANCE,BRETAGNE,162,56162,PLOEMEUR,RUE DE LA ROCHENN,224092,0,4,VC,0,2,2,,,0,1,,,,1,,0,0,2,0
1,7,6,1,6,56,FRANCE,BRETAGNE,260,56260,VANNES,AVENUE DE LA MARNE LYCEE GUEHENNO,224142,0,4,VC,0,3,1,,,0,1,4765977,-278110,,1,2,0,0,1,0
1,4,1,1,5,56,FRANCE,BRETAGNE,164,56164,PLOEREN,VC 0,224156,5,4,VC,0,2,2,0,0,0,1,4765607,-286714,,1,7,0,0,1,0
1,1,1,1,5,56,FRANCE,BRETAGNE,167,56167,PLOUGOUMELEN,VC 3,224158,0,4,VC,3,2,2,0,0,0,1,4763464,-291487,,1,10,0,0,1,0
1,5,1,1,1,56,FRANCE,BRETAGNE,186,56186,QUIBERON,VC 0,224159,5,4,VC,0,3,2,0,0,0,5,4748102,-311831,,1,10,0,0,1,0
3,7,1,1,7,56,FRANCE,BRETAGNE,121,56121,LORIENT,RUE ALAIN-RENE LESAGE,224182,0,9,Autre,0,1,1,,,0,1,4774158,-336407,,1,,0,0,1,0
1,1,1,1,1,57,FRANCE,LORRAINE,672,57672,THIONVILLE,ROUTE D'ARLON,224214,0,3,RD,0,2,2,2,320,1,5,,,,1,2,0,0,1,0
1,5,1,1,4,57,FRANCE,LORRAINE,537,57537,PETITE-ROSSELLE,RUE GENERAL DE GAULLE,224316,0,3,RD,0,2,1,,,0,1,,,,1,7,0,0,1,0
1,5,1,1,3,57,FRANCE,LORRAINE,757,57757,YUTZ,Avenue Nations,224404,0,3,RD,0,2,2,,,0,1,,,,1,2,0,0,1,0
1,5,1,1,3,57,FRANCE,LORRAINE,221,57221,FLORANGE,RUE DES ROMAINS,224439,0,3,RD,152,2,2,,946,0,1,,,,1,30,0,0,1,0
1,4,2,1,3,57,FRANCE,LORRAINE,123,57123,CARLING,VC 0,224453,5,4,VC,0,2,0,0,0,0,1,0,0,,1,7,0,0,1,0
1,6,1,8,1,57,FRANCE,LORRAINE,672,57672,THIONVILLE,ROUTE D'ARLON,224518,0,3,RD,14,2,4,4,0,1,5,,,,1,2,0,0,1,0
1,3,1,1,3,57,FRANCE,LORRAINE,708,57708,VERNY,RD 913,224530,0,3,RD,913,2,2,12,547,0,1,0,0,,1,7,0,0,2,0
2,8,1,1,6,57,FRANCE,LORRAINE,463,57463,METZ,PASSAGE DE PLANTIERES,224537,1,3,RD,955,4,4,0,551,0,1,,,,1,7,0,0,1,0
1,1,1,1,1,58,FRANCE,BOURGOGNE,040,58040,BRINAY,RD 132,224568,0,3,RD,132,2,2,0,0,0,1,0,0,,1,14,0,0,0,1
5,6,1,2,1,58,FRANCE,BOURGOGNE,194,58194,NEVERS,BERNARD PALISSY,224583,0,4,VC,0,2,3,,,0,1,,,,1,2,0,0,1,0
1,6,1,1,3,58,FRANCE,BOURGOGNE,194,58194,NEVERS,MONTOTS,224617,0,4,VC,0,2,2,,,0,1,,,,1,7,0,0,1,0
2,8,3,1,6,59,FRANCE,NORD-PAS-DE-CALAIS,350,59350,LILLE,RUE DE PERENCHIES ,224656,0,3,RD,0,2,2,,,0,1,,,,1,7,0,0,1,0
1,8,1,1,6,59,FRANCE,NORD-PAS-DE-CALAIS,350,59350,LILLE,RUE DU SEC AREMBAULT ,224667,6,9,Autre,0,2,1,,,0,1,,,,1,,0,0,1,0
1,5,1,1,3,59,FRANCE,NORD-PAS-DE-CALAIS,014,59014,ANZIN,AVENUE ANATOLE FRANCE,224700,0,3,RD,0,2,2,,,0,1,,,,1,30,0,0,1,0
1,1,2,2,3,59,FRANCE,NORD-PAS-DE-CALAIS,152,59152,COMINES,RUE DE LA LYS,224727,0,3,RD,0,2,2,,,0,1,,,,1,7,0,0,1,0
1,6,3,1,6,59,FRANCE,NORD-PAS-DE-CALAIS,360,59360,LOOS,RUE DE L' ARTISANAT,224841,0,4,VC,0,2,3,,,1,1,,,,1,3,0,0,1,0
1,6,1,7,3,59,FRANCE,NORD-PAS-DE-CALAIS,178,59178,DOUAI,ROUTE DE TOURNAI,224903,2,4,VC,0,2,2,,,0,1,,,,1,33,0,0,1,0
1,7,1,1,6,59,FRANCE,NORD-PAS-DE-CALAIS,009,59009,VILLENEUVE-D'ASCQ,BOULEVARD DE L'OUEST,224911,0,4,VC,0,1,3,,,1,1,,,,1,7,0,0,1,0
1,5,1,1,3,59,FRANCE,NORD-PAS-DE-CALAIS,286,59286,HAUBOURDIN,RUE D'ENGLOS,224932,0,4,VC,0,2,2,,,0,1,,,,1,7,0,0,2,0
1,6,1,1,6,59,FRANCE,NORD-PAS-DE-CALAIS,378,59378,MARCQ-EN-BAROEUL,AVENUE DE LA REPUBLIQUE,224943,0,4,VC,0,2,5,,,1,5,,,,1,7,0,0,1,0
1,5,1,1,6,59,FRANCE,NORD-PAS-DE-CALAIS,507,59507,RONCHIN,RUE CLEMENCEAU ,224945,0,3,RD,0,2,2,,,0,1,,,,1,7,0,0,2,0
1,1,1,2,2,59,FRANCE,NORD-PAS-DE-CALAIS,365,59365,LOUVROIL,RUE JULES GALLOIS,224946,0,3,RD,0,2,2,2,350,0,1,,,,1,7,0,0,1,0
1,8,2,1,6,59,FRANCE,NORD-PAS-DE-CALAIS,350,59350,LILLE,RUE PORT ,224962,0,4,VC,0,1,2,,,0,1,,,,1,,0,0,1,0
1,5,3,1,3,59,FRANCE,NORD-PAS-DE-CALAIS,616,59616,VIEUX-CONDE,RUE BASLY,225019,0,3,RD,0,2,1,,,0,0,,,,1,7,0,0,1,0
5,4,1,2,1,59,FRANCE,NORD-PAS-DE-CALAIS,361,59361,LOURCHES,RESIDENCE JEAN JAURES,225037,0,4,VC,0,2,2,,,0,1,,,,1,32,0,0,1,0
5,8,3,1,3,59,FRANCE,NORD-PAS-DE-CALAIS,350,59350,LILLE,RUE JEAN  SANS PEUR,225040,5,4,VC,0,2,0,,,0,1,,,,1,33,0,0,1,0
1,1,1,1,6,59,FRANCE,NORD-PAS-DE-CALAIS,637,59637,WANDIGNIES-HAMAGE,ROUTE WARLAING,225043,0,3,RD,0,2,2,,,0,1,,,,1,7,0,0,1,0
1,8,3,1,3,59,FRANCE,NORD-PAS-DE-CALAIS,350,59350,LILLE,notebart,225126,0,4,VC,0,1,1,,,0,1,,,,1,10,0,0,1,0
1,8,1,1,6,59,FRANCE,NORD-PAS-DE-CALAIS,350,59350,LILLE,RUE DESMET EMILE ,225134,0,4,VC,0,2,2,,,0,1,,,,1,7,0,0,1,0
1,8,1,1,6,59,FRANCE,NORD-PAS-DE-CALAIS,350,59350,LILLE,LECLERCQ PLACE DU MARECHAL,225140,0,4,VC,0,1,2,,,0,4,,,,1,,0,0,1,0
1,6,1,1,6,59,FRANCE,NORD-PAS-DE-CALAIS,378,59378,MARCQ-EN-BAROEUL,RUE DE L' HERRENGRIE,225263,0,4,VC,0,2,2,,,0,1,,,,1,,0,0,1,0
1,6,9,1,6,59,FRANCE,NORD-PAS-DE-CALAIS,017,59017,ARMENTIERES,RUE DE MESSINES,225360,0,3,RD,0,2,2,,,0,1,,,,1,7,0,0,1,0
1,6,1,1,6,59,FRANCE,NORD-PAS-DE-CALAIS,378,59378,MARCQ-EN-BAROEUL,AVENUE DE LA MARNE,225370,0,3,RD,0,3,5,,,1,1,,,,1,31,0,0,1,0
1,8,1,1,6,59,FRANCE,NORD-PAS-DE-CALAIS,350,59350,LILLE,RUE SAINT AMAND ,225536,0,4,VC,0,2,2,,,1,5,,,,1,7,0,0,1,0
1,8,2,1,6,59,FRANCE,NORD-PAS-DE-CALAIS,350,59350,LILLE,BOULEVARD SADI CARNOT,225537,0,4,VC,0,2,4,,,0,1,,,,1,37,0,0,1,0
2,6,2,1,3,59,FRANCE,NORD-PAS-DE-CALAIS,163,59163,CROIX,RUE DE LA MACKELLERIE,225595,0,3,RD,0,2,2,,,0,1,,,,1,7,0,0,2,0
1,5,1,1,6,59,FRANCE,NORD-PAS-DE-CALAIS,112,59112,BRUAY-SUR-L'ESCAUT,RUE JEAN JAURES,225618,0,4,VC,0,2,2,,,2,0,,,,1,7,0,0,1,0
1,5,1,1,1,59,FRANCE,NORD-PAS-DE-CALAIS,491,59491,RAISMES,RUE CHRISTINO GARCIA,225624,0,4,VC,0,2,2,,,1,5,,,,1,30,0,0,1,0
1,3,1,1,1,60,FRANCE,PICARDIE,409,60409,MONCHY-SAINT-ELOI,RD 2,225659,0,3,RD,2,0,0,0,0,0,1,0,0,,1,7,0,0,1,0
1,1,1,1,1,60,FRANCE,PICARDIE,129,60129,CARLEPONT,RD 145,225733,0,3,RD,145,2,2,0,0,0,1,4953000,300600,,1,30,0,0,1,0
1,4,1,1,5,60,FRANCE,PICARDIE,103,60103,BRESLES,RD 2,225742,5,3,RD,2,2,2,0,0,0,1,0,0,,1,7,0,0,1,0
5,5,1,2,1,62,FRANCE,NORD-PAS-DE-CALAIS,413,62413,HARNES,ROUTE DE LILLE,225854,0,2,RN,0,2,2,,,1,5,,,,1,2,0,0,1,0
5,5,9,1,6,62,FRANCE,NORD-PAS-DE-CALAIS,244,62244,COULOGNE,RUE DU VIRVAL,225926,0,4,VC,0,2,2,1,0,0,1,,,,1,7,0,0,1,0
3,1,1,1,2,62,FRANCE,NORD-PAS-DE-CALAIS,224,62224,CHOCQUES,RD 943,225935,0,3,RD,0,2,3,34,0,1,5,,,,1,2,0,0,1,0
1,6,1,1,6,62,FRANCE,NORD-PAS-DE-CALAIS,427,62427,HENIN-BEAUMONT,RUE HENRI BARBUSSE,225943,0,4,VC,0,2,2,,,0,1,,,,1,2,0,0,1,0
2,1,1,1,1,62,FRANCE,NORD-PAS-DE-CALAIS,573,62573,MEURCHIN,CHEMIN DU HALAGE,225949,2,4,VC,0,2,1,,,0,1,,,,1,,0,0,1,0
1,1,1,1,1,62,FRANCE,NORD-PAS-DE-CALAIS,215,62215,CARVIN,RD 917,226083,0,3,RD,0,2,2,,,1,5,,,,1,2,0,0,1,0
5,5,3,8,1,62,FRANCE,NORD-PAS-DE-CALAIS,108,62108,BERCK,PATIS D'EN BAS,226094,0,4,VC,0,0,2,,,0,0,,,,1,30,0,0,1,0
1,6,1,1,6,62,FRANCE,NORD-PAS-DE-CALAIS,498,62498,LENS,AVENUE ALFRED MAES,226102,0,4,VC,0,2,2,,,0,1,,,,1,,0,0,1,0
1,5,2,1,3,62,FRANCE,NORD-PAS-DE-CALAIS,413,62413,HARNES,RUE DE SALONIQUE,226191,5,4,VC,0,2,2,,,0,1,,,,1,7,0,0,2,0