lum,agg,int,atm,col,dep_bis,pays,region,com_bis,com_codeINSEE,communes,N_voie,numac,infra,catr,type_route,voie,circ,nbv,pr,pr1,vosp,situ,lat,long,adr,accident_velo,vehicule_imp,cycl_mort,cycl_bgv,cycl_blg,cycl_indm
1,6,1,1,6,62,FRANCE,NORD-PAS-DE-CALAIS,427,62427,HENIN-BEAUMONT,RUE CHARLES DEMUYNCK,226215,0,4,VC,0,2,2,,,0,1,,,,1,30,0,0,1,0
1,5,2,1,3,62,FRANCE,NORD-PAS-DE-CALAIS,528,62528,LOOS-EN-GOHELLE,CHEMIN DE MAZINGARBE,226222,0,4,VC,0,1,0,,,0,1,,,,1,3,0,0,1,0
1,8,1,1,6,63,FRANCE,AUVERGNE,113,63113,CLERMONT-FERRAND,BOULEVARD CLAUDE BERNARD,226246,0,4,VC,0,2,2,,,0,1,,,,1,,0,0,1,0
1,8,1,1,6,63,FRANCE,AUVERGNE,113,63113,CLERMONT-FERRAND,BOULEVARD COTE BLATIN,226337,0,4,VC,0,1,3,,,0,1,,,,1,,0,0,1,0
1,1,2,1,6,63,FRANCE,AUVERGNE,014,63014,AUBIERE,AVENUE DE COURNON,226448,0,4,VC,0,2,5,,,0,1,,,,1,7,0,0,1,0
1,8,9,1,6,63,FRANCE,AUVERGNE,113,63113,CLERMONT-FERRAND,RUE HENRI BARBUSSE,226480,0,4,VC,0,2,0,,,1,5,,,,1,,0,0,1,0
1,8,1,1,6,63,FRANCE,AUVERGNE,113,63113,CLERMONT-FERRAND,RUE BOIROT,226501,0,4,VC,0,1,1,,,0,1,,,,1,,0,0,1,0
5,8,2,1,6,63,FRANCE,AUVERGNE,113,63113,CLERMONT-FERRAND,RUE LOUIS CUOCQ,226538,0,4,VC,0,2,1,,,0,1,,,,1,7,0,0,1,0
1,8,1,1,6,63,FRANCE,AUVERGNE,113,63113,CLERMONT-FERRAND,AVENUE CARNOT,226546,0,4,VC,0,2,3,,,0,1,,,,1,30,0,0,1,0
5,8,1,1,6,63,FRANCE,AUVERGNE,113,63113,CLERMONT-FERRAND,BOULEVARD LAFAYETTE,226618,0,4,VC,0,2,3,,,0,1,4577054,310111,,1,33,0,0,1,0
1,8,1,1,6,63,FRANCE,AUVERGNE,113,63113,CLERMONT-FERRAND,AVENUE DE L'UNION SOVIETIQUE,226639,0,4,VC,0,0,0,,,0,1,,,,1,33,0,0,2,0
1,6,1,1,5,64,FRANCE,AQUITAINE,102,64102,BAYONNE,AVENUE HENRI GRENET,226685,0,4,VC,0,2,2,,,0,1,,,,1,7,0,0,1,0
1,5,1,1,3,64,FRANCE,AQUITAINE,189,64189,CIBOURE,QUAI RAVEL MAURICE,226722,0,3,RD,0,2,2,0,400,0,1,,,,1,30,0,0,1,0
1,5,1,1,3,64,FRANCE,AQUITAINE,483,64483,SAINT-JEAN-DE-LUZ,AVENUE LARRAMENDY PIERRE,226723,0,4,VC,0,2,2,,,0,1,,,,1,30,0,0,1,0
5,7,1,1,6,64,FRANCE,AQUITAINE,445,64445,PAU,GENERAL DE GAULLE,226750,5,4,VC,0,3,2,,,0,1,,,,1,2,0,0,1,1
1,7,3,1,3,64,FRANCE,AQUITAINE,445,64445,PAU,GENERAL DE GAULLE,226771,0,2,RN,0,2,2,25,500,0,1,,,,1,2,0,0,1,0
1,5,3,1,3,64,FRANCE,AQUITAINE,129,64129,BILLERE,BELLEVUE,226772,0,4,VC,0,2,2,,,0,1,,,,1,7,0,0,1,0
1,7,1,1,3,64,FRANCE,AQUITAINE,445,64445,PAU,ALSACE LORRAINE D',226806,0,4,VC,0,2,2,,,0,1,,,,1,7,0,0,1,0
1,7,1,1,3,64,FRANCE,AQUITAINE,445,64445,PAU,RICHELIEU,226808,0,4,VC,0,2,2,,,0,0,,,,1,7,0,0,1,0
1,7,2,1,1,64,FRANCE,AQUITAINE,445,64445,PAU,EMILE GUICHENNE,226814,0,4,VC,0,1,1,,,0,0,,,,1,31,0,0,1,0
5,7,1,1,3,64,FRANCE,AQUITAINE,445,64445,PAU,DUFAU,226818,0,4,VC,0,2,4,,,0,1,,,,1,7,0,0,1,0
1,5,1,3,3,64,FRANCE,AQUITAINE,483,64483,SAINT-JEAN-DE-LUZ,AVENUE DE HABAS MATHIEU OU PERE,226832,0,4,VC,0,1,1,,,0,1,,,,1,30,0,0,1,0
1,5,1,1,5,64,FRANCE,AQUITAINE,483,64483,SAINT-JEAN-DE-LUZ,AVENUE DE CHANTACO,226857,0,3,RD,0,2,3,0,180,0,1,,,,1,7,0,0,1,0
1,5,1,1,3,64,FRANCE,AQUITAINE,260,64260,HENDAYE,RUE RICHELIEU ,226866,0,4,VC,0,2,2,,,0,1,,,,1,2,0,0,1,0
1,1,1,3,2,64,FRANCE,AQUITAINE,545,64545,URRUGNE,CD 810,226889,0,3,RD,810,2,2,35,200,0,1,4334970,-174353,,1,2,0,0,1,0
1,6,6,1,3,64,FRANCE,AQUITAINE,122,64122,BIARRITZ,ROND-POINT DE L'EUROPE,226932,0,4,VC,0,1,2,0,0,0,1,4348110,-154100,,1,7,0,0,1,0
1,7,3,1,6,64,FRANCE,AQUITAINE,445,64445,PAU,ADOUE,226944,0,4,VC,0,1,1,0,0,0,1,4329350,-37220,,1,7,0,0,1,0
1,5,6,1,6,64,FRANCE,AQUITAINE,335,64335,LESCAR,FOURCET,226985,0,4,VC,0,2,2,0,0,0,1,4332730,-43915,,1,10,0,0,1,0
1,1,1,1,5,65,FRANCE,MIDI-PYRENEES,473,65473,VILLELONGUE,RD 921,227139,0,3,RD,921,2,2,0,0,0,1,0,0,,1,10,0,0,1,0
1,6,2,1,6,65,FRANCE,MIDI-PYRENEES,440,65440,TARBES,RUE DU MAQUIS DE SOMBRUN,227175,0,3,RD,0,2,2,,,0,1,,,,1,7,0,0,2,0
1,6,6,1,6,65,FRANCE,MIDI-PYRENEES,440,65440,TARBES,PLACE FERRE,227240,0,4,VC,0,0,2,,,0,1,,,,1,7,0,0,1,0
1,1,1,1,2,65,FRANCE,MIDI-PYRENEES,463,65463,VIELLA,RD 918,227257,0,3,RD,918,2,0,24,120,0,1,0,0,,1,7,0,0,1,0
1,1,1,1,3,66,FRANCE,LANGUEDOC-ROUSSILLON,124,66124,FONT-ROMEU-ODEILLO-VIA,RD 618,227342,0,3,RD,618,2,0,0,0,0,1,0,0,,1,7,0,0,1,0
1,8,2,1,3,67,FRANCE,ALSACE,482,67482,STRASBOURG,RUE DE LA MESANGE,227461,0,4,VC,0,1,1,,,0,4,,,,1,,0,0,1,0
1,1,1,1,3,67,FRANCE,ALSACE,283,67283,MARMOUTIER,RN 4,227468,5,2,RN,4,2,2,0,0,0,1,0,0,,1,33,0,0,1,0
1,8,1,1,6,67,FRANCE,ALSACE,482,67482,STRASBOURG,RUE D ALTORF,227473,0,4,VC,0,2,2,1,0,1,5,,,,1,,0,0,1,0
1,8,1,1,1,67,FRANCE,ALSACE,482,67482,STRASBOURG,RUE DRUSUS,227480,0,4,VC,0,1,1,,,0,1,,,,1,7,0,0,1,0
1,1,1,1,1,67,FRANCE,ALSACE,183,67183,HARSKIRCHEN,VC 0,227495,0,4,VC,0,2,2,0,0,0,1,4894200,704000,,1,33,0,0,1,0
1,8,3,1,6,67,FRANCE,ALSACE,482,67482,STRASBOURG,RUE SAINTE MARGUERITE,227497,5,4,VC,0,2,2,,,3,1,,,,1,,0,0,1,0
1,5,2,1,3,67,FRANCE,ALSACE,043,67043,BISCHHEIM,RUE DU CANAL,227506,0,4,VC,0,2,2,,,0,1,,,,1,7,0,0,2,0
1,8,1,1,5,67,FRANCE,ALSACE,482,67482,STRASBOURG,RUE DES ORPHELINS,227508,0,4,VC,0,2,2,,,0,1,,,,1,33,0,0,1,0
1,8,1,1,3,67,FRANCE,ALSACE,482,67482,STRASBOURG,AVENUE DE COLMAR,227512,0,4,VC,0,0,4,,,0,1,,,,1,7,0,0,1,0
1,8,2,1,3,67,FRANCE,ALSACE,482,67482,STRASBOURG,RUE DE KOENIGSHOFFEN,227545,0,4,VC,0,2,4,,,1,1,,,,1,7,0,0,1,0
1,8,9,1,6,67,FRANCE,ALSACE,482,67482,STRASBOURG,QUAI DES ALPES,227558,0,9,Autre,0,2,2,,,1,5,,,,1,,0,0,1,0
5,8,2,2,6,67,FRANCE,ALSACE,482,67482,STRASBOURG,RUE GUTENBERG,227559,6,4,VC,0,0,1,1,0,0,1,,,,1,,0,0,1,0
1,8,1,1,6,67,FRANCE,ALSACE,482,67482,STRASBOURG,QUAI DES BELGES,227564,0,4,VC,0,2,2,,,1,5,,,,1,,0,0,1,0
1,1,1,1,1,67,FRANCE,ALSACE,482,67482,STRASBOURG,RUE DE L'EGLISE ROUGE,227573,0,9,Autre,0,2,2,,,1,5,,,,1,30,0,0,1,0
1,8,2,1,6,67,FRANCE,ALSACE,482,67482,STRASBOURG,RUE MOLL,227578,0,4,VC,0,2,2,,,1,1,,,,1,7,0,0,1,0
1,8,2,1,3,67,FRANCE,ALSACE,482,67482,STRASBOURG,QUAI FINKMATT,227608,0,4,VC,0,1,2,,,0,0,,,,1,31,0,0,1,0
2,5,2,1,3,67,FRANCE,ALSACE,204,67204,HOENHEIM,RUE DE LA ROBERTSAU,227609,0,3,RD,0,2,3,,,0,1,,,,1,33,0,0,1,0
1,8,1,1,3,67,FRANCE,ALSACE,482,67482,STRASBOURG,RUE DU WACKEN,227618,0,4,VC,0,1,1,,,2,1,,,,1,33,0,0,1,0
1,8,1,1,1,67,FRANCE,ALSACE,482,67482,STRASBOURG,AVENUE JEAN JAURES,227628,0,4,VC,0,2,4,,,0,5,,,,1,,0,0,1,0
1,8,1,1,6,67,FRANCE,ALSACE,482,67482,STRASBOURG,RUE DE WESTHOFFEN,227640,0,4,VC,0,2,2,,,1,1,,,,1,,0,0,1,0
1,8,2,1,3,67,FRANCE,ALSACE,482,67482,STRASBOURG,RUE DE L'OBSERVATOIRE,227652,0,4,VC,0,1,1,1,0,1,1,,,,1,2,0,0,1,0
1,8,1,1,6,67,FRANCE,ALSACE,482,67482,STRASBOURG,RUE DE FRIEDOLSHEIM,227653,0,4,VC,0,1,1,,,0,1,,,,1,7,0,0,2,0
1,8,1,1,2,67,FRANCE,ALSACE,482,67482,STRASBOURG,ROUTE D OBERHAUSBERGEN,227664,0,4,VC,0,2,2,,,0,1,,,,1,32,0,0,1,0
1,5,1,1,6,67,FRANCE,ALSACE,365,67365,OSTWALD,QUAI HEYDT,227670,0,4,VC,0,2,1,,,1,5,,,,1,,0,0,1,0
1,8,1,1,3,67,FRANCE,ALSACE,482,67482,STRASBOURG,AVENUE DE LA FORET NOIRE,227683,0,4,VC,0,2,4,,,0,1,,,,1,33,0,0,1,0
4,8,1,1,1,67,FRANCE,ALSACE,482,67482,STRASBOURG,RUE PAUL ELUARD,227684,0,4,VC,0,2,2,,,1,5,,,,1,2,0,0,1,0
1,8,2,1,3,67,FRANCE,ALSACE,482,67482,STRASBOURG,RUE DE LA KLEBSAU,227714,0,4,VC,0,2,2,0,0,0,1,0,0,,1,2,0,0,1,0
1,8,3,1,3,67,FRANCE,ALSACE,482,67482,STRASBOURG,RUE ANNE ALEX DE FURSTENBERG,227722,0,4,VC,0,2,2,0,0,0,1,0,0,,1,,0,0,1,0
1,8,2,1,3,67,FRANCE,ALSACE,482,67482,STRASBOURG,RUE DE LA MONTAGNE VERTE,227735,0,4,VC,0,2,2,0,0,0,1,0,0,,1,40,0,0,1,0
1,8,9,1,3,67,FRANCE,ALSACE,482,67482,STRASBOURG,CHEMIN DU HEYRITZ,227739,0,4,VC,0,0,1,0,0,0,1,0,0,,1,,0,0,1,0
1,8,1,1,1,67,FRANCE,ALSACE,482,67482,STRASBOURG,RUE DE SEBASTOPOL,227746,0,4,VC,0,1,2,0,0,0,1,0,0,,1,7,0,0,1,0
1,8,3,1,3,67,FRANCE,ALSACE,482,67482,STRASBOURG,RUE WIMPHELING,227773,0,4,VC,0,2,2,0,0,0,5,0,0,,1,7,0,0,1,0
2,8,1,1,1,67,FRANCE,ALSACE,482,67482,STRASBOURG,RUE GEORGES WODLI,227797,0,4,VC,0,1,1,0,0,1,5,0,0,,1,,0,0,1,0
1,8,1,2,3,67,FRANCE,ALSACE,482,67482,STRASBOURG,RUE DU GENERAL OFFENSTEIN,227802,0,4,VC,0,2,2,,,1,1,,,,1,7,0,0,2,0
1,8,1,1,1,67,FRANCE,ALSACE,482,67482,STRASBOURG,ESPLANADE,227828,0,9,Autre,0,0,0,,,0,3,,,,1,,0,0,1,0
1,6,1,1,2,67,FRANCE,ALSACE,447,67447,SCHILTIGHEIM,ROUTE DU GENERAL DE GAULLE,227833,0,4,VC,0,2,2,,,0,1,,,,1,30,0,0,1,0
1,5,2,1,3,67,FRANCE,ALSACE,204,67204,HOENHEIM,RUE DE LA FONTAINE,227839,0,4,VC,0,2,3,,,0,1,,,,1,7,0,0,2,0
1,8,2,1,3,67,FRANCE,ALSACE,482,67482,STRASBOURG,AVENUE DE COLMAR,227842,0,4,VC,0,2,4,,,1,5,,,,1,7,0,0,1,0
1,8,1,2,3,67,FRANCE,ALSACE,482,67482,STRASBOURG,ROUTE D OBERHAUSBERGEN,227867,0,4,VC,0,2,2,,,0,1,,,,1,31,0,0,1,0
5,8,1,1,3,67,FRANCE,ALSACE,482,67482,STRASBOURG,RUE DU FAUBOURG DE SAVERNE,227868,0,4,VC,0,2,2,,,0,1,,,,1,33,0,0,1,0
5,8,1,1,3,67,FRANCE,ALSACE,482,67482,STRASBOURG,RUE SAINT GUILLAUME,227881,0,4,VC,0,1,1,,,1,5,,,,1,,0,0,1,0
1,8,2,2,5,67,FRANCE,ALSACE,482,67482,STRASBOURG,QUAI LEZAY MARNESIA,227915,0,4,VC,0,2,2,,,3,1,,,,1,7,0,0,1,0
1,8,1,1,1,67,FRANCE,ALSACE,482,67482,STRASBOURG,QUAI LOUIS PASTEUR,227921,0,4,VC,0,2,2,,,1,5,,,,1,,0,0,1,0
5,8,2,1,3,67,FRANCE,ALSACE,482,67482,STRASBOURG,RUE DES ORCHIDEES,227923,0,4,VC,0,2,1,,,0,1,,,,1,7,0,0,1,0
1,5,1,1,3,67,FRANCE,ALSACE,043,67043,BISCHHEIM,RUE DU MARAIS,227929,4,4,VC,0,2,2,,,1,5,,,,1,7,0,0,2,0
1,6,1,1,6,67,FRANCE,ALSACE,447,67447,SCHILTIGHEIM,RUE DE MUNDOLSHEIM,227932,0,4,VC,0,1,1,,,0,4,,,,1,,0,0,1,0
1,1,1,1,5,68,FRANCE,ALSACE,171,68171,KRUTH,RD 27,227989,0,3,RD,27,2,2,25,450,0,1,0,0,,1,14,0,0,1,0
1,7,9,1,3,68,FRANCE,ALSACE,066,68066,COLMAR,RUE STANISLAS,227994,5,3,RD,0,1,3,4,534,0,1,,,,1,30,0,0,1,0
2,7,2,1,3,68,FRANCE,ALSACE,066,68066,COLMAR,ROUTE DE NEUF BRISACH,227997,0,4,VC,0,1,1,,,0,1,,,,1,31,0,0,1,0
1,1,1,1,3,68,FRANCE,ALSACE,374,68374,WINTZENHEIM,RD 417,228006,0,3,RD,417,2,0,0,0,1,1,4808000,727700,,1,33,0,0,1,0
1,4,1,1,1,68,FRANCE,ALSACE,040,68040,BITSCHWILLER-LES-THANN,RN 66,228013,0,2,RN,66,3,0,0,0,2,5,4783700,707900,,1,7,0,0,1,0
1,1,1,1,2,68,FRANCE,ALSACE,271,68271,RIEDISHEIM,RUE DES BOIS,228016,0,4,VC,0,0,1,,,0,0,,,,1,30,0,0,1,0
1,7,6,1,3,68,FRANCE,ALSACE,066,68066,COLMAR,ROUTE DE NEUF BRISACH,228072,0,3,RD,418,1,1,33,136,2,1,,,,1,2,0,0,1,0
1,5,1,1,3,68,FRANCE,ALSACE,376,68376,WITTENHEIM,RUE DES MINES,228124,0,3,RD,53,2,2,1,488,0,1,4780439,733066,,1,7,0,0,1,0
1,6,1,1,6,69,FRANCE,RHONE-ALPES,029,69029,BRON,PARC DE PARILLY,228241,0,4,VC,0,2,1,,,0,1,,,,1,,0,0,1,0
1,9,1,1,2,69,FRANCE,RHONE-ALPES,386,69386,LYON,RUE GARIBALDI,228247,0,4,VC,0,1,3,,,0,1,,,,1,7,0,0,2,0
1,9,3,1,3,69,FRANCE,RHONE-ALPES,381,69381,LYON,QUAI JEAN MOULIN,228266,0,2,RN,0,3,2,,,0,1,,,,1,33,0,0,1,0
1,9,1,2,6,69,FRANCE,RHONE-ALPES,383,69383,LYON,COURS GAMBETTA,228273,0,4,VC,0,2,6,,,3,1,,,,1,,0,0,1,0
1,7,1,1,3,69,FRANCE,RHONE-ALPES,259,69259,VENISSIEUX,RUE DU CLOS VERGER,228349,0,4,VC,0,2,0,,,0,1,,,,1,7,0,0,1,0
1,9,1,1,6,69,FRANCE,RHONE-ALPES,388,69388,LYON,AVENUE BERTHELOT,228385,0,4,VC,0,0,2,,,0,1,,,,1,,0,0,1,0
1,8,1,1,6,69,FRANCE,RHONE-ALPES,266,69266,VILLEURBANNE,RUE FRANCIS DE PRESSENSE,228400,0,4,VC,0,2,2,,,0,1,,,,1,7,0,0,1,0
5,9,1,1,6,69,FRANCE,RHONE-ALPES,382,69382,LYON,RUE COLONEL CHAMBONNET,228626,0,4,VC,0,1,2,,,2,5,,,,1,,0,0,1,0
1,9,2,1,5,69,FRANCE,RHONE-ALPES,382,69382,LYON,RUE CHILDEBERT,228737,5,4,VC,0,1,3,,,3,1,,,,1,7,0,0,1,0
1,1,1,1,3,69,FRANCE,RHONE-ALPES,256,69256,VAULX-EN-VELIN,PARC DE MIRIBEL,228739,0,9,Autre,0,2,2,,,1,1,,,,1,30,0,0,1,0
5,9,1,1,2,69,FRANCE,RHONE-ALPES,387,69387,LYON,BOULEVARD DES TCHECOSLOVAQUES,228747,0,4,VC,0,1,3,,,0,1,,,,1,7,0,0,2,0
1,9,2,1,6,69,FRANCE,RHONE-ALPES,383,69383,LYON,COURS GAMBETTA,228825,0,4,VC,0,2,3,,,1,1,,,,1,,0,0,1,0
5,9,1,1,3,69,FRANCE,RHONE-ALPES,387,69387,LYON,PONT DE L'UNIVERSITE,228845,2,4,VC,0,1,0,,,0,1,,,,1,7,0,0,1,1
5,9,2,1,6,69,FRANCE,RHONE-ALPES,387,69387,LYON,RUE MONTESQUIEU ,228869,0,4,VC,0,1,1,,,0,1,,,,1,,0,0,0,1
1,6,1,1,6,69,FRANCE,RHONE-ALPES,034,69034,CALUIRE-ET-CUIRE,CHEMIN DE VASSIEUX,228889,2,4,VC,0,2,2,0,0,0,1,,,,1,,0,0,1,0
1,6,1,1,3,69,FRANCE,RHONE-ALPES,275,69275,DECINES-CHARPIEU,AVENUE FRANKLIN ROOSEVELT,228890,0,4,VC,0,2,2,0,0,2,0,,,,1,7,0,0,1,0
1,5,3,1,1,69,FRANCE,RHONE-ALPES,199,69199,SAINT-FONS,RUE LOUIS GIRARDET,228894,0,4,VC,0,2,2,0,0,0,1,,,,1,7,0,0,2,0
1,6,1,1,3,69,FRANCE,RHONE-ALPES,256,69256,VAULX-EN-VELIN,RUE LOUIS DUCLOS PROLONGEE,228933,0,4,VC,0,2,2,,,1,5,,,,1,,0,0,1,0
1,8,1,1,6,69,FRANCE,RHONE-ALPES,266,69266,VILLEURBANNE,PONT DE CUSSET,228956,2,4,VC,0,2,4,,,0,1,,,,1,33,0,0,1,0
1,9,1,1,6,69,FRANCE,RHONE-ALPES,388,69388,LYON,AVENUE PAUL SANTY,229008,0,4,VC,0,3,1,,,0,1,,,,1,7,0,0,2,0
1,9,2,1,3,69,FRANCE,RHONE-ALPES,383,69383,LYON,RUE CYRANO,229165,0,4,VC,0,0,0,,,0,0,,,,1,30,0,0,1,1
1,9,2,1,3,69,FRANCE,RHONE-ALPES,383,69383,LYON,COURS GAMBETTA,229169,0,4,VC,0,4,3,,,3,1,,,,1,,0,0,1,0
1,9,4,1,3,69,FRANCE,RHONE-ALPES,386,69386,LYON,ALLEE  ACHILLE LIGNON,229174,0,4,VC,0,2,2,,,3,1,,,,1,37,0,0,1,0
1,9,2,1,7,69,FRANCE,RHONE-ALPES,387,69387,LYON,COURS GAMBETTA,229186,0,4,VC,0,2,4,,,0,1,,,,1,37,,,,
1,9,2,1,3,69,FRANCE,RHONE-ALPES,389,69389,LYON,QUAI JAYR,229251,0,4,VC,0,2,1,,,0,1,,,,1,7,0,0,1,0
1,4,2,8,3,72,FRANCE,PAYS DE LA LOIRE,035,72035,BESSE-SUR-BRAYE,RD 66,229474,0,3,RD,66,2,2,0,0,0,1,0,0,,1,2,0,0,1,0
1,8,1,1,6,72,FRANCE,PAYS DE LA LOIRE,181,72181,MANS (LE),AVENUE DU GENERAL LECLERC,229491,0,9,Autre,0,1,1,,,0,1,,,,1,,0,0,1,0
1,8,3,1,1,72,FRANCE,PAYS DE LA LOIRE,181,72181,MANS (LE),CHEMIN GUETTE-LOUP ,229593,0,4,VC,0,2,2,,,0,0,,,,1,7,0,0,1,0
1,3,1,1,1,72,FRANCE,PAYS DE LA LOIRE,042,72042,BOULOIRE,RD 34,229623,0,3,RD,34,2,0,8,200,0,1,4798000,56100,,1,10,0,0,1,0
1,2,1,7,5,73,FRANCE,RHONE-ALPES,219,73219,SAINT-ALBAN-DE-MONTBEL,RD 921,229684,0,3,RD,921,2,0,41,900,0,1,4554700,576300,,1,7,0,0,1,0
1,4,3,1,5,73,FRANCE,RHONE-ALPES,029,73029,BARBERAZ,ROUTE D'APREMONT,229686,5,3,RD,201,2,2,2,23,1,1,,,,1,7,0,0,1,0
1,6,1,1,2,73,FRANCE,RHONE-ALPES,008,73008,AIX-LES-BAINS,AVENUE SAINT SIMOND,229695,0,4,VC,0,2,2,,,0,1,,,,1,33,0,0,1,0
2,4,1,1,6,74,FRANCE,RHONE-ALPES,169,74169,MARNAZ,VC 0,229837,0,4,VC,0,2,0,0,0,0,4,0,0,,1,99,0,0,1,0
5,9,2,1,4,75,FRANCE,ILE-DE-FRANCE,011,75011,PARIS,RUE AMELOT,229856,0,4,VC,,1,1,1009,0,0,1,,,,1,4,0,0,1,0
5,9,1,2,5,75,FRANCE,ILE-DE-FRANCE,007,75007,PARIS,AVENUE LA MOTTE PICQUET ,229921,0,4,VC,,2,4,2009,18,0,1,,,,1,4,0,0,1,0
5,9,2,1,6,75,FRANCE,ILE-DE-FRANCE,018,75018,PARIS,BOULEVARD NEY,229944,0,4,VC,,2,4,1803,0,0,1,,,,1,,0,0,0,1
1,9,1,1,6,75,FRANCE,ILE-DE-FRANCE,006,75006,PARIS,RUE ASSAS ,229950,0,4,VC,,2,2,2009,42,0,1,,,,1,,0,0,1,0
1,9,1,1,3,75,FRANCE,ILE-DE-FRANCE,015,75015,PARIS,RUE CAMBRONNE,229967,0,4,VC,,2,4,2009,57,0,1,,,,1,4,0,0,1,0
5,9,1,1,6,75,FRANCE,ILE-DE-FRANCE,010,75010,PARIS,AVENUE PARMENTIER,229999,0,4,VC,,2,2,2009,152,0,1,,,,1,,0,0,1,0
1,9,3,1,6,75,FRANCE,ILE-DE-FRANCE,011,75011,PARIS,BOULEVARD RICHARD LENOIR,230001,0,4,VC,,3,2,1009,0,1,1,,,,1,,0,0,1,0
1,9,2,1,6,75,FRANCE,ILE-DE-FRANCE,015,75015,PARIS,RUE CONVENTION ,230003,0,4,VC,,2,2,1009,0,0,1,,,,1,,0,0,1,0
1,9,1,1,3,75,FRANCE,ILE-DE-FRANCE,011,75011,PARIS,BOULEVARD CHARONNE ,230034,0,4,VC,,2,2,2009,115,1,1,,,,1,7,0,0,2,0
1,9,2,1,3,75,FRANCE,ILE-DE-FRANCE,006,75006,PARIS,RUE CASSETTE ,230070,0,4,VC,,2,2,1009,0,0,1,,,,1,2,0,0,1,0
1,9,1,1,3,75,FRANCE,ILE-DE-FRANCE,013,75013,PARIS,IVRY QUAI,230092,0,4,VC,,2,4,2009,0,0,1,,,,1,2,0,0,1,0
1,9,2,1,3,75,FRANCE,ILE-DE-FRANCE,002,75002,PARIS,RUE ABOUKIR ,230093,0,4,VC,,1,2,1009,0,0,1,,,,1,5,0,0,1,0
1,9,1,1,3,75,FRANCE,ILE-DE-FRANCE,007,75007,PARIS,QUAI ANATOLE FRANCE,230152,0,4,VC,,1,3,2009,5,1,1,,,,1,2,0,0,1,0
1,9,1,1,6,75,FRANCE,ILE-DE-FRANCE,013,75013,PARIS,RUE TOLBIAC ,230154,0,4,VC,,2,3,2009,18,0,1,,,,1,,0,0,1,0
1,9,1,1,3,75,FRANCE,ILE-DE-FRANCE,004,75004,PARIS,RUE LOBAU ,230162,0,4,VC,,2,2,2009,4,0,1,,,,1,2,0,0,1,0
1,9,1,1,2,75,FRANCE,ILE-DE-FRANCE,014,75014,PARIS,BOULEVARD RASPAIL,230228,0,4,VC,,2,4,2101,272,3,1,,,,1,2,0,0,1,0
1,9,2,1,6,75,FRANCE,ILE-DE-FRANCE,006,75006,PARIS,RUE RENNES ,230232,0,4,VC,,2,4,1001,0,3,1,,,,1,,0,0,1,0
1,9,2,1,3,75,FRANCE,ILE-DE-FRANCE,004,75004,PARIS,RUE DU PONT LOUIS PHILIPPE ,230241,0,4,VC,,2,4,1009,0,0,1,,,,1,4,0,0,1,0
1,9,1,1,2,75,FRANCE,ILE-DE-FRANCE,012,75012,PARIS,CEINTURE DU LAC DAUMESNIL ROUTE,230271,0,4,VC,,2,4,2009,0,0,1,,,,1,2,0,0,1,0
1,9,2,1,3,75,FRANCE,ILE-DE-FRANCE,018,75018,PARIS,RUE FRANCIS DE CROISSET ,230294,0,4,VC,,1,1,1009,0,0,1,,,,1,4,0,0,1,0
1,9,2,8,2,75,FRANCE,ILE-DE-FRANCE,017,75017,PARIS,AVENUE PORTE DE VILLIERS ,230297,0,4,VC,,2,2,1009,0,0,1,,,,1,7,0,0,1,0
1,9,3,1,3,75,FRANCE,ILE-DE-FRANCE,001,75001,PARIS,RUE ORATOIRE ,230308,0,4,VC,,1,1,1002,0,0,1,,,,1,2,0,0,1,0
1,9,1,1,3,75,FRANCE,ILE-DE-FRANCE,019,75019,PARIS,RUE TANGER ,230309,0,4,VC,,1,1,2009,26,0,1,,,,1,4,0,0,1,0
1,9,1,1,6,75,FRANCE,ILE-DE-FRANCE,013,75013,PARIS,RUE GLACIERE ,230311,0,4,VC,,2,2,2308,12,0,4,,,,1,,0,0,1,0
1,9,2,1,3,75,FRANCE,ILE-DE-FRANCE,013,75013,PARIS,AVENUE ITALIE ,230317,0,4,VC,,2,4,1009,0,0,1,,,,1,5,0,0,1,0
1,9,1,2,3,75,FRANCE,ILE-DE-FRANCE,006,75006,PARIS,RUE GUYNEMER,230352,0,4,VC,,2,2,2009,6,1,1,,,,1,7,0,0,2,0
1,9,1,1,2,75,FRANCE,ILE-DE-FRANCE,016,75016,PARIS,SEVRES A NEUILLY ROUTE,230361,0,4,VC,,1,2,2009,0,1,1,,,,1,,0,0,1,0
1,9,1,1,6,75,FRANCE,ILE-DE-FRANCE,009,75009,PARIS,RUE NOTRE DAME DE LORETTE,230364,0,4,VC,,1,1,2009,32,0,1,,,,1,,0,0,1,0
1,9,2,1,3,75,FRANCE,ILE-DE-FRANCE,012,75012,PARIS,AVENUE DAUMESNIL,230371,0,4,VC,,2,2,1009,0,0,1,,,,1,2,0,0,1,0
1,9,1,8,6,75,FRANCE,ILE-DE-FRANCE,011,75011,PARIS,BOULEVARD VOLTAIRE,230414,0,4,VC,,2,2,2308,166,0,4,,,,1,,0,0,0,1
5,9,1,1,2,75,FRANCE,ILE-DE-FRANCE,016,75016,PARIS,SEVRES A NEUILLY ROUTE,230454,0,4,VC,,2,2,2009,0,1,1,,,,1,,0,0,1,0
1,9,1,1,6,75,FRANCE,ILE-DE-FRANCE,010,75010,PARIS,VALMY QUAI,230486,0,4,VC,,1,2,2009,189,1,1,,,,1,,0,0,1,0