lum,agg,int,atm,col,dep_bis,pays,region,com_bis,com_codeINSEE,communes,N_voie,numac,infra,catr,type_route,voie,circ,nbv,pr,pr1,vosp,situ,lat,long,adr,accident_velo,vehicule_imp,cycl_mort,cycl_bgv,cycl_blg,cycl_indm
1,9,1,1,3,75,FRANCE,ILE-DE-FRANCE,011,75011,PARIS,RUE BOULETS ,230510,0,4,VC,,1,1,2009,10,0,1,,,,1,5,0,0,1,0
5,9,1,1,3,75,FRANCE,ILE-DE-FRANCE,013,75013,PARIS,AUSTERLITZ QUAI,230526,0,4,VC,,2,4,2009,36,0,1,,,,1,2,0,0,1,0
1,9,2,1,3,75,FRANCE,ILE-DE-FRANCE,009,75009,PARIS,BOULEVARD HAUSSMANN,230528,0,4,VC,,1,2,1009,0,0,1,,,,1,4,0,0,1,0
5,9,1,1,3,75,FRANCE,ILE-DE-FRANCE,014,75014,PARIS,AVENUE DU GENERAL LECLERC,230577,0,4,VC,,2,4,2009,82,0,1,,,,1,5,0,0,0,1
1,9,1,2,2,75,FRANCE,ILE-DE-FRANCE,008,75008,PARIS,BOULEVARD BATIGNOLLES ,230599,0,4,VC,,2,2,2009,63,0,1,,,,1,5,0,0,1,0
5,9,1,2,6,75,FRANCE,ILE-DE-FRANCE,012,75012,PARIS,VINCENNES CRS,230603,0,4,VC,,2,4,2101,92,3,1,,,,1,,0,0,1,0
1,9,2,2,3,75,FRANCE,ILE-DE-FRANCE,006,75006,PARIS,RUE SAINT SULPICE,230604,0,4,VC,,1,2,1009,0,0,1,,,,1,5,0,0,1,0
5,9,2,1,6,75,FRANCE,ILE-DE-FRANCE,005,75005,PARIS,RUE ECOLES ,230615,0,4,VC,,1,1,1001,0,0,1,,,,1,,0,0,1,0
5,9,2,1,6,75,FRANCE,ILE-DE-FRANCE,015,75015,PARIS,RUE CONVENTION ,230636,0,4,VC,,2,4,1001,0,3,1,,,,1,,0,0,1,0
1,9,3,2,3,75,FRANCE,ILE-DE-FRANCE,001,75001,PARIS,RUE MARENGO ,230680,0,4,VC,,1,1,1002,0,0,1,,,,1,2,0,0,0,1
5,9,2,1,3,75,FRANCE,ILE-DE-FRANCE,017,75017,PARIS,BOULEVARD PEREIRE,230711,0,4,VC,,1,1,1009,0,1,1,,,,1,5,0,0,1,0
5,9,1,2,2,75,FRANCE,ILE-DE-FRANCE,004,75004,PARIS,RUE RIVOLI ,230718,0,4,VC,,1,3,2101,8,3,1,,,,1,5,0,0,1,0
1,9,2,1,4,75,FRANCE,ILE-DE-FRANCE,015,75015,PARIS,ENFANT JESUS IMP,230720,0,4,VC,,1,2,1009,0,0,1,,,,1,5,0,0,1,0
1,9,3,2,6,75,FRANCE,ILE-DE-FRANCE,018,75018,PARIS,AVENUE PORTE DE MONTMARTRE ,230738,0,4,VC,,2,2,1009,0,0,1,,,,1,,0,0,1,0
2,9,3,1,6,75,FRANCE,ILE-DE-FRANCE,019,75019,PARIS,RUE ARDENNES ,230747,0,4,VC,,1,1,1009,0,0,1,,,,1,,0,0,1,0
1,9,1,1,6,75,FRANCE,ILE-DE-FRANCE,015,75015,PARIS,BOULEVARD GRENELLE ,230766,0,4,VC,,3,2,2009,18,0,1,,,,1,2,0,0,1,0
1,9,1,1,3,75,FRANCE,ILE-DE-FRANCE,004,75004,PARIS,RUE SAINT ANTOINE,230825,0,4,VC,,2,3,2009,20,0,1,,,,1,2,0,0,1,0
1,9,3,1,6,75,FRANCE,ILE-DE-FRANCE,016,75016,PARIS,TRIBUNES CAR,230835,0,4,VC,,2,2,1009,0,0,1,,,,1,,0,0,1,0
1,9,1,1,6,75,FRANCE,ILE-DE-FRANCE,009,75009,PARIS,BOULEVARD CLICHY ,230872,0,4,VC,,2,3,2009,33,1,5,,,,1,,0,0,1,0
1,9,3,2,2,75,FRANCE,ILE-DE-FRANCE,017,75017,PARIS,BOULEVARD GOUVION SAINT CYR ,230890,0,4,VC,,2,4,1031,0,0,1,,,,1,,0,0,1,0
1,9,1,2,4,75,FRANCE,ILE-DE-FRANCE,004,75004,PARIS,BOULEVARD BOURDON,230894,0,4,VC,,1,3,2009,35,0,1,,,,1,5,0,0,1,0
1,9,1,1,3,75,FRANCE,ILE-DE-FRANCE,010,75010,PARIS,VALMY QUAI,230901,0,4,VC,,1,2,2009,117,1,1,,,,1,5,0,0,1,0
1,9,2,1,6,75,FRANCE,ILE-DE-FRANCE,014,75014,PARIS,AVENUE DU GENERAL LECLERC,230917,0,4,VC,,2,4,1031,0,0,1,,,,1,,0,0,1,0
1,9,1,1,6,75,FRANCE,ILE-DE-FRANCE,016,75016,PARIS,SEVRES A NEUILLY ROUTE,230922,0,4,VC,,2,2,2009,0,1,1,,,,1,,0,0,1,0
1,9,1,8,6,75,FRANCE,ILE-DE-FRANCE,104,75104,PARIS,RUE DE RIVOLI,230937,0,4,VC,0,1,3,,,3,1,,,,1,33,0,0,1,0
5,9,2,1,3,75,FRANCE,ILE-DE-FRANCE,110,75110,PARIS,QUAI DE VALMY,230957,0,4,VC,0,2,1,,,0,1,,,,1,32,0,0,1,0
1,9,1,1,6,75,FRANCE,ILE-DE-FRANCE,115,75115,PARIS,BOULEVARD LEFEBVRE,230968,6,4,VC,0,3,1,,,0,4,,,,1,,0,0,1,0
1,9,9,2,6,75,FRANCE,ILE-DE-FRANCE,120,75120,PARIS,BOULEVARD DE MENILMONTANT,230989,0,4,VC,0,3,4,,,1,5,,,,1,,0,0,1,0
5,9,3,1,1,75,FRANCE,ILE-DE-FRANCE,120,75120,PARIS,AVENUE GAMBETTA,230999,0,4,VC,0,1,1,,,0,1,,,,1,7,0,0,2,0
1,9,1,1,2,75,FRANCE,ILE-DE-FRANCE,109,75109,PARIS,RUE D'AMSTERDAM,231026,0,4,VC,0,1,0,,,3,1,,,,1,34,0,0,1,0
5,9,2,1,3,75,FRANCE,ILE-DE-FRANCE,110,75110,PARIS,QUAI DE JEMMAPES,231032,0,4,VC,0,1,2,,,1,1,,,,1,30,0,0,1,0
1,9,1,1,3,75,FRANCE,ILE-DE-FRANCE,112,75112,PARIS,ROUTE DAUPHINE,231040,0,4,VC,0,1,1,,,0,1,,,,1,,0,0,1,0
1,9,1,1,3,75,FRANCE,ILE-DE-FRANCE,113,75113,PARIS,RUE DE TOLBIAC,231099,0,4,VC,0,2,2,,,0,1,,,,1,32,0,0,1,0
1,9,1,1,6,75,FRANCE,ILE-DE-FRANCE,119,75119,PARIS,RUE REBEVAL,231117,0,9,Autre,0,1,1,,,1,5,,,,1,,0,0,1,0
1,9,1,1,2,75,FRANCE,ILE-DE-FRANCE,111,75111,PARIS,BOULEVARD RICHARD LENOIR,231122,0,4,VC,0,3,4,,,1,1,,,,1,7,0,0,1,0
2,9,2,1,3,75,FRANCE,ILE-DE-FRANCE,101,75101,PARIS,RUE SAINT HONORE,231127,0,4,VC,0,2,0,,,3,1,,,,1,33,0,0,1,0
1,9,1,1,3,75,FRANCE,ILE-DE-FRANCE,105,75105,PARIS,RUE MONGE,231137,0,4,VC,0,2,2,,,0,1,,,,1,33,0,0,1,0
1,9,1,1,6,75,FRANCE,ILE-DE-FRANCE,108,75108,PARIS,RUE MARBEUF,231146,0,4,VC,0,1,1,,,3,1,,,,1,,0,0,1,0
1,9,1,1,6,75,FRANCE,ILE-DE-FRANCE,112,75112,PARIS,RUE DU FAUBOURG SAINT ANTOINE,231162,0,4,VC,0,2,2,,,0,1,,,,1,2,0,0,1,0
1,9,1,1,6,75,FRANCE,ILE-DE-FRANCE,112,75112,PARIS,RUE DU FAUBOURG SAINT ANTOINE,231163,0,4,VC,0,2,2,,,0,1,,,,1,,0,0,1,0
5,9,1,1,6,75,FRANCE,ILE-DE-FRANCE,110,75110,PARIS,RUE DU CHATEAU D'EAU,231231,0,4,VC,0,1,1,,,0,1,,,,1,,0,0,1,0
1,9,1,1,2,75,FRANCE,ILE-DE-FRANCE,116,75116,PARIS,AVENUE DE NEW YORK,231247,0,9,Autre,0,1,3,,,0,1,,,,1,33,0,0,1,0
1,9,3,1,6,75,FRANCE,ILE-DE-FRANCE,116,75116,PARIS,RUE RAFFET,231248,0,4,VC,0,2,2,,,0,1,,,,1,,0,0,1,0
1,9,1,1,6,75,FRANCE,ILE-DE-FRANCE,118,75118,PARIS,RUE MARX DORMOY,231259,0,4,VC,0,2,2,,,0,1,,,,1,,0,0,1,0
1,9,1,1,6,75,FRANCE,ILE-DE-FRANCE,119,75119,PARIS,RUE DE LA MARSEILLAISE,231262,0,4,VC,0,2,2,,,1,5,,,,1,,0,0,1,0
1,9,1,8,6,75,FRANCE,ILE-DE-FRANCE,104,75104,PARIS,BOULEVARD DE SEBASTOPOL,231288,0,4,VC,0,1,4,,,3,1,,,,1,,0,0,1,0
1,9,1,1,6,75,FRANCE,ILE-DE-FRANCE,106,75106,PARIS,BOULEVARD DU MONTPARNASSE,231292,0,4,VC,0,1,0,,,3,1,,,,1,,0,0,1,0
5,9,1,1,3,75,FRANCE,ILE-DE-FRANCE,110,75110,PARIS,RUE LA FAYETTE,231303,0,4,VC,0,3,0,,,0,1,,,,1,30,0,0,1,0
1,9,1,1,2,75,FRANCE,ILE-DE-FRANCE,112,75112,PARIS,ROUTE DAUPHINE,231311,0,4,VC,0,0,1,,,1,5,,,,1,,0,0,1,0
1,9,1,1,6,75,FRANCE,ILE-DE-FRANCE,112,75112,PARIS,RUE DE CHARENTON,231312,0,4,VC,0,2,2,,,0,1,,,,1,,0,0,1,0
1,9,1,1,6,75,FRANCE,ILE-DE-FRANCE,113,75113,PARIS,BOULEVARD VINCENT AURIOL,231321,0,4,VC,0,2,4,,,0,1,,,,1,,0,0,1,0
1,9,3,1,6,75,FRANCE,ILE-DE-FRANCE,120,75120,PARIS,AVENUE GAMBETTA,231346,0,4,VC,0,2,2,,,1,1,,,,1,,0,0,1,0
5,9,1,2,3,75,FRANCE,ILE-DE-FRANCE,111,75111,PARIS,BOULEVARD RICHARD LENOIR,231387,0,4,VC,0,1,1,,,1,1,,,,1,32,0,0,1,0
2,9,1,1,6,75,FRANCE,ILE-DE-FRANCE,115,75115,PARIS,RUE DU COMMERCE,231446,0,4,VC,0,1,1,,,0,1,,,,1,,0,0,1,0
5,9,1,1,6,75,FRANCE,ILE-DE-FRANCE,110,75110,PARIS,BOULEVARD DE MAGENTA,231472,0,4,VC,0,1,1,4,0,0,4,,,,1,,0,0,1,0
1,9,2,1,3,75,FRANCE,ILE-DE-FRANCE,115,75115,PARIS,RUE DE LA CONVENTION,231473,5,4,VC,0,2,2,,,0,1,,,,1,32,0,0,1,0
1,9,1,2,6,75,FRANCE,ILE-DE-FRANCE,113,75113,PARIS,RUE JEANNE D'ARC,231492,0,4,VC,0,2,2,,,0,1,,,,1,30,0,0,1,0
5,9,1,1,4,75,FRANCE,ILE-DE-FRANCE,105,75105,PARIS,BOULEVARD SAINT MARCEL,231498,0,4,VC,0,2,2,,,0,0,,,,1,7,0,0,0,1
1,9,1,1,3,75,FRANCE,ILE-DE-FRANCE,111,75111,PARIS,AVENUE DE LA REPUBLIQUE,231505,0,4,VC,0,3,2,,,0,0,,,,1,2,0,0,1,0
1,9,2,1,3,75,FRANCE,ILE-DE-FRANCE,113,75113,PARIS,RUE DE PATAY,231513,5,4,VC,0,2,2,,,0,1,,,,1,30,0,0,1,0
1,9,1,1,6,75,FRANCE,ILE-DE-FRANCE,114,75114,PARIS,AVENUE DU GENERAL LECLERC,231518,0,4,VC,0,2,5,,,0,1,,,,1,33,0,0,1,0
1,9,1,1,3,75,FRANCE,ILE-DE-FRANCE,102,75102,PARIS,RUE DE TURBIGO,231544,0,4,VC,0,1,3,,,0,1,,,,1,34,0,0,1,0
5,9,2,1,6,75,FRANCE,ILE-DE-FRANCE,104,75104,PARIS,RUE DE L'HOTEL DE VILLE,231548,0,4,VC,0,1,1,,,0,1,,,,1,,0,0,1,0
5,9,1,2,1,75,FRANCE,ILE-DE-FRANCE,118,75118,PARIS,RUE ORDENER,231591,0,4,VC,0,2,3,,,3,1,,,,1,30,0,0,1,0
1,9,1,1,6,75,FRANCE,ILE-DE-FRANCE,118,75118,PARIS,BOULEVARD DE ROCHECHOUART,231610,0,4,VC,0,1,1,,,1,5,,,,1,,0,0,1,0
1,9,1,8,6,75,FRANCE,ILE-DE-FRANCE,109,75109,PARIS,BOULEVARD DE CLICHY,231611,0,4,VC,0,1,1,,,1,5,,,,1,,0,0,1,0
1,9,1,1,6,75,FRANCE,ILE-DE-FRANCE,112,75112,PARIS,AVENUE DAUMESNIL,231654,0,4,VC,0,2,2,,,1,5,,,,1,,0,0,1,0
1,9,4,1,2,75,FRANCE,ILE-DE-FRANCE,101,75101,PARIS,QUAI DE L'HORLOGE,231673,0,4,VC,0,1,1,,,0,0,,,,1,33,0,0,1,0
1,9,1,1,3,75,FRANCE,ILE-DE-FRANCE,103,75103,PARIS,RUE COMMINES,231674,0,4,VC,0,1,1,,,0,1,,,,1,33,0,0,1,0
1,9,4,1,3,75,FRANCE,ILE-DE-FRANCE,104,75104,PARIS,RUE DE LA COUTELLERIE,231677,0,4,VC,0,1,2,,,0,0,,,,1,33,0,0,1,0
1,9,2,1,3,75,FRANCE,ILE-DE-FRANCE,106,75106,PARIS,RUE DE FLEURUS,231680,0,9,Autre,0,1,1,,,0,1,,,,1,7,0,0,1,0
1,9,3,1,3,75,FRANCE,ILE-DE-FRANCE,107,75107,PARIS,PONT DE LA CONCORDE,231682,2,4,VC,0,2,2,,,0,1,,,,1,33,0,0,1,0
1,9,2,1,3,75,FRANCE,ILE-DE-FRANCE,108,75108,PARIS,RUE CLAPEYRON,231690,0,4,VC,0,1,1,,,1,1,,,,1,37,0,0,1,0
5,9,2,1,3,75,FRANCE,ILE-DE-FRANCE,108,75108,PARIS,RUE DE ROME,231692,5,4,VC,0,1,3,,,3,1,,,,1,33,0,0,1,0
1,9,2,1,6,75,FRANCE,ILE-DE-FRANCE,109,75109,PARIS,RUE CHAUCHAT,231695,0,4,VC,0,1,1,,,0,1,,,,1,,0,0,1,0
1,9,1,1,7,75,FRANCE,ILE-DE-FRANCE,110,75110,PARIS,BOULEVARD DE MAGENTA,231697,0,9,Autre,0,0,1,,,1,5,,,,1,,0,0,2,0
1,9,1,1,6,75,FRANCE,ILE-DE-FRANCE,112,75112,PARIS,RUE MONTGALLET,231711,0,4,VC,0,1,1,0,0,0,1,,,,1,,0,0,0,1
5,9,2,1,3,75,FRANCE,ILE-DE-FRANCE,103,75103,PARIS,RUE DES ARQUEBUSIERS,231761,0,4,VC,0,2,2,,,3,1,,,,1,32,0,0,1,0
1,9,2,1,3,75,FRANCE,ILE-DE-FRANCE,104,75104,PARIS,RUE DU PONT LOUIS PHILIPPE,231763,0,4,VC,0,1,1,,,0,1,,,,1,2,,,,
1,9,2,1,3,75,FRANCE,ILE-DE-FRANCE,105,75105,PARIS,QUAI SAINT MICHEL,231766,0,4,VC,0,1,3,,,1,1,,,,1,31,0,0,1,0
1,9,2,1,3,75,FRANCE,ILE-DE-FRANCE,105,75105,PARIS,RUE DU PETIT PONT,231767,0,4,VC,0,1,1,,,3,1,,,,1,2,0,0,1,0
2,9,1,1,1,75,FRANCE,ILE-DE-FRANCE,108,75108,PARIS,COURS LA REINE,231776,0,4,VC,0,2,2,,,1,5,,,,1,,0,0,1,0
1,9,1,1,2,75,FRANCE,ILE-DE-FRANCE,116,75116,PARIS,ROUTE DE SEVRES A NEUILLY,231806,0,9,Autre,0,3,1,,,1,5,,,,1,,0,0,1,0
1,9,3,2,3,75,FRANCE,ILE-DE-FRANCE,120,75120,PARIS,RUE VIDAL DE LA BLANCHE,231823,0,4,VC,0,1,1,,,0,5,,,,1,7,0,0,1,0
5,9,1,1,6,75,FRANCE,ILE-DE-FRANCE,106,75106,PARIS,RUE DU FOUR,231852,0,3,RD,0,1,1,,,0,1,,,,1,,0,0,1,0
1,9,1,1,3,75,FRANCE,ILE-DE-FRANCE,106,75106,PARIS,RUE DE VAUGIRARD,231854,0,4,VC,0,1,0,,,0,1,,,,1,32,0,0,1,0
1,9,3,1,3,75,FRANCE,ILE-DE-FRANCE,108,75108,PARIS,RUE DE TURIN,231857,0,4,VC,0,1,1,,,3,1,,,,1,30,0,0,1,0
1,9,1,1,3,75,FRANCE,ILE-DE-FRANCE,112,75112,PARIS,ROUTE DAUPHINE,231876,0,4,VC,0,1,1,,,1,5,,,,1,,0,0,1,0
1,9,1,1,3,75,FRANCE,ILE-DE-FRANCE,113,75113,PARIS,AVENUE DE LA PORTE D'ITALIE,231878,0,4,VC,0,2,4,,,0,1,,,,1,32,0,0,1,0
5,9,2,1,3,75,FRANCE,ILE-DE-FRANCE,119,75119,PARIS,RUE DE KABYLIE,231905,5,4,VC,0,1,1,,,0,1,,,,1,32,0,0,1,0
1,9,3,1,3,75,FRANCE,ILE-DE-FRANCE,115,75115,PARIS,RUE DES MORILLONS,231933,0,4,VC,0,1,1,,,0,1,,,,1,32,0,0,1,0
1,9,1,1,6,75,FRANCE,ILE-DE-FRANCE,107,75107,PARIS,PONT D'IENA,231937,2,2,RN,0,2,1,,,0,1,,,,1,7,0,0,1,0
1,9,1,1,6,75,FRANCE,ILE-DE-FRANCE,118,75118,PARIS,BOULEVARD DE LA CHAPELLE,231944,0,4,VC,0,1,1,,,1,5,,,,1,,0,0,1,0
5,9,2,1,6,75,FRANCE,ILE-DE-FRANCE,105,75105,PARIS,RUE SAINT SEVERIN,231962,0,4,VC,0,1,0,,,0,1,,,,1,,0,0,1,0
1,9,2,1,3,75,FRANCE,ILE-DE-FRANCE,102,75102,PARIS,RUE VIVIENNE,231974,0,4,VC,0,1,1,,,0,1,,,,1,32,0,0,1,0
1,9,2,1,3,75,FRANCE,ILE-DE-FRANCE,105,75105,PARIS,QUAI DE MONTEBELLO,231975,5,4,VC,0,1,4,,,1,1,,,,1,33,0,0,1,0
1,9,1,1,6,75,FRANCE,ILE-DE-FRANCE,110,75110,PARIS,BOULEVARD DE MAGENTA,232012,0,4,VC,0,2,4,,,1,5,,,,1,34,0,0,0,1
1,9,1,1,7,75,FRANCE,ILE-DE-FRANCE,101,75101,PARIS,RUE RAMBUTEAU ,232015,6,4,VC,0,0,1,,,0,4,,,,1,,0,0,1,0
1,9,1,1,6,75,FRANCE,ILE-DE-FRANCE,103,75103,PARIS,RUE DES ARCHIVES,232041,0,4,VC,0,1,1,,,0,1,,,,1,,0,0,1,0
1,9,1,1,6,75,FRANCE,ILE-DE-FRANCE,104,75104,PARIS,PONT DE SULLY,232042,2,4,VC,0,2,2,,,0,4,,,,1,,0,0,1,0
1,9,5,1,2,75,FRANCE,ILE-DE-FRANCE,111,75111,PARIS,AVENUE DE LA REPUBLIQUE,232067,0,4,VC,0,1,2,,,0,1,,,,1,31,0,0,1,0
1,9,1,1,6,75,FRANCE,ILE-DE-FRANCE,116,75116,PARIS,AVENUE DE NEW YORK,232089,0,4,VC,0,1,1,,,1,5,,,,1,,0,0,1,0
5,9,3,1,6,75,FRANCE,ILE-DE-FRANCE,103,75103,PARIS,RUE DU BOURG L'ABBE,232112,0,4,VC,0,1,1,,,0,1,,,,1,33,0,0,1,0
1,9,5,1,6,75,FRANCE,ILE-DE-FRANCE,105,75105,PARIS,IMPASSE ROYER COLLARD,232155,0,4,VC,0,2,1,,,0,0,,,,1,,0,0,0,1
1,9,3,1,3,75,FRANCE,ILE-DE-FRANCE,101,75101,PARIS,PONT ROYAL,232237,0,4,VC,0,1,3,,,0,1,,,,1,33,0,0,1,0
5,9,2,1,3,75,FRANCE,ILE-DE-FRANCE,110,75110,PARIS,BOULEVARD DE STRASBOURG,232252,0,4,VC,0,1,4,,,0,1,,,,1,30,0,0,1,0
1,9,1,1,3,75,FRANCE,ILE-DE-FRANCE,116,75116,PARIS,RUE DU RANELAGH,232255,0,4,VC,0,2,2,,,0,1,,,,1,32,0,0,1,0
2,9,4,1,1,75,FRANCE,ILE-DE-FRANCE,112,75112,PARIS,RUE DE LYON,232256,0,4,VC,0,2,2,,,0,1,,,,1,33,0,0,1,0
2,9,1,1,6,75,FRANCE,ILE-DE-FRANCE,114,75114,PARIS,AVENUE REILLE,232265,0,4,VC,0,1,2,,,0,1,,,,1,,0,0,1,0
1,9,1,1,6,75,FRANCE,ILE-DE-FRANCE,114,75114,PARIS,AVENUE JEAN MOULIN,232330,0,4,VC,0,2,1,,,1,5,,,,1,,0,0,1,0
1,9,1,1,6,75,FRANCE,ILE-DE-FRANCE,109,75109,PARIS,RUE DU FAUBOURG POISSONNIERE,232359,0,4,VC,0,1,1,,,0,1,,,,1,,0,0,1,0
1,9,3,1,3,75,FRANCE,ILE-DE-FRANCE,111,75111,PARIS,AVENUE DE BOUVINES,232360,5,4,VC,0,2,2,,,0,1,,,,1,32,0,0,1,0
5,9,2,1,6,75,FRANCE,ILE-DE-FRANCE,105,75105,PARIS,RUE GAY LUSSAC,232382,0,4,VC,0,1,1,,,0,5,,,,1,,0,0,1,0
1,9,2,1,3,75,FRANCE,ILE-DE-FRANCE,115,75115,PARIS,RUE DE SEVRES,232391,0,4,VC,0,0,0,,,0,0,,,,1,34,0,0,1,0
5,9,5,2,3,75,FRANCE,ILE-DE-FRANCE,111,75111,PARIS,PLACE LEON BLUM,232414,0,4,VC,0,1,1,,,0,1,,,,1,32,0,0,1,0
1,9,2,2,3,75,FRANCE,ILE-DE-FRANCE,118,75118,PARIS,AVENUE DE SAINT OUEN,232418,0,4,VC,0,2,4,,,0,1,,,,1,32,0,0,1,0
1,9,2,1,3,75,FRANCE,ILE-DE-FRANCE,116,75116,PARIS,ROUTE DE LA MUETTE A NEUILLY,232423,0,4,VC,0,2,1,,,0,1,,,,1,7,0,0,1,0
1,9,1,1,1,75,FRANCE,ILE-DE-FRANCE,112,75112,PARIS,AVENUE DES MINIMES,232462,6,4,VC,0,0,1,,,0,3,,,,1,,0,0,1,0
1,9,3,1,3,75,FRANCE,ILE-DE-FRANCE,104,75104,PARIS,RUE SAINT MERRI,232504,0,4,VC,0,1,1,,,0,0,,,,1,34,0,0,0,1
2,9,1,1,6,75,FRANCE,ILE-DE-FRANCE,111,75111,PARIS,BOULEVARD DE BELLEVILLE,232526,0,4,VC,0,1,1,,,1,5,,,,1,,0,0,0,1
1,9,1,1,3,75,FRANCE,ILE-DE-FRANCE,109,75109,PARIS,BOULEVARD HAUSSMANN,232541,0,4,VC,0,1,5,,,0,1,,,,1,32,0,0,1,0
1,9,2,1,3,75,FRANCE,ILE-DE-FRANCE,116,75116,PARIS,RUE DE BOULAINVILLIERS,232560,0,4,VC,0,2,2,,,0,1,,,,1,7,0,0,1,0
1,9,1,1,2,75,FRANCE,ILE-DE-FRANCE,116,75116,PARIS,ROUTE DE SEVRES A NEUILLY,232561,0,4,VC,0,0,0,,,1,1,,,,1,,0,0,1,0
1,9,1,1,6,75,FRANCE,ILE-DE-FRANCE,110,75110,PARIS,RUE DES PETITES ECURIES,232574,0,4,VC,0,1,1,,,2,1,,,,1,,0,0,1,0
1,9,1,1,2,75,FRANCE,ILE-DE-FRANCE,111,75111,PARIS,AVENUE DE LA REPUBLIQUE,232575,0,4,VC,0,2,2,,,0,1,,,,1,32,0,0,1,0
1,9,2,1,3,75,FRANCE,ILE-DE-FRANCE,105,75105,PARIS,IMPASSE CHARTIERE,232578,0,4,VC,0,0,1,,,0,0,,,,1,,0,0,1,0
1,9,1,1,3,75,FRANCE,ILE-DE-FRANCE,115,75115,PARIS,RUE DE VAUGIRARD,232583,0,4,VC,0,0,4,250,0,0,1,,,,1,30,0,0,1,0
1,9,2,1,6,75,FRANCE,ILE-DE-FRANCE,105,75105,PARIS,BOULEVARD SAINT GERMAIN,232585,0,4,VC,0,1,3,,,3,1,,,,1,,0,0,1,0
1,9,2,1,6,75,FRANCE,ILE-DE-FRANCE,111,75111,PARIS,AVENUE DE LA REPUBLIQUE,232595,0,4,VC,0,2,4,,,0,1,,,,1,2,0,0,1,0
1,9,1,1,1,75,FRANCE,ILE-DE-FRANCE,110,75110,PARIS,RUE ALIBERT ,232596,0,4,VC,0,2,0,,,0,1,,,,1,34,0,0,1,0
5,9,1,1,6,75,FRANCE,ILE-DE-FRANCE,113,75113,PARIS,BOULEVARD AUGUSTE BLANQUI,232633,0,4,VC,0,1,3,,,1,5,,,,1,,0,0,1,0
5,9,2,1,3,75,FRANCE,ILE-DE-FRANCE,115,75115,PARIS,RUE DE VAUGIRARD,232671,0,4,VC,0,2,2,,,0,1,,,,1,2,0,0,1,0
1,9,3,8,3,75,FRANCE,ILE-DE-FRANCE,104,75104,PARIS,RUE DE TURENNE,232683,0,4,VC,0,0,1,,,0,1,,,,1,7,0,0,1,0
1,9,1,1,2,75,FRANCE,ILE-DE-FRANCE,114,75114,PARIS,BOULEVARD RASPAIL,232688,0,4,VC,0,2,4,,,3,1,,,,1,33,0,0,1,0
1,9,3,1,6,75,FRANCE,ILE-DE-FRANCE,116,75116,PARIS,RUE DE LA MANUTENTION,232705,0,4,VC,0,0,1,,,0,5,,,,1,,0,0,1,0
1,9,1,1,3,75,FRANCE,ILE-DE-FRANCE,116,75116,PARIS,ROUTE DE SEVRES A NEUILLY,232706,0,4,VC,0,2,1,,,0,1,,,,1,,0,0,1,0
1,9,1,1,6,75,FRANCE,ILE-DE-FRANCE,118,75118,PARIS,BOULEVARD DE CLICHY,232708,0,4,VC,0,3,3,,,0,1,,,,1,,0,0,1,0
1,9,2,1,3,75,FRANCE,ILE-DE-FRANCE,101,75101,PARIS,RUE DE RIVOLI,232731,0,4,VC,0,2,4,,,0,1,,,,1,30,0,0,1,0
1,9,5,2,1,75,FRANCE,ILE-DE-FRANCE,102,75102,PARIS,RUE SAINTE APPOLLINE,232754,0,4,VC,0,0,3,,,0,1,,,,1,33,0,0,1,0
1,9,1,1,6,75,FRANCE,ILE-DE-FRANCE,108,75108,PARIS,RUE DE ROME,232761,0,4,VC,0,2,3,,,0,1,,,,1,,0,0,1,0
1,9,2,1,3,75,FRANCE,ILE-DE-FRANCE,108,75108,PARIS,AVENUE DES CHAMPS ELYSEES,232800,0,4,VC,0,1,0,,,0,1,,,,1,30,0,0,1,0
1,9,2,1,3,75,FRANCE,ILE-DE-FRANCE,105,75105,PARIS,BOULEVARD SAINT GERMAIN,232809,0,4,VC,0,2,3,,,3,1,,,,1,10,0,0,1,0
1,9,4,1,3,75,FRANCE,ILE-DE-FRANCE,116,75116,PARIS,ROUTE DE LA SEINE A LA BUTTE MORTEMART,232818,0,4,VC,0,0,2,,,0,5,,,,1,,0,0,1,0
1,9,2,1,5,75,FRANCE,ILE-DE-FRANCE,108,75108,PARIS,AVENUE DE MARIGNY,232823,0,4,VC,0,2,4,0,1,0,1,,,,1,3,0,0,1,0
1,9,2,1,7,75,FRANCE,ILE-DE-FRANCE,114,75114,PARIS,RUE DU DEPART,232826,0,4,VC,0,2,2,,,0,1,,,,1,,0,0,1,0
1,9,5,1,6,75,FRANCE,ILE-DE-FRANCE,109,75109,PARIS,RUE NOTRE DAME DE LORETTE,232831,0,4,VC,0,1,1,,,0,1,,,,1,,0,0,1,0
1,9,3,1,6,75,FRANCE,ILE-DE-FRANCE,105,75105,PARIS,RUE DES CARMES,232846,0,4,VC,0,1,1,,,0,1,,,,1,,0,0,1,0
1,9,1,2,4,75,FRANCE,ILE-DE-FRANCE,120,75120,PARIS,RUE DE BELLEVILLE,232858,0,4,VC,0,2,2,,,0,1,,,,1,7,0,0,1,0
1,9,4,1,3,75,FRANCE,ILE-DE-FRANCE,116,75116,PARIS,RUE DU DOCTEUR BLANCHE,232872,0,4,VC,0,2,0,,,0,1,,,,1,,0,0,1,0
1,9,3,1,3,75,FRANCE,ILE-DE-FRANCE,101,75101,PARIS,PONT NEUF,232892,2,4,VC,0,2,2,,,0,1,,,,1,33,0,0,1,0
1,9,2,2,3,75,FRANCE,ILE-DE-FRANCE,110,75110,PARIS,BOULEVARD DE MAGENTA,232904,0,4,VC,0,2,2,,,2,1,,,,1,34,0,0,1,0
1,9,1,1,3,75,FRANCE,ILE-DE-FRANCE,110,75110,PARIS,BOULEVARD DE STRASBOURG,232913,0,4,VC,0,1,3,,,3,1,,,,1,33,0,0,1,0