lum,agg,int,atm,col,dep_bis,pays,region,com_bis,com_codeINSEE,communes,N_voie,numac,infra,catr,type_route,voie,circ,nbv,pr,pr1,vosp,situ,lat,long,adr,accident_velo,vehicule_imp,cycl_mort,cycl_bgv,cycl_blg,cycl_indm
1,9,1,2,2,75,FRANCE,ILE-DE-FRANCE,112,75112,PARIS,AVENUE DAUMESNIL,232931,0,4,VC,0,1,4,,,3,1,,,,1,2,0,0,1,0
1,9,5,1,3,75,FRANCE,ILE-DE-FRANCE,112,75112,PARIS,AVENUE DAUMESNIL,232954,0,4,VC,0,2,2,,,1,1,,,,1,14,0,0,1,0
1,9,1,1,6,75,FRANCE,ILE-DE-FRANCE,104,75104,PARIS,RUE DE RIVOLI,232981,0,4,VC,0,1,3,,,3,1,,,,1,34,0,0,1,0
1,9,1,1,3,75,FRANCE,ILE-DE-FRANCE,104,75104,PARIS,RUE SAINT ANTOINE,232986,0,4,VC,0,0,2,,,0,0,,,,1,33,0,0,1,0
5,9,3,1,4,75,FRANCE,ILE-DE-FRANCE,111,75111,PARIS,RUE DE MONTREUIL,233040,0,4,VC,0,1,1,,,0,1,,,,1,7,0,0,1,0
5,9,5,1,6,75,FRANCE,ILE-DE-FRANCE,101,75101,PARIS,AVENUE DE L'OPERA,233086,0,4,VC,0,2,3,,,0,1,,,,1,,0,0,0,1
1,9,1,1,6,75,FRANCE,ILE-DE-FRANCE,120,75120,PARIS,RUE LE VAU,233131,0,4,VC,0,1,1,,,1,1,,,,1,,0,0,1,0
1,9,1,8,6,75,FRANCE,ILE-DE-FRANCE,113,75113,PARIS,RUE DE TOLBIAC,233143,6,4,VC,0,2,0,,,0,1,,,,1,,0,0,1,0
1,9,2,1,6,75,FRANCE,ILE-DE-FRANCE,102,75102,PARIS,BOULEVARD POISSONNIERE,233160,0,4,VC,0,1,4,,,0,1,,,,1,32,0,0,1,0
1,9,5,1,6,75,FRANCE,ILE-DE-FRANCE,114,75114,PARIS,RUE D'ALESIA,233173,0,4,VC,0,2,2,,,0,1,,,,1,,0,0,1,0
1,9,1,8,6,75,FRANCE,ILE-DE-FRANCE,103,75103,PARIS,RUE DE TURENNE,233193,0,4,VC,0,2,2,,,0,1,,,,1,,0,0,1,0
1,9,1,1,6,75,FRANCE,ILE-DE-FRANCE,120,75120,PARIS,RUE ORFILA,233202,0,4,VC,0,1,1,,,0,1,,,,1,,0,0,1,0
1,9,1,1,6,75,FRANCE,ILE-DE-FRANCE,109,75109,PARIS,BOULEVARD DE CLICHY,233209,0,4,VC,0,1,1,,,1,5,,,,1,,0,0,1,0
5,9,1,1,6,75,FRANCE,ILE-DE-FRANCE,113,75113,PARIS,AVENUE D'ITALIE,233216,0,4,VC,0,1,1,,,1,5,,,,1,,0,0,1,0
1,9,1,1,2,75,FRANCE,ILE-DE-FRANCE,116,75116,PARIS,ROUTE DE SEVRES A NEUILLY,233231,0,4,VC,0,2,2,,,1,1,,,,1,,0,0,1,0
1,9,1,1,6,75,FRANCE,ILE-DE-FRANCE,110,75110,PARIS,BOULEVARD DE LA CHAPELLE,233238,0,4,VC,0,1,3,,,1,5,,,,1,,0,0,1,0
1,9,2,1,6,75,FRANCE,ILE-DE-FRANCE,113,75113,PARIS,RUE DE LA SANTE,233253,0,4,VC,0,0,0,,,0,1,,,,1,,0,0,1,0
1,9,3,2,6,75,FRANCE,ILE-DE-FRANCE,113,75113,PARIS,BOULEVARD VINCENT AURIOL,233258,0,4,VC,0,1,1,,,0,1,,,,1,7,0,0,1,0
1,9,1,1,6,75,FRANCE,ILE-DE-FRANCE,102,75102,PARIS,RUE REAUMUR,233267,0,4,VC,0,1,3,,,3,1,,,,1,,0,0,1,0
1,9,1,2,3,75,FRANCE,ILE-DE-FRANCE,114,75114,PARIS,AVENUE DAVID WEILL,233289,0,4,VC,0,2,1,,,0,1,,,,1,32,0,0,1,0
1,9,1,1,3,75,FRANCE,ILE-DE-FRANCE,111,75111,PARIS,AVENUE DE LA REPUBLIQUE,233292,0,4,VC,0,2,0,,,0,1,,,,1,32,0,0,1,0
1,9,1,8,6,75,FRANCE,ILE-DE-FRANCE,111,75111,PARIS,BOULEVARD RICHARD LENOIR,233305,0,4,VC,0,1,2,,,1,5,,,,1,,0,0,1,0
1,9,2,1,3,75,FRANCE,ILE-DE-FRANCE,108,75108,PARIS,RUE DE BERRI,233321,0,4,VC,0,1,1,,,0,1,,,,1,34,0,0,1,0
1,9,5,1,6,75,FRANCE,ILE-DE-FRANCE,105,75105,PARIS,RUE CENSIER,233339,0,4,VC,0,2,4,,,0,1,,,,1,,0,0,1,0
1,9,1,1,6,75,FRANCE,ILE-DE-FRANCE,111,75111,PARIS,BOULEVARD JULES FERRY,233345,0,4,VC,0,1,1,,,0,1,,,,1,,0,0,1,0
1,9,5,1,3,75,FRANCE,ILE-DE-FRANCE,115,75115,PARIS,PLACE FERNAND FOREST,233346,5,4,VC,0,2,6,,,0,0,,,,1,30,0,0,1,0
1,9,1,1,3,75,FRANCE,ILE-DE-FRANCE,104,75104,PARIS,RUE DE L'HOTEL DE VILLE,233356,0,4,VC,0,2,0,,,2,1,,,,1,32,0,0,1,0
1,9,1,1,7,75,FRANCE,ILE-DE-FRANCE,116,75116,PARIS,AVENUE INGRES,233383,0,4,VC,0,0,1,,,1,5,,,,1,,0,0,2,0
2,9,1,1,6,75,FRANCE,ILE-DE-FRANCE,107,75107,PARIS,RUE SAINT DOMINIQUE,233392,0,4,VC,0,1,1,,,1,1,,,,1,,0,0,1,0
1,9,1,1,3,75,FRANCE,ILE-DE-FRANCE,115,75115,PARIS,RUE DE LA PORTE D'ISSY,233394,0,4,VC,0,1,3,,,0,1,,,,1,32,0,0,1,0
1,9,1,8,2,75,FRANCE,ILE-DE-FRANCE,114,75114,PARIS,RUE FROIDEVAUX,233433,0,4,VC,0,2,0,,,0,1,,,,1,31,0,0,1,0
5,9,3,1,6,75,FRANCE,ILE-DE-FRANCE,119,75119,PARIS,RUE EVETTE,233452,0,4,VC,0,1,1,,,0,1,,,,1,7,0,0,2,0
1,9,2,1,6,75,FRANCE,ILE-DE-FRANCE,120,75120,PARIS,RUE DU CAPITAINE FERBER,233485,0,4,VC,0,2,2,,,0,1,,,,1,,0,0,1,0
1,9,1,1,6,75,FRANCE,ILE-DE-FRANCE,111,75111,PARIS,PLACE LEON BLUM,233502,0,4,VC,0,2,2,,,0,1,,,,1,,0,0,1,0
1,9,3,1,6,75,FRANCE,ILE-DE-FRANCE,105,75105,PARIS,QUAI DE LA TOURNELLE,233537,0,4,VC,0,1,3,,,1,1,,,,1,2,0,0,0,1
1,9,1,1,2,75,FRANCE,ILE-DE-FRANCE,102,75102,PARIS,RUE DE CLERY,233563,0,4,VC,0,1,1,,,0,1,,,,1,32,0,0,1,0
5,9,5,1,3,75,FRANCE,ILE-DE-FRANCE,109,75109,PARIS,RUE DE LONDRES,233576,0,4,VC,0,1,1,,,0,1,,,,1,30,0,0,1,0
2,9,1,1,3,75,FRANCE,ILE-DE-FRANCE,107,75107,PARIS,BOULEVARD RASPAIL,233594,0,4,VC,0,1,3,,,3,1,,,,1,30,0,0,1,0
1,9,1,1,6,75,FRANCE,ILE-DE-FRANCE,111,75111,PARIS,RUE DU FAUBOURG SAINT ANTOINE,233597,0,4,VC,0,1,1,,,0,1,,,,1,,0,0,1,0
1,9,7,2,6,75,FRANCE,ILE-DE-FRANCE,119,75119,PARIS,PLACE DE LA BATAILLE DE STALINGRAD,233598,5,4,VC,0,1,2,,,0,1,,,,1,2,,,,
5,9,1,1,3,75,FRANCE,ILE-DE-FRANCE,117,75117,PARIS,RUE DE ROME,233628,0,4,VC,0,2,2,,,1,1,,,,1,30,0,0,1,0
5,9,5,1,2,75,FRANCE,ILE-DE-FRANCE,111,75111,PARIS,BOULEVARD VOLTAIRE,233630,1,4,VC,0,2,0,,,0,1,,,,1,34,0,0,1,0
1,9,1,1,6,75,FRANCE,ILE-DE-FRANCE,119,75119,PARIS,QUAI DE LA MARNE,233635,0,4,VC,0,1,1,,,1,5,,,,1,,0,0,1,0
5,9,2,2,3,75,FRANCE,ILE-DE-FRANCE,111,75111,PARIS,RUE DE LA FONTAINE AU ROI,233667,0,4,VC,0,1,0,,,0,1,,,,1,7,0,0,1,0
1,9,2,1,3,75,FRANCE,ILE-DE-FRANCE,107,75107,PARIS,BOULEVARD DE LA TOUR MAUBOURG,233676,0,4,VC,0,2,2,,,3,1,,,,1,34,0,0,2,0
1,9,1,1,3,75,FRANCE,ILE-DE-FRANCE,116,75116,PARIS,ROUTE DES TRIBUNES,233696,0,4,VC,0,2,2,,,0,1,,,,1,,0,0,1,0
1,9,1,1,6,75,FRANCE,ILE-DE-FRANCE,105,75105,PARIS,BOULEVARD SAINT MICHEL,233702,0,4,VC,0,1,4,,,3,1,,,,1,,0,0,1,0
1,9,1,1,3,75,FRANCE,ILE-DE-FRANCE,105,75105,PARIS,BOULEVARD SAINT MICHEL,233708,0,4,VC,0,2,4,,,3,1,,,,1,7,0,0,2,0
5,9,2,2,3,75,FRANCE,ILE-DE-FRANCE,114,75114,PARIS,RUE D'ALESIA,233735,0,4,VC,0,2,4,,,0,1,,,,1,32,0,0,1,0
5,9,1,2,6,75,FRANCE,ILE-DE-FRANCE,116,75116,PARIS,PONT MIRABEAU,233752,2,4,VC,0,2,2,,,0,1,,,,1,7,0,0,2,0
1,9,1,1,6,75,FRANCE,ILE-DE-FRANCE,101,75101,PARIS,RUE DE RIVOLI,233775,0,4,VC,0,1,4,,,0,5,,,,1,,0,0,1,0
1,9,3,1,3,75,FRANCE,ILE-DE-FRANCE,101,75101,PARIS,BOULEVARD DE SEBASTOPOL,233780,0,4,VC,0,1,4,,,3,1,,,,1,13,0,0,1,0
1,9,5,1,3,75,FRANCE,ILE-DE-FRANCE,101,75101,PARIS,RUE SAINT ROCH,233788,0,4,VC,0,1,1,,,0,1,,,,1,33,0,0,1,0
4,9,2,1,3,75,FRANCE,ILE-DE-FRANCE,102,75102,PARIS,BOULEVARD DE SEBASTOPOL,233798,0,4,VC,0,1,4,,,0,1,,,,1,30,0,0,1,0
1,9,1,1,6,75,FRANCE,ILE-DE-FRANCE,103,75103,PARIS,RUE BERANGER,233810,0,4,VC,0,1,1,,,0,1,,,,1,,0,0,1,0
1,9,2,1,6,75,FRANCE,ILE-DE-FRANCE,103,75103,PARIS,RUE DE SAINTONGE,233812,0,4,VC,0,2,1,,,0,1,,,,1,,0,0,1,0
1,9,1,1,2,75,FRANCE,ILE-DE-FRANCE,104,75104,PARIS,RUE D'ARCOLE,233829,0,4,VC,0,1,1,,,0,1,,,,1,34,0,0,1,0
1,9,2,1,3,75,FRANCE,ILE-DE-FRANCE,105,75105,PARIS,RUE DES ECOLES,233844,0,4,VC,0,2,2,,,0,1,,,,1,31,0,0,0,1
5,9,5,1,2,75,FRANCE,ILE-DE-FRANCE,106,75106,PARIS,RUE DE RENNES,233858,0,4,VC,0,1,2,,,0,1,,,,1,,0,0,1,0
1,9,1,1,3,75,FRANCE,ILE-DE-FRANCE,106,75106,PARIS,RUE AUGUSTE COMTE,233866,0,4,VC,0,2,2,,,0,1,,,,1,37,0,0,1,0
1,9,1,1,2,75,FRANCE,ILE-DE-FRANCE,108,75108,PARIS,PLACE DE LA CONCORDE,233894,0,4,VC,0,1,0,,,0,1,,,,1,34,0,0,1,0
1,9,7,1,3,75,FRANCE,ILE-DE-FRANCE,108,75108,PARIS,PLACE SAINT AUGUSTIN,233903,0,4,VC,0,2,2,,,0,1,,,,1,33,0,0,1,0
1,9,2,1,6,75,FRANCE,ILE-DE-FRANCE,108,75108,PARIS,AVENUE DES CHAMPS ELYSEES,233918,0,4,VC,0,1,0,,,0,4,,,,1,,0,0,1,0
1,9,1,1,3,75,FRANCE,ILE-DE-FRANCE,108,75108,PARIS,RUE D'AMSTERDAM,233929,0,4,VC,0,1,1,,,0,1,,,,1,32,0,0,1,0
1,9,2,1,6,75,FRANCE,ILE-DE-FRANCE,109,75109,PARIS,RUE TAITBOUT,233934,0,4,VC,0,0,1,,,0,1,,,,1,34,0,0,0,1
1,9,3,1,6,75,FRANCE,ILE-DE-FRANCE,109,75109,PARIS,RUE CONDORCET,233941,0,4,VC,0,1,1,,,0,1,,,,1,,0,0,1,0
1,9,1,2,6,75,FRANCE,ILE-DE-FRANCE,110,75110,PARIS,BOULEVARD DE MAGENTA,233950,0,4,VC,0,1,1,,,1,5,,,,1,,0,0,1,0
1,9,1,1,6,75,FRANCE,ILE-DE-FRANCE,111,75111,PARIS,RUE DES BOULETS,233983,0,4,VC,0,1,1,,,0,1,,,,1,,0,0,1,0
1,9,1,2,6,75,FRANCE,ILE-DE-FRANCE,111,75111,PARIS,BOULEVARD BEAUMARCHAIS,233987,0,4,VC,0,2,4,,,0,1,,,,1,,0,0,1,0
1,9,4,1,6,75,FRANCE,ILE-DE-FRANCE,111,75111,PARIS,RUE JEAN MACE ,234006,0,4,VC,0,1,1,,,0,1,,,,1,,0,0,1,0
1,9,7,1,3,75,FRANCE,ILE-DE-FRANCE,111,75111,PARIS,PLACE DE LA NATION,234014,0,4,VC,0,1,5,,,0,1,,,,1,2,0,0,1,0
1,9,2,1,6,75,FRANCE,ILE-DE-FRANCE,111,75111,PARIS,RUE DE MALTE,234017,0,4,VC,0,1,1,,,0,1,,,,1,10,0,0,2,0
1,9,3,1,3,75,FRANCE,ILE-DE-FRANCE,111,75111,PARIS,BOULEVARD JULES FERRY,234021,0,4,VC,0,3,1,,,1,1,,,,1,34,0,0,1,0
1,9,4,1,1,75,FRANCE,ILE-DE-FRANCE,112,75112,PARIS,ROUTE DE LA TOURELLE,234054,0,4,VC,0,2,2,,,1,1,,,,1,,0,0,1,0
2,9,3,1,3,75,FRANCE,ILE-DE-FRANCE,112,75112,PARIS,ROUTE DE LA TOURELLE,234063,0,4,VC,0,2,2,,,0,1,,,,1,,0,0,1,0
1,9,7,1,2,75,FRANCE,ILE-DE-FRANCE,112,75112,PARIS,CARREFOUR DE PYRAMIDE,234069,0,4,VC,0,1,1,,,0,5,,,,1,,0,0,1,0
1,9,3,1,6,75,FRANCE,ILE-DE-FRANCE,112,75112,PARIS,BOULEVARD DE LA BASTILLE,234071,0,4,VC,0,1,2,,,1,5,,,,1,,0,0,1,0
1,9,2,1,3,75,FRANCE,ILE-DE-FRANCE,112,75112,PARIS,ROUTE DE BOURDON,234072,0,4,VC,0,1,1,,,1,1,,,,1,,0,0,1,0
1,9,1,1,3,75,FRANCE,ILE-DE-FRANCE,113,75113,PARIS,AVENUE CLAUDE REGAUD,234083,0,4,VC,0,2,1,,,0,1,,,,1,33,0,0,1,0
1,9,1,1,3,75,FRANCE,ILE-DE-FRANCE,113,75113,PARIS,RUE NEUVE TOLBIAC,234092,0,4,VC,0,3,2,,,0,1,,,,1,33,0,0,1,0
1,9,1,1,3,75,FRANCE,ILE-DE-FRANCE,113,75113,PARIS,BOULEVARD DE L'HOPITAL,234105,0,4,VC,0,2,4,,,0,1,,,,1,32,0,0,1,0
5,9,2,1,4,75,FRANCE,ILE-DE-FRANCE,115,75115,PARIS,RUE BLOMET,234144,0,4,VC,0,2,2,,,0,1,,,,1,30,0,0,1,0
1,9,5,1,6,75,FRANCE,ILE-DE-FRANCE,115,75115,PARIS,AVENUE EMILE ZOLA,234150,0,4,VC,0,2,2,,,0,1,,,,1,,0,0,1,0
1,9,1,1,3,75,FRANCE,ILE-DE-FRANCE,115,75115,PARIS,RUE DU DEPART,234152,0,4,VC,0,2,3,,,3,1,,,,1,37,0,0,1,0
1,9,7,1,6,75,FRANCE,ILE-DE-FRANCE,115,75115,PARIS,PLACE ROBERT GUILLEMARD,234158,0,4,VC,0,2,4,,,0,1,,,,1,,0,0,1,0
1,9,1,1,3,75,FRANCE,ILE-DE-FRANCE,115,75115,PARIS,RUE VASCO DE GAMA,234166,0,4,VC,0,1,1,,,3,1,,,,1,37,0,0,1,0
1,9,1,1,2,75,FRANCE,ILE-DE-FRANCE,115,75115,PARIS,AVENUE ERNEST RENAN,234167,0,4,VC,0,2,0,,,1,5,,,,1,,0,0,1,0
1,9,1,1,2,75,FRANCE,ILE-DE-FRANCE,116,75116,PARIS,ROUTE DES TRIBUNES,234183,0,4,VC,0,0,2,,,0,5,,,,1,,0,0,1,0
1,9,1,1,3,75,FRANCE,ILE-DE-FRANCE,116,75116,PARIS,BOULEVARD EXELMANS,234191,0,4,VC,0,1,1,,,3,1,,,,1,,0,0,1,0
1,9,1,1,2,75,FRANCE,ILE-DE-FRANCE,116,75116,PARIS,ROUTE DE SEVRES A NEUILLY,234202,0,4,VC,0,2,2,,,1,5,,,,1,,0,0,1,0
5,9,2,1,3,75,FRANCE,ILE-DE-FRANCE,117,75117,PARIS,AVENUE DE CLICHY,234235,0,4,VC,0,2,4,,,0,1,,,,1,30,0,0,1,0
1,9,1,1,2,75,FRANCE,ILE-DE-FRANCE,116,75116,PARIS,ROUTE DE SEVRES A NEUILLY,234242,0,4,VC,0,2,3,1,0,1,5,,,,1,,0,0,1,0
1,9,1,1,3,75,FRANCE,ILE-DE-FRANCE,117,75117,PARIS,RUE DU DOBROPOL,234253,0,4,VC,0,1,1,,,0,1,,,,1,7,0,0,1,0
1,9,5,1,3,75,FRANCE,ILE-DE-FRANCE,118,75118,PARIS,RUE ORDENER,234270,0,4,VC,0,2,2,,,0,1,,,,1,33,0,0,1,0
1,9,1,1,6,75,FRANCE,ILE-DE-FRANCE,118,75118,PARIS,RUE MARX DORMOY,234272,0,4,VC,0,2,5,,,3,1,,,,1,,0,0,1,0
5,9,1,1,6,75,FRANCE,ILE-DE-FRANCE,118,75118,PARIS,RUE ORDENER,234277,0,4,VC,0,2,2,,,0,1,,,,1,,0,0,1,0
5,9,2,3,2,75,FRANCE,ILE-DE-FRANCE,118,75118,PARIS,RUE DE LA CHAPELLE,234280,0,4,VC,0,1,3,,,0,1,,,,1,31,0,0,1,0
5,9,3,1,3,75,FRANCE,ILE-DE-FRANCE,119,75119,PARIS,CITE LEPAGE,234294,0,4,VC,0,1,0,,,0,1,,,,1,32,0,0,1,0
2,9,1,1,3,75,FRANCE,ILE-DE-FRANCE,119,75119,PARIS,RUE DE L'OURCQ,234295,0,4,VC,0,2,2,,,0,1,,,,1,30,0,0,1,0
5,9,1,1,3,75,FRANCE,ILE-DE-FRANCE,119,75119,PARIS,RUE RIQUET,234304,0,4,VC,0,1,1,,,0,1,,,,1,2,0,0,1,0
5,9,3,1,3,75,FRANCE,ILE-DE-FRANCE,119,75119,PARIS,RUE DE BELLEVILLE,234308,0,4,VC,0,2,2,,,0,5,,,,1,,0,0,1,0
1,9,5,1,3,75,FRANCE,ILE-DE-FRANCE,119,75119,PARIS,AVENUE JEAN JAURES,234314,0,4,VC,0,1,2,,,0,1,,,,1,31,0,0,0,1
1,9,1,1,6,75,FRANCE,ILE-DE-FRANCE,120,75120,PARIS,RUE DES PYRENEES,234323,0,4,VC,0,2,1,,,3,1,,,,1,,0,0,1,0
1,9,1,1,6,75,FRANCE,ILE-DE-FRANCE,120,75120,PARIS,RUE DE MENILMONTANT,234325,0,4,VC,0,2,2,,,0,1,,,,1,,0,0,1,0
1,9,4,1,3,75,FRANCE,ILE-DE-FRANCE,111,75111,PARIS,AVENUE DE LA REPUBLIQUE,234370,0,4,VC,0,2,1,,,0,1,,,,1,2,0,0,1,0
5,9,2,1,5,75,FRANCE,ILE-DE-FRANCE,112,75112,PARIS,AVENUE LEDRU ROLLIN,234377,0,4,VC,0,2,2,,,0,1,,,,1,7,0,0,1,0
1,8,1,1,6,76,FRANCE,HAUTE-NORMANDIE,351,76351,HAVRE (LE),DE LA VALLEE,234602,0,6,Parking,0,0,0,,,0,0,,,,1,,0,0,1,0
1,5,1,1,4,76,FRANCE,HAUTE-NORMANDIE,216,76216,DEVILLE-LES-ROUEN,RUE LAVEISSIERE,234708,0,4,VC,0,2,2,,,0,1,,,,1,7,0,0,1,0
1,6,1,1,3,76,FRANCE,HAUTE-NORMANDIE,498,76498,PETIT-QUEVILLY (LE),RUE SALVADOR ALLENDE ,234761,0,4,VC,0,2,2,,,0,1,,,,1,7,0,0,2,0
1,5,1,1,6,76,FRANCE,HAUTE-NORMANDIE,484,76484,OISSEL,ROUTE DES ROCHES,234831,0,3,RD,18,2,1,15,0,0,1,4932570,103533,,1,7,0,0,1,0
1,6,1,1,1,77,FRANCE,ILE-DE-FRANCE,108,77108,CHELLES,RUE GUSTAVE NAST,234950,0,4,VC,0,2,2,,,0,1,,,,1,30,0,0,1,0
1,6,3,1,3,77,FRANCE,ILE-DE-FRANCE,288,77288,MELUN,RUE DOCTEUR POUILLOT,234980,0,4,VC,0,2,2,,,0,1,,,,1,7,0,0,1,0
1,4,1,1,5,77,FRANCE,ILE-DE-FRANCE,238,77238,JOUARRE,VC 1,235040,0,4,VC,1,2,2,0,0,0,1,4893000,312400,,1,14,0,0,1,0
5,5,3,8,6,77,FRANCE,ILE-DE-FRANCE,337,77337,NOISIEL,RUE ALBERT MENIER,235049,0,4,VC,0,2,2,,,0,0,,,,1,30,0,0,1,0
1,4,3,1,3,77,FRANCE,ILE-DE-FRANCE,320,77320,MOUROUX,RUE DES CHALVERGNE,235061,0,9,Autre,0,0,0,,,0,0,,,,1,33,0,0,1,0
1,1,1,1,3,77,FRANCE,ILE-DE-FRANCE,296,77296,MOISSY-CRAMAYEL,RUE ROUGET DE L'ISLE,235097,0,4,VC,0,2,2,0,0,0,1,,,,1,33,0,0,1,0
1,4,2,1,1,77,FRANCE,ILE-DE-FRANCE,142,77142,CRECY-LA-CHAPELLE,RD 406,235104,0,3,RD,406,0,0,24,310,0,0,0,0,,1,15,0,0,1,0
1,1,1,1,6,77,FRANCE,ILE-DE-FRANCE,479,77479,VAIRES-SUR-MARNE,BASE UCPA,235130,0,5,Hors_reseau,0,0,0,,,0,0,,,,1,,0,0,0,1
1,6,1,1,6,77,FRANCE,ILE-DE-FRANCE,285,77285,MEE-SUR-SEINE (LE),ALLEE DE LA MARE AU DIABLE,235159,0,4,VC,0,2,2,,,0,1,,,,1,30,0,0,2,0
1,1,1,1,6,78,FRANCE,ILE-DE-FRANCE,688,78688,VOISINS-LE-BRETONNEUX,RUE DE PORT ROYAL,235279,0,9,Autre,0,2,0,,,0,0,,,,1,,0,0,1,0
1,1,1,1,2,78,FRANCE,ILE-DE-FRANCE,490,78490,PLAISIR,AVENUE CHEVREUSE,235541,0,3,RD,0,0,2,,,0,1,,,,1,7,0,0,1,0
1,5,1,1,1,78,FRANCE,ILE-DE-FRANCE,362,78362,MANTES-LA-VILLE,RD 983,235566,2,4,VC,0,2,2,21,970,1,5,,,,1,2,0,0,1,0
1,5,1,1,7,78,FRANCE,ILE-DE-FRANCE,165,78165,CLAYES-SOUS-BOIS (LES),RUE PABLO NERUDA,235612,0,4,VC,0,2,2,,,0,1,,,,1,,0,0,2,0
1,4,1,1,3,78,FRANCE,ILE-DE-FRANCE,310,78310,HOUDAN,RD 933,235735,0,3,RD,933,2,0,0,588,0,1,4879800,159596,,1,33,0,0,1,0
1,5,3,1,2,78,FRANCE,ILE-DE-FRANCE,575,78575,SAINT-REMY-LES-CHEVREUSE,RD 51,235789,0,3,RD,51,2,0,0,260,0,1,4871660,206567,,1,30,0,0,1,0
1,6,1,1,5,78,FRANCE,ILE-DE-FRANCE,490,78490,PLAISIR,RUE DE LA GARE ,235809,0,4,VC,0,2,2,,,0,1,,,,1,7,0,0,2,0
1,6,9,1,3,78,FRANCE,ILE-DE-FRANCE,551,78551,SAINT-GERMAIN-EN-LAYE,ROUTE NATIONALE 13,235852,2,2,RN,13,2,1,25,445,1,5,4890090,206354,,1,30,0,0,1,0
1,6,1,1,3,78,FRANCE,ILE-DE-FRANCE,440,78440,MUREAUX (LES),RUE DES PERCLAIRS,235885,0,4,VC,0,2,0,0,0,0,1,4899040,190271,,1,7,0,0,1,0
1,5,4,1,6,78,FRANCE,ILE-DE-FRANCE,686,78686,VIROFLAY,AVENUE DE VERSAILLES,235947,0,3,RD,56,2,2,1,635,0,1,,,,1,,0,0,1,0
1,3,1,1,1,79,FRANCE,POITOU-CHARENTES,265,79265,SAINT-LEGER-DE-MONTBRUN,RD 172,236008,0,3,RD,172,2,0,13,50,0,1,0,0,,1,30,0,0,2,0
1,8,1,1,2,80,FRANCE,PICARDIE,021,80021,AMIENS,RUE DU DOCTEUR LENOEL,236036,0,4,VC,0,1,1,,,0,1,,,,1,7,0,0,2,0
5,4,1,1,2,80,FRANCE,PICARDIE,725,80725,SALOUEL,ROUTE DE NORMANDIE,236046,0,2,RN,0,2,2,37,600,0,1,,,,1,2,0,0,1,0
1,8,3,1,3,80,FRANCE,PICARDIE,021,80021,AMIENS,BOULEVARD D'ALSACE LORRAINE,236094,0,4,VC,0,1,1,,,0,1,,,,1,10,0,0,2,0
1,8,1,1,3,80,FRANCE,PICARDIE,021,80021,AMIENS,CHAUSSEE SAINT PIERRE,236106,0,4,VC,0,2,2,,,1,1,,,,1,2,0,0,1,0
1,8,1,8,6,80,FRANCE,PICARDIE,021,80021,AMIENS,RUE JEAN CATELAS,236108,0,4,VC,0,2,2,,,0,1,,,,1,7,0,0,1,0
1,8,1,1,6,80,FRANCE,PICARDIE,021,80021,AMIENS,RUE DES SERGENTS,236140,0,4,VC,0,1,2,,,0,1,,,,1,,0,0,1,0
1,8,1,2,6,80,FRANCE,PICARDIE,021,80021,AMIENS,RUE MARC SANGNIER ,236141,6,4,VC,0,4,1,,,0,1,,,,1,,0,0,1,0
1,8,1,1,6,80,FRANCE,PICARDIE,021,80021,AMIENS,BOULEVARD DE BAPAUME,236177,0,4,VC,0,2,2,,,0,1,,,,1,,0,0,1,0
1,3,6,1,3,80,FRANCE,PICARDIE,160,80160,CAGNY,ROND-POINT ACCES ROCADE,236190,0,3,RD,116,1,2,4,258,0,1,,,,1,7,0,0,1,0
1,1,1,1,3,80,FRANCE,PICARDIE,148,80148,BUIGNY-LES-GAMACHES,VC 2,236195,0,4,VC,2,2,1,0,0,0,0,0,0,,1,7,0,0,1,0
1,8,1,1,3,80,FRANCE,PICARDIE,021,80021,AMIENS,RUE CHARLES DE FOUCAULD,236249,0,4,VC,0,2,2,,,0,1,,,,1,7,0,0,2,0
1,8,1,2,3,80,FRANCE,PICARDIE,021,80021,AMIENS,AVENUE GEORGES POMPIDOU,236259,0,4,VC,0,3,2,,,0,1,,,,1,33,0,0,1,0
1,5,2,2,3,81,FRANCE,MIDI-PYRENEES,021,81021,AUSSILLON,PREMIERE ARMEE FRANCAISE,236357,0,3,RD,0,2,2,,,0,1,,,,1,7,0,0,1,0
1,7,3,1,3,82,FRANCE,MIDI-PYRENEES,121,82121,MONTAUBAN,RUE DU RAMIEROU,236430,0,4,VC,0,2,2,,,0,1,,,,1,34,0,0,1,0
1,8,1,1,6,83,FRANCE,PROVENCE-ALPES-COTE-D'AZUR,137,83137,TOULON,AVENUE DE LA RESISTANCE,236484,0,4,VC,0,2,2,,,0,1,,,,1,,0,0,1,0
1,7,1,1,3,83,FRANCE,PROVENCE-ALPES-COTE-D'AZUR,126,83126,SEYNE-SUR-MER (LA),AVENUE DES ANCIENS COMBATANTS D'INDOCHINE,236490,0,3,RD,0,3,2,23,0,0,1,,,,1,32,0,0,0,1
1,6,1,1,6,83,FRANCE,PROVENCE-ALPES-COTE-D'AZUR,118,83118,SAINT-RAPHAEL,BOULEVARD DE LA PLAGE,236508,0,2,RN,0,2,2,,,0,1,,,,1,,0,0,1,0
1,1,1,1,3,83,FRANCE,PROVENCE-ALPES-COTE-D'AZUR,061,83061,FREJUS,RN 7,236514,0,2,RN,0,2,2,,,0,1,,,,1,33,0,0,1,0
2,4,2,1,3,83,FRANCE,PROVENCE-ALPES-COTE-D'AZUR,100,83100,PUGET-VILLE,RD 12,236529,5,3,RD,12,2,2,0,0,0,0,0,0,,1,7,0,0,1,0
1,8,1,1,6,83,FRANCE,PROVENCE-ALPES-COTE-D'AZUR,137,83137,TOULON,CHEMIN DE FORGENTIER,236583,0,3,RD,0,2,2,,,0,0,,,,1,,0,0,1,0