lum,agg,int,atm,col,dep_bis,pays,region,com_bis,com_codeINSEE,communes,N_voie,numac,infra,catr,type_route,voie,circ,nbv,pr,pr1,vosp,situ,lat,long,adr,accident_velo,vehicule_imp,cycl_mort,cycl_bgv,cycl_blg,cycl_indm
1,5,1,1,2,83,FRANCE,PROVENCE-ALPES-COTE-D'AZUR,153,83153,SAINT-MANDRIER-SUR-MER,AVENUE CHARLES DE GAULLE,236588,0,3,RD,0,2,2,,,0,1,,,,1,2,0,0,1,0
5,8,2,1,3,83,FRANCE,PROVENCE-ALPES-COTE-D'AZUR,137,83137,TOULON,PLACE DE LA CATHEDRALE,236625,0,4,VC,0,4,1,,,3,1,,,,1,2,0,0,1,0
1,1,1,1,3,83,FRANCE,PROVENCE-ALPES-COTE-D'AZUR,061,83061,FREJUS,RN 7,236688,0,2,RN,0,2,1,,,0,1,,,,1,33,0,0,1,0
1,5,1,1,1,83,FRANCE,PROVENCE-ALPES-COTE-D'AZUR,112,83112,SAINT-CYR-SUR-MER,VC 0,236713,0,4,VC,0,1,1,0,0,0,0,0,0,,1,7,0,0,1,0
1,1,1,1,6,83,FRANCE,PROVENCE-ALPES-COTE-D'AZUR,069,83069,HYERES,BOULEVARD DE LA MARINE,236741,0,4,VC,0,0,1,4,0,0,1,,,,1,7,0,0,1,0
1,8,2,1,3,83,FRANCE,PROVENCE-ALPES-COTE-D'AZUR,137,83137,TOULON,ROUTE DE PLAISANCE,236845,0,4,VC,0,2,2,,,0,1,,,,1,2,0,0,1,0
2,1,1,1,1,83,FRANCE,PROVENCE-ALPES-COTE-D'AZUR,118,83118,SAINT-RAPHAEL,BOULEVARD EUGENE BRIEUX,236867,0,3,RD,0,2,2,,,0,0,,,,1,,0,0,1,0
1,1,1,1,5,83,FRANCE,PROVENCE-ALPES-COTE-D'AZUR,090,83090,OLLIOULES,ROUTE DU GROS CERVEAU,236875,0,3,RD,0,2,1,,,0,1,,,,1,7,0,0,1,0
1,4,1,1,5,83,FRANCE,PROVENCE-ALPES-COTE-D'AZUR,032,83032,CARCES,RD 562,236896,0,3,RD,562,2,0,10,900,0,1,0,0,,1,7,0,0,0,1
3,1,1,1,5,83,FRANCE,PROVENCE-ALPES-COTE-D'AZUR,108,83108,ROQUEBRUSSANNE (LA),RD 5,236898,0,3,RD,5,2,2,6,0,0,1,0,0,,1,7,0,0,1,0
1,1,1,1,3,84,FRANCE,PROVENCE-ALPES-COTE-D'AZUR,007,84007,AVIGNON,rue du PETIT MAS,237061,0,4,VC,0,2,1,1,50,1,5,,,,1,2,0,0,1,0
1,5,1,1,1,84,FRANCE,PROVENCE-ALPES-COTE-D'AZUR,043,84043,ENTRAIGUES-SUR-LA-SORGUE,VC 0,237113,0,4,VC,0,2,0,0,0,1,5,0,0,,1,31,0,0,1,0
1,5,2,1,3,85,FRANCE,PAYS DE LA LOIRE,194,85194,SABLES-D'OLONNE (LES),RUE LEON DAVID,237149,0,4,VC,0,2,0,,,0,1,,,,1,2,0,0,1,0
1,5,2,1,3,85,FRANCE,PAYS DE LA LOIRE,194,85194,SABLES-D'OLONNE (LES),RUE HAUTE,237154,0,4,VC,0,2,0,,,0,1,,,,1,2,0,0,1,0
1,5,1,1,2,85,FRANCE,PAYS DE LA LOIRE,194,85194,SABLES-D'OLONNE (LES),PROMENADE GEORGES GODET,237166,0,4,VC,0,3,2,,,1,5,,,,1,7,0,0,1,0
1,4,6,1,3,85,FRANCE,PAYS DE LA LOIRE,113,85113,ILE-D'YEU (L'),RD 22,237181,5,3,RD,22,2,1,0,0,0,1,0,0,,1,30,0,0,1,0
1,1,1,1,5,85,FRANCE,PAYS DE LA LOIRE,166,85166,OLONNE-SUR-MER,BOULEVARD ERIC TABARLY,237183,0,3,RD,949,3,2,79,,2,5,,,,1,2,0,0,1,0
1,7,1,1,6,86,FRANCE,POITOU-CHARENTES,194,86194,POITIERS,BOULEVARD DE LA CONCORDE,237219,0,4,VC,0,2,2,,,0,1,,,,1,37,0,0,2,0
1,7,1,1,5,86,FRANCE,POITOU-CHARENTES,194,86194,POITIERS,AVENUE DU RECTEUR PINEAU,237378,0,4,VC,0,2,4,,,3,1,,,,1,10,0,0,1,0
1,8,1,1,7,87,FRANCE,LIMOUSIN,085,87085,LIMOGES,RUE DU MARECHAL JUIN,237546,0,4,VC,0,2,2,,,0,1,,,,1,,0,0,2,0
1,8,1,1,3,87,FRANCE,LIMOUSIN,085,87085,LIMOGES,ALLEE DES CEDRES,237606,0,4,VC,0,2,2,0,0,0,1,,,,1,,0,0,1,0
1,8,1,1,6,87,FRANCE,LIMOUSIN,085,87085,LIMOGES,RUE GUY MOCQUET,237705,0,4,VC,0,2,2,0,0,0,1,,,,1,10,0,0,1,0
1,6,3,1,3,89,FRANCE,BOURGOGNE,387,89387,SENS,RUE VICTOR GUICHARD,237809,0,3,RD,0,2,2,,,0,1,,,,1,33,0,0,1,0
1,6,1,1,3,89,FRANCE,BOURGOGNE,387,89387,SENS,AVENUE DE SENIGALLIA,237830,0,4,VC,0,2,2,,,1,1,,,,1,33,0,0,1,0
1,1,1,1,2,89,FRANCE,BOURGOGNE,414,89414,THORIGNY-SUR-OREUSE,Autre 0,237895,0,9,Autre,0,1,1,0,0,0,0,0,0,,1,,0,0,1,0
5,7,3,1,3,90,FRANCE,FRANCHE-COMTE,010,90010,BELFORT,FAUBOURG DE BESANCON,237909,0,4,VC,0,1,1,6,630,0,1,,,,1,33,0,0,1,0
1,4,1,1,6,90,FRANCE,FRANCHE-COMTE,075,90075,OFFEMONT,RUE ARISTIDE BRIAND,237911,0,4,VC,0,0,2,,,0,4,,,,1,,0,0,1,0
2,7,3,1,5,90,FRANCE,FRANCHE-COMTE,010,90010,BELFORT,AVENUE ALTKIRCH,237915,0,4,VC,0,3,3,,,0,1,,,,1,7,0,0,1,0
1,3,1,1,1,90,FRANCE,FRANCHE-COMTE,001,90001,ANDELNANS,HAMEAU DE LA DOUCE,237935,2,6,Parking,0,2,2,,,3,5,,,,1,,0,0,1,0
1,3,1,1,1,90,FRANCE,FRANCHE-COMTE,001,90001,ANDELNANS,RUE DES BALLASTIERES,238006,0,4,VC,0,2,2,,,1,5,,,,1,,0,0,1,0
1,7,1,7,3,90,FRANCE,FRANCHE-COMTE,010,90010,BELFORT,AVENUE LECLERC,238025,0,3,RD,419,1,1,3,600,0,1,,,,1,7,0,0,1,0
1,4,1,1,6,90,FRANCE,FRANCHE-COMTE,099,90099,VALDOIE,RUE DE LA GARE ,238030,0,4,VC,0,0,1,0,0,0,1,,,,1,7,0,0,2,0
1,5,1,1,5,91,FRANCE,ILE-DE-FRANCE,471,91471,ORSAY,RUE ARCHANGE,238126,0,4,VC,0,2,2,,,0,1,,,,1,7,0,0,1,0
1,5,1,1,6,91,FRANCE,ILE-DE-FRANCE,471,91471,ORSAY,RUE DE PARIS,238127,0,3,RD,0,2,2,,,1,5,,,,1,,0,0,1,1
5,6,6,1,1,91,FRANCE,ILE-DE-FRANCE,589,91589,SAVIGNY-SUR-ORGE,AVENUE DES MARRONNIERS,238189,0,4,VC,0,2,2,,,0,1,,,,1,10,0,0,1,0
1,6,1,1,6,91,FRANCE,ILE-DE-FRANCE,114,91114,BRUNOY,RUE DE CERCAY,238218,0,4,VC,0,2,2,2,0,0,0,,,,1,,0,0,0,1
1,5,2,1,3,91,FRANCE,ILE-DE-FRANCE,471,91471,ORSAY,AVENUE DES BLEUETS,238270,0,4,VC,0,2,2,,,0,1,,,,1,7,0,0,1,0
1,5,6,1,3,91,FRANCE,ILE-DE-FRANCE,514,91514,QUINCY-SOUS-SENART,RUE DE BRUNOY,238292,0,2,RN,0,1,2,2,0,0,1,,,,1,7,0,0,2,0
1,6,1,1,6,91,FRANCE,ILE-DE-FRANCE,549,91549,SAINTE-GENEVIEVE-DES-BOIS,RUE PARMENTIER,238368,0,4,VC,0,2,2,,,0,1,,,,1,33,0,0,1,0
1,6,1,1,3,91,FRANCE,ILE-DE-FRANCE,114,91114,BRUNOY,AVENUE D'ORLEANS,238397,0,4,VC,0,2,2,,,0,1,,,,1,7,0,0,1,0
1,4,1,1,6,91,FRANCE,ILE-DE-FRANCE,433,91433,MORIGNY-CHAMPIGNY,RUE DE LA MAIRIE,238492,0,4,VC,0,0,0,0,,0,0,,,,1,,0,0,1,0
1,6,1,1,6,91,FRANCE,ILE-DE-FRANCE,223,91223,ETAMPES,RUE DE L'EGALITE,238514,0,4,VC,0,2,2,,,0,4,,,,1,,0,0,2,0
1,6,3,1,3,91,FRANCE,ILE-DE-FRANCE,691,91691,YERRES,RUE PIERRE DE COUBERTIN,238516,0,4,VC,0,2,2,,,0,1,,,,1,7,0,0,2,0
5,6,1,1,3,91,FRANCE,ILE-DE-FRANCE,657,91657,VIGNEUX-SUR-SEINE,RUE DE LA LONGUERAIE,238574,0,4,VC,0,2,2,0,0,0,1,,,,1,32,0,0,1,0
2,6,1,1,6,91,FRANCE,ILE-DE-FRANCE,114,91114,BRUNOY,ROUTE DE BRIE,238690,0,3,RD,54,0,2,2,0,0,1,,,,1,,0,0,1,0
1,6,6,1,6,91,FRANCE,ILE-DE-FRANCE,657,91657,VIGNEUX-SUR-SEINE,AVENUE DE LA TOURELLE,238707,0,3,RD,31,2,2,0,100,0,1,,,,1,7,0,0,1,0
1,6,1,1,6,91,FRANCE,ILE-DE-FRANCE,174,91174,CORBEIL-ESSONNES,rue GOURNAY,238776,0,4,VC,0,1,1,,,0,4,,,,1,,0,0,1,0
1,5,1,1,3,91,FRANCE,ILE-DE-FRANCE,471,91471,ORSAY,RUE DE LA PACATERIE,238833,0,4,VC,0,2,2,0,0,0,1,,,,1,7,0,0,1,0
1,6,1,1,3,91,FRANCE,ILE-DE-FRANCE,692,91692,ULIS (LES),AVENUE DE BOURGOGNE,238836,0,4,VC,0,2,2,0,0,0,1,,,,1,7,0,0,1,0
1,7,1,1,2,92,FRANCE,ILE-DE-FRANCE,024,92024,CLICHY,BOULEVARD JEAN JAURES,238968,0,4,VC,0,1,3,,,0,1,,,,1,13,0,0,2,0
1,8,1,1,6,92,FRANCE,ILE-DE-FRANCE,012,92012,BOULOGNE-BILLANCOURT,RUE DES TILLEULS,239030,0,9,Autre,118,1,1,,,0,1,,,,1,7,0,0,1,0
1,8,1,2,2,92,FRANCE,ILE-DE-FRANCE,012,92012,BOULOGNE-BILLANCOURT,RUE DU CHATEAU,239044,0,4,VC,102,2,2,,,0,1,,,,1,4,0,0,1,0
5,6,1,1,6,92,FRANCE,ILE-DE-FRANCE,072,92072,SEVRES,AVENUE DE LA CRISTALLERIE,239071,0,4,VC,0,1,1,,,0,4,,,,1,,0,0,1,0
1,6,1,1,3,92,FRANCE,ILE-DE-FRANCE,020,92020,CHATILLON,RUE DES PIERRELAIS ,239160,0,4,VC,0,2,2,,,0,1,,,,1,30,0,0,1,1
1,7,1,1,3,92,FRANCE,ILE-DE-FRANCE,026,92026,COURBEVOIE,JOFFRE,239231,0,3,RD,0,3,4,,,0,1,,,,1,33,0,0,1,0
1,7,1,1,2,92,FRANCE,ILE-DE-FRANCE,024,92024,CLICHY,QUAI DE CLICHY  DE,239244,0,4,VC,0,1,3,,,0,1,,,,1,33,0,0,1,0
1,8,1,1,6,92,FRANCE,ILE-DE-FRANCE,012,92012,BOULOGNE-BILLANCOURT,RUE D'ISSY,239301,0,4,VC,57,0,0,,,0,0,,,,1,7,0,0,1,0
1,7,1,1,3,92,FRANCE,ILE-DE-FRANCE,051,92051,NEUILLY-SUR-SEINE,RUE DE LESSEPS,239312,0,4,VC,0,1,0,,,0,4,,,,1,7,0,0,1,0
5,6,1,2,1,92,FRANCE,ILE-DE-FRANCE,036,92036,GENNEVILLIERS,ROUTE PRINCIPALE DU PORT,239342,0,4,VC,0,3,4,,,2,1,,,,1,2,0,0,1,0
1,5,1,1,5,92,FRANCE,ILE-DE-FRANCE,022,92022,CHAVILLE,AVENUE ROGER SALENGRO,239357,0,3,RD,0,2,2,,,0,1,,,,1,14,0,0,1,0
1,6,1,1,6,92,FRANCE,ILE-DE-FRANCE,035,92035,GARENNE-COLOMBES (LA),AVENUE DU GENERAL DE GAULLE,239393,0,3,RD,0,2,2,,,0,1,,,,1,,0,0,1,0
1,6,1,1,3,92,FRANCE,ILE-DE-FRANCE,049,92049,MONTROUGE,AVENUE  HENRI GINOUX,239395,0,3,RD,0,0,2,0,1,0,1,,,,1,34,0,0,1,0
1,7,2,1,3,92,FRANCE,ILE-DE-FRANCE,024,92024,CLICHY,BOULEVARD JEAN JAURES,239403,0,2,RN,0,1,3,,,0,1,,,,1,33,0,0,1,0
1,6,3,1,6,92,FRANCE,ILE-DE-FRANCE,019,92019,CHATENAY-MALABRY,RUE SUE EUGENE,239417,0,4,VC,0,2,2,1,0,0,0,,,,1,,0,0,1,0
1,6,1,1,2,92,FRANCE,ILE-DE-FRANCE,064,92064,SAINT-CLOUD,REPUBLIQUE,239509,0,3,RD,0,2,2,,,0,1,,,,1,7,0,0,2,0
1,6,2,1,6,92,FRANCE,ILE-DE-FRANCE,046,92046,MALAKOFF,BOULEVARD DU COLONEL FABIEN,239538,0,3,RD,0,2,2,,,0,1,,,,1,32,0,0,1,0
1,6,1,1,3,92,FRANCE,ILE-DE-FRANCE,049,92049,MONTROUGE,MANEGE PASSAGE DU,239590,0,4,VC,0,4,1,0,100,0,1,,,,1,10,0,0,1,0
1,6,2,1,6,92,FRANCE,ILE-DE-FRANCE,046,92046,MALAKOFF,CAMELINAT,239608,5,3,RD,0,2,2,,,0,1,,,,1,,0,0,1,0
1,6,1,1,6,92,FRANCE,ILE-DE-FRANCE,064,92064,SAINT-CLOUD,DAILLY,239619,0,3,RD,0,2,2,,,0,1,,,,1,,0,0,1,0
1,6,2,1,6,92,FRANCE,ILE-DE-FRANCE,075,92075,VANVES,JEAN BLEUZEN,239648,5,3,RD,0,2,2,,,0,1,,,,1,,0,0,1,0
1,7,1,1,6,92,FRANCE,ILE-DE-FRANCE,024,92024,CLICHY,RUE DU GENERAL ROGUET,239655,0,3,RD,0,2,2,,,0,1,,,,1,,0,0,1,0
1,5,1,1,6,92,FRANCE,ILE-DE-FRANCE,071,92071,SCEAUX,COULEE VERTE,239683,0,9,Autre,0,2,1,1,0,1,5,,,,1,,0,0,1,0
1,6,2,1,6,92,FRANCE,ILE-DE-FRANCE,023,92023,CLAMART,RUE LAZARE CARNOT,239686,0,4,VC,0,2,2,,,0,1,,,,1,,0,0,1,0
5,7,2,2,3,92,FRANCE,ILE-DE-FRANCE,004,92004,ASNIERES-SUR-SEINE,BOULEVARD VOLTAIRE,239697,0,3,RD,0,2,2,,,0,1,,,,1,32,0,0,1,0
1,6,6,1,3,92,FRANCE,ILE-DE-FRANCE,007,92007,BAGNEUX,AVENU PAUL VAILLANT-COUTURIER,239713,0,3,RD,0,3,2,,,0,1,,,,1,7,0,0,1,0
1,7,2,1,3,92,FRANCE,ILE-DE-FRANCE,002,92002,ANTONY,AVENUE RESIDENCE,239726,0,3,RD,0,1,1,,,0,0,,,,1,33,0,0,1,0
5,6,1,2,6,92,FRANCE,ILE-DE-FRANCE,019,92019,CHATENAY-MALABRY,AVENUE SULLY PRU'DHOMME,239759,0,3,RD,0,2,2,,,0,4,,,,1,,0,0,1,0
1,6,1,1,6,92,FRANCE,ILE-DE-FRANCE,019,92019,CHATENAY-MALABRY,COULEE VERTE,239836,0,5,Hors_reseau,0,0,1,,,0,0,,,,1,,0,0,1,0
1,8,1,1,6,92,FRANCE,ILE-DE-FRANCE,012,92012,BOULOGNE-BILLANCOURT,RUE DE SEVRES,239852,0,4,VC,115,2,2,,,0,1,,,,1,,0,0,1,0
1,7,1,1,2,92,FRANCE,ILE-DE-FRANCE,051,92051,NEUILLY-SUR-SEINE,BOULEVARD BOURDON,239857,0,4,VC,0,0,1,,,0,1,,,,1,,0,0,1,0
1,7,1,1,1,92,FRANCE,ILE-DE-FRANCE,063,92063,RUEIL-MALMAISON,PONT DE CHATOU,239889,0,9,Autre,0,2,1,,,1,5,,,,1,,0,0,1,0
1,6,2,1,3,92,FRANCE,ILE-DE-FRANCE,062,92062,PUTEAUX,QUAI DE DION BOUTON ,239918,0,3,RD,7,3,4,,,0,1,,,,1,33,0,0,1,0
5,6,1,2,6,92,FRANCE,ILE-DE-FRANCE,007,92007,BAGNEUX,AVENUE LOUIS PASTEUR,239935,0,3,RD,0,2,3,,,0,1,,,,1,,0,0,1,0
2,7,4,1,3,92,FRANCE,ILE-DE-FRANCE,004,92004,ASNIERES-SUR-SEINE,QUAI DU DOCTEUR DERVAUX,239957,3,3,RD,7,3,5,,,0,1,,,,1,32,0,0,1,0
1,7,2,1,3,92,FRANCE,ILE-DE-FRANCE,004,92004,ASNIERES-SUR-SEINE,MAIL CAMILLE DE GAST,239973,5,4,VC,0,2,0,0,0,0,1,4891870,231729,,1,30,0,0,1,0
1,8,1,2,3,92,FRANCE,ILE-DE-FRANCE,012,92012,BOULOGNE-BILLANCOURT,AVENUE PIERRE GRENIER,239988,0,4,VC,0,2,2,0,0,0,1,4883250,225332,,1,34,0,0,1,0
1,7,1,1,1,92,FRANCE,ILE-DE-FRANCE,025,92025,COLOMBES,AVENUE HENRI BARBUSSE,240043,0,3,RD,106,2,2,0,0,0,1,4891660,225275,,1,30,0,0,1,0
1,7,1,1,3,92,FRANCE,ILE-DE-FRANCE,026,92026,COURBEVOIE,RUE DU PRESIDENT KRUGER,240049,0,4,VC,0,2,2,0,0,2,1,4889840,225543,,1,7,0,0,2,0
1,6,1,1,6,92,FRANCE,ILE-DE-FRANCE,020,92020,CHATILLON,AVENUE DE LA DIVISION LECLERC,240080,0,4,VC,0,3,4,0,100,0,1,4879660,227948,,1,,0,0,1,0
1,7,6,1,3,92,FRANCE,ILE-DE-FRANCE,050,92050,NANTERRE,BOULEVARD JACQUES GERMAIN SOUFFLOT,240091,0,3,RD,24,3,2,0,0,0,1,4889590,221545,,1,7,0,0,1,0
1,7,3,1,3,92,FRANCE,ILE-DE-FRANCE,051,92051,NEUILLY-SUR-SEINE,BOULEVARD D'INKERMANN,240103,0,4,VC,,2,2,,,0,1,,,,1,37,0,0,1,0
1,5,1,1,3,92,FRANCE,ILE-DE-FRANCE,076,92076,VAUCRESSON,AVENUE DE LA CELLE SAINT-CLOUD,240129,0,4,VC,0,2,2,0,0,0,1,4884680,216164,,1,30,0,0,1,0
2,6,3,1,2,93,FRANCE,ILE-DE-FRANCE,031,93031,EPINAY-SUR-SEINE,ROUTE D'ARGENTEUIL,240466,5,4,VC,0,2,2,,,0,1,,,,1,33,0,0,1,0
1,6,3,1,2,93,FRANCE,ILE-DE-FRANCE,071,93071,SEVRAN,RUE GABRIEL PERI,240475,0,4,VC,0,2,2,,,0,1,,,,1,32,0,0,1,0
1,5,1,1,2,93,FRANCE,ILE-DE-FRANCE,049,93049,NEUILLY-PLAISANCE,AVENUE MARECHAL FOCH,240515,0,4,VC,0,2,2,,,0,1,,,,1,32,0,0,1,0
1,1,1,1,1,93,FRANCE,ILE-DE-FRANCE,051,93051,NOISY-LE-GRAND,QUAI RIVE CHARMANTE,240621,0,9,Autre,0,2,2,1,0,1,5,,,,1,,0,0,1,0
1,7,1,1,3,93,FRANCE,ILE-DE-FRANCE,048,93048,MONTREUIL,BOULEVARD DE LA BOISSIERE,240658,0,3,RD,0,2,1,,,0,1,,,,1,33,0,0,1,0
1,7,1,1,6,93,FRANCE,ILE-DE-FRANCE,048,93048,MONTREUIL,AVENUE FAIDHERBE ,240668,0,4,VC,0,1,0,,,0,0,,,,1,,0,0,0,1
1,6,1,2,6,93,FRANCE,ILE-DE-FRANCE,073,93073,TREMBLAY-EN-FRANCE,AVENUE PASTEUR ,240673,0,4,VC,0,1,1,,,0,4,,,,1,,0,0,1,0
1,6,9,1,1,93,FRANCE,ILE-DE-FRANCE,008,93008,BOBIGNY,AVENUE JEAN JAURES,240695,0,3,RD,27,2,0,0,0,1,5,4890090,244111,,1,,0,0,1,0
1,7,1,1,3,93,FRANCE,ILE-DE-FRANCE,005,93005,AULNAY-SOUS-BOIS,AVENUE DE NONNEVILLE,240706,0,4,VC,0,2,2,0,0,0,1,4892530,250492,,1,33,0,0,1,0
5,6,5,1,3,93,FRANCE,ILE-DE-FRANCE,046,93046,LIVRY-GARGAN,AVENUE ARISTIDE BRIAND,240714,0,2,RN,3,0,1,15,430,0,1,4891200,252086,,1,7,0,0,2,0
1,5,1,1,1,93,FRANCE,ILE-DE-FRANCE,033,93033,GOURNAY-SUR-MARNE,PROM ANDRE BALLU,240739,0,4,VC,0,2,2,0,0,1,5,4886500,258097,,1,,0,0,1,0
1,6,1,1,1,93,FRANCE,ILE-DE-FRANCE,070,93070,SAINT-OUEN,RUE DES ROSIERS,240748,0,4,VC,0,2,2,0,0,0,1,4890190,234305,,1,2,0,0,1,0
1,5,3,1,1,93,FRANCE,ILE-DE-FRANCE,062,93062,RAINCY (LE),AVENUE THIERS,240765,0,3,RD,117,3,2,0,0,0,1,4890030,251500,,1,7,0,0,1,0
1,6,3,2,3,93,FRANCE,ILE-DE-FRANCE,014,93014,CLICHY-SOUS-BOIS,PL DU 8 MAI 1945,240814,0,4,VC,0,2,2,0,0,0,1,4890850,254177,,1,7,0,0,1,0
1,5,1,1,5,93,FRANCE,ILE-DE-FRANCE,013,93013,BOURGET (LE),AVENU DE LA DIVISION LECLERC,240846,0,2,RN,2,1,2,,,0,1,,,,1,7,0,0,1,0
1,7,3,1,6,93,FRANCE,ILE-DE-FRANCE,051,93051,NOISY-LE-GRAND,ALLEE DES IMPRESSIONNISTES,240929,0,4,VC,0,0,1,1,0,0,4,4884510,254942,,1,,0,0,1,0
4,7,1,1,6,93,FRANCE,ILE-DE-FRANCE,048,93048,MONTREUIL,BOULEVARD ARISTIDE BRIAND,240942,0,2,RN,302,2,2,3,493,0,1,4887350,245395,,1,,0,0,1,0
1,6,1,1,2,93,FRANCE,ILE-DE-FRANCE,070,93070,SAINT-OUEN,BOULEVARD JEAN JAURES,240969,0,3,RD,410,1,3,0,0,0,1,4891330,233555,,1,34,0,0,1,0
1,6,2,1,6,93,FRANCE,ILE-DE-FRANCE,014,93014,CLICHY-SOUS-BOIS,AVENUE DE SEVIGNE,240982,5,2,RN,370,2,2,21,725,0,1,4891310,254827,,1,,0,0,1,0
1,6,1,1,2,93,FRANCE,ILE-DE-FRANCE,071,93071,SEVRAN,AVENUE JOHN FITZGERALD KENNEDY,241014,0,2,RN,370,2,2,,,0,1,,,,1,7,0,0,2,0
1,6,1,1,3,93,FRANCE,ILE-DE-FRANCE,045,93045,LILAS (LES),BOULEVARD DE LA LIBERTE,241065,0,4,VC,0,2,2,,,0,1,,,,1,30,0,0,0,1
1,6,2,8,3,93,FRANCE,ILE-DE-FRANCE,045,93045,LILAS (LES),RUE DES BRUYERES ,241066,0,4,VC,0,2,2,,,0,1,,,,1,2,0,0,1,0
1,6,2,1,3,94,FRANCE,ILE-DE-FRANCE,080,94080,VINCENNES,RUE VICTOR BASCH,241248,0,4,VC,0,2,2,,,0,1,,,,1,31,0,0,1,0
1,5,1,1,6,94,FRANCE,ILE-DE-FRANCE,011,94011,BONNEUIL-SUR-MARNE,RUE PAUL VAILLANT COUTURIER,241260,0,6,Parking,0,0,2,,,0,0,,,,1,,0,0,1,0
1,7,2,1,3,94,FRANCE,ILE-DE-FRANCE,028,94028,CRETEIL,RUE DU GENERAL LECLERC,241261,0,2,RN,0,2,4,,,0,1,,,,1,7,0,0,2,0
1,7,1,1,3,94,FRANCE,ILE-DE-FRANCE,068,94068,SAINT-MAUR-DES-FOSSES,RUE ARISTIDE BRIAND,241265,0,4,VC,0,2,2,,,0,1,,,,1,7,0,0,2,0
2,6,2,1,5,94,FRANCE,ILE-DE-FRANCE,002,94002,ALFORTVILLE,RUE DU MARECHAL DE LATTRE DE TASSIGNY,241275,0,3,RD,0,1,1,,,0,0,,,,1,7,0,0,1,0
1,6,3,1,3,94,FRANCE,ILE-DE-FRANCE,076,94076,VILLEJUIF,BOULEVARD MAXIME GORKI,241307,0,2,RN,0,2,0,,,0,1,,,,1,33,0,0,1,0
5,5,1,2,5,94,FRANCE,ILE-DE-FRANCE,065,94065,RUNGIS,BOULEVARD CIRCULAIRE,241367,0,4,VC,0,1,0,,,0,1,,,,1,99,0,0,1,0
1,7,1,1,6,94,FRANCE,ILE-DE-FRANCE,028,94028,CRETEIL,QUAI DE HALAGE,241390,0,4,VC,0,0,2,,,0,1,,,,1,30,0,0,1,0
1,5,1,1,3,94,FRANCE,ILE-DE-FRANCE,003,94003,ARCUEIL,AVENUE PAUL VAILLANT COUTURIER,241567,0,4,VC,0,2,0,,,0,1,,,,1,7,0,0,1,0
2,6,1,2,3,94,FRANCE,ILE-DE-FRANCE,058,94058,PERREUX-SUR-MARNE (LE),AVENUE PIERRE BROSSOLETTE,241598,0,3,RD,0,2,2,,,0,1,,,,1,31,0,0,1,0
5,7,1,2,7,94,FRANCE,ILE-DE-FRANCE,041,94041,IVRY-SUR-SEINE,RUE WESTERMEYER,241613,0,3,RD,0,1,2,,,0,1,,,,1,,0,0,1,0
1,7,3,1,3,94,FRANCE,ILE-DE-FRANCE,046,94046,MAISONS-ALFORT,DOM DE CHATEAU GAILLARD,241709,0,4,VC,0,2,2,,,0,1,,,,1,7,0,0,1,0
1,5,2,1,3,94,FRANCE,ILE-DE-FRANCE,019,94019,CHENNEVIERES-SUR-MARNE,RUE CLEMENT ADER,241803,0,4,VC,0,0,2,,,0,1,,,,1,32,0,0,1,0
5,6,3,2,1,94,FRANCE,ILE-DE-FRANCE,052,94052,NOGENT-SUR-MARNE,AVENUE DES MERISIERS,241844,0,4,VC,0,2,2,,,0,1,,,,1,32,0,0,1,0
1,7,1,1,4,94,FRANCE,ILE-DE-FRANCE,017,94017,CHAMPIGNY-SUR-MARNE,AVENUE MARX DORMOY,241869,0,2,RN,4,1,0,15,0,0,1,4880700,252596,,1,7,0,0,1,0
1,6,1,1,6,94,FRANCE,ILE-DE-FRANCE,052,94052,NOGENT-SUR-MARNE,BOULEVARD DE STRASBOURG,241940,0,2,RN,34,2,4,11,754,0,1,4884590,249026,,1,,0,0,1,0
1,6,3,1,3,94,FRANCE,ILE-DE-FRANCE,016,94016,CACHAN,AVENUE DU PRESIDENT WILSON,242044,0,3,RD,127,2,2,3,886,0,1,4879270,232973,,1,7,0,0,1,0
2,5,1,2,3,94,FRANCE,ILE-DE-FRANCE,003,94003,ARCUEIL,AVENUE ARISTIDE BRIAND,242084,0,2,RN,20,1,2,6,230,0,1,4880480,232520,,1,33,0,0,1,0
5,7,2,1,4,94,FRANCE,ILE-DE-FRANCE,017,94017,CHAMPIGNY-SUR-MARNE,RUE DE MUSSELBURGH,242122,0,3,RD,29,1,1,0,0,0,1,4881190,251280,,1,7,0,0,1,0
1,5,1,1,6,94,FRANCE,ILE-DE-FRANCE,065,94065,RUNGIS,AVENUE DE FONTAINEBLEAU,242144,0,2,RN,7,1,2,12,780,0,1,4874790,236786,,1,34,0,0,1,0
1,6,1,1,3,94,FRANCE,ILE-DE-FRANCE,076,94076,VILLEJUIF,AVENUE DE STALINGRAD,242170,0,2,RN,7,3,3,8,590,0,1,,,,1,32,0,0,1,0
1,7,3,1,2,94,FRANCE,ILE-DE-FRANCE,028,94028,CRETEIL,ROUTE DE CHOISY,242236,0,2,RN,186,2,4,26,825,0,1,4878770,245059,,1,30,0,0,2,0
1,6,2,1,6,94,FRANCE,ILE-DE-FRANCE,016,94016,CACHAN,RUE GALLIENI,242255,0,3,RD,57,0,0,0,0,0,1,4879480,233502,,1,32,0,0,1,0
1,6,1,1,6,94,FRANCE,ILE-DE-FRANCE,058,94058,PERREUX-SUR-MARNE (LE),QUAI D'ARGONNE,242389,0,4,VC,0,1,1,1,0,2,5,4884740,251095,,1,,0,0,1,0