lum,agg,int,atm,col,dep_bis,pays,region,com_bis,com_codeINSEE,communes,N_voie,numac,infra,catr,type_route,voie,circ,nbv,pr,pr1,vosp,situ,lat,long,adr,accident_velo,vehicule_imp,cycl_mort,cycl_bgv,cycl_blg,cycl_indm
1,5,1,1,6,95,FRANCE,ILE-DE-FRANCE,019,95019,ARNOUVILLE-LES-GONESSE,RUE DE LA GIRONDE,242562,0,4,VC,0,2,2,,,0,4,,,,1,,0,0,1,0
1,5,1,1,1,95,FRANCE,ILE-DE-FRANCE,572,95572,SAINT-OUEN-L'AUMONE,RUE LOUIS DELAGE,242641,0,4,VC,0,2,2,,,0,1,,,,1,7,0,0,2,0
1,4,1,1,6,95,FRANCE,ILE-DE-FRANCE,257,95257,FRETTE-SUR-SEINE (LA),RUE D'ARGENTEUIL,242658,0,4,VC,0,2,0,,,0,1,,,,1,30,0,0,1,0
1,5,2,1,3,95,FRANCE,ILE-DE-FRANCE,210,95210,ENGHIEN-LES-BAINS,RUE DE MALLEVILLE,242716,0,4,VC,0,2,2,1,0,0,1,,,,1,7,0,0,1,0
1,6,3,1,6,95,FRANCE,ILE-DE-FRANCE,203,95203,EAUBONNE,ROUTE DE MONTLIGNON,242783,0,3,RD,0,2,2,,,0,1,,,,1,33,0,0,1,0
1,5,2,1,5,95,FRANCE,ILE-DE-FRANCE,176,95176,CORMEILLES-EN-PARISIS,RUE RAOUL DAUTRY,242790,0,4,VC,0,2,2,,,0,1,,,,1,7,0,0,1,0
1,5,1,1,6,95,FRANCE,ILE-DE-FRANCE,491,95491,PLESSIS-BOUCHARD (LE),RUE ALBERT ALLINE,242795,0,4,VC,0,2,2,,,0,1,,,,1,,0,0,1,0
1,7,2,1,3,95,FRANCE,ILE-DE-FRANCE,585,95585,SARCELLES,RUE DU CHAMPS DE CHARTRES,242815,0,4,VC,0,2,2,1,0,0,1,,,,1,30,0,0,1,0
1,4,1,1,6,95,FRANCE,ILE-DE-FRANCE,426,95426,MONTLIGNON,chemin forestier Route du milieu,242870,0,4,VC,0,0,1,,,0,1,,,,1,,0,0,1,0
1,6,1,1,2,95,FRANCE,ILE-DE-FRANCE,252,95252,FRANCONVILLE,RUE HENRI BARBUSSE,242889,0,4,VC,0,1,1,,,0,1,4899413,223283,,1,30,0,0,1,0
1,7,1,1,3,95,FRANCE,ILE-DE-FRANCE,127,95127,CERGY,BOULEVARD DE L'OISE,242941,0,4,VC,0,3,4,,,0,1,4903590,208120,,1,33,0,0,1,0
1,7,3,1,3,95,FRANCE,ILE-DE-FRANCE,127,95127,CERGY,BOULEVARD DE L'EVASION,242979,5,4,VC,,2,2,,,0,1,4904960,201310,,1,31,0,0,1,0
1,9,1,1,2,6,FRANCE,PROVENCE-ALPES-COTE-D'AZUR,088,6088,NICE,PONT NAPOLEON III,244657,2,4,VC,0,1,3,,,1,5,,,,1,2,0,0,1,0
5,6,1,1,2,6,FRANCE,PROVENCE-ALPES-COTE-D'AZUR,069,6069,GRASSE,AVENUE GEORGES POMPIDOU,244682,0,3,RD,0,2,2,,,0,1,,,,1,2,0,0,1,0
1,9,2,1,6,6,FRANCE,PROVENCE-ALPES-COTE-D'AZUR,088,6088,NICE,AVENUE DE LA REPUBLIQUE,244815,4,4,VC,0,2,2,,,3,1,,,,1,7,0,0,1,0
1,5,1,1,5,6,FRANCE,PROVENCE-ALPES-COTE-D'AZUR,085,6085,MOUGINS,RD 85,244825,0,3,RD,85,2,2,7,200,0,1,0,0,,1,7,0,0,1,0
1,1,1,1,5,9,FRANCE,MIDI-PYRENEES,303,9303,SURBA,RD 618,244899,0,3,RD,618,2,2,80,750,0,1,0,0,,1,7,0,0,1,0
1,1,2,1,5,17,FRANCE,POITOU-CHARENTES,003,17003,AIGREFEUILLE-D'AUNIS,RD 108,245544,5,3,RD,108,2,2,0,0,0,1,0,0,,1,14,0,0,1,0
5,8,2,3,3,59,FRANCE,NORD-PAS-DE-CALAIS,350,59350,LILLE,BOULEVARD SADI CARNOT,247955,0,4,VC,0,2,4,,,3,1,,,,1,2,0,0,1,0
1,6,1,1,6,62,FRANCE,NORD-PAS-DE-CALAIS,510,62510,LIEVIN,RUE MONTGOLFIER,248108,0,4,VC,0,2,2,,,0,0,,,,1,30,0,0,1,0
1,5,1,1,5,64,FRANCE,AQUITAINE,483,64483,SAINT-JEAN-DE-LUZ,RD 0,248212,0,3,RD,0,2,2,3,600,1,0,,,,1,7,0,0,1,0
5,6,1,1,6,64,FRANCE,AQUITAINE,024,64024,ANGLET,AVENUE MARCEL DASSAULT,248287,2,3,RD,932,2,4,0,0,0,1,4349580,-149745,,1,33,0,0,2,0
1,8,1,1,6,66,FRANCE,LANGUEDOC-ROUSSILLON,136,66136,PERPIGNAN,QUAI SEBASTIEN VAUBAN,248358,6,4,VC,0,1,1,,,0,1,,,,1,,0,0,1,0
1,5,1,1,2,66,FRANCE,LANGUEDOC-ROUSSILLON,180,66180,SAINT-LAURENT-DE-LA-SALANQUE,VC 0,248363,0,4,VC,0,2,2,0,0,0,1,0,0,,1,30,0,0,1,0
1,8,3,8,6,67,FRANCE,ALSACE,482,67482,STRASBOURG,RUE DE ROME,248417,0,4,VC,0,2,2,,,0,1,,,,1,2,0,0,1,0
2,8,3,1,6,67,FRANCE,ALSACE,482,67482,STRASBOURG,BOULEVARD D ANVERS,248448,0,4,VC,0,2,2,0,0,1,1,0,0,,1,2,0,0,1,0
1,8,2,1,6,67,FRANCE,ALSACE,482,67482,STRASBOURG,RUE DE RHINAU,248479,0,4,VC,0,1,0,,,0,1,,,,1,7,0,0,1,0
1,9,3,1,6,75,FRANCE,ILE-DE-FRANCE,020,75020,PARIS,BOULEVARD DAVOUT ,248991,0,4,VC,,2,3,1803,0,0,1,,,,1,,0,0,1,0
1,9,1,1,3,75,FRANCE,ILE-DE-FRANCE,020,75020,PARIS,BOULEVARD MORTIER,249001,0,4,VC,,2,4,2401,98,3,1,,,,1,7,0,0,1,0
1,9,2,1,3,75,FRANCE,ILE-DE-FRANCE,010,75010,PARIS,RUE ALEXANDRE PARODI ,249013,0,4,VC,,1,1,1009,0,0,1,,,,1,4,0,0,1,0
1,9,1,1,3,75,FRANCE,ILE-DE-FRANCE,012,75012,PARIS,RUE VAN GOGH,249025,0,4,VC,,1,2,2009,6,0,1,,,,1,4,0,0,1,0
5,9,1,1,6,75,FRANCE,ILE-DE-FRANCE,015,75015,PARIS,RUE SAINT CHARLES,249051,0,4,VC,,1,1,2009,152,0,1,,,,1,,0,0,1,0
5,9,2,1,6,75,FRANCE,ILE-DE-FRANCE,014,75014,PARIS,RUE EMILE RICHARD ,249057,0,4,VC,,1,2,1009,0,0,1,,,,1,,0,0,1,0
1,9,1,1,4,75,FRANCE,ILE-DE-FRANCE,113,75113,PARIS,RUE DE TOLBIAC,249166,0,4,VC,0,2,4,,,0,1,,,,1,7,0,0,1,0
5,9,2,2,1,75,FRANCE,ILE-DE-FRANCE,108,75108,PARIS,RUE DE MOSCOU,249176,5,4,VC,0,2,2,,,0,1,,,,1,32,0,0,1,0
5,9,3,1,3,75,FRANCE,ILE-DE-FRANCE,119,75119,PARIS,RUE DE L'ATLAS,249216,5,4,VC,0,1,1,,,0,1,,,,1,32,0,0,1,0
1,9,1,1,5,75,FRANCE,ILE-DE-FRANCE,112,75112,PARIS,ROUTE DAUPHINE,249226,0,4,VC,0,1,1,,,3,5,,,,1,,0,0,1,0
5,9,1,1,6,75,FRANCE,ILE-DE-FRANCE,112,75112,PARIS,RUE DE POMMARD,249227,0,4,VC,0,1,2,,,0,1,,,,1,33,0,0,1,0
1,9,1,1,5,75,FRANCE,ILE-DE-FRANCE,120,75120,PARIS,BOULEVARD DAVOUT ,249230,0,4,VC,0,3,2,,,3,1,,,,1,30,0,0,1,0
1,9,1,1,6,75,FRANCE,ILE-DE-FRANCE,114,75114,PARIS,BOULEVARD BRUNE,249297,0,4,VC,0,1,1,,,1,5,,,,1,,0,0,1,0
2,9,1,1,4,75,FRANCE,ILE-DE-FRANCE,116,75116,PARIS,ROUTE DE SEVRES A NEUILLY,249350,0,4,VC,0,2,0,,,0,5,,,,1,,0,0,1,0
1,9,1,1,6,75,FRANCE,ILE-DE-FRANCE,116,75116,PARIS,ROUTE DES TRIBUNES,249360,0,4,VC,0,1,2,,,0,1,,,,1,,0,0,1,0
1,9,1,1,4,75,FRANCE,ILE-DE-FRANCE,112,75112,PARIS,ROUTE DE BOURDON,249399,0,4,VC,0,3,0,,,1,5,,,,1,,0,0,1,0
1,9,1,1,3,75,FRANCE,ILE-DE-FRANCE,115,75115,PARIS,RUE DE VOUILLE,249401,0,4,VC,0,2,4,,,0,1,,,,1,30,0,0,1,0
2,9,3,8,6,75,FRANCE,ILE-DE-FRANCE,110,75110,PARIS,RUE DES RECOLLETS,249446,0,4,VC,0,1,1,,,0,0,,,,1,,0,0,1,0
1,9,5,1,3,75,FRANCE,ILE-DE-FRANCE,111,75111,PARIS,AVENUE LEDRU ROLLIN,249449,0,4,VC,0,3,2,,,0,1,,,,1,30,0,0,1,0
1,9,1,1,4,75,FRANCE,ILE-DE-FRANCE,112,75112,PARIS,ROUTE ROYALE DE BEAUTE,249453,0,4,VC,0,0,1,,,0,0,,,,1,,0,0,1,0
5,9,7,1,2,75,FRANCE,ILE-DE-FRANCE,115,75115,PARIS,PLACE CHARLES MICHELS,249460,0,4,VC,0,2,1,,,0,1,,,,1,2,0,0,1,0
1,1,1,1,1,77,FRANCE,ILE-DE-FRANCE,001,77001,ACHERES-LA-FORET,RD 64,249676,0,3,RD,64,2,0,0,0,0,1,0,0,,1,30,0,0,1,0
1,6,2,1,3,78,FRANCE,ILE-DE-FRANCE,297,78297,GUYANCOURT,RUE WILLIAM SHAKESPEARE,249813,0,4,VC,0,2,1,,,0,1,,,,1,30,0,0,1,0
1,2,1,1,5,79,FRANCE,POITOU-CHARENTES,294,79294,SAINT-ROMANS-DES-CHAMPS,RD 101,249919,0,3,RD,101,2,2,16,350,0,1,4620800,-34500,,1,,0,0,1,0
1,6,1,1,2,80,FRANCE,PICARDIE,001,80001,ABBEVILLE,DE LA REPUBLIQUE,249931,0,2,RN,0,2,1,,,0,1,,,,1,33,0,0,1,0
2,8,1,1,5,80,FRANCE,PICARDIE,021,80021,AMIENS,BOULEVARD CARNOT,249957,0,4,VC,0,2,3,,,0,1,,,,1,7,0,0,1,0
1,4,2,1,3,80,FRANCE,PICARDIE,724,80724,SALEUX,ROUTE DE TAISNIL,249963,0,3,RD,8,2,2,1,186,0,1,,,,1,33,0,0,1,0
1,8,4,1,3,80,FRANCE,PICARDIE,021,80021,AMIENS,AVENUE DE L'HIPPODROME,249966,0,4,VC,0,2,2,,,0,1,,,,1,7,0,0,2,0
1,1,1,1,4,80,FRANCE,PICARDIE,261,80261,DURY,CHEMIN DE SALEUX,249970,0,4,VC,0,2,2,,,0,1,,,,1,3,0,0,1,0
1,5,1,1,4,85,FRANCE,PAYS DE LA LOIRE,060,85060,CHATEAU-D'OLONNE,RUE BEAUSEJOUR,250186,0,3,RD,36,2,2,4,390,0,1,,,,1,,0,0,0,1
1,7,2,1,5,86,FRANCE,POITOU-CHARENTES,194,86194,POITIERS,RUE ARSENE ORILLARD,250212,0,4,VC,0,1,1,,,0,1,,,,1,7,0,0,1,0
1,1,1,1,5,91,FRANCE,ILE-DE-FRANCE,099,91099,BOUTIGNY-SUR-ESSONNE,RD 105,250469,0,3,RD,105,2,2,0,0,0,3,4843200,240500,,1,,0,0,1,0
1,1,1,1,6,95,FRANCE,ILE-DE-FRANCE,582,95582,SANNOIS,ROUTE DU FORT,251334,0,5,Hors_reseau,,2,1,,,0,1,4896970,222990,,1,31,0,0,1,0
3,5,1,1,6,17,FRANCE,POITOU-CHARENTES,306,17306,ROYAN,VOIE EXPRESS,251953,0,3,RD,0,2,2,,,0,1,,,,1,7,0,0,0,1
3,5,1,1,6,17,FRANCE,POITOU-CHARENTES,306,17306,ROYAN,AVENUE DE LA GRANDE CONCHE,251959,0,3,RD,0,0,0,,,0,1,,,,1,7,0,0,0,1
1,1,3,1,6,26,FRANCE,RHONE-ALPES,281,26281,ROMANS-SUR-ISERE,RD 0,252080,0,3,RD,0,2,2,13,400,0,1,,,,1,7,,,,
1,7,1,1,6,29,FRANCE,BRETAGNE,232,29232,QUIMPER,RUE DES DOUVES,252135,0,4,VC,0,2,2,,,0,1,,,,1,7,0,0,1,0
1,8,2,1,3,38,FRANCE,RHONE-ALPES,185,38185,GRENOBLE,BOULEVARD AGUTTE SEMBAT,252409,0,3,RD,5,2,3,1,0,3,1,4518870,572582,,1,33,0,0,1,0
1,9,1,1,4,75,FRANCE,ILE-DE-FRANCE,004,75004,PARIS,RUE COUTELLERIE ,253058,0,4,VC,,1,3,2009,4,0,1,,,,1,7,0,0,1,0
1,9,1,1,5,75,FRANCE,ILE-DE-FRANCE,116,75116,PARIS,ROUTE DES TRIBUNES,253076,0,4,VC,0,1,1,,,1,5,,,,1,,0,0,1,0
1,9,4,1,4,75,FRANCE,ILE-DE-FRANCE,103,75103,PARIS,PLACE DE THORIGNY,253113,0,4,VC,0,1,1,,,0,1,,,,1,30,0,0,1,0
1,9,7,1,6,75,FRANCE,ILE-DE-FRANCE,114,75114,PARIS,PLACE DE LA PORTE DE VANVES,253150,0,4,VC,0,1,1,,,0,1,,,,1,7,0,0,1,0
1,1,1,9,5,78,FRANCE,ILE-DE-FRANCE,030,78030,AUFFARGIS,RD 24,253245,0,3,RD,24,2,0,0,0,0,1,0,0,,1,7,0,0,1,0
1,8,1,1,5,51,FRANCE,CHAMPAGNE-ARDENNE,454,51454,REIMS,RUE ANDRE HUET,254124,0,4,VC,0,2,2,,,1,1,,,,1,7,0,0,1,0
1,9,1,1,4,75,FRANCE,ILE-DE-FRANCE,016,75016,PARIS,SURESNES ROUTE,254329,0,4,VC,,1,2,2009,2,1,1,,,,1,,0,0,1,0
1,9,1,1,6,75,FRANCE,ILE-DE-FRANCE,112,75112,PARIS,ROUTE DAUPHINE,254756,0,4,VC,0,1,2,1,0,1,5,,,,1,,0,0,1,0
1,1,1,1,5,77,FRANCE,ILE-DE-FRANCE,335,77335,CHAUCONIN-NEUFMONTIERS,ROUTE DEPARTEMENTALE RD129,254761,0,3,RD,0,2,2,6,283,0,1,,,,1,7,0,0,1,0
1,5,6,1,3,1,FRANCE,RHONE-ALPES,004,1004,AMBERIEU-EN-BUGEY,VC 0,254987,0,4,VC,0,2,0,0,0,0,1,0,0,,1,7,0,1,0,0
1,6,3,1,3,1,FRANCE,RHONE-ALPES,053,1053,BOURG-EN-BRESSE,AVENUE AMEDEE,255007,0,3,RD,0,2,2,31,650,2,5,,,,1,7,0,1,0,0
1,3,1,2,6,1,FRANCE,RHONE-ALPES,047,1047,BLYES,RD 62,255016,0,3,RD,62,2,2,0,0,0,0,0,0,,1,,0,1,0,0
2,4,7,1,2,1,FRANCE,RHONE-ALPES,265,1265,MONTREAL-LA-CLUSE,Parking 0,255017,0,6,Parking,0,1,1,0,0,0,1,0,0,,1,7,0,1,0,0
1,1,1,1,1,1,FRANCE,RHONE-ALPES,456,1456,VONGNES,RD 37,255025,0,3,RD,37,0,0,0,0,0,1,0,0,,1,7,0,1,0,0
1,1,1,1,2,1,FRANCE,RHONE-ALPES,436,1436,VESANCY,RD 984,255029,0,3,RD,984,2,2,14,613,0,1,4635200,610300,,1,7,0,1,0,0
5,5,1,1,7,1,FRANCE,RHONE-ALPES,244,1244,MEXIMIEUX,RD 22,255032,0,3,RD,22,2,2,0,0,0,1,0,0,,1,,0,1,0,0
1,4,1,1,3,1,FRANCE,RHONE-ALPES,305,1305,PONT-DE-VAUX,RD 933,255042,0,3,RD,933,2,0,10,250,0,1,4643500,493900,,1,21,0,1,0,0
1,1,1,1,3,1,FRANCE,RHONE-ALPES,026,1026,BAGE-LE-CHATEL,VC 1,255044,0,4,VC,1,2,0,0,0,0,1,0,0,,1,7,0,1,0,0
1,3,1,1,3,1,FRANCE,RHONE-ALPES,345,1345,SAINT-DENIS-EN-BUGEY,RD 5,255067,0,3,RD,5,2,0,0,148,0,1,0,0,,1,7,0,1,0,0
1,2,1,1,1,1,FRANCE,RHONE-ALPES,104,1104,CHEZERY-FORENS,RD 991,255070,0,3,RD,991,3,2,0,0,0,0,0,0,,1,7,0,1,0,0
5,6,1,1,3,1,FRANCE,RHONE-ALPES,053,1053,BOURG-EN-BRESSE,RUE BERNARD,255081,0,4,VC,0,1,1,,,0,1,,,,1,7,0,1,0,0
1,6,6,1,3,1,FRANCE,RHONE-ALPES,053,1053,BOURG-EN-BRESSE,RUE DU STAND,255082,0,3,RD,0,2,2,,,0,1,,,,1,7,0,1,0,0
1,1,1,1,2,1,FRANCE,RHONE-ALPES,025,1025,BAGE-LA-VILLE,RD 58,255088,0,3,RD,58,0,2,0,600,0,0,0,0,,1,7,0,1,0,0
1,5,1,1,3,1,FRANCE,RHONE-ALPES,249,1249,MIRIBEL,RN 84,255092,0,2,RN,84,2,2,0,0,0,1,0,0,,1,7,0,1,0,0
1,1,1,1,1,1,FRANCE,RHONE-ALPES,348,1348,SAINT-DIDIER-SUR-CHALARONNE,RD 66,255094,0,3,RD,66,2,2,0,0,0,1,0,0,,1,7,0,1,0,0
1,1,8,1,1,1,FRANCE,RHONE-ALPES,374,1374,SAINT-MARTIN-DU-MONT,Autre 0,255100,4,9,Autre,0,0,2,0,0,0,0,0,0,,1,39,0,1,0,0
1,3,3,1,3,1,FRANCE,RHONE-ALPES,407,1407,SEYSSEL,Autre 0,255116,0,9,Autre,0,2,2,0,0,0,1,0,0,,1,7,0,1,0,0
1,5,1,1,1,1,FRANCE,RHONE-ALPES,202,1202,LAGNIEU,RD 2075,255120,0,3,RD,2075,2,2,0,0,0,1,0,0,,1,7,0,1,0,0
1,6,2,1,3,1,FRANCE,RHONE-ALPES,283,1283,OYONNAX,RUE DE LA PAIX,255131,0,4,VC,0,1,1,,,0,1,,,,1,7,0,1,0,0
3,5,1,1,3,1,FRANCE,RHONE-ALPES,004,1004,AMBERIEU-EN-BUGEY,RD 1075,255153,3,3,RD,1075,2,2,29,0,0,1,0,0,,1,14,0,1,0,0
1,6,1,1,3,1,FRANCE,RHONE-ALPES,053,1053,BOURG-EN-BRESSE,AVENUE ALSACE LORRAINE,255188,0,4,VC,0,2,2,,,0,1,,,,1,7,0,1,0,0
1,1,1,1,2,1,FRANCE,RHONE-ALPES,289,1289,PERONNAS,ROUTE DE LENT,255201,0,3,RD,0,2,2,,,0,1,,,,1,7,0,1,0,0
1,1,1,1,3,1,FRANCE,RHONE-ALPES,098,1098,CHAZEY-BONS,RD 1504,255210,0,3,RD,1504,0,2,45,400,0,1,0,0,,1,7,0,1,0,0
1,4,1,1,2,1,FRANCE,RHONE-ALPES,265,1265,MONTREAL-LA-CLUSE,RD 984,255230,0,3,RD,984,2,2,0,0,0,1,0,0,,1,15,0,1,0,0
1,6,1,1,3,1,FRANCE,RHONE-ALPES,053,1053,BOURG-EN-BRESSE,RUE HENRI DUNANT ,255240,0,4,VC,0,2,1,,,0,1,,,,1,7,0,1,0,0
1,1,1,1,3,1,FRANCE,RHONE-ALPES,252,1252,MOGNENEINS,RD 100,255256,0,3,RD,100,2,0,8,560,0,1,0,0,,1,7,0,1,0,0
1,1,1,1,3,1,FRANCE,RHONE-ALPES,240,1240,MATAFELON-GRANGES,RD 18,255268,0,3,RD,18,2,2,3,150,0,1,0,0,,1,7,0,1,0,0
1,1,3,1,3,1,FRANCE,RHONE-ALPES,457,1457,VONNAS,RD 80,255277,0,3,RD,80,2,2,26,850,0,1,0,0,,1,7,0,1,0,0
1,1,1,1,3,1,FRANCE,RHONE-ALPES,030,1030,BEAUREGARD,RD 44,255283,0,3,RD,44,0,0,6,540,0,1,0,0,,1,7,0,1,0,0
1,6,3,1,3,1,FRANCE,RHONE-ALPES,053,1053,BOURG-EN-BRESSE,AVENUE DE JASSERON,255288,0,3,RD,0,2,2,,,0,0,,,,1,7,0,1,0,0
1,6,1,1,6,1,FRANCE,RHONE-ALPES,053,1053,BOURG-EN-BRESSE,RUE DU PONT DES CHEVRES ,255311,0,4,VC,0,2,2,,,0,1,,,,1,7,0,1,0,0
1,1,1,1,3,1,FRANCE,RHONE-ALPES,157,1157,FAREINS,RD 933,255325,0,3,RD,933,2,3,0,0,0,1,4602200,476200,,1,7,0,1,0,0
1,6,1,1,6,1,FRANCE,RHONE-ALPES,053,1053,BOURG-EN-BRESSE,AVENUE ALPHONSE BAUDIN,255329,0,4,VC,0,2,2,,,0,1,,,,1,7,0,1,0,0
1,1,1,1,3,1,FRANCE,RHONE-ALPES,083,1083,CHANEINS,RD 17,255361,0,3,RD,17,2,2,40,0,0,1,4610100,485000,,1,7,0,1,0,0
5,6,6,2,3,1,FRANCE,RHONE-ALPES,053,1053,BOURG-EN-BRESSE,RUE SAINT ROCH,255363,5,4,VC,0,2,2,,,0,1,,,,1,7,0,1,0,0
1,1,2,1,3,1,FRANCE,RHONE-ALPES,289,1289,PERONNAS,ROUTE DE LENT,255365,0,4,VC,0,2,2,,,0,1,,,,1,7,0,1,0,0
1,6,1,1,3,1,FRANCE,RHONE-ALPES,283,1283,OYONNAX,RUE JEAN-JACQUES ROUSSEAU ,255367,0,6,Parking,0,2,2,,,0,1,,,,1,7,0,1,0,0
1,1,2,1,3,1,FRANCE,RHONE-ALPES,289,1289,PERONNAS,LA ROCADE  COTE OUEST,255420,0,3,RD,0,2,2,5,416,0,1,,,,1,7,0,1,0,0
1,5,1,1,1,1,FRANCE,RHONE-ALPES,451,1451,VIRIAT,CHEMIN DE CHAMPAGNE,255427,0,4,VC,0,2,2,,,0,1,,,,1,7,0,1,0,0
1,5,1,1,1,1,FRANCE,RHONE-ALPES,004,1004,AMBERIEU-EN-BUGEY,VC 0,255437,0,4,VC,0,2,2,0,0,0,1,0,0,,1,15,0,1,0,0
1,4,1,1,1,1,FRANCE,RHONE-ALPES,148,1148,DORTAN,RD 31,255472,0,3,RD,31,2,0,75,821,0,1,0,0,,1,7,0,1,0,0
1,1,1,1,3,1,FRANCE,RHONE-ALPES,239,1239,MASSIGNIEU-DE-RIVES,VC 0,255495,0,4,VC,0,2,0,0,0,2,1,0,0,,1,10,0,1,0,0
1,1,1,1,2,1,FRANCE,RHONE-ALPES,208,1208,LAVOURS,RD 992,255497,0,3,RD,992,0,0,34,500,0,1,4583000,578700,,1,7,0,1,0,0
1,3,9,1,3,1,FRANCE,RHONE-ALPES,063,1063,BRION,Parking 0,255500,0,6,Parking,0,0,0,0,0,0,0,0,0,,1,7,0,1,0,0
1,6,1,1,2,1,FRANCE,RHONE-ALPES,053,1053,BOURG-EN-BRESSE,AVENUE DE MARBOZ,255512,0,4,VC,0,2,2,,,1,5,,,,1,10,0,1,0,0
1,1,1,7,3,1,FRANCE,RHONE-ALPES,094,1094,CHAVANNES-SUR-REYSSOUZE,RD 46,255532,0,3,RD,46,2,0,3,200,0,1,0,0,,1,10,0,1,0,0
1,4,1,1,1,1,FRANCE,RHONE-ALPES,320,1320,REPLONGES,VC 0,255549,0,4,VC,0,2,0,0,0,0,1,0,0,,1,7,0,1,0,0
1,6,1,1,6,1,FRANCE,RHONE-ALPES,283,1283,OYONNAX,LAPLANCHE,255573,0,4,VC,0,1,1,,,0,1,,,,1,,0,0,0,1
1,3,1,1,1,1,FRANCE,RHONE-ALPES,175,1175,GORREVOD,RD 58,255583,0,3,RD,58,3,2,12,950,0,1,0,0,,1,7,0,1,0,0
5,5,4,1,2,1,FRANCE,RHONE-ALPES,249,1249,MIRIBEL,RN 84,255602,0,2,RN,84,2,2,3,918,0,1,4582620,495941,,1,7,0,1,0,0
5,1,1,1,2,1,FRANCE,RHONE-ALPES,160,1160,FERNEY-VOLTAIRE,RD 35,255614,0,3,RD,35,0,2,9,0,0,1,4624860,609937,,1,7,0,1,0,0
1,3,1,1,3,1,FRANCE,RHONE-ALPES,379,1379,SAINT-MAURICE-DE-REMENS,RD 904,255641,0,3,RD,904,2,2,46,440,0,1,4595900,527620,,1,7,0,1,0,0
1,1,1,1,7,1,FRANCE,RHONE-ALPES,037,1037,BENONCES,RD 32,255664,0,3,RD,32,2,0,3,500,0,1,4582780,547309,,1,,0,1,0,0
1,1,3,1,3,1,FRANCE,RHONE-ALPES,447,1447,VILLEREVERSURE,RD 42,255672,0,3,RD,42,2,2,11,674,0,1,4617360,539560,,1,7,0,1,0,0
1,1,1,1,1,1,FRANCE,RHONE-ALPES,297,1297,PIZAY,VC 0,255673,0,4,VC,0,2,2,0,0,0,1,,,,1,7,0,1,0,0
1,1,6,1,3,1,FRANCE,RHONE-ALPES,354,1354,SAINT-GENIS-POUILLY,RD 984,255674,5,3,RD,984,2,2,138,257,0,1,4623970,603357,,1,7,0,1,0,0
1,3,1,1,6,1,FRANCE,RHONE-ALPES,290,1290,PEROUGES,VC 26,255681,0,4,VC,26,1,1,0,0,0,1,,,,1,,0,0,0,1
1,1,3,1,1,1,FRANCE,RHONE-ALPES,240,1240,MATAFELON-GRANGES,RD 91,255691,5,3,RD,91,2,2,0,1,0,1,4626760,553604,,1,7,0,1,0,0
2,1,1,1,1,1,FRANCE,RHONE-ALPES,343,1343,SAINT-CYR-SUR-MENTHON,VC 0,255700,0,4,VC,0,2,2,0,0,0,1,,,,1,7,0,1,0,0
5,6,5,1,3,1,FRANCE,RHONE-ALPES,053,1053,BOURG-EN-BRESSE,BOULEVARD JOHN FITZGERALD KENNEDY,255706,5,2,RN,79,2,4,0,1,0,1,4620800,523654,,1,7,0,1,0,0
1,4,1,1,2,1,FRANCE,RHONE-ALPES,043,1043,BEYNOST,RD 1084,255722,0,3,RD,1084,2,2,0,0,2,1,0,0,,1,7,0,1,0,0
1,1,6,1,3,1,FRANCE,RHONE-ALPES,451,1451,VIRIAT,ROUTE DE MARBOZ,255724,0,3,RD,0,2,2,,,1,1,,,,1,7,0,1,0,0
1,1,2,1,5,1,FRANCE,RHONE-ALPES,289,1289,PERONNAS,ROUTE DE LA FORET DE SEILLON,255725,0,3,RD,0,2,2,9,105,0,1,,,,1,7,0,1,0,0
5,4,1,1,2,1,FRANCE,RHONE-ALPES,344,1344,SAINT-DENIS-LES-BOURG,RUE DES CABLES DE LYON,255726,0,4,VC,0,2,2,,,0,1,,,,1,7,0,1,0,0
1,4,1,1,3,1,FRANCE,RHONE-ALPES,344,1344,SAINT-DENIS-LES-BOURG,RUE DENIS GIROD,255727,0,4,VC,0,2,2,,,1,1,,,,1,7,0,1,0,0
3,5,4,1,3,1,FRANCE,RHONE-ALPES,160,1160,FERNEY-VOLTAIRE,RD 1,255766,0,3,RD,1,0,0,0,0,0,0,0,0,,1,7,0,1,0,0
1,3,3,1,7,1,FRANCE,RHONE-ALPES,444,1444,VILLEBOIS,RD 19,255781,5,3,RD,19,2,3,2,92,0,1,4584070,542472,,1,7,0,1,0,0
1,3,3,1,3,1,FRANCE,RHONE-ALPES,026,1026,BAGE-LE-CHATEL,RD 58,255796,0,3,RD,58,2,2,0,180,0,1,4631090,493146,,1,7,0,1,0,0
1,3,1,1,3,1,FRANCE,RHONE-ALPES,371,1371,SAINT-MARCEL,VC 0,255841,0,4,VC,0,2,0,0,0,0,0,4595400,498700,,1,7,0,1,0,0
1,3,3,1,3,1,FRANCE,RHONE-ALPES,447,1447,VILLEREVERSURE,VC 0,255843,0,4,VC,0,2,1,0,0,0,1,4620700,539600,,1,7,0,1,0,0
1,4,1,1,1,1,FRANCE,RHONE-ALPES,313,1313,PREVESSIN-MOENS,VC 0,255852,0,4,VC,0,2,2,0,0,1,1,4625500,607500,,1,7,0,1,0,0
1,5,1,2,2,1,FRANCE,RHONE-ALPES,160,1160,FERNEY-VOLTAIRE,VC 0,255854,0,4,VC,0,2,0,0,0,0,1,4626000,611100,,1,7,0,1,0,0
1,1,1,1,6,1,FRANCE,RHONE-ALPES,451,1451,VIRIAT,ROUTE DE PARIS ,255857,0,3,RD,0,3,4,,,0,1,,,,1,7,0,1,0,0