lum,agg,int,atm,col,dep_bis,pays,region,com_bis,com_codeINSEE,communes,N_voie,numac,infra,catr,type_route,voie,circ,nbv,pr,pr1,vosp,situ,lat,long,adr,accident_velo,vehicule_imp,cycl_mort,cycl_bgv,cycl_blg,cycl_indm
2,1,6,7,3,1,FRANCE,RHONE-ALPES,313,1313,PREVESSIN-MOENS,RD 35,255881,5,3,RD,35,4,0,0,0,0,1,4625000,608200,,1,7,0,1,0,0
1,3,1,1,1,1,FRANCE,RHONE-ALPES,361,1361,SAINT-JEAN-DE-NIOST,RD 65,255883,0,3,RD,65,2,0,0,0,0,1,0,0,,1,7,0,1,0,0
1,3,1,1,3,1,FRANCE,RHONE-ALPES,366,1366,SAINTE-JULIE,RD 40,255886,0,3,RD,40,3,2,0,0,0,1,0,0,,1,7,0,1,0,0
1,1,3,1,3,1,FRANCE,RHONE-ALPES,289,1289,PERONNAS,LA ROCADE  COTE ESTI,255888,0,3,RD,117,2,2,,,0,1,,,,1,7,0,1,0,0
1,1,1,1,3,1,FRANCE,RHONE-ALPES,344,1344,SAINT-DENIS-LES-BOURG,AVENUE DE LA DOMBES,255897,0,3,RD,0,2,2,,,0,1,,,,1,15,0,1,0,0
1,1,1,1,2,1,FRANCE,RHONE-ALPES,290,1290,PEROUGES,RD 65,255900,0,3,RD,65,2,0,0,0,0,1,0,0,,1,7,0,1,0,0
1,3,1,1,3,1,FRANCE,RHONE-ALPES,363,1363,SAINT-JEAN-LE-VIEUX,VC 0,255920,0,4,VC,0,2,0,0,0,0,1,0,0,,1,7,0,1,0,0
1,1,1,8,3,1,FRANCE,RHONE-ALPES,228,1228,MAILLAT,RD 12,255924,0,3,RD,12,2,2,35,0,0,1,0,0,,1,7,0,1,0,0
4,6,3,1,3,1,FRANCE,RHONE-ALPES,053,1053,BOURG-EN-BRESSE,RUE COMTE DE MONTREVEL ,255935,0,3,RD,0,2,2,,,0,1,,,,1,10,0,1,0,0
1,6,1,1,7,1,FRANCE,RHONE-ALPES,053,1053,BOURG-EN-BRESSE,BOULEVARD IRENE JOLIOT CURIE,255953,0,3,RD,0,2,4,,,0,4,,,,1,,0,1,0,0
5,6,3,1,6,1,FRANCE,RHONE-ALPES,053,1053,BOURG-EN-BRESSE,RUE CHARLES GUILLON,255957,0,4,VC,0,2,2,,,0,0,,,,1,7,0,1,0,0
5,6,2,2,3,1,FRANCE,RHONE-ALPES,053,1053,BOURG-EN-BRESSE,AVENUE PIERRE SEMARD,255961,0,4,VC,0,0,2,,,0,1,,,,1,7,0,1,0,0
3,1,1,1,2,1,FRANCE,RHONE-ALPES,451,1451,VIRIAT,ROUTE DE POLLIAT ,255973,0,3,RD,0,2,2,,,0,1,,,,1,2,0,1,0,0
1,6,1,1,1,1,FRANCE,RHONE-ALPES,283,1283,OYONNAX,CHEMIN DE TRESIN,255980,0,4,VC,0,2,2,,,0,1,,,,1,7,0,1,0,0
1,1,3,1,1,1,FRANCE,RHONE-ALPES,364,1364,SAINT-JEAN-SUR-REYSSOUZE,RD 80,255996,5,3,RD,80,2,2,35,500,0,1,0,0,,1,7,0,1,0,0
1,3,1,1,1,1,FRANCE,RHONE-ALPES,374,1374,SAINT-MARTIN-DU-MONT,RD 64,256007,0,3,RD,64,2,2,0,0,0,1,0,0,,1,7,0,1,0,0
1,3,1,1,3,1,FRANCE,RHONE-ALPES,363,1363,SAINT-JEAN-LE-VIEUX,VC 0,256009,0,4,VC,0,2,0,0,0,0,1,0,0,,1,7,0,1,0,0
1,3,1,1,1,1,FRANCE,RHONE-ALPES,134,1134,CROTTET,RD 933,256015,0,3,RD,933,2,2,30,370,0,1,0,0,,1,13,0,1,0,0
1,3,2,1,1,1,FRANCE,RHONE-ALPES,026,1026,BAGE-LE-CHATEL,RD 28,256016,0,3,RD,28,2,2,0,0,0,1,0,0,,1,7,0,1,0,0
1,1,3,8,3,1,FRANCE,RHONE-ALPES,173,1173,GEX,RD 2,256031,0,3,RD,2,2,0,0,0,0,1,0,0,,1,7,0,1,0,0
1,3,1,1,1,1,FRANCE,RHONE-ALPES,383,1383,SAINT-PAUL-DE-VARAX,Autre 0,256050,0,9,Autre,0,2,2,0,0,0,1,4610400,513700,,1,7,0,1,0,0
1,4,1,1,1,1,FRANCE,RHONE-ALPES,376,1376,SAINT-MAURICE-DE-BEYNOST,RD 1084,256059,0,3,RD,1084,3,2,0,0,1,1,4583300,497700,,1,7,0,1,0,0
1,3,1,1,3,1,FRANCE,RHONE-ALPES,398,1398,SAVIGNEUX,VC 0,256067,0,4,VC,0,2,1,0,0,0,1,4598700,487100,,1,7,0,1,0,0
1,5,1,1,1,1,FRANCE,RHONE-ALPES,004,1004,AMBERIEU-EN-BUGEY,VC 0,256080,0,4,VC,0,2,0,0,0,0,1,0,0,,1,7,0,1,0,0
1,1,3,1,3,2,FRANCE,PICARDIE,810,2810,VILLERS-COTTERETS,RD 231,256114,0,3,RD,231,2,2,4,300,0,1,4925900,306500,,1,7,0,1,0,0
1,7,3,1,3,2,FRANCE,PICARDIE,691,2691,SAINT-QUENTIN,BOULEVARD RICHELIEU,256161,0,4,VC,0,2,2,,,0,1,,,,1,7,0,1,0,0
1,4,1,1,1,2,FRANCE,PICARDIE,648,2648,RIBEMONT,RD 131,256191,0,3,RD,131,2,0,1,300,0,1,0,0,,1,10,0,1,0,0
1,1,1,1,1,2,FRANCE,PICARDIE,359,2359,GRUGIES,RD 321,256203,0,3,RD,321,2,2,0,0,0,1,0,0,,1,10,0,1,0,0
1,6,6,1,3,2,FRANCE,PICARDIE,722,2722,SOISSONS,RUE SALVADORE ALLENDE,256211,5,4,VC,0,2,2,,,0,1,,,,1,7,0,1,0,0
1,1,1,8,1,2,FRANCE,PICARDIE,820,2820,VIRY-NOUREUIL,RN 32,256213,0,2,RN,32,2,2,0,0,0,1,0,0,,1,7,0,1,0,0
2,5,6,1,1,2,FRANCE,PICARDIE,173,2173,CHAUNY,RD 338,256216,0,3,RD,338,1,0,0,0,0,0,0,0,,1,7,0,1,0,0
1,3,1,1,1,2,FRANCE,PICARDIE,498,2498,MONTAIGU,RD 52,256233,0,3,RD,52,2,2,5,500,0,1,4953900,383200,,1,10,0,1,0,0
1,2,3,1,1,2,FRANCE,PICARDIE,682,2682,SAINT-MARD,RD 144,256236,0,3,RD,144,2,2,6,200,0,1,0,0,,1,10,0,1,0,0
1,1,1,1,2,2,FRANCE,PICARDIE,135,2135,BUIRONFOSSE,RD 1029,256303,0,3,RD,1029,2,2,59,450,0,1,4997200,385600,,1,7,0,1,0,0
5,4,1,1,6,2,FRANCE,PICARDIE,064,2064,BELLEU,RUE DES PRES,256304,0,4,VC,0,2,1,,,0,1,,,,1,,0,1,0,0
1,4,1,1,1,2,FRANCE,PICARDIE,719,2719,SINCENY,RD 7,256351,0,3,RD,7,2,0,0,0,0,1,0,0,,1,7,0,1,0,0
1,2,1,1,1,2,FRANCE,PICARDIE,709,2709,SERAIN,RD 28,256387,0,3,RD,28,2,0,3,938,0,1,0,0,,1,7,0,1,0,0
1,7,1,1,6,2,FRANCE,PICARDIE,691,2691,SAINT-QUENTIN,BOULEVARD VICTOR HUGO,256408,0,4,VC,0,2,2,,,1,5,,,,1,7,0,1,0,0
1,1,1,2,3,2,FRANCE,PICARDIE,168,2168,CHATEAU-THIERRY,ROUTE DE SOISSONS,256423,0,3,RD,0,3,4,91,200,0,1,,,,1,10,0,1,0,0
1,1,1,1,3,2,FRANCE,PICARDIE,246,2246,CUGNY,RD 937,256433,0,3,RD,937,2,0,0,0,0,1,4971400,316200,,1,17,0,1,0,0
1,7,1,1,3,2,FRANCE,PICARDIE,691,2691,SAINT-QUENTIN,RUE DE LA CHAUSSEE-ROMAINE,256490,0,4,VC,0,2,2,,,0,1,,,,1,37,0,1,0,0
1,5,1,1,6,2,FRANCE,PICARDIE,340,2340,GAUCHY,RUE GEORGES HERBIN,256495,0,4,VC,0,2,2,,,0,1,,,,1,,0,1,0,0
1,7,3,1,3,2,FRANCE,PICARDIE,691,2691,SAINT-QUENTIN,RUE VOLTAIRE,256513,0,4,VC,0,2,2,,,0,0,,,,1,7,0,1,0,0
1,7,1,1,6,2,FRANCE,PICARDIE,691,2691,SAINT-QUENTIN,RUE DENFERT ROCHEREAU,256518,0,4,VC,0,2,2,,,0,1,,,,1,,0,1,0,0
1,3,1,1,1,2,FRANCE,PICARDIE,131,2131,BUCY-LE-LONG,VC 0,256537,0,4,VC,0,2,2,3,600,0,1,4939000,341000,,1,7,0,1,0,0
1,1,1,1,3,2,FRANCE,PICARDIE,548,2548,NEUVILLE-LES-DORENGT (LA),RD 284,256540,0,3,RD,284,2,2,0,0,0,1,0,0,,1,7,0,1,0,0
5,6,2,1,3,2,FRANCE,PICARDIE,408,2408,LAON,RUE SYLVAIN CORDEVANT,256586,0,9,Autre,0,2,2,,,0,0,,,,1,7,0,1,0,0
1,2,3,1,3,2,FRANCE,PICARDIE,221,2221,COUPRU,RD 11,256662,0,3,RD,11,0,2,19,50,0,1,0,0,,1,7,0,1,0,0
1,7,2,1,3,2,FRANCE,PICARDIE,691,2691,SAINT-QUENTIN,RUE DE BAUDREUIL,256668,0,4,VC,0,1,1,,,0,1,,,,1,7,0,1,0,0
1,2,1,1,1,2,FRANCE,PICARDIE,511,2511,MONTIGNY-EN-ARROUAISE,VC 0,256684,0,4,VC,0,2,2,,,0,1,0,0,,1,7,0,1,0,0
1,1,1,1,2,2,FRANCE,PICARDIE,383,2383,HOMBLIERES,RD 1029,256686,0,3,RD,1029,2,2,21,600,0,1,0,0,,1,7,0,1,0,0
1,3,1,1,1,2,FRANCE,PICARDIE,574,2574,ORIGNY-EN-THIERACHE,RD 38,256689,0,3,RD,38,2,1,16,0,0,1,0,0,,1,7,0,1,0,0
1,5,1,1,3,2,FRANCE,PICARDIE,381,2381,HIRSON,,256698,0,4,VC,,2,2,,,0,1,0,0,,1,7,0,1,0,0
1,1,1,1,1,2,FRANCE,PICARDIE,238,2238,CREPY,RD 54,256705,0,3,RD,54,4,2,0,0,0,1,0,0,,1,10,0,1,0,0
1,3,1,1,1,2,FRANCE,PICARDIE,596,2596,PAVANT,VC 11,256709,0,4,VC,11,1,1,0,0,3,5,4896000,328600,,1,30,0,1,0,0
1,5,2,1,1,2,FRANCE,PICARDIE,810,2810,VILLERS-COTTERETS,RD 973,256762,0,3,RD,973,2,0,12,300,0,1,0,0,,1,7,0,1,0,0
5,7,1,2,6,2,FRANCE,PICARDIE,691,2691,SAINT-QUENTIN,BOULEVARD VICTOR HUGO FIN,256772,0,4,VC,0,2,2,,,1,5,,,,1,7,0,1,0,0
2,5,3,2,1,2,FRANCE,PICARDIE,810,2810,VILLERS-COTTERETS,RUE ALEXANDRE DUMAS,256778,0,4,VC,,1,1,,,,1,0,0,,1,7,0,1,0,0
1,1,1,1,2,2,FRANCE,PICARDIE,135,2135,BUIRONFOSSE,RD 1029,256799,0,3,RD,1029,2,0,59,0,0,1,0,0,,1,7,0,1,0,0
1,6,3,1,3,2,FRANCE,PICARDIE,722,2722,SOISSONS,rue PEpin le bref,256814,5,4,VC,,2,2,,,0,1,,,,1,7,0,1,0,0
3,1,1,2,2,2,FRANCE,PICARDIE,495,2495,MONDREPUIS,RD 1043,256820,0,3,RD,1043,2,0,20,100,0,1,0,0,,1,7,0,1,0,0
1,1,1,1,3,2,FRANCE,PICARDIE,453,2453,MAIZY,RD 22,256826,0,3,RD,22,3,0,10,400,0,1,0,0,,1,7,0,1,0,0
1,3,3,1,1,2,FRANCE,PICARDIE,217,2217,COUCY-LE-CHATEAU-AUFFRIQUE,RD 5,256832,0,3,RD,5,2,2,0,1,,1,0,0,,1,7,0,1,0,0
1,3,1,1,1,2,FRANCE,PICARDIE,245,2245,CUFFIES,,256838,0,4,VC,,2,1,,,0,1,0,0,,1,7,0,1,0,0
1,1,3,1,3,2,FRANCE,PICARDIE,560,2560,NOUVION-LE-COMTE,,256848,0,4,VC,,2,2,,,0,1,0,0,,1,7,0,1,0,0
1,5,3,1,6,2,FRANCE,PICARDIE,738,2738,TERGNIER,rue du Bourget,256891,0,4,VC,,2,1,,,0,1,,,,1,15,0,1,0,0
1,4,2,1,1,2,FRANCE,PICARDIE,110,2110,BRAINE,rue du pont champlain,256912,,4,VC,,,,,,,,0,0,,1,7,0,1,0,0
1,1,2,1,1,2,FRANCE,PICARDIE,620,2620,PRESLES-ET-BOVES,RD 14,256917,0,3,RD,14,0,2,23,396,0,1,0,0,,1,7,0,1,0,0
1,3,1,2,1,2,FRANCE,PICARDIE,157,2157,CHAMBRY,RUE DESCARTES,256936,0,4,VC,,1,0,,,0,1,,,,1,7,0,1,0,0
3,1,1,1,1,2,FRANCE,PICARDIE,237,2237,CRECY-SUR-SERRE,RD 12,256953,0,3,RD,12,2,0,7,0,0,1,0,0,,1,7,0,1,0,0
1,2,3,1,3,2,FRANCE,PICARDIE,550,2550,NEUVILLE-SUR-AILETTE,RD 19,256968,0,3,RD,19,2,2,17,300,0,1,0,0,,1,7,0,1,0,0
1,1,1,1,2,2,FRANCE,PICARDIE,555,2555,NOGENT-L'ARTAUD,RD 86,256977,0,3,RD,86,2,2,22,0,0,1,0,0,,1,7,0,1,0,0
3,1,1,1,6,2,FRANCE,PICARDIE,095,2095,BOHAIN-EN-VERMANDOIS,RD 960,256995,0,3,RD,960,2,1,7,109,0,1,0,0,,1,7,0,1,0,0
1,4,1,1,1,2,FRANCE,PICARDIE,334,2334,FRESNOY-LE-GRAND,RUE DE LA REPUBLIQUE ,256996,0,4,VC,,2,2,,0,0,4,0,0,,1,7,0,1,0,0
1,3,3,1,6,2,FRANCE,PICARDIE,071,2071,BERNY-RIVIERE,rue de la Fabrique,257013,0,3,RD,91,2,2,1,0,0,1,0,0,,1,7,0,1,0,0
1,2,3,1,6,2,FRANCE,PICARDIE,743,2743,THUEL (LE),RD 594,257018,0,3,RD,594,2,0,2,970,0,1,0,0,,1,7,0,1,0,0
1,4,1,1,7,2,FRANCE,PICARDIE,028,2028,ATHIES-SOUS-LAON,PLACE DU 11 NOVEMBRE,257039,0,4,VC,,0,2,,,0,1,,,,1,7,0,1,0,0
1,7,3,1,3,2,FRANCE,PICARDIE,691,2691,SAINT-QUENTIN,chemin de la tombelle,257043,0,4,VC,,2,2,,,0,1,4983661,326811,,1,7,0,1,0,0
1,1,1,1,1,2,FRANCE,PICARDIE,525,2525,MORCOURT,LE MOULIN BRULE,257048,0,5,Hors_reseau,0,2,1,,,3,0,4986467,331072,,1,30,0,1,0,0
1,3,3,1,3,2,FRANCE,PICARDIE,549,2549,NEUVILLE-SAINT-AMAND,CD 12,257064,0,3,RD,12,2,2,35,500,0,1,,,,1,7,0,1,0,0
1,6,6,1,6,2,FRANCE,PICARDIE,722,2722,SOISSONS,BOULEVARD PRESLES,257065,5,4,VC,,2,1,,,1,1,0,0,,1,7,0,1,0,0
1,5,3,1,3,2,FRANCE,PICARDIE,738,2738,TERGNIER,BOULEVARD GAMBETTA,257072,5,4,VC,,2,2,,,0,1,,,,1,7,0,1,0,0
1,6,3,7,1,3,FRANCE,AUVERGNE,185,3185,MONTLUCON,RUE PIERRE BROSSOLETTE,257079,0,4,VC,0,2,2,,,0,1,,,,1,7,0,1,0,0
1,5,3,1,7,3,FRANCE,AUVERGNE,321,3321,YZEURE,RUE DES CLADETS,257083,0,4,VC,0,2,2,,,0,1,,,,1,7,0,1,0,0
1,1,1,2,1,3,FRANCE,AUVERGNE,126,3126,HAUTERIVE,RD 131,257092,0,3,RD,131,2,2,0,0,0,1,4608200,344200,,1,7,0,1,0,0
1,5,1,1,7,3,FRANCE,AUVERGNE,321,3321,YZEURE,RUE DE LA BAIGNEUSE,257130,0,4,VC,0,2,2,,,0,1,,,,1,2,0,1,0,0
1,1,3,1,1,3,FRANCE,AUVERGNE,306,3306,VERNET (LE),RD 175,257143,0,3,RD,175,2,2,1,980,0,1,0,0,,1,7,0,1,0,0
1,5,1,1,1,3,FRANCE,AUVERGNE,095,3095,CUSSET,RUE NOTRE DAME DES PRES,257149,0,4,VC,0,2,2,,,0,1,,,,1,7,0,1,0,0
1,5,1,1,3,3,FRANCE,AUVERGNE,095,3095,CUSSET,ALLEE MESDAMES,257152,0,4,VC,0,2,2,,,0,1,,,,1,7,0,1,0,0
1,6,2,1,1,3,FRANCE,AUVERGNE,185,3185,MONTLUCON,IMPASSE BEAUMARCHAIS,257156,0,4,VC,0,2,2,,,0,1,,,,1,7,0,1,0,0
1,6,3,1,2,3,FRANCE,AUVERGNE,310,3310,VICHY,AVENUE DU PRESIDENT DOUMER,257159,0,4,VC,0,2,2,,,0,1,,,,1,30,0,0,0,1
1,3,1,1,3,3,FRANCE,AUVERGNE,306,3306,VERNET (LE),RD 121,257189,0,3,RD,121,2,0,5,500,0,1,0,0,,1,7,0,1,0,0
1,6,6,1,3,3,FRANCE,AUVERGNE,185,3185,MONTLUCON,RUE VICTOR HUGO,257194,5,4,VC,0,2,2,,,0,1,,,,1,7,0,1,0,0
1,1,1,1,1,3,FRANCE,AUVERGNE,200,3200,NEUVY,RD 945,257200,0,3,RD,945,2,0,84,600,0,1,4656000,328700,,1,7,0,1,0,0
5,6,2,2,3,3,FRANCE,AUVERGNE,185,3185,MONTLUCON,AVENUE ALBERT THOMAS,257216,5,4,VC,0,2,2,,,0,1,,,,1,7,0,1,0,0
1,6,1,1,1,3,FRANCE,AUVERGNE,310,3310,VICHY,RUE JEAN JAURES,257218,0,4,VC,0,2,2,,,0,1,,,,1,7,0,1,0,0
1,5,1,1,3,3,FRANCE,AUVERGNE,023,3023,BELLERIVE-SUR-ALLIER,AVENUE DE VICHY,257220,0,2,RN,0,2,2,17,300,1,1,,,,1,7,0,1,0,0
5,6,3,1,3,3,FRANCE,AUVERGNE,185,3185,MONTLUCON,AVENUE DE LA REPUBLIQUE,257242,0,4,VC,0,2,2,,,0,1,,,,1,7,0,1,0,0
5,6,1,1,3,3,FRANCE,AUVERGNE,190,3190,MOULINS,PLACE HALLES,257245,0,4,VC,0,2,2,,,0,1,,,,1,7,0,1,0,0
1,6,3,2,3,3,FRANCE,AUVERGNE,190,3190,MOULINS,RUE PARIS,257246,0,4,VC,0,2,2,,,0,1,,,,1,7,0,1,0,0
1,6,2,1,3,3,FRANCE,AUVERGNE,185,3185,MONTLUCON,AVENUE JEAN NEGRE,257256,0,4,VC,0,2,4,,,0,1,,,,1,7,0,1,0,0
1,5,1,1,1,3,FRANCE,AUVERGNE,095,3095,CUSSET,RUE DU GENERAL RAYNAL,257267,0,3,RD,0,2,2,0,505,0,1,,,,1,7,0,1,0,0
1,1,1,1,2,3,FRANCE,AUVERGNE,269,3269,SAUVAGNY,RD 94,257395,0,3,RD,94,2,2,0,0,0,1,4644900,281700,,1,7,0,1,0,0
1,4,1,1,1,3,FRANCE,AUVERGNE,036,3036,BOURBON-L'ARCHAMBAULT,RD 953,257421,5,3,RD,953,2,2,0,0,0,1,0,0,,1,7,0,1,0,0
1,3,1,1,3,3,FRANCE,AUVERGNE,156,3156,LUSIGNY,RD 405,257442,0,3,RD,405,2,2,1,600,0,1,4659500,349000,,1,7,0,1,0,0
1,1,1,1,3,3,FRANCE,AUVERGNE,281,3281,THEIL (LE),RD 1,257444,0,3,RD,1,2,2,13,700,0,1,0,0,,1,15,0,1,0,0
1,1,1,1,3,3,FRANCE,AUVERGNE,253,3253,SAINT-POURCAIN-SUR-BESBRE,RD 296,257474,0,3,RD,296,2,2,7,957,0,1,0,0,,1,7,0,1,0,0
1,1,2,1,3,3,FRANCE,AUVERGNE,246,3246,SAINT-MARTINIEN,RD 242,257476,0,3,RD,242,2,2,3,20,0,1,0,0,,1,7,0,1,0,0
1,1,1,1,7,3,FRANCE,AUVERGNE,008,3008,ARRONNES,RD 995,257479,0,3,RD,995,2,2,15,950,0,1,0,0,,1,,0,1,0,0
1,5,6,1,2,3,FRANCE,AUVERGNE,321,3321,YZEURE,RUE ALBERT CAMUS,257526,5,3,RD,0,2,2,,,0,0,,,,1,7,0,1,0,0
1,1,1,1,2,3,FRANCE,AUVERGNE,207,3207,PIERREFITTE-SUR-LOIRE,RD 779,257548,0,3,RD,779,2,2,46,710,0,1,0,0,,1,7,0,1,0,0
1,6,1,1,6,3,FRANCE,AUVERGNE,185,3185,MONTLUCON,BOULEVARD SALVADOR ALLENDE,257553,0,4,VC,0,3,4,0,0,0,1,,,,1,,0,0,0,1
1,6,1,8,7,3,FRANCE,AUVERGNE,310,3310,VICHY,PLACE DE LA GARE,257571,0,3,RD,326,2,2,0,1020,0,1,0,0,,1,,0,1,0,0
1,6,1,1,3,3,FRANCE,AUVERGNE,310,3310,VICHY,BOULEVARD DES ETATS UNIS,257595,0,4,VC,0,2,2,0,0,0,1,,,,1,7,0,1,0,0
1,6,2,1,3,3,FRANCE,AUVERGNE,310,3310,VICHY,RUE JEAN JAURES,257611,5,4,VC,0,2,3,0,0,0,1,,,,1,7,0,1,0,0
1,3,1,1,1,3,FRANCE,AUVERGNE,093,3093,CREUZIER-LE-NEUF,RD 2209,257620,0,3,RD,2209,2,2,26,300,0,1,0,0,,1,38,0,1,0,0
1,6,4,2,3,3,FRANCE,AUVERGNE,310,3310,VICHY,AVENUE DES CELESTINS,257682,5,4,VC,0,2,2,0,0,0,1,,,,1,7,0,1,0,0
1,6,1,1,6,3,FRANCE,AUVERGNE,310,3310,VICHY,BOULEVARD MARECHAL DE LATTRE DE TASSIGNY,257685,0,4,VC,0,2,1,0,0,1,5,,,,1,,0,0,0,1
1,5,1,1,3,3,FRANCE,AUVERGNE,118,3118,GANNAT,VC 1,257698,0,4,VC,1,2,0,0,0,0,1,0,0,,1,7,0,1,0,0
1,6,3,1,3,3,FRANCE,AUVERGNE,185,3185,MONTLUCON,RUE DES MARINIERS,257707,0,4,VC,0,1,1,0,0,0,0,,,,1,10,0,1,0,0
1,6,4,1,3,3,FRANCE,AUVERGNE,310,3310,VICHY,SQUARE CHARLES LOUIS PHILIPPE,257709,5,4,VC,0,1,1,0,0,0,1,,,,1,7,0,1,0,0
1,5,1,7,2,3,FRANCE,AUVERGNE,082,3082,COMMENTRY,Autre 0,257714,0,9,Autre,0,2,0,0,0,0,1,0,0,,1,10,0,1,0,0
1,1,3,1,3,3,FRANCE,AUVERGNE,052,3052,CHAMBLET,RD 39,257728,0,3,RD,39,2,0,1,500,0,1,0,0,,1,7,0,1,0,0
1,1,1,1,1,3,FRANCE,AUVERGNE,201,3201,NIZEROLLES,VC 0,257737,0,4,VC,0,2,2,0,0,0,1,0,0,,1,7,0,1,0,0
1,1,1,1,3,3,FRANCE,AUVERGNE,104,3104,DOYET,RD 38,257738,0,3,RD,38,2,2,0,700,0,1,0,0,,1,7,0,1,0,0
5,6,1,1,3,3,FRANCE,AUVERGNE,190,3190,MOULINS,AVENUE DU PROFESSEUR ETIENNE SORREL,257753,0,4,VC,0,2,2,0,0,0,1,,,,1,7,0,1,0,0
5,5,6,1,3,3,FRANCE,AUVERGNE,023,3023,BELLERIVE-SUR-ALLIER,AVENUE FERNAND AUBERGER,257760,5,3,RD,1093,3,2,0,0,0,1,,,,1,7,0,1,0,0
1,1,1,1,2,3,FRANCE,AUVERGNE,085,3085,COULANDON,RD 945,257793,0,3,RD,945,2,0,83,500,0,1,4655800,327000,,1,7,0,1,0,0
1,3,1,1,5,3,FRANCE,AUVERGNE,045,3045,BUSSET,RD 121,257831,0,3,RD,121,2,0,0,0,0,1,4606600,350500,,1,7,0,1,0,0
1,1,1,1,3,3,FRANCE,AUVERGNE,235,3235,SAINT-GERAND-LE-PUY,RD 906,257854,0,3,RD,906,2,0,0,0,0,1,4624400,351800,,1,33,0,1,0,0
1,3,1,1,6,3,FRANCE,AUVERGNE,262,3262,SAINT-VICTOR,rue de THIZON,257859,0,4,VC,0,2,1,,,0,1,,,,1,7,0,1,0,0
5,6,2,1,3,3,FRANCE,AUVERGNE,185,3185,MONTLUCON,AVENUE DE LA REPUBLIQUE,257870,0,4,VC,0,1,2,,,0,1,,,,1,7,0,1,0,0
1,4,1,1,1,4,FRANCE,PROVENCE-ALPES-COTE-D'AZUR,149,4149,PEYRUIS,RN 96,257924,5,2,RN,96,2,0,0,0,0,1,0,0,,1,7,0,1,0,0
1,1,1,1,3,4,FRANCE,PROVENCE-ALPES-COTE-D'AZUR,198,4198,SAINT-VINCENT-LES-FORTS,RD 900,257931,0,3,RD,900,2,0,56,200,0,1,0,0,,1,7,0,1,0,0
1,1,1,1,1,4,FRANCE,PROVENCE-ALPES-COTE-D'AZUR,096,4096,JAUSIERS,VC 0,257965,0,4,VC,0,2,2,0,0,0,1,0,0,,1,7,0,1,0,0
1,1,1,1,6,4,FRANCE,PROVENCE-ALPES-COTE-D'AZUR,145,4145,PEIPIN,RD 101,257968,2,3,RD,101,2,2,0,0,0,3,0,0,,1,,0,1,0,0
1,5,1,1,7,4,FRANCE,PROVENCE-ALPES-COTE-D'AZUR,070,4070,DIGNE-LES-BAINS,AVENUE DU COLONEL NOEL,257971,0,2,RN,0,3,2,,,0,1,,,,1,,0,1,0,0
1,1,1,1,3,4,FRANCE,PROVENCE-ALPES-COTE-D'AZUR,086,4086,FAUCON-DE-BARCELONNETTE,RD 900,257975,0,3,RD,900,2,0,88,0,0,1,4439500,668600,,1,15,0,1,0,0
1,3,1,1,1,4,FRANCE,PROVENCE-ALPES-COTE-D'AZUR,108,4108,MALIJAI,RN 85,257995,0,2,RN,85,2,0,0,0,0,1,0,0,,1,7,0,1,0,0
2,4,1,1,1,4,FRANCE,PROVENCE-ALPES-COTE-D'AZUR,149,4149,PEYRUIS,Autre 0,257996,0,9,Autre,0,2,2,0,0,0,1,0,0,,1,7,0,1,0,0
1,1,1,1,2,4,FRANCE,PROVENCE-ALPES-COTE-D'AZUR,104,4104,LIMANS,RD 950,257997,0,3,RD,950,2,2,33,900,0,1,0,0,,1,7,0,1,0,0
1,1,1,1,2,4,FRANCE,PROVENCE-ALPES-COTE-D'AZUR,096,4096,JAUSIERS,VC 1,258032,0,4,VC,1,2,2,0,0,0,1,4441200,675500,,1,10,0,1,0,0
1,2,1,1,3,4,FRANCE,PROVENCE-ALPES-COTE-D'AZUR,041,4041,CASTELLET (LE),RD 12,258047,0,3,RD,12,2,2,0,0,0,1,0,0,,1,7,0,1,0,0
1,3,6,1,3,4,FRANCE,PROVENCE-ALPES-COTE-D'AZUR,108,4108,MALIJAI,RD 4,258048,5,3,RD,4,4,2,54,200,0,1,0,0,,1,7,0,1,0,0
1,4,1,2,3,4,FRANCE,PROVENCE-ALPES-COTE-D'AZUR,049,4049,CHATEAU-ARNOUX-SAINT-AUBAN,RD 4085,258054,0,3,RD,4085,2,2,0,0,0,1,0,0,,1,7,0,1,0,0
1,5,9,1,1,4,FRANCE,PROVENCE-ALPES-COTE-D'AZUR,112,4112,MANOSQUE,AVENUE DE VOLX,258077,0,4,VC,0,2,2,,,0,1,,,,1,7,0,1,0,0
1,5,3,1,3,4,FRANCE,PROVENCE-ALPES-COTE-D'AZUR,112,4112,MANOSQUE,MONTEE DE LA MORT D'IMBERT,258101,0,3,RD,0,2,0,,,0,1,,,,1,7,0,1,0,0
1,5,1,1,7,4,FRANCE,PROVENCE-ALPES-COTE-D'AZUR,070,4070,DIGNE-LES-BAINS,ROUTE NAPOLEON,258118,0,2,RN,0,3,2,,,1,5,,,,1,,0,1,0,0
3,3,1,1,1,4,FRANCE,PROVENCE-ALPES-COTE-D'AZUR,045,4045,CERESTE,VC 0,258151,0,4,VC,0,2,2,0,0,0,1,0,0,,1,2,0,1,0,0
1,1,1,1,7,4,FRANCE,PROVENCE-ALPES-COTE-D'AZUR,124,4124,MONTAGNAC-MONTPEZAT,RD 211,258159,0,3,RD,211,2,0,4,700,0,1,4375180,609847,,1,,0,1,0,0
1,3,1,1,1,4,FRANCE,PROVENCE-ALPES-COTE-D'AZUR,226,4226,UVERNET-FOURS,RD 109,258168,0,3,RD,109,2,1,10,820,0,1,4437100,660307,,1,7,0,1,0,0