lum,agg,int,atm,col,dep_bis,pays,region,com_bis,com_codeINSEE,communes,N_voie,numac,infra,catr,type_route,voie,circ,nbv,pr,pr1,vosp,situ,lat,long,adr,accident_velo,vehicule_imp,cycl_mort,cycl_bgv,cycl_blg,cycl_indm
1,2,1,1,1,4,FRANCE,PROVENCE-ALPES-COTE-D'AZUR,236,4236,VERGONS,RN 202,258173,0,2,RN,202,2,2,25,131,0,1,4391700,658900,,1,7,0,1,0,0
1,4,1,1,3,4,FRANCE,PROVENCE-ALPES-COTE-D'AZUR,197,4197,SAINTE-TULLE,RD 4096,258203,0,3,RD,4096,2,2,0,0,0,1,0,0,,1,7,0,1,0,0
1,2,1,1,6,4,FRANCE,PROVENCE-ALPES-COTE-D'AZUR,222,4222,TURRIERS,VC 0,258208,0,4,VC,0,2,2,0,0,0,3,4440300,617100,,1,,0,1,0,0
1,1,1,1,3,4,FRANCE,PROVENCE-ALPES-COTE-D'AZUR,237,4237,VERNET (LE),RD 457,258221,0,3,RD,457,2,0,0,0,0,1,0,0,,1,7,0,1,0,0
1,1,1,1,1,4,FRANCE,PROVENCE-ALPES-COTE-D'AZUR,035,4035,BRUNET,RD 907,258256,0,3,RD,907,2,2,29,400,0,1,0,0,,1,7,0,1,0,0
1,1,1,1,3,4,FRANCE,PROVENCE-ALPES-COTE-D'AZUR,226,4226,UVERNET-FOURS,RD 908,258266,0,3,RD,908,2,2,62,300,0,1,0,0,,1,33,0,1,0,0
1,1,1,1,3,4,FRANCE,PROVENCE-ALPES-COTE-D'AZUR,039,4039,CASTELLANE,RD 952,258270,0,3,RD,952,2,2,0,0,0,1,4383700,648300,,1,33,0,1,0,0
1,4,1,1,3,4,FRANCE,PROVENCE-ALPES-COTE-D'AZUR,088,4088,FORCALQUIER,VC 0,258286,5,4,VC,0,2,2,0,0,0,1,0,0,,1,7,0,1,0,0
1,4,1,1,1,5,FRANCE,PROVENCE-ALPES-COTE-D'AZUR,070,5070,LARAGNE-MONTEGLIN,VC 0,258319,0,4,VC,0,2,2,0,0,0,1,4432400,581800,,1,10,0,1,0,0
1,1,1,1,3,5,FRANCE,PROVENCE-ALPES-COTE-D'AZUR,011,5011,AVANCON,RD 942,258320,0,3,RD,942,0,0,0,0,0,0,0,0,,1,7,0,1,0,0
1,3,1,1,3,5,FRANCE,PROVENCE-ALPES-COTE-D'AZUR,145,5145,SAINT-JEAN-SAINT-NICOLAS,RD 944,258332,0,3,RD,944,2,2,18,230,0,1,0,0,,1,7,0,1,0,0
1,1,1,1,2,5,FRANCE,PROVENCE-ALPES-COTE-D'AZUR,017,5017,BATIE-NEUVE (LA),RD 94,258341,0,3,RD,94,2,0,77,900,0,1,4457700,617500,,1,7,0,1,0,0
1,4,1,1,3,5,FRANCE,PROVENCE-ALPES-COTE-D'AZUR,070,5070,LARAGNE-MONTEGLIN,RD 942,258352,0,3,RD,942,2,2,0,0,0,1,0,0,,1,7,0,1,0,0
1,1,1,1,3,5,FRANCE,PROVENCE-ALPES-COTE-D'AZUR,017,5017,BATIE-NEUVE (LA),RD 94,258357,5,3,RD,94,2,0,80,119,0,1,4456600,619900,,1,7,0,1,0,0
2,6,3,1,3,5,FRANCE,PROVENCE-ALPES-COTE-D'AZUR,061,5061,GAP,AVENUE COMMANDANT DUMONT,258431,0,2,RN,85,2,3,36,580,0,1,,,,1,7,0,1,0,0
1,6,6,1,3,5,FRANCE,PROVENCE-ALPES-COTE-D'AZUR,061,5061,GAP,BOULEVARD DE L'ORIENT,258488,0,4,VC,0,2,2,0,1,0,1,,,,1,7,0,1,0,0
1,1,1,7,2,5,FRANCE,PROVENCE-ALPES-COTE-D'AZUR,084,5084,MONTGARDIN,RD 94,258489,0,3,RD,94,2,2,83,500,0,1,4456000,623700,,1,7,0,1,0,0
1,4,1,2,3,5,FRANCE,PROVENCE-ALPES-COTE-D'AZUR,179,5179,VEYNES,RD 994,258510,0,3,RD,994,2,2,44,426,0,1,0,0,,1,14,0,1,0,0
1,5,6,2,3,5,FRANCE,PROVENCE-ALPES-COTE-D'AZUR,046,5046,EMBRUN,RN 2094,258515,5,2,RN,2094,2,2,111,565,0,1,0,0,,1,7,0,1,0,0
1,3,4,1,3,5,FRANCE,PROVENCE-ALPES-COTE-D'AZUR,162,5162,SAULCE (LA),VC 0,258519,,4,VC,0,2,2,0,1,,,0,0,,1,10,0,1,0,0
1,6,1,1,3,5,FRANCE,PROVENCE-ALPES-COTE-D'AZUR,061,5061,GAP,RUE FERDINAND BUISSON,258521,0,4,VC,0,1,1,0,1,0,1,,,,1,14,0,1,0,0
1,1,1,1,3,5,FRANCE,PROVENCE-ALPES-COTE-D'AZUR,179,5179,VEYNES,RD 994,258526,5,3,RD,994,3,2,46,665,0,1,0,0,,1,10,0,1,0,0
1,5,3,1,3,5,FRANCE,PROVENCE-ALPES-COTE-D'AZUR,023,5023,BRIANCON,AVENUE DE SAVOIE,258527,0,3,RD,1091,2,2,46,10,0,1,,,,1,7,0,1,0,0
1,6,6,1,3,5,FRANCE,PROVENCE-ALPES-COTE-D'AZUR,061,5061,GAP,ROUTE DES EYSSAGNIERES,258546,5,3,RD,291,2,2,2,267,0,1,,,,1,7,0,1,0,0
1,1,3,1,3,5,FRANCE,PROVENCE-ALPES-COTE-D'AZUR,139,5139,SAINT-ETIENNE-EN-DEVOLUY,RD 17,258557,0,3,RD,17,2,2,21,770,0,1,0,0,,1,7,0,1,0,0
1,6,6,1,3,5,FRANCE,PROVENCE-ALPES-COTE-D'AZUR,061,5061,GAP,D994,258567,0,3,RD,994,2,2,68,790,0,1,,,,1,7,0,1,0,0
1,1,1,1,2,5,FRANCE,PROVENCE-ALPES-COTE-D'AZUR,133,5133,SAINT-CHAFFREY,RD 1091,258581,0,3,RD,1091,2,2,44,370,0,1,4492766,659929,,1,10,0,1,0,0
1,5,1,1,2,5,FRANCE,PROVENCE-ALPES-COTE-D'AZUR,023,5023,BRIANCON,AVENUE DU GENERAL DE GAULLE,258590,0,3,RD,136,2,3,0,690,0,1,4489477,663317,,1,7,0,1,0,0
1,5,3,1,1,5,FRANCE,PROVENCE-ALPES-COTE-D'AZUR,023,5023,BRIANCON,AVENUE DU PROFESSEUR FORGUES,258592,0,2,RN,94,2,2,160,656,0,1,4490562,662940,,1,7,0,1,0,0
1,6,1,1,1,5,FRANCE,PROVENCE-ALPES-COTE-D'AZUR,061,5061,GAP,ROUTE DE LA DESCENTE,258595,0,4,VC,,2,2,,,2,1,4457453,608263,,1,7,0,1,0,0
1,6,6,1,3,5,FRANCE,PROVENCE-ALPES-COTE-D'AZUR,061,5061,GAP,AVENUE FRANCOIS MITTERAND,258596,5,2,RN,85,1,1,39,690,2,,4454554,606291,,1,7,0,1,0,0
1,6,1,1,3,5,FRANCE,PROVENCE-ALPES-COTE-D'AZUR,061,5061,GAP,AVENUE COMMANDANT DUMONT,258600,0,2,RN,85,2,3,37,105,0,1,4456270,608388,,1,33,0,1,0,0
1,1,3,1,2,5,FRANCE,PROVENCE-ALPES-COTE-D'AZUR,174,5174,VAL-DES-PRES,RN 94,258611,5,2,RN,94,2,3,164,694,0,1,4491276,667196,,1,7,0,1,0,0
1,1,1,1,2,6,FRANCE,PROVENCE-ALPES-COTE-D'AZUR,004,6004,ANTIBES,RD 0,258615,0,3,RD,0,2,1,1,0,0,1,,,,1,18,0,1,0,0
1,6,1,1,2,6,FRANCE,PROVENCE-ALPES-COTE-D'AZUR,123,6123,SAINT-LAURENT-DU-VAR,RN 98,258676,0,2,RN,0,1,4,,,0,1,,,,1,7,0,1,0,0
1,9,7,1,3,6,FRANCE,PROVENCE-ALPES-COTE-D'AZUR,088,6088,NICE,RUE ARSON,258705,0,4,VC,0,1,3,,,3,1,,,,1,7,0,1,0,0
1,9,2,1,3,6,FRANCE,PROVENCE-ALPES-COTE-D'AZUR,088,6088,NICE,RUE PASTORELLI,258745,0,4,VC,0,1,2,,,0,1,,,,1,7,0,1,0,0
1,7,2,1,1,6,FRANCE,PROVENCE-ALPES-COTE-D'AZUR,004,6004,ANTIBES,BOULEVARD DE LA GAROUPE ,258787,0,4,VC,0,2,2,1,0,0,1,,,,1,38,0,1,0,0
1,7,1,1,1,6,FRANCE,PROVENCE-ALPES-COTE-D'AZUR,004,6004,ANTIBES,AVENUE AMIRAL COURBET,258791,0,4,VC,0,1,2,1,0,0,1,,,,1,7,0,1,0,0
1,7,6,1,6,6,FRANCE,PROVENCE-ALPES-COTE-D'AZUR,004,6004,ANTIBES,BOULEVARD CHARLES GUILLAUMONT,258792,5,4,VC,0,2,2,1,0,0,1,,,,1,,0,1,0,0
1,7,1,1,2,6,FRANCE,PROVENCE-ALPES-COTE-D'AZUR,004,6004,ANTIBES,AVENUE GUY DEMAUPASSANT-JUAN,258793,0,4,VC,0,2,2,1,0,0,1,,,,1,7,0,1,0,0
2,6,1,1,3,6,FRANCE,PROVENCE-ALPES-COTE-D'AZUR,027,6027,CAGNES-SUR-MER,CHEMIN DES GRANDS PLANS ,258809,0,4,VC,0,0,2,,,0,1,,,,1,7,0,1,0,0
1,1,9,1,1,6,FRANCE,PROVENCE-ALPES-COTE-D'AZUR,138,6138,THEOULE-SUR-MER,RD 6098,258850,0,3,RD,6098,2,2,1,500,0,1,0,0,,1,7,0,1,0,0
1,7,1,1,3,6,FRANCE,PROVENCE-ALPES-COTE-D'AZUR,004,6004,ANTIBES,AVENUE DE NICE,258866,0,2,RN,0,2,2,,,0,1,,,,1,7,0,1,0,0
1,7,1,1,2,6,FRANCE,PROVENCE-ALPES-COTE-D'AZUR,004,6004,ANTIBES,GRASSE RTE DE,258867,0,3,RD,0,3,3,,,0,1,,,,1,7,0,1,0,0
1,7,1,1,3,6,FRANCE,PROVENCE-ALPES-COTE-D'AZUR,029,6029,CANNES,QUAI ST PIERRE,258941,0,4,VC,0,2,2,,,0,1,,,,1,7,0,1,0,0
1,7,1,1,3,6,FRANCE,PROVENCE-ALPES-COTE-D'AZUR,029,6029,CANNES,AVENUE DES ANCIENS COMBATTANTS D'AFN,258991,0,4,VC,0,2,4,,,0,1,,,,1,7,0,1,0,0
1,9,1,1,2,6,FRANCE,PROVENCE-ALPES-COTE-D'AZUR,088,6088,NICE,RUE DE FORESTA,259005,0,4,VC,0,1,2,,,0,1,,,,1,7,0,1,0,0
1,1,1,1,1,6,FRANCE,PROVENCE-ALPES-COTE-D'AZUR,033,6033,CARROS,RD 2209,259043,0,3,RD,2209,2,2,0,0,0,1,0,0,,1,20,0,1,0,0
3,1,1,1,7,6,FRANCE,PROVENCE-ALPES-COTE-D'AZUR,009,6009,BAIROLS,RD 56,259054,0,3,RD,56,2,0,0,980,0,3,4398200,713000,,1,,0,1,0,0
1,6,3,1,2,6,FRANCE,PROVENCE-ALPES-COTE-D'AZUR,027,6027,CAGNES-SUR-MER,AVENUE CYRILLE BESSET,259071,5,4,VC,0,1,2,,,0,4,,,,1,7,0,1,0,0
1,1,1,1,2,6,FRANCE,PROVENCE-ALPES-COTE-D'AZUR,088,6088,NICE,BOULEVARD CORNIGLION MOLINIER,259109,0,3,RD,0,3,3,,,0,1,,,,1,38,0,1,0,0
1,1,1,1,1,6,FRANCE,PROVENCE-ALPES-COTE-D'AZUR,039,6039,CHATEAUNEUF-VILLEVIEILLE,VC 1,259116,0,4,VC,1,2,2,1,800,0,1,0,0,,1,10,0,1,0,0
1,7,1,1,3,6,FRANCE,PROVENCE-ALPES-COTE-D'AZUR,004,6004,ANTIBES,CHEMIN DES COMBES,259128,0,4,VC,0,0,1,1,0,0,1,,,,1,10,0,1,0,0
1,1,1,1,2,6,FRANCE,PROVENCE-ALPES-COTE-D'AZUR,088,6088,NICE,PROMENADE DES ANGLAIS,259162,0,4,VC,0,3,8,,,0,1,,,,1,7,0,1,0,0
1,2,1,1,6,6,FRANCE,PROVENCE-ALPES-COTE-D'AZUR,905,6905,BELLEVILLE,RD 6204,259187,0,3,RD,6204,2,0,0,0,0,1,0,0,,1,,0,1,0,0
1,7,1,1,6,6,FRANCE,PROVENCE-ALPES-COTE-D'AZUR,004,6004,ANTIBES,BOULEVARD CHANCEL ,259193,0,4,VC,0,2,2,,,0,1,,,,1,7,0,1,0,0
1,9,2,1,3,6,FRANCE,PROVENCE-ALPES-COTE-D'AZUR,088,6088,NICE,AVENUE MARECHAL FOCH,259228,0,4,VC,0,1,1,,,0,1,,,,1,7,0,1,0,0
1,1,6,1,3,6,FRANCE,PROVENCE-ALPES-COTE-D'AZUR,079,6079,MANDELIEU-LA-NAPOULE,RD 60098,259287,5,3,RD,60098,0,0,0,0,1,1,0,0,,1,7,0,1,0,0
1,1,6,1,1,6,FRANCE,PROVENCE-ALPES-COTE-D'AZUR,079,6079,MANDELIEU-LA-NAPOULE,VC 0,259311,0,4,VC,0,2,0,0,0,0,1,0,0,,1,7,0,1,0,0
1,6,3,1,3,6,FRANCE,PROVENCE-ALPES-COTE-D'AZUR,027,6027,CAGNES-SUR-MER,BOULEVARD DE LA PLAGE,259333,0,3,RD,0,3,2,,,0,1,,,,1,7,0,1,0,0
5,9,1,1,5,6,FRANCE,PROVENCE-ALPES-COTE-D'AZUR,088,6088,NICE,RUE DE RIVOLI,259370,0,4,VC,0,1,3,,,0,1,,,,1,7,0,1,0,0
1,1,9,1,3,6,FRANCE,PROVENCE-ALPES-COTE-D'AZUR,059,6059,EZE,RD 6098,259377,0,3,RD,6098,2,2,52,550,0,1,0,0,,1,7,0,1,0,0
5,5,1,2,3,6,FRANCE,PROVENCE-ALPES-COTE-D'AZUR,090,6090,PEGOMAS,RD 9,259431,5,3,RD,9,2,0,0,0,0,1,0,0,,1,7,0,1,0,0
1,6,1,1,2,6,FRANCE,PROVENCE-ALPES-COTE-D'AZUR,123,6123,SAINT-LAURENT-DU-VAR,RD 98,259461,0,2,RN,0,1,3,,,0,1,,,,1,7,0,1,0,0
1,9,1,1,3,6,FRANCE,PROVENCE-ALPES-COTE-D'AZUR,088,6088,NICE,PROMENADE DES ANGLAIS,259475,0,4,VC,0,1,5,,,0,1,,,,1,32,0,0,0,1
1,9,1,1,2,6,FRANCE,PROVENCE-ALPES-COTE-D'AZUR,088,6088,NICE,PROMENADE DES ANGLAIS,259486,0,3,RD,0,2,1,,,1,4,,,,1,,0,1,0,0
1,7,1,1,3,6,FRANCE,PROVENCE-ALPES-COTE-D'AZUR,029,6029,CANNES,BOULEVARD CARNOT,259526,5,4,VC,0,2,4,,,0,1,,,,1,30,0,1,0,0
1,7,3,1,3,6,FRANCE,PROVENCE-ALPES-COTE-D'AZUR,004,6004,ANTIBES,AVENUE MARECHAL JUIN,259564,0,4,VC,0,2,2,1,0,0,1,,,,1,7,0,1,0,0
1,6,1,1,5,6,FRANCE,PROVENCE-ALPES-COTE-D'AZUR,123,6123,SAINT-LAURENT-DU-VAR,RD 98,259583,0,2,RN,0,3,2,,,0,1,,,,1,30,0,1,0,0
1,9,1,1,3,6,FRANCE,PROVENCE-ALPES-COTE-D'AZUR,088,6088,NICE,PROMENADE DES ANGLAIS,259695,0,3,RD,0,1,3,,,0,1,,,,1,7,0,1,0,0
1,1,1,1,7,6,FRANCE,PROVENCE-ALPES-COTE-D'AZUR,043,6043,COARAZE,RD 15,259701,0,3,RD,15,2,1,18,500,0,1,0,0,,1,,0,1,0,0
1,4,1,1,3,6,FRANCE,PROVENCE-ALPES-COTE-D'AZUR,122,6122,SAINT-JEANNET,VC 0,259710,0,4,VC,0,2,0,0,0,0,1,4375100,714300,,1,10,0,1,0,0
2,5,1,1,6,6,FRANCE,PROVENCE-ALPES-COTE-D'AZUR,152,6152,VALBONNE,VC 0,259717,0,4,VC,0,2,1,0,0,0,1,4364500,702600,,1,,0,1,0,0
1,6,2,1,3,6,FRANCE,PROVENCE-ALPES-COTE-D'AZUR,027,6027,CAGNES-SUR-MER,AVENUE DE LA GARE ,259724,5,4,VC,0,2,3,0,260,0,1,,,,1,7,0,1,0,0
1,6,1,1,3,6,FRANCE,PROVENCE-ALPES-COTE-D'AZUR,083,6083,MENTON,AVENUE DU GENERAL DE GAULLE,259748,0,2,RN,0,1,3,,,0,1,,,,1,7,0,1,0,0
1,1,1,1,6,6,FRANCE,PROVENCE-ALPES-COTE-D'AZUR,120,6120,SAINT-ETIENNE-DE-TINEE,RD 39,259783,0,3,RD,39,2,0,0,0,0,3,4423900,694000,,1,,0,1,0,0
1,1,1,1,3,6,FRANCE,PROVENCE-ALPES-COTE-D'AZUR,152,6152,VALBONNE,RD 3,259786,5,3,RD,3,2,0,0,0,0,1,4364800,701400,,1,14,0,1,0,0
1,7,3,1,3,6,FRANCE,PROVENCE-ALPES-COTE-D'AZUR,004,6004,ANTIBES,RD 6007,259788,5,3,RD,0,3,4,1,0,0,1,,,,1,7,0,1,0,0
1,9,1,1,3,6,FRANCE,PROVENCE-ALPES-COTE-D'AZUR,088,6088,NICE,RD 6202,259825,0,3,RD,0,1,2,,,0,1,,,,1,7,0,1,0,0
1,6,1,1,3,6,FRANCE,PROVENCE-ALPES-COTE-D'AZUR,123,6123,SAINT-LAURENT-DU-VAR,RD 98,259832,0,2,RN,0,3,3,,,0,1,,,,1,7,0,1,0,0
1,3,1,1,2,6,FRANCE,PROVENCE-ALPES-COTE-D'AZUR,039,6039,CHATEAUNEUF-VILLEVIEILLE,RD 815,259833,0,3,RD,815,2,2,4,630,0,1,4381100,729800,,1,7,0,1,0,0
1,5,1,1,3,6,FRANCE,PROVENCE-ALPES-COTE-D'AZUR,044,6044,COLLE-SUR-LOUP (LA),RD 6,259838,0,3,RD,6,2,0,2,0,1,1,0,0,,1,7,0,1,0,0
1,1,1,1,1,6,FRANCE,PROVENCE-ALPES-COTE-D'AZUR,128,6128,SAINT-PAUL,RD 36,259843,0,3,RD,36,2,2,0,1000,0,1,0,0,,1,33,0,1,0,0
1,6,1,1,3,6,FRANCE,PROVENCE-ALPES-COTE-D'AZUR,027,6027,CAGNES-SUR-MER,CHEMIN DES MASSENET ,259864,0,4,VC,0,1,1,,,0,1,,,,1,7,0,1,0,0
1,6,1,1,6,6,FRANCE,PROVENCE-ALPES-COTE-D'AZUR,030,6030,CANNET (LE),CHEMIN DES FADES,259876,0,4,VC,0,2,2,,,0,1,,,,1,,0,0,0,1
1,7,1,1,2,6,FRANCE,PROVENCE-ALPES-COTE-D'AZUR,004,6004,ANTIBES,AVENUE CANNES,259913,0,2,RN,0,0,2,,,0,1,,,,1,7,0,1,0,0
1,7,1,1,2,6,FRANCE,PROVENCE-ALPES-COTE-D'AZUR,004,6004,ANTIBES,AVENUE NICE,259914,0,2,RN,0,2,2,,,0,1,,,,1,7,0,1,0,0
1,7,1,1,3,6,FRANCE,PROVENCE-ALPES-COTE-D'AZUR,029,6029,CANNES,AVENUE BACHAGA SAID BOUALAM,259922,0,5,Hors_reseau,0,3,4,,,0,1,,,,1,7,0,1,0,0
1,6,1,1,2,6,FRANCE,PROVENCE-ALPES-COTE-D'AZUR,069,6069,GRASSE,ROND-POINT des Quatre Chemins,259927,5,3,RD,0,1,2,,,0,0,,,,1,7,0,1,0,0
1,6,1,1,1,6,FRANCE,PROVENCE-ALPES-COTE-D'AZUR,069,6069,GRASSE,AVENUE MATHIAS DUVAL,259930,0,4,VC,0,2,3,,,0,1,,,,1,7,0,1,0,0
1,6,1,1,2,6,FRANCE,PROVENCE-ALPES-COTE-D'AZUR,027,6027,CAGNES-SUR-MER,BOULEVARD DE LA PLAGE,259971,0,4,VC,0,3,4,,,0,1,,,,1,7,0,1,0,0
2,6,1,1,3,6,FRANCE,PROVENCE-ALPES-COTE-D'AZUR,123,6123,SAINT-LAURENT-DU-VAR,BARONNE ROUTE DE LA,259974,0,4,VC,0,2,2,,,0,1,,,,1,7,0,1,0,0
1,9,1,1,3,6,FRANCE,PROVENCE-ALPES-COTE-D'AZUR,088,6088,NICE,ROUTE DE TURIN,259997,0,4,VC,0,2,2,,,0,1,,,,1,7,0,1,0,0
1,7,1,1,6,6,FRANCE,PROVENCE-ALPES-COTE-D'AZUR,004,6004,ANTIBES,AVENUE DE NICE,260010,0,2,RN,0,2,2,1,0,0,1,,,,1,38,0,1,0,0
1,6,1,1,1,6,FRANCE,PROVENCE-ALPES-COTE-D'AZUR,123,6123,SAINT-LAURENT-DU-VAR,AVENUE DU GENERAL LECLERC,260016,0,4,VC,0,2,2,,,0,1,,,,1,7,0,1,0,0
2,7,1,1,3,6,FRANCE,PROVENCE-ALPES-COTE-D'AZUR,029,6029,CANNES,BOULEBARD VALLOMBROSA,260025,0,4,VC,0,3,4,,,0,1,,,,1,7,0,1,0,0
1,6,2,1,3,6,FRANCE,PROVENCE-ALPES-COTE-D'AZUR,030,6030,CANNET (LE),RUE JULES FERRY,260028,5,4,VC,0,1,2,,,0,1,,,,1,37,0,1,0,1
1,9,1,1,6,6,FRANCE,PROVENCE-ALPES-COTE-D'AZUR,088,6088,NICE,AVENUE VILLERMONT,260047,0,4,VC,0,2,2,,,0,4,,,,1,,0,0,0,1
1,6,1,1,3,6,FRANCE,PROVENCE-ALPES-COTE-D'AZUR,027,6027,CAGNES-SUR-MER,BOULEVARD DU MARECHAL JUIN,260108,0,4,VC,0,1,2,,,0,1,,,,1,7,0,1,0,0
1,6,1,1,6,6,FRANCE,PROVENCE-ALPES-COTE-D'AZUR,069,6069,GRASSE,AVENUE SIDI BRAHIM,260117,0,4,VC,0,2,2,,,0,1,,,,1,7,0,1,0,0
1,6,1,1,3,6,FRANCE,PROVENCE-ALPES-COTE-D'AZUR,123,6123,SAINT-LAURENT-DU-VAR,RD 98,260209,0,4,VC,0,3,5,,,0,1,,,,1,7,0,1,0,0
1,7,1,1,3,6,FRANCE,PROVENCE-ALPES-COTE-D'AZUR,029,6029,CANNES,BOULEVARD DU MIDI,260245,0,2,RN,0,2,2,,,0,1,,,,1,10,0,1,0,0
1,5,1,1,1,6,FRANCE,PROVENCE-ALPES-COTE-D'AZUR,152,6152,VALBONNE,RD 4,260284,0,3,RD,4,2,2,13,5,0,1,0,0,,1,7,0,1,0,0
1,1,1,2,7,6,FRANCE,PROVENCE-ALPES-COTE-D'AZUR,161,6161,VILLENEUVE-LOUBET,RD 6098,260291,0,3,RD,6098,2,2,0,0,1,5,0,0,,1,,0,1,0,0
1,7,1,1,3,6,FRANCE,PROVENCE-ALPES-COTE-D'AZUR,029,6029,CANNES,AVENUE FRANCIS TONNER,260307,0,2,RN,0,2,2,,,0,1,,,,1,7,0,1,0,0
1,6,1,1,1,6,FRANCE,PROVENCE-ALPES-COTE-D'AZUR,083,6083,MENTON,ROUTE DE SOSPEL,260320,0,3,RD,0,3,2,,,0,1,,,,1,7,0,1,0,0
1,9,1,1,6,6,FRANCE,PROVENCE-ALPES-COTE-D'AZUR,088,6088,NICE,RUE ROBERT LATOUCHE,260328,0,3,RD,0,2,2,,,0,1,,,,1,,0,1,0,0
1,7,1,1,3,6,FRANCE,PROVENCE-ALPES-COTE-D'AZUR,004,6004,ANTIBES,CHEMIN DE LA GAROUPE,260334,0,4,VC,0,2,2,1,0,0,1,,,,1,7,0,1,0,0
1,5,1,1,1,6,FRANCE,PROVENCE-ALPES-COTE-D'AZUR,104,6104,ROQUEBRUNE-CAP-MARTIN,AVENUE DE LA COTE D'AZUR,260359,0,3,RD,0,2,2,,,0,1,,,,1,7,0,1,0,0
1,7,1,1,3,6,FRANCE,PROVENCE-ALPES-COTE-D'AZUR,004,6004,ANTIBES,AVENUE DE LA SALIS ,260391,0,3,RD,0,3,3,1,0,0,1,,,,1,7,0,1,0,0
1,6,1,1,2,6,FRANCE,PROVENCE-ALPES-COTE-D'AZUR,123,6123,SAINT-LAURENT-DU-VAR,FLOTS BLEUS PROMENADE DES,260397,0,4,VC,0,1,2,,,0,1,,,,1,,0,0,0,1
1,9,1,1,3,6,FRANCE,PROVENCE-ALPES-COTE-D'AZUR,088,6088,NICE,RUE MARECHAL JOFFRE,260426,0,4,VC,0,1,2,,,0,1,,,,1,14,0,1,0,0
1,7,1,1,7,6,FRANCE,PROVENCE-ALPES-COTE-D'AZUR,029,6029,CANNES,BOULEVARD DE LA REPUBLIQUE,260491,0,4,VC,0,2,2,,,0,1,,,,1,,0,0,0,1
1,7,3,1,3,6,FRANCE,PROVENCE-ALPES-COTE-D'AZUR,004,6004,ANTIBES,AVENUE MARECHAL JUIN,260498,0,4,VC,0,0,2,,,0,1,,,,1,7,0,1,0,0
1,1,1,1,3,6,FRANCE,PROVENCE-ALPES-COTE-D'AZUR,033,6033,CARROS,RD 2209,260528,0,3,RD,2209,2,2,16,0,0,1,0,0,,1,7,0,1,0,0
1,1,9,1,3,6,FRANCE,PROVENCE-ALPES-COTE-D'AZUR,033,6033,CARROS,RD 901,260529,0,3,RD,901,3,2,0,0,1,5,0,0,,1,7,0,1,0,0
1,1,6,1,1,6,FRANCE,PROVENCE-ALPES-COTE-D'AZUR,152,6152,VALBONNE,RD 103,260536,5,3,RD,103,1,2,3,320,0,1,0,0,,1,7,0,1,0,0
1,9,1,1,3,6,FRANCE,PROVENCE-ALPES-COTE-D'AZUR,088,6088,NICE,RUE ABBE GREGOIRE,260571,0,4,VC,0,1,1,,,0,1,,,,1,7,0,1,0,0
1,1,1,1,1,6,FRANCE,PROVENCE-ALPES-COTE-D'AZUR,090,6090,PEGOMAS,RD 38,260600,0,3,RD,38,2,2,17,80,0,0,0,0,,1,7,0,1,0,0
1,1,1,1,1,6,FRANCE,PROVENCE-ALPES-COTE-D'AZUR,004,6004,ANTIBES,RN98 LITTORAL,260648,0,2,RN,0,2,2,,,0,1,,,,1,7,0,1,0,0
1,1,1,1,7,6,FRANCE,PROVENCE-ALPES-COTE-D'AZUR,018,6018,BIOT,VC 0,260678,0,4,VC,0,2,2,0,0,0,1,0,0,,1,,0,1,0,0
1,9,1,1,6,6,FRANCE,PROVENCE-ALPES-COTE-D'AZUR,088,6088,NICE,ANCIEN CHEMIN DE SAINT-PIERRE DE FERIC,260761,0,4,VC,0,2,1,,,0,1,,,,1,7,0,1,0,0
1,5,1,1,1,6,FRANCE,PROVENCE-ALPES-COTE-D'AZUR,079,6079,MANDELIEU-LA-NAPOULE,RD 6092,260794,0,3,RD,6092,1,0,10,150,1,5,4352000,694000,,1,7,0,1,0,0
1,4,1,1,3,6,FRANCE,PROVENCE-ALPES-COTE-D'AZUR,075,6075,LEVENS,VC 0,260832,0,4,VC,0,2,0,0,0,0,1,0,0,,1,33,0,1,0,0
1,3,1,1,1,6,FRANCE,PROVENCE-ALPES-COTE-D'AZUR,138,6138,THEOULE-SUR-MER,RD 6098,260851,0,3,RD,6098,0,0,0,0,0,1,0,0,,1,33,0,1,0,0
1,9,1,1,3,6,FRANCE,PROVENCE-ALPES-COTE-D'AZUR,088,6088,NICE,PLACE DE L'ILE-DE-BEAUTE,260856,0,4,VC,0,2,0,,,0,1,,,,1,7,0,1,0,0
1,4,1,1,1,6,FRANCE,PROVENCE-ALPES-COTE-D'AZUR,091,6091,PEILLE,RD 53,260895,0,3,RD,53,2,2,12,900,0,1,0,0,,1,7,0,1,0,0
1,1,6,1,1,6,FRANCE,PROVENCE-ALPES-COTE-D'AZUR,157,6157,VENCE,RD 2210,260897,0,3,RD,2210,2,0,0,0,0,1,0,0,,1,7,0,1,0,0
1,1,1,1,7,6,FRANCE,PROVENCE-ALPES-COTE-D'AZUR,056,6056,ENTRAUNES,RD 2202,260926,0,3,RD,2202,2,2,14,400,0,1,4419700,674800,,1,,0,1,0,0
1,9,1,1,3,6,FRANCE,PROVENCE-ALPES-COTE-D'AZUR,088,6088,NICE,RUE RAOUL DUFY,260935,0,4,VC,0,2,2,,,0,1,,,,1,7,0,1,0,0
1,9,1,1,2,6,FRANCE,PROVENCE-ALPES-COTE-D'AZUR,088,6088,NICE,BOULEVARD DE CESSOLE,260948,0,4,VC,0,2,1,0,,0,1,,,,1,7,0,1,0,0
1,7,1,1,6,6,FRANCE,PROVENCE-ALPES-COTE-D'AZUR,029,6029,CANNES,AVENUE FRANCIS TONNER,260994,0,4,VC,0,2,2,,,0,1,,,,1,7,0,1,0,0
1,7,2,1,3,6,FRANCE,PROVENCE-ALPES-COTE-D'AZUR,004,6004,ANTIBES,AVENUE NOVEMBRE 11 ,261002,0,3,RD,0,0,0,1,0,2,1,,,,1,7,0,1,0,0