lum,agg,int,atm,col,dep_bis,pays,region,com_bis,com_codeINSEE,communes,N_voie,numac,infra,catr,type_route,voie,circ,nbv,pr,pr1,vosp,situ,lat,long,adr,accident_velo,vehicule_imp,cycl_mort,cycl_bgv,cycl_blg,cycl_indm
1,9,1,1,3,6,FRANCE,PROVENCE-ALPES-COTE-D'AZUR,088,6088,NICE,RUE DE FRANCE,261055,0,4,VC,0,1,2,,,0,1,,,,1,7,0,1,0,0
5,6,1,1,3,6,FRANCE,PROVENCE-ALPES-COTE-D'AZUR,069,6069,GRASSE,AVENUE HONORE LIONS,261073,0,3,RD,0,2,2,,,0,1,,,,1,10,0,1,0,0
1,5,1,1,7,6,FRANCE,PROVENCE-ALPES-COTE-D'AZUR,104,6104,ROQUEBRUNE-CAP-MARTIN,AVENUE ARISTIDE BRIAND,261129,0,4,VC,0,1,1,,,0,1,,,,1,7,0,1,0,0
1,9,1,1,3,6,FRANCE,PROVENCE-ALPES-COTE-D'AZUR,088,6088,NICE,RD 6202,261135,0,3,RD,0,3,4,,,0,1,,,,1,14,0,1,0,0
2,9,1,1,3,6,FRANCE,PROVENCE-ALPES-COTE-D'AZUR,088,6088,NICE,BOULEVARD MAETERLINCK,261156,0,4,VC,0,2,2,,,0,1,,,,1,7,0,1,0,0
1,7,2,1,3,6,FRANCE,PROVENCE-ALPES-COTE-D'AZUR,029,6029,CANNES,AVENUE ISOLA BELLA,261182,0,4,VC,0,1,1,,,0,1,,,,1,7,0,1,0,0
1,7,2,1,3,6,FRANCE,PROVENCE-ALPES-COTE-D'AZUR,004,6004,ANTIBES,BOULEVARD DE LA GAROUPE ,261230,0,4,VC,0,2,2,1,0,0,1,,,,1,7,0,1,0,0
1,1,1,1,1,6,FRANCE,PROVENCE-ALPES-COTE-D'AZUR,140,6140,TIGNET (LE),RD 13,261253,0,3,RD,13,2,2,10,308,0,1,0,0,,1,7,0,1,0,0
1,6,1,1,6,6,FRANCE,PROVENCE-ALPES-COTE-D'AZUR,083,6083,MENTON,QUAI BONAPARTE,261321,0,9,Autre,0,0,2,74,150,0,4,,,,1,,0,0,0,1
1,9,1,1,6,6,FRANCE,PROVENCE-ALPES-COTE-D'AZUR,088,6088,NICE,AVENUE FELIX FAURE,261343,0,4,VC,0,2,2,,,1,1,,,,1,,0,0,0,1
1,5,1,2,1,6,FRANCE,PROVENCE-ALPES-COTE-D'AZUR,044,6044,COLLE-SUR-LOUP (LA),RD 436,261347,0,3,RD,436,3,2,0,0,0,1,4368700,711700,,1,7,0,1,0,0
1,5,1,1,1,6,FRANCE,PROVENCE-ALPES-COTE-D'AZUR,152,6152,VALBONNE,RD 4,261349,0,3,RD,4,2,2,13,200,0,1,0,0,,1,7,0,1,0,0
1,5,1,8,1,6,FRANCE,PROVENCE-ALPES-COTE-D'AZUR,104,6104,ROQUEBRUNE-CAP-MARTIN,AVENUE SYLVIO DE MONLEON,261397,0,3,RD,0,2,2,,,0,1,,,,1,7,0,1,0,0
1,9,1,1,1,6,FRANCE,PROVENCE-ALPES-COTE-D'AZUR,088,6088,NICE,AVENUE DES ARENES DE CIMIEZ,261415,0,4,VC,0,1,1,,,0,1,,,,1,32,0,0,0,1
1,1,1,1,6,6,FRANCE,PROVENCE-ALPES-COTE-D'AZUR,003,6003,ANDON,RD 2,261437,0,3,RD,2,2,1,52,800,0,1,0,0,,1,,0,1,0,0
1,5,1,1,3,6,FRANCE,PROVENCE-ALPES-COTE-D'AZUR,161,6161,VILLENEUVE-LOUBET,RD 6098,261438,0,3,RD,6098,3,3,0,0,1,4,0,0,,1,7,0,1,0,0
5,9,1,1,1,6,FRANCE,PROVENCE-ALPES-COTE-D'AZUR,088,6088,NICE,BOULEVARD LECH WALESA,261460,0,4,VC,0,1,1,,,0,1,,,,1,7,0,1,0,0
1,7,1,7,3,6,FRANCE,PROVENCE-ALPES-COTE-D'AZUR,029,6029,CANNES,SQUARE MISTRAL,261502,0,4,VC,0,2,2,,,0,1,,,,1,7,0,1,0,0
1,9,1,1,3,6,FRANCE,PROVENCE-ALPES-COTE-D'AZUR,088,6088,NICE,RUE DE ROQUEBILLIERE,261524,0,4,VC,0,2,2,,,0,0,,,,1,7,0,1,0,0
1,1,9,1,3,6,FRANCE,PROVENCE-ALPES-COTE-D'AZUR,161,6161,VILLENEUVE-LOUBET,RD 2,261535,0,3,RD,2,2,2,1,120,1,1,4366200,711700,,1,7,0,1,0,0
2,2,1,1,6,6,FRANCE,PROVENCE-ALPES-COTE-D'AZUR,134,6134,SERANON,RD 86,261542,0,3,RD,86,2,2,0,0,0,3,0,0,,1,,0,1,0,0
1,6,1,1,3,6,FRANCE,PROVENCE-ALPES-COTE-D'AZUR,027,6027,CAGNES-SUR-MER,AVENUE DES ALPES,261557,0,4,VC,0,3,4,,,1,1,,,,1,7,0,1,0,0
1,7,1,1,3,6,FRANCE,PROVENCE-ALPES-COTE-D'AZUR,029,6029,CANNES,AVENUE DE GRASSE,261588,0,4,VC,0,2,2,,,0,0,,,,1,7,0,1,0,0
1,1,1,1,3,6,FRANCE,PROVENCE-ALPES-COTE-D'AZUR,088,6088,NICE,RUE DE LEPANTE,261610,0,4,VC,0,1,2,,,0,1,,,,1,7,0,1,0,0
1,1,1,1,1,6,FRANCE,PROVENCE-ALPES-COTE-D'AZUR,148,6148,TOURRETTES-SUR-LOUP,RD 2210,261620,0,3,RD,2210,2,0,0,0,0,1,0,0,,1,7,0,1,0,0
1,7,1,1,2,6,FRANCE,PROVENCE-ALPES-COTE-D'AZUR,029,6029,CANNES,AVENUE DES HESPERIDES,261636,0,4,VC,0,2,2,,,0,1,,,,1,7,0,1,0,0
1,6,1,1,3,6,FRANCE,PROVENCE-ALPES-COTE-D'AZUR,030,6030,CANNET (LE),AVENUE GEORGES POMPIDOU,261639,0,4,VC,0,0,2,,,0,1,,,,1,7,0,1,0,0
5,1,1,1,3,6,FRANCE,PROVENCE-ALPES-COTE-D'AZUR,088,6088,NICE,AVENUE AUBER,261664,0,4,VC,0,2,2,,,0,1,,,,1,7,0,1,0,0
1,9,2,1,3,6,FRANCE,PROVENCE-ALPES-COTE-D'AZUR,088,6088,NICE,RUE PARMENTIER,261666,0,4,VC,0,1,1,,,0,1,,,,1,7,0,1,0,0
1,6,1,1,3,6,FRANCE,PROVENCE-ALPES-COTE-D'AZUR,027,6027,CAGNES-SUR-MER,BOULEVARD DE LA PLAGE,261671,0,4,VC,0,3,4,,,0,1,,,,1,7,0,1,0,0
1,6,1,1,1,6,FRANCE,PROVENCE-ALPES-COTE-D'AZUR,123,6123,SAINT-LAURENT-DU-VAR,AVENUE BERENGER LEON ,261686,0,4,VC,0,1,1,,,0,1,,,,1,7,0,1,0,0
1,1,1,1,3,6,FRANCE,PROVENCE-ALPES-COTE-D'AZUR,088,6088,NICE,BOULEVARD GAMBETTA,261688,0,4,VC,0,2,2,,,0,1,,,,1,33,0,1,0,0
2,5,9,1,3,6,FRANCE,PROVENCE-ALPES-COTE-D'AZUR,018,6018,BIOT,RD 98,261693,0,3,RD,98,2,0,6,500,0,1,0,0,,1,7,0,1,0,0
1,3,1,1,7,6,FRANCE,PROVENCE-ALPES-COTE-D'AZUR,014,6014,BENDEJUN,VC 0,261724,0,4,VC,0,2,1,0,0,0,1,4384100,729500,,1,,0,1,0,0
1,3,1,1,1,6,FRANCE,PROVENCE-ALPES-COTE-D'AZUR,043,6043,COARAZE,RD 15,261727,0,3,RD,15,2,0,0,0,0,1,4387100,729400,,1,7,0,1,0,0
1,5,1,1,3,6,FRANCE,PROVENCE-ALPES-COTE-D'AZUR,044,6044,COLLE-SUR-LOUP (LA),RD 6,261756,0,3,RD,6,2,2,0,0,0,1,0,0,,1,7,0,1,0,0
1,5,1,1,1,6,FRANCE,PROVENCE-ALPES-COTE-D'AZUR,079,6079,MANDELIEU-LA-NAPOULE,RD 6098,261759,0,3,RD,6098,2,2,10,50,0,1,4352900,694300,,1,7,0,1,0,0
1,1,1,1,1,6,FRANCE,PROVENCE-ALPES-COTE-D'AZUR,157,6157,VENCE,RD 2,261770,0,3,RD,2,2,2,22,200,0,0,0,0,,1,7,0,1,0,0
1,5,9,1,1,6,FRANCE,PROVENCE-ALPES-COTE-D'AZUR,157,6157,VENCE,RD 2,261774,0,3,RD,2,2,0,0,0,0,1,0,0,,1,7,0,1,0,0
1,7,1,1,3,6,FRANCE,PROVENCE-ALPES-COTE-D'AZUR,004,6004,ANTIBES,AVENUE DE VERDUN,261824,0,4,VC,0,3,2,,,1,5,,,,1,7,0,1,0,0
1,7,1,1,3,6,FRANCE,PROVENCE-ALPES-COTE-D'AZUR,004,6004,ANTIBES,BOULEVARD JOHN FITZGERALD KENNEDY,261831,0,4,VC,0,2,2,,,0,1,,,,1,7,0,1,0,0
1,1,1,1,3,6,FRANCE,PROVENCE-ALPES-COTE-D'AZUR,004,6004,ANTIBES,RD 6098,261832,0,3,RD,0,2,2,1,0,2,5,,,,1,7,0,1,0,0
1,6,1,1,3,6,FRANCE,PROVENCE-ALPES-COTE-D'AZUR,123,6123,SAINT-LAURENT-DU-VAR,RD 98,261869,0,4,VC,0,1,1,,,1,1,,,,1,7,0,1,0,0
1,7,1,1,3,6,FRANCE,PROVENCE-ALPES-COTE-D'AZUR,029,6029,CANNES,BOULEVARD CARNOT,261895,0,4,VC,0,2,4,,,0,1,,,,1,7,0,1,0,0
5,7,1,1,2,6,FRANCE,PROVENCE-ALPES-COTE-D'AZUR,029,6029,CANNES,RUE LATOUR MAUBOURG,261920,0,4,VC,0,1,1,,,0,1,,,,1,7,0,1,0,0
1,7,1,1,3,6,FRANCE,PROVENCE-ALPES-COTE-D'AZUR,029,6029,CANNES,BOULEVARD CARNOT,261929,0,4,VC,,2,4,,,0,1,,,,1,33,0,1,0,0
1,6,1,1,6,6,FRANCE,PROVENCE-ALPES-COTE-D'AZUR,083,6083,MENTON,AVENUE DU GENERAL DE GAULLE,261959,0,3,RD,0,1,2,72,700,0,1,,,,1,32,0,1,0,0
1,6,1,1,3,6,FRANCE,PROVENCE-ALPES-COTE-D'AZUR,083,6083,MENTON,AVENUE FRANCE,261960,0,3,RD,0,1,2,,,0,1,,,,1,7,0,1,0,0
1,9,2,1,3,6,FRANCE,PROVENCE-ALPES-COTE-D'AZUR,088,6088,NICE,RUE ASSALIT,262009,0,4,VC,0,1,2,,,0,1,,,,1,37,0,1,0,0
1,9,1,1,6,6,FRANCE,PROVENCE-ALPES-COTE-D'AZUR,088,6088,NICE,RUE BONAPARTE,262021,0,4,VC,0,1,1,,,0,1,,,,1,,0,0,0,1
1,9,1,1,6,6,FRANCE,PROVENCE-ALPES-COTE-D'AZUR,088,6088,NICE,AVENUE DE LA LANTERNE,262029,0,4,VC,0,2,2,,,0,1,,,,1,7,0,1,0,0
1,9,2,1,3,6,FRANCE,PROVENCE-ALPES-COTE-D'AZUR,088,6088,NICE,RUE ARSON,262049,0,4,VC,0,1,2,,,0,1,,,,1,7,0,1,0,0
3,1,1,1,6,6,FRANCE,PROVENCE-ALPES-COTE-D'AZUR,159,6159,VILLEFRANCHE-SUR-MER,AVENUE PRINCESSE GRACE DE MONACO,262065,0,4,VC,0,2,2,,,0,1,,,,1,,0,1,0,0
5,9,3,1,3,6,FRANCE,PROVENCE-ALPES-COTE-D'AZUR,088,6088,NICE,RUE HONORE SAUVAN,262104,0,4,VC,0,1,1,,,0,0,,,,1,7,0,1,0,0
1,9,3,1,3,6,FRANCE,PROVENCE-ALPES-COTE-D'AZUR,088,6088,NICE,AVENUE DE FABRON ,262119,0,4,VC,0,2,4,,,0,1,,,,1,7,0,1,0,0
1,9,1,1,6,6,FRANCE,PROVENCE-ALPES-COTE-D'AZUR,088,6088,NICE,PROMENADE DES ANGLAIS,262128,0,3,RD,0,1,4,,,0,1,,,,1,38,0,1,0,0
1,5,1,1,3,6,FRANCE,PROVENCE-ALPES-COTE-D'AZUR,105,6105,ROQUEFORT-LES-PINS,VC 0,262169,0,4,VC,0,2,0,0,0,0,1,0,0,,1,7,0,1,0,0
1,4,1,1,3,6,FRANCE,PROVENCE-ALPES-COTE-D'AZUR,140,6140,TIGNET (LE),VC 0,262172,0,4,VC,0,2,0,0,0,0,1,0,0,,1,7,0,1,0,0
1,1,1,8,2,7,FRANCE,RHONE-ALPES,301,7301,SAINT-VICTOR,RD 532,262206,0,3,RD,532,2,0,32,400,0,1,4510800,466700,,1,,0,1,0,0
1,5,1,1,1,7,FRANCE,RHONE-ALPES,349,7349,VOULTE-SUR-RHONE (LA),Autre 0,262211,0,9,Autre,0,0,0,0,0,0,1,4481700,479300,,1,7,0,1,0,0
1,3,1,1,3,7,FRANCE,RHONE-ALPES,205,7205,SAINT-ALBAN-D'AY,RD 578,262213,0,3,RD,578,0,2,4,800,0,0,4519300,463900,,1,7,0,1,0,0
1,1,1,1,6,7,FRANCE,RHONE-ALPES,217,7217,SAINT-BARTHELEMY-LE-PLAIN,RD 534,262221,0,3,RD,534,2,2,4,5,0,1,0,0,,1,,0,1,0,0
3,1,1,1,3,7,FRANCE,RHONE-ALPES,259,7259,SAINT-JUST,RN 86,262227,0,2,RN,86,2,2,138,0,0,1,4428000,462000,,1,7,0,1,0,0
1,5,1,1,1,7,FRANCE,RHONE-ALPES,349,7349,VOULTE-SUR-RHONE (LA),Autre 0,262243,0,9,Autre,0,0,0,0,0,0,0,4481100,478400,,1,7,0,1,0,0
1,1,1,1,7,7,FRANCE,RHONE-ALPES,240,7240,SAINT-GEORGES-LES-BAINS,RD 232,262275,0,3,RD,232,0,0,0,0,0,0,0,0,,1,,0,1,0,0
1,4,1,1,6,7,FRANCE,RHONE-ALPES,201,7201,RUOMS,VC 0,262276,0,4,VC,0,2,0,0,0,0,1,4445000,434800,,1,,0,1,0,0
5,5,1,2,3,7,FRANCE,RHONE-ALPES,102,7102,GUILHERAND-GRANGES,RUE MONTGOLFIER,262296,0,4,VC,0,2,2,,,2,1,,,,1,7,0,1,0,0
1,1,1,1,1,7,FRANCE,RHONE-ALPES,319,7319,TEIL (LE),RD 86,262308,0,3,RD,86,2,0,99,300,0,1,4457400,469300,,1,2,0,1,0,0
1,5,1,1,3,7,FRANCE,RHONE-ALPES,319,7319,TEIL (LE),RD 86,262311,0,3,RD,86,2,2,0,0,0,1,0,0,,1,2,0,1,0,0
1,1,1,1,3,7,FRANCE,RHONE-ALPES,338,7338,VERNOUX-EN-VIVARAIS,RD 14,262315,0,3,RD,14,2,0,12,400,0,1,4491400,465300,,1,7,0,1,0,0
1,4,1,1,1,7,FRANCE,RHONE-ALPES,264,7264,SAINT-MARCEL-D'ARDECHE,VC 1,262318,0,4,VC,1,2,2,0,0,0,1,0,0,,1,14,0,1,0,0
1,1,1,1,3,7,FRANCE,RHONE-ALPES,348,7348,VOGUE,RD 579,262327,0,3,RD,579,2,2,7,300,0,1,0,0,,1,7,0,1,0,0
1,1,1,1,3,7,FRANCE,RHONE-ALPES,199,7199,ROSIERES,RD 212,262337,0,3,RD,212,2,2,7,200,0,1,0,0,,1,7,0,1,0,0
1,1,1,1,7,7,FRANCE,RHONE-ALPES,281,7281,SAINT-PERAY,CD 533,262362,0,3,RD,0,2,2,52,750,0,1,,,,1,7,0,1,0,0
1,5,1,1,7,7,FRANCE,RHONE-ALPES,042,7042,BOURG-SAINT-ANDEOL,Autre 0,262363,0,9,Autre,0,2,2,0,0,0,1,0,0,,1,,0,1,0,0
1,1,1,7,2,7,FRANCE,RHONE-ALPES,197,7197,ROIFFIEUX,RD 578,262407,0,3,RD,578,2,2,1,0,0,1,75400,7800,,1,10,0,1,0,0
2,1,1,1,2,7,FRANCE,RHONE-ALPES,143,7143,LIMONY,RD 86,262427,0,3,RD,86,2,2,0,0,0,1,0,0,,1,7,0,1,0,0
1,1,1,1,6,7,FRANCE,RHONE-ALPES,267,7267,SAINT-MARTIAL,RD 215,262456,2,3,RD,215,2,2,35,700,0,1,4488000,426100,,1,,0,1,0,0
1,1,1,1,7,7,FRANCE,RHONE-ALPES,291,7291,SAINT-REMEZE,RD 201,262475,0,3,RD,201,0,2,0,0,0,1,0,0,,1,,0,1,0,0
1,3,9,1,3,7,FRANCE,RHONE-ALPES,348,7348,VOGUE,VC 0,262480,0,4,VC,0,0,1,0,0,0,1,0,0,,1,7,0,1,0,0
1,1,1,1,1,7,FRANCE,RHONE-ALPES,033,7033,BESSAS,RD 202,262491,0,3,RD,202,2,2,10,0,0,1,0,0,,1,10,0,1,0,0
1,5,3,1,3,7,FRANCE,RHONE-ALPES,019,7019,AUBENAS,RUE DES RESERVOIRS,262539,0,4,VC,0,2,2,,,0,1,,,,1,7,0,1,0,0
1,3,1,1,3,7,FRANCE,RHONE-ALPES,295,7295,SAINT-SAUVEUR-DE-MONTAGUT,VC 0,262563,0,4,VC,0,2,0,0,0,0,1,0,0,,1,7,0,1,0,0
1,1,1,1,1,7,FRANCE,RHONE-ALPES,240,7240,SAINT-GEORGES-LES-BAINS,Autre 0,262570,0,9,Autre,0,2,1,0,0,0,1,0,0,,1,7,0,1,0,0
1,1,2,1,3,7,FRANCE,RHONE-ALPES,231,7231,SAINT-ETIENNE-DE-FONTBELLON,,262573,,3,RD,,,,,,,,,,,1,7,0,1,0,0
1,2,1,1,7,7,FRANCE,RHONE-ALPES,083,7083,DUNIERE-SUR-EYRIEUX,RD 120,262606,0,3,RD,120,1,1,13,300,0,1,4482600,466500,,1,,0,1,0,0
1,5,2,1,3,7,FRANCE,RHONE-ALPES,102,7102,GUILHERAND-GRANGES,AVENUE GEORGES CLEMENCEAU,262630,0,4,VC,0,2,3,,,3,1,,,,1,7,0,1,0,0
1,1,1,1,1,7,FRANCE,RHONE-ALPES,255,7255,SAINT-JULIEN-EN-SAINT-ALBAN,RD 304,262642,0,3,RD,304,2,0,3,500,0,1,0,0,,1,7,0,1,0,0
1,1,1,1,2,7,FRANCE,RHONE-ALPES,268,7268,SAINT-MARTIN-D'ARDECHE,RD 200,262644,2,3,RD,200,4,1,0,0,0,1,0,0,,1,7,0,1,0,0
1,5,1,1,1,7,FRANCE,RHONE-ALPES,010,7010,ANNONAY,RUE DE FAYA,262654,0,4,VC,0,2,2,,,0,1,,,,1,7,0,1,0,0
1,5,1,2,1,7,FRANCE,RHONE-ALPES,319,7319,TEIL (LE),VC 0,262671,0,4,VC,0,2,0,0,0,0,1,0,0,,1,7,0,1,0,0
1,1,1,1,1,7,FRANCE,RHONE-ALPES,295,7295,SAINT-SAUVEUR-DE-MONTAGUT,RD 102,262683,0,3,RD,102,2,2,0,750,0,3,0,0,,1,,0,1,0,0
1,5,1,1,3,7,FRANCE,RHONE-ALPES,319,7319,TEIL (LE),VC 0,262687,0,4,VC,0,2,1,0,0,0,1,0,0,,1,7,0,1,0,0
1,4,7,1,6,7,FRANCE,RHONE-ALPES,181,7181,POUZIN (LE),Parking 0,262696,0,6,Parking,0,0,0,0,0,0,4,0,0,,1,,0,0,0,1
1,1,1,1,2,7,FRANCE,RHONE-ALPES,261,7261,SAINT-LAURENT-DU-PAPE,VC 0,262698,0,4,VC,0,2,2,0,0,0,1,0,0,,1,15,0,1,0,0
1,1,1,1,1,7,FRANCE,RHONE-ALPES,207,7207,SAINT-ALBAN-AURIOLLES,RD 208,262719,0,3,RD,208,2,0,2,200,0,1,0,0,,1,7,0,1,0,0
1,2,1,1,1,7,FRANCE,RHONE-ALPES,328,7328,VAGNAS,RD 579,262722,0,3,RD,579,2,0,37,0,0,1,0,0,,1,7,0,1,0,0
1,1,1,1,1,7,FRANCE,RHONE-ALPES,078,7078,DAVEZIEUX,RD 820,262743,0,3,RD,820,3,2,0,0,0,1,0,0,,1,7,0,1,0,0
1,1,6,1,3,7,FRANCE,RHONE-ALPES,019,7019,AUBENAS,RN 102,262764,5,2,RN,102,1,1,47,0,0,1,,,,1,7,0,1,0,0
1,1,1,1,3,7,FRANCE,RHONE-ALPES,281,7281,SAINT-PERAY,CD 287,262770,0,3,RD,287,2,2,20,370,0,1,,,,1,7,0,1,0,0
1,6,3,1,1,8,FRANCE,CHAMPAGNE-ARDENNE,409,8409,SEDAN,AVENUE DE LA MARNE,262776,0,3,RD,0,2,3,,,0,1,,,,1,7,0,1,0,0
1,6,2,1,3,8,FRANCE,CHAMPAGNE-ARDENNE,409,8409,SEDAN,RUE VESSERON LEJAY,262807,5,4,VC,0,2,2,,,0,1,,,,1,7,0,1,0,0
1,3,1,1,3,8,FRANCE,CHAMPAGNE-ARDENNE,402,8402,SAULCES-MONCLIN,Autre 0,262824,0,9,Autre,0,2,2,0,0,0,1,4958100,449500,,1,7,0,1,0,0
1,1,1,1,1,8,FRANCE,CHAMPAGNE-ARDENNE,283,8283,MAZERNY,RD 987,262843,0,3,RD,987,2,2,26,620,0,1,4961700,460900,,1,7,0,1,0,0
3,1,1,1,2,8,FRANCE,CHAMPAGNE-ARDENNE,381,8381,SAINT-GERMAINMONT,RD 18,262849,0,3,RD,18,2,2,8,200,0,1,4950300,414100,,1,7,0,1,0,0
1,3,1,1,1,8,FRANCE,CHAMPAGNE-ARDENNE,067,8067,BLAGNY,RD 8043,262912,0,3,RD,8043,2,0,0,0,0,1,0,0,,1,7,0,1,0,0
1,7,3,1,3,8,FRANCE,CHAMPAGNE-ARDENNE,105,8105,CHARLEVILLE-MEZIERES,WARCQ,262919,0,3,RD,0,2,2,18,120,0,1,,,,1,7,0,1,0,0
1,1,1,1,2,8,FRANCE,CHAMPAGNE-ARDENNE,037,8037,AUVILLERS-LES-FORGES,RD 877,262938,0,3,RD,877,0,0,14,600,0,1,0,0,,1,7,0,1,0,0
5,7,5,1,3,8,FRANCE,CHAMPAGNE-ARDENNE,105,8105,CHARLEVILLE-MEZIERES,HOMME PLACE DES DROITS DE L'',262943,5,3,RD,0,1,3,2,180,0,1,,,,1,7,0,1,0,0
1,6,1,1,3,8,FRANCE,CHAMPAGNE-ARDENNE,409,8409,SEDAN,AVENUE DE LA MARNE,262960,2,4,VC,0,2,2,,,0,1,,,,1,7,0,1,0,0
1,6,1,8,6,8,FRANCE,CHAMPAGNE-ARDENNE,409,8409,SEDAN,AVENUE DU MARECHAL LECLERC,262961,0,4,VC,0,2,2,,,0,1,,,,1,7,0,1,0,0
1,2,2,1,3,8,FRANCE,CHAMPAGNE-ARDENNE,294,8294,MONCELLE (LA),RD 17,262977,0,3,RD,17,2,0,0,0,0,1,4969100,498900,,1,7,0,1,0,0
3,1,1,1,2,8,FRANCE,CHAMPAGNE-ARDENNE,142,8142,DONCHERY,RD 5,262978,0,3,RD,5,2,2,18,950,0,1,4974100,489200,,1,7,0,1,0,0
1,2,1,1,5,8,FRANCE,CHAMPAGNE-ARDENNE,125,8125,CLIRON,RD 8,262994,0,3,RD,8,2,2,0,0,0,1,0,0,,1,7,0,1,0,0
1,3,3,1,1,8,FRANCE,CHAMPAGNE-ARDENNE,188,8188,GESPUNSART,RD 979,263021,5,3,RD,979,2,2,12,250,0,1,4982500,483000,,1,7,0,1,0,0
1,4,1,1,3,8,FRANCE,CHAMPAGNE-ARDENNE,491,8491,VRIGNE-AUX-BOIS,VC 0,263029,0,4,VC,0,2,2,0,0,0,1,4973400,484100,,1,7,0,1,0,0
1,2,1,7,3,8,FRANCE,CHAMPAGNE-ARDENNE,097,8097,CHALLERANGE,RD 21,263030,0,3,RD,21,2,2,42,500,0,1,4931100,474800,,1,7,0,1,0,0
1,2,2,1,3,8,FRANCE,CHAMPAGNE-ARDENNE,119,8119,CHEVEUGES,VC 0,263036,0,4,VC,0,2,2,0,0,0,1,4966800,488200,,1,7,0,1,0,0
1,1,1,8,1,8,FRANCE,CHAMPAGNE-ARDENNE,477,8477,VILLERS-DEVANT-MOUZON,RD 4,263054,0,3,RD,4,2,2,19,0,0,1,4963500,502900,,1,21,0,1,0,0
1,2,2,1,3,8,FRANCE,CHAMPAGNE-ARDENNE,404,8404,SAULT-SAINT-REMY,RD 237,263128,0,3,RD,237,2,2,6,0,0,1,0,0,,1,10,0,1,0,0
2,7,1,1,3,8,FRANCE,CHAMPAGNE-ARDENNE,105,8105,CHARLEVILLE-MEZIERES,AVENUE ARCHES,263146,0,4,VC,0,2,4,44,160,0,1,0,0,,1,7,0,1,0,0
1,7,1,1,3,8,FRANCE,CHAMPAGNE-ARDENNE,105,8105,CHARLEVILLE-MEZIERES,AVENUE FOREST ,263154,0,3,RD,989,2,2,0,872,0,1,0,0,,1,7,0,1,0,0
1,3,1,1,6,8,FRANCE,CHAMPAGNE-ARDENNE,096,8096,CHALANDRY-ELAIRE,RD 764,263156,0,3,RD,764,2,2,6,115,0,1,0,0,,1,7,0,1,0,0
1,1,3,1,3,8,FRANCE,CHAMPAGNE-ARDENNE,058,8058,BELVAL,RD 9,263176,0,3,RD,9,2,2,23,521,0,1,0,0,,1,7,0,1,0,0
1,1,2,1,3,8,FRANCE,CHAMPAGNE-ARDENNE,263,8263,LUMES,RD 5,263191,5,3,RD,5,2,2,4,839,0,1,0,0,,1,7,0,1,0,0
1,1,1,1,1,8,FRANCE,CHAMPAGNE-ARDENNE,048,8048,BARBY,RD 926,263194,0,3,RD,926,2,2,27,350,0,1,0,0,,1,7,0,1,0,0
1,2,1,1,1,8,FRANCE,CHAMPAGNE-ARDENNE,156,8156,ETEIGNIERES,VC 0,263231,0,4,VC,0,2,0,0,0,0,1,4989110,438854,,1,7,0,1,0,0
1,3,1,1,1,8,FRANCE,CHAMPAGNE-ARDENNE,403,8403,SAULT-LES-RETHEL,RD 946,263251,0,3,RD,946,2,2,28,300,0,1,4950500,436300,,1,7,0,1,0,0
1,3,1,1,1,8,FRANCE,CHAMPAGNE-ARDENNE,024,8024,ASFELD,,263255,0,4,VC,,2,2,,,0,1,4947040,411476,,1,7,0,1,0,0
1,1,1,7,1,8,FRANCE,CHAMPAGNE-ARDENNE,039,8039,AVAUX,RD 137,263258,0,3,RD,137,2,1,3,400,0,1,4946850,408988,,1,7,0,1,0,0
1,3,4,1,3,8,FRANCE,CHAMPAGNE-ARDENNE,346,8346,PRIX-LES-MEZIERES,RUE DU BAN DE MEZIERES,263264,5,3,RD,139,2,2,2,965,0,1,4975510,470025,,1,7,0,1,0,0
1,1,1,1,2,8,FRANCE,CHAMPAGNE-ARDENNE,298,8298,MONTCY-NOTRE-DAME,ROUTE DE NOUZONVILLE,263267,0,3,RD,1,2,3,3,320,1,5,4979510,474883,,1,7,0,1,0,0
1,3,1,1,3,9,FRANCE,MIDI-PYRENEES,312,9312,TOUR-DU-CRIEU (LA),VC 3,263319,0,4,VC,3,2,2,0,0,0,1,4310900,165200,,1,7,0,1,0,0
1,5,1,1,1,9,FRANCE,MIDI-PYRENEES,261,9261,SAINT-GIRONS,RD 117,263322,0,3,RD,117,2,2,0,0,3,1,0,0,,1,7,0,1,0,0
1,1,6,1,3,9,FRANCE,MIDI-PYRENEES,122,9122,FOIX,RIEUCOURTES,263333,0,3,RD,0,1,1,499,0,0,1,,,,1,7,0,1,0,0
5,5,1,1,1,9,FRANCE,MIDI-PYRENEES,225,9225,PAMIERS,VILLENEUVE ROUTE DE,263343,0,4,VC,0,2,2,,,0,1,,,,1,7,0,1,0,0
1,5,1,1,3,9,FRANCE,MIDI-PYRENEES,225,9225,PAMIERS,AVENUE SAINT JEAN ,263345,0,4,VC,0,2,2,,,0,1,,,,1,10,0,1,0,0
1,1,1,1,1,9,FRANCE,MIDI-PYRENEES,225,9225,PAMIERS,RD 119,263390,0,3,RD,119,2,2,23,0,0,1,0,0,,1,7,0,1,0,0
1,3,3,1,3,9,FRANCE,MIDI-PYRENEES,268,9268,SAINT-LIZIER,RD 3,263395,2,3,RD,3,2,2,88,0,0,1,4300400,113500,,1,7,0,1,0,0
1,5,1,1,2,9,FRANCE,MIDI-PYRENEES,225,9225,PAMIERS,AVENUE DU JEU DU MAIL,263399,0,4,VC,0,0,0,,,0,1,,,,1,10,0,1,0,0
1,5,2,8,3,9,FRANCE,MIDI-PYRENEES,225,9225,PAMIERS,MIREPOIX ROUTE DE,263412,0,4,VC,0,2,1,,,0,0,,,,1,14,0,1,0,0
1,5,1,7,3,9,FRANCE,MIDI-PYRENEES,261,9261,SAINT-GIRONS,RD 3,263436,0,3,RD,3,2,0,0,0,0,1,4298100,115700,,1,7,0,1,0,0