lum,agg,int,atm,col,dep_bis,pays,region,com_bis,com_codeINSEE,communes,N_voie,numac,infra,catr,type_route,voie,circ,nbv,pr,pr1,vosp,situ,lat,long,adr,accident_velo,vehicule_imp,cycl_mort,cycl_bgv,cycl_blg,cycl_indm
1,2,1,1,1,9,FRANCE,MIDI-PYRENEES,108,9108,DURBAN-SUR-ARIZE,RD 15,263439,0,3,RD,15,2,2,19,600,0,1,4302400,133700,,1,7,0,1,0,0
1,1,1,1,1,9,FRANCE,MIDI-PYRENEES,062,9062,BORDES-SUR-LEZ (LES),VC 0,263463,0,4,VC,0,2,0,0,0,0,1,0,0,,1,7,0,1,0,0
1,5,9,1,1,9,FRANCE,MIDI-PYRENEES,225,9225,PAMIERS,AVENUE DU JEU DU MAIL,263468,0,4,VC,0,2,2,,,0,1,,,,1,7,0,1,0,0
1,5,3,1,3,9,FRANCE,MIDI-PYRENEES,225,9225,PAMIERS,AVENUE SAINT JEAN ,263469,0,4,VC,0,2,2,,,0,1,,,,1,7,0,1,0,0
1,3,1,1,1,9,FRANCE,MIDI-PYRENEES,103,9103,CRAMPAGNA,RD 213,263471,0,3,RD,213,3,2,3,100,0,1,0,0,,1,7,0,1,0,0
1,5,1,1,1,9,FRANCE,MIDI-PYRENEES,122,9122,FOIX,COURS BOUYCHERES,263480,0,4,VC,0,2,2,,,0,1,,,,1,7,0,1,0,0
1,1,1,1,2,9,FRANCE,MIDI-PYRENEES,225,9225,PAMIERS,ROUTE DE TOULOUSE,263481,0,3,RD,0,1,1,,,0,1,,,,1,7,0,1,0,0
1,1,1,1,1,9,FRANCE,MIDI-PYRENEES,056,9056,BEZAC,RD 119,263485,0,3,RD,119,2,0,0,0,0,1,0,0,,1,7,0,1,0,0
1,1,6,1,3,9,FRANCE,MIDI-PYRENEES,122,9122,FOIX,RD 117,263499,0,4,VC,0,1,1,38,0,0,1,,,,1,7,0,1,0,0
1,1,3,1,3,9,FRANCE,MIDI-PYRENEES,225,9225,PAMIERS,ROUTE NATIONALE 20,263508,0,2,RN,20,2,2,15,0,0,1,,,,1,15,0,1,0,0
1,3,1,8,3,9,FRANCE,MIDI-PYRENEES,235,9235,PRAT-BONREPAUX,,263513,0,4,VC,,0,0,,,0,1,,,,1,,0,1,0,0
1,1,3,1,1,9,FRANCE,MIDI-PYRENEES,042,9042,BASTIDE-DE-SEROU (LA),RD 117,263526,5,3,RD,117,2,2,61,430,0,1,0,0,,1,7,0,1,0,0
1,1,1,8,6,9,FRANCE,MIDI-PYRENEES,277,9277,SAINT-YBARS,RD 10,263529,0,3,RD,10,2,2,1,610,0,3,0,0,,1,,0,1,0,0
1,1,1,1,7,9,FRANCE,MIDI-PYRENEES,057,9057,BIERT,RD 618,263539,0,3,RD,618,2,2,52,0,0,3,0,0,,1,,0,1,0,0
1,4,2,1,3,9,FRANCE,MIDI-PYRENEES,265,9265,SAINT-JEAN-DU-FALGA,RD 11,263580,5,3,RD,11,2,2,0,0,0,1,4308115,162406,,1,7,0,1,0,0
1,5,2,1,1,9,FRANCE,MIDI-PYRENEES,225,9225,PAMIERS,COURS JOSEPH RAMBAUD,263591,5,4,VC,0,2,1,,,0,1,4297760,161100,,1,7,0,1,0,0
1,5,1,1,3,9,FRANCE,MIDI-PYRENEES,225,9225,PAMIERS,AVENUE DE FOIX,263594,0,4,VC,0,2,2,,,0,1,4310772,161791,,1,7,0,1,0,0
3,3,1,1,6,10,FRANCE,CHAMPAGNE-ARDENNE,060,10060,BREVIANDES,ROCADE OUEST,263602,0,2,RN,0,2,2,,,0,1,,,,1,7,0,1,0,0
1,1,1,1,1,10,FRANCE,CHAMPAGNE-ARDENNE,331,10331,RUMILLY-LES-VAUDES,RD 42,263610,0,3,RD,42,2,2,6,720,0,3,0,0,,1,7,0,1,0,0
1,3,1,1,1,10,FRANCE,CHAMPAGNE-ARDENNE,156,10156,FONTVANNES,RN 60,263623,5,2,RN,60,2,2,15,368,0,1,0,0,,1,7,,,,
1,4,1,1,3,10,FRANCE,CHAMPAGNE-ARDENNE,401,10401,VENDEUVRE-SUR-BARSE,VC 0,263624,0,4,VC,0,1,1,0,0,0,1,0,0,,1,7,0,1,0,0
1,7,1,1,3,10,FRANCE,CHAMPAGNE-ARDENNE,387,10387,TROYES,RUE GENERAL GASTON BILLOTTE,263629,0,4,VC,0,2,2,,,0,1,,,,1,10,0,1,0,0
1,5,3,1,3,10,FRANCE,CHAMPAGNE-ARDENNE,362,10362,SAINTE-SAVINE,RUE DU GENERAL LECLERC,263630,0,2,RN,0,2,2,,,0,0,,,,1,,0,0,0,1
1,5,1,1,3,10,FRANCE,CHAMPAGNE-ARDENNE,033,10033,BAR-SUR-AUBE,VC 0,263634,0,4,VC,0,1,1,0,0,0,1,0,0,,1,7,0,1,0,0
1,4,3,1,3,10,FRANCE,CHAMPAGNE-ARDENNE,401,10401,VENDEUVRE-SUR-BARSE,VC 0,263664,0,4,VC,0,2,0,0,0,0,1,4824200,447100,,1,7,0,1,0,0
1,2,1,1,3,10,FRANCE,CHAMPAGNE-ARDENNE,359,10359,SAINT-PHAL,RD 1,263684,0,3,RD,1,2,2,15,965,0,1,0,0,,1,7,0,1,0,0
5,7,1,1,3,10,FRANCE,CHAMPAGNE-ARDENNE,387,10387,TROYES,RUE CHAMPS DE LA LOGE,263692,0,4,VC,0,2,2,,,0,1,,,,1,2,0,1,0,0
5,5,3,1,3,10,FRANCE,CHAMPAGNE-ARDENNE,333,10333,SAINT-ANDRE-LES-VERGERS,ROUTE AUXERRE,263712,0,2,RN,0,2,2,,,0,1,,,,1,7,0,1,0,0
5,5,6,2,3,10,FRANCE,CHAMPAGNE-ARDENNE,081,10081,CHAPELLE-SAINT-LUC (LA),NATIONALE ROGER SALENGRO,263720,0,2,RN,0,2,2,,,0,1,,,,1,7,0,1,0,0
5,5,2,1,3,10,FRANCE,CHAMPAGNE-ARDENNE,343,10343,SAINT-JULIEN-LES-VILLAS,RUE FONTENELLE,263721,0,4,VC,0,2,2,,,0,1,,,,1,7,0,1,0,0
2,7,1,1,6,10,FRANCE,CHAMPAGNE-ARDENNE,387,10387,TROYES,RUE DE PREIZE,263724,0,4,VC,0,2,1,,,0,1,,,,1,7,0,1,0,0
1,2,1,1,1,10,FRANCE,CHAMPAGNE-ARDENNE,384,10384,TRANNES,RD 396,263726,5,3,RD,396,1,1,28,400,0,1,4830500,458600,,1,7,0,1,0,0
2,5,9,1,3,10,FRANCE,CHAMPAGNE-ARDENNE,323,10323,ROMILLY-SUR-SEINE,RD 619,263729,0,3,RD,619,2,2,26,594,0,1,4851000,375600,,1,7,0,1,0,0
1,7,3,1,3,10,FRANCE,CHAMPAGNE-ARDENNE,387,10387,TROYES,RUE ANDRE MUTTER,263734,0,4,VC,0,2,2,,,0,1,,,,1,7,0,1,0,0
2,4,1,1,3,10,FRANCE,CHAMPAGNE-ARDENNE,325,10325,ROSIERES-PRES-TROYES,RUE PHILIPPE THOMASSIN,263741,0,4,VC,0,2,2,,,0,1,,,,1,7,0,1,0,0
1,3,2,1,3,10,FRANCE,CHAMPAGNE-ARDENNE,051,10051,BOUILLY,VC 0,263743,5,4,VC,0,2,2,0,0,0,1,4820300,399600,,1,7,0,1,0,0
1,7,1,1,6,10,FRANCE,CHAMPAGNE-ARDENNE,387,10387,TROYES,RUE DE GOURNAY,263748,0,4,VC,0,2,2,,,0,1,,,,1,7,0,1,0,0
1,4,1,1,1,10,FRANCE,CHAMPAGNE-ARDENNE,064,10064,BRIENNE-LE-CHATEAU,RD 960,263757,0,3,RD,960,2,0,0,0,0,1,4839700,453000,,1,15,0,1,0,0
1,4,1,2,3,10,FRANCE,CHAMPAGNE-ARDENNE,006,10006,ARCIS-SUR-AUBE,RD 441,263760,0,3,RD,441,2,0,0,0,1,5,4854000,414900,,1,7,0,1,0,0
1,3,1,1,6,10,FRANCE,CHAMPAGNE-ARDENNE,060,10060,BREVIANDES,RUE DU GENERAL LECLERC,263770,0,3,RD,0,2,2,,,0,1,,,,1,7,0,1,0,0
5,5,1,1,1,10,FRANCE,CHAMPAGNE-ARDENNE,323,10323,ROMILLY-SUR-SEINE,RD 619,263812,0,3,RD,619,2,0,26,0,0,3,0,0,,1,7,0,1,0,0
2,7,9,1,6,10,FRANCE,CHAMPAGNE-ARDENNE,387,10387,TROYES,RUE DE LA REPUBLIQUE ,263833,0,4,VC,0,2,4,,,0,1,,,,1,,0,0,0,1
1,5,6,1,3,10,FRANCE,CHAMPAGNE-ARDENNE,343,10343,SAINT-JULIEN-LES-VILLAS,RUE DU CHATEAU DES COURS,263837,0,4,VC,0,2,2,,,1,1,,,,1,7,0,1,0,0
1,7,2,1,6,10,FRANCE,CHAMPAGNE-ARDENNE,387,10387,TROYES,RUE GUSTAVE MASSON,263852,0,4,VC,0,1,2,,,0,1,,,,1,7,0,1,0,0
1,2,1,1,3,10,FRANCE,CHAMPAGNE-ARDENNE,096,10096,CHENNEGY,RD 15,263860,0,3,RD,15,2,2,0,0,0,1,0,0,,1,7,0,1,0,0
1,1,1,1,3,10,FRANCE,CHAMPAGNE-ARDENNE,296,10296,POLISY,RD 452,263865,0,3,RD,452,2,2,19,350,0,1,0,0,,1,7,0,1,0,0
1,7,1,1,6,10,FRANCE,CHAMPAGNE-ARDENNE,387,10387,TROYES,RUE BLANQUI,263870,0,4,VC,0,2,2,,,0,1,,,,1,7,0,1,0,0
1,5,3,1,6,10,FRANCE,CHAMPAGNE-ARDENNE,343,10343,SAINT-JULIEN-LES-VILLAS,RUE DE LA LISIERE,263884,0,4,VC,0,2,2,,,0,0,,,,1,7,0,1,0,0
1,5,2,1,3,10,FRANCE,CHAMPAGNE-ARDENNE,362,10362,SAINTE-SAVINE,VC 0,263947,0,4,VC,0,1,1,0,0,0,1,,,,1,7,0,1,0,0
1,3,1,1,1,10,FRANCE,CHAMPAGNE-ARDENNE,156,10156,FONTVANNES,RD 15,263956,0,3,RD,15,2,2,19,780,0,1,0,0,,1,10,0,1,0,0
1,5,6,1,3,10,FRANCE,CHAMPAGNE-ARDENNE,081,10081,CHAPELLE-SAINT-LUC (LA),NATIONALE ROGER SALENGRO,263964,5,4,VC,0,2,2,,,0,1,,,,1,7,0,1,0,0
1,7,2,1,6,10,FRANCE,CHAMPAGNE-ARDENNE,387,10387,TROYES,RUE DE LA REPUBLIQUE ,263973,0,4,VC,0,2,3,,,0,1,,,,1,,,,,
1,1,1,7,2,10,FRANCE,CHAMPAGNE-ARDENNE,164,10164,GELANNES,RD 19,263986,0,3,RD,19,2,2,16,115,0,1,4847700,366400,,1,7,0,1,0,0
1,1,6,1,1,10,FRANCE,CHAMPAGNE-ARDENNE,234,10234,MESGRIGNY,RD 619,263996,0,3,RD,619,0,1,36,700,0,1,4848100,387200,,1,7,0,1,0,0
1,4,6,1,1,10,FRANCE,CHAMPAGNE-ARDENNE,325,10325,ROSIERES-PRES-TROYES,RD 610 ROCADE OUEST,264006,0,3,RD,0,2,2,,,0,0,,,,1,7,0,1,0,0
1,5,2,1,1,10,FRANCE,CHAMPAGNE-ARDENNE,333,10333,SAINT-ANDRE-LES-VERGERS,ROUTE AUXERRE,264007,0,4,VC,0,2,3,,,0,1,,,,1,7,0,1,0,0
1,5,7,1,3,10,FRANCE,CHAMPAGNE-ARDENNE,033,10033,BAR-SUR-AUBE,VC 0,264023,5,4,VC,0,2,0,0,0,0,1,4823400,470500,,1,7,0,1,0,0
1,7,2,1,6,10,FRANCE,CHAMPAGNE-ARDENNE,387,10387,TROYES,VC 0,264046,0,4,VC,0,2,2,,,0,1,4831160,406433,,1,,0,0,0,1
1,4,1,9,6,10,FRANCE,CHAMPAGNE-ARDENNE,297,10297,PONT-SAINTE-MARIE,RUE ANATOLE FRANCE,264049,0,4,VC,,2,2,,,0,1,4831749,409760,,1,2,0,0,0,1
1,5,1,1,6,10,FRANCE,CHAMPAGNE-ARDENNE,081,10081,CHAPELLE-SAINT-LUC (LA),RUE JULES FERRY,264063,0,3,RD,20,2,2,29,885,0,1,,,,1,7,0,1,0,0
1,7,1,1,1,10,FRANCE,CHAMPAGNE-ARDENNE,387,10387,TROYES,RUE JEANNETTE,264088,0,4,VC,0,2,2,,,0,1,4828252,408967,,1,7,0,1,0,0
1,7,2,1,3,10,FRANCE,CHAMPAGNE-ARDENNE,387,10387,TROYES,RUE FRANCOIS SERQUEIL,264100,0,4,VC,0,2,2,,,0,1,4830733,408201,,1,7,0,1,0,0
1,5,2,2,6,10,FRANCE,CHAMPAGNE-ARDENNE,081,10081,CHAPELLE-SAINT-LUC (LA),AVENUE GENERAL SARRAIL,264108,0,3,RD,20,2,3,0,450,0,1,4830414,403287,,1,7,0,1,0,0
1,5,2,2,4,10,FRANCE,CHAMPAGNE-ARDENNE,323,10323,ROMILLY-SUR-SEINE,Avenue Pierre Brossolette ProlonGEe,264113,5,4,VC,0,2,2,0,0,0,1,4850731,372386,,1,7,0,1,0,0
1,2,3,1,1,10,FRANCE,CHAMPAGNE-ARDENNE,359,10359,SAINT-PHAL,RD 1,264125,0,3,RD,1,2,2,0,0,0,1,0,0,,1,7,0,1,0,0
1,2,3,1,3,10,FRANCE,CHAMPAGNE-ARDENNE,079,10079,CHANNES,RD 452,264157,0,3,RD,452,2,2,0,850,0,1,0,0,,1,7,0,1,0,0
1,5,1,1,3,10,FRANCE,CHAMPAGNE-ARDENNE,343,10343,SAINT-JULIEN-LES-VILLAS,RUE FABLE,264173,0,4,VC,,2,2,,,0,1,,,,1,7,0,1,0,0
1,5,3,1,6,10,FRANCE,CHAMPAGNE-ARDENNE,333,10333,SAINT-ANDRE-LES-VERGERS,RUE DE LA CROIX ROUGE,264182,0,3,RD,85,2,2,3,800,0,1,,,,1,7,0,1,0,0
1,7,6,1,6,10,FRANCE,CHAMPAGNE-ARDENNE,387,10387,TROYES,AVENUE LOMBARDS,264184,5,4,VC,,2,2,,,2,5,,,,1,7,0,1,0,0
1,5,4,1,6,10,FRANCE,CHAMPAGNE-ARDENNE,333,10333,SAINT-ANDRE-LES-VERGERS,RUE ADOLPHE THIERS,264186,0,3,RD,41,2,2,1,500,0,1,,,,1,7,0,1,0,0
1,7,2,1,3,10,FRANCE,CHAMPAGNE-ARDENNE,387,10387,TROYES,RUE PIERRE GILLON,264190,0,4,VC,,2,2,,,0,1,,,,1,7,0,1,0,0
5,7,2,1,3,10,FRANCE,CHAMPAGNE-ARDENNE,387,10387,TROYES,AVENUE ANATOLE FRANCE,264198,5,4,VC,,2,3,,,0,1,4815545,441354,,1,7,0,1,0,0
2,5,1,1,1,10,FRANCE,CHAMPAGNE-ARDENNE,268,10268,NOGENT-SUR-SEINE,VC 0,264216,0,4,VC,0,1,1,0,0,0,1,4829338,330417,,1,7,0,1,0,0
1,2,1,1,2,11,FRANCE,LANGUEDOC-ROUSSILLON,396,11396,TRAUSSE,RD 115,264219,0,3,RD,115,2,2,3,900,0,1,4331700,255800,,1,7,0,1,0,0
1,4,1,1,3,11,FRANCE,LANGUEDOC-ROUSSILLON,279,11279,PENNAUTIER,VC 0,264240,0,4,VC,0,2,2,0,0,0,1,4324700,232500,,1,7,0,1,0,0
1,1,1,1,7,11,FRANCE,LANGUEDOC-ROUSSILLON,113,11113,CUCUGNAN,RD 14,264249,0,3,RD,14,2,2,14,250,0,1,0,0,,1,,0,1,0,0
1,2,4,8,3,11,FRANCE,LANGUEDOC-ROUSSILLON,396,11396,TRAUSSE,RD 115,264254,0,3,RD,115,2,2,3,500,0,1,4331000,255000,,1,7,0,1,0,0
1,1,1,1,1,11,FRANCE,LANGUEDOC-ROUSSILLON,353,11353,SAINT-MARCEL-SUR-AUDE,RD 1118,264260,0,3,RD,1118,2,2,7,0,0,1,0,0,,1,7,0,1,0,0
1,6,3,1,3,11,FRANCE,LANGUEDOC-ROUSSILLON,262,11262,NARBONNE,ARMISSAN ROUTE D'),264262,0,4,VC,0,2,2,,,0,1,,,,1,7,0,1,0,0
1,2,1,1,1,11,FRANCE,LANGUEDOC-ROUSSILLON,013,11013,ARGENS-MINERVOIS,Autre 0,264291,0,9,Autre,0,2,2,0,0,0,1,0,0,,1,7,0,1,0,0
1,5,1,1,1,11,FRANCE,LANGUEDOC-ROUSSILLON,206,11206,LIMOUX,RD 118,264309,0,3,RD,118,4,0,0,0,0,0,0,0,,1,7,0,1,0,0
3,1,2,1,3,11,FRANCE,LANGUEDOC-ROUSSILLON,433,11433,VILLENEUVE-MINERVOIS,RD 111,264321,5,3,RD,111,0,2,21,765,0,1,4331400,249300,,1,7,0,1,0,0
1,1,1,2,3,11,FRANCE,LANGUEDOC-ROUSSILLON,105,11105,COURNANEL,RD 118,264322,0,3,RD,118,2,2,0,0,0,1,0,0,,1,7,0,1,0,0
1,5,1,7,1,11,FRANCE,LANGUEDOC-ROUSSILLON,206,11206,LIMOUX,RD 118,264331,5,3,RD,118,4,3,0,0,0,1,4305800,221400,,1,7,0,1,0,0
1,4,2,1,3,11,FRANCE,LANGUEDOC-ROUSSILLON,315,11315,RIEUX-MINERVOIS,RD 11,264357,4,3,RD,11,2,2,16,800,0,1,4328000,258000,,1,10,0,1,0,0
1,4,1,1,5,11,FRANCE,LANGUEDOC-ROUSSILLON,170,11170,GRUISSAN,RD 32,264412,0,3,RD,32,2,2,0,0,0,1,0,0,,1,7,0,1,0,0
1,1,6,1,2,11,FRANCE,LANGUEDOC-ROUSSILLON,202,11202,LEUCATE,RD 627,264426,5,3,RD,627,0,0,5,500,0,1,0,0,,1,7,0,1,0,0
1,4,1,1,1,11,FRANCE,LANGUEDOC-ROUSSILLON,266,11266,PORT-LA-NOUVELLE,VC 0,264436,5,4,VC,0,2,0,1,30,0,0,0,0,,1,10,0,1,0,0
1,6,1,1,3,11,FRANCE,LANGUEDOC-ROUSSILLON,262,11262,NARBONNE,AVENUE PYRENEES,264448,0,4,VC,0,1,0,,,0,0,,,,1,7,0,1,0,0
1,1,1,1,3,11,FRANCE,LANGUEDOC-ROUSSILLON,262,11262,NARBONNE,ROUTE DE GRUISSAN,264453,2,4,VC,0,2,2,,,0,1,,,,1,7,0,1,0,0
1,1,1,6,2,11,FRANCE,LANGUEDOC-ROUSSILLON,266,11266,PORT-LA-NOUVELLE,RD 6009,264460,0,3,RD,6009,1,0,0,0,0,3,0,0,,1,17,0,1,0,0
1,1,1,1,3,11,FRANCE,LANGUEDOC-ROUSSILLON,262,11262,NARBONNE,RD 0,264482,0,3,RD,0,2,3,0,1,0,1,,,,1,10,0,1,0,0
1,6,1,1,7,11,FRANCE,LANGUEDOC-ROUSSILLON,262,11262,NARBONNE,BOULEVARD DE CREISSEL,264502,0,4,VC,0,2,0,,,0,1,,,,1,,0,1,0,0
1,6,2,1,6,11,FRANCE,LANGUEDOC-ROUSSILLON,262,11262,NARBONNE,RUE DES JACOBINS,264539,0,4,VC,0,1,1,,,0,1,,,,1,7,0,1,0,0
1,1,1,1,1,11,FRANCE,LANGUEDOC-ROUSSILLON,299,11299,PREIXAN,RD 118,264542,0,3,RD,118,2,2,44,700,0,1,4315000,229000,,1,7,0,1,0,0
1,4,1,1,3,11,FRANCE,LANGUEDOC-ROUSSILLON,266,11266,PORT-LA-NOUVELLE,Autre 0,264597,6,9,Autre,0,0,0,0,0,0,4,4302300,304400,,1,30,0,1,0,0
1,6,2,1,3,11,FRANCE,LANGUEDOC-ROUSSILLON,069,11069,CARCASSONNE,VOLTAIRE,264622,0,4,VC,,1,0,,,0,1,,,,1,10,0,1,0,0
1,6,1,1,3,11,FRANCE,LANGUEDOC-ROUSSILLON,262,11262,NARBONNE,BOULEVARD DU GENERAL DE GAULLE,264623,0,4,VC,,1,3,,,0,1,,,,1,7,0,1,0,0
1,5,6,1,3,11,FRANCE,LANGUEDOC-ROUSSILLON,076,11076,CASTELNAUDARY,AVENUE DU DOCTEUR GUILHEM,264635,5,3,RD,33,1,2,33,600,0,1,,,,1,7,0,1,0,0
1,6,3,1,3,11,FRANCE,LANGUEDOC-ROUSSILLON,262,11262,NARBONNE,AVENUE DU PROFESSEUR FLEMING,264636,0,4,VC,0,2,2,,,0,1,,,,1,7,0,1,0,0
1,6,2,1,3,11,FRANCE,LANGUEDOC-ROUSSILLON,262,11262,NARBONNE,AVENUE DE LA COTE DES ROSES,264638,0,4,VC,0,0,2,,,0,1,,,,1,7,0,1,0,0
1,6,1,1,2,11,FRANCE,LANGUEDOC-ROUSSILLON,262,11262,NARBONNE,VC 0,264644,0,4,VC,0,2,2,,,0,1,,,,1,7,0,1,0,0
1,6,2,1,3,11,FRANCE,LANGUEDOC-ROUSSILLON,262,11262,NARBONNE,QUAI DE LORRAINE,264645,0,4,VC,0,2,2,,,0,1,,,,1,7,0,1,0,0
5,6,3,1,3,11,FRANCE,LANGUEDOC-ROUSSILLON,262,11262,NARBONNE,BOULEVARD  du docteur Lacroix,264649,0,4,VC,,1,3,,,3,1,,,,1,7,0,1,0,0
1,6,1,1,6,11,FRANCE,LANGUEDOC-ROUSSILLON,262,11262,NARBONNE,RUE GUIRAUT RIQUIER,264687,0,4,VC,0,2,2,,,0,1,,,,1,7,0,1,0,0
1,6,1,1,6,11,FRANCE,LANGUEDOC-ROUSSILLON,262,11262,NARBONNE,AVENUE DE PROVENCE ,264721,0,4,VC,0,3,1,,,0,1,,,,1,37,0,1,0,0
1,3,2,1,3,11,FRANCE,LANGUEDOC-ROUSSILLON,430,11430,VILLENEUVE-LA-COMPTAL,RD 219,264727,0,3,RD,219,2,2,0,200,0,1,0,0,,1,7,0,1,0,0
1,6,1,1,7,11,FRANCE,LANGUEDOC-ROUSSILLON,262,11262,NARBONNE,ROUTE DE LUNES,264743,0,4,VC,,2,2,,,0,1,,,,1,,0,1,0,0
1,6,6,1,3,11,FRANCE,LANGUEDOC-ROUSSILLON,262,11262,NARBONNE,ROUTE DE MARCORIGNAN,264761,0,3,RD,6009,1,2,10,200,0,1,,,,1,7,0,1,0,0
1,1,1,1,3,11,FRANCE,LANGUEDOC-ROUSSILLON,147,11147,FONTANES-DE-SAULT,RD 29,264764,0,3,RD,29,2,1,1,500,0,1,0,0,,1,10,0,1,0,0
1,1,6,7,3,11,FRANCE,LANGUEDOC-ROUSSILLON,429,11429,VILLEMOUSTAUSSOU,RD 118,264778,0,3,RD,118,1,0,31,400,0,1,0,0,,1,10,0,1,0,0
1,5,1,1,3,11,FRANCE,LANGUEDOC-ROUSSILLON,203,11203,LEZIGNAN-CORBIERES,VC 0,264779,0,4,VC,0,2,0,0,0,0,1,4320200,277700,,1,7,0,1,0,0
1,1,2,1,3,11,FRANCE,LANGUEDOC-ROUSSILLON,063,11063,CAMPAGNE-SUR-AUDE,RD 2,264783,0,3,RD,2,2,2,1,200,0,1,0,0,,1,7,0,1,0,0
1,4,4,1,3,11,FRANCE,LANGUEDOC-ROUSSILLON,315,11315,RIEUX-MINERVOIS,RD 11,264791,5,3,RD,11,2,2,16,0,0,1,4328500,259300,,1,17,0,1,0,0
3,1,1,1,5,11,FRANCE,LANGUEDOC-ROUSSILLON,069,11069,CARCASSONNE,RD 0,264876,0,3,RD,0,3,2,52,0,0,1,,,,1,7,0,1,0,0
1,6,2,1,3,11,FRANCE,LANGUEDOC-ROUSSILLON,069,11069,CARCASSONNE,VICTOR HUGO,264881,0,4,VC,0,2,2,,,0,1,,,,1,7,0,1,0,0
3,1,1,2,3,11,FRANCE,LANGUEDOC-ROUSSILLON,076,11076,CASTELNAUDARY,RD 0,264889,0,3,RD,0,2,2,96,0,0,1,,,,1,7,0,1,0,0
1,6,3,1,3,11,FRANCE,LANGUEDOC-ROUSSILLON,262,11262,NARBONNE,ARMISSAN ROUTE D'),264899,0,4,VC,0,2,2,,,0,1,,,,1,7,0,1,0,0
1,6,1,1,7,11,FRANCE,LANGUEDOC-ROUSSILLON,262,11262,NARBONNE,AVENUE JEAN CAMP,264903,0,4,VC,0,2,2,,,0,1,,,,1,,0,1,0,0
1,6,1,1,3,12,FRANCE,MIDI-PYRENEES,145,12145,MILLAU,AVENUE DE L'EUROPE,264907,0,4,VC,0,4,2,,,0,5,,,,1,7,0,1,0,0
1,1,1,1,1,12,FRANCE,MIDI-PYRENEES,145,12145,MILLAU,CHEMIN DU CAUSSE NOIR,264942,0,4,VC,0,2,2,2,0,0,1,,,,1,7,0,1,0,0
1,6,3,1,3,12,FRANCE,MIDI-PYRENEES,145,12145,MILLAU,DELMAS ETIENNE,264971,0,4,VC,0,2,1,,,0,1,,,,1,7,0,1,0,0
1,1,1,1,2,12,FRANCE,MIDI-PYRENEES,100,12100,FIRMI,AXE BRIVE MEDITERRANEE RD 840,264991,0,3,RD,0,2,2,34,320,0,1,,,,1,7,0,1,0,0
3,1,1,1,1,12,FRANCE,MIDI-PYRENEES,300,12300,VILLEFRANCHE-DE-ROUERGUE,VC 922,264995,0,4,VC,922,2,2,0,0,0,1,0,0,,1,7,0,1,0,0
2,6,4,1,1,12,FRANCE,MIDI-PYRENEES,145,12145,MILLAU,AVENUE DE CALES,265044,5,4,VC,0,2,2,,,0,1,,,,1,7,0,1,0,0
1,6,1,1,6,12,FRANCE,MIDI-PYRENEES,145,12145,MILLAU,AVENUE DE GUYENNE,265110,0,3,RD,0,2,1,,,1,5,,,,1,,0,1,0,0
1,6,1,1,2,12,FRANCE,MIDI-PYRENEES,145,12145,MILLAU,CROIX VIEILLE,265160,0,4,VC,0,2,2,1,0,0,1,,,,1,7,0,1,0,0
1,1,1,1,7,12,FRANCE,MIDI-PYRENEES,211,12211,SAINT-ANDRE-DE-VEZINES,RD 41,265169,0,3,RD,41,0,2,42,700,0,3,4412600,325300,,1,,0,1,0,0
1,1,1,1,1,12,FRANCE,MIDI-PYRENEES,161,12161,MOURET,RD 227,265212,0,3,RD,227,2,2,5,400,0,1,4448400,249600,,1,7,0,1,0,0
1,1,1,1,1,12,FRANCE,MIDI-PYRENEES,221,12221,SAINT-FELIX-DE-LUNEL,RD 904,265260,5,3,RD,904,2,2,45,280,0,1,4455800,255100,,1,7,0,1,0,0
1,1,1,1,3,12,FRANCE,MIDI-PYRENEES,100,12100,FIRMI,AXE BRIVE MEDITERRANEE RD 840,265268,0,3,RD,840,2,2,34,400,0,1,,,,1,7,0,1,0,0
1,5,2,1,3,12,FRANCE,MIDI-PYRENEES,176,12176,ONET-LE-CHATEAU,ROUTE D'ESPALION,265276,5,4,VC,0,2,3,,,0,1,,,,1,7,0,1,0,0
1,6,1,1,7,12,FRANCE,MIDI-PYRENEES,202,12202,RODEZ,AVENUE DE LA GINESTE,265313,0,4,VC,0,2,3,,,0,1,,,,1,,0,1,0,0
1,1,1,1,1,12,FRANCE,MIDI-PYRENEES,044,12044,CAMARES,RD 101,265315,0,3,RD,101,2,2,10,500,0,1,4384900,289900,,1,7,0,1,0,0
1,6,1,1,3,12,FRANCE,MIDI-PYRENEES,202,12202,RODEZ,AVENUE DE LA GINESTE,265323,0,4,VC,0,1,1,,,0,1,,,,1,7,0,1,0,0
1,6,3,8,6,12,FRANCE,MIDI-PYRENEES,145,12145,MILLAU,AVENUE DE CALES,265330,0,4,VC,0,1,1,,,0,1,,,,1,7,0,1,0,0
1,6,1,1,2,12,FRANCE,MIDI-PYRENEES,145,12145,MILLAU,PLACE DU MANDAROUS,265341,0,4,VC,0,0,1,1,0,0,1,,,,1,7,0,1,0,0
2,6,6,1,3,12,FRANCE,MIDI-PYRENEES,202,12202,RODEZ,GIRATOIRE DE LA GINESTE,265350,0,4,VC,0,1,2,,,0,1,,,,1,7,0,1,0,0
1,6,1,1,3,12,FRANCE,MIDI-PYRENEES,145,12145,MILLAU,BOULEVARD DE LA CAPELLE,265352,0,4,VC,0,0,2,1,0,1,5,,,,1,7,0,1,0,0