lum,agg,int,atm,col,dep_bis,pays,region,com_bis,com_codeINSEE,communes,N_voie,numac,infra,catr,type_route,voie,circ,nbv,pr,pr1,vosp,situ,lat,long,adr,accident_velo,vehicule_imp,cycl_mort,cycl_bgv,cycl_blg,cycl_indm
1,5,1,1,1,12,FRANCE,MIDI-PYRENEES,300,12300,VILLEFRANCHE-DE-ROUERGUE,RD 922,265360,0,3,RD,922,2,1,0,0,0,1,4436600,204199,,1,7,0,1,0,0
1,1,1,1,1,12,FRANCE,MIDI-PYRENEES,102,12102,FLAVIN,RD 62,265365,0,3,RD,62,2,2,4,800,0,1,4431600,258500,,1,7,0,1,0,0
1,6,1,7,3,12,FRANCE,MIDI-PYRENEES,145,12145,MILLAU,QUAI CHALIES SULLY,265366,0,4,VC,0,2,2,1,0,0,1,,,,1,10,0,1,0,0
1,5,3,1,3,12,FRANCE,MIDI-PYRENEES,089,12089,DECAZEVILLE,RD 615,265451,5,3,RD,0,2,2,,,0,1,,,,1,10,0,1,0,0
1,6,3,1,3,12,FRANCE,MIDI-PYRENEES,145,12145,MILLAU,AVENUE DE L'EUROPE,265461,5,4,VC,0,2,2,,,0,1,,,,1,7,0,1,0,0
1,5,1,1,7,12,FRANCE,MIDI-PYRENEES,176,12176,ONET-LE-CHATEAU,BOULEVARD DES BALQUIERES,265478,0,6,Parking,0,0,1,,,0,1,,,,1,,0,1,0,0
1,9,1,1,6,13,FRANCE,PROVENCE-ALPES-COTE-D'AZUR,055,13055,MARSEILLE,BOULEVARD SAUVAN,265528,0,4,VC,1,1,1,,,0,1,,,,1,7,0,1,0,0
1,9,3,1,3,13,FRANCE,PROVENCE-ALPES-COTE-D'AZUR,055,13055,MARSEILLE,RUE CONSOLAT,265549,0,4,VC,1,0,1,,,0,1,,,,1,7,0,1,0,0
1,1,1,1,1,13,FRANCE,PROVENCE-ALPES-COTE-D'AZUR,040,13040,FUVEAU,RD 56,265572,5,3,RD,56,2,0,2,100,1,0,4346800,561300,,1,7,0,1,0,0
1,1,1,1,2,13,FRANCE,PROVENCE-ALPES-COTE-D'AZUR,081,13081,ROGNAC,RN 113,265589,5,2,RN,113,3,1,0,0,0,1,4349400,521900,,1,7,0,1,0,0
1,9,1,1,6,13,FRANCE,PROVENCE-ALPES-COTE-D'AZUR,055,13055,MARSEILLE,AVENUE DE LA TIMONE,265613,0,4,VC,1,0,0,,,0,0,,,,1,,,,,
1,9,9,1,6,13,FRANCE,PROVENCE-ALPES-COTE-D'AZUR,055,13055,MARSEILLE,CHEMIN DE PALAMA,265640,0,4,VC,1,2,2,,,0,1,,,,1,,0,1,0,0
1,9,1,1,6,13,FRANCE,PROVENCE-ALPES-COTE-D'AZUR,055,13055,MARSEILLE,RUE D'AUBAGNE,265681,0,9,Autre,1,0,0,,,0,1,,,,1,,,,,
5,9,6,2,3,13,FRANCE,PROVENCE-ALPES-COTE-D'AZUR,055,13055,MARSEILLE,PLACE LOUIS BONNEFON,265711,0,4,VC,1,2,1,,,0,1,,,,1,7,0,1,0,0
5,9,1,6,3,13,FRANCE,PROVENCE-ALPES-COTE-D'AZUR,055,13055,MARSEILLE,RUE DE LYON,265718,0,4,VC,1,2,2,,,0,1,,,,1,7,0,1,0,0
1,5,3,1,3,13,FRANCE,PROVENCE-ALPES-COTE-D'AZUR,108,13108,TARASCON,AVENUE 8 MAI 1945,265793,0,9,Autre,0,2,1,,,0,1,,,,1,7,0,1,0,0
1,1,1,1,3,13,FRANCE,PROVENCE-ALPES-COTE-D'AZUR,040,13040,FUVEAU,VC 0,265832,0,4,VC,0,2,0,0,20,0,1,0,0,,1,7,0,1,0,0
1,9,3,1,3,13,FRANCE,PROVENCE-ALPES-COTE-D'AZUR,055,13055,MARSEILLE,RUE SAINT PIERRE,265869,0,4,VC,1,2,2,,,0,1,,,,1,7,0,1,0,0
1,9,1,1,6,13,FRANCE,PROVENCE-ALPES-COTE-D'AZUR,055,13055,MARSEILLE,BOULEVARD D'ATHENES,265898,0,4,VC,1,2,2,,,0,1,,,,1,7,0,1,0,0
1,1,6,1,3,13,FRANCE,PROVENCE-ALPES-COTE-D'AZUR,047,13047,ISTRES,CHEMIN DES ETANGS  ,265954,0,3,RD,0,4,2,,,0,1,,,,1,7,0,1,0,0
1,9,1,1,3,13,FRANCE,PROVENCE-ALPES-COTE-D'AZUR,055,13055,MARSEILLE,BOULEVARD MICHELET,266016,0,4,VC,1,2,6,,,0,1,,,,1,7,0,1,0,0
1,9,1,1,3,13,FRANCE,PROVENCE-ALPES-COTE-D'AZUR,055,13055,MARSEILLE,RUE DE LESSEPS,266041,0,4,VC,1,1,3,,,0,1,,,,1,7,0,1,0,0
1,9,3,1,2,13,FRANCE,PROVENCE-ALPES-COTE-D'AZUR,055,13055,MARSEILLE,RUE ANDRE LOO,266045,0,4,VC,1,1,1,,,0,0,,,,1,7,0,1,0,0
1,9,3,1,1,13,FRANCE,PROVENCE-ALPES-COTE-D'AZUR,055,13055,MARSEILLE,BOULEVARD DE SAINT MARCEL,266047,0,2,RN,1,2,2,,,0,1,,,,1,7,0,1,0,0
1,9,1,1,3,13,FRANCE,PROVENCE-ALPES-COTE-D'AZUR,055,13055,MARSEILLE,RUE FELIX PYAT,266069,0,4,VC,1,2,2,,,0,1,,,,1,2,0,1,0,0
1,8,3,1,3,13,FRANCE,PROVENCE-ALPES-COTE-D'AZUR,001,13001,AIX-EN-PROVENCE,AVENUE VICTOR HUGO,266106,5,4,VC,0,2,3,,,0,1,,,,1,7,0,1,0,0
1,7,2,1,3,13,FRANCE,PROVENCE-ALPES-COTE-D'AZUR,004,13004,ARLES,RN 453,266107,0,2,RN,0,2,0,0,1,0,1,,,,1,7,0,1,0,0
1,6,6,1,2,13,FRANCE,PROVENCE-ALPES-COTE-D'AZUR,047,13047,ISTRES,AVENUE FELIX GOUIN ,266109,0,4,VC,0,1,0,,,0,1,,,,1,7,0,1,0,0
1,5,1,1,2,13,FRANCE,PROVENCE-ALPES-COTE-D'AZUR,102,13102,SAINT-VICTORET,AVENUE HENRI DUNANT,266113,0,4,VC,0,2,2,,,0,1,,,,1,7,0,1,0,0
5,9,1,1,3,13,FRANCE,PROVENCE-ALPES-COTE-D'AZUR,055,13055,MARSEILLE,BOULEVARD DANIEL CASANOVA,266141,0,2,RN,1,1,1,,,0,1,,,,1,7,0,1,0,0
1,5,3,1,2,13,FRANCE,PROVENCE-ALPES-COTE-D'AZUR,078,13078,PORT-SAINT-LOUIS-DU-RHONE,AVENUE DU PORT,266219,0,4,VC,0,2,2,,,0,1,,,,1,99,0,1,0,0
1,1,3,1,3,13,FRANCE,PROVENCE-ALPES-COTE-D'AZUR,004,13004,ARLES,ROUTE D'EYGUIERES,266235,0,3,RD,0,2,2,,,2,5,,,,1,7,0,1,0,0
2,9,1,1,6,13,FRANCE,PROVENCE-ALPES-COTE-D'AZUR,055,13055,MARSEILLE,AVENUE FERNANDEL,266270,0,4,VC,1,2,3,,,0,1,,,,1,,0,0,0,1
1,9,3,1,1,13,FRANCE,PROVENCE-ALPES-COTE-D'AZUR,055,13055,MARSEILLE,BOULEVARD DU SABLIER,266295,0,4,VC,1,2,0,,,0,1,,,,1,5,0,1,0,0
1,7,1,1,6,13,FRANCE,PROVENCE-ALPES-COTE-D'AZUR,004,13004,ARLES,RUE DE LA CALADE ,266345,0,4,VC,0,1,1,,,0,3,,,,1,,0,0,0,1
1,1,1,1,1,13,FRANCE,PROVENCE-ALPES-COTE-D'AZUR,001,13001,AIX-EN-PROVENCE,CHEMIN DU PONT,266416,0,9,Autre,0,2,1,,,0,1,,,,1,7,0,1,0,0
1,8,1,1,6,13,FRANCE,PROVENCE-ALPES-COTE-D'AZUR,001,13001,AIX-EN-PROVENCE,COURS MIRABEAU,266418,0,4,VC,0,2,2,,,0,1,,,,1,,0,0,0,1
1,9,1,1,3,13,FRANCE,PROVENCE-ALPES-COTE-D'AZUR,055,13055,MARSEILLE,BOULEVARD HAMBOURG,266436,0,4,VC,1,0,1,,,0,1,,,,1,7,0,1,0,0
1,9,1,1,3,13,FRANCE,PROVENCE-ALPES-COTE-D'AZUR,055,13055,MARSEILLE,CORNICHE KENNEDY,266446,0,4,VC,1,2,2,,,0,1,,,,1,7,0,1,0,0
1,1,1,1,3,13,FRANCE,PROVENCE-ALPES-COTE-D'AZUR,055,13055,MARSEILLE,RUE DE ROME,266464,0,9,Autre,1,2,2,,,3,1,,,,1,30,0,1,0,0
1,9,1,1,6,13,FRANCE,PROVENCE-ALPES-COTE-D'AZUR,055,13055,MARSEILLE,BOULEVARD GAROUTTE,266585,0,4,VC,1,2,2,,,0,1,,,,1,7,0,1,0,0
2,8,3,1,1,13,FRANCE,PROVENCE-ALPES-COTE-D'AZUR,001,13001,AIX-EN-PROVENCE,RUE DE LA FIGUIERE,266601,0,4,VC,0,1,1,,,0,1,,,,1,7,0,1,0,0
5,7,2,3,3,13,FRANCE,PROVENCE-ALPES-COTE-D'AZUR,004,13004,ARLES,RUE DE L'ANCIEN MOULIN A TABAC ,266602,0,4,VC,0,2,2,,,0,1,,,,1,7,0,1,0,0
1,9,1,1,1,13,FRANCE,PROVENCE-ALPES-COTE-D'AZUR,055,13055,MARSEILLE,BOULEVARD MIREILLE LAUZE,266609,0,4,VC,1,2,2,,,0,1,,,,1,10,0,1,0,0
1,9,1,1,3,13,FRANCE,PROVENCE-ALPES-COTE-D'AZUR,055,13055,MARSEILLE,AVENUE JEAN LOMBARD,266612,0,4,VC,1,2,2,,,0,1,,,,1,33,0,1,0,0
1,1,2,1,3,13,FRANCE,PROVENCE-ALPES-COTE-D'AZUR,066,13066,NOVES,RD 74,266671,0,3,RD,74,2,2,6,300,0,1,0,0,,1,7,0,1,0,0
1,1,1,1,1,13,FRANCE,PROVENCE-ALPES-COTE-D'AZUR,007,13007,AURIOL,RD 96,266677,5,3,RD,96,2,2,0,0,0,3,0,0,,1,7,0,1,0,0
1,7,1,1,1,13,FRANCE,PROVENCE-ALPES-COTE-D'AZUR,004,13004,ARLES,VC 0,266686,0,4,VC,0,2,0,0,0,0,1,0,0,,1,7,0,1,0,0
1,1,2,1,1,13,FRANCE,PROVENCE-ALPES-COTE-D'AZUR,082,13082,ROGNES,RD 66,266799,0,3,RD,66,2,2,0,0,0,1,0,0,,1,7,0,1,0,0
1,6,2,1,3,13,FRANCE,PROVENCE-ALPES-COTE-D'AZUR,054,13054,MARIGNANE,ALLEE  DES OLIVIERS ,266809,0,4,VC,0,2,2,,,0,1,,,,1,7,0,1,0,0
1,6,3,1,3,13,FRANCE,PROVENCE-ALPES-COTE-D'AZUR,103,13103,SALON-DE-PROVENCE,AVENUE DU MARECHAL LECLERC,267003,0,3,RD,0,2,2,,,0,0,,,,1,7,0,1,0,0
1,1,1,1,1,13,FRANCE,PROVENCE-ALPES-COTE-D'AZUR,016,13016,BOUILLADISSE (LA),RD 45,267025,0,3,RD,45,2,2,2,950,0,1,0,0,,1,14,0,1,0,0
1,9,1,1,3,13,FRANCE,PROVENCE-ALPES-COTE-D'AZUR,055,13055,MARSEILLE,AVENUE DE LA CAPELETTE,267106,1,4,VC,1,2,2,,,0,1,,,,1,32,0,1,0,0
1,6,1,1,3,13,FRANCE,PROVENCE-ALPES-COTE-D'AZUR,005,13005,AUBAGNE,CAMP MAJOR CD 2,267155,0,3,RD,0,2,2,,,1,1,,,,1,7,0,1,0,0
1,5,1,1,3,13,FRANCE,PROVENCE-ALPES-COTE-D'AZUR,100,13100,SAINT-REMY-DE-PROVENCE,RD 99,267237,0,3,RD,99,2,0,18,0,1,1,0,0,,1,10,0,1,0,0
1,1,3,1,3,13,FRANCE,PROVENCE-ALPES-COTE-D'AZUR,030,13030,CUGES-LES-PINS,RD 1,267238,0,3,RD,1,2,2,14,0,0,1,0,0,,1,7,0,1,0,0
1,4,4,1,3,13,FRANCE,PROVENCE-ALPES-COTE-D'AZUR,018,13018,CABANNES,VC 0,267242,0,4,VC,0,2,2,0,0,0,1,4386600,495300,,1,7,0,1,0,0
1,1,1,1,3,13,FRANCE,PROVENCE-ALPES-COTE-D'AZUR,084,13084,ROQUE-D'ANTHERON (LA),RD 23,267245,5,3,RD,23,2,2,14,98,0,1,0,0,,1,7,0,1,0,0
1,9,1,1,3,13,FRANCE,PROVENCE-ALPES-COTE-D'AZUR,055,13055,MARSEILLE,CHEMIN DES GRIVES,267296,0,4,VC,1,2,2,,,0,1,,,,1,7,0,1,0,0
1,9,1,1,1,13,FRANCE,PROVENCE-ALPES-COTE-D'AZUR,055,13055,MARSEILLE,BOULEVARD GUY DE MAUPASSANT,267304,0,4,VC,1,0,0,,,0,1,,,,1,7,0,1,0,0
1,9,3,1,3,13,FRANCE,PROVENCE-ALPES-COTE-D'AZUR,055,13055,MARSEILLE,AVENUE ROGER SALENGRO,267308,0,4,VC,1,2,2,,,0,1,,,,1,30,0,1,0,0
3,1,1,1,6,13,FRANCE,PROVENCE-ALPES-COTE-D'AZUR,096,13096,SAINTES-MARIES-DE-LA-MER,RD 570,267357,0,3,RD,570,2,0,0,0,0,1,0,0,,1,7,0,1,0,0
1,1,1,1,2,13,FRANCE,PROVENCE-ALPES-COTE-D'AZUR,096,13096,SAINTES-MARIES-DE-LA-MER,RD 570,267358,0,3,RD,570,2,2,26,500,0,5,0,0,,1,7,0,1,0,0
1,1,1,1,3,13,FRANCE,PROVENCE-ALPES-COTE-D'AZUR,073,13073,PEYPIN,RD 7,267362,5,3,RD,7,2,2,0,0,0,1,0,0,,1,7,0,1,0,0
1,9,1,1,6,13,FRANCE,PROVENCE-ALPES-COTE-D'AZUR,055,13055,MARSEILLE,BOULEVARD BAILLE,267437,0,4,VC,1,2,5,,,0,1,,,,1,,0,0,0,1
1,5,1,1,3,13,FRANCE,PROVENCE-ALPES-COTE-D'AZUR,077,13077,PORT-DE-BOUC,AVENUE DU GROUPE MANOUCHIAN,267453,5,4,VC,0,2,2,,,0,1,,,,1,7,0,1,0,0
1,7,1,1,6,13,FRANCE,PROVENCE-ALPES-COTE-D'AZUR,004,13004,ARLES,AVENUE DU DOCTEUR JOSEPH IMBERT,267496,0,4,VC,0,2,2,,,0,1,,,,1,,0,0,0,1
1,1,1,1,3,13,FRANCE,PROVENCE-ALPES-COTE-D'AZUR,077,13077,PORT-DE-BOUC,D 50,267575,0,3,RD,0,2,2,,,0,1,,,,1,10,0,1,0,0
1,5,3,1,1,13,FRANCE,PROVENCE-ALPES-COTE-D'AZUR,077,13077,PORT-DE-BOUC,RUE VELLA PAUL,267576,0,4,VC,0,2,2,,,0,1,,,,1,7,0,1,0,0
1,1,1,1,5,13,FRANCE,PROVENCE-ALPES-COTE-D'AZUR,027,13027,CHATEAURENARD,RD 28,267596,0,3,RD,28,2,0,0,0,0,1,0,0,,1,7,0,1,0,0
1,9,1,1,3,13,FRANCE,PROVENCE-ALPES-COTE-D'AZUR,055,13055,MARSEILLE,AVENUE CLOT BEY,267613,0,4,VC,1,2,1,,,0,1,,,,1,7,0,1,0,0
2,1,1,1,2,13,FRANCE,PROVENCE-ALPES-COTE-D'AZUR,076,13076,PLAN-D'ORGON,RD 26,267711,0,3,RD,26,2,2,5,0,0,1,0,0,,1,10,0,1,0,0
1,1,1,1,2,13,FRANCE,PROVENCE-ALPES-COTE-D'AZUR,033,13033,ENSUES-LA-REDONNE,RD 9,267712,2,3,RD,9,2,2,30,500,0,1,4337700,518600,,1,7,0,1,0,0
1,1,1,1,2,13,FRANCE,PROVENCE-ALPES-COTE-D'AZUR,050,13050,LAMBESC,RD 15,267716,0,3,RD,15,2,2,22,0,1,5,4365400,525500,,1,7,0,1,0,0
1,8,9,1,3,13,FRANCE,PROVENCE-ALPES-COTE-D'AZUR,001,13001,AIX-EN-PROVENCE,AVENUE MALACRIDA HENRI,267720,0,4,VC,0,2,2,1,0,0,1,,,,1,3,0,1,0,0
1,9,1,1,6,13,FRANCE,PROVENCE-ALPES-COTE-D'AZUR,055,13055,MARSEILLE,BOULEVARD BOISSON,267771,0,4,VC,1,0,1,,,0,0,,,,1,7,0,1,0,0
1,9,2,1,3,13,FRANCE,PROVENCE-ALPES-COTE-D'AZUR,055,13055,MARSEILLE,BOULEVARD CENTRAL,267776,0,4,VC,1,2,2,,,0,1,,,,1,7,0,1,0,0
1,1,1,1,2,13,FRANCE,PROVENCE-ALPES-COTE-D'AZUR,001,13001,AIX-EN-PROVENCE,CHEMIN D'ANTONELLE,267835,0,4,VC,0,2,1,1,0,0,1,,,,1,7,0,1,0,0
1,9,6,1,6,13,FRANCE,PROVENCE-ALPES-COTE-D'AZUR,055,13055,MARSEILLE,RUE AVIATEUR LE BRIX,267861,0,4,VC,1,1,1,,,0,1,,,,1,7,0,1,0,0
3,1,1,1,6,13,FRANCE,PROVENCE-ALPES-COTE-D'AZUR,103,13103,SALON-DE-PROVENCE,RN 113,267949,0,2,RN,0,2,2,,,0,1,,,,1,99,0,1,0,0
1,9,3,1,3,13,FRANCE,PROVENCE-ALPES-COTE-D'AZUR,055,13055,MARSEILLE,BOULEVARD LIBERATION,268009,5,4,VC,1,2,3,,,0,1,,,,1,7,0,1,0,0
1,6,9,1,3,13,FRANCE,PROVENCE-ALPES-COTE-D'AZUR,117,13117,VITROLLES,ARCADES COLONEL DE COURSON,268070,0,4,VC,0,1,1,,,0,1,,,,1,7,0,1,0,0
1,7,1,1,3,13,FRANCE,PROVENCE-ALPES-COTE-D'AZUR,004,13004,ARLES,CHEMIN DES MURAILLETTES ,268108,0,4,VC,0,0,1,,,0,1,,,,1,7,0,1,0,0
1,9,9,1,3,13,FRANCE,PROVENCE-ALPES-COTE-D'AZUR,055,13055,MARSEILLE,AVENUE DE SAINT MENET,268131,1,4,VC,1,2,3,,,1,1,,,,1,15,0,1,0,0
2,9,1,1,3,13,FRANCE,PROVENCE-ALPES-COTE-D'AZUR,055,13055,MARSEILLE,BOULEVARD MICHELET,268143,0,4,VC,1,0,3,,,0,1,,,,1,34,0,0,0,1
1,9,1,9,2,13,FRANCE,PROVENCE-ALPES-COTE-D'AZUR,055,13055,MARSEILLE,AVENUE DE SAINT MENET,268264,0,4,VC,1,2,2,,,0,1,,,,1,7,0,1,0,0
2,9,1,1,3,13,FRANCE,PROVENCE-ALPES-COTE-D'AZUR,055,13055,MARSEILLE,RUE SAUVEUR TOBELEM,268278,0,4,VC,1,0,2,,,0,1,,,,1,7,0,1,0,0
1,7,1,1,6,13,FRANCE,PROVENCE-ALPES-COTE-D'AZUR,004,13004,ARLES,QUAI DE LA ROQUETTE,268315,0,4,VC,0,1,1,,,0,1,,,,1,7,0,1,0,0
1,6,3,1,3,13,FRANCE,PROVENCE-ALPES-COTE-D'AZUR,005,13005,AUBAGNE,CAMPAGNE MICHEL,268317,0,4,VC,0,1,0,,,0,4,,,,1,7,0,1,0,0
1,9,1,1,3,13,FRANCE,PROVENCE-ALPES-COTE-D'AZUR,055,13055,MARSEILLE,QUAI RIVE NEUVE,268380,0,4,VC,1,2,4,,,0,1,,,,1,33,0,1,0,0
1,5,1,1,3,13,FRANCE,PROVENCE-ALPES-COTE-D'AZUR,071,13071,PENNES-MIRABEAU (LES),AVENUE DE LATTRE DE TASSIGNY,268396,0,4,VC,0,2,2,,,0,1,,,,1,10,0,1,0,0
1,7,1,1,3,13,FRANCE,PROVENCE-ALPES-COTE-D'AZUR,004,13004,ARLES,BOULEVARD DES LICES,268404,0,4,VC,0,2,2,,,0,1,,,,1,13,0,1,0,0
1,5,1,1,3,13,FRANCE,PROVENCE-ALPES-COTE-D'AZUR,015,13015,BOUC-BEL-AIR,RN 8,268487,0,2,RN,8,3,2,8,500,1,0,0,0,,1,10,0,1,0,0
1,1,1,1,3,13,FRANCE,PROVENCE-ALPES-COTE-D'AZUR,086,13086,ROQUEVAIRE,RD 96,268497,0,3,RD,96,2,0,0,0,0,1,0,0,,1,7,0,1,0,0
1,1,1,1,1,13,FRANCE,PROVENCE-ALPES-COTE-D'AZUR,080,13080,PUY-SAINTE-REPARADE (LE),RD 561,268506,0,3,RD,561,2,2,20,200,2,1,0,0,,1,14,0,1,0,0
1,7,4,1,3,13,FRANCE,PROVENCE-ALPES-COTE-D'AZUR,004,13004,ARLES,RUE MONTAGNE DES CORDES ,268525,0,4,VC,0,1,1,0,1,0,0,,,,1,7,0,1,0,0
1,9,1,1,3,13,FRANCE,PROVENCE-ALPES-COTE-D'AZUR,055,13055,MARSEILLE,BOULEVARD JEAN MOULIN,268635,0,4,VC,1,3,3,,,0,0,,,,1,7,0,1,0,0
1,4,1,1,3,13,FRANCE,PROVENCE-ALPES-COTE-D'AZUR,060,13060,MEYREUIL,VC 0,268693,0,4,VC,0,2,2,0,0,0,1,4348200,550600,,1,7,0,1,0,0
1,9,3,1,6,13,FRANCE,PROVENCE-ALPES-COTE-D'AZUR,055,13055,MARSEILLE,RUE CHATEAU PAY,268749,0,4,VC,1,1,1,,,0,1,,,,1,7,0,1,0,0
1,9,2,1,7,13,FRANCE,PROVENCE-ALPES-COTE-D'AZUR,055,13055,MARSEILLE,CHEMIN ST MENET,268775,0,4,VC,1,2,3,,,0,0,,,,1,7,0,1,0,0
1,1,3,1,3,13,FRANCE,PROVENCE-ALPES-COTE-D'AZUR,071,13071,PENNES-MIRABEAU (LES),PLAN DES PENNES ROUTE NATIONALE 368,268783,0,3,RD,0,2,2,,,0,1,,,,1,7,0,1,0,0
1,1,1,1,3,13,FRANCE,PROVENCE-ALPES-COTE-D'AZUR,014,13014,BERRE-L'ETANG,RD 21,268797,0,3,RD,21,2,2,7,770,0,1,4350500,515200,,1,7,0,1,0,0
1,6,6,1,3,13,FRANCE,PROVENCE-ALPES-COTE-D'AZUR,047,13047,ISTRES,AVENUE FELIX GOUIN ,268921,0,4,VC,0,3,4,,,0,0,,,,1,7,0,1,0,0
1,6,1,1,2,13,FRANCE,PROVENCE-ALPES-COTE-D'AZUR,047,13047,ISTRES,ROND-POINT des Bellons,268922,0,4,VC,0,1,0,,,0,1,,,,1,33,0,1,0,0
1,9,1,1,2,13,FRANCE,PROVENCE-ALPES-COTE-D'AZUR,055,13055,MARSEILLE,AVENUE HAIFA,268929,0,4,VC,1,2,1,,,0,1,,,,1,7,0,1,0,0
1,9,1,1,7,13,FRANCE,PROVENCE-ALPES-COTE-D'AZUR,055,13055,MARSEILLE,PROMENADE POMPIDOU,268938,0,4,VC,1,2,0,,,0,1,,,,1,,0,1,0,0
1,9,1,1,1,13,FRANCE,PROVENCE-ALPES-COTE-D'AZUR,055,13055,MARSEILLE,CHEMIN DE SAINT ANTOINE,268941,0,4,VC,1,0,1,,,0,1,,,,1,7,0,1,0,0
1,9,3,1,3,13,FRANCE,PROVENCE-ALPES-COTE-D'AZUR,055,13055,MARSEILLE,RD 0,268958,0,3,RD,0,2,2,,,0,1,,,,1,7,0,1,0,0
1,1,1,1,3,13,FRANCE,PROVENCE-ALPES-COTE-D'AZUR,004,13004,ARLES,VC 108,268982,0,4,VC,108,2,2,0,0,0,1,0,0,,1,13,0,1,0,0
1,4,3,1,3,13,FRANCE,PROVENCE-ALPES-COTE-D'AZUR,024,13024,CHARLEVAL,RD 561,269003,0,3,RD,561,2,2,4,650,0,1,4372300,525000,,1,7,0,1,0,0
1,5,1,1,7,13,FRANCE,PROVENCE-ALPES-COTE-D'AZUR,002,13002,ALLAUCH,BOULEVARD SALVATORE ALLENDE,269023,0,3,RD,1,2,2,,,0,1,,,,1,,0,1,0,0
1,5,2,1,3,13,FRANCE,PROVENCE-ALPES-COTE-D'AZUR,108,13108,TARASCON,AVENUE MARGUARIDO,269061,0,3,RD,0,2,2,,,0,1,,,,1,7,0,1,0,0
1,5,1,1,3,13,FRANCE,PROVENCE-ALPES-COTE-D'AZUR,108,13108,TARASCON,RD 570 ROUTE D'AVIGNON,269062,0,3,RD,0,2,3,,,0,1,,,,1,7,0,1,0,0
1,5,6,1,1,13,FRANCE,PROVENCE-ALPES-COTE-D'AZUR,019,13019,CABRIES,RD 543,269071,5,3,RD,543,2,2,0,0,0,1,4346800,535400,,1,7,0,1,0,0
1,1,3,1,3,13,FRANCE,PROVENCE-ALPES-COTE-D'AZUR,022,13022,CASSIS,Autoroute 50,269078,3,1,Autoroute,50,1,1,0,0,0,1,4323000,558600,,1,7,0,1,0,0
1,5,3,1,3,13,FRANCE,PROVENCE-ALPES-COTE-D'AZUR,043,13043,GIGNAC-LA-NERTHE,FIGUEROLLES  QUARTIER,269103,0,4,VC,0,2,1,,,0,1,,,,1,7,0,1,0,0
1,5,1,1,1,13,FRANCE,PROVENCE-ALPES-COTE-D'AZUR,002,13002,ALLAUCH,VALLON DU PASSE TEMPS,269106,0,4,VC,1,2,1,,,0,1,,,,1,7,0,1,0,0
1,9,3,1,3,13,FRANCE,PROVENCE-ALPES-COTE-D'AZUR,055,13055,MARSEILLE,RUE DES BONS ENFANT,269147,0,4,VC,1,1,0,,,0,0,,,,1,7,0,1,0,0
1,6,1,1,6,13,FRANCE,PROVENCE-ALPES-COTE-D'AZUR,117,13117,VITROLLES,AVENUE DE MARSEILLE,269154,0,4,VC,0,2,2,,,0,1,,,,1,7,0,1,0,0
1,1,6,1,2,13,FRANCE,PROVENCE-ALPES-COTE-D'AZUR,005,13005,AUBAGNE,ROUTE NATIONALE RN 396,269182,0,3,RD,0,1,1,,,0,1,,,,1,7,0,1,0,0
1,9,1,1,6,13,FRANCE,PROVENCE-ALPES-COTE-D'AZUR,055,13055,MARSEILLE,RUE DE LA REPUBLIQUE ,269193,0,4,VC,1,3,2,,,0,1,,,,1,7,0,1,0,0
1,9,1,1,2,13,FRANCE,PROVENCE-ALPES-COTE-D'AZUR,055,13055,MARSEILLE,BOULEVARD RABATAU,269201,0,4,VC,1,2,2,,,0,1,,,,1,30,0,0,0,1
3,5,1,1,6,13,FRANCE,PROVENCE-ALPES-COTE-D'AZUR,100,13100,SAINT-REMY-DE-PROVENCE,RD 99,269259,0,3,RD,99,2,2,0,0,0,3,0,0,,1,,0,1,0,0
5,7,1,1,3,13,FRANCE,PROVENCE-ALPES-COTE-D'AZUR,004,13004,ARLES,AVENUE DE HONGRIE,269277,0,4,VC,0,2,2,,,0,1,,,,1,10,0,1,0,0
1,1,1,1,2,13,FRANCE,PROVENCE-ALPES-COTE-D'AZUR,112,13112,VELAUX,RD 20,269355,0,3,RD,20,2,2,15,300,2,5,4353130,524003,,1,10,0,1,0,0
5,7,3,1,2,13,FRANCE,PROVENCE-ALPES-COTE-D'AZUR,004,13004,ARLES,RUE JEAN JAURES,269359,0,4,VC,0,1,1,0,0,0,1,,,,1,7,0,1,0,0
1,1,1,1,2,13,FRANCE,PROVENCE-ALPES-COTE-D'AZUR,005,13005,AUBAGNE,CHEMIN DE LONGUELANCE,269428,0,4,VC,0,2,2,0,0,0,1,,,,1,10,0,1,0,0
1,9,1,1,2,13,FRANCE,PROVENCE-ALPES-COTE-D'AZUR,209,13209,MARSEILLE,BOULEVARD SAINTE MARGUERITE,269464,0,4,VC,1,1,4,0,0,0,1,,,,1,7,0,1,0,0
1,8,6,2,3,13,FRANCE,PROVENCE-ALPES-COTE-D'AZUR,001,13001,AIX-EN-PROVENCE,AVENUE DE LA CIBLE,269493,0,9,Autre,0,2,0,0,0,0,1,,,,1,7,0,1,0,0
1,8,1,1,3,13,FRANCE,PROVENCE-ALPES-COTE-D'AZUR,001,13001,AIX-EN-PROVENCE,AVENUE MALACRIDA HENRI,269572,0,4,VC,0,2,2,0,0,0,1,,,,1,7,0,1,0,0
2,9,3,1,1,13,FRANCE,PROVENCE-ALPES-COTE-D'AZUR,211,13211,MARSEILLE,RUE JEAN CARMINATTI,269616,0,4,VC,1,1,1,0,0,0,0,,,,1,7,0,1,0,0
1,9,3,3,3,13,FRANCE,PROVENCE-ALPES-COTE-D'AZUR,209,13209,MARSEILLE,RUE JULES ISAAC,269658,0,4,VC,1,2,2,0,0,0,0,,,,1,10,0,1,0,0