lum,agg,int,atm,col,dep_bis,pays,region,com_bis,com_codeINSEE,communes,N_voie,numac,infra,catr,type_route,voie,circ,nbv,pr,pr1,vosp,situ,lat,long,adr,accident_velo,vehicule_imp,cycl_mort,cycl_bgv,cycl_blg,cycl_indm
1,1,1,1,3,13,FRANCE,PROVENCE-ALPES-COTE-D'AZUR,074,13074,PEYROLLES-EN-PROVENCE,RN 96,269678,0,2,RN,96,2,0,51,100,0,1,4364910,560264,,1,7,0,1,0,0
1,6,1,1,3,13,FRANCE,PROVENCE-ALPES-COTE-D'AZUR,047,13047,ISTRES,RD 569,269687,0,3,RD,569,2,2,7,250,0,1,4371220,502722,,1,7,0,1,0,0
1,1,1,1,6,13,FRANCE,PROVENCE-ALPES-COTE-D'AZUR,047,13047,ISTRES,D5,269688,0,3,RD,5,2,2,49,943,3,2,4361200,492682,,1,7,0,1,0,0
1,9,1,1,3,13,FRANCE,PROVENCE-ALPES-COTE-D'AZUR,055,13055,MARSEILLE,ROND-POINT JEAN DE TCHORLOU,269731,0,4,VC,0,1,1,0,0,0,1,,,,1,7,0,1,0,0
1,1,1,7,3,13,FRANCE,PROVENCE-ALPES-COTE-D'AZUR,060,13060,MEYREUIL,RD 58,269760,0,3,RD,58,2,0,0,0,0,1,0,0,,1,7,0,1,0,0
1,9,1,1,1,13,FRANCE,PROVENCE-ALPES-COTE-D'AZUR,055,13055,MARSEILLE,ROUTE LEON LACHAMP,269809,0,3,RD,559,2,2,0,0,0,1,,,,1,7,0,1,0,0
1,9,1,1,6,13,FRANCE,PROVENCE-ALPES-COTE-D'AZUR,209,13209,MARSEILLE,BOULEVARD ROMAIN ROLLAND,269812,0,4,VC,1,2,2,0,0,0,1,,,,1,7,0,1,0,0
1,9,1,1,3,13,FRANCE,PROVENCE-ALPES-COTE-D'AZUR,208,13208,MARSEILLE,BOULEVARD RABATAU,269829,0,4,VC,1,2,4,0,0,0,1,,,,1,14,0,1,0,0
3,1,1,1,2,13,FRANCE,PROVENCE-ALPES-COTE-D'AZUR,040,13040,FUVEAU,RN 96,269860,0,2,RN,96,2,0,20,800,0,1,4346740,554499,,1,32,0,1,0,0
1,9,1,1,2,13,FRANCE,PROVENCE-ALPES-COTE-D'AZUR,208,13208,MARSEILLE,RUE DU ROUET,269893,0,4,VC,1,2,3,0,0,0,1,,,,1,7,0,1,0,0
1,9,6,1,3,13,FRANCE,PROVENCE-ALPES-COTE-D'AZUR,208,13208,MARSEILLE,BOULEVARD MICHELET,269901,0,4,VC,1,2,6,0,0,3,1,,,,1,7,0,1,0,0
1,9,1,1,2,13,FRANCE,PROVENCE-ALPES-COTE-D'AZUR,055,13055,MARSEILLE,AVENUE DE SAINT MENET,269918,0,4,VC,0,2,4,0,0,1,1,,,,1,7,0,1,0,0
1,6,6,1,6,13,FRANCE,PROVENCE-ALPES-COTE-D'AZUR,028,13028,CIOTAT (LA),Rond-Point Rovarch/Saint Jean,269957,0,3,RD,559,1,2,29,244,0,1,4319410,560053,,1,7,0,1,0,0
1,9,1,1,1,13,FRANCE,PROVENCE-ALPES-COTE-D'AZUR,215,13215,MARSEILLE,CHEMIN DES BOURRELY,270034,0,4,VC,1,3,2,0,0,0,1,,,,1,10,0,1,0,0
1,9,1,1,3,13,FRANCE,PROVENCE-ALPES-COTE-D'AZUR,055,13055,MARSEILLE,BARASSE,270087,0,2,RN,8,2,2,38,516,0,1,,,,1,7,0,1,0,0
1,9,1,1,2,13,FRANCE,PROVENCE-ALPES-COTE-D'AZUR,055,13055,MARSEILLE,MONTEE DE L' ORATOIRE,270089,0,4,VC,0,1,0,0,0,0,1,,,,1,7,0,1,0,0
5,5,1,1,1,13,FRANCE,PROVENCE-ALPES-COTE-D'AZUR,102,13102,SAINT-VICTORET,BOULEVARD ROBERT FERRISSE ,270109,0,4,VC,0,2,2,0,0,0,1,,,,1,7,0,1,0,0
5,5,1,1,1,13,FRANCE,PROVENCE-ALPES-COTE-D'AZUR,106,13106,SEPTEMES-LES-VALLONS,RN 8,270123,0,2,RN,8,2,0,18,49,0,1,4338820,536011,,1,14,0,1,0,0
1,9,1,1,3,13,FRANCE,PROVENCE-ALPES-COTE-D'AZUR,212,13212,MARSEILLE,BOULEVARD BOUYALA D'ARNAUD,270142,0,4,VC,1,3,3,0,0,1,1,,,,1,7,0,1,0,0
1,9,1,1,3,13,FRANCE,PROVENCE-ALPES-COTE-D'AZUR,201,13201,MARSEILLE,QUAI DE RIVE NEUVE,270174,0,4,VC,1,2,3,0,0,0,1,,,,1,33,0,1,0,0
1,1,1,1,1,13,FRANCE,PROVENCE-ALPES-COTE-D'AZUR,066,13066,NOVES,RD 30,270207,0,3,RD,30,2,2,0,700,0,1,4382000,488920,,1,17,0,1,0,0
1,6,6,1,3,13,FRANCE,PROVENCE-ALPES-COTE-D'AZUR,028,13028,CIOTAT (LA),AVENUE GUILLAUME DULAC,270223,5,3,RD,40,1,2,0,900,0,1,4319880,561658,,1,7,0,1,0,0
1,9,2,1,1,13,FRANCE,PROVENCE-ALPES-COTE-D'AZUR,201,13201,MARSEILLE,RUE D'AIX,270255,0,4,VC,1,1,2,0,0,0,1,,,,1,7,0,1,0,0
1,9,1,1,6,13,FRANCE,PROVENCE-ALPES-COTE-D'AZUR,216,13216,MARSEILLE,ROND-POINT ANTOINE SARTORIO,270258,0,4,VC,1,1,3,0,0,0,1,,,,1,7,0,1,0,0
1,9,1,1,3,13,FRANCE,PROVENCE-ALPES-COTE-D'AZUR,213,13213,MARSEILLE,RUE ALPHONSE DAUDET,270274,0,4,VC,1,1,1,0,0,0,1,,,,1,7,0,1,0,0
5,9,1,1,3,13,FRANCE,PROVENCE-ALPES-COTE-D'AZUR,209,13209,MARSEILLE,AVENUE DE LA BARQUIERE,270346,0,4,VC,1,2,4,0,0,1,1,,,,1,7,0,1,0,0
1,9,3,1,3,13,FRANCE,PROVENCE-ALPES-COTE-D'AZUR,055,13055,MARSEILLE,RUE SAINT PIERRE,270362,0,4,VC,0,2,2,0,0,0,1,,,,1,30,0,0,0,1
1,5,1,1,7,13,FRANCE,PROVENCE-ALPES-COTE-D'AZUR,002,13002,ALLAUCH,CHEMIN SAINTE EUPHEMIE,270384,0,4,VC,1,2,2,0,0,0,1,4334150,547312,,1,,0,1,0,0
1,9,1,1,6,13,FRANCE,PROVENCE-ALPES-COTE-D'AZUR,055,13055,MARSEILLE,BOULEVARD MICHELET,270396,0,3,RD,559,2,6,1,720,3,1,4327220,539133,,1,7,0,1,0,0
5,9,3,3,3,13,FRANCE,PROVENCE-ALPES-COTE-D'AZUR,055,13055,MARSEILLE,TRAVERSEE POURRIERE,270498,0,4,VC,0,2,3,0,0,3,1,4324360,538474,,1,7,0,1,0,0
1,9,3,1,3,13,FRANCE,PROVENCE-ALPES-COTE-D'AZUR,055,13055,MARSEILLE,BOULEVARD MIREMONTS,270505,0,4,VC,0,2,1,0,0,0,1,4323730,536357,,1,7,0,1,0,0
1,7,3,1,6,13,FRANCE,PROVENCE-ALPES-COTE-D'AZUR,004,13004,ARLES,RUE CONDORCET,270523,0,4,VC,0,2,2,0,0,0,1,4367960,463385,,1,14,0,1,0,0
1,8,1,1,6,13,FRANCE,PROVENCE-ALPES-COTE-D'AZUR,001,13001,AIX-EN-PROVENCE,AVENUE DE LA BREDASQUE,270549,0,4,VC,0,2,2,0,0,0,1,,,,1,7,0,1,0,0
1,6,1,1,3,13,FRANCE,PROVENCE-ALPES-COTE-D'AZUR,028,13028,CIOTAT (LA),AVENUE FERRY JULES,270561,0,4,VC,0,2,0,0,0,0,1,4318350,560161,,1,7,0,1,0,0
1,8,6,1,3,13,FRANCE,PROVENCE-ALPES-COTE-D'AZUR,001,13001,AIX-EN-PROVENCE,ROUTE DE GALICE,270569,0,3,RD,64,1,2,2,297,0,1,4353020,541026,,1,7,0,1,0,0
1,9,1,1,3,13,FRANCE,PROVENCE-ALPES-COTE-D'AZUR,055,13055,MARSEILLE,AVENUE DES OLIVES,270587,0,4,VC,0,2,2,0,0,0,4,,,,1,7,0,1,0,0
1,9,1,1,3,13,FRANCE,PROVENCE-ALPES-COTE-D'AZUR,055,13055,MARSEILLE,RUE DE LA PINEDE,270596,0,4,VC,0,1,1,0,0,0,1,,,,1,7,0,1,0,0
1,9,1,1,3,13,FRANCE,PROVENCE-ALPES-COTE-D'AZUR,055,13055,MARSEILLE,PAR BORELY,270619,0,4,VC,0,1,1,0,0,0,1,,,,1,7,0,1,0,0
1,8,6,1,3,13,FRANCE,PROVENCE-ALPES-COTE-D'AZUR,001,13001,AIX-EN-PROVENCE,AVENUE MALACRIDA HENRI,270643,5,3,RD,7,1,2,65,172,0,1,4351630,546672,,1,7,0,1,0,0
1,1,1,1,3,13,FRANCE,PROVENCE-ALPES-COTE-D'AZUR,104,13104,SAUSSET-LES-PINS,RD 49,270703,0,3,RD,49,2,2,0,0,1,5,0,0,,1,7,0,1,0,0
1,1,1,1,3,13,FRANCE,PROVENCE-ALPES-COTE-D'AZUR,086,13086,ROQUEVAIRE,RD 96,270708,0,3,RD,96,2,0,5,600,0,1,4333560,560118,,1,7,0,1,0,0
1,9,1,1,1,13,FRANCE,PROVENCE-ALPES-COTE-D'AZUR,055,13055,MARSEILLE,VOI LA CANEBIERE,270728,0,4,VC,0,2,2,0,0,0,1,,,,1,7,0,1,0,0
1,9,1,1,6,13,FRANCE,PROVENCE-ALPES-COTE-D'AZUR,055,13055,MARSEILLE,AVENUE CLOT BEY,270732,0,4,VC,0,2,2,0,0,0,1,,,,1,7,0,1,0,0
1,7,1,1,3,13,FRANCE,PROVENCE-ALPES-COTE-D'AZUR,004,13004,ARLES,RUE JEAN GIONO ,270782,0,4,VC,0,2,2,0,0,0,1,,,,1,7,0,1,0,0
1,3,2,1,3,13,FRANCE,PROVENCE-ALPES-COTE-D'AZUR,068,13068,PARADOU,RD 78,270786,5,3,RD,78,2,2,1,767,0,1,4371760,478791,,1,7,0,1,0,0
1,7,6,1,3,13,FRANCE,PROVENCE-ALPES-COTE-D'AZUR,004,13004,ARLES,RN 570,270823,0,2,RN,570,2,2,0,0,0,0,,,,1,7,0,1,0,0
1,9,1,1,3,13,FRANCE,PROVENCE-ALPES-COTE-D'AZUR,055,13055,MARSEILLE,AVENUE DE VALDONNE,270905,0,4,VC,0,2,2,0,0,0,1,,,,1,7,0,1,0,0
1,1,1,1,7,13,FRANCE,PROVENCE-ALPES-COTE-D'AZUR,047,13047,ISTRES,D 51,270916,0,3,RD,51,0,2,0,0,0,3,,,,1,,0,1,0,0
2,1,1,1,3,13,FRANCE,PROVENCE-ALPES-COTE-D'AZUR,039,13039,FOS-SUR-MER,ROND-point du GUIGONNET,270927,5,4,VC,0,0,1,0,0,0,1,,,,1,33,0,1,0,0
1,8,1,1,2,13,FRANCE,PROVENCE-ALPES-COTE-D'AZUR,001,13001,AIX-EN-PROVENCE,COURS GAMBETTA,270931,0,4,VC,0,2,3,0,0,0,1,,,,1,7,0,1,0,0
5,5,1,1,3,13,FRANCE,PROVENCE-ALPES-COTE-D'AZUR,027,13027,CHATEAURENARD,VC 0,270975,0,4,VC,0,2,2,0,0,0,1,0,0,,1,14,0,1,0,0
1,5,1,1,3,13,FRANCE,PROVENCE-ALPES-COTE-D'AZUR,106,13106,SEPTEMES-LES-VALLONS,VC 0,271053,0,4,VC,0,2,1,0,0,0,1,0,0,,1,7,0,1,0,0
1,1,2,1,3,13,FRANCE,PROVENCE-ALPES-COTE-D'AZUR,001,13001,AIX-EN-PROVENCE,ROUTE DU COLONEL BELLEC MAURICE,271079,0,3,RD,0,2,2,0,0,0,1,4357690,541040,,1,7,0,1,0,0
5,5,1,1,1,13,FRANCE,PROVENCE-ALPES-COTE-D'AZUR,097,13097,SAINT-MARTIN-DE-CRAU,Autre 0,271104,5,9,Autre,0,2,0,0,0,0,1,0,0,,1,10,0,1,0,0
1,6,1,1,3,13,FRANCE,PROVENCE-ALPES-COTE-D'AZUR,054,13054,MARIGNANE,AVENUE DU HUIT MAI 1945,271118,0,4,VC,0,0,2,0,0,0,1,,,,1,7,0,1,0,0
1,6,1,1,7,13,FRANCE,PROVENCE-ALPES-COTE-D'AZUR,054,13054,MARIGNANE,AVENUE DU HUIT MAI 1945,271149,2,4,VC,0,2,2,0,0,0,4,,,,1,14,0,1,0,0
1,1,2,1,3,13,FRANCE,PROVENCE-ALPES-COTE-D'AZUR,066,13066,NOVES,RD 29,271161,0,3,RD,29,0,0,0,0,0,0,4384340,489498,,1,7,0,1,0,0
1,1,1,1,6,13,FRANCE,PROVENCE-ALPES-COTE-D'AZUR,092,13092,SAINT-CHAMAS,RD 10,271162,0,3,RD,10,2,2,19,500,0,3,4353770,512033,,1,,0,1,0,0
1,5,6,1,3,13,FRANCE,PROVENCE-ALPES-COTE-D'AZUR,015,13015,BOUC-BEL-AIR,VC 0,271287,5,4,VC,0,1,2,0,0,0,1,4343500,541099,,1,7,0,1,0,0
5,9,1,1,3,13,FRANCE,PROVENCE-ALPES-COTE-D'AZUR,055,13055,MARSEILLE,BOULEVARD MICHELET,271289,0,4,VC,0,2,6,0,0,3,1,,,,1,37,0,1,0,0
1,1,1,1,3,13,FRANCE,PROVENCE-ALPES-COTE-D'AZUR,079,13079,PUYLOUBIER,RD 57,271362,0,3,RD,57,0,2,,,0,1,0,0,,1,7,0,1,0,0
1,1,1,1,2,13,FRANCE,PROVENCE-ALPES-COTE-D'AZUR,097,13097,SAINT-MARTIN-DE-CRAU,RD 5,271380,0,3,RD,5,2,2,,,2,5,0,0,,1,7,0,1,0,0
1,4,1,1,3,13,FRANCE,PROVENCE-ALPES-COTE-D'AZUR,084,13084,ROQUE-D'ANTHERON (LA),VC 0,271442,0,4,VC,0,2,2,,,0,1,0,0,,1,7,0,1,0,0
2,5,3,1,3,13,FRANCE,PROVENCE-ALPES-COTE-D'AZUR,104,13104,SAUSSET-LES-PINS,,271447,0,4,VC,,2,2,,,0,1,0,0,,1,7,0,1,0,0
1,1,1,1,7,13,FRANCE,PROVENCE-ALPES-COTE-D'AZUR,001,13001,AIX-EN-PROVENCE,RD 9,271511,0,3,RD,9,2,2,,,0,1,,,,1,,0,1,0,0
1,6,1,1,6,13,FRANCE,PROVENCE-ALPES-COTE-D'AZUR,005,13005,AUBAGNE,AVENUE ANTIDE BOYER,271572,0,9,Autre,0,1,2,,,0,1,,,,1,7,0,1,0,0
2,5,3,1,3,13,FRANCE,PROVENCE-ALPES-COTE-D'AZUR,070,13070,PENNE-SUR-HUVEAUNE (LA),TRAVERSE DE LA BOURGADE,271585,5,2,RN,,2,2,,,0,1,,,,1,7,0,1,0,0
5,9,1,1,7,13,FRANCE,PROVENCE-ALPES-COTE-D'AZUR,055,13055,MARSEILLE,ALLEE DE LA ROUGUIERE,271635,0,4,VC,0,3,2,,,0,1,4329585,545789,,1,,0,1,0,0
1,9,1,1,6,13,FRANCE,PROVENCE-ALPES-COTE-D'AZUR,055,13055,MARSEILLE,RUE SAINTE CECILE,271748,0,4,VC,0,0,0,,,0,0,4328687,539054,,1,7,0,1,0,0
1,9,1,1,6,13,FRANCE,PROVENCE-ALPES-COTE-D'AZUR,055,13055,MARSEILLE,RUE STANISLAS TORRENTS,271770,0,4,VC,0,0,0,,,0,0,4328784,537823,,1,7,0,1,0,0
1,9,1,1,1,13,FRANCE,PROVENCE-ALPES-COTE-D'AZUR,055,13055,MARSEILLE,SQUARE BERTHIER,271778,4,4,VC,0,3,2,,,0,1,4329237,543564,,1,7,0,1,0,0
1,1,1,1,6,13,FRANCE,PROVENCE-ALPES-COTE-D'AZUR,002,13002,ALLAUCH,AVENUE ETIENNE CUCCA,271881,0,3,RD,908,2,2,15,0,1,1,,,,1,99,0,1,0,0
1,9,1,1,2,13,FRANCE,PROVENCE-ALPES-COTE-D'AZUR,055,13055,MARSEILLE,BOULEVARD PIERRE MENARD,271910,0,3,RD,2,3,5,,,2,1,4329049,543950,,1,7,0,1,0,0
5,9,1,1,3,13,FRANCE,PROVENCE-ALPES-COTE-D'AZUR,055,13055,MARSEILLE,BOULEVARD FERDINAND DE LESSEPS,271924,3,4,VC,0,1,1,,,0,1,4332010,537109,,1,10,0,1,0,0
2,9,1,1,3,13,FRANCE,PROVENCE-ALPES-COTE-D'AZUR,055,13055,MARSEILLE,ROUTE LEON LACHAMP,271925,0,3,RD,559,2,2,,,0,1,4324896,545208,,1,7,0,1,0,0
1,9,1,1,2,13,FRANCE,PROVENCE-ALPES-COTE-D'AZUR,055,13055,MARSEILLE,AVENUE DU VINGT QUATRE AVRIL 1915,272003,0,4,VC,0,2,2,,,0,1,4330831,543602,,1,7,0,1,0,0
1,9,1,1,3,13,FRANCE,PROVENCE-ALPES-COTE-D'AZUR,055,13055,MARSEILLE,AVENUE DE SAINT MENET,272043,0,4,VC,0,2,3,,,0,1,,,,1,10,0,1,0,0
1,9,2,1,3,13,FRANCE,PROVENCE-ALPES-COTE-D'AZUR,055,13055,MARSEILLE,BOULEVARD NATIONAL,272178,0,4,VC,0,1,0,,,0,0,4330979,537959,,1,10,0,1,0,0
1,1,1,1,3,13,FRANCE,PROVENCE-ALPES-COTE-D'AZUR,026,13026,CHATEAUNEUF-LES-MARTIGUES,ROND-point du BRICARD,272194,5,2,RN,,4,2,,,0,1,,,,1,7,0,1,0,0
1,6,6,2,1,13,FRANCE,PROVENCE-ALPES-COTE-D'AZUR,103,13103,SALON-DE-PROVENCE,RUE RANCHIER -DE L'ABBE,272223,0,3,RD,16,2,2,20,206,0,1,4364051,510647,,1,7,0,1,0,0
1,1,1,1,2,13,FRANCE,PROVENCE-ALPES-COTE-D'AZUR,117,13117,VITROLLES,EUROCOPTER CD 20,272233,0,3,RD,20,1,2,11,0,0,1,,,,1,30,0,1,0,0
1,5,1,1,6,13,FRANCE,PROVENCE-ALPES-COTE-D'AZUR,071,13071,PENNES-MIRABEAU (LES),AVENUE DU GENERAL LECLERC,272250,0,4,VC,0,2,2,,,0,1,4340946,532068,,1,,0,1,0,0
1,5,1,1,3,13,FRANCE,PROVENCE-ALPES-COTE-D'AZUR,071,13071,PENNES-MIRABEAU (LES),PLAN DES PENNES ROUTE NATIONALE 368,272264,0,3,RD,368,2,2,,,0,1,,,,1,7,0,1,0,0
1,1,3,1,1,13,FRANCE,PROVENCE-ALPES-COTE-D'AZUR,010,13010,BARBENTANE,RD 35,272299,0,3,RD,35,2,0,2,800,0,1,0,0,,1,7,0,1,0,0
1,6,1,1,3,14,FRANCE,BASSE-NORMANDIE,366,14366,LISIEUX,AVENUE DU SIX JUIN,272358,0,4,VC,0,2,3,,,0,4,,,,1,7,0,1,0,0
3,3,9,1,2,14,FRANCE,BASSE-NORMANDIE,614,14614,SAINTE-MARGUERITE-D'ELLE,RD 11,272373,0,3,RD,11,2,2,8,200,0,1,0,0,,1,7,0,1,0,0
1,8,3,1,1,14,FRANCE,BASSE-NORMANDIE,118,14118,CAEN,ROUTE DE LION,272380,0,4,VC,0,2,2,,,0,1,,,,1,18,0,1,0,0
2,3,1,7,6,14,FRANCE,BASSE-NORMANDIE,557,14557,SAINT-ARNOULT,AVENUE OX AND BUCKS,272385,0,9,Autre,0,2,2,499,0,0,1,,,,1,7,0,1,0,0
1,3,1,1,1,14,FRANCE,BASSE-NORMANDIE,659,14659,SAINT-SYLVAIN,RD 183,272401,0,3,RD,183,2,0,0,0,0,1,0,0,,1,7,0,1,0,0
1,1,1,1,3,14,FRANCE,BASSE-NORMANDIE,629,14629,SAINT-MARTIN-DES-BESACES,RD 675,272410,0,3,RD,675,2,2,44,50,0,1,4901300,-87900,,1,,0,0,0,1
1,6,1,1,3,14,FRANCE,BASSE-NORMANDIE,366,14366,LISIEUX,RUE DU PRE D'AUGE,272415,0,3,RD,0,2,2,,,0,1,,,,1,7,0,1,0,0
1,6,1,1,3,14,FRANCE,BASSE-NORMANDIE,366,14366,LISIEUX,SQUARE NICOLAS VAUQUELIN,272450,0,6,Parking,0,2,0,,,0,0,,,,1,7,0,1,0,0
1,4,9,1,1,14,FRANCE,BASSE-NORMANDIE,738,14738,VERSON,Autre 0,272467,0,9,Autre,0,2,2,0,0,3,1,4916100,-45600,,1,7,0,1,0,0
1,1,1,2,3,14,FRANCE,BASSE-NORMANDIE,593,14593,SAINT-HYMER,RD 675,272476,0,3,RD,675,2,0,15,200,0,1,4927600,16800,,1,10,0,1,0,0
5,6,2,1,1,14,FRANCE,BASSE-NORMANDIE,366,14366,LISIEUX,RUE ROGER AINI,272483,0,4,VC,0,2,2,,,0,1,,,,1,7,0,1,0,0
1,1,1,1,3,14,FRANCE,BASSE-NORMANDIE,547,14547,RUBERCY,RD 96,272505,0,3,RD,96,2,0,3,0,0,1,0,0,,1,21,0,1,0,0
1,1,1,1,2,14,FRANCE,BASSE-NORMANDIE,422,14422,MESNIL-MAUGER (LE),RD 16,272507,0,3,RD,16,2,2,8,100,0,1,0,0,,1,7,0,1,0,0
1,5,1,1,3,14,FRANCE,BASSE-NORMANDIE,225,14225,DIVES-SUR-MER,RUE SALVADOR ALLENDE ,272520,0,4,VC,0,0,2,10,0,2,0,,,,1,7,0,1,0,0
1,8,1,1,2,14,FRANCE,BASSE-NORMANDIE,118,14118,CAEN,BOULEVARD ANDRE DETOLLE,272528,0,3,RD,0,1,2,1,0,0,1,,,,1,7,0,1,0,0
1,4,2,7,3,14,FRANCE,BASSE-NORMANDIE,365,14365,LION-SUR-MER,RD 84,272535,0,3,RD,84,2,1,0,0,0,1,0,0,,1,7,0,1,0,0
1,4,6,2,1,14,FRANCE,BASSE-NORMANDIE,654,14654,SAINT-PIERRE-SUR-DIVES,RD 511,272553,5,3,RD,511,2,1,23,500,0,1,4902600,-2900,,1,10,0,1,0,0
5,8,1,1,1,14,FRANCE,BASSE-NORMANDIE,118,14118,CAEN,BOULEVARD DU MARECHAL JUIN,272567,0,4,VC,0,3,2,,,2,1,,,,1,7,0,1,0,0
3,1,1,9,1,14,FRANCE,BASSE-NORMANDIE,554,14554,SAINT-AIGNAN-DE-CRAMESNIL,RD 23,272572,0,3,RD,23,2,2,0,0,0,1,0,0,,1,10,0,1,0,0
1,8,1,1,3,14,FRANCE,BASSE-NORMANDIE,118,14118,CAEN,BOULEVARD MARECHAL LYAUTEY,272664,0,4,VC,0,2,2,,,2,1,,,,1,7,0,1,0,0
1,4,1,1,2,14,FRANCE,BASSE-NORMANDIE,754,14754,VILLERS-SUR-MER,VC 0,272686,0,4,VC,0,2,2,0,0,0,1,4932600,900,,1,7,0,1,0,0
1,3,1,1,6,14,FRANCE,BASSE-NORMANDIE,137,14137,CARPIQUET,RUE DE L'AVENIR ,272697,0,4,VC,0,2,1,,,0,1,,,,1,7,0,1,0,0
1,1,1,1,1,14,FRANCE,BASSE-NORMANDIE,513,14513,PONT-FARCY,VC 0,272707,0,4,VC,0,2,0,0,0,0,1,4895700,-103500,,1,21,0,1,0,0
1,5,6,1,2,14,FRANCE,BASSE-NORMANDIE,225,14225,DIVES-SUR-MER,PLACE DU MARCHE AUX CHEVAUX,272718,5,4,VC,0,2,1,,,0,1,,,,1,7,0,1,0,0
1,8,1,1,7,14,FRANCE,BASSE-NORMANDIE,118,14118,CAEN,QUAI VENDEUVRE,272733,0,4,VC,0,3,4,,,0,4,,,,1,,0,1,0,0
1,8,3,1,1,14,FRANCE,BASSE-NORMANDIE,118,14118,CAEN,RUE CHARLES LEMAITRE,272747,0,4,VC,0,2,2,,,0,1,,,,1,7,0,1,0,0
5,6,1,1,7,14,FRANCE,BASSE-NORMANDIE,327,14327,HEROUVILLE-SAINT-CLAIR,AVENUE DU PARC SAINT ANDRE,272776,0,4,VC,0,2,2,,,0,1,,,,1,,0,1,0,0
3,8,1,1,2,14,FRANCE,BASSE-NORMANDIE,118,14118,CAEN,RUE DU VAUGUEUX,272778,0,4,VC,0,3,0,,,0,1,,,,1,7,0,1,0,0
5,3,2,2,3,14,FRANCE,BASSE-NORMANDIE,069,14069,BEUVILLERS,ROUTE D'ORBEC,272784,0,4,VC,0,2,2,,,0,1,,,,1,7,0,1,0,0
1,5,1,1,1,14,FRANCE,BASSE-NORMANDIE,488,14488,OUISTREHAM,VC 0,272785,0,4,VC,0,1,1,0,0,0,1,0,0,,1,33,0,1,0,0
1,1,1,1,2,14,FRANCE,BASSE-NORMANDIE,422,14422,MESNIL-MAUGER (LE),RD 47,272790,0,3,RD,47,2,0,0,0,0,1,0,0,,1,2,0,0,0,1
1,8,2,1,3,14,FRANCE,BASSE-NORMANDIE,118,14118,CAEN,RUE D'AUGE,272797,0,4,VC,0,2,4,,,0,1,,,,1,99,0,1,0,0
1,1,1,7,3,14,FRANCE,BASSE-NORMANDIE,092,14092,BOURGUEBUS,RD 89,272822,0,3,RD,89,2,2,24,350,0,1,0,0,,1,7,0,1,0,0
1,1,2,1,3,14,FRANCE,BASSE-NORMANDIE,283,14283,FOURCHES,RD 129,272823,0,3,RD,129,2,0,0,0,0,1,4886600,-9100,,1,7,0,1,0,0
1,8,1,1,2,14,FRANCE,BASSE-NORMANDIE,118,14118,CAEN,BOULEVARD YVES GUILLOU,272839,0,4,VC,0,3,4,,,0,1,,,,1,7,0,1,0,0
1,5,6,1,3,14,FRANCE,BASSE-NORMANDIE,333,14333,HONFLEUR,QUAI DE LA TOUR,272840,0,4,VC,0,2,0,,,0,1,,,,1,30,0,1,0,0
1,3,2,1,1,14,FRANCE,BASSE-NORMANDIE,229,14229,DOZULE,VC 1,272849,0,4,VC,1,2,0,0,0,0,1,4923000,-4300,,1,7,0,1,0,0
1,4,1,1,3,14,FRANCE,BASSE-NORMANDIE,478,14478,ORBEC,VC 0,272859,0,4,VC,0,2,2,0,0,0,1,4902300,41100,,1,7,0,1,0,0
1,1,1,1,3,14,FRANCE,BASSE-NORMANDIE,352,14352,LANDELLES-ET-COUPIGNY,VC 301,272862,0,4,VC,301,2,0,0,0,0,1,0,0,,1,10,0,1,0,0
1,6,1,1,2,14,FRANCE,BASSE-NORMANDIE,327,14327,HEROUVILLE-SAINT-CLAIR,AVENUE DU GENERAL DE GAULLE,272867,0,4,VC,0,2,2,,,0,3,,,,1,7,0,1,0,0
1,8,1,1,6,14,FRANCE,BASSE-NORMANDIE,118,14118,CAEN,RUE CAPONIERE,272872,0,4,VC,0,2,2,,,0,1,,,,1,,0,0,0,1
1,4,1,1,3,14,FRANCE,BASSE-NORMANDIE,738,14738,VERSON,VC 0,272880,0,4,VC,0,2,0,0,0,0,1,0,0,,1,7,0,1,0,0
1,1,1,1,2,14,FRANCE,BASSE-NORMANDIE,327,14327,HEROUVILLE-SAINT-CLAIR,ROUTE DE OUISTREHAM,272893,0,3,RD,0,1,3,,,0,1,,,,1,7,0,1,0,0
1,6,6,1,3,14,FRANCE,BASSE-NORMANDIE,327,14327,HEROUVILLE-SAINT-CLAIR,BOULEVARDDU VAL,272905,0,4,VC,0,2,2,,,0,0,,,,1,7,0,1,0,0
2,6,1,1,3,14,FRANCE,BASSE-NORMANDIE,366,14366,LISIEUX,PLACE FOURNET,272908,0,4,VC,0,2,2,,,0,1,,,,1,31,0,1,0,0
1,2,1,1,7,14,FRANCE,BASSE-NORMANDIE,741,14741,VEY (LE),RD 133,272911,0,3,RD,133,2,0,4,400,0,1,0,0,,1,,0,1,0,0
1,4,6,1,3,14,FRANCE,BASSE-NORMANDIE,712,14712,TROARN,RD 37,272917,5,3,RD,37,2,2,8,0,0,1,0,0,,1,7,0,1,0,0