lum,agg,int,atm,col,dep_bis,pays,region,com_bis,com_codeINSEE,communes,N_voie,numac,infra,catr,type_route,voie,circ,nbv,pr,pr1,vosp,situ,lat,long,adr,accident_velo,vehicule_imp,cycl_mort,cycl_bgv,cycl_blg,cycl_indm
1,8,1,1,6,14,FRANCE,BASSE-NORMANDIE,118,14118,CAEN,RUE DE BRANVILLE,272950,0,4,VC,0,1,1,,,0,4,,,,1,,0,0,0,1
1,8,1,1,2,14,FRANCE,BASSE-NORMANDIE,118,14118,CAEN,RUE JEAN-BAPTISTE COLBERT,272964,0,4,VC,0,2,2,,,0,1,,,,1,7,0,1,0,0
1,3,1,7,3,14,FRANCE,BASSE-NORMANDIE,592,14592,SAINTE-HONORINE-DU-FAY,RD 139,272973,0,3,RD,139,2,2,12,100,0,1,4908300,-49500,,1,7,0,1,0,0
5,6,1,1,3,14,FRANCE,BASSE-NORMANDIE,327,14327,HEROUVILLE-SAINT-CLAIR,AVENUE DE CAMBRIDGE,273019,0,4,VC,0,2,2,0,0,0,1,4921310,-35671,,1,7,0,1,0,0
1,4,1,1,6,14,FRANCE,BASSE-NORMANDIE,431,14431,MEZIDON-CANON,Autre 0,273033,0,9,Autre,0,2,2,0,0,0,1,4907660,-7989,,1,,0,1,0,0
1,4,6,1,6,14,FRANCE,BASSE-NORMANDIE,220,14220,DEAUVILLE,RUE AGUSTE-DECAENS,273045,5,3,RD,677,3,4,9,650,0,1,4934680,9750,,1,7,0,1,0,0
1,1,3,1,3,14,FRANCE,BASSE-NORMANDIE,523,14523,PROUSSY,RD 36,273069,0,3,RD,36,2,2,4,907,0,1,4888530,-53033,,1,7,0,1,0,0
1,1,2,1,3,14,FRANCE,BASSE-NORMANDIE,494,14494,PERIERS-EN-AUGE,RD 400,273071,0,3,RD,400,1,1,1,750,0,1,4927020,-10318,,1,7,0,1,0,0
1,8,6,1,3,14,FRANCE,BASSE-NORMANDIE,118,14118,CAEN,ROND-POINT DU DEBARQUEMENT,273094,0,4,VC,0,1,3,0,0,2,5,,,,1,7,0,1,0,0
1,1,1,1,2,14,FRANCE,BASSE-NORMANDIE,675,14675,SOLIERS,RD 230,273107,0,3,RD,230,2,2,4,40,0,1,4912700,-29853,,1,7,0,1,0,0
1,1,6,7,3,14,FRANCE,BASSE-NORMANDIE,530,14530,RANVILLE,RD 223,273124,5,3,RD,223,1,2,3,905,0,1,4923940,-26371,,1,7,0,1,0,0
5,8,1,1,1,14,FRANCE,BASSE-NORMANDIE,118,14118,CAEN,RUE SAINT MARTIN,273151,0,4,VC,0,1,1,0,0,0,1,4918410,-37007,,1,7,0,1,0,0
1,8,3,1,3,14,FRANCE,BASSE-NORMANDIE,118,14118,CAEN,BOULEVARD YVES GUILLOU,273177,0,4,VC,0,3,2,0,0,0,1,4917260,-38056,,1,10,0,1,0,0
1,1,3,1,3,14,FRANCE,BASSE-NORMANDIE,570,14570,SAINT-CYR-DU-RONCERAY,RD 161,273183,0,3,RD,161,2,2,7,0,0,1,4904870,31212,,1,7,0,1,0,0
1,3,1,1,2,14,FRANCE,BASSE-NORMANDIE,409,14409,MERVILLE-FRANCEVILLE-PLAGE,RD 514,273184,0,3,RD,514,2,2,5,0,0,1,4928420,-18675,,1,7,0,1,0,0
1,3,2,1,3,14,FRANCE,BASSE-NORMANDIE,197,14197,CRESSERONS,RD 35,273186,5,3,RD,35,2,2,22,816,0,1,4928850,-34593,,1,30,0,1,0,0
1,4,6,1,3,14,FRANCE,BASSE-NORMANDIE,117,14117,CABOURG,RD 513,273188,5,3,RD,513,2,2,33,721,0,1,4928530,-12551,,1,7,0,1,0,0
1,1,4,7,1,14,FRANCE,BASSE-NORMANDIE,523,14523,PROUSSY,RD 36,273192,0,3,RD,36,2,2,5,714,0,1,4889240,-54828,,1,7,0,1,0,0
1,6,1,1,3,14,FRANCE,BASSE-NORMANDIE,366,14366,LISIEUX,RUE DU GENERAL LECLERC,273193,0,4,VC,0,2,2,0,0,0,1,,,,1,7,0,1,0,0
1,1,6,1,3,14,FRANCE,BASSE-NORMANDIE,557,14557,SAINT-ARNOULT,RD 27,273197,5,3,RD,27,2,2,2,8,0,1,4932750,8586,,1,7,0,1,0,0
1,5,7,1,6,14,FRANCE,BASSE-NORMANDIE,715,14715,TROUVILLE-SUR-MER,PLACE MARECHAL FOCH ,273202,0,9,Autre,0,1,2,499,0,0,1,4936650,7896,,1,7,0,1,0,0
1,3,1,1,6,14,FRANCE,BASSE-NORMANDIE,566,14566,SAINT-CONTEST,VC 0,273217,0,4,VC,0,2,2,0,0,0,1,4921450,-40249,,1,,0,1,0,0
1,4,1,1,1,14,FRANCE,BASSE-NORMANDIE,342,14342,ISIGNY-SUR-MER,RD 197,273253,0,3,RD,197,2,2,0,0,0,1,0,0,,1,10,0,1,0,0
1,5,2,1,3,14,FRANCE,BASSE-NORMANDIE,341,14341,IFS,,273283,,4,VC,,,,,,,1,,,,1,7,0,1,0,0
1,1,1,1,2,14,FRANCE,BASSE-NORMANDIE,599,14599,SAINT-JULIEN-DE-MAILLOC,RD 135,273313,0,3,RD,135,2,2,14,400,0,1,0,0,,1,10,0,1,0,0
1,3,6,1,3,14,FRANCE,BASSE-NORMANDIE,383,14383,LOUVIGNY,RD 405,273350,5,3,RD,0,2,2,,,0,1,,,,1,7,0,1,0,0
1,8,3,1,3,14,FRANCE,BASSE-NORMANDIE,118,14118,CAEN,BOULEVARD DU MARECHAL JUIN,273357,5,4,VC,0,2,5,,,2,1,,,,1,7,0,1,0,0
1,1,3,1,3,14,FRANCE,BASSE-NORMANDIE,384,14384,LUC-SUR-MER,RD 222,273402,0,3,RD,222,2,2,5,854,0,1,4930330,-35659,,1,7,0,1,0,0
1,1,3,1,1,14,FRANCE,BASSE-NORMANDIE,074,14074,BILLY,VC 0,273413,0,4,VC,0,2,2,0,0,0,3,4908680,-19118,,1,10,0,1,0,0
1,1,1,1,7,14,FRANCE,BASSE-NORMANDIE,486,14486,OUILLY-LE-TESSON,RD 261,273414,0,3,RD,261,2,2,1,788,0,1,4898080,-21362,,1,,0,1,0,0
1,5,1,1,3,14,FRANCE,BASSE-NORMANDIE,488,14488,OUISTREHAM,,273420,0,4,VC,,2,2,,,0,5,4928720,-24968,,1,17,0,1,0,0
1,3,2,1,3,14,FRANCE,BASSE-NORMANDIE,166,14166,COLLEVILLE-MONTGOMERY,RD 35,273422,0,3,RD,35,2,2,26,655,0,1,4927290,-30093,,1,7,0,1,0,0
1,1,1,1,1,14,FRANCE,BASSE-NORMANDIE,724,14724,VARAVILLE,VC 3,273426,0,4,VC,3,2,2,0,0,0,1,4927100,-15900,,1,7,0,1,0,0
1,1,1,1,1,14,FRANCE,BASSE-NORMANDIE,468,14468,NORON-LA-POTERIE,RD 178,273440,0,3,RD,178,2,2,0,0,0,1,0,0,,1,7,0,1,0,0
1,1,1,1,1,14,FRANCE,BASSE-NORMANDIE,099,14099,BRETTEVILLE-SUR-DIVES,RD 16,273453,0,3,RD,16,2,2,2,200,0,1,4902920,-2636,,1,7,0,1,0,0
1,4,6,1,3,14,FRANCE,BASSE-NORMANDIE,431,14431,MEZIDON-CANON,RD 47,273458,5,3,RD,47,2,2,11,500,0,1,4907700,-7000,,1,7,0,1,0,0
1,1,3,1,3,14,FRANCE,BASSE-NORMANDIE,231,14231,BEAUFOUR-DRUVAL,RD 146,273471,0,3,RD,146,2,2,8,0,0,1,0,0,,1,7,0,1,0,0
1,1,3,1,3,14,FRANCE,BASSE-NORMANDIE,198,14198,CRESSEVEUILLE,RD 276,273472,0,3,RD,276,2,2,,,0,1,4923330,2531,,1,7,0,1,0,0
1,1,1,1,1,14,FRANCE,BASSE-NORMANDIE,347,14347,JURQUES,VC 0,273483,0,4,VC,0,2,0,0,0,0,1,0,0,,1,7,0,1,0,0
1,1,2,8,1,14,FRANCE,BASSE-NORMANDIE,200,14200,CREULLY,RD 22,273490,5,3,RD,22,2,2,0,0,0,1,0,0,,1,7,0,1,0,0
2,8,4,2,3,14,FRANCE,BASSE-NORMANDIE,118,14118,CAEN,RUE SAINT NICOLAS,273501,0,4,VC,,2,2,,,0,1,4918390,-37573,,1,7,0,1,0,0
1,6,3,8,3,14,FRANCE,BASSE-NORMANDIE,327,14327,HEROUVILLE-SAINT-CLAIR,3EME DIVISION D'INFANTERIE BRITANNIQUE,273533,0,4,VC,0,2,2,,,1,1,,,,1,7,0,1,0,0
1,4,1,1,6,15,FRANCE,AUVERGNE,120,15120,MAURIAC,Autre 0,273588,0,9,Autre,0,2,2,0,0,0,3,0,0,,1,,0,0,0,1
5,2,1,1,1,15,FRANCE,AUVERGNE,266,15266,YOLET,Autre 0,273597,0,9,Autre,0,2,2,0,0,0,1,4493300,253300,,1,7,0,1,0,0
5,2,1,1,1,15,FRANCE,AUVERGNE,146,15146,PAILHEROLS,RD 54,273598,0,3,RD,54,2,0,14,800,0,1,0,0,,1,7,0,1,0,0
1,1,1,1,6,15,FRANCE,AUVERGNE,187,15187,SAINT-FLOUR,RD 679,273608,0,3,RD,679,2,2,81,100,0,1,4504800,308400,,1,,0,1,0,0
1,6,1,1,1,15,FRANCE,AUVERGNE,014,15014,AURILLAC,RUE DAGUERRE,273632,0,4,VC,0,2,2,1,0,0,1,,,,1,7,0,1,0,0
1,5,1,7,1,15,FRANCE,AUVERGNE,187,15187,SAINT-FLOUR,RD 926,273665,0,3,RD,926,2,0,0,0,0,1,0,0,,1,7,0,1,0,0
1,3,1,7,3,15,FRANCE,AUVERGNE,119,15119,MASSIAC,RN 122,273666,0,2,RN,122,2,2,3,20,0,1,4525900,319800,,1,7,0,1,0,0
1,6,1,1,6,15,FRANCE,AUVERGNE,014,15014,AURILLAC,AVENUE DES PUPILLES DE LA NATION,273688,0,4,VC,0,2,4,,,0,4,,,,1,,0,0,0,1
1,1,1,1,3,15,FRANCE,AUVERGNE,174,15174,SAINT-BONNET-DE-SALERS,RD 22,273695,5,3,RD,22,2,1,2,100,0,1,4515900,248000,,1,7,0,1,0,0
1,1,1,1,6,15,FRANCE,AUVERGNE,068,15068,FAVEROLLES,RD 13,273696,0,3,RD,13,2,2,0,0,0,1,4496800,316300,,1,,0,1,0,0
1,6,1,1,6,15,FRANCE,AUVERGNE,014,15014,AURILLAC,BOULEVARD DE VERDUN,273698,0,2,RN,0,3,4,,,0,1,,,,1,7,0,1,0,0
1,1,1,1,1,15,FRANCE,AUVERGNE,113,15113,MANDAILLES-SAINT-JULIEN,RD 17,273704,0,3,RD,17,2,2,24,450,0,1,4508700,267100,,1,7,0,1,0,0
1,2,3,1,3,15,FRANCE,AUVERGNE,127,15127,MOLOMPIZE,RN 122,273706,5,2,RN,122,2,2,129,900,0,1,4523400,312700,,1,7,0,1,0,0
1,6,2,1,3,15,FRANCE,AUVERGNE,014,15014,AURILLAC,RUE DE LA MONTADE,273708,0,4,VC,0,2,2,,,0,1,,,,1,7,0,1,0,0
1,1,1,1,1,15,FRANCE,AUVERGNE,184,15184,SAINT-ETIENNE-DE-MAURS,RD 617,273712,2,3,RD,617,2,2,0,0,0,1,4473800,223300,,1,7,0,1,0,0
1,1,1,1,7,15,FRANCE,AUVERGNE,066,15066,FALGOUX (LE),RD 680,273714,0,3,RD,680,2,2,0,0,0,1,4512400,264700,,1,,0,1,0,0
1,1,1,1,1,15,FRANCE,AUVERGNE,202,15202,SAINT-MARTIN-VALMEROUX,RD 922,273715,0,3,RD,922,2,2,29,700,0,1,0,0,,1,10,0,1,0,0
1,1,1,1,5,15,FRANCE,AUVERGNE,066,15066,FALGOUX (LE),RD 680,273716,0,3,RD,680,2,0,36,100,0,1,4516200,256900,,1,7,0,1,0,0
1,1,1,1,1,15,FRANCE,AUVERGNE,265,15265,YDES,RD 922,273723,5,3,RD,922,3,3,70,300,0,1,0,0,,1,7,0,1,0,0
1,1,4,1,3,15,FRANCE,AUVERGNE,012,15012,ARPAJON-SUR-CERE,LIEU-DIT CONROS,273742,0,3,RD,58,2,2,26,448,0,1,0,0,,1,37,0,1,0,0
1,1,1,1,2,15,FRANCE,AUVERGNE,191,15191,SAINT-ILLIDE,RD 6,273750,0,3,RD,6,2,2,34,220,0,1,0,0,,1,7,0,1,0,0
1,5,3,1,1,15,FRANCE,AUVERGNE,012,15012,ARPAJON-SUR-CERE,LES CROZES,273760,0,4,VC,0,2,2,0,0,0,1,0,0,,1,7,0,1,0,0
1,1,1,1,7,15,FRANCE,AUVERGNE,258,15258,VIC-SUR-CERE,RD 59,273847,0,3,RD,59,0,0,52,800,0,0,4487900,258200,,1,,0,1,0,0
1,1,1,1,2,15,FRANCE,AUVERGNE,079,15079,JALEYRAC,RD 922,273853,0,3,RD,922,2,2,51,850,0,1,4526800,236100,,1,7,0,1,0,0
2,1,1,1,3,16,FRANCE,POITOU-CHARENTES,073,16073,CHALAIS,RD 20,273891,0,3,RD,20,2,0,8,200,0,0,0,0,,1,7,0,1,0,0
1,5,1,1,6,16,FRANCE,POITOU-CHARENTES,102,16102,COGNAC,AVENUE DE BARBEZIEUX,273915,0,3,RD,0,2,2,,,0,1,,,,1,7,0,1,0,0
1,3,1,1,1,16,FRANCE,POITOU-CHARENTES,026,16026,BALZAC,VC 0,273957,0,4,VC,0,2,0,0,0,0,1,0,0,,1,10,0,1,0,0
1,5,1,1,7,16,FRANCE,POITOU-CHARENTES,102,16102,COGNAC,RUE DE MONTPLAISIR,273961,0,3,RD,0,2,2,,,0,1,,,,1,,0,1,0,0
1,2,9,1,3,16,FRANCE,POITOU-CHARENTES,008,16008,AMBERAC,RD 88,273976,0,3,RD,88,2,0,0,0,0,0,0,0,,1,7,0,1,0,0
1,4,3,1,1,16,FRANCE,POITOU-CHARENTES,192,16192,ROUMAZIERES-LOUBERT,RD 161,274042,0,3,RD,161,2,2,0,0,0,1,0,0,,1,7,0,1,0,0
1,1,1,1,6,16,FRANCE,POITOU-CHARENTES,015,16015,ANGOULEME,ROUTE DE BORDEAUX,274085,5,4,VC,0,2,2,,,0,1,,,,1,7,0,1,0,0
2,4,1,1,3,16,FRANCE,POITOU-CHARENTES,287,16287,ROULLET-SAINT-ESTEPHE,RD 42,274150,0,3,RD,42,2,2,0,0,0,1,0,0,,1,7,0,1,0,0
1,1,1,1,1,16,FRANCE,POITOU-CHARENTES,094,16094,CHENOMMET,RD 187,274177,0,3,RD,187,2,0,11,900,0,1,0,0,,1,7,0,1,0,0
1,1,1,1,3,16,FRANCE,POITOU-CHARENTES,244,16244,NERSAC,RD 699,274180,0,3,RD,699,2,2,44,500,0,1,0,0,,1,7,0,1,0,0
1,4,3,1,3,16,FRANCE,POITOU-CHARENTES,089,16089,CHATEAUBERNARD,RUE DU COMMERCE,274191,0,4,VC,0,2,2,1,0,0,1,,,,1,10,0,1,0,0
2,6,1,1,2,16,FRANCE,POITOU-CHARENTES,015,16015,ANGOULEME,BOULEVARD LIEDOT,274195,0,4,VC,0,1,1,,,0,1,,,,1,7,0,1,0,0
1,2,1,1,3,16,FRANCE,POITOU-CHARENTES,389,16389,TURGON,RD 172,274230,0,3,RD,172,2,0,14,8,0,1,5105500,215140,,1,10,0,1,0,0
1,1,1,1,3,16,FRANCE,POITOU-CHARENTES,415,16415,VINDELLE,RD 117,274237,0,3,RD,117,2,2,0,550,0,1,5080000,246000,,1,7,0,1,0,0
1,6,3,1,6,16,FRANCE,POITOU-CHARENTES,015,16015,ANGOULEME,VC 0,274249,0,4,VC,0,1,2,0,0,3,0,4550000,225000,,1,7,0,1,0,0
1,2,3,1,3,16,FRANCE,POITOU-CHARENTES,391,16391,TUZIE,RD 180,274305,0,3,RD,180,2,2,14,245,0,1,4598100,15800,,1,7,0,1,0,0
1,3,1,1,2,16,FRANCE,POITOU-CHARENTES,243,16243,NERCILLAC,RD 24,274320,0,3,RD,24,2,2,51,825,0,1,5079400,286500,,1,7,0,1,0,0
1,4,1,1,3,16,FRANCE,POITOU-CHARENTES,167,16167,JARNAC,VC 0,274321,0,4,VC,0,1,1,0,0,0,1,5075000,280000,,1,7,0,1,0,0
2,1,2,1,3,16,FRANCE,POITOU-CHARENTES,164,16164,HIESSE,RD 168,274329,5,3,RD,168,2,2,0,0,0,1,4604600,62700,,1,7,0,1,0,0
1,2,2,1,3,16,FRANCE,POITOU-CHARENTES,057,16057,BOUTEVILLE,VC 136,274330,0,4,VC,136,2,2,0,0,0,1,4560360,-13660,,1,7,0,1,0,0
5,5,6,1,6,16,FRANCE,POITOU-CHARENTES,102,16102,COGNAC,RUE DU 14 JUILLET,274347,0,4,VC,0,2,2,0,0,0,1,4569310,-32540,,1,,0,0,0,1
1,6,2,1,6,16,FRANCE,POITOU-CHARENTES,015,16015,ANGOULEME,chemin de Bel-Air Ã  la Madeleine,274366,0,4,VC,0,1,1,0,,0,1,4565150,17760,,1,7,0,1,0,0
1,4,6,1,4,16,FRANCE,POITOU-CHARENTES,089,16089,CHATEAUBERNARD,AVENUE D'ANGOULEME,274380,5,3,RD,945,1,2,0,50,0,1,4568190,-29280,,1,7,0,1,0,0
1,1,1,1,1,16,FRANCE,POITOU-CHARENTES,090,16090,CHATEAUNEUF-SUR-CHARENTE,Autre 0,274399,0,9,Autre,0,2,2,0,0,0,1,4561350,-4090,,1,10,0,1,0,0
1,1,2,1,3,16,FRANCE,POITOU-CHARENTES,370,16370,SIREUIL,RD 84,274412,0,3,RD,84,2,2,3,60,0,1,4562980,1860,,1,7,0,1,0,0
5,6,1,1,3,16,FRANCE,POITOU-CHARENTES,015,16015,ANGOULEME,RUE RAYMOND POINCARE,274460,0,4,VC,0,2,2,,,0,1,4564830,16300,,1,7,,,,
1,6,1,1,6,16,FRANCE,POITOU-CHARENTES,015,16015,ANGOULEME,RUE BLERIOT,274474,0,4,VC,0,0,1,,,0,1,127000,,,1,37,0,1,0,0
1,1,3,1,3,16,FRANCE,POITOU-CHARENTES,113,16113,COURONNE (LA),ROUTE DE VOEUIL,274480,0,3,RD,41,2,2,14,500,0,1,139000,,,1,7,0,1,0,0
1,5,3,1,3,16,FRANCE,POITOU-CHARENTES,154,16154,GOND-PONTOUVRE,ROUTE DE SAINT YRIEIX,274482,0,3,RD,57,2,2,0,,0,1,15539,,,1,7,0,1,0,0
1,6,1,1,3,16,FRANCE,POITOU-CHARENTES,015,16015,ANGOULEME,RUE DENIS PAPIN,274490,0,4,VC,0,1,1,0,,0,1,4565363,16194,,1,13,0,1,0,0
5,5,2,1,2,16,FRANCE,POITOU-CHARENTES,102,16102,COGNAC,BOULEVARD DENFERT ROCHEREAU,274507,0,4,VC,0,2,2,1,0,0,1,4569861,-32893,,1,7,0,1,0,0
1,4,6,1,2,16,FRANCE,POITOU-CHARENTES,089,16089,CHATEAUBERNARD,AVENUE DE BARBEZIEUX,274516,5,3,RD,731,1,1,11,870,0,1,4568141,-32856,,1,7,0,1,0,0
3,1,1,5,1,17,FRANCE,POITOU-CHARENTES,086,17086,CHANIERS,RD 234,274529,0,3,RD,234,2,2,0,0,0,1,0,0,,1,7,0,1,0,0
1,6,3,1,3,17,FRANCE,POITOU-CHARENTES,299,17299,ROCHEFORT,AVENUE MARCEL DASSAULT,274551,5,4,VC,0,2,2,,,0,1,,,,1,7,0,1,0,0
5,4,2,3,3,17,FRANCE,POITOU-CHARENTES,291,17291,PUILBOREAU,D 9,274553,0,3,RD,0,2,2,,,0,1,,,,1,7,0,1,0,0
1,1,1,1,1,17,FRANCE,POITOU-CHARENTES,224,17224,MATHA,RD 121,274566,0,3,RD,121,2,2,38,870,0,1,0,0,,1,15,0,1,0,0
1,3,1,1,3,17,FRANCE,POITOU-CHARENTES,353,17353,SAINT-LAURENT-DE-LA-PREE,VC 0,274577,0,4,VC,0,2,0,0,0,0,1,4598600,-104100,,1,21,0,1,0,0
1,7,1,1,6,17,FRANCE,POITOU-CHARENTES,300,17300,ROCHELLE (LA),RUE DU PARC ,274592,6,9,Autre,0,0,1,,,3,0,,,,1,,0,0,0,1
1,4,1,1,1,17,FRANCE,POITOU-CHARENTES,360,17360,SAINTE-MARIE-DE-RE,Parking 0,274595,0,6,Parking,0,0,1,0,0,0,1,0,0,,1,7,0,1,0,0
1,5,2,1,3,17,FRANCE,POITOU-CHARENTES,449,17449,TONNAY-CHARENTE,RUE DES PINSONS,274632,5,4,VC,0,2,2,,,0,1,,,,1,7,0,1,0,0
1,3,1,1,1,17,FRANCE,POITOU-CHARENTES,413,17413,SAINT-VIVIEN,RD 113,274651,0,3,RD,113,2,0,0,0,0,1,0,0,,1,7,0,1,0,0
2,3,1,1,1,17,FRANCE,POITOU-CHARENTES,225,17225,MATHES (LES),VC 0,274661,0,4,VC,0,2,0,0,0,1,1,4573000,-117500,,1,7,0,1,0,0
1,1,2,1,3,17,FRANCE,POITOU-CHARENTES,480,17480,VIRSON,RD 108,274663,0,3,RD,108,2,2,22,200,0,1,0,0,,1,7,0,1,0,0
1,3,6,1,3,17,FRANCE,POITOU-CHARENTES,225,17225,MATHES (LES),RD 141,274684,5,3,RD,141,2,2,0,0,0,1,0,0,,1,7,0,1,0,0
1,1,1,1,3,17,FRANCE,POITOU-CHARENTES,353,17353,SAINT-LAURENT-DE-LA-PREE,RD 937,274688,0,3,RD,937,2,0,3,300,0,1,4599300,-105500,,1,7,0,1,0,0
1,1,2,7,3,17,FRANCE,POITOU-CHARENTES,107,17107,CIRE-D'AUNIS,RD 5,274712,5,3,RD,5,2,2,0,0,0,1,0,0,,1,7,0,1,0,0
4,3,1,1,1,17,FRANCE,POITOU-CHARENTES,024,17024,AULNAY,VC 0,274721,0,4,VC,0,2,0,0,0,0,1,4602400,-34600,,1,31,0,1,0,0
1,7,1,2,7,17,FRANCE,POITOU-CHARENTES,300,17300,ROCHELLE (LA),AVENUE DU GENERAL LECLERC,274730,0,4,VC,0,1,3,,,2,1,,,,1,7,0,1,0,0
1,7,3,1,3,17,FRANCE,POITOU-CHARENTES,300,17300,ROCHELLE (LA),AVENUE JEAN-PAULSARTRE,274733,0,4,VC,0,2,1,,,1,1,,,,1,7,0,1,0,0
1,7,2,1,3,17,FRANCE,POITOU-CHARENTES,300,17300,ROCHELLE (LA),AVENUE MICHEL CREPEAU,274808,0,4,VC,0,2,2,,,2,5,,,,1,7,0,1,0,0
1,7,1,1,2,17,FRANCE,POITOU-CHARENTES,300,17300,ROCHELLE (LA),AVENUE JEAN GUITON,274811,0,4,VC,0,1,1,,,0,1,,,,1,7,0,1,0,0
1,1,1,1,3,17,FRANCE,POITOU-CHARENTES,299,17299,ROCHEFORT,CD 733,274823,2,3,RD,0,3,4,,,2,1,,,,1,17,0,1,0,0
1,7,1,1,6,17,FRANCE,POITOU-CHARENTES,300,17300,ROCHELLE (LA),AVENUE MICHEL CREPEAU,274827,0,4,VC,0,2,2,,,1,1,,,,1,7,0,1,0,0
1,1,1,1,3,17,FRANCE,POITOU-CHARENTES,051,17051,BOIS-PLAGE-EN-RE (LE),RD 201,274859,0,3,RD,201,2,0,7,500,1,1,0,0,,1,7,0,1,0,0
1,1,1,1,3,17,FRANCE,POITOU-CHARENTES,228,17228,MEDIS,RN 150,274873,0,2,RN,150,2,2,0,0,0,1,0,0,,1,10,0,1,0,0
1,5,1,1,1,17,FRANCE,POITOU-CHARENTES,434,17434,SURGERES,VC 0,274893,0,4,VC,0,2,0,0,0,0,1,0,0,,1,7,0,1,0,0
1,5,1,1,1,17,FRANCE,POITOU-CHARENTES,264,17264,NIEUL-SUR-MER,VC 0,274906,5,4,VC,0,2,0,0,0,1,1,4621400,-116300,,1,7,0,1,0,0
1,1,1,1,2,17,FRANCE,POITOU-CHARENTES,466,17466,VERINES,RD 107,274928,0,3,RD,107,2,0,0,0,0,1,4618000,-92000,,1,7,0,1,0,0
1,1,1,1,1,17,FRANCE,POITOU-CHARENTES,164,17164,FONTCOUVERTE,RD 234,274940,0,3,RD,234,2,0,0,0,0,1,0,0,,1,7,0,1,0,0
1,4,1,1,3,17,FRANCE,POITOU-CHARENTES,230,17230,MESCHERS-SUR-GIRONDE,RD 117,274941,0,3,RD,117,2,2,0,0,0,1,0,0,,1,7,0,1,0,0
1,1,1,1,3,17,FRANCE,POITOU-CHARENTES,437,17437,TALMONT-SUR-GIRONDE,RD 114,274942,0,3,RD,114,2,2,0,0,0,1,0,0,,1,10,0,1,0,0
1,7,1,1,3,17,FRANCE,POITOU-CHARENTES,300,17300,ROCHELLE (LA),RUE ANDRE GABARET,274944,0,4,VC,0,2,2,,,0,1,,,,1,7,0,1,0,0
1,7,1,1,2,17,FRANCE,POITOU-CHARENTES,300,17300,ROCHELLE (LA),VALIN QUAI,274946,0,4,VC,0,0,0,,,0,1,,,,1,7,0,1,0,0
1,4,1,1,6,17,FRANCE,POITOU-CHARENTES,461,17461,VAUX-SUR-MER,CHEMIN DE LA SOURCE,274949,0,4,VC,0,2,2,,,0,1,,,,1,10,0,1,0,0
1,6,1,1,6,17,FRANCE,POITOU-CHARENTES,415,17415,SAINTES,RUE DE LAMOTHE ,274952,0,4,VC,0,2,2,,,0,1,,,,1,7,0,1,0,0
1,6,1,1,3,17,FRANCE,POITOU-CHARENTES,415,17415,SAINTES,ROCADE OUEST,274953,0,4,VC,0,2,2,,,0,1,,,,1,7,0,1,0,0
1,4,1,1,6,17,FRANCE,POITOU-CHARENTES,051,17051,BOIS-PLAGE-EN-RE (LE),VC 0,274957,0,4,VC,0,1,1,0,0,0,1,0,0,,1,,0,1,0,0
1,1,1,1,3,17,FRANCE,POITOU-CHARENTES,189,17189,HIERS-BROUAGE,RD 123,274961,0,3,RD,123,2,2,0,0,0,1,4584000,-101000,,1,10,0,1,0,0
1,4,1,1,3,17,FRANCE,POITOU-CHARENTES,093,17093,CHATEAU-D'OLERON (LE),VC 0,274963,0,4,VC,0,2,2,0,0,0,1,4589900,-121300,,1,7,0,1,0,0
1,3,1,1,2,17,FRANCE,POITOU-CHARENTES,225,17225,MATHES (LES),RD 25,274967,0,3,RD,25,2,0,0,0,0,1,0,0,,1,,0,1,0,0
1,5,1,1,3,17,FRANCE,POITOU-CHARENTES,347,17347,SAINT-JEAN-D'ANGELY,Autre 0,274969,0,9,Autre,0,2,0,0,0,0,1,4595200,-52000,,1,7,0,1,0,0
4,6,1,1,6,17,FRANCE,POITOU-CHARENTES,299,17299,ROCHEFORT,RUE GEORGES HEBERT,274974,0,4,VC,0,2,2,,,0,1,,,,1,,0,1,0,0
1,1,1,1,2,17,FRANCE,POITOU-CHARENTES,403,17403,SAINT-SIMON-DE-BORDES,RD 19,274980,0,3,RD,19,2,1,0,0,0,1,0,0,,1,7,0,1,0,0
1,1,1,7,2,17,FRANCE,POITOU-CHARENTES,292,17292,PUY-DU-LAC,RD 739,274986,0,3,RD,739,2,2,28,200,0,1,0,0,,1,7,0,1,0,0
1,5,3,1,3,17,FRANCE,POITOU-CHARENTES,028,17028,AYTRE,RUE DE VERDUN ,274995,5,4,VC,0,2,2,,,0,1,,,,1,7,0,1,0,0