lum,agg,int,atm,col,dep_bis,pays,region,com_bis,com_codeINSEE,communes,N_voie,numac,infra,catr,type_route,voie,circ,nbv,pr,pr1,vosp,situ,lat,long,adr,accident_velo,vehicule_imp,cycl_mort,cycl_bgv,cycl_blg,cycl_indm
1,7,1,2,2,17,FRANCE,POITOU-CHARENTES,300,17300,ROCHELLE (LA),PONT JEAN MOULIN,275011,2,4,VC,0,2,2,,,2,1,,,,1,7,0,1,0,0
1,7,1,1,6,17,FRANCE,POITOU-CHARENTES,300,17300,ROCHELLE (LA),RUE DE MONTREAL ,275012,0,4,VC,0,2,2,,,0,1,,,,1,7,0,1,0,0
1,7,6,1,3,17,FRANCE,POITOU-CHARENTES,300,17300,ROCHELLE (LA),AVENUE JEAN GUITON,275021,0,4,VC,0,0,2,,,2,5,,,,1,7,0,1,0,0
1,1,1,1,6,17,FRANCE,POITOU-CHARENTES,409,17409,SAINT-SULPICE-DE-ROYAN,RD 733,275030,4,3,RD,733,2,2,35,200,0,1,4569400,-99700,,1,,0,1,0,0
1,5,6,1,3,17,FRANCE,POITOU-CHARENTES,449,17449,TONNAY-CHARENTE,RUE JOLIOT CURIE ,275048,5,4,VC,0,1,2,,,0,1,,,,1,7,0,1,0,0
1,7,1,1,6,17,FRANCE,POITOU-CHARENTES,300,17300,ROCHELLE (LA),RUE DE PERIGNY ,275050,0,4,VC,0,2,2,,,0,5,,,,1,7,0,1,0,0
3,1,9,1,6,17,FRANCE,POITOU-CHARENTES,028,17028,AYTRE,D 939,275052,0,3,RD,0,2,2,,,0,1,,,,1,7,0,1,0,0
1,7,1,1,3,17,FRANCE,POITOU-CHARENTES,300,17300,ROCHELLE (LA),RUE DU PONT DES SALINES,275053,0,4,VC,0,2,0,,,2,1,,,,1,38,0,1,0,0
1,5,1,1,3,17,FRANCE,POITOU-CHARENTES,200,17200,LAGORD,AVENUE DU FIEFROSE,275054,0,4,VC,0,2,2,,,2,1,,,,1,32,0,1,0,0
2,5,6,2,3,17,FRANCE,POITOU-CHARENTES,094,17094,CHATELAILLON-PLAGE,RD 109,275059,5,3,RD,109,2,0,0,0,1,1,0,0,,1,7,0,1,0,0
1,7,1,1,3,17,FRANCE,POITOU-CHARENTES,300,17300,ROCHELLE (LA),BOULEVARD ANDRE SAUTEL ,275069,0,4,VC,0,2,4,,,0,1,,,,1,33,0,0,0,1
1,3,1,1,3,17,FRANCE,POITOU-CHARENTES,155,17155,ETAULES,RD 14,275081,5,3,RD,14,2,2,0,0,0,1,0,0,,1,7,0,1,0,0
1,4,1,7,3,17,FRANCE,POITOU-CHARENTES,003,17003,AIGREFEUILLE-D'AUNIS,RD 112,275083,0,3,RD,112,2,2,0,0,0,1,4611000,-92000,,1,7,0,1,0,0
1,7,1,1,3,17,FRANCE,POITOU-CHARENTES,300,17300,ROCHELLE (LA),AVENUE DU GENERAL LECLERC,275086,0,4,VC,0,2,4,,,2,5,,,,1,7,0,1,0,0
5,6,1,2,6,17,FRANCE,POITOU-CHARENTES,415,17415,SAINTES,REPUBLIQUE QUAI DE LA,275096,0,4,VC,0,2,2,,,0,1,,,,1,,0,1,0,0
1,6,6,1,3,17,FRANCE,POITOU-CHARENTES,299,17299,ROCHEFORT,ROND-POINT VAUBAN ,275115,5,4,VC,0,1,2,,,2,5,,,,1,7,0,1,0,0
1,7,1,1,6,17,FRANCE,POITOU-CHARENTES,300,17300,ROCHELLE (LA),RUE GARGOULLEAU ,275170,0,4,VC,0,1,0,,,0,1,,,,1,,0,0,0,1
1,1,1,1,3,17,FRANCE,POITOU-CHARENTES,360,17360,SAINTE-MARIE-DE-RE,RD 201,275175,5,3,RD,201,0,0,0,0,0,1,0,0,,1,7,0,1,0,0
1,6,1,1,2,17,FRANCE,POITOU-CHARENTES,299,17299,ROCHEFORT,RUE DU BREUIL,275199,0,4,VC,0,2,2,,,0,1,,,,1,7,0,1,0,0
1,6,6,1,2,17,FRANCE,POITOU-CHARENTES,299,17299,ROCHEFORT,AVENUE DE L'AIGREFEUILLE,275201,5,4,VC,0,2,2,,,2,1,,,,1,7,0,1,0,0
5,7,1,1,3,17,FRANCE,POITOU-CHARENTES,300,17300,ROCHELLE (LA),MEdailLEs Militaires,275202,0,4,VC,0,2,2,,,2,5,,,,1,10,0,1,0,0
1,7,1,1,3,17,FRANCE,POITOU-CHARENTES,300,17300,ROCHELLE (LA),AVENUE JEAN-PAULSARTRE,275203,1,4,VC,0,2,2,,,0,1,,,,1,7,0,1,0,0
1,3,1,1,1,17,FRANCE,POITOU-CHARENTES,226,17226,MAZERAY,VC 0,275214,0,4,VC,0,2,0,0,0,0,1,0,0,,1,7,0,1,0,0
1,5,6,1,3,17,FRANCE,POITOU-CHARENTES,094,17094,CHATELAILLON-PLAGE,VC 0,275219,5,4,VC,0,1,1,0,0,0,1,0,0,,1,7,0,1,0,0
1,1,1,1,1,17,FRANCE,POITOU-CHARENTES,340,17340,SAINT-GERMAIN-DE-MARENCENNES,RD 911,275223,0,3,RD,911,2,2,18,117,0,1,0,0,,1,17,0,1,0,0
1,6,1,1,3,17,FRANCE,POITOU-CHARENTES,415,17415,SAINTES,COURS REVERSEAUX,275241,0,4,VC,0,2,2,,,2,5,,,,1,7,0,1,0,0
1,1,1,1,1,17,FRANCE,POITOU-CHARENTES,121,17121,COUARDE-SUR-MER (LA),RD 201,275272,0,3,RD,201,2,2,0,0,0,1,4619500,-141300,,1,10,0,1,0,0
4,1,1,2,3,17,FRANCE,POITOU-CHARENTES,003,17003,AIGREFEUILLE-D'AUNIS,RD 204,275278,0,3,RD,204,2,2,0,5,0,1,0,0,,1,7,0,1,0,0
1,4,1,1,3,17,FRANCE,POITOU-CHARENTES,142,17142,DOMPIERRE-SUR-MER,Autre 0,275340,0,9,Autre,0,2,0,0,0,0,1,0,0,,1,7,0,1,0,0
1,7,1,1,3,17,FRANCE,POITOU-CHARENTES,300,17300,ROCHELLE (LA),AVENUE LOUIS GUILLET,275341,0,4,VC,0,2,2,,,0,1,,,,1,7,0,1,0,0
1,5,1,1,2,17,FRANCE,POITOU-CHARENTES,028,17028,AYTRE,BOULEVARD GEORGES CLEMENCEAU,275351,0,4,VC,0,2,2,,,0,1,,,,1,7,0,1,0,0
1,5,6,1,2,17,FRANCE,POITOU-CHARENTES,434,17434,SURGERES,RD 939,275358,5,3,RD,939,1,2,0,0,0,1,0,0,,1,7,0,1,0,0
1,1,2,1,3,17,FRANCE,POITOU-CHARENTES,264,17264,NIEUL-SUR-MER,RD 104,275363,5,3,RD,104,2,1,0,0,0,1,4621900,-118000,,1,7,0,1,0,0
1,1,1,1,2,17,FRANCE,POITOU-CHARENTES,391,17391,SAINT-ROGATIEN,RD 108,275376,0,3,RD,108,2,2,0,0,0,1,4615500,-105900,,1,10,0,1,0,0
1,6,1,1,7,17,FRANCE,POITOU-CHARENTES,299,17299,ROCHEFORT,RUE EMILE ZOLA,275383,0,4,VC,0,1,1,,,0,4,,,,1,,0,1,0,0
1,6,3,1,6,17,FRANCE,POITOU-CHARENTES,299,17299,ROCHEFORT,RUE DE LA CASSE AUX PRETRES ,275386,5,4,VC,0,2,2,,,0,1,,,,1,7,0,1,0,0
1,7,1,1,6,17,FRANCE,POITOU-CHARENTES,300,17300,ROCHELLE (LA),RUE SAINT JEAN DU PEROT ,275403,0,4,VC,0,1,1,,,0,1,,,,1,7,0,1,0,0
1,6,6,1,3,17,FRANCE,POITOU-CHARENTES,299,17299,ROCHEFORT,ROND-POINT PREE DES CANONS ,275405,5,4,VC,0,1,2,,,2,1,,,,1,33,0,1,0,0
1,5,1,1,3,17,FRANCE,POITOU-CHARENTES,306,17306,ROYAN,BOULEVARD COLONEL ROBERT BAILLET,275407,0,4,VC,0,2,2,,,1,1,,,,1,7,0,1,0,0
1,1,1,1,3,17,FRANCE,POITOU-CHARENTES,337,17337,SAINT-GEORGES-D'OLERON,Hors_reseau 0,275411,0,5,Hors_reseau,0,0,0,0,0,0,1,0,0,,1,7,0,1,0,0
1,7,9,1,3,17,FRANCE,POITOU-CHARENTES,300,17300,ROCHELLE (LA),ROND-POINT LEGION D'HONNEUR,275413,0,4,VC,0,1,2,,,2,1,,,,1,7,0,1,0,0
1,1,1,1,3,17,FRANCE,POITOU-CHARENTES,323,17323,SAINT-DENIS-D'OLERON,RD 734,275415,0,3,RD,734,2,0,24,300,0,1,0,0,,1,7,0,1,0,0
1,5,1,1,7,17,FRANCE,POITOU-CHARENTES,200,17200,LAGORD,AVENUE DU FIEFROSE,275425,0,9,Autre,0,2,2,,,1,5,,,,1,,0,1,0,0
1,6,1,1,7,17,FRANCE,POITOU-CHARENTES,299,17299,ROCHEFORT,BELLOT QUAI,275430,2,4,VC,0,2,2,,,0,1,,,,1,,0,1,0,0
1,7,1,1,2,17,FRANCE,POITOU-CHARENTES,300,17300,ROCHELLE (LA),RUE MAURICE RAVEL,275438,0,4,VC,0,1,2,,,0,0,,,,1,7,0,1,0,0
1,1,1,1,2,17,FRANCE,POITOU-CHARENTES,258,17258,NEUILLAC,RD 148,275442,5,3,RD,148,2,2,31,650,0,1,0,0,,1,7,0,1,0,0
1,5,1,1,6,17,FRANCE,POITOU-CHARENTES,306,17306,ROYAN,BOULEVARD DE LA PERCHE,275459,0,4,VC,0,2,2,,,0,1,,,,1,7,0,1,0,0
1,3,1,1,3,17,FRANCE,POITOU-CHARENTES,016,17016,ARCHIAC,RD 731,275460,0,3,RD,731,2,1,0,0,0,1,0,0,,1,7,0,1,0,0
5,6,3,1,3,17,FRANCE,POITOU-CHARENTES,299,17299,ROCHEFORT,BOULEVARD ARISTIDE BRIAND,275481,5,4,VC,0,2,2,,,0,1,,,,1,7,0,1,0,0
1,4,9,1,3,17,FRANCE,POITOU-CHARENTES,291,17291,PUILBOREAU,RUE DE BRETAGNE ,275484,0,4,VC,0,1,2,,,0,1,,,,1,7,0,1,0,0
1,7,1,1,6,17,FRANCE,POITOU-CHARENTES,300,17300,ROCHELLE (LA),AVENUE DU GENERAL LECLERC,275485,0,4,VC,0,2,2,,,2,5,,,,1,7,0,1,0,0
1,4,1,7,3,17,FRANCE,POITOU-CHARENTES,224,17224,MATHA,VC 0,275502,5,4,VC,0,2,2,0,0,0,1,4587300,-31900,,1,7,0,1,0,0
5,6,1,2,3,17,FRANCE,POITOU-CHARENTES,299,17299,ROCHEFORT,RUE COCHON DUVIVIER ,275504,0,4,VC,0,1,1,,,0,1,,,,1,,0,1,0,0
1,1,1,1,2,17,FRANCE,POITOU-CHARENTES,299,17299,ROCHEFORT,RD 137,275514,0,3,RD,137,2,2,,,0,1,,,,1,10,0,1,0,0
1,7,1,1,3,17,FRANCE,POITOU-CHARENTES,300,17300,ROCHELLE (LA),AVENUE EDMOND GRASSET,275531,0,4,VC,0,2,2,,,1,4,,,,1,7,0,1,0,0
5,6,1,1,2,17,FRANCE,POITOU-CHARENTES,299,17299,ROCHEFORT,AVENUE DU 8 MAI 1945,275543,0,4,VC,0,2,2,,,0,1,,,,1,2,0,1,0,0
1,1,6,1,3,17,FRANCE,POITOU-CHARENTES,449,17449,TONNAY-CHARENTE,AVENUE DE SAINTONGE,275550,5,3,RD,137,2,2,,,0,1,,,,1,7,0,1,0,0
1,7,1,1,6,17,FRANCE,POITOU-CHARENTES,300,17300,ROCHELLE (LA),AVENUE DU CHAMP DE MARS,275565,0,4,VC,0,1,2,,,0,1,,,,1,7,0,1,0,0
1,4,1,1,1,17,FRANCE,POITOU-CHARENTES,407,17407,SAINTE-SOULLE,VC 0,275582,0,4,VC,0,2,2,0,0,0,1,0,0,,1,7,0,1,0,0
1,1,4,1,3,17,FRANCE,POITOU-CHARENTES,309,17309,SAINT-AIGULIN,RD 730,275599,0,3,RD,730,2,0,97,100,0,1,4517400,-5100,,1,7,0,1,0,0
1,3,1,1,3,17,FRANCE,POITOU-CHARENTES,315,17315,SAINT-CHRISTOPHE,VC 0,275600,0,4,VC,0,0,0,0,0,0,1,0,0,,1,7,0,1,0,0
1,4,1,1,3,17,FRANCE,POITOU-CHARENTES,161,17161,FLOTTE (LA),VC 0,275605,0,4,VC,0,2,0,0,0,0,1,4619200,-132900,,1,10,0,1,0,0
1,7,2,8,3,17,FRANCE,POITOU-CHARENTES,300,17300,ROCHELLE (LA),RUE FRANCOIS DE VAUX FOLLETIER ,275609,0,4,VC,0,2,2,,,0,1,,,,1,7,0,1,0,0
1,7,1,1,7,17,FRANCE,POITOU-CHARENTES,300,17300,ROCHELLE (LA),AVENUE DU GENERAL LECLERC,275611,0,4,VC,0,2,2,,,0,0,,,,1,,0,1,0,0
1,1,1,1,2,17,FRANCE,POITOU-CHARENTES,082,17082,CHAMPAGNAC,RD 142,275617,0,3,RD,142,2,2,0,0,0,1,0,0,,1,7,0,1,0,0
1,5,1,1,3,17,FRANCE,POITOU-CHARENTES,094,17094,CHATELAILLON-PLAGE,VC 0,275618,0,4,VC,0,2,0,0,0,1,1,0,0,,1,7,0,1,0,0
1,3,2,1,1,17,FRANCE,POITOU-CHARENTES,486,17486,BREE-LES-BAINS (LA),VC 0,275625,5,4,VC,0,2,2,0,0,0,1,0,0,,1,7,0,1,0,0
1,4,1,1,1,17,FRANCE,POITOU-CHARENTES,337,17337,SAINT-GEORGES-D'OLERON,RD 734,275626,0,3,RD,734,2,0,0,0,0,1,4597600,-135000,,1,33,0,1,0,0
1,5,9,1,3,17,FRANCE,POITOU-CHARENTES,421,17421,SAUJON,RD 136,275631,0,3,RD,136,2,2,0,0,0,1,0,0,,1,7,0,1,0,0
1,3,1,1,3,17,FRANCE,POITOU-CHARENTES,323,17323,SAINT-DENIS-D'OLERON,RD 734,275639,0,3,RD,734,2,0,0,0,0,1,0,0,,1,7,0,1,0,0
5,5,1,1,2,17,FRANCE,POITOU-CHARENTES,028,17028,AYTRE,AVENUE ROGER SALENGRO,275641,0,4,VC,0,2,2,,,0,1,,,,1,7,0,1,0,0
1,5,1,1,6,17,FRANCE,POITOU-CHARENTES,028,17028,AYTRE,AVENUE EDMOND GRASSET,275643,0,4,VC,0,2,2,,,0,1,,,,1,7,0,1,0,0
5,5,1,1,2,17,FRANCE,POITOU-CHARENTES,028,17028,AYTRE,AVENUE EDMOND GRASSET,275644,0,4,VC,0,2,2,84,0,0,1,,,,1,7,0,1,0,0
1,7,1,1,7,17,FRANCE,POITOU-CHARENTES,300,17300,ROCHELLE (LA),RUE MIRABEAU ,275645,0,4,VC,0,2,2,,,0,1,,,,1,,0,1,0,0
1,1,6,1,7,17,FRANCE,POITOU-CHARENTES,299,17299,ROCHEFORT,ROND-POINT BRILLOUET ,275646,5,4,VC,0,1,2,,,0,1,,,,1,,0,1,0,0
1,1,1,1,2,17,FRANCE,POITOU-CHARENTES,019,17019,ARS-EN-RE,RD 735,275651,0,3,RD,735,0,0,0,0,0,1,0,0,,1,37,0,1,0,0
1,4,6,1,3,17,FRANCE,POITOU-CHARENTES,369,17369,SAINT-MARTIN-DE-RE,VC 0,275652,0,4,VC,0,2,2,0,0,1,1,0,0,,1,7,0,1,0,0
1,3,1,1,3,17,FRANCE,POITOU-CHARENTES,411,17411,SAINT-TROJAN-LES-BAINS,RD 734,275662,0,3,RD,734,0,1,0,0,1,5,0,0,,1,,0,1,0,0
1,1,1,1,5,17,FRANCE,POITOU-CHARENTES,452,17452,TREMBLADE (LA),RD 25,275672,0,3,RD,25,2,2,0,0,0,1,0,0,,1,7,0,1,0,0
3,3,1,1,6,17,FRANCE,POITOU-CHARENTES,083,17083,CHAMPAGNE,RD 18,275675,0,3,RD,18,2,2,0,0,0,4,0,0,,1,,0,1,0,0
3,1,1,1,1,17,FRANCE,POITOU-CHARENTES,051,17051,BOIS-PLAGE-EN-RE (LE),RD 201,275680,0,3,RD,201,2,0,0,0,1,5,4617000,-135500,,1,,0,1,0,0
1,1,3,1,3,17,FRANCE,POITOU-CHARENTES,241,17241,MONTGUYON,RD 910,275687,0,3,RD,910,2,2,10,700,0,1,4522500,-19200,,1,7,0,1,0,0
1,5,1,1,7,17,FRANCE,POITOU-CHARENTES,306,17306,ROYAN,AVENUE DE LA CONCHE DU CHAY,275691,0,4,VC,0,2,2,,,0,1,,,,1,,0,1,0,0
1,7,1,1,1,17,FRANCE,POITOU-CHARENTES,300,17300,ROCHELLE (LA),AVENUE DE VIENNE,275695,0,4,VC,0,1,1,,,0,1,,,,1,7,0,1,0,0
1,7,9,1,3,17,FRANCE,POITOU-CHARENTES,300,17300,ROCHELLE (LA),MAUBEC QUAI,275700,0,4,VC,0,2,2,,,2,5,,,,1,7,0,1,0,0
1,1,1,1,3,17,FRANCE,POITOU-CHARENTES,437,17437,TALMONT-SUR-GIRONDE,RD 145,275708,0,3,RD,145,2,2,0,0,0,1,0,0,,1,7,0,1,0,0
1,5,6,1,3,17,FRANCE,POITOU-CHARENTES,274,17274,PERIGNY,AVENUE PAUL LANGEVIN,275714,0,3,RD,0,2,2,,,0,1,,,,1,7,0,1,0,0
1,6,3,2,3,17,FRANCE,POITOU-CHARENTES,299,17299,ROCHEFORT,RUE BUROT ,275718,0,3,RD,0,2,0,,,0,1,,,,1,7,0,1,0,0
2,5,1,3,7,17,FRANCE,POITOU-CHARENTES,306,17306,ROYAN,BOULEVARD GEORGES CLEMENCEAU,275719,0,4,VC,0,2,2,,,0,1,,,,1,,0,1,0,0
1,1,1,1,1,17,FRANCE,POITOU-CHARENTES,351,17351,SAINT-JUST-LUZAC,RD 18,275729,0,3,RD,18,2,2,5,700,0,1,0,0,,1,10,0,1,0,0
2,7,1,2,7,17,FRANCE,POITOU-CHARENTES,300,17300,ROCHELLE (LA),AVENUE BILLAUD-VARENNE ,275736,0,4,VC,0,2,2,,,0,0,,,,1,,0,1,0,0
4,2,1,3,2,17,FRANCE,POITOU-CHARENTES,040,17040,BENATE (LA),RD 120,275740,0,3,RD,120,2,2,68,0,0,1,0,0,,1,7,0,1,0,0
1,4,1,1,1,17,FRANCE,POITOU-CHARENTES,093,17093,CHATEAU-D'OLERON (LE),VC 0,275743,5,4,VC,0,2,2,0,0,0,1,4589000,-120600,,1,7,0,1,0,0
1,5,6,1,6,17,FRANCE,POITOU-CHARENTES,306,17306,ROYAN,AVENUE BOUCHET LOUIS,275764,0,4,VC,0,0,2,,,0,1,,,,1,7,0,1,0,0
1,1,9,9,2,17,FRANCE,POITOU-CHARENTES,058,17058,BOURCEFRANC-LE-CHAPUS,RD 728,275766,0,3,RD,728,2,0,0,0,0,1,0,0,,1,7,0,1,0,0
5,4,1,1,1,17,FRANCE,POITOU-CHARENTES,051,17051,BOIS-PLAGE-EN-RE (LE),VC 0,275788,0,4,VC,0,1,1,0,0,0,1,0,0,,1,7,0,1,0,0
1,3,1,1,1,17,FRANCE,POITOU-CHARENTES,019,17019,ARS-EN-RE,VC 0,275791,0,4,VC,0,2,0,0,0,1,1,0,0,,1,7,0,1,0,0
1,1,1,1,1,17,FRANCE,POITOU-CHARENTES,121,17121,COUARDE-SUR-MER (LA),Autre 0,275793,0,9,Autre,0,2,0,0,0,1,1,4621100,-144600,,1,17,0,1,0,0
1,2,1,1,3,17,FRANCE,POITOU-CHARENTES,106,17106,CIERZAC,RD 731,275796,0,3,RD,731,2,2,0,0,0,1,0,0,,1,10,0,1,0,0
1,1,1,1,3,17,FRANCE,POITOU-CHARENTES,052,17052,BOISREDON,RD 254,275799,0,3,RD,254,2,2,15,780,0,1,0,0,,1,10,0,1,0,0
1,3,1,1,1,17,FRANCE,POITOU-CHARENTES,484,17484,PORT-DES-BARQUES,Autre 0,275812,0,9,Autre,0,2,0,0,0,0,1,0,0,,1,7,0,1,0,0
5,4,1,1,1,17,FRANCE,POITOU-CHARENTES,093,17093,CHATEAU-D'OLERON (LE),VC 0,275824,0,4,VC,0,2,2,0,0,0,1,0,0,,1,30,0,1,0,0
1,4,7,1,1,17,FRANCE,POITOU-CHARENTES,337,17337,SAINT-GEORGES-D'OLERON,Parking 0,275825,0,6,Parking,0,2,0,0,0,0,1,4597600,-134700,,1,36,0,1,0,0
1,1,2,1,3,17,FRANCE,POITOU-CHARENTES,447,17447,THOU (LE),RD 112,275841,5,3,RD,112,2,0,0,0,0,1,4610000,-94000,,1,7,0,1,0,0
1,1,1,1,2,17,FRANCE,POITOU-CHARENTES,277,17277,SAINT-DENIS-DU-PIN,RD 150,275876,0,3,RD,150,2,2,16,680,0,1,0,0,,1,7,0,1,0,0
1,3,1,1,3,17,FRANCE,POITOU-CHARENTES,024,17024,AULNAY,RD 129,275888,0,3,RD,129,2,0,1,195,0,1,0,0,,1,33,0,1,0,0
1,1,1,1,6,17,FRANCE,POITOU-CHARENTES,257,17257,NERE,RD 130,275889,0,3,RD,130,2,2,0,0,0,1,0,0,,1,,0,1,0,1
1,6,2,1,3,17,FRANCE,POITOU-CHARENTES,299,17299,ROCHEFORT,AVENUE DES BOIS DEROULES,275903,5,4,VC,0,2,2,,,0,1,,,,1,7,0,1,0,0
1,6,2,1,3,17,FRANCE,POITOU-CHARENTES,299,17299,ROCHEFORT,AVENUE CHARENTE ,275911,0,3,RD,0,2,2,,,0,1,,,,1,17,0,1,0,0
1,5,1,1,7,17,FRANCE,POITOU-CHARENTES,274,17274,PERIGNY,RUE DE LA CAILLAUDE ,275927,0,4,VC,0,0,1,,,0,0,,,,1,,0,1,0,0
1,7,1,1,6,17,FRANCE,POITOU-CHARENTES,300,17300,ROCHELLE (LA),BOULEVARD DE COGNEHORS ,275961,0,4,VC,0,2,2,,,0,1,,,,1,7,0,1,0,0
1,4,6,1,6,17,FRANCE,POITOU-CHARENTES,380,17380,SAINT-PALAIS-SUR-MER,AVENUE DE LA SOURCE,275965,0,4,VC,0,0,2,,,0,1,,,,1,7,0,1,0,0
1,4,1,1,6,17,FRANCE,POITOU-CHARENTES,380,17380,SAINT-PALAIS-SUR-MER,ALLEE DE LA JONQUE,275967,0,4,VC,0,0,2,,,0,1,,,,1,7,0,1,0,0
1,6,1,1,6,17,FRANCE,POITOU-CHARENTES,415,17415,SAINTES,RUE DES GILARDEAUX ,275978,0,4,VC,0,2,2,,,0,1,,,,1,,0,1,0,0
1,6,1,1,6,17,FRANCE,POITOU-CHARENTES,415,17415,SAINTES,COURS DES APOTRES DE LA LIBERTE,275984,0,4,VC,0,3,2,,,0,1,,,,1,7,0,1,0,0
1,6,1,1,6,17,FRANCE,POITOU-CHARENTES,415,17415,SAINTES,RECOLLETS PLACE DES,275985,0,4,VC,0,0,1,,,0,1,,,,1,7,0,1,0,0
1,5,1,1,2,18,FRANCE,CENTRE,015,18015,AUBIGNY-SUR-NERE,VC 0,276016,4,4,VC,0,2,1,0,0,0,1,0,0,,1,7,0,1,0,0
1,4,1,1,7,18,FRANCE,CENTRE,011,18011,ARGENT-SUR-SAULDRE,RD 940,276019,0,3,RD,940,2,2,0,0,0,4,0,0,,1,,0,1,0,0
1,1,1,1,7,18,FRANCE,CENTRE,197,18197,SAINT-AMAND-MONTROND,RN 144,276043,0,2,RN,144,4,0,0,0,0,0,4674000,248900,,1,,0,1,0,0
1,1,1,1,3,18,FRANCE,CENTRE,110,18110,HERRY,RD 920,276055,5,3,RD,920,2,2,13,100,0,1,4725500,291500,,1,13,0,1,0,0
3,1,1,1,3,18,FRANCE,CENTRE,184,18184,PRECY,RD 81,276092,0,3,RD,81,2,0,10,300,0,1,4708700,292500,,1,7,0,1,0,0
1,3,1,7,1,18,FRANCE,CENTRE,023,18023,BAUGY,RD 10,276098,0,3,RD,10,2,2,47,300,0,1,4707800,272600,,1,7,0,1,0,0
1,1,1,1,1,18,FRANCE,CENTRE,110,18110,HERRY,RD 920,276111,0,3,RD,920,2,0,11,800,0,1,4725000,291900,,1,10,0,1,0,0
1,1,2,1,3,18,FRANCE,CENTRE,087,18087,DUN-SUR-AURON,RD 34,276119,0,3,RD,34,1,2,16,75,0,1,4689500,255500,,1,7,0,1,0,0
1,1,1,7,2,18,FRANCE,CENTRE,137,18137,MAREUIL-SUR-ARNON,RD 18,276129,0,3,RD,18,2,2,32,600,0,1,0,0,,1,7,0,1,0,0
1,1,2,1,3,18,FRANCE,CENTRE,241,18241,SANCERRE,RD 920,276135,0,3,RD,920,2,2,0,0,0,1,0,0,,1,7,0,1,0,0
1,1,1,1,6,18,FRANCE,CENTRE,005,18005,ALLOUIS,VC 122,276139,0,4,VC,122,2,0,0,0,0,1,4715500,222100,,1,,0,1,0,0
1,7,7,1,3,18,FRANCE,CENTRE,033,18033,BOURGES,PLACE DU MARECHAL LECLERC,276141,0,4,VC,0,1,2,,,0,1,,,,1,7,0,1,0,0
1,7,1,1,3,18,FRANCE,CENTRE,033,18033,BOURGES,AVENUE DU 11 NOVEMBRE 1918 ,276144,2,4,VC,0,3,2,,,0,1,,,,1,7,0,1,0,0
1,5,1,1,6,18,FRANCE,CENTRE,197,18197,SAINT-AMAND-MONTROND,Autre 0,276157,5,9,Autre,0,2,0,0,0,0,1,4672900,250700,,1,,0,1,0,0
1,4,6,1,1,18,FRANCE,CENTRE,011,18011,ARGENT-SUR-SAULDRE,RD 940,276183,0,3,RD,940,2,2,0,0,0,1,4756900,245300,,1,3,0,1,0,0
1,1,1,1,1,18,FRANCE,CENTRE,241,18241,SANCERRE,RD 183,276188,0,3,RD,183,2,0,2,34,0,1,0,0,,1,14,0,1,0,0
1,5,1,1,6,18,FRANCE,CENTRE,207,18207,SAINT-FLORENT-SUR-CHER,VC 0,276196,0,4,VC,0,2,2,0,0,0,1,4699900,225600,,1,,0,0,0,1
1,3,1,1,3,18,FRANCE,CENTRE,255,18255,SUBDRAY (LE),CHAUSSEE DE CESAR,276232,0,4,VC,0,2,2,,,0,1,,,,1,13,0,1,0,0
1,7,2,1,3,18,FRANCE,CENTRE,033,18033,BOURGES,RUE SAINTE-ANGELIQUE,276252,0,4,VC,0,2,2,,,0,1,,,,1,7,0,1,0,0
1,6,2,1,3,18,FRANCE,CENTRE,279,18279,VIERZON,ROUTE DE MASSAY,276258,0,3,RD,0,2,3,,,0,1,,,,1,14,0,1,0,0
1,1,4,1,3,18,FRANCE,CENTRE,033,18033,BOURGES,RUE DES FRERES VOISINS,276292,0,4,VC,0,2,4,,,0,0,,,,1,10,0,1,0,0
1,7,5,1,3,18,FRANCE,CENTRE,033,18033,BOURGES,RUE DE LA SALLE D'ARMES,276295,0,4,VC,0,2,2,,,0,0,,,,1,7,0,1,0,0
1,5,1,1,6,18,FRANCE,CENTRE,015,18015,AUBIGNY-SUR-NERE,VC 0,276302,0,4,VC,0,2,2,0,0,0,1,4749900,244300,,1,,0,1,0,0
1,7,7,7,3,18,FRANCE,CENTRE,033,18033,BOURGES,RUE JEAN-JACQUES ROUSSEAU ,276336,5,4,VC,,1,2,,,0,1,,,,1,7,,,,
1,5,3,2,1,18,FRANCE,CENTRE,205,18205,SAINT-DOULCHARD,RUE DES VIGNES,276343,0,4,VC,0,2,2,,,0,1,,,,1,7,0,1,0,0
5,7,3,1,3,18,FRANCE,CENTRE,033,18033,BOURGES,AVENUE PIERRE BEREGOVOY,276401,5,4,VC,0,2,3,,,0,1,,,,1,7,0,1,0,0