lum,agg,int,atm,col,dep_bis,pays,region,com_bis,com_codeINSEE,communes,N_voie,numac,infra,catr,type_route,voie,circ,nbv,pr,pr1,vosp,situ,lat,long,adr,accident_velo,vehicule_imp,cycl_mort,cycl_bgv,cycl_blg,cycl_indm
1,1,1,1,1,18,FRANCE,CENTRE,100,18100,GENOUILLY,RD 230,276402,0,3,RD,230,2,0,0,0,0,1,0,0,,1,17,0,1,0,0
2,7,6,1,3,18,FRANCE,CENTRE,033,18033,BOURGES,Route de Fussy,276408,0,3,RD,0,1,2,,,0,1,,,,1,7,0,1,0,0
1,5,2,1,3,18,FRANCE,CENTRE,205,18205,SAINT-DOULCHARD,ROUTE D'ORLEANS,276414,0,3,RD,2076,2,2,65,864,0,1,,,,1,7,0,1,0,0
1,1,1,1,2,18,FRANCE,CENTRE,036,18036,BRINAY,RD 27,276416,0,3,RD,27,2,2,6,800,0,1,0,0,,1,7,0,1,0,0
1,1,1,1,7,18,FRANCE,CENTRE,063,18063,CHAVANNES,RD 3,276423,0,3,RD,3,2,2,56,250,0,1,0,0,,1,,0,1,0,0
1,3,1,1,1,18,FRANCE,CENTRE,160,18160,NERONDES,RD 976,276424,0,3,RD,976,2,2,22,300,0,1,0,0,,1,7,0,1,0,0
1,1,1,1,2,18,FRANCE,CENTRE,206,18206,SAINT-ELOY-DE-GY,RD 104,276427,0,3,RD,104,2,2,7,750,0,1,0,0,,1,7,0,1,0,0
1,6,3,1,3,18,FRANCE,CENTRE,279,18279,VIERZON,RUE CHARLES GIBAULT,276429,0,4,VC,0,2,2,,,0,1,,,,1,7,0,1,0,0
1,6,3,2,3,18,FRANCE,CENTRE,279,18279,VIERZON,RUE VOLTAIRE,276477,0,4,VC,0,2,2,0,0,0,1,4722140,206772,,1,2,0,1,0,0
1,1,1,1,6,18,FRANCE,CENTRE,271,18271,VASSELAY,RD 58,276525,0,3,RD,58,2,2,7,0,0,1,4716200,238955,,1,,0,1,0,0
1,5,1,2,2,18,FRANCE,CENTRE,197,18197,SAINT-AMAND-MONTROND,RD 2144,276575,0,3,RD,2144,3,2,0,0,0,1,0,0,,1,7,0,1,0,0
1,3,1,1,3,18,FRANCE,CENTRE,038,18038,BRUERE-ALLICHAMPS,RD 92,276577,0,3,RD,92,2,2,6,900,0,1,4676930,243455,,1,7,0,1,0,0
1,5,1,1,3,18,FRANCE,CENTRE,197,18197,SAINT-AMAND-MONTROND,VC 0,276578,0,4,VC,0,2,2,0,0,1,5,4672800,250200,,1,7,0,1,0,0
5,5,1,3,2,18,FRANCE,CENTRE,197,18197,SAINT-AMAND-MONTROND,RD 10,276580,0,3,RD,10,2,2,0,128,0,1,4672600,250729,,1,31,0,1,0,0
1,1,1,1,3,18,FRANCE,CENTRE,138,18138,MARMAGNE,RD 23,276613,0,3,RD,23,2,2,20,500,0,1,4708090,232653,,1,7,0,1,0,0
1,1,2,1,3,18,FRANCE,CENTRE,035,18035,BRECY,RN 151,276618,0,2,RN,151,2,2,43,154,0,1,4711480,261610,,1,7,0,1,0,0
1,7,3,1,3,18,FRANCE,CENTRE,033,18033,BOURGES,RUE CAMILLE DESMOULINS,276643,0,4,VC,,2,2,,,0,1,4709630,239959,,1,3,0,1,0,0
1,7,2,1,3,18,FRANCE,CENTRE,033,18033,BOURGES,BOULEVARD DU MARECHAL JOFFRE,276656,5,4,VC,,2,4,,,0,1,4707270,239848,,1,7,0,1,0,0
5,7,1,1,3,18,FRANCE,CENTRE,033,18033,BOURGES,RUE DE TURLY,276663,0,4,VC,,2,2,,,1,1,4710310,242950,,1,2,0,0,0,1
1,5,1,1,6,19,FRANCE,LIMOUSIN,272,19272,TULLE,RUE VICTOR HUGO,276703,7,4,VC,0,1,1,,,0,1,,,,1,7,0,1,0,0
5,6,3,1,3,19,FRANCE,LIMOUSIN,031,19031,BRIVE-LA-GAILLARDE,AVENUE PASTEUR ,276712,0,4,VC,0,2,3,,,0,1,,,,1,7,0,1,0,0
1,6,1,1,6,19,FRANCE,LIMOUSIN,031,19031,BRIVE-LA-GAILLARDE,RUE CARNOT,276735,0,4,VC,0,1,1,,,0,1,,,,1,7,0,1,0,0
1,4,6,1,3,19,FRANCE,LIMOUSIN,010,19010,ARGENTAT,RN 120,276765,0,2,RN,120,1,2,0,0,0,1,0,0,,1,7,0,1,0,0
2,6,2,1,3,19,FRANCE,LIMOUSIN,031,19031,BRIVE-LA-GAILLARDE,BOULEVARD CLEMENCEAU,276784,0,4,VC,0,2,3,,,0,1,,,,1,7,0,1,0,0
1,3,1,4,1,19,FRANCE,LIMOUSIN,261,19261,SORNAC,RD 117,276823,0,3,RD,117,0,0,0,0,0,1,4567200,219300,,1,7,0,1,0,0
1,3,1,1,1,19,FRANCE,LIMOUSIN,255,19255,SEILHAC,RD 44,276843,0,3,RD,44,2,2,0,0,0,1,0,0,,1,7,0,1,0,0
2,4,9,1,7,19,FRANCE,LIMOUSIN,073,19073,EGLETONS,RD 142,276859,0,3,RD,142,3,2,0,0,0,1,0,0,,1,,0,1,0,0
1,1,1,7,3,19,FRANCE,LIMOUSIN,229,19229,SAINT-PANTALEON-DE-LARCHE,VC 0,276908,0,4,VC,0,2,0,0,0,0,1,4516000,146300,,1,7,0,1,0,0
1,6,2,1,6,19,FRANCE,LIMOUSIN,031,19031,BRIVE-LA-GAILLARDE,RUE LOUIS MIE,276922,0,4,VC,0,1,1,,,0,1,4515963,453621,,1,7,0,1,0,0
1,6,1,1,2,19,FRANCE,LIMOUSIN,031,19031,BRIVE-LA-GAILLARDE,RUE FERNAND DELMAS,276941,0,4,VC,0,1,1,,,0,1,4515937,453057,,1,7,0,1,0,0
1,6,1,1,6,19,FRANCE,LIMOUSIN,031,19031,BRIVE-LA-GAILLARDE,AVENUE JOHN KENNEDY,276943,0,4,VC,0,2,2,,,0,1,,,,1,7,0,1,0,0
5,6,1,1,6,19,FRANCE,LIMOUSIN,031,19031,BRIVE-LA-GAILLARDE,AVENUE JEAN-JACQUES ROUSSEAU,276964,0,4,VC,0,0,0,,,0,1,,,,1,7,0,1,0,0
1,1,1,1,6,19,FRANCE,LIMOUSIN,250,19250,SALON-LA-TOUR,RD 85,276976,0,3,RD,85,2,2,0,0,0,1,4550900,149400,,1,,0,1,0,0
1,1,1,1,1,19,FRANCE,LIMOUSIN,230,19230,SAINT-PARDOUX-CORBIER,RD 54,276978,0,3,RD,54,2,2,0,0,0,1,4542600,144800,,1,7,0,1,0,0
1,5,1,1,3,19,FRANCE,LIMOUSIN,123,19123,MALEMORT-SUR-CORREZE,VC 1,276983,0,4,VC,1,2,2,0,0,0,1,4517000,156500,,1,7,0,1,0,0
1,6,1,1,6,19,FRANCE,LIMOUSIN,031,19031,BRIVE-LA-GAILLARDE,CITE DES ROSES,276988,0,4,VC,0,2,0,,,0,1,4517039,451250,,1,7,0,1,0,0
1,1,1,1,6,19,FRANCE,LIMOUSIN,104,19104,LAMONGERIE,RD 20,277002,0,3,RD,20,2,0,0,0,0,1,4555200,158200,,1,,0,1,0,0
1,1,3,1,3,19,FRANCE,LIMOUSIN,230,19230,SAINT-PARDOUX-CORBIER,RD 50,277035,0,3,RD,50,2,0,2,588,0,1,4542950,145680,,1,10,0,1,0,0
1,6,3,1,3,19,FRANCE,LIMOUSIN,031,19031,BRIVE-LA-GAILLARDE,AVENUE PASTEUR ,277040,0,3,RD,920,2,3,51,218,0,1,4516768,153154,,1,7,0,1,0,0
1,3,2,7,1,19,FRANCE,LIMOUSIN,062,19062,CORREZE,RD 26,277047,5,3,RD,26,2,0,20,796,0,1,4534039,187467,,1,7,0,1,0,0
1,2,3,1,1,19,FRANCE,LIMOUSIN,014,19014,AURIAC,RD 65,277095,0,3,RD,65,2,1,5,556,0,1,4520468,214442,,1,13,0,1,0,0
1,6,1,1,2,19,FRANCE,LIMOUSIN,031,19031,BRIVE-LA-GAILLARDE,BOULEVARD GENERAL KOENIG,277128,0,4,VC,0,1,3,,,0,1,4516030,153187,,1,7,0,1,0,0
1,3,3,1,3,19,FRANCE,LIMOUSIN,015,19015,AYEN,RD 39,277132,0,3,RD,39,2,0,35,10,0,1,4524872,132601,,1,7,0,1,0,0
1,1,1,1,3,19,FRANCE,LIMOUSIN,060,19060,CONDAT-SUR-GANAVEIX,RD 137,277139,0,3,RD,137,2,2,3,357,0,1,4545515,158363,,1,7,0,1,0,0
1,5,9,1,1,19,FRANCE,LIMOUSIN,123,19123,MALEMORT-SUR-CORREZE,Parking 0,277142,0,6,Parking,0,2,2,0,0,0,1,4516860,156029,,1,7,0,1,0,0
1,1,6,1,1,19,FRANCE,LIMOUSIN,278,19278,VARETZ,RD 901,277211,0,3,RD,901,2,2,0,0,0,1,4519170,145607,,1,7,0,1,0,0
1,1,4,1,4,2A,FRANCE,CORSE,247,2A247,PORTO-VECCHIO,RN 198,277265,5,2,RN,198,2,0,21,530,0,1,0,0,,1,7,0,1,0,0
1,7,1,1,6,2A,FRANCE,CORSE,004,2A004,AJACCIO,COURS GRANDVAL,277290,0,4,VC,0,2,2,,,0,1,,,,1,7,0,1,0,0
1,2,1,1,1,2A,FRANCE,CORSE,345,2A345,VERO,RD 4,277377,0,3,RD,4,2,2,3,400,0,1,4206600,893400,,1,7,0,1,0,0
1,1,1,1,3,2A,FRANCE,CORSE,004,2A004,AJACCIO,NATIONALE 196,277389,0,2,RN,0,2,4,,,0,1,,,,1,10,0,1,0,0
1,1,1,1,1,2A,FRANCE,CORSE,160,2A160,MOCA-CROCE,RD 757,277443,0,3,RD,757,2,2,27,200,0,1,4180500,898800,,1,7,0,1,0,0
1,1,1,1,3,2A,FRANCE,CORSE,284,2A284,SOLLACARO,RD 157,277457,5,3,RD,157,2,2,9,600,0,1,4172500,883900,,1,7,0,1,0,0
1,1,1,1,6,2A,FRANCE,CORSE,247,2A247,PORTO-VECCHIO,RD 468,277505,0,3,RD,468,2,0,0,140,0,1,4162640,929126,,1,,0,1,0,0
1,1,1,1,1,2A,FRANCE,CORSE,247,2A247,PORTO-VECCHIO,RD 368,277605,0,3,RD,368,2,2,14,450,0,1,0,0,,1,7,0,1,0,0
1,1,1,1,3,2B,FRANCE,CORSE,320,2B320,TALLONE,RN 198,277711,5,2,RN,198,2,0,102,30,0,1,4215000,950000,,1,7,0,1,0,0
1,1,1,1,2,2B,FRANCE,CORSE,123,2B123,GHISONACCIA,RN 198,277717,0,2,RN,198,2,2,0,0,0,3,0,0,,1,7,0,1,0,0
1,1,1,1,1,2B,FRANCE,CORSE,303,2B303,SAN-GIULIANO,VC 0,277737,0,4,VC,0,2,2,0,0,0,1,4228000,954300,,1,7,0,1,0,0
1,1,1,1,1,2B,FRANCE,CORSE,179,2B179,NOVALE,RD 17,277854,0,3,RD,17,2,2,0,0,0,1,0,0,,1,10,0,1,0,0
1,1,1,1,3,2B,FRANCE,CORSE,140,2B140,LENTO,RD 5,277893,0,3,RD,5,2,2,8,200,0,1,0,0,,1,7,0,1,0,0
1,1,1,2,1,2B,FRANCE,CORSE,239,2B239,POGGIO-D'OLETTA,RD 38,277947,0,3,RD,38,2,2,1,0,0,1,0,0,,1,7,0,1,0,0
1,1,1,1,1,2B,FRANCE,CORSE,148,2B148,LUCCIANA,RD 107,278005,0,3,RD,107,2,0,15,0,0,1,0,0,,1,38,0,1,0,0
1,1,1,1,1,2B,FRANCE,CORSE,307,2B307,SANTA-LUCIA-DI-MORIANI,RN 198,278049,0,2,RN,198,2,0,129,980,0,1,0,0,,1,10,0,1,0,0
5,8,6,1,3,21,FRANCE,BOURGOGNE,231,21231,DIJON,RUE DE CRACOVIE,278064,5,4,VC,0,2,4,,,1,1,,,,1,7,0,1,0,0
5,8,1,1,3,21,FRANCE,BOURGOGNE,231,21231,DIJON,AVENUE DU DRAPEAU,278065,0,2,RN,0,2,3,,,0,1,,,,1,7,0,1,0,0
1,8,3,1,3,21,FRANCE,BOURGOGNE,231,21231,DIJON,RUE LEONARD DE VINCI,278086,0,4,VC,0,2,2,,,0,1,,,,1,7,0,1,0,0
1,8,1,1,2,21,FRANCE,BOURGOGNE,231,21231,DIJON,RUE DU CHAIGNOT,278116,0,4,VC,0,1,1,,,0,1,,,,1,7,0,1,0,0
1,8,2,1,3,21,FRANCE,BOURGOGNE,231,21231,DIJON,BOULEVARD MARECHAL JOFFRE,278118,5,4,VC,0,3,4,,,2,1,,,,1,7,0,1,0,0
5,5,1,1,6,21,FRANCE,BOURGOGNE,617,21617,TALANT,RUE DU RESERVOIR,278119,0,4,VC,0,2,2,,,0,4,,,,1,,0,1,0,0
1,1,2,1,3,21,FRANCE,BOURGOGNE,656,21656,VARANGES,RD 25,278121,5,3,RD,25,2,2,38,0,0,1,4722700,518700,,1,7,0,1,0,0
1,3,1,1,3,21,FRANCE,BOURGOGNE,590,21590,SAVIGNY-LES-BEAUNE,VC 0,278128,0,4,VC,0,2,2,0,0,0,1,4706800,481800,,1,7,0,1,0,0
1,2,1,1,1,21,FRANCE,BOURGOGNE,567,21567,SAINT-PRIX-LES-ARNAY,RD 17,278129,0,3,RD,17,3,0,0,0,0,1,0,0,,1,7,0,1,0,0
1,6,3,1,1,21,FRANCE,BOURGOGNE,054,21054,BEAUNE,VC 0,278140,0,4,VC,0,1,1,1,0,0,1,,,,1,7,0,1,0,0
1,8,7,1,3,21,FRANCE,BOURGOGNE,231,21231,DIJON,PLACE AUGUSTE DUBOIS,278145,5,4,VC,0,1,2,,,3,1,,,,1,7,0,1,0,0
1,3,1,1,3,21,FRANCE,BOURGOGNE,590,21590,SAVIGNY-LES-BEAUNE,RD 2,278161,0,3,RD,2,2,0,0,0,0,1,0,0,,1,10,0,1,0,0
1,1,1,1,1,21,FRANCE,BOURGOGNE,569,21569,SAINT-ROMAIN,RD 17,278166,0,3,RD,17,2,2,50,800,0,1,4701100,471000,,1,7,0,1,0,0
1,1,1,1,1,21,FRANCE,BOURGOGNE,295,21295,GEVREY-CHAMBERTIN,RD 31,278171,0,3,RD,31,2,2,6,17,0,1,4722700,492800,,1,3,0,1,0,0
1,5,6,1,3,21,FRANCE,BOURGOGNE,278,21278,FONTAINE-LES-DIJON,RUE DU FAUBOURG ST NICOLAS,278194,5,4,VC,0,2,2,,,0,1,,,,1,7,0,1,0,0
1,8,1,2,2,21,FRANCE,BOURGOGNE,231,21231,DIJON,BOULEVARD GABRIEL,278217,0,4,VC,0,3,4,,,0,1,,,,1,7,0,1,0,0
1,5,4,7,3,21,FRANCE,BOURGOGNE,355,21355,LONGVIC,ROUTE DE DIJON,278252,5,3,RD,0,2,3,,,0,1,,,,1,7,0,1,0,0
5,5,6,2,2,21,FRANCE,BOURGOGNE,292,21292,GENLIS,RD 905,278257,5,3,RD,905,0,2,25,950,1,1,4723900,522900,,1,7,0,1,0,0
1,8,2,1,5,21,FRANCE,BOURGOGNE,231,21231,DIJON,RUE DE MIRANDE,278261,5,4,VC,0,3,4,,,0,1,,,,1,7,0,1,0,0
1,5,1,1,2,21,FRANCE,BOURGOGNE,278,21278,FONTAINE-LES-DIJON,RUE DE LA PETITE FIN,278287,0,4,VC,0,2,2,,,0,1,,,,1,10,0,1,0,0
1,4,1,1,1,21,FRANCE,BOURGOGNE,663,21663,VENAREY-LES-LAUMES,RD 905,278304,6,3,RD,905,2,2,0,0,1,1,4754900,445900,,1,7,0,1,0,0
1,6,2,1,3,21,FRANCE,BOURGOGNE,054,21054,BEAUNE,VC 0,278308,0,4,VC,0,2,3,1,0,0,1,,,,1,15,0,1,0,0
1,5,1,1,3,21,FRANCE,BOURGOGNE,166,21166,CHENOVE,AVENUE ROLAND CARRAZ,278314,0,2,RN,0,3,4,,,3,1,,,,1,7,0,1,0,0
1,1,1,1,1,21,FRANCE,BOURGOGNE,577,21577,SAINT-USAGE,RD 20,278330,5,3,RD,20,2,2,32,550,0,1,0,0,,1,7,0,1,0,0
1,1,1,1,2,21,FRANCE,BOURGOGNE,259,21259,FAIN-LES-MONTBARD,RD 905,278333,0,3,RD,905,2,2,17,300,0,1,4760400,440900,,1,14,0,1,0,0
1,1,1,1,1,21,FRANCE,BOURGOGNE,505,21505,PRECY-SOUS-THIL,RD 10,278335,0,3,RD,10,2,0,1,700,0,1,4741000,433300,,1,7,0,1,0,0
1,5,1,1,3,21,FRANCE,BOURGOGNE,390,21390,MARSANNAY-LA-COTE,VC 0,278355,0,4,VC,0,2,0,0,0,0,0,4727200,498600,,1,7,0,1,0,0
1,8,2,1,3,21,FRANCE,BOURGOGNE,231,21231,DIJON,RUE DES VERRIERS,278364,5,4,VC,0,2,2,,,0,1,,,,1,7,0,1,0,0
1,2,1,1,7,21,FRANCE,BOURGOGNE,378,21378,MARCENAY,RD 1,278374,0,3,RD,1,2,1,6,300,0,3,4787000,440400,,1,,0,1,0,0
1,8,1,1,6,21,FRANCE,BOURGOGNE,231,21231,DIJON,RUE DU CHATEAU,278486,0,4,VC,0,1,1,,,1,5,,,,1,7,0,1,0,0
1,8,2,1,6,21,FRANCE,BOURGOGNE,231,21231,DIJON,RUE D'AUXONNE,278487,0,4,VC,0,1,2,,,0,1,,,,1,,0,1,0,0
5,6,1,1,3,21,FRANCE,BOURGOGNE,054,21054,BEAUNE,BOULEVARD DU MARECHAL FOCH,278509,0,4,VC,0,2,2,0,1,1,5,,,,1,,0,0,0,1
1,8,3,1,3,21,FRANCE,BOURGOGNE,231,21231,DIJON,RUE ADOLPHE DIETRICH,278512,0,4,VC,0,2,2,,,0,0,,,,1,7,0,1,0,0
2,8,1,3,2,21,FRANCE,BOURGOGNE,231,21231,DIJON,BOULEVARD MARECHAL GALLIENI,278520,0,4,VC,0,2,2,,,0,1,,,,1,7,0,1,0,0
1,2,1,1,2,21,FRANCE,BOURGOGNE,268,21268,FLAGEY-LES-AUXONNE,RD 24,278537,0,3,RD,24,2,0,0,0,0,1,4715200,539200,,1,7,0,1,0,0
1,5,9,1,3,21,FRANCE,BOURGOGNE,292,21292,GENLIS,RD 905,278593,0,3,RD,905,2,2,0,0,2,5,4724100,522700,,1,7,0,1,0,0
1,5,1,1,1,21,FRANCE,BOURGOGNE,425,21425,MONTBARD,VC 8,278598,0,4,VC,8,2,2,0,0,0,1,4762500,433100,,1,7,0,1,0,0
1,3,6,1,1,21,FRANCE,BOURGOGNE,408,21408,MESSIGNY-ET-VANTOUX,Autre 0,278612,0,9,Autre,0,0,1,0,0,0,1,4735100,503600,,1,7,0,1,0,0
1,5,1,1,1,21,FRANCE,BOURGOGNE,038,21038,AUXONNE,RD 905,278616,0,3,RD,905,0,2,0,0,0,1,4719600,539100,,1,7,0,1,0,0
1,8,3,7,3,21,FRANCE,BOURGOGNE,231,21231,DIJON,RUE BENIGNE JOLY,278623,0,4,VC,0,0,1,,,0,0,,,,1,7,0,1,0,0
1,8,7,2,2,21,FRANCE,BOURGOGNE,231,21231,DIJON,RUE DES GODRANS,278624,5,4,VC,0,1,1,,,0,0,,,,1,7,0,1,0,0
1,8,6,1,3,21,FRANCE,BOURGOGNE,231,21231,DIJON,ROND-POINT DE LA NATION,278626,5,4,VC,0,1,3,,,0,1,,,,1,7,0,1,0,0
5,5,1,1,7,21,FRANCE,BOURGOGNE,166,21166,CHENOVE,RUE MAXIME GUILLOT,278635,0,4,VC,0,2,2,,,0,1,,,,1,,0,1,0,0
1,3,1,1,1,21,FRANCE,BOURGOGNE,383,21383,MARCILLY-SUR-TILLE,RD 959,278647,0,3,RD,959,2,2,43,800,1,1,4752300,512900,,1,7,0,1,0,0
5,3,1,1,2,21,FRANCE,BOURGOGNE,408,21408,MESSIGNY-ET-VANTOUX,RD 996,278659,0,3,RD,996,2,2,0,0,0,1,4741000,501800,,1,7,0,1,0,1
5,8,2,1,1,21,FRANCE,BOURGOGNE,231,21231,DIJON,BOULEVARD PASCAL,278674,5,4,VC,0,2,3,,,0,1,,,,1,7,0,1,0,0
5,8,2,8,3,21,FRANCE,BOURGOGNE,231,21231,DIJON,RUE JEANNIN,278675,0,4,VC,0,1,1,,,0,1,,,,1,7,0,1,0,0
1,6,3,3,7,21,FRANCE,BOURGOGNE,054,21054,BEAUNE,RUE DU FAUBOURG SAINT JEAN,278688,0,4,VC,0,2,2,0,0,0,1,,,,1,7,0,1,0,0
1,5,6,2,3,21,FRANCE,BOURGOGNE,278,21278,FONTAINE-LES-DIJON,RUE DOCTEUR MAJNONI D'INTIGNANO,278693,5,4,VC,0,2,2,,,0,1,,,,1,7,0,1,0,0
1,8,1,1,2,21,FRANCE,BOURGOGNE,231,21231,DIJON,RUE DE LA PREFECTURE,278705,0,4,VC,0,2,2,0,0,0,1,4732450,504231,,1,10,0,1,0,0
1,8,1,1,6,21,FRANCE,BOURGOGNE,231,21231,DIJON,BOULEVARD DES VALENDONS,278716,0,4,VC,0,2,2,0,0,0,1,,,,1,7,0,1,0,0
1,1,1,1,1,21,FRANCE,BOURGOGNE,210,21210,CREANCEY,RD 977,278759,0,3,RD,977,2,2,40,600,0,1,4723580,457648,,1,7,0,1,0,0
1,1,6,1,3,21,FRANCE,BOURGOGNE,003,21003,AHUY,RD 107,278763,5,3,RD,107,1,1,3,492,0,1,4735770,503382,,1,3,0,1,0,0
1,2,1,1,6,21,FRANCE,BOURGOGNE,712,21712,VOLNAY,VC 0,278765,0,4,VC,0,2,0,0,0,0,3,4700510,477582,,1,,0,1,0,0
1,1,1,1,1,21,FRANCE,BOURGOGNE,408,21408,MESSIGNY-ET-VANTOUX,RD 104,278784,0,3,RD,104,2,2,55,900,0,1,4740760,500378,,1,7,0,1,0,0
1,1,1,1,2,21,FRANCE,BOURGOGNE,408,21408,MESSIGNY-ET-VANTOUX,RD 996,278792,0,3,RD,996,2,2,88,495,2,1,4738990,502658,,1,7,0,1,0,0
5,2,1,1,2,21,FRANCE,BOURGOGNE,316,21316,HEUILLEY-SUR-SAONE,RD 25,278795,0,3,RD,25,2,2,0,264,0,1,4732990,544906,,1,7,0,1,0,0
5,8,7,1,3,21,FRANCE,BOURGOGNE,231,21231,DIJON,RUE TURGOT,278813,5,4,VC,0,1,1,0,0,0,0,4731870,504046,,1,7,0,1,0,0
1,6,1,8,3,21,FRANCE,BOURGOGNE,054,21054,BEAUNE,AVENUE CHARLES JAFFELIN,278818,0,3,RD,970,2,2,63,41,0,1,4702420,482904,,1,7,0,1,0,0
1,8,6,1,3,21,FRANCE,BOURGOGNE,231,21231,DIJON,RUE REGNARD,278852,0,4,VC,0,2,2,0,0,0,1,4733600,504922,,1,7,0,1,0,0
1,5,1,1,6,21,FRANCE,BOURGOGNE,038,21038,AUXONNE,RD 24,278865,0,3,RD,24,2,0,0,0,0,1,0,0,,1,,0,1,0,0
1,3,1,1,1,21,FRANCE,BOURGOGNE,353,21353,LONGECOURT-EN-PLAINE,Parking 968,278868,0,6,Parking,968,0,0,0,0,0,1,0,0,,1,7,0,1,0,0
1,1,1,1,6,21,FRANCE,BOURGOGNE,441,21441,MONT-SAINT-JEAN,RD 977,278899,0,3,RD,977,2,2,25,55,0,1,0,0,,1,7,0,1,0,0
1,2,3,1,3,21,FRANCE,BOURGOGNE,479,21479,PELLEREY,Autre 0,278929,0,9,Autre,0,2,0,0,0,0,1,4751100,478100,,1,7,0,1,0,0
1,6,1,2,3,21,FRANCE,BOURGOGNE,054,21054,BEAUNE,BOULEVARD JULES FERRY,278939,0,3,RD,0,2,1,0,1,2,5,,,,1,7,0,1,0,0
1,8,2,2,2,21,FRANCE,BOURGOGNE,231,21231,DIJON,RUE JEAN-BAPTISTE BAUDIN,278946,0,4,VC,0,2,2,0,0,0,1,4731880,504922,,1,7,0,1,0,0
1,8,1,1,1,21,FRANCE,BOURGOGNE,231,21231,DIJON,RUE D'ALEMBERT,278947,0,4,VC,0,2,2,0,0,0,1,4732930,505956,,1,7,0,1,0,0
3,5,2,1,2,21,FRANCE,BOURGOGNE,355,21355,LONGVIC,CD,278948,5,3,RD,0,3,7,,,0,1,,,,1,15,0,1,0,0
1,8,4,1,3,21,FRANCE,BOURGOGNE,231,21231,DIJON,RUE DE LA BOUDRONNEE,278960,5,4,VC,0,2,2,,,0,1,,,,1,7,0,1,0,0
1,8,3,1,1,21,FRANCE,BOURGOGNE,231,21231,DIJON,RUE DES CHAMPS PREVOIS,278967,0,4,VC,0,2,2,,,0,0,,,,1,7,0,1,0,0
2,8,1,2,2,21,FRANCE,BOURGOGNE,231,21231,DIJON,RUE PIRON,278984,0,4,VC,0,1,1,,,0,4,,,,1,7,0,1,0,0
3,5,2,1,3,21,FRANCE,BOURGOGNE,355,21355,LONGVIC,CD,278986,0,3,RD,0,4,2,,,0,1,,,,1,7,0,1,0,0
1,5,3,1,6,22,FRANCE,BRETAGNE,360,22360,TREGUEUX,RUE DE QUERE,278999,0,4,VC,0,2,2,,,0,1,,,,1,7,0,1,0,0
1,5,2,2,6,22,FRANCE,BRETAGNE,360,22360,TREGUEUX,RUE DE LA REPUBLIQUE ,279000,5,4,VC,0,2,20,,,0,1,,,,1,7,0,1,0,0
1,1,1,1,1,22,FRANCE,BRETAGNE,020,22020,BROONS,VC 0,279034,0,4,VC,0,0,0,0,0,0,1,0,0,,1,7,0,1,0,0
1,5,2,1,3,22,FRANCE,BRETAGNE,215,22215,PLOUFRAGAN,RUE DU FROS,279042,0,4,VC,0,2,2,,,0,1,,,,1,7,0,1,0,0
1,1,6,1,1,22,FRANCE,BRETAGNE,121,22121,LANVOLLON,RD 9,279046,5,3,RD,9,2,2,0,0,0,1,0,0,,1,10,0,1,0,0
1,4,1,1,3,22,FRANCE,BRETAGNE,259,22259,QUEVERT,RN 176,279052,5,2,RN,176,2,3,0,0,3,1,0,0,,1,7,0,1,0,0
1,1,1,1,2,22,FRANCE,BRETAGNE,254,22254,PRAT,RD 33,279057,0,3,RD,33,2,2,0,0,0,1,0,0,,1,7,0,1,0,0
2,1,1,1,7,22,FRANCE,BRETAGNE,315,22315,SAINT-MAUDEZ,VC 1,279064,0,4,VC,1,2,2,0,0,0,1,0,0,,1,,0,1,0,0
1,4,1,1,1,22,FRANCE,BRETAGNE,282,22282,SAINT-CAST-LE-GUILDO,VC 0,279066,0,4,VC,0,2,0,0,0,0,3,4863700,-225800,,1,7,0,1,0,0
1,1,1,1,3,22,FRANCE,BRETAGNE,195,22195,PLEUBIAN,RD 33,279072,0,3,RD,33,2,2,57,500,0,1,4883800,-314200,,1,7,0,1,0,0
1,1,1,1,2,22,FRANCE,BRETAGNE,187,22187,PLERIN,RD 786,279076,0,3,RD,786,2,0,0,0,0,1,0,0,,1,7,0,1,0,0
1,1,1,1,3,22,FRANCE,BRETAGNE,215,22215,PLOUFRAGAN,IMPASSE DES CHATELETS,279079,0,4,VC,0,2,2,,,2,5,,,,1,7,0,1,0,0
1,1,9,1,1,22,FRANCE,BRETAGNE,308,22308,SAINT-JUVAT,VC 0,279089,0,4,VC,0,0,0,0,0,0,1,0,0,,1,21,0,1,0,0
1,3,1,1,3,22,FRANCE,BRETAGNE,372,22372,TREMUSON,RD 712,279103,5,3,RD,712,2,1,0,0,0,1,0,0,,1,7,0,1,0,0
1,1,1,1,2,22,FRANCE,BRETAGNE,389,22389,YFFINIAC,RD 1,279108,0,3,RD,1,2,2,0,0,0,1,0,0,,1,2,0,1,0,0
1,1,3,1,1,22,FRANCE,BRETAGNE,372,22372,TREMUSON,RD 712,279117,5,3,RD,712,2,1,0,0,0,1,0,0,,1,7,0,1,0,0
1,5,6,1,3,22,FRANCE,BRETAGNE,050,22050,DINAN,PLACE DE GALICE,279118,5,3,RD,0,1,2,0,1,0,1,,,,1,7,0,1,0,0