lum,agg,int,atm,col,dep_bis,pays,region,com_bis,com_codeINSEE,communes,N_voie,numac,infra,catr,type_route,voie,circ,nbv,pr,pr1,vosp,situ,lat,long,adr,accident_velo,vehicule_imp,cycl_mort,cycl_bgv,cycl_blg,cycl_indm
1,5,5,1,2,22,FRANCE,BRETAGNE,113,22113,LANNION,LIEU-DIT CROAS BODIOU,279154,5,3,RD,0,0,2,1,0,0,1,,,,1,7,0,1,0,0
2,5,1,1,3,22,FRANCE,BRETAGNE,162,22162,PAIMPOL,RD 786,279166,0,3,RD,786,2,2,0,0,0,1,4877300,-307500,,1,7,0,1,0,0
1,1,1,7,2,22,FRANCE,BRETAGNE,077,22077,HENANSAL,RD 768,279169,0,3,RD,768,2,0,0,0,0,1,0,0,,1,7,0,1,0,0
1,5,1,1,3,22,FRANCE,BRETAGNE,162,22162,PAIMPOL,RD 786,279176,0,3,RD,786,2,0,0,0,0,1,4878000,-303500,,1,7,0,1,0,0
1,1,1,8,1,22,FRANCE,BRETAGNE,240,22240,PLUMAUGAT,RD 19,279180,0,3,RD,19,2,2,0,0,0,1,0,0,,1,7,0,1,0,0
1,1,1,2,1,22,FRANCE,BRETAGNE,215,22215,PLOUFRAGAN,RUE DE ST-BARTHELEMY,279185,0,4,VC,0,2,2,,,0,1,,,,1,7,0,1,0,0
1,1,1,1,2,22,FRANCE,BRETAGNE,207,22207,PLOUARET,RD 11,279199,0,3,RD,11,2,2,0,0,0,1,4860500,-348900,,1,38,0,1,0,0
1,3,3,1,1,22,FRANCE,BRETAGNE,339,22339,TADEN,VC 0,279209,0,4,VC,0,2,0,0,0,0,1,0,0,,1,7,0,1,0,0
1,5,2,1,3,22,FRANCE,BRETAGNE,360,22360,TREGUEUX,RUE DU DOCTEUR CALMETTE,279217,5,4,VC,0,2,2,,,0,1,,,,1,7,0,1,0,0
1,1,2,7,3,22,FRANCE,BRETAGNE,162,22162,PAIMPOL,RD 786,279224,5,3,RD,786,2,2,0,0,0,1,4876800,-307500,,1,7,0,1,0,0
1,1,1,1,1,22,FRANCE,BRETAGNE,110,22110,LANMERIN,RD 72,279229,2,3,RD,72,2,0,0,0,0,1,0,0,,1,7,0,1,0,0
1,1,6,1,2,22,FRANCE,BRETAGNE,259,22259,QUEVERT,RN 176,279258,0,2,RN,176,1,0,0,0,0,1,0,0,,1,7,0,1,0,0
1,1,1,1,7,22,FRANCE,BRETAGNE,215,22215,PLOUFRAGAN,rue des CHATELETS,279303,0,4,VC,0,2,2,,,1,1,,,,1,,0,1,0,0
1,6,6,1,6,22,FRANCE,BRETAGNE,278,22278,SAINT-BRIEUC,ROND-POINT ABERYSTWYTH,279317,5,3,RD,0,4,0,,,0,1,,,,1,7,0,1,0,0
1,6,2,1,3,22,FRANCE,BRETAGNE,278,22278,SAINT-BRIEUC,DE NORMANDIE,279320,5,4,VC,0,2,2,,,0,1,,,,1,7,0,1,0,0
1,1,1,7,1,22,FRANCE,BRETAGNE,333,22333,SAINT-VRAN,RD 6,279325,5,3,RD,6,2,2,0,0,0,1,4822400,-244200,,1,7,0,1,0,0
1,5,1,1,7,22,FRANCE,BRETAGNE,215,22215,PLOUFRAGAN,RD 712,279330,3,3,RD,0,3,4,,,1,5,,,,1,,0,1,0,0
5,1,1,1,3,22,FRANCE,BRETAGNE,117,22117,LANTIC,VC 0,279361,0,4,VC,0,0,0,0,0,0,1,4860500,-287100,,1,7,0,1,0,0
1,5,1,1,2,22,FRANCE,BRETAGNE,093,22093,LAMBALLE,Autre 0,279363,0,9,Autre,0,2,0,0,0,0,1,0,0,,1,7,0,1,0,0
1,3,1,2,2,22,FRANCE,BRETAGNE,121,22121,LANVOLLON,RD 6,279374,0,3,RD,6,2,0,0,0,0,1,0,0,,1,7,0,1,0,0
1,1,1,7,3,22,FRANCE,BRETAGNE,200,22200,PLEVEN,RD 28,279376,0,3,RD,28,2,2,0,0,0,1,4848800,-233500,,1,7,0,1,0,0
1,1,1,7,1,22,FRANCE,BRETAGNE,248,22248,POMMERIT-LE-VICOMTE,RD 54,279379,0,3,RD,54,2,2,0,0,0,1,0,0,,1,7,0,1,0,0
1,6,1,1,3,22,FRANCE,BRETAGNE,278,22278,SAINT-BRIEUC,GUILLAUME APOLLINAIRE,279386,5,4,VC,0,3,4,,,0,1,,,,1,10,0,1,0,1
1,1,1,1,1,22,FRANCE,BRETAGNE,091,22091,KERMOROC'H,RD 8,279399,5,3,RD,8,2,2,0,0,0,1,4862600,-318300,,1,7,0,1,0,0
1,1,1,1,3,22,FRANCE,BRETAGNE,275,22275,SAINT-BARNABE,RD 778,279412,0,3,RD,778,2,0,0,0,0,1,4814800,-269900,,1,7,0,1,0,0
1,1,1,1,7,22,FRANCE,BRETAGNE,333,22333,SAINT-VRAN,RD 59,279432,0,3,RD,59,2,2,0,0,0,0,0,0,,1,,0,1,0,0
1,1,1,1,3,22,FRANCE,BRETAGNE,300,22300,SAINT-HERVE,RD 700,279436,5,3,RD,700,2,0,0,0,0,1,4827200,-279100,,1,7,0,1,0,0
1,4,2,1,3,22,FRANCE,BRETAGNE,186,22186,PLENEUF-VAL-ANDRE,Autre 0,279437,0,9,Autre,0,2,0,0,0,3,1,0,0,,1,7,0,1,0,0
1,5,1,1,3,22,FRANCE,BRETAGNE,176,22176,PLEDRAN,VC 0,279438,0,4,VC,0,2,1,0,0,0,1,4847200,-276100,,1,10,0,1,0,0
1,6,1,1,3,22,FRANCE,BRETAGNE,278,22278,SAINT-BRIEUC,JULES VALLES,279447,0,4,VC,0,2,0,,,0,1,,,,1,7,0,1,0,0
1,2,1,1,1,22,FRANCE,BRETAGNE,269,22269,RUNAN,RD 8,279459,0,3,RD,8,2,0,0,0,0,1,4870100,-321700,,1,7,0,1,0,0
1,6,1,1,3,22,FRANCE,BRETAGNE,278,22278,SAINT-BRIEUC,CORNEILLE COTE ,279462,5,4,VC,0,3,4,,,0,1,,,,1,7,0,1,0,0
1,1,1,1,1,22,FRANCE,BRETAGNE,020,22020,BROONS,RD 793,279475,0,3,RD,793,2,2,0,0,0,1,0,0,,1,21,0,1,0,0
1,2,1,1,3,22,FRANCE,BRETAGNE,051,22051,DOLO,RD 16,279502,0,3,RD,16,2,2,0,0,0,1,4838700,-233000,,1,10,0,1,0,0
1,5,1,7,1,22,FRANCE,BRETAGNE,050,22050,DINAN,RUE DU DIXIEME D'ARTILLERIE,279514,5,4,VC,0,2,2,0,1,0,1,,,,1,7,0,1,0,0
1,1,1,1,7,22,FRANCE,BRETAGNE,278,22278,SAINT-BRIEUC,CHAMPLAIN,279518,0,6,Parking,0,2,0,,,0,1,,,,1,,0,1,0,0
1,6,6,1,3,22,FRANCE,BRETAGNE,278,22278,SAINT-BRIEUC,PROSPER MERIMEE,279534,0,3,RD,0,3,2,,,0,1,,,,1,7,0,1,0,0
1,1,1,1,1,22,FRANCE,BRETAGNE,213,22213,PLOUER-SUR-RANCE,RD 12,279541,0,3,RD,12,2,0,0,0,0,1,4851100,-199800,,1,7,0,1,0,0
2,1,1,8,2,22,FRANCE,BRETAGNE,119,22119,LANVELLEC,RD 38,279547,0,3,RD,38,2,2,0,0,0,1,4860700,-353900,,1,7,0,1,0,0
1,5,1,1,7,22,FRANCE,BRETAGNE,360,22360,TREGUEUX,RUE DU BOCAGE,279572,0,4,VC,0,2,2,,,0,1,,,,1,,0,1,0,0
1,6,1,2,7,22,FRANCE,BRETAGNE,278,22278,SAINT-BRIEUC,GUILLAUME APOLLINAIRE,279587,1,4,VC,0,2,1,,,0,1,,,,1,,0,1,0,0
1,1,1,7,1,22,FRANCE,BRETAGNE,222,22222,PLOUHA,VC 0,279601,0,4,VC,0,2,1,0,0,0,1,0,0,,1,7,0,1,0,0
1,3,2,1,3,22,FRANCE,BRETAGNE,002,22002,ANDEL,RD 59,279609,5,3,RD,59,2,2,2,250,0,1,0,0,,1,7,0,1,0,0
1,5,1,1,1,22,FRANCE,BRETAGNE,136,22136,LOUDEAC,VC 0,279624,0,4,VC,0,2,0,0,0,0,1,0,0,,1,7,0,1,0,0
1,1,2,1,3,22,FRANCE,BRETAGNE,215,22215,PLOUFRAGAN,RUED ES HORVEE,279633,0,4,VC,0,2,2,,,0,1,,,,1,7,0,1,0,0
1,3,1,1,3,22,FRANCE,BRETAGNE,208,22208,PLOUASNE,VC 0,279640,0,4,VC,0,2,2,0,0,0,1,0,0,,1,7,0,1,0,0
1,4,1,1,3,22,FRANCE,BRETAGNE,389,22389,YFFINIAC,VC 0,279651,0,4,VC,0,2,2,0,0,0,1,0,0,,1,7,0,1,0,0
1,3,1,1,6,22,FRANCE,BRETAGNE,074,22074,HAUT-CORLAY (LE),RD 790,279662,0,3,RD,790,2,2,13,0,0,1,4833900,-301900,,1,,0,1,0,0
1,1,1,1,2,22,FRANCE,BRETAGNE,133,22133,LOSCOUET-SUR-MEU,RD 784,279663,0,3,RD,784,2,0,0,0,0,1,4819900,-222500,,1,17,0,1,0,0
1,3,9,1,1,22,FRANCE,BRETAGNE,151,22151,MESLIN,VC 0,279696,0,4,VC,0,2,0,0,0,0,1,4845300,-257100,,1,33,0,1,0,0
1,3,6,1,3,22,FRANCE,BRETAGNE,228,22228,PLOUNEVEZ-MOEDEC,RD 712,279709,0,3,RD,712,0,2,0,0,0,1,4856300,-346600,,1,10,0,1,0,0
1,1,3,1,3,22,FRANCE,BRETAGNE,237,22237,PLUDUNO,VC 0,279710,0,4,VC,0,2,2,0,0,0,1,0,0,,1,7,0,1,0,0
1,5,6,8,2,22,FRANCE,BRETAGNE,093,22093,LAMBALLE,VC 0,279723,5,4,VC,0,2,2,0,0,0,1,4846900,-251700,,1,38,0,1,0,0
1,2,1,2,2,22,FRANCE,BRETAGNE,261,22261,QUINTENIC,VC 0,279730,0,4,VC,0,2,2,0,0,0,1,0,0,,1,7,0,1,0,0
1,3,3,7,3,22,FRANCE,BRETAGNE,047,22047,CORLAY,RD 44,279732,0,3,RD,44,2,2,14,550,0,1,0,0,,1,7,0,1,0,0
2,5,1,9,7,22,FRANCE,BRETAGNE,215,22215,PLOUFRAGAN,RUE DE LA VICTOIRE,279736,0,4,VC,0,2,2,0,0,0,4,4850140,-278080,,1,,0,1,0,0
1,3,1,1,7,22,FRANCE,BRETAGNE,002,22002,ANDEL,RD 59,279741,0,3,RD,59,2,2,0,1985,0,1,4848810,-256161,,1,,0,1,0,0
5,5,1,2,2,22,FRANCE,BRETAGNE,136,22136,LOUDEAC,Autre 0,279742,0,9,Autre,0,2,0,0,0,0,1,0,0,,1,3,0,1,0,0
1,4,4,1,1,22,FRANCE,BRETAGNE,118,22118,LANVALLAY,RD 2,279747,5,3,RD,2,2,2,5,927,0,1,4845430,-202702,,1,7,0,1,0,0
1,1,4,1,6,22,FRANCE,BRETAGNE,296,22296,SAINT-GLEN,RD 44,279766,0,3,RD,44,2,2,20,0,0,1,4837530,-252753,,1,10,0,1,0,0
1,1,2,1,3,22,FRANCE,BRETAGNE,299,22299,SAINT-HELEN,RD 29,279775,0,3,RD,29,2,2,2,1328,0,1,4845651,-197552,,1,7,0,1,0,0
1,1,1,1,3,22,FRANCE,BRETAGNE,066,22066,GOURAY (LE),RD 792,279778,0,3,RD,792,2,2,15,2113,0,1,4831548,-250367,,1,7,0,1,0,0
1,1,2,1,3,22,FRANCE,BRETAGNE,136,22136,LOUDEAC,VC 1,279794,0,4,VC,1,2,2,0,0,0,1,4815733,-269757,,1,7,0,1,0,0
1,3,3,1,1,22,FRANCE,BRETAGNE,287,22287,SAINT-DONAN,RD 45,279835,0,3,RD,45,2,2,3,1828,0,1,4846982,-288391,,1,14,0,1,0,0
1,4,1,2,6,22,FRANCE,BRETAGNE,207,22207,PLOUARET,VC 0,279839,0,4,VC,0,2,2,0,6,0,0,4861500,-348100,,1,,0,1,0,1
5,3,3,1,3,22,FRANCE,BRETAGNE,151,22151,MESLIN,RD 80,279849,0,3,RD,80,2,2,0,0,0,1,4843600,-260600,,1,7,0,1,0,0
3,1,1,2,2,22,FRANCE,BRETAGNE,242,22242,PLURIEN,RD 786,279867,0,3,RD,786,2,0,0,0,0,1,0,0,,1,7,0,1,0,0
5,6,4,3,3,22,FRANCE,BRETAGNE,278,22278,SAINT-BRIEUC,CORNEILLE COTE ,279878,0,4,VC,0,1,1,,,0,1,4851225,-275175,,1,7,0,1,0,0
1,1,4,1,3,22,FRANCE,BRETAGNE,007,22007,BINIC,RD 4,279884,0,3,RD,4,2,2,20,1593,0,1,4860220,-283922,,1,7,0,1,0,0
1,1,3,1,3,22,FRANCE,BRETAGNE,151,22151,MESLIN,,279892,0,4,VC,,2,2,,,0,1,4845312,-259705,,1,7,0,1,0,0
1,3,3,1,3,22,FRANCE,BRETAGNE,098,22098,LANDEHEN,VC 0,279893,0,4,VC,0,2,2,0,0,0,1,4843268,-253772,,1,7,0,1,0,0
1,1,3,1,1,22,FRANCE,BRETAGNE,203,22203,PLOEUC-SUR-LIE,RD 44,279899,0,3,RD,44,2,2,13,1672,0,1,4834331,-277522,,1,7,0,1,0,0
1,3,1,1,1,22,FRANCE,BRETAGNE,275,22275,SAINT-BARNABE,VC 0,279903,0,4,VC,0,2,2,0,0,0,1,4814100,-269900,,1,7,0,1,0,0
1,5,3,1,3,22,FRANCE,BRETAGNE,162,22162,PAIMPOL,,279914,0,4,VC,,2,2,,,0,1,4876899,-305178,,1,7,0,1,0,0
1,4,1,1,2,22,FRANCE,BRETAGNE,172,22172,PLANCOET,RD 768,279936,0,3,RD,768,2,2,25,1499,0,1,4852259,-223256,,1,7,0,1,0,0
1,1,1,1,1,22,FRANCE,BRETAGNE,209,22209,PLOUBALAY,RD 768,279939,5,3,RD,768,2,2,33,500,0,1,4858000,-214000,,1,7,0,1,0,0
1,4,1,1,1,22,FRANCE,BRETAGNE,179,22179,FREHEL,RD 34,279944,0,3,RD,34,2,2,0,0,0,1,4864000,-240900,,1,7,0,1,0,0
1,4,3,1,7,22,FRANCE,BRETAGNE,183,22183,PLEMET,,279950,0,4,VC,,2,2,,,,4,4817882,-257895,,1,,0,1,0,0
1,1,2,1,3,22,FRANCE,BRETAGNE,152,22152,MINIHY-TREGUIER,RD 6,279972,5,3,RD,6,2,2,33,1404,0,1,4875720,-327886,,1,7,0,1,0,0
1,1,1,1,3,22,FRANCE,BRETAGNE,113,22113,LANNION,ROUTE DE PLEUMEUR BODOU,279984,0,3,RD,0,2,2,1,0,0,1,,,,1,7,0,1,0,0
1,5,1,1,6,22,FRANCE,BRETAGNE,113,22113,LANNION,RUE DE LA BIENFAISANCE,279985,0,4,VC,0,2,2,1,0,0,4,,,,1,,0,1,0,0
1,5,1,1,7,22,FRANCE,BRETAGNE,113,22113,LANNION,PLACE DU GENERAL LECLERC,279987,6,6,Parking,0,0,0,1,0,0,1,4873206,-345843,,1,,0,1,0,0
1,1,1,1,2,23,FRANCE,LIMOUSIN,096,23096,GUERET,Voie Paralelle NORD,280050,0,4,VC,0,2,2,,,0,1,,,,1,7,0,1,0,0
1,1,2,1,3,23,FRANCE,LIMOUSIN,068,23068,CRESSAT,RD 990,280067,0,3,RD,990,2,0,0,0,0,1,4613300,212300,,1,7,0,1,0,0
1,5,3,1,3,23,FRANCE,LIMOUSIN,096,23096,GUERET,AVENUE MANOUVRIER,280071,5,4,VC,0,2,3,,,0,1,,,,1,7,0,1,0,0
1,2,1,1,6,23,FRANCE,LIMOUSIN,101,23101,JOUILLAT,VC 0,280110,0,4,VC,0,2,2,0,0,0,3,4626400,194000,,1,,0,1,0,0
1,1,1,1,3,23,FRANCE,LIMOUSIN,169,23169,SAUNIERE (LA),RD 942,280195,0,3,RD,942,2,2,27,863,0,1,0,0,,1,7,0,1,0,0
1,3,1,1,6,23,FRANCE,LIMOUSIN,219,23219,SAINT-MAURICE-LA-SOUTERRAINE,RD 220,280212,5,3,RD,220,2,0,0,0,0,1,0,0,,1,7,0,1,0,0
1,1,1,1,7,23,FRANCE,LIMOUSIN,254,23254,TOULX-SAINTE-CROIX,RD 77,280230,0,3,RD,77,2,2,0,0,0,3,0,0,,1,,0,1,0,0
1,1,1,1,1,23,FRANCE,LIMOUSIN,257,23257,VALLIERE,VC 0,280248,0,4,VC,0,2,1,0,0,0,1,4593600,205200,,1,21,0,1,0,0
3,1,1,5,1,23,FRANCE,LIMOUSIN,124,23124,MARSAC,RD 914,280258,0,3,RD,914,2,2,0,0,0,1,4611200,161100,,1,7,0,1,0,0
1,1,1,1,1,23,FRANCE,LIMOUSIN,207,23207,SAINT-LEGER-BRIDEREIX,RD 14,280275,0,3,RD,14,2,0,0,0,0,1,4628900,156500,,1,7,0,1,0,0
1,1,2,1,3,23,FRANCE,LIMOUSIN,228,23228,SAINT-PARDOUX-LE-NEUF,RD 19,280279,0,3,RD,19,2,2,18,361,0,1,4593500,223700,,1,7,0,1,0,0
1,1,1,1,6,24,FRANCE,AQUITAINE,236,24236,LEGUILLAC-DE-L'AUCHE,VC 0,280352,0,4,VC,0,2,2,0,0,0,3,4519100,56200,,1,,0,1,0,0
1,2,1,1,1,24,FRANCE,AQUITAINE,392,24392,SAINT-CREPIN-ET-CARLUCET,RD 56,280360,0,3,RD,56,2,2,0,0,0,1,0,0,,1,7,0,1,0,0
1,1,1,1,1,24,FRANCE,AQUITAINE,355,24355,ROQUE-GAGEAC (LA),RD 46,280400,5,3,RD,46,2,2,14,889,0,1,4481300,120600,,1,7,0,1,0,1
1,6,1,1,6,24,FRANCE,AQUITAINE,322,24322,PERIGUEUX,PLACE FRANCHEVILLE,280407,0,4,VC,0,1,1,,,0,1,,,,1,7,0,1,0,0
1,3,1,1,1,24,FRANCE,AQUITAINE,329,24329,PIZOU (LE),RD 10,280439,0,3,RD,10,2,0,0,0,0,1,4502900,6700,,1,10,0,1,0,0
1,1,1,1,3,24,FRANCE,AQUITAINE,461,24461,SAINT-MEARD-DE-GURCON,RD 708,280457,5,3,RD,708,2,0,93,600,0,1,0,0,,1,7,0,1,0,0
1,1,1,1,6,24,FRANCE,AQUITAINE,038,24038,BERTRIC-BUREE,RD 106,280459,0,3,RD,106,2,2,4,800,0,1,4530800,34800,,1,,0,0,0,1
1,5,1,1,3,24,FRANCE,AQUITAINE,294,24294,MONTPON-MENESTEROL,VC 0,280472,0,4,VC,0,2,2,0,0,0,1,0,0,,1,7,0,1,0,0
1,2,1,1,3,24,FRANCE,AQUITAINE,004,24004,AJAT,VC 1,280491,0,4,VC,1,0,0,0,0,0,0,4516100,101700,,1,7,0,1,0,0
3,1,1,1,2,24,FRANCE,AQUITAINE,010,24010,ANNESSE-ET-BEAULIEU,RD 3,280510,0,3,RD,3,2,2,53,300,0,1,4518800,60900,,1,7,0,1,0,0
1,5,1,1,3,24,FRANCE,AQUITAINE,053,24053,BOULAZAC,AVENUE FRANCOIS MITTERAND,280562,0,3,RD,0,2,3,59,500,0,1,,,,1,7,0,1,0,0
1,6,1,1,6,24,FRANCE,AQUITAINE,322,24322,PERIGUEUX,BOULEVARD DU PETIT CHANGE,280563,0,4,VC,0,2,2,,,0,1,,,,1,7,0,1,0,0
1,1,1,1,7,24,FRANCE,AQUITAINE,115,24115,CHATEAU-L'EVEQUE,VC 0,280580,0,4,VC,0,0,2,0,0,0,3,0,0,,1,,0,1,0,0
1,1,1,1,7,24,FRANCE,AQUITAINE,108,24108,CHAPELLE-GONAGUET (LA),RD 710,280594,0,3,RD,710,2,0,24,710,0,1,4522200,59800,,1,,0,1,0,0
1,4,1,1,3,24,FRANCE,AQUITAINE,102,24102,CHANCELADE,AVENUE DES REYNATS,280630,0,3,RD,0,3,3,,,0,1,,,,1,7,0,1,0,0
1,6,3,1,3,24,FRANCE,AQUITAINE,037,24037,BERGERAC,VC 0,280639,0,4,VC,0,2,2,0,1,0,1,,,,1,7,0,1,0,0
1,5,1,3,7,24,FRANCE,AQUITAINE,372,24372,SAINT-ASTIER,RD 43,280687,5,3,RD,43,0,2,21,200,0,1,0,0,,1,,0,1,0,0
1,6,1,1,2,24,FRANCE,AQUITAINE,322,24322,PERIGUEUX,RUE PIERRE SEMARD,280702,0,3,RD,0,2,2,,,0,1,,,,1,7,0,1,0,0
1,1,9,1,6,24,FRANCE,AQUITAINE,350,24350,RAZAC-SUR-L'ISLE,VC 201,280705,5,4,VC,201,2,2,0,0,0,1,0,0,,1,,0,1,0,0
1,4,1,1,6,24,FRANCE,AQUITAINE,352,24352,RIBERAC,VC 0,280730,0,4,VC,0,2,2,0,0,0,1,0,0,,1,7,0,1,0,0
1,3,1,1,3,24,FRANCE,AQUITAINE,177,24177,FAUX,RD 19,280734,0,3,RD,19,2,2,0,0,0,1,4479100,64500,,1,10,0,1,0,0
1,4,6,1,3,24,FRANCE,AQUITAINE,256,24256,MARSAC-SUR-L'ISLE,RUE DE LA CROPTE BASSE,280743,0,4,VC,0,0,0,,,0,1,,,,1,7,0,1,0,0
1,5,1,1,7,24,FRANCE,AQUITAINE,372,24372,SAINT-ASTIER,VC 0,280749,0,4,VC,0,0,0,0,0,0,0,0,0,,1,,0,1,0,0
1,3,1,1,3,24,FRANCE,AQUITAINE,182,24182,FLEIX (LE),RD 20,280750,0,3,RD,20,2,0,0,0,0,1,4488400,24900,,1,7,0,1,0,0
1,5,9,1,2,24,FRANCE,AQUITAINE,053,24053,BOULAZAC,AVENUE FRANCOIS MITTERAND,280788,0,3,RD,0,2,3,59,300,0,1,,,,1,7,0,1,0,0
2,5,1,1,3,24,FRANCE,AQUITAINE,053,24053,BOULAZAC,AVENUE BENOIT FRACHON ,280830,0,4,VC,0,2,1,,,0,1,,,,1,7,0,1,0,0
1,2,1,1,7,24,FRANCE,AQUITAINE,445,24445,SAINT-MARCEL-DU-PERIGORD,VC 0,280878,0,4,VC,0,2,2,0,0,0,1,0,0,,1,,0,1,0,0
1,1,1,1,7,24,FRANCE,AQUITAINE,341,24341,PROISSANS,RD 56,280896,0,3,RD,56,2,0,2,400,0,1,0,0,,1,,0,1,0,0
2,4,1,1,3,24,FRANCE,AQUITAINE,340,24340,PRIGONRIEUX,Autre 0,280900,0,9,Autre,0,2,1,0,0,0,1,4486000,40300,,1,7,0,1,0,0
1,4,6,1,3,24,FRANCE,AQUITAINE,352,24352,RIBERAC,RD 708,280936,0,3,RD,708,2,1,0,0,0,1,4525900,34200,,1,7,0,1,0,0
1,1,1,1,6,24,FRANCE,AQUITAINE,410,24410,SAINT-FRONT-LA-RIVIERE,RD 3,280937,0,3,RD,3,2,2,92,500,0,3,0,0,,1,,0,1,0,0
1,1,1,2,1,24,FRANCE,AQUITAINE,563,24563,VALOJOULX,RD 65,280945,0,3,RD,65,2,0,7,750,0,1,4505000,115000,,1,7,0,1,0,0
1,2,9,1,3,24,FRANCE,AQUITAINE,089,24089,CAZOULES,RD 703,281041,0,3,RD,703,2,2,89,800,0,1,0,0,,1,33,0,1,0,0
1,6,6,7,3,24,FRANCE,AQUITAINE,037,24037,BERGERAC,BOULEVAR LOUIS PIMONT,281046,0,2,RN,21,2,2,0,1,0,1,,,,1,7,0,1,0,0
1,6,1,1,2,24,FRANCE,AQUITAINE,037,24037,BERGERAC,AVENUE DE VERDUN,281098,0,4,VC,0,2,2,,,0,1,,,,1,7,0,1,0,0
1,4,1,1,3,24,FRANCE,AQUITAINE,223,24223,LALINDE,RD 660,281148,0,3,RD,660,2,2,18,350,0,1,4483000,70000,,1,7,0,1,0,0
1,1,1,1,1,24,FRANCE,AQUITAINE,335,24335,PORT-SAINTE-FOY-ET-PONCHAPT,RD 20,281158,0,3,RD,20,2,2,1,400,0,1,4441600,37400,,1,7,0,1,0,0
1,3,1,1,1,24,FRANCE,AQUITAINE,091,24091,CENAC-ET-SAINT-JULIEN,RD 46,281196,0,3,RD,46,2,0,0,0,0,1,4480400,120400,,1,7,0,1,0,0
1,6,1,1,1,24,FRANCE,AQUITAINE,322,24322,PERIGUEUX,ROUTE D'ANGOULEME,281258,0,9,Autre,0,2,1,,,1,3,,,,1,,0,0,0,1
1,1,1,1,3,24,FRANCE,AQUITAINE,138,24138,COULOUNIEIX-CHAMIERS,La Rampinsolle RD6021,281260,0,3,RD,0,2,3,,,0,1,,,,1,7,0,1,0,0
1,4,6,1,3,24,FRANCE,AQUITAINE,102,24102,CHANCELADE,CHEMIN GABARES,281264,0,4,VC,0,2,2,,,0,1,,,,1,7,0,1,0,0
1,1,1,1,6,25,FRANCE,FRANCHE-COMTE,056,25056,BESANCON,CHEMIN DE MAZAGRAN ,281311,0,4,VC,0,0,1,,,3,0,,,,1,,0,1,0,0
1,2,1,1,3,25,FRANCE,FRANCHE-COMTE,191,25191,DAMPIERRE-SUR-LE-DOUBS,RD 126,281321,0,3,RD,126,2,1,5,400,0,1,0,0,,1,17,0,1,0,0
1,4,1,1,1,25,FRANCE,FRANCHE-COMTE,048,25048,BAVANS,RD 33,281322,0,3,RD,33,2,2,0,0,0,1,0,0,,1,7,0,1,0,0
1,8,6,1,1,25,FRANCE,FRANCHE-COMTE,056,25056,BESANCON,RUE AMPERE ,281333,0,4,VC,0,2,2,,,0,1,,,,1,7,0,1,0,0
1,3,1,1,1,25,FRANCE,FRANCHE-COMTE,429,25429,NOVILLARS,Parking 0,281346,0,6,Parking,0,1,0,0,0,0,0,4729200,613000,,1,7,,,,
1,4,9,1,2,25,FRANCE,FRANCHE-COMTE,204,25204,DOUBS,BesaNCon  de,281362,0,4,VC,0,2,2,,,0,1,,,,1,7,0,1,0,0
1,8,1,1,6,25,FRANCE,FRANCHE-COMTE,056,25056,BESANCON,RUE PROUDHON,281364,0,4,VC,0,1,1,,,1,1,,,,1,,0,0,0,1
1,5,4,1,2,25,FRANCE,FRANCHE-COMTE,580,25580,VALENTIGNEY,RUE DE LA NOVIE,281365,5,4,VC,0,3,2,,,0,1,,,,1,7,0,1,0,0
1,1,2,1,1,25,FRANCE,FRANCHE-COMTE,515,25515,SAINTE-COLOMBE,RD 47,281370,0,3,RD,47,2,0,35,500,0,1,0,0,,1,7,0,1,0,0
1,1,6,1,3,25,FRANCE,FRANCHE-COMTE,212,25212,ECOLE-VALENTIN,RD 108,281373,5,3,RD,108,0,2,0,0,0,1,0,0,,1,7,0,1,0,0
1,3,1,1,1,25,FRANCE,FRANCHE-COMTE,395,25395,MONTFAUCON,VC 0,281375,0,4,VC,0,2,0,0,0,0,0,0,0,,1,7,0,1,0,0
1,4,1,1,3,25,FRANCE,FRANCHE-COMTE,527,25527,SAINT-VIT,Hors_reseau 0,281378,0,5,Hors_reseau,0,1,0,0,0,0,1,4718700,581600,,1,7,0,1,0,0
1,1,1,1,3,25,FRANCE,FRANCHE-COMTE,456,25456,PLAIMBOIS-DU-MIROIR,VC 0,281379,0,4,VC,0,2,2,0,0,0,1,4720300,666400,,1,7,0,1,0,0
1,1,2,1,3,25,FRANCE,FRANCHE-COMTE,515,25515,SAINTE-COLOMBE,RD 47,281382,0,3,RD,47,2,2,35,400,0,1,0,0,,1,7,0,1,0,0
1,8,2,1,3,25,FRANCE,FRANCHE-COMTE,056,25056,BESANCON,CHEMIN DE LA DINDE,281385,0,4,VC,0,2,2,,,0,1,,,,1,7,0,1,0,0
1,1,1,1,7,25,FRANCE,FRANCHE-COMTE,545,25545,SILLEY-AMANCEY,RD 334,281404,0,3,RD,334,2,2,0,5,0,1,0,0,,1,,0,1,0,0
1,1,1,1,3,25,FRANCE,FRANCHE-COMTE,493,25493,RIVIERE-DRUGEON (LA),RD 47,281411,0,3,RD,47,2,0,1,0,0,1,0,0,,1,10,0,1,0,0