lum,agg,int,atm,col,dep_bis,pays,region,com_bis,com_codeINSEE,communes,N_voie,numac,infra,catr,type_route,voie,circ,nbv,pr,pr1,vosp,situ,lat,long,adr,accident_velo,vehicule_imp,cycl_mort,cycl_bgv,cycl_blg,cycl_indm
5,1,1,1,2,25,FRANCE,FRANCHE-COMTE,463,25463,PONT-DE-ROIDE,RD 73,281431,0,3,RD,73,2,2,24,200,0,1,0,0,,1,2,0,1,0,0
4,8,1,2,6,25,FRANCE,FRANCHE-COMTE,056,25056,BESANCON,RUE DU PALAIS DE JUSTICE ,281444,0,4,VC,0,1,1,,,0,1,,,,1,,0,0,0,1
1,8,1,1,3,25,FRANCE,FRANCHE-COMTE,056,25056,BESANCON,RUE DU PORT CITEAUX ,281460,0,4,VC,0,2,2,,,0,1,,,,1,7,0,1,0,0
1,3,3,1,1,25,FRANCE,FRANCHE-COMTE,254,25254,FOURGS (LES),RD 6,281482,0,3,RD,6,0,2,0,0,0,1,4684200,639800,,1,7,0,1,0,0
3,1,1,1,6,25,FRANCE,FRANCHE-COMTE,258,25258,FRANOIS,RD 67,281484,0,3,RD,67,2,0,0,0,0,1,0,0,,1,,0,1,0,0
1,8,1,1,6,25,FRANCE,FRANCHE-COMTE,056,25056,BESANCON,AVANNE A VELOTTE CHEMIN D',281500,0,4,VC,0,2,2,,,0,1,,,,1,,0,1,0,0
1,8,2,1,3,25,FRANCE,FRANCHE-COMTE,056,25056,BESANCON,RUE MAURICE RAVEL,281501,0,4,VC,0,0,2,,,0,1,,,,1,7,0,1,0,0
1,5,3,1,6,25,FRANCE,FRANCHE-COMTE,031,25031,AUDINCOURT,RUE ALBERT PARROT,281504,0,4,VC,0,2,0,,,0,1,,,,1,7,0,1,0,0
1,1,9,1,2,25,FRANCE,FRANCHE-COMTE,112,25112,CHALEZEULE,RD 683,281508,3,3,RD,683,3,0,39,800,0,1,4727000,607200,,1,7,0,1,0,0
1,6,1,1,6,25,FRANCE,FRANCHE-COMTE,388,25388,MONTBELIARD,RUE DE BELFORT,281537,0,4,VC,0,1,1,,,0,1,,,,1,7,0,1,0,0
1,1,1,1,1,25,FRANCE,FRANCHE-COMTE,497,25497,ROCHES-LES-BLAMONT,RD 35,281541,0,3,RD,35,2,2,6,600,0,1,4741800,684000,,1,7,0,1,0,0
2,4,1,1,1,25,FRANCE,FRANCHE-COMTE,315,25315,ISLE-SUR-LE-DOUBS (L'),VC 0,281542,0,4,VC,0,2,0,0,0,0,1,0,0,,1,7,0,1,0,0
1,3,1,1,3,25,FRANCE,FRANCHE-COMTE,380,25380,METABIEF,RD 9,281547,5,3,RD,9,2,2,42,200,0,1,4677900,635600,,1,7,0,1,0,0
1,8,6,1,1,25,FRANCE,FRANCHE-COMTE,056,25056,BESANCON,RUE CLEMENT MAROT,281566,0,4,VC,0,1,2,,,0,0,,,,1,7,0,1,0,0
1,8,4,1,3,25,FRANCE,FRANCHE-COMTE,056,25056,BESANCON,AVENUE EDGAR FAURE,281569,0,4,VC,0,1,3,,,0,1,,,,1,7,0,1,0,0
1,3,1,1,1,25,FRANCE,FRANCHE-COMTE,271,25271,GILLEY,RD 48,281599,0,3,RD,48,2,2,35,800,0,1,0,0,,1,7,0,1,0,0
1,6,1,1,3,25,FRANCE,FRANCHE-COMTE,388,25388,MONTBELIARD,AVENUE DE LUDWIGSBURG,281637,2,9,Autre,0,2,4,,,0,1,,,,1,37,0,1,0,0
3,1,1,3,2,25,FRANCE,FRANCHE-COMTE,057,25057,BETHONCOURT,RD 438,281644,0,3,RD,438,2,0,0,0,0,1,0,0,,1,7,0,1,0,0
1,4,3,1,3,25,FRANCE,FRANCHE-COMTE,230,25230,EXINCOURT,RUE DES ECOLES,281666,0,4,VC,0,2,2,,,0,1,,,,1,7,0,1,0,0
1,5,3,2,3,25,FRANCE,FRANCHE-COMTE,462,25462,PONTARLIER,RUE DE VUILLECIN,281667,0,4,VC,0,0,1,,,0,1,,,,1,7,0,1,0,0
1,1,1,1,3,25,FRANCE,FRANCHE-COMTE,442,25442,OYE-ET-PALLET,RD 437,281671,0,3,RD,437,2,2,34,0,1,1,4686200,634100,,1,7,0,1,0,0
1,2,1,1,1,25,FRANCE,FRANCHE-COMTE,382,25382,MONCEY,RD 14,281678,5,3,RD,14,2,2,29,800,0,1,4736700,612100,,1,7,0,1,0,0
1,1,6,1,3,25,FRANCE,FRANCHE-COMTE,514,25514,SAINT-ANTOINE,RD 9,281683,5,3,RD,9,1,1,74,600,0,1,0,0,,1,7,0,1,0,0
1,8,2,1,3,25,FRANCE,FRANCHE-COMTE,056,25056,BESANCON,AVENUE DE LA PAIX,281705,0,4,VC,0,1,2,,,0,1,,,,1,7,0,1,0,0
1,5,1,1,3,25,FRANCE,FRANCHE-COMTE,462,25462,PONTARLIER,JEAN MONNET,281735,0,4,VC,0,2,1,,,0,1,,,,1,7,0,1,0,0
1,6,4,1,1,25,FRANCE,FRANCHE-COMTE,388,25388,MONTBELIARD,AVENUE D'HELVETIE,281749,0,4,VC,0,1,1,,,0,1,,,,1,10,0,1,0,0
3,1,1,1,1,25,FRANCE,FRANCHE-COMTE,387,25387,MONTANDON,RD 437,281755,0,3,RD,437,2,3,103,0,0,1,0,0,,1,7,0,1,0,0
3,1,1,1,3,25,FRANCE,FRANCHE-COMTE,056,25056,BESANCON,MARCHAUX ROUTE DE,281764,0,3,RD,0,2,2,,,0,1,,,,1,7,0,1,0,0
1,1,1,8,7,25,FRANCE,FRANCHE-COMTE,439,25439,OUGNEY-DOUVOT,RD 277,281770,0,3,RD,277,2,0,0,0,0,1,0,0,,1,,0,1,0,0
3,3,1,1,2,25,FRANCE,FRANCHE-COMTE,133,25133,CHATILLON-LE-DUC,RD 300,281786,0,3,RD,300,2,0,0,350,0,1,4731400,600600,,1,10,0,1,0,0
1,5,1,1,3,25,FRANCE,FRANCHE-COMTE,047,25047,BAUME-LES-DAMES,VC 0,281803,0,4,VC,0,2,2,0,0,1,1,4735500,635600,,1,37,0,1,0,0
1,5,1,1,6,25,FRANCE,FRANCHE-COMTE,580,25580,VALENTIGNEY,RUE VILLEDIEU,281820,1,4,VC,0,0,1,,,0,1,,,,1,,0,1,0,0
1,1,1,1,7,25,FRANCE,FRANCHE-COMTE,244,25244,FLEUREY,RD 39,281824,0,3,RD,39,2,2,5,500,0,3,4728500,676000,,1,,0,1,0,0
1,3,1,1,1,25,FRANCE,FRANCHE-COMTE,393,25393,MONTECHEROUX,RD 121,281826,0,3,RD,121,2,2,8,0,0,1,4736100,681100,,1,7,0,1,0,0
1,8,1,1,3,25,FRANCE,FRANCHE-COMTE,056,25056,BESANCON,RUE D'ARENES,281831,0,4,VC,0,1,1,,,0,1,,,,1,7,0,1,0,0
1,1,1,1,3,25,FRANCE,FRANCHE-COMTE,009,25009,AISSEY,RD 120,281845,0,3,RD,120,2,0,0,0,0,1,4726400,632100,,1,7,0,1,0,0
1,8,1,1,6,25,FRANCE,FRANCHE-COMTE,056,25056,BESANCON,RUE DE TREY  ,281848,0,4,VC,0,2,2,,,0,1,,,,1,7,0,1,0,0
1,8,4,1,3,25,FRANCE,FRANCHE-COMTE,056,25056,BESANCON,RUE DOLTO ,281875,0,4,VC,0,2,1,,,0,1,,,,1,7,0,1,0,0
1,4,1,1,3,25,FRANCE,FRANCHE-COMTE,578,25578,VALDAHON,Autre 0,281878,0,9,Autre,0,2,2,0,0,0,1,0,0,,1,7,0,1,0,0
1,8,1,1,7,25,FRANCE,FRANCHE-COMTE,056,25056,BESANCON,RUE FRANCIS CARCO,281884,0,4,VC,0,0,2,,,0,1,,,,1,,0,1,0,0
1,8,1,1,3,25,FRANCE,FRANCHE-COMTE,056,25056,BESANCON,RUE DE BELFORT,281891,0,4,VC,0,1,2,,,0,1,,,,1,7,0,1,0,0
1,5,1,1,3,25,FRANCE,FRANCHE-COMTE,031,25031,AUDINCOURT,RUE DES VERGERS,281893,0,9,Autre,0,2,2,,,0,1,,,,1,7,0,1,0,0
1,1,1,1,2,25,FRANCE,FRANCHE-COMTE,024,25024,ARCON,RD 437,281911,0,3,RD,437,2,2,44,700,0,1,4695500,639200,,1,10,0,1,0,0
1,5,1,1,3,25,FRANCE,FRANCHE-COMTE,580,25580,VALENTIGNEY,RUE GRANDE  RUE,281922,0,9,Autre,0,1,1,,,0,1,,,,1,7,0,1,0,0
1,8,9,1,3,25,FRANCE,FRANCHE-COMTE,056,25056,BESANCON,RUE DE DOLE ,281923,0,4,VC,0,2,3,,,0,1,,,,1,33,0,1,0,0
1,6,1,1,2,25,FRANCE,FRANCHE-COMTE,388,25388,MONTBELIARD,ROUTE DE GRAND -CHARMONT,281933,0,9,Autre,0,2,2,,,0,1,,,,1,7,0,1,0,0
1,3,1,1,1,25,FRANCE,FRANCHE-COMTE,287,25287,GRANDFONTAINE,,281961,0,4,VC,,2,2,,,0,1,0,0,,1,7,0,1,0,0
1,6,1,1,3,25,FRANCE,FRANCHE-COMTE,388,25388,MONTBELIARD,FAUBOURG DE BESANCON,281978,0,3,RD,663,1,1,20,0,1,5,,,,1,10,0,1,0,0
1,6,3,1,1,25,FRANCE,FRANCHE-COMTE,388,25388,MONTBELIARD,RUE DE LA PETITE HOLLANDE,281983,5,4,VC,,2,3,,,2,1,,,,1,14,0,1,0,0
1,1,1,1,1,25,FRANCE,FRANCHE-COMTE,520,25520,SAINT-JUAN,,281996,0,4,VC,,0,2,,,0,1,0,0,,1,7,0,1,0,0
1,2,1,1,3,25,FRANCE,FRANCHE-COMTE,094,25094,BRETIGNEY-NOTRE-DAME,RD 112,282016,0,3,RD,112,2,2,5,800,0,1,0,0,,1,7,0,1,0,0
1,5,3,1,3,25,FRANCE,FRANCHE-COMTE,031,25031,AUDINCOURT,RUE DES ACACIAS,282035,0,3,RD,0,2,2,,,0,1,,,,1,7,0,1,0,0
1,2,1,1,1,25,FRANCE,FRANCHE-COMTE,164,25164,CORCONDRAY,VC 0,282041,0,4,VC,0,2,0,0,0,0,1,4722100,582200,,1,7,0,1,0,0
1,8,1,1,2,25,FRANCE,FRANCHE-COMTE,056,25056,BESANCON,RUE DE DOLE ,282052,0,3,RD,673,1,2,18,500,1,1,,,,1,7,0,1,0,0
1,1,1,1,3,25,FRANCE,FRANCHE-COMTE,031,25031,AUDINCOURT,RUE DE DASLE,282056,0,4,VC,,2,2,,,0,1,,,,1,7,0,1,0,0
1,3,1,1,3,25,FRANCE,FRANCHE-COMTE,265,25265,GENEUILLE,,282059,0,4,VC,,2,0,,,0,1,4732900,597200,,1,7,0,1,0,0
1,2,1,1,3,25,FRANCE,FRANCHE-COMTE,615,25615,VILLARS-LES-BLAMONT,RD 73,282072,0,3,RD,73,2,2,35,400,0,1,4737600,687300,,1,7,0,1,0,0
3,1,1,9,7,25,FRANCE,FRANCHE-COMTE,495,25495,ROCHE-LEZ-BEAUPRE,VC 0,282090,0,4,VC,0,2,2,0,0,0,1,0,0,,1,,0,1,0,0
1,1,1,1,2,25,FRANCE,FRANCHE-COMTE,328,25328,LARNOD,RD 104,282097,0,3,RD,104,2,2,13,800,0,1,4718000,597300,,1,14,0,1,0,0
1,4,1,1,2,25,FRANCE,FRANCHE-COMTE,532,25532,SAONE,RD 410,282101,0,3,RD,410,2,2,2,100,0,1,4722700,611900,,1,7,0,1,0,0
1,1,1,8,7,25,FRANCE,FRANCHE-COMTE,519,25519,SAINT-HIPPOLYTE,RD 121,282126,0,3,RD,121,2,2,1,860,0,1,4732700,681700,,1,,0,1,0,0
1,1,1,1,6,25,FRANCE,FRANCHE-COMTE,320,25320,LABERGEMENT-SAINTE-MARIE,RD 437,282156,0,3,RD,437,2,2,18,400,0,1,0,0,,1,,0,1,0,0
1,8,2,1,3,25,FRANCE,FRANCHE-COMTE,056,25056,BESANCON,RUE DU REPOS,282175,0,4,VC,,1,1,,,0,1,,,,1,7,0,1,0,0
1,4,3,1,3,25,FRANCE,FRANCHE-COMTE,230,25230,EXINCOURT,RUE JOFFRE,282210,0,4,VC,0,2,2,,,0,1,,,,1,7,0,1,0,0
5,5,1,8,3,25,FRANCE,FRANCHE-COMTE,580,25580,VALENTIGNEY,RUE DES GLACES,282214,0,4,VC,,1,1,,,1,1,,,,1,7,0,1,0,0
1,1,1,1,3,26,FRANCE,RHONE-ALPES,235,26235,PIERRELATTE,VC 0,282233,0,4,VC,0,0,0,0,0,0,1,0,0,,1,7,0,1,0,0
5,6,1,1,3,26,FRANCE,RHONE-ALPES,198,26198,MONTELIMAR,AVENUE DU TEIL,282240,0,3,RD,0,2,2,,,0,1,,,,1,7,0,1,0,0
1,6,1,1,6,26,FRANCE,RHONE-ALPES,198,26198,MONTELIMAR,AVENUE JOHN FITZGERALD KENNEDY,282245,5,4,VC,0,4,2,,,1,1,,,,1,7,0,1,0,0
1,4,1,1,1,26,FRANCE,RHONE-ALPES,325,26325,SAINT-RAMBERT-D'ALBON,RD 807,282258,0,3,RD,807,2,2,0,950,0,1,4529600,481500,,1,7,0,1,0,0
1,4,1,1,3,26,FRANCE,RHONE-ALPES,206,26206,MONTMEYRAN,RD 125,282260,0,3,RD,125,2,3,29,0,0,1,4483400,497900,,1,14,0,1,0,0
1,3,1,1,3,26,FRANCE,RHONE-ALPES,039,26039,BEAUREGARD-BARET,RD 522,282264,0,3,RD,522,2,2,4,0,0,1,0,0,,1,7,0,1,0,0
1,6,3,1,6,26,FRANCE,RHONE-ALPES,281,26281,ROMANS-SUR-ISERE,RUE PARMENTIER,282271,0,4,VC,0,2,2,,,0,1,,,,1,7,0,1,0,0
1,7,2,1,3,26,FRANCE,RHONE-ALPES,362,26362,VALENCE,BOULEVARD DU MARECHAL JUIN,282278,5,4,VC,0,2,3,,,2,5,,,,1,7,0,1,0,0
1,7,1,1,3,26,FRANCE,RHONE-ALPES,362,26362,VALENCE,AVENUE MAURICE FAURE,282279,0,4,VC,0,2,2,,,0,1,,,,1,7,0,1,0,0
1,1,6,1,6,26,FRANCE,RHONE-ALPES,108,26108,CREST,RD 93,282281,0,3,RD,93,0,0,0,0,0,1,4473600,501500,,1,,0,1,0,0
1,1,3,1,3,26,FRANCE,RHONE-ALPES,085,26085,CHATEAUNEUF-DU-RHONE,RD 237,282284,0,3,RD,237,2,2,3,250,0,1,4452400,471300,,1,10,0,1,0,0
3,1,1,1,3,26,FRANCE,RHONE-ALPES,058,26058,BOURG-LES-VALENCE,RN 2007,282295,0,2,RN,0,3,4,,,0,1,,,,1,7,0,1,0,0
1,1,1,1,3,26,FRANCE,RHONE-ALPES,056,26056,BOURDEAUX,RD 538,282314,0,3,RD,538,2,2,0,0,0,1,0,0,,1,7,0,1,0,0
1,1,1,1,2,26,FRANCE,RHONE-ALPES,188,26188,MOLLANS-SUR-OUVEZE,RD 5,282316,0,3,RD,5,2,0,9,950,0,1,4439100,530600,,1,7,0,1,0,0
1,7,1,1,6,26,FRANCE,RHONE-ALPES,362,26362,VALENCE,AVENUE MAURICE FAURE,282330,0,4,VC,0,2,2,,,0,1,,,,1,7,0,1,0,0
1,5,1,1,3,26,FRANCE,RHONE-ALPES,252,26252,PORTES-LES-VALENCE,RUE JEAN JAURES,282332,0,4,VC,0,2,3,,,1,1,,,,1,7,0,1,0,0
1,3,1,1,2,26,FRANCE,RHONE-ALPES,348,26348,TAULIGNAN,RD 24,282341,0,3,RD,24,2,2,0,0,0,1,4444700,498100,,1,21,0,1,0,0
1,7,1,1,3,26,FRANCE,RHONE-ALPES,362,26362,VALENCE,BOULEVARD DU MARECHAL JUIN,282348,0,4,VC,0,2,2,,,2,1,,,,1,7,0,1,0,0
1,7,6,1,3,26,FRANCE,RHONE-ALPES,362,26362,VALENCE,RUE DENIS PAPIN,282352,5,4,VC,0,2,2,,,0,1,,,,1,7,0,1,0,0
1,1,1,1,1,26,FRANCE,RHONE-ALPES,033,26033,BAUME-DE-TRANSIT (LA),RD 117,282357,0,3,RD,117,2,0,0,0,0,1,0,0,,1,13,0,1,0,0
1,1,1,1,7,26,FRANCE,RHONE-ALPES,242,26242,POET-EN-PERCIP (LE),RD 159,282358,0,3,RD,159,0,2,8,800,0,1,0,0,,1,,0,1,0,0
3,1,1,2,2,26,FRANCE,RHONE-ALPES,325,26325,SAINT-RAMBERT-D'ALBON,RN 7,282360,0,2,RN,7,2,2,3,600,0,1,0,0,,1,15,0,1,0,0
1,6,1,1,6,26,FRANCE,RHONE-ALPES,281,26281,ROMANS-SUR-ISERE,BOULEVARD HENRI DUNANT,282424,0,4,VC,0,2,2,,,0,1,,,,1,7,0,1,0,1
1,5,2,1,3,26,FRANCE,RHONE-ALPES,058,26058,BOURG-LES-VALENCE,RN 2007,282440,0,2,RN,0,2,2,,,0,1,,,,1,7,0,1,0,0
5,6,1,8,6,26,FRANCE,RHONE-ALPES,281,26281,ROMANS-SUR-ISERE,RD 0,282454,0,3,RD,0,2,2,0,960,2,1,,,,1,7,0,1,0,0
1,5,6,1,3,26,FRANCE,RHONE-ALPES,058,26058,BOURG-LES-VALENCE,ALLEE  DES SAPINS ,282465,0,4,VC,0,1,1,,,0,1,,,,1,7,0,1,0,0
1,1,1,1,6,26,FRANCE,RHONE-ALPES,064,26064,CHABEUIL,RD 154,282468,0,3,RD,154,2,2,3,160,0,1,0,0,,1,,0,1,0,0
1,1,1,7,1,26,FRANCE,RHONE-ALPES,076,26076,CHARENS,VC 2,282479,0,4,VC,2,2,1,0,0,0,1,4453900,550800,,1,7,0,1,0,0
2,1,1,1,2,26,FRANCE,RHONE-ALPES,144,26144,GRANE,RD 104,282521,0,3,RD,104,2,2,10,356,0,3,4475100,488800,,1,7,0,1,0,0
1,5,1,1,1,26,FRANCE,RHONE-ALPES,165,26165,LIVRON-SUR-DROME,VC 0,282561,0,4,VC,0,2,2,0,0,0,1,0,0,,1,10,0,1,0,0
1,3,6,1,3,26,FRANCE,RHONE-ALPES,011,26011,AOUSTE-SUR-SYE,RD 93,282585,5,3,RD,93,4,1,0,0,0,1,0,0,,1,10,0,1,0,0
1,1,6,1,3,26,FRANCE,RHONE-ALPES,166,26166,LORIOL-SUR-DROME,RN 7,282590,0,2,RN,7,1,1,0,0,0,1,0,0,,1,7,0,1,0,0
1,1,1,1,1,26,FRANCE,RHONE-ALPES,105,26105,CORNILLON-SUR-L'OULE,RD 61,282603,0,3,RD,61,2,0,34,250,0,1,4445500,537200,,1,7,0,1,0,0
1,1,1,1,2,26,FRANCE,RHONE-ALPES,104,26104,CORNILLAC,RD 61,282604,0,3,RD,61,2,2,35,941,0,1,4444100,537000,,1,7,0,1,0,0
2,1,1,1,2,26,FRANCE,RHONE-ALPES,198,26198,MONTELIMAR,ROUTE DE ROCHEMAURE,282609,0,3,RD,0,2,2,2,230,0,1,,,,1,7,0,1,0,0
1,6,1,1,6,26,FRANCE,RHONE-ALPES,281,26281,ROMANS-SUR-ISERE,BOULEVARD DORMOY MARX,282611,0,4,VC,0,2,2,,,0,1,,,,1,7,0,1,0,0
1,7,3,1,3,26,FRANCE,RHONE-ALPES,362,26362,VALENCE,ROUTE DE CHABEUIL,282613,0,3,RD,0,2,3,,,0,1,,,,1,7,0,1,0,0
1,6,6,1,6,26,FRANCE,RHONE-ALPES,281,26281,ROMANS-SUR-ISERE,COTE DES MASSES,282631,0,3,RD,0,2,2,15,265,1,1,,,,1,7,0,1,0,0
2,7,1,1,6,26,FRANCE,RHONE-ALPES,362,26362,VALENCE,RUE FAVENTINES ,282632,0,4,VC,0,2,2,,,0,1,,,,1,,0,1,0,0
1,1,1,1,1,26,FRANCE,RHONE-ALPES,235,26235,PIERRELATTE,RN 7,282634,0,2,RN,7,3,2,110,830,0,1,0,0,,1,7,0,1,0,0
1,4,1,1,1,26,FRANCE,RHONE-ALPES,113,26113,DIE,RD 93,282637,0,3,RD,93,0,0,0,0,0,1,4476000,536900,,1,10,0,1,0,0
1,4,2,1,3,26,FRANCE,RHONE-ALPES,313,26313,SAINT-MARCEL-LES-VALENCE,VC 0,282638,0,4,VC,0,2,0,0,0,0,1,0,0,,1,7,0,1,0,0
1,6,2,1,3,26,FRANCE,RHONE-ALPES,281,26281,ROMANS-SUR-ISERE,BOULEVARD DU CENTRE,282661,0,4,VC,0,2,2,,,0,1,,,,1,7,0,1,0,0
1,6,1,1,7,26,FRANCE,RHONE-ALPES,281,26281,ROMANS-SUR-ISERE,PLACE JEAN JAURES,282725,0,4,VC,0,3,4,15,550,0,1,,,,1,7,0,1,0,0
1,1,1,8,2,26,FRANCE,RHONE-ALPES,072,26072,CHANTEMERLE-LES-BLES,RD 109,282734,0,3,RD,109,2,2,4,900,0,1,4511900,490400,,1,10,0,1,0,0
1,1,1,1,2,26,FRANCE,RHONE-ALPES,198,26198,MONTELIMAR,ROUTE SAUZET,282737,0,3,RD,6,2,2,2,580,0,3,,,,1,7,0,1,0,0
1,1,3,1,3,26,FRANCE,RHONE-ALPES,113,26113,DIE,RD 93,282746,5,3,RD,93,2,0,55,300,2,1,4475000,538600,,1,33,0,1,0,0
1,1,1,1,3,26,FRANCE,RHONE-ALPES,193,26193,MONTBRUN-LES-BAINS,RD 189,282758,0,3,RD,189,2,2,0,345,0,1,0,0,,1,7,0,1,0,0
1,4,1,1,1,26,FRANCE,RHONE-ALPES,333,26333,SAINT-VALLIER,RN 7,282773,0,2,RN,7,2,0,13,600,0,1,4518400,481500,,1,7,0,1,0,0
1,7,6,1,6,26,FRANCE,RHONE-ALPES,362,26362,VALENCE,RUE DE LA CECILE,282775,0,4,VC,0,2,2,,,0,0,,,,1,7,0,1,0,0
1,6,1,1,6,26,FRANCE,RHONE-ALPES,198,26198,MONTELIMAR,AVENUE JEAN JAURES,282777,0,4,VC,0,3,2,0,1,0,1,,,,1,7,0,1,0,0
1,1,2,1,1,26,FRANCE,RHONE-ALPES,197,26197,MONTELIER,RD 119,282784,0,3,RD,119,2,0,0,0,0,1,4493300,504400,,1,7,0,1,0,0
1,7,3,1,3,26,FRANCE,RHONE-ALPES,362,26362,VALENCE,RUE BENJAMIN FRANKLIN,282787,0,4,VC,0,0,2,,,0,1,,,,1,7,0,1,0,0
1,1,1,1,3,26,FRANCE,RHONE-ALPES,289,26289,SAILLANS,RD 93,282791,0,3,RD,93,0,2,0,0,0,1,4470100,516600,,1,7,0,1,0,0
1,3,3,1,3,26,FRANCE,RHONE-ALPES,139,26139,GENISSIEUX,RD 608,282805,0,3,RD,608,2,2,3,0,0,1,0,0,,1,10,0,1,0,0
1,1,1,1,1,26,FRANCE,RHONE-ALPES,258,26258,PUY-SAINT-MARTIN,RD 136,282816,0,3,RD,136,2,0,10,500,0,1,0,0,,1,7,0,1,0,0
1,1,1,1,1,26,FRANCE,RHONE-ALPES,317,26317,SAINT-MAURICE-SUR-EYGUES,RD 94,282819,0,3,RD,94,2,2,31,0,0,1,4430100,500400,,1,7,0,1,0,0
1,4,1,1,3,26,FRANCE,RHONE-ALPES,313,26313,SAINT-MARCEL-LES-VALENCE,RD 432,282873,0,3,RD,432,2,2,0,0,3,1,4497500,495800,,1,7,0,1,0,0
1,1,3,1,1,26,FRANCE,RHONE-ALPES,262,26262,RECOUBEAU-JANSAC,RD 140,282895,0,3,RD,140,2,2,3,543,0,1,4467000,542700,,1,7,0,1,0,0
1,5,1,1,6,26,FRANCE,RHONE-ALPES,108,26108,CREST,RD 93,282902,0,3,RD,93,2,0,0,0,0,1,0,0,,1,7,0,1,0,0
1,1,1,1,1,26,FRANCE,RHONE-ALPES,064,26064,CHABEUIL,RD 68,282919,0,3,RD,68,2,0,14,391,0,1,4491600,503000,,1,7,0,1,0,0
1,1,1,1,3,26,FRANCE,RHONE-ALPES,362,26362,VALENCE,CREST ROUTE DE,282924,0,3,RD,538,3,2,13,370,0,1,,,,1,7,0,1,0,0
1,1,2,1,3,26,FRANCE,RHONE-ALPES,058,26058,BOURG-LES-VALENCE,CHATEAUNEUF SUR ISERE ROUTE DE,282925,5,3,RD,67,2,2,1,10,0,0,,,,1,7,0,1,0,0
1,1,1,2,1,26,FRANCE,RHONE-ALPES,144,26144,GRANE,RD 104,282980,0,3,RD,104,3,0,10,500,0,1,0,0,,1,7,0,1,0,0
1,4,6,1,3,26,FRANCE,RHONE-ALPES,113,26113,DIE,RD 93,282981,0,3,RD,93,1,0,55,98,0,1,4475300,538200,,1,7,0,1,0,0
1,6,6,1,3,26,FRANCE,RHONE-ALPES,281,26281,ROMANS-SUR-ISERE,AVENUE GAMBETTA,283056,0,3,RD,532,1,1,15,990,0,1,,,,1,7,0,1,0,0
1,1,1,1,1,26,FRANCE,RHONE-ALPES,057,26057,BOURG-DE-PEAGE,RD 538,283058,0,3,RD,538,2,2,34,0,2,1,,,,1,10,0,1,0,0
1,6,1,2,3,26,FRANCE,RHONE-ALPES,281,26281,ROMANS-SUR-ISERE,AVENUE CHANOINE CHEVALIER,283067,0,3,RD,92,2,2,1,800,1,1,,,,1,7,0,1,0,0
1,4,1,1,1,27,FRANCE,HAUTE-NORMANDIE,507,27507,SAINT-ANDRE-DE-L'EURE,VC 0,283087,5,4,VC,0,2,2,0,0,0,1,4891200,127700,,1,7,0,1,0,0
1,3,1,1,1,27,FRANCE,HAUTE-NORMANDIE,349,27349,ILLEVILLE-SUR-MONTFORT,VC 0,283095,0,4,VC,0,2,2,0,0,0,1,4932700,73000,,1,7,0,1,0,0
1,1,1,1,1,27,FRANCE,HAUTE-NORMANDIE,148,27148,CHAPELLE-GAUTHIER (LA),RD 819,283105,0,3,RD,819,2,2,14,600,0,1,4897600,45400,,1,13,0,1,0,0
1,1,2,8,3,27,FRANCE,HAUTE-NORMANDIE,525,27525,SAINTE-COLOMBE-PRES-VERNON,RD 63,283109,5,3,RD,63,2,2,0,0,0,1,0,0,,1,7,0,1,0,0
1,1,1,7,1,27,FRANCE,HAUTE-NORMANDIE,031,27031,AVIRON,VC 4,283121,0,4,VC,4,2,0,0,0,0,1,0,0,,1,7,0,1,0,0
1,5,1,1,3,27,FRANCE,HAUTE-NORMANDIE,375,27375,LOUVIERS,AVENUE DU MARECHAL LECLERC,283148,0,3,RD,0,2,2,,,0,1,,,,1,38,0,1,0,0
1,6,9,7,6,27,FRANCE,HAUTE-NORMANDIE,681,27681,VERNON,AVENUE PIERRE MENDES FRANCE,283180,0,4,VC,0,2,2,,,0,1,,,,1,,0,0,0,1
1,3,1,1,1,27,FRANCE,HAUTE-NORMANDIE,676,27676,VENABLES,Autre 0,283198,0,9,Autre,0,2,1,0,0,0,1,0,0,,1,7,0,1,0,0
1,5,1,1,7,27,FRANCE,HAUTE-NORMANDIE,701,27701,VAL-DE-REUIL,ROUTE DE LOUVIERS,283209,0,4,VC,0,2,2,,,0,1,,,,1,,0,0,0,1
1,5,1,1,3,27,FRANCE,HAUTE-NORMANDIE,056,27056,BERNAY,VC 0,283225,0,4,VC,0,2,2,0,0,0,1,4909600,59500,,1,7,0,1,0,0
1,2,1,1,6,27,FRANCE,HAUTE-NORMANDIE,281,27281,GAUDREVILLE-LA-RIVIERE,VC 0,283328,0,4,VC,0,0,0,0,0,0,0,0,0,,1,,0,1,0,0
1,1,1,2,2,27,FRANCE,HAUTE-NORMANDIE,424,27424,NAGEL-SEEZ-MESNIL,RD 840,283347,0,3,RD,840,2,2,22,150,0,1,4893300,94300,,1,31,0,0,0,1