lum,agg,int,atm,col,dep_bis,pays,region,com_bis,com_codeINSEE,communes,N_voie,numac,infra,catr,type_route,voie,circ,nbv,pr,pr1,vosp,situ,lat,long,adr,accident_velo,vehicule_imp,cycl_mort,cycl_bgv,cycl_blg,cycl_indm
3,1,2,8,1,27,FRANCE,HAUTE-NORMANDIE,598,27598,SAINT-PIERRE-DU-VAUVRAY,RD 77,283393,5,3,RD,77,2,2,0,0,0,1,0,0,,1,7,0,1,0,0
1,1,1,1,1,27,FRANCE,HAUTE-NORMANDIE,005,27005,AILLY,VC 0,283394,0,4,VC,0,2,2,0,0,0,0,4916800,122100,,1,7,0,1,0,0
1,3,9,1,1,27,FRANCE,HAUTE-NORMANDIE,150,27150,CHAPELLE-REANVILLE (LA),VC 0,283440,0,4,VC,0,2,2,0,0,0,1,4910000,138000,,1,7,0,1,0,0
1,2,1,1,1,27,FRANCE,HAUTE-NORMANDIE,270,27270,FRESNE-L'ARCHEVEQUE,RD 1,283454,0,3,RD,1,2,2,0,0,0,1,0,0,,1,7,0,1,0,0
1,1,1,1,3,27,FRANCE,HAUTE-NORMANDIE,203,27203,DOUAINS,RD 181,283462,0,3,RD,181,2,2,0,0,0,1,0,0,,1,7,0,1,0,0
1,7,1,1,6,27,FRANCE,HAUTE-NORMANDIE,229,27229,EVREUX,PLACE DE LA REPUBLIQUE,283468,0,4,VC,0,2,2,,,0,1,,,,1,,0,0,0,1
1,6,1,1,7,27,FRANCE,HAUTE-NORMANDIE,681,27681,VERNON,RUE DE GAMILLY,283469,0,4,VC,0,2,2,,,0,1,,,,1,7,0,1,0,0
1,1,1,1,1,27,FRANCE,HAUTE-NORMANDIE,568,27568,SAINTE-MARTHE,RD 830,283470,0,3,RD,830,2,2,19,200,0,1,0,0,,1,7,0,1,0,0
1,5,9,1,3,27,FRANCE,HAUTE-NORMANDIE,375,27375,LOUVIERS,RUE DE BELGIQUE,283492,0,4,VC,0,1,1,,,0,0,,,,1,7,0,1,0,0
1,2,1,1,1,27,FRANCE,HAUTE-NORMANDIE,356,27356,JONQUERETS-DE-LIVET,RD 34,283505,0,3,RD,34,2,0,0,0,0,1,0,0,,1,7,0,1,0,0
1,1,1,1,1,27,FRANCE,HAUTE-NORMANDIE,529,27529,SAINT-CYR-LA-CAMPAGNE,VC 20,283528,0,4,VC,20,2,2,0,0,0,1,4926100,101600,,1,30,0,1,0,0
1,3,1,7,1,27,FRANCE,HAUTE-NORMANDIE,114,27114,BREUILPONT,RD 58,283556,0,3,RD,58,2,2,0,0,0,1,4896500,142400,,1,7,0,1,0,0
1,4,2,1,3,27,FRANCE,HAUTE-NORMANDIE,299,27299,GRAVIGNY,RUE MARCEL PAGNOL ,283570,0,4,VC,0,2,2,,,0,1,,,,1,7,0,1,0,0
3,1,1,2,1,27,FRANCE,HAUTE-NORMANDIE,655,27655,TOURVILLE-SUR-PONT-AUDEMER,RD 139,283598,0,3,RD,139,2,2,0,0,0,1,0,0,,1,10,0,1,0,0
1,4,1,1,1,27,FRANCE,HAUTE-NORMANDIE,065,27065,BEUZEVILLE,VC 0,283608,0,4,VC,0,2,0,0,0,0,1,4933200,34600,,1,7,0,1,0,0
1,4,3,1,3,27,FRANCE,HAUTE-NORMANDIE,112,27112,BRETEUIL,Autre 0,283613,0,9,Autre,0,2,2,0,0,0,0,0,0,,1,7,0,1,0,0
1,7,1,1,3,27,FRANCE,HAUTE-NORMANDIE,229,27229,EVREUX,RUE JOSEPHINE,283641,0,4,VC,0,2,2,,,0,1,,,,1,10,0,1,0,0
3,1,1,1,3,27,FRANCE,HAUTE-NORMANDIE,615,27615,SASSEY,VC 26,283643,0,4,VC,26,2,2,0,0,0,1,0,0,,1,7,0,1,0,0
1,3,1,1,5,27,FRANCE,HAUTE-NORMANDIE,348,27348,IGOVILLE,RD 6015,283653,0,3,RD,6015,2,0,0,0,0,1,4931700,115900,,1,7,0,1,0,0
1,6,7,1,6,27,FRANCE,HAUTE-NORMANDIE,681,27681,VERNON,PLACE DE LA REPUBLIQUE,283667,0,6,Parking,0,0,0,,,0,0,,,,1,7,0,1,0,0
1,5,1,1,1,27,FRANCE,HAUTE-NORMANDIE,375,27375,LOUVIERS,AVENUE DES AMOUREUX,283668,0,4,VC,0,2,2,,,0,1,,,,1,7,0,1,0,0
1,2,1,1,1,27,FRANCE,HAUTE-NORMANDIE,204,27204,DOUDEAUVILLE-EN-VEXIN,RD 6,283678,0,3,RD,6,2,2,0,0,0,1,0,0,,1,10,0,1,0,0
1,1,1,1,6,27,FRANCE,HAUTE-NORMANDIE,056,27056,BERNAY,VC 14,283692,0,4,VC,14,2,1,0,0,0,1,4907500,58600,,1,,0,1,0,0
1,1,1,1,1,27,FRANCE,HAUTE-NORMANDIE,648,27648,TOSTES,RD 79,283697,0,3,RD,79,2,2,0,0,0,3,4926800,111700,,1,7,0,1,0,0
1,3,1,1,1,27,FRANCE,HAUTE-NORMANDIE,311,27311,HARCOURT,VC 0,283736,0,4,VC,0,2,2,0,0,0,1,0,0,,1,2,0,1,0,0
1,6,1,1,6,27,FRANCE,HAUTE-NORMANDIE,681,27681,VERNON,BOULEVARD ISAMBARD,283786,0,4,VC,0,2,6,,,0,5,,,,1,7,0,1,0,0
5,3,1,1,6,27,FRANCE,HAUTE-NORMANDIE,322,27322,HAYE-MALHERBE (LA),RD 79,283792,0,3,RD,79,2,2,13,600,0,1,4922700,106800,,1,,0,1,0,0
1,5,1,1,1,27,FRANCE,HAUTE-NORMANDIE,467,27467,PONT-AUDEMER,Autre 0,283828,0,9,Autre,0,2,0,0,0,0,1,4935210,49730,,1,7,0,1,0,0
1,1,1,1,2,27,FRANCE,HAUTE-NORMANDIE,510,27510,SAINT-AQUILIN-DE-PACY,RN 13,283853,0,2,RN,13,3,5,9,500,3,1,4901380,134789,,1,7,0,1,0,0
1,4,1,1,3,27,FRANCE,HAUTE-NORMANDIE,065,27065,BEUZEVILLE,RD 102,283857,0,3,RD,102,2,0,0,150,0,1,4934630,34492,,1,7,0,1,0,0
1,1,3,7,1,27,FRANCE,HAUTE-NORMANDIE,069,27069,BOIS-ARNAULT,RD 54,283870,0,3,RD,54,2,2,8,687,0,1,4881590,72761,,1,7,0,1,0,0
1,4,1,1,1,27,FRANCE,HAUTE-NORMANDIE,022,27022,AUBEVOYE,VC 0,283877,0,4,VC,0,2,2,0,0,0,1,4917590,133577,,1,2,0,0,0,1
1,1,6,1,3,27,FRANCE,HAUTE-NORMANDIE,008,27008,ALIZAY,RD 321,283888,5,3,RD,321,1,2,10,0,0,1,4931820,118043,,1,,0,1,0,0
1,2,1,1,3,27,FRANCE,HAUTE-NORMANDIE,309,27309,HABIT (L'),RD 59,283902,0,3,RD,59,2,2,17,150,0,1,4887520,136380,,1,14,,,,
1,1,3,1,3,27,FRANCE,HAUTE-NORMANDIE,645,27645,TOCQUEVILLE,RD 139,283906,0,3,RD,139,2,2,26,347,0,1,4940390,62414,,1,7,0,1,0,0
1,2,1,1,1,27,FRANCE,HAUTE-NORMANDIE,055,27055,BERENGEVILLE-LA-CAMPAGNE,VC 0,283922,0,4,VC,0,2,0,0,0,0,1,4913700,95501,,1,7,0,1,0,0
1,6,3,1,6,27,FRANCE,HAUTE-NORMANDIE,681,27681,VERNON,AVENUE DES CAPUCINS,283926,0,3,RD,528,2,2,0,200,0,1,4909030,146847,,1,7,0,1,0,0
1,6,3,1,3,27,FRANCE,HAUTE-NORMANDIE,681,27681,VERNON,AVENUE DE L'ARDECHE,283927,0,4,VC,2,2,4,0,0,1,5,,,,1,7,0,1,0,0
1,1,1,1,2,27,FRANCE,HAUTE-NORMANDIE,320,27320,HAYE-DU-THEIL (LA),RD 26,283930,0,3,RD,26,2,2,36,0,0,1,4923640,88575,,1,7,0,1,0,0
1,5,2,1,3,27,FRANCE,HAUTE-NORMANDIE,056,27056,BERNAY,VC 518,283951,0,4,VC,518,2,2,0,0,0,1,4909020,59718,,1,7,0,1,0,0
1,4,1,7,2,27,FRANCE,HAUTE-NORMANDIE,458,27458,PITRES,RD 508,283960,0,3,RD,508,2,2,6,900,0,1,4931910,122487,,1,7,0,1,0,0
3,1,1,1,1,27,FRANCE,HAUTE-NORMANDIE,100,27100,BOULLEVILLE,RD 6178,283973,0,3,RD,6178,2,2,13,500,0,1,4937390,39777,,1,14,0,1,0,0
1,5,6,1,3,27,FRANCE,HAUTE-NORMANDIE,467,27467,PONT-AUDEMER,RD 675,283975,5,3,RD,675,2,2,29,779,0,1,4934690,54250,,1,7,0,1,0,0
2,1,2,2,3,27,FRANCE,HAUTE-NORMANDIE,137,27137,CHAISE-DIEU-DU-THEIL,RD 21,283995,0,3,RD,21,2,2,23,648,0,1,4876360,76181,,1,7,0,1,0,0
5,6,9,1,6,27,FRANCE,HAUTE-NORMANDIE,681,27681,VERNON,PLACE D'EVREUX,284013,0,4,VC,578,2,2,1,0,0,1,4909210,148204,,1,2,0,1,0,0
1,1,1,1,2,27,FRANCE,HAUTE-NORMANDIE,641,27641,TILLEUL-LAMBERT (LE),RD 840,284041,0,3,RD,840,1,2,40,0,0,1,4908730,91866,,1,30,0,1,0,0
1,1,6,1,1,27,FRANCE,HAUTE-NORMANDIE,056,27056,BERNAY,Autre 38,284064,5,9,Autre,38,0,2,0,0,0,1,4909500,59401,,1,7,0,1,0,0
1,1,1,1,6,27,FRANCE,HAUTE-NORMANDIE,167,27167,CONDE-SUR-RISLE,RD 39,284122,0,3,RD,39,2,0,50,500,0,1,4932250,59455,,1,,0,1,0,0
1,1,1,1,1,27,FRANCE,HAUTE-NORMANDIE,306,27306,GUICHAINVILLE,RD 6154,284126,0,3,RD,6154,2,2,21,100,0,1,4895800,116154,,1,7,0,1,0,0
1,3,1,1,1,27,FRANCE,HAUTE-NORMANDIE,322,27322,HAYE-MALHERBE (LA),VC 13,284281,0,4,VC,13,2,2,,,0,1,4923220,107332,,1,10,0,1,0,0
1,4,3,1,3,27,FRANCE,HAUTE-NORMANDIE,428,27428,NEUBOURG (LE),RD 39,284289,5,3,RD,39,2,2,18,1100,0,1,4914380,90254,,1,10,0,1,0,0
2,1,1,1,2,27,FRANCE,HAUTE-NORMANDIE,263,27263,FOURMETOT,RD 139,284298,0,3,RD,139,2,2,20,200,0,1,4937830,56077,,1,7,0,1,0,0
1,7,4,1,7,27,FRANCE,HAUTE-NORMANDIE,229,27229,EVREUX,RUE DUGUAY TROUIN,284325,0,3,RD,57,2,2,0,807,0,1,4902830,116680,,1,7,0,1,0,0
1,7,2,1,3,27,FRANCE,HAUTE-NORMANDIE,229,27229,EVREUX,RUE DUGUESCLIN,284330,5,3,RD,57,2,2,1,520,0,1,4902330,116946,,1,7,0,1,0,0
1,5,1,1,3,28,FRANCE,CENTRE,404,28404,VERNOUILLET,RUE DU PRESSOIR,284405,0,4,VC,0,2,2,,,0,3,,,,1,7,0,1,0,0
2,5,4,1,7,28,FRANCE,CENTRE,404,28404,VERNOUILLET,ESPLANADE DU 8 MAI 1945,284406,0,3,RD,0,2,2,0,1,0,4,,,,1,,0,1,0,0
1,1,1,1,1,28,FRANCE,CENTRE,347,28347,SAINT-LUBIN-DE-LA-HAYE,RD 147,284415,0,3,RD,147,2,2,0,0,0,1,0,0,,1,7,0,1,0,0
1,5,1,1,1,28,FRANCE,CENTRE,280,28280,NOGENT-LE-ROTROU,RD 922,284418,0,3,RD,922,2,2,0,0,0,1,4832000,82000,,1,7,0,1,0,0
1,6,1,1,6,28,FRANCE,CENTRE,085,28085,CHARTRES,AlLEe du MaREchal MARTIN VALLIN,284425,0,4,VC,0,2,2,,,0,1,,,,1,7,0,1,0,0
2,6,1,1,6,28,FRANCE,CENTRE,134,28134,DREUX,RUE SAINT THIBAULT,284434,0,4,VC,0,2,2,,,1,1,,,,1,7,0,1,0,0
1,3,1,1,1,28,FRANCE,CENTRE,357,28357,SAINT-PIAT,RD 329,284437,0,3,RD,329,2,2,0,0,0,1,4854000,159000,,1,7,0,1,0,0
1,1,1,1,1,28,FRANCE,CENTRE,423,28423,YERMENONVILLE,RD 18,284487,0,3,RD,18,2,0,14,300,0,1,0,0,,1,7,0,1,0,0
1,5,1,1,2,28,FRANCE,CENTRE,088,28088,CHATEAUDUN,VC 0,284488,0,4,VC,0,2,1,0,0,0,1,4807500,133700,,1,7,0,1,0,0
1,6,1,1,3,28,FRANCE,CENTRE,134,28134,DREUX,RUE DES ORIELS,284502,0,4,VC,0,2,2,0,1,0,1,,,,1,7,0,1,0,0
2,4,1,1,3,28,FRANCE,CENTRE,110,28110,COUDRAY (LE),DU GORD,284543,0,4,VC,0,2,0,,,0,1,,,,1,7,0,1,0,0
1,5,1,1,6,28,FRANCE,CENTRE,280,28280,NOGENT-LE-ROTROU,VC 955,284552,0,4,VC,955,2,0,0,0,0,1,0,0,,1,,0,0,0,1
5,4,1,1,3,28,FRANCE,CENTRE,015,28015,AUNEAU,RD 19,284557,0,3,RD,19,2,0,17,600,0,1,0,0,,1,7,0,1,0,0
1,6,3,1,3,28,FRANCE,CENTRE,134,28134,DREUX,AVENUE DU GENERAL LECLERC,284568,0,4,VC,0,2,2,,,0,1,,,,1,7,0,1,0,0
1,3,1,1,3,28,FRANCE,CENTRE,198,28198,JALLANS,VC 0,284604,0,4,VC,0,2,2,0,0,0,1,4807800,137400,,1,7,0,1,0,0
1,3,3,1,1,28,FRANCE,CENTRE,127,28127,DANGEAU,RD 108,284621,0,3,RD,108,2,0,0,0,0,1,4821400,129000,,1,7,0,1,0,0
1,5,1,1,2,28,FRANCE,CENTRE,140,28140,EPERNON,RD 906,284629,0,3,RD,906,2,2,0,0,0,1,0,0,,1,7,0,1,0,0
1,6,4,1,6,28,FRANCE,CENTRE,085,28085,CHARTRES,RUE DES MARAIS,284686,0,4,VC,0,2,0,,,0,1,,,,1,7,0,1,0,0
2,1,1,1,1,28,FRANCE,CENTRE,147,28147,FAVIERES,RD 23,284742,0,3,RD,23,2,2,63,100,0,1,0,0,,1,7,0,1,0,0
1,6,3,1,3,28,FRANCE,CENTRE,134,28134,DREUX,RUE JEAN VILAR,284750,0,4,VC,0,2,2,0,1,0,0,,,,1,7,0,1,0,0
1,3,1,1,3,28,FRANCE,CENTRE,275,28275,NERON,RD 327,284755,0,3,RD,327,2,2,0,0,0,1,0,0,,1,7,0,1,0,0
1,2,1,1,7,28,FRANCE,CENTRE,318,28318,ROMILLY-SUR-AIGRE,RD 8,284767,0,3,RD,8,2,2,7,250,0,1,0,0,,1,,0,1,0,0
1,6,1,1,3,28,FRANCE,CENTRE,085,28085,CHARTRES,BOULEVARD DE LA COURTILLE,284783,0,4,VC,0,2,4,,,0,0,,,,1,7,0,1,0,0
1,6,1,1,6,28,FRANCE,CENTRE,085,28085,CHARTRES,RUE DU GRAND FAUBOURG,284784,0,4,VC,0,1,1,,,0,1,,,,1,7,0,1,0,0
1,6,3,1,3,28,FRANCE,CENTRE,085,28085,CHARTRES,DU GORD,284787,0,4,VC,0,2,2,,,0,0,,,,1,7,0,1,0,0
1,3,1,1,1,28,FRANCE,CENTRE,213,28213,LORMAYE,RD 983,284841,0,3,RD,983,2,2,68,600,0,0,4864590,153719,,1,7,0,1,0,0
1,6,1,1,3,28,FRANCE,CENTRE,085,28085,CHARTRES,AVENUE DE BEAULIEU,284847,0,4,VC,0,2,2,0,0,0,1,4843780,150668,,1,7,0,1,0,0
3,1,1,1,7,28,FRANCE,CENTRE,140,28140,EPERNON,RD 122,284851,0,3,RD,122,2,2,0,0,0,1,4859280,168260,,1,,0,1,0,0
1,6,3,1,3,28,FRANCE,CENTRE,134,28134,DREUX,RUE PARISIS,284877,0,3,RD,912,1,1,1,156,0,0,4873940,137308,,1,7,0,1,0,0
1,5,1,1,1,28,FRANCE,CENTRE,280,28280,NOGENT-LE-ROTROU,RD 112,284885,5,3,RD,112,2,0,0,265,0,1,4831510,83490,,1,33,0,1,0,0
1,5,4,1,3,28,FRANCE,CENTRE,088,28088,CHATEAUDUN,RD 955,284887,0,3,RD,955,2,2,48,133,0,1,4806790,132993,,1,7,0,1,0,0
1,5,1,1,6,28,FRANCE,CENTRE,220,28220,LUISANT,RUE DE LA LIBERTE,284922,0,3,RD,105,2,2,18,700,0,1,4842740,146600,,1,7,0,1,0,0
1,5,1,1,3,28,FRANCE,CENTRE,220,28220,LUISANT,RUE DE LA LIBERTE,284926,0,4,VC,0,2,2,0,0,0,1,,,,1,7,0,1,0,0
1,3,3,1,3,28,FRANCE,CENTRE,363,28363,SAINVILLE,RD 17,284940,0,3,RD,17,2,0,74,950,0,1,4841550,187871,,1,17,0,1,0,0
1,4,1,1,7,28,FRANCE,CENTRE,116,28116,COURVILLE-SUR-EURE,VC 0,284951,0,4,VC,0,2,1,0,0,0,1,4845190,125001,,1,,0,1,0,0
1,3,1,1,1,28,FRANCE,CENTRE,127,28127,DANGEAU,RD 153,284955,0,3,RD,153,2,2,0,100,0,1,4821090,129319,,1,7,0,1,0,0
1,1,6,1,3,28,FRANCE,CENTRE,134,28134,DREUX,ROND-POINT DES CHATELETS,285043,0,2,RN,12,1,2,15,215,0,1,4874540,139171,,1,7,0,1,0,0
1,6,2,1,3,28,FRANCE,CENTRE,085,28085,CHARTRES,RUE DE SOURS,285045,0,3,RD,939,2,2,41,800,0,1,4844070,150676,,1,7,0,1,0,0
1,1,1,1,1,28,FRANCE,CENTRE,209,28209,LEVES,RUE DE LA CHACATIERE,285051,0,3,RD,105,1,1,5,500,1,5,4846950,146996,,1,2,0,1,0,0
1,1,1,1,1,28,FRANCE,CENTRE,353,28353,SAINT-MAUR-SUR-LE-LOIR,RD 144,285058,5,3,RD,144,2,2,22,160,0,1,4815550,141159,,1,21,0,1,0,0
1,3,1,1,3,28,FRANCE,CENTRE,033,28033,BELHOMERT-GUEHOUVILLE,RD 928,285100,0,3,RD,928,1,0,61,500,0,1,4850650,105786,,1,7,0,1,0,0
1,3,6,1,1,28,FRANCE,CENTRE,371,28371,SAUSSAY,RD 21,285104,0,3,RD,21,1,1,0,0,0,1,4886110,142308,,1,7,0,1,0,0
1,3,1,1,6,28,FRANCE,CENTRE,064,28064,BU,RD 21,285105,0,3,RD,21,1,0,16,715,0,1,4879700,149505,,1,,0,0,0,1
1,6,1,1,3,28,FRANCE,CENTRE,134,28134,DREUX,AVENUE DU PRESIDENT KENNEDY,285112,0,3,RD,929,2,2,0,600,0,1,4873020,138022,,1,7,0,1,0,0
5,6,4,1,3,28,FRANCE,CENTRE,085,28085,CHARTRES,RUE COLLIN D'HARLEVILLE,285115,0,4,VC,0,1,1,0,0,0,1,4844530,148351,,1,7,0,1,0,0
2,1,1,5,1,28,FRANCE,CENTRE,194,28194,HOUVILLE-LA-BRANCHE,RD 28,285143,0,3,RD,28,2,2,43,500,0,1,4844000,163200,,1,7,0,1,0,0
1,4,1,1,2,28,FRANCE,CENTRE,422,28422,VOVES,RD 10,285152,0,3,RD,10,2,2,0,700,0,1,0,0,,1,7,0,1,0,0
1,1,1,1,1,28,FRANCE,CENTRE,051,28051,BONNEVAL,RN 10,285160,0,2,RN,10,2,3,54,200,0,1,4819000,138000,,1,7,0,1,0,0
2,1,1,8,1,28,FRANCE,CENTRE,280,28280,NOGENT-LE-ROTROU,RD 103,285197,0,3,RD,103,2,2,0,5,0,1,4832100,79600,,1,7,0,1,0,0
1,5,3,7,7,28,FRANCE,CENTRE,218,28218,LUCE,RUE DE BEAUCE,285220,0,4,VC,0,2,2,,,0,1,4843421,145866,,1,,0,1,0,0
1,1,6,1,1,29,FRANCE,BRETAGNE,037,29037,COMBRIT,RD 44,285301,5,3,RD,44,3,2,0,0,0,1,4788900,-416800,,1,14,0,1,0,0
1,1,1,1,2,29,FRANCE,BRETAGNE,024,29024,CARHAIX-PLOUGUER,RN 164,285304,0,2,RN,164,2,2,7,100,0,1,0,0,,1,7,0,1,0,0
1,1,1,1,1,29,FRANCE,BRETAGNE,234,29234,REDENE,VC 0,285307,0,4,VC,0,2,1,0,0,0,1,0,0,,1,7,0,1,0,0
1,8,2,2,3,29,FRANCE,BRETAGNE,019,29019,BREST,KERALLAN,285311,0,4,VC,0,0,2,,,3,0,,,,1,7,0,1,0,0
1,5,6,1,3,29,FRANCE,BRETAGNE,151,29151,MORLAIX,PLACE TRAOULEN,285328,0,4,VC,0,1,1,,,0,1,,,,1,7,0,1,0,0
1,7,1,1,6,29,FRANCE,BRETAGNE,232,29232,QUIMPER,RUE DU CHAPEAU ROUGE,285341,0,4,VC,0,1,1,,,0,0,,,,1,,0,0,0,1
1,1,2,1,1,29,FRANCE,BRETAGNE,184,29184,PLOUENAN,RD 75,285349,0,3,RD,75,2,2,0,0,0,1,0,0,,1,7,0,1,0,0
1,5,9,1,3,29,FRANCE,BRETAGNE,046,29046,DOUARNENEZ,RD 57,285351,0,3,RD,57,0,0,0,0,0,1,0,0,,1,7,0,1,0,0
1,1,1,1,2,29,FRANCE,BRETAGNE,109,29109,LANDUNVEZ,RD 127,285359,0,3,RD,127,2,2,2,0,0,1,4855800,-472900,,1,7,0,1,0,0
1,4,2,1,5,29,FRANCE,BRETAGNE,185,29185,PLOUESCAT,RD 10,285367,0,3,RD,10,2,2,15,900,0,1,4865800,-417700,,1,7,0,0,0,1
1,1,6,1,1,29,FRANCE,BRETAGNE,113,29113,LANMEUR,RD 64,285384,0,3,RD,64,2,2,13,500,0,1,4864300,-370600,,1,7,0,1,0,0
1,1,1,1,2,29,FRANCE,BRETAGNE,055,29055,FOLGOET (LE),RD 788,285393,0,3,RD,788,3,2,0,0,0,1,4855700,-434400,,1,7,0,1,0,0
1,1,6,1,1,29,FRANCE,BRETAGNE,233,29233,QUIMPERLE,RD 783,285397,0,3,RD,783,0,1,0,0,0,1,0,0,,1,7,0,1,0,0
5,5,1,1,6,29,FRANCE,BRETAGNE,220,29220,PONT-L'ABBE,RD 2,285418,0,3,RD,2,0,2,0,0,0,1,4787100,-421200,,1,,0,1,0,0
1,1,1,1,1,29,FRANCE,BRETAGNE,150,29150,MOELAN-SUR-MER,RD 24,285445,0,3,RD,24,2,0,0,0,0,1,4780900,-362700,,1,7,0,1,0,0
1,1,1,7,6,29,FRANCE,BRETAGNE,232,29232,QUIMPER,AVENUE PIERRE MENDES FRANCE,285464,0,4,VC,0,2,2,,,1,1,,,,1,7,0,1,0,0
3,1,1,8,2,29,FRANCE,BRETAGNE,192,29192,PLOUGOULM,RD 69,285471,0,3,RD,69,2,0,15,900,0,1,4860300,-405100,,1,7,0,1,0,0
1,1,2,7,3,29,FRANCE,BRETAGNE,210,29210,PLOUVORN,RD 19,285487,5,3,RD,19,2,2,14,300,0,1,4858100,-399300,,1,7,0,1,0,0
1,3,1,1,3,29,FRANCE,BRETAGNE,102,29102,LANDELEAU,VC 1,285504,0,4,VC,1,2,2,0,0,0,1,4823100,-373300,,1,7,0,1,0,0
1,5,6,1,2,29,FRANCE,BRETAGNE,189,29189,PLOUGASTEL-DAOULAS,VC 1,285506,5,4,VC,1,0,0,0,0,0,1,4837700,-436800,,1,7,0,1,0,0
1,1,1,1,1,29,FRANCE,BRETAGNE,061,29061,GOUESNOU,RD 13,285516,0,3,RD,13,3,0,0,0,0,1,0,0,,1,7,0,1,0,0
1,4,3,1,3,29,FRANCE,BRETAGNE,209,29209,PLOUVIEN,VC 0,285532,5,4,VC,0,2,2,0,0,0,1,0,0,,1,10,0,1,0,0
1,4,9,2,1,29,FRANCE,BRETAGNE,175,29175,PLONEVEZ-DU-FAOU,RD 36,285548,0,3,RD,36,2,2,0,0,0,1,0,0,,1,7,0,1,0,0
1,5,1,1,3,29,FRANCE,BRETAGNE,105,29105,LANDIVISIAU,Autre 0,285549,0,9,Autre,0,2,0,0,0,0,1,0,0,,1,7,0,1,0,0
1,1,1,1,1,29,FRANCE,BRETAGNE,259,29259,SAINT-POL-DE-LEON,RD 75,285576,0,3,RD,75,2,0,0,0,0,1,0,0,,1,7,0,1,0,0
1,8,1,1,3,29,FRANCE,BRETAGNE,019,29019,BREST,QUIMPER,285581,0,9,Autre,0,2,2,,,0,1,,,,1,7,0,1,0,0
1,8,1,1,7,29,FRANCE,BRETAGNE,019,29019,BREST,PARIS,285582,0,9,Autre,0,2,2,,,0,1,,,,1,30,0,1,0,0
1,5,3,1,3,29,FRANCE,BRETAGNE,151,29151,MORLAIX,RUE DU PARC AU DUC,285584,5,4,VC,0,2,1,,,0,1,,,,1,7,0,1,0,0
1,5,6,1,6,29,FRANCE,BRETAGNE,103,29103,LANDERNEAU,RD 712,285619,0,3,RD,712,2,2,0,0,0,1,4845800,-424800,,1,,0,0,0,1
1,1,1,1,1,29,FRANCE,BRETAGNE,008,29008,BEUZEC-CAP-SIZUN,RD 7,285629,0,3,RD,7,2,2,42,430,0,1,0,0,,1,7,0,1,0,0
1,3,2,8,5,29,FRANCE,BRETAGNE,287,29287,TREFLEZ,RD 10,285638,0,3,RD,10,2,2,0,0,0,1,0,0,,1,7,0,1,0,0
1,5,1,1,2,29,FRANCE,BRETAGNE,103,29103,LANDERNEAU,RD 712,285695,0,3,RD,712,2,2,0,0,0,1,4845600,-424800,,1,7,0,1,0,0
1,4,1,1,2,29,FRANCE,BRETAGNE,302,29302,PONT-DE-BUIS-LES-QUIMERCH,VC 0,285699,0,4,VC,0,2,0,0,0,0,1,0,0,,1,7,0,1,0,0
1,4,1,1,1,29,FRANCE,BRETAGNE,266,29266,SAINT-THEGONNEC,RD 712,285708,0,3,RD,712,2,0,0,0,0,1,4852600,-394600,,1,7,0,1,0,0
1,5,1,1,1,29,FRANCE,BRETAGNE,235,29235,RELECQ-KERHUON (LE),RD 67,285711,0,3,RD,67,0,2,0,0,0,1,4840100,-439300,,1,15,0,1,0,0
1,5,6,1,1,29,FRANCE,BRETAGNE,220,29220,PONT-L'ABBE,VC 0,285725,5,4,VC,0,1,1,0,0,0,1,0,0,,1,7,0,1,0,0
1,1,3,1,3,29,FRANCE,BRETAGNE,204,29204,PLOUNEVENTER,VC 5,285744,0,4,VC,5,2,2,0,0,0,1,4849600,-416500,,1,17,0,1,0,0
1,1,6,1,2,29,FRANCE,BRETAGNE,010,29010,BODILIS,RD 32,285745,5,3,RD,32,2,2,3,0,0,1,4851800,-411400,,1,7,0,1,0,0
1,5,1,1,3,29,FRANCE,BRETAGNE,058,29058,FOUESNANT,RD 145,285779,0,3,RD,145,2,0,0,100,0,1,4789300,-401500,,1,7,0,1,0,0
1,1,1,1,1,29,FRANCE,BRETAGNE,171,29171,PLOMEUR,VC 0,285784,0,4,VC,0,2,1,0,0,0,1,0,0,,1,7,0,1,0,0
1,5,1,7,1,29,FRANCE,BRETAGNE,046,29046,DOUARNENEZ,RD 765,285805,5,3,RD,765,2,2,74,400,0,1,4809000,-433000,,1,7,0,1,0,0
1,5,1,1,1,29,FRANCE,BRETAGNE,235,29235,RELECQ-KERHUON (LE),RD 67,285809,0,3,RD,67,2,0,0,0,1,5,4840100,-442400,,1,7,0,1,0,0
3,1,3,2,1,29,FRANCE,BRETAGNE,173,29173,PLONEIS,RD 784,285824,0,3,RD,784,2,2,0,500,3,1,4800300,-416400,,1,7,0,1,0,0
1,5,6,1,3,29,FRANCE,BRETAGNE,233,29233,QUIMPERLE,RD 783,285850,5,3,RD,783,1,1,0,0,0,1,0,0,,1,7,0,1,0,0