lum,agg,int,atm,col,dep_bis,pays,region,com_bis,com_codeINSEE,communes,N_voie,numac,infra,catr,type_route,voie,circ,nbv,pr,pr1,vosp,situ,lat,long,adr,accident_velo,vehicule_imp,cycl_mort,cycl_bgv,cycl_blg,cycl_indm
5,4,1,3,1,29,FRANCE,BRETAGNE,045,29045,DIRINON,RD 29,285861,5,3,RD,29,2,2,0,0,2,1,4844100,-426900,,1,10,0,1,0,0
1,1,1,8,2,29,FRANCE,BRETAGNE,122,29122,LAZ,RD 36,285873,0,3,RD,36,2,2,0,0,0,1,0,0,,1,7,0,1,0,0
1,4,6,1,3,29,FRANCE,BRETAGNE,165,29165,PLOBANNALEC-LESCONIL,RD 53,285890,5,3,RD,53,0,0,0,0,0,1,0,0,,1,7,0,1,0,0
1,8,2,1,3,29,FRANCE,BRETAGNE,019,29019,BREST,PORTE,285898,0,9,Autre,0,2,2,,,0,1,,,,1,7,0,1,0,0
1,1,1,1,1,29,FRANCE,BRETAGNE,199,29199,PLOUIGNEAU,RD 64,285907,0,3,RD,64,2,2,18,0,0,1,4860300,-369000,,1,13,0,1,0,0
1,1,6,1,1,29,FRANCE,BRETAGNE,105,29105,LANDIVISIAU,RD 69,285915,5,3,RD,69,2,2,0,0,0,1,4851400,-405199,,1,14,0,1,0,0
1,4,6,1,3,29,FRANCE,BRETAGNE,210,29210,PLOUVORN,RD 69,285918,5,3,RD,69,2,2,0,0,0,1,0,0,,1,7,0,1,0,0
1,3,1,1,3,29,FRANCE,BRETAGNE,120,29120,LANVEOC,RD 55,285930,0,3,RD,55,2,2,9,948,0,1,4828800,-446500,,1,15,0,1,0,0
1,1,1,1,1,29,FRANCE,BRETAGNE,071,29071,GUILLIGOMARC'H,VC 6,285950,0,4,VC,6,2,2,0,0,0,1,0,0,,1,7,0,1,0,0
4,1,1,1,3,29,FRANCE,BRETAGNE,178,29178,PLOUDALMEZEAU,VC 0,285966,0,4,VC,0,2,2,0,0,0,1,0,0,,1,7,0,1,0,0
1,5,1,1,1,29,FRANCE,BRETAGNE,103,29103,LANDERNEAU,Hors_reseau 0,285971,0,5,Hors_reseau,0,0,0,0,0,0,0,0,0,,1,7,0,1,0,0
1,7,2,1,3,29,FRANCE,BRETAGNE,232,29232,QUIMPER,AVENUE DU CORNIGUEL,285983,0,4,VC,0,2,2,,,1,1,,,,1,7,0,1,0,0
1,4,6,2,1,29,FRANCE,BRETAGNE,135,29135,LOCTUDY,RD 2,285985,5,3,RD,2,0,0,0,0,0,1,0,0,,1,7,0,1,0,0
2,5,1,8,3,29,FRANCE,BRETAGNE,058,29058,FOUESNANT,RD 145,286018,0,3,RD,145,2,0,1,0,0,1,0,0,,1,7,0,1,0,0
5,5,1,1,6,29,FRANCE,BRETAGNE,051,29051,ERGUE-GABERIC,ROUILLEN,286024,0,3,RD,0,2,2,,,0,1,,,,1,7,0,1,0,0
1,1,1,2,2,29,FRANCE,BRETAGNE,054,29054,FEUILLEE (LA),RD 764,286029,0,3,RD,764,2,2,22,700,0,1,0,0,,1,7,0,1,0,0
1,1,1,1,1,29,FRANCE,BRETAGNE,113,29113,LANMEUR,RD 786,286037,0,3,RD,786,2,0,8,0,0,1,4863300,-374300,,1,7,0,1,0,0
5,5,1,1,1,29,FRANCE,BRETAGNE,039,29039,CONCARNEAU,RUE CHARLES LINEMENT,286101,0,4,VC,0,2,2,1,0,0,1,4787101,-391809,,1,7,0,1,0,0
1,4,1,1,1,29,FRANCE,BRETAGNE,101,29101,LANDEDA,VC 0,286106,0,4,VC,0,2,0,0,0,0,1,4858650,-457258,,1,7,0,1,0,0
1,1,1,1,1,29,FRANCE,BRETAGNE,109,29109,LANDUNVEZ,RD 27,286108,0,3,RD,27,2,2,0,0,0,1,4853008,-473744,,1,7,0,1,0,0
1,4,1,1,3,29,FRANCE,BRETAGNE,027,29027,CHATEAUNEUF-DU-FAOU,RD 21,286111,0,3,RD,21,2,0,0,0,0,1,4818644,-382473,,1,7,0,1,0,0
1,5,6,1,7,29,FRANCE,BRETAGNE,039,29039,CONCARNEAU,ROND-POINT DE KERNEACH,286119,0,4,VC,0,0,1,,,0,0,4788254,-392380,,1,,0,1,0,0
1,3,1,1,6,29,FRANCE,BRETAGNE,214,29214,PLOVAN,VC 2,286127,0,4,VC,2,2,2,0,0,0,1,4791491,-436050,,1,,0,0,0,1
1,1,1,1,6,29,FRANCE,BRETAGNE,260,29260,SAINT-RENAN,RD 5,286136,0,3,RD,5,2,2,0,0,0,1,4843688,-466900,,1,,0,1,0,0
1,5,6,1,7,29,FRANCE,BRETAGNE,058,29058,FOUESNANT,RD 45,286138,5,3,RD,45,2,0,0,0,0,1,4789821,-401453,,1,,0,1,0,0
1,4,1,1,3,29,FRANCE,BRETAGNE,236,29236,RIEC-SUR-BELON,RD 783,286152,0,3,RD,783,3,2,13,600,0,1,4784472,-369020,,1,7,0,1,0,0
1,1,1,1,3,29,FRANCE,BRETAGNE,215,29215,PLOZEVET,VC 209,286167,0,4,VC,209,2,0,0,0,0,1,4798556,-442581,,1,7,0,1,0,0
1,5,1,1,3,29,FRANCE,BRETAGNE,274,29274,SCAER,Autre 0,286169,0,9,Autre,0,2,2,0,0,0,1,4802916,-370739,,1,7,0,1,0,0
1,1,1,1,1,29,FRANCE,BRETAGNE,163,29163,PLEYBER-CHRIST,VC 34,286173,0,4,VC,34,2,2,7,500,0,1,4849383,-390264,,1,7,0,1,0,0
1,3,1,1,1,29,FRANCE,BRETAGNE,081,29081,HUELGOAT,Autre 0,286174,0,9,Autre,0,1,0,0,0,0,0,4836325,-374829,,1,7,0,1,0,0
1,7,3,1,3,29,FRANCE,BRETAGNE,232,29232,QUIMPER,ALLEE SAINT ROCH,286185,0,4,VC,0,2,2,,,0,1,4797186,-408362,,1,7,0,1,0,0
1,3,1,1,1,29,FRANCE,BRETAGNE,139,29139,LOPEREC,VC 0,286188,0,4,VC,0,0,2,0,0,0,1,4827736,-404796,,1,13,0,1,0,0
1,3,1,1,3,29,FRANCE,BRETAGNE,111,29111,LANHOUARNEAU,VC 0,286193,0,4,VC,0,2,1,0,0,0,1,4857973,-421068,,1,21,0,1,0,0
1,8,3,1,3,29,FRANCE,BRETAGNE,019,29019,BREST,HEGEL,286209,0,4,VC,0,2,2,,,0,1,4839430,-451942,,1,7,0,1,0,0
1,8,1,1,6,29,FRANCE,BRETAGNE,019,29019,BREST,GLASGOW,286210,0,4,VC,0,2,2,,,0,1,4839755,-448272,,1,7,0,1,0,0
5,5,1,3,3,29,FRANCE,BRETAGNE,151,29151,MORLAIX,BELLEVUE DE LA MADELEINE,286214,0,4,VC,0,2,2,,,0,1,4858003,-381048,,1,10,0,1,0,0
1,5,6,1,3,29,FRANCE,BRETAGNE,220,29220,PONT-L'ABBE,VC 0,286228,5,4,VC,0,0,0,0,0,0,1,4786406,-423752,,1,7,0,1,0,0
1,1,1,1,1,29,FRANCE,BRETAGNE,008,29008,BEUZEC-CAP-SIZUN,RD 7,286237,0,3,RD,7,2,0,0,0,0,1,4806605,-455759,,1,7,0,1,0,0
1,5,1,1,3,29,FRANCE,BRETAGNE,046,29046,DOUARNENEZ,VC 5,286242,0,4,VC,5,2,0,0,0,0,1,4808407,-431361,,1,7,0,1,0,0
1,5,1,8,3,29,FRANCE,BRETAGNE,046,29046,DOUARNENEZ,Parking 0,286243,0,6,Parking,0,1,1,0,0,0,1,4809394,-434129,,1,7,0,1,0,0
1,1,1,1,1,29,FRANCE,BRETAGNE,058,29058,FOUESNANT,VC 8,286248,0,4,VC,8,2,2,0,0,0,5,4789867,-401399,,1,7,0,1,0,0
3,1,1,1,3,29,FRANCE,BRETAGNE,058,29058,FOUESNANT,RD 45,286254,0,3,RD,45,2,0,0,0,1,1,4788420,-400635,,1,7,0,1,0,0
1,1,1,1,3,29,FRANCE,BRETAGNE,284,29284,TREFFIAGAT,RD 53,286257,0,3,RD,53,2,2,0,0,0,1,4782141,-425870,,1,7,0,1,0,0
1,1,3,1,3,29,FRANCE,BRETAGNE,195,29195,PLOUGUERNEAU,VC 75,286276,0,4,VC,75,2,2,0,0,0,1,4861612,-451330,,1,10,0,1,0,0
2,1,1,1,6,29,FRANCE,BRETAGNE,149,29149,MILIZAC,RD 38,286280,5,3,RD,38,2,2,0,0,0,1,4846026,-458090,,1,,0,1,0,0
1,4,6,1,3,29,FRANCE,BRETAGNE,178,29178,PLOUDALMEZEAU,RD 26,286282,5,3,RD,26,2,0,0,0,0,1,4854114,-465654,,1,7,0,1,0,0
2,5,6,1,1,29,FRANCE,BRETAGNE,026,29026,CHATEAULIN,RD 770,286288,5,3,RD,770,2,2,0,0,0,1,4819676,-409345,,1,7,0,1,0,0
1,1,1,1,3,29,FRANCE,BRETAGNE,044,29044,DINEAULT,RD 887,286289,0,3,RD,887,2,0,10,0,0,1,4819161,-417268,,1,7,0,1,0,0
1,3,9,1,1,29,FRANCE,BRETAGNE,265,29265,SAINTE-SEVE,VC 2,286310,0,4,VC,2,2,0,0,0,0,1,4855830,-387984,,1,14,0,1,0,0
3,1,1,1,6,29,FRANCE,BRETAGNE,163,29163,PLEYBER-CHRIST,RD 785,286311,0,3,RD,785,2,2,3,600,0,1,4853434,-387301,,1,,0,1,0,0
1,5,1,1,1,29,FRANCE,BRETAGNE,259,29259,SAINT-POL-DE-LEON,RD 58,286314,0,3,RD,58,2,0,0,0,0,1,4868211,-397044,,1,7,0,1,0,0
1,1,1,1,1,29,FRANCE,BRETAGNE,210,29210,PLOUVORN,VC 5,286316,0,4,VC,5,2,2,0,0,0,1,4857349,-401127,,1,10,0,1,0,0
1,1,1,1,1,29,FRANCE,BRETAGNE,031,29031,CLOHARS-CARNOET,VC 2,286331,0,4,VC,2,2,0,0,0,0,1,4777443,-359201,,1,10,0,1,0,0
5,8,6,1,1,29,FRANCE,BRETAGNE,019,29019,BREST,Hors_reseau 0,286345,0,5,Hors_reseau,0,2,0,0,0,0,1,4837780,-450680,,1,7,0,1,0,0
1,7,1,1,3,29,FRANCE,BRETAGNE,232,29232,QUIMPER,PONT DE POULGUINAN,286413,0,3,RD,0,3,4,,,0,0,4798389,-411629,,1,7,0,1,0,0
1,1,6,1,3,29,FRANCE,BRETAGNE,051,29051,ERGUE-GABERIC,AVENUE DE Lestonan,286425,0,4,VC,0,1,1,,,0,1,4801963,-402189,,1,7,0,1,0,0
1,7,1,1,3,29,FRANCE,BRETAGNE,232,29232,QUIMPER,JACOB MAX PONT,286428,2,4,VC,0,3,2,,,0,0,4799350,-410591,,1,7,0,1,0,0
5,1,1,1,7,29,FRANCE,BRETAGNE,232,29232,QUIMPER,BOULEVARD DE CREAC' H GWEN,286429,0,4,VC,0,0,2,,,0,0,4797727,-410102,,1,,0,1,0,0
1,1,1,1,7,30,FRANCE,LANGUEDOC-ROUSSILLON,248,30248,SAINT-DEZERY,RD 982,286461,0,3,RD,982,2,2,33,650,0,1,0,0,,1,,0,1,0,0
1,1,1,1,1,30,FRANCE,LANGUEDOC-ROUSSILLON,051,30051,BRANOUX-LES-TAILLADES,RD 154,286471,0,3,RD,154,2,2,5,5,0,1,0,0,,1,7,0,1,0,0
1,5,3,1,6,30,FRANCE,LANGUEDOC-ROUSSILLON,028,30028,BAGNOLS-SUR-CEZE,AVENUE MARECHAL DE LATTRE DE TASSIGNY,286480,0,3,RD,0,2,2,46,300,0,1,,,,1,7,0,1,0,0
1,1,1,1,2,30,FRANCE,LANGUEDOC-ROUSSILLON,156,30156,MARGUERITTES,RD 999,286547,0,3,RD,999,3,0,17,0,0,3,4383500,445300,,1,14,0,1,0,0
1,4,1,1,3,30,FRANCE,LANGUEDOC-ROUSSILLON,012,30012,ARAMON,VC 0,286585,5,4,VC,0,2,2,0,0,0,1,0,0,,1,10,0,1,0,0
1,8,1,1,6,30,FRANCE,LANGUEDOC-ROUSSILLON,189,30189,NIMES,AVENUE ARTS,286591,0,4,VC,0,2,4,,,0,1,,,,1,,0,0,0,1
1,8,1,2,3,30,FRANCE,LANGUEDOC-ROUSSILLON,189,30189,NIMES,CHEMIN TIRE CUL,286599,0,4,VC,0,2,2,,,0,1,,,,1,7,0,1,0,0
1,8,1,1,3,30,FRANCE,LANGUEDOC-ROUSSILLON,189,30189,NIMES,PLACE DEBUSSY CLAUDE,286600,1,6,Parking,0,1,1,,,0,0,,,,1,7,0,1,0,0
1,1,6,1,3,30,FRANCE,LANGUEDOC-ROUSSILLON,182,30182,MONTPEZAT,RD 999,286617,5,3,RD,999,3,2,42,0,0,1,0,0,,1,7,0,1,0,0
1,3,6,1,6,30,FRANCE,LANGUEDOC-ROUSSILLON,212,30212,REMOULINS,RN 100,286639,0,2,RN,100,0,0,1,800,0,1,4394300,457700,,1,,0,1,0,0
1,8,1,1,6,30,FRANCE,LANGUEDOC-ROUSSILLON,189,30189,NIMES,ROUTE D'UZES,286650,0,3,RD,0,2,2,,,0,1,,,,1,7,0,1,0,0
1,8,1,1,3,30,FRANCE,LANGUEDOC-ROUSSILLON,189,30189,NIMES,ROUTE BEAUCAIRE,286653,0,3,RD,0,2,2,,,0,0,,,,1,7,0,1,0,0
1,1,1,1,2,30,FRANCE,LANGUEDOC-ROUSSILLON,010,30010,ANDUZE,RD 907,286690,0,3,RD,907,2,2,35,900,0,1,4404300,398800,,1,7,0,1,0,0
1,1,1,8,7,30,FRANCE,LANGUEDOC-ROUSSILLON,210,30210,QUISSAC,RD 999,286723,0,3,RD,999,2,2,63,900,0,1,0,0,,1,,0,1,0,0
1,4,1,1,1,30,FRANCE,LANGUEDOC-ROUSSILLON,259,30259,SAINT-HILAIRE-DE-BRETHMAS,RD 936,286732,0,3,RD,936,2,2,0,0,0,1,4408200,411600,,1,15,0,1,0,0
1,8,2,1,3,30,FRANCE,LANGUEDOC-ROUSSILLON,189,30189,NIMES,RUE CLAUDE BERNARD,286749,0,4,VC,0,2,2,,,0,1,,,,1,7,0,1,0,0
1,4,1,1,3,30,FRANCE,LANGUEDOC-ROUSSILLON,075,30075,CAVEIRAC,VC 0,286755,0,4,VC,0,2,1,0,0,0,1,0,0,,1,7,0,1,0,0
1,1,6,1,1,30,FRANCE,LANGUEDOC-ROUSSILLON,156,30156,MARGUERITTES,RN 86,286757,5,2,RN,86,1,2,0,0,0,1,0,0,,1,7,0,1,0,0
5,6,1,1,6,30,FRANCE,LANGUEDOC-ROUSSILLON,007,30007,ALES,ROUTE DE SAINT MARTIN,286776,0,4,VC,0,2,2,,,0,1,,,,1,7,0,1,0,0
1,8,3,1,3,30,FRANCE,LANGUEDOC-ROUSSILLON,189,30189,NIMES,BOULEVARD TRIAIRE SERGENT,286780,0,4,VC,0,1,2,,,0,1,,,,1,7,0,1,0,0
1,4,1,1,1,30,FRANCE,LANGUEDOC-ROUSSILLON,276,30276,SAINT-LAURENT-D'AIGOUZE,RD 46,286786,0,3,RD,46,2,0,0,0,0,1,0,0,,1,99,0,1,0,0
1,4,1,1,1,30,FRANCE,LANGUEDOC-ROUSSILLON,179,30179,MONTFRIN,VC 0,286813,0,4,VC,0,2,1,0,0,0,1,4388100,459300,,1,7,0,1,0,0
1,6,6,1,3,30,FRANCE,LANGUEDOC-ROUSSILLON,007,30007,ALES,PONT DE RESCA,286819,0,4,VC,0,2,2,,,0,1,,,,1,7,0,1,0,0
1,5,1,1,2,30,FRANCE,LANGUEDOC-ROUSSILLON,202,30202,PONT-SAINT-ESPRIT,VC 0,286843,0,4,VC,0,2,0,0,0,0,1,0,0,,1,7,0,1,0,0
1,5,1,1,3,30,FRANCE,LANGUEDOC-ROUSSILLON,341,30341,VAUVERT,VC 1,286867,0,4,VC,1,2,1,0,0,0,1,0,0,,1,7,0,1,0,0
1,8,1,1,3,30,FRANCE,LANGUEDOC-ROUSSILLON,189,30189,NIMES,AVENUE PAVLOV,286886,0,4,VC,0,2,2,,,0,1,,,,1,10,0,1,0,0
1,8,1,1,6,30,FRANCE,LANGUEDOC-ROUSSILLON,189,30189,NIMES,RUE NEPER,286887,0,4,VC,0,2,4,,,0,1,,,,1,,0,0,0,1
1,1,1,1,1,30,FRANCE,LANGUEDOC-ROUSSILLON,107,30107,ESTEZARGUES,RD 6100,286899,0,3,RD,6100,2,2,7,400,0,1,4395900,465200,,1,7,0,1,0,0
1,1,6,1,1,30,FRANCE,LANGUEDOC-ROUSSILLON,012,30012,ARAMON,RD 2,286900,0,3,RD,2,0,0,0,0,0,1,4390500,470000,,1,7,0,1,0,0
1,8,3,1,7,30,FRANCE,LANGUEDOC-ROUSSILLON,189,30189,NIMES,ROUTE SAUVE,286911,0,3,RD,0,2,2,,,0,1,,,,1,7,0,1,0,0
1,8,2,1,3,30,FRANCE,LANGUEDOC-ROUSSILLON,189,30189,NIMES,RUE SOPHORAS,286912,0,4,VC,0,2,1,,,0,1,4385414,438113,,1,7,0,1,0,0
1,8,1,1,3,30,FRANCE,LANGUEDOC-ROUSSILLON,189,30189,NIMES,BOULEVARD DU MARECHAL JUIN,286935,0,4,VC,0,2,3,,,0,1,4381922,434353,,1,7,0,1,0,0
1,8,3,1,6,30,FRANCE,LANGUEDOC-ROUSSILLON,189,30189,NIMES,RUE SAUVE,286943,0,4,VC,0,1,4,,,0,1,,,,1,7,0,1,0,0
1,8,2,1,3,30,FRANCE,LANGUEDOC-ROUSSILLON,189,30189,NIMES,RUE TOUR DE L'EVEQUE,286946,0,4,VC,0,1,1,,,0,1,4382662,436617,,1,7,0,1,0,0
1,2,1,1,7,30,FRANCE,LANGUEDOC-ROUSSILLON,090,30090,CONCOULES,RD 906,286961,0,3,RD,906,2,2,41,0,0,3,4438900,394000,,1,,0,1,0,0
1,1,1,1,6,30,FRANCE,LANGUEDOC-ROUSSILLON,003,30003,AIGUES-MORTES,RD 62,286983,0,3,RD,62,3,0,0,0,1,3,4358200,418900,,1,,0,1,0,0
1,3,1,1,1,30,FRANCE,LANGUEDOC-ROUSSILLON,214,30214,RIBAUTE-LES-TAVERNES,RD 106,287014,0,3,RD,106,2,2,9,550,0,1,4403800,409900,,1,7,0,1,0,0
1,5,3,1,3,30,FRANCE,LANGUEDOC-ROUSSILLON,351,30351,VILLENEUVE-LES-AVIGNON,AVENUE PAUL RAVOUX,287032,0,3,RD,0,2,0,,,0,1,,,,1,7,0,1,0,0
1,5,9,1,2,30,FRANCE,LANGUEDOC-ROUSSILLON,028,30028,BAGNOLS-SUR-CEZE,ROND-POINT EDGAR TAILHADES,287033,0,2,RN,0,0,2,,,0,1,,,,1,7,0,1,0,0
1,8,1,1,2,30,FRANCE,LANGUEDOC-ROUSSILLON,189,30189,NIMES,RUE VINCENT ELOY,287036,0,4,VC,0,2,2,,,0,1,4382457,434495,,1,7,0,1,0,0
1,4,1,1,1,30,FRANCE,LANGUEDOC-ROUSSILLON,274,30274,SAINT-JULIEN-LES-ROSIERS,RD 316,287136,0,3,RD,316,2,2,0,0,0,1,4418600,410500,,1,7,0,1,0,0
1,4,9,1,1,30,FRANCE,LANGUEDOC-ROUSSILLON,037,30037,BESSEGES,RD 146,287138,0,3,RD,146,2,2,0,600,0,1,0,0,,1,7,0,1,0,0
1,1,1,1,1,30,FRANCE,LANGUEDOC-ROUSSILLON,122,30122,GAJAN,RD 907,287153,0,3,RD,907,0,2,6,600,0,1,0,0,,1,7,0,1,0,0
1,5,1,1,3,30,FRANCE,LANGUEDOC-ROUSSILLON,133,30133,GRAU-DU-ROI (LE),Autre 0,287166,0,9,Autre,0,2,0,0,0,0,1,0,0,,1,7,0,1,0,0
5,8,3,1,1,30,FRANCE,LANGUEDOC-ROUSSILLON,189,30189,NIMES,RUE BOURGOGNE ,287183,0,4,VC,0,1,1,,,0,0,4384082,436297,,1,7,0,1,0,0
1,1,1,1,7,30,FRANCE,LANGUEDOC-ROUSSILLON,174,30174,MONTAREN-ET-SAINT-MEDIERS,RD 979,287188,0,3,RD,979,2,2,36,650,0,3,0,0,,1,,0,1,0,0
1,1,1,1,1,30,FRANCE,LANGUEDOC-ROUSSILLON,341,30341,VAUVERT,VC 0,287233,0,4,VC,0,2,1,0,0,0,1,0,0,,1,17,0,1,0,0
3,1,1,1,2,30,FRANCE,LANGUEDOC-ROUSSILLON,276,30276,SAINT-LAURENT-D'AIGOUZE,RD 1,287234,0,3,RD,1,2,4,0,0,1,1,4365100,419900,,1,7,0,1,0,0
1,1,1,1,3,30,FRANCE,LANGUEDOC-ROUSSILLON,189,30189,NIMES,AVENUE PIERRE MENDES FRANCE,287254,0,2,RN,0,0,2,,,0,1,,,,1,99,0,1,0,0
1,4,1,1,2,30,FRANCE,LANGUEDOC-ROUSSILLON,333,30333,UCHAUD,VC 113,287271,0,4,VC,113,2,2,0,0,0,3,0,0,,1,10,0,1,0,0
1,5,1,1,5,30,FRANCE,LANGUEDOC-ROUSSILLON,334,30334,UZES,RD 982,287276,0,3,RD,982,2,2,0,0,0,1,4402000,442600,,1,10,0,1,0,0
1,4,1,1,1,30,FRANCE,LANGUEDOC-ROUSSILLON,227,30227,SAINT-AMBROIX,VC 0,287323,0,4,VC,0,2,2,0,0,0,1,4423300,416900,,1,7,0,1,0,0
1,3,1,1,3,30,FRANCE,LANGUEDOC-ROUSSILLON,346,30346,VERS-PONT-DU-GARD,Autre 0,287326,0,9,Autre,0,2,2,0,0,1,5,4396200,452200,,1,7,0,1,0,0
1,3,1,1,3,30,FRANCE,LANGUEDOC-ROUSSILLON,020,30020,AUBORD,RD 14,287345,0,3,RD,14,2,2,12,190,0,1,0,0,,1,17,0,1,0,0
1,8,1,1,6,30,FRANCE,LANGUEDOC-ROUSSILLON,189,30189,NIMES,RUE HORLOGE,287362,0,4,VC,0,0,1,,,3,1,4383879,435830,,1,,0,0,0,1
1,1,1,1,1,30,FRANCE,LANGUEDOC-ROUSSILLON,155,30155,MANDUEL,RD 403,287388,0,3,RD,403,2,2,3,50,0,1,4381302,448850,,1,7,0,1,0,0
1,3,1,1,3,30,FRANCE,LANGUEDOC-ROUSSILLON,020,30020,AUBORD,,287391,0,4,VC,,2,2,,,0,1,4375852,431723,,1,7,0,1,0,0
1,1,1,1,2,30,FRANCE,LANGUEDOC-ROUSSILLON,012,30012,ARAMON,RD 2,287399,0,3,RD,2,2,2,9,920,0,1,4389759,469489,,1,10,0,1,0,0
1,8,6,1,3,30,FRANCE,LANGUEDOC-ROUSSILLON,189,30189,NIMES,AVENUE LIBERTE,287401,0,3,RD,42,2,0,0,1,0,0,4382017,435819,,1,7,0,1,0,0
1,3,1,1,1,30,FRANCE,LANGUEDOC-ROUSSILLON,178,30178,MONTFAUCON,RD 101,287412,0,3,RD,101,2,0,18,0,0,1,4407446,475576,,1,7,0,1,0,0
1,8,1,3,6,30,FRANCE,LANGUEDOC-ROUSSILLON,189,30189,NIMES,RUE SALVADOR ALLENDE ,287417,0,3,RD,6086,1,3,61,905,0,1,4383277,438444,,1,7,0,1,0,0
1,5,1,1,1,30,FRANCE,LANGUEDOC-ROUSSILLON,334,30334,UZES,VC 0,287460,0,4,VC,0,2,2,0,0,0,1,4401526,441546,,1,7,0,1,0,0
1,8,2,1,3,30,FRANCE,LANGUEDOC-ROUSSILLON,189,30189,NIMES,CHEMIN PRIMEVERES,287469,0,4,VC,0,2,2,,,0,1,4385495,432167,,1,7,0,1,0,0
1,8,1,1,6,30,FRANCE,LANGUEDOC-ROUSSILLON,189,30189,NIMES,PLACE ESCLAFIDOUS,287475,0,4,VC,0,0,1,,,0,1,4383939,436160,,1,2,0,1,0,0
1,1,1,1,3,30,FRANCE,LANGUEDOC-ROUSSILLON,331,30331,TRESQUES,VC 0,287498,0,4,VC,0,2,2,0,0,0,0,0,0,,1,10,0,1,0,0
1,1,1,1,1,30,FRANCE,LANGUEDOC-ROUSSILLON,269,30269,SAINT-JEAN-DU-GARD,RD 50,287551,0,3,RD,50,2,2,23,600,0,1,4412134,390140,,1,7,0,1,0,0
1,4,1,1,5,30,FRANCE,LANGUEDOC-ROUSSILLON,034,30034,BELLEGARDE,VC 0,287564,0,4,VC,0,2,2,0,0,0,1,4375274,451618,,1,7,0,1,0,0
1,1,1,1,2,30,FRANCE,LANGUEDOC-ROUSSILLON,272,30272,SAINT-JULIEN-DE-LA-NEF,RD 999,287565,0,3,RD,999,2,2,82,700,0,1,4397161,368972,,1,7,0,1,0,0
1,1,1,1,7,30,FRANCE,LANGUEDOC-ROUSSILLON,293,30293,SAINT-PRIVAT-DE-CHAMPCLOS,RD 266,287586,0,3,RD,266,2,2,4,200,0,1,4428638,435973,,1,,0,1,0,0
1,5,1,1,1,30,FRANCE,LANGUEDOC-ROUSSILLON,341,30341,VAUVERT,RD 6572,287587,0,3,RD,6572,2,0,9,692,0,1,4368860,427535,,1,7,0,1,0,0
1,1,1,7,1,30,FRANCE,LANGUEDOC-ROUSSILLON,089,30089,COMPS,RD 986,287593,5,3,RD,986,2,2,12,200,0,1,4384182,461928,,1,7,0,1,0,0
1,5,3,1,6,30,FRANCE,LANGUEDOC-ROUSSILLON,028,30028,BAGNOLS-SUR-CEZE,RUE FERNAND CREMIEUX,287607,6,4,VC,0,1,1,,,0,0,4416216,462034,,1,,0,1,0,0
1,4,2,1,3,30,FRANCE,LANGUEDOC-ROUSSILLON,169,30169,MILHAUD,VC 0,287611,0,4,VC,0,2,0,0,0,0,1,0,0,,1,7,0,1,0,0
1,8,1,1,6,30,FRANCE,LANGUEDOC-ROUSSILLON,189,30189,NIMES,AVENUE BIR HAKEIM,287618,0,4,VC,0,2,2,,,0,1,4384271,438313,,1,,0,1,0,0
1,1,1,1,1,30,FRANCE,LANGUEDOC-ROUSSILLON,012,30012,ARAMON,RD 19,287634,3,3,RD,19,2,0,14,240,0,1,4389546,467161,,1,7,0,1,0,0
1,8,1,1,6,30,FRANCE,LANGUEDOC-ROUSSILLON,189,30189,NIMES,ROUTE DE MONTPELLIER,287636,0,2,RN,106,1,3,0,1,0,1,4381564,434065,,1,7,0,1,0,0
2,3,2,1,1,30,FRANCE,LANGUEDOC-ROUSSILLON,147,30147,LEZAN,RD 907,287644,0,3,RD,907,2,2,30,900,0,1,4401269,404458,,1,7,0,1,0,0
1,1,1,7,1,30,FRANCE,LANGUEDOC-ROUSSILLON,069,30069,CARNAS,RD 168,287673,0,3,RD,168,2,2,5,900,0,1,4382046,397031,,1,10,0,1,0,0
2,1,1,1,2,30,FRANCE,LANGUEDOC-ROUSSILLON,107,30107,ESTEZARGUES,RN 100,287682,0,2,RN,100,2,0,6,0,0,1,4394993,463549,,1,10,0,1,0,0
2,1,1,1,1,30,FRANCE,LANGUEDOC-ROUSSILLON,254,30254,SAINT-GENIES-DE-COMOLAS,RD 101,287701,0,3,RD,101,2,0,16,50,0,1,4406799,473686,,1,7,0,1,0,0
1,1,1,6,6,30,FRANCE,LANGUEDOC-ROUSSILLON,295,30295,SAINT-QUENTIN-LA-POTERIE,RD 23,287706,0,3,RD,23,2,2,4,800,0,3,4407059,444628,,1,,0,1,0,0
1,6,1,1,3,30,FRANCE,LANGUEDOC-ROUSSILLON,007,30007,ALES,MONTEE DES CYPRES,287717,0,4,VC,0,2,2,,,0,1,,,,1,7,0,1,0,0