lum,agg,int,atm,col,dep_bis,pays,region,com_bis,com_codeINSEE,communes,N_voie,numac,infra,catr,type_route,voie,circ,nbv,pr,pr1,vosp,situ,lat,long,adr,accident_velo,vehicule_imp,cycl_mort,cycl_bgv,cycl_blg,cycl_indm
1,8,2,1,6,30,FRANCE,LANGUEDOC-ROUSSILLON,189,30189,NIMES,RUE PUECH DU TEIL,287776,0,4,VC,0,2,2,,,0,1,4382687,435310,,1,7,0,1,0,0
1,3,1,1,3,30,FRANCE,LANGUEDOC-ROUSSILLON,152,30152,MAGES (LES),VC 0,287784,0,4,VC,0,1,1,0,0,0,0,4422596,439389,,1,7,0,1,0,0
1,1,1,1,3,30,FRANCE,LANGUEDOC-ROUSSILLON,107,30107,ESTEZARGUES,RN 100,287786,0,2,RN,100,2,3,4,800,0,1,4394416,462387,,1,7,0,1,0,0
1,4,1,1,3,30,FRANCE,LANGUEDOC-ROUSSILLON,321,30321,SOMMIERES,VC 0,287823,0,4,VC,0,2,2,0,0,0,1,4378210,408053,,1,7,0,1,0,0
1,8,1,1,6,30,FRANCE,LANGUEDOC-ROUSSILLON,189,30189,NIMES,ROUTE AVIGNON,287829,0,4,VC,0,2,2,,,0,1,4384468,438335,,1,37,0,1,0,0
1,1,1,1,2,30,FRANCE,LANGUEDOC-ROUSSILLON,227,30227,SAINT-AMBROIX,RD 37,287835,0,3,RD,37,2,2,16,900,0,1,4423057,422105,,1,7,0,1,0,0
1,1,1,1,6,30,FRANCE,LANGUEDOC-ROUSSILLON,156,30156,MARGUERITTES,RD 135,287838,0,3,RD,135,2,2,6,280,0,3,4387484,444331,,1,,0,1,0,0
1,1,1,1,1,30,FRANCE,LANGUEDOC-ROUSSILLON,299,30299,SAINT-SIFFRET,RD 982,287846,0,3,RD,982,2,2,50,600,0,1,4402089,444592,,1,7,0,1,0,0
1,1,1,1,6,30,FRANCE,LANGUEDOC-ROUSSILLON,189,30189,NIMES,RUE FAYOLLE MARECHAL,287851,0,4,VC,0,0,2,,,0,1,4381654,432264,,1,7,0,1,0,0
1,1,1,1,3,30,FRANCE,LANGUEDOC-ROUSSILLON,002,30002,AIGREMONT,RD 6110,287862,5,3,RD,6110,2,2,24,0,0,1,4396954,410102,,1,7,0,1,0,0
2,1,1,1,6,30,FRANCE,LANGUEDOC-ROUSSILLON,189,30189,NIMES,ROUTE SAUVE,287892,0,3,RD,999,2,2,26,490,0,1,4383675,433415,,1,7,0,1,0,0
1,1,1,1,7,30,FRANCE,LANGUEDOC-ROUSSILLON,122,30122,GAJAN,RD 907,287908,0,3,RD,907,2,2,6,500,0,1,4388746,424759,,1,,0,1,0,0
1,1,1,1,1,30,FRANCE,LANGUEDOC-ROUSSILLON,202,30202,PONT-SAINT-ESPRIT,VC 0,287909,0,4,VC,0,2,0,0,0,0,1,4425140,465592,,1,99,0,1,0,0
1,5,1,1,1,30,FRANCE,LANGUEDOC-ROUSSILLON,133,30133,GRAU-DU-ROI (LE),RD 979,287911,0,3,RD,979,1,0,,,0,1,0,0,,1,7,0,1,0,0
1,4,1,1,3,30,FRANCE,LANGUEDOC-ROUSSILLON,033,30033,BEAUVOISIN,VC 0,287919,0,4,VC,0,2,2,0,0,0,1,0,0,,1,7,0,1,0,0
1,8,1,1,6,30,FRANCE,LANGUEDOC-ROUSSILLON,189,30189,NIMES,RUE NATIONALE,287925,0,4,VC,0,1,1,,,0,1,4383939,436266,,1,,0,0,0,1
1,6,1,1,3,30,FRANCE,LANGUEDOC-ROUSSILLON,007,30007,ALES,AVENUE DE LADRECHT,287928,0,2,RN,106,2,2,,,0,1,,,,1,7,0,1,0,0
1,1,1,1,3,30,FRANCE,LANGUEDOC-ROUSSILLON,081,30081,CHUSCLAN,RD 765,287944,0,3,RD,765,0,2,0,280,0,1,4414824,468987,,1,33,0,1,0,0
1,6,1,8,3,30,FRANCE,LANGUEDOC-ROUSSILLON,007,30007,ALES,ROUTE DU PONT DE GRABIEUX,287955,0,4,VC,0,2,3,,,0,1,4414567,408831,,1,7,0,1,0,0
1,1,1,1,3,30,FRANCE,LANGUEDOC-ROUSSILLON,133,30133,GRAU-DU-ROI (LE),RD 62,287978,0,3,RD,62,2,2,1,800,0,1,4355179,411632,,1,7,0,1,0,0
1,3,1,1,1,30,FRANCE,LANGUEDOC-ROUSSILLON,023,30023,AUJARGUES,RD 105,287988,0,3,RD,105,2,2,2,950,0,1,4379331,411876,,1,7,0,1,0,0
1,1,6,1,2,30,FRANCE,LANGUEDOC-ROUSSILLON,138,30138,LANGLADE,RD 40,287995,5,3,RD,40,4,0,8,392,2,1,4380996,424504,,1,7,0,1,0,0
1,4,1,1,3,30,FRANCE,LANGUEDOC-ROUSSILLON,344,30344,VERGEZE,VC 0,288006,0,4,VC,0,1,0,0,0,2,1,0,0,,1,7,0,1,0,0
1,4,1,1,7,30,FRANCE,LANGUEDOC-ROUSSILLON,307,30307,SALLES-DU-GARDON (LES),RD 283,288021,0,3,RD,283,2,0,2,500,0,1,4419910,400947,,1,,0,1,0,0
1,1,1,1,1,30,FRANCE,LANGUEDOC-ROUSSILLON,345,30345,VERNAREDE (LA),RD 906,288031,0,3,RD,906,2,2,21,150,0,1,4427876,399794,,1,7,0,1,0,0
1,4,3,1,1,30,FRANCE,LANGUEDOC-ROUSSILLON,012,30012,ARAMON,VC 0,288068,0,4,VC,0,2,2,0,0,0,1,4389733,468926,,1,7,0,1,0,0
1,1,1,1,3,30,FRANCE,LANGUEDOC-ROUSSILLON,026,30026,AVEZE,RD 48,288082,0,3,RD,48,2,2,17,555,0,1,4396875,360184,,1,7,0,1,0,0
1,4,1,1,2,30,FRANCE,LANGUEDOC-ROUSSILLON,034,30034,BELLEGARDE,VC 0,288108,0,4,VC,0,2,2,0,0,0,1,4373759,451974,,1,31,0,1,0,0
1,6,1,1,7,30,FRANCE,LANGUEDOC-ROUSSILLON,007,30007,ALES,AVENUE DOCTEUR JEAAN GOUBERT,288123,0,4,VC,0,2,2,,,1,1,,,,1,,0,1,0,0
1,6,1,1,1,30,FRANCE,LANGUEDOC-ROUSSILLON,007,30007,ALES,RUE ARAGO,288133,0,4,VC,0,0,0,,,0,1,4412765,407325,,1,7,0,1,0,0
1,1,1,1,3,30,FRANCE,LANGUEDOC-ROUSSILLON,028,30028,BAGNOLS-SUR-CEZE,ROUTE D'AVIGNON,288139,0,2,RN,580,3,2,,,0,1,,,,1,7,0,1,0,0
1,5,3,1,6,30,FRANCE,LANGUEDOC-ROUSSILLON,028,30028,BAGNOLS-SUR-CEZE,RUE DES AUBEPINES,288142,0,4,VC,0,2,2,,,0,1,4416636,461398,,1,7,0,1,0,0
1,8,1,1,6,30,FRANCE,LANGUEDOC-ROUSSILLON,189,30189,NIMES,BOULEVARD GAMBETTA,288164,0,4,VC,0,1,3,,,3,1,4384055,436034,,1,7,0,1,0,0
1,8,3,1,3,30,FRANCE,LANGUEDOC-ROUSSILLON,189,30189,NIMES,AVENUE DU GENERAL LECLERC,288168,0,4,VC,0,2,2,,,0,1,4382832,437325,,1,7,0,1,0,0
1,8,1,1,3,30,FRANCE,LANGUEDOC-ROUSSILLON,189,30189,NIMES,BOULEVARD DU MARECHAL JUIN,288196,0,4,VC,0,2,3,,,0,1,4382313,435158,,1,7,0,1,0,0
1,8,3,1,3,30,FRANCE,LANGUEDOC-ROUSSILLON,189,30189,NIMES,AVENUE PIERRE MENDES FRANCE,288197,5,2,RN,113,2,4,26,256,0,1,4382505,437874,,1,7,0,1,0,0
3,1,1,2,2,30,FRANCE,LANGUEDOC-ROUSSILLON,189,30189,NIMES,ROUTE ALES,288210,0,2,RN,106,3,2,3,1086,0,1,4385458,432204,,1,7,0,1,0,0
5,9,1,1,3,31,FRANCE,MIDI-PYRENEES,555,31555,TOULOUSE,PL ROUAIX,288219,0,4,VC,0,1,2,,,0,1,,,,1,7,0,1,0,0
5,9,1,1,3,31,FRANCE,MIDI-PYRENEES,555,31555,TOULOUSE,PL ETIENNE ESQUIROL,288226,0,4,VC,0,1,2,,,0,1,,,,1,10,0,1,0,0
1,2,1,1,1,31,FRANCE,MIDI-PYRENEES,494,31494,SAINT-LAURENT,RD 81,288245,0,3,RD,81,2,2,31,500,0,1,0,0,,1,18,0,1,0,0
1,4,1,1,2,31,FRANCE,MIDI-PYRENEES,186,31186,FONBEAUZARD,VC 0,288248,0,4,VC,0,2,2,0,0,0,1,4368500,144100,,1,7,0,1,0,0
5,6,2,1,3,31,FRANCE,MIDI-PYRENEES,069,31069,BLAGNAC,RUE DES MIMOSAS,288266,0,4,VC,0,2,0,,,1,5,,,,1,7,0,1,0,0
1,9,1,1,7,31,FRANCE,MIDI-PYRENEES,555,31555,TOULOUSE,AVENUE DIDIER DAURAT,288274,0,4,VC,0,2,1,,,0,1,,,,1,7,0,1,0,0
1,9,1,1,3,31,FRANCE,MIDI-PYRENEES,555,31555,TOULOUSE,IMPASSEJEAN ALPHAND,288283,0,4,VC,0,2,2,,,0,1,,,,1,7,0,1,0,0
5,9,1,1,6,31,FRANCE,MIDI-PYRENEES,555,31555,TOULOUSE,AVENUE HONORE SERRES,288297,0,4,VC,0,2,1,,,0,1,,,,1,7,0,1,0,0
1,1,1,1,2,31,FRANCE,MIDI-PYRENEES,135,31135,CAZERES,RD 10,288311,0,3,RD,10,2,0,236,300,0,1,4322600,111600,,1,7,0,1,0,0
1,1,1,1,3,31,FRANCE,MIDI-PYRENEES,116,31116,CASTELGINEST,RD 14,288332,0,3,RD,14,2,2,3,400,0,1,4372000,143300,,1,7,0,1,0,0
1,6,2,1,3,31,FRANCE,MIDI-PYRENEES,069,31069,BLAGNAC,CHEMIN DE BELISAIRE,288336,0,4,VC,0,2,2,,,0,1,,,,1,7,0,1,0,0
1,9,2,1,6,31,FRANCE,MIDI-PYRENEES,555,31555,TOULOUSE,RUE DE METZ,288347,0,4,VC,0,2,2,,,0,1,,,,1,7,0,1,0,0
2,9,1,8,3,31,FRANCE,MIDI-PYRENEES,555,31555,TOULOUSE,RUE VESTREPAIN,288350,0,4,VC,0,2,1,,,0,1,,,,1,7,0,1,0,0
1,9,1,1,3,31,FRANCE,MIDI-PYRENEES,555,31555,TOULOUSE,AVENUE BOURGES MAUNOURY,288379,0,4,VC,0,2,0,,,0,1,,,,1,7,0,1,0,0
5,5,1,1,1,31,FRANCE,MIDI-PYRENEES,483,31483,SAINT-GAUDENS,RUE DE LA VIEILLE SERRE,288400,0,4,VC,0,2,0,,,0,1,,,,1,7,0,1,0,0
1,5,1,1,2,31,FRANCE,MIDI-PYRENEES,433,31433,PORTET-SUR-GARONNE,RD 120,288423,0,3,RD,120,3,4,36,0,0,1,4352900,140100,,1,7,0,1,0,0
1,1,1,1,3,31,FRANCE,MIDI-PYRENEES,071,31071,BOIS-DE-LA-PIERRE,RD 87,288427,0,3,RD,87,2,2,2,300,0,1,4334600,116300,,1,7,0,1,0,0
1,5,2,1,1,31,FRANCE,MIDI-PYRENEES,451,31451,REVEL,VC 0,288431,0,4,VC,0,2,0,0,0,0,1,0,0,,1,10,0,1,0,0
1,5,1,1,1,31,FRANCE,MIDI-PYRENEES,116,31116,CASTELGINEST,RD 14,288432,0,3,RD,14,2,2,0,0,0,1,0,0,,1,10,0,1,0,0
1,9,6,1,3,31,FRANCE,MIDI-PYRENEES,555,31555,TOULOUSE,ROND-POINT CHARLES FABRE,288476,0,4,VC,0,1,2,,,0,1,,,,1,7,0,1,0,0
1,3,1,1,1,31,FRANCE,MIDI-PYRENEES,144,31144,CIERP-GAUD,VC 0,288496,0,4,VC,0,2,2,0,0,0,1,4292000,63000,,1,2,0,1,0,0
1,9,1,1,6,31,FRANCE,MIDI-PYRENEES,555,31555,TOULOUSE,BOULEVARD DE STRASBOURG,288513,0,4,VC,0,2,4,,,0,1,,,,1,,0,0,0,1
5,9,1,1,2,31,FRANCE,MIDI-PYRENEES,555,31555,TOULOUSE,RUE DU FAUBOURG BONNEFOY,288517,0,4,VC,0,2,3,,,0,1,,,,1,32,0,0,0,1
1,6,6,1,3,31,FRANCE,MIDI-PYRENEES,557,31557,TOURNEFEUILLE,CHEMIN DE LARRAMET,288524,5,4,VC,0,2,2,,,1,1,,,,1,7,0,1,0,0
5,6,1,1,3,31,FRANCE,MIDI-PYRENEES,557,31557,TOURNEFEUILLE,BOULEVARD VINCENT AURIOL,288525,0,3,RD,0,3,2,,,2,5,,,,1,33,0,1,0,0
1,1,1,1,3,31,FRANCE,MIDI-PYRENEES,379,31379,MONTGAZIN,RD 48,288535,0,3,RD,48,2,0,1,0,0,1,0,0,,1,7,0,1,0,0
1,5,1,1,1,31,FRANCE,MIDI-PYRENEES,033,31033,AUTERIVE,RN 20,288536,6,2,RN,20,2,3,57,300,0,1,4336100,146800,,1,10,0,1,0,0
2,9,1,2,6,31,FRANCE,MIDI-PYRENEES,555,31555,TOULOUSE,RUE D'ALSACE LORRAINE,288577,0,4,VC,0,2,3,,,2,1,,,,1,,0,0,0,1
1,9,4,1,3,31,FRANCE,MIDI-PYRENEES,555,31555,TOULOUSE,ALLEE  EDOUARD BRANLY,288578,0,4,VC,0,1,1,,,0,1,,,,1,7,0,1,0,0
1,5,9,1,1,31,FRANCE,MIDI-PYRENEES,044,31044,BALMA,RD 50,288599,0,3,RD,50,1,0,0,0,1,1,0,0,,1,7,0,1,0,0
1,1,1,1,3,31,FRANCE,MIDI-PYRENEES,145,31145,CINTEGABELLE,RD 25,288625,0,3,RD,25,2,0,46,0,0,1,4331000,152300,,1,7,0,1,0,0
1,5,1,1,3,31,FRANCE,MIDI-PYRENEES,451,31451,REVEL,RD 622,288631,0,3,RD,622,2,3,73,900,1,5,0,0,,1,7,0,1,0,0
5,6,4,1,3,31,FRANCE,MIDI-PYRENEES,069,31069,BLAGNAC,ROUTE DE GRENADE,288633,5,3,RD,0,2,2,,,0,1,,,,1,7,0,1,0,0
1,9,1,1,6,31,FRANCE,MIDI-PYRENEES,555,31555,TOULOUSE,AVENUE CAMILLE PUJOL,288639,0,4,VC,0,2,2,,,0,1,,,,1,,0,0,0,1
1,6,1,1,3,31,FRANCE,MIDI-PYRENEES,557,31557,TOURNEFEUILLE,AVENUE JEAN JAURES,288641,0,3,RD,0,2,2,,,0,1,,,,1,7,0,1,0,0
1,4,3,1,3,31,FRANCE,MIDI-PYRENEES,107,31107,CARBONNE,RD 626,288651,5,3,RD,626,2,0,10,0,0,1,4330100,120200,,1,15,0,1,0,0
1,6,6,1,2,31,FRANCE,MIDI-PYRENEES,557,31557,TOURNEFEUILLE,CHEMIN DE RAMELET MOUNDI,288665,0,3,RD,0,1,2,,,0,1,,,,1,7,0,1,0,0
1,3,1,1,6,31,FRANCE,MIDI-PYRENEES,084,31084,BOUSSENS,VC 1,288678,0,4,VC,1,2,2,53,450,0,4,4318800,96800,,1,,0,1,0,0
1,3,1,1,1,31,FRANCE,MIDI-PYRENEES,080,31080,BOULOGNE-SUR-GESSE,RD 632,288682,0,3,RD,632,2,0,53,500,0,1,0,0,,1,7,0,1,0,0
1,9,3,1,3,31,FRANCE,MIDI-PYRENEES,555,31555,TOULOUSE,AVENUE VICTOR SEGOFFIN,288691,0,4,VC,0,2,2,,,0,1,,,,1,7,0,1,0,0
1,1,6,1,1,31,FRANCE,MIDI-PYRENEES,025,31025,AUREVILLE,RD 24,288712,5,3,RD,24,2,2,45,711,0,1,0,0,,1,7,0,1,0,0
1,9,1,1,6,31,FRANCE,MIDI-PYRENEES,555,31555,TOULOUSE,AVENUE DE GRANDE BRETAGNE,288741,0,4,VC,0,2,4,,,0,1,,,,1,7,0,1,0,0
1,9,3,1,3,31,FRANCE,MIDI-PYRENEES,555,31555,TOULOUSE,AVENUE LOUIS ARISTE PASSERIEU,288742,0,4,VC,0,1,4,,,0,1,,,,1,7,0,1,0,0
1,9,1,1,3,31,FRANCE,MIDI-PYRENEES,555,31555,TOULOUSE,ALLEE FORAIN FRANCOIS VERDIER,288744,0,4,VC,0,1,3,,,0,1,,,,1,7,0,1,0,0
1,9,1,1,6,31,FRANCE,MIDI-PYRENEES,555,31555,TOULOUSE,AVENUE DE MURET,288756,0,4,VC,0,2,4,,,0,1,,,,1,,0,0,0,1
1,9,1,1,6,31,FRANCE,MIDI-PYRENEES,555,31555,TOULOUSE,RUE DE METZ,288758,0,4,VC,0,1,2,,,0,1,,,,1,,0,1,0,0
1,9,1,1,3,31,FRANCE,MIDI-PYRENEES,555,31555,TOULOUSE,RUE JAUFRE RUDEL,288775,0,4,VC,0,2,2,,,0,1,,,,1,7,0,1,0,0
1,9,1,1,6,31,FRANCE,MIDI-PYRENEES,555,31555,TOULOUSE,ALLEE DE BARCELONE,288779,0,4,VC,0,1,3,,,0,1,,,,1,14,0,1,0,0
1,9,1,1,6,31,FRANCE,MIDI-PYRENEES,555,31555,TOULOUSE,RUE DU FAUBOURG BONNEFOY,288781,0,4,VC,0,2,2,,,0,1,,,,1,7,0,1,0,0
1,9,1,1,6,31,FRANCE,MIDI-PYRENEES,555,31555,TOULOUSE,PL INTERIEURE ST CYPRIEN,288784,0,4,VC,0,2,2,,,0,1,,,,1,,,,,
1,1,1,1,1,31,FRANCE,MIDI-PYRENEES,188,31188,FONTENILLES,RD 65,288794,0,3,RD,65,0,0,1,900,0,1,0,0,,1,7,0,1,0,0
5,9,1,1,6,31,FRANCE,MIDI-PYRENEES,555,31555,TOULOUSE,CHEMIN DU SEMINAIRE,288816,0,4,VC,0,2,2,,,0,1,,,,1,7,0,1,0,0
1,5,1,1,1,31,FRANCE,MIDI-PYRENEES,506,31506,SAINT-ORENS-DE-GAMEVILLE,RD 2,288862,5,3,RD,2,2,2,0,0,1,5,0,0,,1,14,0,1,0,0
1,6,1,1,6,31,FRANCE,MIDI-PYRENEES,069,31069,BLAGNAC,LE PLAN DU PORT,288867,0,4,VC,0,1,1,,,0,1,,,,1,,0,1,0,0
1,6,6,1,3,31,FRANCE,MIDI-PYRENEES,149,31149,COLOMIERS,BOULEVARD EMILE CALVET,288868,0,4,VC,0,1,2,,,0,1,,,,1,7,0,1,0,0
1,3,3,1,7,31,FRANCE,MIDI-PYRENEES,344,31344,MIRAMONT-DE-COMMINGES,RUE DE VERDUN ,288869,0,3,RD,0,2,2,352,700,0,1,,,,1,7,0,1,0,0
1,9,1,1,6,31,FRANCE,MIDI-PYRENEES,555,31555,TOULOUSE,CHEMIN DE LA LOGE,288871,0,4,VC,0,1,1,,,0,1,,,,1,,0,1,0,0
1,9,6,1,3,31,FRANCE,MIDI-PYRENEES,555,31555,TOULOUSE,BOULINGRIN,288873,0,4,VC,0,2,1,,,1,1,,,,1,7,0,1,0,0
1,1,3,1,3,31,FRANCE,MIDI-PYRENEES,356,31356,MONTAIGUT-SUR-SAVE,RD 17,288891,0,3,RD,17,2,2,19,300,0,1,0,0,,1,7,0,1,0,0
1,9,1,1,6,31,FRANCE,MIDI-PYRENEES,555,31555,TOULOUSE,RUE DU LANGUEDOC,288919,0,4,VC,0,1,1,,,1,1,,,,1,,0,0,0,1
1,9,1,1,3,31,FRANCE,MIDI-PYRENEES,555,31555,TOULOUSE,RUE THEODORE OZENNE,288920,0,3,RD,0,0,2,,,0,0,,,,1,7,0,1,0,0
3,1,1,1,1,31,FRANCE,MIDI-PYRENEES,458,31458,ROQUES,RN 117,288944,0,2,RN,117,3,0,0,650,0,1,4351600,137200,,1,17,0,1,0,0
1,5,2,1,3,31,FRANCE,MIDI-PYRENEES,291,31291,LEGUEVIN,RD 37,288981,5,3,RD,37,2,0,33,0,0,1,4360700,123400,,1,7,0,1,0,0
3,1,1,1,6,31,FRANCE,MIDI-PYRENEES,589,31589,VILLENOUVELLE,RD 813,288988,0,3,RD,813,0,0,14,360,0,3,0,0,,1,,0,1,0,0
1,9,1,1,6,31,FRANCE,MIDI-PYRENEES,555,31555,TOULOUSE,PL ETIENNE ESQUIROL,288995,0,4,VC,0,2,3,,,0,1,,,,1,,0,0,0,1
1,5,1,7,3,31,FRANCE,MIDI-PYRENEES,417,31417,PIBRAC,RD 24,289008,0,3,RD,24,2,2,4,100,1,1,4362000,129300,,1,7,0,1,0,0
5,9,1,1,6,31,FRANCE,MIDI-PYRENEES,555,31555,TOULOUSE,AVENUE GEORGES POMPIDOU,289018,0,4,VC,0,2,3,,,0,1,,,,1,,0,1,0,0
1,9,1,1,3,31,FRANCE,MIDI-PYRENEES,555,31555,TOULOUSE,BOULEVARD SILVIO TRENTIN,289020,0,4,VC,0,2,4,,,0,1,,,,1,7,0,1,0,0
1,9,1,2,3,31,FRANCE,MIDI-PYRENEES,555,31555,TOULOUSE,RUE DE LA VENDEE,289032,0,4,VC,0,2,2,,,0,1,,,,1,7,0,1,0,0
1,1,1,1,1,31,FRANCE,MIDI-PYRENEES,366,31366,MONTBRUN-LAURAGAIS,RD 24,289044,0,3,RD,24,2,2,55,0,0,1,4345500,153100,,1,7,0,1,0,0
1,4,1,7,1,31,FRANCE,MIDI-PYRENEES,573,31573,VERFEIL,RD 22,289048,0,3,RD,22,2,0,39,300,0,1,4366300,166400,,1,7,0,1,0,0
2,9,3,1,4,31,FRANCE,MIDI-PYRENEES,555,31555,TOULOUSE,RUE THEODORE OZENNE,289063,0,4,VC,0,2,2,,,0,1,,,,1,7,0,1,0,0
1,6,3,1,3,31,FRANCE,MIDI-PYRENEES,149,31149,COLOMIERS,ALLEE DES PYRENEES,289068,0,4,VC,0,0,2,,,0,1,,,,1,7,0,1,0,0
1,3,1,1,3,31,FRANCE,MIDI-PYRENEES,435,31435,POUCHARRAMET,RD 37,289087,0,3,RD,37,2,2,11,330,0,1,0,0,,1,7,0,1,0,0
1,5,1,1,1,31,FRANCE,MIDI-PYRENEES,417,31417,PIBRAC,Autre 0,289096,0,9,Autre,0,2,2,0,0,0,1,4362500,128700,,1,7,0,1,0,0
1,1,1,1,1,31,FRANCE,MIDI-PYRENEES,079,31079,BOULOC,RD 63,289118,0,3,RD,63,2,2,0,0,0,1,0,0,,1,7,0,1,0,0
1,3,6,1,1,31,FRANCE,MIDI-PYRENEES,175,31175,ESTANCARBON,Autoroute 64,289131,3,1,Autoroute,64,1,1,1,88,0,1,4312500,72800,,1,7,0,1,0,0
1,6,3,1,3,31,FRANCE,MIDI-PYRENEES,149,31149,COLOMIERS,ALLEE DE LA CHAMPAGNE,289135,0,4,VC,0,2,2,,,0,1,,,,1,7,0,1,0,0
5,9,1,2,2,31,FRANCE,MIDI-PYRENEES,555,31555,TOULOUSE,RUE MATABIAU,289143,0,4,VC,0,2,5,,,3,1,,,,1,7,0,1,0,0
1,1,1,1,1,31,FRANCE,MIDI-PYRENEES,188,31188,FONTENILLES,RD 65,289173,0,3,RD,65,2,0,28,730,0,1,4357000,122000,,1,7,0,1,0,0
1,1,1,1,1,31,FRANCE,MIDI-PYRENEES,082,31082,BOURG-SAINT-BERNARD,RD 77,289176,0,3,RD,77,2,2,34,348,0,1,4359200,169300,,1,7,0,1,0,0
1,6,1,1,1,31,FRANCE,MIDI-PYRENEES,149,31149,COLOMIERS,BOULEVARD DE L'OUEST,289183,0,4,VC,0,1,1,,,1,1,,,,1,7,0,1,0,0
1,6,3,1,3,31,FRANCE,MIDI-PYRENEES,557,31557,TOURNEFEUILLE,ALLEE DES FRERES HIGOUNENG,289184,0,4,VC,0,2,2,,,1,1,,,,1,7,0,1,0,0
1,3,1,1,2,31,FRANCE,MIDI-PYRENEES,406,31406,PALAMINY,RD 10,289199,0,3,RD,10,2,0,15,600,1,1,4320500,106200,,1,2,0,1,0,0
1,5,1,1,3,31,FRANCE,MIDI-PYRENEES,157,31157,CUGNAUX,VC 1,289204,0,4,VC,1,2,2,0,0,0,1,4354400,134000,,1,7,0,1,0,0
1,9,1,1,2,31,FRANCE,MIDI-PYRENEES,555,31555,TOULOUSE,ROUTE DE LABEGE,289206,2,4,VC,0,2,1,,,0,1,,,,1,7,0,1,0,0
5,9,1,1,3,31,FRANCE,MIDI-PYRENEES,555,31555,TOULOUSE,AVENUE DE LYON,289210,0,4,VC,0,2,2,,,0,1,,,,1,7,0,1,0,0
1,5,1,1,1,31,FRANCE,MIDI-PYRENEES,561,31561,UNION (L'),RD 888,289220,0,3,RD,888,2,2,0,0,1,0,4365100,147000,,1,7,0,1,0,0
1,1,1,7,2,31,FRANCE,MIDI-PYRENEES,170,31170,ESCANECRABE,RD 17,289251,5,3,RD,17,2,2,30,0,0,1,0,0,,1,7,0,1,0,0
2,9,3,2,3,31,FRANCE,MIDI-PYRENEES,555,31555,TOULOUSE,RUE DE LA CHAUSSEE,289255,0,4,VC,0,2,2,,,0,1,,,,1,7,0,1,0,0
2,9,6,1,2,31,FRANCE,MIDI-PYRENEES,555,31555,TOULOUSE,RUE DU GERS,289258,0,4,VC,0,2,2,,,0,1,,,,1,99,0,1,0,0
1,9,1,1,6,31,FRANCE,MIDI-PYRENEES,555,31555,TOULOUSE,BOULEVARD LASCROSSES,289260,0,4,VC,0,2,3,,,0,0,,,,1,,0,1,0,0
3,4,1,8,2,31,FRANCE,MIDI-PYRENEES,150,31150,CORNEBARRIEU,RD 1,289277,0,3,RD,1,2,2,33,990,0,1,4365980,130982,,1,7,0,1,0,0
1,5,1,1,2,31,FRANCE,MIDI-PYRENEES,113,31113,CASTANET-TOLOSAN,RD 813,289315,0,3,RD,813,2,2,31,680,0,1,4351450,149941,,1,14,0,1,0,0
1,1,3,1,3,31,FRANCE,MIDI-PYRENEES,478,31478,SAINT-FELIX-LAURAGAIS,RD 622,289317,0,3,RD,622,2,2,71,400,0,1,4344940,197006,,1,7,0,1,0,0
1,6,1,1,3,31,FRANCE,MIDI-PYRENEES,557,31557,TOURNEFEUILLE,CHEMIN DE LARRAMET,289326,0,3,RD,63,3,2,8,105,0,1,4356070,134621,,1,7,0,1,0,0
1,9,1,1,3,31,FRANCE,MIDI-PYRENEES,555,31555,TOULOUSE,AVENUE JEAN CHAUBET,289329,0,4,VC,0,2,3,0,0,0,1,,,,1,7,0,1,0,0
5,5,1,1,1,31,FRANCE,MIDI-PYRENEES,446,31446,RAMONVILLE-SAINT-AGNE,VC 0,289337,0,4,VC,0,2,2,0,0,0,1,4354220,147952,,1,7,0,1,0,0
1,6,3,1,2,31,FRANCE,MIDI-PYRENEES,069,31069,BLAGNAC,AVENUE GEORGES BRASSENS,289343,0,4,VC,0,2,2,0,0,0,1,,,,1,7,0,1,0,0
2,3,4,1,1,31,FRANCE,MIDI-PYRENEES,565,31565,VALENTINE,AVENUE DE LUCHON,289361,5,3,RD,33,2,1,11,603,0,1,,,,1,7,0,1,0,0
1,4,6,1,1,31,FRANCE,MIDI-PYRENEES,341,31341,MERVILLE,RD 65,289390,0,3,RD,65,0,0,27,214,0,0,4371830,130535,,1,10,0,1,0,0
2,2,1,1,6,31,FRANCE,MIDI-PYRENEES,179,31179,FAGET (LE),RD 67,289392,0,3,RD,67,2,2,1,500,0,4,4356930,180991,,1,,0,1,0,0
1,5,3,1,3,31,FRANCE,MIDI-PYRENEES,483,31483,SAINT-GAUDENS,AVENUE DU MARECHAL FOCH,289404,0,3,RD,39,2,2,0,0,0,1,4310460,71047,,1,99,0,1,0,0
1,5,3,1,3,31,FRANCE,MIDI-PYRENEES,451,31451,REVEL,RD 629,289420,0,3,RD,629,2,2,0,1017,0,1,4344790,200745,,1,7,0,1,0,0