lum,agg,int,atm,col,dep_bis,pays,region,com_bis,com_codeINSEE,communes,N_voie,numac,infra,catr,type_route,voie,circ,nbv,pr,pr1,vosp,situ,lat,long,adr,accident_velo,vehicule_imp,cycl_mort,cycl_bgv,cycl_blg,cycl_indm
1,5,6,1,1,31,FRANCE,MIDI-PYRENEES,157,31157,CUGNAUX,RD 23,289422,0,3,RD,23,0,0,58,330,0,1,4354580,135059,,1,7,0,1,0,0
1,6,6,1,7,31,FRANCE,MIDI-PYRENEES,149,31149,COLOMIERS,ROND-point PETIT PRINCE,289429,0,4,VC,0,1,2,0,0,0,1,,,,1,7,0,1,0,0
1,3,1,1,1,31,FRANCE,MIDI-PYRENEES,418,31418,PIN-BALMA,RD 70,289433,0,3,RD,70,2,2,0,424,0,0,4362770,153511,,1,7,0,1,0,0
1,1,1,1,2,31,FRANCE,MIDI-PYRENEES,424,31424,PLAISANCE-DU-TOUCH,RD 632,289451,0,3,RD,632,2,0,14,100,0,1,4355220,126432,,1,10,0,1,0,0
1,6,6,1,3,31,FRANCE,MIDI-PYRENEES,149,31149,COLOMIERS,CHEMIN DE COURNAUDIS,289478,0,4,VC,0,2,2,0,0,0,1,,,,1,7,0,1,0,0
1,1,1,8,6,31,FRANCE,MIDI-PYRENEES,265,31265,LAGRAULET-SAINT-NICOLAS,RD 41,289480,0,3,RD,41,2,0,1,698,0,1,4380700,108252,,1,,0,1,0,0
1,9,1,1,6,31,FRANCE,MIDI-PYRENEES,555,31555,TOULOUSE,IMPASSEDE LA GLACIERE,289510,0,4,VC,0,2,2,0,0,0,1,,,,1,13,0,1,0,0
1,9,2,1,3,31,FRANCE,MIDI-PYRENEES,555,31555,TOULOUSE,CHEMIN DE FENOUILLET,289511,0,4,VC,0,2,2,0,0,0,1,,,,1,7,0,1,0,0
1,9,3,1,3,31,FRANCE,MIDI-PYRENEES,555,31555,TOULOUSE,CHEMIN DE LA SAUDRUNE,289539,0,4,VC,0,2,2,,,0,1,,,,1,7,0,1,0,0
1,1,1,1,2,31,FRANCE,MIDI-PYRENEES,341,31341,MERVILLE,RD 65,289544,0,3,RD,65,2,2,0,0,0,1,4370500,131900,,1,7,0,1,0,0
1,1,1,1,1,31,FRANCE,MIDI-PYRENEES,042,31042,BAGNERES-DE-LUCHON,RD 618,289579,0,3,RD,618,2,2,6,800,0,1,0,0,,1,7,0,1,0,0
1,1,1,1,1,31,FRANCE,MIDI-PYRENEES,420,31420,PINSAGUEL,RD 68,289605,0,3,RD,68,2,1,23,700,0,1,4350000,140000,,1,7,0,1,0,0
1,6,6,1,1,31,FRANCE,MIDI-PYRENEES,395,31395,MURET,Autre 0,289617,5,9,Autre,0,0,1,0,0,0,1,0,0,,1,7,0,1,0,0
1,6,6,1,3,31,FRANCE,MIDI-PYRENEES,557,31557,TOURNEFEUILLE,ROUTE DE TARBES,289630,0,3,RD,0,0,2,,,0,0,,,,1,7,0,1,0,0
1,9,1,1,6,31,FRANCE,MIDI-PYRENEES,555,31555,TOULOUSE,GRANDE RUE SAINT MICHEL ,289647,0,4,VC,0,2,2,,,0,1,,,,1,7,0,1,0,0
5,9,1,1,2,31,FRANCE,MIDI-PYRENEES,555,31555,TOULOUSE,ALLEE JULES GUESDE,289654,1,4,VC,0,3,2,,,0,1,,,,1,10,0,1,0,0
1,1,1,1,2,31,FRANCE,MIDI-PYRENEES,032,31032,AUSSONNE,VC 0,289710,0,4,VC,0,2,2,0,0,0,1,0,0,,1,7,0,1,0,0
1,9,1,1,3,31,FRANCE,MIDI-PYRENEES,555,31555,TOULOUSE,ROUTE DE SAINT SIMON,289713,0,4,VC,0,2,2,,,0,1,,,,1,7,0,1,0,0
1,5,6,7,3,31,FRANCE,MIDI-PYRENEES,232,31232,GRENADE,RD 2,289732,5,3,RD,2,2,0,4,420,0,1,5885700,94365,,1,7,0,1,0,0
1,6,1,8,6,31,FRANCE,MIDI-PYRENEES,557,31557,TOURNEFEUILLE,RUE GASTON DOUMERGUE,289737,6,4,VC,0,0,1,0,0,0,5,5869110,100238,,1,,0,0,0,1
2,5,6,1,2,31,FRANCE,MIDI-PYRENEES,033,31033,AUTERIVE,RD 48,289738,0,3,RD,48,0,0,55,828,0,0,5846670,117718,,1,7,0,1,0,0
1,1,1,8,1,31,FRANCE,MIDI-PYRENEES,346,31346,MIREPOIX-SUR-TARN,RD 22,289740,0,3,RD,22,2,2,15,800,0,1,5891040,133097,,1,7,0,1,0,0
2,9,2,1,3,31,FRANCE,MIDI-PYRENEES,555,31555,TOULOUSE,RUE HENRI DESBALS,289745,0,4,VC,0,2,2,0,0,0,1,4358440,141557,,1,7,0,1,0,0
1,3,1,1,1,31,FRANCE,MIDI-PYRENEES,356,31356,MONTAIGUT-SUR-SAVE,RD 1,289765,2,3,RD,1,2,2,26,100,0,1,0,0,,1,7,0,1,0,0
1,1,6,1,1,31,FRANCE,MIDI-PYRENEES,182,31182,FENOUILLET,RD 14,289791,0,3,RD,14,,,,,,1,0,0,,1,7,0,1,0,0
1,1,1,1,2,31,FRANCE,MIDI-PYRENEES,395,31395,MURET,RD 23,289799,0,3,RD,23,2,2,50,538,0,1,4347050,125418,,1,7,0,1,0,0
4,5,4,1,3,31,FRANCE,MIDI-PYRENEES,033,31033,AUTERIVE,RD 622,289801,5,3,RD,622,2,2,20,793,0,1,0,0,,1,7,0,1,0,0
1,4,1,1,3,31,FRANCE,MIDI-PYRENEES,375,31375,MONTESQUIEU-VOLVESTRE,RD 627,289807,0,3,RD,627,2,0,53,440,0,1,4320639,122831,,1,7,0,1,0,0
1,1,1,1,1,31,FRANCE,MIDI-PYRENEES,308,31308,LUSCAN,RN 125,289821,0,2,RN,125,2,2,11,500,0,1,4300710,62289,,1,7,0,1,0,0
1,1,1,8,3,31,FRANCE,MIDI-PYRENEES,430,31430,PONLAT-TAILLEBOURG,RD 92,289822,0,3,RD,92,2,2,5,0,0,1,0,0,,1,7,0,1,0,0
1,1,1,1,6,31,FRANCE,MIDI-PYRENEES,427,31427,POINTIS-INARD,RD 5,289823,0,3,RD,5,2,2,1,400,0,1,0,0,,1,,0,1,0,0
1,3,1,1,1,31,FRANCE,MIDI-PYRENEES,246,31246,LABARTHE-INARD,RD 88,289825,0,3,RD,88,2,2,5,0,0,1,4310000,82000,,1,10,0,1,0,0
1,1,1,1,2,31,FRANCE,MIDI-PYRENEES,524,31524,SALLES-ET-PRATVIEL,RD 125,289826,0,3,RD,125,2,2,13,780,2,1,0,0,,1,7,0,1,0,0
1,1,1,1,3,31,FRANCE,MIDI-PYRENEES,506,31506,SAINT-ORENS-DE-GAMEVILLE,RD 54,289854,0,3,RD,54,2,2,0,0,0,1,0,0,,1,10,0,1,0,0
1,5,3,1,3,31,FRANCE,MIDI-PYRENEES,203,31203,FROUZINS,VC 0,289856,0,4,VC,0,2,2,0,0,1,1,4352212,132172,,1,7,0,1,0,0
1,1,1,1,7,31,FRANCE,MIDI-PYRENEES,483,31483,SAINT-GAUDENS,ROUTE DE LA SERRE DE CAZAUX,289882,0,3,RD,5,2,2,22,260,0,3,4312899,72416,,1,,0,1,0,0
2,9,6,2,2,31,FRANCE,MIDI-PYRENEES,555,31555,TOULOUSE,RUE ERNEST RENAN,289900,0,4,VC,0,2,2,,,0,1,,,,1,7,0,1,0,0
1,9,1,3,3,31,FRANCE,MIDI-PYRENEES,555,31555,TOULOUSE,AVENUE HENRI GUILLAUMET,289902,0,4,VC,0,1,2,,,0,1,,,,1,7,0,1,0,0
1,9,2,1,3,31,FRANCE,MIDI-PYRENEES,555,31555,TOULOUSE,CHEMIN DE RIBAUTE,289911,0,4,VC,0,2,0,,,0,1,,,,1,7,0,1,0,0
1,6,1,1,3,31,FRANCE,MIDI-PYRENEES,557,31557,TOURNEFEUILLE,CHEMIN DE LARRAMET,289951,0,4,VC,0,2,2,,,0,1,,,,1,7,0,1,0,0
1,9,1,1,3,31,FRANCE,MIDI-PYRENEES,555,31555,TOULOUSE,AVENUE DES ARENES ROMAINES,289952,0,4,VC,0,1,2,,,0,1,,,,1,40,0,1,0,0
1,6,1,1,3,31,FRANCE,MIDI-PYRENEES,069,31069,BLAGNAC,ROUTE DE GRENADE,289965,0,3,RD,2,2,2,19,101,0,1,4364013,138869,,1,7,0,1,0,0
1,6,1,1,3,31,FRANCE,MIDI-PYRENEES,149,31149,COLOMIERS,BOULEVARD VICTOR HUGO,289966,0,4,VC,0,1,2,,,0,1,4361762,131594,,1,7,0,1,0,0
2,1,1,1,3,32,FRANCE,MIDI-PYRENEES,027,32027,BARCELONNE-DU-GERS,RD 935,290015,0,3,RD,935,2,0,4,400,0,1,4370000,-20800,,1,7,0,1,0,0
1,1,1,1,1,32,FRANCE,MIDI-PYRENEES,256,32256,MIRANDE,RD 104,290023,0,3,RD,104,2,2,30,900,0,1,4351500,42000,,1,7,0,1,0,0
1,3,3,1,1,32,FRANCE,MIDI-PYRENEES,370,32370,SAINT-CLAR,RD 7,290031,0,3,RD,7,2,2,0,0,0,1,0,0,,1,7,0,1,0,0
2,1,1,1,2,32,FRANCE,MIDI-PYRENEES,208,32208,LECTOURE,RN 21,290043,0,2,RN,21,2,0,0,0,0,1,4392700,62400,,1,7,0,1,0,0
1,1,1,1,1,32,FRANCE,MIDI-PYRENEES,233,32233,MARCIAC,RD 38,290052,0,3,RD,38,2,2,0,200,0,1,4352600,14800,,1,7,0,1,0,0
1,1,1,1,6,32,FRANCE,MIDI-PYRENEES,245,32245,MAUMUSSON-LAGUIAN,VC 3,290080,0,4,VC,3,2,2,0,0,0,1,4362300,-10300,,1,,0,1,0,0
2,1,1,1,3,32,FRANCE,MIDI-PYRENEES,447,32447,TIRENT-PONTEJAC,RD 149,290095,0,3,RD,149,2,2,20,250,0,1,4356200,79900,,1,7,0,1,0,0
1,6,3,1,3,32,FRANCE,MIDI-PYRENEES,013,32013,AUCH,BOURGET,290143,0,4,VC,0,2,2,,,0,1,,,,1,7,0,1,0,0
1,1,1,1,3,32,FRANCE,MIDI-PYRENEES,312,32312,PESSAN,RD 626,290146,0,3,RD,626,2,2,49,750,0,1,0,0,,1,7,0,1,0,0
1,3,1,1,2,32,FRANCE,MIDI-PYRENEES,242,32242,MASSEUBE,VC 0,290171,0,4,VC,0,0,2,0,0,0,1,4343300,57900,,1,14,0,1,0,0
1,1,1,1,3,32,FRANCE,MIDI-PYRENEES,208,32208,LECTOURE,RD 7,290200,0,3,RD,7,2,2,19,450,0,1,4393800,60100,,1,7,0,1,0,0
1,6,6,2,3,32,FRANCE,MIDI-PYRENEES,013,32013,AUCH,ROND-POINT des justes,290201,0,2,RN,0,2,2,47,150,0,1,,,,1,7,0,1,0,0
2,2,1,1,3,32,FRANCE,MIDI-PYRENEES,033,32033,BAZIAN,RD 174,290205,0,3,RD,174,2,2,0,0,0,1,4367200,32300,,1,7,0,1,0,0
1,1,1,1,6,32,FRANCE,MIDI-PYRENEES,408,32408,SALLES-D'ARMAGNAC,RD 33,290215,0,3,RD,33,2,2,0,0,0,1,4380700,-3400,,1,,0,1,0,0
1,1,1,1,3,32,FRANCE,MIDI-PYRENEES,096,32096,CAZAUBON,RN 524,290276,0,2,RN,524,2,2,79,400,0,1,4395870,-1683,,1,10,0,1,0,0
1,1,2,1,3,32,FRANCE,MIDI-PYRENEES,368,32368,SAINTE-CHRISTIE,RN 21,290353,0,2,RN,21,2,2,36,387,0,1,4375540,62000,,1,7,0,1,0,0
1,1,1,1,3,32,FRANCE,MIDI-PYRENEES,208,32208,LECTOURE,RN 21,290358,0,2,RN,21,2,0,16,100,0,1,4392330,62367,,1,7,0,1,0,0
1,1,4,1,3,32,FRANCE,MIDI-PYRENEES,078,32078,CASTELNAU-D'ARBIEU,RD 45,290375,0,3,RD,45,2,2,9,674,0,1,4387620,67128,,1,7,0,1,0,0
1,3,1,8,6,32,FRANCE,MIDI-PYRENEES,312,32312,PESSAN,VC 5,290395,0,4,VC,5,2,2,0,0,0,3,0,0,,1,,0,1,0,0
1,1,1,1,3,32,FRANCE,MIDI-PYRENEES,060,32060,BOUCAGNERES,VC 1,290397,2,4,VC,1,2,1,0,0,0,1,0,0,,1,21,0,1,0,0
1,5,1,1,7,32,FRANCE,MIDI-PYRENEES,107,32107,CONDOM,VC 0,290419,0,4,VC,0,1,1,0,0,0,4,4396500,36700,,1,,0,1,0,0
1,3,1,1,4,32,FRANCE,MIDI-PYRENEES,426,32426,SEISSAN,RD 929,290463,0,3,RD,929,2,2,0,0,0,1,4349600,59300,,1,7,0,1,0,0
1,1,1,1,1,32,FRANCE,MIDI-PYRENEES,355,32355,SADEILLAN,VC 1,290470,0,4,VC,1,2,0,0,0,0,1,4339900,34700,,1,7,0,1,0,0
1,8,3,2,3,33,FRANCE,AQUITAINE,063,33063,BORDEAUX,RUE CARLE VERNET,290490,0,4,VC,0,1,2,,,1,1,,,,1,7,0,1,0,0
1,8,1,1,2,33,FRANCE,AQUITAINE,063,33063,BORDEAUX,COURS DE VERDUN,290536,0,4,VC,0,2,2,,,2,1,,,,1,5,0,1,0,0
2,7,2,1,3,33,FRANCE,AQUITAINE,281,33281,MERIGNAC,AVENUE DE VERDUN,290540,0,4,VC,0,2,3,,,0,1,,,,1,7,0,1,0,0
1,8,2,1,3,33,FRANCE,AQUITAINE,063,33063,BORDEAUX,RUE LA FONTAINE,290543,0,4,VC,0,1,1,,,0,1,,,,1,7,0,1,0,0
5,8,2,2,3,33,FRANCE,AQUITAINE,063,33063,BORDEAUX,RUE DU CHATEAU D'EAU,290556,0,4,VC,0,1,2,,,3,1,,,,1,7,0,1,0,0
1,8,3,1,3,33,FRANCE,AQUITAINE,063,33063,BORDEAUX,QUAI SAINTE-CROIX,290557,0,4,VC,0,1,10,,,0,1,,,,1,7,0,1,0,0
1,8,1,3,3,33,FRANCE,AQUITAINE,063,33063,BORDEAUX,COURS DE L'YSER,290565,0,4,VC,0,1,2,,,0,1,,,,1,10,0,1,0,0
1,6,2,1,3,33,FRANCE,AQUITAINE,522,33522,TALENCE,RUE DE SUZON,290569,0,4,VC,0,2,2,,,0,1,,,,1,7,0,1,0,0
1,2,1,1,7,33,FRANCE,AQUITAINE,010,33010,ARCINS,RD 2,290597,0,3,RD,2,2,2,0,0,0,1,4507800,-72500,,1,,0,1,0,0
1,7,2,1,5,33,FRANCE,AQUITAINE,318,33318,PESSAC,RUE DE LA PRINCESSE,290624,0,4,VC,0,2,2,,,0,1,,,,1,7,0,1,0,0
1,8,1,1,3,33,FRANCE,AQUITAINE,063,33063,BORDEAUX,RUE DE PESSAC,290632,0,4,VC,0,2,2,,,0,1,,,,1,37,0,1,0,0
1,5,1,7,3,33,FRANCE,AQUITAINE,167,33167,FLOIRAC,CHEM DE BELLE CROIX,290638,0,4,VC,0,2,2,,,0,1,,,,1,7,0,1,0,0
1,8,2,1,3,33,FRANCE,AQUITAINE,063,33063,BORDEAUX,RUE BERGERET,290639,0,4,VC,0,1,1,,,0,1,,,,1,7,0,1,0,0
1,7,1,1,2,33,FRANCE,AQUITAINE,318,33318,PESSAC,AVENUE DU BOURGAILH,290643,0,4,VC,0,1,2,,,0,0,,,,1,31,0,1,0,0
1,8,2,1,3,33,FRANCE,AQUITAINE,063,33063,BORDEAUX,RUE CORPS FRANC POMMIES,290667,0,4,VC,0,2,3,,,0,1,,,,1,7,0,1,0,0
1,8,3,1,3,33,FRANCE,AQUITAINE,063,33063,BORDEAUX,RUE LEON PALLIERE,290676,0,4,VC,0,1,2,,,0,1,,,,1,7,0,1,0,0
1,1,1,1,3,33,FRANCE,AQUITAINE,339,33339,PRIGNAC-ET-MARCAMPS,RD 669,290689,0,3,RD,669,2,2,19,400,0,1,4502600,-47400,,1,7,0,1,0,0
1,5,2,1,3,33,FRANCE,AQUITAINE,238,33238,LEOGNAN,RD 109,290695,0,3,RD,109,2,1,0,0,0,1,0,0,,1,7,0,1,0,0
1,4,1,1,1,33,FRANCE,AQUITAINE,514,33514,SOULAC-SUR-MER,RD 101,290704,0,3,RD,101,2,2,1,350,0,1,0,0,,1,38,0,1,0,0
1,5,3,1,3,33,FRANCE,AQUITAINE,075,33075,BRUGES,AVENUE PERIER,290721,0,4,VC,0,2,2,,,0,1,,,,1,10,0,1,0,0
1,6,1,1,2,33,FRANCE,AQUITAINE,550,33550,VILLENAVE-D'ORNON,AVENUE FERNAND COIN,290730,0,4,VC,0,2,2,,,0,1,,,,1,7,0,1,0,0
1,7,1,1,3,33,FRANCE,AQUITAINE,318,33318,PESSAC,AVENUE PASTEUR ,290741,0,4,VC,0,2,2,,,0,1,,,,1,7,0,1,0,0
1,8,1,1,6,33,FRANCE,AQUITAINE,063,33063,BORDEAUX,COURS D'ALBRET,290752,0,4,VC,0,2,2,,,0,1,,,,1,,0,0,0,1
5,4,9,1,3,33,FRANCE,AQUITAINE,214,33214,LACANAU,RD 6,290792,0,3,RD,6,2,2,0,0,1,0,0,0,,1,7,0,1,0,0
1,7,1,2,1,33,FRANCE,AQUITAINE,281,33281,MERIGNAC,RUE DU MUGUET,290797,0,4,VC,0,2,2,,,0,1,,,,1,7,0,1,0,0
1,8,2,1,3,33,FRANCE,AQUITAINE,063,33063,BORDEAUX,RUE DE LA COURSE,290799,0,4,VC,0,1,1,,,2,1,,,,1,7,0,1,0,0
1,8,1,1,3,33,FRANCE,AQUITAINE,063,33063,BORDEAUX,QUAI SAINTE-CROIX,290803,0,4,VC,0,3,2,,,0,1,,,,1,40,0,1,0,0
1,6,1,1,3,33,FRANCE,AQUITAINE,069,33069,BOUSCAT (LE),AVENUE VICTOR HUGO,290806,0,4,VC,0,1,1,,,0,1,,,,1,10,0,1,0,0
1,5,1,2,1,33,FRANCE,AQUITAINE,162,33162,EYSINES,VC 0,290819,0,4,VC,0,2,2,0,0,0,1,0,0,,1,7,0,1,0,0
1,8,2,1,3,33,FRANCE,AQUITAINE,063,33063,BORDEAUX,BOULEVARD PIERRE 1ER,290845,0,4,VC,0,3,4,,,2,1,,,,1,7,0,1,0,0
1,8,2,1,3,33,FRANCE,AQUITAINE,063,33063,BORDEAUX,RUE PAUL BERTHELOT,290857,0,4,VC,0,1,1,,,0,1,,,,1,7,0,1,0,0
1,6,2,1,3,33,FRANCE,AQUITAINE,039,33039,BEGLES,RUE CHARLES LAMOUREUX,290859,0,4,VC,0,2,2,,,0,1,,,,1,7,0,1,0,0
1,6,9,7,3,33,FRANCE,AQUITAINE,243,33243,LIBOURNE,AVENUE DE VERDUN,290868,5,3,RD,0,2,3,,,0,1,,,,1,7,0,1,0,0
1,8,1,1,3,33,FRANCE,AQUITAINE,063,33063,BORDEAUX,RUE FRANCOIS DE SOURDIS,290896,4,4,VC,0,2,2,,,3,1,,,,1,7,0,1,0,0
5,6,2,2,1,33,FRANCE,AQUITAINE,069,33069,BOUSCAT (LE),AVENUE DE LA LIBERATION CHARLES DE GAULLE,290902,0,4,VC,0,2,3,,,0,1,,,,1,7,0,1,0,0
1,7,3,1,3,33,FRANCE,AQUITAINE,318,33318,PESSAC,AVENUE DE LA FORGE,290903,0,4,VC,0,2,3,,,2,1,,,,1,7,0,1,0,0
1,6,1,1,2,33,FRANCE,AQUITAINE,243,33243,LIBOURNE,AVENUE DE L'EPINETTE,290916,0,4,VC,0,2,2,,,0,1,,,,1,7,0,1,0,0
2,7,6,1,3,33,FRANCE,AQUITAINE,281,33281,MERIGNAC,AVENUE FRANCOIS MITTERRAND,290932,0,4,VC,0,2,2,,,1,1,,,,1,7,0,1,0,0
5,7,2,2,3,33,FRANCE,AQUITAINE,281,33281,MERIGNAC,RUE PAUL DOUMER,290936,0,4,VC,0,2,2,,,0,1,,,,1,7,0,1,0,0
4,7,1,2,6,33,FRANCE,AQUITAINE,318,33318,PESSAC,AVENUE DES FACULTES,290942,0,4,VC,0,2,2,,,1,5,,,,1,,0,1,0,0
1,4,1,1,3,33,FRANCE,AQUITAINE,165,33165,FARGUES-SAINT-HILAIRE,RD 936,290958,5,3,RD,936,2,3,10,115,0,1,4482800,-44300,,1,15,0,1,0,0
1,3,1,5,1,33,FRANCE,AQUITAINE,095,33095,CAPTIEUX,RD 932,290982,0,3,RD,932,2,0,0,0,0,1,0,0,,1,7,0,1,0,0
2,4,1,9,2,33,FRANCE,AQUITAINE,324,33324,PINEUILH,RD 936,290983,2,3,RD,936,2,2,0,0,0,1,0,0,,1,7,0,1,0,0
1,6,1,1,2,33,FRANCE,AQUITAINE,529,33529,TESTE-DE-BUCH (LA),AVENUE SAINT EXUPERY,290990,0,4,VC,0,2,2,,,0,1,,,,1,7,0,1,0,0
1,7,4,1,6,33,FRANCE,AQUITAINE,281,33281,MERIGNAC,RUE RAOUL AMAT,291011,0,4,VC,0,1,1,,,2,1,,,,1,,0,1,0,0
1,8,1,8,3,33,FRANCE,AQUITAINE,063,33063,BORDEAUX,COURS DE L'YSER,291018,0,4,VC,0,2,2,,,0,1,,,,1,7,0,1,0,0
1,8,2,1,6,33,FRANCE,AQUITAINE,063,33063,BORDEAUX,RUE BEAUBADAT,291046,0,4,VC,0,1,0,,,0,1,,,,1,,0,0,0,1
5,8,6,1,3,33,FRANCE,AQUITAINE,063,33063,BORDEAUX,RUE DAVID JOHNSTON,291048,0,4,VC,0,1,1,,,0,1,,,,1,7,0,1,0,0
1,8,2,1,3,33,FRANCE,AQUITAINE,063,33063,BORDEAUX,RUE RICHELIEU CAUD,291055,0,4,VC,0,1,1,,,2,1,,,,1,7,0,1,0,0
1,1,1,1,1,33,FRANCE,AQUITAINE,003,33003,AMBARES-ET-LAGRAVE,VC 0,291067,0,4,VC,0,2,2,0,0,0,1,4495400,-50200,,1,7,0,1,0,0
1,5,1,1,3,33,FRANCE,AQUITAINE,433,33433,SAINT-LOUBES,VC 0,291068,0,4,VC,0,2,2,0,0,0,1,4492000,-41000,,1,14,0,1,0,0
1,5,6,1,1,33,FRANCE,AQUITAINE,366,33366,SAINT-ANDRE-DE-CUBZAC,RD 670,291073,5,3,RD,670,0,1,0,0,1,1,4499000,-43000,,1,10,0,1,0,0
1,8,1,1,3,33,FRANCE,AQUITAINE,063,33063,BORDEAUX,PONT EN U,291100,2,4,VC,0,2,2,,,0,1,,,,1,7,0,1,0,0
5,4,1,2,2,33,FRANCE,AQUITAINE,402,33402,SAINTE-FOY-LA-GRANDE,RD 936,291120,0,3,RD,936,2,2,0,970,0,1,0,0,,1,7,0,1,0,0
1,8,1,1,6,33,FRANCE,AQUITAINE,063,33063,BORDEAUX,PLACE MARTYRS DE LA RESISTANCE,291138,0,4,VC,0,2,2,,,0,1,,,,1,,,,,
1,7,1,1,3,33,FRANCE,AQUITAINE,281,33281,MERIGNAC,AVENUE DE LA LIBERATION ,291149,0,4,VC,0,3,3,,,0,1,,,,1,7,0,1,0,0
1,4,1,1,1,33,FRANCE,AQUITAINE,402,33402,SAINTE-FOY-LA-GRANDE,VC 0,291173,0,4,VC,0,1,1,0,0,0,1,0,0,,1,7,0,1,0,0
1,5,1,1,2,33,FRANCE,AQUITAINE,122,33122,CESTAS,Autre 0,291179,0,9,Autre,0,2,2,0,0,0,1,0,0,,1,7,0,1,0,0
5,8,3,1,3,33,FRANCE,AQUITAINE,063,33063,BORDEAUX,BOULEVARD DES FRERES MOGA,291186,0,4,VC,0,3,4,,,0,1,,,,1,7,0,1,0,0
1,8,1,1,3,33,FRANCE,AQUITAINE,063,33063,BORDEAUX,AVENUE SAINT AMAND CAUD,291192,0,4,VC,0,2,3,,,0,1,,,,1,7,0,1,0,0
1,6,2,1,3,33,FRANCE,AQUITAINE,522,33522,TALENCE,RUE CHARLES GOUNOD,291195,0,4,VC,0,2,2,,,0,1,,,,1,7,0,1,0,0
1,4,3,1,1,33,FRANCE,AQUITAINE,327,33327,PODENSAC,RN 113,291205,0,2,RN,1113,2,2,42,450,0,1,4465900,-36100,,1,7,0,1,0,0
1,1,6,1,7,33,FRANCE,AQUITAINE,167,33167,FLOIRAC,RD 10,291214,5,3,RD,10,1,2,77,797,0,1,4482500,-51900,,1,,0,1,0,0
1,8,1,1,2,33,FRANCE,AQUITAINE,063,33063,BORDEAUX,RUE D'ORNANO,291231,4,4,VC,0,2,1,,,0,1,,,,1,40,0,1,0,0
1,8,5,3,1,33,FRANCE,AQUITAINE,063,33063,BORDEAUX,RUE CHEVALIER,291236,0,4,VC,0,1,1,,,0,1,,,,1,7,0,1,0,0
1,1,1,1,2,33,FRANCE,AQUITAINE,435,33435,SAINT-MACAIRE,RD 1113,291246,0,3,RD,1113,3,2,27,400,2,1,4456400,-24700,,1,10,0,1,0,0
1,1,2,1,3,33,FRANCE,AQUITAINE,199,33199,GUJAN-MESTRAS,RD 652,291265,5,3,RD,652,3,2,0,0,1,1,0,0,,1,7,0,1,0,0
1,4,6,1,3,33,FRANCE,AQUITAINE,234,33234,LATRESNE,RD 113,291266,5,3,RD,113,2,2,29,185,0,1,4478900,-50500,,1,7,0,1,0,0
1,1,1,1,3,33,FRANCE,AQUITAINE,229,33229,LANTON,RD 106,291267,0,3,RD,106,3,4,29,0,0,1,4478900,-91900,,1,7,0,1,0,0
1,8,1,1,3,33,FRANCE,AQUITAINE,063,33063,BORDEAUX,COURS D'ALSACE ET LORRAINE,291287,4,4,VC,0,1,1,,,0,1,,,,1,10,0,1,0,0
5,6,1,1,6,33,FRANCE,AQUITAINE,550,33550,VILLENAVE-D'ORNON,RUE DE CHAMBERY,291292,0,4,VC,0,2,2,,,0,1,,,,1,7,0,1,0,0
5,6,1,2,6,33,FRANCE,AQUITAINE,243,33243,LIBOURNE,ALLEES ROBERT BOULIN,291297,0,4,VC,0,1,2,,,0,1,,,,1,,0,0,0,1
1,5,1,1,3,33,FRANCE,AQUITAINE,009,33009,ARCACHON,BOULEVARD DE LA PLAGE,291320,0,4,VC,0,1,1,,,0,1,,,,1,7,0,1,0,0
1,8,2,1,3,33,FRANCE,AQUITAINE,063,33063,BORDEAUX,RUE FRANCOIS DE SOURDIS,291328,4,4,VC,0,2,2,,,0,1,,,,1,40,0,1,0,0
5,8,1,1,6,33,FRANCE,AQUITAINE,063,33063,BORDEAUX,PONT DE PIERRE,291330,0,4,VC,0,2,2,,,2,1,,,,1,,,,,
1,8,2,1,2,33,FRANCE,AQUITAINE,063,33063,BORDEAUX,RUE JULES FERRY CAUD,291337,0,4,VC,0,1,3,,,1,1,,,,1,7,0,1,0,0
1,8,2,1,3,33,FRANCE,AQUITAINE,063,33063,BORDEAUX,RUE GEORGES BONNAC,291338,0,4,VC,0,1,2,,,2,1,,,,1,7,0,1,0,0
1,1,1,1,6,33,FRANCE,AQUITAINE,534,33534,TOURNE (LE),RD 240,291350,0,3,RD,240,2,2,0,0,0,3,0,0,,1,,0,1,0,0
1,3,3,1,1,33,FRANCE,AQUITAINE,378,33378,SAINT-AVIT-SAINT-NAZAIRE,RD 130,291362,0,3,RD,130,2,2,2,200,0,1,4487000,26800,,1,7,0,1,0,0
1,7,3,1,1,33,FRANCE,AQUITAINE,318,33318,PESSAC,BOULEVARD DE LADONNE,291371,0,4,VC,0,2,2,,,0,1,,,,1,7,0,1,0,0
1,7,2,1,3,33,FRANCE,AQUITAINE,318,33318,PESSAC,AVENUE DU DOCTEUR NANCEL PENARD,291372,0,4,VC,0,2,2,,,2,1,,,,1,7,0,1,0,0
1,7,5,1,3,33,FRANCE,AQUITAINE,281,33281,MERIGNAC,AVENUE DE LA SOMME,291390,0,4,VC,0,1,1,,,0,1,,,,1,7,0,1,0,0