lum,agg,int,atm,col,dep_bis,pays,region,com_bis,com_codeINSEE,communes,N_voie,numac,infra,catr,type_route,voie,circ,nbv,pr,pr1,vosp,situ,lat,long,adr,accident_velo,vehicule_imp,cycl_mort,cycl_bgv,cycl_blg,cycl_indm
1,3,1,1,1,33,FRANCE,AQUITAINE,146,33146,CUSSAC-FORT-MEDOC,VC 0,291404,0,4,VC,0,2,2,0,0,0,1,4511900,-73400,,1,7,0,1,0,0
5,8,2,1,7,33,FRANCE,AQUITAINE,063,33063,BORDEAUX,COURS DE VERDUN,291422,0,4,VC,0,3,4,,,3,1,,,,1,,0,1,0,0
1,8,1,1,3,33,FRANCE,AQUITAINE,063,33063,BORDEAUX,BOULEVARD ALBERT 1ER,291424,0,4,VC,0,3,4,,,2,1,,,,1,10,0,1,0,0
1,8,2,1,3,33,FRANCE,AQUITAINE,063,33063,BORDEAUX,PLACE ANDRE MEUNIER DIT MUREINE,291429,0,4,VC,0,2,3,,,0,1,,,,1,7,0,1,0,0
1,5,1,1,3,33,FRANCE,AQUITAINE,075,33075,BRUGES,PLACE DE LA REPUBLIQUE,291432,0,4,VC,0,2,2,,,0,1,,,,1,10,0,1,0,0
1,1,1,1,3,33,FRANCE,AQUITAINE,290,33290,MONTAGNE,RD 130,291454,0,3,RD,130,2,2,5,700,0,1,4491200,-10800,,1,17,0,1,0,0
1,8,2,1,3,33,FRANCE,AQUITAINE,063,33063,BORDEAUX,BOULEVARD PIERRE 1ER,291461,0,4,VC,0,3,4,,,2,1,,,,1,7,0,1,0,0
1,8,2,1,6,33,FRANCE,AQUITAINE,063,33063,BORDEAUX,BOULEVARD GEORGE V,291468,0,4,VC,0,3,5,,,2,1,,,,1,,0,0,0,1
1,8,3,1,3,33,FRANCE,AQUITAINE,063,33063,BORDEAUX,RUE COLETTE,291469,0,4,VC,0,2,2,,,3,1,,,,1,40,0,1,0,0
1,6,2,1,3,33,FRANCE,AQUITAINE,249,33249,LORMONT,AVENUE DE PARIS,291487,0,4,VC,0,1,1,,,1,1,,,,1,7,0,1,0,0
1,8,2,1,3,33,FRANCE,AQUITAINE,063,33063,BORDEAUX,RUE DES VIVANTS,291499,0,4,VC,0,2,2,,,0,1,,,,1,14,0,1,0,0
1,8,1,1,3,33,FRANCE,AQUITAINE,063,33063,BORDEAUX,RUE SAINTE- CATHERINE,291502,6,4,VC,0,1,1,,,0,1,,,,1,14,0,1,0,0
1,7,1,1,2,33,FRANCE,AQUITAINE,281,33281,MERIGNAC,AVENUE DE BELFORT,291507,0,4,VC,0,2,2,,,0,1,,,,1,7,0,1,0,0
2,7,1,1,3,33,FRANCE,AQUITAINE,318,33318,PESSAC,AVENUE DU DOCTEUR ALBERT SCHWEITZER,291517,1,4,VC,0,3,2,,,0,1,,,,1,2,0,0,0,1
1,8,7,1,6,33,FRANCE,AQUITAINE,063,33063,BORDEAUX,PLACE MAREILHAC,291522,0,4,VC,0,2,2,,,0,1,,,,1,7,0,1,0,0
5,5,1,1,2,33,FRANCE,AQUITAINE,005,33005,ANDERNOS-LES-BAINS,VC 0,291547,0,4,VC,0,2,2,0,0,0,1,0,0,,1,7,0,1,0,0
1,1,1,1,1,33,FRANCE,AQUITAINE,077,33077,CABANAC-ET-VILLAGRAINS,RD 117,291555,0,3,RD,117,2,2,3,500,0,1,4462000,-50400,,1,7,0,1,0,0
1,1,1,1,2,33,FRANCE,AQUITAINE,490,33490,SAINT-VIVIEN-DE-MEDOC,RD 1,291561,0,3,RD,1,2,2,17,600,0,1,4543900,-103800,,1,10,0,1,0,0
5,8,1,2,6,33,FRANCE,AQUITAINE,063,33063,BORDEAUX,RUE CORPS FRANC POMMIES,291575,0,4,VC,0,2,3,,,0,1,,,,1,,0,0,0,1
1,6,1,1,6,33,FRANCE,AQUITAINE,522,33522,TALENCE,AVENUE DE L'UNIVERSITE,291595,0,4,VC,0,3,5,,,1,1,,,,1,,0,0,0,1
1,8,3,1,3,33,FRANCE,AQUITAINE,063,33063,BORDEAUX,RUE DANIEL GUESTIER,291628,0,4,VC,0,2,2,,,0,1,,,,1,7,0,1,0,0
1,6,2,1,3,33,FRANCE,AQUITAINE,069,33069,BOUSCAT (LE),RUE LAMARTINE,291642,0,4,VC,0,2,2,,,0,1,,,,1,7,0,1,0,0
1,6,2,1,3,33,FRANCE,AQUITAINE,039,33039,BEGLES,ROUTE DE TOULOUSE,291666,0,2,RN,0,2,5,,,0,1,,,,1,16,0,1,0,0
1,8,7,1,3,33,FRANCE,AQUITAINE,063,33063,BORDEAUX,RUE BELLEVILLE,291670,0,4,VC,0,1,2,,,0,1,,,,1,7,0,1,0,0
1,7,3,1,3,33,FRANCE,AQUITAINE,318,33318,PESSAC,AVENUE DU DOCTEUR ALBERT SCHWEITZER,291686,0,4,VC,0,2,3,,,0,0,,,,1,7,0,1,0,0
5,8,3,1,3,33,FRANCE,AQUITAINE,063,33063,BORDEAUX,RUE PASTEUR CAUD,291691,0,4,VC,0,1,1,,,2,5,,,,1,7,0,1,0,0
1,1,6,1,3,33,FRANCE,AQUITAINE,422,33422,SAINT-JEAN-D'ILLAC,RD 106,291726,6,3,RD,106,2,0,18,0,1,1,4481100,-79400,,1,7,0,1,0,0
1,1,3,1,1,33,FRANCE,AQUITAINE,070,33070,BRACH,RD 207,291729,0,3,RD,207,2,2,12,300,0,0,4505200,-94900,,1,10,0,0,0,1
1,4,1,1,1,33,FRANCE,AQUITAINE,213,33213,BREDE (LA),Autre 0,291739,0,9,Autre,0,2,2,0,0,0,1,4468700,-52700,,1,7,0,1,0,0
1,1,1,1,3,33,FRANCE,AQUITAINE,397,33397,SAINTE-EULALIE,RD 10,291740,0,3,RD,10,2,2,0,0,0,1,0,0,,1,17,0,1,0,0
2,1,6,1,2,33,FRANCE,AQUITAINE,539,33539,VAYRES,RD 242,291741,5,3,RD,242,2,0,0,0,0,1,0,0,,1,7,0,1,0,0
1,5,1,1,6,33,FRANCE,AQUITAINE,236,33236,LEGE-CAP-FERRET,RD 106,291744,0,3,RD,106,2,2,0,0,0,1,0,0,,1,,0,0,0,1
1,8,2,1,3,33,FRANCE,AQUITAINE,063,33063,BORDEAUX,RUE JUDAIQUE,291746,0,4,VC,0,1,1,,,0,1,,,,1,7,0,1,0,0
1,8,1,1,6,33,FRANCE,AQUITAINE,063,33063,BORDEAUX,RUE FONDAUDEGE,291760,0,4,VC,0,1,2,,,2,5,,,,1,7,0,1,0,0
5,8,2,1,3,33,FRANCE,AQUITAINE,063,33063,BORDEAUX,RUE SAINT NICOLAS,291776,0,4,VC,0,1,1,,,0,1,,,,1,7,0,1,0,0
1,8,3,1,3,33,FRANCE,AQUITAINE,063,33063,BORDEAUX,RUE PIERRE DUHEM,291785,0,4,VC,0,1,1,,,0,0,,,,1,7,0,1,0,2
1,8,3,2,3,33,FRANCE,AQUITAINE,063,33063,BORDEAUX,QUAI SAINTE-CROIX,291789,0,4,VC,0,1,1,,,0,1,,,,1,7,0,1,0,0
1,8,5,1,3,33,FRANCE,AQUITAINE,063,33063,BORDEAUX,RUE DE LAURADEY,291796,0,4,VC,0,1,1,,,0,1,,,,1,7,0,1,0,0
1,8,1,1,2,33,FRANCE,AQUITAINE,063,33063,BORDEAUX,COURS VICTOR HUGO,291800,0,4,VC,0,3,2,,,0,1,,,,1,7,0,1,0,0
1,1,2,2,3,33,FRANCE,AQUITAINE,019,33019,AUDENGE,VC 0,291809,5,4,VC,0,2,0,0,0,0,1,0,0,,1,7,0,1,0,0
1,1,1,1,2,33,FRANCE,AQUITAINE,312,33312,PAREMPUYRE,RD 209,291811,0,3,RD,209,2,2,10,400,0,1,4498200,-56000,,1,7,0,1,0,0
1,4,6,1,2,33,FRANCE,AQUITAINE,376,33376,SAINT-AUBIN-DE-MEDOC,RD 211,291813,5,3,RD,211,2,1,0,0,0,1,0,0,,1,7,0,1,0,0
1,1,1,1,6,33,FRANCE,AQUITAINE,535,33535,TRESSES,RD 936,291817,0,3,RD,936,2,0,8,500,0,3,0,0,,1,,0,1,0,0
1,4,1,1,6,33,FRANCE,AQUITAINE,036,33036,BAZAS,Autre 0,291820,0,9,Autre,0,2,2,0,0,0,4,4443000,-21000,,1,,0,1,0,0
1,3,1,1,3,33,FRANCE,AQUITAINE,001,33001,ABZAC,VC 3,291827,0,4,VC,3,2,0,0,0,0,1,0,0,,1,7,0,1,0,0
1,5,1,1,3,33,FRANCE,AQUITAINE,162,33162,EYSINES,VC 0,291833,0,4,VC,0,2,0,0,0,0,1,0,0,,1,7,0,1,0,0
1,1,1,1,6,33,FRANCE,AQUITAINE,174,33174,FRONSAC,RD 670,291844,0,3,RD,670,2,2,0,0,0,1,4492600,-27100,,1,7,0,1,0,0
1,8,2,1,3,33,FRANCE,AQUITAINE,063,33063,BORDEAUX,RUE CARPENTEYRE,291862,0,4,VC,0,1,1,,,0,1,,,,1,7,0,1,0,0
1,1,1,1,7,33,FRANCE,AQUITAINE,061,33061,BONNETAN,RD 936,291877,0,3,RD,936,2,2,12,200,0,1,0,0,,1,,0,1,0,0
1,8,1,1,3,33,FRANCE,AQUITAINE,063,33063,BORDEAUX,ROUTE DE TOULOUSE,291893,0,4,VC,0,2,3,,,0,1,,,,1,7,0,1,0,0
1,8,3,1,3,33,FRANCE,AQUITAINE,063,33063,BORDEAUX,RUE PROFESSEUR BENZACAR,291894,0,4,VC,0,2,1,,,0,1,,,,1,7,0,1,0,0
1,7,1,1,3,33,FRANCE,AQUITAINE,281,33281,MERIGNAC,RUE DES HELIOTROPES,291898,0,4,VC,0,1,1,,,0,1,,,,1,7,0,1,0,0
1,8,2,1,1,33,FRANCE,AQUITAINE,063,33063,BORDEAUX,RUE POQUELIN MOLIERE,291918,0,4,VC,0,1,1,,,0,1,,,,1,,0,1,0,0
1,7,6,1,3,33,FRANCE,AQUITAINE,281,33281,MERIGNAC,AVENUE RENE CASSIN,291931,5,4,VC,0,1,2,,,0,1,,,,1,14,0,1,0,0
1,7,3,1,3,33,FRANCE,AQUITAINE,281,33281,MERIGNAC,RUE DU LIVEAU,291933,0,4,VC,0,2,2,,,0,1,,,,1,7,0,1,0,0
1,6,3,1,3,33,FRANCE,AQUITAINE,522,33522,TALENCE,AVENUE PEY-BERLAND,291936,0,4,VC,0,0,1,,,2,1,,,,1,7,0,1,0,0
5,8,3,2,3,33,FRANCE,AQUITAINE,063,33063,BORDEAUX,RUE BARREYRE,291938,0,4,VC,0,1,1,,,0,1,,,,1,2,0,1,0,0
1,3,1,1,2,33,FRANCE,AQUITAINE,225,33225,LANDIRAS,RD 11,291945,0,3,RD,11,2,2,36,300,0,3,4458000,-40000,,1,7,0,1,0,0
1,2,1,2,2,33,FRANCE,AQUITAINE,503,33503,SAUMOS,RD 5,291952,0,3,RD,5,2,2,0,994,0,1,0,0,,1,7,0,1,0,0
1,1,1,1,2,33,FRANCE,AQUITAINE,498,33498,SALLES,RD 1010,291957,0,3,RD,1010,2,0,0,0,0,1,0,0,,1,13,0,1,0,0
2,8,3,2,3,33,FRANCE,AQUITAINE,063,33063,BORDEAUX,QUAI DES CHARTRONS,291972,0,4,VC,0,3,6,,,1,1,,,,1,31,0,1,0,0
1,8,2,1,2,33,FRANCE,AQUITAINE,063,33063,BORDEAUX,RUE DE CURSOL,291979,0,4,VC,0,2,2,,,0,1,,,,1,7,0,1,0,0
1,2,1,1,6,33,FRANCE,AQUITAINE,509,33509,SAVIGNAC-DE-L'ISLE,RD 120,292001,0,3,RD,120,2,2,16,300,0,1,0,0,,1,,0,1,0,0
5,8,2,1,3,33,FRANCE,AQUITAINE,063,33063,BORDEAUX,AVENUE EMILE COUNORD,292011,4,4,VC,0,3,2,,,3,1,,,,1,40,0,1,0,0
1,8,2,1,3,33,FRANCE,AQUITAINE,063,33063,BORDEAUX,AVENUE D'EYSINES CAUD,292070,0,4,VC,0,1,1,,,0,1,,,,1,10,0,1,0,0
5,8,1,1,6,33,FRANCE,AQUITAINE,063,33063,BORDEAUX,COURS DE VERDUN,292071,4,4,VC,0,2,2,,,0,1,,,,1,,0,1,0,0
3,8,1,1,1,33,FRANCE,AQUITAINE,063,33063,BORDEAUX,QUAI DE LA MONNAIE,292073,0,4,VC,0,2,2,,,1,5,,,,1,,0,1,0,0
1,8,3,1,3,33,FRANCE,AQUITAINE,063,33063,BORDEAUX,RUE DE L'OBSERVANCE,292077,0,3,RD,0,1,1,,,0,1,,,,1,7,0,1,0,0
5,8,1,1,3,33,FRANCE,AQUITAINE,063,33063,BORDEAUX,BOULEVARD DU PRESIDENT FRANKLIN ROOSEVELT,292116,0,4,VC,0,1,2,,,0,1,,,,1,17,0,1,0,0
1,8,1,1,3,33,FRANCE,AQUITAINE,063,33063,BORDEAUX,BOULEVARD DU PRESIDENT WILSON,292126,0,4,VC,0,1,1,,,1,1,,,,1,7,0,1,0,0
5,6,2,1,3,33,FRANCE,AQUITAINE,069,33069,BOUSCAT (LE),RUE RAYMOND POINCARE,292135,0,4,VC,0,2,2,,,0,1,,,,1,33,0,1,0,0
5,8,2,1,3,33,FRANCE,AQUITAINE,063,33063,BORDEAUX,RUE MARECHAL JOFFRE,292139,0,4,VC,0,1,2,,,0,1,,,,1,7,0,1,0,0
1,8,2,1,3,33,FRANCE,AQUITAINE,063,33063,BORDEAUX,RUE JEAN RICHEPIN CAUD,292141,0,4,VC,0,2,2,,,0,1,,,,1,7,0,1,0,0
5,8,1,1,5,33,FRANCE,AQUITAINE,063,33063,BORDEAUX,BOULEVARD DU PRESIDENT WILSON,292144,0,4,VC,0,3,4,,,1,5,,,,1,7,0,1,0,0
1,8,1,1,3,33,FRANCE,AQUITAINE,063,33063,BORDEAUX,VC 0,292183,2,4,VC,0,2,2,0,0,0,1,,,,1,7,0,1,0,0
1,8,1,1,3,33,FRANCE,AQUITAINE,063,33063,BORDEAUX,QUAI DES CHARTRONS,292196,4,4,VC,0,3,2,,,3,1,,,,1,7,0,1,0,0
1,6,2,1,3,33,FRANCE,AQUITAINE,550,33550,VILLENAVE-D'ORNON,RUE PROFESSEUR BERGONIE,292200,0,4,VC,0,2,2,,,0,1,,,,1,7,0,1,0,0
1,8,2,1,3,33,FRANCE,AQUITAINE,063,33063,BORDEAUX,RUE DE BRACH,292203,0,4,VC,0,1,2,,,0,1,,,,1,7,0,1,0,0
1,6,1,1,3,33,FRANCE,AQUITAINE,529,33529,TESTE-DE-BUCH (LA),BOULEVARD DU PYLA,292215,0,4,VC,0,2,2,,,1,1,,,,1,7,0,1,0,0
1,6,2,1,6,33,FRANCE,AQUITAINE,192,33192,GRADIGNAN,RUE DE LAURENZANE,292220,0,4,VC,0,2,2,,,0,1,,,,1,7,0,1,0,0
1,8,2,1,3,33,FRANCE,AQUITAINE,063,33063,BORDEAUX,COURS LOUIS FARGUE,292251,0,4,VC,0,1,2,,,2,1,,,,1,7,0,1,0,0
1,7,1,1,2,33,FRANCE,AQUITAINE,318,33318,PESSAC,COURS DE LA LIBERATION,292256,0,4,VC,0,3,2,,,2,1,,,,1,7,0,1,0,0
1,8,1,2,3,33,FRANCE,AQUITAINE,063,33063,BORDEAUX,AVENUE DU MARECHAL DE LATTRE DE TASSIGNY,292258,0,4,VC,0,2,2,,,2,1,,,,1,7,0,1,0,0
1,7,1,1,2,33,FRANCE,AQUITAINE,281,33281,MERIGNAC,AVENUE DE L'ARGONNE,292265,0,4,VC,0,2,2,,,0,1,,,,1,7,0,1,0,0
1,8,1,1,3,33,FRANCE,AQUITAINE,063,33063,BORDEAUX,QUAI DE BACALAN,292266,4,4,VC,0,3,5,,,3,1,,,,1,40,0,1,0,0
1,8,3,1,3,33,FRANCE,AQUITAINE,063,33063,BORDEAUX,RUE CLAUDE BONNIER,292268,5,4,VC,0,3,2,,,3,1,,,,1,40,0,1,0,0
1,8,1,1,3,33,FRANCE,AQUITAINE,063,33063,BORDEAUX,QUAI DE BACALAN,292269,5,4,VC,0,1,1,,,3,1,,,,1,7,0,1,0,0
1,5,6,1,7,33,FRANCE,AQUITAINE,227,33227,LANGON,RD 932,292278,5,3,RD,932,2,2,0,0,0,1,4455400,-24400,,1,,0,1,0,0
1,1,1,1,3,33,FRANCE,AQUITAINE,106,33106,CASTETS-EN-DORTHE,RD 224,292284,0,3,RD,224,2,2,7,900,0,1,4456000,-16000,,1,7,0,1,0,0
1,3,1,1,3,33,FRANCE,AQUITAINE,437,33437,SAINT-MAGNE-DE-CASTILLON,VC 0,292328,0,4,VC,0,2,1,0,0,0,1,0,0,,1,7,0,1,0,0
1,1,6,1,3,33,FRANCE,AQUITAINE,122,33122,CESTAS,RD 214,292331,0,3,RD,214,0,2,0,0,0,1,0,0,,1,7,0,1,0,0
1,8,2,1,3,33,FRANCE,AQUITAINE,063,33063,BORDEAUX,RUE PAULIN,292349,0,4,VC,0,1,1,,,0,1,,,,1,32,0,0,0,1
1,6,3,1,3,33,FRANCE,AQUITAINE,039,33039,BEGLES,RUE ALBAN LAVAL,292369,0,4,VC,0,2,0,,,0,1,,,,1,7,0,1,0,0
1,3,1,1,3,33,FRANCE,AQUITAINE,251,33251,LOUCHATS,RD 115,292375,0,3,RD,115,2,0,98,900,0,1,0,0,,1,7,0,1,0,0
1,5,2,1,3,33,FRANCE,AQUITAINE,005,33005,ANDERNOS-LES-BAINS,VC 0,292391,0,4,VC,0,2,0,0,0,0,1,0,0,,1,7,0,1,0,0
1,5,1,1,2,33,FRANCE,AQUITAINE,122,33122,CESTAS,RD 1250,292397,0,3,RD,1250,2,2,19,250,0,1,0,0,,1,7,0,1,0,0
1,7,1,1,3,33,FRANCE,AQUITAINE,281,33281,MERIGNAC,AVENUE DE L'YSER,292414,0,4,VC,0,3,2,,,2,1,,,,1,7,0,1,0,0
5,6,1,1,6,33,FRANCE,AQUITAINE,550,33550,VILLENAVE-D'ORNON,ROUTE DE TOULOUSE,292430,0,4,VC,0,1,1,,,0,1,,,,1,7,0,1,0,0
1,1,2,1,3,33,FRANCE,AQUITAINE,529,33529,TESTE-DE-BUCH (LA),AVENUE BISCAROSSE,292435,0,3,RD,218,2,2,19,322,0,1,,,,1,7,0,1,0,0
1,8,2,1,3,33,FRANCE,AQUITAINE,063,33063,BORDEAUX,RUE MARECHAL JOFFRE,292445,0,4,VC,0,1,2,,,0,1,,,,1,99,0,1,0,0
1,6,2,1,3,33,FRANCE,AQUITAINE,039,33039,BEGLES,AVENUE JEANNE D'ARC,292446,0,4,VC,0,2,3,,,0,1,,,,1,7,0,1,0,0
1,8,1,1,6,33,FRANCE,AQUITAINE,063,33063,BORDEAUX,RUE DE LA PELOUSE DE DOUET,292460,0,4,VC,0,3,1,,,0,1,,,,1,16,0,1,0,0
1,8,3,1,3,33,FRANCE,AQUITAINE,063,33063,BORDEAUX,RUE CLAUDE BONNIER,292474,4,4,VC,0,3,5,,,3,1,,,,1,40,0,1,0,0
2,6,2,1,3,33,FRANCE,AQUITAINE,069,33069,BOUSCAT (LE),RUE EMILE COMBES,292478,0,4,VC,0,2,3,,,2,1,,,,1,7,0,1,0,0
1,6,3,1,3,33,FRANCE,AQUITAINE,039,33039,BEGLES,AVENUE ALEXIS CAPELLE,292484,0,4,VC,0,2,2,,,0,1,,,,1,10,0,1,0,0
1,2,1,1,1,33,FRANCE,AQUITAINE,048,33048,BERTHEZ,RD 10,292501,0,3,RD,10,2,0,0,0,0,3,4448800,-13300,,1,7,0,1,0,0
1,6,1,1,2,33,FRANCE,AQUITAINE,119,33119,CENON,RUE DU MARECHAL FOCH,292511,0,4,VC,0,2,0,,,0,1,,,,1,7,0,1,0,0
1,5,1,1,2,33,FRANCE,AQUITAINE,009,33009,ARCACHON,QUAI CNE ALLEGRE,292518,0,4,VC,0,2,2,,,1,5,,,,1,,0,1,0,0
1,5,2,1,3,33,FRANCE,AQUITAINE,009,33009,ARCACHON,ALLEE BOUILLAUD,292519,0,4,VC,0,1,1,,,0,1,,,,1,7,0,1,0,0
1,1,1,1,1,33,FRANCE,AQUITAINE,529,33529,TESTE-DE-BUCH (LA),PISTE 214,292520,0,3,RD,0,2,2,,,0,1,,,,1,7,0,1,0,0
1,5,6,1,3,33,FRANCE,AQUITAINE,003,33003,AMBARES-ET-LAGRAVE,VC 0,292522,0,4,VC,0,2,1,0,0,0,1,0,0,,1,7,0,1,0,0
5,6,1,2,3,33,FRANCE,AQUITAINE,069,33069,BOUSCAT (LE),RUE RAYMOND LAVIGNE,292523,0,4,VC,0,2,2,,,0,1,,,,1,7,0,1,0,0
3,1,1,1,2,33,FRANCE,AQUITAINE,529,33529,TESTE-DE-BUCH (LA),RD 112,292562,0,3,RD,0,3,4,,,0,1,,,,1,7,0,1,0,0
1,7,5,1,6,33,FRANCE,AQUITAINE,318,33318,PESSAC,AVENUE DU MARECHAL LYAUTEY,292563,0,4,VC,0,2,2,,,0,1,,,,1,7,0,1,0,0
1,1,1,1,7,33,FRANCE,AQUITAINE,533,33533,TOULENNE,RD 8,292573,0,3,RD,8,2,2,0,0,0,1,0,0,,1,,0,1,0,0
1,3,1,1,3,33,FRANCE,AQUITAINE,046,33046,BERNOS-BEAULAC,Autre 0,292586,0,9,Autre,0,0,0,0,0,0,0,4437300,-23600,,1,36,0,1,0,0
5,7,1,1,3,33,FRANCE,AQUITAINE,318,33318,PESSAC,PASSAGE RENEE ET GASTON REYRAUD,292606,0,4,VC,0,2,2,,,0,1,,,,1,2,0,1,0,0
1,3,1,1,1,33,FRANCE,AQUITAINE,268,33268,MARGAUX,RD 2,292617,0,3,RD,2,2,2,65,0,0,1,4504900,-68000,,1,7,0,1,0,0
3,1,1,1,2,33,FRANCE,AQUITAINE,466,33466,SAINT-QUENTIN-DE-BARON,RD 121,292619,0,3,RD,121,2,2,0,0,0,1,4481500,-29800,,1,10,0,1,0,0
1,4,1,1,1,33,FRANCE,AQUITAINE,213,33213,BREDE (LA),RD 108,292626,0,3,RD,108,2,2,15,200,0,1,0,0,,1,7,0,1,0,0
1,7,6,1,7,33,FRANCE,AQUITAINE,281,33281,MERIGNAC,AVENUE ROLAND GARROS,292647,0,4,VC,0,2,2,,,1,1,,,,1,,0,1,0,0
1,6,6,1,3,33,FRANCE,AQUITAINE,243,33243,LIBOURNE,AVENUE GALLIENI,292656,0,4,VC,0,2,0,,,0,1,,,,1,7,0,1,0,0
1,6,1,7,6,33,FRANCE,AQUITAINE,529,33529,TESTE-DE-BUCH (LA),RUE GUSTAVE EIFFEL ,292683,0,4,VC,0,2,2,,,1,5,,,,1,7,0,1,0,0
1,8,2,1,1,33,FRANCE,AQUITAINE,063,33063,BORDEAUX,RUE DU PALAIS GALLIEN,292693,0,4,VC,0,1,2,,,0,1,,,,1,2,0,0,0,1
4,5,1,1,7,33,FRANCE,AQUITAINE,013,33013,ARTIGUES-PRES-BORDEAUX,Autre 0,292698,0,9,Autre,0,2,0,0,0,0,4,0,0,,1,,0,1,0,0
1,8,2,1,5,33,FRANCE,AQUITAINE,063,33063,BORDEAUX,BOULEVARD ANTOINE GAUTIER,292703,0,4,VC,0,2,4,,,0,1,,,,1,7,0,1,0,0
5,8,1,2,3,33,FRANCE,AQUITAINE,063,33063,BORDEAUX,QUAI DES CHARTRONS,292711,6,4,VC,0,3,4,,,0,1,,,,1,7,0,1,0,0
1,8,2,1,3,33,FRANCE,AQUITAINE,063,33063,BORDEAUX,RUE LEYTEIRE,292727,0,4,VC,0,1,1,,,0,1,,,,1,7,0,1,0,0
1,6,2,1,3,33,FRANCE,AQUITAINE,192,33192,GRADIGNAN,COURS DU GENERAL DE GAULLE,292736,0,4,VC,0,2,2,,,0,1,,,,1,7,0,1,0,0
1,6,2,1,3,33,FRANCE,AQUITAINE,243,33243,LIBOURNE,RUE DU MAROC,292742,0,4,VC,0,0,2,,,0,1,,,,1,7,0,1,0,0
1,1,1,1,3,33,FRANCE,AQUITAINE,435,33435,SAINT-MACAIRE,RD 672,292771,5,3,RD,672,2,2,55,560,0,1,4457200,-22800,,1,7,0,1,0,0
1,4,1,1,3,33,FRANCE,AQUITAINE,019,33019,AUDENGE,Autre 0,292787,0,9,Autre,0,2,2,0,0,0,3,0,0,,1,14,0,1,0,0
1,1,1,1,7,33,FRANCE,AQUITAINE,454,33454,SAINT-MORILLON,VC 5,292800,0,4,VC,5,2,2,3,200,0,1,4462500,50200,,1,,0,1,0,0
1,8,2,1,3,33,FRANCE,AQUITAINE,063,33063,BORDEAUX,BOULEVARD DU PRESIDENT WILSON,292814,0,4,VC,0,3,2,,,0,1,,,,1,7,0,1,0,0
5,8,2,1,3,33,FRANCE,AQUITAINE,063,33063,BORDEAUX,PLACE DU MAUCAILLOU,292818,0,4,VC,0,2,1,,,0,1,,,,1,7,0,1,0,0
5,8,1,1,7,33,FRANCE,AQUITAINE,063,33063,BORDEAUX,COURS PASTEUR,292823,0,4,VC,0,3,4,,,0,1,,,,1,,0,1,0,0
1,6,3,1,3,33,FRANCE,AQUITAINE,449,33449,SAINT-MEDARD-EN-JALLES,VC 0,292836,0,4,VC,0,2,0,0,0,0,1,0,0,,1,7,0,1,0,0
1,3,1,1,1,33,FRANCE,AQUITAINE,033,33033,BAURECH,RD 10,292838,0,3,RD,10,2,2,91,500,0,1,0,0,,1,7,0,1,0,0
1,6,2,1,3,33,FRANCE,AQUITAINE,039,33039,BEGLES,RUE CALIXTE CAMELLE,292862,0,4,VC,0,2,2,,,1,1,,,,1,7,0,1,0,0
1,6,6,1,3,33,FRANCE,AQUITAINE,243,33243,LIBOURNE,AVENUE DU GENERAL DE GAULLE,292863,5,3,RD,0,2,2,,,0,1,,,,1,7,0,1,0,0
1,8,4,1,3,33,FRANCE,AQUITAINE,063,33063,BORDEAUX,BOULEVARD ALBERT 1ER,292864,0,4,VC,0,3,4,,,1,1,,,,1,10,0,1,0,0
1,5,1,1,6,33,FRANCE,AQUITAINE,075,33075,BRUGES,ROUTE DU MEDOC,292868,0,4,VC,0,3,2,,,0,1,,,,1,7,0,1,0,0
1,6,3,1,6,33,FRANCE,AQUITAINE,243,33243,LIBOURNE,QUAI DE LA ROQUETTE,292872,0,4,VC,0,1,1,,,0,1,,,,1,,0,1,0,0
1,8,2,1,3,33,FRANCE,AQUITAINE,063,33063,BORDEAUX,RUE PASTEUR CAUD,292876,0,4,VC,0,2,2,,,0,1,,,,1,7,0,1,0,0
1,6,2,1,3,33,FRANCE,AQUITAINE,039,33039,BEGLES,COURS VICTOR HUGO,292877,0,4,VC,0,2,2,,,0,1,,,,1,7,0,1,0,0
1,8,1,1,6,33,FRANCE,AQUITAINE,063,33063,BORDEAUX,BOULEVARD ALFRED DANEY,292887,0,4,VC,0,3,2,,,0,1,,,,1,7,0,1,0,0
1,8,1,1,7,33,FRANCE,AQUITAINE,063,33063,BORDEAUX,RUE GODARD CAUD,292896,0,4,VC,0,1,1,,,0,1,,,,1,,0,1,0,0
1,1,1,1,1,33,FRANCE,AQUITAINE,130,33130,COIMERES,Autre 0,292922,0,9,Autre,0,2,1,30,0,0,1,4449400,-22600,,1,7,0,1,0,0
4,8,1,1,6,33,FRANCE,AQUITAINE,063,33063,BORDEAUX,COURS MARC NOUAUX,292933,0,4,VC,0,2,2,,,0,1,,,,1,,0,1,0,0
5,8,1,1,7,33,FRANCE,AQUITAINE,063,33063,BORDEAUX,RUE PROFESSEUR ANDRE LAMBINET,292936,0,4,VC,0,1,1,,,0,0,,,,1,,0,1,0,0
1,8,2,1,3,33,FRANCE,AQUITAINE,063,33063,BORDEAUX,RUE EDMOND MICHELET,292948,0,4,VC,0,1,2,,,3,1,,,,1,14,0,0,0,1
1,6,6,1,3,33,FRANCE,AQUITAINE,243,33243,LIBOURNE,PLACE DE LA CROIX ROUGE,292962,0,4,VC,0,1,1,,,0,5,,,,1,7,0,1,0,0