lum,agg,int,atm,col,dep_bis,pays,region,com_bis,com_codeINSEE,communes,N_voie,numac,infra,catr,type_route,voie,circ,nbv,pr,pr1,vosp,situ,lat,long,adr,accident_velo,vehicule_imp,cycl_mort,cycl_bgv,cycl_blg,cycl_indm
1,1,3,1,3,33,FRANCE,AQUITAINE,035,33035,BAYON-SUR-GIRONDE,RD 669,292964,0,3,RD,669,2,2,9,430,0,1,4505900,-59800,,1,7,0,1,0,0
5,6,2,1,3,33,FRANCE,AQUITAINE,243,33243,LIBOURNE,RUES DES CHAIS,292981,0,4,VC,,1,1,,,0,1,,,,1,7,0,1,0,0
2,8,1,1,3,33,FRANCE,AQUITAINE,063,33063,BORDEAUX,BOULEVARD DU PRESIDENT FRANKLIN ROOSEVELT,292993,0,4,VC,0,3,5,,,2,1,,,,1,7,0,1,0,0
1,1,1,1,1,33,FRANCE,AQUITAINE,205,33205,ILLATS,RD 109,292996,0,3,RD,109,2,2,22,700,0,1,4461800,-40800,,1,14,0,1,0,0
1,1,1,1,1,33,FRANCE,AQUITAINE,293,33293,MONTUSSAN,Autre 0,293002,0,9,Autre,0,0,0,0,0,0,0,0,0,,1,7,0,1,0,0
1,4,1,1,3,33,FRANCE,AQUITAINE,402,33402,SAINTE-FOY-LA-GRANDE,RD 936,293006,5,3,RD,936,2,2,0,0,0,0,0,0,,1,7,0,1,0,0
1,6,1,1,6,33,FRANCE,AQUITAINE,529,33529,TESTE-DE-BUCH (LA),BOULEVARD DE CUREPIPE ,293016,0,3,RD,0,2,2,,,0,1,,,,1,7,0,1,0,0
1,8,5,1,3,33,FRANCE,AQUITAINE,063,33063,BORDEAUX,COURS DE L'ARGONNE,293033,4,4,VC,0,2,3,0,0,0,1,5987550,-160676,,1,,0,1,0,0
1,7,6,1,3,33,FRANCE,AQUITAINE,281,33281,MERIGNAC,AVENUE ROLAND GARROS,293046,0,4,VC,0,2,0,,,0,1,,,,1,14,0,1,0,0
1,8,2,1,1,33,FRANCE,AQUITAINE,063,33063,BORDEAUX,RUE DE VINCENNES,293049,0,4,VC,0,2,2,,,0,1,,,,1,7,0,1,0,0
1,7,2,1,3,33,FRANCE,AQUITAINE,318,33318,PESSAC,VOIE DU TRAMWAY,293057,4,5,Hors_reseau,0,2,2,,,3,0,,,,1,40,0,1,0,0
2,8,1,1,3,33,FRANCE,AQUITAINE,063,33063,BORDEAUX,RUE DE PESSAC,293058,0,4,VC,0,2,2,,,0,1,,,,1,7,0,1,0,0
1,6,6,1,6,33,FRANCE,AQUITAINE,249,33249,LORMONT,AVENUE DE LA RESISTANCE,293059,0,3,RD,0,3,2,,,0,1,,,,1,7,0,1,0,0
1,8,3,1,3,33,FRANCE,AQUITAINE,063,33063,BORDEAUX,RUE DE LA PELOUSE DE DOUET,293065,0,4,VC,0,4,3,,,0,1,,,,1,7,0,1,0,0
5,1,2,1,3,33,FRANCE,AQUITAINE,249,33249,LORMONT,ROUTE NATIONALE 230,293086,3,2,RN,230,1,1,42,602,0,1,,,,1,7,0,1,0,0
1,5,1,1,1,33,FRANCE,AQUITAINE,366,33366,SAINT-ANDRE-DE-CUBZAC,RD 142,293090,0,3,RD,142,2,2,0,0,0,1,0,0,,1,10,0,1,0,0
5,8,3,1,3,33,FRANCE,AQUITAINE,063,33063,BORDEAUX,RUE DE LA CROIX BLANCHE,293099,0,4,VC,0,2,2,,,0,1,,,,1,7,0,1,0,0
5,2,1,8,1,33,FRANCE,AQUITAINE,396,33396,SAINT-ETIENNE-DE-LISSE,RD 130,293110,0,3,RD,130,2,2,7,100,0,1,0,0,,1,7,0,1,0,0
3,1,1,1,5,33,FRANCE,AQUITAINE,274,33274,MARTILLAC,RD 214,293114,0,3,RD,214,2,2,0,0,0,1,4472100,-52700,,1,7,0,1,0,0
1,4,1,1,3,33,FRANCE,AQUITAINE,240,33240,LESPARRE-MEDOC,Autre 0,293118,0,9,Autre,0,2,1,0,0,0,4,4531800,-92500,,1,30,0,1,0,0
1,8,2,1,3,33,FRANCE,AQUITAINE,063,33063,BORDEAUX,RUE DE SEGUR,293146,0,4,VC,0,1,1,,,0,1,,,,1,7,0,1,0,0
5,8,2,2,3,33,FRANCE,AQUITAINE,063,33063,BORDEAUX,RUE CLAUDE BONNIER,293152,0,4,VC,0,2,3,,,0,1,,,,1,7,0,1,0,0
1,5,1,1,3,33,FRANCE,AQUITAINE,236,33236,LEGE-CAP-FERRET,RD 106,293198,0,3,RD,106,2,0,0,0,1,5,0,0,,1,7,0,1,0,0
5,6,6,1,2,33,FRANCE,AQUITAINE,449,33449,SAINT-MEDARD-EN-JALLES,RD 6,293200,5,3,RD,6,0,1,0,0,0,1,0,0,,1,7,0,1,0,0
1,6,1,1,6,33,FRANCE,AQUITAINE,449,33449,SAINT-MEDARD-EN-JALLES,VC 0,293212,0,4,VC,0,2,2,0,0,0,1,0,0,,1,14,0,1,0,0
1,1,1,1,6,33,FRANCE,AQUITAINE,438,33438,SAINT-MAIXANT,RD 10,293232,0,3,RD,10,2,2,12,65,0,1,4457700,-24900,,1,,0,1,0,1
1,1,1,1,4,33,FRANCE,AQUITAINE,084,33084,CAMBES,RD 10,293241,0,3,RD,10,2,0,88,750,0,1,0,0,,1,7,0,1,0,0
5,5,6,1,1,33,FRANCE,AQUITAINE,227,33227,LANGON,RN 562,293259,5,2,RN,562,0,0,0,0,0,1,0,0,,1,7,0,1,0,0
1,1,1,1,1,33,FRANCE,AQUITAINE,538,33538,VALEYRAC,RD 201,293293,0,3,RD,201,2,2,9,560,0,1,0,0,,1,14,0,1,0,0
1,1,1,1,2,33,FRANCE,AQUITAINE,154,33154,EGLISOTTES-ET-CHALAURES (LES),RD 674,293312,0,3,RD,674,2,0,0,0,0,1,0,0,,1,7,0,1,0,0
1,5,1,1,3,33,FRANCE,AQUITAINE,199,33199,GUJAN-MESTRAS,VC 0,293333,0,4,VC,0,2,2,0,0,0,1,0,0,,1,14,0,1,0,0
1,6,1,2,3,33,FRANCE,AQUITAINE,529,33529,TESTE-DE-BUCH (LA),AVENUE DU GENERAL LECLERC,293361,0,4,VC,0,1,2,,,0,1,,,,1,7,0,1,0,0
1,1,2,1,3,33,FRANCE,AQUITAINE,529,33529,TESTE-DE-BUCH (LA),BOULEVARD DE L'OCEAN,293362,0,4,VC,0,2,2,,,0,1,,,,1,7,0,1,0,0
5,8,3,2,6,33,FRANCE,AQUITAINE,063,33063,BORDEAUX,RUE DES FAURES,293372,0,4,VC,0,1,1,,,0,1,,,,1,7,0,1,0,0
1,6,1,1,6,33,FRANCE,AQUITAINE,069,33069,BOUSCAT (LE),RUE EMILE ZOLA,293377,0,4,VC,0,2,2,,,0,1,,,,1,7,0,1,0,0
1,8,2,1,3,33,FRANCE,AQUITAINE,063,33063,BORDEAUX,RUE BELLEVILLE,293380,0,4,VC,0,1,1,,,0,1,,,,1,7,0,1,0,0
1,8,6,1,3,33,FRANCE,AQUITAINE,063,33063,BORDEAUX,RUE GASTON MARCHOU,293382,5,4,VC,0,3,4,,,1,1,,,,1,7,0,1,0,0
1,6,5,1,3,33,FRANCE,AQUITAINE,192,33192,GRADIGNAN,ALLEE MEGEVIE,293401,0,4,VC,0,2,2,,,0,1,,,,1,7,0,1,0,0
5,6,3,1,3,33,FRANCE,AQUITAINE,192,33192,GRADIGNAN,RUE DE POUMEY,293408,0,4,VC,0,3,2,,,1,1,,,,1,7,0,1,0,0
5,8,2,1,3,33,FRANCE,AQUITAINE,063,33063,BORDEAUX,RUE BRIZARD,293411,0,4,VC,0,1,2,,,0,1,,,,1,7,0,1,0,0
1,7,1,1,6,33,FRANCE,AQUITAINE,281,33281,MERIGNAC,AVENUE DE LA MARNE,293423,0,4,VC,0,2,5,,,1,1,,,,1,,0,1,0,0
1,6,6,1,3,33,FRANCE,AQUITAINE,192,33192,GRADIGNAN,AVENUE DE L'HIPPODROME,293427,0,4,VC,0,3,2,,,0,1,,,,1,17,0,1,0,0
1,8,1,1,3,33,FRANCE,AQUITAINE,063,33063,BORDEAUX,AVENUE DE NONTRASTE,293432,0,4,VC,0,2,4,,,0,1,,,,1,7,0,1,0,0
1,8,1,1,7,33,FRANCE,AQUITAINE,063,33063,BORDEAUX,AVENUE DE LA REPUBLIQUE CAUD,293441,0,4,VC,0,1,2,,,2,1,,,,1,,0,1,0,0
1,8,2,1,3,33,FRANCE,AQUITAINE,063,33063,BORDEAUX,COURS D'ALBRET,293443,0,4,VC,0,2,4,,,0,1,,,,1,7,0,1,0,0
1,8,1,1,3,33,FRANCE,AQUITAINE,063,33063,BORDEAUX,COURS DE VERDUN,293458,0,4,VC,0,2,7,,,0,1,,,,1,33,0,1,0,0
1,8,1,1,1,33,FRANCE,AQUITAINE,063,33063,BORDEAUX,RUE BELLUS MAREILHAC CAUD,293459,0,4,VC,0,2,2,,,0,1,,,,1,7,0,1,0,0
1,6,1,7,6,33,FRANCE,AQUITAINE,522,33522,TALENCE,BOULEVARD DU PRESIDENT FRANKLIN ROOSEVELT,293460,0,4,VC,0,3,4,,,2,1,,,,1,,0,0,0,1
1,8,1,1,3,33,FRANCE,AQUITAINE,063,33063,BORDEAUX,RUE DES CARMES,293461,0,4,VC,0,1,1,,,3,1,,,,1,7,0,1,0,0
1,8,2,1,6,33,FRANCE,AQUITAINE,063,33063,BORDEAUX,ALLEE VERCINGETORIX,293464,0,4,VC,0,1,1,,,0,1,,,,1,7,0,1,0,0
1,7,3,1,3,33,FRANCE,AQUITAINE,318,33318,PESSAC,AVENUE ROGER COHE,293468,0,4,VC,0,1,1,,,0,1,,,,1,7,0,1,0,0
1,8,1,2,2,33,FRANCE,AQUITAINE,063,33063,BORDEAUX,QUAI DES CHARTRONS,293469,0,4,VC,0,3,8,,,2,1,,,,1,7,0,1,0,0
1,8,4,1,3,33,FRANCE,AQUITAINE,063,33063,BORDEAUX,AVENUE CARNOT CAUD,293471,0,4,VC,0,2,3,,,0,1,,,,1,7,0,1,0,0
1,8,2,1,3,33,FRANCE,AQUITAINE,063,33063,BORDEAUX,COURS BARBEY,293476,0,4,VC,0,2,3,,,0,1,,,,1,31,0,0,0,1
1,8,3,1,3,33,FRANCE,AQUITAINE,063,33063,BORDEAUX,RUE LAJARTE,293490,0,4,VC,0,1,1,,,0,1,,,,1,7,0,1,0,0
5,8,2,1,3,33,FRANCE,AQUITAINE,063,33063,BORDEAUX,RUE DE TAUZIA,293505,0,4,VC,0,3,3,,,0,1,,,,1,7,0,1,0,0
1,6,4,1,3,33,FRANCE,AQUITAINE,039,33039,BEGLES,RUE DES QUATRE CASTERA,293525,0,4,VC,0,2,2,,,0,1,,,,1,7,0,1,0,0
1,8,3,2,3,33,FRANCE,AQUITAINE,063,33063,BORDEAUX,COURS DE LA SOMME,293529,0,4,VC,0,2,2,,,0,1,,,,1,33,0,1,0,0
1,8,1,1,6,33,FRANCE,AQUITAINE,063,33063,BORDEAUX,BOULEVARD GEORGE V,293537,0,4,VC,0,1,2,,,0,1,,,,1,7,0,1,0,0
1,8,5,1,3,33,FRANCE,AQUITAINE,063,33063,BORDEAUX,BOULEVARD GEORGES POMPIDOU,293540,0,4,VC,0,3,4,,,2,1,,,,1,14,0,1,0,0
1,7,6,1,3,33,FRANCE,AQUITAINE,281,33281,MERIGNAC,AVENUE JEAN MACE,293543,0,4,VC,0,2,2,,,0,1,,,,1,7,0,1,0,0
5,8,1,1,3,33,FRANCE,AQUITAINE,063,33063,BORDEAUX,RUE DE LA CROIX BLANCHE,293563,0,4,VC,0,2,2,,,0,1,,,,1,30,0,1,0,0
5,8,1,1,7,33,FRANCE,AQUITAINE,063,33063,BORDEAUX,PLACE DE STALINGRAD,293572,4,4,VC,0,4,8,,,1,1,,,,1,,0,1,0,0
5,8,2,1,3,33,FRANCE,AQUITAINE,063,33063,BORDEAUX,COURS DE LA SOMME,293581,0,4,VC,0,2,2,,,0,1,,,,1,7,0,1,0,0
1,6,7,2,3,33,FRANCE,AQUITAINE,243,33243,LIBOURNE,COURS DES GIRONDINS,293586,0,4,VC,0,3,1,,,0,1,,,,1,10,0,1,0,0
1,1,1,1,1,34,FRANCE,LANGUEDOC-ROUSSILLON,185,34185,NOTRE-DAME-DE-LONDRES,RD 122,293632,0,3,RD,122,2,0,4,800,0,1,4379300,376000,,1,,0,1,0,0
2,8,3,2,3,34,FRANCE,LANGUEDOC-ROUSSILLON,172,34172,MONTPELLIER,RUE DE LA CROIX DE LAS CAZES,293662,5,4,VC,0,2,2,,,0,1,,,,1,7,0,1,0,0
5,1,2,1,3,34,FRANCE,LANGUEDOC-ROUSSILLON,129,34129,LATTES,ROUTE DE CARNON,293666,5,3,RD,0,3,6,,,1,1,,,,1,7,0,1,0,0
1,1,1,6,2,34,FRANCE,LANGUEDOC-ROUSSILLON,003,34003,AGDE,RN 112,293673,0,2,RN,0,3,4,44,0,0,1,,,,1,2,0,1,0,0
1,4,6,1,3,34,FRANCE,LANGUEDOC-ROUSSILLON,101,34101,FLORENSAC,VC 0,293699,5,4,VC,0,1,2,0,0,0,1,0,0,,1,7,0,1,0,0
2,1,1,1,2,34,FRANCE,LANGUEDOC-ROUSSILLON,145,34145,LUNEL,VC 0,293711,0,4,VC,0,2,1,0,0,0,1,0,0,,1,7,0,1,0,0
1,1,1,1,6,34,FRANCE,LANGUEDOC-ROUSSILLON,197,34197,PERET,RD 124,293761,0,3,RD,124,2,0,4,800,0,1,4357300,340300,,1,,0,1,0,0
1,1,2,1,1,34,FRANCE,LANGUEDOC-ROUSSILLON,143,34143,LOUPIAN,RD 158,293769,0,3,RD,158,2,2,0,0,0,1,0,0,,1,7,0,1,0,0
1,1,1,1,3,34,FRANCE,LANGUEDOC-ROUSSILLON,129,34129,LATTES,AVENUES DES PLATANES,293782,0,4,VC,0,2,2,,,0,1,,,,1,7,0,1,0,0
1,6,1,1,1,34,FRANCE,LANGUEDOC-ROUSSILLON,145,34145,LUNEL,VC 0,293792,0,4,VC,0,2,0,0,0,0,0,0,0,,1,7,0,1,0,0
1,1,1,1,7,34,FRANCE,LANGUEDOC-ROUSSILLON,267,34267,SAINT-JEAN-DE-FOS,RD 14,293805,0,3,RD,14,0,2,0,0,0,0,4371000,355600,,1,,0,1,0,0
1,8,1,1,3,34,FRANCE,LANGUEDOC-ROUSSILLON,172,34172,MONTPELLIER,COURS GAMBETTA,293845,0,4,VC,0,1,2,,,0,1,,,,1,7,0,1,0,0
1,8,1,1,6,34,FRANCE,LANGUEDOC-ROUSSILLON,172,34172,MONTPELLIER,BOULEVARD PEDRO DE LUNA,293848,0,4,VC,0,1,1,,,0,1,,,,1,,0,0,0,1
1,4,1,1,1,34,FRANCE,LANGUEDOC-ROUSSILLON,276,34276,SAINT-MATHIEU-DE-TREVIERS,VC 0,293860,0,4,VC,0,1,0,0,0,0,1,0,0,,1,7,0,1,0,0
1,1,1,1,3,34,FRANCE,LANGUEDOC-ROUSSILLON,142,34142,LODEVE,Autre 0,293868,0,9,Autre,0,0,0,0,0,0,1,0,0,,1,7,0,1,0,0
1,1,6,1,1,34,FRANCE,LANGUEDOC-ROUSSILLON,210,34210,POUGET (LE),RD 2,293869,5,3,RD,2,2,0,0,0,0,1,4359800,350000,,1,7,0,1,0,0
1,4,1,1,3,34,FRANCE,LANGUEDOC-ROUSSILLON,332,34332,VIAS,RD 112,293872,0,3,RD,112,2,2,0,0,0,1,0,0,,1,33,0,1,0,0
1,1,1,1,3,34,FRANCE,LANGUEDOC-ROUSSILLON,312,34312,TOUR-SUR-ORB (LA),RD 23,293883,0,3,RD,23,2,2,10,10,0,1,4366000,314400,,1,7,0,1,0,0
1,2,1,1,3,34,FRANCE,LANGUEDOC-ROUSSILLON,059,34059,CAUNETTE (LA),RD 177,293884,0,3,RD,177,2,2,0,0,0,1,0,0,,1,7,0,1,0,0
1,5,1,1,3,34,FRANCE,LANGUEDOC-ROUSSILLON,270,34270,SAINT-JEAN-DE-VEDAS,RN 113,293904,0,2,RN,113,0,0,0,0,0,1,4357500,381300,,1,7,0,1,0,0
1,5,6,1,3,34,FRANCE,LANGUEDOC-ROUSSILLON,192,34192,PALAVAS-LES-FLOTS,RD 62,293910,0,3,RD,62,1,2,4,300,0,1,4353900,394000,,1,7,0,1,0,0
1,4,1,1,1,34,FRANCE,LANGUEDOC-ROUSSILLON,169,34169,MONTFERRIER-SUR-LEZ,RD 112,293958,5,3,RD,112,2,3,10,475,3,1,0,0,,1,7,0,1,0,0
1,5,1,6,2,34,FRANCE,LANGUEDOC-ROUSSILLON,003,34003,AGDE,MITTERRAND,293963,0,4,VC,0,1,3,,,0,1,,,,1,7,0,1,0,0
1,1,6,1,2,34,FRANCE,LANGUEDOC-ROUSSILLON,057,34057,CASTELNAU-LE-LEZ,RD 65,293977,0,3,RD,65,2,2,0,0,0,1,0,0,,1,7,0,1,0,0
1,5,1,7,3,34,FRANCE,LANGUEDOC-ROUSSILLON,344,34344,GRANDE-MOTTE (LA),VC 0,293978,0,4,VC,0,2,3,0,0,0,1,4356700,408400,,1,7,0,1,0,0
1,1,1,1,7,34,FRANCE,LANGUEDOC-ROUSSILLON,168,34168,MONTESQUIEU,RD 146,293986,0,3,RD,146,2,2,0,0,0,1,4355200,328700,,1,,0,1,0,0
1,8,2,1,3,34,FRANCE,LANGUEDOC-ROUSSILLON,172,34172,MONTPELLIER,AVENUE DU MONDIAL 98,294021,0,4,VC,0,2,2,,,3,5,,,,1,19,0,1,0,0
1,4,3,1,3,34,FRANCE,LANGUEDOC-ROUSSILLON,324,34324,VALRAS-PLAGE,VC 0,294042,5,4,VC,0,2,2,0,0,0,1,0,0,,1,7,0,1,0,0
1,1,1,1,3,34,FRANCE,LANGUEDOC-ROUSSILLON,299,34299,SERIGNAN,RD 64,294063,0,3,RD,64,2,2,8,100,0,1,0,0,,1,7,0,1,0,0
1,1,1,1,1,34,FRANCE,LANGUEDOC-ROUSSILLON,337,34337,VILLENEUVE-LES-MAGUELONE,RD 116,294067,0,3,RD,116,0,0,12,955,0,1,4352500,383000,,1,7,0,1,0,0
1,5,1,1,7,34,FRANCE,LANGUEDOC-ROUSSILLON,003,34003,AGDE,RUE DU MONT-SAINT LOUP,294073,0,4,VC,0,1,1,,,0,1,,,,1,,0,1,0,0
5,8,1,1,2,34,FRANCE,LANGUEDOC-ROUSSILLON,172,34172,MONTPELLIER,RUE PAUL RIMBAUD,294079,0,4,VC,0,2,4,,,0,1,,,,1,7,0,1,0,0
1,1,1,7,3,34,FRANCE,LANGUEDOC-ROUSSILLON,333,34333,VIC-LA-GARDIOLE,RD 612,294101,0,3,RD,612,3,2,12,260,0,1,0,0,,1,10,0,1,0,0
1,5,1,1,2,34,FRANCE,LANGUEDOC-ROUSSILLON,003,34003,AGDE,MONACO,294102,0,4,VC,0,2,2,,,0,1,4330888,347703,,1,7,0,1,0,0
1,8,2,1,3,34,FRANCE,LANGUEDOC-ROUSSILLON,172,34172,MONTPELLIER,AVENUE DES MOULINS,294114,5,4,VC,0,3,2,,,0,1,4363383,384327,,1,7,0,1,0,0
5,6,1,5,6,34,FRANCE,LANGUEDOC-ROUSSILLON,301,34301,SETE,PROMENADE MARTY JEAN BAPTISTE,294123,0,4,VC,0,1,2,,,0,1,,,,1,7,0,1,0,0
1,4,1,1,2,34,FRANCE,LANGUEDOC-ROUSSILLON,324,34324,VALRAS-PLAGE,VC 0,294135,0,4,VC,0,2,2,0,0,0,1,4325200,329400,,1,7,0,1,0,0
1,3,1,1,3,34,FRANCE,LANGUEDOC-ROUSSILLON,119,34119,HEREPIAN,RD 908,294162,0,3,RD,908,2,0,37,0,0,1,4359800,311100,,1,7,0,1,0,0
1,8,1,1,6,34,FRANCE,LANGUEDOC-ROUSSILLON,172,34172,MONTPELLIER,BOULEVARD DE STRASBOURG,294189,4,4,VC,0,2,2,,,3,0,4360350,388782,,1,,0,0,0,1
1,5,2,1,3,34,FRANCE,LANGUEDOC-ROUSSILLON,327,34327,VENDARGUES,RD 65,294197,5,3,RD,65,2,0,0,0,0,1,0,0,,1,7,0,1,0,0
1,1,1,1,2,34,FRANCE,LANGUEDOC-ROUSSILLON,077,34077,CLAPIERS,RD 65,294208,0,3,RD,65,2,0,9,600,1,5,4365800,387900,,1,7,0,1,0,0
1,8,1,1,7,34,FRANCE,LANGUEDOC-ROUSSILLON,172,34172,MONTPELLIER,RUE DE CAMBRIDGE,294228,0,4,VC,0,2,2,,,0,1,4361078,387620,,1,7,0,1,0,0
1,5,1,1,2,34,FRANCE,LANGUEDOC-ROUSSILLON,154,34154,MAUGUIO,VC 0,294236,0,4,VC,0,2,2,0,0,0,1,4362100,399600,,1,7,0,1,0,0
1,8,2,2,3,34,FRANCE,LANGUEDOC-ROUSSILLON,172,34172,MONTPELLIER,AVENUE D'ASSAS,294262,5,4,VC,0,1,2,,,1,1,4361278,386756,,1,31,0,0,0,1
1,1,9,1,1,34,FRANCE,LANGUEDOC-ROUSSILLON,129,34129,LATTES,ROND-POINT CD21-CD58,294269,1,9,Autre,0,0,0,,,1,5,,,,1,,0,1,0,0
1,1,1,1,7,34,FRANCE,LANGUEDOC-ROUSSILLON,056,34056,CASTELNAU-DE-GUERS,RD 32,294289,2,3,RD,32,2,0,0,0,0,3,0,0,,1,,0,1,0,0
1,1,1,1,1,34,FRANCE,LANGUEDOC-ROUSSILLON,247,34247,SAINT-CLEMENT-DE-RIVIERE,RD 112,294292,0,3,RD,112,2,2,5,720,0,1,0,0,,1,7,0,1,0,0
1,8,3,1,3,34,FRANCE,LANGUEDOC-ROUSSILLON,172,34172,MONTPELLIER,AVENUE DE LA POMPIGNANE,294309,5,4,VC,0,2,5,,,1,1,,,,1,33,0,0,0,1
1,1,1,1,6,34,FRANCE,LANGUEDOC-ROUSSILLON,144,34144,LUNAS,RD 35,294329,0,3,RD,35,2,0,10,480,0,1,0,0,,1,7,0,1,0,0
1,3,1,1,3,34,FRANCE,LANGUEDOC-ROUSSILLON,039,34039,BOUZIGUES,VC 0,294343,5,4,VC,0,2,2,0,0,0,1,4345300,365600,,1,7,0,1,0,0
1,1,6,1,3,34,FRANCE,LANGUEDOC-ROUSSILLON,169,34169,MONTFERRIER-SUR-LEZ,RD 65,294345,0,3,RD,65,1,0,0,0,0,1,0,0,,1,7,0,1,0,0
3,1,3,1,3,34,FRANCE,LANGUEDOC-ROUSSILLON,003,34003,AGDE,NOTRE DAME SAINT MARTIN,294347,0,4,VC,0,2,0,,,0,1,,,,1,7,0,1,0,0
1,1,1,7,2,34,FRANCE,LANGUEDOC-ROUSSILLON,129,34129,LATTES,ROUTE DE PALAVAS,294366,2,3,RD,0,3,3,,,0,1,,,,1,10,0,1,0,0
1,1,6,1,3,34,FRANCE,LANGUEDOC-ROUSSILLON,172,34172,MONTPELLIER,ROND-POINT DU RIEUCOULON,294368,0,2,RN,0,1,2,,,0,1,,,,1,17,0,1,0,0
1,1,2,1,7,34,FRANCE,LANGUEDOC-ROUSSILLON,129,34129,LATTES,ROUTE DE CARNON,294370,3,3,RD,0,3,8,,,1,5,,,,1,,0,1,0,0
1,1,3,1,3,34,FRANCE,LANGUEDOC-ROUSSILLON,301,34301,SETE,RD2 Route de Balaruc,294371,0,3,RD,0,2,5,,,2,1,,,,1,10,0,1,0,0
1,5,3,1,3,34,FRANCE,LANGUEDOC-ROUSSILLON,142,34142,LODEVE,Autre 0,294441,0,9,Autre,0,2,2,0,0,0,1,0,0,,1,7,0,1,0,0
2,1,1,1,2,34,FRANCE,LANGUEDOC-ROUSSILLON,123,34123,JUVIGNAC,RD 5,294448,0,3,RD,5,2,2,7,0,0,1,4363400,377500,,1,7,0,1,0,0
1,5,1,1,2,34,FRANCE,LANGUEDOC-ROUSSILLON,003,34003,AGDE,PITET,294451,0,4,VC,0,2,1,,,0,1,,,,1,7,0,1,0,0
1,1,3,1,6,34,FRANCE,LANGUEDOC-ROUSSILLON,129,34129,LATTES,AVENUE DES MONTOUZERES,294457,0,4,VC,0,2,2,,,0,1,,,,1,7,0,1,0,0
1,1,6,1,3,34,FRANCE,LANGUEDOC-ROUSSILLON,172,34172,MONTPELLIER,ROND-POINT DU MAS D'ASTRE,294463,5,4,VC,0,1,2,,,0,1,,,,1,7,0,1,0,0
1,5,6,1,1,34,FRANCE,LANGUEDOC-ROUSSILLON,129,34129,LATTES,AVENUE DE SEPTIMANIE,294464,5,4,VC,0,2,2,,,0,1,4356354,387478,,1,7,0,1,0,0
5,5,1,1,3,34,FRANCE,LANGUEDOC-ROUSSILLON,198,34198,PEROLS,ROUTE DE CARNON,294465,0,3,RD,0,0,2,,,1,5,,,,1,7,0,1,0,0
1,5,2,1,3,34,FRANCE,LANGUEDOC-ROUSSILLON,003,34003,AGDE,JANIN,294491,5,4,VC,0,2,2,,,0,1,,,,1,7,0,1,0,0
1,4,1,1,7,34,FRANCE,LANGUEDOC-ROUSSILLON,307,34307,SUSSARGUES,RD 54,294581,0,3,RD,54,3,0,6,400,0,1,4371700,400500,,1,,0,1,0,0
1,1,3,1,3,34,FRANCE,LANGUEDOC-ROUSSILLON,003,34003,AGDE,RD 32,294602,0,3,RD,0,2,2,,,0,1,,,,1,7,0,1,0,0
1,7,4,1,2,34,FRANCE,LANGUEDOC-ROUSSILLON,032,34032,BEZIERS,AVENUE DU PONT VIEUX,294609,2,4,VC,0,1,1,,,0,1,,,,1,7,0,1,0,0
1,8,1,1,2,34,FRANCE,LANGUEDOC-ROUSSILLON,172,34172,MONTPELLIER,AVENUE DE VILLENEUVE-ANGOULEME,294616,5,4,VC,0,1,1,,,3,1,4359084,386602,,1,40,0,1,0,0
1,1,1,6,7,34,FRANCE,LANGUEDOC-ROUSSILLON,032,34032,BEZIERS,BOULEVARD DU LANGUEDOC,294639,0,4,VC,0,2,2,,,0,1,,,,1,,0,1,0,0
1,8,3,1,3,34,FRANCE,LANGUEDOC-ROUSSILLON,172,34172,MONTPELLIER,RUE DE VALENCAY,294655,0,4,VC,0,1,2,,,0,1,4361020,388430,,1,7,0,1,0,0
5,8,1,1,7,34,FRANCE,LANGUEDOC-ROUSSILLON,172,34172,MONTPELLIER,CHEMIN DE MOULARES,294661,0,9,Autre,0,1,1,,,1,5,,,,1,,0,1,0,0
1,1,1,1,6,34,FRANCE,LANGUEDOC-ROUSSILLON,082,34082,COMBAILLAUX,RD 127,294686,0,3,RD,127,2,0,12,800,0,3,0,0,,1,,0,1,0,0
1,2,1,1,1,34,FRANCE,LANGUEDOC-ROUSSILLON,017,34017,AUMES,VC 0,294701,0,4,VC,0,2,0,0,0,0,1,4346900,346200,,1,10,0,1,0,0
5,1,1,2,2,34,FRANCE,LANGUEDOC-ROUSSILLON,301,34301,SETE,ROUTE DE BALARUC,294710,0,3,RD,0,2,4,,,1,1,,,,1,10,0,1,0,0
1,5,1,1,2,34,FRANCE,LANGUEDOC-ROUSSILLON,003,34003,AGDE,MITTERRAND,294712,0,4,VC,0,3,4,,,0,1,,,,1,7,0,1,0,0
1,5,1,1,2,34,FRANCE,LANGUEDOC-ROUSSILLON,003,34003,AGDE,ROND-point MEDITERRANNEE,294713,0,4,VC,0,1,1,,,0,1,,,,1,10,0,1,0,0
1,8,1,1,6,34,FRANCE,LANGUEDOC-ROUSSILLON,172,34172,MONTPELLIER,RUE DE LAS SORBES,294718,0,4,VC,0,2,2,,,0,1,,,,1,7,0,1,0,0
5,8,1,1,7,34,FRANCE,LANGUEDOC-ROUSSILLON,172,34172,MONTPELLIER,AVENUE DU PERE SOULAS,294720,0,4,VC,0,2,2,,,0,1,,,,1,,0,1,0,0