lum,agg,int,atm,col,dep_bis,pays,region,com_bis,com_codeINSEE,communes,N_voie,numac,infra,catr,type_route,voie,circ,nbv,pr,pr1,vosp,situ,lat,long,adr,accident_velo,vehicule_imp,cycl_mort,cycl_bgv,cycl_blg,cycl_indm
1,5,4,1,3,34,FRANCE,LANGUEDOC-ROUSSILLON,129,34129,LATTES,ROUTE DE CARNON,294722,0,4,VC,0,2,5,,,2,5,4358575,391995,,1,7,0,1,0,0
1,5,1,1,1,34,FRANCE,LANGUEDOC-ROUSSILLON,058,34058,CASTRIES,VC 0,294728,0,4,VC,0,2,2,0,0,0,1,4367000,398000,,1,7,0,1,0,0
1,4,1,1,3,34,FRANCE,LANGUEDOC-ROUSSILLON,069,34069,CAZOULS-LES-BEZIERS,RD 14,294755,0,3,RD,14,2,0,0,0,0,1,4339800,310200,,1,7,0,1,0,0
1,1,1,1,2,34,FRANCE,LANGUEDOC-ROUSSILLON,299,34299,SERIGNAN,RD 64,294757,0,3,RD,64,2,2,3,450,0,1,4329700,329300,,1,7,0,1,0,0
1,8,3,1,1,34,FRANCE,LANGUEDOC-ROUSSILLON,172,34172,MONTPELLIER,RUE DE LA MARQUEROSE,294781,0,4,VC,0,2,2,,,0,1,4359151,387363,,1,7,0,1,0,0
1,8,1,1,3,34,FRANCE,LANGUEDOC-ROUSSILLON,172,34172,MONTPELLIER,MARIE DE MONTPELLIER,294782,0,4,VC,0,2,5,,,0,1,4360071,389766,,1,33,0,1,0,0
5,5,1,1,7,34,FRANCE,LANGUEDOC-ROUSSILLON,198,34198,PEROLS,AVENUE DES ADRETS,294783,0,4,VC,0,2,2,,,0,1,4356555,394113,,1,,0,1,0,0
1,8,1,1,3,34,FRANCE,LANGUEDOC-ROUSSILLON,172,34172,MONTPELLIER,RUE DU PRE AUX CLERCS,294788,0,4,VC,0,2,2,,,0,1,4362578,387172,,1,10,0,1,0,0
2,2,1,1,1,34,FRANCE,LANGUEDOC-ROUSSILLON,106,34106,FOZIERES,RD 149,294805,0,3,RD,149,2,2,0,0,0,1,4375600,335900,,1,7,0,1,0,0
1,1,2,1,2,34,FRANCE,LANGUEDOC-ROUSSILLON,192,34192,PALAVAS-LES-FLOTS,RD 62,294815,0,3,RD,62,2,2,0,0,0,0,0,0,,1,10,0,1,0,0
1,5,6,1,3,34,FRANCE,LANGUEDOC-ROUSSILLON,129,34129,LATTES,AVENUE DE L'EUROPE,294827,0,4,VC,0,2,2,,,0,0,4357160,391502,,1,7,0,1,0,0
1,7,1,1,1,34,FRANCE,LANGUEDOC-ROUSSILLON,032,34032,BEZIERS,RD 19 DOMAINE DE LA GALINIERE,294844,0,3,RD,0,2,2,,,0,1,,,,1,7,0,1,0,0
1,8,1,1,2,34,FRANCE,LANGUEDOC-ROUSSILLON,172,34172,MONTPELLIER,AVENUE DE L'EUROPE,294848,0,4,VC,0,2,3,,,0,1,4363078,382258,,1,7,0,1,0,0
1,1,3,1,1,34,FRANCE,LANGUEDOC-ROUSSILLON,031,34031,BESSAN,RD 137,294882,0,3,RD,137,2,2,0,0,0,1,0,0,,1,7,0,1,0,0
2,1,6,1,3,34,FRANCE,LANGUEDOC-ROUSSILLON,198,34198,PEROLS,ROUTE DE CARNON,294889,0,3,RD,0,1,3,,,1,1,,,,1,7,0,1,0,0
1,8,3,1,3,34,FRANCE,LANGUEDOC-ROUSSILLON,172,34172,MONTPELLIER,RUE DE NAZARETH,294891,0,4,VC,0,2,2,,,0,0,4362084,387717,,1,7,0,1,0,0
1,5,3,1,3,34,FRANCE,LANGUEDOC-ROUSSILLON,003,34003,AGDE,RUE DE BARCELONE,294902,0,4,VC,0,1,2,,,0,1,,,,1,7,0,1,0,0
3,1,2,1,2,34,FRANCE,LANGUEDOC-ROUSSILLON,032,34032,BEZIERS,RD 14,295002,0,3,RD,14,2,2,69,560,0,1,4331588,319340,,1,7,0,1,0,0
5,6,1,2,3,34,FRANCE,LANGUEDOC-ROUSSILLON,145,34145,LUNEL,RD 613,295020,0,3,RD,613,2,2,4,400,2,1,4367726,412103,,1,2,0,1,0,0
1,5,1,1,1,34,FRANCE,LANGUEDOC-ROUSSILLON,057,34057,CASTELNAU-LE-LEZ,VC 0,295032,0,4,VC,0,2,0,0,0,1,5,4363570,390919,,1,14,0,1,0,0
1,1,1,1,7,34,FRANCE,LANGUEDOC-ROUSSILLON,320,34320,VAILHAUQUES,RD 111,295035,0,3,RD,111,4,1,11,840,0,3,4364518,373370,,1,,0,1,0,0
1,7,3,1,1,34,FRANCE,LANGUEDOC-ROUSSILLON,032,34032,BEZIERS,RUE HONORE DE BALZAC,295051,0,4,VC,,2,2,,,0,0,4334990,322690,,1,7,0,1,0,0
1,5,6,1,1,34,FRANCE,LANGUEDOC-ROUSSILLON,079,34079,CLERMONT-L'HERAULT,,295064,0,4,VC,,2,0,,0,0,1,4362100,345500,,1,7,0,1,0,0
1,5,1,1,7,34,FRANCE,LANGUEDOC-ROUSSILLON,003,34003,AGDE,NOTRE DAME SAINT MARTIN,295077,0,4,VC,,2,2,,,0,1,4328880,347125,,1,,0,1,0,0
1,1,1,1,2,34,FRANCE,LANGUEDOC-ROUSSILLON,003,34003,AGDE,RD 612,295079,3,3,RD,612,1,3,44,865,0,1,,,,1,7,0,1,0,0
1,5,1,1,2,34,FRANCE,LANGUEDOC-ROUSSILLON,003,34003,AGDE,GENTILSHOMMES,295083,0,4,VC,,1,3,,,0,1,4329085,350675,,1,7,0,1,0,0
1,1,1,1,6,34,FRANCE,LANGUEDOC-ROUSSILLON,151,34151,MARSILLARGUES,RD 34,295098,0,3,RD,34,2,0,0,0,0,1,0,0,,1,,0,1,0,0
1,1,1,1,6,34,FRANCE,LANGUEDOC-ROUSSILLON,079,34079,CLERMONT-L'HERAULT,RD 908,295099,0,3,RD,908,2,2,75,500,0,1,4364392,347170,,1,7,0,1,0,0
1,5,2,1,3,34,FRANCE,LANGUEDOC-ROUSSILLON,327,34327,VENDARGUES,VC 0,295105,0,4,VC,0,2,2,0,0,0,1,4366500,397400,,1,7,0,1,0,0
1,1,1,6,2,34,FRANCE,LANGUEDOC-ROUSSILLON,299,34299,SERIGNAN,RD 64,295109,0,3,RD,64,2,0,4,300,0,1,4328223,328724,,1,7,0,1,0,0
1,8,1,1,3,34,FRANCE,LANGUEDOC-ROUSSILLON,172,34172,MONTPELLIER,ROUTE DE GANGES,295144,2,3,RD,0,3,2,,,0,1,,,,1,7,0,1,0,0
5,8,3,1,7,34,FRANCE,LANGUEDOC-ROUSSILLON,172,34172,MONTPELLIER,RUE MARCEL PAGNOL ,295146,0,4,VC,0,2,2,,,0,1,4359179,388664,,1,,0,1,0,0
1,5,1,1,6,34,FRANCE,LANGUEDOC-ROUSSILLON,003,34003,AGDE,SAINT VINCENT,295152,0,4,VC,0,1,1,,,0,1,,,,1,99,0,1,0,0
1,5,1,8,6,34,FRANCE,LANGUEDOC-ROUSSILLON,003,34003,AGDE,RICHELIEU,295154,0,4,VC,0,2,2,,,0,1,4331501,347146,,1,7,0,1,0,0
1,1,1,1,3,34,FRANCE,LANGUEDOC-ROUSSILLON,081,34081,COLOMBIERS,VC 0,295167,0,4,VC,0,2,0,0,0,0,1,0,0,,1,,0,1,0,0
1,7,6,1,2,34,FRANCE,LANGUEDOC-ROUSSILLON,032,34032,BEZIERS,TUNNEL DE L'HOURS,295173,1,4,VC,0,2,1,,,0,1,,,,1,7,0,1,0,0
1,8,3,1,3,34,FRANCE,LANGUEDOC-ROUSSILLON,172,34172,MONTPELLIER,RUE DE L'ECOLE DE MEDECINE ,295188,0,4,VC,0,2,2,,,0,1,,,,1,7,0,1,0,0
1,1,1,1,2,34,FRANCE,LANGUEDOC-ROUSSILLON,082,34082,COMBAILLAUX,RD 127,295205,0,3,RD,127,2,0,2,800,0,1,0,0,,1,7,0,1,0,0
1,1,1,7,1,34,FRANCE,LANGUEDOC-ROUSSILLON,199,34199,PEZENAS,RD 13,295206,0,3,RD,13,2,0,2,5,0,1,4344100,341700,,1,15,0,1,0,0
1,5,1,1,3,34,FRANCE,LANGUEDOC-ROUSSILLON,150,34150,MARSEILLAN,RD 612,295218,0,3,RD,612,2,2,43,500,0,1,0,0,,1,7,0,1,0,0
1,1,1,1,1,34,FRANCE,LANGUEDOC-ROUSSILLON,282,34282,SAINT-PAUL-ET-VALMALLE,RD 619,295225,0,3,RD,619,2,2,0,0,0,1,4363200,369000,,1,10,0,1,0,0
1,4,1,1,3,34,FRANCE,LANGUEDOC-ROUSSILLON,134,34134,LAVERUNE,VC 0,295226,0,4,VC,0,2,0,0,0,0,1,4358800,381200,,1,7,0,1,0,0
1,5,1,1,3,34,FRANCE,LANGUEDOC-ROUSSILLON,003,34003,AGDE,GENTILSHOMMES,295230,0,4,VC,0,0,2,,,0,1,,,,1,7,0,1,0,0
1,5,1,1,3,34,FRANCE,LANGUEDOC-ROUSSILLON,003,34003,AGDE,MARSEILLAN,295240,0,3,RD,0,2,2,,,0,1,,,,1,7,0,1,0,0
1,1,1,2,2,34,FRANCE,LANGUEDOC-ROUSSILLON,172,34172,MONTPELLIER,AVENUE DE PALAVAS,295262,0,3,RD,986,2,6,48,280,0,1,4358746,389302,,1,10,0,1,0,0
1,6,3,1,3,34,FRANCE,LANGUEDOC-ROUSSILLON,301,34301,SETE,RUE JEAN JAURES,295277,0,4,VC,0,1,1,,,0,1,4340495,369132,,1,7,0,1,0,0
1,1,1,7,3,34,FRANCE,LANGUEDOC-ROUSSILLON,145,34145,LUNEL,RD 17,295279,0,3,RD,17,2,0,0,0,0,1,0,0,,1,7,0,1,0,0
1,1,1,1,1,34,FRANCE,LANGUEDOC-ROUSSILLON,063,34063,CAUX,RD 13,295290,0,3,RD,13,2,2,0,0,0,1,4350500,337800,,1,7,0,1,0,0
1,1,1,1,1,34,FRANCE,LANGUEDOC-ROUSSILLON,332,34332,VIAS,RD 612,295314,0,3,RD,612,2,3,57,800,0,1,4331440,336636,,1,10,0,1,0,0
1,4,1,1,3,34,FRANCE,LANGUEDOC-ROUSSILLON,298,34298,SAUVIAN,VC 0,295317,0,4,VC,0,2,2,0,0,0,1,0,0,,1,7,0,1,0,0
1,3,1,1,6,34,FRANCE,LANGUEDOC-ROUSSILLON,038,34038,BOUSQUET-D'ORB (LE),VC 0,295348,0,4,VC,0,2,2,0,0,0,1,4370500,316400,,1,,0,1,0,0
1,1,1,7,3,34,FRANCE,LANGUEDOC-ROUSSILLON,310,34310,THEZAN-LES-BEZIERS,RD 19,295352,0,3,RD,19,2,0,18,500,2,5,4342098,316017,,1,7,0,1,0,0
5,6,1,1,3,34,FRANCE,LANGUEDOC-ROUSSILLON,301,34301,SETE,RUE DES CORMORANS,295377,0,4,VC,0,2,2,,,0,1,4341651,367354,,1,7,0,1,0,0
1,1,1,1,7,34,FRANCE,LANGUEDOC-ROUSSILLON,211,34211,POUJOL-SUR-ORB (LE),RD 908,295391,0,3,RD,908,2,2,32,0,0,0,4357500,298900,,1,,0,1,0,0
5,5,1,1,3,34,FRANCE,LANGUEDOC-ROUSSILLON,123,34123,JUVIGNAC,RD 51,295418,5,3,RD,51,2,2,3,470,0,1,4361416,381558,,1,7,0,1,0,0
1,5,3,1,1,34,FRANCE,LANGUEDOC-ROUSSILLON,198,34198,PEROLS,D66  VOIE RAPIDE,295438,0,3,RD,0,2,2,,,0,0,4355410,396735,,1,7,0,1,0,0
1,1,1,1,1,34,FRANCE,LANGUEDOC-ROUSSILLON,096,34096,FAUGERES,RD 909,295448,0,3,RD,909,2,0,27,100,0,1,4356317,317843,,1,7,0,1,0,0
1,6,1,1,1,34,FRANCE,LANGUEDOC-ROUSSILLON,145,34145,LUNEL,RN 113,295450,0,2,RN,113,2,0,2,100,0,1,4368017,414506,,1,7,0,1,0,0
1,1,1,1,1,34,FRANCE,LANGUEDOC-ROUSSILLON,318,34318,VACQUIERES,RD 21,295468,2,3,RD,21,2,2,1,700,0,1,4380443,395403,,1,7,0,1,0,0
1,2,9,1,1,34,FRANCE,LANGUEDOC-ROUSSILLON,235,34235,ROSIS,RD 22,295490,0,3,RD,22,0,1,0,180,0,1,4300853,4366708,,1,7,0,1,0,0
5,6,6,8,1,34,FRANCE,LANGUEDOC-ROUSSILLON,145,34145,LUNEL,RN 113,295495,5,2,RN,113,0,0,1,570,0,1,4368297,415064,,1,7,0,1,0,0
1,1,1,1,6,34,FRANCE,LANGUEDOC-ROUSSILLON,003,34003,AGDE,RD 612,295522,3,3,RD,612,1,3,44,830,0,1,4330895,351352,,1,34,0,1,0,0
1,5,3,1,1,34,FRANCE,LANGUEDOC-ROUSSILLON,142,34142,LODEVE,RD 902,295527,0,3,RD,902,2,0,32,500,0,1,4373323,331207,,1,7,0,1,0,0
1,8,1,2,2,34,FRANCE,LANGUEDOC-ROUSSILLON,172,34172,MONTPELLIER,ECOLE D'AGRICULTURE-GABRIEL BUCHET,295537,0,4,VC,0,2,2,,,0,1,4336922,351391,,1,7,0,1,0,0
1,8,1,2,7,34,FRANCE,LANGUEDOC-ROUSSILLON,172,34172,MONTPELLIER,RUE DE RHODES,295539,0,6,Parking,0,1,1,,,0,1,4336520,353808,,1,,0,1,0,0
1,8,3,8,3,34,FRANCE,LANGUEDOC-ROUSSILLON,172,34172,MONTPELLIER,AVENUE DE NIMES,295550,5,4,VC,0,3,4,,,0,1,4337160,353277,,1,7,0,1,0,0
1,8,2,1,3,34,FRANCE,LANGUEDOC-ROUSSILLON,172,34172,MONTPELLIER,BOULEVARD RENOUVIER,295552,0,4,VC,0,1,2,,,0,1,4336361,352038,,1,10,0,1,0,0
3,6,1,1,1,34,FRANCE,LANGUEDOC-ROUSSILLON,301,34301,SETE,RUE PEYRE ETIENNE,295553,0,4,VC,0,1,1,,,0,1,,,,1,7,0,1,0,0
1,8,1,1,6,34,FRANCE,LANGUEDOC-ROUSSILLON,172,34172,MONTPELLIER,RUE DE CENTRAYRARGUES,295566,0,4,VC,0,2,2,,,0,1,4335620,353709,,1,,0,1,0,0
1,1,1,1,3,34,FRANCE,LANGUEDOC-ROUSSILLON,209,34209,PORTIRAGNES,RD 612,295586,5,3,RD,612,3,2,57,804,0,1,4331423,336268,,1,7,0,1,0,0
1,1,1,1,7,34,FRANCE,LANGUEDOC-ROUSSILLON,016,34016,AUMELAS,RD 114,295589,0,3,RD,114,2,1,0,0,0,1,4356000,360600,,1,,0,1,0,0
1,1,1,1,2,34,FRANCE,LANGUEDOC-ROUSSILLON,003,34003,AGDE,GENTILSHOMMES,295593,0,4,VC,,1,3,,,0,1,4328986,350716,,1,7,0,1,0,0
3,5,1,1,3,34,FRANCE,LANGUEDOC-ROUSSILLON,003,34003,AGDE,SOLDATS,295638,0,4,VC,0,2,1,,,1,1,4329037,351491,,1,10,0,1,0,0
1,5,1,1,1,34,FRANCE,LANGUEDOC-ROUSSILLON,129,34129,LATTES,AVENUE DE BOIRARGUES,295639,0,3,RD,189,2,3,2,480,0,1,4358389,392633,,1,7,0,1,0,0
1,1,1,1,3,34,FRANCE,LANGUEDOC-ROUSSILLON,322,34322,VALFLAUNES,RD 1,295661,0,3,RD,1,2,2,30,500,0,1,4379097,385021,,1,7,0,1,0,0
5,8,1,1,1,34,FRANCE,LANGUEDOC-ROUSSILLON,172,34172,MONTPELLIER,PLACE DU 8 MAI 1945,295664,3,4,VC,0,1,1,,,0,1,4360161,386826,,1,7,0,1,0,0
5,8,2,1,3,34,FRANCE,LANGUEDOC-ROUSSILLON,172,34172,MONTPELLIER,RUE CHAPTAL,295668,0,4,VC,0,1,1,,,0,1,4360552,387083,,1,7,0,1,0,0
1,5,1,1,3,34,FRANCE,LANGUEDOC-ROUSSILLON,202,34202,PIGNAN,VC 0,295698,0,4,VC,0,2,0,0,0,0,1,4358600,375700,,1,7,0,1,0,0
1,5,1,1,1,34,FRANCE,LANGUEDOC-ROUSSILLON,057,34057,CASTELNAU-LE-LEZ,VC 0,295741,0,4,VC,0,2,1,0,0,0,1,4363070,390932,,1,10,0,1,0,0
1,1,1,1,1,34,FRANCE,LANGUEDOC-ROUSSILLON,058,34058,CASTRIES,RD 54,295746,0,3,RD,54,2,0,0,0,0,1,0,0,,1,7,0,1,0,0
1,5,9,1,3,34,FRANCE,LANGUEDOC-ROUSSILLON,344,34344,GRANDE-MOTTE (LA),Parking 0,295753,0,6,Parking,0,0,0,0,0,0,0,4357054,410304,,1,7,0,1,0,0
1,3,3,1,1,34,FRANCE,LANGUEDOC-ROUSSILLON,063,34063,CAUX,RD 30,295799,0,3,RD,30,2,2,14,820,0,1,4350853,336630,,1,10,0,1,0,0
1,1,1,1,2,34,FRANCE,LANGUEDOC-ROUSSILLON,299,34299,SERIGNAN,RD 64,295813,0,3,RD,64,3,0,5,441,0,1,4327329,328468,,1,7,0,1,0,0
1,5,1,1,1,34,FRANCE,LANGUEDOC-ROUSSILLON,003,34003,AGDE,RD 51,295842,2,3,RD,51,2,2,4,600,1,5,4332600,353900,,1,,0,1,0,0
1,5,6,1,3,34,FRANCE,LANGUEDOC-ROUSSILLON,192,34192,PALAVAS-LES-FLOTS,RD 986,295869,0,3,RD,986,1,2,56,500,0,1,4352956,392331,,1,7,0,1,0,0
1,5,1,1,2,34,FRANCE,LANGUEDOC-ROUSSILLON,003,34003,AGDE,GENTILSHOMMES,295900,0,4,VC,0,3,3,,,0,1,,,,1,7,0,1,0,0
5,8,3,1,7,34,FRANCE,LANGUEDOC-ROUSSILLON,172,34172,MONTPELLIER,RUE ARMAND LUNEL,295957,0,4,VC,0,2,2,,,0,1,4360263,384744,,1,7,0,1,0,0
1,8,1,1,1,34,FRANCE,LANGUEDOC-ROUSSILLON,172,34172,MONTPELLIER,RUE DU FAUBOURG FIGUEROLLES,295988,0,4,VC,0,2,2,,,0,1,4360528,386035,,1,7,0,1,0,0
4,8,1,1,1,34,FRANCE,LANGUEDOC-ROUSSILLON,172,34172,MONTPELLIER,RUE DU ROC DE PEZENAS,296005,0,4,VC,0,2,2,,,0,1,4360312,385480,,1,7,0,1,0,0
1,5,1,1,6,34,FRANCE,LANGUEDOC-ROUSSILLON,108,34108,FRONTIGNAN,ROND-POIN DU PORT,296043,5,3,RD,50,1,2,1,780,0,1,4341685,372424,,1,16,0,1,0,0
5,8,3,2,2,35,FRANCE,BRETAGNE,238,35238,RENNES,VC 0,296053,0,4,VC,0,2,3,,,0,1,,,,1,7,0,1,0,0
1,1,1,1,3,35,FRANCE,BRETAGNE,013,35013,BAINS-SUR-OUST,RD 60,296066,0,3,RD,60,2,2,0,0,0,1,0,0,,1,18,0,1,0,0
1,1,1,1,6,35,FRANCE,BRETAGNE,171,35171,MEDREAC,RD 220,296109,0,3,RD,220,2,0,0,0,0,1,0,0,,1,,0,1,0,0
1,1,1,1,3,35,FRANCE,BRETAGNE,184,35184,MONTAUBAN-DE-BRETAGNE,RN 164,296110,0,2,RN,164,2,0,0,0,0,1,0,0,,1,7,0,1,0,0
1,8,6,2,3,35,FRANCE,BRETAGNE,238,35238,RENNES,JULES VALLES,296140,0,4,VC,0,1,1,,,2,1,,,,1,7,0,1,0,0
1,8,2,1,3,35,FRANCE,BRETAGNE,238,35238,RENNES,ADOLPHE LERAY,296144,0,4,VC,0,2,2,,,0,1,,,,1,7,0,1,0,0
1,7,6,1,3,35,FRANCE,BRETAGNE,288,35288,SAINT-MALO,CD168,296147,0,3,RD,0,3,4,,,0,0,,,,1,7,0,1,0,0
1,1,1,1,3,35,FRANCE,BRETAGNE,223,35223,PLELAN-LE-GRAND,VC 0,296149,0,4,VC,0,2,0,0,0,0,1,4799100,-212500,,1,10,0,1,0,0
1,8,1,1,7,35,FRANCE,BRETAGNE,238,35238,RENNES,ROUTE DE VEZIN,296163,0,4,VC,0,2,2,,,0,1,,,,1,,0,1,0,0
1,8,6,9,6,35,FRANCE,BRETAGNE,238,35238,RENNES,ROND-POINT FORCES FRANCAISES DE L'ONU,296168,0,4,VC,0,1,1,,,0,1,,,,1,,0,1,0,0
1,8,6,1,2,35,FRANCE,BRETAGNE,238,35238,RENNES,MAIL FRANCOIS MITTERAND,296169,0,4,VC,0,2,1,,,0,1,,,,1,7,0,1,0,0
1,1,1,1,1,35,FRANCE,BRETAGNE,137,35137,JAVENE,VC 5,296177,0,4,VC,5,2,2,0,0,0,0,0,0,,1,7,0,1,0,0
1,8,1,1,6,35,FRANCE,BRETAGNE,238,35238,RENNES,AVENUE DES PAYS BAS,296190,0,4,VC,0,0,1,,,0,1,,,,1,,0,1,0,0
1,1,1,2,2,35,FRANCE,BRETAGNE,238,35238,RENNES,LIEU DIT GUINEBAUDIERE,296199,0,4,VC,0,2,2,,,0,1,,,,1,7,0,1,0,0
1,1,1,1,1,35,FRANCE,BRETAGNE,095,35095,DOL-DE-BRETAGNE,RD 155,296212,0,3,RD,155,2,0,0,0,0,1,0,0,,1,7,0,1,0,0
1,1,1,1,7,35,FRANCE,BRETAGNE,051,35051,CESSON-SEVIGNE,VC 0,296220,0,4,VC,0,2,2,0,0,0,1,4812400,-155900,,1,,0,1,0,0
1,3,9,1,1,35,FRANCE,BRETAGNE,065,35065,CHAPELLE-THOUARAULT (LA),RD 30,296221,6,3,RD,30,2,0,0,0,0,0,0,0,,1,7,0,1,0,0
1,3,1,1,6,35,FRANCE,BRETAGNE,083,35083,COGLES,RD 15,296223,5,3,RD,15,2,2,0,0,0,1,4846200,-138900,,1,,0,1,0,0
1,8,6,2,3,35,FRANCE,BRETAGNE,238,35238,RENNES,AVENUE DU GENERAL LECLERC,296233,5,4,VC,0,1,1,,,2,1,,,,1,7,0,1,0,0
1,3,1,1,3,35,FRANCE,BRETAGNE,326,35326,SENS-DE-BRETAGNE,RD 794,296236,0,3,RD,794,2,2,0,0,0,1,4833700,-153300,,1,7,0,1,0,0
5,8,2,1,7,35,FRANCE,BRETAGNE,238,35238,RENNES,PONT PASTEUR,296275,2,4,VC,0,2,1,,,0,1,,,,1,,0,1,0,0
1,8,3,1,3,35,FRANCE,BRETAGNE,238,35238,RENNES,AVENUE DES PREALES,296279,0,4,VC,0,3,1,,,1,1,,,,1,7,0,1,0,0
1,1,3,1,3,35,FRANCE,BRETAGNE,121,35121,GOSNE,RD 102,296309,5,3,RD,102,2,2,27,300,0,1,0,0,,1,7,0,1,0,0
1,3,1,1,1,35,FRANCE,BRETAGNE,054,35054,CHANTELOUP,RD 82,296313,0,3,RD,82,2,0,0,0,0,0,0,0,,1,7,0,1,0,0
1,1,1,7,3,35,FRANCE,BRETAGNE,271,35271,SAINT-GEORGES-DE-REINTEMBAULT,RD 105,296329,0,3,RD,105,2,2,1,0,0,1,0,0,,1,7,0,1,0,0
1,4,1,1,3,35,FRANCE,BRETAGNE,219,35219,PIPRIAC,RD 65,296333,0,3,RD,65,2,2,21,100,0,1,0,0,,1,7,0,1,0,0
2,5,6,8,3,35,FRANCE,BRETAGNE,360,35360,VITRE,Autre 0,296340,5,9,Autre,0,0,1,0,0,0,1,0,0,,1,7,0,1,0,0
2,3,1,1,3,35,FRANCE,BRETAGNE,014,35014,BAIS,RD 95,296343,0,3,RD,95,2,2,20,300,0,1,4801400,-129000,,1,7,0,1,0,0
5,8,2,1,3,35,FRANCE,BRETAGNE,238,35238,RENNES,DE SAINT-MALO,296385,0,4,VC,0,2,2,,,0,1,,,,1,7,0,1,0,0
1,1,1,1,1,35,FRANCE,BRETAGNE,359,35359,VISSEICHE,RD 310,296401,0,3,RD,310,2,2,0,0,0,1,0,0,,1,7,0,1,0,0
2,1,6,2,3,35,FRANCE,BRETAGNE,055,35055,CHANTEPIE,RD 86,296403,5,3,RD,0,3,4,,,0,1,,,,1,7,0,1,0,0
5,8,1,1,6,35,FRANCE,BRETAGNE,238,35238,RENNES,JOSEPH SAUVEUR,296404,0,4,VC,0,1,0,,,0,1,,,,1,,0,1,0,0
1,8,1,2,1,35,FRANCE,BRETAGNE,238,35238,RENNES,JEAN-FRANCOIS MILLET,296407,0,4,VC,0,2,1,,,0,1,,,,1,7,0,1,0,0
1,1,2,1,3,35,FRANCE,BRETAGNE,290,35290,SAINT-MALON-SUR-MEL,RD 59,296429,0,3,RD,59,2,2,0,0,0,1,4808000,-210600,,1,10,0,1,0,0
1,4,1,1,3,35,FRANCE,BRETAGNE,337,35337,TINTENIAC,RN 2137,296435,5,2,RN,2137,2,2,0,0,0,1,0,0,,1,7,0,1,0,0
1,8,4,1,6,35,FRANCE,BRETAGNE,238,35238,RENNES,CHARLES GENIAUX,296445,0,4,VC,0,2,2,,,1,1,,,,1,10,0,1,0,0
1,8,2,1,3,35,FRANCE,BRETAGNE,238,35238,RENNES,DE VERN,296451,0,4,VC,0,2,0,,,1,5,,,,1,7,0,1,0,0
1,4,1,1,3,35,FRANCE,BRETAGNE,085,35085,COMBOURG,RD 796,296460,0,3,RD,796,2,0,0,0,0,1,4841300,-175000,,1,10,0,1,0,0
1,1,1,1,1,35,FRANCE,BRETAGNE,002,35002,AMANLIS,RD 37,296465,0,3,RD,37,2,2,0,0,0,1,4800900,-147900,,1,7,0,1,0,0
1,8,3,2,3,35,FRANCE,BRETAGNE,238,35238,RENNES,DE CHATEAUGIRON,296467,0,4,VC,0,2,0,,,1,1,,,,1,15,0,1,0,0
1,8,2,1,3,35,FRANCE,BRETAGNE,238,35238,RENNES,BOULEVARD ALBERT 1ER,296473,0,4,VC,0,2,0,,,2,1,,,,1,7,0,1,0,0
1,1,1,1,3,35,FRANCE,BRETAGNE,016,35016,BAULON,RD 38,296485,0,3,RD,38,3,2,21,400,0,1,4799000,-190000,,1,7,0,1,0,0
1,5,6,1,3,35,FRANCE,BRETAGNE,055,35055,CHANTEPIE,AVENUE BONNIN ANDRE,296490,0,4,VC,0,0,2,,,0,1,,,,1,7,0,1,0,0
1,8,1,2,7,35,FRANCE,BRETAGNE,238,35238,RENNES,SAINT-HELIER,296497,0,4,VC,0,0,0,,,0,1,,,,1,,0,1,0,0
1,7,3,1,6,35,FRANCE,BRETAGNE,288,35288,SAINT-MALO,RUE DE TRIQUERVILLE JEAN-PIERRE,296502,0,4,VC,0,2,0,,,0,1,,,,1,37,0,1,0,0
1,3,1,1,1,35,FRANCE,BRETAGNE,110,35110,FEINS,RD 20,296504,5,3,RD,20,2,2,0,0,0,1,4833600,-164700,,1,7,0,1,0,0
1,1,5,1,3,35,FRANCE,BRETAGNE,299,35299,SAINT-MELOIR-DES-ONDES,RD 6,296511,5,3,RD,6,2,0,0,0,0,1,0,0,,1,7,0,1,0,0
1,8,3,1,1,35,FRANCE,BRETAGNE,238,35238,RENNES,RUE DE PARIS,296521,0,4,VC,0,0,2,,,1,1,,,,1,7,0,1,0,0
1,1,1,1,1,35,FRANCE,BRETAGNE,215,35215,PARIGNE,RD 108,296526,0,3,RD,108,2,0,11,500,0,1,0,0,,1,10,0,1,0,0
1,1,1,1,6,35,FRANCE,BRETAGNE,243,35243,ROMAGNE,RD 12,296527,0,3,RD,12,2,0,0,0,0,1,0,0,,1,,,,,
1,8,2,1,3,35,FRANCE,BRETAGNE,238,35238,RENNES,BOULEVARD DES TROIS CROIX,296537,0,4,VC,0,3,2,,,1,1,,,,1,7,0,1,0,0