lum,agg,int,atm,col,dep_bis,pays,region,com_bis,com_codeINSEE,communes,N_voie,numac,infra,catr,type_route,voie,circ,nbv,pr,pr1,vosp,situ,lat,long,adr,accident_velo,vehicule_imp,cycl_mort,cycl_bgv,cycl_blg,cycl_indm
1,8,3,2,3,35,FRANCE,BRETAGNE,238,35238,RENNES,BOULEVARD EMMANUEL MOUNIER,296542,5,4,VC,0,2,0,,,0,1,,,,1,7,0,1,0,0
1,1,1,1,2,35,FRANCE,BRETAGNE,066,35066,CHARTRES-DE-BRETAGNE,RD 34,296548,3,3,RD,34,2,2,0,0,0,1,0,0,,1,14,0,1,0,0
2,5,6,1,3,35,FRANCE,BRETAGNE,360,35360,VITRE,RD 178,296557,5,3,RD,178,0,2,0,0,1,5,0,0,,1,38,0,1,0,0
1,7,2,1,3,35,FRANCE,BRETAGNE,288,35288,SAINT-MALO,RUE BRINDJONC EMILE,296578,0,4,VC,0,2,0,,,0,0,,,,1,7,0,1,0,0
1,8,1,8,2,35,FRANCE,BRETAGNE,238,35238,RENNES,BOULEVARD DU PORTUGAL,296601,0,4,VC,0,1,1,,,1,5,,,,1,,0,0,0,1
5,8,2,8,3,35,FRANCE,BRETAGNE,238,35238,RENNES,BOULEVARD FRANKLIN ROOSEVELT,296610,0,4,VC,0,2,3,,,2,5,,,,1,7,0,1,0,0
1,7,6,7,2,35,FRANCE,BRETAGNE,288,35288,SAINT-MALO,RUE DE LA FONTAINE AUX PELLERINS,296613,0,4,VC,0,2,0,,,0,1,,,,1,7,0,1,0,0
1,1,1,1,3,35,FRANCE,BRETAGNE,173,35173,MELESSE,RD 28,296625,5,3,RD,28,2,0,0,0,0,1,0,0,,1,7,0,1,0,0
1,5,3,1,3,35,FRANCE,BRETAGNE,334,35334,THORIGNE-FOUILLARD,VC 0,296643,0,4,VC,0,1,1,0,0,0,1,0,0,,1,7,0,1,0,0
4,5,1,1,6,35,FRANCE,BRETAGNE,051,35051,CESSON-SEVIGNE,VC 0,296644,0,4,VC,0,0,0,0,0,0,1,0,0,,1,,0,1,0,0
1,5,1,1,7,35,FRANCE,BRETAGNE,352,35352,VERN-SUR-SEICHE,AVENUE EDOUARD VII -SUP-,296647,0,4,VC,0,2,2,,,0,0,,,,1,7,0,1,0,0
5,8,3,1,6,35,FRANCE,BRETAGNE,238,35238,RENNES,AVENUE SIR WINSTON CHURCHILL,296654,0,4,VC,0,3,2,,,0,1,,,,1,7,0,1,0,0
1,8,6,1,3,35,FRANCE,BRETAGNE,238,35238,RENNES,BOULEVARD DES HAUTES OURMES,296676,5,4,VC,0,1,0,,,2,1,,,,1,7,0,1,0,0
1,1,1,1,1,35,FRANCE,BRETAGNE,149,35149,LASSY,RD 776,296686,0,3,RD,776,2,2,0,0,0,3,0,0,,1,7,0,1,0,0
1,8,1,1,3,35,FRANCE,BRETAGNE,238,35238,RENNES,QUAI DE LA PREVALAYE,296702,2,4,VC,0,1,0,,,2,1,,,,1,7,0,1,0,0
1,8,3,1,3,35,FRANCE,BRETAGNE,238,35238,RENNES,DES TRENTE,296705,0,4,VC,0,0,1,,,1,1,,,,1,7,0,1,0,0
5,8,1,2,7,35,FRANCE,BRETAGNE,238,35238,RENNES,BOULEVARD VILLEBOIS MAREUIL ,296707,0,4,VC,0,0,0,,,0,1,,,,1,,0,1,0,0
1,7,6,2,3,35,FRANCE,BRETAGNE,288,35288,SAINT-MALO,RUE DES SIX FRERES RUELLAN,296711,0,4,VC,0,2,2,,,0,1,,,,1,7,0,1,0,0
1,8,3,1,3,35,FRANCE,BRETAGNE,238,35238,RENNES,DE LA CHALOTAIS,296746,0,4,VC,0,1,1,,,2,1,,,,1,7,0,1,0,0
1,8,1,1,6,35,FRANCE,BRETAGNE,238,35238,RENNES,SQUARE RENE COTY,296749,6,4,VC,0,0,0,,,1,1,,,,1,,0,1,0,0
1,1,1,1,3,35,FRANCE,BRETAGNE,128,35128,GUIPEL,RD 82,296764,0,3,RD,82,2,0,0,0,0,1,4830900,-171800,,1,7,0,1,0,0
1,4,1,1,3,35,FRANCE,BRETAGNE,125,35125,GUERCHE-DE-BRETAGNE (LA),RD 178,296776,0,3,RD,178,2,2,44,100,1,5,0,0,,1,7,0,1,0,0
1,8,2,1,7,35,FRANCE,BRETAGNE,238,35238,RENNES,DE LA BINQUENAIS,296784,0,4,VC,0,0,0,,,0,0,,,,1,,0,1,0,0
1,8,1,1,7,35,FRANCE,BRETAGNE,238,35238,RENNES,AVENUE HENRI FREVILLE,296791,0,4,VC,0,3,0,,,0,1,,,,1,,0,1,0,0
1,5,1,1,1,35,FRANCE,BRETAGNE,047,35047,BRUZ,VC 0,296794,0,4,VC,0,2,2,0,0,0,1,0,0,,1,7,0,1,0,0
1,4,1,1,3,35,FRANCE,BRETAGNE,327,35327,SERVON-SUR-VILAINE,VC 0,296810,0,4,VC,0,2,0,0,0,0,1,0,0,,1,7,0,1,0,0
1,1,1,1,2,35,FRANCE,BRETAGNE,333,35333,THEIL-DE-BRETAGNE (LE),RD 47,296811,0,3,RD,47,2,2,27,850,0,1,0,0,,1,7,0,1,0,0
1,1,2,1,1,35,FRANCE,BRETAGNE,210,35210,PACE,VC 112,296815,0,4,VC,112,2,0,0,0,0,1,0,0,,1,7,0,1,0,0
1,8,1,1,7,35,FRANCE,BRETAGNE,238,35238,RENNES,BOULEVARD DE METZ,296821,0,4,VC,0,0,0,,,0,1,,,,1,,0,1,0,0
1,4,1,1,1,35,FRANCE,BRETAGNE,023,35023,BEDEE,RD 72,296840,0,3,RD,72,2,0,0,0,0,1,0,0,,1,10,0,1,0,0
1,6,1,1,7,35,FRANCE,BRETAGNE,115,35115,FOUGERES,RD 12,296843,0,3,RD,12,0,0,0,0,1,5,0,0,,1,,0,1,0,0
1,1,1,1,3,35,FRANCE,BRETAGNE,085,35085,COMBOURG,RD 795,296851,0,3,RD,795,2,2,56,50,0,1,0,0,,1,10,0,1,0,0
3,1,1,1,1,35,FRANCE,BRETAGNE,082,35082,COESMES,RD 46,296853,0,3,RD,46,2,0,11,710,0,1,0,0,,1,7,0,1,0,0
1,1,1,1,1,35,FRANCE,BRETAGNE,208,35208,ORGERES,RD 41,296856,0,3,RD,41,2,2,6,400,0,1,0,0,,1,10,0,1,0,0
1,1,1,1,6,35,FRANCE,BRETAGNE,056,35056,CHAPELLE-AUX-FILTZMEENS (LA),VC 6,296857,0,4,VC,6,2,1,0,0,0,1,0,0,,1,,0,0,0,1
1,8,1,1,6,35,FRANCE,BRETAGNE,238,35238,RENNES,BOULEVARD LEON GRIMAULT,296868,0,4,VC,0,3,1,,,2,5,,,,1,7,0,1,0,0
1,8,1,1,2,35,FRANCE,BRETAGNE,238,35238,RENNES,QUAI DUGUAY TROUIN,296886,0,4,VC,0,2,2,,,2,5,,,,1,7,0,1,0,0
1,5,6,2,3,35,FRANCE,BRETAGNE,055,35055,CHANTEPIE,RUE D'HALLOUVRY,296894,5,4,VC,0,2,2,,,2,1,,,,1,10,0,1,0,0
1,1,6,8,1,35,FRANCE,BRETAGNE,051,35051,CESSON-SEVIGNE,RD 29,296913,0,3,RD,29,2,2,15,900,0,1,0,0,,1,7,0,1,0,0
5,8,2,2,2,35,FRANCE,BRETAGNE,238,35238,RENNES,DE HONGRIE,296918,0,4,VC,0,1,0,,,0,0,,,,1,7,0,1,0,0
1,5,1,1,3,35,FRANCE,BRETAGNE,093,35093,DINARD,BOULEVARD FEART,296925,0,4,VC,0,2,2,,,0,1,,,,1,7,0,1,0,0
1,8,6,1,3,35,FRANCE,BRETAGNE,238,35238,RENNES,DE VERN,296944,5,4,VC,0,3,2,,,2,1,,,,1,7,0,1,0,0
5,5,1,2,2,35,FRANCE,BRETAGNE,281,35281,SAINT-JACQUES-DE-LA-LANDE,RUE JULES VALLES ,296954,0,4,VC,0,2,0,,,0,1,,,,1,7,0,1,0,0
5,8,2,2,3,35,FRANCE,BRETAGNE,238,35238,RENNES,VC 0,296960,0,4,VC,0,2,3,0,0,3,1,,,,1,7,0,1,0,0
1,5,3,1,3,35,FRANCE,BRETAGNE,126,35126,GUICHEN,Autre 0,296992,0,9,Autre,0,2,2,0,0,0,1,4797200,-179500,,1,7,0,1,0,0
1,5,6,1,1,35,FRANCE,BRETAGNE,047,35047,BRUZ,RD 36,296993,5,3,RD,36,1,0,0,0,0,1,0,0,,1,7,0,1,0,0
1,1,1,1,1,35,FRANCE,BRETAGNE,279,35279,SAINT-GUINOUX,VC 9,296998,0,4,VC,9,2,1,0,0,0,1,0,0,,1,7,0,1,0,0
1,1,6,1,1,35,FRANCE,BRETAGNE,122,35122,GOUESNIERE (LA),RD 4,297000,5,3,RD,4,2,2,7,0,0,1,0,0,,1,7,0,1,0,0
1,1,3,1,3,35,FRANCE,BRETAGNE,024,35024,BETTON,RD 13,297004,0,3,RD,13,2,0,0,0,0,1,4817600,-162100,,1,7,0,1,0,0
1,8,2,1,3,35,FRANCE,BRETAGNE,238,35238,RENNES,VC 0,297033,0,4,VC,0,2,2,0,0,0,1,,,,1,7,0,1,0,0
1,8,2,8,3,35,FRANCE,BRETAGNE,238,35238,RENNES,VC 0,297035,0,4,VC,0,2,2,0,0,0,1,,,,1,7,0,1,0,0
1,8,1,1,7,35,FRANCE,BRETAGNE,238,35238,RENNES,VC 0,297036,0,4,VC,0,2,2,0,0,0,1,,,,1,,0,1,0,0
1,7,6,1,3,35,FRANCE,BRETAGNE,288,35288,SAINT-MALO,CARREFOUR GREVES DE CHASLES,297040,5,3,RD,126,1,2,,540,0,1,,,,1,7,0,1,0,0
1,1,2,1,3,35,FRANCE,BRETAGNE,263,35263,SAINT-COULOMB,VC 2,297072,0,4,VC,2,2,0,0,0,0,1,0,0,,1,7,0,1,0,0
1,7,4,7,3,35,FRANCE,BRETAGNE,288,35288,SAINT-MALO,RUE DU REVEREND PERE UMBRICHT,297087,0,4,VC,0,2,2,,,0,1,,,,1,7,0,1,0,0
1,8,3,1,3,35,FRANCE,BRETAGNE,238,35238,RENNES,RUE BAHON-RAULT,297101,0,4,VC,0,2,2,0,0,2,1,4813070,-168389,,1,15,0,1,0,0
1,1,1,1,1,35,FRANCE,BRETAGNE,223,35223,PLELAN-LE-GRAND,RD 38,297110,0,3,RD,38,2,2,0,0,0,1,0,0,,1,7,0,1,0,0
1,4,3,1,1,35,FRANCE,BRETAGNE,059,35059,CHAPELLE-DES-FOUGERETZ (LA),VC 0,297114,0,4,VC,0,2,2,0,0,0,1,0,0,,1,7,0,1,0,0
1,5,6,7,1,35,FRANCE,BRETAGNE,051,35051,CESSON-SEVIGNE,VC 0,297142,0,4,VC,0,2,2,0,0,0,1,0,0,,1,10,0,1,0,0
1,5,6,1,3,35,FRANCE,BRETAGNE,360,35360,VITRE,Autre 0,297148,0,9,Autre,0,3,2,0,0,1,1,0,0,,1,31,0,1,0,0
1,7,1,1,5,35,FRANCE,BRETAGNE,288,35288,SAINT-MALO,NOUVELLE GARE,297155,0,4,VC,0,2,2,,,2,1,,,,1,7,0,1,0,0
5,8,1,1,3,35,FRANCE,BRETAGNE,238,35238,RENNES,VC 0,297178,0,4,VC,0,2,2,0,0,0,1,4811630,-165641,,1,7,0,1,0,0
3,5,9,1,3,35,FRANCE,BRETAGNE,055,35055,CHANTEPIE,RUE D'AUVERGNE,297181,0,4,VC,0,0,0,,,0,1,,,,1,7,0,1,0,0
5,8,2,1,7,35,FRANCE,BRETAGNE,238,35238,RENNES,VC 0,297185,5,4,VC,0,2,2,0,0,2,1,4810120,-169004,,1,,0,1,0,0
1,1,1,8,1,35,FRANCE,BRETAGNE,130,35130,HEDE,RD 87,297195,0,3,RD,87,2,2,0,0,0,1,4830700,-178700,,1,7,0,1,0,0
5,8,2,1,3,35,FRANCE,BRETAGNE,238,35238,RENNES,QUAI SAINT-CYR,297231,0,4,VC,0,1,1,0,0,0,1,4811010,-168621,,1,37,0,1,0,0
1,8,5,1,3,35,FRANCE,BRETAGNE,238,35238,RENNES,RUE SAINT-HELIER,297233,5,4,VC,0,2,5,0,0,3,1,4810570,-166601,,1,7,0,1,0,0
1,8,1,1,7,35,FRANCE,BRETAGNE,238,35238,RENNES,DE L'ALMA ,297260,0,4,VC,0,0,0,,,2,5,,,,1,,0,1,0,0
1,7,1,1,3,35,FRANCE,BRETAGNE,288,35288,SAINT-MALO,RUE DE LA GOELETRIE,297267,0,4,VC,0,2,2,,,0,1,,,,1,7,0,1,0,0
1,8,1,1,6,35,FRANCE,BRETAGNE,238,35238,RENNES,DE L'ALMA ,297273,0,4,VC,0,0,1,,,0,1,,,,1,,0,1,0,0
1,1,1,1,1,35,FRANCE,BRETAGNE,177,35177,MEZIERE (LA),RD 637,297284,0,3,RD,637,2,2,0,0,0,1,0,0,,1,7,0,1,0,0
1,5,6,1,1,35,FRANCE,BRETAGNE,024,35024,BETTON,VC 0,297287,0,4,VC,0,1,0,0,0,0,1,4818500,-163800,,1,7,0,1,0,0
1,8,1,1,7,35,FRANCE,BRETAGNE,238,35238,RENNES,NATIONALE,297301,0,4,VC,0,0,0,,,0,1,,,,1,,0,1,0,0
1,8,1,1,6,35,FRANCE,BRETAGNE,238,35238,RENNES,PLACE MARECHAL FOCH ,297302,0,4,VC,0,3,3,0,0,0,1,4811020,-168531,,1,,0,1,0,0
1,8,1,1,3,35,FRANCE,BRETAGNE,238,35238,RENNES,VC 0,297304,0,4,VC,0,2,2,,,2,1,4810950,-169286,,1,7,0,1,0,0
1,1,1,1,3,35,FRANCE,BRETAGNE,120,35120,GEVEZE,RD 287,297326,0,3,RD,287,2,2,8,850,0,1,4823000,-178500,,1,7,0,1,0,0
1,3,6,1,3,35,FRANCE,BRETAGNE,096,35096,DOMAGNE,RD 95,297337,5,3,RD,95,0,2,0,0,0,1,0,0,,1,7,0,1,0,0
1,8,1,8,3,35,FRANCE,BRETAGNE,238,35238,RENNES,VC 0,297358,0,4,VC,0,2,2,0,0,0,1,4811050,-170884,,1,10,0,1,0,0
1,5,1,1,6,35,FRANCE,BRETAGNE,093,35093,DINARD,RUE LANGEVIN ABBE,297364,0,4,VC,0,2,0,,,0,1,,,,1,,0,0,0,1
1,1,1,1,2,35,FRANCE,BRETAGNE,299,35299,SAINT-MELOIR-DES-ONDES,RD 155,297366,0,3,RD,155,2,0,0,0,0,1,0,0,,1,10,0,1,0,0
1,4,1,1,3,35,FRANCE,BRETAGNE,204,35204,NOUVOITOU,Autre 0,297388,0,9,Autre,0,2,2,0,0,0,1,0,0,,1,10,0,1,0,0
1,8,5,1,6,35,FRANCE,BRETAGNE,238,35238,RENNES,PORTE DES LOGES,297395,0,2,RN,136,3,0,0,0,0,1,4809200,-162827,,1,,0,1,0,0
1,1,1,1,1,35,FRANCE,BRETAGNE,126,35126,GUICHEN,VC 0,297400,0,4,VC,0,2,2,0,0,0,1,0,0,,1,21,0,1,0,0
1,5,1,1,1,35,FRANCE,BRETAGNE,240,35240,RHEU (LE),Autre 0,297407,0,9,Autre,0,2,2,0,0,0,1,0,0,,1,37,0,1,0,0
1,7,3,1,3,35,FRANCE,BRETAGNE,288,35288,SAINT-MALO,RUE DE LA DESIRADE,297423,0,4,VC,0,2,2,,,0,1,,,,1,7,0,1,0,0
1,8,1,1,6,35,FRANCE,BRETAGNE,238,35238,RENNES,RUE DE REDON,297455,0,4,VC,0,2,2,0,0,0,4,4810550,-168963,,1,,0,0,0,1
1,3,2,1,1,35,FRANCE,BRETAGNE,094,35094,DINGE,RD 20,297460,,3,RD,20,,,0,0,,,4835744,-171484,,1,7,0,1,0,0
1,1,2,1,3,35,FRANCE,BRETAGNE,193,35193,MONTREUIL-LE-GAST,RD 25,297461,5,3,RD,25,,,,,,1,4823972,-171215,,1,7,0,1,0,0
1,1,2,1,1,35,FRANCE,BRETAGNE,143,35143,LANDUJAN,RD 71,297465,0,3,RD,71,2,2,5,300,0,1,4824900,-200300,,1,15,0,1,0,0
1,1,1,1,3,35,FRANCE,BRETAGNE,297,35297,SAINT-MEEN-LE-GRAND,RD 166,297467,0,3,RD,166,2,0,0,0,0,1,4821400,-217400,,1,17,0,1,0,0
1,1,1,8,3,35,FRANCE,BRETAGNE,117,35117,GAEL,RD 58,297471,0,3,RD,58,2,0,0,0,0,1,4815200,-223500,,1,99,0,1,0,0
1,1,1,1,2,35,FRANCE,BRETAGNE,240,35240,RHEU (LE),RD 21,297479,0,3,RD,21,2,2,0,0,0,1,4808300,-177000,,1,,0,1,0,0
1,1,6,8,1,35,FRANCE,BRETAGNE,240,35240,RHEU (LE),RD 224,297483,0,3,RD,224,2,2,0,0,0,1,0,0,,1,7,0,1,0,0
1,1,1,1,3,35,FRANCE,BRETAGNE,222,35222,PLEINE-FOUGERES,RD 90,297538,0,3,RD,90,2,0,0,0,0,1,4854800,-156000,,1,,0,0,0,1
1,5,1,1,3,35,FRANCE,BRETAGNE,360,35360,VITRE,VC 0,297541,0,4,VC,0,2,0,0,0,0,1,4812600,-121000,,1,7,0,1,0,0
1,1,1,1,2,35,FRANCE,BRETAGNE,254,35254,SAINT-AUBIN-DU-PAVAIL,RD 463,297545,0,3,RD,463,2,2,39,700,0,1,0,0,,1,7,0,1,0,0
1,1,3,1,2,35,FRANCE,BRETAGNE,088,35088,CORPS-NUDS,RD 410,297558,0,3,RD,410,2,2,0,0,0,1,4798300,-157100,,1,7,0,1,0,0
1,5,3,1,1,35,FRANCE,BRETAGNE,051,35051,CESSON-SEVIGNE,,297565,5,4,VC,,,,,,,,4810537,-162901,,1,10,0,1,0,0
1,1,6,1,2,35,FRANCE,BRETAGNE,334,35334,THORIGNE-FOUILLARD,RN 136,297566,3,2,RN,136,1,0,0,0,0,1,4815300,-159000,,1,7,0,1,0,0
1,1,1,1,1,35,FRANCE,BRETAGNE,152,35152,LIFFRE,RD 92,297573,0,3,RD,92,2,0,22,200,0,1,4819404,-151234,,1,7,0,1,0,0
1,4,1,1,3,35,FRANCE,BRETAGNE,353,35353,VEZIN-LE-COQUET,RD 24,297576,5,3,RD,24,3,2,0,0,0,1,4810900,-174000,,1,15,0,1,0,0
1,6,1,1,2,35,FRANCE,BRETAGNE,115,35115,FOUGERES,RUE PASTEUR,297584,0,4,VC,0,3,2,,,0,1,4835034,-119712,,1,7,0,1,0,0
1,8,2,1,6,35,FRANCE,BRETAGNE,238,35238,RENNES,RUE D'ISLY,297594,5,4,VC,0,3,2,0,0,2,1,4810640,-167777,,1,,0,0,0,1
5,8,1,1,3,35,FRANCE,BRETAGNE,238,35238,RENNES,RUE DE PARIS,297595,0,4,VC,0,2,2,0,0,0,1,4811430,-165847,,1,7,0,1,0,0
1,8,3,2,3,35,FRANCE,BRETAGNE,238,35238,RENNES,RUE DU LYONNAIS,297611,0,4,VC,0,2,2,0,0,0,1,4812360,-170911,,1,7,0,1,0,0
1,8,5,1,3,35,FRANCE,BRETAGNE,238,35238,RENNES,PORTE DE CLEUNAY,297622,0,2,RN,136,3,6,0,0,0,1,4810270,-171440,,1,7,0,1,0,0
1,8,2,1,6,35,FRANCE,BRETAGNE,238,35238,RENNES,QUAI EMILE ZOLA,297632,0,4,VC,0,2,2,0,0,3,1,4810980,-167785,,1,,0,0,0,1
4,5,1,1,6,35,FRANCE,BRETAGNE,281,35281,SAINT-JACQUES-DE-LA-LANDE,RUE DU TEMPLE-DE-BLOSNE,297642,0,4,VC,0,2,2,,,0,1,,,,1,,0,1,0,0
1,8,6,2,3,35,FRANCE,BRETAGNE,238,35238,RENNES,AVENUE PROFESSEUR CHARLES FOULON,297643,5,4,VC,0,2,2,0,0,1,1,4812230,-163872,,1,7,0,1,0,0
1,1,9,1,3,35,FRANCE,BRETAGNE,241,35241,RICHARDAIS (LA),D168,297656,1,3,RD,168,3,4,6,0,0,1,4861319,-205261,,1,7,0,1,0,0
1,7,3,1,3,35,FRANCE,BRETAGNE,288,35288,SAINT-MALO,RUE DES COSNES,297659,0,4,VC,0,2,2,,,0,1,,,,1,7,0,1,0,0
1,6,1,1,3,36,FRANCE,CENTRE,044,36044,CHATEAUROUX,BOULEVARD DES MARINS,297665,0,4,VC,0,3,4,,,0,1,,,,1,7,0,1,0,0
2,1,1,1,2,36,FRANCE,CENTRE,005,36005,ARDENTES,RD 943,297683,0,3,RD,943,2,2,40,800,0,1,0,0,,1,14,0,1,0,0
5,6,1,1,7,36,FRANCE,CENTRE,044,36044,CHATEAUROUX,ROGER CAZALA,297714,0,4,VC,0,2,2,0,1,0,1,,,,1,,0,1,0,0
1,1,1,1,7,36,FRANCE,CENTRE,089,36089,JEU-LES-BOIS,RD 74,297716,0,3,RD,74,2,1,22,200,0,1,4667600,179200,,1,,0,1,0,0
1,4,1,1,1,36,FRANCE,CENTRE,005,36005,ARDENTES,VC 3,297717,0,4,VC,3,1,1,0,0,0,1,4674700,183200,,1,7,0,1,0,0
1,5,1,1,1,36,FRANCE,CENTRE,006,36006,ARGENTON-SUR-CREUSE,RD 913,297726,0,3,RD,913,2,1,0,300,0,1,4658700,151300,,1,7,0,1,0,0
1,1,1,1,2,36,FRANCE,CENTRE,041,36041,CHAPELLE-SAINT-LAURIAN (LA),RD 34,297731,0,3,RD,34,2,0,28,200,0,3,0,0,,1,,0,0,0,1
1,1,1,1,2,36,FRANCE,CENTRE,199,36199,SAINTE-LIZAIGNE,RD 918,297761,0,3,RD,918,2,0,10,900,0,1,0,0,,1,7,0,1,0,0
1,1,1,1,3,36,FRANCE,CENTRE,164,36164,POULIGNY-SAINT-MARTIN,RD 940,297783,0,3,RD,940,2,2,10,100,0,1,0,0,,1,7,0,1,0,0
3,3,1,1,2,36,FRANCE,CENTRE,055,36055,CLION,RD 18,297827,0,3,RD,18,2,0,7,400,0,1,4694200,123000,,1,7,0,1,0,0
2,6,1,8,3,36,FRANCE,CENTRE,044,36044,CHATEAUROUX,RATOUIS DE LIMAY,297843,0,4,VC,0,2,2,,,0,3,,,,1,7,0,1,0,0
1,1,3,1,3,36,FRANCE,CENTRE,159,36159,POINCONNET (LE),ROUTE DU PETIT EPOT,297856,0,3,RD,0,2,2,0,1,0,1,,,,1,7,0,1,0,0
1,4,1,3,2,36,FRANCE,CENTRE,202,36202,SAINT-MAUR,ROUTE DE CHATEAUROUX ,297861,0,4,VC,0,2,2,0,1,0,1,,,,1,7,0,1,0,0
1,6,3,1,3,36,FRANCE,CENTRE,044,36044,CHATEAUROUX,RUE ALFRED DAUVERGNE,297862,0,4,VC,0,2,2,0,1,0,1,,,,1,7,0,1,0,0
1,1,1,1,6,36,FRANCE,CENTRE,063,36063,DEOLS,RN20 ROND-POINT MARTINERIE/RONDPOINT DES,297867,5,4,VC,0,1,1,0,1,0,1,,,,1,7,0,1,0,0
1,6,3,1,3,36,FRANCE,CENTRE,044,36044,CHATEAUROUX,DENIS PAPIN,297869,0,4,VC,0,2,2,,,0,1,,,,1,7,0,1,0,0
1,6,1,1,3,36,FRANCE,CENTRE,044,36044,CHATEAUROUX,ROND-POINT MONTAIGNE,297876,5,3,RD,0,2,1,0,1,0,1,,,,1,7,0,1,0,0
1,1,1,1,3,36,FRANCE,CENTRE,060,36060,CREVANT,RD 97,297886,5,3,RD,97,2,2,0,175,0,1,4648200,194000,,1,7,0,1,0,0
1,6,1,1,6,36,FRANCE,CENTRE,044,36044,CHATEAUROUX,RASPAIL,297892,0,4,VC,0,2,2,,,0,1,,,,1,7,0,1,0,0
1,1,1,7,2,36,FRANCE,CENTRE,177,36177,SACIERGES-SAINT-MARTIN,RD 10,297895,0,3,RD,10,2,2,45,500,0,1,0,0,,1,7,0,1,0,0
1,6,1,1,6,36,FRANCE,CENTRE,044,36044,CHATEAUROUX,DES PEPINIERES,297918,0,4,VC,0,2,2,,,0,3,,,,1,7,0,1,0,0
1,6,1,2,3,36,FRANCE,CENTRE,044,36044,CHATEAUROUX,JEAN-JACQUES ROUSSEAU,297928,0,4,VC,0,2,2,0,1,0,1,,,,1,7,0,1,0,0
1,6,6,2,3,36,FRANCE,CENTRE,044,36044,CHATEAUROUX,ROBERT MALLET-STEVENS,297929,5,3,RD,0,1,1,0,1,0,1,,,,1,7,0,1,0,0
5,6,3,1,2,36,FRANCE,CENTRE,044,36044,CHATEAUROUX,PASTEUR,297959,0,4,VC,0,1,1,,,0,1,,,,1,7,0,1,0,0
1,1,1,1,3,36,FRANCE,CENTRE,150,36150,PARNAC,RD 36,298007,0,3,RD,36,2,2,19,500,0,1,4645270,143473,,1,7,0,1,0,0
1,4,1,1,3,36,FRANCE,CENTRE,046,36046,CHATRE (LA),RD 940,298018,0,3,RD,940,2,2,18,76,0,1,4658530,198750,,1,17,0,1,0,0
1,1,3,1,3,36,FRANCE,CENTRE,200,36200,SAINT-MARCEL,RD 920,298034,5,3,RD,920,2,2,63,607,0,1,4660200,152384,,1,7,0,1,0,0
1,6,1,2,2,36,FRANCE,CENTRE,044,36044,CHATEAUROUX,AVENUE MARCEL LEMOINE ,298067,0,4,VC,0,3,2,0,0,0,1,4681930,169730,,1,7,0,1,0,0
5,6,4,1,3,36,FRANCE,CENTRE,044,36044,CHATEAUROUX,MONTAIGNE,298071,0,4,VC,0,1,1,0,0,0,1,4680440,169914,,1,10,0,1,0,0
1,1,1,1,2,36,FRANCE,CENTRE,037,36037,CHAMPENOISE (LA),RD 80,298086,0,3,RD,80,2,2,5,727,0,1,4691900,177152,,1,,0,1,0,0
1,6,1,1,2,36,FRANCE,CENTRE,044,36044,CHATEAUROUX,AVENUE DES MARINS,298090,0,4,VC,0,2,0,0,0,0,1,4680900,168105,,1,7,0,1,0,0
1,4,3,3,3,36,FRANCE,CENTRE,034,36034,CHABRIS,RD 35,298095,5,3,RD,35,2,2,5,722,0,1,4725610,166664,,1,7,0,1,0,0
1,6,1,1,3,36,FRANCE,CENTRE,044,36044,CHATEAUROUX,AVENUE MARCEL LEMOINE ,298106,0,4,VC,0,2,2,0,0,1,5,4681690,169695,,1,7,0,1,0,0
1,1,1,1,2,36,FRANCE,CENTRE,140,36140,NEUVY-PAILLOUX,RN 151,298108,0,2,RN,151,2,2,71,944,0,1,4690480,188789,,1,14,0,1,0,0
1,1,1,1,3,36,FRANCE,CENTRE,073,36073,FEUSINES,RD 84,298115,0,3,RD,84,2,2,6,452,0,1,4652080,209466,,1,21,0,1,0,0
2,1,2,1,3,36,FRANCE,CENTRE,089,36089,JEU-LES-BOIS,RD 12,298122,5,3,RD,12,2,2,11,342,0,1,4669170,180687,,1,10,0,1,0,0
5,5,3,1,1,36,FRANCE,CENTRE,063,36063,DEOLS,DU CHATEAU D'EAU,298134,0,4,VC,0,2,2,1,0,0,1,4682820,171138,,1,7,0,1,0,0
1,4,2,1,3,36,FRANCE,CENTRE,093,36093,LEVROUX,,298156,5,4,VC,,2,2,,,0,1,4697440,161197,,1,7,0,1,0,0
1,1,1,1,3,36,FRANCE,CENTRE,087,36087,INGRANDES,RD 53,298159,0,3,RD,53,2,2,36,800,0,1,4660290,94929,,1,37,0,1,0,0
1,1,1,1,2,36,FRANCE,CENTRE,220,36220,THENAY,RD 29,298163,0,3,RD,29,2,2,3,100,0,1,4660190,141927,,1,7,0,1,0,0
1,1,1,1,3,36,FRANCE,CENTRE,210,36210,SARZAY,RD 51,298172,0,3,RD,51,2,2,11,100,0,1,4661290,192964,,1,7,0,1,0,0
1,1,1,1,7,36,FRANCE,CENTRE,179,36179,SAINT-AOUSTRILLE,RN 151,298182,0,2,RN,151,2,2,76,0,0,3,4692410,193339,,1,,0,1,0,0