lum,agg,int,atm,col,dep_bis,pays,region,com_bis,com_codeINSEE,communes,N_voie,numac,infra,catr,type_route,voie,circ,nbv,pr,pr1,vosp,situ,lat,long,adr,accident_velo,vehicule_imp,cycl_mort,cycl_bgv,cycl_blg,cycl_indm
1,8,3,1,7,37,FRANCE,CENTRE,261,37261,TOURS,RUE VICTOR HUGO,298208,0,4,VC,0,1,1,,,0,1,,,,1,5,0,0,0,1
1,8,1,1,7,37,FRANCE,CENTRE,261,37261,TOURS,QUAI DE MARMOUTIER,298211,0,2,RN,0,2,2,,,0,1,,,,1,,0,1,0,0
1,5,2,8,3,37,FRANCE,CENTRE,208,37208,SAINT-AVERTIN,AVENUE DU GENERAL DE GAULLE,298242,0,4,VC,0,2,2,,,1,0,,,,1,5,0,1,0,0
1,5,1,1,1,37,FRANCE,CENTRE,109,37109,FONDETTES,Autre 0,298256,0,9,Autre,0,2,0,0,0,0,1,4740800,59500,,1,7,0,1,0,0
1,1,1,1,1,37,FRANCE,CENTRE,002,37002,AMBILLOU,RD 3,298258,0,3,RD,3,2,2,15,500,0,1,4745100,47500,,1,7,0,1,0,0
1,8,2,1,7,37,FRANCE,CENTRE,261,37261,TOURS,AVENUE DE GRAMMONT,298274,0,2,RN,0,2,4,,,2,1,,,,1,,0,1,0,0
1,1,1,1,1,37,FRANCE,CENTRE,261,37261,TOURS,RUE DE MONREPOS,298299,0,4,VC,0,2,2,,,0,1,,,,1,99,0,1,0,0
1,8,6,1,3,37,FRANCE,CENTRE,261,37261,TOURS,BOULEVARD DE LATTRE DE TASSIGNY,298332,5,4,VC,0,2,2,,,2,1,,,,1,7,0,1,0,0
1,8,1,1,3,37,FRANCE,CENTRE,261,37261,TOURS,BOULEVARD TONNELLE,298340,0,4,VC,0,2,2,,,0,1,,,,1,7,0,1,0,0
1,1,1,1,1,37,FRANCE,CENTRE,074,37074,CHOUZE-SUR-LOIRE,RN 152,298350,0,2,RN,152,2,2,83,0,0,1,4723700,10700,,1,15,0,1,0,0
1,5,9,1,6,37,FRANCE,CENTRE,050,37050,CHAMBRAY-LES-TOURS,Autre 0,298359,0,9,Autre,0,0,0,0,0,1,5,0,0,,1,,0,1,0,0
1,5,3,1,3,37,FRANCE,CENTRE,050,37050,CHAMBRAY-LES-TOURS,RN 143,298361,5,2,RN,143,3,5,0,0,3,1,0,0,,1,7,0,1,0,0
1,4,1,1,3,37,FRANCE,CENTRE,027,37027,BLERE,RN 76,298362,0,2,RN,76,2,2,0,0,0,1,0,0,,1,7,0,1,0,0
1,1,1,7,3,37,FRANCE,CENTRE,216,37216,SAINT-EPAIN,VC 7,298367,0,4,VC,7,2,0,0,0,0,1,4712700,57800,,1,7,0,1,0,0
1,1,1,3,1,37,FRANCE,CENTRE,035,37035,BRAYE-SOUS-FAYE,RD 749,298388,0,3,RD,749,2,2,76,0,0,1,4698700,34700,,1,7,0,1,0,0
1,8,4,1,3,37,FRANCE,CENTRE,261,37261,TOURS,BOULEVARD HEURTELOUP,298406,0,9,Autre,0,1,3,,,0,1,,,,1,7,0,1,0,0
1,8,1,1,5,37,FRANCE,CENTRE,261,37261,TOURS,AVENUE MONTJOYEUX,298408,0,4,VC,0,1,1,,,1,5,,,,1,37,0,1,0,0
1,1,1,1,3,37,FRANCE,CENTRE,261,37261,TOURS,AVENUE PROUDHON,298419,0,9,Autre,0,1,1,,,3,0,,,,1,10,0,1,0,0
1,8,1,1,7,37,FRANCE,CENTRE,261,37261,TOURS,RUE DU PERE GORIOT,298426,0,4,VC,0,2,2,,,0,1,,,,1,,0,1,0,0
1,5,3,1,3,37,FRANCE,CENTRE,233,37233,SAINT-PIERRE-DES-CORPS,RUE DE LA GRANGE QUILLET,298427,0,4,VC,0,2,2,,,0,1,,,,1,7,0,1,0,0
1,8,1,1,3,37,FRANCE,CENTRE,261,37261,TOURS,AVENUE GUSTAVE EIFFEL,298428,0,4,VC,0,2,4,,,1,4,,,,1,7,0,1,0,0
1,6,1,1,3,37,FRANCE,CENTRE,122,37122,JOUE-LES-TOURS,RUE DE LA DOUZILLIERE,298478,0,9,Autre,0,2,1,,,0,1,,,,1,7,0,1,0,0
5,8,1,2,6,37,FRANCE,CENTRE,261,37261,TOURS,RUE DE LA SCELLERIE,298486,0,9,Autre,0,1,1,,,0,1,,,,1,,0,1,0,0
5,4,3,1,3,37,FRANCE,CENTRE,027,37027,BLERE,RD 76,298493,5,3,RD,76,2,2,0,0,0,1,0,0,,1,7,0,1,0,0
2,8,6,1,3,37,FRANCE,CENTRE,261,37261,TOURS,RUE EDOUARD VAILLANT,298498,5,3,RD,0,2,2,,,0,1,,,,1,7,0,1,0,0
1,5,1,1,5,37,FRANCE,CENTRE,266,37266,VEIGNE,VC 5,298524,0,4,VC,5,2,2,0,0,0,1,0,0,,1,7,0,1,0,0
1,5,3,1,3,37,FRANCE,CENTRE,195,37195,RICHE (LA),ROUTE DE SAINT-GENOUPH,298529,0,9,Autre,0,2,2,,,0,1,,,,1,7,0,1,0,0
1,8,6,1,6,37,FRANCE,CENTRE,261,37261,TOURS,CARREFOUR DE VERDUN,298531,5,9,Autre,0,0,1,,,1,1,,,,1,,0,0,0,1
1,3,1,1,1,37,FRANCE,CENTRE,038,37038,BREHEMONT,VC 0,298542,0,4,VC,0,2,0,0,0,0,1,4729800,35600,,1,7,0,1,0,0
1,8,6,1,3,37,FRANCE,CENTRE,261,37261,TOURS,ROND-POINT DE ROUBAIX,298556,0,4,VC,0,4,2,,,1,1,,,,1,7,0,1,0,0
1,4,1,1,3,37,FRANCE,CENTRE,153,37153,MONNAIE,RD 28,298561,0,3,RD,28,2,0,25,0,0,1,4750500,77700,,1,7,0,1,0,0
1,5,1,1,5,37,FRANCE,CENTRE,208,37208,SAINT-AVERTIN,AVENUE BEAUGAILLARD,298568,0,4,VC,0,2,2,,,0,1,,,,1,33,0,1,0,0
1,8,3,1,1,37,FRANCE,CENTRE,261,37261,TOURS,RUE DE SAPAILLE,298569,0,4,VC,0,2,2,,,0,1,,,,1,7,0,1,0,0
1,8,2,1,3,37,FRANCE,CENTRE,261,37261,TOURS,AVENUE DE PONT CHER,298572,0,4,VC,0,3,4,,,1,1,,,,1,,0,0,0,1
1,1,1,1,1,37,FRANCE,CENTRE,228,37228,SAINT-NICOLAS-DE-BOURGUEIL,VC 14,298580,0,4,VC,14,2,2,0,0,0,1,0,0,,1,7,0,1,0,0
3,1,1,1,6,37,FRANCE,CENTRE,228,37228,SAINT-NICOLAS-DE-BOURGUEIL,VC 0,298581,0,4,VC,0,2,0,0,0,0,3,0,0,,1,,0,1,0,0
1,4,1,1,6,37,FRANCE,CENTRE,226,37226,SAINTE-MAURE-DE-TOURAINE,Autre 0,298584,0,9,Autre,0,2,0,0,0,0,1,4711700,62200,,1,,0,1,0,0
2,8,2,1,3,37,FRANCE,CENTRE,261,37261,TOURS,RUE NATIONALE,298590,0,2,RN,0,2,2,,,3,1,,,,1,7,0,1,0,0
1,8,2,8,6,37,FRANCE,CENTRE,261,37261,TOURS,RUE DE BRABANT,298611,0,4,VC,0,2,1,,,0,1,,,,1,2,0,0,0,1
1,5,1,1,3,37,FRANCE,CENTRE,233,37233,SAINT-PIERRE-DES-CORPS,AVENUE LENINE ,298614,0,4,VC,0,2,2,,,0,1,,,,1,10,0,1,0,0
1,8,1,1,3,37,FRANCE,CENTRE,261,37261,TOURS,PLACE CHOISEUL,298628,0,4,VC,0,2,2,,,0,1,,,,1,7,0,1,0,0
1,1,1,1,3,37,FRANCE,CENTRE,118,37118,HUISMES,RD 7,298637,0,3,RD,7,2,2,37,200,0,1,4724300,24800,,1,7,0,1,0,0
5,8,7,1,3,37,FRANCE,CENTRE,261,37261,TOURS,PLACE ANATOLE FRANCE,298643,2,9,Autre,0,2,5,,,3,1,,,,1,10,0,1,0,0
1,1,1,1,2,37,FRANCE,CENTRE,079,37079,CIVRAY-DE-TOURAINE,RD 976,298654,0,3,RD,976,2,0,0,0,0,1,4732700,102900,,1,10,0,1,0,0
1,6,6,1,3,37,FRANCE,CENTRE,122,37122,JOUE-LES-TOURS,RUE DE VERDUN ,298659,5,3,RD,0,2,2,,,0,1,,,,1,7,0,1,0,0
1,8,2,1,3,37,FRANCE,CENTRE,261,37261,TOURS,BOULEVARD HEURTELOUP,298660,5,4,VC,0,0,4,,,0,1,,,,1,7,0,1,0,0
5,8,1,1,3,37,FRANCE,CENTRE,261,37261,TOURS,RUE D'ENTRAIGUES,298662,0,9,Autre,0,2,2,,,0,1,,,,1,7,0,1,0,0
1,8,1,1,3,37,FRANCE,CENTRE,261,37261,TOURS,PONT WILSON,298668,2,2,RN,0,2,4,,,3,0,,,,1,7,0,1,0,0
1,4,1,1,3,37,FRANCE,CENTRE,273,37273,VILLE-AUX-DAMES (LA),RD 141,298681,0,3,RD,141,2,2,0,0,0,1,4739900,76300,,1,7,0,1,0,0
1,8,2,1,3,37,FRANCE,CENTRE,261,37261,TOURS,BOULEVARD THIERS,298685,5,2,RN,0,2,2,,,1,1,,,,1,14,0,1,0,0
5,8,1,1,3,37,FRANCE,CENTRE,261,37261,TOURS,AVENUE ALOUETTE,298687,2,4,VC,0,2,4,,,0,1,,,,1,7,0,1,0,0
1,3,1,1,3,37,FRANCE,CENTRE,228,37228,SAINT-NICOLAS-DE-BOURGUEIL,RD 35,298691,5,3,RD,35,2,2,0,0,0,1,0,0,,1,7,0,1,0,0
1,1,1,1,7,37,FRANCE,CENTRE,124,37124,LARCAY,VC 3,298694,0,4,VC,3,2,2,0,0,0,1,0,0,,1,,0,1,0,0
1,1,1,1,1,37,FRANCE,CENTRE,132,37132,LOCHES,RD 21,298708,0,3,RD,21,2,0,0,0,0,1,4714100,97400,,1,2,0,1,0,0
1,8,1,1,3,37,FRANCE,CENTRE,261,37261,TOURS,BOULEVARD WINSTON CHURCHILL,298732,1,4,VC,0,3,2,,,1,1,,,,1,7,0,1,0,0
1,5,1,1,1,37,FRANCE,CENTRE,109,37109,FONDETTES,RD 3,298749,0,3,RD,3,2,0,0,0,0,1,4740400,59800,,1,7,0,1,0,0
1,3,1,1,1,37,FRANCE,CENTRE,043,37043,CANGEY,RD 74,298758,0,3,RD,74,2,2,20,0,0,1,4747500,106200,,1,38,0,1,0,0
1,8,2,1,3,37,FRANCE,CENTRE,261,37261,TOURS,ALLEE ABBE PREVOST,298777,0,4,VC,0,2,2,,,0,1,,,,1,34,0,1,0,0
1,4,6,1,1,37,FRANCE,CENTRE,054,37054,CHANCEAUX-SUR-CHOISILLE,Autre 0,298779,5,9,Autre,0,2,0,0,0,0,1,0,0,,1,10,0,1,0,0
1,6,2,1,5,37,FRANCE,CENTRE,122,37122,JOUE-LES-TOURS,ALLEE ALCUIN,298792,0,4,VC,0,2,2,,,0,1,,,,1,7,,,,
1,1,1,1,1,37,FRANCE,CENTRE,031,37031,BOURGUEIL,VC 0,298799,0,4,VC,0,2,2,0,0,0,1,0,0,,1,,0,0,0,1
1,1,1,1,2,37,FRANCE,CENTRE,179,37179,PARCAY-MESLAY,RD 910,298806,0,3,RD,910,3,2,26,500,0,1,4745000,72500,,1,30,0,1,0,0
1,8,3,1,3,37,FRANCE,CENTRE,261,37261,TOURS,RUE VINCENT D'INDY,298817,0,4,VC,0,2,2,,,0,5,,,,1,7,0,1,0,0
1,1,1,1,2,37,FRANCE,CENTRE,261,37261,TOURS,PONT MIRABEAU,298821,2,4,VC,0,2,4,,,0,1,,,,1,10,0,1,0,0
1,8,1,1,3,37,FRANCE,CENTRE,261,37261,TOURS,BOULEVARD TONNELLE,298836,0,4,VC,0,2,2,,,0,0,,,,1,37,0,1,0,0
1,8,1,1,7,37,FRANCE,CENTRE,261,37261,TOURS,AVENUE DE GRAMMONT,298837,0,4,VC,0,1,1,,,1,4,,,,1,,0,0,0,1
1,8,1,8,3,37,FRANCE,CENTRE,261,37261,TOURS,PLACE THIERS,298862,0,4,VC,0,2,1,0,0,0,1,,,,1,2,0,1,0,0
3,1,1,1,2,37,FRANCE,CENTRE,188,37188,POUZAY,RD 58,298870,0,3,RD,58,2,0,24,300,0,1,4710280,55261,,1,3,0,1,0,0
1,2,1,1,7,37,FRANCE,CENTRE,100,37100,EPEIGNE-LES-BOIS,VC 0,298879,0,4,VC,0,2,2,0,0,0,1,0,0,,1,,0,1,0,0
5,8,2,1,3,37,FRANCE,CENTRE,261,37261,TOURS,RUE ORIGET,298884,0,9,Autre,0,1,1,0,0,0,1,,,,1,7,0,1,0,0
1,1,1,1,6,37,FRANCE,CENTRE,081,37081,CLERE-LES-PINS,RD 34,298909,0,3,RD,34,2,2,13,500,0,1,4742540,38977,,1,,0,1,0,1
5,8,1,1,2,37,FRANCE,CENTRE,261,37261,TOURS,BOULEVARD DU MARECHAL JUIN,298912,2,9,Autre,0,2,4,0,0,3,1,,,,1,7,0,1,0,0
1,3,1,1,3,37,FRANCE,CENTRE,240,37240,SAUNAY,RD 56,298935,0,3,RD,56,2,2,3,800,0,1,4760440,97311,,1,7,0,1,0,0
1,1,1,8,3,37,FRANCE,CENTRE,038,37038,BREHEMONT,VC 0,298938,0,4,VC,0,2,0,0,0,0,1,4727400,32199,,1,7,0,1,0,0
1,5,1,1,1,37,FRANCE,CENTRE,132,37132,LOCHES,RD 25,298951,0,3,RD,25,2,0,0,0,0,1,0,0,,1,7,0,1,0,0
1,1,1,1,2,37,FRANCE,CENTRE,269,37269,VERNEUIL-SUR-INDRE,RD 943,298957,5,3,RD,943,2,0,0,0,3,1,0,0,,1,7,0,1,0,0
1,3,1,1,1,37,FRANCE,CENTRE,062,37062,CHATEAU-LA-VALLIERE,RD 959,298961,0,3,RD,959,2,0,27,0,0,1,4754830,31995,,1,7,0,1,0,0
2,5,6,1,6,37,FRANCE,CENTRE,214,37214,SAINT-CYR-SUR-LOIRE,RUE HENRI LEBRUN,298989,0,4,VC,0,0,0,0,0,0,1,,,,1,7,0,1,0,0
1,5,1,1,3,37,FRANCE,CENTRE,003,37003,AMBOISE,VC 0,298996,5,4,VC,0,2,2,0,0,0,1,0,0,,1,7,0,1,0,0
2,8,1,2,3,37,FRANCE,CENTRE,261,37261,TOURS,AVENUE DE GRAMMONT,299011,0,4,VC,0,2,4,0,0,3,1,,,,1,10,0,0,0,1
1,8,2,1,3,37,FRANCE,CENTRE,261,37261,TOURS,RUE NATIONALE,299013,5,4,VC,0,2,2,0,0,3,1,,,,1,7,0,1,0,0
1,8,1,1,6,37,FRANCE,CENTRE,261,37261,TOURS,PLACE SAINT PAUL,299050,0,4,VC,0,0,0,0,0,0,1,,,,1,,0,1,0,0
1,5,1,1,7,37,FRANCE,CENTRE,159,37159,MONTS,Autre 0,299105,0,9,Autre,0,2,0,0,0,2,5,0,0,,1,,0,1,0,0
1,8,1,1,3,37,FRANCE,CENTRE,261,37261,TOURS,BOULEVARD WINSTON CHURCHILL,299110,0,4,VC,0,3,4,0,0,1,1,4737350,68503,,1,7,0,1,0,0
1,8,1,1,6,37,FRANCE,CENTRE,261,37261,TOURS,AVENUE GUSTAVE EIFFEL,299113,0,4,VC,0,2,2,0,0,2,4,4742660,69669,,1,,0,0,0,1
1,8,1,1,6,37,FRANCE,CENTRE,261,37261,TOURS,RUE BERNARD PALISSY,299116,6,9,Autre,0,1,1,0,0,2,1,4739230,69135,,1,,0,1,0,0
1,8,1,1,3,37,FRANCE,CENTRE,261,37261,TOURS,AVENUE MARCEL MERIEUX,299129,0,9,Autre,0,2,2,0,0,0,1,4736550,67837,,1,7,0,1,0,0
1,5,2,1,3,37,FRANCE,CENTRE,233,37233,SAINT-PIERRE-DES-CORPS,RUE DES ATELIERS,299133,0,4,VC,0,2,4,0,0,0,1,4738740,72282,,1,7,0,1,0,0
1,5,1,1,7,37,FRANCE,CENTRE,208,37208,SAINT-AVERTIN,RUE JULES ROMAINS,299134,0,4,VC,0,1,1,0,0,0,1,4735570,72493,,1,,0,1,0,0
1,8,1,1,6,37,FRANCE,CENTRE,261,37261,TOURS,RUE NATIONALE,299139,0,4,VC,0,2,2,0,0,3,1,4739470,68686,,1,,0,0,0,1
1,8,1,1,6,37,FRANCE,CENTRE,261,37261,TOURS,RUE NATIONALE,299141,6,4,VC,0,2,2,0,0,3,1,4739590,68625,,1,,0,0,0,1
1,3,2,1,1,37,FRANCE,CENTRE,045,37045,CELLE-SAINT-AVANT (LA),RD 350,299142,0,3,RD,350,2,2,0,0,0,1,4702160,60937,,1,14,0,1,0,0
1,1,1,1,1,37,FRANCE,CENTRE,011,37011,AVOINE,VC 0,299148,0,4,VC,0,2,0,0,0,0,1,0,0,,1,7,0,1,0,0
1,8,2,1,6,37,FRANCE,CENTRE,261,37261,TOURS,RUE CHOPIN,299165,0,4,VC,0,0,2,0,0,0,1,4741220,70276,,1,7,0,1,0,0
1,5,2,1,3,37,FRANCE,CENTRE,233,37233,SAINT-PIERRE-DES-CORPS,PLACE MAURICE THOREZ,299166,0,4,VC,0,2,2,0,0,0,1,4739280,72926,,1,7,0,1,0,0
1,5,1,1,2,37,FRANCE,CENTRE,233,37233,SAINT-PIERRE-DES-CORPS,AVENUE DE LA REPUBLIQUE,299169,0,4,VC,0,2,2,0,0,0,1,4738980,72375,,1,7,0,1,0,0
1,8,2,1,3,37,FRANCE,CENTRE,261,37261,TOURS,RUE GEORGES DELPERIER,299170,0,9,Autre,0,1,1,0,0,0,1,4739010,67876,,1,7,0,1,0,0
5,8,1,1,6,37,FRANCE,CENTRE,261,37261,TOURS,RUE AUGUSTE CHEVALLIER,299171,0,4,VC,0,1,2,0,0,2,1,4737650,67931,,1,,0,1,0,0
2,8,2,1,3,37,FRANCE,CENTRE,261,37261,TOURS,PLACE DU MARECHAL LECLERC,299174,5,4,VC,0,3,3,0,0,0,1,4739080,69216,,1,7,0,1,0,0
5,8,2,8,3,37,FRANCE,CENTRE,261,37261,TOURS,RUE DU GENERAL RENAULT,299178,0,4,VC,0,2,2,0,0,1,1,4737980,67985,,1,7,0,1,0,0
1,8,1,1,3,37,FRANCE,CENTRE,261,37261,TOURS,AVENUE DE PONT CHER,299186,0,4,VC,0,2,2,0,0,1,5,4736970,67659,,1,10,0,1,0,0
1,8,1,1,3,37,FRANCE,CENTRE,261,37261,TOURS,RUE DE L'HOSPITALITE,299189,0,9,Autre,0,1,1,0,0,1,1,4738880,67125,,1,7,0,1,0,0
1,4,1,1,3,37,FRANCE,CENTRE,027,37027,BLERE,VC 0,299193,0,4,VC,0,2,2,0,0,0,1,0,0,,1,7,0,1,0,0
3,1,1,1,2,37,FRANCE,CENTRE,138,37138,LUSSAULT-SUR-LOIRE,RD 751,299200,0,3,RD,751,2,2,17,600,0,1,0,0,,1,7,0,1,0,0
1,1,1,1,7,37,FRANCE,CENTRE,267,37267,VERETZ,VC 0,299204,0,4,VC,0,2,1,0,0,0,1,0,0,,1,,0,1,0,0
1,8,1,1,6,37,FRANCE,CENTRE,261,37261,TOURS,BOULEVARD HEURTELOUP,299207,0,9,Autre,0,2,4,0,0,3,1,4739130,69662,,1,7,0,1,0,0
1,8,2,1,3,37,FRANCE,CENTRE,261,37261,TOURS,AVENUE PROUDHON,299211,0,4,VC,0,0,0,0,0,0,1,4739530,67514,,1,15,0,1,0,0
1,3,1,1,7,37,FRANCE,CENTRE,052,37052,CHANCAY,RD 46,299213,0,3,RD,46,2,2,9,0,0,1,4745110,87277,,1,,0,1,0,0
1,4,1,1,7,37,FRANCE,CENTRE,203,37203,ROCHECORBON,VC 0,299214,0,4,VC,0,2,0,0,0,0,1,4741940,75971,,1,,0,1,0,0
5,8,1,1,3,37,FRANCE,CENTRE,261,37261,TOURS,AVENUE DE GRAMMONT,299234,5,4,VC,0,2,4,0,0,3,1,4738070,69247,,1,37,0,1,0,0
1,5,6,1,3,37,FRANCE,CENTRE,214,37214,SAINT-CYR-SUR-LOIRE,QUAI PORTILLON,299240,0,4,VC,0,2,4,0,0,0,0,4739760,66737,,1,7,0,1,0,0
1,5,2,1,3,37,FRANCE,CENTRE,233,37233,SAINT-PIERRE-DES-CORPS,RUE DE LA RABATERIE,299255,0,9,Autre,0,2,2,0,0,0,1,4739220,72507,,1,7,0,1,0,0
1,8,2,1,3,37,FRANCE,CENTRE,261,37261,TOURS,RUE COLBERT,299256,5,4,VC,0,2,1,0,0,0,1,4739640,69314,,1,7,0,1,0,0
1,1,1,1,2,37,FRANCE,CENTRE,243,37243,SAVONNIERES,RD 7,299271,0,3,RD,7,2,2,11,600,0,1,4734560,53041,,1,7,0,1,0,0
5,8,1,1,3,37,FRANCE,CENTRE,261,37261,TOURS,PASSAGE CAMILLE DESMOULINS,299293,0,4,VC,0,1,1,0,0,0,1,4738600,70158,,1,,0,1,0,0
1,5,3,1,6,37,FRANCE,CENTRE,050,37050,CHAMBRAY-LES-TOURS,VC 0,299295,6,4,VC,0,1,0,0,0,1,1,0,0,,1,,0,1,0,0
1,8,1,1,3,37,FRANCE,CENTRE,261,37261,TOURS,RUE PIERRE ET MARIE CURIE,299296,0,4,VC,0,2,2,0,0,1,5,4742960,68060,,1,,0,1,0,0
1,8,1,1,3,37,FRANCE,CENTRE,261,37261,TOURS,RUE CHARLES GARNIER,299303,0,4,VC,0,2,2,0,0,0,1,4736770,70923,,1,10,0,1,0,0
1,8,2,1,6,37,FRANCE,CENTRE,261,37261,TOURS,RUE BUFFON,299319,5,4,VC,0,1,2,0,0,0,1,,,,1,,0,0,0,1
1,1,1,1,1,37,FRANCE,CENTRE,167,37167,NEUILLE-PONT-PIERRE,RD 938,299363,0,3,RD,938,2,2,19,750,0,1,4756330,54981,,1,7,0,1,0,0
1,1,1,6,1,37,FRANCE,CENTRE,281,37281,VOUVRAY,RD 47,299365,0,3,RD,47,2,2,4,700,0,1,4745200,78689,,1,13,0,1,0,0
1,1,1,1,7,37,FRANCE,CENTRE,276,37276,VILLEDOMER,,299375,0,4,VC,,2,0,,,0,3,4754650,86379,,1,,0,1,0,0
1,1,1,1,3,37,FRANCE,CENTRE,038,37038,BREHEMONT,,299389,0,4,VC,,0,0,,,0,1,4729730,36538,,1,7,0,1,0,0
1,1,1,1,1,37,FRANCE,CENTRE,183,37183,PERRUSSON,RD 943,299397,0,3,RD,943,2,1,11,500,0,1,4710110,101181,,1,7,0,1,0,0
1,1,4,1,3,37,FRANCE,CENTRE,097,37097,DOLUS-LE-SEC,RD 58,299401,0,3,RD,58,2,0,13,481,0,0,4720190,88658,,1,7,0,1,0,0
1,5,1,1,1,37,FRANCE,CENTRE,018,37018,BALLAN-MIRE,,299424,0,4,VC,,2,0,,,0,1,4733980,62234,,1,7,0,1,0,0
1,8,2,1,3,37,FRANCE,CENTRE,261,37261,TOURS,RUE DU GENERAL RENAULT,299446,0,4,VC,,1,2,,,0,1,4737980,67415,,1,7,0,1,0,0
5,8,1,8,7,37,FRANCE,CENTRE,261,37261,TOURS,RUE DE JERUSALEM,299451,0,4,VC,,1,1,,,0,1,,,,1,,0,1,0,0
1,8,6,1,3,37,FRANCE,CENTRE,261,37261,TOURS,AVENUE GEORGES POMPIDOU,299465,0,4,VC,,1,2,,,0,1,4739470,70432,,1,10,0,1,0,0
1,8,1,2,6,37,FRANCE,CENTRE,261,37261,TOURS,RUE EDOUARD VAILLANT,299477,0,4,VC,,2,2,,,0,1,4738320,70262,,1,7,0,1,0,0
2,8,2,1,3,37,FRANCE,CENTRE,261,37261,TOURS,BOULEVARD HEURTELOUP,299479,5,4,VC,,2,0,,,1,1,4739100,69356,,1,7,0,1,0,0
1,8,1,1,7,37,FRANCE,CENTRE,261,37261,TOURS,BOULEVARD WINSTON CHURCHILL,299482,0,4,VC,,1,1,,,1,5,4737430,70455,,1,,0,1,0,0
1,8,2,1,3,37,FRANCE,CENTRE,261,37261,TOURS,RUE DE L'HOSPITALITE,299488,5,4,VC,,1,1,,,2,1,4738800,67161,,1,7,0,1,0,0
1,8,2,1,2,37,FRANCE,CENTRE,261,37261,TOURS,,299494,,4,VC,,1,,,,,1,4738820,68751,,1,7,0,1,0,0
1,6,1,1,3,37,FRANCE,CENTRE,122,37122,JOUE-LES-TOURS,AVENUE DU LAC,299495,0,4,VC,,2,2,,,0,1,4735200,63871,,1,7,0,1,0,0
1,5,1,1,2,37,FRANCE,CENTRE,195,37195,RICHE (LA),RUE DU PETIT PLESSIS,299496,0,4,VC,,2,2,,,0,1,4738150,65179,,1,7,0,1,0,0
1,8,1,1,7,37,FRANCE,CENTRE,261,37261,TOURS,RUE NATIONALE,299502,6,4,VC,,2,2,,,3,1,4739070,68834,,1,,0,1,0,0
1,1,1,1,6,37,FRANCE,CENTRE,261,37261,TOURS,PLACE JEAN JAURES,299506,0,4,VC,,2,3,,,3,1,4739020,68872,,1,,0,0,0,1
1,8,1,1,7,37,FRANCE,CENTRE,261,37261,TOURS,RUE DU PONT VOLANT,299514,0,9,Autre,,2,2,,,0,1,4740900,70386,,1,,0,1,0,0
1,5,6,1,3,37,FRANCE,CENTRE,208,37208,SAINT-AVERTIN,AVENUE DU LAC,299525,0,4,VC,,2,2,,,0,1,4736600,71740,,1,7,0,1,0,0
1,8,2,2,3,37,FRANCE,CENTRE,261,37261,TOURS,RUE EMILE ZOLA,299542,5,4,VC,,1,2,,,3,1,4739370,68721,,1,7,0,1,0,0
1,8,1,1,3,37,FRANCE,CENTRE,261,37261,TOURS,BOULEVARD BERANGER,299543,0,4,VC,,3,4,,,0,1,4739010,68784,,1,7,0,1,0,0
1,8,2,1,3,37,FRANCE,CENTRE,261,37261,TOURS,RUE DE L'HOSPITALITE,299544,0,4,VC,,1,1,,,0,1,4739030,67057,,1,7,0,1,0,0
1,6,3,2,3,37,FRANCE,CENTRE,122,37122,JOUE-LES-TOURS,RUE GAMARD,299560,0,4,VC,,2,2,,,0,1,4735090,66509,,1,7,0,1,0,0
5,5,3,1,3,37,FRANCE,CENTRE,233,37233,SAINT-PIERRE-DES-CORPS,BOULEVARD PAUL LANGEVIN,299566,0,4,VC,,3,2,,,0,1,4739030,72690,,1,7,0,1,0,0
1,5,1,1,6,37,FRANCE,CENTRE,233,37233,SAINT-PIERRE-DES-CORPS,ALLEE DU GRAND MAIL,299574,0,4,VC,,1,1,,,0,1,4739230,72333,,1,,0,0,0,1
1,8,1,1,6,37,FRANCE,CENTRE,261,37261,TOURS,BOULEVARD TONNELLE,299583,0,4,VC,,1,2,,,1,1,4738530,67661,,1,,0,0,0,1
1,8,6,8,3,37,FRANCE,CENTRE,261,37261,TOURS,AVENUE DU GENERAL DE GAULLE,299587,6,4,VC,,3,2,,,1,1,4738030,69731,,1,7,0,1,0,0
5,8,1,1,7,37,FRANCE,CENTRE,261,37261,TOURS,RUE DE LA MAIRIE,299588,0,4,VC,,2,1,,,0,1,4738990,66325,,1,,0,1,0,0
1,8,1,1,7,37,FRANCE,CENTRE,261,37261,TOURS,RUE ELISE DREUX,299591,0,4,VC,,1,1,,,0,1,4738780,67385,,1,,0,0,0,1
5,8,1,1,2,37,FRANCE,CENTRE,261,37261,TOURS,BOULEVARD LOUIS XI,299592,0,4,VC,,3,4,,,1,1,4737580,66400,,1,7,0,1,0,0
1,8,1,1,3,38,FRANCE,RHONE-ALPES,185,38185,GRENOBLE,AVENUE DES MARTYRS,299598,0,4,VC,0,2,2,,,1,1,,,,1,18,0,1,0,0