lum,agg,int,atm,col,dep_bis,pays,region,com_bis,com_codeINSEE,communes,N_voie,numac,infra,catr,type_route,voie,circ,nbv,pr,pr1,vosp,situ,lat,long,adr,accident_velo,vehicule_imp,cycl_mort,cycl_bgv,cycl_blg,cycl_indm
1,6,6,1,3,38,FRANCE,RHONE-ALPES,151,38151,ECHIROLLES,ROUTE DE CHAMPAGNIER,299605,0,4,VC,0,2,3,,,3,1,,,,1,7,0,1,0,0
1,1,1,1,6,38,FRANCE,RHONE-ALPES,389,38389,SAINT-GEORGES-D'ESPERANCHE,VC 0,299640,0,4,VC,0,2,1,0,0,0,1,0,0,,1,,0,1,0,0
1,4,1,2,1,38,FRANCE,RHONE-ALPES,200,38200,JARRIE,VC 1,299664,0,4,VC,1,0,0,0,0,0,1,4510000,574000,,1,14,0,1,0,0
1,1,1,1,1,38,FRANCE,RHONE-ALPES,134,38134,COUR-ET-BUIS,RD 538,299678,0,3,RD,538,2,2,17,500,0,1,4543600,501100,,1,7,0,1,0,0
1,5,1,1,1,38,FRANCE,RHONE-ALPES,193,38193,ISLE-D'ABEAU (L'),VC 0,299685,0,4,VC,0,2,2,0,0,0,1,0,0,,1,7,0,1,0,0
1,5,2,1,1,38,FRANCE,RHONE-ALPES,485,38485,SEYSSINET-PARISET,VC 0,299705,0,4,VC,0,2,0,0,0,0,1,0,0,,1,14,0,0,0,1
1,6,1,1,3,38,FRANCE,RHONE-ALPES,151,38151,ECHIROLLES,AVENUE DES ETATS GENERAUX,299715,0,4,VC,0,2,2,,,3,1,,,,1,40,0,1,0,0
1,5,1,1,7,38,FRANCE,RHONE-ALPES,150,38150,DOMENE,RD 11,299721,0,3,RD,11,2,2,0,0,0,1,0,0,,1,,0,1,0,0
1,1,1,1,2,38,FRANCE,RHONE-ALPES,422,38422,SAINT-MARTIN-D'URIAGE,RD 280,299722,0,3,RD,280,2,0,0,0,0,1,0,0,,1,7,0,1,0,0
1,1,1,1,1,38,FRANCE,RHONE-ALPES,095,38095,CHATTE,RD 68,299728,5,3,RD,68,2,0,0,0,0,1,4514400,527500,,1,7,0,1,0,0
1,4,1,1,1,38,FRANCE,RHONE-ALPES,130,38130,COTE-SAINT-ANDRE (LA),RD 71,299732,0,3,RD,71,2,2,0,0,0,0,4539600,526300,,1,7,0,1,0,0
1,8,1,1,3,38,FRANCE,RHONE-ALPES,185,38185,GRENOBLE,BOULEVARD GAMBETTA,299747,0,4,VC,0,2,3,,,0,1,,,,1,7,0,1,0,0
1,8,2,1,3,38,FRANCE,RHONE-ALPES,185,38185,GRENOBLE,RUE JOUHAUX ,299748,5,4,VC,0,4,2,,,0,5,,,,1,7,0,1,0,0
1,6,1,1,1,38,FRANCE,RHONE-ALPES,421,38421,SAINT-MARTIN-D'HERES,AVENUE DE LA GALOCHERE,299760,0,4,VC,0,2,2,,,0,1,,,,1,7,0,1,0,0
1,5,6,1,5,38,FRANCE,RHONE-ALPES,317,38317,PONT-DE-CLAIX (LE),RN 75,299772,5,2,RN,75,3,1,0,0,0,1,4513200,570000,,1,7,0,1,0,0
1,4,1,7,1,38,FRANCE,RHONE-ALPES,200,38200,JARRIE,RD 2,299778,5,3,RD,2,0,0,0,0,0,0,0,0,,1,7,0,1,0,0
1,1,1,1,1,38,FRANCE,RHONE-ALPES,052,38052,BOURG-D'OISANS (LE),RD 1091,299813,0,3,RD,1091,2,0,5,0,0,1,0,0,,1,7,0,1,0,0
3,1,1,1,2,38,FRANCE,RHONE-ALPES,053,38053,BOURGOIN-JALLIEU,ROUTE NATIONALE 6,299817,0,2,RN,0,2,2,15,321,0,1,,,,1,7,0,1,0,0
1,5,1,1,3,38,FRANCE,RHONE-ALPES,565,38565,VOREPPE,VC 0,299826,0,4,VC,0,2,0,0,0,0,1,0,0,,1,10,0,1,0,0
1,2,1,1,2,38,FRANCE,RHONE-ALPES,250,38250,MONTCARRA,RD 54,299840,0,3,RD,54,2,2,0,0,0,1,0,0,,1,7,0,1,0,0
1,5,1,1,3,38,FRANCE,RHONE-ALPES,085,38085,CHARVIEU-CHAVAGNEUX,RD 24,299844,0,3,RD,24,2,1,0,0,0,1,4575100,516800,,1,7,0,1,0,0
1,8,1,1,6,38,FRANCE,RHONE-ALPES,185,38185,GRENOBLE,RUE ROMANET,299859,0,4,VC,0,2,2,,,1,1,,,,1,7,0,1,0,0
1,5,1,1,7,38,FRANCE,RHONE-ALPES,150,38150,DOMENE,RD 523,299862,0,3,RD,523,4,2,0,0,1,5,0,0,,1,,0,1,0,0
1,1,1,1,2,38,FRANCE,RHONE-ALPES,303,38303,PIERRE (LA),RD 523,299866,0,3,RD,523,2,2,0,0,0,1,4529400,594000,,1,10,0,1,0,0
1,6,1,1,6,38,FRANCE,RHONE-ALPES,421,38421,SAINT-MARTIN-D'HERES,AVENUE DOYEN WEIL,299887,0,4,VC,0,2,2,,,3,5,,,,1,40,0,1,0,0
1,6,1,1,3,38,FRANCE,RHONE-ALPES,544,38544,VIENNE,AVENUE BERTHELOT,299892,0,4,VC,0,2,2,,,0,1,,,,1,7,0,1,0,0
1,8,1,1,6,38,FRANCE,RHONE-ALPES,185,38185,GRENOBLE,AVENUE DE VALMY,299894,0,4,VC,0,2,2,,,0,1,,,,1,7,0,1,0,0
1,4,1,1,6,38,FRANCE,RHONE-ALPES,097,38097,CHAVANOZ,RD 55,299919,2,3,RD,55,2,2,0,0,0,1,4577800,518600,,1,,0,1,0,0
1,1,6,8,3,38,FRANCE,RHONE-ALPES,314,38314,PONTCHARRA,RD 523,299921,5,3,RD,523,0,0,0,0,1,0,0,0,,1,7,0,1,0,0
5,8,1,1,6,38,FRANCE,RHONE-ALPES,185,38185,GRENOBLE,RUE D'ALEMBERT,299942,0,4,VC,0,1,1,,,0,4,,,,1,,0,0,0,1
2,5,1,1,2,38,FRANCE,RHONE-ALPES,449,38449,SAINT-QUENTIN-FALLAVIER,RN 6,299959,0,2,RN,6,3,0,4,350,0,1,4565400,512500,,1,17,0,1,0,0
1,5,6,1,3,38,FRANCE,RHONE-ALPES,229,38229,MEYLAN,RD 1090,299986,0,3,RD,1090,4,0,0,0,1,5,0,0,,1,7,0,1,0,0
1,1,1,1,3,38,FRANCE,RHONE-ALPES,565,38565,VOREPPE,RD 3,300019,5,3,RD,3,2,4,0,0,0,1,0,0,,1,7,0,1,0,0
1,5,1,1,3,38,FRANCE,RHONE-ALPES,269,38269,MURE (LA),VC 0,300021,0,4,VC,0,2,2,0,0,0,1,0,0,,1,38,0,1,0,0
1,4,1,1,1,38,FRANCE,RHONE-ALPES,087,38087,CHASSE-SUR-RHONE,VC 0,300035,0,4,VC,0,3,0,0,0,0,1,4558700,480300,,1,7,0,1,0,0
1,1,6,1,1,38,FRANCE,RHONE-ALPES,449,38449,SAINT-QUENTIN-FALLAVIER,RN 6,300066,5,2,RN,6,1,0,0,0,0,1,0,0,,1,7,0,1,0,0
1,8,3,1,3,38,FRANCE,RHONE-ALPES,185,38185,GRENOBLE,RUE CONDILLAC,300071,0,4,VC,0,0,1,,,0,1,,,,1,7,0,1,0,0
1,6,1,1,6,38,FRANCE,RHONE-ALPES,151,38151,ECHIROLLES,AVENUE SALVADORE ALLENDE,300072,0,4,VC,0,2,3,,,0,1,,,,1,,0,1,0,0
1,5,1,1,1,38,FRANCE,RHONE-ALPES,565,38565,VOREPPE,VC 0,300079,0,4,VC,0,2,0,0,0,0,1,0,0,,1,10,,,,
1,4,1,1,1,38,FRANCE,RHONE-ALPES,383,38383,SAINT-ETIENNE-DE-CROSSEY,RD 49,300085,0,3,RD,49,2,2,5,900,0,1,4539000,563400,,1,10,0,1,0,0
1,2,6,1,3,38,FRANCE,RHONE-ALPES,479,38479,SEMONS,RD 518,300099,5,3,RD,518,3,0,35,48,3,1,4543600,521200,,1,10,0,1,0,0
5,5,1,1,3,38,FRANCE,RHONE-ALPES,516,38516,TRONCHE (LA),AVENUE DE VERDUN,300113,3,2,RN,0,3,6,,,0,1,,,,1,7,0,1,0,0
1,4,1,7,1,38,FRANCE,RHONE-ALPES,006,38006,ALLEVARD,RD 525,300144,0,3,RD,525,2,2,11,500,0,1,0,0,,1,7,0,1,0,0
5,1,1,2,1,38,FRANCE,RHONE-ALPES,422,38422,SAINT-MARTIN-D'URIAGE,RD 524,300173,0,3,RD,524,2,2,4,20,0,1,0,0,,1,7,0,1,0,0
1,5,1,1,3,38,FRANCE,RHONE-ALPES,158,38158,EYBENS,RD 5,300174,0,3,RD,5,2,2,0,0,1,5,0,0,,1,7,0,1,0,0
1,5,1,2,2,38,FRANCE,RHONE-ALPES,565,38565,VOREPPE,VC 0,300182,0,4,VC,0,2,0,0,0,0,1,4529600,563100,,1,14,0,1,0,0
2,5,1,1,1,38,FRANCE,RHONE-ALPES,537,38537,VERPILLIERE (LA),RD 6,300198,5,3,RD,6,2,2,0,0,0,1,0,0,,1,7,0,1,0,0
1,8,2,1,6,38,FRANCE,RHONE-ALPES,185,38185,GRENOBLE,BOULEVARD GAMBETTA,300205,0,3,RD,0,1,3,,,0,1,,,,1,7,0,1,0,0
2,5,1,1,3,38,FRANCE,RHONE-ALPES,565,38565,VOREPPE,VC 0,300214,5,4,VC,0,2,0,0,0,0,1,0,0,,1,7,0,1,0,0
1,8,1,1,6,38,FRANCE,RHONE-ALPES,185,38185,GRENOBLE,RUE DES MARTYRS,300237,0,3,RD,0,2,4,,,0,5,,,,1,7,0,1,0,0
3,1,1,1,2,38,FRANCE,RHONE-ALPES,150,38150,DOMENE,RD 11,300249,0,3,RD,11,2,2,3,900,0,1,0,0,,1,7,0,1,0,0
1,4,1,1,3,38,FRANCE,RHONE-ALPES,249,38249,MONTBONNOT-SAINT-MARTIN,RD 1090,300261,0,3,RD,1090,2,2,0,0,0,1,4523100,579900,,1,7,0,1,0,0
3,1,1,1,1,38,FRANCE,RHONE-ALPES,528,38528,VAULNAVEYS-LE-BAS,RD 524,300282,0,3,RD,524,3,0,11,900,0,3,4510600,579800,,1,7,0,1,0,0
2,5,1,1,1,38,FRANCE,RHONE-ALPES,416,38416,SAINT-MARCELLIN,VC 0,300284,0,4,VC,0,1,1,0,0,0,1,4515800,531500,,1,7,0,1,0,0
5,8,1,1,2,38,FRANCE,RHONE-ALPES,185,38185,GRENOBLE,AVENUE EDMOND ESMONIN,300332,0,4,VC,0,1,4,,,1,1,,,,1,30,0,1,0,0
1,8,2,1,3,38,FRANCE,RHONE-ALPES,185,38185,GRENOBLE,RUE LEON JOUHAUX,300333,0,4,VC,0,2,2,,,1,1,,,,1,7,0,1,0,0
1,8,1,1,6,38,FRANCE,RHONE-ALPES,185,38185,GRENOBLE,RUE LACHMANN,300334,0,4,VC,0,2,2,,,0,1,,,,1,,0,0,0,1
1,5,1,1,1,38,FRANCE,RHONE-ALPES,562,38562,VIZILLE,VC 0,300364,0,4,VC,0,2,0,0,0,0,1,0,0,,1,2,0,1,0,0
1,8,1,2,6,38,FRANCE,RHONE-ALPES,185,38185,GRENOBLE,RUE AMPERE ,300377,0,4,VC,0,2,2,,,0,1,,,,1,,0,1,0,0
1,1,1,1,1,38,FRANCE,RHONE-ALPES,418,38418,SAINTE-MARIE-DU-MONT,RD 282,300386,0,3,RD,282,2,2,3,600,0,1,0,0,,1,7,0,1,0,0
1,5,6,7,1,38,FRANCE,RHONE-ALPES,158,38158,EYBENS,VC 0,300400,0,4,VC,0,0,2,0,0,2,5,4515700,573600,,1,7,0,1,0,0
1,1,2,1,3,38,FRANCE,RHONE-ALPES,520,38520,VALENCOGNE,RD 17,300431,5,3,RD,17,2,0,4,0,0,1,4550500,554400,,1,7,0,1,0,0
1,3,1,1,3,38,FRANCE,RHONE-ALPES,339,38339,ROCHE,VC 0,300445,0,4,VC,0,2,0,0,0,0,1,4560900,517100,,1,10,0,1,0,0
1,6,1,1,3,38,FRANCE,RHONE-ALPES,421,38421,SAINT-MARTIN-D'HERES,AVENUE GABRIEL PERI,300447,0,4,VC,0,2,5,,,1,5,,,,1,7,0,1,0,0
1,8,1,1,3,38,FRANCE,RHONE-ALPES,185,38185,GRENOBLE,COURS DE LA LIBERATION ET DU GENERAL DE GAULLE,300449,0,4,VC,0,2,5,,,1,1,,,,1,7,0,1,0,0
1,6,3,1,2,38,FRANCE,RHONE-ALPES,544,38544,VIENNE,RUE JEAN MOULIN,300454,0,4,VC,0,2,2,,,0,1,,,,1,99,0,1,0,0
1,1,1,1,3,38,FRANCE,RHONE-ALPES,416,38416,SAINT-MARCELLIN,RD 68,300458,0,3,RD,68,2,2,4,0,0,1,0,0,,1,7,0,1,0,0
1,1,1,1,7,38,FRANCE,RHONE-ALPES,052,38052,BOURG-D'OISANS (LE),RD 211,300467,0,3,RD,211,2,2,0,0,0,1,4507100,604300,,1,,0,1,0,0
2,4,9,1,3,38,FRANCE,RHONE-ALPES,530,38530,VAULX-MILIEU,VC 0,300469,0,4,VC,0,2,0,0,0,3,4,4561700,517500,,1,7,0,1,0,0
1,2,9,1,1,38,FRANCE,RHONE-ALPES,520,38520,VALENCOGNE,VC 2,300480,0,4,VC,2,2,2,0,0,0,1,0,0,,1,7,0,1,0,0
1,1,2,1,1,38,FRANCE,RHONE-ALPES,139,38139,CREYS-MEPIEU,RD 14,300482,0,3,RD,14,2,2,3,568,0,1,4574000,546200,,1,7,0,1,0,0
1,8,1,1,3,38,FRANCE,RHONE-ALPES,185,38185,GRENOBLE,RUE DE STALINGRAD,300488,0,4,VC,0,2,3,,,2,1,,,,1,7,0,1,0,0
1,4,1,1,1,38,FRANCE,RHONE-ALPES,457,38457,SAINT-SIMEON-DE-BRESSIEUX,RD 71,300499,0,3,RD,71,2,0,0,0,0,1,4532900,526800,,1,7,0,1,0,0
1,1,1,1,1,38,FRANCE,RHONE-ALPES,505,38505,THODURE,RD 157,300500,0,3,RD,157,2,2,0,0,0,0,4530100,514000,,1,7,0,1,0,0
1,2,1,1,3,38,FRANCE,RHONE-ALPES,380,38380,SAINT-DIDIER-DE-BIZONNES,VC 0,300505,0,4,VC,0,2,2,0,0,0,1,4547000,535200,,1,10,0,1,0,0
3,1,1,3,6,38,FRANCE,RHONE-ALPES,405,38405,SAINT-JOSEPH-DE-RIVIERE,RD 520,300522,0,3,RD,520,2,2,42,903,0,1,0,0,,1,,0,1,0,0
1,8,1,1,3,38,FRANCE,RHONE-ALPES,185,38185,GRENOBLE,RUE THIERS,300536,0,4,VC,0,1,1,,,0,1,,,,1,14,0,1,0,0
1,5,1,2,1,38,FRANCE,RHONE-ALPES,158,38158,EYBENS,VC 0,300540,0,4,VC,0,1,1,0,0,1,5,4515900,575000,,1,7,0,1,0,0
1,4,6,1,3,38,FRANCE,RHONE-ALPES,097,38097,CHAVANOZ,RD 18,300551,0,3,RD,18,2,2,0,0,2,1,4577100,519700,,1,7,0,1,0,0
4,5,1,1,1,38,FRANCE,RHONE-ALPES,397,38397,SAINT-ISMIER,RD 1090,300558,5,3,RD,1090,2,2,0,0,0,1,0,0,,1,7,0,1,0,0
2,8,3,1,3,38,FRANCE,RHONE-ALPES,185,38185,GRENOBLE,RUE AUBERT DUBAYET,300566,0,4,VC,0,2,2,,,0,1,,,,1,37,0,1,0,0
1,8,1,1,3,38,FRANCE,RHONE-ALPES,185,38185,GRENOBLE,PLACE GUSTAVE RIVET,300570,0,4,VC,0,3,4,,,0,1,,,,1,40,0,1,0,0
1,1,1,1,3,38,FRANCE,RHONE-ALPES,068,38068,CHAMPAGNIER,RD 85,300591,0,3,RD,85,2,0,51,900,1,5,4510000,572000,,1,7,0,1,0,0
1,8,1,1,3,38,FRANCE,RHONE-ALPES,185,38185,GRENOBLE,AVENUE DES MARTYRS,300601,0,4,VC,0,2,4,,,1,5,,,,1,37,0,1,0,0
1,3,2,1,1,38,FRANCE,RHONE-ALPES,198,38198,JARCIEU,VC 0,300607,0,4,VC,0,2,2,0,0,0,1,0,0,,1,10,0,1,0,0
1,3,1,1,1,38,FRANCE,RHONE-ALPES,176,38176,FRONTONAS,RD 163,300618,0,3,RD,163,2,2,0,0,0,1,0,0,,1,7,0,1,0,0
1,3,1,1,1,38,FRANCE,RHONE-ALPES,214,38214,LUMBIN,RD 1090,300640,0,3,RD,1090,2,0,21,500,0,1,0,0,,1,7,0,1,0,0
2,8,1,1,7,38,FRANCE,RHONE-ALPES,185,38185,GRENOBLE,AVENUE RHIN ET DANUBE,300649,0,4,VC,0,2,3,,,1,1,,,,1,7,0,1,0,0
1,4,1,1,5,38,FRANCE,RHONE-ALPES,332,38332,RENAGE,RD 45,300662,0,3,RD,45,2,2,0,0,0,1,0,0,,1,7,0,1,0,0
1,1,1,1,1,38,FRANCE,RHONE-ALPES,353,38353,SAINT-ALBAN-DU-RHONE,RD 37,300698,0,3,RD,37,2,2,0,0,0,0,4541900,475200,,1,7,0,1,0,0
1,1,1,1,1,38,FRANCE,RHONE-ALPES,288,38288,OYTIER-SAINT-OBLAS,VC 0,300700,0,4,VC,0,2,2,0,0,0,0,0,0,,1,7,0,1,0,0
1,8,2,1,3,38,FRANCE,RHONE-ALPES,185,38185,GRENOBLE,AVENUE EDMOND ESMONIN,300711,0,4,VC,0,2,7,,,1,1,,,,1,7,0,1,0,0
1,5,6,1,1,38,FRANCE,RHONE-ALPES,474,38474,SASSENAGE,RD 1532,300730,5,3,RD,1532,3,0,0,0,1,5,0,0,,1,7,0,1,0,0
1,4,1,1,1,38,FRANCE,RHONE-ALPES,511,38511,TOUVET (LE),VC 0,300756,0,4,VC,0,2,0,0,0,0,1,0,0,,1,7,0,1,0,0
1,1,1,1,3,38,FRANCE,RHONE-ALPES,397,38397,SAINT-ISMIER,RD 11,300769,0,3,RD,11,2,2,2,17,0,1,0,0,,1,7,0,1,0,0
1,8,1,1,3,38,FRANCE,RHONE-ALPES,185,38185,GRENOBLE,AVENUE MARCELIN BERTHELOT,300778,0,4,VC,0,2,2,,,1,1,,,,1,10,0,1,0,0
2,5,1,1,3,38,FRANCE,RHONE-ALPES,516,38516,TRONCHE (LA),99 VOIE NON IDENTIFIEE,300779,0,4,VC,0,2,4,,,3,1,,,,1,37,0,1,0,0
1,5,1,1,3,38,FRANCE,RHONE-ALPES,516,38516,TRONCHE (LA),PONT DU SABLON,300780,2,4,VC,0,2,2,,,1,1,,,,1,7,0,1,0,0
1,4,1,1,6,38,FRANCE,RHONE-ALPES,468,38468,SALAISE-SUR-SANNE,VC 0,300788,0,4,VC,0,3,2,0,0,0,1,0,0,,1,7,0,1,0,0
1,8,2,1,6,38,FRANCE,RHONE-ALPES,185,38185,GRENOBLE,AVENUE ALBERT 1ER DE BELGIQUE,300800,0,4,VC,0,1,3,,,0,1,,,,1,40,0,1,0,0
1,3,1,1,3,38,FRANCE,RHONE-ALPES,105,38105,CHIRENS,RD 75,300824,0,3,RD,75,2,0,58,0,0,1,0,0,,1,7,0,1,0,0
1,1,1,1,6,38,FRANCE,RHONE-ALPES,133,38133,COUBLEVIE,RD 128,300826,0,3,RD,128,2,0,7,0,0,0,4536500,562400,,1,,0,1,0,0
1,1,6,1,2,38,FRANCE,RHONE-ALPES,324,38324,PRIMARETTE,RD 51,300827,,3,RD,51,,,45,848,,,4539000,502400,,1,7,0,1,0,0
1,1,6,1,1,38,FRANCE,RHONE-ALPES,535,38535,VERNAS,RD 65,300831,5,3,RD,65,2,2,0,0,2,5,0,0,,1,7,0,1,0,0
1,8,1,1,6,38,FRANCE,RHONE-ALPES,185,38185,GRENOBLE,BOULEVARD JOSEPH VALLIER,300869,0,2,RN,532,3,4,0,0,3,1,4518010,570815,,1,7,0,1,0,0
1,8,1,1,3,38,FRANCE,RHONE-ALPES,185,38185,GRENOBLE,RUE GENERAL MANGIN,300877,0,4,VC,0,2,2,0,0,1,5,,,,1,7,0,1,0,0
1,8,2,1,6,38,FRANCE,RHONE-ALPES,185,38185,GRENOBLE,RUE JULES FLANDRIN,300889,5,2,RN,2087,3,5,0,0,1,1,4518800,574608,,1,7,0,1,0,0
1,1,1,7,1,38,FRANCE,RHONE-ALPES,240,38240,MOISSIEU-SUR-DOLON,RD 51,300953,0,3,RD,51,2,0,0,0,0,1,4538300,498000,,1,7,0,1,0,0
1,2,1,1,2,38,FRANCE,RHONE-ALPES,219,38219,MARCOLLIN,RD 130,300956,0,3,RD,130,2,2,1,700,0,1,4530510,508590,,1,,0,1,0,0
1,1,1,1,3,38,FRANCE,RHONE-ALPES,257,38257,MONTREVEL,RD 51,300975,0,3,RD,51,2,2,1,650,0,1,4548280,540351,,1,7,0,1,0,0
1,1,1,1,6,38,FRANCE,RHONE-ALPES,253,38253,MONT-DE-LANS,RD 213,300978,0,3,RD,213,2,2,2,868,0,3,4504100,613299,,1,,0,1,0,0
1,1,1,1,3,38,FRANCE,RHONE-ALPES,095,38095,CHATTE,VC 2,300988,0,4,VC,2,2,2,0,0,0,1,4513500,529900,,1,7,0,1,0,0
1,5,1,1,3,38,FRANCE,RHONE-ALPES,397,38397,SAINT-ISMIER,RN 90,301064,0,2,RN,90,2,2,0,0,0,1,0,0,,1,7,0,1,0,0
1,5,6,1,6,38,FRANCE,RHONE-ALPES,150,38150,DOMENE,,301067,0,4,VC,,0,2,,,0,0,4520510,582536,,1,7,0,1,0,0
1,1,6,1,3,38,FRANCE,RHONE-ALPES,281,38281,NOYAREY,RD 1532,301086,5,3,RD,1532,2,2,0,0,1,1,0,0,,1,14,0,1,0,0
1,3,1,1,3,38,FRANCE,RHONE-ALPES,187,38187,GUA (LE),RD 8,301094,0,3,RD,8,2,2,0,0,0,1,4504830,566842,,1,7,0,1,0,0
1,5,6,1,3,38,FRANCE,RHONE-ALPES,524,38524,VARCES-ALLIERES-ET-RISSET,RD 1075,301095,5,3,RD,1075,1,2,0,0,0,1,0,0,,1,10,0,1,0,0
1,1,1,1,1,38,FRANCE,RHONE-ALPES,565,38565,VOREPPE,VC 0,301099,0,4,VC,0,2,0,0,0,1,5,0,0,,1,7,0,1,0,0
1,1,2,1,1,38,FRANCE,RHONE-ALPES,360,38360,SAINT-APPOLINARD,RD 20,301117,0,3,RD,20,2,2,0,0,0,1,4512470,528021,,1,7,0,1,0,0
1,4,1,1,2,38,FRANCE,RHONE-ALPES,559,38559,VINAY,RD 1092,301125,0,3,RD,1092,2,2,26,500,0,1,0,0,,1,7,0,1,0,0
1,1,1,1,3,38,FRANCE,RHONE-ALPES,063,38063,BURCIN,RD 520,301139,0,3,RD,520,2,2,0,0,0,1,4543000,544200,,1,7,0,1,0,0
1,1,1,1,1,38,FRANCE,RHONE-ALPES,343,38343,ROMAGNIEU,RD 82,301160,0,3,RD,82,2,2,0,0,0,1,4542830,556372,,1,10,0,1,0,0
3,1,1,5,1,38,FRANCE,RHONE-ALPES,161,38161,FARAMANS,RD 37,301188,0,3,RD,37,2,1,2,650,0,1,4540200,514200,,1,7,0,1,0,0
1,5,3,1,3,38,FRANCE,RHONE-ALPES,485,38485,SEYSSINET-PARISET,RD 106,301222,5,3,RD,106,2,2,2,430,0,1,4518490,569712,,1,7,0,1,0,0
1,1,1,1,6,38,FRANCE,RHONE-ALPES,052,38052,BOURG-D'OISANS (LE),RD 211,301229,0,3,RD,211,2,2,2,100,0,1,0,0,,1,,0,1,0,0
1,6,2,1,7,38,FRANCE,RHONE-ALPES,053,38053,BOURGOIN-JALLIEU,AVENUE GAMBETTA,301264,5,3,RD,208,2,2,5,760,0,1,4558720,527326,,1,,0,1,0,0
1,8,2,1,3,38,FRANCE,RHONE-ALPES,185,38185,GRENOBLE,COURS JEAN JAURES,301273,0,4,VC,,2,4,,,0,1,4518990,571801,,1,40,0,1,0,0
1,8,2,1,3,38,FRANCE,RHONE-ALPES,185,38185,GRENOBLE,RUE FELIX POULAT,301278,5,4,VC,,0,2,,,3,1,4518970,572465,,1,37,0,1,0,0
2,8,2,1,6,38,FRANCE,RHONE-ALPES,185,38185,GRENOBLE,,301281,0,4,VC,,0,0,,,0,0,4517790,572760,,1,7,0,1,0,0
1,8,6,1,3,38,FRANCE,RHONE-ALPES,185,38185,GRENOBLE,AVENUE DES MARTYRS,301283,2,3,RD,531,2,2,64,37,1,1,4520540,570045,,1,7,0,1,0,0
1,6,2,1,6,38,FRANCE,RHONE-ALPES,169,38169,FONTAINE,AVENUE ARISTIDE BRIAND,301284,0,4,VC,,2,2,,,0,1,4519000,569148,,1,,0,1,0,0
1,6,2,1,3,38,FRANCE,RHONE-ALPES,169,38169,FONTAINE,RUE CHARLES MICHELS,301292,0,4,VC,,2,2,,,0,1,4519360,568724,,1,7,0,1,0,0
5,5,1,1,2,38,FRANCE,RHONE-ALPES,516,38516,TRONCHE (LA),BOULEVARD DE LA CHANTOURNE,301308,0,4,VC,,2,4,,,2,1,,,,1,30,0,1,0,0
1,8,1,1,6,38,FRANCE,RHONE-ALPES,185,38185,GRENOBLE,RUE FELIX POULAT,301310,6,4,VC,,4,2,,,3,1,,,,1,,0,0,0,1
1,6,1,2,6,38,FRANCE,RHONE-ALPES,151,38151,ECHIROLLES,PLACE DES JACOBINS,301326,0,4,VC,,0,0,,,0,4,,,,1,,,,,
1,1,2,1,3,38,FRANCE,RHONE-ALPES,544,38544,VIENNE,RN 7,301346,2,2,RN,7,2,7,6,0,1,1,4552730,487256,,1,13,0,1,0,0
1,5,1,1,1,39,FRANCE,FRANCHE-COMTE,097,39097,CHAMPAGNOLE,RD 471,301364,5,3,RD,471,2,0,0,0,0,1,4674000,590000,,1,7,0,1,0,0
1,2,9,1,3,39,FRANCE,FRANCHE-COMTE,338,39338,MOLAY,RD 221,301367,0,3,RD,221,2,0,0,0,0,0,0,0,,1,7,0,1,0,0
1,4,1,1,3,39,FRANCE,FRANCHE-COMTE,491,39491,SAINT-LUPICIN,VC 0,301369,0,4,VC,0,2,1,0,0,0,1,4641100,579600,,1,7,0,1,0,0
1,5,4,1,3,39,FRANCE,FRANCHE-COMTE,300,39300,LONS-LE-SAUNIER,AVENUE DU STADE MUNICIPAL,301374,0,4,VC,0,2,2,,,0,1,,,,1,7,0,1,0,0
1,1,1,1,3,39,FRANCE,FRANCHE-COMTE,543,39543,VANNOZ,RN 5,301375,0,2,RN,5,2,2,65,70,0,1,0,0,,1,7,0,1,0,0
1,4,2,1,3,39,FRANCE,FRANCHE-COMTE,434,39434,POLIGNY,RN 5,301384,0,2,RN,5,1,0,0,0,0,1,4683900,570800,,1,7,0,1,0,0
1,1,1,1,7,39,FRANCE,FRANCHE-COMTE,470,39470,ROUSSES (LES),VC 0,301387,0,4,VC,0,2,2,0,0,0,1,0,0,,1,,0,1,0,0
1,1,1,1,7,39,FRANCE,FRANCHE-COMTE,441,39441,PREMANON,RD 29,301389,0,3,RD,29,2,2,2,800,0,1,0,0,,1,,0,1,0,0
1,5,1,8,1,39,FRANCE,FRANCHE-COMTE,478,39478,SAINT-CLAUDE,VC 0,301393,0,4,VC,0,2,2,0,0,0,1,0,0,,1,7,0,1,0,0
1,6,1,1,7,39,FRANCE,FRANCHE-COMTE,198,39198,DOLE,RUE DU VAL D'AMOUR ,301397,0,4,VC,0,2,2,,,1,5,,,,1,,0,1,0,0
1,1,1,1,1,39,FRANCE,FRANCHE-COMTE,559,39559,VIEILLE-LOYE (LA),RD 11,301401,0,3,RD,11,2,2,0,300,0,1,0,0,,1,7,0,1,0,0
1,6,1,1,6,39,FRANCE,FRANCHE-COMTE,198,39198,DOLE,AVENUE DU MARECHAL JUIN,301404,0,4,VC,0,3,2,,,1,5,,,,1,7,0,1,0,0