lum,agg,int,atm,col,dep_bis,pays,region,com_bis,com_codeINSEE,communes,N_voie,numac,infra,catr,type_route,voie,circ,nbv,pr,pr1,vosp,situ,lat,long,adr,accident_velo,vehicule_imp,cycl_mort,cycl_bgv,cycl_blg,cycl_indm
1,2,1,1,1,39,FRANCE,FRANCHE-COMTE,429,39429,PLEURE,RD 9,301414,0,3,RD,9,2,2,29,500,0,1,0,0,,1,7,0,1,0,0
1,1,3,1,1,39,FRANCE,FRANCHE-COMTE,009,39009,ANDELOT-EN-MONTAGNE,RD 107,301429,0,3,RD,107,2,2,0,0,0,1,0,0,,1,7,0,1,0,0
1,1,1,2,1,39,FRANCE,FRANCHE-COMTE,478,39478,SAINT-CLAUDE,RD 291,301433,0,3,RD,291,2,2,10,400,0,1,0,0,,1,7,0,1,0,0
1,6,1,1,6,39,FRANCE,FRANCHE-COMTE,198,39198,DOLE,RUE DE LA SOUS PREFECTURE,301443,0,4,VC,0,2,2,,,0,1,,,,1,7,0,1,0,0
1,4,1,1,3,39,FRANCE,FRANCHE-COMTE,189,39189,DAMPARIS,VC 0,301468,0,4,VC,0,1,1,0,0,0,1,4708500,542000,,1,7,0,1,0,0
1,2,3,1,3,39,FRANCE,FRANCHE-COMTE,581,39581,VITREUX,RD 459,301498,0,3,RD,459,2,0,0,0,0,1,0,0,,1,7,0,1,0,0
1,1,6,1,3,39,FRANCE,FRANCHE-COMTE,030,39030,AUTHUME,VC 0,301509,0,4,VC,0,2,2,0,0,0,1,0,0,,1,15,0,1,0,0
1,3,1,1,6,39,FRANCE,FRANCHE-COMTE,339,39339,MOLINGES,VC 436,301516,5,4,VC,436,3,1,11,800,0,4,4636000,577000,,1,,0,1,0,1
1,3,2,1,6,39,FRANCE,FRANCHE-COMTE,415,39415,PETIT-NOIR,VC 9,301523,0,4,VC,9,2,0,0,0,0,1,4693900,534100,,1,,0,1,0,0
1,1,1,1,1,39,FRANCE,FRANCHE-COMTE,434,39434,POLIGNY,RD 259,301535,0,3,RD,259,2,2,0,0,0,1,4682700,569400,,1,7,0,1,0,0
1,3,6,1,3,39,FRANCE,FRANCHE-COMTE,056,39056,BLETTERANS,RD 120,301558,5,3,RD,120,2,2,,500,0,1,4675100,545600,,1,7,0,1,0,0
1,1,1,1,3,39,FRANCE,FRANCHE-COMTE,128,39128,CHAUSSIN,RD 468,301571,0,3,RD,468,2,0,10,450,0,1,4698600,537100,,1,7,0,1,0,0
1,1,1,1,2,39,FRANCE,FRANCHE-COMTE,333,39333,MOIRANS-EN-MONTAGNE,RD 470,301576,0,3,RD,470,2,2,42,500,0,1,4645000,571000,,1,10,0,1,0,0
1,5,6,1,2,39,FRANCE,FRANCHE-COMTE,097,39097,CHAMPAGNOLE,RD 471,301595,5,3,RD,471,1,1,33,500,0,1,0,0,,1,7,0,1,0,0
1,5,1,1,1,39,FRANCE,FRANCHE-COMTE,097,39097,CHAMPAGNOLE,VC 0,301596,0,4,VC,0,2,0,0,0,0,1,0,0,,1,7,0,1,0,0
1,1,1,1,6,39,FRANCE,FRANCHE-COMTE,068,39068,BOUCHOUX (LES),RD 25,301601,0,3,RD,25,2,2,42,800,0,1,0,0,,1,,0,1,0,0
1,3,3,1,3,39,FRANCE,FRANCHE-COMTE,101,39101,CHAMPVANS,RD 322,301605,0,3,RD,322,2,2,8,50,0,1,0,0,,1,7,0,1,0,0
1,3,1,1,1,39,FRANCE,FRANCHE-COMTE,411,39411,PERRIGNY,ROUTE DE CHAMPAGNOLE,301634,0,3,RD,0,2,2,,,0,1,,,,1,7,0,1,0,0
1,1,1,1,1,39,FRANCE,FRANCHE-COMTE,462,39462,ROCHEFORT-SUR-NENON,RD 673,301642,0,3,RD,673,2,2,0,0,0,1,4712700,555200,,1,7,0,1,0,0
1,5,1,1,6,39,FRANCE,FRANCHE-COMTE,300,39300,LONS-LE-SAUNIER,CHEMIN DE MONTENAY,301658,0,4,VC,0,2,1,,,0,1,,,,1,,0,0,0,1
1,1,1,1,2,39,FRANCE,FRANCHE-COMTE,475,39475,SAINT-AMOUR,RD 3,301670,0,3,RD,3,2,2,2,200,0,1,0,0,,1,7,0,1,0,0
1,4,1,1,6,39,FRANCE,FRANCHE-COMTE,013,39013,ARBOIS,VC 0,301677,0,4,VC,0,1,1,0,0,0,1,4690700,578100,,1,,0,0,0,1
1,5,1,1,6,39,FRANCE,FRANCHE-COMTE,368,39368,MOREZ,VC 0,301701,0,4,VC,0,1,1,0,0,0,1,0,0,,1,,0,0,0,1
1,6,9,1,3,39,FRANCE,FRANCHE-COMTE,198,39198,DOLE,AVENUE DU MARECHAL JUIN,301709,5,4,VC,0,4,1,,,1,5,,,,1,7,0,1,0,0
2,6,1,8,3,39,FRANCE,FRANCHE-COMTE,198,39198,DOLE,RUE DU GENERAL MALET,301712,0,4,VC,0,2,1,,,0,1,,,,1,7,0,1,0,0
1,5,6,8,2,40,FRANCE,AQUITAINE,046,40046,BISCARROSSE,Autre 0,301743,5,9,Autre,0,1,1,0,0,0,1,4439800,-116400,,1,10,0,1,0,0
1,1,1,1,1,40,FRANCE,AQUITAINE,269,40269,SAINT-LON-LES-MINES,RD 6,301750,0,3,RD,6,2,2,12,0,0,1,4363200,-111000,,1,7,0,1,0,0
1,6,1,1,1,40,FRANCE,AQUITAINE,192,40192,MONT-DE-MARSAN,Hors_reseau 0,301762,0,5,Hors_reseau,0,2,1,0,0,0,1,4391000,-47000,,1,7,0,1,0,0
1,5,1,1,1,40,FRANCE,AQUITAINE,088,40088,DAX,RUE DES OISEAUX,301779,0,4,VC,0,2,2,,,0,1,,,,1,7,0,1,0,0
1,5,1,1,2,40,FRANCE,AQUITAINE,312,40312,TARNOS,RD 81,301792,0,3,RD,81,2,2,0,0,0,1,0,0,,1,10,0,1,0,0
1,6,1,1,6,40,FRANCE,AQUITAINE,192,40192,MONT-DE-MARSAN,AVENUE DU MARECHAL FOCH,301803,0,3,RD,0,2,2,,,0,1,,,,1,7,0,1,0,0
1,5,1,1,1,40,FRANCE,AQUITAINE,184,40184,MIMIZAN,Autre 0,301814,0,9,Autre,0,2,2,0,0,0,1,0,0,,1,7,0,1,0,0
1,1,1,1,2,40,FRANCE,AQUITAINE,284,40284,SAINT-VINCENT-DE-TYROSSE,RN 10,301843,0,2,RN,10,2,3,99,100,0,1,0,0,,1,10,0,1,0,0
1,5,1,1,3,40,FRANCE,AQUITAINE,088,40088,DAX,ROUTE DE MONTFORT,301850,0,4,VC,0,2,2,,,0,1,,,,1,7,0,1,0,0
1,1,1,3,3,40,FRANCE,AQUITAINE,279,40279,SAINT-PAUL-LES-DAX,AVENUE DE LA RESISTANCE,301894,0,3,RD,0,2,4,,,1,1,,,,1,7,0,1,0,0
1,3,1,1,1,40,FRANCE,AQUITAINE,269,40269,SAINT-LON-LES-MINES,RD 6,301915,0,3,RD,6,2,2,0,0,0,1,4361700,-112500,,1,14,0,1,0,0
1,6,6,1,3,40,FRANCE,AQUITAINE,192,40192,MONT-DE-MARSAN,BOULEVARD D'AURIBEAU,301937,0,4,VC,0,2,1,,,0,1,,,,1,7,0,1,0,0
5,6,1,1,6,40,FRANCE,AQUITAINE,192,40192,MONT-DE-MARSAN,IMPASSE DE LA HIROIRE,301938,5,4,VC,0,0,1,,,0,1,,,,1,7,0,1,0,0
1,5,1,1,2,40,FRANCE,AQUITAINE,281,40281,SAINT-PIERRE-DU-MONT,AVENUE DU CORPS FRANC POMMIES,301949,0,4,VC,0,2,2,,,0,1,,,,1,7,0,1,0,0
1,1,1,1,6,40,FRANCE,AQUITAINE,182,40182,MEZOS,RD 38,301958,0,3,RD,38,3,0,0,0,0,3,0,0,,1,,0,1,0,0
1,3,1,1,7,40,FRANCE,AQUITAINE,287,40287,SANGUINET,VC 0,301978,0,4,VC,0,2,0,0,0,0,1,0,0,,1,,0,1,0,0
1,1,1,8,2,40,FRANCE,AQUITAINE,277,40277,SAINT-PANDELON,RD 29,301988,0,3,RD,29,2,2,7,900,0,1,4366700,-103900,,1,7,0,1,0,0
1,5,1,1,1,40,FRANCE,AQUITAINE,046,40046,BISCARROSSE,RD 652,302015,0,3,RD,652,2,0,0,0,1,1,0,0,,1,7,0,1,0,0
1,6,2,1,3,40,FRANCE,AQUITAINE,192,40192,MONT-DE-MARSAN,AVENUE HENRI FARBOS,302035,0,4,VC,0,2,2,0,1,0,1,,,,1,7,0,1,0,0
1,3,2,1,1,40,FRANCE,AQUITAINE,194,40194,MONTFORT-EN-CHALOSSE,RD 7,302036,5,3,RD,7,2,2,0,0,0,1,0,0,,1,15,0,1,0,0
1,5,1,1,3,40,FRANCE,AQUITAINE,088,40088,DAX,AVENUE VICTOR HUGO,302038,0,4,VC,0,2,2,,,0,1,,,,1,7,0,1,0,0
5,6,3,1,2,40,FRANCE,AQUITAINE,192,40192,MONT-DE-MARSAN,RUE DU DOCTEUR GOBERT,302043,0,4,VC,0,2,1,,,0,1,,,,1,7,0,1,0,0
1,5,1,1,3,40,FRANCE,AQUITAINE,088,40088,DAX,AVENUE NUNGESSER ET COLI,302046,5,4,VC,0,0,2,,,2,5,,,,1,7,0,1,0,0
1,3,3,1,3,40,FRANCE,AQUITAINE,157,40157,LIT-ET-MIXE,VC 0,302047,0,4,VC,0,2,2,0,0,0,1,4403900,-125900,,1,7,0,1,0,0
4,5,1,8,3,40,FRANCE,AQUITAINE,088,40088,DAX,AVENUE SAINT-VINCENT DE PAUL,302086,0,4,VC,0,2,2,,,0,1,,,,1,7,0,1,0,0
1,1,1,1,3,40,FRANCE,AQUITAINE,155,40155,LINXE,RD 42,302098,0,3,RD,42,2,2,29,800,0,1,4391000,-122500,,1,17,0,1,0,0
1,5,1,1,3,40,FRANCE,AQUITAINE,279,40279,SAINT-PAUL-LES-DAX,AVENUE DU MARECHAL FOCH,302101,0,4,VC,0,2,2,,,2,4,,,,1,7,0,1,0,0
1,1,1,1,2,40,FRANCE,AQUITAINE,281,40281,SAINT-PIERRE-DU-MONT,RN 124 ROCADE SUD,302105,0,2,RN,0,2,1,36,0,0,1,,,,1,14,0,1,0,0
1,6,1,1,6,40,FRANCE,AQUITAINE,192,40192,MONT-DE-MARSAN,AVENUE DU MARECHAL FOCH,302125,0,4,VC,0,2,1,,,2,1,,,,1,10,0,1,0,0
1,1,2,1,3,40,FRANCE,AQUITAINE,115,40115,GOUSSE,RD 10,302128,0,3,RD,10,2,2,2,800,0,1,0,0,,1,7,0,1,0,0
1,1,1,1,2,40,FRANCE,AQUITAINE,266,40266,SAINT-JULIEN-EN-BORN,RD 41,302129,0,3,RD,41,2,2,43,950,0,1,0,0,,1,7,0,1,0,0
1,1,9,1,3,40,FRANCE,AQUITAINE,137,40137,LACQUY,RD 934,302140,3,3,RD,934,2,2,7,350,0,1,4396600,-31400,,1,15,0,1,0,0
1,5,1,1,5,40,FRANCE,AQUITAINE,279,40279,SAINT-PAUL-LES-DAX,RUE DU CENTRE AERE,302144,0,4,VC,0,2,2,,,0,1,,,,1,7,0,1,0,0
1,5,1,1,3,40,FRANCE,AQUITAINE,281,40281,SAINT-PIERRE-DU-MONT,AVENUE DU PRESIDENT JOHN FITZGERALD KENNEDY,302166,0,4,VC,0,2,1,,,1,1,,,,1,33,0,0,0,1
1,3,1,1,1,40,FRANCE,AQUITAINE,245,40245,ROQUEFORT,VC 0,302167,0,4,VC,0,2,0,0,0,0,1,0,0,,1,7,0,1,0,0
1,4,1,1,1,40,FRANCE,AQUITAINE,119,40119,HAGETMAU,VC 0,302172,0,4,VC,0,2,2,0,0,0,1,4366300,-58800,,1,7,0,1,0,0
1,1,1,1,2,40,FRANCE,AQUITAINE,161,40161,LUBBON,RD 933,302186,0,3,RD,933,2,2,7,0,0,1,4409300,-2400,,1,17,0,1,0,0
1,6,1,1,3,40,FRANCE,AQUITAINE,192,40192,MONT-DE-MARSAN,RUE ALBERT CUTLER,302190,0,4,VC,0,2,2,,,0,1,,,,1,7,0,1,0,0
1,5,6,1,3,40,FRANCE,AQUITAINE,310,40310,SOUSTONS,,302199,5,4,VC,,1,1,,,0,1,,,,1,7,0,1,0,0
2,5,6,1,3,40,FRANCE,AQUITAINE,088,40088,DAX,route d'orthez,302217,5,3,RD,947,1,1,24,0,0,1,,,,1,7,0,1,0,0
2,3,2,1,3,40,FRANCE,AQUITAINE,122,40122,HAUT-MAUCO,RD 390,302223,0,3,RD,390,2,2,0,1,0,1,0,0,,1,10,0,1,0,0
1,5,1,1,3,40,FRANCE,AQUITAINE,046,40046,BISCARROSSE,VC 0,302235,0,4,VC,0,2,1,,,0,1,0,0,,1,7,0,1,0,0
1,4,1,1,3,40,FRANCE,AQUITAINE,117,40117,GRENADE-SUR-L'ADOUR,RD 11,302256,0,3,RD,11,2,2,32,480,0,1,0,0,,1,7,0,1,0,0
1,3,1,1,6,40,FRANCE,AQUITAINE,157,40157,LIT-ET-MIXE,RD 652,302257,0,3,RD,652,2,2,69,400,0,1,4403600,-125900,,1,7,0,1,0,0
1,5,1,1,6,40,FRANCE,AQUITAINE,046,40046,BISCARROSSE,Autre 0,302267,0,9,Autre,0,2,2,0,0,1,5,0,0,,1,,0,1,0,0
1,5,3,1,3,40,FRANCE,AQUITAINE,065,40065,CAPBRETON,,302277,0,4,VC,,2,2,,,0,1,0,0,,1,7,0,1,0,0
1,3,1,1,3,40,FRANCE,AQUITAINE,036,40036,BENESSE-MAREMNE,,302283,0,4,VC,,2,2,,,0,1,0,0,,1,10,0,1,0,0
1,1,1,1,1,40,FRANCE,AQUITAINE,002,40002,AMOU,RD 13,302288,5,3,RD,13,2,2,10,300,0,1,0,0,,1,7,0,1,0,0
1,1,3,1,3,40,FRANCE,AQUITAINE,001,40001,AIRE-SUR-L'ADOUR,RD 39,302290,0,3,RD,39,2,2,7,700,0,1,0,0,,1,7,0,1,0,0
3,6,1,1,3,40,FRANCE,AQUITAINE,192,40192,MONT-DE-MARSAN,V DU MARECHAL JUIN,302306,0,3,RD,932,2,2,38,360,0,1,,,,1,7,0,1,0,0
1,1,1,1,2,40,FRANCE,AQUITAINE,046,40046,BISCARROSSE,Hors_reseau 0,302320,0,5,Hors_reseau,0,2,2,0,0,0,1,0,0,,1,37,0,1,0,0
1,1,1,1,3,40,FRANCE,AQUITAINE,323,40323,VERT,VC 103,302321,0,4,VC,103,2,1,0,0,0,0,0,0,,1,20,0,1,0,0
1,4,2,1,3,40,FRANCE,AQUITAINE,304,40304,SOORTS-HOSSEGOR,VC 0,302366,0,4,VC,0,2,2,0,0,1,1,0,0,,1,7,0,1,0,0
1,5,1,1,6,40,FRANCE,AQUITAINE,088,40088,DAX,BOULEVARD YVES DU MANOIR,302375,0,4,VC,0,2,4,,,1,1,,,,1,,0,1,0,0
1,3,1,1,6,40,FRANCE,AQUITAINE,194,40194,MONTFORT-EN-CHALOSSE,RD 32,302394,6,3,RD,32,2,2,26,152,0,1,0,0,,1,,0,0,0,1
1,5,1,1,3,40,FRANCE,AQUITAINE,065,40065,CAPBRETON,RD 152,302401,0,3,RD,152,3,1,1,750,2,1,0,0,,1,7,0,1,0,0
1,1,1,1,3,40,FRANCE,AQUITAINE,036,40036,BENESSE-MAREMNE,RD 28,302404,0,3,RD,28,3,1,5,190,0,1,0,0,,1,14,0,1,0,0
1,1,1,1,3,40,FRANCE,AQUITAINE,269,40269,SAINT-LON-LES-MINES,VC 3,302418,0,4,VC,3,2,2,0,0,0,1,0,0,,1,14,0,1,0,0
1,1,1,1,2,40,FRANCE,AQUITAINE,181,40181,MESSANGES,RD 50,302423,0,3,RD,50,2,2,10,500,0,1,0,0,,1,7,0,1,0,0
1,1,1,1,3,40,FRANCE,AQUITAINE,233,40233,POUILLON,RD 22,302479,0,3,RD,22,2,2,7,600,0,1,0,0,,1,7,0,1,0,0
1,5,1,1,2,40,FRANCE,AQUITAINE,312,40312,TARNOS,RD 85,302513,0,3,RD,85,2,2,4,500,0,2,0,0,,1,7,0,1,0,0
3,1,1,1,2,40,FRANCE,AQUITAINE,209,40209,ONDRES,RD 810,302517,0,3,RD,810,3,2,110,698,3,1,0,0,,1,7,0,1,0,0
1,5,2,1,3,40,FRANCE,AQUITAINE,046,40046,BISCARROSSE,VC 0,302520,0,4,VC,0,2,2,0,0,0,1,0,0,,1,7,0,1,0,0
1,1,1,1,3,40,FRANCE,AQUITAINE,185,40185,MIRAMONT-SENSACQ,RD 11,302541,0,3,RD,11,2,2,61,296,0,1,0,0,,1,7,0,1,0,0
1,6,3,1,3,40,FRANCE,AQUITAINE,192,40192,MONT-DE-MARSAN,BOULEVARD FERDINANT DE CANDAU,302561,0,4,VC,0,2,2,,,1,5,,,,1,7,0,1,0,0
1,6,1,1,3,40,FRANCE,AQUITAINE,192,40192,MONT-DE-MARSAN,AVENUE DU MARECHAL FOCH,302562,0,3,RD,932,2,2,39,760,2,5,,,,1,7,0,1,0,0
1,6,1,1,3,40,FRANCE,AQUITAINE,192,40192,MONT-DE-MARSAN,,302568,0,6,Parking,,0,0,,,0,4,,,,1,7,0,1,0,0
1,5,1,1,6,41,FRANCE,CENTRE,269,41269,VENDOME,RUE DE COURTIRAS,302584,0,4,VC,0,2,2,,,0,1,,,,1,,0,1,0,0
1,1,1,1,7,41,FRANCE,CENTRE,033,41033,CHAMBON-SUR-CISSE,RD 135,302606,0,3,RD,135,2,2,5,0,0,1,0,0,,1,,0,1,0,0
1,4,1,1,1,41,FRANCE,CENTRE,164,41164,NOYERS-SUR-CHER,RD 675,302610,0,3,RD,675,2,0,0,0,0,1,0,0,,1,38,,,,
1,3,1,1,3,41,FRANCE,CENTRE,101,41101,HERBAULT,Autre 0,302628,0,9,Autre,0,2,0,0,0,0,0,0,0,,1,7,0,1,0,0
1,1,3,1,3,41,FRANCE,CENTRE,220,41220,SAINT-LAURENT-NOUAN,RD 951,302629,0,3,RD,951,2,0,0,0,1,5,0,0,,1,7,0,1,0,0
1,1,1,1,3,41,FRANCE,CENTRE,055,41055,CHOUZY-SUR-CISSE,RD 135,302647,0,3,RD,135,2,2,4,290,0,1,4754400,123500,,1,7,0,1,0,0
1,1,1,1,3,41,FRANCE,CENTRE,136,41136,MER,RD 112,302663,0,3,RD,112,2,0,15,900,0,1,4769600,151300,,1,7,0,1,0,0
1,3,1,7,1,41,FRANCE,CENTRE,051,41051,CHISSAY-EN-TOURAINE,RD 176,302666,0,3,RD,176,2,2,17,150,0,1,4734000,113800,,1,7,0,1,0,0
1,4,1,1,1,41,FRANCE,CENTRE,149,41149,MONTOIRE-SUR-LE-LOIR,RD 917,302691,0,3,RD,917,2,0,0,0,0,1,4775600,86300,,1,7,0,1,0,0
1,3,2,1,1,41,FRANCE,CENTRE,171,41171,OUCQUES,RD 917,302692,0,3,RD,917,2,2,22,900,0,1,4782500,129300,,1,17,0,1,0,0
2,3,1,1,3,41,FRANCE,CENTRE,243,41243,SELOMMES,RD 111,302693,5,3,RD,111,2,2,7,10,0,1,4776200,119300,,1,7,0,1,0,0
1,6,3,2,3,41,FRANCE,CENTRE,018,41018,BLOIS,RUE DUGAY-TROUIN,302697,0,4,VC,0,2,2,,,0,1,,,,1,7,0,1,0,0
1,2,1,2,3,41,FRANCE,CENTRE,069,41069,COUR-SUR-LOIRE,VC 0,302725,0,4,VC,0,2,2,0,0,0,1,4765200,142400,,1,7,0,1,0,0
1,6,1,1,3,41,FRANCE,CENTRE,018,41018,BLOIS,RUE ALBERT 1ER ,302733,0,4,VC,0,2,2,,,0,1,,,,1,7,0,1,0,0
1,3,1,1,3,41,FRANCE,CENTRE,180,41180,PONTLEVOY,RD 30,302768,0,3,RD,30,2,1,13,500,0,1,4739400,126500,,1,7,0,1,0,0
2,1,1,1,1,41,FRANCE,CENTRE,204,41204,SAINT-CLAUDE-DE-DIRAY,VC 0,302806,0,4,VC,0,2,2,0,0,0,1,4762400,140700,,1,21,0,1,0,0
1,6,1,1,6,41,FRANCE,CENTRE,018,41018,BLOIS,AVENUE DE L'EUROPE,302839,0,9,Autre,0,0,0,,,0,4,,,,1,,0,1,0,0
1,1,1,1,1,41,FRANCE,CENTRE,257,41257,THENAY,VC 17,302849,0,4,VC,17,2,0,0,0,0,1,0,0,,1,10,0,1,0,0
1,1,1,1,7,41,FRANCE,CENTRE,142,41142,MOLINEUF,RD 135,302857,0,3,RD,135,2,2,9,200,0,0,0,0,,1,,0,1,0,0
1,1,1,1,6,41,FRANCE,CENTRE,180,41180,PONTLEVOY,RD 85,302875,0,3,RD,85,2,0,0,0,0,1,4736900,126900,,1,10,0,1,0,0
1,5,3,1,1,41,FRANCE,CENTRE,269,41269,VENDOME,BOULEVARD DE L'INDUSTRIE,302901,0,4,VC,0,2,2,,,0,1,,,,1,7,0,1,0,0
1,1,2,1,1,41,FRANCE,CENTRE,235,41235,SARGE-SUR-BRAYE,RD 357,302962,0,3,RD,357,2,2,56,0,0,1,4791230,83811,,1,17,0,1,0,0
1,1,1,1,7,41,FRANCE,CENTRE,230,41230,SAINT-SULPICE-DE-POMMERAY,VC 0,302966,0,4,VC,0,2,1,0,0,0,0,,,,1,,0,1,0,0
1,1,1,1,1,41,FRANCE,CENTRE,206,41206,SAINT-DENIS-SUR-LOIRE,RD 2152,302981,0,3,RD,2152,0,2,20,874,0,1,4762630,137879,,1,7,0,1,0,0
3,1,1,1,2,41,FRANCE,CENTRE,055,41055,CHOUZY-SUR-CISSE,RD 952,302982,0,3,RD,952,2,2,34,172,0,1,4753430,127241,,1,7,0,1,0,0
1,5,1,4,1,41,FRANCE,CENTRE,194,41194,ROMORANTIN-LANTHENAY,ROUTE DE PRUNIERS,303016,0,4,VC,0,2,2,0,0,0,1,,,,1,7,0,1,0,0
1,5,2,1,7,41,FRANCE,CENTRE,269,41269,VENDOME,BOULEVARD DU PRESIDENT KENNEDY,303046,0,4,VC,0,2,3,0,0,0,1,,,,1,,0,1,0,0
1,1,9,1,1,41,FRANCE,CENTRE,012,41012,BAILLOU,VC 0,303047,0,4,VC,0,2,2,0,0,0,1,,,,1,7,0,1,0,0
1,1,3,1,3,41,FRANCE,CENTRE,029,41029,CANDE-SUR-BEUVRON,RD 751,303076,0,3,RD,751,2,2,43,600,0,1,4749970,126825,,1,33,0,1,0,0
1,3,1,1,1,41,FRANCE,CENTRE,085,41085,FERTE-SAINT-CYR (LA),RD 925,303139,0,3,RD,925,2,2,29,500,0,1,4765310,167195,,1,7,0,1,0,0
1,1,1,1,2,41,FRANCE,CENTRE,237,41237,SASSAY,VC 6,303155,0,4,VC,6,2,2,,,0,1,,,,1,7,0,1,0,0
1,3,1,1,1,41,FRANCE,CENTRE,258,41258,THESEE,VC 0,303161,0,4,VC,0,2,2,0,0,0,1,,,,1,7,0,1,0,0
1,3,1,1,3,41,FRANCE,CENTRE,276,41276,VILLEBAROU,VC 0,303164,0,4,VC,0,2,2,0,0,0,1,,,,1,7,0,1,0,0
1,6,6,1,3,41,FRANCE,CENTRE,018,41018,BLOIS,ROND-POINT CITES UNIES,303220,0,3,RD,200,3,4,0,1,0,1,4761110,133826,,1,10,0,1,0,0
1,6,1,1,7,41,FRANCE,CENTRE,018,41018,BLOIS,RUE DE LA GARENNE,303223,0,4,VC,0,2,2,0,0,0,1,,,,1,,0,1,0,0
1,6,1,1,3,41,FRANCE,CENTRE,018,41018,BLOIS,BOULEVARD VAUBAN,303226,0,4,VC,0,1,1,0,0,2,5,,,,1,7,0,1,0,0
1,5,1,1,3,41,FRANCE,CENTRE,194,41194,ROMORANTIN-LANTHENAY,RUE DU HUIT MAI,303229,0,4,VC,0,1,1,0,0,0,1,,,,1,7,0,1,0,0
1,3,1,1,6,41,FRANCE,CENTRE,003,41003,AREINES,RUE DE LA VALLEE DU LOIR,303235,0,4,VC,0,2,2,0,0,0,1,,,,1,,0,1,0,0
1,5,2,1,3,42,FRANCE,RHONE-ALPES,071,42071,COTEAU (LE),RUE DE L'ABBE PRAJOUX,303242,5,3,RD,0,2,0,,,0,1,,,,1,14,0,1,0,0
1,1,1,1,7,42,FRANCE,RHONE-ALPES,066,42066,CLEPPE,RD 112,303276,0,3,RD,112,2,2,21,750,0,1,0,0,,1,,0,1,0,0
1,8,1,2,6,42,FRANCE,RHONE-ALPES,218,42218,SAINT-ETIENNE,BOULEVARD FAURIAT,303294,0,4,VC,0,2,2,,,0,1,,,,1,7,0,1,0,0
1,1,1,1,2,42,FRANCE,RHONE-ALPES,182,42182,RENAISON,RD 8,303303,0,3,RD,8,2,0,20,949,0,1,4604900,392900,,1,17,0,1,0,0
1,5,1,1,2,42,FRANCE,RHONE-ALPES,095,42095,FIRMINY,BOULEVARD SAINT-CHARLES,303308,0,4,VC,0,2,2,,,0,1,,,,1,7,0,1,0,0
1,8,2,2,6,42,FRANCE,RHONE-ALPES,218,42218,SAINT-ETIENNE,MICHELET ,303316,0,4,VC,0,1,1,,,0,1,,,,1,7,0,1,0,0
1,1,1,1,1,42,FRANCE,RHONE-ALPES,264,42264,SAINT-MEDARD-EN-FOREZ,RD 6,303329,0,3,RD,6,2,2,56,200,0,1,0,0,,1,7,0,1,0,0
1,4,1,1,3,42,FRANCE,RHONE-ALPES,225,42225,GENILAC,ARC ROUTE DES,303336,0,9,Autre,0,2,2,1,220,0,1,,,,1,7,0,1,0,0
2,8,2,1,1,42,FRANCE,RHONE-ALPES,218,42218,SAINT-ETIENNE,DU GRIS DE LIN,303351,5,4,VC,0,2,2,0,1,0,1,,,,1,7,0,1,0,0
1,5,3,1,7,42,FRANCE,RHONE-ALPES,223,42223,SAINT-GENEST-LERPT,MONTBRISON,303352,5,4,VC,0,2,2,,,0,1,,,,1,7,0,1,0,0
1,4,6,1,1,42,FRANCE,RHONE-ALPES,304,42304,SURY-LE-COMTAL,Autre 0,303356,5,9,Autre,0,1,0,0,0,0,1,0,0,,1,7,0,1,0,0
1,1,1,1,1,42,FRANCE,RHONE-ALPES,107,42107,GUMIERES,RD 102,303357,5,3,RD,102,2,2,5,500,0,1,0,0,,1,7,0,1,0,0
1,5,1,1,3,42,FRANCE,RHONE-ALPES,323,42323,VEAUCHE,Autre 0,303360,0,9,Autre,0,2,2,0,0,0,1,4555600,428000,,1,7,0,1,0,0
1,1,1,1,1,42,FRANCE,RHONE-ALPES,120,42120,LENTIGNY,RD 53,303364,0,3,RD,53,2,2,8,900,0,1,0,0,,1,7,0,1,0,0
1,1,1,7,2,42,FRANCE,RHONE-ALPES,085,42085,DOIZIEUX,RD 62,303398,0,3,RD,62,2,2,3,350,0,1,0,0,,1,7,0,1,0,0
1,3,1,7,1,42,FRANCE,RHONE-ALPES,199,42199,SAINT-ANDRE-D'APCHON,Autre 0,303402,0,9,Autre,0,2,2,0,0,0,1,4603500,393200,,1,10,0,1,0,0
1,5,3,1,6,42,FRANCE,RHONE-ALPES,127,42127,MABLY,RUE DE BRIENNON,303430,0,3,RD,0,2,2,12,708,0,1,,,,1,7,0,1,0,0
1,1,1,1,7,42,FRANCE,RHONE-ALPES,267,42267,SAINT-NIZIER-SOUS-CHARLIEU,VC 0,303452,0,4,VC,0,2,0,0,0,0,1,4617400,413000,,1,,0,1,0,0
1,1,1,1,1,42,FRANCE,RHONE-ALPES,265,42265,SAINT-MICHEL-SUR-RHONE,RD 1086,303460,0,3,RD,1086,2,2,1,250,0,1,4544000,474600,,1,7,0,1,0,1
1,1,1,1,1,42,FRANCE,RHONE-ALPES,041,42041,CHAMBEON,RD 60,303481,0,3,RD,60,2,2,12,300,0,1,0,0,,1,7,0,1,0,0