lum,agg,int,atm,col,dep_bis,pays,region,com_bis,com_codeINSEE,communes,N_voie,numac,infra,catr,type_route,voie,circ,nbv,pr,pr1,vosp,situ,lat,long,adr,accident_velo,vehicule_imp,cycl_mort,cycl_bgv,cycl_blg,cycl_indm
1,6,1,1,3,42,FRANCE,RHONE-ALPES,187,42187,ROANNE,RUE ELISEE RECLUS,303489,0,4,VC,0,2,2,,,0,1,,,,1,7,0,1,0,0
5,6,2,1,3,42,FRANCE,RHONE-ALPES,187,42187,ROANNE,BOULEVARD JEAN-BAPTISTE CLEMENT,303490,0,4,VC,0,2,2,,,0,1,,,,1,7,0,1,0,0
3,6,1,1,2,42,FRANCE,RHONE-ALPES,187,42187,ROANNE,QUAI DU CANAL,303492,0,4,VC,0,2,1,,,0,1,,,,1,7,0,1,0,0
1,3,2,7,3,42,FRANCE,RHONE-ALPES,155,42155,NERVIEUX,RD 5,303502,0,3,RD,5,2,2,46,250,0,1,4580600,414900,,1,7,0,1,0,0
1,1,1,1,3,42,FRANCE,RHONE-ALPES,279,42279,SAINT-JUST-SAINT-RAMBERT,VC 21,303509,0,4,VC,21,2,2,0,0,0,1,4550700,421500,,1,10,0,1,0,0
1,3,1,1,3,42,FRANCE,RHONE-ALPES,021,42021,BOISSET-SAINT-PRIEST,RD 102,303529,0,3,RD,102,2,2,16,550,0,1,4551700,410500,,1,21,0,1,0,0
1,5,2,1,3,42,FRANCE,RHONE-ALPES,147,42147,MONTBRISON,RUE DES ARCHES,303541,5,4,VC,0,1,2,,,0,1,,,,1,7,0,1,0,0
1,1,1,1,6,42,FRANCE,RHONE-ALPES,223,42223,SAINT-GENEST-LERPT,Route DEpartementale ,303574,0,3,RD,0,2,2,,,0,1,,,,1,7,0,1,0,0
1,5,1,1,6,42,FRANCE,RHONE-ALPES,094,42094,FEURS,VC 0,303582,0,4,VC,0,1,1,0,0,2,5,4573800,422500,,1,,0,0,0,1
1,6,1,1,3,42,FRANCE,RHONE-ALPES,187,42187,ROANNE,RUE DENIS DIDEROT,303599,0,4,VC,0,2,2,,,0,0,,,,1,7,0,1,0,0
1,8,6,1,3,42,FRANCE,RHONE-ALPES,218,42218,SAINT-ETIENNE,BOULEVARD JANIN JULES,303604,5,4,VC,0,2,4,,,1,1,,,,1,7,0,1,0,0
1,1,1,1,3,42,FRANCE,RHONE-ALPES,218,42218,SAINT-ETIENNE,Lieu dit   Le Berland ,303607,0,5,Hors_reseau,0,2,2,0,100,0,1,,,,1,7,0,1,0,0
1,3,3,1,1,42,FRANCE,RHONE-ALPES,331,42331,VILLEMONTAIS,RD 53,303619,0,3,RD,53,2,0,13,50,0,1,0,0,,1,7,0,1,0,0
1,2,2,1,3,42,FRANCE,RHONE-ALPES,009,42009,ARTHUN,RD 68,303631,0,3,RD,68,2,2,2,950,0,1,0,0,,1,7,0,1,0,0
1,6,1,1,3,42,FRANCE,RHONE-ALPES,187,42187,ROANNE,BOULEVARD DE LA LIBERTE,303652,0,9,Autre,0,2,1,,,0,1,,,,1,7,0,1,0,0
1,5,3,1,3,42,FRANCE,RHONE-ALPES,184,42184,RIORGES,RUE MARECHAL FOCH,303653,0,9,Autre,0,2,2,,,2,1,,,,1,7,0,1,0,0
1,5,3,1,1,42,FRANCE,RHONE-ALPES,184,42184,RIORGES,RUE BURELLIER ANTOINE,303654,0,9,Autre,0,2,2,,,0,1,,,,1,30,0,1,0,0
1,1,1,1,1,42,FRANCE,RHONE-ALPES,168,42168,PELUSSIN,RD 63,303666,0,3,RD,63,2,2,18,800,0,1,4542900,463800,,1,21,0,1,0,0
1,6,2,1,3,42,FRANCE,RHONE-ALPES,187,42187,ROANNE,RUE DU MOULIN PAILLASSON,303680,0,9,Autre,0,2,2,,,0,1,,,,1,2,0,0,0,1
1,1,1,1,3,42,FRANCE,RHONE-ALPES,323,42323,VEAUCHE,RD 54,303687,0,3,RD,54,2,2,0,0,0,1,4556100,432400,,1,7,0,1,0,0
1,1,1,1,7,42,FRANCE,RHONE-ALPES,031,42031,CALOIRE,CD 3,303689,0,3,RD,0,2,2,16,700,0,1,,,,1,,0,1,0,0
5,5,3,2,3,42,FRANCE,RHONE-ALPES,186,42186,RIVE-DE-GIER,BOULEVARD DES PROVINCES,303692,0,3,RD,0,2,1,,,0,1,,,,1,7,0,1,0,0
1,5,1,1,6,42,FRANCE,RHONE-ALPES,184,42184,RIORGES,RUE MARECHAL FOCH,303696,0,3,RD,0,2,2,,,1,5,,,,1,,0,1,0,0
1,5,1,7,1,42,FRANCE,RHONE-ALPES,279,42279,SAINT-JUST-SAINT-RAMBERT,RD 2,303708,0,3,RD,2,2,0,0,0,0,1,4550400,424000,,1,7,0,1,0,0
1,8,7,1,6,42,FRANCE,RHONE-ALPES,218,42218,SAINT-ETIENNE,FOY GENERAL,303721,0,4,VC,0,2,1,0,1,3,1,,,,1,,0,0,0,1
3,6,6,2,3,42,FRANCE,RHONE-ALPES,187,42187,ROANNE,RUE BRISON,303758,0,3,RD,0,2,2,1,50,0,1,,,,1,7,0,1,0,0
1,1,1,1,3,42,FRANCE,RHONE-ALPES,222,42222,SAINT-GALMIER,RD 10,303772,0,3,RD,10,2,2,25,0,0,1,0,0,,1,7,0,1,0,0
2,1,1,1,2,42,FRANCE,RHONE-ALPES,212,42212,SAINT-CYR-DE-FAVIERES,RD 17,303774,0,3,RD,17,2,2,7,700,0,1,4597700,410900,,1,7,0,1,0,0
1,6,1,1,6,42,FRANCE,RHONE-ALPES,187,42187,ROANNE,RUE MULSANT,303784,0,3,RD,0,2,2,,,0,1,,,,1,2,0,1,0,0
1,5,2,1,3,42,FRANCE,RHONE-ALPES,147,42147,MONTBRISON,AVENUE DE LA GARE ,303838,5,4,VC,0,2,2,,,0,1,,,,1,7,0,1,0,0
1,1,1,1,7,42,FRANCE,RHONE-ALPES,218,42218,SAINT-ETIENNE,ROUTE GOUFFRE D'ENFER,303844,0,4,VC,0,2,2,,,0,1,,,,1,,0,1,0,0
1,1,1,1,3,42,FRANCE,RHONE-ALPES,208,42208,SAINT-CHRISTO-EN-JAREZ,RD 23,303848,0,3,RD,23,2,2,8,150,0,1,4553400,447000,,1,7,0,1,0,0
1,1,1,1,7,42,FRANCE,RHONE-ALPES,046,42046,CHAMPDIEU,VC 0,303849,0,4,VC,0,2,1,0,0,0,1,4564100,407500,,1,,0,1,0,0
1,3,1,1,3,42,FRANCE,RHONE-ALPES,334,42334,VIOLAY,Autre 0,303852,0,9,Autre,0,2,1,0,0,0,1,4585500,435900,,1,7,0,1,0,0
1,6,1,1,6,42,FRANCE,RHONE-ALPES,187,42187,ROANNE,RUE MULSANT,303869,0,4,VC,0,2,2,,,0,1,,,,1,7,0,1,0,0
1,1,1,1,3,42,FRANCE,RHONE-ALPES,070,42070,CORDELLE,VC 1,303882,0,4,VC,1,2,2,0,0,0,1,0,0,,1,7,0,1,0,0
2,1,1,1,1,42,FRANCE,RHONE-ALPES,267,42267,SAINT-NIZIER-SOUS-CHARLIEU,VC 0,303883,0,4,VC,0,2,0,0,0,0,1,4616800,413800,,1,7,0,1,0,0
1,6,2,1,3,42,FRANCE,RHONE-ALPES,187,42187,ROANNE,AVENUE DE PARIS,303889,0,3,RD,0,2,2,2,260,0,1,,,,1,7,0,1,0,0
1,4,2,1,3,42,FRANCE,RHONE-ALPES,110,42110,HORME (L'),RUE DES CITES ,303929,0,4,VC,0,2,1,,,0,1,,,,1,7,0,1,0,0
1,4,1,1,1,42,FRANCE,RHONE-ALPES,092,42092,ETRAT (L'),RD 1498,303954,5,3,RD,1498,2,0,0,0,0,1,4581000,463000,,1,7,0,1,0,0
2,6,3,1,3,42,FRANCE,RHONE-ALPES,187,42187,ROANNE,PASSAGE GERBAY,303975,0,4,VC,0,0,1,,,0,1,,,,1,7,0,1,0,0
1,6,6,1,3,42,FRANCE,RHONE-ALPES,187,42187,ROANNE,COUR DE LA REPUBLIQUE,303986,5,4,VC,,2,2,,,0,1,0,0,,1,7,0,1,0,0
1,1,1,1,2,42,FRANCE,RHONE-ALPES,059,42059,CHAZELLES-SUR-LYON,RD 12,303997,0,3,RD,12,2,2,18,800,0,1,4563770,435770,,1,7,0,1,0,0
1,5,1,1,6,42,FRANCE,RHONE-ALPES,305,42305,TALAUDIERE (LA),VICTOR HUGO,304009,0,2,RN,498,2,2,55,300,0,1,4526475,424986,,1,7,0,1,0,0
1,6,1,1,3,42,FRANCE,RHONE-ALPES,207,42207,SAINT-CHAMOND,COURS DU DAUPHINE,304022,0,4,VC,,3,2,,,0,1,453455,,,1,7,0,1,0,0
1,1,6,1,7,42,FRANCE,RHONE-ALPES,147,42147,MONTBRISON,RD 8,304041,0,3,RD,8,1,2,1,0,0,1,408984,4559039,,1,,0,1,0,0
1,3,1,1,1,42,FRANCE,RHONE-ALPES,162,42162,OUCHES,RD 18,304044,0,3,RD,18,2,2,21,200,0,1,4602116,398002,,1,7,0,1,0,0
1,5,1,1,3,42,FRANCE,RHONE-ALPES,095,42095,FIRMINY,RUE TREMOLLET,304047,0,4,VC,,1,1,,,0,1,4538544,428465,,1,7,0,1,0,0
1,1,1,1,3,42,FRANCE,RHONE-ALPES,075,42075,CRAINTILLEUX,VC 0,304053,0,4,VC,0,2,1,0,0,0,1,4557091,423246,,1,7,0,1,0,0
1,8,1,1,2,42,FRANCE,RHONE-ALPES,218,42218,SAINT-ETIENNE,RUE AMPERE ,304060,0,4,VC,,1,2,,,1,1,4526917,423252,,1,7,0,1,0,0
1,1,1,1,1,42,FRANCE,RHONE-ALPES,026,42026,BRIENNON,RD 4,304072,0,3,RD,4,2,2,26,800,0,1,4614765,409347,,1,7,0,1,0,0
1,5,1,1,2,42,FRANCE,RHONE-ALPES,184,42184,RIORGES,RUE PASTEUR,304079,0,4,VC,0,2,2,,,0,0,,,,1,7,0,1,0,0
1,1,1,8,1,42,FRANCE,RHONE-ALPES,120,42120,LENTIGNY,RD 203,304082,0,3,RD,203,2,0,0,0,0,1,4599232,399716,,1,7,0,1,0,0
1,5,6,1,3,42,FRANCE,RHONE-ALPES,184,42184,RIORGES,RUE MARECHAL FOCH,304087,5,3,RD,0,2,2,26,567,0,1,,,,1,7,0,1,0,0
1,2,1,1,3,42,FRANCE,RHONE-ALPES,058,42058,CHAZELLES-SUR-LAVIEU,RD 44,304099,0,3,RD,44,2,2,55,5,0,1,4553881,400112,,1,3,0,1,0,0
1,1,1,1,3,42,FRANCE,RHONE-ALPES,237,42237,SAINT-JEAN-BONNEFONDS,LA MAISON ROUGE,304110,0,4,VC,0,2,2,0,1,0,1,,,,1,7,0,1,0,0
1,6,1,1,3,42,FRANCE,RHONE-ALPES,207,42207,SAINT-CHAMOND,HALLE PLACE DE LA,304115,0,9,Autre,,2,0,,,0,1,,,,1,7,0,1,0,0
1,5,4,1,3,42,FRANCE,RHONE-ALPES,147,42147,MONTBRISON,AVENUE THERMALE,304122,0,4,VC,0,2,2,,,0,1,4559858,407097,,1,7,0,1,0,0
1,3,4,7,3,42,FRANCE,RHONE-ALPES,318,42318,USSON-EN-FOREZ,RD 104,304127,0,3,RD,104,2,2,0,0,0,1,4539125,393759,,1,7,0,1,0,0
1,3,2,1,5,42,FRANCE,RHONE-ALPES,155,42155,NERVIEUX,RD 1,304128,0,3,RD,1,2,2,0,0,0,1,4580605,415611,,1,7,0,1,0,0
1,1,1,1,3,42,FRANCE,RHONE-ALPES,041,42041,CHAMBEON,RD 60,304132,0,3,RD,60,2,2,0,0,0,1,4565161,414944,,1,10,0,1,0,0
1,1,1,1,3,42,FRANCE,RHONE-ALPES,216,42216,SAINT-DENIS-SUR-COISE,RD 3,304133,0,3,RD,3,2,0,61,50,0,1,4562144,444208,,1,7,0,1,0,0
1,6,1,1,3,42,FRANCE,RHONE-ALPES,187,42187,ROANNE,RUE DES VIES VIEILLES,304144,0,4,VC,0,4,0,,,0,1,4603748,407815,,1,7,0,1,0,0
5,8,1,3,2,42,FRANCE,RHONE-ALPES,218,42218,SAINT-ETIENNE,DE L'ONDAINE,304180,0,4,VC,0,2,2,,,0,1,4546615,438833,,1,7,0,1,0,0
1,5,2,1,3,42,FRANCE,RHONE-ALPES,316,42316,UNIEUX,CD 3,304195,5,3,RD,0,1,1,22,500,0,1,4539535,426319,,1,7,0,1,0,0
1,8,6,1,3,42,FRANCE,RHONE-ALPES,218,42218,SAINT-ETIENNE,PIERRE DE COUBERTIN,304213,0,4,VC,0,2,2,,,0,1,4546615,438833,,1,7,0,1,0,0
1,4,1,1,6,42,FRANCE,RHONE-ALPES,110,42110,HORME (L'),RUE DU FAUBOURG DE COUZON  ,304215,0,4,VC,0,2,1,,,0,1,4549445,456021,,1,38,0,1,0,0
5,1,6,1,3,42,FRANCE,RHONE-ALPES,187,42187,ROANNE,RUE DES DEPORTES ,304227,5,4,VC,0,2,2,,,0,1,4603865,406838,,1,7,0,1,0,0
1,8,1,2,6,42,FRANCE,RHONE-ALPES,218,42218,SAINT-ETIENNE,BEAUBRUN,304239,0,4,VC,0,1,2,,,3,1,4547084,436354,,1,,0,0,0,1
1,5,2,1,3,42,FRANCE,RHONE-ALPES,184,42184,RIORGES,RUE DE SAINT-ROMAIN,304255,0,3,RD,0,4,2,26,567,0,1,4603980,405212,,1,7,0,1,0,0
1,3,1,1,3,42,FRANCE,RHONE-ALPES,308,42308,TERRASSE-SUR-DORLAY (LA),RD 7,304279,0,3,RD,7,0,0,6,400,0,1,4544727,458365,,1,7,0,1,0,0
1,3,3,1,1,42,FRANCE,RHONE-ALPES,193,42193,ROZIER-EN-DONZY,RD 59,304283,5,3,RD,59,2,2,0,0,0,1,4579450,427405,,1,7,0,1,0,0
1,1,1,1,1,42,FRANCE,RHONE-ALPES,085,42085,DOIZIEUX,RD 76,304284,0,3,RD,76,2,0,0,0,0,1,4542903,458005,,1,10,0,1,0,0
1,4,1,1,1,42,FRANCE,RHONE-ALPES,097,42097,FOUILLOUSE (LA),RD 10,304289,1,3,RD,10,2,0,0,0,0,1,4549519,431990,,1,7,0,1,0,0
1,5,1,1,3,42,FRANCE,RHONE-ALPES,316,42316,UNIEUX,CD 108,304293,0,3,RD,0,2,2,4,0,0,1,4540607,425601,,1,99,0,1,0,0
1,4,1,1,1,42,FRANCE,RHONE-ALPES,225,42225,GENILAC,DUREZE ROUTE DE LA,304307,0,4,VC,0,2,2,,,0,1,4552187,459140,,1,7,0,1,0,0
1,5,1,1,3,42,FRANCE,RHONE-ALPES,279,42279,SAINT-JUST-SAINT-RAMBERT,RD 12,304310,0,3,RD,12,2,2,0,0,0,1,4551321,426349,,1,7,0,1,0,0
1,8,3,1,3,42,FRANCE,RHONE-ALPES,218,42218,SAINT-ETIENNE,ALLEE GIRARDIERE,304318,0,4,VC,0,2,2,,,0,1,4546558,441134,,1,7,0,1,0,0
1,5,1,2,1,42,FRANCE,RHONE-ALPES,279,42279,SAINT-JUST-SAINT-RAMBERT,RD 108,304348,0,3,RD,108,2,2,0,0,0,4,4549828,424330,,1,7,,,,
1,1,1,1,3,42,FRANCE,RHONE-ALPES,256,42256,SAINT-MARCELLIN-EN-FOREZ,RD 498,304350,0,3,RD,498,2,2,0,0,0,1,4547516,414613,,1,7,0,1,0,0
1,5,6,1,1,42,FRANCE,RHONE-ALPES,323,42323,VEAUCHE,RD 12,304356,5,3,RD,12,2,2,9,0,0,1,4556146,428822,,1,14,0,1,0,0
1,1,1,1,1,42,FRANCE,RHONE-ALPES,035,42035,CEZAY,VC 0,304369,0,4,VC,0,2,2,0,0,0,1,4580320,397293,,1,7,0,1,0,0
1,5,1,1,6,42,FRANCE,RHONE-ALPES,071,42071,COTEAU (LE),RUE CARNOT,304418,0,4,VC,0,2,2,,,0,1,4603110,408535,,1,7,0,1,0,0
1,8,3,1,3,42,FRANCE,RHONE-ALPES,218,42218,SAINT-ETIENNE,MIMARD ETIENNE ,304430,0,4,VC,0,2,2,,,0,1,4543956,439786,,1,10,0,1,0,0
5,8,1,1,1,42,FRANCE,RHONE-ALPES,218,42218,SAINT-ETIENNE,LE CHATELIER ,304431,0,4,VC,0,1,1,,,0,1,4541318,439045,,1,7,0,1,0,0
1,5,1,1,3,42,FRANCE,RHONE-ALPES,127,42127,MABLY,RUE DE BRIENNON,304443,0,3,RD,0,2,2,12,820,2,5,4607972,407315,,1,7,0,1,0,0
1,5,1,1,3,42,FRANCE,RHONE-ALPES,186,42186,RIVE-DE-GIER,AVENUE DU MARECHAL JUIN,304446,0,4,VC,88,2,2,,,2,5,4553314,463019,,1,7,0,1,0,0
1,1,1,4,3,42,FRANCE,RHONE-ALPES,092,42092,ETRAT (L'),RD 11,304449,0,3,RD,11,2,1,21,0,0,1,4549886,438466,,1,7,0,1,0,0
1,5,1,1,7,42,FRANCE,RHONE-ALPES,005,42005,ANDREZIEUX-BOUTHEON,Autre 0,304482,0,9,Autre,0,2,0,0,0,0,1,4552884,425979,,1,,0,1,0,0
1,4,6,1,1,42,FRANCE,RHONE-ALPES,304,42304,SURY-LE-COMTAL,RD 8,304483,0,3,RD,8,1,0,0,0,0,1,4553758,418802,,1,7,0,1,0,0
1,5,1,1,3,42,FRANCE,RHONE-ALPES,094,42094,FEURS,VC 0,304491,0,4,VC,0,2,3,0,0,0,1,4573657,422510,,1,7,0,1,0,0
1,3,6,1,7,42,FRANCE,RHONE-ALPES,206,42206,SAINT-BONNET-LES-OULES,RD 10,304499,5,3,RD,10,0,0,33,600,0,0,4553896,432085,,1,,0,1,0,0
1,1,6,1,3,42,FRANCE,RHONE-ALPES,323,42323,VEAUCHE,RD 100,304507,5,3,RD,100,4,0,0,0,0,1,4556250,431058,,1,7,0,1,0,0
1,1,1,1,1,42,FRANCE,RHONE-ALPES,201,42201,SAINT-APPOLINARD,RD 503,304519,0,3,RD,503,2,0,0,0,0,1,4533218,464061,,1,7,0,1,0,0
1,1,1,1,3,42,FRANCE,RHONE-ALPES,294,42294,SAINT-VINCENT-DE-BOISSET,RD 27,304527,0,3,RD,27,2,2,0,0,0,1,4601710,410658,,1,30,0,1,0,0
1,4,1,1,6,42,FRANCE,RHONE-ALPES,103,42103,GRAND-CROIX (LA),RUE JEAN JAURES,304582,0,3,RD,88,2,2,,,2,0,4550379,456902,,1,7,0,1,0,0
5,6,1,1,6,42,FRANCE,RHONE-ALPES,187,42187,ROANNE,QUAI DU COMMANDANT L'HERMINIER,304586,0,4,VC,0,2,,,,1,1,4603992,408277,,1,7,0,1,0,0
1,6,1,1,3,42,FRANCE,RHONE-ALPES,187,42187,ROANNE,RUE DE MATEL,304596,0,4,VC,0,2,2,,,0,1,4604714,408359,,1,7,0,1,0,0
1,6,1,1,3,42,FRANCE,RHONE-ALPES,187,42187,ROANNE,RUE DE LA BERGE,304597,0,4,VC,0,2,0,,,1,1,4603324,407160,,1,37,0,1,0,0
1,5,1,1,2,42,FRANCE,RHONE-ALPES,127,42127,MABLY,RUE DE BRIENNON,304599,0,4,VC,0,2,2,,,0,1,4605612,407319,,1,7,0,1,0,0
1,6,3,1,5,42,FRANCE,RHONE-ALPES,187,42187,ROANNE,BOULEVARD BARON DU MARAIS,304604,0,4,VC,0,2,2,,,0,1,4604271,406663,,1,7,0,0,0,1
1,6,3,1,3,42,FRANCE,RHONE-ALPES,187,42187,ROANNE,RUE DE CHARLIEU,304607,0,4,VC,0,2,2,,,0,1,4604200,407627,,1,7,0,1,0,0
1,5,6,1,3,42,FRANCE,RHONE-ALPES,184,42184,RIORGES,RUE MICHEL RONDET,304609,0,4,VC,0,2,2,,,0,1,4605955,404990,,1,7,0,1,0,0
1,6,1,1,6,42,FRANCE,RHONE-ALPES,187,42187,ROANNE,Pont de la LOIRE,304611,2,4,VC,0,2,4,,,0,1,4603265,407985,,1,7,0,1,0,0
1,5,1,1,2,42,FRANCE,RHONE-ALPES,071,42071,COTEAU (LE),AVENUE DE LA LIBERATION ,304617,0,4,VC,0,2,2,,,0,1,4602462,408699,,1,10,0,1,0,0
1,8,3,1,6,42,FRANCE,RHONE-ALPES,218,42218,SAINT-ETIENNE,FRANCHET D'ESPEREY ,304671,0,4,VC,0,3,3,0,1,2,1,4544104,437409,,1,7,0,1,0,0
5,4,7,8,6,43,FRANCE,AUVERGNE,012,43012,AUREC-SUR-LOIRE,VC 0,304718,0,4,VC,0,2,0,0,0,0,0,0,0,,1,,0,1,0,0
1,1,1,9,7,43,FRANCE,AUVERGNE,249,43249,VALPRIVAS,Hors_reseau 0,304783,0,5,Hors_reseau,0,2,0,0,0,0,1,0,0,,1,,0,1,0,0
1,1,1,1,3,43,FRANCE,AUVERGNE,176,43176,SAINT-DIDIER-D'ALLIER,RD 589,304797,5,3,RD,589,2,2,0,0,0,1,4499300,369800,,1,7,0,1,0,0
1,3,1,1,3,43,FRANCE,AUVERGNE,130,43130,MAZET-SAINT-VOY,RD 500,304802,0,3,RD,500,2,2,0,0,0,1,4505900,424700,,1,7,0,1,0,0
1,1,1,1,7,43,FRANCE,AUVERGNE,244,43244,TENCE,RD 18,304803,0,3,RD,18,2,0,0,0,0,1,0,0,,1,,0,1,0,0
1,1,1,1,3,43,FRANCE,AUVERGNE,084,43084,CUSSAC-SUR-LOIRE,RD 27,304835,0,3,RD,27,2,2,16,900,0,1,4498000,387000,,1,,0,0,0,1
1,3,1,1,1,43,FRANCE,AUVERGNE,042,43042,CAYRES,VC 0,304868,0,4,VC,0,2,2,0,0,0,1,4493200,381200,,1,7,0,1,0,0
1,1,1,1,6,43,FRANCE,AUVERGNE,005,43005,ALLEYRAS,RD 33,304880,0,3,RD,33,2,1,0,0,0,1,4492500,370800,,1,,0,1,0,0
1,4,1,1,1,43,FRANCE,AUVERGNE,112,43112,LANGEAC,VC 0,304883,0,4,VC,0,2,0,0,0,0,1,0,0,,1,7,0,1,0,0
1,4,1,1,3,43,FRANCE,AUVERGNE,205,43205,SAINT-JUST-MALMONT,VC 0,304889,0,4,VC,0,2,2,0,0,0,1,4535300,429600,,1,10,0,1,0,0
1,1,1,1,7,43,FRANCE,AUVERGNE,238,43238,SENEUJOLS,VC 0,304916,0,4,VC,0,0,2,0,0,0,0,4496100,377200,,1,,0,1,0,0
1,1,3,1,3,43,FRANCE,AUVERGNE,230,43230,SAINT-VINCENT,RD 103,304918,0,3,RD,103,2,2,65,850,0,1,0,0,,1,21,0,1,0,0
1,1,1,1,7,43,FRANCE,AUVERGNE,012,43012,AUREC-SUR-LOIRE,VC 0,304925,0,4,VC,0,2,1,0,0,0,3,0,0,,1,,0,1,0,0
1,2,1,7,3,43,FRANCE,AUVERGNE,215,43215,SAINT-PAUL-DE-TARTAS,RD 500,304993,0,3,RD,500,2,2,112,300,0,1,4480700,390700,,1,7,0,1,0,0
1,1,1,2,6,43,FRANCE,AUVERGNE,226,43226,SAINT-VERT,RD 588,305011,0,3,RD,588,2,2,0,0,0,1,4536700,353600,,1,,0,1,0,0
1,1,1,1,1,43,FRANCE,AUVERGNE,061,43061,CHASPINHAC,RD 103,305034,0,3,RD,103,2,2,72,900,0,1,4509600,391300,,1,7,0,1,0,0
1,1,1,1,6,43,FRANCE,AUVERGNE,049,43049,CHAMALIERES-SUR-LOIRE,RD 103,305044,0,3,RD,103,2,2,51,100,0,1,4520800,399100,,1,,0,1,0,0
1,3,1,1,6,43,FRANCE,AUVERGNE,032,43032,BLAVOZY,RD 988,305072,0,3,RD,988,2,2,54,900,0,1,4506200,397800,,1,,0,1,0,0
1,3,1,1,3,43,FRANCE,AUVERGNE,113,43113,LANTRIAC,RD 39,305097,0,3,RD,39,2,0,1,150,0,1,4501000,401300,,1,7,0,1,0,0
1,1,1,1,1,43,FRANCE,AUVERGNE,167,43167,SAINT-ARCONS-D'ALLIER,Autre 0,305132,0,9,Autre,0,2,2,0,0,0,1,4507400,355100,,1,7,0,1,0,0
1,1,1,1,7,43,FRANCE,AUVERGNE,256,43256,VENTEUGES,VC 0,305158,0,4,VC,0,2,2,0,0,0,1,0,0,,1,,0,1,0,0
1,1,1,1,3,43,FRANCE,AUVERGNE,230,43230,SAINT-VINCENT,RD 103,305202,0,3,RD,103,2,0,63,450,0,1,0,0,,1,7,0,1,0,0
1,3,1,1,1,43,FRANCE,AUVERGNE,002,43002,AIGUILHE,CHEMIN DE JALAVOUX,305205,0,4,VC,0,2,2,,,0,1,,,,1,7,0,1,0,0
1,1,1,1,1,43,FRANCE,AUVERGNE,078,43078,COUBON,RD 37,305262,0,3,RD,37,2,0,0,0,0,1,0,0,,1,7,0,1,0,0
1,2,1,1,1,43,FRANCE,AUVERGNE,092,43092,FAY-SUR-LIGNON,RD 500,305263,0,3,RD,500,2,1,0,0,0,1,4498700,422900,,1,10,0,1,0,0
1,1,6,1,2,43,FRANCE,AUVERGNE,140,43140,MONTEIL (LE),RD 374,305267,0,3,RD,374,2,2,1,300,0,1,4506100,391600,,1,7,0,1,0,0
1,1,1,1,1,43,FRANCE,AUVERGNE,117,43117,LAVAUDIEU,RD 20,305288,0,3,RD,20,2,0,0,0,0,1,0,0,,1,,0,0,0,1
1,1,1,1,3,43,FRANCE,AUVERGNE,166,43166,SAINT-ANDRE-DE-CHALENCON,RD 9,305309,0,3,RD,9,2,2,13,800,0,1,0,0,,1,10,0,1,0,0
5,5,1,1,6,44,FRANCE,PAYS DE LA LOIRE,055,44055,BAULE-ESCOUBLAC (LA),ESPLANADE LUCIEN BARRIERE,305347,0,4,VC,0,2,2,,,2,5,,,,1,,0,0,0,1
1,8,3,1,3,44,FRANCE,PAYS DE LA LOIRE,109,44109,NANTES,VC 0,305349,0,4,VC,0,2,2,1,0,0,1,,,,1,7,0,1,0,0
1,8,6,2,3,44,FRANCE,PAYS DE LA LOIRE,109,44109,NANTES,VC 0,305357,0,4,VC,0,2,2,1,0,0,1,,,,1,7,0,1,0,0
1,4,1,1,7,44,FRANCE,PAYS DE LA LOIRE,102,44102,MONTBERT,RD 117,305375,0,3,RD,117,0,0,0,0,0,4,0,0,,1,,0,1,0,0
1,1,1,1,1,44,FRANCE,PAYS DE LA LOIRE,137,44137,PRINQUIAU,RD 100,305416,0,3,RD,100,2,2,0,0,0,1,0,0,,1,7,0,1,0,0
1,5,6,1,3,44,FRANCE,PAYS DE LA LOIRE,135,44135,POULIGUEN (LE),AVENUE DE L'OCEAN,305418,0,4,VC,0,1,1,,,0,1,,,,1,7,0,1,0,0
1,8,1,1,6,44,FRANCE,PAYS DE LA LOIRE,109,44109,NANTES,BOULEVARD MARTYRS DE LA RESISTANCE,305429,0,4,VC,0,3,4,,,2,1,,,,1,18,0,1,0,0
1,8,2,2,6,44,FRANCE,PAYS DE LA LOIRE,109,44109,NANTES,BOULEVARD MARTYRS DE LA RESISTANCE,305438,0,4,VC,0,2,2,,,2,1,,,,1,17,0,1,0,0
1,8,3,1,6,44,FRANCE,PAYS DE LA LOIRE,109,44109,NANTES,RUE PAUL BELLAMY,305442,0,4,VC,0,2,3,,,0,1,,,,1,7,0,1,0,0