lum,agg,int,atm,col,dep_bis,pays,region,com_bis,com_codeINSEE,communes,N_voie,numac,infra,catr,type_route,voie,circ,nbv,pr,pr1,vosp,situ,lat,long,adr,accident_velo,vehicule_imp,cycl_mort,cycl_bgv,cycl_blg,cycl_indm
1,1,1,8,1,44,FRANCE,PAYS DE LA LOIRE,015,44015,BLAIN,VC 0,305477,0,4,VC,0,2,2,0,0,0,1,4748000,-182300,,1,7,0,1,0,0
1,7,1,1,3,44,FRANCE,PAYS DE LA LOIRE,184,44184,SAINT-NAZAIRE,RN 471,305513,0,2,RN,0,2,2,1,880,1,5,,,,1,7,0,1,0,0
2,8,1,1,6,44,FRANCE,PAYS DE LA LOIRE,109,44109,NANTES,RUE DE LA MARNE,305519,0,4,VC,0,4,0,,,0,1,,,,1,,0,0,0,1
1,8,1,1,6,44,FRANCE,PAYS DE LA LOIRE,109,44109,NANTES,RUE HECTOR BERLIOZ,305554,0,4,VC,0,1,1,,,0,0,,,,1,,0,1,0,0
1,7,3,1,3,44,FRANCE,PAYS DE LA LOIRE,184,44184,SAINT-NAZAIRE,RUE JEAN GUTENBERG,305560,0,4,VC,0,2,2,,,0,1,,,,1,7,0,1,0,0
1,5,1,1,2,44,FRANCE,PAYS DE LA LOIRE,204,44204,THOUARE-SUR-LOIRE,VC 0,305561,0,4,VC,0,2,2,0,0,0,1,0,0,,1,7,0,1,0,0
1,5,6,1,3,44,FRANCE,PAYS DE LA LOIRE,003,44003,ANCENIS,RD 14,305565,5,3,RD,14,2,2,0,0,0,1,0,0,,1,7,0,1,0,0
1,4,1,1,6,44,FRANCE,PAYS DE LA LOIRE,217,44217,VIGNEUX-DE-BRETAGNE,RD 49,305577,0,3,RD,49,2,0,20,940,0,1,0,0,,1,,0,1,0,0
1,8,1,1,6,44,FRANCE,PAYS DE LA LOIRE,109,44109,NANTES,QUAI CEINERAY,305584,0,4,VC,0,2,2,,,2,1,,,,1,7,0,1,0,0
1,8,1,1,6,44,FRANCE,PAYS DE LA LOIRE,109,44109,NANTES,RUE VOLTAIRE,305587,0,4,VC,0,2,1,,,0,1,,,,1,7,0,1,0,0
1,8,1,1,6,44,FRANCE,PAYS DE LA LOIRE,109,44109,NANTES,QUAI DE LA FOSSE,305606,0,4,VC,0,2,1,,,2,5,,,,1,7,0,1,0,0
1,8,1,1,2,44,FRANCE,PAYS DE LA LOIRE,109,44109,NANTES,PONT GENERAL AUDIBERT,305619,2,4,VC,0,2,0,,,2,1,,,,1,2,0,1,0,0
1,4,1,1,1,44,FRANCE,PAYS DE LA LOIRE,049,44049,CROISIC (LE),VC 0,305635,0,4,VC,0,2,2,0,0,0,1,0,0,,1,7,0,1,0,0
1,5,1,1,3,44,FRANCE,PAYS DE LA LOIRE,035,44035,CHAPELLE-SUR-ERDRE (LA),RD 69,305643,0,3,RD,69,1,0,0,0,0,1,0,0,,1,7,0,1,0,0
1,8,6,1,6,44,FRANCE,PAYS DE LA LOIRE,109,44109,NANTES,BOULEVARD DES NATIONS UNIES,305667,0,4,VC,0,2,3,,,2,1,,,,1,7,0,1,0,0
1,8,1,1,6,44,FRANCE,PAYS DE LA LOIRE,109,44109,NANTES,COURS COMMANDANT D'ESTIENNE D'ORVES,305668,0,4,VC,0,2,2,,,2,5,,,,1,7,0,1,0,0
1,8,2,1,6,44,FRANCE,PAYS DE LA LOIRE,109,44109,NANTES,BOULEVARD LELASSEUR,305670,0,4,VC,0,2,0,,,3,1,,,,1,7,0,1,0,0
2,5,1,1,2,44,FRANCE,PAYS DE LA LOIRE,018,44018,BOUAYE,Autre 0,305684,0,9,Autre,0,2,2,0,0,1,5,4716000,-160100,,1,7,0,1,0,0
1,1,2,1,1,44,FRANCE,PAYS DE LA LOIRE,069,44069,GUERANDE,RD 774,305689,5,3,RD,774,2,2,0,0,0,1,4730000,-243300,,1,7,0,1,0,0
1,8,1,2,6,44,FRANCE,PAYS DE LA LOIRE,109,44109,NANTES,RUE DESAIX,305699,0,4,VC,0,2,0,,,0,0,,,,1,7,0,1,0,0
1,8,2,1,3,44,FRANCE,PAYS DE LA LOIRE,109,44109,NANTES,BOULEVARD GUSTAVE ROCH,305701,0,4,VC,0,3,4,,,2,1,,,,1,20,0,1,0,0
1,1,3,1,6,44,FRANCE,PAYS DE LA LOIRE,109,44109,NANTES,BOULEVARD JULES VERNE,305708,0,4,VC,0,2,2,,,0,4,,,,1,7,0,1,0,0
1,5,3,3,1,44,FRANCE,PAYS DE LA LOIRE,110,44110,NORT-SUR-ERDRE,VC 0,305719,0,4,VC,0,2,0,0,0,0,1,0,0,,1,7,0,1,0,0
1,8,6,1,6,44,FRANCE,PAYS DE LA LOIRE,109,44109,NANTES,RUE PAUL BELLAMY,305738,0,4,VC,0,2,2,,,0,1,,,,1,7,0,1,0,0
1,6,5,1,6,44,FRANCE,PAYS DE LA LOIRE,143,44143,REZE,RUE DE LA BUTTE DE PRAUD,305748,0,4,VC,0,2,3,1,0,3,1,,,,1,17,0,1,0,0
1,4,1,1,1,44,FRANCE,PAYS DE LA LOIRE,054,44054,ERBRAY,VC 0,305793,0,4,VC,0,2,0,0,0,0,1,0,0,,1,7,0,1,0,0
1,1,4,1,3,44,FRANCE,PAYS DE LA LOIRE,069,44069,GUERANDE,RD 48,305804,0,3,RD,48,2,0,0,0,0,0,0,0,,1,7,0,1,0,0
1,5,1,1,3,44,FRANCE,PAYS DE LA LOIRE,129,44129,PONTCHATEAU,RD 16,305806,0,3,RD,16,2,2,0,0,0,1,0,0,,1,7,0,1,0,0
3,1,1,1,5,44,FRANCE,PAYS DE LA LOIRE,041,44041,CHEVROLIERE (LA),RD 65,305813,0,3,RD,65,2,1,8,770,0,3,4712000,-158000,,1,7,0,1,0,0
1,4,1,1,3,44,FRANCE,PAYS DE LA LOIRE,045,44045,CORDEMAIS,RD 93,305824,0,3,RD,93,2,2,0,0,0,1,4729500,-186300,,1,7,0,1,0,0
1,5,1,1,3,44,FRANCE,PAYS DE LA LOIRE,035,44035,CHAPELLE-SUR-ERDRE (LA),RD 49,305825,0,3,RD,49,2,0,0,0,0,1,0,0,,1,7,0,1,0,0
1,8,1,2,6,44,FRANCE,PAYS DE LA LOIRE,109,44109,NANTES,RUE STANISLAS BAUDRY,305830,0,4,VC,0,1,1,,,0,1,,,,1,7,0,1,0,0
5,8,1,1,3,44,FRANCE,PAYS DE LA LOIRE,109,44109,NANTES,BOULEVARD VAN ISEGHEM,305834,0,4,VC,0,2,2,,,0,1,,,,1,7,0,1,0,0
1,8,1,1,7,44,FRANCE,PAYS DE LA LOIRE,109,44109,NANTES,RUE EMILE SOUVESTRE,305842,0,4,VC,0,2,0,,,0,1,,,,1,,0,1,0,0
2,6,6,1,3,44,FRANCE,PAYS DE LA LOIRE,114,44114,ORVAULT,RUE HUBERT DE LA BROSSE,305844,0,4,VC,0,1,2,,,0,1,,,,1,7,0,1,0,0
5,8,9,1,6,44,FRANCE,PAYS DE LA LOIRE,109,44109,NANTES,BOULEVARD AUGUSTE PENEAU,305853,0,4,VC,0,2,0,,,0,1,,,,1,7,0,1,0,0
1,4,6,8,3,44,FRANCE,PAYS DE LA LOIRE,211,44211,TURBALLE (LA),RD 99,305864,5,3,RD,99,0,1,0,0,0,1,0,0,,1,7,0,1,0,0
1,8,2,2,6,44,FRANCE,PAYS DE LA LOIRE,109,44109,NANTES,RUE PAUL BELLAMY,305870,0,4,VC,0,0,0,,,0,1,,,,1,7,0,1,0,0
1,8,1,1,6,44,FRANCE,PAYS DE LA LOIRE,109,44109,NANTES,RUE MERCOEUR,305872,0,4,VC,0,2,2,,,0,1,,,,1,7,0,1,0,0
1,8,1,1,7,44,FRANCE,PAYS DE LA LOIRE,109,44109,NANTES,RUE DU BALLET,305873,0,4,VC,0,0,0,,,0,5,,,,1,31,0,1,0,0
1,4,1,1,3,44,FRANCE,PAYS DE LA LOIRE,150,44150,SAINT-AIGNAN-GRANDLIEU,RD 11,305916,0,3,RD,11,2,2,12,900,0,1,4712800,-162100,,1,33,0,1,0,0
1,8,9,1,3,44,FRANCE,PAYS DE LA LOIRE,109,44109,NANTES,BOULEVARD GUSTAVE ROCH,305930,0,5,Hors_reseau,0,2,2,,,3,1,,,,1,20,0,1,0,0
1,8,1,1,2,44,FRANCE,PAYS DE LA LOIRE,109,44109,NANTES,BOULEVARD PAUL CHABAS,305940,0,4,VC,0,2,3,,,2,0,,,,1,7,0,1,0,0
1,5,1,2,2,44,FRANCE,PAYS DE LA LOIRE,172,44172,SAINTE-LUCE-SUR-LOIRE,RD 723,305950,0,3,RD,723,2,0,0,0,0,1,0,0,,1,14,0,1,0,0
1,1,1,1,2,44,FRANCE,PAYS DE LA LOIRE,110,44110,NORT-SUR-ERDRE,RD 178,305953,0,3,RD,178,2,2,46,825,0,1,4743000,-148300,,1,7,0,1,0,0
1,5,6,1,3,44,FRANCE,PAYS DE LA LOIRE,201,44201,SUCE-SUR-ERDRE,RD 69,305964,5,3,RD,69,2,1,39,150,0,1,0,0,,1,7,0,1,0,0
1,8,1,1,2,44,FRANCE,PAYS DE LA LOIRE,109,44109,NANTES,RUE DE L'HOTEL DE VILLE,305970,0,4,VC,0,2,2,,,0,1,,,,1,7,0,1,0,0
1,8,9,1,6,44,FRANCE,PAYS DE LA LOIRE,109,44109,NANTES,RUE DE LA VILLE AUX ROSES,306017,0,4,VC,0,2,0,,,0,1,,,,1,7,0,1,0,0
1,4,1,1,6,44,FRANCE,PAYS DE LA LOIRE,049,44049,CROISIC (LE),RD 45,306045,0,3,RD,45,2,0,0,0,0,1,0,0,,1,,0,1,0,0
1,8,3,1,3,44,FRANCE,PAYS DE LA LOIRE,109,44109,NANTES,QUAI HENRI BARBUSSE,306056,0,4,VC,0,2,3,,,0,1,,,,1,7,0,1,0,0
1,8,1,1,7,44,FRANCE,PAYS DE LA LOIRE,109,44109,NANTES,ROUTE DE SAINTE LUCE,306062,0,4,VC,0,2,2,,,0,1,,,,1,,0,1,0,0
1,1,1,1,1,44,FRANCE,PAYS DE LA LOIRE,099,44099,MOISDON-LA-RIVIERE,RD 29,306078,0,3,RD,29,2,2,25,100,0,1,4762000,-138000,,1,7,0,1,0,0
1,5,3,1,1,44,FRANCE,PAYS DE LA LOIRE,154,44154,SAINT-BREVIN-LES-PINS,VC 0,306085,0,4,VC,0,2,2,0,0,0,1,0,0,,1,7,0,1,0,0
1,5,6,1,3,44,FRANCE,PAYS DE LA LOIRE,194,44194,SAUTRON,Autre 0,306090,5,9,Autre,0,2,2,0,0,0,1,4726400,-165400,,1,7,0,1,0,0
1,8,2,1,3,44,FRANCE,PAYS DE LA LOIRE,109,44109,NANTES,RUE DE STRASBOURG,306100,0,4,VC,0,2,2,,,0,1,,,,1,7,0,1,0,0
1,8,6,1,3,44,FRANCE,PAYS DE LA LOIRE,109,44109,NANTES,ROUTE DE LA CHAPELLE SUR ERDRE,306105,0,4,VC,0,3,2,,,2,1,,,,1,7,0,1,0,0
1,8,2,1,3,44,FRANCE,PAYS DE LA LOIRE,109,44109,NANTES,BOULEVARD MARTYRS DE LA RESISTANCE,306107,0,4,VC,0,3,5,1,0,3,1,,,,1,15,0,1,0,0
1,1,1,1,2,44,FRANCE,PAYS DE LA LOIRE,118,44118,PANNECE,RD 21,306119,0,3,RD,21,2,2,10,650,0,1,0,0,,1,33,0,1,0,0
1,4,1,1,3,44,FRANCE,PAYS DE LA LOIRE,126,44126,PLAINE-SUR-MER (LA),Autre 0,306122,0,9,Autre,0,2,2,0,0,0,1,0,0,,1,7,0,1,0,0
1,1,9,1,6,44,FRANCE,PAYS DE LA LOIRE,109,44109,NANTES,ROUTE DE PARIS ,306137,3,4,VC,0,1,2,1,0,0,1,,,,1,7,0,1,0,0
1,6,3,1,3,44,FRANCE,PAYS DE LA LOIRE,162,44162,SAINT-HERBLAIN,RUE JEAN-JACQUES ROUSSEAU ,306145,0,4,VC,0,2,2,,,0,1,,,,1,7,0,1,0,0
1,1,9,1,1,44,FRANCE,PAYS DE LA LOIRE,208,44208,TREFFIEUX,RD 1,306153,0,3,RD,1,2,1,20,400,0,1,0,0,,1,7,0,1,0,0
1,5,6,1,3,44,FRANCE,PAYS DE LA LOIRE,132,44132,PORNICHET,AVENUE DU GRIS,306159,0,4,VC,0,2,1,,,2,1,,,,1,7,0,1,0,0
1,5,1,1,2,44,FRANCE,PAYS DE LA LOIRE,055,44055,BAULE-ESCOUBLAC (LA),ESPLANADE BENOIT,306160,0,4,VC,0,2,2,,,0,1,,,,1,7,0,1,0,0
1,8,6,1,3,44,FRANCE,PAYS DE LA LOIRE,109,44109,NANTES,RUE DE LA PATOUILLERIE,306166,0,4,VC,0,2,2,1,0,3,1,,,,1,7,0,1,0,0
1,8,1,1,6,44,FRANCE,PAYS DE LA LOIRE,109,44109,NANTES,BOULEVARD MARECHAL ALPHONSE JUIN,306176,0,4,VC,0,2,2,,,0,1,,,,1,,0,1,0,0
2,8,3,8,3,44,FRANCE,PAYS DE LA LOIRE,109,44109,NANTES,BOULEVARD DE LA BEAUJOIRE,306197,0,4,VC,0,3,4,1,0,0,0,,,,1,7,0,1,0,0
5,8,2,1,6,44,FRANCE,PAYS DE LA LOIRE,109,44109,NANTES,BOULEVARD ALLARD,306218,0,4,VC,0,2,2,,,2,0,,,,1,7,0,1,0,0
1,8,6,1,6,44,FRANCE,PAYS DE LA LOIRE,109,44109,NANTES,BOULEVARD VICTOR HUGO,306228,0,4,VC,0,1,1,,,0,1,,,,1,7,0,1,0,0
1,8,6,1,3,44,FRANCE,PAYS DE LA LOIRE,109,44109,NANTES,BOULEVARD DU MASSACRE,306230,0,4,VC,0,2,2,,,2,1,,,,1,7,0,1,0,0
1,8,1,2,3,44,FRANCE,PAYS DE LA LOIRE,109,44109,NANTES,BOULEVARD GABRIEL LAURIOL,306232,0,4,VC,0,2,2,,,2,1,,,,1,7,0,1,0,0
3,1,1,1,1,44,FRANCE,PAYS DE LA LOIRE,169,44169,SAINT-JULIEN-DE-CONCELLES,RD 37,306272,0,3,RD,37,2,0,0,0,0,1,0,0,,1,7,0,1,0,0
2,4,2,7,3,44,FRANCE,PAYS DE LA LOIRE,066,44066,GRANDCHAMPS-DES-FONTAINES,RD 26,306351,0,3,RD,26,2,2,39,500,0,1,4737000,-160500,,1,7,0,1,0,0
1,8,1,1,6,44,FRANCE,PAYS DE LA LOIRE,109,44109,NANTES,QUAI DE LA FOSSE,306356,0,4,VC,0,2,0,,,2,1,,,,1,15,0,1,0,0
5,8,2,1,3,44,FRANCE,PAYS DE LA LOIRE,109,44109,NANTES,BOULEVARD GUSTAVE ROCH,306358,0,4,VC,0,2,4,1,0,2,0,,,,1,17,0,1,0,0
1,8,6,1,3,44,FRANCE,PAYS DE LA LOIRE,109,44109,NANTES,BOULEVARD JEAN PHILIPPOT,306370,0,4,VC,0,2,2,,,2,1,,,,1,14,0,1,0,0
1,8,2,1,3,44,FRANCE,PAYS DE LA LOIRE,109,44109,NANTES,RUE GENERAL MARGUERITTE,306372,0,4,VC,0,2,0,,,0,1,,,,1,7,0,1,0,0
1,4,1,1,1,44,FRANCE,PAYS DE LA LOIRE,199,44199,SOUDAN,RD 20,306400,0,3,RD,20,2,2,0,0,0,1,4774200,-130300,,1,7,0,1,0,0
1,8,2,1,3,44,FRANCE,PAYS DE LA LOIRE,109,44109,NANTES,RUE ANATOLE DE MONZIE,306419,5,4,VC,0,2,2,,,0,1,,,,1,7,0,1,0,0
1,5,1,2,1,44,FRANCE,PAYS DE LA LOIRE,036,44036,CHATEAUBRIANT,VC 0,306437,0,4,VC,0,1,1,0,0,0,1,4771900,-138400,,1,7,0,1,0,0
1,1,1,1,3,44,FRANCE,PAYS DE LA LOIRE,131,44131,PORNIC,Autre 0,306441,0,9,Autre,0,2,0,0,0,0,1,4711100,-206400,,1,7,0,1,0,0
1,5,1,1,3,44,FRANCE,PAYS DE LA LOIRE,154,44154,SAINT-BREVIN-LES-PINS,VC 0,306456,0,4,VC,0,2,2,0,0,0,1,0,0,,1,7,0,1,0,0
1,5,2,1,3,44,FRANCE,PAYS DE LA LOIRE,201,44201,SUCE-SUR-ERDRE,RD 37,306463,5,3,RD,37,2,2,0,0,0,1,0,0,,1,7,0,1,0,0
1,8,6,1,1,44,FRANCE,PAYS DE LA LOIRE,109,44109,NANTES,BOULEVARD VICTOR HUGO,306470,0,4,VC,0,2,0,,,0,1,,,,1,7,0,1,0,0
1,6,1,1,6,44,FRANCE,PAYS DE LA LOIRE,143,44143,REZE,RUE ARISTIDE BRIAND,306471,0,4,VC,0,2,2,,,2,5,,,,1,7,0,1,0,0
1,7,1,1,3,44,FRANCE,PAYS DE LA LOIRE,184,44184,SAINT-NAZAIRE,ROUTE DE LA MONTAGNE,306481,0,4,VC,0,2,2,,,0,1,,,,1,7,0,1,0,0
1,5,9,1,1,44,FRANCE,PAYS DE LA LOIRE,069,44069,GUERANDE,RD 99,306492,0,3,RD,99,3,4,0,0,0,1,0,0,,1,7,0,1,0,0
1,1,6,1,1,44,FRANCE,PAYS DE LA LOIRE,069,44069,GUERANDE,RD 774,306493,5,3,RD,774,0,0,0,0,0,1,0,0,,1,10,0,1,0,0
1,8,6,1,3,44,FRANCE,PAYS DE LA LOIRE,109,44109,NANTES,ALLEE  DE LA MAISON ROUGE,306513,5,4,VC,0,2,2,,,0,1,,,,1,17,0,1,0,0
1,6,1,1,6,44,FRANCE,PAYS DE LA LOIRE,143,44143,REZE,ROND-POINT DES MARGUYONNES,306559,0,4,VC,0,1,2,1,0,0,1,,,,1,7,0,1,0,0
1,8,1,1,2,44,FRANCE,PAYS DE LA LOIRE,109,44109,NANTES,RUE GASTON MICHEL,306561,0,4,VC,0,1,0,,,1,1,,,,1,7,0,1,0,0
1,8,6,1,6,44,FRANCE,PAYS DE LA LOIRE,109,44109,NANTES,BOULEVARD MAURICE BERTIN,306562,0,4,VC,0,2,2,,,1,1,,,,1,7,0,1,0,0
1,8,1,1,6,44,FRANCE,PAYS DE LA LOIRE,109,44109,NANTES,RUE PAUL BELLAMY,306577,0,4,VC,0,2,2,,,3,1,,,,1,7,0,1,0,0
2,8,6,1,3,44,FRANCE,PAYS DE LA LOIRE,109,44109,NANTES,RD 0,306583,0,3,RD,0,0,0,,,0,0,,,,1,7,0,1,0,0
1,6,1,1,3,44,FRANCE,PAYS DE LA LOIRE,114,44114,ORVAULT,giratoire de la porte de sautron,306585,0,9,Autre,0,2,2,,,0,0,,,,1,7,0,1,0,0
3,1,1,1,1,44,FRANCE,PAYS DE LA LOIRE,130,44130,PONT-SAINT-MARTIN,RD 11,306601,0,3,RD,11,2,2,7,400,0,1,0,0,,1,7,0,1,0,0
1,3,1,8,4,44,FRANCE,PAYS DE LA LOIRE,053,44053,DREFFEAC,RD 773,306610,0,3,RD,773,2,2,16,500,0,1,0,0,,1,7,0,1,0,0
1,6,1,1,6,44,FRANCE,PAYS DE LA LOIRE,190,44190,SAINT-SEBASTIEN-SUR-LOIRE,BOULEVARD DES PAS ENCHANTES,306611,0,4,VC,0,2,2,1,0,0,1,,,,1,7,0,1,0,0
4,8,6,2,6,44,FRANCE,PAYS DE LA LOIRE,109,44109,NANTES,PLACE RAYMOND POINCARE,306656,5,4,VC,0,2,2,1,0,0,1,,,,1,7,0,1,0,0
1,7,2,1,3,44,FRANCE,PAYS DE LA LOIRE,184,44184,SAINT-NAZAIRE,VC 0,306728,0,4,VC,0,2,2,0,0,0,1,,,,1,7,0,1,0,0
5,8,3,5,3,44,FRANCE,PAYS DE LA LOIRE,109,44109,NANTES,VC 0,306732,0,4,VC,0,1,2,0,0,2,1,,,,1,10,0,1,0,0
1,8,3,1,3,44,FRANCE,PAYS DE LA LOIRE,109,44109,NANTES,VC 0,306737,0,4,VC,0,2,0,0,0,0,1,,,,1,7,0,1,0,0
1,8,1,1,6,44,FRANCE,PAYS DE LA LOIRE,109,44109,NANTES,VC 0,306739,0,4,VC,0,2,2,0,0,2,5,,,,1,7,0,1,0,0
1,8,1,1,2,44,FRANCE,PAYS DE LA LOIRE,109,44109,NANTES,VC 0,306741,0,4,VC,0,1,0,0,0,0,0,,,,1,99,0,1,0,0
1,8,6,2,3,44,FRANCE,PAYS DE LA LOIRE,109,44109,NANTES,VC 0,306774,5,4,VC,0,2,2,0,0,0,1,,,,1,7,0,1,0,0
1,1,1,1,3,44,FRANCE,PAYS DE LA LOIRE,098,44098,MISSILLAC,VC 0,306782,0,4,VC,0,2,2,0,0,0,1,0,0,,1,7,0,1,0,0
1,6,1,1,7,44,FRANCE,PAYS DE LA LOIRE,114,44114,ORVAULT,VC 0,306791,0,4,VC,0,2,2,0,0,0,1,,,,1,,0,1,0,0
1,8,6,2,3,44,FRANCE,PAYS DE LA LOIRE,109,44109,NANTES,VC 0,306821,0,4,VC,0,2,2,0,0,0,1,,,,1,7,0,1,0,0
1,8,2,8,3,44,FRANCE,PAYS DE LA LOIRE,109,44109,NANTES,VC 0,306831,0,4,VC,0,2,2,0,0,0,1,,,,1,7,0,1,0,0
1,4,1,1,3,44,FRANCE,PAYS DE LA LOIRE,117,44117,PALLET (LE),VC 0,306846,0,4,VC,0,2,2,0,0,0,1,0,0,,1,7,0,1,0,0
1,1,2,1,3,44,FRANCE,PAYS DE LA LOIRE,175,44175,SAINT-LYPHARD,RD 47,306847,5,3,RD,47,2,0,7,537,0,1,0,0,,1,7,0,1,0,0
1,1,1,1,3,44,FRANCE,PAYS DE LA LOIRE,096,44096,MESANGER,RD 25,306856,0,3,RD,25,2,0,24,0,0,1,0,0,,1,21,0,1,0,0
1,1,1,1,1,44,FRANCE,PAYS DE LA LOIRE,122,44122,PETIT-MARS,RD 31,306859,0,3,RD,31,2,2,9,750,0,1,0,0,,1,7,0,1,0,0
1,5,1,1,1,44,FRANCE,PAYS DE LA LOIRE,052,44052,DONGES,VC 0,306868,0,4,VC,0,2,2,0,0,2,1,0,0,,1,7,0,1,0,0
1,1,1,1,3,44,FRANCE,PAYS DE LA LOIRE,087,44087,MACHECOUL,RD 13,306872,0,3,RD,13,2,2,17,782,0,1,0,0,,1,7,0,1,0,0
1,8,1,1,6,44,FRANCE,PAYS DE LA LOIRE,109,44109,NANTES,VC 0,306888,5,4,VC,0,1,1,0,0,0,1,,,,1,7,0,1,0,0
1,8,3,1,3,44,FRANCE,PAYS DE LA LOIRE,109,44109,NANTES,VC 0,306890,0,4,VC,0,2,2,0,0,0,1,,,,1,7,0,1,0,0
1,5,2,1,3,44,FRANCE,PAYS DE LA LOIRE,055,44055,BAULE-ESCOUBLAC (LA),VC 0,306891,0,4,VC,0,0,2,0,0,0,1,,,,1,7,0,1,0,0
1,7,1,1,3,44,FRANCE,PAYS DE LA LOIRE,184,44184,SAINT-NAZAIRE,VC 0,306894,0,4,VC,0,2,2,0,0,0,1,,,,1,7,0,1,0,0
1,7,2,1,3,44,FRANCE,PAYS DE LA LOIRE,184,44184,SAINT-NAZAIRE,VC 0,306896,0,4,VC,0,2,2,0,0,0,1,,,,1,7,0,1,0,0
1,7,3,1,3,44,FRANCE,PAYS DE LA LOIRE,184,44184,SAINT-NAZAIRE,VC 0,306901,0,4,VC,0,2,2,0,0,0,1,,,,1,7,0,1,0,0
1,5,9,1,1,44,FRANCE,PAYS DE LA LOIRE,052,44052,DONGES,VC 0,306905,0,4,VC,0,0,0,0,0,0,0,0,0,,1,7,0,1,0,0
5,8,2,1,6,44,FRANCE,PAYS DE LA LOIRE,109,44109,NANTES,VC 0,306927,0,4,VC,0,2,2,0,0,3,1,,,,1,7,0,1,0,0
1,5,1,1,6,44,FRANCE,PAYS DE LA LOIRE,135,44135,POULIGUEN (LE),VC 0,306928,0,4,VC,0,1,1,0,0,1,5,,,,1,,0,1,0,0
1,8,9,1,6,44,FRANCE,PAYS DE LA LOIRE,109,44109,NANTES,VC 0,306931,0,4,VC,0,2,0,0,0,2,5,,,,1,10,0,1,0,0
1,8,1,1,6,44,FRANCE,PAYS DE LA LOIRE,109,44109,NANTES,VC 0,306935,0,4,VC,0,2,2,0,0,0,1,,,,1,7,0,1,0,0
1,7,1,1,6,44,FRANCE,PAYS DE LA LOIRE,184,44184,SAINT-NAZAIRE,VC 0,306939,0,4,VC,0,2,2,0,0,0,4,,,,1,,0,0,0,1
1,8,6,1,3,44,FRANCE,PAYS DE LA LOIRE,109,44109,NANTES,VC 0,306942,0,4,VC,0,2,4,0,0,2,1,,,,1,7,0,1,0,0
1,8,1,1,3,44,FRANCE,PAYS DE LA LOIRE,109,44109,NANTES,VC 0,306944,0,4,VC,0,2,2,0,0,2,0,,,,1,7,0,1,0,0
1,8,1,1,6,44,FRANCE,PAYS DE LA LOIRE,109,44109,NANTES,VC 0,306946,0,4,VC,0,2,2,0,0,0,1,,,,1,7,0,1,0,0
1,8,6,1,6,44,FRANCE,PAYS DE LA LOIRE,109,44109,NANTES,VC 0,306947,0,4,VC,0,2,2,0,0,0,1,,,,1,10,0,1,0,0
1,8,1,1,6,44,FRANCE,PAYS DE LA LOIRE,109,44109,NANTES,VC 0,306948,6,4,VC,0,1,1,0,0,3,1,,,,1,,0,0,0,1
1,1,1,1,2,44,FRANCE,PAYS DE LA LOIRE,209,44209,TREILLIERES,RD 537,306959,0,3,RD,537,4,0,2,0,0,1,0,0,,1,7,0,1,0,0
1,1,1,7,1,44,FRANCE,PAYS DE LA LOIRE,110,44110,NORT-SUR-ERDRE,VC 11,306960,0,4,VC,11,2,2,0,0,0,1,0,0,,1,7,0,1,0,0
1,1,1,1,6,44,FRANCE,PAYS DE LA LOIRE,068,44068,GUENROUET,VC 0,306962,0,4,VC,0,2,2,0,0,0,1,0,0,,1,7,0,1,0,0
1,8,2,1,6,44,FRANCE,PAYS DE LA LOIRE,109,44109,NANTES,VC 0,306984,5,4,VC,0,2,2,0,0,0,1,,,,1,14,0,1,0,0
1,1,6,9,3,44,FRANCE,PAYS DE LA LOIRE,010,44010,BATZ-SUR-MER,RD 245,306993,5,3,RD,245,1,1,2,129,0,1,0,0,,1,10,0,1,0,0
3,1,1,1,3,44,FRANCE,PAYS DE LA LOIRE,193,44193,SAINT-VINCENT-DES-LANDES,RD 771,306996,0,3,RD,771,2,2,23,500,0,1,0,0,,1,7,0,1,0,0
3,1,1,2,1,44,FRANCE,PAYS DE LA LOIRE,171,44171,SAINT-LEGER-LES-VIGNES,RD 11,307011,0,3,RD,11,2,2,0,0,0,1,0,0,,1,7,0,1,0,0
1,5,1,6,5,44,FRANCE,PAYS DE LA LOIRE,154,44154,SAINT-BREVIN-LES-PINS,VC 0,307014,0,4,VC,0,2,1,0,0,0,1,4726900,-215200,,1,7,0,1,0,0
1,8,6,8,3,44,FRANCE,PAYS DE LA LOIRE,109,44109,NANTES,BOULEVARD DU MASSACRE,307023,0,4,VC,0,2,1,,,0,1,,,,1,7,0,1,0,0
1,6,2,1,6,44,FRANCE,PAYS DE LA LOIRE,143,44143,REZE,LE CHATELIER ,307031,5,3,RD,0,2,2,1,0,0,1,,,,1,7,0,1,0,0
5,8,3,1,3,44,FRANCE,PAYS DE LA LOIRE,109,44109,NANTES,ROUTE DE SAINT JOSEPH,307042,0,4,VC,0,2,0,,,0,1,,,,1,7,0,1,0,0
1,1,1,1,2,44,FRANCE,PAYS DE LA LOIRE,072,44072,HERBIGNAC,RD 765,307047,0,3,RD,765,2,2,0,800,0,1,0,0,,1,7,0,1,0,0
1,5,6,1,3,44,FRANCE,PAYS DE LA LOIRE,204,44204,THOUARE-SUR-LOIRE,RD 68,307061,5,3,RD,68,2,2,0,0,0,1,0,0,,1,7,0,1,0,0
1,1,6,8,1,44,FRANCE,PAYS DE LA LOIRE,069,44069,GUERANDE,RD 99,307079,6,3,RD,99,2,2,0,798,1,1,4732400,-241400,,1,10,0,1,0,0