lum,agg,int,atm,col,dep_bis,pays,region,com_bis,com_codeINSEE,communes,N_voie,numac,infra,catr,type_route,voie,circ,nbv,pr,pr1,vosp,situ,lat,long,adr,accident_velo,vehicule_imp,cycl_mort,cycl_bgv,cycl_blg,cycl_indm
1,8,6,1,3,44,FRANCE,PAYS DE LA LOIRE,109,44109,NANTES,RUE DANTON,307081,5,4,VC,0,2,2,,,0,1,,,,1,7,0,1,0,0
5,8,1,1,6,44,FRANCE,PAYS DE LA LOIRE,109,44109,NANTES,ROUTE DE LA JONELIERE,307087,0,4,VC,0,2,0,,,0,1,,,,1,30,0,0,0,1
1,6,1,1,6,44,FRANCE,PAYS DE LA LOIRE,190,44190,SAINT-SEBASTIEN-SUR-LOIRE,RUE JEAN MERMOZ,307122,0,4,VC,0,2,2,1,0,0,1,,,,1,,0,1,0,0
1,1,1,1,3,44,FRANCE,PAYS DE LA LOIRE,217,44217,VIGNEUX-DE-BRETAGNE,RD 965,307129,0,3,RD,965,2,3,0,200,0,1,0,0,,1,7,0,1,0,0
1,1,1,1,1,44,FRANCE,PAYS DE LA LOIRE,025,44025,CAMPBON,RD 16,307135,0,3,RD,16,2,0,0,0,0,1,0,0,,1,7,0,1,0,0
1,5,1,1,3,44,FRANCE,PAYS DE LA LOIRE,055,44055,BAULE-ESCOUBLAC (LA),ESPLANADE FRANCOIS ANDRE,307144,0,4,VC,0,2,2,,,1,5,,,,1,7,0,1,0,0
1,1,1,1,2,44,FRANCE,PAYS DE LA LOIRE,086,44086,LUSANGER,RD 775,307149,0,3,RD,775,2,2,6,800,0,1,4768100,-156500,,1,7,0,1,0,0
1,8,6,1,2,44,FRANCE,PAYS DE LA LOIRE,109,44109,NANTES,RUE DE GIGANT,307209,0,4,VC,0,0,0,1,0,0,1,,,,1,7,0,1,0,0
2,8,1,1,3,44,FRANCE,PAYS DE LA LOIRE,109,44109,NANTES,RUE DE LA MARTINIERE,307220,0,4,VC,0,2,1,1,0,0,1,,,,1,7,0,1,0,0
1,7,3,1,3,44,FRANCE,PAYS DE LA LOIRE,184,44184,SAINT-NAZAIRE,BOULEVARD PAUL LEFERME,307228,0,3,RD,0,2,2,,,2,1,,,,1,7,0,1,0,0
1,1,1,1,1,44,FRANCE,PAYS DE LA LOIRE,178,44178,SAINT-MARS-DE-COUTAIS,RD 264,307231,0,3,RD,264,2,2,2,0,0,1,0,0,,1,7,0,1,0,0
1,5,1,1,3,44,FRANCE,PAYS DE LA LOIRE,135,44135,POULIGUEN (LE),CHEMIN DE LA ROCHE-AUX-MOUETTES,307240,0,4,VC,0,2,2,,,0,1,,,,1,7,0,1,0,0
1,8,6,1,3,44,FRANCE,PAYS DE LA LOIRE,109,44109,NANTES,BOULEVARD DU MASSACRE,307241,0,4,VC,0,2,2,,,0,1,,,,1,7,0,1,0,0
1,2,1,1,1,44,FRANCE,PAYS DE LA LOIRE,078,44078,JUIGNE-DES-MOUTIERS,Autre 0,307251,0,9,Autre,0,0,0,0,0,0,1,0,0,,1,7,,,,
1,1,1,1,2,44,FRANCE,PAYS DE LA LOIRE,077,44077,JOUE-SUR-ERDRE,RD 178,307254,0,3,RD,178,2,2,32,0,0,1,0,0,,1,7,0,1,0,0
1,8,6,1,3,44,FRANCE,PAYS DE LA LOIRE,109,44109,NANTES,ROND-POINT DES COMBATTANTS D'INDOCHINE,307267,0,4,VC,0,1,2,,,0,1,,,,1,7,0,1,0,0
1,5,6,1,3,44,FRANCE,PAYS DE LA LOIRE,055,44055,BAULE-ESCOUBLAC (LA),ROND-POINT DU CLOS COLIN,307276,0,4,VC,0,1,1,,,0,1,,,,1,7,0,1,0,0
1,5,6,2,3,44,FRANCE,PAYS DE LA LOIRE,035,44035,CHAPELLE-SUR-ERDRE (LA),VC 0,307308,0,4,VC,0,0,1,0,0,0,1,0,0,,1,7,0,1,0,0
1,1,1,1,6,44,FRANCE,PAYS DE LA LOIRE,209,44209,TREILLIERES,RD 537,307326,0,3,RD,537,2,2,0,0,0,1,4729700,-160900,,1,,0,1,0,0
1,7,1,1,6,44,FRANCE,PAYS DE LA LOIRE,184,44184,SAINT-NAZAIRE,BOULEVARD DE LA FRATERNITE,307340,0,4,VC,0,2,2,,,2,1,,,,1,7,0,1,0,0
5,8,1,1,6,44,FRANCE,PAYS DE LA LOIRE,109,44109,NANTES,RUE LAMORICIERE,307352,0,4,VC,0,2,2,,,0,1,,,,1,7,0,1,0,0
1,6,6,1,3,44,FRANCE,PAYS DE LA LOIRE,190,44190,SAINT-SEBASTIEN-SUR-LOIRE,RUE DES DEPORTES ,307358,5,4,VC,0,2,2,,,0,1,,,,1,10,0,1,0,0
1,8,3,1,3,44,FRANCE,PAYS DE LA LOIRE,109,44109,NANTES,BOULEVARD DE LA PRAIRIE AU DUC,307359,0,4,VC,0,2,2,,,1,1,,,,1,7,0,1,0,0
1,8,6,1,3,44,FRANCE,PAYS DE LA LOIRE,109,44109,NANTES,RUE RECTEUR SCHMITT,307362,5,4,VC,0,2,2,1,0,0,1,,,,1,7,0,1,0,0
1,8,6,1,3,44,FRANCE,PAYS DE LA LOIRE,109,44109,NANTES,AVENUE JEAN CLAUDE BONDUELLE,307385,0,4,VC,0,0,0,,,0,1,,,,1,10,0,1,0,0
1,5,1,2,3,44,FRANCE,PAYS DE LA LOIRE,172,44172,SAINTE-LUCE-SUR-LOIRE,VC 0,307386,0,4,VC,0,2,2,0,0,1,1,4726200,-147900,,1,7,0,1,0,0
1,4,2,1,3,44,FRANCE,PAYS DE LA LOIRE,223,44223,GENESTON,,307400,0,4,VC,,2,0,,,0,1,4707100,-152400,,1,10,0,1,0,0
1,6,1,1,1,44,FRANCE,PAYS DE LA LOIRE,215,44215,VERTOU,,307409,0,4,VC,,0,0,,,0,1,0,0,,1,7,0,1,0,0
1,1,1,2,1,44,FRANCE,PAYS DE LA LOIRE,003,44003,ANCENIS,RD 923,307410,0,3,RD,923,2,0,14,850,0,1,0,0,,1,7,0,1,0,0
1,1,1,1,7,44,FRANCE,PAYS DE LA LOIRE,213,44213,VARADES,VC 0,307413,0,4,VC,0,2,0,0,0,0,1,0,0,,1,,0,1,0,0
1,1,1,1,2,44,FRANCE,PAYS DE LA LOIRE,023,44023,BOUVRON,RD 16,307433,0,3,RD,16,2,2,42,500,0,1,4742500,-188100,,1,7,0,1,0,0
1,5,3,1,3,44,FRANCE,PAYS DE LA LOIRE,015,44015,BLAIN,,307441,0,4,VC,,2,2,,,0,1,4748000,-172200,,1,7,0,1,0,0
1,1,1,1,3,44,FRANCE,PAYS DE LA LOIRE,086,44086,LUSANGER,RD 123,307445,0,3,RD,123,2,1,0,200,0,1,4768600,-161100,,1,21,0,1,0,0
1,1,2,1,3,44,FRANCE,PAYS DE LA LOIRE,086,44086,LUSANGER,RD 39,307446,0,3,RD,39,2,2,5,800,0,1,4766800,-160400,,1,7,0,1,0,0
1,3,1,1,1,44,FRANCE,PAYS DE LA LOIRE,193,44193,SAINT-VINCENT-DES-LANDES,RD 69,307448,0,3,RD,69,2,2,6,1010,0,1,4765900,-150100,,1,7,0,1,0,0
1,5,1,1,1,44,FRANCE,PAYS DE LA LOIRE,087,44087,MACHECOUL,,307470,0,6,Parking,,2,0,,,0,1,0,0,,1,7,0,1,0,0
1,5,6,1,3,44,FRANCE,PAYS DE LA LOIRE,047,44047,COUERON,,307474,5,9,Autre,,2,0,,,0,1,4722600,-168800,,1,17,0,1,0,0
1,5,6,2,1,44,FRANCE,PAYS DE LA LOIRE,047,44047,COUERON,,307481,5,9,Autre,,0,1,,,0,1,0,0,,1,7,0,1,0,0
1,1,2,1,1,44,FRANCE,PAYS DE LA LOIRE,151,44151,SAINT-ANDRE-DES-EAUX,,307490,0,4,VC,,2,0,,,0,1,4733900,-231200,,1,38,0,1,0,0
1,3,1,2,3,44,FRANCE,PAYS DE LA LOIRE,097,44097,MESQUER,RD 452,307496,0,3,RD,452,2,0,4,500,0,1,4740200,-248100,,1,10,0,1,0,0
1,4,6,1,3,44,FRANCE,PAYS DE LA LOIRE,049,44049,CROISIC (LE),,307497,5,4,VC,,2,2,,0,0,1,4728700,-250500,,1,7,0,1,0,0
1,1,1,1,2,44,FRANCE,PAYS DE LA LOIRE,183,44183,SAINT-MOLF,RD 774,307498,0,3,RD,774,2,2,17,800,0,1,4737400,-240900,,1,7,0,1,0,0
1,1,2,1,3,44,FRANCE,PAYS DE LA LOIRE,168,44168,SAINT-JOACHIM,RD 50,307514,0,3,RD,50,2,2,10,565,0,1,4737400,-219600,,1,7,0,1,0,0
1,5,1,1,1,44,FRANCE,PAYS DE LA LOIRE,129,44129,PONTCHATEAU,,307519,0,4,VC,,2,2,,,0,1,4743500,-211000,,1,10,0,1,0,0
1,5,2,1,3,44,FRANCE,PAYS DE LA LOIRE,135,44135,POULIGUEN (LE),AVENUE DE KERHAUT,307551,5,4,VC,,1,1,,,0,1,,,,1,7,0,1,0,0
1,5,1,1,3,44,FRANCE,PAYS DE LA LOIRE,132,44132,PORNICHET,AVENUE EMILE OUTTIER,307554,0,4,VC,,1,1,,,2,1,,,,1,7,0,1,0,0
1,5,6,8,3,44,FRANCE,PAYS DE LA LOIRE,135,44135,POULIGUEN (LE),GIRATOIRE EUROPE,307560,5,4,VC,,1,1,,,0,1,,,,1,7,0,1,0,0
1,8,1,1,3,44,FRANCE,PAYS DE LA LOIRE,109,44109,NANTES,BOULEVARD JEAN PHILIPPOT,307566,0,4,VC,,2,2,,,0,5,,,,1,7,0,1,0,0
1,8,2,1,3,44,FRANCE,PAYS DE LA LOIRE,109,44109,NANTES,BOULEVARD AMIRAL COURBET,307592,0,4,VC,,2,2,,,0,1,,,,1,7,0,1,0,0
1,8,1,1,3,44,FRANCE,PAYS DE LA LOIRE,109,44109,NANTES,ROUTE DE SAINT JOSEPH,307595,0,4,VC,0,2,0,,,0,0,,,,1,7,0,1,0,0
1,8,1,1,3,44,FRANCE,PAYS DE LA LOIRE,109,44109,NANTES,BOULEVARD DES POILUS,307597,0,4,VC,,2,4,,,0,1,,,,1,7,0,1,0,0
1,8,1,2,3,44,FRANCE,PAYS DE LA LOIRE,109,44109,NANTES,PONT WILLY BRANDT,307598,5,4,VC,,0,2,,,0,1,,,,1,7,0,1,0,0
1,8,1,1,2,44,FRANCE,PAYS DE LA LOIRE,109,44109,NANTES,BOULEVARD SAINT AIGNAN,307600,0,4,VC,,0,0,,,0,1,,,,1,99,0,1,0,0
1,8,6,1,3,44,FRANCE,PAYS DE LA LOIRE,109,44109,NANTES,BOULEVARD JEAN PHILIPPOT,307604,0,4,VC,,2,2,,,0,1,,,,1,15,0,1,0,0
1,6,3,1,6,44,FRANCE,PAYS DE LA LOIRE,190,44190,SAINT-SEBASTIEN-SUR-LOIRE,RUE JEAN MERMOZ,307609,0,4,VC,,2,2,,,0,1,,,,1,7,0,1,0,0
1,8,1,1,6,44,FRANCE,PAYS DE LA LOIRE,109,44109,NANTES,RUE DE GIGANT,307648,0,4,VC,,2,2,,,0,1,,,,1,7,0,1,0,0
5,8,2,1,6,44,FRANCE,PAYS DE LA LOIRE,109,44109,NANTES,RUE MAUVOISINS,307649,5,4,VC,,2,2,,,0,1,,,,1,7,0,1,0,0
1,8,6,1,3,44,FRANCE,PAYS DE LA LOIRE,109,44109,NANTES,ROUTE DE CARQUEFOU,307650,0,4,VC,,2,0,,,0,1,,,,1,7,0,1,0,0
1,8,6,1,3,44,FRANCE,PAYS DE LA LOIRE,109,44109,NANTES,RUE DES CHAMBELLES,307655,0,4,VC,,2,2,,,0,1,,,,1,7,0,1,0,0
1,8,3,1,3,44,FRANCE,PAYS DE LA LOIRE,109,44109,NANTES,RUE DE CARCOUET,307656,0,4,VC,,2,2,,,2,1,,,,1,7,0,1,0,0
5,8,1,1,6,44,FRANCE,PAYS DE LA LOIRE,109,44109,NANTES,RUE FREDERIC CAILLIAUD,307664,0,4,VC,0,1,1,,,0,1,,,,1,,0,1,0,0
2,8,6,1,6,44,FRANCE,PAYS DE LA LOIRE,109,44109,NANTES,ROUTE DE SAINTE LUCE,307674,0,4,VC,,1,2,,,0,1,,,,1,7,0,1,0,0
1,8,1,1,2,44,FRANCE,PAYS DE LA LOIRE,109,44109,NANTES,ROUTE DE PARIS ,307681,0,4,VC,,2,2,,,0,1,,,,1,7,0,1,0,0
1,6,1,1,3,44,FRANCE,PAYS DE LA LOIRE,162,44162,SAINT-HERBLAIN,BOULEVARD SALVADOR ALLENDE,307686,4,4,VC,,2,2,,,3,1,,,,1,40,0,1,0,0
1,8,1,2,3,44,FRANCE,PAYS DE LA LOIRE,109,44109,NANTES,PLACE SAINT FELIX,307693,0,4,VC,0,0,0,,,0,1,,,,1,7,0,1,0,0
1,8,1,1,6,44,FRANCE,PAYS DE LA LOIRE,109,44109,NANTES,RUE DE STRASBOURG,307703,0,4,VC,0,2,2,,,0,1,,,,1,7,0,0,0,1
1,8,1,1,3,44,FRANCE,PAYS DE LA LOIRE,109,44109,NANTES,BOULEVARD MARTIN LUTHER KING,307708,0,4,VC,,3,2,,,3,1,,,,1,7,0,1,0,0
1,7,2,1,3,44,FRANCE,PAYS DE LA LOIRE,184,44184,SAINT-NAZAIRE,RUE PIERRE WALDECK-ROUSSEAU,307722,0,4,VC,0,2,2,,,0,1,,,,1,7,0,1,0,0
1,7,6,1,2,44,FRANCE,PAYS DE LA LOIRE,184,44184,SAINT-NAZAIRE,AVENUE LEO LAGRANGE,307725,0,4,VC,,2,2,,,1,1,,,,1,7,0,1,0,0
1,5,3,1,3,45,FRANCE,CENTRE,338,45338,VILLEMANDEUR,RUE DES DEPORTES ,307790,0,4,VC,0,0,2,,,0,1,,,,1,7,0,1,0,0
2,1,1,1,2,45,FRANCE,CENTRE,302,45302,SARAN,ANCIENNE ROUTE DE CHARTRES,307792,0,3,RD,0,2,2,,,0,1,,,,1,7,0,1,0,0
1,1,1,1,2,45,FRANCE,CENTRE,298,45298,SAINT-PRYVE-SAINT-MESMIN,RUE SAINT MICHEL ,307809,0,4,VC,0,2,2,,,0,1,,,,1,17,0,1,0,0
1,5,1,1,1,45,FRANCE,CENTRE,053,45053,BRIARE,VC 0,307821,0,4,VC,0,2,0,0,0,0,1,4763700,274000,,1,7,0,1,0,0
1,5,2,1,3,45,FRANCE,CENTRE,208,45208,MONTARGIS,RUE ROUX-FEDRY,307830,5,4,VC,0,2,2,,,0,1,,,,1,7,0,1,0,0
1,5,1,1,1,45,FRANCE,CENTRE,315,45315,SULLY-SUR-LOIRE,RD 951,307879,0,3,RD,951,2,2,0,0,0,1,0,0,,1,7,0,1,0,0
5,6,1,1,6,45,FRANCE,CENTRE,147,45147,FLEURY-LES-AUBRAIS,RUE MARCELIN BERTHELOT BERTHELOT,307909,5,4,VC,0,2,2,,,0,1,,,,1,,0,0,0,1
1,8,1,1,3,45,FRANCE,CENTRE,234,45234,ORLEANS,RUE ALEXANDRE AVISSE,307913,0,4,VC,0,1,1,,,0,1,,,,1,7,0,1,0,0
2,8,1,1,6,45,FRANCE,CENTRE,234,45234,ORLEANS,RUE DE LA BOLIERE,307922,4,4,VC,0,2,2,,,0,1,,,,1,40,0,1,0,0
3,1,1,1,1,45,FRANCE,CENTRE,115,45115,COURTENAY,RD 32,307930,0,3,RD,32,2,2,0,0,0,1,0,0,,1,7,0,1,0,0
1,1,3,7,3,45,FRANCE,CENTRE,116,45116,CRAVANT,VC 17,307945,0,4,VC,17,2,1,0,0,0,1,0,0,,1,7,0,1,0,0
1,1,1,1,3,45,FRANCE,CENTRE,254,45254,POILLY-LEZ-GIEN,VC 0,307948,0,4,VC,0,1,0,0,0,0,1,0,0,,1,,0,1,0,0
3,1,1,1,2,45,FRANCE,CENTRE,104,45104,CORQUILLEROY,RD 40,307985,0,3,RD,40,2,1,4,0,0,1,0,0,,1,7,0,1,0,0
2,6,1,1,3,45,FRANCE,CENTRE,147,45147,FLEURY-LES-AUBRAIS,RUE DE CUREMBOURG CUREMBOURG,307991,0,4,VC,0,2,2,,,1,5,,,,1,7,0,1,0,0
1,3,1,1,1,45,FRANCE,CENTRE,182,45182,LIGNY-LE-RIBAULT,RD 61,307994,0,3,RD,61,2,0,12,500,0,1,4768600,178600,,1,15,0,1,0,0
1,5,1,1,1,45,FRANCE,CENTRE,155,45155,GIEN,RD 952,307997,0,3,RD,952,2,2,12,0,0,1,0,0,,1,7,0,1,0,0
1,5,2,1,3,45,FRANCE,CENTRE,208,45208,MONTARGIS,RUE EMILE DECOURT,308022,2,4,VC,0,2,2,,,0,1,,,,1,7,0,1,0,0
1,8,2,1,3,45,FRANCE,CENTRE,234,45234,ORLEANS,RUE DE LA CIGOGNE,308035,0,4,VC,0,2,2,,,0,1,,,,1,10,0,1,0,0
1,5,1,1,6,45,FRANCE,CENTRE,285,45285,SAINT-JEAN-DE-LA-RUELLE,AVENUE PIERRE MENDES FRANCE,308051,0,6,Parking,0,1,2,,,0,1,,,,1,7,0,1,0,0
1,5,1,1,3,45,FRANCE,CENTRE,232,45232,OLIVET,RUE DE BOURGES,308069,0,4,VC,0,3,5,,,1,1,,,,1,7,0,1,0,0
1,4,3,1,1,45,FRANCE,CENTRE,126,45126,DONNERY,VC 0,308089,0,4,VC,0,2,2,0,0,0,1,4792000,210100,,1,7,0,1,0,0
1,8,1,1,6,45,FRANCE,CENTRE,234,45234,ORLEANS,RUE DU CHEVAL ROUGE,308128,0,4,VC,0,2,2,,,0,1,,,,1,7,0,1,0,0
5,5,3,1,6,45,FRANCE,CENTRE,232,45232,OLIVET,RUE DE LA SOURCE,308129,0,3,RD,0,2,2,,,0,1,,,,1,7,0,1,0,0
3,8,6,1,3,45,FRANCE,CENTRE,234,45234,ORLEANS,RUE DU PETIT PONT,308131,0,4,VC,0,3,1,,,1,1,,,,1,7,0,1,0,0
1,5,3,1,3,45,FRANCE,CENTRE,284,45284,SAINT-JEAN-DE-BRAYE,RUE LOUIS PERGAUD,308136,0,4,VC,0,2,2,,,0,1,,,,1,7,0,1,0,0
1,5,1,1,6,45,FRANCE,CENTRE,302,45302,SARAN,RUE DE MONTARAN,308142,0,4,VC,0,1,2,,,0,1,,,,1,7,0,1,0,0
1,8,2,1,6,45,FRANCE,CENTRE,234,45234,ORLEANS,AVENUE DE PARIS,308176,0,4,VC,0,1,2,,,0,1,,,,1,7,0,1,0,0
5,5,1,1,6,45,FRANCE,CENTRE,232,45232,OLIVET,RUE DE LA REINE BLANCHE,308181,0,4,VC,0,2,0,,,0,1,,,,1,,0,1,0,0
1,5,1,1,3,45,FRANCE,CENTRE,028,45028,BEAUGENCY,VC 0,308186,0,4,VC,0,2,2,0,0,0,1,4778400,162900,,1,7,0,1,0,0
3,1,1,1,2,45,FRANCE,CENTRE,155,45155,GIEN,RD 122,308214,0,3,RD,122,2,2,4,800,0,1,0,0,,1,7,0,1,0,0
1,5,6,1,3,45,FRANCE,CENTRE,068,45068,CHALETTE-SUR-LOING,RUE DES ALOUETTES,308226,0,4,VC,0,2,2,,,0,1,,,,1,15,0,1,0,0
1,5,3,1,1,45,FRANCE,CENTRE,286,45286,SAINT-JEAN-LE-BLANC,RUE DE ROSETTE,308229,0,4,VC,0,2,2,,,0,1,,,,1,7,0,1,0,0
2,4,1,1,1,45,FRANCE,CENTRE,087,45087,CHATILLON-SUR-LOIRE,RD 951,308246,5,3,RD,951,2,2,0,0,0,1,0,0,,1,7,0,1,0,0
1,4,1,1,1,45,FRANCE,CENTRE,098,45098,CLERY-SAINT-ANDRE,VC 0,308268,0,4,VC,0,2,0,0,0,0,0,0,0,,1,7,0,1,0,0
1,5,1,1,3,45,FRANCE,CENTRE,285,45285,SAINT-JEAN-DE-LA-RUELLE,RUE DES DIX ARPENTS DIX ARPENTS,308282,0,4,VC,0,2,2,,,0,1,,,,1,7,0,1,0,0
1,1,1,1,1,45,FRANCE,CENTRE,072,45072,CHANTEAU,RD 97,308310,0,3,RD,97,2,1,8,800,0,1,4797200,193000,,1,7,0,1,0,0
1,8,1,1,6,45,FRANCE,CENTRE,234,45234,ORLEANS,RUE SAINT FIACRE SAINT FIACRE,308322,0,4,VC,0,1,1,,,0,1,,,,1,,0,0,0,1
1,1,1,1,3,45,FRANCE,CENTRE,239,45239,OUSSOY-EN-GATINAIS,RD 42,308377,0,3,RD,42,2,2,10,300,0,1,0,0,,1,7,0,1,0,0
1,3,1,1,3,45,FRANCE,CENTRE,238,45238,OUSSON-SUR-LOIRE,VC 0,308393,0,4,VC,0,2,2,0,0,0,1,4759709,279340,,1,7,0,1,0,0
1,5,2,1,3,45,FRANCE,CENTRE,285,45285,SAINT-JEAN-DE-LA-RUELLE,RUE DES AGATHES,308409,0,4,VC,0,2,2,,,0,1,4792394,188274,,1,7,0,1,0,0
1,5,1,1,1,45,FRANCE,CENTRE,298,45298,SAINT-PRYVE-SAINT-MESMIN,PONT DE L'EUROPE,308410,2,4,VC,1,2,1,,,1,5,4789365,187626,,1,,0,1,0,0
1,5,3,1,3,45,FRANCE,CENTRE,068,45068,CHALETTE-SUR-LOING,RUE EDOUARD LALO,308428,0,4,VC,0,2,2,,,0,5,4800593,271907,,1,7,0,1,0,0
1,5,1,2,3,45,FRANCE,CENTRE,169,45169,INGRE,RUE DU VAL D'ORLEANS,308444,0,3,RD,802,2,2,0,830,1,1,4792081,183740,,1,7,0,1,0,0
1,5,3,1,1,45,FRANCE,CENTRE,075,45075,CHAPELLE-SAINT-MESMIN (LA),RUE GEORGES CLEMENCEAU,308474,0,2,RN,152,2,2,62,240,0,1,4789820,187131,,1,7,0,1,0,0
1,5,1,1,3,45,FRANCE,CENTRE,075,45075,CHAPELLE-SAINT-MESMIN (LA),ROUTE D'ORLEANS ORLEANS,308486,0,2,RN,152,3,2,64,240,0,4,4789259,184574,,1,7,0,1,0,0
3,4,1,1,2,45,FRANCE,CENTRE,127,45127,DORDIVES,RD 62,308500,0,3,RD,62,2,2,1,560,0,1,0,0,,1,7,0,1,0,0
1,5,1,1,3,45,FRANCE,CENTRE,338,45338,VILLEMANDEUR,RUE DES FRERES LUMIERE,308531,0,4,VC,0,2,2,,,0,1,4797388,271897,,1,10,0,1,0,0
1,3,1,1,6,45,FRANCE,CENTRE,006,45006,ARDON,RD 7,308565,0,3,RD,7,2,2,5,405,0,1,0,0,,1,,0,1,0,0
1,5,1,1,3,45,FRANCE,CENTRE,286,45286,SAINT-JEAN-LE-BLANC,ROUTE DE SANDILLON,308585,0,3,RD,951,2,2,90,110,0,1,4788759,192629,,1,7,0,1,0,0
1,1,1,1,2,45,FRANCE,CENTRE,134,45134,EPIEDS-EN-BEAUCE,RD 4,308592,0,3,RD,4,2,2,6,150,0,1,0,0,,1,7,0,1,0,0
2,1,2,3,2,45,FRANCE,CENTRE,179,45179,LAILLY-EN-VAL,RD 19,308615,0,3,RD,19,2,2,3,122,0,1,4777535,167018,,1,7,0,1,0,0
1,6,1,1,3,45,FRANCE,CENTRE,147,45147,FLEURY-LES-AUBRAIS,RUE ANDRE DESSAUX DESSAUX,308625,0,3,RD,2020,2,4,25,298,0,1,4793431,189625,,1,7,0,1,0,0
1,6,1,1,6,45,FRANCE,CENTRE,147,45147,FLEURY-LES-AUBRAIS,RUE GABRIEL PERI,308628,0,4,VC,0,2,2,,,0,1,4793192,190999,,1,,0,1,0,0
1,5,1,1,3,45,FRANCE,CENTRE,285,45285,SAINT-JEAN-DE-LA-RUELLE,RUE LEON FOUCAULT,308629,0,4,VC,0,2,2,,,1,1,4791245,186498,,1,7,0,1,0,0
2,5,2,1,3,45,FRANCE,CENTRE,284,45284,SAINT-JEAN-DE-BRAYE,AVENUE DE LA PAIX,308636,0,3,RD,2152,2,2,56,610,0,1,4791417,196425,,1,7,0,1,0,0
1,5,1,1,2,45,FRANCE,CENTRE,075,45075,CHAPELLE-SAINT-MESMIN (LA),RUE DU PLACEAU PLACEAU,308656,0,4,VC,0,2,2,,,0,1,4789282,182579,,1,7,0,1,0,0
1,8,2,2,3,45,FRANCE,CENTRE,234,45234,ORLEANS,ROUTE D'OLIVET OLIVET,308657,0,3,RD,920,2,2,4,841,0,1,4788490,190449,,1,7,0,1,0,1
1,4,3,1,3,45,FRANCE,CENTRE,173,45173,JARGEAU,VC 0,308693,0,4,VC,0,2,2,0,0,0,1,4786461,212598,,1,7,0,1,0,0
1,1,6,1,3,45,FRANCE,CENTRE,227,45227,NEVOY,RD 952,308713,0,3,RD,952,1,2,14,30,0,1,4771381,258943,,1,7,0,1,0,0
1,1,1,1,3,45,FRANCE,CENTRE,040,45040,BONNY-SUR-LOIRE,VC 0,308716,0,4,VC,0,2,2,0,0,0,1,4757131,286358,,1,7,0,1,0,0
1,5,9,1,3,45,FRANCE,CENTRE,315,45315,SULLY-SUR-LOIRE,VC 0,308726,0,4,VC,0,2,2,0,0,0,1,4774836,236606,,1,10,0,1,0,0
3,1,1,1,2,45,FRANCE,CENTRE,257,45257,PRESSIGNY-LES-PINS,RD 2007,308741,0,3,RD,2007,2,3,33,500,0,1,4787081,273791,,1,7,0,1,0,0
1,4,2,1,3,45,FRANCE,CENTRE,104,45104,CORQUILLEROY,VC 0,308743,0,4,VC,0,1,1,,,0,1,4803569,271498,,1,7,0,1,0,0
1,8,1,1,3,45,FRANCE,CENTRE,234,45234,ORLEANS,AVENUE DE SAINT MESMIN,308784,0,3,RD,951,2,3,0,0,0,1,,,,1,7,0,1,0,0
1,5,2,1,3,45,FRANCE,CENTRE,232,45232,OLIVET,AVENUE DU LOIRET,308804,0,3,RD,920,2,2,6,405,2,1,4787145,190418,,1,7,0,1,0,0
1,1,1,1,3,46,FRANCE,MIDI-PYRENEES,055,46055,CAPDENAC,RD 840,308840,0,3,RD,840,2,3,0,0,0,0,0,0,,1,14,0,1,0,0
3,1,1,1,1,46,FRANCE,MIDI-PYRENEES,271,46271,SAINT-JEAN-LESPINASSE,RD 673,308874,0,3,RD,673,2,2,16,650,0,1,0,0,,1,7,0,1,0,0
1,1,1,7,1,46,FRANCE,MIDI-PYRENEES,177,46177,LOUBRESSAC,RD 30,308914,5,3,RD,30,2,2,10,109,0,1,4488100,182800,,1,7,0,1,0,0
1,1,1,1,3,46,FRANCE,MIDI-PYRENEES,137,46137,LABASTIDE-MARNHAC,RD 7,308955,0,3,RD,7,2,2,22,800,0,1,0,0,,1,7,0,1,0,0
1,1,1,1,1,46,FRANCE,MIDI-PYRENEES,257,46257,SAINT-CIRQ-MADELON,RD 704,308969,0,3,RD,704,2,2,2,850,0,1,0,0,,1,38,0,1,0,0
1,6,1,1,7,46,FRANCE,MIDI-PYRENEES,042,46042,CAHORS,AVENUE DES F.T.P. ET DU 8E R.I,308984,0,4,VC,0,2,1,,,0,1,,,,1,38,0,1,0,0
2,5,6,1,6,46,FRANCE,MIDI-PYRENEES,102,46102,FIGEAC,Autre 2,309010,5,9,Autre,2,1,0,0,0,0,3,4461300,203800,,1,,0,1,0,0
1,5,1,1,2,46,FRANCE,MIDI-PYRENEES,102,46102,FIGEAC,VC 802,309035,0,4,VC,802,1,2,0,390,0,1,4461300,202300,,1,15,0,1,0,0
1,1,1,1,7,46,FRANCE,MIDI-PYRENEES,127,46127,GOURDON,VC 58,309044,0,4,VC,58,2,2,0,889,0,1,4473200,136000,,1,,0,1,0,0
1,6,2,1,3,46,FRANCE,MIDI-PYRENEES,042,46042,CAHORS,RUE CAMILLE DESMOULINS,309073,0,4,VC,0,1,1,,,0,1,,,,1,7,0,1,0,0