lum,agg,int,atm,col,dep_bis,pays,region,com_bis,com_codeINSEE,communes,N_voie,numac,infra,catr,type_route,voie,circ,nbv,pr,pr1,vosp,situ,lat,long,adr,accident_velo,vehicule_imp,cycl_mort,cycl_bgv,cycl_blg,cycl_indm
1,4,1,8,3,46,FRANCE,MIDI-PYRENEES,127,46127,GOURDON,Autre 0,309087,0,9,Autre,0,1,0,0,0,0,1,0,0,,1,13,0,1,0,0
1,5,1,1,2,46,FRANCE,MIDI-PYRENEES,102,46102,FIGEAC,RD 802,309117,0,3,RD,802,1,1,41,800,0,1,4460890,202039,,1,7,0,1,0,0
1,1,3,1,1,46,FRANCE,MIDI-PYRENEES,228,46228,PRUDHOMAT,RD 30,309127,0,3,RD,30,0,0,6,141,0,1,4489320,178655,,1,7,0,1,0,0
1,3,1,1,7,46,FRANCE,MIDI-PYRENEES,029,46029,BIARS-SUR-CERE,RD 14,309134,0,3,RD,14,2,2,42,0,1,5,4492710,186475,,1,,0,1,0,0
1,1,1,1,3,46,FRANCE,MIDI-PYRENEES,227,46227,PROMILHANES,RD 911,309141,0,3,RD,911,2,2,3,800,0,1,4438370,183180,,1,7,0,1,0,0
1,1,1,1,3,46,FRANCE,MIDI-PYRENEES,199,46199,MONTCABRIER,RD 68,309187,0,3,RD,68,2,0,4,200,0,1,4454900,106800,,1,7,0,1,0,0
1,1,1,1,2,46,FRANCE,MIDI-PYRENEES,215,46215,PAYRAC,RD 820,309207,0,3,RD,820,3,3,29,850,0,1,4482600,147600,,1,7,0,1,0,0
1,1,1,1,3,46,FRANCE,MIDI-PYRENEES,330,46330,VAYRAC,RD 803,309222,0,3,RD,803,2,2,20,200,0,3,4494700,167700,,1,7,0,1,0,0
1,5,2,1,3,47,FRANCE,AQUITAINE,310,47310,TONNEINS,RD 263,309246,0,3,RD,263,2,2,0,0,0,1,0,0,,1,7,0,1,0,0
1,4,9,1,6,47,FRANCE,AQUITAINE,031,47031,BOE,Parking 0,309306,0,6,Parking,0,0,0,0,0,2,5,0,0,,1,,0,1,0,0
1,6,3,1,1,47,FRANCE,AQUITAINE,001,47001,AGEN,BOULEVARD DE LA LIBERTE,309315,0,2,RN,0,2,3,68,207,0,1,,,,1,7,0,1,0,0
1,6,3,1,3,47,FRANCE,AQUITAINE,001,47001,AGEN,AVENUE JEAN JAURES,309317,0,2,RN,0,2,4,14,0,0,1,,,,1,7,0,1,0,0
1,6,1,1,3,47,FRANCE,AQUITAINE,001,47001,AGEN,RUE MONTESQUIEU ,309319,0,4,VC,0,1,1,,,0,1,,,,1,7,0,1,0,0
1,6,1,1,2,47,FRANCE,AQUITAINE,001,47001,AGEN,PONT DE PIERRE,309320,2,2,RN,0,3,4,68,510,0,1,,,,1,7,0,1,0,0
1,1,1,1,1,47,FRANCE,AQUITAINE,195,47195,NERAC,RD 930,309349,0,3,RD,930,2,0,18,600,0,1,4416700,30800,,1,7,0,1,0,0
1,2,1,1,1,47,FRANCE,AQUITAINE,309,47309,TOMBEBOEUF,VC 0,309361,0,4,VC,0,2,2,0,0,0,1,0,0,,1,7,0,1,0,0
5,5,1,1,1,47,FRANCE,AQUITAINE,310,47310,TONNEINS,RD 120,309369,0,3,RD,120,2,2,0,0,0,1,0,0,,1,7,0,1,0,0
1,6,1,1,4,47,FRANCE,AQUITAINE,001,47001,AGEN,AVENUE GEORGES DELPECH,309381,2,2,RN,0,2,4,19,900,0,1,,,,1,7,0,1,0,0
1,6,1,1,6,47,FRANCE,AQUITAINE,001,47001,AGEN,RUE CAJARC,309384,0,4,VC,0,1,1,,,0,1,,,,1,,0,0,0,1
1,1,1,1,1,47,FRANCE,AQUITAINE,288,47288,SAUVAGNAS,VC 507,309390,0,4,VC,507,2,1,0,0,0,1,0,0,,1,7,0,1,0,0
1,5,1,1,3,47,FRANCE,AQUITAINE,157,47157,MARMANDE,Autre 0,309391,0,9,Autre,0,2,2,0,0,0,1,0,0,,1,7,0,1,0,0
1,3,2,1,1,47,FRANCE,AQUITAINE,110,47110,GONTAUD-DE-NOGARET,RD 641,309417,5,3,RD,641,2,2,0,0,0,1,0,0,,1,7,0,1,0,0
1,1,1,1,2,47,FRANCE,AQUITAINE,174,47174,MONCRABEAU,RD 930,309488,0,3,RD,930,2,0,0,0,0,1,4408400,36600,,1,,0,1,0,0
1,6,1,1,6,47,FRANCE,AQUITAINE,001,47001,AGEN,BOULEVARD DE LA REPUBLIQUE,309490,6,3,RD,0,2,2,,,0,4,,,,1,,0,0,0,1
1,3,1,1,2,47,FRANCE,AQUITAINE,225,47225,ROQUEFORT,RD 656,309493,0,3,RD,656,2,2,51,0,0,1,4418100,56300,,1,17,0,1,0,0
1,6,1,1,3,47,FRANCE,AQUITAINE,323,47323,VILLENEUVE-SUR-LOT,AVENUE PUJOLS,309515,0,4,VC,0,2,2,,,0,1,,,,1,33,0,1,0,0
1,6,3,1,3,47,FRANCE,AQUITAINE,323,47323,VILLENEUVE-SUR-LOT,AVENUE DE BIAS,309526,0,4,VC,0,2,1,,,1,1,,,,1,10,0,1,0,0
1,1,2,1,1,47,FRANCE,AQUITAINE,041,47041,BRUCH,RD 213,309540,2,3,RD,213,2,0,0,0,0,1,0,0,,1,7,0,1,0,0
1,6,6,8,6,47,FRANCE,AQUITAINE,323,47323,VILLENEUVE-SUR-LOT,PLACE DE LA REVOLUTION,309544,5,4,VC,0,1,1,,,0,1,,,,1,17,0,1,0,0
1,5,2,1,3,47,FRANCE,AQUITAINE,157,47157,MARMANDE,Autre 0,309574,0,9,Autre,0,2,0,0,0,0,1,0,0,,1,7,0,1,0,0
1,1,1,1,2,47,FRANCE,AQUITAINE,274,47274,SAINT-ROMAIN-LE-NOBLE,RD 227,309600,0,3,RD,227,2,0,4,500,0,1,0,0,,1,33,0,0,0,1
1,6,1,1,3,47,FRANCE,AQUITAINE,001,47001,AGEN,alLEe pierre BROSSOLETTE,309601,0,4,VC,0,1,1,,,0,1,,,,1,7,0,1,0,0
1,4,1,8,3,47,FRANCE,AQUITAINE,027,47027,BIAS,RUE DES MIMOSAS,309603,0,4,VC,0,2,1,,,0,1,,,,1,7,0,1,0,0
2,1,1,7,1,47,FRANCE,AQUITAINE,234,47234,SAINT-CAPRAIS-DE-LERM,VC 0,309635,0,4,VC,0,2,0,0,0,0,1,0,0,,1,7,0,1,0,0
1,1,1,1,3,47,FRANCE,AQUITAINE,161,47161,MASSELS,RD 246,309640,0,3,RD,246,2,2,0,0,0,1,4432500,85800,,1,7,0,1,0,0
1,1,1,1,3,47,FRANCE,AQUITAINE,036,47036,BOURLENS,RD 102,309646,0,3,RD,102,2,0,0,0,0,1,0,0,,1,7,0,1,0,0
1,6,1,1,3,47,FRANCE,AQUITAINE,001,47001,AGEN,BOULEVARD EDOUARD LACOUR,309659,0,3,RD,0,2,20,1,370,0,1,,,,1,7,0,1,0,0
1,3,1,1,1,47,FRANCE,AQUITAINE,324,47324,VILLEREAL,RD 2,309674,5,3,RD,2,2,0,12,300,0,1,4463900,73500,,1,7,0,1,0,0
1,1,1,2,6,47,FRANCE,AQUITAINE,185,47185,MONTAYRAL,RD 911,309675,0,3,RD,911,2,2,0,0,0,1,0,0,,1,,0,1,0,0
2,1,1,3,3,47,FRANCE,AQUITAINE,195,47195,NERAC,RD 258,309677,0,3,RD,258,2,0,0,0,0,1,4417100,31800,,1,7,0,1,0,0
3,5,1,1,1,47,FRANCE,AQUITAINE,310,47310,TONNEINS,VC 0,309685,5,4,VC,0,2,0,0,0,0,1,4439700,30600,,1,7,0,1,0,0
1,5,1,1,1,47,FRANCE,AQUITAINE,157,47157,MARMANDE,RD 813,309694,5,3,RD,813,4,3,74,1024,0,1,0,0,,1,17,0,1,0,0
1,4,3,3,3,47,FRANCE,AQUITAINE,052,47052,CASTELJALOUX,RD 655,309696,0,3,RD,655,2,2,10,14,0,1,0,0,,1,7,0,1,0,0
1,4,1,1,1,47,FRANCE,AQUITAINE,052,47052,CASTELJALOUX,RD 933,309701,0,3,RD,933,2,2,54,600,0,1,0,0,,1,7,,,,
1,5,6,1,3,47,FRANCE,AQUITAINE,252,47252,SAINTE-LIVRADE-SUR-LOT,VC 0,309704,5,4,VC,0,1,0,0,0,0,1,0,0,,1,7,0,1,0,0
1,1,1,1,1,47,FRANCE,AQUITAINE,157,47157,MARMANDE,RD 813,309705,5,3,RD,813,3,2,77,712,0,1,0,0,,1,7,0,1,0,0
1,5,1,1,3,47,FRANCE,AQUITAINE,201,47201,PASSAGE (LE),ROUTE DE L'AEROPORT,309710,0,4,VC,0,2,,,,0,1,,,,1,7,0,1,0,0
2,5,2,1,1,47,FRANCE,AQUITAINE,310,47310,TONNEINS,VC 0,309711,0,4,VC,0,2,2,0,0,0,1,0,0,,1,7,0,1,0,0
1,1,1,1,3,47,FRANCE,AQUITAINE,054,47054,CASTELMORON-SUR-LOT,RD 249,309736,0,3,RD,249,2,2,1,671,0,1,0,0,,1,7,0,1,0,0
1,3,1,1,1,47,FRANCE,AQUITAINE,324,47324,VILLEREAL,VC 0,309751,0,4,VC,0,1,1,0,0,0,1,0,0,,1,7,0,1,0,0
1,6,3,1,2,47,FRANCE,AQUITAINE,001,47001,AGEN,AVENUE DU GENERAL DE GAULLE,309789,0,3,RD,813,2,4,16,978,0,1,4420550,61177,,1,7,0,1,0,0
1,1,1,1,2,47,FRANCE,AQUITAINE,205,47205,PINDERES,RD 933,309790,0,3,RD,933,0,2,57,800,0,1,4428870,6444,,1,7,0,1,0,0
1,4,1,1,6,47,FRANCE,AQUITAINE,175,47175,MONFLANQUIN,VC 0,309813,0,4,VC,0,1,1,0,0,0,4,4453390,76767,,1,,0,1,0,0
1,6,1,2,1,47,FRANCE,AQUITAINE,001,47001,AGEN,COURS WASHINGTON,309815,0,4,VC,0,1,1,0,0,0,0,4420210,61878,,1,7,0,1,0,0
1,1,3,1,7,47,FRANCE,AQUITAINE,181,47181,MONTAGNAC-SUR-LEDE,RD 221,309826,0,3,RD,221,2,2,1,517,0,0,4453370,83951,,1,,0,1,0,0
1,6,1,2,2,47,FRANCE,AQUITAINE,323,47323,VILLENEUVE-SUR-LOT,RD 911,309830,6,3,RD,911,2,2,30,700,0,1,4440440,69481,,1,7,0,1,0,0
1,5,1,7,3,47,FRANCE,AQUITAINE,106,47106,FUMEL,RD 710,309850,0,3,RD,710,2,2,17,2673,2,1,0,0,,1,7,0,1,0,0
1,1,3,1,3,47,FRANCE,AQUITAINE,115,47115,GUERIN,,309858,,4,VC,,2,2,,,,,4439800,2900,,1,7,0,1,0,0
1,5,1,1,3,47,FRANCE,AQUITAINE,032,47032,BON-ENCONTRE,Route de CASTILLOU,309874,0,4,VC,0,1,1,,,0,1,,,,1,20,0,1,0,0
1,1,1,1,3,47,FRANCE,AQUITAINE,004,47004,AIGUILLON,RD 813,309878,5,3,RD,813,2,2,42,693,0,1,0,0,,1,7,0,1,0,0
1,1,1,1,1,47,FRANCE,AQUITAINE,246,47246,SAINT-HILAIRE-DE-LUSIGNAN,VC 1,309885,0,4,VC,1,2,0,0,0,0,1,4425480,56178,,1,,0,1,0,0
1,5,1,1,3,47,FRANCE,AQUITAINE,201,47201,PASSAGE (LE),VC 0,309903,0,4,VC,0,2,2,0,0,0,1,4419830,59578,,1,14,0,1,0,0
1,3,4,7,3,47,FRANCE,AQUITAINE,086,47086,DURAS,RD 281,309912,5,3,RD,281,2,2,0,330,0,1,4467680,18663,,1,7,0,1,0,0
1,3,1,1,3,47,FRANCE,AQUITAINE,091,47091,ESTILLAC,VC 0,309936,0,4,VC,0,2,2,0,0,0,1,4418540,58053,,1,7,0,1,0,0
1,1,1,1,3,47,FRANCE,AQUITAINE,100,47100,FOULAYRONNES,RD 13,309941,0,3,RD,13,2,2,6,436,0,1,4425460,63947,,1,7,0,1,0,0
1,1,1,1,1,47,FRANCE,AQUITAINE,100,47100,FOULAYRONNES,RN 21,309942,0,2,RN,21,2,2,60,307,0,1,4425060,65100,,1,10,0,1,0,0
3,1,1,1,1,47,FRANCE,AQUITAINE,145,47145,LAYRAC,RD 17,309943,0,3,RD,17,2,2,6,800,0,1,4414680,65942,,1,15,0,1,0,0
1,1,1,1,1,47,FRANCE,AQUITAINE,125,47125,LACEPEDE,RD 146,309951,0,3,RD,146,2,2,7,900,0,1,4433000,45255,,1,7,0,1,0,0
1,5,2,2,3,47,FRANCE,AQUITAINE,310,47310,TONNEINS,RD 409,309982,0,3,RD,409,2,2,0,,,1,4439000,30995,,1,7,0,1,0,0
1,4,1,2,6,47,FRANCE,AQUITAINE,280,47280,SAINT-SYLVESTRE-SUR-LOT,RD 911,309991,0,3,RD,911,2,2,21,1602,0,1,4439810,79761,,1,7,0,1,0,0
1,6,3,1,3,47,FRANCE,AQUITAINE,001,47001,AGEN,AVENUE GEORGES DELPECH,310018,0,3,RD,813,2,4,17,133,0,1,4420720,61168,,1,7,0,1,0,0
1,6,1,1,1,47,FRANCE,AQUITAINE,001,47001,AGEN,BOULEVARD DE LA LIBERTE,310024,0,3,RD,656,2,2,44,2908,1,1,4419610,61917,,1,34,0,0,0,1
3,1,1,1,2,47,FRANCE,AQUITAINE,323,47323,VILLENEUVE-SUR-LOT,COURBIAC,310032,0,3,RD,911,2,2,26,400,0,1,4440700,75104,,1,7,0,1,0,0
1,6,3,1,3,47,FRANCE,AQUITAINE,323,47323,VILLENEUVE-SUR-LOT,AVENUE DE FUMEL,310037,0,3,RD,911,2,3,28,853,1,5,,,,1,7,0,1,0,0
1,1,1,1,7,48,FRANCE,LANGUEDOC-ROUSSILLON,095,48095,MENDE,RD 42,310053,0,3,RD,0,2,2,5,980,0,1,,,,1,,0,1,0,0
1,1,1,1,1,48,FRANCE,LANGUEDOC-ROUSSILLON,061,48061,FLORAC,RD 907,310069,0,3,RD,907,2,2,27,0,0,1,0,0,,1,7,0,1,0,0
1,3,1,1,1,48,FRANCE,LANGUEDOC-ROUSSILLON,013,48013,BADAROUX,Autre 0,310083,0,9,Autre,0,2,0,0,0,0,1,4454000,355100,,1,7,0,1,0,0
1,3,1,1,6,48,FRANCE,LANGUEDOC-ROUSSILLON,156,48156,SAINT-GERMAIN-DU-TEIL,RD 52,310111,0,3,RD,52,0,0,0,0,0,1,0,0,,1,7,0,1,0,0
1,1,1,1,1,48,FRANCE,LANGUEDOC-ROUSSILLON,040,48040,CHASSERADES,VC 0,310117,0,4,VC,0,2,2,0,0,0,1,4454600,383700,,1,7,0,1,0,0
1,1,1,1,7,48,FRANCE,LANGUEDOC-ROUSSILLON,198,48198,VILLEFORT,RD 51,310118,0,3,RD,51,2,0,0,0,0,1,4443000,394000,,1,,0,1,0,0
1,1,1,1,1,48,FRANCE,LANGUEDOC-ROUSSILLON,042,48042,CHASTEL-NOUVEL,RD 806,310157,0,3,RD,806,2,0,85,500,0,1,4455900,350400,,1,7,0,1,0,0
2,3,1,1,2,48,FRANCE,LANGUEDOC-ROUSSILLON,137,48137,SAINT-BAUZILE,RN 106,310203,0,2,RN,106,2,2,74,100,0,1,,,,1,7,0,1,0,0
2,1,1,8,3,48,FRANCE,LANGUEDOC-ROUSSILLON,140,48140,SAINT-CHELY-D'APCHER,RD 806,310217,0,3,RD,806,2,2,124,830,0,3,0,0,,1,7,0,1,0,0
1,5,1,1,7,48,FRANCE,LANGUEDOC-ROUSSILLON,095,48095,MENDE,RUE DE FONTANILLES,310251,0,4,VC,0,2,1,,,0,1,4452132,351525,,1,7,0,1,0,0
1,3,1,1,3,48,FRANCE,LANGUEDOC-ROUSSILLON,034,48034,CANOURGUE (LA),RD 998,310285,0,3,RD,998,2,2,1,680,0,1,0,0,,1,7,0,1,0,0
5,8,2,1,3,49,FRANCE,PAYS DE LA LOIRE,007,49007,ANGERS,BOUCHEMAINE ROUTE,310302,0,4,VC,0,2,3,,,0,1,,,,1,14,0,1,0,0
1,5,1,1,7,49,FRANCE,PAYS DE LA LOIRE,015,49015,AVRILLE,AVENUE DU GENERAL DE GAULLE,310332,0,4,VC,0,2,2,,,0,4,,,,1,,0,1,0,0
1,1,1,1,2,49,FRANCE,PAYS DE LA LOIRE,078,49078,CHARCE-SAINT-ELLIER-SUR-AUBANCE,RD 761,310340,5,3,RD,761,2,2,3,450,0,1,4733100,-41800,,1,7,0,1,0,0
1,3,1,1,3,49,FRANCE,PAYS DE LA LOIRE,277,49277,SAINTE-GEMMES-D'ANDIGNE,RD 923,310359,0,3,RD,923,2,0,0,0,0,1,0,0,,1,7,0,1,0,0
1,3,1,1,1,49,FRANCE,PAYS DE LA LOIRE,135,49135,FENEU,RD 191,310379,0,3,RD,191,2,2,0,0,0,1,4757300,-58900,,1,7,0,1,0,0
1,5,1,1,7,49,FRANCE,PAYS DE LA LOIRE,267,49267,SAINT-BARTHELEMY-D'ANJOU,ANGERS ROUTE,310402,0,4,VC,0,0,0,,,0,0,,,,1,,0,1,0,0
1,8,3,1,1,49,FRANCE,PAYS DE LA LOIRE,007,49007,ANGERS,COMMERCE,310410,0,4,VC,0,0,2,,,0,1,,,,1,10,0,1,0,0
1,1,1,7,2,49,FRANCE,PAYS DE LA LOIRE,180,49180,LONGUE-JUMELLES,RD 79,310435,0,3,RD,79,2,2,7,750,0,1,4737800,-13700,,1,7,0,1,0,0
1,8,1,1,7,49,FRANCE,PAYS DE LA LOIRE,007,49007,ANGERS,BOULEVARD POIREL ,310447,0,4,VC,0,0,2,,,0,1,,,,1,,0,1,0,0
1,8,1,1,3,49,FRANCE,PAYS DE LA LOIRE,007,49007,ANGERS,BAUDRIERE,310452,0,4,VC,0,0,1,,,0,1,,,,1,37,0,1,0,0
1,8,2,1,6,49,FRANCE,PAYS DE LA LOIRE,007,49007,ANGERS,RUE SAUMUROISE ,310462,0,4,VC,0,2,3,,,0,1,,,,1,7,0,1,0,0
1,1,1,1,2,49,FRANCE,PAYS DE LA LOIRE,377,49377,VILLEVEQUE,RD 113,310471,0,3,RD,113,2,2,15,700,0,1,4754900,-43400,,1,7,0,1,0,0
1,5,2,1,3,49,FRANCE,PAYS DE LA LOIRE,063,49063,CHALONNES-SUR-LOIRE,RD 961,310473,5,3,RD,961,2,0,39,100,0,1,0,0,,1,7,0,1,0,0
1,1,1,1,2,49,FRANCE,PAYS DE LA LOIRE,283,49283,SAINT-GEORGES-SUR-LOIRE,RD 961,310474,0,3,RD,961,2,2,35,100,0,1,0,0,,1,7,0,1,0,0
2,1,6,1,3,49,FRANCE,PAYS DE LA LOIRE,229,49229,NOYANT-LA-GRAVOYERE,RD 775,310483,5,3,RD,775,3,4,0,0,0,1,0,0,,1,7,0,1,0,0
1,2,1,1,1,49,FRANCE,PAYS DE LA LOIRE,096,49096,CHERRE,VC 1,310502,0,4,VC,1,2,0,0,0,0,1,0,0,,1,7,0,1,0,0
1,1,3,1,3,49,FRANCE,PAYS DE LA LOIRE,021,49021,BEAUFORT-EN-VALLEE,Autre 0,310509,0,9,Autre,0,2,0,0,0,0,1,0,0,,1,7,0,1,0,0
1,3,1,2,6,49,FRANCE,PAYS DE LA LOIRE,049,49049,BRION,VC 1,310510,0,4,VC,1,2,2,0,0,0,3,4744700,-15500,,1,,0,1,0,0
1,1,2,1,3,49,FRANCE,PAYS DE LA LOIRE,264,49264,SAINT-ANDRE-DE-LA-MARCHE,RD 91,310517,0,3,RD,91,2,2,11,500,0,1,0,0,,1,7,0,1,0,0
1,8,3,1,3,49,FRANCE,PAYS DE LA LOIRE,007,49007,ANGERS,GUICHARD,310530,0,4,VC,0,2,2,,,0,1,,,,1,7,0,1,0,0
1,3,1,1,1,49,FRANCE,PAYS DE LA LOIRE,368,49368,VERNANTES,RD 58,310542,0,3,RD,58,2,2,0,0,0,1,0,0,,1,17,0,1,0,0
1,1,1,1,3,49,FRANCE,PAYS DE LA LOIRE,278,49278,SAINTE-GEMMES-SUR-LOIRE,RD 112,310577,5,3,RD,112,3,4,0,0,0,0,0,0,,1,7,0,1,0,0
1,8,1,1,2,49,FRANCE,PAYS DE LA LOIRE,007,49007,ANGERS,PAPIN,310605,0,4,VC,0,2,3,,,3,1,,,,1,7,0,1,0,0
1,8,1,1,3,49,FRANCE,PAYS DE LA LOIRE,007,49007,ANGERS,BOULEVARD FOULQUES NERRA ,310650,0,4,VC,0,2,6,,,1,1,,,,1,7,0,1,0,0
1,8,1,8,6,49,FRANCE,PAYS DE LA LOIRE,007,49007,ANGERS,BELFORT,310665,0,4,VC,0,0,2,,,0,1,,,,1,7,0,1,0,0
1,4,1,1,3,49,FRANCE,PAYS DE LA LOIRE,020,49020,BEAUCOUZE,Autre 0,310673,0,9,Autre,0,2,2,0,0,0,1,4747900,-63300,,1,7,0,1,0,0
1,4,1,1,1,49,FRANCE,PAYS DE LA LOIRE,377,49377,VILLEVEQUE,VC 0,310695,0,4,VC,0,2,0,0,0,0,1,0,0,,1,3,0,1,0,0
1,3,3,1,3,49,FRANCE,PAYS DE LA LOIRE,234,49234,PARCAY-LES-PINS,RD 53,310698,5,3,RD,53,2,2,0,0,0,1,4744200,16000,,1,7,0,1,0,0
1,1,1,1,2,49,FRANCE,PAYS DE LA LOIRE,212,49212,MONTJEAN-SUR-LOIRE,RD 15,310717,0,3,RD,15,2,2,27,0,0,1,4737600,-85900,,1,7,0,1,0,0
1,8,1,1,6,49,FRANCE,PAYS DE LA LOIRE,007,49007,ANGERS,SCHUMANN PASSAGE,310732,0,4,VC,0,2,2,,,0,1,,,,1,7,0,1,0,0
1,8,1,1,7,49,FRANCE,PAYS DE LA LOIRE,007,49007,ANGERS,AVENUE GRESILLE ,310733,0,9,Autre,0,0,0,,,0,0,,,,1,,0,1,0,0
1,8,2,1,6,49,FRANCE,PAYS DE LA LOIRE,007,49007,ANGERS,BRESSIGNY,310757,0,4,VC,0,1,1,,,0,1,,,,1,7,0,1,0,0
1,1,1,1,3,49,FRANCE,PAYS DE LA LOIRE,328,49328,SAUMUR,RUE DES ROMANS,310760,0,4,VC,0,2,2,,,0,1,,,,1,7,0,1,0,0
1,1,1,1,1,49,FRANCE,PAYS DE LA LOIRE,239,49239,PIN-EN-MAUGES (LE),VC 3,310767,0,4,VC,3,2,2,0,0,0,1,4725700,-89400,,1,7,0,1,0,0
5,8,1,1,7,49,FRANCE,PAYS DE LA LOIRE,007,49007,ANGERS,RUE GAUTIER ,310831,0,4,VC,0,2,2,,,0,1,,,,1,,0,1,0,0
1,5,1,1,7,49,FRANCE,PAYS DE LA LOIRE,015,49015,AVRILLE,AVENUE PIERRE MENDES FRANCE,310874,0,4,VC,0,2,0,,,0,4,,,,1,,0,1,0,0
5,7,2,1,3,49,FRANCE,PAYS DE LA LOIRE,099,49099,CHOLET,RUE DE L'HOTEL DE VILLE,310889,0,4,VC,0,2,2,,,0,1,,,,1,7,0,1,0,0
5,8,6,2,6,49,FRANCE,PAYS DE LA LOIRE,007,49007,ANGERS,CHEMIN BRETONNIERES,310902,5,4,VC,0,2,2,,,0,1,,,,1,7,0,1,0,0
5,8,1,1,3,49,FRANCE,PAYS DE LA LOIRE,007,49007,ANGERS,BOULEVARD MONPLAISIR ,310903,0,4,VC,0,0,0,,,0,1,,,,1,7,0,1,0,0
1,8,6,1,5,49,FRANCE,PAYS DE LA LOIRE,007,49007,ANGERS,PAPIN,310951,5,4,VC,0,2,5,,,3,1,,,,1,7,0,1,0,0
1,3,1,2,1,49,FRANCE,PAYS DE LA LOIRE,140,49140,FONTEVRAUD-L'ABBAYE,Autre 0,310964,5,9,Autre,0,1,0,0,0,0,1,0,0,,1,7,0,1,0,0
1,3,1,1,1,49,FRANCE,PAYS DE LA LOIRE,274,49274,SAINT-CYR-EN-BOURG,VC 0,310965,0,4,VC,0,2,0,0,0,0,1,0,0,,1,20,0,1,0,0
1,1,1,1,1,49,FRANCE,PAYS DE LA LOIRE,183,49183,LOUROUX-BECONNAIS (LE),RD 101,310982,0,3,RD,101,2,0,0,0,0,1,4751600,-94200,,1,7,0,1,0,0
1,6,1,1,2,49,FRANCE,PAYS DE LA LOIRE,328,49328,SAUMUR,RUE DU MARECHAL LECLERC,310990,0,4,VC,0,2,0,,,0,1,,,,1,7,0,1,0,0
1,5,1,1,3,49,FRANCE,PAYS DE LA LOIRE,092,49092,CHEMILLE,RD 84,310995,0,3,RD,84,2,2,0,500,0,1,0,0,,1,7,0,1,0,0
1,3,6,1,3,49,FRANCE,PAYS DE LA LOIRE,069,49069,CHAMPTOCEAUX,RD 17,310998,5,3,RD,17,2,0,0,300,0,1,4733800,-126300,,1,7,0,1,0,0
1,3,1,1,1,49,FRANCE,PAYS DE LA LOIRE,296,49296,SAINT-LAURENT-DES-AUTELS,Autre 0,310999,0,9,Autre,0,0,0,0,0,0,1,4729100,-119000,,1,7,0,1,0,0
1,8,1,1,6,49,FRANCE,PAYS DE LA LOIRE,007,49007,ANGERS,ARBRISSEL,311005,0,4,VC,0,3,4,,,0,1,,,,1,7,0,1,0,0
1,7,6,1,3,49,FRANCE,PAYS DE LA LOIRE,099,49099,CHOLET,BOULEVARD DE LA RONTARDIERE,311007,0,3,RD,0,3,4,,,1,0,,,,1,7,0,1,0,0
1,8,3,1,3,49,FRANCE,PAYS DE LA LOIRE,007,49007,ANGERS,RUE CHANTREAU ,311008,0,4,VC,0,2,2,,,0,0,,,,1,7,0,1,0,0
1,5,1,1,7,49,FRANCE,PAYS DE LA LOIRE,353,49353,TRELAZE,BOULEVARD BAHONNEAU ,311010,0,4,VC,0,2,2,,,0,1,,,,1,,0,1,0,0
1,8,1,1,3,49,FRANCE,PAYS DE LA LOIRE,007,49007,ANGERS,PLACE JUSTICES ,311102,0,4,VC,0,0,2,,,0,1,,,,1,7,0,1,0,0
1,1,1,8,3,49,FRANCE,PAYS DE LA LOIRE,106,49106,CORNE,RD 347,311127,0,3,RD,347,2,2,57,756,0,1,0,0,,1,7,0,1,0,0
1,1,2,1,3,49,FRANCE,PAYS DE LA LOIRE,328,49328,SAUMUR,RD 161,311135,0,3,RD,161,2,2,0,0,0,1,,,,1,7,0,1,0,0
1,8,1,1,7,49,FRANCE,PAYS DE LA LOIRE,007,49007,ANGERS,VC 0,311138,0,4,VC,0,0,2,0,0,0,1,,,,1,,0,1,0,0
1,4,2,1,3,49,FRANCE,PAYS DE LA LOIRE,313,49313,SAINT-PIERRE-MONTLIMART,VC 0,311145,0,4,VC,0,0,0,0,0,0,0,0,0,,1,7,0,1,0,0
1,1,2,8,3,49,FRANCE,PAYS DE LA LOIRE,018,49018,BAUGE,RD 938,311150,0,3,RD,938,2,2,23,380,0,1,0,0,,1,7,0,1,0,0
1,1,3,1,6,49,FRANCE,PAYS DE LA LOIRE,048,49048,BRIOLLAY,VC 0,311201,0,4,VC,0,2,0,0,0,0,1,4758484,-47739,,1,7,0,1,0,0
1,7,3,1,3,49,FRANCE,PAYS DE LA LOIRE,099,49099,CHOLET,VC 0,311299,0,4,VC,0,3,4,0,0,0,1,,,,1,7,0,1,0,0
5,8,3,1,3,49,FRANCE,PAYS DE LA LOIRE,007,49007,ANGERS,VC 0,311302,0,4,VC,0,2,2,0,0,0,1,,,,1,7,0,1,0,0
1,7,3,1,3,49,FRANCE,PAYS DE LA LOIRE,099,49099,CHOLET,VC 0,311320,0,4,VC,0,2,2,0,0,0,1,,,,1,7,0,1,0,0