lum,agg,int,atm,col,dep_bis,pays,region,com_bis,com_codeINSEE,communes,N_voie,numac,infra,catr,type_route,voie,circ,nbv,pr,pr1,vosp,situ,lat,long,adr,accident_velo,vehicule_imp,cycl_mort,cycl_bgv,cycl_blg,cycl_indm
1,1,1,1,3,49,FRANCE,PAYS DE LA LOIRE,364,49364,VAUDELNAY,RD 87,311328,0,3,RD,87,2,2,4,700,0,1,0,0,,1,7,0,1,0,0
1,4,1,1,7,49,FRANCE,PAYS DE LA LOIRE,177,49177,LIRE,RD 763,311340,0,3,RD,763,2,0,2,14,0,1,4734770,-116462,,1,,0,1,0,0
5,8,1,1,7,49,FRANCE,PAYS DE LA LOIRE,007,49007,ANGERS,RUE SAINT JACQUES,311350,0,4,VC,0,1,0,0,0,0,1,4747380,-57570,,1,,0,1,0,0
1,8,4,1,2,49,FRANCE,PAYS DE LA LOIRE,007,49007,ANGERS,PORT,311364,0,4,VC,0,2,2,0,0,0,1,4746600,-54359,,1,31,0,0,0,1
1,1,1,1,3,49,FRANCE,PAYS DE LA LOIRE,018,49018,BAUGE,RD 766,311374,0,3,RD,766,3,2,25,0,0,1,4754770,-12722,,1,7,0,1,0,0
1,1,1,1,1,49,FRANCE,PAYS DE LA LOIRE,110,49110,CORZE,RD 74,311380,0,3,RD,74,2,2,11,500,0,1,4753910,-32826,,1,7,0,1,0,0
1,1,3,1,3,49,FRANCE,PAYS DE LA LOIRE,375,49375,VILLEDIEU-LA-BLOUERE,RD 762,311386,0,3,RD,762,2,2,25,875,0,1,4717470,-104509,,1,7,0,1,0,0
1,5,6,1,3,49,FRANCE,PAYS DE LA LOIRE,092,49092,CHEMILLE,RD 160,311388,5,3,RD,160,1,1,34,558,0,1,4721190,-71992,,1,7,0,1,0,0
1,1,2,1,3,49,FRANCE,PAYS DE LA LOIRE,261,49261,ROSIERS-SUR-LOIRE (LES),VC 0,311396,0,4,VC,0,0,0,0,0,0,1,4736550,-24096,,1,7,0,1,0,0
1,1,1,1,6,49,FRANCE,PAYS DE LA LOIRE,129,49129,ECOUFLANT,VC 0,311399,0,4,VC,0,2,1,0,0,1,5,4749730,-52559,,1,7,0,1,0,0
1,8,1,1,7,49,FRANCE,PAYS DE LA LOIRE,007,49007,ANGERS,PONT DE LA BASSE CHAINE,311402,0,4,VC,0,1,1,0,0,1,4,4747050,-56352,,1,,0,1,0,0
1,6,1,1,3,49,FRANCE,PAYS DE LA LOIRE,328,49328,SAUMUR,BOULEVARD DES DEMOISELLES,311412,0,4,VC,0,2,2,0,0,0,1,4727740,-6272,,1,7,0,1,0,0
1,6,4,2,3,49,FRANCE,PAYS DE LA LOIRE,328,49328,SAUMUR,RUE DES COTEAUX,311423,0,4,VC,0,2,1,0,0,0,1,4724310,-9433,,1,7,0,1,0,0
1,8,6,1,3,49,FRANCE,PAYS DE LA LOIRE,007,49007,ANGERS,RUE RABELAIS,311431,0,4,VC,0,2,2,0,0,0,1,4745820,-54476,,1,7,0,1,0,0
1,7,3,2,3,49,FRANCE,PAYS DE LA LOIRE,099,49099,CHOLET,RUE RENE DESCARTES,311436,0,4,VC,0,2,2,0,0,0,1,4704840,-88109,,1,7,0,1,0,0
3,1,1,1,3,49,FRANCE,PAYS DE LA LOIRE,092,49092,CHEMILLE,RD 756,311454,0,3,RD,756,2,2,12,200,0,1,4719580,-71381,,1,7,0,1,0,0
1,1,2,1,3,49,FRANCE,PAYS DE LA LOIRE,021,49021,BEAUFORT-EN-VALLEE,RD 347,311464,0,3,RD,347,3,2,48,439,0,1,4743540,-21485,,1,15,0,1,0,0
1,8,2,1,3,49,FRANCE,PAYS DE LA LOIRE,007,49007,ANGERS,BOULEVARD JOSEPH BEDIER,311473,0,4,VC,0,2,2,0,0,0,1,4745300,-53872,,1,33,0,0,0,1
1,1,1,1,3,49,FRANCE,PAYS DE LA LOIRE,035,49035,BOUCHEMAINE,RD 111,311476,0,3,RD,111,2,3,6,300,0,1,4742840,-61454,,1,7,0,1,0,0
1,8,2,1,3,49,FRANCE,PAYS DE LA LOIRE,007,49007,ANGERS,RUE BOREAU,311485,0,4,VC,0,2,2,0,0,2,1,4747450,-54680,,1,7,0,1,0,0
1,6,6,1,2,49,FRANCE,PAYS DE LA LOIRE,328,49328,SAUMUR,RUE DU CHEMIN VERT,311486,5,4,VC,0,2,1,0,0,0,1,4724690,-7715,,1,10,0,1,0,0
1,4,1,1,2,49,FRANCE,PAYS DE LA LOIRE,347,49347,TIERCE,VC 0,311487,0,4,VC,0,2,2,0,0,0,1,4761570,-46657,,1,30,0,0,0,1
2,4,2,1,1,49,FRANCE,PAYS DE LA LOIRE,048,49048,BRIOLLAY,RD 109,311525,5,3,RD,109,2,2,8,242,0,1,4756660,-50243,,1,7,0,1,0,0
1,4,2,1,3,49,FRANCE,PAYS DE LA LOIRE,194,49194,MAZE,VC 0,311535,0,4,VC,0,2,0,0,0,0,1,4745640,-26705,,1,7,0,1,0,0
2,8,1,1,6,49,FRANCE,PAYS DE LA LOIRE,007,49007,ANGERS,RUE DU MAJOR ALLARD,311536,0,4,VC,,2,2,0,0,0,1,4747680,-54080,,1,,0,1,0,0
2,1,1,2,2,49,FRANCE,PAYS DE LA LOIRE,222,49222,MOZE-SUR-LOUET,RD 160,311547,0,3,RD,160,2,3,10,800,0,3,4737731,-55345,,1,7,0,1,0,0
1,1,3,1,3,49,FRANCE,PAYS DE LA LOIRE,345,49345,THOUARCE,RD 125,311551,0,3,RD,125,2,0,8,650,0,0,4727306,-52246,,1,7,0,1,0,0
1,4,1,1,1,49,FRANCE,PAYS DE LA LOIRE,323,49323,SAINT-SYLVAIN-D'ANJOU,Autre 0,311564,5,9,Autre,0,2,1,0,0,0,1,4752033,-47398,,1,10,0,1,0,0
5,4,1,1,6,49,FRANCE,PAYS DE LA LOIRE,244,49244,POMMERAYE (LA),RD 15,311571,0,3,RD,15,2,2,0,0,0,1,4735772,-86057,,1,,0,1,0,0
1,1,1,1,3,49,FRANCE,PAYS DE LA LOIRE,192,49192,MAULEVRIER,RD 65,311587,5,3,RD,65,2,2,21,400,0,1,4701532,-74425,,1,7,0,1,0,0
1,1,1,1,3,49,FRANCE,PAYS DE LA LOIRE,260,49260,ROMAGNE (LA),RD 91,311591,0,3,RD,91,2,2,9,200,0,1,4707052,-102409,,1,7,0,1,0,0
1,1,1,1,1,49,FRANCE,PAYS DE LA LOIRE,276,49276,SAINT-FLORENT-LE-VIEIL,RD 751,311600,0,3,RD,751,2,2,78,500,0,1,4736522,-96448,,1,7,0,1,0,0
1,1,1,1,1,49,FRANCE,PAYS DE LA LOIRE,373,49373,VIHIERS,RD 254,311608,0,3,RD,254,2,0,0,0,0,1,4713525,-57798,,1,7,0,1,0,0
1,1,1,1,1,49,FRANCE,PAYS DE LA LOIRE,149,49149,GENNES,RD 70,311624,0,3,RD,70,2,0,6,0,0,1,4730711,-28889,,1,,0,1,0,0
1,1,1,1,1,49,FRANCE,PAYS DE LA LOIRE,253,49253,PUY-NOTRE-DAME (LE),RD 87,311631,0,3,RD,87,2,2,4,500,0,3,4715348,-24974,,1,7,0,1,0,0
1,3,1,1,6,49,FRANCE,PAYS DE LA LOIRE,060,49060,CHACE,VC 0,311633,0,4,VC,0,2,0,0,0,0,1,4721400,-6876,,1,,0,1,0,0
1,1,3,1,3,49,FRANCE,PAYS DE LA LOIRE,347,49347,TIERCE,RD 113,311659,0,3,RD,113,2,2,22,600,0,3,4760165,-45827,,1,7,0,1,0,0
1,8,1,1,1,49,FRANCE,PAYS DE LA LOIRE,007,49007,ANGERS,RUE LA COMBE ,311675,0,4,VC,0,2,2,,,0,1,4748447,-58190,,1,7,0,1,0,0
1,5,1,3,7,49,FRANCE,PAYS DE LA LOIRE,267,49267,SAINT-BARTHELEMY-D'ANJOU,HUIT MAI 1945,311681,0,4,VC,0,0,1,,,0,1,4746192,-50078,,1,,0,1,0,0
1,5,1,1,3,49,FRANCE,PAYS DE LA LOIRE,015,49015,AVRILLE,AVENUE DES TROIS CORMIERS,311685,0,4,VC,0,2,2,,,0,1,4750494,-59560,,1,7,0,1,0,0
1,8,1,1,7,49,FRANCE,PAYS DE LA LOIRE,007,49007,ANGERS,RECULEE HAUTE,311692,0,4,VC,0,0,2,,,0,0,4748631,-55071,,1,,0,1,0,0
1,5,6,1,6,49,FRANCE,PAYS DE LA LOIRE,246,49246,PONTS-DE-CE (LES),Avenue MOULIN MARCILLE,311697,0,4,VC,0,2,2,,,0,1,4743799,-50890,,1,7,0,1,0,0
1,5,6,1,2,49,FRANCE,PAYS DE LA LOIRE,015,49015,AVRILLE,RUE PAUL LANGEVIN,311699,0,4,VC,0,2,0,,,0,1,4751776,-60830,,1,7,0,1,0,0
1,8,1,1,7,49,FRANCE,PAYS DE LA LOIRE,007,49007,ANGERS,BOULEVARD COUFFON ,311701,0,4,VC,0,2,1,,,0,1,4746500,-56574,,1,,0,1,0,0
1,8,5,1,3,49,FRANCE,PAYS DE LA LOIRE,007,49007,ANGERS,LADOUMEGUE,311702,5,4,VC,0,2,2,,,1,1,4747074,-58592,,1,7,0,1,0,0
1,8,5,1,3,49,FRANCE,PAYS DE LA LOIRE,007,49007,ANGERS,Rue VOLNEY,311703,0,4,VC,0,2,2,,,0,1,4746008,-53716,,1,7,0,1,0,0
1,8,9,1,3,49,FRANCE,PAYS DE LA LOIRE,007,49007,ANGERS,HAUTE CHAINE PORTE,311704,2,4,VC,0,2,2,,,1,1,4747741,-55357,,1,14,0,1,0,0
1,5,1,1,3,49,FRANCE,PAYS DE LA LOIRE,353,49353,TRELAZE,LEFEVRE,311712,0,4,VC,0,2,2,,,0,1,4744089,-48973,,1,7,0,1,0,0
1,8,3,1,6,49,FRANCE,PAYS DE LA LOIRE,007,49007,ANGERS,AVENUE GASNIER ,311716,0,4,VC,0,0,0,,,0,1,4749267,-57771,,1,37,0,1,0,0
1,8,7,1,6,49,FRANCE,PAYS DE LA LOIRE,007,49007,ANGERS,BOULEVARD BON PASTEUR ,311717,0,4,VC,0,3,3,,,1,1,4747048,-56878,,1,,0,0,0,1
2,8,1,1,7,49,FRANCE,PAYS DE LA LOIRE,007,49007,ANGERS,PAUL BERT,311721,0,4,VC,0,2,0,,,0,1,4746510,-54963,,1,,0,1,0,0
1,8,1,2,3,49,FRANCE,PAYS DE LA LOIRE,007,49007,ANGERS,PLACE LAFAYETTE ,311725,0,4,VC,0,0,0,,,0,1,4746252,-55377,,1,7,0,1,0,0
1,8,1,1,7,49,FRANCE,PAYS DE LA LOIRE,007,49007,ANGERS,BOULEVARD JACQUES MILLOT,311726,0,4,VC,0,2,0,,,0,1,4745632,-53359,,1,,0,1,0,0
1,8,3,1,7,49,FRANCE,PAYS DE LA LOIRE,007,49007,ANGERS,PLACE LECLERC ,311731,0,4,VC,0,2,2,,,0,1,4747192,-54562,,1,,0,1,0,0
1,5,3,1,7,49,FRANCE,PAYS DE LA LOIRE,246,49246,PONTS-DE-CE (LES),GRAND LARGE PORT,311733,0,4,VC,0,2,2,,,0,1,4741852,-52779,,1,,0,1,0,0
1,8,1,1,2,49,FRANCE,PAYS DE LA LOIRE,007,49007,ANGERS,BOULEVARD JACQUES MILLOT,311734,0,4,VC,0,2,2,,,0,1,4745700,-53333,,1,7,0,1,0,0
1,5,1,1,7,49,FRANCE,PAYS DE LA LOIRE,015,49015,AVRILLE,AVENUE PIERRE MENDES FRANCE,311735,0,4,VC,0,2,2,,,0,1,4750538,-58801,,1,,0,1,0,0
1,8,1,1,7,49,FRANCE,PAYS DE LA LOIRE,007,49007,ANGERS,CHATEAUGONTIER,311737,5,4,VC,,2,2,,,1,1,4746649,-54987,,1,,0,1,0,0
1,8,1,1,7,49,FRANCE,PAYS DE LA LOIRE,007,49007,ANGERS,DE LATTRE DE TASSIGNY,311740,0,4,VC,0,2,4,,,1,1,4745096,-53990,,1,14,0,1,0,0
5,1,1,1,1,49,FRANCE,PAYS DE LA LOIRE,007,49007,ANGERS,PRUNIERS,311744,0,4,VC,0,2,3,,,2,1,4747121,-58684,,1,7,0,1,0,0
1,7,3,1,1,49,FRANCE,PAYS DE LA LOIRE,099,49099,CHOLET,BOULEVARD GUSTAVE RICHARD,311759,0,4,VC,0,2,2,,,0,1,4706398,-88109,,1,7,0,1,0,0
3,6,1,1,7,49,FRANCE,PAYS DE LA LOIRE,328,49328,SAUMUR,RUE DES ECURIES,311766,0,4,VC,0,2,2,,,0,1,4726486,-8583,,1,,0,1,0,0
1,6,1,1,7,49,FRANCE,PAYS DE LA LOIRE,328,49328,SAUMUR,RIVES DU THOUET,311767,0,5,Hors_reseau,0,2,0,,,3,1,4724747,-8439,,1,,0,1,0,0
1,6,1,1,7,49,FRANCE,PAYS DE LA LOIRE,328,49328,SAUMUR,RUE DE ROUEN,311774,0,4,VC,0,2,2,,,0,1,4726930,-6736,,1,,0,1,0,0
1,1,3,7,3,50,FRANCE,BASSE-NORMANDIE,001,50001,ACQUEVILLE,RD 22,311777,5,3,RD,22,2,2,0,0,0,1,0,0,,1,7,0,1,0,0
5,6,2,1,3,50,FRANCE,BASSE-NORMANDIE,129,50129,CHERBOURG-OCTEVILLE,RUE DU VAL DE SAIRE,311786,5,3,RD,0,2,3,27,7,0,1,,,,1,7,0,1,0,0
1,1,1,1,1,50,FRANCE,BASSE-NORMANDIE,178,50178,FERMANVILLE,RD 116,311817,0,3,RD,116,0,0,0,0,0,0,4969600,-143900,,1,7,0,1,0,0
1,1,1,1,1,50,FRANCE,BASSE-NORMANDIE,243,50243,HEUGUEVILLE-SUR-SIENNE,RD 650,311819,0,3,RD,650,2,2,0,0,0,1,0,0,,1,7,0,1,0,0
1,6,2,1,6,50,FRANCE,BASSE-NORMANDIE,129,50129,CHERBOURG-OCTEVILLE,AVENUE BRIAND,311836,5,4,VC,0,2,3,,,0,1,,,,1,7,0,1,0,0
1,1,1,1,1,50,FRANCE,BASSE-NORMANDIE,418,50418,QUETTETOT,RD 900,311843,0,3,RD,900,2,2,70,200,0,1,0,0,,1,15,0,1,0,0
1,1,1,1,1,50,FRANCE,BASSE-NORMANDIE,481,50481,SAINT-GERMAIN-SUR-AY,RD 650,311852,0,3,RD,650,2,2,14,1021,0,1,4924400,-161900,,1,7,0,1,0,0
1,1,9,1,1,50,FRANCE,BASSE-NORMANDIE,462,50462,SAINT-CYR-DU-BAILLEUL,RD 36,311854,0,3,RD,36,2,2,0,0,0,1,4858000,-84000,,1,7,0,1,0,0
1,6,1,1,6,50,FRANCE,BASSE-NORMANDIE,129,50129,CHERBOURG-OCTEVILLE,RUE DE L'ABBAYE,311867,0,4,VC,0,2,2,,,1,5,,,,1,,0,0,0,1
1,3,1,1,3,50,FRANCE,BASSE-NORMANDIE,167,50167,DRAGEY-RONTHON,VC 143,311871,0,4,VC,143,1,0,0,0,0,1,4871600,-149700,,1,7,0,1,0,0
1,1,1,2,1,50,FRANCE,BASSE-NORMANDIE,633,50633,VICEL (LE),RD 128,311889,0,3,RD,128,2,1,0,0,0,1,0,0,,1,7,0,1,0,0
1,1,1,1,1,50,FRANCE,BASSE-NORMANDIE,196,50196,GATTEVILLE-LE-PHARE,RD 10,311928,0,3,RD,10,2,0,0,0,0,1,4969800,-127600,,1,31,0,1,0,0
3,3,1,1,4,50,FRANCE,BASSE-NORMANDIE,137,50137,COLOMBE (LA),RD 1,311967,0,3,RD,1,2,0,0,0,0,1,0,0,,1,7,0,1,0,0
3,1,1,8,2,50,FRANCE,BASSE-NORMANDIE,003,50003,AGON-COUTAINVILLE,RD 651,311975,0,3,RD,651,2,2,0,0,0,1,0,0,,1,38,0,1,0,0
1,4,1,1,3,50,FRANCE,BASSE-NORMANDIE,165,50165,DONVILLE-LES-BAINS,RUE DE LA PIERRE AIGUE,312022,5,4,VC,0,2,2,,,0,1,,,,1,7,0,1,0,0
1,2,3,1,1,50,FRANCE,BASSE-NORMANDIE,280,50280,LOZON,VC 0,312024,0,4,VC,0,2,2,0,0,0,1,4914800,-126100,,1,7,0,1,0,1
1,5,1,1,2,50,FRANCE,BASSE-NORMANDIE,218,50218,GRANVILLE,AVENUE DES VENDEENS,312049,0,4,VC,0,2,2,,,0,1,,,,1,3,0,1,0,0
1,1,1,1,7,50,FRANCE,BASSE-NORMANDIE,602,50602,TOURLAVILLE,CHEMIN DE LA MARE,312058,0,9,Autre,0,2,2,,,1,1,,,,1,,0,1,0,0
1,6,9,2,3,50,FRANCE,BASSE-NORMANDIE,129,50129,CHERBOURG-OCTEVILLE,voies d'embarquement GARE MARITIME,312060,0,6,Parking,0,1,0,,,0,1,,,,1,7,0,1,0,0
1,5,1,2,1,50,FRANCE,BASSE-NORMANDIE,099,50099,CARENTAN,RD 2013,312062,0,3,RD,2013,2,2,0,0,0,1,4931000,-125100,,1,7,0,1,0,0
1,4,1,1,1,50,FRANCE,BASSE-NORMANDIE,639,50639,VILLEDIEU-LES-POELES,VC 0,312093,5,4,VC,0,2,0,0,0,0,1,4884000,-123000,,1,7,0,1,0,0
2,1,1,7,1,50,FRANCE,BASSE-NORMANDIE,582,50582,SOURDEVAL,RD 283,312102,0,3,RD,283,2,0,0,0,0,1,4873000,-90100,,1,7,0,1,0,0
1,6,1,1,7,50,FRANCE,BASSE-NORMANDIE,129,50129,CHERBOURG-OCTEVILLE,RUE FRANCOIS LAVIEILLE,312108,0,4,VC,0,2,2,,,0,1,,,,1,,0,0,0,1
1,4,1,1,1,50,FRANCE,BASSE-NORMANDIE,601,50601,TORIGNI-SUR-VIRE,RD 13,312110,0,3,RD,13,2,1,0,0,0,1,4904200,-97300,,1,7,0,1,0,0
1,6,1,1,3,50,FRANCE,BASSE-NORMANDIE,129,50129,CHERBOURG-OCTEVILLE,RUE DU MARECHAL FOCH,312181,0,4,VC,0,1,1,,,0,1,,,,1,7,0,1,0,0
1,1,1,1,1,50,FRANCE,BASSE-NORMANDIE,220,50220,GREVILLE-HAGUE,RD 45,312192,0,3,RD,45,2,0,0,0,0,1,0,0,,1,10,0,1,0,0
1,3,1,1,1,50,FRANCE,BASSE-NORMANDIE,027,50027,BACILLY,RD 31,312221,0,3,RD,31,2,2,0,0,0,1,0,0,,1,7,0,1,0,0
1,3,1,1,2,50,FRANCE,BASSE-NORMANDIE,412,50412,PORTBAIL,RD 15,312223,0,3,RD,15,2,2,2,300,0,1,4933900,-169600,,1,7,0,1,0,0
1,6,1,1,6,50,FRANCE,BASSE-NORMANDIE,129,50129,CHERBOURG-OCTEVILLE,AVENUE JEAN-FRANCOIS MILLET,312231,0,4,VC,0,3,6,,,0,1,,,,1,13,0,1,0,0
1,6,3,1,7,50,FRANCE,BASSE-NORMANDIE,129,50129,CHERBOURG-OCTEVILLE,CHEMIN PAUL GUILBERT,312245,5,4,VC,0,2,2,,,0,1,,,,1,7,0,1,0,0
1,1,1,1,7,50,FRANCE,BASSE-NORMANDIE,602,50602,TOURLAVILLE,ROUTE DES COUPLETS,312254,0,3,RD,0,2,2,,,0,3,,,,1,,0,1,0,0
1,3,1,1,1,50,FRANCE,BASSE-NORMANDIE,412,50412,PORTBAIL,RD 15,312272,0,3,RD,15,2,0,0,0,0,1,4934200,-169300,,1,7,0,1,0,0
1,1,1,3,1,50,FRANCE,BASSE-NORMANDIE,350,50350,MONTPINCHON,RD 102,312274,0,3,RD,102,2,0,0,0,0,1,0,0,,1,7,0,1,0,0
1,1,1,1,1,50,FRANCE,BASSE-NORMANDIE,543,50543,SAINT-QUENTIN-SUR-LE-HOMME,RD 103,312276,0,3,RD,103,2,0,0,7528,0,1,4864800,-132800,,1,7,0,1,0,0
1,1,1,1,2,50,FRANCE,BASSE-NORMANDIE,252,50252,HUDIMESNIL,RD 20,312302,0,3,RD,20,2,2,0,0,0,1,0,0,,1,10,0,1,0,0
1,1,1,7,3,50,FRANCE,BASSE-NORMANDIE,256,50256,ISIGNY-LE-BUAT,RD 47,312338,0,3,RD,47,2,2,15,237,0,1,4862400,-118010,,1,7,0,1,0,0
1,4,2,1,3,50,FRANCE,BASSE-NORMANDIE,484,50484,SAINT-HILAIRE-DU-HARCOUET,VC 0,312358,0,4,VC,0,2,2,0,0,0,1,4857200,-107927,,1,7,0,1,0,0
1,4,1,1,6,50,FRANCE,BASSE-NORMANDIE,165,50165,DONVILLE-LES-BAINS,ROUTE DE COUTANCES,312373,0,3,RD,971,2,2,3,283,0,1,4885290,-156726,,1,7,0,1,0,0
1,5,1,1,3,50,FRANCE,BASSE-NORMANDIE,173,50173,EQUEURDREVILLE-HAINNEVILLE,RUE AMIRAL COURBET,312374,0,4,VC,529,1,1,0,0,0,1,4964730,-165969,,1,7,0,1,0,0
1,6,3,3,3,50,FRANCE,BASSE-NORMANDIE,129,50129,CHERBOURG-OCTEVILLE,RUE CURIE,312381,5,4,VC,541,2,3,0,0,0,1,4963910,-160631,,1,7,0,1,0,0
1,5,1,1,7,50,FRANCE,BASSE-NORMANDIE,147,50147,COUTANCES,MARNE,312389,0,3,RD,971,2,3,3,239,0,3,4904830,-144882,,1,,0,1,0,0
1,1,1,1,6,50,FRANCE,BASSE-NORMANDIE,256,50256,ISIGNY-LE-BUAT,VC 0,312415,0,4,VC,0,2,2,0,0,0,3,4861230,-118704,,1,,0,1,0,0
1,2,1,1,3,50,FRANCE,BASSE-NORMANDIE,577,50577,SORTOSVILLE-EN-BEAUMONT,RD 902,312430,0,3,RD,902,2,2,47,200,0,1,4942330,-171635,,1,7,0,1,0,0
1,1,1,1,3,50,FRANCE,BASSE-NORMANDIE,484,50484,SAINT-HILAIRE-DU-HARCOUET,RD 976,312496,0,3,RD,976,2,2,26,275,0,1,4858130,-110948,,1,7,0,1,0,0
1,1,6,1,3,50,FRANCE,BASSE-NORMANDIE,516,50516,SAINT-MARTIN-DES-CHAMPS,RD 7,312501,5,3,RD,7,2,2,51,165,0,1,4865530,-135304,,1,7,0,1,0,0
1,1,1,1,1,50,FRANCE,BASSE-NORMANDIE,143,50143,COUDEVILLE-SUR-MER,RD 314,312518,0,3,RD,314,2,2,0,965,0,1,4888520,-151759,,1,10,0,1,0,0
2,6,1,1,2,50,FRANCE,BASSE-NORMANDIE,129,50129,CHERBOURG-OCTEVILLE,QUAI DE L'ENTREPOT,312545,0,4,VC,754,1,3,0,0,0,1,4963710,-161969,,1,37,0,1,0,0
1,1,2,7,3,50,FRANCE,BASSE-NORMANDIE,567,50567,SAUSSEMESNIL,RD 56,312549,5,3,RD,56,2,2,21,386,0,1,4958570,-151494,,1,7,0,1,0,0
1,1,2,1,3,50,FRANCE,BASSE-NORMANDIE,087,50087,BRIX,RD 119,312550,0,3,RD,119,2,2,16,30,0,1,4954990,-155904,,1,7,0,1,0,0
1,5,2,1,3,50,FRANCE,BASSE-NORMANDIE,602,50602,TOURLAVILLE,RUE DE LA BRETONNIERE,312556,5,4,VC,501,2,2,0,0,0,1,4963920,-160551,,1,7,0,1,0,0
1,1,1,1,7,50,FRANCE,BASSE-NORMANDIE,602,50602,TOURLAVILLE,ROUTE DES COUPLETS,312577,0,3,RD,120,2,2,16,275,0,1,4965070,-155362,,1,,0,1,0,0
3,6,1,1,7,50,FRANCE,BASSE-NORMANDIE,129,50129,CHERBOURG-OCTEVILLE,RUE DE L'ABBAYE,312599,0,9,Autre,0,0,0,0,0,0,1,4963310,-161358,,1,,0,1,0,0
1,1,1,1,7,50,FRANCE,BASSE-NORMANDIE,043,50043,BELLEFONTAINE,VC 0,312604,0,4,VC,0,2,2,0,0,0,1,4867200,-99426,,1,,0,1,0,0
1,4,1,1,7,50,FRANCE,BASSE-NORMANDIE,165,50165,DONVILLE-LES-BAINS,D 135E,312610,0,3,RD,135,2,2,0,443,0,3,4885220,-156211,,1,,0,1,0,0
1,1,2,1,2,50,FRANCE,BASSE-NORMANDIE,642,50642,VINDEFONTAINE,RD 24,312612,0,3,RD,24,2,2,34,341,0,1,4933810,-142989,,1,7,0,1,0,0
1,2,3,1,1,50,FRANCE,BASSE-NORMANDIE,489,50489,SAINT-JEAN-DE-LA-HAIZE,RD 31,312616,0,3,RD,31,2,2,1,510,0,1,4869850,-136175,,1,7,0,1,0,0
1,1,3,1,1,50,FRANCE,BASSE-NORMANDIE,452,50452,SAINT-BRICE-DE-LANDELLES,RD 30,312622,0,3,RD,30,2,2,2,673,0,1,4855520,-111874,,1,7,0,1,0,0
1,5,1,1,6,50,FRANCE,BASSE-NORMANDIE,602,50602,TOURLAVILLE,BOULEVARD DES FLAMANDS,312631,0,4,VC,505,2,2,0,0,1,5,4965010,-158567,,1,,0,1,0,0
3,1,1,8,2,50,FRANCE,BASSE-NORMANDIE,247,50247,HOCQUIGNY,RD 7,312634,0,3,RD,7,2,2,29,52,0,1,4882170,-138629,,1,7,0,1,0,0
1,6,2,1,1,50,FRANCE,BASSE-NORMANDIE,129,50129,CHERBOURG-OCTEVILLE,RUE DU BOIS,312658,5,4,VC,116,2,2,0,0,0,1,4963920,-160548,,1,7,0,1,0,0
1,3,1,1,1,50,FRANCE,BASSE-NORMANDIE,356,50356,MOON-SUR-ELLE,Autre 0,312670,0,9,Autre,0,2,2,0,0,0,1,0,0,,1,7,0,1,0,0
5,3,1,1,1,50,FRANCE,BASSE-NORMANDIE,292,50292,MARIGNY,VC 0,312673,0,4,VC,0,1,1,0,0,0,1,0,0,,1,7,0,1,0,0
1,1,1,1,3,50,FRANCE,BASSE-NORMANDIE,202,50202,GIEVILLE,RD 974,312682,5,3,RD,974,2,2,0,0,0,1,0,0,,1,7,0,1,0,0
1,5,1,1,3,50,FRANCE,BASSE-NORMANDIE,025,50025,AVRANCHES,RD 7,312685,0,3,RD,7,2,0,0,0,0,1,0,0,,1,7,0,1,0,0
1,4,1,1,1,50,FRANCE,BASSE-NORMANDIE,066,50066,JULLOUVILLE,RD 571,312693,0,3,RD,571,2,2,0,0,0,1,0,0,,1,10,0,1,0,0
1,1,1,1,1,50,FRANCE,BASSE-NORMANDIE,331,50331,MOIDREY,RD 75,312697,0,3,RD,75,2,1,0,0,0,1,0,0,,1,7,0,1,0,0
1,1,1,1,2,50,FRANCE,BASSE-NORMANDIE,065,50065,BOUCEY,RD 30,312705,0,3,RD,30,2,2,0,0,0,1,4855700,-149000,,1,7,0,1,0,0
1,1,1,1,1,50,FRANCE,BASSE-NORMANDIE,618,50618,VAROUVILLE,RD 901,312723,0,3,RD,901,2,2,0,0,0,1,0,0,,1,7,0,1,0,0
1,1,1,1,1,50,FRANCE,BASSE-NORMANDIE,342,50342,MONTFARVILLE,RD 1,312726,0,3,RD,1,2,0,0,0,0,1,0,0,,1,7,0,1,0,0
1,1,1,1,2,50,FRANCE,BASSE-NORMANDIE,058,50058,BLAINVILLE-SUR-MER,RD 651,312733,5,3,RD,651,2,2,0,0,0,1,0,0,,1,7,0,1,0,0
1,1,1,1,2,50,FRANCE,BASSE-NORMANDIE,626,50626,VER,RD 33,312738,0,3,RD,33,2,2,2,0,0,1,0,0,,1,7,0,1,0,0