lum,agg,int,atm,col,dep_bis,pays,region,com_bis,com_codeINSEE,communes,N_voie,numac,infra,catr,type_route,voie,circ,nbv,pr,pr1,vosp,situ,lat,long,adr,accident_velo,vehicule_imp,cycl_mort,cycl_bgv,cycl_blg,cycl_indm
1,1,1,1,3,50,FRANCE,BASSE-NORMANDIE,403,50403,PIROU,RD 434,312742,0,3,RD,434,2,2,0,0,0,1,4919400,-157200,,1,7,0,1,0,0
1,1,1,1,2,50,FRANCE,BASSE-NORMANDIE,510,50510,SAINT-MARTIN-D'AUBIGNY,RD 900,312744,0,3,RD,900,2,2,0,0,0,1,4918300,-137000,,1,7,0,1,0,0
2,1,1,1,3,50,FRANCE,BASSE-NORMANDIE,510,50510,SAINT-MARTIN-D'AUBIGNY,RD 900,312747,0,3,RD,900,2,2,0,0,0,1,0,0,,1,7,0,1,0,0
1,1,1,1,3,50,FRANCE,BASSE-NORMANDIE,176,50176,ETANG-BERTRAND (L'),RD 126,312765,0,3,RD,126,2,2,0,1250,0,1,0,0,,1,7,0,1,0,0
5,6,2,2,1,50,FRANCE,BASSE-NORMANDIE,129,50129,CHERBOURG-OCTEVILLE,CHEMIN DES AIGUILLONS,312770,5,4,VC,0,2,2,,,2,1,,,,1,7,0,1,0,0
1,6,1,1,7,50,FRANCE,BASSE-NORMANDIE,129,50129,CHERBOURG-OCTEVILLE,QUAI DE CALIGNY,312773,0,3,RD,0,3,3,,,0,1,,,,1,,0,1,0,0
1,6,3,1,7,50,FRANCE,BASSE-NORMANDIE,129,50129,CHERBOURG-OCTEVILLE,RUE DU VAL DE SAIRE,312779,0,3,RD,0,2,2,,,0,1,,,,1,,0,0,0,1
5,5,4,1,7,50,FRANCE,BASSE-NORMANDIE,203,50203,GLACERIE (LA),LES ROUGES TERRES,312789,0,4,VC,0,3,4,,,0,1,,,,1,,0,1,0,0
5,6,3,2,3,50,FRANCE,BASSE-NORMANDIE,129,50129,CHERBOURG-OCTEVILLE,RUE PIERRE DE COUBERTIN,312790,5,4,VC,0,2,2,,,0,1,,,,1,7,0,1,0,0
1,5,3,8,3,50,FRANCE,BASSE-NORMANDIE,147,50147,COUTANCES,MESNIL SAINT JEAN,312798,0,4,VC,0,2,2,,,0,1,,,,1,10,0,1,0,0
1,1,1,1,5,50,FRANCE,BASSE-NORMANDIE,147,50147,COUTANCES,ROCADE NORD,312799,0,3,RD,0,2,1,28,995,0,1,,,,1,7,0,1,0,0
1,1,1,1,3,50,FRANCE,BASSE-NORMANDIE,532,50532,SAINT-PAIR-SUR-MER,RUE GRACE DE DIEU,312812,0,3,RD,0,2,2,,,0,1,,,,1,10,0,1,0,0
2,6,1,1,3,50,FRANCE,BASSE-NORMANDIE,502,50502,SAINT-LO,GRANDIN Auguste,312833,0,4,VC,0,3,2,,,0,1,,,,1,10,0,1,0,0
1,8,5,8,3,51,FRANCE,CHAMPAGNE-ARDENNE,454,51454,REIMS,RUE LESAGE,312865,0,4,VC,0,2,3,1,0,0,1,,,,1,7,0,1,0,0
1,5,3,1,3,51,FRANCE,CHAMPAGNE-ARDENNE,535,51535,SEZANNE,VC 0,312890,0,4,VC,0,1,1,0,0,0,1,4872500,372600,,1,7,0,1,0,0
1,6,1,1,3,51,FRANCE,CHAMPAGNE-ARDENNE,108,51108,CHALONS-EN-CHAMPAGNE,RUE LEON BOURGEOIS,312902,0,4,VC,0,2,2,,,0,1,,,,1,7,0,1,0,0
1,5,3,1,3,51,FRANCE,CHAMPAGNE-ARDENNE,506,51506,SAINT-MEMMIE,RUE DES DEPORTES ,312903,0,4,VC,0,2,2,,,0,1,,,,1,7,0,1,0,0
1,1,1,1,1,51,FRANCE,CHAMPAGNE-ARDENNE,557,51557,SOULANGES,RN 44,312925,5,2,RN,44,2,2,85,256,0,1,4880100,457700,,1,7,0,1,0,0
1,8,1,2,6,51,FRANCE,CHAMPAGNE-ARDENNE,454,51454,REIMS,RUE VOLTAIRE,312933,0,4,VC,0,2,2,,,0,1,,,,1,,0,0,0,1
1,1,1,1,1,51,FRANCE,CHAMPAGNE-ARDENNE,649,51649,VITRY-LE-FRANCOIS,RN 4,312947,0,2,RN,4,2,2,0,0,0,1,4874400,459400,,1,7,0,1,0,0
1,1,1,1,3,51,FRANCE,CHAMPAGNE-ARDENNE,329,51329,LOIVRE,RN 44,312950,0,2,RN,44,2,2,7,500,0,1,0,0,,1,14,0,1,0,0
1,4,1,1,3,51,FRANCE,CHAMPAGNE-ARDENNE,662,51662,WITRY-LES-REIMS,VC 0,312951,0,4,VC,0,2,2,0,0,0,0,0,0,,1,7,0,1,0,0
1,2,1,1,1,51,FRANCE,CHAMPAGNE-ARDENNE,115,51115,CHAMPFLEURY,RD 51,312953,5,3,RD,51,2,0,25,800,2,5,0,0,,1,14,0,1,0,0
1,6,1,1,3,51,FRANCE,CHAMPAGNE-ARDENNE,108,51108,CHALONS-EN-CHAMPAGNE,PLACE DES URSULINES,312955,0,4,VC,0,1,1,,,0,1,,,,1,10,0,1,0,0
1,8,1,1,6,51,FRANCE,CHAMPAGNE-ARDENNE,454,51454,REIMS,RUE REIMBEAU,312959,0,4,VC,0,1,1,,,0,1,,,,1,,0,1,0,0
1,8,1,1,3,51,FRANCE,CHAMPAGNE-ARDENNE,454,51454,REIMS,BOULEVARD PAUL DOUMER,312968,0,4,VC,0,2,4,,,0,1,,,,1,15,0,1,0,0
1,2,1,1,1,51,FRANCE,CHAMPAGNE-ARDENNE,648,51648,VITRY-LA-VILLE,RD 60,312981,0,3,RD,60,2,2,0,0,0,1,0,0,,1,21,0,1,0,0
1,6,3,1,3,51,FRANCE,CHAMPAGNE-ARDENNE,108,51108,CHALONS-EN-CHAMPAGNE,RUE DU LYCEE,313008,0,4,VC,0,1,1,,,0,1,,,,1,7,0,1,0,0
1,8,1,1,6,51,FRANCE,CHAMPAGNE-ARDENNE,454,51454,REIMS,RUE ROCKFELER,313012,5,4,VC,0,0,2,,,0,4,,,,1,,0,0,0,1
1,8,1,1,3,51,FRANCE,CHAMPAGNE-ARDENNE,454,51454,REIMS,BOULEVARD DU GENERAL LECLERC,313013,0,6,Parking,0,1,1,,,0,1,,,,1,7,0,1,0,0
1,6,6,1,6,51,FRANCE,CHAMPAGNE-ARDENNE,108,51108,CHALONS-EN-CHAMPAGNE,CD 60,313034,0,3,RD,0,2,2,,,1,0,,,,1,7,0,1,0,0
1,6,1,1,3,51,FRANCE,CHAMPAGNE-ARDENNE,108,51108,CHALONS-EN-CHAMPAGNE,ALLEE PAUL DOUMER,313038,0,4,VC,0,1,2,,,0,1,,,,1,7,0,1,0,0
1,6,2,1,6,51,FRANCE,CHAMPAGNE-ARDENNE,108,51108,CHALONS-EN-CHAMPAGNE,AVENUE DE SAINTE MENEHOULD,313043,0,4,VC,0,2,2,,,0,1,,,,1,10,0,1,0,0
1,8,3,2,3,51,FRANCE,CHAMPAGNE-ARDENNE,454,51454,REIMS,RUE SUTAINE,313048,0,4,VC,0,1,2,,,0,1,,,,1,7,0,1,0,0
1,5,1,1,2,51,FRANCE,CHAMPAGNE-ARDENNE,535,51535,SEZANNE,Autre 0,313058,0,9,Autre,0,0,2,0,0,0,1,4872800,372100,,1,7,0,1,0,0
5,8,1,5,1,51,FRANCE,CHAMPAGNE-ARDENNE,454,51454,REIMS,AVENUE CHAMPAGNE,313086,0,4,VC,0,1,0,,,1,1,,,,1,7,0,1,0,0
5,1,1,2,1,51,FRANCE,CHAMPAGNE-ARDENNE,388,51388,MOURMELON-LE-GRAND,RD 21,313089,0,3,RD,21,2,2,13,300,0,1,4912800,436300,,1,7,0,1,0,0
1,2,1,1,1,51,FRANCE,CHAMPAGNE-ARDENNE,511,51511,SAINT-QUENTIN-LE-VERGER,RD 350,313119,0,3,RD,350,2,1,0,0,0,1,4862200,374500,,1,7,0,1,0,0
2,1,1,1,1,51,FRANCE,CHAMPAGNE-ARDENNE,065,51065,BLACY,RD 2,313123,0,3,RD,2,2,2,32,700,0,1,4872300,455300,,1,7,0,1,0,0
1,6,1,1,2,51,FRANCE,CHAMPAGNE-ARDENNE,108,51108,CHALONS-EN-CHAMPAGNE,PLACE DE VERDUN ,313128,0,9,Autre,0,0,0,,,0,4,,,,1,7,0,1,0,0
1,1,1,7,2,51,FRANCE,CHAMPAGNE-ARDENNE,225,51225,ECUEIL,VC 0,313143,0,4,VC,0,2,0,0,0,0,1,4920000,397600,,1,10,0,1,0,0
1,1,2,1,3,51,FRANCE,CHAMPAGNE-ARDENNE,468,51468,ROSNAY,RD 27,313165,0,3,RD,27,2,2,6,250,0,1,4925600,387100,,1,7,0,1,0,0
1,8,9,1,3,51,FRANCE,CHAMPAGNE-ARDENNE,454,51454,REIMS,ALLEE PAUL HALARY,313178,0,4,VC,0,2,0,,,0,1,,,,1,7,0,1,0,0
1,3,1,1,1,51,FRANCE,CHAMPAGNE-ARDENNE,237,51237,ESTERNAY,VC 0,313181,0,4,VC,0,2,1,0,0,0,1,4873800,355800,,1,7,0,1,0,0
1,5,1,1,3,51,FRANCE,CHAMPAGNE-ARDENNE,649,51649,VITRY-LE-FRANCOIS,Autre 0,313200,0,9,Autre,0,1,0,0,0,0,1,0,0,,1,7,0,1,0,0
1,1,1,1,2,51,FRANCE,CHAMPAGNE-ARDENNE,016,51016,ARRIGNY,RD 13,313201,0,3,RD,13,2,2,0,900,0,1,4862400,472000,,1,10,0,1,0,0
1,8,1,1,3,51,FRANCE,CHAMPAGNE-ARDENNE,454,51454,REIMS,AVENUE DE PARIS,313206,0,4,VC,0,2,4,,,0,1,,,,1,7,0,1,0,0
1,6,3,1,3,51,FRANCE,CHAMPAGNE-ARDENNE,108,51108,CHALONS-EN-CHAMPAGNE,RUE JEAN JAURES,313214,5,4,VC,0,1,2,,,3,1,,,,1,7,0,1,0,0
5,5,3,1,3,51,FRANCE,CHAMPAGNE-ARDENNE,250,51250,FISMES,RD 967,313222,0,3,RD,967,2,2,0,0,0,1,4931200,368100,,1,7,0,1,0,0
1,1,1,1,2,51,FRANCE,CHAMPAGNE-ARDENNE,660,51660,WARMERIVILLE,RD 20,313231,0,3,RD,20,2,2,14,184,0,1,4934900,421800,,1,10,0,1,0,0
5,8,7,2,3,51,FRANCE,CHAMPAGNE-ARDENNE,454,51454,REIMS,PLACE DU SOUVENIR FRANCAIS,313237,0,4,VC,0,1,0,,,0,1,,,,1,7,0,1,0,0
3,1,1,2,3,51,FRANCE,CHAMPAGNE-ARDENNE,193,51193,COURTISOLS,RD 3,313262,0,3,RD,3,2,2,0,0,0,0,0,0,,1,10,0,1,0,0
1,8,1,1,6,51,FRANCE,CHAMPAGNE-ARDENNE,454,51454,REIMS,RUE VESLE,313342,0,4,VC,0,2,3,,,0,1,,,,1,7,0,1,0,0
1,8,1,1,3,51,FRANCE,CHAMPAGNE-ARDENNE,454,51454,REIMS,PLACE DE LA REPUBLIQUE,313347,5,4,VC,0,1,3,,,0,1,,,,1,10,0,1,0,0
1,6,1,1,3,51,FRANCE,CHAMPAGNE-ARDENNE,108,51108,CHALONS-EN-CHAMPAGNE,AVENUE PIERRE SEMARD,313372,0,4,VC,0,0,2,,,0,1,,,,1,7,0,1,0,0
1,6,1,1,2,51,FRANCE,CHAMPAGNE-ARDENNE,108,51108,CHALONS-EN-CHAMPAGNE,RUE DE FAGNIERES,313393,0,4,VC,0,0,2,,,0,1,,,,1,7,0,1,0,0
1,1,1,1,3,51,FRANCE,CHAMPAGNE-ARDENNE,183,51183,COURCY,RD 966,313403,0,3,RD,966,2,2,6,800,0,1,0,0,,1,7,0,1,0,0
1,6,6,1,3,51,FRANCE,CHAMPAGNE-ARDENNE,108,51108,CHALONS-EN-CHAMPAGNE,AVENUE DES ALLIES,313418,0,4,VC,0,2,2,,,0,1,,,,1,7,0,1,0,0
5,8,3,1,3,51,FRANCE,CHAMPAGNE-ARDENNE,454,51454,REIMS,AVENUE DE CHAMPAGNE,313434,5,3,RD,0,1,2,,,0,1,,,,1,7,0,1,0,0
5,6,2,1,2,51,FRANCE,CHAMPAGNE-ARDENNE,108,51108,CHALONS-EN-CHAMPAGNE,AVENUE MERCURIA,313464,0,9,Autre,0,2,2,,,0,0,,,,1,7,0,1,0,0
1,1,1,1,2,51,FRANCE,CHAMPAGNE-ARDENNE,550,51550,SOMPUIS,RD 12,313492,0,3,RD,12,2,2,,,0,1,0,0,,1,10,0,1,0,0
1,1,1,1,3,51,FRANCE,CHAMPAGNE-ARDENNE,193,51193,COURTISOLS,RD 79,313500,0,3,RD,79,2,2,33,75,0,1,0,0,,1,7,0,1,0,0
1,8,1,1,3,51,FRANCE,CHAMPAGNE-ARDENNE,454,51454,REIMS,chaussee BOCQUAINE,313504,0,4,VC,0,2,2,,0,0,1,,,,1,10,0,1,0,0
1,1,1,2,3,51,FRANCE,CHAMPAGNE-ARDENNE,081,51081,BRANSCOURT,RD 28,313522,0,3,RD,28,2,2,4,500,0,1,0,0,,1,7,0,1,0,0
1,1,1,1,2,51,FRANCE,CHAMPAGNE-ARDENNE,599,51599,VAUDEMANGE,RD 19,313551,0,3,RD,19,2,0,30,70,0,1,0,0,,1,7,0,1,0,0
1,4,3,1,6,51,FRANCE,CHAMPAGNE-ARDENNE,474,51474,SAINT-BRICE-COURCELLES,rue de la neuvilette,313553,5,4,VC,,2,2,,,0,0,,,,1,15,0,1,0,0
1,8,1,1,3,51,FRANCE,CHAMPAGNE-ARDENNE,454,51454,REIMS,avenue du general giraud,313563,0,4,VC,,1,2,,,0,1,,,,1,10,0,1,0,0
5,6,1,1,3,51,FRANCE,CHAMPAGNE-ARDENNE,108,51108,CHALONS-EN-CHAMPAGNE,VC 0,313566,0,4,VC,0,0,0,0,0,0,1,,,,1,7,0,1,0,0
1,6,1,1,2,51,FRANCE,CHAMPAGNE-ARDENNE,230,51230,EPERNAY,VC 0,313568,0,4,VC,0,2,1,0,0,0,1,,,,1,7,0,1,0,0
1,1,1,1,1,51,FRANCE,CHAMPAGNE-ARDENNE,012,51012,ANTHENAY,RD 980,313569,0,3,RD,980,2,2,10,500,0,1,0,0,,1,14,0,1,0,0
1,8,1,2,4,51,FRANCE,CHAMPAGNE-ARDENNE,454,51454,REIMS,BOULEVARD PASTEUR,313598,0,4,VC,0,0,2,0,0,0,1,0,0,,1,7,0,1,0,0
1,8,6,1,3,51,FRANCE,CHAMPAGNE-ARDENNE,454,51454,REIMS,AVENUE FRANCOIS MAURIAC,313601,5,4,VC,0,1,2,0,0,0,0,0,0,,1,7,0,1,0,0
2,1,1,7,2,51,FRANCE,CHAMPAGNE-ARDENNE,507,51507,SAINTE-MENEHOULD,RD 3,313612,0,3,RD,3,2,2,107,200,0,1,4909940,493138,,1,7,0,1,0,0
2,8,1,1,3,51,FRANCE,CHAMPAGNE-ARDENNE,454,51454,REIMS,BOULEVARD DU GENERAL LECLERC,313643,0,4,VC,,2,3,,,0,1,,,,1,7,0,1,0,0
1,2,2,8,3,51,FRANCE,CHAMPAGNE-ARDENNE,251,51251,FLAVIGNY,RD 19,313649,0,3,RD,19,2,2,0,0,0,1,0,0,,1,7,0,1,0,0
1,1,2,1,3,51,FRANCE,CHAMPAGNE-ARDENNE,569,51569,THILLOIS,RD 227,313653,0,3,RD,227,2,2,,,0,1,0,0,,1,7,0,1,0,0
1,1,1,1,6,51,FRANCE,CHAMPAGNE-ARDENNE,028,51028,AVENAY-VAL-D'OR,RD 9,313655,0,3,RD,9,2,2,38,100,0,1,0,0,,1,,0,0,0,1
1,3,2,1,3,51,FRANCE,CHAMPAGNE-ARDENNE,482,51482,SAINT-GERMAIN-LA-VILLE,RD 60,313721,0,3,RD,60,2,2,8,850,0,1,0,0,,1,21,0,1,0,0
1,5,1,1,1,51,FRANCE,CHAMPAGNE-ARDENNE,250,51250,FISMES,,313727,0,4,VC,,2,0,0,0,0,1,0,0,,1,10,0,1,0,0
1,1,1,7,2,51,FRANCE,CHAMPAGNE-ARDENNE,391,51391,MUIZON,RD 26,313749,0,3,RD,26,2,2,41,420,0,3,0,0,,1,7,0,1,0,0
1,2,2,1,3,51,FRANCE,CHAMPAGNE-ARDENNE,052,51052,BERRU,,313753,0,4,VC,,2,2,,,0,1,0,0,,1,7,0,1,0,0
2,8,1,1,1,51,FRANCE,CHAMPAGNE-ARDENNE,454,51454,REIMS,RUE DE NEUFCHATEL,313757,0,4,VC,,2,2,,,0,1,,,,1,7,0,1,0,0
1,8,6,1,3,51,FRANCE,CHAMPAGNE-ARDENNE,454,51454,REIMS,chemin de vrilly,313764,5,3,RD,0,1,1,1,0,0,1,,,,1,14,0,1,0,0
3,1,1,2,2,51,FRANCE,CHAMPAGNE-ARDENNE,055,51055,BETHENY,ROUTE DE BETHENY,313765,2,4,VC,0,2,2,1,0,0,1,,,,1,7,0,1,0,0
1,1,1,1,2,51,FRANCE,CHAMPAGNE-ARDENNE,627,51627,VILLENEUVE-RENNEVILLE-CHEVIGNY,RD 37,313786,0,3,RD,37,2,2,16,50,0,1,0,0,,1,7,0,1,0,0
1,5,1,1,6,51,FRANCE,CHAMPAGNE-ARDENNE,573,51573,TINQUEUX,RUE PAUL VAILLANT COUTURIER,313892,0,4,VC,,2,4,,,0,1,,,,1,7,0,0,0,1
1,3,3,1,3,52,FRANCE,CHAMPAGNE-ARDENNE,205,52205,FOULAIN,VC 0,313923,0,4,VC,0,2,2,0,0,0,1,4804500,521400,,1,7,0,1,0,0
4,2,1,1,6,52,FRANCE,CHAMPAGNE-ARDENNE,308,52308,MARANVILLE,VC 0,313925,0,4,VC,0,2,2,0,0,0,1,4814000,486700,,1,,0,0,0,1
1,1,1,1,2,52,FRANCE,CHAMPAGNE-ARDENNE,121,52121,CHAUMONT,RD 65,313932,0,3,RD,0,2,2,45,576,0,1,,,,1,7,0,1,0,0
1,5,9,8,5,52,FRANCE,CHAMPAGNE-ARDENNE,269,52269,LANGRES,RN 74,313934,0,2,RN,74,2,2,0,0,0,1,0,0,,1,7,0,1,0,0
1,2,3,1,3,52,FRANCE,CHAMPAGNE-ARDENNE,037,52037,BANNES,RD 264,313942,0,3,RD,264,2,2,1,0,0,1,0,0,,1,10,0,1,0,0
1,6,2,1,3,52,FRANCE,CHAMPAGNE-ARDENNE,448,52448,SAINT-DIZIER,ROUTE DE TROIS FONTAINES,313951,0,4,VC,0,2,2,,,0,1,,,,1,7,0,1,0,0
1,6,1,1,7,52,FRANCE,CHAMPAGNE-ARDENNE,121,52121,CHAUMONT,RUE RIBOT,313952,0,4,VC,0,1,2,,,0,1,,,,1,,0,1,0,0
1,2,4,1,1,52,FRANCE,CHAMPAGNE-ARDENNE,544,52544,VOISEY,RD 270,314020,0,3,RD,270,0,0,0,0,0,1,0,0,,1,7,0,1,0,0
1,2,1,1,6,52,FRANCE,CHAMPAGNE-ARDENNE,208,52208,FRESNES-SUR-APANCE,RD 417,314035,0,3,RD,417,2,2,56,400,0,1,4794500,583700,,1,,0,1,0,0
1,1,1,1,6,52,FRANCE,CHAMPAGNE-ARDENNE,125,52125,CHAMARANDES-CHOIGNES,RUE DU LYCEE,314039,0,4,VC,0,2,2,,,0,1,,,,1,10,0,1,0,0
1,1,1,1,6,52,FRANCE,CHAMPAGNE-ARDENNE,121,52121,CHAUMONT,RD 200,314063,0,3,RD,0,2,2,69,100,0,1,,,,1,10,0,1,0,0
1,6,1,1,6,52,FRANCE,CHAMPAGNE-ARDENNE,448,52448,SAINT-DIZIER,RUE LALANDE ,314107,0,4,VC,0,2,2,,,0,4,,,,1,,0,0,0,1
1,2,1,1,3,52,FRANCE,CHAMPAGNE-ARDENNE,164,52164,DAMREMONT,RD 269,314110,0,3,RD,269,2,0,0,0,0,1,0,0,,1,7,0,1,0,0
1,1,1,8,2,52,FRANCE,CHAMPAGNE-ARDENNE,140,52140,COLOMBEY-LES-DEUX-EGLISES,RD 619,314131,0,3,RD,619,2,2,7,400,0,1,4821700,492000,,1,7,0,1,0,0
1,1,1,1,7,52,FRANCE,CHAMPAGNE-ARDENNE,431,52431,ROCHETAILLEE,VC 4,314133,0,4,VC,4,2,2,0,0,0,1,4786800,512300,,1,,0,1,0,0
1,3,3,1,1,52,FRANCE,CHAMPAGNE-ARDENNE,205,52205,FOULAIN,RD 107,314138,0,3,RD,107,2,2,0,0,0,1,0,0,,1,15,0,1,0,0
1,3,3,1,3,52,FRANCE,CHAMPAGNE-ARDENNE,058,52058,BOLOGNE,RD 167,314141,0,3,RD,167,2,0,0,0,0,1,0,0,,1,10,0,1,0,0
1,1,1,1,2,52,FRANCE,CHAMPAGNE-ARDENNE,331,52331,MONTIER-EN-DER,RD 384,314143,0,3,RD,384,2,2,12,700,0,1,0,0,,1,7,0,1,0,0
1,4,1,1,7,52,FRANCE,CHAMPAGNE-ARDENNE,060,52060,BOURBONNE-LES-BAINS,VC 0,314206,0,4,VC,0,0,1,0,0,0,1,4794980,575355,,1,,0,1,0,0
1,4,3,1,3,52,FRANCE,CHAMPAGNE-ARDENNE,331,52331,MONTIER-EN-DER,RD 384,314208,0,3,RD,384,2,2,10,250,0,1,4848010,476865,,1,7,0,1,0,0
1,1,1,1,7,52,FRANCE,CHAMPAGNE-ARDENNE,467,52467,SAVIGNY,RD 315,314213,0,3,RD,315,2,2,1,0,0,1,4772550,564236,,1,,0,1,0,0
1,1,1,1,1,52,FRANCE,CHAMPAGNE-ARDENNE,121,52121,CHAUMONT,CHEMIN RURAL CHATEAU-PAILLOT,314225,0,4,VC,0,2,2,0,0,0,1,4811600,515082,,1,7,0,1,0,0
1,6,1,1,3,52,FRANCE,CHAMPAGNE-ARDENNE,121,52121,CHAUMONT,RUE ALPHANDERY,314228,0,4,VC,0,1,2,0,0,0,4,4810550,513571,,1,7,0,1,0,0
1,1,1,1,3,52,FRANCE,CHAMPAGNE-ARDENNE,529,52529,VILLEGUSIEN-LE-LAC,RD 974,314246,0,3,RD,974,4,3,15,650,0,1,4774500,530600,,1,7,0,1,0,0
1,6,1,7,2,52,FRANCE,CHAMPAGNE-ARDENNE,448,52448,SAINT-DIZIER,RUE DE L'AULNE,314255,0,4,VC,0,2,2,0,0,0,1,4863650,494022,,1,7,0,1,0,0
1,6,6,1,3,52,FRANCE,CHAMPAGNE-ARDENNE,448,52448,SAINT-DIZIER,RUE GAMBETTA,314288,0,4,VC,0,1,1,0,0,0,1,4863660,495570,,1,7,0,1,0,0
1,6,1,1,6,52,FRANCE,CHAMPAGNE-ARDENNE,448,52448,SAINT-DIZIER,AVENUE VICTOR HUGO,314291,0,4,VC,0,3,2,0,0,0,1,4863870,495980,,1,,0,0,0,1
1,1,1,1,1,52,FRANCE,CHAMPAGNE-ARDENNE,538,52538,VILLIERS-SUR-SUIZE,RD 143,314346,0,3,RD,143,2,2,16,200,0,1,4796754,520146,,1,7,0,1,0,0
1,1,1,1,3,52,FRANCE,CHAMPAGNE-ARDENNE,550,52550,WASSY,RD 4,314386,0,3,RD,4,2,2,11,300,0,1,4849493,491601,,1,10,0,1,0,0
1,1,1,1,6,52,FRANCE,CHAMPAGNE-ARDENNE,121,52121,CHAUMONT,RD 161,314393,0,3,RD,0,2,2,4,500,0,1,,,,1,7,0,1,0,0
1,3,1,1,6,52,FRANCE,CHAMPAGNE-ARDENNE,104,52104,CHANCENAY,RUE DU FOUR,314404,0,4,VC,0,2,2,,,0,1,4866826,498609,,1,,0,1,0,0
1,3,1,1,1,53,FRANCE,PAYS DE LA LOIRE,088,53088,CUILLE,RD 127,314426,0,3,RD,127,2,2,0,0,0,1,4797300,-111800,,1,7,,,,
1,2,1,1,3,53,FRANCE,PAYS DE LA LOIRE,202,53202,SAINT-BERTHEVIN-LA-TANNIERE,RD 291,314444,0,3,RD,291,2,0,0,0,0,1,0,0,,1,7,0,1,0,0
1,1,1,1,1,53,FRANCE,PAYS DE LA LOIRE,186,53186,QUELAINES-SAINT-GAULT,RD 215,314454,0,3,RD,215,2,2,8,500,0,1,0,0,,1,7,0,1,0,0
1,1,1,8,5,53,FRANCE,PAYS DE LA LOIRE,015,53015,BACONNIERE (LA),VC 12,314458,0,4,VC,12,2,2,0,0,0,1,0,0,,1,7,0,1,0,0
1,1,1,1,2,53,FRANCE,PAYS DE LA LOIRE,185,53185,PRE-EN-PAIL,RD 144,314469,0,3,RD,144,2,0,1,600,0,1,0,0,,1,38,0,1,0,0
2,5,1,1,3,53,FRANCE,PAYS DE LA LOIRE,097,53097,EVRON,RD 20,314484,0,3,RD,20,0,0,0,0,0,1,4815700,-40600,,1,7,0,1,0,0
1,7,4,2,3,53,FRANCE,PAYS DE LA LOIRE,130,53130,LAVAL,AVENUE DE L'ATLANTIQUE,314499,5,3,RD,0,2,4,0,670,1,0,,,,1,7,0,1,0,0
1,5,1,3,3,53,FRANCE,PAYS DE LA LOIRE,096,53096,ERNEE,RN 12,314501,0,2,RN,12,2,2,64,200,0,1,4830000,-92200,,1,7,0,1,0,0
3,1,1,1,3,53,FRANCE,PAYS DE LA LOIRE,201,53201,SAINT-BERTHEVIN,RD 32  VERS LAVAL,314503,0,3,RD,0,2,2,44,300,0,1,,,,1,7,0,1,0,0
1,7,1,1,3,53,FRANCE,PAYS DE LA LOIRE,130,53130,LAVAL,RUE HAUTE FOLLIS,314520,0,4,VC,0,2,2,,,0,1,,,,1,7,0,1,0,0
1,7,1,1,7,53,FRANCE,PAYS DE LA LOIRE,130,53130,LAVAL,RUE JEANNE JUGAN,314529,0,4,VC,0,2,2,,,0,1,,,,1,,0,1,0,0
1,1,1,2,1,53,FRANCE,PAYS DE LA LOIRE,047,53047,CARELLES,RD 109,314557,0,3,RD,109,0,0,11,200,0,1,0,0,,1,7,0,1,0,0
1,1,1,1,5,53,FRANCE,PAYS DE LA LOIRE,246,53246,SAINT-PIERRE-DES-NIDS,RD 505,314558,0,3,RD,505,0,0,0,0,0,1,4838700,-10100,,1,2,0,1,0,0
1,7,1,1,1,53,FRANCE,PAYS DE LA LOIRE,130,53130,LAVAL,RUE DE STADE,314565,0,4,VC,0,2,2,,,0,1,,,,1,7,0,1,0,0
1,7,1,1,6,53,FRANCE,PAYS DE LA LOIRE,130,53130,LAVAL,BOULEVARD DES TRAPPISTINES,314572,6,9,Autre,0,0,0,,,0,4,,,,1,,0,0,0,1
1,4,1,1,2,53,FRANCE,PAYS DE LA LOIRE,188,53188,RENAZE,Autre 53,314606,0,9,Autre,53,2,0,0,0,0,1,4780000,-105500,,1,7,0,1,0,0
1,1,2,1,3,53,FRANCE,PAYS DE LA LOIRE,096,53096,ERNEE,RD 29,314607,0,3,RD,29,2,2,4,500,0,1,4826800,-98500,,1,7,0,1,0,0
1,1,1,1,3,53,FRANCE,PAYS DE LA LOIRE,208,53208,SAINT-CYR-EN-PAIL,RD 20,314609,0,3,RD,20,2,2,2,800,0,1,4844100,-20900,,1,7,0,1,0,0
1,3,1,1,3,53,FRANCE,PAYS DE LA LOIRE,016,53016,BAIS,RD 35,314620,5,3,RD,35,2,2,0,0,0,1,0,0,,1,7,0,1,0,0
1,1,1,7,3,53,FRANCE,PAYS DE LA LOIRE,014,53014,AZE,VC 0,314677,5,4,VC,0,2,0,0,0,0,1,0,0,,1,7,0,1,0,0
1,5,4,1,3,53,FRANCE,PAYS DE LA LOIRE,201,53201,SAINT-BERTHEVIN,RUE ALFRED NOBEL,314707,0,4,VC,,2,2,,,0,1,,,,1,7,0,1,0,0
1,1,6,1,3,53,FRANCE,PAYS DE LA LOIRE,130,53130,LAVAL,RN 162,314708,0,2,RN,162,2,2,35,160,0,1,,,,1,7,0,1,0,0
1,5,1,1,3,53,FRANCE,PAYS DE LA LOIRE,097,53097,EVRON,RD 32,314713,0,3,RD,32,1,1,0,0,0,1,4815800,-39900,,1,7,0,1,0,0
1,5,1,1,3,53,FRANCE,PAYS DE LA LOIRE,062,53062,CHATEAU-GONTIER,VC 0,314721,0,4,VC,0,0,0,0,0,0,1,0,0,,1,7,0,1,0,0