lum,agg,int,atm,col,dep_bis,pays,region,com_bis,com_codeINSEE,communes,N_voie,numac,infra,catr,type_route,voie,circ,nbv,pr,pr1,vosp,situ,lat,long,adr,accident_velo,vehicule_imp,cycl_mort,cycl_bgv,cycl_blg,cycl_indm
1,1,2,1,3,53,FRANCE,PAYS DE LA LOIRE,265,53265,TORCE-VIVIERS-EN-CHARNIE,RD 9,314722,0,3,RD,9,2,2,0,0,0,1,4809700,-24200,,1,7,0,1,0,0
1,4,1,1,2,53,FRANCE,PAYS DE LA LOIRE,084,53084,CRAON,RD 25,314723,0,3,RD,25,2,2,0,0,0,1,4785600,-96100,,1,7,0,1,0,0
1,1,1,1,2,53,FRANCE,PAYS DE LA LOIRE,062,53062,CHATEAU-GONTIER,RD 20,314751,0,3,RD,20,2,2,79,120,2,5,0,0,,1,7,0,1,0,0
1,7,1,1,2,53,FRANCE,PAYS DE LA LOIRE,130,53130,LAVAL,RUE DE BRETAGNE ,314752,0,4,VC,0,2,2,,,0,1,,,,1,7,0,1,0,0
1,7,3,2,6,53,FRANCE,PAYS DE LA LOIRE,130,53130,LAVAL,RUE DE PARIS,314763,5,4,VC,0,2,3,,,0,1,,,,1,7,0,0,0,1
1,5,3,1,1,53,FRANCE,PAYS DE LA LOIRE,097,53097,EVRON,VC 0,314771,0,4,VC,0,2,0,0,0,0,0,4815200,-39500,,1,7,0,1,0,0
1,3,3,1,1,53,FRANCE,PAYS DE LA LOIRE,154,53154,MONTAUDIN,RD 31,314775,0,3,RD,31,2,2,32,800,0,1,4839000,-98800,,1,7,0,1,0,0
1,1,1,1,7,53,FRANCE,PAYS DE LA LOIRE,226,53226,SAINT-HILAIRE-DU-MAINE,RD 105,314785,0,3,RD,105,2,2,9,200,0,1,4823200,-94400,,1,,0,1,0,0
1,7,1,1,3,53,FRANCE,PAYS DE LA LOIRE,130,53130,LAVAL,AVENUE PIERRE DE COUBERTIN,314798,0,4,VC,0,2,2,,,0,1,,,,1,7,0,1,0,0
3,1,1,5,2,53,FRANCE,PAYS DE LA LOIRE,097,53097,EVRON,RD 32,314830,0,3,RD,32,2,2,8,800,0,1,4815568,-35050,,1,10,0,1,0,0
1,1,1,7,2,53,FRANCE,PAYS DE LA LOIRE,084,53084,CRAON,RD 128,314846,0,3,RD,128,2,2,0,0,0,1,4785222,-94462,,1,7,0,1,0,0
1,1,1,7,2,53,FRANCE,PAYS DE LA LOIRE,181,53181,PONTMAIN,RD 224,314862,0,3,RD,224,2,2,0,0,0,1,4842385,-106354,,1,7,0,1,0,0
1,1,1,1,6,53,FRANCE,PAYS DE LA LOIRE,160,53160,MONTREUIL-POULAY,RD 34,314866,0,3,RD,34,2,3,18,300,0,1,4837834,-53175,,1,7,0,1,0,0
1,1,6,7,3,53,FRANCE,PAYS DE LA LOIRE,054,53054,CHANGE,BOULEVARD DE REPUBLIQUE,314907,5,3,RD,900,3,2,1,126,0,1,4809109,-76334,,1,7,0,1,0,0
2,5,3,1,6,53,FRANCE,PAYS DE LA LOIRE,201,53201,SAINT-BERTHEVIN,RUE DES CHENES,314917,0,3,RD,0,2,2,,,0,0,4806358,-81110,,1,7,0,1,0,0
1,3,1,1,1,54,FRANCE,LORRAINE,586,54586,VITERNE,VC 0,314975,0,4,VC,0,2,2,0,0,0,1,4859000,603400,,1,7,0,1,0,0
1,5,5,1,3,54,FRANCE,LORRAINE,184,54184,ESSEY-LES-NANCY,AVENUE DE BRIGACHTAL,314985,5,4,VC,0,2,2,,,0,1,,,,1,7,0,1,0,0
1,6,1,1,3,54,FRANCE,LORRAINE,329,54329,LUNEVILLE,RUE RIVOLET,315009,0,4,VC,0,2,1,,,0,1,,,,1,7,0,1,0,0
1,5,1,1,2,54,FRANCE,LORRAINE,578,54578,VILLERS-LES-NANCY,BOULEVARD AIGUILLETTES,315021,0,4,VC,0,2,4,,,0,1,,,,1,7,0,1,0,0
2,1,1,1,1,54,FRANCE,LORRAINE,065,54065,BERTRICHAMPS,RD 590,315046,5,3,RD,590,2,2,0,0,0,1,0,0,,1,7,0,1,0,0
1,5,2,1,3,54,FRANCE,LORRAINE,304,54304,LAXOU,AVENUE DE L'EUROPE,315072,0,4,VC,0,2,2,,,0,0,,,,1,7,0,1,0,0
1,3,1,3,1,54,FRANCE,LORRAINE,011,54011,ALLONDRELLE-LA-MALMAISON,RD 29,315089,0,3,RD,29,2,2,0,0,0,1,0,0,,1,7,0,1,0,0
5,8,1,1,1,54,FRANCE,LORRAINE,395,54395,NANCY,AVENUE FOCH,315103,0,4,VC,0,1,3,,,3,1,,,,1,37,0,1,0,0
1,5,2,1,3,54,FRANCE,LORRAINE,528,54528,TOUL,AVENUE LEUQUES,315105,5,4,VC,0,2,2,0,1,0,1,,,,1,7,0,1,0,0
1,5,3,1,3,54,FRANCE,LORRAINE,580,54580,VILLERUPT,RUE JULES VALLES ,315108,0,4,VC,0,2,2,,,0,1,,,,1,7,0,1,0,0
5,8,2,1,3,54,FRANCE,LORRAINE,395,54395,NANCY,RUE VAYRINGE,315143,2,4,VC,0,2,2,,,0,1,,,,1,10,0,1,0,0
5,8,3,1,3,54,FRANCE,LORRAINE,395,54395,NANCY,RUE DE MALZEVILLE,315161,0,4,VC,0,2,3,,,0,1,,,,1,7,0,1,0,0
1,1,1,1,1,54,FRANCE,LORRAINE,550,54550,VATHIMENIL,RD 150,315179,0,3,RD,150,3,2,6,0,0,1,0,0,,1,7,0,1,0,0
1,2,9,1,3,54,FRANCE,LORRAINE,402,54402,NORROY-LE-SEC,Autre 0,315206,0,9,Autre,0,0,0,0,0,0,1,4928500,581300,,1,7,0,1,0,0
1,1,2,1,3,54,FRANCE,LORRAINE,359,54359,MEHONCOURT,RD 9,315207,0,3,RD,9,2,0,5,200,0,1,4852000,640100,,1,7,0,1,0,0
1,4,6,1,3,54,FRANCE,LORRAINE,439,54439,PULNOY,RUE DE SAULXURES,315221,5,4,VC,0,2,2,,,0,1,,,,1,7,0,1,0,0
1,1,1,1,5,54,FRANCE,LORRAINE,571,54571,VILLE-EN-VERMOIS,RD 71,315279,0,3,RD,71,2,2,0,0,0,1,0,0,,1,7,0,1,0,0
1,3,1,1,3,54,FRANCE,LORRAINE,135,54135,COLOMBEY-LES-BELLES,VC 0,315283,0,4,VC,0,2,2,0,0,0,1,0,0,,1,7,0,1,0,0
1,3,1,1,3,54,FRANCE,LORRAINE,490,54490,SAIZERAIS,VC 0,315286,0,4,VC,0,2,0,0,0,0,1,0,0,,1,7,0,1,0,0
1,8,1,1,6,54,FRANCE,LORRAINE,395,54395,NANCY,RUE SAINT JEAN,315315,0,4,VC,0,2,2,,,3,4,,,,1,,,,,
1,4,1,1,6,54,FRANCE,LORRAINE,439,54439,PULNOY,RUE DU PARC ,315329,0,4,VC,0,2,2,,,0,1,,,,1,10,0,1,0,0
1,3,2,1,1,54,FRANCE,LORRAINE,367,54367,MEXY,RUE NATIONALE,315342,0,4,VC,0,2,2,,,0,1,,,,1,7,0,1,0,0
1,1,1,1,6,54,FRANCE,LORRAINE,528,54528,TOUL,AVENUE GENERAL BIGEARD,315350,0,4,VC,0,2,2,0,1,0,1,,,,1,37,0,1,0,0
3,5,1,1,2,54,FRANCE,LORRAINE,273,54273,JARNY,AVENUE LAFAYETTE,315397,0,3,RD,0,2,2,12,63,0,1,,,,1,7,0,1,0,0
1,5,3,2,3,54,FRANCE,LORRAINE,273,54273,JARNY,AVENUE WILSON ,315410,0,3,RD,0,2,2,,,0,1,,,,1,7,0,1,0,0
1,5,1,8,7,54,FRANCE,LORRAINE,159,54159,DOMBASLE-SUR-MEURTHE,RUE GABRIEL PERI,315411,0,3,RD,0,2,2,,,0,0,,,,1,7,0,1,0,0
1,8,3,1,6,54,FRANCE,LORRAINE,395,54395,NANCY,RUE PIROUX,315414,0,4,VC,0,2,2,,,0,1,,,,1,,0,1,0,0
1,3,1,1,3,54,FRANCE,LORRAINE,188,54188,FAULX,VC 0,315473,0,4,VC,0,2,2,0,0,0,1,0,0,,1,7,0,1,0,0
1,4,1,1,3,54,FRANCE,LORRAINE,415,54415,PAGNY-SUR-MOSELLE,RD 952,315476,0,3,RD,952,2,0,0,0,0,1,0,0,,1,7,0,1,0,0
1,1,1,1,2,54,FRANCE,LORRAINE,080,54080,BLENOD-LES-TOUL,RD 960,315490,0,3,RD,960,2,2,6,168,0,1,0,0,,1,38,0,1,0,0
1,6,3,1,3,54,FRANCE,LORRAINE,329,54329,LUNEVILLE,RUE CHARLES GUERIN,315494,0,4,VC,0,2,2,,,0,1,,,,1,7,0,1,0,0
1,5,3,1,3,54,FRANCE,LORRAINE,431,54431,PONT-A-MOUSSON,ILE D'ESCH,315499,0,6,Parking,0,2,0,,,0,1,,,,1,30,0,1,0,0
1,5,6,1,3,54,FRANCE,LORRAINE,184,54184,ESSEY-LES-NANCY,RUE DES TARBES,315520,0,4,VC,0,1,2,,,0,1,,,,1,7,0,1,0,0
1,8,2,1,6,54,FRANCE,LORRAINE,395,54395,NANCY,RUE LEOPOLD LALLEMENT,315523,0,4,VC,0,1,2,,,0,1,,,,1,,0,0,0,1
1,5,1,1,1,54,FRANCE,LORRAINE,322,54322,LONGUYON,RD 618,315564,5,3,RD,618,2,0,0,0,3,1,0,0,,1,7,0,1,0,0
1,8,1,1,3,54,FRANCE,LORRAINE,395,54395,NANCY,COURS LEOPOLD,315575,0,4,VC,0,1,2,,,2,1,,,,1,7,0,1,0,0
1,1,1,1,3,54,FRANCE,LORRAINE,059,54059,BELLEAU,RD 44,315578,0,3,RD,44,2,2,0,0,0,1,0,0,,1,17,0,1,0,0
5,8,1,1,6,54,FRANCE,LORRAINE,395,54395,NANCY,AVENUE BOFFRAND,315608,0,4,VC,0,2,2,0,0,0,1,,,,1,7,0,1,0,0
1,5,3,1,3,54,FRANCE,LORRAINE,483,54483,SAINT-NICOLAS-DE-PORT,ROUTE DE VILLE EN VERMOIS,315609,0,3,RD,71,2,2,1,873,0,1,4862100,628310,,1,7,0,1,0,0
1,6,9,1,3,54,FRANCE,LORRAINE,329,54329,LUNEVILLE,ALLEE  DES LILAS ,315638,0,4,VC,0,2,1,0,0,0,1,,,,1,7,0,1,0,0
1,4,2,1,3,54,FRANCE,LORRAINE,305,54305,LAY-SAINT-CHRISTOPHE,RD 32,315664,5,3,RD,32,2,0,5,0,0,1,0,0,,1,7,0,1,0,0
1,5,1,1,6,54,FRANCE,LORRAINE,526,54526,TOMBLAINE,RUE DU 11 NOVEMBRE,315719,0,4,VC,0,2,2,0,0,0,1,,,,1,7,0,1,0,0
1,4,1,1,1,54,FRANCE,LORRAINE,111,54111,CHALIGNY,RD 95,315725,0,3,RD,95,2,0,0,100,0,1,4861780,609050,,1,7,0,1,0,0
1,5,1,1,3,54,FRANCE,LORRAINE,304,54304,LAXOU,RUE DE LA SAPINIERE,315731,0,4,VC,0,2,4,0,0,0,1,,,,1,15,0,1,0,0
1,4,3,1,1,54,FRANCE,LORRAINE,079,54079,BLENOD-LES-PONT-A-MOUSSON,RUE SAINT MARTIN,315736,0,4,VC,0,2,2,0,0,0,1,,,,1,10,0,1,0,0
5,4,1,1,3,54,FRANCE,LORRAINE,079,54079,BLENOD-LES-PONT-A-MOUSSON,AVENUE VICTOR CLAUDE,315743,0,3,RD,657,1,1,22,100,1,5,,,,1,7,0,1,0,0
5,5,1,1,7,54,FRANCE,LORRAINE,184,54184,ESSEY-LES-NANCY,RUE DU GENERAL LECLERC,315755,0,4,VC,0,2,2,0,0,0,1,,,,1,,0,1,0,0
1,6,1,1,3,54,FRANCE,LORRAINE,329,54329,LUNEVILLE,BOULEVARD GEORGES POMPIDOU,315776,0,3,RD,31,2,1,0,500,0,1,4859390,647982,,1,7,0,1,0,0
1,3,1,1,2,54,FRANCE,LORRAINE,102,54102,BRULEY,VC 0,315784,0,4,VC,0,2,2,0,0,0,1,0,0,,1,7,0,1,0,0
1,4,1,1,1,54,FRANCE,LORRAINE,152,54152,DAMELEVIERES,RD 1,315815,0,3,RD,1,2,2,10,900,0,1,4855940,637512,,1,7,0,1,0,0
1,1,1,1,3,54,FRANCE,LORRAINE,583,54583,VILLEY-LE-SEC,VC 0,315839,0,4,VC,0,2,1,0,0,0,1,0,0,,1,7,0,1,0,0
1,6,3,1,3,54,FRANCE,LORRAINE,547,54547,VANDOEUVRE-LES-NANCY,RUE DE REMICH,315840,0,4,VC,0,1,2,0,0,0,1,,,,1,7,0,1,0,0
1,1,1,1,3,54,FRANCE,LORRAINE,029,54029,AUDUN-LE-ROMAN,RD 16,315844,0,3,RD,16,0,0,0,300,0,1,4940620,576106,,1,7,0,1,0,0
2,5,1,1,3,54,FRANCE,LORRAINE,323,54323,LONGWY,AVENUE RAYMOND POINCARE,315866,0,4,VC,0,2,2,0,0,0,1,,,,1,7,0,1,0,0
1,4,6,1,3,54,FRANCE,LORRAINE,150,54150,CUSTINES,RD 40,315867,0,3,RD,40,1,1,6,800,0,1,4879010,614303,,1,10,0,1,0,0
1,6,3,1,6,54,FRANCE,LORRAINE,547,54547,VANDOEUVRE-LES-NANCY,AVENUE DU GENERAL LECLERC,315872,4,3,RD,974,2,2,29,500,3,1,4866972,616990,,1,7,0,1,0,0
1,3,3,1,3,54,FRANCE,LORRAINE,332,54332,MAIDIERES,RUE DU GENERAL DE GAULLE ,315879,0,4,VC,10,2,1,0,0,0,1,,,,1,7,0,1,0,0
1,5,1,1,6,54,FRANCE,LORRAINE,115,54115,CHAMPIGNEULLES,RD 657,315884,0,3,RD,657,4,0,30,800,3,4,0,0,,1,,0,0,0,1
5,5,1,1,3,54,FRANCE,LORRAINE,580,54580,VILLERUPT,RUE JULES VALLES ,315899,0,4,VC,0,2,2,,,0,1,,,,1,7,0,1,0,0
1,4,1,1,2,54,FRANCE,LORRAINE,076,54076,BLAINVILLE-SUR-L'EAU,VC 0,315905,0,4,VC,0,2,0,0,0,0,1,4855800,640400,,1,7,0,1,0,0
1,8,1,9,3,54,FRANCE,LORRAINE,395,54395,NANCY,RUE DES QUATRE EGLISES,315907,0,4,VC,0,1,1,,,0,1,,,,1,7,0,1,0,0
3,1,1,3,3,54,FRANCE,LORRAINE,431,54431,PONT-A-MOUSSON,RD 657 CHAMPEY,315926,0,3,RD,0,3,2,,,0,1,,,,1,7,0,1,0,0
5,8,7,1,3,54,FRANCE,LORRAINE,395,54395,NANCY,PLACE GODEFROY DE BOUILLON,315949,0,4,VC,0,1,2,0,0,0,0,,,,1,7,0,1,0,0
1,3,1,1,5,54,FRANCE,LORRAINE,364,54364,MEREVILLE,RD 115,315988,0,3,RD,115,2,2,2,650,0,1,4859539,615276,,1,7,0,1,0,0
1,1,1,1,1,54,FRANCE,LORRAINE,505,54505,SEXEY-AUX-FORGES,RD 12,315991,0,3,RD,12,0,2,0,0,0,1,4862900,604500,,1,7,0,1,0,0
1,4,1,1,2,54,FRANCE,LORRAINE,415,54415,PAGNY-SUR-MOSELLE,RD 952,315995,0,3,RD,952,2,2,76,100,0,1,4898755,602299,,1,7,0,1,0,0
3,1,1,8,3,54,FRANCE,LORRAINE,116,54116,CHANTEHEUX,NATIONALE,316062,0,3,RD,400,2,2,68,0,0,1,4859073,654468,,1,99,0,1,0,0
1,5,1,1,3,54,FRANCE,LORRAINE,304,54304,LAXOU,RUE ERNEST RENAN,316086,0,4,VC,0,1,1,,,0,4,,,,1,7,0,1,0,0
1,6,2,2,3,54,FRANCE,LORRAINE,547,54547,VANDOEUVRE-LES-NANCY,AVENUE DU GENERAL LECLERC,316101,0,4,VC,0,1,3,,,3,1,,,,1,40,0,1,0,0
1,5,1,1,6,54,FRANCE,LORRAINE,431,54431,PONT-A-MOUSSON,RUE DU FOUR,316112,0,4,VC,,1,2,,,0,0,4889993,605557,,1,7,0,1,0,0
1,4,1,1,3,55,FRANCE,LORRAINE,502,55502,STENAY,VC 0,316178,0,4,VC,0,2,2,0,0,0,1,4949800,518900,,1,7,0,1,0,0
1,2,1,1,3,55,FRANCE,LORRAINE,007,55007,AMBLY-SUR-MEUSE,VC 0,316193,0,4,VC,0,2,2,0,0,0,1,0,0,,1,14,0,1,0,0
1,5,6,1,3,55,FRANCE,LORRAINE,029,55029,BAR-LE-DUC,VOIE SACREE,316196,5,2,RN,0,3,2,0,1,0,1,,,,1,10,0,1,0,0
1,1,1,1,3,55,FRANCE,LORRAINE,317,55317,MANHEULLES,RD 903,316239,0,3,RD,903,2,2,15,500,0,1,4911900,558500,,1,7,0,1,0,0
1,2,1,1,1,55,FRANCE,LORRAINE,544,55544,VELOSNES,RD 118,316259,0,3,RD,118,2,0,7,0,0,1,4951000,546000,,1,7,0,1,0,0
1,1,3,1,6,55,FRANCE,LORRAINE,505,55505,THIERVILLE-SUR-MEUSE,AVENUE DE L'ETANG BLEU,316315,0,4,VC,0,2,2,,,0,0,,,,1,7,0,1,0,0
3,2,1,1,6,55,FRANCE,LORRAINE,061,55061,BOUCHON-SUR-SAULX (LE),RD 111,316329,0,3,RD,111,2,2,0,0,0,1,0,0,,1,,0,1,0,0
1,5,1,1,3,55,FRANCE,LORRAINE,463,55463,SAINT-MIHIEL,Autre 0,316333,0,9,Autre,0,2,2,0,0,0,1,4889400,554400,,1,7,0,1,0,0
1,1,1,1,1,55,FRANCE,LORRAINE,229,55229,HAN-SUR-MEUSE,RD 964,316334,0,3,RD,964,2,2,49,50,0,1,4886300,552400,,1,10,0,1,0,0
1,1,3,3,3,55,FRANCE,LORRAINE,366,55366,VAL-D'ORNAIN,RD 994,316345,5,3,RD,994,2,2,20,950,0,1,4881600,510900,,1,7,0,1,0,0
3,1,1,1,6,55,FRANCE,LORRAINE,215,55215,GONDRECOURT-LE-CHATEAU,RD 32,316348,0,3,RD,32,2,0,2,500,0,1,4846800,543400,,1,,0,1,0,0
1,5,1,1,2,55,FRANCE,LORRAINE,029,55029,BAR-LE-DUC,AVENUE DU 94EME RI,316374,0,4,VC,0,2,2,,,0,1,,,,1,7,0,1,0,0
1,3,1,1,1,55,FRANCE,LORRAINE,492,55492,SOMMEDIEUE,RD 159,316382,0,3,RD,159,2,2,20,600,0,1,4908700,545400,,1,7,0,1,0,0
3,1,1,8,2,55,FRANCE,LORRAINE,443,55443,ROUVRES-EN-WOEVRE,RD 906,316402,0,3,RD,906,2,0,1,500,0,1,4922000,564600,,1,31,0,1,0,0
1,1,1,7,2,55,FRANCE,LORRAINE,204,55204,GENICOURT-SUR-MEUSE,RD 964,316409,0,3,RD,964,2,0,74,250,0,1,4904900,543600,,1,7,0,1,0,0
1,5,1,1,3,55,FRANCE,LORRAINE,029,55029,BAR-LE-DUC,RUE DU STADE,316410,0,4,VC,0,2,2,,,0,1,,,,1,7,0,1,0,0
1,2,3,1,3,55,FRANCE,LORRAINE,569,55569,VILLOTTE-DEVANT-LOUPPY,RD 902,316415,0,3,RD,902,2,0,12,400,0,1,4889000,507400,,1,7,0,1,0,0
1,5,1,1,3,55,FRANCE,LORRAINE,029,55029,BAR-LE-DUC,RUE DE VERDUN ,316477,0,3,RD,1916,2,2,0,235,0,1,4877178,517056,,1,10,0,1,0,0
1,1,1,1,3,55,FRANCE,LORRAINE,105,55105,CHATILLON-SOUS-LES-COTES,RD 114,316487,0,3,RD,114,2,2,13,275,0,1,4914857,553218,,1,7,0,1,0,0
1,1,3,1,3,55,FRANCE,LORRAINE,029,55029,BAR-LE-DUC,AVENUE DES TILLEULS,316492,5,3,RD,146,2,2,1,435,0,0,4876049,514287,,1,7,0,1,0,0
1,2,1,1,3,55,FRANCE,LORRAINE,504,55504,TANNOIS,Autre 3,316521,0,9,Autre,3,2,2,0,0,0,1,4872900,522700,,1,36,0,1,0,0
1,2,3,1,3,55,FRANCE,LORRAINE,582,55582,WISEPPE,,316533,0,4,VC,,2,2,,,0,0,4945636,517607,,1,10,0,1,0,0
1,1,1,1,3,55,FRANCE,LORRAINE,193,55193,FORGES-SUR-MEUSE,RD 123,316536,0,3,RD,123,2,2,6,600,0,1,4927470,528077,,1,10,0,1,0,0
1,3,1,1,3,55,FRANCE,LORRAINE,073,55073,BRAS-SUR-MEUSE,RD 964,316539,0,3,RD,964,2,2,93,500,0,1,4920863,537652,,1,7,0,1,0,0
1,5,1,1,6,55,FRANCE,LORRAINE,545,55545,VERDUN,AVENUE DU LUXEMBOURG,316564,0,9,Autre,0,2,0,,,0,1,,,,1,,0,0,0,1
2,5,6,2,3,55,FRANCE,LORRAINE,545,55545,VERDUN,PLACE ANDRE BEAUGUITTE,316565,0,3,RD,0,1,1,,,0,1,,,,1,7,0,1,0,0
1,6,2,1,3,56,FRANCE,BRETAGNE,098,56098,LANESTER,RUE AUGUSTE BRIZEUX,316571,0,9,Autre,0,2,2,,,0,1,,,,1,7,0,1,0,0
5,6,1,1,7,56,FRANCE,BRETAGNE,098,56098,LANESTER,RUE RAYMOND GUILLEMOT,316594,0,4,VC,0,2,2,,,0,1,,,,1,,0,1,0,0
3,7,1,1,2,56,FRANCE,BRETAGNE,260,56260,VANNES,ROUTE DE PLESCOP,316595,0,3,RD,0,2,2,,,0,1,,,,1,7,0,1,0,0
1,4,3,1,3,56,FRANCE,BRETAGNE,247,56247,SULNIAC,RD 104,316610,5,3,RD,104,2,2,13,200,0,1,0,0,,1,10,0,1,0,0
1,1,9,1,1,56,FRANCE,BRETAGNE,163,56163,PLOERDUT,RD 1,316616,0,3,RD,1,2,2,94,715,0,1,4809500,-325900,,1,7,0,1,0,0
1,5,6,1,3,56,FRANCE,BRETAGNE,243,56243,SENE,VC 1,316619,5,4,VC,1,2,2,0,0,0,1,4762600,-273300,,1,7,0,1,0,0
1,4,2,1,3,56,FRANCE,BRETAGNE,118,56118,LOCMIQUELIC,VC 0,316630,0,4,VC,0,2,0,0,0,0,0,0,0,,1,10,0,1,0,0
1,1,1,1,2,56,FRANCE,BRETAGNE,240,56240,SARZEAU,RD 198,316634,0,3,RD,198,2,2,8,450,0,1,4753700,-275500,,1,10,0,1,0,0
1,7,6,1,3,56,FRANCE,BRETAGNE,121,56121,LORIENT,ROND-POINT BOURGNEUF,316636,0,9,Autre,0,1,2,,,2,1,,,,1,7,0,1,0,0
1,4,1,1,3,56,FRANCE,BRETAGNE,181,56181,PORT-LOUIS,Autre 0,316645,5,9,Autre,0,1,0,0,0,0,1,0,0,,1,7,0,1,0,0
1,1,1,1,1,56,FRANCE,BRETAGNE,008,56008,BADEN,RD 101,316666,0,3,RD,101,2,2,10,0,0,1,0,0,,1,7,0,1,0,0
1,1,1,1,2,56,FRANCE,BRETAGNE,206,56206,SAINT-AVE,RD 767,316667,0,3,RD,767,2,2,2,500,0,1,4769100,-276500,,1,7,0,1,0,0
1,3,1,1,1,56,FRANCE,BRETAGNE,214,56214,SAINT-GILDAS-DE-RHUYS,VC 1,316675,0,4,VC,1,2,0,0,0,0,1,0,0,,1,7,0,1,0,0
1,5,1,1,6,56,FRANCE,BRETAGNE,240,56240,SARZEAU,VC 1,316702,0,4,VC,1,2,2,0,0,0,1,4752300,-266400,,1,,0,0,0,1
1,5,6,1,3,56,FRANCE,BRETAGNE,101,56101,LANGUIDIC,RD 102,316703,5,3,RD,102,1,0,0,0,0,1,0,0,,1,7,0,1,0,0
3,1,1,1,2,56,FRANCE,BRETAGNE,175,56175,PLUMERGAT,RD 17,316704,0,3,RD,17,3,2,9,300,0,1,0,0,,1,7,0,1,0,0
1,7,1,1,1,56,FRANCE,BRETAGNE,121,56121,LORIENT,RUE BEAUVAIS,316718,0,9,Autre,0,2,2,,,0,1,,,,1,7,0,1,0,0
1,5,1,1,3,56,FRANCE,BRETAGNE,107,56107,LARMOR-PLAGE,RUE DE QUELISOY VILLAGE,316758,0,9,Autre,0,2,2,,,0,1,,,,1,7,0,1,0,0
1,1,1,1,2,56,FRANCE,BRETAGNE,206,56206,SAINT-AVE,RD 126,316790,0,3,RD,126,2,0,1,500,1,5,0,0,,1,7,0,1,0,0
1,1,1,1,3,56,FRANCE,BRETAGNE,190,56190,REGUINY,RD 11,316799,0,3,RD,11,2,2,16,700,0,1,0,0,,1,7,0,1,0,0
1,4,1,1,3,56,FRANCE,BRETAGNE,222,56222,SAINT-JEAN-BREVELAY,RD 778,316819,0,3,RD,778,2,0,0,0,0,1,4784900,-271400,,1,10,0,1,0,0
1,1,3,2,1,56,FRANCE,BRETAGNE,206,56206,SAINT-AVE,VC 6,316828,0,4,VC,6,2,0,0,0,0,1,4771000,-274000,,1,7,0,1,0,0
1,4,1,1,1,56,FRANCE,BRETAGNE,013,56013,BELZ,RD 9,316830,0,3,RD,9,2,0,0,0,0,1,4768000,-317500,,1,7,0,1,0,0
1,1,3,1,3,56,FRANCE,BRETAGNE,043,56043,CONCORET,VC 141,316850,0,4,VC,141,2,2,0,0,0,1,4806500,-221800,,1,7,0,1,0,0
1,1,1,1,1,56,FRANCE,BRETAGNE,070,56070,GUEGON,RD 4,316855,0,3,RD,4,2,0,0,0,0,1,4796000,-256900,,1,7,0,1,0,0
1,7,1,1,6,56,FRANCE,BRETAGNE,260,56260,VANNES,GIRATOIRE DE KERGRAIN,316866,0,4,VC,0,1,2,,,0,1,,,,1,7,0,1,0,0
1,1,1,1,3,56,FRANCE,BRETAGNE,154,56154,PEILLAC,VC 7,316871,0,4,VC,7,2,2,0,0,0,1,4772100,-218600,,1,7,0,1,0,0
1,1,3,1,3,56,FRANCE,BRETAGNE,233,56233,SAINT-PHILIBERT,RD 781,316873,0,3,RD,781,2,0,0,0,0,1,4759200,-301700,,1,13,0,1,0,0
1,1,1,1,3,56,FRANCE,BRETAGNE,234,56234,SAINT-PIERRE-QUIBERON,RD 768,316875,0,3,RD,768,2,0,2,600,0,1,0,0,,1,14,0,1,0,0
1,1,1,1,3,56,FRANCE,BRETAGNE,161,56161,PLOEMEL,VC 8,316878,0,4,VC,8,2,2,0,0,0,1,4765500,-309200,,1,7,0,1,0,0
1,5,1,1,3,56,FRANCE,BRETAGNE,165,56165,PLOERMEL,VC 0,316899,0,4,VC,0,2,2,0,0,0,1,0,0,,1,7,0,1,0,0
1,1,1,1,3,56,FRANCE,BRETAGNE,113,56113,LOCMALO,RD 782,316925,0,3,RD,782,2,2,15,0,0,1,4805900,-321300,,1,7,0,1,0,0
1,1,1,1,3,56,FRANCE,BRETAGNE,173,56173,PLUMELIAU,VC 1,316965,0,4,VC,1,2,2,68,500,0,1,4795900,-297900,,1,21,0,1,0,0
1,1,1,2,2,56,FRANCE,BRETAGNE,206,56206,SAINT-AVE,RD 135,316993,0,3,RD,135,2,0,0,0,0,3,4769000,-274900,,1,15,0,1,0,0
1,7,1,1,6,56,FRANCE,BRETAGNE,260,56260,VANNES,AVENUE VICTOR HUGO 33,317026,0,4,VC,0,1,3,,,3,1,,,,1,37,0,1,0,0
1,1,1,1,3,56,FRANCE,BRETAGNE,107,56107,LARMOR-PLAGE,ROUTE DEPARTEMENTALE 29,317031,3,3,RD,0,2,0,,,0,1,,,,1,7,0,1,0,0
1,3,1,1,3,56,FRANCE,BRETAGNE,074,56074,GUENIN,RD 197,317042,0,3,RD,197,2,2,0,0,0,1,4791200,-297900,,1,7,0,1,0,0
1,2,3,1,3,56,FRANCE,BRETAGNE,183,56183,QUELNEUC,VC 0,317066,0,4,VC,0,2,2,0,0,0,1,0,0,,1,7,0,1,0,0