lum,agg,int,atm,col,dep_bis,pays,region,com_bis,com_codeINSEE,communes,N_voie,numac,infra,catr,type_route,voie,circ,nbv,pr,pr1,vosp,situ,lat,long,adr,accident_velo,vehicule_imp,cycl_mort,cycl_bgv,cycl_blg,cycl_indm
1,3,1,1,3,56,FRANCE,BRETAGNE,258,56258,TRINITE-SUR-MER (LA),VC 0,317070,0,4,VC,0,2,2,0,0,0,1,0,0,,1,7,0,1,0,0
1,1,1,1,1,56,FRANCE,BRETAGNE,005,56005,ARZON,RD 780,317080,0,3,RD,780,2,2,24,300,0,3,4754400,-287300,,1,7,0,1,0,0
1,1,1,1,1,56,FRANCE,BRETAGNE,240,56240,SARZEAU,VC 0,317102,0,4,VC,0,2,0,0,0,0,1,4752100,-278000,,1,10,0,1,0,0
1,1,1,1,6,56,FRANCE,BRETAGNE,232,56232,SAINT-PERREUX,RD 764,317124,5,3,RD,764,2,3,2,1043,0,1,4767700,-211700,,1,7,0,1,0,0
1,5,1,1,3,56,FRANCE,BRETAGNE,185,56185,QUEVEN,VC 2,317129,0,4,VC,2,2,2,0,0,0,1,4779700,-341700,,1,7,0,1,0,0
1,1,1,1,6,56,FRANCE,BRETAGNE,041,56041,CLEGUEREC,RD 18,317133,0,3,RD,18,2,2,41,500,0,1,0,0,,1,,0,1,0,0
1,5,1,1,3,56,FRANCE,BRETAGNE,162,56162,PLOEMEUR,RUE DES PLAGES,317155,0,9,Autre,0,2,2,,,0,1,,,,1,20,0,1,0,0
1,1,6,1,3,56,FRANCE,BRETAGNE,162,56162,PLOEMEUR,ROUTE DEPARTEMENTALE 152,317156,0,3,RD,0,1,1,,,2,1,,,,1,7,0,1,0,0
1,6,6,1,3,56,FRANCE,BRETAGNE,098,56098,LANESTER,AVENUE PRESIDENT SALVADOR ALLENDE,317158,0,9,Autre,0,1,2,,,0,1,,,,1,7,0,1,0,0
1,1,1,7,2,56,FRANCE,BRETAGNE,240,56240,SARZEAU,RD 780,317194,0,3,RD,780,2,4,14,50,0,1,0,0,,1,7,0,1,0,0
1,3,1,1,1,56,FRANCE,BRETAGNE,192,56192,REMUNGOL,RD 1,317210,0,3,RD,1,2,1,60,700,0,3,0,0,,1,7,0,1,0,0
1,4,3,1,1,56,FRANCE,BRETAGNE,010,56010,BAUD,VC 0,317212,0,4,VC,0,2,2,0,0,0,1,4787500,-301500,,1,7,0,1,0,0
1,7,1,1,6,56,FRANCE,BRETAGNE,260,56260,VANNES,RUE DU 4 AOUT 1944,317226,0,4,VC,0,2,2,,,0,1,4767449,-275919,,1,7,0,1,0,0
1,1,6,1,1,56,FRANCE,BRETAGNE,158,56158,PLESCOP,Autre 0,317246,5,9,Autre,0,1,0,0,0,0,1,4769971,-279503,,1,7,0,1,0,0
1,7,1,1,6,56,FRANCE,BRETAGNE,260,56260,VANNES,RUE ALAIN GERBAULT,317257,0,4,VC,0,2,2,,,0,1,,,,1,,0,1,0,0
1,6,2,1,3,56,FRANCE,BRETAGNE,098,56098,LANESTER,RUE DE HOEDIC,317265,0,4,VC,0,0,0,,,0,1,4776756,-335817,,1,7,0,1,0,0
1,7,1,1,7,56,FRANCE,BRETAGNE,121,56121,LORIENT,RUE LAZARE CARNOT,317269,0,4,VC,0,2,2,,,0,4,4774340,-336008,,1,,,,,
1,1,1,1,3,56,FRANCE,BRETAGNE,074,56074,GUENIN,RD 197,317278,0,3,RD,197,2,2,4,600,0,1,4791700,-296900,,1,7,0,1,0,0
1,4,6,8,2,56,FRANCE,BRETAGNE,193,56193,RIANTEC,RD 781,317281,5,3,RD,781,1,2,15,758,0,1,0,0,,1,7,0,1,0,0
1,5,1,1,3,56,FRANCE,BRETAGNE,101,56101,LANGUIDIC,RD 765,317286,0,3,RD,765,2,2,82,0,0,1,4779000,-316100,,1,7,0,1,0,0
1,5,1,1,1,56,FRANCE,BRETAGNE,206,56206,SAINT-AVE,VC 0,317310,0,4,VC,0,2,2,0,0,0,1,0,0,,1,7,0,1,0,0
1,1,1,7,1,56,FRANCE,BRETAGNE,120,56120,LOCQUELTAS,RD 778,317322,0,3,RD,778,2,2,36,500,0,1,0,0,,1,7,0,1,0,0
1,1,1,1,1,56,FRANCE,BRETAGNE,089,56089,INGUINIEL,VC 3,317336,0,4,VC,3,2,2,0,0,0,1,4798600,-330500,,1,7,0,1,0,0
1,3,1,1,1,56,FRANCE,BRETAGNE,263,56263,SAINTE-ANNE-D'AURAY,VC 0,317340,0,4,VC,0,2,0,0,0,0,1,0,0,,1,7,0,1,0,0
1,1,6,1,7,56,FRANCE,BRETAGNE,094,56094,KERVIGNAC,RD 781,317343,0,3,RD,781,1,2,0,0,0,1,4776300,-328200,,1,,0,1,0,0
1,4,1,1,3,56,FRANCE,BRETAGNE,034,56034,CARNAC,VC 84,317351,0,4,VC,84,2,2,0,0,0,1,4758280,-305876,,1,7,0,1,0,0
5,7,1,6,2,56,FRANCE,BRETAGNE,121,56121,LORIENT,QUAI DE ROHAN,317372,0,9,Autre,0,2,2,,,0,1,,,,1,7,0,1,0,0
1,7,1,1,7,56,FRANCE,BRETAGNE,121,56121,LORIENT,RUE RENE LOTE,317379,0,4,VC,0,0,1,,,2,5,4776774,-340281,,1,,0,0,0,1
5,5,1,8,3,56,FRANCE,BRETAGNE,101,56101,LANGUIDIC,RD 189,317393,0,3,RD,189,2,0,0,0,0,1,4783500,-315200,,1,7,0,1,0,0
1,5,1,1,3,56,FRANCE,BRETAGNE,206,56206,SAINT-AVE,RD 126,317395,6,3,RD,126,2,2,0,0,0,1,4769300,-273200,,1,7,0,1,0,0
1,1,1,1,3,56,FRANCE,BRETAGNE,161,56161,PLOEMEL,RD 22,317415,0,3,RD,22,2,2,6,700,0,1,0,0,,1,7,0,1,0,0
1,6,1,1,7,56,FRANCE,BRETAGNE,098,56098,LANESTER,IMPASSE MARCEL SEMBAT,317427,0,4,VC,0,2,2,,,0,1,4776225,-334504,,1,7,0,1,0,0
1,5,1,1,7,56,FRANCE,BRETAGNE,162,56162,PLOEMEUR,ROUTE DEPARTEMENTALE 152,317428,0,3,RD,152,2,2,,,0,1,4770984,-343761,,1,7,0,1,0,0
2,1,3,1,3,56,FRANCE,BRETAGNE,010,56010,BAUD,RN 2,317442,3,2,RN,2,1,0,0,0,0,1,0,0,,1,7,0,1,0,0
1,5,1,1,3,56,FRANCE,BRETAGNE,185,56185,QUEVEN,Autre 0,317446,0,9,Autre,0,2,2,0,0,0,1,4778782,-342224,,1,33,0,1,0,0
1,5,6,1,1,56,FRANCE,BRETAGNE,178,56178,PONTIVY,RD 1,317448,5,3,RD,1,2,2,0,0,0,1,4805563,-294643,,1,7,0,1,0,0
1,5,1,3,3,56,FRANCE,BRETAGNE,186,56186,QUIBERON,Autre 0,317449,0,9,Autre,0,2,0,0,0,0,1,4748738,-312411,,1,7,0,1,0,0
1,7,6,1,3,56,FRANCE,BRETAGNE,260,56260,VANNES,RUE DU CAPITAINE JUDE,317472,0,4,VC,0,2,2,,,0,1,4766286,-276223,,1,7,0,1,0,0
1,7,1,1,3,56,FRANCE,BRETAGNE,260,56260,VANNES,AVENUE DU MARECHAL JUIN,317476,0,4,VC,0,2,2,,,0,1,4763884,-276705,,1,7,0,1,0,0
1,5,6,1,1,56,FRANCE,BRETAGNE,186,56186,QUIBERON,RD 768,317486,0,3,RD,768,2,2,0,0,0,1,4749095,-312141,,1,,0,1,0,0
1,4,1,1,3,56,FRANCE,BRETAGNE,193,56193,RIANTEC,RD 11,317488,0,3,RD,11,2,2,0,600,0,1,4771994,-331787,,1,7,0,1,0,0
1,1,1,7,1,56,FRANCE,BRETAGNE,058,56058,FEREL,VC 109,317494,0,4,VC,109,2,0,0,0,0,1,4746905,-234615,,1,7,0,1,0,0
1,4,1,1,6,56,FRANCE,BRETAGNE,034,56034,CARNAC,VC 1,317499,0,4,VC,1,2,2,0,0,2,5,4756931,-307922,,1,,0,1,0,0
5,3,1,8,1,56,FRANCE,BRETAGNE,258,56258,TRINITE-SUR-MER (LA),VC 1,317504,0,4,VC,1,2,3,0,0,0,1,4758622,-302696,,1,2,0,1,0,0
1,1,1,1,2,56,FRANCE,BRETAGNE,219,56219,SAINT-GUYOMARD,RD 766,317511,0,3,RD,766,2,2,16,,0,0,0,0,,1,10,0,1,0,0
5,6,6,1,3,56,FRANCE,BRETAGNE,098,56098,LANESTER,AVENUE DU PONT DU BONHOMME,317515,0,3,RD,0,2,2,,,2,0,4776601,-332902,,1,7,0,1,0,0
1,4,6,1,7,56,FRANCE,BRETAGNE,173,56173,PLUMELIAU,VC 5,317516,5,4,VC,5,1,1,0,0,0,1,4795767,-297242,,1,,0,1,0,0
1,1,2,1,3,56,FRANCE,BRETAGNE,243,56243,SENE,VC 0,317522,0,4,VC,0,2,1,0,0,0,1,4761818,-272143,,1,7,0,1,0,0
1,1,1,7,1,56,FRANCE,BRETAGNE,250,56250,THEHILLAC,VC 3,317545,0,4,VC,3,2,0,0,0,0,1,4757338,-212418,,1,3,0,1,0,0
1,7,2,2,3,56,FRANCE,BRETAGNE,121,56121,LORIENT,RUE DE LA VILLENEUVE,317549,0,4,VC,0,2,2,,,0,1,4775290,-337741,,1,7,0,1,0,0
5,4,1,1,3,56,FRANCE,BRETAGNE,164,56164,PLOEREN,,317579,0,4,VC,,2,2,0,0,0,1,4765840,-285076,,1,7,0,1,0,0
1,3,1,1,1,56,FRANCE,BRETAGNE,223,56223,SAINT-JEAN-LA-POTERIE,Autre 0,317585,0,9,Autre,0,2,0,0,0,0,1,4763555,-212080,,1,7,0,1,0,0
1,5,6,1,3,56,FRANCE,BRETAGNE,007,56007,AURAY,VC 0,317600,5,4,VC,0,2,0,0,0,2,1,4767551,-299407,,1,3,0,1,0,0
1,5,1,1,2,56,FRANCE,BRETAGNE,186,56186,QUIBERON,VC 0,317618,0,4,VC,0,1,1,0,0,0,1,4748479,-311892,,1,7,0,1,0,0
3,1,1,1,1,56,FRANCE,BRETAGNE,166,56166,PLOUAY,VC 8,317624,0,4,VC,8,2,1,0,0,0,1,4793300,-334430,,1,3,0,1,0,0
1,5,6,1,3,56,FRANCE,BRETAGNE,036,56036,CAUDAN,VC 0,317630,0,4,VC,0,1,1,0,0,0,1,4778298,-333852,,1,7,0,1,0,0
1,1,1,8,3,56,FRANCE,BRETAGNE,040,56040,CLEGUER,VC 0,317634,0,4,VC,0,2,0,0,0,0,1,4783977,-335746,,1,7,0,1,0,0
1,1,1,8,3,56,FRANCE,BRETAGNE,013,56013,BELZ,RD 781,317642,5,3,RD,781,2,0,28,850,0,1,0,0,,1,7,0,1,0,0
3,1,1,5,1,56,FRANCE,BRETAGNE,119,56119,LOCOAL-MENDON,RD 22,317643,0,3,RD,22,2,2,8,500,0,1,0,0,,1,7,0,1,0,0
1,1,1,1,3,56,FRANCE,BRETAGNE,017,56017,BIGNAN,RD 767,317668,0,3,RD,767,2,0,25,175,0,1,0,0,,1,7,0,1,0,0
1,1,1,1,1,56,FRANCE,BRETAGNE,076,56076,GUERN,VC 0,317679,0,4,VC,0,2,0,0,0,0,1,4803108,-308969,,1,7,0,1,0,0
1,1,9,1,3,56,FRANCE,BRETAGNE,174,56174,PLUMELIN,RD 724,317685,0,3,RD,724,2,2,58,950,0,1,0,0,,1,7,0,1,0,0
1,1,6,1,1,56,FRANCE,BRETAGNE,214,56214,SAINT-GILDAS-DE-RHUYS,RD 780,317696,0,3,RD,780,1,0,21,924,0,1,0,0,,1,7,0,1,0,0
1,5,9,1,3,56,FRANCE,BRETAGNE,243,56243,SENE,RD 779,317698,0,3,RD,779,2,0,0,0,0,1,4765250,-273135,,1,32,0,1,0,0
1,7,1,1,7,56,FRANCE,BRETAGNE,121,56121,LORIENT,AVENUE DU GENERAL DE GAULLE,317732,0,4,VC,0,3,2,,,0,1,4774094,-337424,,1,7,0,1,0,0
1,7,1,2,6,56,FRANCE,BRETAGNE,260,56260,VANNES,AVENUE GEORGES POMPIDOU,317743,0,4,VC,0,3,4,,,0,1,4766646,-277018,,1,7,0,1,0,0
1,7,6,1,6,56,FRANCE,BRETAGNE,260,56260,VANNES,GIRATOIRE MOULIN DU ROY,317746,0,4,VC,0,1,1,,,0,1,4765370,-275917,,1,14,0,1,0,0
1,7,4,8,3,56,FRANCE,BRETAGNE,260,56260,VANNES,RUE JEHAN DE BAZVALAN,317756,0,4,VC,0,2,2,,,0,1,4765495,-275602,,1,7,0,1,0,0
2,4,1,3,1,57,FRANCE,LORRAINE,628,57628,SARRALBE,RD 28,317780,0,3,RD,28,2,2,50,400,0,1,0,0,,1,7,0,1,0,0
1,2,1,1,1,57,FRANCE,LORRAINE,282,57282,HAGEN,VC 0,317805,0,4,VC,0,0,0,0,0,0,0,4950000,617000,,1,17,0,1,0,0
1,1,1,1,1,57,FRANCE,LORRAINE,193,57193,ENNERY,RD 1,317828,0,3,RD,1,1,2,11,800,0,1,0,0,,1,10,0,1,0,0
1,4,1,1,1,57,FRANCE,LORRAINE,041,57041,AUMETZ,VC 0,317835,0,4,VC,0,2,2,0,0,0,1,4942300,594700,,1,7,0,1,0,0
1,8,3,1,6,57,FRANCE,LORRAINE,463,57463,METZ,RUE DE POUILLY,317838,0,3,RD,0,2,2,,,0,1,,,,1,7,0,1,0,0
2,3,1,1,1,57,FRANCE,LORRAINE,346,57346,INSMING,RD 39,317852,0,3,RD,39,2,2,20,950,0,1,4896100,687600,,1,7,0,1,0,0
1,1,1,1,6,57,FRANCE,LORRAINE,003,57003,ABRESCHVILLER,Autre 0,317854,0,9,Autre,0,2,1,0,0,0,1,4861600,715700,,1,,0,1,0,0
1,4,9,1,3,57,FRANCE,LORRAINE,540,57540,PHALSBOURG,RN 4,317855,0,2,RN,4,0,0,0,500,0,1,0,0,,1,7,0,1,0,0
1,1,3,1,3,57,FRANCE,LORRAINE,132,57132,CHATEAU-SALINS,RD 28,317911,0,3,RD,28,2,2,1,700,0,1,0,0,,1,7,0,1,0,0
4,5,1,1,3,57,FRANCE,LORRAINE,630,57630,SARREBOURG,DE BELLEVUE,317921,2,3,RD,0,2,2,,,0,1,,,,1,7,0,1,0,0
1,6,1,1,6,57,FRANCE,LORRAINE,672,57672,THIONVILLE,RUE DE L'AGRICULTURE,317922,0,4,VC,0,2,2,,,0,1,,,,1,7,0,1,0,0
1,6,1,3,3,57,FRANCE,LORRAINE,672,57672,THIONVILLE,CHAUSSEE D'EUROPTE,317924,0,4,VC,0,1,1,0,100,3,1,,,,1,7,0,1,0,0
1,1,1,1,6,57,FRANCE,LORRAINE,124,57124,CATTENOM,RD 1,317925,0,3,RD,1,2,2,34,930,0,1,0,0,,1,,0,1,0,0
1,2,1,1,1,57,FRANCE,LORRAINE,040,57040,AULNOIS-SUR-SEILLE,RD 155,317933,0,3,RD,155,2,2,5,600,0,1,0,0,,1,7,0,1,0,0
2,5,2,1,6,57,FRANCE,LORRAINE,660,57660,STIRING-WENDEL,RUE DU PUITS STEPHANIE,317944,0,4,VC,0,2,2,,,0,1,,,,1,7,0,1,0,0
2,1,1,1,1,57,FRANCE,LORRAINE,184,57184,DORNOT,RD 6,317962,0,3,RD,6,2,0,0,0,0,1,4904900,605600,,1,7,0,1,0,0
1,1,1,1,1,57,FRANCE,LORRAINE,515,57515,NOVEANT-SUR-MOSELLE,RD 12,317963,0,3,RD,12,2,2,3,400,0,1,4904800,602600,,1,7,0,1,0,0
2,1,1,1,3,57,FRANCE,LORRAINE,751,57751,WOIPPY,AVENUE THIONVILLE,317982,0,3,RD,0,2,2,,,0,1,,,,1,30,0,1,0,0
2,1,1,3,1,57,FRANCE,LORRAINE,269,57269,GUENANGE,RD 1,318071,0,3,RD,1,2,0,0,0,0,1,0,0,,1,16,0,1,0,0
1,1,1,7,1,57,FRANCE,LORRAINE,529,57529,OTTANGE,RD 59,318072,0,3,RD,59,2,2,9,300,0,1,4942400,601000,,1,7,0,1,0,0
1,5,1,1,3,57,FRANCE,LORRAINE,630,57630,SARREBOURG,AVENUE CLEMENCEAU,318105,0,4,VC,0,2,2,,,0,1,,,,1,7,0,1,0,0
1,3,3,1,3,57,FRANCE,LORRAINE,232,57232,FRANCALTROFF,RD 22,318123,5,3,RD,22,0,2,34,295,0,1,4896500,679800,,1,10,0,1,0,0
1,4,1,1,1,57,FRANCE,LORRAINE,428,57428,MACHEREN,Autre 0,318124,0,9,Autre,0,2,2,0,0,0,1,4909900,677700,,1,7,0,1,0,0
1,2,1,1,6,57,FRANCE,LORRAINE,253,57253,GONDREXANGE,RUE JEAN JAURES,318134,0,4,VC,0,2,2,,,0,1,,,,1,10,0,1,0,0
1,5,1,1,6,57,FRANCE,LORRAINE,221,57221,FLORANGE,RUE GRAND',318144,0,2,RN,0,2,2,,,0,1,,,,1,7,0,1,0,0
1,2,1,1,1,57,FRANCE,LORRAINE,518,57518,OBERSTINZEL,VC 0,318178,0,4,VC,0,2,1,0,0,0,1,4879700,703700,,1,7,0,1,0,0
2,2,1,1,3,57,FRANCE,LORRAINE,392,57392,LEMUD,RD 999,318198,0,3,RD,999,2,0,0,0,0,1,4904100,636800,,1,10,0,1,0,0
1,5,3,1,1,57,FRANCE,LORRAINE,537,57537,PETITE-ROSSELLE,RUE LIEUTENANT NAU,318249,0,4,VC,0,2,2,,,0,1,,,,1,7,0,1,0,0
1,5,1,1,6,57,FRANCE,LORRAINE,447,57447,MARLY,AVENUE DE LONG PREY,318255,0,4,VC,0,2,2,,,0,1,,,,1,7,0,1,0,0
1,8,1,2,3,57,FRANCE,LORRAINE,463,57463,METZ,PONT DE RANCONVAL,318293,2,2,RN,0,1,4,,,1,4,,,,1,10,0,1,0,0
1,1,1,1,4,57,FRANCE,LORRAINE,022,57022,ANGEVILLERS,RD 14,318314,0,3,RD,14,2,3,10,180,0,1,4938700,604100,,1,7,0,1,0,0
1,6,4,2,2,57,FRANCE,LORRAINE,480,57480,MONTIGNY-LES-METZ,RUE DU GENERAL FRANIATTE,318330,0,3,RD,0,4,3,,,0,1,,,,1,7,0,1,0,0
5,5,1,1,3,57,FRANCE,LORRAINE,160,57160,CREUTZWALD,VC 0,318341,0,4,VC,0,2,0,0,0,0,1,0,0,,1,7,0,1,0,0
1,4,1,1,1,57,FRANCE,LORRAINE,669,57669,THEDING,RD 910,318356,0,3,RD,910,2,2,56,350,0,4,4912300,689300,,1,7,0,1,0,0
1,1,1,1,2,57,FRANCE,LORRAINE,385,57385,LAQUENEXY,RD 70,318421,0,3,RD,70,2,2,12,600,0,1,0,0,,1,7,0,1,0,0
1,1,1,1,3,57,FRANCE,LORRAINE,137,57137,CHEMINOT,VC 0,318430,0,4,VC,0,2,1,0,0,0,1,0,0,,1,21,0,1,0,0
1,3,1,1,1,57,FRANCE,LORRAINE,274,57274,GUERTING,VC 0,318434,0,4,VC,0,2,0,0,0,0,1,0,0,,1,7,0,1,0,0
1,4,1,1,1,57,FRANCE,LORRAINE,177,57177,DIEUZE,Autre 0,318464,0,9,Autre,0,0,0,0,0,0,1,0,0,,1,7,0,1,0,0
1,3,1,1,1,57,FRANCE,LORRAINE,701,57701,VAUX,RD 6,318492,0,3,RD,6,2,2,0,160,0,1,4910300,608700,,1,7,0,1,0,0
1,1,1,1,3,57,FRANCE,LORRAINE,318,57318,HERMELANGE,RD 425,318511,0,3,RD,425,2,2,1,0,0,1,0,0,,1,7,0,1,0,0
1,5,3,1,3,57,FRANCE,LORRAINE,630,57630,SARREBOURG,LOUIS PASTEUR,318547,0,4,VC,0,1,1,,,0,0,,,,1,7,0,1,0,0
5,5,1,1,1,57,FRANCE,LORRAINE,160,57160,CREUTZWALD,RD 23,318551,0,3,RD,23,2,2,0,0,0,1,4921900,669500,,1,7,0,1,0,0
5,8,2,1,6,57,FRANCE,LORRAINE,463,57463,METZ,BOULEVARD DE PROVENCE,318591,0,4,VC,0,2,2,,,0,1,,,,1,7,0,1,0,0
5,2,3,1,6,57,FRANCE,LORRAINE,253,57253,GONDREXANGE,RUE DE METZ,318597,0,4,VC,0,2,2,,,0,1,,,,1,7,0,1,0,0
3,1,1,1,1,57,FRANCE,LORRAINE,102,57102,BOUSSE,RD 1,318609,0,3,RD,1,2,2,20,500,0,0,0,0,,1,13,0,1,0,0
2,4,1,8,2,57,FRANCE,LORRAINE,487,57487,MOULINS-LES-METZ,ROUTE DE JOUY,318613,0,3,RD,657,2,2,5,374,0,1,,,,1,7,0,1,0,0
1,8,3,1,2,57,FRANCE,LORRAINE,463,57463,METZ,RUE DU FAUBOURG,318641,0,3,RD,913,4,3,,830,0,1,,,,1,7,0,1,0,0
5,5,2,1,3,57,FRANCE,LORRAINE,630,57630,SARREBOURG,SARREGUEMINES,318663,0,4,VC,0,2,2,,,0,1,,,,1,7,0,1,0,0
1,1,1,1,3,57,FRANCE,LORRAINE,672,57672,THIONVILLE,ROUTE DE GARCHE,318679,5,3,RD,1,2,2,29,708,0,1,,,,1,7,0,1,0,0
1,3,1,1,3,57,FRANCE,LORRAINE,552,57552,POUILLY,RD 913,318681,0,3,RD,913,2,0,7,180,0,1,0,0,,1,7,0,1,0,0
1,5,3,1,3,57,FRANCE,LORRAINE,240,57240,FREYMING-MERLEBACH,RUE GOUNOD,318694,0,4,VC,0,1,1,0,1,0,0,,,,1,7,0,1,0,0
1,4,1,1,1,57,FRANCE,LORRAINE,483,57483,MORHANGE,RD 27,318705,0,3,RD,27,1,1,0,800,0,1,4892800,664200,,1,10,0,1,0,0
1,6,1,1,2,57,FRANCE,LORRAINE,672,57672,THIONVILLE,PERCEE SUD CD 1,318709,0,3,RD,1,2,3,27,140,0,1,,,,1,7,0,1,0,0
1,2,1,1,3,57,FRANCE,LORRAINE,151,57151,CONTHIL,RD 999,318714,0,3,RD,999,2,2,43,300,0,1,0,0,,1,7,0,1,0,0
1,5,1,1,1,57,FRANCE,LORRAINE,606,57606,SAINT-AVOLD,RUE JEAN-VICTOR PONCELET,318759,0,4,VC,0,2,2,1,0,0,0,,,,1,7,0,1,0,0
1,5,1,1,1,57,FRANCE,LORRAINE,433,57433,MAIZIERES-LES-METZ,RD 52,318770,0,3,RD,52,2,2,0,0,0,1,4922100,616800,,1,13,0,1,0,0
5,8,3,2,5,57,FRANCE,LORRAINE,463,57463,METZ,RUE LOTHAIRE,318797,0,4,VC,0,2,2,,,0,1,,,,1,7,0,1,0,0
1,8,1,1,3,57,FRANCE,LORRAINE,463,57463,METZ,ROUTE DE LORRY,318835,0,3,RD,7,2,2,1,93,0,1,,,,1,3,0,1,0,0
1,1,9,1,3,57,FRANCE,LORRAINE,620,57620,SAINTE-MARIE-AUX-CHENES,RD 181,318881,0,3,RD,181,2,2,1,300,0,1,4920300,599100,,1,7,0,1,0,0
1,4,3,1,3,57,FRANCE,LORRAINE,616,57616,SAINT-JULIEN-LES-METZ,RUE DU GENERAL DIOU,318900,0,3,RD,2,2,2,1,109,0,1,,,,1,7,0,1,0,0
1,1,1,1,2,57,FRANCE,LORRAINE,672,57672,THIONVILLE,MONTEE DU SAINT-MICHEL,318923,0,3,RD,14,3,4,,,0,1,,,,1,7,0,1,0,0
1,4,3,1,3,57,FRANCE,LORRAINE,540,57540,PHALSBOURG,,318932,0,4,VC,,0,0,,,0,1,0,0,,1,7,0,1,0,0
1,8,4,1,3,57,FRANCE,LORRAINE,463,57463,METZ,BOULEVARD ANDRE MAGINOT,318946,0,2,RN,3,3,4,17,1146,1,1,,,,1,7,0,1,0,0
1,3,1,1,1,57,FRANCE,LORRAINE,321,57321,HESSE,RD 44,318957,0,3,RD,44,2,2,5,0,0,1,0,0,,1,7,,,,
1,5,1,1,7,57,FRANCE,LORRAINE,221,57221,FLORANGE,RUE D'UCKANGE,318967,0,3,RD,0,2,2,2,150,0,1,,,,1,7,0,1,0,0
1,1,6,1,6,57,FRANCE,LORRAINE,443,57443,MARANGE-SILVANGE,RN 52,318997,,2,RN,52,,,6,528,,1,0,0,,1,10,0,1,0,0
1,5,1,1,3,57,FRANCE,LORRAINE,160,57160,CREUTZWALD,RD 23,319010,5,3,RD,23,2,0,16,714,0,1,0,0,,1,7,0,1,0,0
1,2,3,1,3,57,FRANCE,LORRAINE,180,57180,DOLVING,RD 95,319035,0,3,RD,95,2,2,17,400,0,1,0,0,,1,7,0,1,0,0
1,1,3,1,3,57,FRANCE,LORRAINE,361,57361,KERLING-LES-SIERCK,RD 255,319057,5,3,RD,255,2,2,0,0,0,0,0,0,,1,14,0,1,0,0
2,1,1,1,6,57,FRANCE,LORRAINE,124,57124,CATTENOM,RD 56,319069,0,3,RD,56,2,2,18,800,0,1,0,0,,1,,0,1,0,0
5,5,1,5,3,57,FRANCE,LORRAINE,751,57751,WOIPPY,RUE JEAN PIERRE PECHEUR,319100,0,4,VC,0,2,2,,,1,5,,,,1,7,0,1,0,0
1,8,1,1,6,57,FRANCE,LORRAINE,463,57463,METZ,AVENUE JEAN XXIII,319126,0,4,VC,0,1,2,,,0,1,4911332,618303,,1,7,0,1,0,0
1,1,2,3,3,57,FRANCE,LORRAINE,630,57630,SARREBOURG,RD 955,319131,0,3,RD,955,2,2,92,953,0,1,,,,1,7,0,1,0,0
1,1,1,1,3,57,FRANCE,LORRAINE,757,57757,YUTZ,RUE DE KUNTZIG,319147,0,4,VC,,2,2,,,1,1,4935331,621125,,1,7,0,1,0,0
1,6,1,1,6,57,FRANCE,LORRAINE,672,57672,THIONVILLE,BOULEVARD ROBERT SCHUMANN,319148,0,3,RD,953,2,2,0,109,1,1,,,,1,7,0,1,0,0
1,6,1,1,7,58,FRANCE,BOURGOGNE,194,58194,NEVERS,RAIE,319204,0,4,VC,0,2,2,,,0,1,,,,1,,0,1,0,0
2,4,1,1,3,58,FRANCE,BOURGOGNE,134,58134,IMPHY,VC 0,319222,0,4,VC,0,2,2,0,0,0,1,0,0,,1,7,0,1,0,0
1,1,1,1,2,58,FRANCE,BOURGOGNE,028,58028,BEAUMONT-SARDOLLES,RD 18,319231,0,3,RD,18,2,2,16,800,0,1,4695700,342200,,1,7,0,1,0,0
1,3,1,1,3,58,FRANCE,BOURGOGNE,300,58300,URZY,VC 4,319239,0,4,VC,4,2,0,0,0,0,1,0,0,,1,10,0,1,0,0
1,6,1,1,3,58,FRANCE,BOURGOGNE,194,58194,NEVERS,DOCKS,319245,0,4,VC,0,2,2,,,0,1,,,,1,7,0,1,0,0
1,4,1,1,7,58,FRANCE,BOURGOGNE,079,58079,CLAMECY,VC 0,319267,6,4,VC,0,2,2,0,0,0,1,0,0,,1,,0,1,0,0
1,6,1,1,7,58,FRANCE,BOURGOGNE,194,58194,NEVERS,SAINT BENIN,319277,0,4,VC,0,2,2,,,0,1,,,,1,,0,1,0,0
1,5,1,1,1,58,FRANCE,BOURGOGNE,086,58086,COSNE-COURS-SUR-LOIRE,VC 0,319289,0,4,VC,0,2,2,0,0,0,1,4737400,290400,,1,7,0,1,0,0
1,1,4,2,1,58,FRANCE,BOURGOGNE,225,58225,SAINCAIZE-MEAUCE,RD 149,319296,0,3,RD,149,0,2,8,43,0,1,4690300,310200,,1,7,0,1,0,0
1,5,9,1,1,58,FRANCE,BOURGOGNE,303,58303,VARENNES-VAUZELLES,RD 907,319325,0,3,RD,907,2,0,0,0,0,1,0,0,,1,7,0,1,0,0