lum,agg,int,atm,col,dep_bis,pays,region,com_bis,com_codeINSEE,communes,N_voie,numac,infra,catr,type_route,voie,circ,nbv,pr,pr1,vosp,situ,lat,long,adr,accident_velo,vehicule_imp,cycl_mort,cycl_bgv,cycl_blg,cycl_indm
1,6,1,1,7,58,FRANCE,BOURGOGNE,194,58194,NEVERS,FRANCOIS MITTERAND,319327,0,4,VC,0,2,2,,,0,1,,,,1,,0,1,0,0
1,5,6,1,1,58,FRANCE,BOURGOGNE,303,58303,VARENNES-VAUZELLES,RD 907,319337,5,3,RD,907,2,2,0,0,0,1,0,0,,1,7,0,1,0,0
1,6,1,1,1,58,FRANCE,BOURGOGNE,194,58194,NEVERS,FAUBOURG BARATTE,319366,0,4,VC,0,2,2,,,0,1,,,,1,14,0,1,0,0
1,5,1,1,3,58,FRANCE,BOURGOGNE,086,58086,COSNE-COURS-SUR-LOIRE,VC 0,319403,0,4,VC,0,2,2,0,0,0,1,0,0,,1,2,0,1,0,0
1,6,1,1,6,58,FRANCE,BOURGOGNE,194,58194,NEVERS,FAUBOURG BARATTE,319405,0,4,VC,0,2,3,,,0,1,,,,1,14,0,1,0,0
1,1,1,1,1,58,FRANCE,BOURGOGNE,208,58208,PAZY,RD 958,319410,0,3,RD,958,2,2,26,200,0,1,0,0,,1,7,0,1,0,0
1,6,1,1,2,58,FRANCE,BOURGOGNE,194,58194,NEVERS,JEAN MOULIN,319421,0,4,VC,0,2,2,,,0,1,,,,1,7,0,1,0,0
1,6,3,1,3,58,FRANCE,BOURGOGNE,194,58194,NEVERS,MONTAPINS,319427,0,4,VC,0,2,2,,,0,1,,,,1,7,0,1,0,0
1,6,1,2,6,58,FRANCE,BOURGOGNE,194,58194,NEVERS,NIEVRE,319429,0,4,VC,0,2,2,,,0,1,,,,1,,0,1,0,0
1,1,1,1,2,58,FRANCE,BOURGOGNE,208,58208,PAZY,RD 958,319438,0,3,RD,958,2,2,25,0,0,1,0,0,,1,10,0,1,0,0
1,6,1,1,3,58,FRANCE,BOURGOGNE,194,58194,NEVERS,BOULEVARD PISSEROTTE,319480,0,4,VC,0,2,2,,,0,1,,,,1,7,0,1,0,0
5,6,1,2,3,58,FRANCE,BOURGOGNE,194,58194,NEVERS,BOULEVARD REPUBLIQUE,319502,0,4,VC,0,2,2,,,0,1,,,,1,7,0,1,0,0
1,6,1,1,3,58,FRANCE,BOURGOGNE,194,58194,NEVERS,RUE CHAMP DE FOIRE,319521,0,4,VC,0,2,2,,,0,1,,,,1,7,0,1,0,0
1,1,1,1,1,58,FRANCE,BOURGOGNE,207,58207,PARIGNY-LES-VAUX,RD 8,319547,0,3,RD,8,2,2,0,0,0,1,4709700,316500,,1,7,0,1,0,0
1,1,1,1,2,58,FRANCE,BOURGOGNE,121,58121,GARCHIZY,RD 47,319557,0,3,RD,47,2,2,0,0,0,1,0,0,,1,7,0,1,0,0
1,1,1,1,3,58,FRANCE,BOURGOGNE,260,58260,SAINT-PARIZE-LE-CHATEL,RD 203,319562,0,3,RD,203,2,2,0,0,0,1,0,0,,1,7,0,1,0,0
1,1,1,1,1,58,FRANCE,BOURGOGNE,108,58108,EMPURY,RD 141,319564,0,3,RD,141,2,2,5,510,0,1,4735400,383800,,1,7,0,1,0,0
1,6,1,1,1,58,FRANCE,BOURGOGNE,194,58194,NEVERS,SABLONS,319567,0,4,VC,0,2,2,,,0,1,,,,1,15,0,1,0,0
1,6,1,1,3,58,FRANCE,BOURGOGNE,194,58194,NEVERS,BOULEVARD SAINT EXUPERY,319568,0,4,VC,0,2,2,,,0,1,,,,1,7,0,1,0,0
1,5,1,1,3,58,FRANCE,BOURGOGNE,095,58095,DECIZE,RD 1,319569,0,3,RD,1,3,2,0,0,0,1,0,0,,1,7,0,1,0,0
1,4,1,1,3,58,FRANCE,BOURGOGNE,250,58250,SAINT-LEGER-DES-VIGNES,VC 0,319583,0,4,VC,0,2,0,0,0,0,1,0,0,,1,7,0,1,0,0
1,4,2,1,3,58,FRANCE,BOURGOGNE,134,58134,IMPHY,VC 0,319588,0,4,VC,0,2,0,0,0,0,1,4693100,326400,,1,10,0,1,0,0
1,1,3,1,5,58,FRANCE,BOURGOGNE,269,58269,SAINT-SULPICE,RD 958,319589,0,3,RD,958,2,2,0,0,0,1,0,0,,1,7,0,1,0,0
1,1,1,1,6,58,FRANCE,BOURGOGNE,193,58193,NEUVY-SUR-LOIRE,RD 907,319615,0,3,RD,907,2,2,3,400,0,1,0,0,,1,,0,1,0,0
1,6,1,1,6,58,FRANCE,BOURGOGNE,194,58194,NEVERS,PABLO NERUDA,319624,0,4,VC,0,2,2,,,0,1,,,,1,,0,1,0,0
1,6,1,1,3,58,FRANCE,BOURGOGNE,194,58194,NEVERS,ROUTE SAULAIES,319630,0,4,VC,0,2,2,,,0,1,,,,1,7,0,1,0,0
1,6,1,1,1,58,FRANCE,BOURGOGNE,194,58194,NEVERS,JEANNE D'ARC,319636,0,4,VC,0,1,1,,,0,1,,,,1,7,0,1,0,0
5,5,1,1,2,59,FRANCE,NORD-PAS-DE-CALAIS,033,59033,AULNOYE-AYMERIES,RUE ROGER SALENGRO,319641,2,3,RD,0,2,2,16,850,0,1,,,,1,7,0,1,0,0
1,5,1,1,1,59,FRANCE,NORD-PAS-DE-CALAIS,324,59324,JEUMONT,RUE GARE,319657,0,4,VC,0,0,1,,,0,1,,,,1,4,0,1,0,0
1,8,1,1,6,59,FRANCE,NORD-PAS-DE-CALAIS,350,59350,LILLE,RUE SOLFERINO,319661,0,4,VC,0,2,3,,,2,1,,,,1,7,0,1,0,0
1,7,2,1,3,59,FRANCE,NORD-PAS-DE-CALAIS,512,59512,ROUBAIX,RUE JOUFFROY,319703,0,4,VC,0,0,0,,,0,1,,,,1,7,0,1,0,0
1,7,2,1,1,59,FRANCE,NORD-PAS-DE-CALAIS,512,59512,ROUBAIX,AVENUE ALFRED MOTTE,319704,0,4,VC,0,3,2,,,0,1,,,,1,7,0,1,0,0
1,7,2,2,3,59,FRANCE,NORD-PAS-DE-CALAIS,599,59599,TOURCOING,RUE DU FLOCON,319710,0,4,VC,0,2,2,,,0,1,,,,1,7,0,1,0,0
1,1,2,8,3,59,FRANCE,NORD-PAS-DE-CALAIS,303,59303,HERLIES,RD 7,319722,0,3,RD,7,2,2,0,0,1,1,5057700,286200,,1,14,0,1,0,0
1,4,1,7,3,59,FRANCE,NORD-PAS-DE-CALAIS,335,59335,LECELLES,RD 953,319729,0,3,RD,953,2,2,0,0,1,0,5047100,340200,,1,7,0,1,0,0
2,5,3,2,3,59,FRANCE,NORD-PAS-DE-CALAIS,234,59234,FLERS-EN-ESCREBIEUX,RUE MAURICE DAPVRIL,319753,0,4,VC,0,1,1,,,0,1,,,,1,7,0,1,0,0
2,5,1,8,6,59,FRANCE,NORD-PAS-DE-CALAIS,646,59646,WASQUEHAL,RUE DU TRIEZ,319775,0,4,VC,0,1,1,,,0,1,,,,1,,0,1,0,0
2,7,3,8,1,59,FRANCE,NORD-PAS-DE-CALAIS,512,59512,ROUBAIX,AVENUE D'ALSACE,319785,0,4,VC,0,2,2,,,0,1,,,,1,15,0,1,0,0
1,6,1,1,1,59,FRANCE,NORD-PAS-DE-CALAIS,650,59650,WATTRELOS,RUE DE LA POTENTE,319788,0,4,VC,0,0,0,,,0,1,,,,1,7,0,1,0,0
1,7,2,1,3,59,FRANCE,NORD-PAS-DE-CALAIS,183,59183,DUNKERQUE,RN 1,319811,5,2,RN,1,3,5,,,0,1,,,,1,7,0,1,0,0
1,6,1,7,1,59,FRANCE,NORD-PAS-DE-CALAIS,295,59295,HAZEBROUCK,DU DEPOT,319814,0,4,VC,0,2,2,,,0,1,,,,1,7,0,1,0,0
5,7,3,1,3,59,FRANCE,NORD-PAS-DE-CALAIS,512,59512,ROUBAIX,RUE DUFLOT,319836,0,4,VC,0,2,2,,,0,1,,,,1,7,0,1,0,0
1,7,3,8,1,59,FRANCE,NORD-PAS-DE-CALAIS,512,59512,ROUBAIX,RUE SAINT ANTOINE,319843,0,4,VC,0,0,0,,,0,1,,,,1,7,0,1,0,0
1,7,1,1,3,59,FRANCE,NORD-PAS-DE-CALAIS,512,59512,ROUBAIX,AVENUE ALFRED MOTTE,319845,0,4,VC,0,2,2,,,0,1,,,,1,7,0,1,0,0
1,7,2,1,1,59,FRANCE,NORD-PAS-DE-CALAIS,512,59512,ROUBAIX,RUE LEO LAGRANGE,319848,0,4,VC,0,2,2,,,0,1,,,,1,7,0,1,0,0
1,5,1,1,3,59,FRANCE,NORD-PAS-DE-CALAIS,526,59526,SAINT-AMAND-LES-EAUX,DE VALENCIENNES,319859,0,4,VC,0,2,2,,,0,1,,,,1,7,0,1,0,0
1,4,1,7,3,59,FRANCE,NORD-PAS-DE-CALAIS,080,59080,BEUVRY-LA-FORET,RD 126,319879,0,3,RD,126,2,2,0,0,0,1,0,0,,1,7,0,1,0,0
1,5,1,1,1,59,FRANCE,NORD-PAS-DE-CALAIS,094,59094,BOURBOURG,RD 11,319885,0,3,RD,11,2,2,0,0,0,1,0,0,,1,7,0,1,0,0
1,1,9,1,2,59,FRANCE,NORD-PAS-DE-CALAIS,189,59189,EECKE,RD 947,319890,0,3,RD,947,2,2,0,0,0,1,5078500,259500,,1,7,0,1,0,0
1,6,2,1,6,59,FRANCE,NORD-PAS-DE-CALAIS,650,59650,WATTRELOS,RUE DU BEAU CHENE,319922,0,4,VC,0,0,0,,,0,1,,,,1,,,,,
1,6,2,1,6,59,FRANCE,NORD-PAS-DE-CALAIS,328,59328,LAMBERSART,RUE DE VERLINGHEM ,319950,0,4,VC,0,2,2,,,0,1,,,,1,7,0,1,0,0
1,3,3,1,5,59,FRANCE,NORD-PAS-DE-CALAIS,320,59320,ILLIES,VC 0,319954,0,4,VC,0,2,2,0,0,0,1,0,0,,1,7,0,1,0,0
1,6,1,1,6,59,FRANCE,NORD-PAS-DE-CALAIS,650,59650,WATTRELOS,BOULEVARD LEON JOUHAUX,319991,0,4,VC,0,2,2,,,0,1,,,,1,7,0,1,0,0
1,5,2,1,1,59,FRANCE,NORD-PAS-DE-CALAIS,152,59152,COMINES,RUE DU VIEIL DIEU,320005,0,4,VC,0,2,2,,,0,1,,,,1,7,0,1,0,0
2,6,3,1,6,59,FRANCE,NORD-PAS-DE-CALAIS,606,59606,VALENCIENNES,RUE LEON DUBLED,320013,0,4,VC,0,2,2,,,0,1,,,,1,7,0,1,0,0
1,1,1,1,1,59,FRANCE,NORD-PAS-DE-CALAIS,462,59462,PHALEMPIN,RD 62,320027,0,3,RD,62,2,0,0,0,0,1,0,0,,1,7,0,1,0,0
1,1,2,1,3,59,FRANCE,NORD-PAS-DE-CALAIS,086,59086,BOESCHEPE,VC 0,320034,0,4,VC,0,2,0,0,0,0,1,5081700,271100,,1,7,0,1,0,0
1,3,1,1,3,59,FRANCE,NORD-PAS-DE-CALAIS,610,59610,VERCHAIN-MAUGRE,RD 40,320039,0,3,RD,40,2,0,0,0,0,1,0,0,,1,7,0,1,0,0
1,5,6,1,3,59,FRANCE,NORD-PAS-DE-CALAIS,143,59143,CHAPELLE-D'ARMENTIERES (LA),PLACE BIRCHINGTON,320046,0,3,RD,0,1,1,,,0,1,,,,1,7,0,1,0,0
1,4,2,1,3,59,FRANCE,NORD-PAS-DE-CALAIS,504,59504,ROEULX,RUE JEAN JAURES,320050,0,4,VC,0,2,2,,,0,1,,,,1,7,0,1,0,0
1,7,1,1,6,59,FRANCE,NORD-PAS-DE-CALAIS,183,59183,DUNKERQUE,ROYER,320057,0,4,VC,0,2,2,,,0,1,,,,1,7,0,1,0,0
1,3,2,1,3,59,FRANCE,NORD-PAS-DE-CALAIS,261,59261,GLAGEON,RESIDENCE DU BOIS LEVANT,320062,0,9,Autre,0,2,2,,,0,1,,,,1,7,0,1,0,0
1,7,1,1,6,59,FRANCE,NORD-PAS-DE-CALAIS,512,59512,ROUBAIX,AVENUE ALFRED MOTTE,320068,0,4,VC,0,3,2,,,0,1,,,,1,7,0,1,0,0
1,5,3,1,3,59,FRANCE,NORD-PAS-DE-CALAIS,299,59299,HEM,RUE PABLO NERUDA,320070,0,4,VC,0,1,2,,,0,1,,,,1,7,0,1,0,0
1,7,3,1,3,59,FRANCE,NORD-PAS-DE-CALAIS,512,59512,ROUBAIX,RUE LALANDE ,320075,0,4,VC,0,2,2,,,0,1,,,,1,7,0,1,0,0
5,5,1,1,6,59,FRANCE,NORD-PAS-DE-CALAIS,646,59646,WASQUEHAL,AVENUE DE FLANDRE,320078,0,4,VC,0,0,1,,,0,5,,,,1,2,0,1,0,0
1,6,1,1,3,59,FRANCE,NORD-PAS-DE-CALAIS,650,59650,WATTRELOS,RUE JULES GUESDE ,320081,0,4,VC,0,2,2,,,0,1,,,,1,7,0,1,0,0
5,7,1,1,6,59,FRANCE,NORD-PAS-DE-CALAIS,512,59512,ROUBAIX,RUE DE L'EPEULE,320096,0,4,VC,0,0,0,,,0,1,,,,1,7,0,1,0,0
1,1,1,1,2,59,FRANCE,NORD-PAS-DE-CALAIS,526,59526,SAINT-AMAND-LES-EAUX,DREVE DE SUCHEMONT,320102,0,9,Autre,0,2,0,,,0,1,,,,1,7,0,1,0,0
1,5,1,1,3,59,FRANCE,NORD-PAS-DE-CALAIS,574,59574,SOMAIN,BOULEVARD LOUISE MICHEL,320103,0,4,VC,0,2,2,,,0,1,,,,1,10,0,1,0,0
1,5,3,1,3,59,FRANCE,NORD-PAS-DE-CALAIS,352,59352,LINSELLES,RUE QUESNOY,320104,0,3,RD,0,2,2,,,0,1,,,,1,7,0,1,0,0
1,1,2,1,3,59,FRANCE,NORD-PAS-DE-CALAIS,152,59152,COMINES,CHEMIN DU HALOT,320109,0,5,Hors_reseau,0,0,1,1,0,0,1,,,,1,7,0,1,0,0
1,7,1,1,6,59,FRANCE,NORD-PAS-DE-CALAIS,599,59599,TOURCOING,RUE DE VERDUN ,320111,0,4,VC,0,1,1,,,0,1,,,,1,7,0,1,0,0
1,5,3,1,6,59,FRANCE,NORD-PAS-DE-CALAIS,491,59491,RAISMES,RUE ROGER SALENGRO,320114,0,3,RD,0,1,3,,,1,1,,,,1,7,0,1,0,0
1,6,3,1,3,59,FRANCE,NORD-PAS-DE-CALAIS,606,59606,VALENCIENNES,RUE D'AUVERGNE,320117,0,4,VC,0,2,2,,,0,0,,,,1,7,0,1,0,0
1,5,2,1,3,59,FRANCE,NORD-PAS-DE-CALAIS,032,59032,AULNOY-LEZ-VALENCIENNES,AVENUE HENRI MATISSE,320120,5,4,VC,0,2,2,,,0,1,,,,1,10,0,1,0,0
1,1,3,1,3,59,FRANCE,NORD-PAS-DE-CALAIS,143,59143,CHAPELLE-D'ARMENTIERES (LA),RUE DU PRESIDENT KENNEDY,320127,3,1,Autoroute,0,1,1,,,0,1,,,,1,7,0,1,0,0
1,7,1,1,3,59,FRANCE,NORD-PAS-DE-CALAIS,183,59183,DUNKERQUE,VANGHELUWE ROBERT,320136,0,4,VC,0,2,3,,,0,1,,,,1,14,0,1,0,0
1,7,1,1,3,59,FRANCE,NORD-PAS-DE-CALAIS,183,59183,DUNKERQUE,BOULEVARD VICTOR HUGO,320137,0,4,VC,0,2,2,,,1,1,,,,1,7,0,1,0,0
1,7,2,1,3,59,FRANCE,NORD-PAS-DE-CALAIS,183,59183,DUNKERQUE,CLEMENCEAU,320139,0,4,VC,0,2,50,,,0,1,,,,1,7,0,1,0,0
1,4,1,1,3,59,FRANCE,NORD-PAS-DE-CALAIS,340,59340,LEFFRINCKOUCKE,Acieries rues des,320141,0,4,VC,0,2,50,,,0,1,,,,1,7,0,1,0,0
1,7,1,1,3,59,FRANCE,NORD-PAS-DE-CALAIS,512,59512,ROUBAIX,RUE REMY COGGHE,320175,0,4,VC,0,2,2,,,0,1,,,,1,7,0,1,0,0
5,7,2,1,6,59,FRANCE,NORD-PAS-DE-CALAIS,512,59512,ROUBAIX,RUE DE ROCROI,320178,0,4,VC,0,2,2,,,0,1,,,,1,33,0,1,0,0
1,5,9,1,3,59,FRANCE,NORD-PAS-DE-CALAIS,367,59367,LYS-LEZ-LANNOY,LIEUDIT LE MONTOIS,320182,0,9,Autre,0,0,0,,,0,1,,,,1,7,0,1,0,0
1,7,1,1,6,59,FRANCE,NORD-PAS-DE-CALAIS,599,59599,TOURCOING,RUE DE LA CROIX ROUGE,320190,0,4,VC,0,2,2,,,0,1,,,,1,30,0,1,0,0
1,4,1,1,1,59,FRANCE,NORD-PAS-DE-CALAIS,660,59660,WILLEMS,RD 90,320234,0,3,RD,90,2,2,0,0,0,1,0,0,,1,7,0,1,0,0
1,1,1,6,1,59,FRANCE,NORD-PAS-DE-CALAIS,136,59136,CATEAU-CAMBRESIS (LE),RN 43,320239,0,2,RN,43,2,0,14,100,0,1,0,0,,1,10,0,1,0,0
1,5,3,1,3,59,FRANCE,NORD-PAS-DE-CALAIS,043,59043,BAILLEUL,WERKEN STRAETE,320243,0,4,VC,0,2,2,,,0,1,,,,1,7,0,1,0,0
5,4,1,1,1,59,FRANCE,NORD-PAS-DE-CALAIS,292,59292,HAVELUY,RUE VICTOR HUGO,320246,0,4,VC,0,2,2,,,0,1,,,,1,7,0,1,0,0
1,5,2,8,3,59,FRANCE,NORD-PAS-DE-CALAIS,527,59527,SAINT-ANDRE-LEZ-LILLE,DE LATTRE TASSIGNY AV,320251,0,4,VC,0,2,3,,,0,1,,,,1,7,0,1,0,0
1,6,1,1,3,59,FRANCE,NORD-PAS-DE-CALAIS,378,59378,MARCQ-EN-BAROEUL,RUE PASTEUR,320257,0,4,VC,0,2,2,,,0,1,,,,1,7,0,1,0,0
1,6,2,1,3,59,FRANCE,NORD-PAS-DE-CALAIS,650,59650,WATTRELOS,RUE DES ECOLES,320267,0,4,VC,0,3,2,,,0,1,,,,1,10,0,1,0,0
1,4,1,1,1,59,FRANCE,NORD-PAS-DE-CALAIS,335,59335,LECELLES,RD 955,320294,0,3,RD,955,2,2,0,0,1,5,0,0,,1,30,0,1,0,0
1,5,1,1,3,59,FRANCE,NORD-PAS-DE-CALAIS,616,59616,VIEUX-CONDE,RUE MARCEL CABY,320304,0,3,RD,0,2,2,,,0,1,,,,1,7,0,1,0,0
2,8,2,1,6,59,FRANCE,NORD-PAS-DE-CALAIS,350,59350,LILLE,RUE FRANCE ANTOLE ,320322,0,4,VC,0,1,1,,,0,1,,,,1,7,0,1,0,0
1,7,2,1,6,59,FRANCE,NORD-PAS-DE-CALAIS,512,59512,ROUBAIX,BOULEVARD DE REIMS,320334,0,4,VC,0,2,2,,,0,1,,,,1,7,0,1,0,0
1,7,3,1,3,59,FRANCE,NORD-PAS-DE-CALAIS,512,59512,ROUBAIX,RUE DE LANNOY,320351,0,4,VC,0,2,2,,,0,1,,,,1,7,0,1,0,0
1,7,2,1,3,59,FRANCE,NORD-PAS-DE-CALAIS,512,59512,ROUBAIX,RUE DU LUXEMBOURG,320355,0,4,VC,0,2,2,,,0,1,,,,1,7,0,1,0,0
1,5,6,1,2,59,FRANCE,NORD-PAS-DE-CALAIS,526,59526,SAINT-AMAND-LES-EAUX,DE VALENCIENNES,320363,5,4,VC,0,0,2,,,0,1,,,,1,7,0,1,0,0
1,5,3,1,3,59,FRANCE,NORD-PAS-DE-CALAIS,279,59279,HALLUIN,RUE TRIEZCAILLOUX,320368,0,4,VC,0,2,2,,,0,1,,,,1,7,0,1,0,0
1,5,1,1,3,59,FRANCE,NORD-PAS-DE-CALAIS,421,59421,MOUVAUX,BOULEVARD CARNOT,320371,0,2,RN,0,0,4,,,0,0,,,,1,7,0,1,0,0
1,7,2,1,3,59,FRANCE,NORD-PAS-DE-CALAIS,599,59599,TOURCOING,RUE DES OMNIBUS,320375,5,4,VC,0,2,1,,,0,1,,,,1,13,0,1,0,0
1,5,3,1,6,59,FRANCE,NORD-PAS-DE-CALAIS,112,59112,BRUAY-SUR-L'ESCAUT,RUE JEAN JAURES,320376,0,3,RD,0,2,0,,,1,1,,,,1,7,0,1,0,0
1,5,2,1,6,59,FRANCE,NORD-PAS-DE-CALAIS,447,59447,ONNAING,RUE THIERS,320382,0,4,VC,0,2,2,,,0,0,,,,1,7,0,1,0,0
1,1,1,1,3,59,FRANCE,NORD-PAS-DE-CALAIS,052,59052,BAUVIN,VC 47,320393,0,4,VC,47,2,2,0,0,0,1,5051200,289300,,1,2,0,1,0,0
1,4,1,1,1,59,FRANCE,NORD-PAS-DE-CALAIS,631,59631,WALINCOURT-SELVIGNY,RD 16,320407,0,3,RD,16,2,2,0,0,0,1,5007300,333700,,1,20,0,1,0,0
1,5,2,1,3,59,FRANCE,NORD-PAS-DE-CALAIS,632,59632,WALLERS,RUE MICHEL RONDET,320415,0,4,VC,0,2,2,,,0,1,,,,1,7,0,1,0,0
1,4,1,1,2,59,FRANCE,NORD-PAS-DE-CALAIS,156,59156,COURCHELETTES,RUE FERNAND STASSIN,320418,0,4,VC,0,2,2,,,0,0,,,,1,7,0,1,0,0
1,8,1,1,3,59,FRANCE,NORD-PAS-DE-CALAIS,350,59350,LILLE,RUE DU BALLON ,320430,0,4,VC,0,2,2,,,2,1,,,,1,7,0,1,0,0
1,8,2,9,3,59,FRANCE,NORD-PAS-DE-CALAIS,350,59350,LILLE,RUE DU MOLINEL,320436,0,4,VC,0,3,3,,,1,1,,,,1,14,0,1,0,0
1,4,1,1,3,59,FRANCE,NORD-PAS-DE-CALAIS,598,59598,TOUFFLERS,RUE DE VERDUN ,320459,0,4,VC,0,1,2,,,0,1,,,,1,7,0,1,0,0
1,5,2,1,1,59,FRANCE,NORD-PAS-DE-CALAIS,646,59646,WASQUEHAL,RUE EMILE DELETTE,320465,0,4,VC,0,0,0,,,0,1,,,,1,7,0,1,0,0
1,5,2,1,3,59,FRANCE,NORD-PAS-DE-CALAIS,299,59299,HEM,RUE DES ECOLES,320472,0,4,VC,0,2,2,,,0,1,,,,1,7,0,1,0,0
1,7,3,1,3,59,FRANCE,NORD-PAS-DE-CALAIS,512,59512,ROUBAIX,RUE JEAN BAPTISTE NOTTE,320474,0,4,VC,0,2,2,,,0,1,,,,1,7,0,1,0,0
5,6,4,1,1,59,FRANCE,NORD-PAS-DE-CALAIS,650,59650,WATTRELOS,RUE LA FONTAINE,320478,0,4,VC,0,0,0,,,0,1,,,,1,7,0,1,0,0
1,5,1,1,6,59,FRANCE,NORD-PAS-DE-CALAIS,484,59484,QUIEVRECHAIN,RUE CRONTE VOYE,320488,0,4,VC,0,2,2,,,0,1,,,,1,7,0,1,0,0
1,3,3,1,6,59,FRANCE,NORD-PAS-DE-CALAIS,515,59515,ROUVIGNIES,RUE MOZART,320489,0,4,VC,0,2,2,,,0,1,,,,1,7,0,1,0,0
1,4,3,1,3,59,FRANCE,NORD-PAS-DE-CALAIS,361,59361,LOURCHES,RUE CARNOT,320526,0,4,VC,0,2,2,,,0,1,,,,1,38,0,0,0,1
1,6,1,1,6,59,FRANCE,NORD-PAS-DE-CALAIS,540,59540,SAINT-POL-SUR-MER,AVENUE MAURICE BERTEAUX,320532,0,4,VC,0,2,3,,,0,1,,,,1,7,0,1,0,0
1,7,2,1,3,59,FRANCE,NORD-PAS-DE-CALAIS,512,59512,ROUBAIX,RUE DU COLLEGE,320567,0,4,VC,0,2,2,,,0,1,,,,1,7,0,1,0,0
5,5,2,1,3,59,FRANCE,NORD-PAS-DE-CALAIS,646,59646,WASQUEHAL,RUE DU MOLINEL,320584,0,4,VC,0,2,2,,,0,1,,,,1,7,0,1,0,0
5,5,1,2,2,59,FRANCE,NORD-PAS-DE-CALAIS,090,59090,BONDUES,ABBE SIX,320588,0,4,VC,0,2,2,,,0,1,,,,1,7,0,1,0,0
5,7,2,2,1,59,FRANCE,NORD-PAS-DE-CALAIS,599,59599,TOURCOING,AVENUE DE LA MARNE,320589,5,4,VC,0,3,0,,,0,1,,,,1,7,0,1,0,0
5,7,2,2,6,59,FRANCE,NORD-PAS-DE-CALAIS,599,59599,TOURCOING,CHAUSSEE PIERRE CURIE,320591,0,4,VC,0,3,4,,,0,1,,,,1,7,0,1,0,0
5,6,2,1,6,59,FRANCE,NORD-PAS-DE-CALAIS,606,59606,VALENCIENNES,AVENUE D'AMSTERDAM,320594,0,4,VC,0,2,2,,,0,1,,,,1,7,0,1,0,0
5,5,2,1,3,59,FRANCE,NORD-PAS-DE-CALAIS,459,59459,PETITE-FORET,RUE DU 19 MARS 1962,320602,0,4,VC,0,2,2,,,0,1,,,,1,7,0,1,0,0
1,1,1,6,1,59,FRANCE,NORD-PAS-DE-CALAIS,559,59559,SEBOURG,RD 50,320624,0,3,RD,50,2,2,11,100,0,1,5036100,364200,,1,7,0,1,0,0
5,6,1,1,3,59,FRANCE,NORD-PAS-DE-CALAIS,155,59155,COUDEKERQUE-BRANCHE,MALO CELESTIN,320643,0,4,VC,0,2,2,,,0,1,,,,1,7,0,1,0,0
4,6,7,1,3,59,FRANCE,NORD-PAS-DE-CALAIS,378,59378,MARCQ-EN-BAROEUL,PLACE VAN DER MEERSCH MAXENCE ,320649,5,3,RD,0,1,2,,,0,1,,,,1,7,0,1,0,0
2,4,1,2,3,59,FRANCE,NORD-PAS-DE-CALAIS,514,59514,ROUSIES,RUE JULES HUART,320658,0,4,VC,0,2,2,,,0,1,,,,1,7,0,1,0,0
5,7,3,3,3,59,FRANCE,NORD-PAS-DE-CALAIS,512,59512,ROUBAIX,BOULEVARD DU GENERAL DE GAULLE,320668,0,4,VC,0,3,2,,,0,1,,,,1,7,0,1,0,0
5,6,1,1,3,59,FRANCE,NORD-PAS-DE-CALAIS,650,59650,WATTRELOS,RUE ALFRED DELECOURT,320671,0,4,VC,0,2,2,,,0,1,,,,1,7,0,1,0,0
5,7,1,1,6,59,FRANCE,NORD-PAS-DE-CALAIS,512,59512,ROUBAIX,RUE DU MARECHAL FOCH,320683,0,4,VC,0,2,2,,,0,1,,,,1,,0,1,0,0
2,5,1,1,1,59,FRANCE,NORD-PAS-DE-CALAIS,421,59421,MOUVAUX,AVENUE DU MARECHAL FOCH,320687,0,4,VC,0,2,2,,,0,1,,,,1,7,0,1,0,0
1,7,1,1,7,59,FRANCE,NORD-PAS-DE-CALAIS,512,59512,ROUBAIX,PLACE DE LA FRATERNITE,320736,0,4,VC,0,2,2,,,3,1,,,,1,7,0,1,0,0
1,7,3,2,3,59,FRANCE,NORD-PAS-DE-CALAIS,512,59512,ROUBAIX,RUE RICHARD LENOIR ,320740,0,4,VC,0,2,2,,,0,1,,,,1,7,0,1,0,0
1,7,1,1,3,59,FRANCE,NORD-PAS-DE-CALAIS,512,59512,ROUBAIX,RUE PIERRE DE ROUBAIX,320741,0,4,VC,0,2,2,,,0,1,,,,1,7,0,1,0,0
1,7,1,1,3,59,FRANCE,NORD-PAS-DE-CALAIS,512,59512,ROUBAIX,RUE PIERRE DE ROUBAIX,320752,0,4,VC,0,2,2,,,0,1,,,,1,7,0,1,0,0
3,1,1,1,2,59,FRANCE,NORD-PAS-DE-CALAIS,377,59377,MARCOING,RD 56,320781,0,3,RD,56,2,2,1,500,0,1,0,0,,1,7,0,1,0,0
1,5,1,1,3,59,FRANCE,NORD-PAS-DE-CALAIS,588,59588,TETEGHEM,CHAPEAU ROUGE ROUTE,320791,5,4,VC,0,2,2,,,1,1,,,,1,7,0,1,0,0
1,6,1,1,3,59,FRANCE,NORD-PAS-DE-CALAIS,392,59392,MAUBEUGE,BOULEVARD LOUIS PASTEUR,320800,0,3,RD,0,1,1,4,188,0,1,,,,1,7,0,1,0,0
5,7,3,1,3,59,FRANCE,NORD-PAS-DE-CALAIS,512,59512,ROUBAIX,RUE D'ALGER ,320803,0,4,VC,0,2,1,,,0,1,,,,1,7,0,1,0,0
5,1,1,3,2,59,FRANCE,NORD-PAS-DE-CALAIS,152,59152,COMINES,RUE DE LILLE,320821,0,4,VC,0,2,2,,,0,1,,,,1,7,0,1,0,0
1,1,1,1,3,59,FRANCE,NORD-PAS-DE-CALAIS,431,59431,NIEPPE,RUE DE L'EPINETTE,320841,0,4,VC,0,2,2,,,0,1,,,,1,7,0,1,0,0
1,6,1,1,3,59,FRANCE,NORD-PAS-DE-CALAIS,295,59295,HAZEBROUCK,RN 42,320859,0,2,RN,0,2,2,,,2,1,,,,1,17,0,1,0,0