lum,agg,int,atm,col,dep_bis,pays,region,com_bis,com_codeINSEE,communes,N_voie,numac,infra,catr,type_route,voie,circ,nbv,pr,pr1,vosp,situ,lat,long,adr,accident_velo,vehicule_imp,cycl_mort,cycl_bgv,cycl_blg,cycl_indm
1,8,1,1,6,59,FRANCE,NORD-PAS-DE-CALAIS,350,59350,LILLE,RUE JEANNE D' ARC,320869,0,4,VC,0,2,0,,,0,1,,,,1,7,0,1,0,0
2,7,6,1,6,59,FRANCE,NORD-PAS-DE-CALAIS,009,59009,VILLENEUVE-D'ASCQ,RUE JULES FERRY,320870,0,4,VC,0,2,2,,,0,1,,,,1,7,0,1,0,0
1,8,1,1,6,59,FRANCE,NORD-PAS-DE-CALAIS,350,59350,LILLE,BOULEVARD VICTOR HUGO,320873,0,4,VC,0,2,4,,,2,0,,,,1,7,0,1,0,0
1,7,1,1,3,59,FRANCE,NORD-PAS-DE-CALAIS,512,59512,ROUBAIX,RUE DAVID D'ANGERS,320889,0,4,VC,0,2,2,,,0,1,,,,1,7,0,1,0,0
1,7,1,1,3,59,FRANCE,NORD-PAS-DE-CALAIS,512,59512,ROUBAIX,RUE DU BOIS,320892,0,4,VC,0,2,2,,,0,1,,,,1,7,0,1,0,0
1,6,3,1,3,59,FRANCE,NORD-PAS-DE-CALAIS,650,59650,WATTRELOS,RUE GABRIEL PERI,320894,0,4,VC,0,2,2,,,0,1,,,,1,33,0,1,0,0
1,5,4,5,1,59,FRANCE,NORD-PAS-DE-CALAIS,090,59090,BONDUES,ABBE SIX,320914,0,3,RD,0,1,1,,,0,1,,,,1,7,0,1,0,0
1,1,1,1,1,59,FRANCE,NORD-PAS-DE-CALAIS,221,59221,FAMARS,RD 958,320932,0,3,RD,958,2,0,12,0,0,1,5030100,351700,,1,7,0,1,0,0
1,4,1,1,6,59,FRANCE,NORD-PAS-DE-CALAIS,002,59002,ABSCON,RUE JULES GUESDE ,320946,0,5,Hors_reseau,0,2,2,,,0,1,,,,1,2,0,1,0,0
1,7,1,1,3,59,FRANCE,NORD-PAS-DE-CALAIS,183,59183,DUNKERQUE,RN 1,320953,5,2,RN,1,2,3,,,1,1,,,,1,7,0,1,0,0
1,5,1,1,3,59,FRANCE,NORD-PAS-DE-CALAIS,527,59527,SAINT-ANDRE-LEZ-LILLE,RUE SADI CARNOT,320963,0,4,VC,0,2,2,,,0,1,,,,1,7,0,1,0,0
1,6,1,1,1,59,FRANCE,NORD-PAS-DE-CALAIS,650,59650,WATTRELOS,RUE DU 19 MARS 1962,320976,0,4,VC,0,2,2,,,0,1,,,,1,7,0,1,0,0
1,7,3,1,3,59,FRANCE,NORD-PAS-DE-CALAIS,512,59512,ROUBAIX,AVENUE DU PEUPLE BELGE,320979,0,4,VC,0,2,2,,,0,1,,,,1,7,0,1,0,0
1,6,1,1,6,59,FRANCE,NORD-PAS-DE-CALAIS,650,59650,WATTRELOS,RUE DE BEAULIEU,320982,0,4,VC,0,2,2,,,0,1,,,,1,,0,1,0,0
1,4,9,1,6,59,FRANCE,NORD-PAS-DE-CALAIS,414,59414,MONTIGNY-EN-OSTREVENT,HAMEAU ACACIAS,320991,0,4,VC,0,2,2,,,0,3,,,,1,,0,1,0,0
1,7,1,1,6,59,FRANCE,NORD-PAS-DE-CALAIS,599,59599,TOURCOING,RUE DE MOUVAUX,320997,0,4,VC,0,3,2,,,0,1,,,,1,,0,1,0,0
1,5,1,1,3,59,FRANCE,NORD-PAS-DE-CALAIS,011,59011,ANNOEULLIN,VC 1,321006,0,4,VC,1,2,2,0,0,0,1,5053400,292800,,1,7,0,1,0,0
1,5,1,1,6,59,FRANCE,NORD-PAS-DE-CALAIS,586,59586,TEMPLEUVE,RD 19,321010,0,3,RD,19,2,2,0,0,0,1,5054000,317600,,1,,0,0,0,1
1,1,2,1,3,59,FRANCE,NORD-PAS-DE-CALAIS,319,59319,HOYMILLE,RD 4,321011,0,3,RD,4,2,2,0,0,0,1,0,0,,1,7,0,1,0,0
1,5,1,1,3,59,FRANCE,NORD-PAS-DE-CALAIS,094,59094,BOURBOURG,VC 0,321012,0,4,VC,0,2,2,0,0,0,1,0,0,,1,7,0,1,0,0
1,1,2,2,3,59,FRANCE,NORD-PAS-DE-CALAIS,206,59206,ESCAUDOEUVRES,ROUTE DE NAVES,321035,0,3,RD,0,2,2,,,0,1,,,,1,7,0,1,0,0
1,6,1,1,1,59,FRANCE,NORD-PAS-DE-CALAIS,540,59540,SAINT-POL-SUR-MER,ALLEE OIELLETS,321047,0,4,VC,0,2,2,,,0,1,,,,1,3,0,1,0,0
1,5,2,1,6,59,FRANCE,NORD-PAS-DE-CALAIS,220,59220,FACHES-THUMESNIL,RUE FERRER ,321057,0,4,VC,0,2,2,,,0,1,,,,1,7,0,1,0,0
1,1,1,1,1,59,FRANCE,NORD-PAS-DE-CALAIS,512,59512,ROUBAIX,RUE BREZIN,321074,0,4,VC,0,2,2,,,0,1,,,,1,7,0,1,0,0
1,7,1,3,7,59,FRANCE,NORD-PAS-DE-CALAIS,512,59512,ROUBAIX,AVENUE DES NATIONS UNIES,321076,0,4,VC,0,3,2,,,0,1,,,,1,2,0,0,0,1
1,7,1,1,3,59,FRANCE,NORD-PAS-DE-CALAIS,512,59512,ROUBAIX,AVENUE DES NATIONS UNIES,321084,0,4,VC,0,3,4,,,0,5,,,,1,7,0,1,0,0
1,7,1,1,1,59,FRANCE,NORD-PAS-DE-CALAIS,599,59599,TOURCOING,PLACE DE LA RESISTANCE,321089,0,4,VC,0,1,1,,,0,1,,,,1,2,0,1,0,0
1,1,6,1,1,59,FRANCE,NORD-PAS-DE-CALAIS,173,59173,DEULEMONT,RD 945,321102,0,3,RD,945,2,2,0,0,0,1,5074100,295800,,1,7,0,1,0,0
1,3,1,7,1,59,FRANCE,NORD-PAS-DE-CALAIS,472,59472,PREUX-AU-BOIS,RD 243,321104,0,3,RD,243,2,0,3,500,0,1,5016800,366000,,1,10,0,1,0,0
1,7,2,1,6,59,FRANCE,NORD-PAS-DE-CALAIS,009,59009,VILLENEUVE-D'ASCQ,RUE JULES GUESDE ,321124,0,4,VC,0,3,3,,,0,1,,,,1,7,0,1,0,0
1,1,3,1,3,59,FRANCE,NORD-PAS-DE-CALAIS,367,59367,LYS-LEZ-LANNOY,RUE FENELON,321143,0,4,VC,0,2,2,,,0,1,,,,1,7,0,1,0,0
1,1,6,1,3,59,FRANCE,NORD-PAS-DE-CALAIS,512,59512,ROUBAIX,BOULEVARD BEAUREPAIRE,321151,0,4,VC,0,2,2,,,0,1,,,,1,7,0,1,0,0
1,6,1,1,3,59,FRANCE,NORD-PAS-DE-CALAIS,650,59650,WATTRELOS,RUE DU VIEUX BUREAU,321154,0,4,VC,0,2,2,,,0,1,,,,1,7,0,1,0,0
1,7,1,1,3,59,FRANCE,NORD-PAS-DE-CALAIS,512,59512,ROUBAIX,RUE DE BEAUREWAERT,321160,0,4,VC,0,2,2,,,0,1,,,,1,7,0,1,0,0
1,7,2,1,3,59,FRANCE,NORD-PAS-DE-CALAIS,512,59512,ROUBAIX,RUE LALANDE ,321162,0,4,VC,0,2,2,,,0,1,,,,1,7,0,1,0,0
1,4,1,1,6,59,FRANCE,NORD-PAS-DE-CALAIS,466,59466,PONT-A-MARCQ,RD 917,321171,0,3,RD,917,2,0,0,0,0,1,5052500,311400,,1,7,0,1,0,0
1,2,1,1,3,59,FRANCE,NORD-PAS-DE-CALAIS,085,59085,BLECOURT,RD 402,321182,0,3,RD,402,2,0,0,0,0,1,0,0,,1,7,0,1,0,0
1,6,1,1,6,59,FRANCE,NORD-PAS-DE-CALAIS,017,59017,ARMENTIERES,RUE SADI CARNOT,321187,0,9,Autre,0,2,2,,,0,1,,,,1,7,0,1,0,0
1,6,1,3,2,59,FRANCE,NORD-PAS-DE-CALAIS,271,59271,GRANDE-SYNTHE,LA HAYE,321193,0,4,VC,0,2,2,,,0,1,,,,1,7,0,1,0,0
1,8,1,1,6,59,FRANCE,NORD-PAS-DE-CALAIS,350,59350,LILLE,RUE DE L ARBRISSEAU,321200,0,4,VC,0,2,2,,,0,1,,,,1,33,0,1,0,0
1,1,2,1,3,59,FRANCE,NORD-PAS-DE-CALAIS,512,59512,ROUBAIX,RUE D'ALGER ,321210,0,4,VC,0,2,2,,,0,1,,,,1,7,0,1,0,0
1,7,1,1,6,59,FRANCE,NORD-PAS-DE-CALAIS,512,59512,ROUBAIX,RUE DE LANNOY,321213,0,4,VC,0,2,2,,,0,1,,,,1,,0,1,0,0
3,5,1,1,6,59,FRANCE,NORD-PAS-DE-CALAIS,352,59352,LINSELLES,RUE VISCOURT,321232,0,4,VC,0,0,0,,,0,1,,,,1,,,,,
1,1,1,1,1,59,FRANCE,NORD-PAS-DE-CALAIS,094,59094,BOURBOURG,RD 11,321251,0,3,RD,11,2,2,12,300,0,1,5093100,223800,,1,7,0,1,0,0
1,3,1,1,1,59,FRANCE,NORD-PAS-DE-CALAIS,577,59577,STAPLE,VC 102,321253,0,4,VC,102,2,2,0,0,0,1,5075700,245600,,1,7,0,1,0,0
1,1,3,1,3,59,FRANCE,NORD-PAS-DE-CALAIS,511,59511,ROSULT,RD 953,321255,0,3,RD,953,2,2,7,100,2,5,0,0,,1,7,0,1,0,0
1,4,1,1,6,59,FRANCE,NORD-PAS-DE-CALAIS,385,59385,MARPENT,RUE DELMOTTE GEORGES,321275,0,3,RD,0,2,2,,,0,4,,,,1,,0,1,0,0
1,8,1,1,3,59,FRANCE,NORD-PAS-DE-CALAIS,350,59350,LILLE,RUE POSTES ,321277,0,4,VC,0,2,2,,,0,1,,,,1,7,0,1,0,0
5,6,2,1,3,59,FRANCE,NORD-PAS-DE-CALAIS,360,59360,LOOS,RUE DEROULLERS JEAN BAPTISTE ,321279,0,4,VC,0,1,1,,,0,1,,,,1,7,0,1,0,0
1,5,1,1,6,59,FRANCE,NORD-PAS-DE-CALAIS,457,59457,PERENCHIES,RUE DU FRESNEL ,321283,0,4,VC,0,2,2,,,0,1,,,,1,,0,1,0,0
1,6,3,1,3,59,FRANCE,NORD-PAS-DE-CALAIS,392,59392,MAUBEUGE,RUE DE GREVAUX,321284,0,4,VC,0,2,2,0,500,0,1,,,,1,7,0,1,0,0
1,7,1,1,6,59,FRANCE,NORD-PAS-DE-CALAIS,512,59512,ROUBAIX,RUE LEONIE VANHOUTTE,321306,0,6,Parking,0,2,0,,,0,1,,,,1,7,0,1,0,0
1,4,1,8,1,59,FRANCE,NORD-PAS-DE-CALAIS,466,59466,PONT-A-MARCQ,RD 549,321317,0,3,RD,549,2,2,0,0,0,1,5052600,311400,,1,7,0,1,0,0
1,4,1,1,3,59,FRANCE,NORD-PAS-DE-CALAIS,157,59157,COUSOLRE,RD 936,321330,0,3,RD,936,2,0,0,0,0,1,5025000,415300,,1,7,0,1,0,0
1,7,2,1,3,59,FRANCE,NORD-PAS-DE-CALAIS,183,59183,DUNKERQUE,CHURCHILL WINSTON,321340,5,4,VC,0,2,2,,,0,1,,,,1,7,0,1,0,0
1,5,3,1,6,59,FRANCE,NORD-PAS-DE-CALAIS,220,59220,FACHES-THUMESNIL,RUE HENRI BARBUSSE,321349,0,4,VC,0,2,2,,,0,1,,,,1,7,0,1,0,0
1,4,1,1,6,59,FRANCE,NORD-PAS-DE-CALAIS,316,59316,HOUPLIN-ANCOISNE,RUE ROGER SALENGRO,321351,0,4,VC,0,2,2,,,0,1,,,,1,10,0,1,0,0
1,8,1,1,3,59,FRANCE,NORD-PAS-DE-CALAIS,350,59350,LILLE,RUE FAUBOURG DES POSTES ,321352,0,4,VC,0,2,2,,,0,4,,,,1,17,0,1,0,0
1,7,2,1,3,59,FRANCE,NORD-PAS-DE-CALAIS,512,59512,ROUBAIX,BOULEVARD GAMBETTA,321358,0,4,VC,0,3,2,,,0,1,,,,1,13,0,1,0,0
1,5,1,3,3,59,FRANCE,NORD-PAS-DE-CALAIS,299,59299,HEM,RUE JULES GUESDE ,321364,0,4,VC,0,2,2,,,0,1,,,,1,7,0,1,0,0
1,1,1,1,3,59,FRANCE,NORD-PAS-DE-CALAIS,299,59299,HEM,RUE JULES GUESDE ,321370,0,4,VC,0,2,2,,,0,1,,,,1,7,0,1,0,0
1,1,1,1,3,59,FRANCE,NORD-PAS-DE-CALAIS,512,59512,ROUBAIX,AVENUE FRASEZ,321376,0,4,VC,0,2,2,,,0,1,,,,1,7,0,1,0,0
1,6,1,1,6,59,FRANCE,NORD-PAS-DE-CALAIS,163,59163,CROIX,RUE HOLDEN CROTHERS,321378,0,4,VC,0,2,2,,,0,4,,,,1,,0,0,0,1
1,6,1,1,3,59,FRANCE,NORD-PAS-DE-CALAIS,650,59650,WATTRELOS,RUE JEAN JAURES,321382,0,4,VC,0,2,2,,,0,1,,,,1,7,0,1,0,0
1,7,1,1,5,59,FRANCE,NORD-PAS-DE-CALAIS,599,59599,TOURCOING,RUE ACHILLE TESTELIN,321392,0,4,VC,0,2,2,,,0,1,,,,1,7,0,1,0,0
1,5,3,1,3,59,FRANCE,NORD-PAS-DE-CALAIS,079,59079,BEUVRAGES,RUE GEORGES MORTUAIRE,321395,0,4,VC,0,2,2,,,0,1,,,,1,7,0,1,0,0
1,7,1,1,7,59,FRANCE,NORD-PAS-DE-CALAIS,183,59183,DUNKERQUE,AVENUE GEERAERT ADOLPHE ,321425,0,4,VC,0,2,2,,,0,1,,,,1,,0,1,0,0
1,6,2,2,3,59,FRANCE,NORD-PAS-DE-CALAIS,360,59360,LOOS,RUE AMBROISE PARE,321433,0,3,RD,0,2,2,,,0,1,,,,1,14,0,1,0,0
1,5,2,1,1,59,FRANCE,NORD-PAS-DE-CALAIS,299,59299,HEM,AVENUE DE MARNE,321451,0,4,VC,0,2,2,,,0,1,,,,1,7,0,1,0,0
1,7,1,1,6,59,FRANCE,NORD-PAS-DE-CALAIS,512,59512,ROUBAIX,LACORDAIRE,321462,0,4,VC,0,2,2,,,0,1,,,,1,7,0,1,0,0
5,7,1,3,7,59,FRANCE,NORD-PAS-DE-CALAIS,512,59512,ROUBAIX,RUE HENRI DUNANT ,321465,0,4,VC,0,2,2,,,0,1,,,,1,,0,1,0,0
2,5,2,2,3,59,FRANCE,NORD-PAS-DE-CALAIS,008,59008,ANICHE,BOULEVARD COUTURIER,321493,0,4,VC,0,2,2,,,0,1,,,,1,7,0,1,0,0
1,5,1,2,3,59,FRANCE,NORD-PAS-DE-CALAIS,153,59153,CONDE-SUR-L'ESCAUT,ROUTE DE BONSECOURS,321497,0,3,RD,0,2,2,,,0,1,,,,1,7,0,1,0,0
1,7,1,1,6,59,FRANCE,NORD-PAS-DE-CALAIS,512,59512,ROUBAIX,PLACE DE LA LIBERTE,321540,0,4,VC,0,2,2,,,0,1,,,,1,,0,0,0,1
5,1,1,2,3,59,FRANCE,NORD-PAS-DE-CALAIS,512,59512,ROUBAIX,PONT DU CARIHEM,321544,2,4,VC,0,3,2,,,0,1,,,,1,7,0,1,0,0
1,4,1,1,3,59,FRANCE,NORD-PAS-DE-CALAIS,630,59630,WAHAGNIES,RD 954,321576,0,3,RD,954,2,1,0,0,0,1,0,0,,1,7,0,1,0,0
1,1,1,1,1,59,FRANCE,NORD-PAS-DE-CALAIS,222,59222,FAUMONT,RD 30,321585,0,3,RD,30,2,2,0,0,0,1,0,0,,1,7,0,1,0,0
1,1,6,1,3,59,FRANCE,NORD-PAS-DE-CALAIS,512,59512,ROUBAIX,QUAI DU SARTEL,321637,0,4,VC,0,2,2,,,0,1,,,,1,7,0,1,0,0
1,7,1,1,7,59,FRANCE,NORD-PAS-DE-CALAIS,512,59512,ROUBAIX,BOULEVARD GAMBETTA,321640,0,4,VC,0,2,2,,,0,1,,,,1,,0,1,0,0
2,7,1,1,6,59,FRANCE,NORD-PAS-DE-CALAIS,599,59599,TOURCOING,RUE DE LILLE,321663,0,4,VC,0,2,2,,,0,1,,,,1,,0,1,0,0
1,5,1,1,3,59,FRANCE,NORD-PAS-DE-CALAIS,090,59090,BONDUES,CHEMIN GRAND OBEAUX,321666,0,4,VC,0,2,2,,,0,1,,,,1,7,0,1,0,0
1,5,6,7,1,59,FRANCE,NORD-PAS-DE-CALAIS,452,59452,OSTRICOURT,RD 8,321670,3,3,RD,8,4,2,0,0,0,1,0,0,,1,7,0,1,0,0
1,4,1,1,3,59,FRANCE,NORD-PAS-DE-CALAIS,647,59647,WATTEN,RD 213,321671,0,3,RD,213,2,2,4,450,0,1,5082200,221600,,1,7,0,1,0,0
1,3,1,1,6,59,FRANCE,NORD-PAS-DE-CALAIS,297,59297,HELESMES,RUE JEAN JAURES,321688,0,4,VC,0,2,2,,,0,1,,,,1,7,0,1,0,0
5,6,1,1,3,59,FRANCE,NORD-PAS-DE-CALAIS,271,59271,GRANDE-SYNTHE,AVENUE DUBEDOUT HUBERT,321692,0,4,VC,0,2,2,,,0,1,,,,1,7,0,1,0,0
5,6,3,2,3,59,FRANCE,NORD-PAS-DE-CALAIS,295,59295,HAZEBROUCK,DE LILLE,321700,0,4,VC,0,2,1,,,0,1,,,,1,7,0,1,0,0
1,8,2,1,6,59,FRANCE,NORD-PAS-DE-CALAIS,350,59350,LILLE,RUE JULES GUESDE ,321704,0,4,VC,0,1,1,,,0,1,,,,1,30,0,1,0,0
5,6,2,1,3,59,FRANCE,NORD-PAS-DE-CALAIS,392,59392,MAUBEUGE,RUE KENNEDY,321710,0,4,VC,0,2,2,,,0,0,,,,1,7,0,1,0,0
5,1,2,1,3,59,FRANCE,NORD-PAS-DE-CALAIS,512,59512,ROUBAIX,RUE CHARLES QUINT,321716,0,4,VC,0,2,2,,,0,1,,,,1,7,0,1,0,0
5,1,3,3,3,59,FRANCE,NORD-PAS-DE-CALAIS,650,59650,WATTRELOS,RUE ALAIN SAVARY,321719,0,4,VC,0,2,2,,,0,1,,,,1,37,0,1,0,0
1,1,1,8,3,59,FRANCE,NORD-PAS-DE-CALAIS,650,59650,WATTRELOS,RUE JULES GUESDE ,321727,0,4,VC,0,2,2,,,0,1,,,,1,7,0,1,0,0
1,4,1,1,1,59,FRANCE,NORD-PAS-DE-CALAIS,301,59301,HERGNIES,VC 0,321746,0,4,VC,0,2,2,0,0,0,1,5049900,355100,,1,7,0,1,0,0
1,1,1,1,2,59,FRANCE,NORD-PAS-DE-CALAIS,447,59447,ONNAING,RD 935 N,321793,0,3,RD,0,0,2,,,0,1,,,,1,7,0,1,0,0
1,7,1,1,6,59,FRANCE,NORD-PAS-DE-CALAIS,009,59009,VILLENEUVE-D'ASCQ,BOULEVARD DE L'OUEST,321807,0,4,VC,0,2,2,,,2,1,,,,1,7,0,1,0,0
1,1,2,1,3,59,FRANCE,NORD-PAS-DE-CALAIS,512,59512,ROUBAIX,RUE DE FONTENOY,321813,0,4,VC,0,1,1,,,0,1,,,,1,7,0,1,0,0
5,1,2,3,3,59,FRANCE,NORD-PAS-DE-CALAIS,367,59367,LYS-LEZ-LANNOY,RUE GAMBETTA,321832,0,4,VC,0,2,2,,,0,1,,,,1,7,0,1,0,0
1,7,3,1,3,59,FRANCE,NORD-PAS-DE-CALAIS,599,59599,TOURCOING,BOULEVARD D'HALLUIN,321842,5,4,VC,0,1,0,,,0,1,,,,1,7,0,1,0,0
5,1,1,1,6,59,FRANCE,NORD-PAS-DE-CALAIS,447,59447,ONNAING,ZONE ACTIVITE ECONOMIQUE,321844,0,4,VC,0,2,3,,,0,1,,,,1,7,0,1,0,0
1,4,1,1,3,59,FRANCE,NORD-PAS-DE-CALAIS,092,59092,BOUCHAIN,VC 0,321863,0,4,VC,0,2,2,0,0,0,1,5028600,331900,,1,7,0,1,0,0
1,4,1,1,2,59,FRANCE,NORD-PAS-DE-CALAIS,580,59580,STEENVOORDE,RD 37,321864,5,3,RD,37,2,2,0,0,0,1,5081200,258300,,1,7,0,1,0,0
1,5,1,1,1,59,FRANCE,NORD-PAS-DE-CALAIS,400,59400,MERVILLE,RD 122,321865,0,3,RD,122,2,2,0,0,0,1,0,0,,1,7,0,1,0,0
1,4,1,1,1,59,FRANCE,NORD-PAS-DE-CALAIS,278,59278,HALLENNES-LEZ-HAUBOURDIN,VC 0,321871,0,4,VC,0,2,0,0,0,0,0,0,0,,1,7,0,1,0,0
1,5,1,1,1,59,FRANCE,NORD-PAS-DE-CALAIS,524,59524,SAINGHIN-EN-WEPPES,RD 41,321874,0,3,RD,41,2,2,0,0,0,1,5056300,290300,,1,10,0,1,0,0
1,5,4,7,1,59,FRANCE,NORD-PAS-DE-CALAIS,033,59033,AULNOYE-AYMERIES,RUE EMILE ZOLA,321881,0,4,VC,0,1,1,,,0,0,,,,1,7,0,1,0,0
1,5,1,1,6,59,FRANCE,NORD-PAS-DE-CALAIS,179,59179,DOUCHY-LES-MINES,RUE KENNEDY,321887,0,4,VC,0,2,2,,,0,1,,,,1,7,0,1,0,0
1,6,2,1,6,59,FRANCE,NORD-PAS-DE-CALAIS,378,59378,MARCQ-EN-BAROEUL,AVENUE DE LA REPUBLIQUE,321905,1,3,RD,0,1,2,,,1,1,,,,1,7,0,1,0,0
1,8,1,1,6,59,FRANCE,NORD-PAS-DE-CALAIS,350,59350,LILLE,RUE D'ARRAS,321909,0,4,VC,0,2,0,,,0,1,,,,1,7,0,1,0,0
3,6,1,2,2,59,FRANCE,NORD-PAS-DE-CALAIS,122,59122,CAMBRAI,RUE D'ESWARS,321953,0,4,VC,0,2,1,,,0,1,,,,1,7,0,1,0,0
1,1,7,1,3,59,FRANCE,NORD-PAS-DE-CALAIS,512,59512,ROUBAIX,PLACE DU TRAVAIL,321976,0,4,VC,0,2,2,,,0,1,,,,1,7,0,1,0,0
1,1,1,1,3,59,FRANCE,NORD-PAS-DE-CALAIS,512,59512,ROUBAIX,RUE JOUFFROY,321981,0,4,VC,0,2,2,,,1,1,,,,1,7,0,1,0,0
1,1,2,2,3,59,FRANCE,NORD-PAS-DE-CALAIS,512,59512,ROUBAIX,SQUARE GUYNEMER,321985,0,4,VC,0,2,2,,,0,1,,,,1,7,0,1,0,0
1,1,1,1,3,59,FRANCE,NORD-PAS-DE-CALAIS,512,59512,ROUBAIX,RUE PIERRE DE ROUBAIX,321989,0,4,VC,0,2,2,,,0,1,,,,1,7,0,1,0,0
1,7,3,1,3,59,FRANCE,NORD-PAS-DE-CALAIS,599,59599,TOURCOING,RUE OGIER DE BOUSBECQUE,322004,0,4,VC,0,2,2,,,0,1,,,,1,7,0,1,0,0
1,1,1,1,1,59,FRANCE,NORD-PAS-DE-CALAIS,416,59416,MORBECQUE,RD 916,322018,0,3,RD,916,2,2,0,0,1,1,0,0,,1,7,0,1,0,0
1,3,1,1,3,59,FRANCE,NORD-PAS-DE-CALAIS,419,59419,MOUCHIN,RD 955,322024,0,3,RD,955,2,2,0,0,0,1,0,0,,1,7,0,1,0,0
1,8,3,1,3,59,FRANCE,NORD-PAS-DE-CALAIS,350,59350,LILLE,RUE THUMESNIL ,322052,0,4,VC,0,2,2,,,0,1,,,,1,7,0,1,0,0
1,7,3,1,3,59,FRANCE,NORD-PAS-DE-CALAIS,512,59512,ROUBAIX,AVENUE LE NOTRE,322061,0,4,VC,0,2,2,,,0,1,,,,1,7,0,1,0,0
1,1,2,1,3,59,FRANCE,NORD-PAS-DE-CALAIS,163,59163,CROIX,RUE CLAUDE BERNARD,322078,0,4,VC,0,2,2,,,0,1,,,,1,7,0,1,0,0
1,5,1,1,6,59,FRANCE,NORD-PAS-DE-CALAIS,032,59032,AULNOY-LEZ-VALENCIENNES,VILLA JACQUES BREL,322095,0,4,VC,0,2,2,,,0,1,,,,1,7,0,1,0,0
1,6,1,1,6,59,FRANCE,NORD-PAS-DE-CALAIS,606,59606,VALENCIENNES,RUE DES POILUS ,322096,0,4,VC,0,2,2,,,0,1,,,,1,7,0,1,0,0
1,3,1,1,1,59,FRANCE,NORD-PAS-DE-CALAIS,668,59668,ZUYDCOOTE,RD 302,322107,0,3,RD,302,2,0,0,0,0,1,5106600,251200,,1,7,0,1,0,0
1,5,1,1,2,59,FRANCE,NORD-PAS-DE-CALAIS,317,59317,HOUPLINES,RUE VICTOR HUGO,322109,0,4,VC,0,4,3,,,0,1,,,,1,2,,,,
1,7,1,1,7,59,FRANCE,NORD-PAS-DE-CALAIS,183,59183,DUNKERQUE,RN 1,322116,0,3,RD,0,2,2,,,2,1,,,,1,,0,1,0,0
1,3,3,1,3,59,FRANCE,NORD-PAS-DE-CALAIS,261,59261,GLAGEON,RUE TRIEUX LECOQ,322119,0,4,VC,0,2,0,,,0,1,,,,1,7,0,1,0,0
1,1,1,1,3,59,FRANCE,NORD-PAS-DE-CALAIS,324,59324,JEUMONT,AVENUE DU GENERAL DE GAULLE,322120,0,3,RD,0,2,2,1,0,0,1,,,,1,10,0,1,0,0
1,5,1,1,6,59,FRANCE,NORD-PAS-DE-CALAIS,507,59507,RONCHIN,PLACE DE LA REPUBLIQUE,322122,0,4,VC,0,2,2,,,0,1,,,,1,7,0,1,0,0
1,1,6,1,6,59,FRANCE,NORD-PAS-DE-CALAIS,560,59560,SECLIN,CD 925,322124,0,3,RD,0,2,2,,,0,1,,,,1,7,0,1,0,0
1,1,2,1,3,59,FRANCE,NORD-PAS-DE-CALAIS,512,59512,ROUBAIX,RUE NATIONALE,322133,0,4,VC,0,2,2,,,0,1,,,,1,37,0,1,0,0
1,7,2,1,3,59,FRANCE,NORD-PAS-DE-CALAIS,512,59512,ROUBAIX,RUE CHEVREUL,322137,0,4,VC,0,2,2,,,0,1,,,,1,7,0,1,0,0
1,1,1,3,3,59,FRANCE,NORD-PAS-DE-CALAIS,512,59512,ROUBAIX,AVENUE LINNE,322138,0,4,VC,0,2,2,,,0,1,,,,1,7,0,1,0,0
1,1,1,1,2,59,FRANCE,NORD-PAS-DE-CALAIS,512,59512,ROUBAIX,BOULEVARD DE FOURMIES,322140,0,4,VC,0,2,2,,,0,4,,,,1,10,0,1,0,0
1,1,2,1,3,59,FRANCE,NORD-PAS-DE-CALAIS,512,59512,ROUBAIX,RUE COLBERT,322148,0,4,VC,0,2,2,,,0,1,,,,1,7,0,1,0,0
1,1,6,1,3,59,FRANCE,NORD-PAS-DE-CALAIS,512,59512,ROUBAIX,AVENUE DES PARABOLES,322153,0,4,VC,0,2,2,,,0,1,,,,1,7,0,1,0,0
1,5,1,1,2,59,FRANCE,NORD-PAS-DE-CALAIS,327,59327,LALLAING,CITE DU NOUVEAU MONDE,322182,0,4,VC,0,2,2,,,0,1,,,,1,10,0,1,0,0
1,1,2,1,3,59,FRANCE,NORD-PAS-DE-CALAIS,512,59512,ROUBAIX,RUE PLUTARQUE,322197,0,4,VC,0,2,2,,,0,1,,,,1,7,0,1,0,0
1,6,1,1,1,59,FRANCE,NORD-PAS-DE-CALAIS,650,59650,WATTRELOS,RUE DE L'ESPIERRE,322201,0,4,VC,0,2,2,,,0,1,,,,1,7,0,1,0,0
1,7,1,1,6,59,FRANCE,NORD-PAS-DE-CALAIS,512,59512,ROUBAIX,RUE LALANDE ,322202,0,4,VC,0,2,2,,,0,1,,,,1,7,0,1,0,0
5,1,6,1,3,59,FRANCE,NORD-PAS-DE-CALAIS,098,59098,BOUSBECQUE,RUE AUGER,322211,0,3,RD,0,2,2,,,0,1,,,,1,7,0,1,0,0
1,4,1,1,2,59,FRANCE,NORD-PAS-DE-CALAIS,564,59564,SENTINELLE (LA),RUE GUSTAVE DELORY ,322213,0,4,VC,0,2,2,,,0,1,,,,1,7,0,1,0,0
1,2,3,1,3,59,FRANCE,NORD-PAS-DE-CALAIS,233,59233,FLAUMONT-WAUDRECHIES,RD 104,322223,0,3,RD,104,2,2,2,300,0,1,5013200,396700,,1,7,0,1,0,0
1,1,1,1,3,59,FRANCE,NORD-PAS-DE-CALAIS,299,59299,HEM,RUE JULES GUESDE ,322269,0,4,VC,0,2,2,,,0,1,,,,1,7,0,1,0,0
5,1,2,1,1,59,FRANCE,NORD-PAS-DE-CALAIS,512,59512,ROUBAIX,AVENUE DU PARC DES SPORTS,322276,0,4,VC,0,2,2,,,0,1,,,,1,7,0,1,0,0
1,7,1,1,3,59,FRANCE,NORD-PAS-DE-CALAIS,512,59512,ROUBAIX,RUE DE L'ALMA,322281,0,4,VC,0,2,2,,,0,1,,,,1,7,0,1,0,0