lum,agg,int,atm,col,dep_bis,pays,region,com_bis,com_codeINSEE,communes,N_voie,numac,infra,catr,type_route,voie,circ,nbv,pr,pr1,vosp,situ,lat,long,adr,accident_velo,vehicule_imp,cycl_mort,cycl_bgv,cycl_blg,cycl_indm
1,1,1,1,3,59,FRANCE,NORD-PAS-DE-CALAIS,650,59650,WATTRELOS,BOULEVARD DE L'EGALITE,322286,0,4,VC,0,2,2,,,0,5,,,,1,2,0,0,0,1
1,4,1,1,1,59,FRANCE,NORD-PAS-DE-CALAIS,411,59411,MONS-EN-PEVELE,RD 120,322304,0,3,RD,120,2,0,0,0,0,1,0,0,,1,7,0,1,0,0
1,6,1,3,2,59,FRANCE,NORD-PAS-DE-CALAIS,122,59122,CAMBRAI,AVENUE DE PARIS,322321,0,2,RN,0,2,2,,,0,1,,,,1,7,0,1,0,0
2,8,1,1,6,59,FRANCE,NORD-PAS-DE-CALAIS,350,59350,LILLE,AVENUE LEON JOUHAUX,322340,0,4,VC,0,1,3,,,1,1,,,,1,30,0,1,0,0
1,8,1,1,3,59,FRANCE,NORD-PAS-DE-CALAIS,350,59350,LILLE,RUE FAUBOURG DE ROUBAIX ,322344,0,4,VC,0,2,2,,,0,1,,,,1,7,0,1,0,0
1,5,3,1,2,59,FRANCE,NORD-PAS-DE-CALAIS,367,59367,LYS-LEZ-LANNOY,RUE DE LA PAPINERIE,322363,0,4,VC,0,2,2,,,0,1,,,,1,7,0,1,0,0
1,6,2,1,3,59,FRANCE,NORD-PAS-DE-CALAIS,163,59163,CROIX,RUE AUGUSTIN TELLIEZ,322368,0,4,VC,0,2,2,,,0,1,,,,1,7,0,1,0,0
1,5,1,1,6,59,FRANCE,NORD-PAS-DE-CALAIS,491,59491,RAISMES,RUE HENRI DURRE,322404,0,4,VC,0,2,2,,,2,5,,,,1,7,0,1,0,0
1,4,2,1,3,59,FRANCE,NORD-PAS-DE-CALAIS,630,59630,WAHAGNIES,RD 62,322411,5,3,RD,62,2,2,0,0,0,1,0,0,,1,7,0,1,0,0
1,1,9,1,6,59,FRANCE,NORD-PAS-DE-CALAIS,328,59328,LAMBERSART,AVENUE DE L'HIPPODROME,322434,0,4,VC,0,2,0,,,0,1,,,,1,7,0,1,0,0
1,1,4,1,1,59,FRANCE,NORD-PAS-DE-CALAIS,339,59339,LEERS,RUE LEON GAMBETTA,322461,0,4,VC,0,2,2,,,0,1,,,,1,7,0,1,0,0
1,5,1,4,3,59,FRANCE,NORD-PAS-DE-CALAIS,447,59447,ONNAING,CHASSE DE VALENCIENNES,322480,0,4,VC,0,2,2,,,0,1,,,,1,7,0,1,0,0
5,5,3,1,6,59,FRANCE,NORD-PAS-DE-CALAIS,526,59526,SAINT-AMAND-LES-EAUX,HENRI DURRE,322496,5,3,RD,0,2,2,499,0,1,1,,,,1,7,0,1,0,0
1,7,1,1,6,59,FRANCE,NORD-PAS-DE-CALAIS,009,59009,VILLENEUVE-D'ASCQ,RUE COLBERT,322508,0,4,VC,0,2,2,,,0,1,,,,1,,0,0,0,1
1,1,4,1,3,59,FRANCE,NORD-PAS-DE-CALAIS,512,59512,ROUBAIX,PONT DES COUTEAUX,322528,0,4,VC,0,2,2,,,0,1,,,,1,7,0,1,0,0
1,1,2,1,3,59,FRANCE,NORD-PAS-DE-CALAIS,512,59512,ROUBAIX,RUE DE L'ALMA,322529,0,4,VC,0,2,2,,,0,1,,,,1,16,0,1,0,0
5,1,2,1,3,59,FRANCE,NORD-PAS-DE-CALAIS,163,59163,CROIX,RUE GUSTAVE DUBLED,322538,0,4,VC,0,2,2,,,0,1,,,,1,7,0,1,0,0
5,5,1,1,3,59,FRANCE,NORD-PAS-DE-CALAIS,508,59508,RONCQ,RUE DE LILLE,322546,0,2,RN,0,2,0,,,0,1,,,,1,7,0,1,0,0
5,5,1,1,3,59,FRANCE,NORD-PAS-DE-CALAIS,447,59447,ONNAING,CHASSE DE VALENCIENNES,322554,0,4,VC,0,2,2,,,0,1,,,,1,7,0,1,0,0
1,4,1,7,1,59,FRANCE,NORD-PAS-DE-CALAIS,335,59335,LECELLES,RD 66,322589,0,3,RD,66,2,2,0,0,0,1,0,0,,1,7,0,1,0,0
1,5,1,9,3,59,FRANCE,NORD-PAS-DE-CALAIS,179,59179,DOUCHY-LES-MINES,BOULEVARD DE LA LIBERTE,322602,0,4,VC,,1,2,,,0,1,,,,1,7,0,1,0,0
1,5,1,1,3,59,FRANCE,NORD-PAS-DE-CALAIS,205,59205,ESCAUDAIN,RUE JEAN JAURES,322628,0,4,VC,0,2,2,,,0,1,,,,1,15,0,1,0,0
2,5,1,1,6,59,FRANCE,NORD-PAS-DE-CALAIS,131,59131,CAPPELLE-LA-GRANDE,BOURBOURG ROUTE,322632,0,4,VC,0,2,2,,,0,1,,,,1,7,0,1,0,0
1,6,1,1,3,59,FRANCE,NORD-PAS-DE-CALAIS,155,59155,COUDEKERQUE-BRANCHE,FURNES ROUTE,322654,0,3,RD,601,2,2,,,0,1,,,,1,33,0,1,0,0
1,5,1,1,3,59,FRANCE,NORD-PAS-DE-CALAIS,431,59431,NIEPPE,RUE D'ARMENTIERES,322658,0,4,VC,0,2,2,,,1,5,,,,1,10,0,1,0,0
1,5,1,1,3,59,FRANCE,NORD-PAS-DE-CALAIS,079,59079,BEUVRAGES,RUE GUSTAVE DELORY ,322671,0,4,VC,0,2,2,,,0,1,,,,1,37,0,1,0,0
5,5,1,1,3,59,FRANCE,NORD-PAS-DE-CALAIS,426,59426,NEUVILLE-EN-FERRAIN,RUE DU DOCTEUR SCHWEITZER,322673,0,4,VC,0,2,2,,,0,1,,,,1,7,0,1,0,0
1,1,1,1,3,59,FRANCE,NORD-PAS-DE-CALAIS,512,59512,ROUBAIX,BOULEVARD DE FOURMIES,322688,0,4,VC,0,2,2,,,0,1,,,,1,7,0,1,0,0
3,1,1,1,2,59,FRANCE,NORD-PAS-DE-CALAIS,234,59234,FLERS-EN-ESCREBIEUX,RD 643,322709,0,3,RD,643,1,2,,,0,1,,,,1,7,0,1,0,0
1,6,1,1,6,59,FRANCE,NORD-PAS-DE-CALAIS,122,59122,CAMBRAI,AVENUE DE BOUCHAIN,322717,0,4,VC,0,2,2,,,0,1,,,,1,7,0,1,0,0
1,1,1,1,3,59,FRANCE,NORD-PAS-DE-CALAIS,655,59655,WEMAERS-CAPPEL,VC 0,322732,0,4,VC,0,2,2,0,0,0,1,0,0,,1,7,0,1,0,0
3,1,1,1,1,59,FRANCE,NORD-PAS-DE-CALAIS,187,59187,ECLAIBES,RN 2,322734,0,2,RN,2,2,2,21,100,0,1,5020300,395000,,1,7,0,1,0,0
1,5,1,1,1,59,FRANCE,NORD-PAS-DE-CALAIS,253,59253,FRESNES-SUR-ESCAUT,RUE EDGARD LOUBRY,322750,0,3,RD,954,2,2,,,0,1,,,,1,7,0,1,0,0
1,1,1,1,3,59,FRANCE,NORD-PAS-DE-CALAIS,512,59512,ROUBAIX,LACORDAIRE,322768,0,4,VC,0,2,2,,,0,1,,,,1,7,0,1,0,0
1,1,3,1,1,59,FRANCE,NORD-PAS-DE-CALAIS,512,59512,ROUBAIX,RUE DES ARTS,322786,0,4,VC,0,1,2,,,0,1,,,,1,7,0,1,0,0
1,1,1,1,3,59,FRANCE,NORD-PAS-DE-CALAIS,367,59367,LYS-LEZ-LANNOY,AVENUE DE L'EUROPE,322789,0,9,Autre,0,2,2,,,0,3,,,,1,7,0,1,0,0
1,8,1,1,6,59,FRANCE,NORD-PAS-DE-CALAIS,350,59350,LILLE,RUE FAUBOURG DES POSTES ,322792,0,4,VC,0,2,2,,,0,1,,,,1,10,0,1,0,0
1,6,3,1,3,59,FRANCE,NORD-PAS-DE-CALAIS,172,59172,DENAIN,RUE LOUIS PETIT,322810,0,4,VC,0,2,2,,,0,1,,,,1,7,0,1,0,0
1,1,2,1,3,59,FRANCE,NORD-PAS-DE-CALAIS,098,59098,BOUSBECQUE,CHEMIN DES OBLARDS,322813,5,4,VC,,2,2,,,1,1,,,,1,7,0,1,0,0
1,1,2,1,3,59,FRANCE,NORD-PAS-DE-CALAIS,650,59650,WATTRELOS,RUE JEAN JAURES,322816,0,4,VC,0,2,2,,,0,1,,,,1,7,0,1,0,0
1,1,3,1,3,59,FRANCE,NORD-PAS-DE-CALAIS,332,59332,LANNOY,RUE DES BOUCHERS,322822,0,4,VC,0,2,2,,,0,1,,,,1,7,0,1,0,0
1,5,1,1,6,59,FRANCE,NORD-PAS-DE-CALAIS,230,59230,FERRIERE-LA-GRANDE,RUE ARISTIDE BRIAND,322824,0,4,VC,0,2,2,,,0,1,,,,1,,0,1,0,0
1,2,1,1,1,59,FRANCE,NORD-PAS-DE-CALAIS,461,59461,PETIT-FAYT,VC 0,322845,0,4,VC,0,2,2,0,0,0,1,0,0,,1,7,0,1,0,0
5,8,1,2,2,59,FRANCE,NORD-PAS-DE-CALAIS,350,59350,LILLE,RUE CARREL ARMAND,322866,0,4,VC,0,2,2,,,1,1,,,,1,7,0,1,0,0
1,7,3,1,3,59,FRANCE,NORD-PAS-DE-CALAIS,512,59512,ROUBAIX,AVENUE GUSTAVE DELORY,322874,0,4,VC,0,2,2,,,0,1,,,,1,2,0,0,0,1
1,1,1,1,1,59,FRANCE,NORD-PAS-DE-CALAIS,258,59258,GENECH,RD 93,322885,0,3,RD,93,2,2,0,0,0,1,0,0,,1,7,0,1,0,0
2,6,2,1,3,59,FRANCE,NORD-PAS-DE-CALAIS,178,59178,DOUAI,RUE DEFOREST,322898,0,4,VC,0,2,2,,,0,0,,,,1,7,0,1,0,0
1,6,1,1,3,59,FRANCE,NORD-PAS-DE-CALAIS,155,59155,COUDEKERQUE-BRANCHE,FURNES ROUTE,322899,0,4,VC,0,2,2,,,0,1,,,,1,7,0,1,0,0
1,7,2,1,3,59,FRANCE,NORD-PAS-DE-CALAIS,183,59183,DUNKERQUE,GRISARDS,322901,0,4,VC,0,2,2,,,0,1,,,,1,7,0,1,0,0
1,5,1,1,3,59,FRANCE,NORD-PAS-DE-CALAIS,179,59179,DOUCHY-LES-MINES,RUE SUZANNE LANNOY,322917,0,4,VC,0,2,2,,,0,1,,,,1,7,0,1,0,0
1,5,1,1,3,59,FRANCE,NORD-PAS-DE-CALAIS,014,59014,ANZIN,RUE JEAN JAURES,322921,0,3,RD,935,2,2,,,0,1,,,,1,31,,,,
1,1,2,1,1,59,FRANCE,NORD-PAS-DE-CALAIS,512,59512,ROUBAIX,RUE LA FONTAINE,322956,0,4,VC,0,2,2,,,0,1,,,,1,7,0,1,0,0
1,1,1,1,2,59,FRANCE,NORD-PAS-DE-CALAIS,163,59163,CROIX,BOULEVARD EMILE ZOLA,322962,0,4,VC,0,2,2,,,0,1,,,,1,7,0,1,0,0
1,1,1,1,1,59,FRANCE,NORD-PAS-DE-CALAIS,641,59641,WARHEM,RD 916,322978,0,3,RD,916,2,2,0,0,0,5,0,0,,1,7,0,1,0,0
1,1,1,1,6,59,FRANCE,NORD-PAS-DE-CALAIS,512,59512,ROUBAIX,RUE DE LA CONFERENCE,323002,0,4,VC,0,1,2,,,0,1,,,,1,,0,1,0,0
1,1,1,1,3,59,FRANCE,NORD-PAS-DE-CALAIS,650,59650,WATTRELOS,BOULEVARD DE LA LIBERTE,323020,4,4,VC,0,3,2,,,0,0,,,,1,7,0,1,0,0
1,7,7,1,3,59,FRANCE,NORD-PAS-DE-CALAIS,512,59512,ROUBAIX,BOULEVARD GAMBETTA,323022,0,4,VC,0,2,2,,,0,1,,,,1,7,0,1,0,0
1,6,2,1,3,59,FRANCE,NORD-PAS-DE-CALAIS,540,59540,SAINT-POL-SUR-MER,BOULEVARD CORELLI ,323030,0,4,VC,0,2,2,,,2,1,,,,1,14,0,1,0,0
1,3,1,1,5,59,FRANCE,NORD-PAS-DE-CALAIS,280,59280,HAMEL,RD 47,323066,0,3,RD,47,0,2,0,0,0,1,0,0,,1,7,0,0,0,1
1,5,9,2,3,59,FRANCE,NORD-PAS-DE-CALAIS,051,59051,BASSEE (LA),Autre 0,323077,0,9,Autre,0,2,2,0,0,0,1,0,0,,1,15,0,1,0,0
1,1,1,1,1,59,FRANCE,NORD-PAS-DE-CALAIS,319,59319,HOYMILLE,RD 916,323078,0,3,RD,916,2,2,3,50,0,1,5097000,246300,,1,7,0,1,0,0
1,8,1,1,6,59,FRANCE,NORD-PAS-DE-CALAIS,350,59350,LILLE,RUE SOLFERINO,323098,0,4,VC,0,2,2,,,1,1,,,,1,14,0,1,0,0
1,7,1,2,2,59,FRANCE,NORD-PAS-DE-CALAIS,599,59599,TOURCOING,RUE DU PONT ROMPU,323108,0,4,VC,0,2,2,,,0,1,,,,1,7,0,1,0,0
1,5,1,2,3,59,FRANCE,NORD-PAS-DE-CALAIS,586,59586,TEMPLEUVE,RD 90,323109,5,3,RD,90,2,2,0,0,0,1,0,0,,1,7,0,1,0,0
5,5,1,1,1,59,FRANCE,NORD-PAS-DE-CALAIS,051,59051,BASSEE (LA),RD 947,323112,0,3,RD,947,2,0,0,0,0,1,0,0,,1,7,0,1,0,0
3,1,1,8,2,59,FRANCE,NORD-PAS-DE-CALAIS,400,59400,MERVILLE,RD 122,323118,0,3,RD,122,2,2,8,850,0,1,5064000,267300,,1,7,0,1,0,0
1,6,1,1,6,59,FRANCE,NORD-PAS-DE-CALAIS,017,59017,ARMENTIERES,AVENUE LEO LAGRANGE,323176,0,4,VC,0,2,3,,,0,1,,,,1,7,0,1,0,0
1,1,6,1,3,59,FRANCE,NORD-PAS-DE-CALAIS,317,59317,HOUPLINES,CHEMIN DE L 'AVENTURE,323177,0,3,RD,0,2,2,,,0,0,,,,1,7,0,1,0,0
1,1,2,1,3,59,FRANCE,NORD-PAS-DE-CALAIS,512,59512,ROUBAIX,BOULEVARD DU GENERAL DE GAULLE,323201,0,4,VC,0,3,2,,,0,1,,,,1,7,0,1,0,0
1,1,1,8,3,59,FRANCE,NORD-PAS-DE-CALAIS,512,59512,ROUBAIX,RUE PIERRE ET MARIE CURIE,323211,0,4,VC,0,2,2,,,0,1,,,,1,7,0,1,0,0
1,1,1,1,3,59,FRANCE,NORD-PAS-DE-CALAIS,512,59512,ROUBAIX,RUE D'AVELGHEM,323212,0,4,VC,0,2,2,,,0,1,,,,1,7,0,1,0,0
1,6,3,1,6,59,FRANCE,NORD-PAS-DE-CALAIS,178,59178,DOUAI,RUE DE MONTHERME,323224,0,4,VC,0,2,2,,,0,1,,,,1,7,0,1,0,0
1,7,1,1,6,59,FRANCE,NORD-PAS-DE-CALAIS,009,59009,VILLENEUVE-D'ASCQ,RD 941,323237,0,3,RD,941,0,0,0,0,0,5,0,0,,1,7,0,1,0,0
1,5,3,1,6,59,FRANCE,NORD-PAS-DE-CALAIS,526,59526,SAINT-AMAND-LES-EAUX,DES FAIENCIERS FAUQUEZ,323246,2,4,VC,0,2,2,,,0,1,,,,1,17,0,1,0,0
5,3,1,1,1,59,FRANCE,NORD-PAS-DE-CALAIS,123,59123,CAMPHIN-EN-CAREMBAULT,RD 925,323252,0,3,RD,925,2,2,0,0,0,1,0,0,,1,7,0,1,0,0
1,6,6,1,3,59,FRANCE,NORD-PAS-DE-CALAIS,178,59178,DOUAI,RUE DE BETHUNE,323266,0,4,VC,0,2,2,,,3,5,,,,1,7,0,1,0,0
4,5,1,1,2,59,FRANCE,NORD-PAS-DE-CALAIS,112,59112,BRUAY-SUR-L'ESCAUT,RUE VICTOR HUGO,323293,0,4,VC,0,2,2,,,0,1,,,,1,7,0,1,0,0
1,5,1,1,3,59,FRANCE,NORD-PAS-DE-CALAIS,253,59253,FRESNES-SUR-ESCAUT,RUE EMILE ZOLA,323296,0,4,VC,0,2,2,,,2,1,,,,1,7,0,1,0,0
3,1,1,1,6,59,FRANCE,NORD-PAS-DE-CALAIS,392,59392,MAUBEUGE,LIAISON MAUBEUGE HAUTMONT,323303,2,9,Autre,0,1,1,1,0,1,5,,,,1,,0,0,0,1
1,1,1,1,2,59,FRANCE,NORD-PAS-DE-CALAIS,143,59143,CHAPELLE-D'ARMENTIERES (LA),ROUTE NATIONALE,323314,0,3,RD,0,2,1,,,2,5,,,,1,7,0,1,0,0
2,3,1,1,2,59,FRANCE,NORD-PAS-DE-CALAIS,105,59105,BOUVIGNIES,VC 0,323356,0,4,VC,0,2,0,0,0,0,1,5045700,323900,,1,7,0,1,0,0
2,5,2,3,3,59,FRANCE,NORD-PAS-DE-CALAIS,383,59383,MARLY,RD 75,323370,5,3,RD,0,2,3,,,1,1,,,,1,7,0,1,0,0
1,1,1,1,3,59,FRANCE,NORD-PAS-DE-CALAIS,588,59588,TETEGHEM,UXEM CD 2 ROUTE,323379,0,3,RD,0,2,2,,,0,1,,,,1,37,0,1,0,0
1,6,1,1,2,59,FRANCE,NORD-PAS-DE-CALAIS,606,59606,VALENCIENNES,PONT VILLARS,323383,0,4,VC,0,2,3,,,0,1,,,,1,7,0,1,0,0
1,6,2,1,3,59,FRANCE,NORD-PAS-DE-CALAIS,122,59122,CAMBRAI,AVENUE DU QUESNOY,323384,0,4,VC,0,2,1,,,0,1,,,,1,7,0,1,0,0
1,6,2,1,3,59,FRANCE,NORD-PAS-DE-CALAIS,606,59606,VALENCIENNES,RUE MILHOMME,323385,5,4,VC,0,2,2,,,0,1,,,,1,7,0,1,0,0
1,6,1,1,3,59,FRANCE,NORD-PAS-DE-CALAIS,606,59606,VALENCIENNES,AVENUE DES DENTELLIERES,323393,4,4,VC,0,3,2,,,3,0,,,,1,38,0,1,0,0
1,4,6,1,3,59,FRANCE,NORD-PAS-DE-CALAIS,319,59319,HOYMILLE,RD 3,323409,0,3,RD,3,0,2,14,0,0,1,5097700,244100,,1,7,0,1,0,0
1,8,2,1,6,59,FRANCE,NORD-PAS-DE-CALAIS,350,59350,LILLE,RUE ROUGET DE L'ISLE,323410,0,4,VC,0,2,2,,,0,1,,,,1,7,0,1,0,0
1,8,1,1,3,59,FRANCE,NORD-PAS-DE-CALAIS,350,59350,LILLE,RUE CARREL ARMAND,323440,0,4,VC,0,3,4,,,3,1,,,,1,37,0,1,0,0
1,6,1,1,6,59,FRANCE,NORD-PAS-DE-CALAIS,178,59178,DOUAI,RUE SAINT JACQUES,323446,0,4,VC,,1,1,,,0,1,,,,1,10,0,1,0,0
1,8,3,1,6,59,FRANCE,NORD-PAS-DE-CALAIS,350,59350,LILLE,RUE DE BELLEVUE ,323464,0,4,VC,0,0,2,,,0,1,,,,1,7,0,1,0,0
1,7,9,1,6,59,FRANCE,NORD-PAS-DE-CALAIS,183,59183,DUNKERQUE,PONT BRASSEURS,323484,2,4,VC,0,3,2,,,0,1,,,,1,7,0,1,0,0
1,6,9,1,6,59,FRANCE,NORD-PAS-DE-CALAIS,271,59271,GRANDE-SYNTHE,AVENUE DUBEDOUT HUBERT,323497,0,4,VC,0,2,2,,,0,1,,,,1,7,0,1,0,0
1,1,1,1,1,59,FRANCE,NORD-PAS-DE-CALAIS,143,59143,CHAPELLE-D'ARMENTIERES (LA),ST JACQUES,323501,0,3,RD,0,2,0,,,0,1,,,,1,7,0,1,0,0
1,5,4,1,1,59,FRANCE,NORD-PAS-DE-CALAIS,421,59421,MOUVAUX,RUE DES RAVENNES,323522,0,4,VC,0,2,2,,,0,1,,,,1,7,0,1,0,0
1,7,1,1,1,59,FRANCE,NORD-PAS-DE-CALAIS,183,59183,DUNKERQUE,MILITAIRE,323539,0,4,VC,0,1,1,,,0,1,,,,1,7,0,1,0,0
1,5,1,1,1,59,FRANCE,NORD-PAS-DE-CALAIS,586,59586,TEMPLEUVE,VC 0,323556,0,4,VC,0,2,0,0,0,0,1,0,0,,1,7,0,1,0,0
1,5,1,1,3,59,FRANCE,NORD-PAS-DE-CALAIS,008,59008,ANICHE,RUE DU GENERAL DELESTRAINT,323567,0,3,RD,645,2,2,,,0,1,,,,1,7,0,1,0,0
1,6,2,1,3,59,FRANCE,NORD-PAS-DE-CALAIS,328,59328,LAMBERSART,RUE GASPARD MONGE,323580,0,4,VC,0,2,2,,,0,1,,,,1,7,0,1,0,0
1,7,1,1,6,59,FRANCE,NORD-PAS-DE-CALAIS,009,59009,VILLENEUVE-D'ASCQ,RUE JEAN JAURES,323581,0,4,VC,0,2,3,,,0,1,,,,1,7,0,1,0,0
1,7,9,1,6,59,FRANCE,NORD-PAS-DE-CALAIS,183,59183,DUNKERQUE,FLEURS QUAI,323589,0,4,VC,0,2,2,,,0,1,,,,1,7,0,1,0,0
1,3,1,7,1,59,FRANCE,NORD-PAS-DE-CALAIS,242,59242,FONTAINE-AU-BOIS,RD 43,323597,0,3,RD,43,2,2,0,0,0,1,0,0,,1,7,0,1,0,0
1,1,1,1,3,59,FRANCE,NORD-PAS-DE-CALAIS,135,59135,CASSEL,RD 916,323601,0,3,RD,916,2,0,25,54,0,1,5081300,248800,,1,7,0,1,0,0
1,6,3,1,3,59,FRANCE,NORD-PAS-DE-CALAIS,122,59122,CAMBRAI,RUE DU COMTE D'ARTOIS,323612,0,3,RD,0,2,2,,,0,1,,,,1,7,0,1,0,0
1,7,1,1,3,59,FRANCE,NORD-PAS-DE-CALAIS,599,59599,TOURCOING,RUE MARCEL HENAUX,323620,0,4,VC,0,1,1,,,0,4,,,,1,7,0,1,0,0
1,5,1,1,1,59,FRANCE,NORD-PAS-DE-CALAIS,139,59139,CAUDRY,Autre 0,323644,0,9,Autre,0,2,2,0,0,0,1,0,0,,1,2,0,0,0,1
1,4,1,1,6,59,FRANCE,NORD-PAS-DE-CALAIS,477,59477,PROVIN,RD 39,323645,0,3,RD,39,2,2,0,0,0,1,5051800,292500,,1,10,0,1,0,0
1,3,3,1,3,59,FRANCE,NORD-PAS-DE-CALAIS,543,59543,SAINT-REMY-DU-NORD,RUE D'AULNOYE,323656,0,3,RD,0,2,1,30,965,0,1,,,,1,7,0,1,0,0
1,5,1,1,3,59,FRANCE,NORD-PAS-DE-CALAIS,291,59291,HAUTMONT,RUE DES USINES,323657,0,3,RD,0,1,1,1,0,1,1,,,,1,7,0,1,0,0
1,5,2,1,6,59,FRANCE,NORD-PAS-DE-CALAIS,544,59544,SAINT-SAULVE,RD 75,323660,0,3,RD,0,2,2,,,0,1,,,,1,7,0,1,0,0
1,6,1,1,3,59,FRANCE,NORD-PAS-DE-CALAIS,017,59017,ARMENTIERES,RUE DES DEPORTES ,323668,0,4,VC,0,2,2,,,0,1,,,,1,10,0,1,0,0
1,4,1,1,1,59,FRANCE,NORD-PAS-DE-CALAIS,553,59553,SANTES,VC 0,323686,0,4,VC,0,2,2,0,0,0,1,5059000,297200,,1,7,0,1,0,0
1,4,1,1,6,59,FRANCE,NORD-PAS-DE-CALAIS,092,59092,BOUCHAIN,RD 81,323693,0,3,RD,81,2,2,0,0,1,5,0,0,,1,,0,1,0,0
2,6,9,1,6,59,FRANCE,NORD-PAS-DE-CALAIS,271,59271,GRANDE-SYNTHE,DUNANT HENRI VOIE,323707,0,4,VC,0,2,1,,,0,1,,,,1,7,0,1,0,0
1,5,1,1,1,59,FRANCE,NORD-PAS-DE-CALAIS,220,59220,FACHES-THUMESNIL,RUE KLEBER,323719,0,4,VC,0,2,2,,,0,1,,,,1,7,0,1,0,0
1,6,3,7,3,59,FRANCE,NORD-PAS-DE-CALAIS,271,59271,GRANDE-SYNTHE,CHABRIER,323720,0,4,VC,0,2,2,,,0,1,,,,1,7,0,1,0,0
1,5,1,1,2,59,FRANCE,NORD-PAS-DE-CALAIS,317,59317,HOUPLINES,RUE VICTOR HUGO,323723,0,4,VC,0,2,1,,,0,1,,,,1,7,0,1,0,0
5,1,6,2,3,59,FRANCE,NORD-PAS-DE-CALAIS,090,59090,BONDUES,RUE JEAN BAPTISTE LEBAS,323755,0,4,VC,0,1,1,,,0,1,,,,1,7,0,1,0,0
1,5,1,1,7,59,FRANCE,NORD-PAS-DE-CALAIS,143,59143,CHAPELLE-D'ARMENTIERES (LA),RUE DE LA MARLE,323772,0,3,RD,0,0,0,,,0,0,,,,1,,0,1,0,0
5,5,1,1,2,59,FRANCE,NORD-PAS-DE-CALAIS,011,59011,ANNOEULLIN,RD 39,323818,0,3,RD,39,2,0,7,250,0,1,5052684,293423,,1,7,0,1,0,0
5,4,1,1,3,59,FRANCE,NORD-PAS-DE-CALAIS,256,59256,FRETIN,VC 0,323829,0,4,VC,0,2,2,0,0,0,1,5055818,313667,,1,7,0,1,0,0
2,4,1,1,1,59,FRANCE,NORD-PAS-DE-CALAIS,256,59256,FRETIN,Hors_reseau 0,323831,0,5,Hors_reseau,0,2,2,0,0,0,1,5055448,312660,,1,7,0,1,0,0
1,1,1,1,2,59,FRANCE,NORD-PAS-DE-CALAIS,159,59159,CRAYWICK,RD 17,323840,0,3,RD,17,2,2,8,300,0,1,5096744,223993,,1,17,0,1,0,0
1,1,1,1,1,59,FRANCE,NORD-PAS-DE-CALAIS,094,59094,BOURBOURG,RD 11,323842,0,3,RD,11,2,3,8,0,0,1,5095868,218583,,1,7,0,1,0,0
1,2,1,1,3,59,FRANCE,NORD-PAS-DE-CALAIS,200,59200,ERINGHEM,VC 0,323846,0,4,VC,0,2,0,0,0,0,1,5089535,234680,,1,7,0,1,0,0
1,1,1,1,3,59,FRANCE,NORD-PAS-DE-CALAIS,073,59073,BERTHEN,VC 0,323858,0,4,VC,0,2,2,0,0,0,1,5078713,267061,,1,7,0,1,0,0
1,1,1,1,1,59,FRANCE,NORD-PAS-DE-CALAIS,482,59482,QUESNOY-SUR-DEULE,RD 36,323883,0,3,RD,36,2,0,10,400,0,1,5072196,302526,,1,7,0,1,0,0
1,4,1,1,1,59,FRANCE,NORD-PAS-DE-CALAIS,611,59611,VERLINGHEM,VC 0,323884,0,4,VC,0,2,1,0,0,0,1,5068509,297949,,1,21,0,1,0,0
1,3,1,1,1,59,FRANCE,NORD-PAS-DE-CALAIS,055,59055,BAZUEL,RD 643,323922,0,3,RD,643,2,0,7,840,0,4,5009182,358890,,1,10,0,1,0,0
3,1,1,5,1,59,FRANCE,NORD-PAS-DE-CALAIS,617,59617,VIEUX-MESNIL,RD 117,323945,0,3,RD,117,2,2,0,300,0,1,5025049,385199,,1,7,0,1,0,0
1,3,1,7,1,59,FRANCE,NORD-PAS-DE-CALAIS,619,59619,VILLEREAU,RD 942,323951,0,3,RD,942,2,0,35,30,0,1,5025797,365474,,1,7,0,1,0,0
1,3,1,8,1,59,FRANCE,NORD-PAS-DE-CALAIS,046,59046,BAMBECQUE,RD 947,323959,5,3,RD,947,2,2,36,280,0,1,5090298,257729,,1,7,0,1,0,0
1,4,1,1,1,59,FRANCE,NORD-PAS-DE-CALAIS,260,59260,GHYVELDE,VC 0,323961,0,4,VC,0,2,0,0,0,0,1,5105320,252471,,1,7,0,1,0,0
2,5,1,2,1,59,FRANCE,NORD-PAS-DE-CALAIS,653,59653,WAVRIN,RD 241,323965,0,3,RD,241,2,2,1,650,1,1,5056380,292764,,1,7,0,1,0,0
1,5,1,1,1,59,FRANCE,NORD-PAS-DE-CALAIS,653,59653,WAVRIN,VC 241,323970,0,4,VC,241,1,2,3,35,0,1,5057340,293867,,1,7,0,1,0,0
1,5,6,1,2,59,FRANCE,NORD-PAS-DE-CALAIS,143,59143,CHAPELLE-D'ARMENTIERES (LA),RUE DE LA MARLE,323990,5,4,VC,0,2,2,,,0,1,,,,1,7,0,1,0,0
1,5,1,1,3,59,FRANCE,NORD-PAS-DE-CALAIS,431,59431,NIEPPE,RUE DE BAILLEUL,323998,0,3,RD,0,2,1,,,1,1,,,,1,7,0,1,0,0
1,5,6,1,3,59,FRANCE,NORD-PAS-DE-CALAIS,043,59043,BAILLEUL,ROND-POINT DE LA SIRENE,324008,0,3,RD,0,4,4,1,0,0,1,,,,1,7,0,1,0,0
1,6,3,1,3,59,FRANCE,NORD-PAS-DE-CALAIS,122,59122,CAMBRAI,AVENUE DE PARIS,324014,0,4,VC,0,2,2,,,0,1,,,,1,10,0,1,0,0
1,5,2,1,3,59,FRANCE,NORD-PAS-DE-CALAIS,153,59153,CONDE-SUR-L'ESCAUT,RUE DE LA CHAUSSIETTE,324015,0,3,RD,0,2,2,,,0,1,,,,1,7,0,1,0,0
1,4,3,1,3,59,FRANCE,NORD-PAS-DE-CALAIS,361,59361,LOURCHES,RUE BLANQUI,324036,0,4,VC,0,2,2,,,0,1,,,,1,7,0,1,0,0