lum,agg,int,atm,col,dep_bis,pays,region,com_bis,com_codeINSEE,communes,N_voie,numac,infra,catr,type_route,voie,circ,nbv,pr,pr1,vosp,situ,lat,long,adr,accident_velo,vehicule_imp,cycl_mort,cycl_bgv,cycl_blg,cycl_indm
1,6,2,1,3,59,FRANCE,NORD-PAS-DE-CALAIS,178,59178,DOUAI,BOULEVARD PASTEUR,324045,2,3,RD,0,3,2,,,2,1,,,,1,10,0,1,0,0
5,6,6,2,3,59,FRANCE,NORD-PAS-DE-CALAIS,178,59178,DOUAI,RUE STOREZ,324049,0,4,VC,0,2,2,,,0,1,,,,1,7,0,1,0,0
5,6,1,1,6,59,FRANCE,NORD-PAS-DE-CALAIS,178,59178,DOUAI,AVENUE DE STRASBOURG,324051,0,4,VC,0,1,1,,,2,1,,,,1,,0,1,0,0
1,5,1,1,2,59,FRANCE,NORD-PAS-DE-CALAIS,170,59170,DECHY,RUE WALDECK ROUSSEAU,324068,0,3,RD,0,2,2,,,3,1,,,,1,10,0,1,0,0
1,7,9,2,3,59,FRANCE,NORD-PAS-DE-CALAIS,183,59183,DUNKERQUE,AVENUE BAINS ,324073,2,4,VC,0,2,0,,,1,1,,,,1,7,0,1,0,0
1,7,1,1,2,59,FRANCE,NORD-PAS-DE-CALAIS,183,59183,DUNKERQUE,BOULEVARD PIERRE MENDES FRANCE,324084,0,4,VC,0,2,2,,,2,1,,,,1,7,0,1,0,0
1,1,1,1,3,59,FRANCE,NORD-PAS-DE-CALAIS,271,59271,GRANDE-SYNTHE,RD 601,324088,2,3,RD,0,2,4,,,0,1,,,,1,10,0,1,0,0
1,5,1,1,7,59,FRANCE,NORD-PAS-DE-CALAIS,588,59588,TETEGHEM,CUISINIERES,324091,0,4,VC,0,2,2,,,0,1,,,,1,,0,1,0,0
1,4,9,1,6,59,FRANCE,NORD-PAS-DE-CALAIS,340,59340,LEFFRINCKOUCKE,PONT ROUTE,324093,0,4,VC,0,2,2,,,0,1,,,,1,7,0,1,0,0
1,7,1,7,3,59,FRANCE,NORD-PAS-DE-CALAIS,183,59183,DUNKERQUE,PERES ACHILLE,324095,0,4,VC,0,2,2,,,0,1,,,,1,7,0,1,0,0
1,5,3,8,6,59,FRANCE,NORD-PAS-DE-CALAIS,131,59131,CAPPELLE-LA-GRANDE,CRAYHOF,324096,0,4,VC,0,2,2,,,1,1,,,,1,7,0,1,0,0
1,7,9,1,3,59,FRANCE,NORD-PAS-DE-CALAIS,183,59183,DUNKERQUE,BOULEVARD ALEXANDRE III ,324104,0,4,VC,0,2,1,,,0,1,,,,1,7,0,1,0,0
5,5,2,1,3,59,FRANCE,NORD-PAS-DE-CALAIS,273,59273,GRAVELINES,ROUTE DU CHENAL,324109,0,4,VC,0,2,1,,,3,1,,,,1,7,0,1,0,0
1,6,1,1,6,59,FRANCE,NORD-PAS-DE-CALAIS,295,59295,HAZEBROUCK,DU RIVAGE,324112,0,4,VC,0,1,1,,,0,1,,,,1,7,0,1,0,0
5,8,1,1,6,59,FRANCE,NORD-PAS-DE-CALAIS,350,59350,LILLE,RUE LEGRAND PIERRE ,324149,0,4,VC,0,2,3,,,0,1,,,,1,7,0,1,0,0
1,8,1,1,6,59,FRANCE,NORD-PAS-DE-CALAIS,350,59350,LILLE,RUE LONG POT,324152,0,4,VC,0,2,2,,,0,1,,,,1,,0,1,0,0
1,8,3,1,6,59,FRANCE,NORD-PAS-DE-CALAIS,350,59350,LILLE,RUE ANDRE GIDE,324154,0,4,VC,0,2,2,,,0,1,,,,1,7,0,1,0,0
1,4,1,1,3,59,FRANCE,NORD-PAS-DE-CALAIS,346,59346,LEZENNES,DEpartementale 952,324178,0,3,RD,0,2,4,,,0,1,,,,1,10,0,1,0,0
1,8,1,1,3,59,FRANCE,NORD-PAS-DE-CALAIS,350,59350,LILLE,RUE BERNOS ,324186,0,4,VC,0,1,1,,,0,1,,,,1,7,0,1,0,0
1,5,2,1,3,59,FRANCE,NORD-PAS-DE-CALAIS,646,59646,WASQUEHAL,AVENUE DE LA MARNE,324251,4,4,VC,0,3,4,,,0,1,,,,1,7,0,1,0,0
1,5,2,1,3,59,FRANCE,NORD-PAS-DE-CALAIS,646,59646,WASQUEHAL,AVENUE DE FLANDRE,324257,5,4,VC,0,2,2,,,1,1,,,,1,7,0,1,0,0
1,5,2,1,3,59,FRANCE,NORD-PAS-DE-CALAIS,339,59339,LEERS,RUE DE LYS,324259,0,4,VC,0,2,2,,,0,1,,,,1,7,0,1,0,0
1,7,2,2,3,59,FRANCE,NORD-PAS-DE-CALAIS,512,59512,ROUBAIX,RUE DAVID D'ANGERS,324272,0,4,VC,0,0,2,,,0,0,,,,1,7,0,1,0,0
3,6,1,8,2,59,FRANCE,NORD-PAS-DE-CALAIS,650,59650,WATTRELOS,RUE DE L'UNION,324285,0,4,VC,0,2,2,,,0,1,,,,1,7,0,1,0,0
1,7,1,1,2,59,FRANCE,NORD-PAS-DE-CALAIS,512,59512,ROUBAIX,RUE JOUFFROY,324295,0,4,VC,0,1,1,,,1,1,,,,1,7,0,1,0,0
1,7,3,7,3,59,FRANCE,NORD-PAS-DE-CALAIS,512,59512,ROUBAIX,RUE DE JEMMAPES,324296,0,4,VC,0,2,2,,,0,1,,,,1,7,0,1,0,0
1,5,6,1,3,59,FRANCE,NORD-PAS-DE-CALAIS,646,59646,WASQUEHAL,AVENUE DU GRAND COTTIGNIES,324297,2,4,VC,0,3,2,,,1,1,,,,1,7,0,1,0,0
2,6,1,1,6,59,FRANCE,NORD-PAS-DE-CALAIS,650,59650,WATTRELOS,RUE DE LA BAILLERIE,324311,0,4,VC,0,2,2,,,0,1,,,,1,7,0,1,0,0
1,5,1,7,2,59,FRANCE,NORD-PAS-DE-CALAIS,526,59526,SAINT-AMAND-LES-EAUX,ALBERT CAMUS,324331,2,3,RD,0,2,2,,,0,1,,,,1,7,0,1,0,0
1,5,6,1,3,59,FRANCE,NORD-PAS-DE-CALAIS,152,59152,COMINES,RUE DU VIEIL DIEU,324341,0,4,VC,0,0,2,,,0,0,,,,1,10,0,1,0,0
1,5,2,1,3,59,FRANCE,NORD-PAS-DE-CALAIS,426,59426,NEUVILLE-EN-FERRAIN,RUE DE TOURCOING,324345,5,3,RD,0,2,2,,,0,1,,,,1,7,0,1,0,0
1,5,1,1,2,59,FRANCE,NORD-PAS-DE-CALAIS,426,59426,NEUVILLE-EN-FERRAIN,RUE D'HALLUIN,324363,0,4,VC,0,2,2,,,0,1,,,,1,7,0,1,0,0
1,7,1,1,3,59,FRANCE,NORD-PAS-DE-CALAIS,599,59599,TOURCOING,RUE GUY MOCQUET,324369,0,4,VC,0,1,1,,,0,1,,,,1,7,0,1,0,0
1,7,4,1,3,59,FRANCE,NORD-PAS-DE-CALAIS,599,59599,TOURCOING,RUE DES PIATS,324376,5,4,VC,0,0,0,,,0,1,,,,1,7,0,1,0,0
1,7,2,1,3,59,FRANCE,NORD-PAS-DE-CALAIS,599,59599,TOURCOING,RUE DE LA LATTE,324398,0,4,VC,0,2,2,,,0,1,,,,1,7,0,1,0,0
1,7,3,1,1,59,FRANCE,NORD-PAS-DE-CALAIS,599,59599,TOURCOING,PONT DE NEUVILLE,324399,0,4,VC,0,2,2,,,0,1,,,,1,7,0,1,0,0
1,7,1,1,6,59,FRANCE,NORD-PAS-DE-CALAIS,599,59599,TOURCOING,CHAUSSEE FERNAND FOREST,324400,0,4,VC,0,3,4,,,0,0,,,,1,7,0,1,0,0
1,5,6,1,1,59,FRANCE,NORD-PAS-DE-CALAIS,508,59508,RONCQ,RUE DE LILLE,324403,0,3,RD,0,1,1,,,0,1,,,,1,7,0,1,0,0
1,5,7,1,3,59,FRANCE,NORD-PAS-DE-CALAIS,152,59152,COMINES,PLACE DU SIX SEPTEMBRE,324412,0,4,VC,0,1,1,,,0,1,,,,1,7,0,1,0,0
5,7,1,2,6,59,FRANCE,NORD-PAS-DE-CALAIS,599,59599,TOURCOING,RUE DE L'EPINE,324423,0,3,RD,0,2,2,,,0,1,,,,1,7,0,1,0,0
1,1,1,1,2,59,FRANCE,NORD-PAS-DE-CALAIS,491,59491,RAISMES,AVENUE DE LA FONTAINE BOUILLON,324442,6,5,Hors_reseau,0,0,0,,,0,1,,,,1,30,0,1,0,0
1,5,1,1,3,59,FRANCE,NORD-PAS-DE-CALAIS,491,59491,RAISMES,RUE JEAN JAURES,324450,0,4,VC,0,2,2,,,0,1,,,,1,7,0,1,0,0
1,6,2,1,3,59,FRANCE,NORD-PAS-DE-CALAIS,606,59606,VALENCIENNES,RUE ST-JEAN,324456,0,4,VC,0,1,1,,,0,1,,,,1,7,0,1,0,0
1,1,1,1,2,59,FRANCE,NORD-PAS-DE-CALAIS,544,59544,SAINT-SAULVE,RD 935 N,324459,0,3,RD,0,2,2,,,1,1,,,,1,7,0,1,0,0
1,5,1,1,6,59,FRANCE,NORD-PAS-DE-CALAIS,112,59112,BRUAY-SUR-L'ESCAUT,LIEU-DIT LE MARAIS FOUCART,324469,0,4,VC,0,2,2,,,0,1,,,,1,7,0,1,0,0
1,5,1,1,6,59,FRANCE,NORD-PAS-DE-CALAIS,484,59484,QUIEVRECHAIN,AVENUE JEAN JAURES,324477,0,4,VC,0,2,2,,,0,1,,,,1,7,0,1,0,0
5,6,3,1,6,59,FRANCE,NORD-PAS-DE-CALAIS,606,59606,VALENCIENNES,AVENUE DE DENAIN,324478,0,4,VC,0,2,,,,2,1,,,,1,14,0,1,0,0
1,5,1,1,3,60,FRANCE,PICARDIE,463,60463,NOGENT-SUR-OISE,PLACE BURTON,324607,0,4,VC,0,2,0,1,0,0,1,,,,1,7,0,1,0,0
1,4,3,1,1,60,FRANCE,PICARDIE,462,60462,NOAILLES,Autre 0,324645,0,9,Autre,0,0,0,0,0,2,4,0,0,,1,7,0,1,0,0
1,1,1,1,1,60,FRANCE,PICARDIE,562,60562,SACY-LE-GRAND,RD 75,324651,0,3,RD,75,2,1,0,0,0,1,0,0,,1,7,0,1,0,0
1,4,2,1,1,60,FRANCE,PICARDIE,647,60647,TROSLY-BREUIL,RN 31,324652,0,2,RN,31,2,2,96,0,1,1,0,0,,1,7,0,1,0,0
1,1,1,1,6,60,FRANCE,PICARDIE,057,60057,BEAUVAIS,RUE DE FOUQUENIES,324675,0,3,RD,0,2,2,,,0,3,,,,1,7,0,1,0,0
1,2,2,1,3,60,FRANCE,PICARDIE,146,60146,CHEPOIX,RD 1,324689,0,3,RD,1,2,0,0,0,0,1,4960800,236800,,1,10,0,1,0,0
1,4,1,1,1,60,FRANCE,PICARDIE,143,60143,CHAUMONT-EN-VEXIN,RD 6,324710,0,3,RD,6,0,0,8,400,0,1,0,0,,1,7,0,1,0,0
5,6,9,1,2,60,FRANCE,PICARDIE,159,60159,COMPIEGNE,VC 0,324731,0,4,VC,0,2,2,0,1,0,1,,,,1,99,0,1,0,0
2,1,1,3,1,60,FRANCE,PICARDIE,345,60345,LAMECOURT,RD 127,324764,0,3,RD,127,2,2,0,0,0,1,0,0,,1,7,0,1,0,0
1,7,2,1,3,60,FRANCE,PICARDIE,057,60057,BEAUVAIS,RUE DU PONT D'ARCOLE,324785,5,3,RD,0,2,2,,,0,1,,,,1,7,0,1,0,0
1,1,1,6,1,60,FRANCE,PICARDIE,120,60120,CAMBRONNE-LES-CLERMONT,RD 137,324829,0,3,RD,137,2,2,0,0,0,1,4932800,242200,,1,7,0,1,0,0
1,5,3,2,7,60,FRANCE,PICARDIE,414,60414,MONTATAIRE,AVENUE DE LA LIBERATION ,324842,0,4,VC,0,2,2,1,0,0,1,,,,1,7,0,1,0,0
1,1,1,1,3,60,FRANCE,PICARDIE,374,60374,MAIGNELAY-MONTIGNY,RD 938,324849,0,3,RD,938,2,2,33,100,0,1,4955200,248000,,1,10,0,1,0,0
5,4,1,1,2,60,FRANCE,PICARDIE,398,60398,MESNIL-EN-THELLE (LE),RD 929,324851,0,3,RD,929,2,0,0,0,0,1,0,0,,1,7,0,1,0,0
1,4,4,1,1,60,FRANCE,PICARDIE,584,60584,SAINT-LEU-D'ESSERENT,RD 44,324905,0,3,RD,44,2,2,20,870,0,1,0,0,,1,7,0,1,0,0
1,3,1,1,6,60,FRANCE,PICARDIE,533,60533,RESSONS-SUR-MATZ,RD 41,324920,0,3,RD,41,2,2,53,600,0,1,0,0,,1,,0,1,0,0
1,4,1,1,3,60,FRANCE,PICARDIE,223,60223,ESTREES-SAINT-DENIS,RD 36,324921,0,3,RD,36,2,2,0,0,0,1,0,0,,1,7,0,1,0,0
1,3,3,1,3,60,FRANCE,PICARDIE,185,60185,CROUY-EN-THELLE,RD 92,324927,0,3,RD,92,2,2,3,0,0,1,0,0,,1,7,0,1,0,0
1,1,1,1,1,60,FRANCE,PICARDIE,139,60139,CHAMBLY,RD 923,324994,0,3,RD,923,2,0,0,0,0,1,0,0,,1,7,0,1,0,0
1,4,1,1,3,60,FRANCE,PICARDIE,088,60088,BORNEL,VC 0,325020,0,4,VC,0,2,2,0,0,0,1,0,0,,1,30,0,1,0,0
1,3,1,1,1,60,FRANCE,PICARDIE,025,60025,ATTICHY,VC 0,325023,0,4,VC,0,2,2,0,0,0,1,0,0,,1,7,0,1,0,0
1,1,1,1,1,60,FRANCE,PICARDIE,686,60686,VILLERS-SOUS-SAINT-LEU,RD 92,325028,0,3,RD,92,2,2,10,250,0,1,0,0,,1,7,0,1,0,0
1,6,6,8,3,60,FRANCE,PICARDIE,159,60159,COMPIEGNE,Carrefour de Raleigh,325036,0,4,VC,0,1,2,0,1,0,1,,,,1,7,0,1,0,0
1,7,2,3,3,60,FRANCE,PICARDIE,057,60057,BEAUVAIS,RUE DU TILLOY,325099,5,4,VC,0,0,0,,,0,0,,,,1,7,0,1,0,0
1,1,1,1,1,60,FRANCE,PICARDIE,166,60166,COUDUN,RD 142,325112,0,3,RD,142,2,2,0,0,0,1,0,0,,1,7,0,1,0,0
1,1,1,7,6,60,FRANCE,PICARDIE,665,60665,VENETTE,RN 31,325153,0,2,RN,0,3,4,0,1,0,1,,,,1,7,0,1,0,0
1,4,1,1,1,60,FRANCE,PICARDIE,029,60029,AUNEUIL,RD 2,325172,0,3,RD,2,2,2,0,0,0,1,0,0,,1,7,0,1,0,0
1,3,1,1,6,60,FRANCE,PICARDIE,022,60022,APREMONT,Autre 0,325192,0,9,Autre,0,2,0,0,0,0,1,4922900,250500,,1,,0,1,0,0
1,1,1,1,3,60,FRANCE,PICARDIE,430,60430,MORIENVAL,RD 33,325194,0,3,RD,33,2,0,0,0,0,1,4932400,293700,,1,7,0,1,0,0
1,2,1,1,1,60,FRANCE,PICARDIE,254,60254,FRANCIERES,RD 26,325220,0,3,RD,26,3,0,0,0,0,1,0,0,,1,7,0,1,0,0
1,1,1,1,2,60,FRANCE,PICARDIE,139,60139,CHAMBLY,RD 923,325222,0,3,RD,923,0,0,0,0,0,1,0,0,,1,7,0,1,0,0
1,7,1,1,6,60,FRANCE,PICARDIE,057,60057,BEAUVAIS,AVENUE REPUBLIQUE,325228,0,4,VC,0,2,2,,,0,1,,,,1,7,0,1,0,0
1,1,1,1,1,60,FRANCE,PICARDIE,414,60414,MONTATAIRE,RD 200,325232,5,3,RD,0,1,1,0,1,0,1,,,,1,7,0,1,0,0
1,7,1,1,6,60,FRANCE,PICARDIE,057,60057,BEAUVAIS,RUE DES VIGNES,325233,0,4,VC,0,1,1,,,0,1,,,,1,7,0,1,0,0
1,4,9,1,3,60,FRANCE,PICARDIE,103,60103,BRESLES,RD 125,325237,0,3,RD,125,2,2,11,600,0,1,4967000,242300,,1,2,0,0,0,1
1,1,1,1,2,60,FRANCE,PICARDIE,282,60282,GOUVIEUX,RD 924,325267,0,3,RD,924,2,2,0,0,0,1,0,0,,1,7,0,1,0,0
1,1,1,2,7,60,FRANCE,PICARDIE,414,60414,MONTATAIRE,RD 201,325273,0,4,VC,0,2,2,0,1,0,1,,,,1,7,0,1,0,0
3,1,1,1,2,60,FRANCE,PICARDIE,573,60573,SAINTE-EUSOYE,RD 151,325306,0,3,RD,151,2,2,26,100,0,1,0,0,,1,7,0,1,0,0
3,1,1,1,3,60,FRANCE,PICARDIE,089,60089,BOUBIERS,RD 915,325330,0,3,RD,915,2,2,6,0,0,1,0,0,,1,7,0,1,0,0
1,5,3,1,7,60,FRANCE,PICARDIE,463,60463,NOGENT-SUR-OISE,RD 200 CARREFOUR FAIDHER,325338,5,3,RD,200,3,4,0,1,0,1,,,,1,7,0,1,0,0
1,6,1,1,6,60,FRANCE,PICARDIE,159,60159,COMPIEGNE,DE PARIS,325359,0,4,VC,0,2,2,,,0,1,,,,1,7,0,1,0,0
2,7,2,1,3,60,FRANCE,PICARDIE,057,60057,BEAUVAIS,AVENUE NELSON MANDELA,325360,5,4,VC,0,2,2,,,0,1,,,,1,7,0,1,0,0
1,5,1,1,1,60,FRANCE,PICARDIE,439,60439,MOUY,RD 929,325363,0,3,RD,929,2,2,22,0,0,0,0,0,,1,37,0,1,0,0
1,1,4,2,2,60,FRANCE,PICARDIE,159,60159,COMPIEGNE,SQUARE DU COMMANDANT FOURNAISE,325379,3,4,VC,0,2,1,0,1,0,1,,,,1,7,0,1,0,0
1,1,1,2,4,60,FRANCE,PICARDIE,142,60142,CHAPELLE-EN-SERVAL (LA),RD 924,325395,0,3,RD,924,2,2,8,0,0,1,0,0,,1,7,0,1,0,0
1,1,1,1,6,60,FRANCE,PICARDIE,159,60159,COMPIEGNE,Rd 1031,325426,0,3,RD,1031,3,2,0,1,0,1,,,,1,7,0,1,0,0
1,4,7,1,3,60,FRANCE,PICARDIE,584,60584,SAINT-LEU-D'ESSERENT,Parking 0,325441,0,6,Parking,0,2,0,0,0,2,1,0,0,,1,7,0,1,0,0
1,2,3,1,1,60,FRANCE,PICARDIE,039,60039,BACOUEL,RD 117,325445,0,3,RD,117,2,2,14,700,0,1,0,0,,1,14,0,1,0,0
1,5,3,1,3,60,FRANCE,PICARDIE,360,60360,LIANCOURT,RD 62,325456,0,3,RD,62,1,1,7,500,0,4,4933700,245900,,1,7,0,1,0,0
1,5,3,1,6,60,FRANCE,PICARDIE,414,60414,MONTATAIRE,RUE ROGER SALENGRO,325504,0,4,VC,0,2,1,0,1,0,1,,,,1,7,0,1,0,0
1,3,1,1,6,60,FRANCE,PICARDIE,666,60666,VER-SUR-LAUNETTE,RD 84,325561,0,3,RD,84,2,2,2,0,0,1,4910600,268600,,1,,0,1,0,0
1,1,1,1,3,60,FRANCE,PICARDIE,528,60528,REILLY,RD 153,325569,0,3,RD,153,2,2,17,0,0,1,0,0,,1,7,0,1,0,0
1,3,3,1,3,60,FRANCE,PICARDIE,074,60074,BLAINCOURT-LES-PRECY,RD 44,325584,0,3,RD,44,0,2,16,300,0,1,0,0,,1,14,0,1,0,0
2,7,2,2,3,60,FRANCE,PICARDIE,057,60057,BEAUVAIS,RUE DE SAINT JUST EN CHAUSSEE,325596,0,4,VC,0,2,2,,,0,1,,,,1,7,0,1,0,0
1,6,6,1,3,60,FRANCE,PICARDIE,159,60159,COMPIEGNE,ROND-POINT-GUY DANIELOU,325598,0,4,VC,0,4,2,0,1,0,1,,,,1,7,0,1,0,0
1,7,1,1,6,60,FRANCE,PICARDIE,057,60057,BEAUVAIS,RUE JEAN DE LIGNIERES,325608,0,4,VC,0,1,2,,,0,1,,,,1,7,0,1,0,0
1,5,1,1,6,60,FRANCE,PICARDIE,382,60382,MARGNY-LES-COMPIEGNE,AVENUE OCTAVE BUTIN,325618,0,4,VC,0,2,2,,,0,1,,,,1,10,0,1,0,0
1,1,3,1,1,60,FRANCE,PICARDIE,310,60310,HERCHIES,RD 133,325632,0,3,RD,133,2,2,1,700,0,1,0,0,,1,7,0,1,0,0
1,7,1,1,3,60,FRANCE,PICARDIE,057,60057,BEAUVAIS,VC 0,325703,0,4,VC,0,1,3,,,0,1,,,,1,7,0,1,0,0
3,1,1,2,2,60,FRANCE,PICARDIE,463,60463,NOGENT-SUR-OISE,RD 200,325705,0,3,RD,200,4,4,,,0,1,,,,1,7,0,1,0,0
1,4,6,2,1,60,FRANCE,PICARDIE,104,60104,BRETEUIL,RD 930,325757,0,3,RD,930,2,2,43,0,0,1,0,0,,1,7,0,1,0,0
2,3,2,1,1,60,FRANCE,PICARDIE,456,60456,LANEUVILLEROY,RD 152,325769,5,3,RD,152,2,2,11,0,0,1,0,0,,1,7,0,1,0,0
1,5,1,1,1,60,FRANCE,PICARDIE,509,60509,PONT-SAINTE-MAXENCE,,325816,0,4,VC,,2,0,0,0,0,1,4931100,257900,,1,7,0,1,0,0
1,7,3,2,3,60,FRANCE,PICARDIE,057,60057,BEAUVAIS,BOULEVARD DE L'ILE DE FRANCE,325848,5,4,VC,0,0,1,,,0,1,,,,1,7,0,1,0,0
1,7,1,8,6,60,FRANCE,PICARDIE,057,60057,BEAUVAIS,AVENUE JEAN MOULIN,325849,0,4,VC,0,2,2,,,0,1,,,,1,,,,,
5,7,1,1,6,60,FRANCE,PICARDIE,057,60057,BEAUVAIS,BOULEVARD SAINT ANDRE,325850,0,4,VC,0,2,2,,,0,1,,,,1,7,0,1,0,0
5,5,1,2,6,60,FRANCE,PICARDIE,463,60463,NOGENT-SUR-OISE,RUE DU PROFESSEUR CALMETTE,325875,0,4,VC,0,2,2,,,0,1,,,,1,7,0,1,0,0
1,6,2,1,3,61,FRANCE,BASSE-NORMANDIE,001,61001,ALENCON,RUE D'ECHAUFFOUR,325908,0,4,VC,0,0,2,,,2,5,,,,1,7,0,1,0,0
1,4,1,1,3,61,FRANCE,BASSE-NORMANDIE,293,61293,MORTAGNE-AU-PERCHE,RD 912,325912,0,3,RD,912,2,2,0,0,0,1,0,0,,1,14,0,1,0,0
1,1,1,1,6,61,FRANCE,BASSE-NORMANDIE,001,61001,ALENCON,BOULEVARD DE LA REPUBLIQUE,325926,0,4,VC,0,0,2,,,1,5,,,,1,,0,1,0,0
1,4,4,1,1,61,FRANCE,BASSE-NORMANDIE,508,61508,VIMOUTIERS,RD 979,325934,0,3,RD,979,2,2,0,0,0,1,0,0,,1,15,0,1,0,0
3,1,1,2,2,61,FRANCE,BASSE-NORMANDIE,050,61050,BOISSY-MAUGIS,RD 10,325989,0,3,RD,10,2,2,12,0,0,3,0,0,,1,7,0,1,0,0
1,1,1,1,3,61,FRANCE,BASSE-NORMANDIE,145,61145,DOMFRONT,RD 908,325996,0,3,RD,908,2,2,0,0,0,3,0,0,,1,10,0,1,0,0
1,1,1,1,2,61,FRANCE,BASSE-NORMANDIE,486,61486,TINCHEBRAY,RD 924,326005,0,3,RD,924,4,0,63,78,0,3,4878100,-76900,,1,7,0,1,0,0
1,1,2,1,1,61,FRANCE,BASSE-NORMANDIE,210,61210,JOUE-DU-PLAIN,RD 204,326010,0,3,RD,204,2,0,2,600,0,1,4869500,-11400,,1,7,0,1,0,0
1,3,1,1,6,61,FRANCE,BASSE-NORMANDIE,484,61484,THEIL (LE),RD 107,326014,0,3,RD,107,2,2,0,0,0,1,4827000,68800,,1,7,0,1,0,0
1,1,1,1,2,61,FRANCE,BASSE-NORMANDIE,102,61102,CHATELLIER (LE),RD 962,326026,0,3,RD,962,2,2,27,850,0,1,0,0,,1,7,0,1,0,0
1,5,6,2,3,61,FRANCE,BASSE-NORMANDIE,006,61006,ARGENTAN,RUE DU PATY,326039,5,4,VC,0,1,1,,,0,1,,,,1,7,0,1,0,0
1,1,3,1,3,61,FRANCE,BASSE-NORMANDIE,415,61415,SAINT-LEGER-SUR-SARTHE,RD 511,326040,0,3,RD,511,2,2,0,0,0,1,0,0,,1,10,0,1,0,0
1,1,1,1,1,61,FRANCE,BASSE-NORMANDIE,292,61292,MONTSECRET,RD 911,326061,0,3,RD,911,2,2,17,700,0,3,0,0,,1,7,0,1,0,0
1,2,7,1,3,61,FRANCE,BASSE-NORMANDIE,326,61326,PERROU,Autre 0,326095,6,9,Autre,0,0,0,0,0,0,0,0,0,,1,7,0,1,0,0
1,5,1,1,6,61,FRANCE,BASSE-NORMANDIE,006,61006,ARGENTAN,AVENUE DE PARIS,326098,0,2,RN,0,0,0,,,0,4,,,,1,,0,1,0,0
1,3,1,1,1,61,FRANCE,BASSE-NORMANDIE,258,61258,MELE-SUR-SARTHE (LE),RD 4,326100,0,3,RD,4,2,2,0,0,0,1,0,0,,1,7,0,1,0,0
1,1,9,1,3,61,FRANCE,BASSE-NORMANDIE,093,61093,CHANU,RD 225,326106,0,3,RD,225,2,2,14,100,0,1,0,0,,1,7,0,1,0,0
1,4,1,1,3,61,FRANCE,BASSE-NORMANDIE,391,61391,SAINT-GEORGES-DES-GROSEILLERS,RUE ANDRE LETARD,326110,0,4,VC,0,2,2,,,0,1,,,,1,10,0,1,0,0
1,4,1,1,7,61,FRANCE,BASSE-NORMANDIE,397,61397,SAINT-GERMAIN-DU-CORBEIS,RUE DU GENERAL LECLERC,326121,0,4,VC,0,2,2,,,0,1,,,,1,7,0,1,0,0
1,5,1,1,2,61,FRANCE,BASSE-NORMANDIE,169,61169,FLERS,RUE RICHARD LENOIR ,326123,0,4,VC,0,2,2,,,0,1,,,,1,2,0,0,0,1
1,6,1,1,3,61,FRANCE,BASSE-NORMANDIE,001,61001,ALENCON,RUE HENRI BECQUEREL,326194,0,4,VC,0,2,2,0,0,0,1,,,,1,7,0,1,0,0
1,6,1,1,6,61,FRANCE,BASSE-NORMANDIE,001,61001,ALENCON,BOULEVARD DE STRASBOURG,326200,0,3,RD,112,2,2,3,300,0,1,4843410,9416,,1,7,0,1,0,0
1,1,1,1,3,61,FRANCE,BASSE-NORMANDIE,168,61168,FERTE-MACE (LA),RD 20,326212,0,3,RD,20,2,2,5,650,0,1,4854760,-36760,,1,7,0,1,0,0
1,5,4,1,3,61,FRANCE,BASSE-NORMANDIE,006,61006,ARGENTAN,ROUTE CRENNES,326218,0,3,RD,916,2,2,30,679,0,1,4874890,-1441,,1,13,0,1,0,0
1,3,1,1,2,61,FRANCE,BASSE-NORMANDIE,466,61466,SELLE-LA-FORGE (LA),LIEU-DIT LA RIVIERE,326238,0,3,RD,18,2,2,23,580,0,1,4873920,-55566,,1,7,0,1,0,0
2,1,1,1,3,61,FRANCE,BASSE-NORMANDIE,145,61145,DOMFRONT,RD 962,326240,0,3,RD,962,2,3,15,200,0,1,0,0,,1,10,0,1,0,0
1,6,2,1,3,61,FRANCE,BASSE-NORMANDIE,001,61001,ALENCON,BOULEVARD MEZERAY,326250,0,3,RD,112,2,2,4,445,0,1,4843810,8027,,1,7,0,1,0,0
1,2,3,1,3,61,FRANCE,BASSE-NORMANDIE,326,61326,PERROU,VC 2,326261,0,4,VC,2,2,2,0,0,0,1,0,0,,1,10,0,1,0,0
1,1,3,1,3,61,FRANCE,BASSE-NORMANDIE,044,61044,BERJOU,RD 15,326271,0,3,RD,15,2,2,43,910,0,1,4884100,-49404,,1,7,0,1,0,0
1,5,3,1,3,61,FRANCE,BASSE-NORMANDIE,006,61006,ARGENTAN,RUE DES ANCIENS LAVOIRS,326272,0,4,VC,0,2,2,0,0,0,1,,,,1,7,0,1,0,0
1,3,3,1,3,61,FRANCE,BASSE-NORMANDIE,405,61405,SAINT-HILAIRE-SUR-ERRE,RD 211,326279,0,3,RD,211,0,2,2,130,0,1,4831280,73860,,1,10,0,1,0,0
1,1,3,1,3,61,FRANCE,BASSE-NORMANDIE,412,61412,SAINT-JULIEN-SUR-SARTHE,RN 12,326296,5,2,RN,12,3,4,40,790,0,1,4850620,37003,,1,7,0,1,0,0
1,1,1,1,2,61,FRANCE,BASSE-NORMANDIE,456,61456,SAINT-SULPICE-SUR-RISLE,RD 930,326297,0,3,RD,930,2,2,2,300,0,1,4878400,66153,,1,7,0,1,0,0