lum,agg,int,atm,col,dep_bis,pays,region,com_bis,com_codeINSEE,communes,N_voie,numac,infra,catr,type_route,voie,circ,nbv,pr,pr1,vosp,situ,lat,long,adr,accident_velo,vehicule_imp,cycl_mort,cycl_bgv,cycl_blg,cycl_indm
3,1,1,4,2,61,FRANCE,BASSE-NORMANDIE,356,61356,ROUGE (LA),RD 11,326312,0,3,RD,11,2,2,4,800,0,1,4830200,71236,,1,7,0,1,0,0
1,2,1,1,3,61,FRANCE,BASSE-NORMANDIE,352,61352,RONAI,RD 245,326324,0,3,RD,245,2,2,11,800,0,1,0,0,,1,7,0,1,0,0
1,1,2,1,3,61,FRANCE,BASSE-NORMANDIE,091,61091,CHAMPSECRET,RD 21,326332,5,3,RD,21,2,2,43,579,0,1,0,0,,1,7,0,1,0,0
1,1,2,7,3,61,FRANCE,BASSE-NORMANDIE,091,61091,CHAMPSECRET,RD 335,326333,,3,RD,335,2,2,0,0,,1,0,0,,1,7,0,1,0,0
5,6,2,1,6,61,FRANCE,BASSE-NORMANDIE,001,61001,ALENCON,QUAI HENRI DUNANT,326380,0,4,VC,0,2,2,,,0,1,,,,1,7,0,1,0,0
1,5,3,1,3,61,FRANCE,BASSE-NORMANDIE,006,61006,ARGENTAN,RUE DES BATTAGES,326385,0,4,VC,0,2,2,,,0,1,,,,1,7,0,1,0,0
1,7,2,1,3,62,FRANCE,NORD-PAS-DE-CALAIS,193,62193,CALAIS,RN 0,326402,0,2,RN,0,2,2,1,0,0,0,,,,1,7,0,1,0,0
5,7,3,1,3,62,FRANCE,NORD-PAS-DE-CALAIS,193,62193,CALAIS,VC 0,326403,0,4,VC,0,2,2,1,0,0,1,,,,1,7,0,1,0,0
1,5,6,1,3,62,FRANCE,NORD-PAS-DE-CALAIS,133,62133,BILLY-MONTIGNY,AVENUE DE LA REPUBLIQUE,326406,0,4,VC,0,1,2,,,0,1,,,,1,7,0,1,0,0
1,1,1,1,3,62,FRANCE,NORD-PAS-DE-CALAIS,770,62770,SAINT-VENANT,RD 186,326422,0,3,RD,186,2,2,15,900,0,1,0,0,,1,7,0,1,0,0
1,6,3,1,3,62,FRANCE,NORD-PAS-DE-CALAIS,178,62178,BRUAY-LA-BUISSIERE,ARTOIS,326487,0,4,VC,0,2,2,,,0,1,,,,1,7,0,1,0,0
1,5,1,1,3,62,FRANCE,NORD-PAS-DE-CALAIS,767,62767,SAINT-POL-SUR-TERNOISE,RD 343,326523,5,3,RD,343,2,2,0,0,0,1,5038500,233700,,1,14,0,1,0,0
1,1,1,1,6,62,FRANCE,NORD-PAS-DE-CALAIS,513,62513,LIGNY-SUR-CANCHE,RD 941,326526,0,3,RD,941,2,2,0,0,0,1,5028400,226600,,1,,0,1,0,0
1,5,2,1,3,62,FRANCE,NORD-PAS-DE-CALAIS,108,62108,BERCK,HUIT MAI,326532,5,4,VC,0,2,2,,,0,1,,,,1,7,0,1,0,0
1,5,1,1,1,62,FRANCE,NORD-PAS-DE-CALAIS,215,62215,CARVIN,RUE SALVADOR ALLENDE ,326538,0,4,VC,0,2,2,,,0,1,,,,1,7,0,1,0,0
1,4,1,1,3,62,FRANCE,NORD-PAS-DE-CALAIS,573,62573,MEURCHIN,RUE CASIMIR BEUGNET,326541,0,3,RD,0,2,2,,,0,1,,,,1,7,0,1,0,0
1,1,9,1,6,62,FRANCE,NORD-PAS-DE-CALAIS,510,62510,LIEVIN,PARKING CARREFOUR,326547,0,6,Parking,0,1,1,,,0,0,,,,1,10,0,1,0,0
1,5,1,1,3,62,FRANCE,NORD-PAS-DE-CALAIS,040,62040,ARQUES,RUE DES ARDENNES,326551,0,4,VC,0,2,2,,,0,1,,,,1,7,0,1,0,0
1,3,1,1,1,62,FRANCE,NORD-PAS-DE-CALAIS,284,62284,ECOURT-SAINT-QUENTIN,RD 13,326559,0,3,RD,13,2,2,9,500,0,1,0,0,,1,7,0,1,0,0
1,5,1,1,6,62,FRANCE,NORD-PAS-DE-CALAIS,250,62250,COURRIERES,RUE MASSENET,326582,0,4,VC,0,1,1,,,0,1,,,,1,14,0,1,0,0
1,6,3,1,3,62,FRANCE,NORD-PAS-DE-CALAIS,427,62427,HENIN-BEAUMONT,BOULEVARD JOHN FITZGERALD KENNEDY,326585,0,4,VC,0,2,2,,,0,1,,,,1,7,0,1,0,0
1,6,3,1,3,62,FRANCE,NORD-PAS-DE-CALAIS,498,62498,LENS,VOIRIE COMMUNALE GRAND CHEMIN DE LOOS,326588,0,4,VC,0,1,1,,,0,1,,,,1,7,0,1,0,0
1,6,1,1,3,62,FRANCE,NORD-PAS-DE-CALAIS,427,62427,HENIN-BEAUMONT,RUE AMPERE ,326624,0,6,Parking,0,1,0,,,0,1,,,,1,7,0,1,0,0
1,5,1,1,6,62,FRANCE,NORD-PAS-DE-CALAIS,386,62386,GRENAY,BOULEVARD DE LA PLAINE,326628,0,4,VC,0,2,2,,,0,1,,,,1,7,0,1,0,0
1,5,3,1,3,62,FRANCE,NORD-PAS-DE-CALAIS,570,62570,MERICOURT,DOURGES,326640,0,4,VC,0,2,2,,,0,1,,,,1,7,0,1,0,0
1,5,1,1,7,62,FRANCE,NORD-PAS-DE-CALAIS,893,62893,WIMEREUX,RUE NOTRE DAME,326647,0,4,VC,0,1,1,,,0,1,,,,1,,,,,
1,4,1,1,3,62,FRANCE,NORD-PAS-DE-CALAIS,571,62571,MERLIMONT,RD 144,326670,0,3,RD,144,2,0,0,0,0,1,5046700,157900,,1,7,0,1,0,0
1,3,1,1,1,62,FRANCE,NORD-PAS-DE-CALAIS,097,62097,BEAUMETZ-LES-LOGES,RN 25,326683,0,2,RN,25,2,0,0,0,0,1,5024500,266000,,1,7,0,1,0,0
1,3,1,1,3,62,FRANCE,NORD-PAS-DE-CALAIS,440,62440,HERMIES,DU PREMIER MAI,326702,0,4,VC,0,2,1,,,0,1,,,,1,99,0,1,0,0
1,1,9,1,1,62,FRANCE,NORD-PAS-DE-CALAIS,239,62239,COQUELLES,PONT A 3 PLANCHES,326704,0,4,VC,0,2,2,1,0,0,1,,,,1,7,0,1,0,0
1,5,2,1,3,62,FRANCE,NORD-PAS-DE-CALAIS,617,62617,NOEUX-LES-MINES,CD 937 ROUTE NATIONALE,326712,0,3,RD,0,2,2,,,0,1,,,,1,7,0,1,0,0
1,5,9,1,6,62,FRANCE,NORD-PAS-DE-CALAIS,014,62014,AIRE-SUR-LA-LYS,Autre 0,326728,0,9,Autre,0,2,2,0,0,0,1,0,0,,1,7,0,1,0,0
1,6,6,1,3,62,FRANCE,NORD-PAS-DE-CALAIS,041,62041,ARRAS,BOCQUET FLOCHEL,326740,0,4,VC,0,2,2,,,0,1,,,,1,7,0,1,0,0
1,4,1,1,3,62,FRANCE,NORD-PAS-DE-CALAIS,057,62057,AUDRUICQ,RD 219,326765,0,3,RD,219,2,2,0,0,0,1,0,0,,1,7,0,1,0,0
1,3,1,1,3,62,FRANCE,NORD-PAS-DE-CALAIS,036,62036,ANVIN,RD 70,326766,0,3,RD,70,2,2,0,0,0,1,0,0,,1,7,0,1,0,0
1,5,1,1,1,62,FRANCE,NORD-PAS-DE-CALAIS,645,62645,OYE-PLAGE,Autre 0,326772,0,9,Autre,0,2,2,0,0,0,1,5097000,203000,,1,7,0,1,0,0
5,4,6,8,3,62,FRANCE,NORD-PAS-DE-CALAIS,037,62037,ANZIN-SAINT-AUBIN,RUE ROGER SALENGRO,326805,0,3,RD,0,2,2,,,0,1,,,,1,7,0,1,0,0
2,3,1,1,2,62,FRANCE,NORD-PAS-DE-CALAIS,652,62652,PERNES,RD 916,326858,0,3,RD,916,2,2,0,0,0,1,0,0,,1,7,0,1,0,0
1,5,2,1,3,62,FRANCE,NORD-PAS-DE-CALAIS,004,62004,ACHICOURT,RAOUL BRIQUET,326867,5,3,RD,0,2,3,,,0,1,,,,1,7,0,1,0,0
1,5,1,2,2,62,FRANCE,NORD-PAS-DE-CALAIS,570,62570,MERICOURT,CAMILLE DESMOULIN,326870,0,4,VC,0,2,2,,,0,1,,,,1,10,0,1,0,0
5,6,2,1,3,62,FRANCE,NORD-PAS-DE-CALAIS,119,62119,BETHUNE,RUE D'AMIENS,326873,5,4,VC,0,2,2,2,0,0,1,,,,1,7,0,1,0,0
3,1,1,1,1,62,FRANCE,NORD-PAS-DE-CALAIS,573,62573,MEURCHIN,RD 165,326887,0,3,RD,0,2,2,,,0,1,,,,1,7,0,1,0,0
2,6,1,1,1,62,FRANCE,NORD-PAS-DE-CALAIS,510,62510,LIEVIN,RUE EMILE ZOLA,326893,0,4,VC,0,2,2,,,0,0,,,,1,7,0,1,0,0
1,5,1,2,6,62,FRANCE,NORD-PAS-DE-CALAIS,318,62318,ETAPLES,VC 0,326901,0,4,VC,0,2,2,0,0,0,1,5052000,164600,,1,7,0,1,0,0
1,4,1,1,1,62,FRANCE,NORD-PAS-DE-CALAIS,038,62038,ARDRES,VC 0,326903,0,4,VC,0,1,1,0,0,0,0,5085900,197700,,1,2,0,1,0,0
2,1,1,6,3,62,FRANCE,NORD-PAS-DE-CALAIS,019,62019,AIX-NOULETTE,RUE DE BETHUNE,326923,0,3,RD,0,2,2,12,800,1,0,,,,1,7,0,1,0,0
1,6,3,1,3,62,FRANCE,NORD-PAS-DE-CALAIS,041,62041,ARRAS,MONTGOLFIER,327003,0,4,VC,0,2,2,,,0,1,,,,1,7,0,1,0,0
1,6,1,1,6,62,FRANCE,NORD-PAS-DE-CALAIS,119,62119,BETHUNE,RUE DU PRE DES SOEURS,327008,0,4,VC,0,2,2,2,0,0,1,,,,1,10,0,1,0,0
1,5,1,1,6,62,FRANCE,NORD-PAS-DE-CALAIS,523,62523,LOISON-SOUS-LENS,RUE DE LENS,327017,0,4,VC,0,2,2,,,0,1,,,,1,7,0,1,0,0
1,1,1,1,1,62,FRANCE,NORD-PAS-DE-CALAIS,824,62824,TORTEFONTAINE,RD 119,327029,0,3,RD,119,2,2,19,0,0,1,0,0,,1,7,0,1,0,0
5,7,1,1,6,62,FRANCE,NORD-PAS-DE-CALAIS,193,62193,CALAIS,AVENUE SAINT EXUPERY,327041,0,4,VC,0,3,2,1,0,0,1,,,,1,7,0,1,0,0
1,2,1,1,3,62,FRANCE,NORD-PAS-DE-CALAIS,251,62251,COURSET,VC 0,327054,0,4,VC,0,2,2,0,0,0,1,0,0,,1,7,0,1,0,0
1,6,3,1,5,62,FRANCE,NORD-PAS-DE-CALAIS,178,62178,BRUAY-LA-BUISSIERE,DU PEROU,327073,0,4,VC,0,1,2,,,0,1,,,,1,7,0,1,0,0
1,5,1,1,3,62,FRANCE,NORD-PAS-DE-CALAIS,249,62249,COURCELLES-LES-LENS,RUE CHARCOT,327080,0,4,VC,0,2,2,,,0,1,,,,1,10,0,1,0,0
1,5,1,1,6,62,FRANCE,NORD-PAS-DE-CALAIS,065,62065,AVION,BOULEVARD MAURICE THOREZ,327104,2,4,VC,0,3,1,,,0,1,,,,1,7,0,1,0,0
2,5,9,1,3,62,FRANCE,NORD-PAS-DE-CALAIS,563,62563,MAZINGARBE,RUE VICTOR HUGO,327117,0,4,VC,0,1,2,,,0,0,,,,1,7,0,1,0,0
1,2,1,1,1,62,FRANCE,NORD-PAS-DE-CALAIS,307,62307,ESCALLES,RD 243,327126,0,3,RD,243,2,0,0,0,0,1,5091900,172700,,1,7,0,1,0,0
5,7,1,1,6,62,FRANCE,NORD-PAS-DE-CALAIS,193,62193,CALAIS,BOULEVARD GAMBETTA,327138,0,4,VC,0,2,2,,,0,1,,,,1,7,0,1,0,0
1,5,1,8,3,62,FRANCE,NORD-PAS-DE-CALAIS,907,62907,LIBERCOURT,RUE FRANCOIS DELATTRE,327139,0,4,VC,0,2,2,,,0,1,,,,1,7,0,1,0,0
1,2,1,1,1,62,FRANCE,NORD-PAS-DE-CALAIS,121,62121,BEUGNATRE,VC 0,327147,0,4,VC,0,2,2,0,0,0,1,5013300,287600,,1,7,0,1,0,0
1,5,1,1,2,62,FRANCE,NORD-PAS-DE-CALAIS,048,62048,AUCHEL,BERNARD,327167,0,4,VC,0,2,2,,,0,1,,,,1,7,0,1,0,0
1,5,1,1,6,62,FRANCE,NORD-PAS-DE-CALAIS,249,62249,COURCELLES-LES-LENS,RUE RAOUL BRIQUET,327180,0,4,VC,0,2,2,,,0,1,,,,1,7,0,1,0,0
1,6,1,1,2,62,FRANCE,NORD-PAS-DE-CALAIS,510,62510,LIEVIN,RUE JULES FERRY,327190,0,4,VC,0,2,2,,,0,0,,,,1,30,0,1,0,0
1,5,3,1,3,62,FRANCE,NORD-PAS-DE-CALAIS,737,62737,SAINS-EN-GOHELLE,RUE DE TOULON,327191,0,4,VC,0,4,2,,,3,1,,,,1,7,0,1,0,1
1,5,3,1,3,62,FRANCE,NORD-PAS-DE-CALAIS,617,62617,NOEUX-LES-MINES,SENTIER DE LA GARE,327192,0,4,VC,0,1,1,,,0,1,,,,1,7,0,1,0,0
2,5,1,1,1,62,FRANCE,NORD-PAS-DE-CALAIS,014,62014,AIRE-SUR-LA-LYS,RD 186,327206,0,3,RD,186,2,2,0,0,0,1,0,0,,1,7,0,1,0,0
1,5,2,1,3,62,FRANCE,NORD-PAS-DE-CALAIS,516,62516,LILLERS,CIRCONSCRIPTION,327216,0,4,VC,0,2,2,,,0,1,,,,1,7,0,1,0,0
1,5,1,1,3,62,FRANCE,NORD-PAS-DE-CALAIS,637,62637,OIGNIES,RUE ERNEST RENAN,327224,0,4,VC,0,1,2,,,0,1,,,,1,7,0,1,0,0
2,5,1,2,1,62,FRANCE,NORD-PAS-DE-CALAIS,563,62563,MAZINGARBE,RUE LAMARTINE,327230,0,4,VC,0,2,2,,,0,0,,,,1,7,0,1,0,0
1,5,3,1,3,62,FRANCE,NORD-PAS-DE-CALAIS,617,62617,NOEUX-LES-MINES,RUE DE VERQUIGNEUL,327254,0,4,VC,0,2,2,,,0,1,,,,1,7,0,1,0,0
5,2,1,1,3,62,FRANCE,NORD-PAS-DE-CALAIS,866,62866,WABEN,RD 940,327262,0,3,RD,940,2,2,14,100,0,1,0,0,,1,7,0,1,0,0
4,6,1,1,6,62,FRANCE,NORD-PAS-DE-CALAIS,498,62498,LENS,RUE LEON DROUX,327300,0,4,VC,0,2,2,,,0,1,,,,1,7,0,1,0,0
1,5,1,1,6,62,FRANCE,NORD-PAS-DE-CALAIS,108,62108,BERCK,SOUBITEZ,327315,0,4,VC,0,2,2,,,0,4,,,,1,,0,0,0,1
1,4,1,7,6,62,FRANCE,NORD-PAS-DE-CALAIS,573,62573,MEURCHIN,CITE DE LA GARE,327323,0,4,VC,0,1,1,,,0,1,,,,1,,0,0,0,1
1,1,1,1,1,62,FRANCE,NORD-PAS-DE-CALAIS,358,62358,FRESNOY-EN-GOHELLE,RD 919,327327,0,3,RD,919,2,2,0,0,0,1,5037400,288800,,1,7,0,1,0,0
1,1,1,1,1,62,FRANCE,NORD-PAS-DE-CALAIS,038,62038,ARDRES,RD 943,327333,0,3,RD,943,0,0,91,5,0,1,0,0,,1,7,0,1,0,0
1,5,1,1,7,62,FRANCE,NORD-PAS-DE-CALAIS,570,62570,MERICOURT,BOULEVARD SALVADOR ALLENDE,327335,0,4,VC,0,2,2,,,0,1,,,,1,,0,1,0,0
1,2,1,1,6,62,FRANCE,NORD-PAS-DE-CALAIS,218,62218,CAUCOURT,RUE VICTOR HUGO,327345,0,4,VC,0,2,2,,,0,1,,,,1,7,0,1,0,0
1,6,2,1,1,62,FRANCE,NORD-PAS-DE-CALAIS,041,62041,ARRAS,AVENUE PAUL MICHONNEAU,327347,5,4,VC,0,2,4,29,800,0,0,,,,1,14,0,1,0,0
1,4,3,1,1,62,FRANCE,NORD-PAS-DE-CALAIS,757,62757,SAINT-MARTIN-AU-LAERT,RUE DES CORMETTES,327361,0,3,RD,0,3,2,,,0,1,,,,1,7,0,1,0,0
1,5,9,1,3,62,FRANCE,NORD-PAS-DE-CALAIS,413,62413,HARNES,AVENUE BARBUSSE,327417,0,4,VC,0,2,2,,,0,1,,,,1,30,0,1,0,0
1,3,1,1,1,62,FRANCE,NORD-PAS-DE-CALAIS,284,62284,ECOURT-SAINT-QUENTIN,VC 0,327426,0,4,VC,0,2,0,0,0,0,1,5025600,307200,,1,7,0,1,0,0
1,4,6,1,3,62,FRANCE,NORD-PAS-DE-CALAIS,297,62297,EPERLECQUES,RD 207,327438,0,3,RD,207,0,1,0,0,0,1,5082500,219600,,1,7,0,1,0,0
1,1,3,1,3,62,FRANCE,NORD-PAS-DE-CALAIS,906,62906,ZUTKERQUE,VC 0,327447,0,4,VC,0,0,0,0,0,0,1,5086300,206300,,1,7,0,1,0,0
1,1,1,1,6,62,FRANCE,NORD-PAS-DE-CALAIS,570,62570,MERICOURT,D 262,327454,0,3,RD,0,2,3,,,0,1,,,,1,7,0,1,0,0
1,5,6,1,3,62,FRANCE,NORD-PAS-DE-CALAIS,108,62108,BERCK,RAISINS,327456,5,4,VC,0,1,2,,,0,1,,,,1,7,0,1,0,0
1,6,1,1,6,62,FRANCE,NORD-PAS-DE-CALAIS,498,62498,LENS,AVENUE DE LA FOSSE 12,327461,0,4,VC,0,2,2,,,0,1,,,,1,7,0,1,0,0
1,5,1,1,6,62,FRANCE,NORD-PAS-DE-CALAIS,737,62737,SAINS-EN-GOHELLE,ROUTE NATIONALE,327469,0,3,RD,0,2,1,,,0,1,,,,1,13,0,1,0,0
1,4,1,1,3,62,FRANCE,NORD-PAS-DE-CALAIS,447,62447,HESDIN,RD 349,327487,5,3,RD,349,2,3,0,0,0,1,5037000,204000,,1,34,0,1,0,0
1,5,3,1,3,62,FRANCE,NORD-PAS-DE-CALAIS,753,62753,SAINT-LAURENT-BLANGY,PLACE MENDES FRANCE,327495,0,4,VC,0,2,2,,,0,0,,,,1,7,0,1,0,0
1,7,1,1,3,62,FRANCE,NORD-PAS-DE-CALAIS,193,62193,CALAIS,DIGUE GASTON BERTHE,327503,0,4,VC,0,1,1,,,2,5,,,,1,7,0,1,0,0
2,4,6,3,3,62,FRANCE,NORD-PAS-DE-CALAIS,019,62019,AIX-NOULETTE,RUE FROIDE,327510,0,4,VC,0,1,2,,,0,1,,,,1,7,0,1,0,0
1,6,9,1,1,62,FRANCE,NORD-PAS-DE-CALAIS,160,62160,BOULOGNE-SUR-MER,RUE GEORGES GUYNEMER,327523,0,4,VC,0,2,0,,,0,1,,,,1,7,0,1,0,0
1,2,3,7,3,62,FRANCE,NORD-PAS-DE-CALAIS,218,62218,CAUCOURT,RUE JUSTUS BULTEZ,327529,0,4,VC,0,2,2,,,0,0,,,,1,7,0,1,0,0
1,5,1,1,3,62,FRANCE,NORD-PAS-DE-CALAIS,083,62083,BARLIN,RUE DE FRESNICOURT,327531,0,4,VC,0,2,2,,,0,1,,,,1,7,0,1,0,0
1,5,1,1,1,62,FRANCE,NORD-PAS-DE-CALAIS,473,62473,ISBERGUES,RD 187,327545,0,3,RD,187,2,2,0,0,0,1,0,0,,1,30,0,0,0,1
1,1,1,1,3,62,FRANCE,NORD-PAS-DE-CALAIS,510,62510,LIEVIN,AVENUE FRANCOIS MITERRAND,327566,6,3,RD,0,2,2,,,0,0,,,,1,7,0,1,0,0
1,4,1,1,6,62,FRANCE,NORD-PAS-DE-CALAIS,261,62261,CUCQ,RD 940,327582,0,3,RD,940,2,0,0,0,0,1,5050100,162700,,1,,0,1,0,0
1,6,2,1,3,62,FRANCE,NORD-PAS-DE-CALAIS,041,62041,ARRAS,AVENUE JOHN KENNEDY,327583,5,3,RD,0,2,2,,,0,1,,,,1,10,0,1,0,0
1,5,6,1,3,62,FRANCE,NORD-PAS-DE-CALAIS,108,62108,BERCK,PARIS,327587,0,3,RD,0,1,1,,,0,1,,,,1,7,0,1,0,0
1,4,3,1,3,62,FRANCE,NORD-PAS-DE-CALAIS,321,62321,EVIN-MALMAISON,CITE CORNUAULT,327598,0,4,VC,0,2,2,,,0,1,,,,1,7,0,1,0,0
2,5,1,1,2,62,FRANCE,NORD-PAS-DE-CALAIS,186,62186,BULLY-LES-MINES,BOULEVARD D'ALSACE,327605,0,4,VC,0,2,2,,,0,0,,,,1,7,0,1,0,0
1,5,8,2,3,62,FRANCE,NORD-PAS-DE-CALAIS,737,62737,SAINS-EN-GOHELLE,RUE DU PRINCE,327607,0,4,VC,0,3,2,,,0,1,,,,1,10,0,1,0,0
1,1,3,5,1,62,FRANCE,NORD-PAS-DE-CALAIS,080,62080,BAPAUME,RD 7,327608,0,3,RD,7,2,2,0,0,0,1,0,0,,1,10,0,1,0,0
3,4,1,2,6,62,FRANCE,NORD-PAS-DE-CALAIS,201,62201,CAMIERS,VC 5,327617,0,4,VC,5,2,2,0,0,0,1,5057000,160000,,1,,0,1,0,0
3,5,1,2,6,62,FRANCE,NORD-PAS-DE-CALAIS,244,62244,COULOGNE,RN 43,327631,0,3,RD,0,2,2,1,0,0,1,,,,1,99,0,1,0,0
1,3,2,1,1,62,FRANCE,NORD-PAS-DE-CALAIS,174,62174,BREMES,VC 0,327652,0,4,VC,0,1,1,0,0,0,1,5086000,197000,,1,7,0,1,0,0
3,1,1,8,2,62,FRANCE,NORD-PAS-DE-CALAIS,627,62627,NOYELLES-SOUS-BELLONNE,RD 44,327687,0,3,RD,44,2,2,0,0,0,1,5032300,302500,,1,7,0,1,0,0
1,5,1,7,2,62,FRANCE,NORD-PAS-DE-CALAIS,473,62473,ISBERGUES,VC 0,327689,0,4,VC,0,2,2,0,0,0,1,0,0,,1,7,0,1,0,0
1,5,1,1,6,62,FRANCE,NORD-PAS-DE-CALAIS,570,62570,MERICOURT,PREMIER MAI,327730,0,4,VC,0,1,1,,,0,1,,,,1,,0,0,0,1
1,2,2,1,3,62,FRANCE,NORD-PAS-DE-CALAIS,095,62095,BEAUMETZ-LES-AIRE,RD 92,327749,0,3,RD,92,2,0,8,900,0,1,5054600,222500,,1,7,0,1,0,0
1,5,1,1,3,62,FRANCE,NORD-PAS-DE-CALAIS,250,62250,COURRIERES,RUE ROGER SALENGRO,327761,0,4,VC,0,2,2,,,0,1,,,,1,3,0,1,0,0
1,7,1,1,6,62,FRANCE,NORD-PAS-DE-CALAIS,193,62193,CALAIS,GRANDE RUE DU PETIT COURGAIN ,327819,0,4,VC,0,2,2,1,0,0,1,,,,1,21,0,1,0,0
1,5,3,1,3,62,FRANCE,NORD-PAS-DE-CALAIS,108,62108,BERCK,VIERGE,327820,0,4,VC,0,2,1,,,0,1,,,,1,30,0,1,0,0
1,4,1,1,3,62,FRANCE,NORD-PAS-DE-CALAIS,038,62038,ARDRES,RD 231,327830,0,3,RD,231,2,0,22,500,0,1,5086000,197200,,1,7,0,1,0,0
1,2,1,1,1,62,FRANCE,NORD-PAS-DE-CALAIS,441,62441,HERMIN,RD 72,327833,5,3,RD,72,2,1,0,0,0,1,0,0,,1,7,0,1,0,0
1,5,1,1,2,62,FRANCE,NORD-PAS-DE-CALAIS,617,62617,NOEUX-LES-MINES,CD 937 ROUTE NATIONALE,327858,0,3,RD,937,0,2,,,0,1,,,,1,7,0,1,0,0
1,6,1,1,6,62,FRANCE,NORD-PAS-DE-CALAIS,427,62427,HENIN-BEAUMONT,BOULEVARD FALLIERES,327859,0,4,VC,0,2,2,,,0,1,,,,1,7,0,1,0,0
1,1,6,1,1,62,FRANCE,NORD-PAS-DE-CALAIS,560,62560,MARQUISE,RD 238,327862,5,3,RD,238,3,0,0,0,0,1,5083200,169300,,1,7,0,1,0,0
1,3,1,1,1,62,FRANCE,NORD-PAS-DE-CALAIS,183,62183,BUIRE-LE-SEC,RD 140,327872,0,3,RD,140,2,0,0,0,0,1,0,0,,1,21,0,1,0,0
1,1,9,1,2,62,FRANCE,NORD-PAS-DE-CALAIS,861,62861,VIMY,RN 17,327880,3,2,RN,17,2,0,88,500,0,1,5036900,279600,,1,7,0,1,0,0
1,5,1,1,1,62,FRANCE,NORD-PAS-DE-CALAIS,014,62014,AIRE-SUR-LA-LYS,RD 196,327906,0,3,RD,196,2,2,0,0,0,1,0,0,,1,7,0,1,0,0
1,1,1,1,2,62,FRANCE,NORD-PAS-DE-CALAIS,332,62332,FICHEUX,RD 919,327910,0,3,RD,919,2,0,17,5,0,0,5022600,276300,,1,7,0,1,0,0
1,3,1,1,1,62,FRANCE,NORD-PAS-DE-CALAIS,054,62054,AUDINGHEN,VC 12,327911,0,4,VC,12,1,0,0,0,0,1,5087100,159000,,1,7,0,1,0,0
1,2,1,8,1,62,FRANCE,NORD-PAS-DE-CALAIS,273,62273,DOUDEAUVILLE,RD 127,327912,0,3,RD,127,2,2,0,0,0,1,0,0,,1,7,0,1,0,0
1,6,2,1,3,62,FRANCE,NORD-PAS-DE-CALAIS,510,62510,LIEVIN,RUE ALBERT DE MUSSET,327923,0,4,VC,0,1,2,,,0,1,,,,1,7,0,1,0,0
5,5,1,1,1,62,FRANCE,NORD-PAS-DE-CALAIS,139,62139,BLENDECQUES,RUE GEORGES SAND,327928,0,3,RD,0,2,2,,,0,0,,,,1,7,0,1,0,0
1,6,1,1,6,62,FRANCE,NORD-PAS-DE-CALAIS,498,62498,LENS,AVENUE DE VARSOVIE,327932,0,4,VC,0,2,3,,,0,1,,,,1,20,0,1,0,0
1,4,2,1,3,62,FRANCE,NORD-PAS-DE-CALAIS,573,62573,MEURCHIN,RD 165,327933,5,3,RD,0,4,2,,,0,1,,,,1,7,0,1,0,0
1,5,1,1,7,62,FRANCE,NORD-PAS-DE-CALAIS,724,62724,ROUVROY,GENERAL DE GAULLE,327953,0,4,VC,0,2,2,,,0,1,,,,1,,0,1,0,0
2,5,2,3,3,62,FRANCE,NORD-PAS-DE-CALAIS,108,62108,BERCK,IMPERATRICE,327966,5,4,VC,0,2,2,,,0,1,,,,1,7,0,1,0,0
5,5,3,2,1,62,FRANCE,NORD-PAS-DE-CALAIS,765,62765,SAINT-OMER,RUE SAINT MARTIN,327981,0,4,VC,0,2,1,,,0,1,,,,1,7,0,1,0,0
1,5,4,1,3,62,FRANCE,NORD-PAS-DE-CALAIS,525,62525,LONGUENESSE,AVENUE GEORGES GUYNEMER,327983,0,4,VC,0,2,2,,,0,1,,,,1,7,0,1,0,0
1,4,1,7,1,62,FRANCE,NORD-PAS-DE-CALAIS,261,62261,CUCQ,RD 940,328001,0,3,RD,940,0,2,22,400,0,1,5051100,162700,,1,14,0,1,0,0
1,5,1,8,3,62,FRANCE,NORD-PAS-DE-CALAIS,215,62215,CARVIN,ROUTE DE LENS,328004,0,4,VC,0,2,2,,,1,1,,,,1,7,0,1,0,0
1,3,6,1,1,62,FRANCE,NORD-PAS-DE-CALAIS,549,62549,MARCONNE,RD 349,328010,5,3,RD,349,2,2,22,700,0,1,5037600,202999,,1,7,0,1,0,0
1,4,1,8,3,62,FRANCE,NORD-PAS-DE-CALAIS,060,62060,AUXI-LE-CHATEAU,RD 941,328012,0,3,RD,941,2,2,0,0,0,1,0,0,,1,7,0,1,0,0
1,1,4,1,1,62,FRANCE,NORD-PAS-DE-CALAIS,338,62338,FLEURBAIX,RD 175,328013,0,3,RD,175,2,2,0,625,0,1,0,0,,1,7,0,1,0,0
1,7,2,1,6,62,FRANCE,NORD-PAS-DE-CALAIS,193,62193,CALAIS,BOULEVARD JACQUARD,328023,0,4,VC,0,2,3,1,0,1,1,,,,1,,0,0,0,2
1,4,1,1,7,62,FRANCE,NORD-PAS-DE-CALAIS,032,62032,ANGRES,ROUTE DE SOUCHEZ,328026,0,4,VC,0,2,2,,,0,1,,,,1,7,0,1,0,0
1,7,2,1,3,62,FRANCE,NORD-PAS-DE-CALAIS,193,62193,CALAIS,BOULEVARD DE L'EGALITE,328030,0,4,VC,0,2,3,1,0,0,1,,,,1,7,0,1,0,0
2,5,1,2,1,62,FRANCE,NORD-PAS-DE-CALAIS,351,62351,FOUQUIERES-LES-LENS,RUE DANIELE CASANOVA,328031,0,4,VC,0,2,2,,,0,1,,,,1,7,0,1,0,0