lum,agg,int,atm,col,dep_bis,pays,region,com_bis,com_codeINSEE,communes,N_voie,numac,infra,catr,type_route,voie,circ,nbv,pr,pr1,vosp,situ,lat,long,adr,accident_velo,vehicule_imp,cycl_mort,cycl_bgv,cycl_blg,cycl_indm
1,5,1,1,6,62,FRANCE,NORD-PAS-DE-CALAIS,570,62570,MERICOURT,CAMILLE DESMOULIN,328034,0,4,VC,0,2,2,,,0,1,,,,1,7,0,1,0,0
1,5,2,1,3,62,FRANCE,NORD-PAS-DE-CALAIS,108,62108,BERCK,MANCHE,328071,0,4,VC,0,2,2,,,0,1,,,,1,7,0,1,0,0
1,7,1,1,6,62,FRANCE,NORD-PAS-DE-CALAIS,193,62193,CALAIS,AVENUE GUYNEMER,328088,0,4,VC,0,3,2,1,0,0,1,,,,1,7,0,1,0,0
5,7,1,1,6,62,FRANCE,NORD-PAS-DE-CALAIS,193,62193,CALAIS,AVENUE GUYNEMER,328092,0,4,VC,0,3,2,1,0,0,1,,,,1,7,0,1,0,0
1,1,4,1,1,62,FRANCE,NORD-PAS-DE-CALAIS,338,62338,FLEURBAIX,RD 175,328099,0,3,RD,175,2,2,0,0,0,1,0,0,,1,7,0,1,0,0
1,5,1,1,7,62,FRANCE,NORD-PAS-DE-CALAIS,570,62570,MERICOURT,JULES MOUSSERON,328117,0,4,VC,0,2,1,,,0,1,,,,1,,0,1,0,0
5,1,9,1,2,62,FRANCE,NORD-PAS-DE-CALAIS,497,62497,LEFOREST,RUE LEO LAGRANGE,328118,0,4,VC,0,2,2,,,0,1,,,,1,7,0,1,0,0
1,5,9,1,1,62,FRANCE,NORD-PAS-DE-CALAIS,249,62249,COURCELLES-LES-LENS,RUE ERNEST RENAN,328125,0,4,VC,0,2,2,,,0,1,,,,1,7,0,1,0,0
1,5,1,1,3,62,FRANCE,NORD-PAS-DE-CALAIS,040,62040,ARQUES,AVENUE FRANCOIS MITTERAND,328127,0,3,RD,0,2,0,,,0,1,,,,1,7,0,1,0,0
1,5,3,1,3,62,FRANCE,NORD-PAS-DE-CALAIS,497,62497,LEFOREST,RUE GUSTAVE DELORY,328170,0,4,VC,0,2,2,,,0,1,,,,1,7,0,1,0,0
1,6,1,1,6,62,FRANCE,NORD-PAS-DE-CALAIS,498,62498,LENS,PAV ARIEL,328187,0,6,Parking,0,0,0,,,0,0,,,,1,,0,0,0,1
1,5,1,1,3,62,FRANCE,NORD-PAS-DE-CALAIS,413,62413,HARNES,ROUTE DE LENS,328190,0,4,VC,0,2,2,,,0,1,,,,1,7,0,1,0,0
1,5,1,1,6,62,FRANCE,NORD-PAS-DE-CALAIS,249,62249,COURCELLES-LES-LENS,RUE DES FUSILLES,328195,0,4,VC,0,2,2,,,0,1,,,,1,7,0,1,0,0
1,5,1,1,3,62,FRANCE,NORD-PAS-DE-CALAIS,215,62215,CARVIN,AVENUE MICHEL MONTAIGNE,328218,0,4,VC,0,2,2,,,0,1,,,,1,7,0,1,0,0
1,6,1,3,3,62,FRANCE,NORD-PAS-DE-CALAIS,041,62041,ARRAS,BOULEVARD FAIDHERBE,328223,0,4,VC,0,3,4,,,0,1,,,,1,7,0,1,0,0
1,5,1,1,1,62,FRANCE,NORD-PAS-DE-CALAIS,215,62215,CARVIN,RUE DU CHEMIN VERT,328244,0,4,VC,0,2,2,,,0,1,,,,1,7,0,1,0,0
1,7,3,1,3,62,FRANCE,NORD-PAS-DE-CALAIS,193,62193,CALAIS,RUE DESCHAMPS,328303,0,4,VC,0,2,2,,,0,1,,,,1,7,0,1,0,0
1,4,2,1,1,62,FRANCE,NORD-PAS-DE-CALAIS,376,62376,GONNEHEM,RD 181,328332,0,3,RD,181,2,2,11,30,0,1,0,0,,1,7,0,1,0,0
1,7,1,1,6,62,FRANCE,NORD-PAS-DE-CALAIS,193,62193,CALAIS,RUE DE VERDUN ,328342,0,4,VC,0,3,2,1,0,2,1,,,,1,7,0,1,0,0
1,5,1,1,3,62,FRANCE,NORD-PAS-DE-CALAIS,250,62250,COURRIERES,RUE ARTHUR LAMENDIN,328343,0,4,VC,0,2,2,,,0,1,,,,1,7,0,1,0,0
1,5,1,1,3,62,FRANCE,NORD-PAS-DE-CALAIS,186,62186,BULLY-LES-MINES,RUE DE LA GARONNE,328346,0,4,VC,0,2,2,,,0,1,,,,1,7,0,1,0,0
1,5,1,1,3,62,FRANCE,NORD-PAS-DE-CALAIS,186,62186,BULLY-LES-MINES,RUE CASIMIR BEUGNET,328352,0,4,VC,0,2,2,,,0,1,,,,1,7,0,1,0,0
4,5,1,3,2,62,FRANCE,NORD-PAS-DE-CALAIS,108,62108,BERCK,HENRI ELBY,328361,0,4,VC,0,1,1,,,0,1,,,,1,7,0,1,0,0
1,2,1,1,1,62,FRANCE,NORD-PAS-DE-CALAIS,302,62302,ERGNY,RD 131,328364,0,3,RD,131,2,2,30,900,0,1,5058700,198400,,1,7,0,1,0,0
1,1,1,1,1,62,FRANCE,NORD-PAS-DE-CALAIS,609,62609,NEUVILLE-SAINT-VAAST,VC 0,328411,0,4,VC,0,2,1,0,0,0,1,5037100,272700,,1,7,0,1,0,0
1,3,3,1,1,62,FRANCE,NORD-PAS-DE-CALAIS,042,62042,ATHIES,RD 37,328421,0,3,RD,37,2,0,0,0,0,1,0,0,,1,7,0,1,0,0
1,4,1,7,3,62,FRANCE,NORD-PAS-DE-CALAIS,706,62706,RICHEBOURG,RD 166,328432,0,3,RD,166,2,0,17,300,0,1,0,0,,1,7,0,1,0,0
1,1,1,8,2,62,FRANCE,NORD-PAS-DE-CALAIS,338,62338,FLEURBAIX,RD 176,328436,0,3,RD,176,2,2,7,6,0,1,5064800,285300,,1,7,0,1,0,0
1,4,1,1,1,62,FRANCE,NORD-PAS-DE-CALAIS,773,62773,SAMER,RD 52,328440,0,3,RD,52,2,0,0,0,0,1,0,0,,1,7,0,1,0,0
1,1,6,1,1,62,FRANCE,NORD-PAS-DE-CALAIS,207,62207,CAMPIGNEULLES-LES-PETITES,RD 901,328455,5,3,RD,901,0,0,0,0,0,1,0,0,,1,7,0,1,0,0
1,5,1,1,3,62,FRANCE,NORD-PAS-DE-CALAIS,318,62318,ETAPLES,RD 940,328466,0,3,RD,940,2,1,0,0,1,5,5054100,162500,,1,7,0,1,0,0
1,5,6,1,1,62,FRANCE,NORD-PAS-DE-CALAIS,318,62318,ETAPLES,RD 940,328467,0,3,RD,940,2,2,0,0,0,1,0,0,,1,7,0,1,0,0
1,2,1,1,1,62,FRANCE,NORD-PAS-DE-CALAIS,431,62431,HERBELLES,RD 192,328476,0,3,RD,192,2,2,0,0,0,1,0,0,,1,7,0,1,0,0
1,4,1,7,1,62,FRANCE,NORD-PAS-DE-CALAIS,684,62684,RACQUINGHEM,RD 943,328477,0,3,RD,943,2,2,59,700,0,1,5069600,236200,,1,7,0,1,0,0
2,1,1,1,2,62,FRANCE,NORD-PAS-DE-CALAIS,811,62811,THEROUANNE,RD 77,328480,0,3,RD,77,2,2,48,200,0,1,0,0,,1,7,0,1,0,0
1,1,2,1,3,62,FRANCE,NORD-PAS-DE-CALAIS,837,62837,VAUDRINGHEM,RD 203,328488,0,3,RD,203,2,0,0,0,0,0,5066700,203100,,1,7,0,1,0,0
1,2,1,1,1,62,FRANCE,NORD-PAS-DE-CALAIS,258,62258,CROISETTE,RD 101,328496,0,3,RD,101,2,0,0,0,0,1,5036000,226800,,1,7,0,1,0,0
3,1,1,1,1,62,FRANCE,NORD-PAS-DE-CALAIS,416,62416,HAUTECLOQUE,RD 916,328501,0,3,RD,916,2,2,0,0,0,1,0,0,,1,7,0,1,0,0
1,2,1,1,3,62,FRANCE,NORD-PAS-DE-CALAIS,439,62439,HERMELINGHEN,VC 1,328524,0,4,VC,1,2,2,0,0,0,1,0,0,,1,14,0,1,0,0
1,1,1,1,7,62,FRANCE,NORD-PAS-DE-CALAIS,099,62099,BEAURAINS,CD 919,328546,0,3,RD,919,2,2,,,0,3,,,,1,,0,1,0,0
1,5,4,1,3,62,FRANCE,NORD-PAS-DE-CALAIS,516,62516,LILLERS,DE LATTRE DE TASSIGNY,328553,0,3,RD,0,2,0,,,0,1,,,,1,7,0,1,0,0
1,1,1,1,6,62,FRANCE,NORD-PAS-DE-CALAIS,277,62277,DROCOURT,CD 40 E,328565,0,3,RD,0,2,3,17,0,0,1,,,,1,7,0,1,0,0
1,5,2,1,3,62,FRANCE,NORD-PAS-DE-CALAIS,108,62108,BERCK,MANCHE,328581,0,4,VC,0,2,2,1,0,0,1,,,,1,7,0,1,0,0
1,5,1,1,3,62,FRANCE,NORD-PAS-DE-CALAIS,108,62108,BERCK,GENERAL DE GAULLE,328582,0,4,VC,0,2,1,,,0,1,,,,1,7,0,1,0,0
1,5,2,1,3,62,FRANCE,NORD-PAS-DE-CALAIS,108,62108,BERCK,FERMES,328584,0,4,VC,0,1,1,,,0,1,,,,1,7,0,1,0,0
1,4,1,1,7,62,FRANCE,NORD-PAS-DE-CALAIS,051,62051,AUCHY-LES-MINES,RUE CASIMIR BEUGNET,328589,0,4,VC,0,2,2,,,0,0,,,,1,,0,1,0,0
4,7,1,1,3,62,FRANCE,NORD-PAS-DE-CALAIS,193,62193,CALAIS,BOULEVARD VICTOR HUGO,328632,0,4,VC,0,2,2,,,0,1,,,,1,7,0,1,0,0
1,7,3,2,3,62,FRANCE,NORD-PAS-DE-CALAIS,193,62193,CALAIS,RUE MILLET,328645,5,4,VC,0,2,2,,,0,1,,,,1,7,0,1,0,0
1,7,1,1,3,62,FRANCE,NORD-PAS-DE-CALAIS,193,62193,CALAIS,AVENUE SAINT EXUPERY,328646,0,4,VC,0,2,2,,,0,1,,,,1,7,0,1,0,0
1,5,1,2,3,62,FRANCE,NORD-PAS-DE-CALAIS,907,62907,LIBERCOURT,ROUTE D'OIGNIES,328653,0,4,VC,0,2,2,,,0,1,,,,1,7,0,1,0,0
1,1,3,2,3,62,FRANCE,NORD-PAS-DE-CALAIS,413,62413,HARNES,CHEMIN DE VERMELLES,328658,5,4,VC,,2,2,,,0,1,,,,1,7,0,1,0,0
1,5,1,1,6,62,FRANCE,NORD-PAS-DE-CALAIS,215,62215,CARVIN,ROUTE DE MEURCHIN,328659,0,3,RD,0,2,2,19,0,0,1,,,,1,10,0,1,0,0
1,5,6,1,3,62,FRANCE,NORD-PAS-DE-CALAIS,249,62249,COURCELLES-LES-LENS,RUE PASTEUR,328671,0,4,VC,0,2,2,,,0,1,,,,1,10,0,1,0,0
1,5,1,1,6,62,FRANCE,NORD-PAS-DE-CALAIS,895,62895,WINGLES,RUE VOLTAIRE,328696,6,4,VC,0,1,1,,,0,1,,,,1,7,0,1,0,0
1,5,1,1,3,62,FRANCE,NORD-PAS-DE-CALAIS,186,62186,BULLY-LES-MINES,RUE EDMOND DEBEAUMONT,328709,0,4,VC,0,2,1,,,0,1,,,,1,7,0,1,0,0
1,6,1,1,3,62,FRANCE,NORD-PAS-DE-CALAIS,510,62510,LIEVIN,RUE DU SANS SOUCI,328710,0,4,VC,0,2,0,,,0,1,,,,1,10,0,1,0,0
1,5,3,1,6,62,FRANCE,NORD-PAS-DE-CALAIS,525,62525,LONGUENESSE,ROUTE DE BLENDECQUES,328732,0,4,VC,0,2,2,,,0,1,,,,1,,0,1,0,0
1,5,2,1,3,62,FRANCE,NORD-PAS-DE-CALAIS,826,62826,TOUQUET-PARIS-PLAGE (LE),BOULEVARD DALOZ,328737,0,4,VC,0,2,2,,,0,1,,,,1,7,0,1,0,0
1,5,2,1,6,62,FRANCE,NORD-PAS-DE-CALAIS,826,62826,TOUQUET-PARIS-PLAGE (LE),RUE DE LONDRES,328739,0,4,VC,0,1,1,,,0,1,,,,1,,0,1,0,0
2,4,2,9,1,63,FRANCE,AUVERGNE,214,63214,MARTRES-DE-VEYRE (LES),VC 0,328754,0,4,VC,0,2,2,0,0,0,0,4569000,319000,,1,7,0,1,0,0
1,8,4,1,6,63,FRANCE,AUVERGNE,113,63113,CLERMONT-FERRAND,RUE NEWTON,328772,0,4,VC,0,2,2,,,0,1,,,,1,7,0,1,0,0
1,1,1,1,2,63,FRANCE,AUVERGNE,089,63089,CHAPPES,RD 210,328792,0,3,RD,210,2,2,24,200,0,1,4588600,321900,,1,7,0,1,0,0
1,1,1,1,1,63,FRANCE,AUVERGNE,296,63296,RAVEL,RD 10,328796,0,3,RD,10,2,2,0,0,0,1,49200,16000,,1,7,0,1,0,0
1,1,2,1,3,63,FRANCE,AUVERGNE,125,63125,COURPIERE,RD 906,328805,0,3,RD,906,2,2,65,880,0,1,4578800,353200,,1,7,0,1,0,0
1,8,1,1,1,63,FRANCE,AUVERGNE,113,63113,CLERMONT-FERRAND,AVENUE DU LIMOUSIN,328813,0,4,VC,0,2,2,,,0,1,,,,1,7,0,1,0,0
1,8,1,1,3,63,FRANCE,AUVERGNE,113,63113,CLERMONT-FERRAND,BOULEVARD SAINT JEAN,328848,0,4,VC,0,3,6,,,0,1,,,,1,7,0,1,0,0
1,5,1,1,6,63,FRANCE,AUVERGNE,014,63014,AUBIERE,RUE DES FOISSES,328855,0,4,VC,0,2,2,,,0,1,,,,1,7,0,1,0,0
1,1,1,1,6,63,FRANCE,AUVERGNE,236,63236,MONT-DORE,RD 130,328862,0,3,RD,130,2,2,2,300,0,1,4559300,277300,,1,,0,1,0,0
1,1,1,1,1,63,FRANCE,AUVERGNE,351,63351,SAINT-GERMAIN-PRES-HERMENT,VC 1,328882,0,4,VC,1,2,2,0,0,0,1,4573100,253100,,1,21,0,1,0,0
1,4,3,1,3,63,FRANCE,AUVERGNE,022,63022,AUZAT-LA-COMBELLE,RD 214,328888,0,3,RD,214,2,2,19,800,0,1,0,0,,1,10,0,1,0,0
1,5,1,1,6,63,FRANCE,AUVERGNE,300,63300,RIOM,AVENUE VIRLOGEUX,328899,0,3,RD,0,2,2,,,0,1,,,,1,7,0,1,0,0
1,1,2,1,6,63,FRANCE,AUVERGNE,113,63113,CLERMONT-FERRAND,RUE ALEXANDRE RIBOT,328952,5,4,VC,0,2,2,,,0,1,,,,1,7,0,1,0,0
1,4,1,1,3,63,FRANCE,AUVERGNE,210,63210,MARINGUES,RD 17,328968,0,3,RD,17,2,1,0,0,0,1,0,0,,1,7,0,1,0,0
1,1,1,1,2,63,FRANCE,AUVERGNE,211,63211,MARSAC-EN-LIVRADOIS,RD 906,329001,0,3,RD,906,2,2,17,861,0,1,0,0,,1,7,0,1,0,0
1,5,2,1,3,63,FRANCE,AUVERGNE,003,63003,AMBERT,Parking 0,329034,0,6,Parking,0,0,0,0,0,0,1,0,0,,1,7,0,1,0,0
1,2,1,1,7,63,FRANCE,AUVERGNE,280,63280,PIGNOLS,RD 53,329052,0,3,RD,53,2,0,4,850,0,1,4566700,329700,,1,,0,1,0,0
1,2,1,1,3,63,FRANCE,AUVERGNE,078,63078,CHAMEANE,RD 89,329056,5,3,RD,89,2,2,11,400,0,4,4551700,345200,,1,7,0,1,0,0
1,1,1,1,1,63,FRANCE,AUVERGNE,276,63276,PESCHADOIRES,VC 0,329060,0,4,VC,0,0,0,0,0,0,1,4582400,348300,,1,7,0,1,0,0
1,5,1,1,3,63,FRANCE,AUVERGNE,430,63430,THIERS,RN 2089,329118,0,2,RN,2089,3,2,18,930,0,1,4585200,353300,,1,10,0,1,0,0
1,8,9,1,3,63,FRANCE,AUVERGNE,113,63113,CLERMONT-FERRAND,AVENUE DU PUY DE DOME,329126,0,4,VC,0,2,2,,,0,1,,,,1,7,0,1,0,0
1,1,1,1,3,63,FRANCE,AUVERGNE,195,63195,LEZOUX,RD 223,329141,5,3,RD,223,2,2,18,723,0,1,4585800,339300,,1,21,0,1,0,0
1,8,3,1,3,63,FRANCE,AUVERGNE,113,63113,CLERMONT-FERRAND,RUE DU CHEVAL,329147,5,4,VC,0,2,2,,,0,1,,,,1,7,0,1,0,0
1,1,2,1,3,63,FRANCE,AUVERGNE,164,63164,GERZAT,CHEMIN DES CHARMETS,329152,0,4,VC,0,2,2,,,0,1,,,,1,7,0,1,0,0
1,8,1,1,3,63,FRANCE,AUVERGNE,113,63113,CLERMONT-FERRAND,BOULEVARD PASTEUR,329162,0,4,VC,0,1,1,,,0,1,,,,1,7,0,1,0,0
1,4,1,7,1,63,FRANCE,AUVERGNE,040,63040,BILLOM,Autre 0,329187,0,9,Autre,0,2,2,0,0,0,0,4572300,333500,,1,7,0,1,0,0
5,5,3,4,3,63,FRANCE,AUVERGNE,164,63164,GERZAT,AVENUE FRANCOIS MITTERAND,329240,5,2,RN,0,0,2,,,0,1,,,,1,7,0,1,0,0
1,5,1,1,6,63,FRANCE,AUVERGNE,178,63178,ISSOIRE,VC 0,329304,0,4,VC,0,2,2,0,0,0,1,4555000,324900,,1,,0,1,0,0
5,8,2,1,6,63,FRANCE,AUVERGNE,113,63113,CLERMONT-FERRAND,AVENUE EDOUARD MICHELIN,329310,0,4,VC,0,1,2,,,0,1,,,,1,7,0,1,0,0
1,5,1,1,6,63,FRANCE,AUVERGNE,103,63103,CHATELGUYON,RD 455,329321,0,3,RD,0,1,2,4,938,0,0,,,,1,7,0,1,0,0
1,4,1,1,1,63,FRANCE,AUVERGNE,148,63148,ENNEZAT,VC 0,329331,0,4,VC,0,2,1,0,0,0,1,4590000,322000,,1,7,0,1,0,0
1,1,6,8,3,63,FRANCE,AUVERGNE,273,63273,PERIGNAT-SUR-ALLIER,RD 212,329418,5,3,RD,212,2,2,8,750,0,1,4573300,322800,,1,7,0,1,0,0
1,5,6,1,3,63,FRANCE,AUVERGNE,124,63124,COURNON-D'AUVERGNE,AVENUE DES DOMES,329472,5,4,VC,0,2,1,1,0,0,1,,,,1,7,0,1,0,0
1,5,1,1,1,63,FRANCE,AUVERGNE,307,63307,ROMAGNAT,RD 3,329490,0,3,RD,3,2,2,0,0,1,1,0,0,,1,7,0,1,0,0
5,4,1,1,3,63,FRANCE,AUVERGNE,231,63231,MONNERIE-LE-MONTEL (LA),RD 2089,329497,5,3,RD,2089,2,0,0,0,0,1,0,0,,1,7,0,1,0,0
1,8,1,1,6,63,FRANCE,AUVERGNE,113,63113,CLERMONT-FERRAND,RUE DES HAUTS DE CHANTURGUE,329507,0,4,VC,0,2,2,,,0,1,,,,1,7,0,1,0,0
1,8,6,1,6,63,FRANCE,AUVERGNE,113,63113,CLERMONT-FERRAND,AVENUE LOUIS BLERIOT,329508,5,4,VC,0,1,2,,,0,1,,,,1,10,0,1,0,0
5,5,1,1,3,63,FRANCE,AUVERGNE,178,63178,ISSOIRE,RD 716,329589,0,3,RD,716,2,2,0,0,2,1,4555800,325000,,1,7,0,1,0,0
1,8,1,1,2,63,FRANCE,AUVERGNE,113,63113,CLERMONT-FERRAND,AVENUE FERNAND FOREST,329601,3,3,RD,69,1,1,,,0,1,,,,1,7,0,1,0,0
1,8,1,1,6,63,FRANCE,AUVERGNE,113,63113,CLERMONT-FERRAND,AVENUE CARNOT,329634,0,4,VC,0,2,3,,,3,4,,,,1,7,0,1,0,0
1,1,1,1,1,63,FRANCE,AUVERGNE,397,63397,SAINT-SAUVES-D'AUVERGNE,RD 82,329637,0,3,RD,82,2,2,48,380,0,1,4562700,268900,,1,10,0,1,0,0
1,3,1,1,7,63,FRANCE,AUVERGNE,273,63273,PERIGNAT-SUR-ALLIER,VC 0,329640,0,4,VC,0,1,1,0,0,0,1,4573300,323100,,1,,0,1,0,0
1,1,1,1,2,63,FRANCE,AUVERGNE,424,63424,SURAT,RD 210,329642,0,3,RD,210,2,2,20,400,0,1,0,0,,1,30,0,1,0,0
1,4,1,8,3,63,FRANCE,AUVERGNE,148,63148,ENNEZAT,VC 0,329696,0,4,VC,0,2,2,0,0,0,1,0,0,,1,7,0,1,0,0
1,1,1,1,3,63,FRANCE,AUVERGNE,263,63263,ORCINES,RD 942,329700,0,3,RD,942,2,2,4,750,0,1,0,0,,1,7,0,1,0,0
5,5,1,3,2,63,FRANCE,AUVERGNE,178,63178,ISSOIRE,RD 996,329713,0,3,RD,996,2,2,,,0,1,0,0,,1,7,0,1,0,0
1,5,6,1,3,63,FRANCE,AUVERGNE,284,63284,PONT-DU-CHATEAU,RD 2089,329725,5,3,RD,2089,2,0,46,900,0,1,4579900,323000,,1,7,0,1,0,0
1,5,1,7,1,63,FRANCE,AUVERGNE,178,63178,ISSOIRE,VC 0,329732,0,4,VC,0,2,0,,,0,1,4554700,325000,,1,7,0,1,0,0
1,1,1,1,6,63,FRANCE,AUVERGNE,040,63040,BILLOM,RD 997,329749,0,3,RD,997,2,2,5,800,0,1,4575000,332800,,1,,0,1,0,0
1,1,1,1,7,63,FRANCE,AUVERGNE,284,63284,PONT-DU-CHATEAU,RD 54,329763,0,3,RD,54,2,2,,,0,1,4584020,323201,,1,,0,1,0,0
1,5,3,1,1,63,FRANCE,AUVERGNE,178,63178,ISSOIRE,rue Gilbert Romme,329792,,4,VC,,2,1,,,,,4555096,326517,,1,7,0,1,0,0
1,5,1,1,3,63,FRANCE,AUVERGNE,430,63430,THIERS,RD 2089,329828,0,3,RD,2089,3,3,20,400,0,1,0,0,,1,7,0,1,0,0
1,8,1,1,3,63,FRANCE,AUVERGNE,113,63113,CLERMONT-FERRAND,AVENUE DU LIMOUSIN,329880,0,3,RD,943,2,2,,,2,5,,,,1,7,0,1,0,0
1,8,1,1,3,63,FRANCE,AUVERGNE,113,63113,CLERMONT-FERRAND,RUE SOUS LES VIGNES,329898,0,4,VC,0,3,6,,,0,1,,,,1,7,0,1,0,0
1,8,3,1,3,63,FRANCE,AUVERGNE,113,63113,CLERMONT-FERRAND,RUE DU TORPILLEUR SIROCCO,329900,5,4,VC,0,3,2,,,0,1,4581359,310703,,1,7,0,1,0,0
1,8,1,1,7,63,FRANCE,AUVERGNE,113,63113,CLERMONT-FERRAND,RUE DU DOCTEUR MALLY,329907,0,4,VC,0,2,2,,,0,1,,,,1,,0,1,0,0
1,5,2,1,2,63,FRANCE,AUVERGNE,193,63193,LEMPDES,RUE DU 11 NOVEMBRE,329913,0,4,VC,0,2,2,1,0,0,1,4577222,319532,,1,7,0,1,0,0
1,5,3,1,3,63,FRANCE,AUVERGNE,103,63103,CHATELGUYON,RD 227,329923,0,3,RD,227,2,2,7,54,0,1,4592537,306358,,1,7,0,1,0,0
1,4,1,1,3,64,FRANCE,AQUITAINE,495,64495,SAINT-PEE-SUR-NIVELLE,RD 918,329945,0,3,RD,918,2,2,13,150,0,1,4336000,-155000,,1,7,0,1,0,0
1,3,1,1,6,64,FRANCE,AQUITAINE,067,64067,ASSAT,RD 937,329980,0,3,RD,937,2,0,0,0,0,1,4325700,-29500,,1,,0,1,0,0
1,7,1,1,3,64,FRANCE,AQUITAINE,445,64445,PAU,LOUP DU,330003,0,4,VC,0,2,2,,,0,1,,,,1,7,0,1,0,0
5,7,6,1,6,64,FRANCE,AQUITAINE,445,64445,PAU,CONDORCET,330004,0,2,RN,0,3,5,0,100,0,1,,,,1,,0,1,0,0
1,1,3,1,3,64,FRANCE,AQUITAINE,014,64014,AINHOA,RD 305,330014,0,3,RD,305,2,2,0,580,0,1,0,0,,1,7,0,1,0,0
1,7,2,1,3,64,FRANCE,AQUITAINE,445,64445,PAU,MAGNOLIAS DES,330021,0,4,VC,0,2,2,,,0,0,,,,1,7,0,1,0,0
1,5,1,1,3,64,FRANCE,AQUITAINE,260,64260,HENDAYE,RN 111,330026,0,2,RN,0,2,2,1,960,0,1,,,,1,7,0,1,0,0
1,4,1,7,1,64,FRANCE,AQUITAINE,453,64453,PONTACQ,RD 936,330030,0,3,RD,936,2,2,0,0,0,1,0,0,,1,7,0,1,0,0
1,1,1,1,2,64,FRANCE,AQUITAINE,540,64540,URCUIT,RD 261,330031,0,3,RD,261,2,2,9,950,0,1,4350500,-132400,,1,10,0,1,0,0
1,6,6,1,1,64,FRANCE,AQUITAINE,024,64024,ANGLET,ROND-POINT DE LA BARRE,330041,0,3,RD,0,1,2,0,230,2,1,,,,1,7,0,1,0,0
1,5,1,1,3,64,FRANCE,AQUITAINE,483,64483,SAINT-JEAN-DE-LUZ,RN 10,330049,0,2,RN,0,2,2,20,700,0,1,,,,1,7,0,1,0,0
1,3,1,1,1,64,FRANCE,AQUITAINE,376,64376,MEILLON,RD 937,330069,0,3,RD,937,2,2,0,0,0,3,0,0,,1,7,0,1,0,0
1,1,3,1,3,64,FRANCE,AQUITAINE,038,64038,ARCANGUES,RD 3,330084,5,3,RD,3,2,2,2,400,0,1,4345200,-151700,,1,7,0,1,0,0
1,1,1,7,2,64,FRANCE,AQUITAINE,168,64168,CARRESSE-CASSABER,RD 17,330087,0,3,RD,17,2,2,0,0,0,1,0,0,,1,7,0,1,0,0
1,7,2,1,3,64,FRANCE,AQUITAINE,445,64445,PAU,PAIX,330101,0,4,VC,0,2,3,,,0,1,,,,1,7,0,1,0,0
5,5,1,1,3,64,FRANCE,AQUITAINE,348,64348,LONS,DIDIER DAURAT,330102,0,4,VC,0,2,3,,,0,1,,,,1,13,0,1,0,0
1,5,1,1,3,64,FRANCE,AQUITAINE,129,64129,BILLERE,MONTILLEUL,330118,0,4,VC,0,2,2,,,0,1,,,,1,7,0,1,0,0
1,7,3,8,3,64,FRANCE,AQUITAINE,445,64445,PAU,GASTON LACOSTE,330122,0,4,VC,0,2,2,,,0,1,,,,1,15,0,1,0,0
1,4,1,1,3,64,FRANCE,AQUITAINE,237,64237,GELOS,VALLEE  HEUREUSE,330123,0,4,VC,0,2,2,,,0,1,,,,1,30,0,0,0,1
1,6,1,1,3,64,FRANCE,AQUITAINE,102,64102,BAYONNE,PLACE DU REDUIT,330155,0,2,RN,0,1,2,2,295,0,1,,,,1,7,0,1,0,0
1,4,1,1,6,64,FRANCE,AQUITAINE,132,64132,BIZANOS,D100,330163,5,3,RD,0,1,1,,,0,1,,,,1,7,0,1,0,0
5,7,1,1,3,64,FRANCE,AQUITAINE,445,64445,PAU,GENERAL DE GAULLE,330167,0,2,RN,0,2,3,24,0,1,1,,,,1,7,0,1,0,0
1,3,9,1,1,64,FRANCE,AQUITAINE,108,64108,BELLOCQ,RD 29,330181,5,3,RD,29,2,2,0,0,0,1,0,0,,1,7,0,1,0,0
1,7,1,1,6,64,FRANCE,AQUITAINE,445,64445,PAU,JEAN MERMOZ,330191,0,4,VC,0,2,2,,,0,1,,,,1,,0,1,0,0
1,1,1,7,2,64,FRANCE,AQUITAINE,014,64014,AINHOA,RD 20,330214,0,3,RD,20,2,2,8,800,0,1,0,0,,1,7,0,1,0,0
4,6,1,1,6,64,FRANCE,AQUITAINE,024,64024,ANGLET,RUE DE SAUBADINE,330220,0,5,Hors_reseau,0,0,2,,,3,4,,,,1,,0,0,0,1
1,7,1,1,3,64,FRANCE,AQUITAINE,445,64445,PAU,PAIX,330251,0,4,VC,0,2,2,,,0,1,,,,1,7,0,1,0,0
1,7,6,2,3,64,FRANCE,AQUITAINE,445,64445,PAU,CONDORCET,330253,0,4,VC,0,1,2,0,1,0,1,,,,1,7,0,1,0,0
1,5,1,1,6,64,FRANCE,AQUITAINE,284,64284,JURANCON,BOURDIEU DU,330274,0,4,VC,0,2,1,1,0,0,1,,,,1,,0,1,0,0
1,7,1,1,3,64,FRANCE,AQUITAINE,445,64445,PAU,RAUSKY,330276,0,4,VC,0,2,3,,,0,1,,,,1,7,0,1,0,0
5,6,1,1,6,64,FRANCE,AQUITAINE,024,64024,ANGLET,PROMENADE DE LA BARRE,330296,0,3,RD,0,2,2,,,0,1,,,,1,7,0,1,0,0
1,6,1,1,3,64,FRANCE,AQUITAINE,024,64024,ANGLET,RUE SANTOS SUAREZ,330307,0,4,VC,0,1,1,,,0,1,,,,1,7,0,1,0,0
1,7,6,1,3,64,FRANCE,AQUITAINE,445,64445,PAU,ALLEE S DE MORLAAS DES,330318,5,4,VC,0,1,1,,,0,1,,,,1,7,0,1,0,0