lum,agg,int,atm,col,dep_bis,pays,region,com_bis,com_codeINSEE,communes,N_voie,numac,infra,catr,type_route,voie,circ,nbv,pr,pr1,vosp,situ,lat,long,adr,accident_velo,vehicule_imp,cycl_mort,cycl_bgv,cycl_blg,cycl_indm
1,7,1,1,6,64,FRANCE,AQUITAINE,445,64445,PAU,DAMES DE SAINT-MAUR DES,330321,0,4,VC,0,1,1,,,0,1,,,,1,,0,0,0,1
1,2,3,1,3,64,FRANCE,AQUITAINE,370,64370,MAUCOR,RD 206,330325,5,3,RD,206,2,2,0,0,0,1,0,0,,1,7,0,1,0,0
1,1,1,1,1,64,FRANCE,AQUITAINE,204,64204,EAUX-BONNES,RD 918,330328,0,3,RD,918,2,2,158,500,0,1,4296800,-35000,,1,33,0,1,0,0
1,1,2,1,3,64,FRANCE,AQUITAINE,499,64499,SALIES-DE-BEARN,RD 17,330331,0,3,RD,17,2,2,0,0,0,1,0,0,,1,7,0,1,0,0
1,5,6,1,3,64,FRANCE,AQUITAINE,348,64348,LONS,SANTONA DE,330341,0,2,RN,0,2,2,5,350,2,1,,,,1,7,0,1,0,0
1,3,1,1,3,64,FRANCE,AQUITAINE,317,64317,LARRESSORE,VC 1,330354,0,4,VC,1,2,1,0,0,0,0,4335900,-143700,,1,7,0,1,0,0
1,4,3,1,3,64,FRANCE,AQUITAINE,237,64237,GELOS,LOUIS BARTHOU,330368,0,4,VC,0,2,2,,,0,1,,,,1,10,0,1,0,0
1,7,3,1,3,64,FRANCE,AQUITAINE,445,64445,PAU,PERE PARDIES DU,330373,0,4,VC,0,2,2,,,0,1,,,,1,7,0,1,0,0
1,6,6,1,3,64,FRANCE,AQUITAINE,102,64102,BAYONNE,ROND-POINT SAINT LEON,330388,0,4,VC,0,1,3,,,0,1,,,,1,7,0,1,0,0
1,7,6,1,3,64,FRANCE,AQUITAINE,445,64445,PAU,TOURASSE,330391,0,4,VC,0,2,2,,,1,1,,,,1,7,0,1,0,0
1,3,1,7,6,64,FRANCE,AQUITAINE,493,64493,SAINT-PALAIS,RD 11,330444,6,3,RD,11,2,2,0,0,0,1,4333000,-102900,,1,,0,0,0,1
1,6,2,1,3,64,FRANCE,AQUITAINE,102,64102,BAYONNE,BOULEVARD D'ALSACE LORRAINE,330452,0,4,VC,0,2,2,,,0,1,,,,1,7,0,1,0,0
1,5,1,1,3,64,FRANCE,AQUITAINE,335,64335,LESCAR,TARBES DE,330478,0,4,VC,0,2,1,,,0,1,,,,1,7,0,1,0,0
5,7,1,1,5,64,FRANCE,AQUITAINE,445,64445,PAU,JEAN MERMOZ,330480,0,4,VC,0,2,2,,,0,1,,,,1,7,0,1,0,0
1,5,3,1,3,64,FRANCE,AQUITAINE,284,64284,JURANCON,MASSENET,330481,5,4,VC,0,2,2,,,0,1,,,,1,7,0,1,0,0
1,7,2,1,3,64,FRANCE,AQUITAINE,445,64445,PAU,ALBERT 1ER,330504,0,4,VC,0,1,1,,,0,1,,,,1,7,0,1,0,0
1,6,6,1,3,64,FRANCE,AQUITAINE,102,64102,BAYONNE,ROND-POINT SAINT LEON,330508,5,3,RD,0,1,4,,,0,1,,,,1,7,0,1,0,0
1,6,3,1,7,64,FRANCE,AQUITAINE,102,64102,BAYONNE,AVENUE LOUISE DARRACQ,330540,0,4,VC,0,2,2,,,0,0,,,,1,,0,1,0,0
1,7,3,1,3,64,FRANCE,AQUITAINE,445,64445,PAU,BEZET DU,330544,0,4,VC,0,2,2,,,0,0,,,,1,7,0,1,0,0
1,7,1,1,3,64,FRANCE,AQUITAINE,445,64445,PAU,COMMANDANT RENE MOUCHOTTE DU,330546,0,4,VC,0,2,2,,,0,1,,,,1,7,0,1,0,0
5,7,2,2,6,64,FRANCE,AQUITAINE,445,64445,PAU,CARNOT,330579,0,4,VC,0,2,3,,,0,1,,,,1,7,0,1,0,0
5,7,6,1,2,64,FRANCE,AQUITAINE,445,64445,PAU,COMMUNE DE LA,330581,0,4,VC,0,1,3,,,0,1,,,,1,7,0,1,0,0
1,1,1,1,1,64,FRANCE,AQUITAINE,370,64370,MAUCOR,RD 206,330618,0,3,RD,206,3,2,1,850,0,1,4336500,-28700,,1,10,0,1,0,0
1,4,1,1,3,64,FRANCE,AQUITAINE,062,64062,ARUDY,RD 287,330624,5,3,RD,287,2,2,0,0,0,1,0,0,,1,7,0,1,0,0
1,7,1,1,6,64,FRANCE,AQUITAINE,445,64445,PAU,DUFAU,330641,0,4,VC,0,2,3,,,0,1,,,,1,13,0,1,0,0
1,5,1,1,1,64,FRANCE,AQUITAINE,335,64335,LESCAR,COTE DU VIGNE,330642,0,5,Hors_reseau,0,2,2,,,0,1,,,,1,7,0,1,0,0
1,3,1,1,1,64,FRANCE,AQUITAINE,527,64527,SOURAIDE,RD 918,330649,0,3,RD,918,2,2,0,0,0,1,4334400,-147100,,1,17,0,1,0,0
1,6,6,8,3,64,FRANCE,AQUITAINE,024,64024,ANGLET,RUE DE SAUBADINE,330653,5,4,VC,0,2,2,,,0,0,,,,1,7,0,1,0,0
1,4,1,2,3,64,FRANCE,AQUITAINE,132,64132,BIZANOS,MARECHAL FOCH,330664,0,4,VC,0,2,2,,,0,1,,,,1,7,0,1,0,0
1,4,1,1,1,64,FRANCE,AQUITAINE,230,64230,GAN,RD 934,330681,5,3,RD,934,2,0,0,0,0,1,4322000,-38000,,1,7,0,1,0,0
1,7,6,1,3,64,FRANCE,AQUITAINE,445,64445,PAU,CONDORCET,330695,0,4,VC,0,1,3,,,0,1,,,,1,7,0,1,0,0
1,5,1,1,3,64,FRANCE,AQUITAINE,483,64483,SAINT-JEAN-DE-LUZ,RD 810,330700,0,3,RD,810,2,2,21,516,0,1,4341360,-161447,,1,7,0,1,0,0
5,5,1,1,3,64,FRANCE,AQUITAINE,260,64260,HENDAYE,RD 912,330708,0,3,RD,912,2,2,12,537,0,1,4336110,-177448,,1,7,0,1,0,0
1,5,1,1,3,64,FRANCE,AQUITAINE,483,64483,SAINT-JEAN-DE-LUZ,AVENUE DE CHANTACO,330733,2,3,RD,918,2,2,1,427,0,1,4338290,-164407,,1,7,0,1,0,0
1,1,1,1,3,64,FRANCE,AQUITAINE,165,64165,CARDESSE,RD 9,330738,0,3,RD,9,2,0,8,392,0,1,4324900,-60484,,1,17,0,1,0,0
1,1,1,1,2,64,FRANCE,AQUITAINE,471,64471,SAINT-BOES,RD 947,330740,0,3,RD,947,2,2,3,700,0,0,4352580,-80444,,1,7,0,1,0,0
1,6,3,1,7,64,FRANCE,AQUITAINE,024,64024,ANGLET,BOULEVARD DES PLAGES,330743,0,4,VC,0,0,2,0,0,0,0,4352000,-152314,,1,10,0,1,0,0
1,1,3,7,3,64,FRANCE,AQUITAINE,443,64443,PARDIES,RD 2,330744,0,3,RD,2,2,0,19,0,0,1,4336470,-57721,,1,7,0,1,0,0
1,7,6,1,6,64,FRANCE,AQUITAINE,445,64445,PAU,ROND-POINT DES DROITS DE L' HOMME,330747,5,4,VC,0,1,2,0,0,0,1,4331270,-36874,,1,7,0,1,0,0
1,3,1,1,3,64,FRANCE,AQUITAINE,213,64213,ESPELETTE,RD 918,330756,0,3,RD,918,2,0,24,937,0,1,4334550,-143773,,1,7,0,1,0,0
1,5,1,1,6,64,FRANCE,AQUITAINE,189,64189,CIBOURE,BOULEVARD BENOIT PIERRE,330760,0,3,RD,912,2,2,1,500,0,1,4338840,-167921,,1,,0,1,0,0
1,3,1,1,1,64,FRANCE,AQUITAINE,029,64029,ARAMITS,RD 918,330761,0,3,RD,918,2,0,112,422,0,3,4311290,-75362,,1,7,0,1,0,0
1,4,1,1,1,64,FRANCE,AQUITAINE,393,64393,MONEIN,RD 9,330770,0,3,RD,9,2,2,16,832,0,1,4329410,-56741,,1,7,0,1,0,0
1,1,1,1,1,64,FRANCE,AQUITAINE,362,64362,LUXE-SUMBERRAUTE,VC 0,330801,0,4,VC,0,2,2,0,0,0,1,0,0,,1,21,0,1,0,0
1,1,1,1,1,64,FRANCE,AQUITAINE,495,64495,SAINT-PEE-SUR-NIVELLE,RD 918,330808,0,3,RD,918,2,2,14,800,0,1,4334560,-153832,,1,10,0,1,0,0
1,1,1,1,6,64,FRANCE,AQUITAINE,518,64518,SENDETS,VC 2,330811,0,4,VC,2,2,1,0,0,0,1,4331800,-28600,,1,,0,1,0,0
1,7,1,1,6,64,FRANCE,AQUITAINE,445,64445,PAU,ALLEE Jean LOISEAU,330818,0,4,VC,0,1,1,0,0,0,0,4331500,-36361,,1,7,0,1,0,0
1,1,1,1,1,64,FRANCE,AQUITAINE,398,64398,MONTANER,RD 225,330821,0,3,RD,225,0,2,0,0,0,1,0,0,,1,7,0,1,0,0
1,1,1,1,3,64,FRANCE,AQUITAINE,120,64120,BEYRIE-SUR-JOYEUSE,RD 8,330832,0,3,RD,8,2,2,7,700,0,1,4329270,-109398,,1,7,0,1,0,0
1,5,6,1,3,64,FRANCE,AQUITAINE,348,64348,LONS,1 MARCEL DASSAULT,330854,0,3,RD,834,1,2,36,504,0,1,4330130,-40976,,1,7,0,1,0,0
1,4,1,1,2,64,FRANCE,AQUITAINE,125,64125,BIDART,AVENUE DE BAYONNE,330874,0,3,RD,810,2,2,16,50,0,1,4344750,-157445,,1,7,0,1,0,0
1,6,1,8,3,64,FRANCE,AQUITAINE,122,64122,BIARRITZ,RD 810,330876,3,3,RD,810,2,4,12,807,0,1,4346300,-154458,,1,7,0,1,0,0
1,7,3,1,3,64,FRANCE,AQUITAINE,445,64445,PAU,CASTETNAU,330896,0,4,VC,0,2,2,0,0,0,1,4330040,-36508,,1,7,0,1,0,0
1,7,3,1,3,64,FRANCE,AQUITAINE,445,64445,PAU,JEAN JACQUES DE MONAIX,330903,0,4,VC,0,2,2,0,0,0,1,4330240,-36044,,1,7,0,1,0,0
1,1,6,1,3,64,FRANCE,AQUITAINE,335,64335,LESCAR,D289,330907,0,3,RD,289,2,2,6,768,0,1,4334460,-43086,,1,7,0,1,0,0
1,7,3,1,3,64,FRANCE,AQUITAINE,445,64445,PAU,GENERAL DE GAULLE,330920,0,4,VC,0,2,2,0,0,0,1,4330180,-35629,,1,7,0,1,0,0
1,4,4,2,1,64,FRANCE,AQUITAINE,405,64405,MORLAAS,RD 39,330952,0,3,RD,39,2,0,12,262,0,1,4335090,-26365,,1,7,0,1,0,0
1,4,1,1,6,64,FRANCE,AQUITAINE,547,64547,USTARITZ,RD 250,330977,0,3,RD,250,2,0,6,377,0,1,4339530,-145308,,1,,0,0,0,1
1,6,1,8,3,64,FRANCE,AQUITAINE,024,64024,ANGLET,ROND-POINT DE LA CAPITAINERIE,330980,0,3,RD,5,1,2,4,961,0,1,4352580,-151426,,1,7,0,1,0,0
1,4,1,1,1,64,FRANCE,AQUITAINE,417,64417,NAY,RD 36,330987,0,3,RD,36,2,2,0,268,0,1,4317750,-26209,,1,7,0,1,0,0
1,5,1,1,3,64,FRANCE,AQUITAINE,483,64483,SAINT-JEAN-DE-LUZ,AVENUE DE CHANTACO,331007,0,3,RD,918,3,4,2,523,0,1,4337520,-163795,,1,7,0,1,0,0
1,7,2,1,3,64,FRANCE,AQUITAINE,445,64445,PAU,CASTETNAU,331026,0,4,VC,0,2,2,0,0,0,1,4330080,-36180,,1,7,0,1,0,0
1,6,6,1,3,64,FRANCE,AQUITAINE,102,64102,BAYONNE,AVENUE DU CAPITAINE RESPLANDY,331064,5,4,VC,0,4,2,0,0,0,1,4348420,-144726,,1,10,0,1,0,0
1,1,2,1,1,64,FRANCE,AQUITAINE,102,64102,BAYONNE,RUE DES LISSES,331085,0,4,VC,0,2,1,0,0,0,1,4349070,-147151,,1,37,0,1,0,0
1,1,1,1,1,64,FRANCE,AQUITAINE,065,64065,ASCAIN,RD 4,331089,0,3,RD,4,2,2,11,400,0,1,4333290,-160687,,1,7,0,1,0,0
1,1,1,8,1,64,FRANCE,AQUITAINE,256,64256,HASPARREN,RD 21,331115,0,3,RD,21,2,3,6,90,0,1,4341650,-131177,,1,7,0,1,0,0
5,3,6,1,3,64,FRANCE,AQUITAINE,188,64188,CHERAUTE,VC 0,331128,5,4,VC,0,1,2,0,0,0,1,4322780,-88206,,1,7,0,1,0,0
1,4,1,1,1,64,FRANCE,AQUITAINE,230,64230,GAN,RN 2134,331151,0,2,RN,2134,2,2,44,89,0,1,4322970,-38869,,1,7,0,1,0,0
1,4,1,1,7,64,FRANCE,AQUITAINE,495,64495,SAINT-PEE-SUR-NIVELLE,RD 918,331184,0,3,RD,918,2,2,11,429,0,1,4335600,-156770,,1,,0,1,0,0
1,1,1,2,7,64,FRANCE,AQUITAINE,504,64504,SARE,RD 4,331187,0,3,RD,4,2,2,17,789,0,1,4331480,-156126,,1,,0,1,0,0
1,1,1,1,3,64,FRANCE,AQUITAINE,213,64213,ESPELETTE,RD 20,331198,0,3,RD,20,2,0,4,60,2,1,4333530,-145922,,1,7,0,1,0,0
1,1,1,1,1,64,FRANCE,AQUITAINE,485,64485,SAINT-JEAN-PIED-DE-PORT,RD 19,331204,0,3,RD,19,2,2,15,0,0,1,4305200,-105700,,1,7,0,1,0,0
1,1,1,1,2,64,FRANCE,AQUITAINE,466,64466,RIVEHAUTE,RD 23,331223,0,3,RD,23,2,2,27,400,0,1,0,0,,1,7,0,1,0,0
1,6,1,1,3,64,FRANCE,AQUITAINE,024,64024,ANGLET,AVENUE DE L'ADOUR,331242,0,3,RD,5,2,3,4,714,0,1,4352630,-151159,,1,7,0,1,0,0
1,6,3,1,2,64,FRANCE,AQUITAINE,024,64024,ANGLET,AVENUE GUYNEMER,331267,0,4,VC,,2,2,,,0,1,4349910,-153992,,1,7,0,1,0,0
1,6,1,1,7,64,FRANCE,AQUITAINE,024,64024,ANGLET,RUE DES BARTHES,331275,0,4,VC,,2,2,,,0,1,4348440,-150418,,1,,0,1,0,0
5,6,1,1,6,64,FRANCE,AQUITAINE,102,64102,BAYONNE,IMPASSE DE LA PORCELAINE,331287,0,3,RD,810,2,2,1,15,0,1,4350520,-146729,,1,7,0,1,0,0
2,6,1,1,6,64,FRANCE,AQUITAINE,102,64102,BAYONNE,COURS DU CONTE DE CABARRUS,331288,0,4,VC,,3,2,,,2,1,4348180,-148666,,1,20,0,1,0,0
1,1,4,1,3,64,FRANCE,AQUITAINE,122,64122,BIARRITZ,Antoine D'ABBADIE,331300,0,4,VC,,1,2,,,0,1,4344920,-155723,,1,7,0,1,0,0
1,5,6,1,3,64,FRANCE,AQUITAINE,348,64348,LONS,EUROPE DE L',331325,0,4,VC,,1,1,,,0,1,4331850,-43182,,1,7,0,1,0,0
1,1,1,1,3,64,FRANCE,AQUITAINE,483,64483,SAINT-JEAN-DE-LUZ,AVENUE DE CHANTACO,331349,0,3,RD,918,2,4,1,950,0,5,4337970,-163973,,1,7,0,1,0,0
1,6,6,1,3,65,FRANCE,MIDI-PYRENEES,440,65440,TARBES,ROND-POINT REFFYE,331381,0,4,VC,0,1,2,,,0,1,,,,1,7,0,1,0,0
1,5,1,1,6,65,FRANCE,MIDI-PYRENEES,286,65286,LOURDES,RUE DE PAU,331391,0,4,VC,0,2,2,,,0,1,,,,1,7,0,1,0,0
1,6,3,1,6,65,FRANCE,MIDI-PYRENEES,440,65440,TARBES,QUAI ESTEVENET,331393,0,4,VC,0,1,1,,,0,2,,,,1,,0,0,0,1
1,1,1,1,1,65,FRANCE,MIDI-PYRENEES,123,65123,CAMPAN,RD 918,331396,0,3,RD,918,2,2,70,300,0,1,0,0,,1,10,0,1,0,0
1,6,1,1,3,65,FRANCE,MIDI-PYRENEES,440,65440,TARBES,BOULEVARD DES ARDENNES,331401,0,4,VC,0,2,2,,,0,1,,,,1,10,0,1,0,0
1,6,6,1,3,65,FRANCE,MIDI-PYRENEES,440,65440,TARBES,BOULEVARD DU 08 MAI 1945,331404,0,2,RN,0,3,2,22,111,0,1,,,,1,17,0,1,0,0
1,1,1,1,6,65,FRANCE,MIDI-PYRENEES,138,65138,CAUTERETS,RD 920,331418,0,3,RD,920,0,2,0,0,0,1,0,0,,1,,0,1,0,0
1,4,1,1,1,65,FRANCE,MIDI-PYRENEES,100,65100,BORDERES-SUR-L'ECHEZ,RUE FONTAINE,331429,0,4,VC,0,2,2,,,0,1,,,,1,7,0,1,0,0
1,6,3,1,3,65,FRANCE,MIDI-PYRENEES,440,65440,TARBES,ROUTE DE PAU,331444,0,3,RD,0,2,3,51,787,0,1,,,,1,7,0,1,0,0
1,6,2,1,1,65,FRANCE,MIDI-PYRENEES,440,65440,TARBES,RUE PAUL BERT,331450,0,4,VC,0,1,1,,,0,1,,,,1,7,0,1,0,0
1,5,1,1,3,65,FRANCE,MIDI-PYRENEES,047,65047,AUREILHAN,RUE JULES FERRY,331451,0,4,VC,0,2,0,,,0,1,,,,1,7,0,1,0,0
1,4,3,1,3,65,FRANCE,MIDI-PYRENEES,100,65100,BORDERES-SUR-L'ECHEZ,RUE PIERRE SEMARD,331467,0,4,VC,0,2,2,,,0,1,,,,1,7,0,1,0,0
1,6,3,3,3,65,FRANCE,MIDI-PYRENEES,440,65440,TARBES,AVENUE JEAN MERMOZ,331474,0,4,VC,0,2,3,,,0,1,,,,1,7,0,1,0,0
1,6,2,1,3,65,FRANCE,MIDI-PYRENEES,440,65440,TARBES,RUE DU IV SEPTEMBRE,331475,0,4,VC,0,2,2,,,0,1,,,,1,7,0,1,0,0
1,5,1,1,6,65,FRANCE,MIDI-PYRENEES,059,65059,BAGNERES-DE-BIGORRE,RD 918,331498,0,3,RD,918,2,2,0,0,0,0,0,0,,1,,0,1,0,0
1,6,1,1,1,65,FRANCE,MIDI-PYRENEES,440,65440,TARBES,LE CAMINADOUR,331500,0,9,Autre,0,2,1,,,3,1,,,,1,,0,0,0,1
1,1,1,1,2,65,FRANCE,MIDI-PYRENEES,047,65047,AUREILHAN,AVENUE JEAN JAURES,331501,0,2,RN,0,2,3,,,1,1,,,,1,17,0,1,0,0
1,1,1,1,3,65,FRANCE,MIDI-PYRENEES,127,65127,CAPVERN,RD 817,331506,0,3,RD,817,2,2,17,300,0,1,4310800,34000,,1,7,0,1,0,0
1,5,1,1,3,65,FRANCE,MIDI-PYRENEES,286,65286,LOURDES,ROUTE DE PAU,331511,0,3,RD,0,2,2,,,0,1,,,,1,17,0,1,0,0
1,6,1,1,6,65,FRANCE,MIDI-PYRENEES,440,65440,TARBES,AVENUE DU REGIMENT DE BIGORRE,331525,0,4,VC,0,2,2,,,0,1,,,,1,7,0,1,0,0
1,5,6,1,3,65,FRANCE,MIDI-PYRENEES,286,65286,LOURDES,BOULEVARD D'ESPAGNE,331540,0,3,RD,0,1,2,,,0,1,,,,1,7,0,1,0,0
1,1,1,1,3,65,FRANCE,MIDI-PYRENEES,412,65412,SAUVETERRE,RD 5,331542,0,3,RD,5,0,0,44,600,0,1,4348100,9600,,1,10,0,1,0,0
1,5,4,1,1,65,FRANCE,MIDI-PYRENEES,286,65286,LOURDES,BOULEVARD D'ESPAGNE,331553,5,3,RD,0,2,0,,,0,1,,,,1,7,0,1,0,0
1,5,1,1,1,65,FRANCE,MIDI-PYRENEES,258,65258,LANNEMEZAN,Autre 0,331561,0,9,Autre,0,2,2,0,0,0,1,0,0,,1,7,0,1,0,0
1,1,1,1,1,65,FRANCE,MIDI-PYRENEES,320,65320,MONTGAILLARD,RD 8,331583,0,3,RD,8,2,2,0,0,1,5,0,0,,1,7,0,1,0,0
1,5,1,1,3,65,FRANCE,MIDI-PYRENEES,286,65286,LOURDES,ROUTE DE BAGNERES,331592,0,3,RD,0,2,2,,,0,1,,,,1,7,0,1,0,0
1,6,1,1,6,65,FRANCE,MIDI-PYRENEES,440,65440,TARBES,AVENUE DES VOSGES,331593,0,4,VC,0,2,2,,,0,1,,,,1,7,0,1,0,0
1,1,1,1,6,65,FRANCE,MIDI-PYRENEES,036,65036,ARTALENS-SOUIN,RD 100,331607,0,3,RD,100,2,0,10,100,0,3,0,0,,1,,0,1,0,0
2,4,2,2,3,65,FRANCE,MIDI-PYRENEES,417,65417,SEMEAC,AVENUE DES SPORTS,331613,0,3,RD,0,2,2,,,0,1,,,,1,7,0,1,0,0
5,5,3,2,3,65,FRANCE,MIDI-PYRENEES,047,65047,AUREILHAN,RUE EMILE SALLES,331614,1,4,VC,0,1,1,,,0,1,,,,1,7,0,1,0,0
1,6,1,1,3,65,FRANCE,MIDI-PYRENEES,440,65440,TARBES,COURS REFFYE,331659,0,4,VC,0,1,1,,,0,1,,,,1,7,0,1,0,0
1,6,1,1,6,65,FRANCE,MIDI-PYRENEES,440,65440,TARBES,AVENUE ALSACE LORRAINE,331661,0,3,RD,935,2,3,,,0,1,2.1446,,,1,7,0,1,0,0
1,4,3,1,3,65,FRANCE,MIDI-PYRENEES,025,65025,ARGELES-GAZOST,RD 100,331667,0,3,RD,100,2,2,0,0,0,1,0,0,,1,7,0,1,0,0
1,1,1,1,1,65,FRANCE,MIDI-PYRENEES,145,65145,CHEZE,RD 921,331669,0,3,RD,921,2,0,11,0,0,1,4000000,,,1,7,0,1,0,0
1,1,1,1,2,65,FRANCE,MIDI-PYRENEES,340,65340,ORLEIX,RN 21,331671,5,2,RN,21,2,3,14,809,0,1,4.18852,,,1,10,0,1,0,0
1,6,1,1,3,65,FRANCE,MIDI-PYRENEES,440,65440,TARBES,ROUTE DU PONT SAINT-FRAI,331687,2,2,RN,21,3,4,20,850,0,1,,,,1,7,0,1,0,0
1,5,3,1,3,65,FRANCE,MIDI-PYRENEES,286,65286,LOURDES,AVENUE MONSEIGNEUR RODHAIN,331689,5,4,VC,0,2,2,,,0,0,,,,1,7,0,1,0,0
1,6,4,2,3,65,FRANCE,MIDI-PYRENEES,440,65440,TARBES,BOULEVARD DU MARTINET,331724,0,4,VC,0,2,2,,,0,1,,,,1,7,0,1,0,0
1,6,6,1,3,65,FRANCE,MIDI-PYRENEES,440,65440,TARBES,ROCADE SUD-OUEST,331751,0,4,VC,0,3,4,,,0,0,,,,1,7,0,1,0,0
1,1,1,1,2,65,FRANCE,MIDI-PYRENEES,069,65069,BARTHE-DE-NESTE (LA),RD 17,331753,0,3,RD,17,2,2,13,100,0,1,4309200,37500,,1,7,0,1,0,0
1,5,6,1,6,65,FRANCE,MIDI-PYRENEES,258,65258,LANNEMEZAN,RD 817,331761,5,3,RD,817,2,2,11,310,0,1,4312500,40200,,1,,0,1,0,0
1,1,1,1,6,65,FRANCE,MIDI-PYRENEES,192,65192,GEDRE,RD 921,331762,0,3,RD,921,2,2,27,400,0,1,4280100,1700,,1,,0,1,0,0
1,6,1,1,3,65,FRANCE,MIDI-PYRENEES,440,65440,TARBES,AVENUE DES VOSGES,331763,0,4,VC,0,2,3,,,0,1,,,,1,7,0,1,0,0
1,5,1,1,1,65,FRANCE,MIDI-PYRENEES,286,65286,LOURDES,RUE MARTYRS DE LA DEPORTATION,331771,0,4,VC,0,2,2,,,0,1,,,,1,7,0,1,0,0
1,6,1,1,3,65,FRANCE,MIDI-PYRENEES,440,65440,TARBES,QUAI DE L'ADOUR,331774,0,4,VC,0,3,2,,,2,1,,,,1,7,,,,
1,6,1,1,6,65,FRANCE,MIDI-PYRENEES,440,65440,TARBES,AVENUE BERTRAND BARERE,331777,0,4,VC,0,1,1,0,0,0,4,4323440,7274,,1,,0,0,0,1
1,6,2,1,1,65,FRANCE,MIDI-PYRENEES,440,65440,TARBES,BOULEVARD PIERRE RENAUDET,331782,0,4,VC,0,2,2,,,0,1,,,,1,7,0,1,0,0
1,1,1,1,7,65,FRANCE,MIDI-PYRENEES,176,65176,FERRIERES,RD 126,331799,0,3,RD,126,2,2,6,100,0,3,0,0,,1,,0,1,0,0
1,1,1,1,7,65,FRANCE,MIDI-PYRENEES,025,65025,ARGELES-GAZOST,RD 918,331801,0,3,RD,918,0,0,20,200,0,1,4299300,-10700,,1,,0,1,0,0
1,1,1,1,1,65,FRANCE,MIDI-PYRENEES,032,65032,ARRENS-MARSOUS,RD 918,331802,0,3,RD,918,2,2,5,200,0,1,0,0,,1,,0,0,0,1
1,1,1,1,3,65,FRANCE,MIDI-PYRENEES,036,65036,ARTALENS-SOUIN,RD 100,331803,0,3,RD,100,2,2,12,650,0,1,4297700,-2600,,1,14,0,1,0,0
1,3,1,1,1,65,FRANCE,MIDI-PYRENEES,287,65287,LOURES-BAROUSSE,RD 825,331810,0,3,RD,825,2,0,0,521,0,0,4303100,60200,,1,7,0,1,0,0
1,5,1,1,3,65,FRANCE,MIDI-PYRENEES,286,65286,LOURDES,ROUTE NATIONALE 21 ,331819,0,2,RN,21,3,2,38,412,0,1,,,,1,7,0,1,0,0
3,1,1,8,2,65,FRANCE,MIDI-PYRENEES,100,65100,BORDERES-SUR-L'ECHEZ,ROUTE DE BORDEAUX,331820,0,3,RD,0,2,2,,,0,1,,,,1,7,0,1,0,0
1,1,6,1,3,65,FRANCE,MIDI-PYRENEES,100,65100,BORDERES-SUR-L'ECHEZ,ROUTE DE BORDEAUX,331825,0,3,RD,935,0,4,,,0,1,,,,1,7,0,1,0,0
1,4,3,1,3,65,FRANCE,MIDI-PYRENEES,433,65433,SOUES,AVENUE HENRI BARBUSSE,331827,0,4,VC,0,2,2,,,0,1,,,,1,7,0,1,0,0
1,6,1,1,3,65,FRANCE,MIDI-PYRENEES,440,65440,TARBES,ROUTE DE PAU,331830,0,3,RD,935,3,2,0,0,0,1,4323770,4528,,1,37,0,1,0,0
1,6,1,1,3,65,FRANCE,MIDI-PYRENEES,440,65440,TARBES,BOULEVARD DU PRESIDENT JOHN KENNEDY,331832,0,4,VC,21,2,4,,,0,1,,,,1,7,0,1,0,0
1,4,1,5,2,65,FRANCE,MIDI-PYRENEES,100,65100,BORDERES-SUR-L'ECHEZ,RUE CROIZAT,331846,0,3,RD,7,2,2,40,50,0,1,,,,1,7,0,1,0,0
5,6,2,1,3,65,FRANCE,MIDI-PYRENEES,440,65440,TARBES,RUE GEORGES CLEMENCEAU,331847,0,4,VC,0,1,1,,,0,1,,,,1,7,0,1,0,0
1,5,1,1,3,66,FRANCE,LANGUEDOC-ROUSSILLON,037,66037,CANET-EN-ROUSSILLON,RD 81,331853,5,3,RD,81,2,1,0,0,0,1,4269100,303100,,1,7,0,1,0,0
1,4,1,1,3,66,FRANCE,LANGUEDOC-ROUSSILLON,174,66174,SAINT-FELIU-D'AVALL,Autre 0,331861,5,9,Autre,0,2,2,0,0,0,1,0,0,,1,7,0,1,0,0
1,1,1,1,3,66,FRANCE,LANGUEDOC-ROUSSILLON,106,66106,MAUREILLAS-LAS-ILLAS,RD 618,331882,0,3,RD,618,0,2,74,500,0,0,0,0,,1,7,0,1,0,0
1,4,1,1,2,66,FRANCE,LANGUEDOC-ROUSSILLON,016,66016,BANYULS-SUR-MER,RD 914,331884,0,3,RD,914,2,2,35,500,0,1,0,0,,1,7,0,1,0,0
1,5,6,1,1,66,FRANCE,LANGUEDOC-ROUSSILLON,171,66171,SAINT-CYPRIEN,RD 81,331896,0,3,RD,81,1,2,0,0,0,1,4264400,303500,,1,7,0,1,0,0