lum,agg,int,atm,col,dep_bis,pays,region,com_bis,com_codeINSEE,communes,N_voie,numac,infra,catr,type_route,voie,circ,nbv,pr,pr1,vosp,situ,lat,long,adr,accident_velo,vehicule_imp,cycl_mort,cycl_bgv,cycl_blg,cycl_indm
1,1,3,1,2,66,FRANCE,LANGUEDOC-ROUSSILLON,069,66069,ESPIRA-DE-L'AGLY,RD 12,331924,5,3,RD,12,0,0,11,900,0,1,0,0,,1,7,0,1,0,0
1,5,1,1,1,66,FRANCE,LANGUEDOC-ROUSSILLON,037,66037,CANET-EN-ROUSSILLON,RD 81,331932,0,3,RD,81,3,1,0,0,0,1,0,0,,1,7,0,1,0,0
1,8,1,1,6,66,FRANCE,LANGUEDOC-ROUSSILLON,136,66136,PERPIGNAN,AVENUE DU MARECHAL JOFFRE,331944,0,4,VC,0,2,2,,,0,1,,,,1,7,0,1,0,0
1,1,1,1,2,66,FRANCE,LANGUEDOC-ROUSSILLON,230,66230,VINCA,RN 116,331952,0,2,RN,116,2,3,33,400,0,1,4265300,252900,,1,7,0,1,0,0
1,5,1,1,1,66,FRANCE,LANGUEDOC-ROUSSILLON,213,66213,TOULOUGES,VC 0,331969,0,4,VC,0,2,2,0,0,0,1,0,0,,1,7,0,1,0,0
1,8,6,1,2,66,FRANCE,LANGUEDOC-ROUSSILLON,136,66136,PERPIGNAN,ROND-Point Etang Long,331991,0,4,VC,0,1,1,,,0,1,,,,1,7,0,1,0,0
1,1,1,1,3,66,FRANCE,LANGUEDOC-ROUSSILLON,171,66171,SAINT-CYPRIEN,VC 1,332014,0,4,VC,1,0,0,0,0,0,1,4262000,298700,,1,7,0,1,0,0
1,3,6,1,6,66,FRANCE,LANGUEDOC-ROUSSILLON,015,66015,BANYULS-DELS-ASPRES,VC 0,332017,0,4,VC,0,2,2,0,0,0,1,0,0,,1,,0,1,0,0
1,5,1,1,1,66,FRANCE,LANGUEDOC-ROUSSILLON,149,66149,PRADES,VC 0,332035,0,4,VC,0,1,1,0,0,0,1,0,0,,1,7,0,1,0,0
2,2,1,1,1,66,FRANCE,LANGUEDOC-ROUSSILLON,166,66166,SAHORRE,RD 6,332048,0,3,RD,6,2,2,0,0,0,1,4253500,236300,,1,31,0,1,0,0
2,1,1,1,2,66,FRANCE,LANGUEDOC-ROUSSILLON,037,66037,CANET-EN-ROUSSILLON,RD 617,332068,0,3,RD,617,3,2,10,200,0,1,0,0,,1,7,0,1,0,0
1,5,1,7,3,66,FRANCE,LANGUEDOC-ROUSSILLON,037,66037,CANET-EN-ROUSSILLON,VC 0,332069,0,4,VC,0,2,0,0,0,0,1,0,0,,1,7,0,1,0,0
1,5,7,1,1,66,FRANCE,LANGUEDOC-ROUSSILLON,171,66171,SAINT-CYPRIEN,Parking 0,332090,0,6,Parking,0,0,0,0,0,0,1,0,0,,1,7,0,1,0,0
3,4,1,1,2,66,FRANCE,LANGUEDOC-ROUSSILLON,108,66108,MILLAS,RD 916,332103,2,3,RD,916,2,2,0,0,0,1,0,0,,1,7,0,1,0,0
1,1,1,1,1,66,FRANCE,LANGUEDOC-ROUSSILLON,148,66148,PORT-VENDRES,RN 914,332136,0,2,RN,914,2,2,0,0,0,1,0,0,,1,7,0,1,0,0
1,1,1,1,6,66,FRANCE,LANGUEDOC-ROUSSILLON,227,66227,VILLENEUVE-DE-LA-RAHO,RD 914,332146,0,3,RD,914,3,2,5,500,0,2,4265500,292900,,1,,0,1,0,0
1,5,1,1,1,66,FRANCE,LANGUEDOC-ROUSSILLON,008,66008,ARGELES-SUR-MER,VC 0,332155,0,4,VC,0,2,2,0,0,0,1,0,0,,1,7,0,1,0,0
3,1,1,1,1,66,FRANCE,LANGUEDOC-ROUSSILLON,008,66008,ARGELES-SUR-MER,RD 81,332177,2,3,RD,81,2,2,0,0,2,5,0,0,,1,7,0,1,0,0
1,1,1,1,3,66,FRANCE,LANGUEDOC-ROUSSILLON,174,66174,SAINT-FELIU-D'AVALL,RN 116,332181,0,2,RN,116,2,0,0,0,0,1,0,0,,1,7,0,1,0,0
1,3,1,1,1,66,FRANCE,LANGUEDOC-ROUSSILLON,207,66207,TERRATS,RD 615,332192,0,3,RD,615,2,0,13,978,0,1,0,0,,1,7,0,1,0,0
1,4,1,1,2,66,FRANCE,LANGUEDOC-ROUSSILLON,011,66011,BAGES,RD 1,332203,0,3,RD,1,0,2,0,0,0,1,0,0,,1,7,0,1,0,0
3,1,1,1,2,66,FRANCE,LANGUEDOC-ROUSSILLON,136,66136,PERPIGNAN,DU PERTHUS,332217,0,3,RD,0,2,2,1,240,0,1,,,,1,7,0,1,0,0
1,4,1,1,1,66,FRANCE,LANGUEDOC-ROUSSILLON,124,66124,FONT-ROMEU-ODEILLO-VIA,RD 618,332248,0,3,RD,618,2,2,17,100,0,1,0,0,,1,7,0,1,0,0
1,8,1,1,6,66,FRANCE,LANGUEDOC-ROUSSILLON,136,66136,PERPIGNAN,PORTE-D'ASSAUT,332272,0,4,VC,0,2,2,0,0,0,1,4269750,289254,,1,,,,,
1,1,1,1,6,66,FRANCE,LANGUEDOC-ROUSSILLON,074,66074,EUS,RD 35,332276,0,3,RD,35,2,2,5,530,0,1,4264140,247051,,1,,0,1,0,0
1,5,1,1,3,66,FRANCE,LANGUEDOC-ROUSSILLON,171,66171,SAINT-CYPRIEN,VC 0,332296,0,4,VC,0,2,0,0,0,0,1,0,0,,1,7,0,1,0,0
1,5,1,1,7,66,FRANCE,LANGUEDOC-ROUSSILLON,008,66008,ARGELES-SUR-MER,VC 0,332308,0,4,VC,0,2,2,0,0,0,1,0,0,,1,,0,1,0,0
1,8,1,1,6,66,FRANCE,LANGUEDOC-ROUSSILLON,136,66136,PERPIGNAN,BOULEVARD CLEMENCEAU,332311,0,4,VC,0,2,4,,,0,1,,,,1,7,0,1,0,0
1,5,1,1,3,66,FRANCE,LANGUEDOC-ROUSSILLON,008,66008,ARGELES-SUR-MER,VC 0,332314,0,4,VC,0,2,2,0,0,2,1,4255187,302910,,1,7,0,1,0,0
1,4,1,1,3,66,FRANCE,LANGUEDOC-ROUSSILLON,186,66186,SAINT-NAZAIRE,RD 42,332325,0,3,RD,42,2,2,2,400,0,1,4266620,296728,,1,10,0,1,0,0
1,8,1,1,3,66,FRANCE,LANGUEDOC-ROUSSILLON,136,66136,PERPIGNAN,DES HIRONDELLES,332339,0,4,VC,0,1,1,,,0,1,4271276,288585,,1,7,0,1,0,0
1,1,6,7,3,66,FRANCE,LANGUEDOC-ROUSSILLON,012,66012,BAHO,RD 616,332359,5,3,RD,616,1,1,3,408,0,1,0,0,,1,7,0,1,0,0
1,8,3,1,3,66,FRANCE,LANGUEDOC-ROUSSILLON,136,66136,PERPIGNAN,CELESTIN MANALT,332388,0,4,VC,,2,1,,,1,5,4269967,290255,,1,7,0,1,0,0
1,3,1,1,3,66,FRANCE,LANGUEDOC-ROUSSILLON,187,66187,SAINT-PAUL-DE-FENOUILLET,VC 2,332399,0,4,VC,2,2,0,0,0,0,1,4280985,249740,,1,7,0,1,0,0
3,1,1,1,2,66,FRANCE,LANGUEDOC-ROUSSILLON,136,66136,PERPIGNAN,CHEMIN DE NEGUEBOUS,332402,0,4,VC,0,2,2,,,0,1,4271528,287315,,1,33,0,1,0,0
1,4,1,1,3,66,FRANCE,LANGUEDOC-ROUSSILLON,011,66011,BAGES,,332406,0,4,VC,,2,1,0,0,0,1,4260495,289477,,1,31,0,1,0,0
1,1,1,1,1,66,FRANCE,LANGUEDOC-ROUSSILLON,037,66037,CANET-EN-ROUSSILLON,RD 11,332412,5,3,RD,11,2,0,19,683,1,5,0,0,,1,7,0,1,0,0
3,1,1,1,1,66,FRANCE,LANGUEDOC-ROUSSILLON,125,66125,OLETTE,RN 116,332423,0,2,RN,116,2,2,58,601,0,1,0,0,,1,7,0,1,0,0
1,1,1,1,1,66,FRANCE,LANGUEDOC-ROUSSILLON,017,66017,BARCARES (LE),RD 83,332473,3,3,RD,83,3,5,6,0,0,1,0,0,,1,7,0,1,0,0
1,5,1,1,3,66,FRANCE,LANGUEDOC-ROUSSILLON,172,66172,SAINT-ESTEVE,RD 616,332497,0,3,RD,616,2,2,2,674,0,1,4270760,284068,,1,7,0,1,0,0
1,4,1,1,1,66,FRANCE,LANGUEDOC-ROUSSILLON,140,66140,PEZILLA-LA-RIVIERE,VC 0,332501,0,4,VC,0,2,2,0,0,0,1,4269178,276904,,1,7,0,1,0,0
3,1,1,1,2,66,FRANCE,LANGUEDOC-ROUSSILLON,141,66141,PIA,RD 900,332506,2,3,RD,900,1,2,13,905,0,1,0,0,,1,7,0,1,0,0
1,8,1,1,3,66,FRANCE,LANGUEDOC-ROUSSILLON,136,66136,PERPIGNAN,COURS FRANCOIS PALMAROLE,332531,0,4,VC,0,2,2,,,0,1,4270237,289510,,1,7,0,1,0,0
2,8,2,1,3,67,FRANCE,ALSACE,482,67482,STRASBOURG,BOULEVARD PRESIDENT WILSON,332543,0,4,VC,0,3,6,,,0,1,,,,1,7,0,1,0,0
2,8,2,1,3,67,FRANCE,ALSACE,482,67482,STRASBOURG,RUE D'YPRES,332545,5,4,VC,0,2,2,,,0,1,,,,1,7,0,1,0,0
1,4,1,1,1,67,FRANCE,ALSACE,101,67101,DORLISHEIM,Parking 0,332552,0,6,Parking,0,0,0,0,0,0,1,4852900,749600,,1,7,0,1,0,0
1,8,3,1,1,67,FRANCE,ALSACE,482,67482,STRASBOURG,PONT DU DANUBE,332588,5,4,VC,0,2,3,,,0,1,,,,1,7,0,1,0,0
1,2,1,1,1,67,FRANCE,ALSACE,220,67220,INGENHEIM,RD 67,332600,0,3,RD,67,2,0,0,0,0,1,4874000,752000,,1,10,0,1,0,0
1,8,1,1,3,67,FRANCE,ALSACE,482,67482,STRASBOURG,BOULEVARD PRESIDENT WILSON,332630,0,4,VC,0,3,4,,,0,1,,,,1,7,0,1,0,0
1,8,1,1,3,67,FRANCE,ALSACE,482,67482,STRASBOURG,ROUTE DU RHIN,332636,5,4,VC,0,3,4,,,2,1,,,,1,7,0,1,0,0
1,1,3,1,3,67,FRANCE,ALSACE,528,67528,WEYER,RD 40,332645,0,3,RD,40,2,2,0,825,0,1,4886600,718100,,1,38,0,1,0,0
1,6,1,2,3,67,FRANCE,ALSACE,180,67180,HAGUENAU,ROUTE DE SCHIRRHEIN,332661,0,4,VC,0,2,2,,,0,1,,,,1,7,0,1,0,0
1,8,3,1,3,67,FRANCE,ALSACE,482,67482,STRASBOURG,ROUTE DES ROMAINS,332666,0,4,VC,0,2,2,,,2,5,,,,1,7,0,1,0,0
1,6,2,1,3,67,FRANCE,ALSACE,447,67447,SCHILTIGHEIM,ROUTE DU GENERAL DE GAULLE,332692,0,4,VC,0,2,4,,,3,1,,,,1,7,0,1,0,0
1,8,3,1,3,67,FRANCE,ALSACE,482,67482,STRASBOURG,BOULEVARD CLEMENCEAU,332695,0,4,VC,0,1,3,,,1,5,,,,1,7,0,1,0,0
1,8,3,1,3,67,FRANCE,ALSACE,482,67482,STRASBOURG,AVENUE D'ALSACE,332697,0,4,VC,0,2,4,,,0,1,,,,1,7,0,1,0,0
1,8,1,1,3,67,FRANCE,ALSACE,482,67482,STRASBOURG,ROUTE DE VIENNE,332698,0,4,VC,0,1,4,,,0,1,,,,1,7,0,1,0,0
1,8,1,1,6,67,FRANCE,ALSACE,482,67482,STRASBOURG,AVENUE DE COLMAR,332700,0,4,VC,0,3,6,,,2,5,,,,1,7,0,1,0,0
1,1,1,1,2,67,FRANCE,ALSACE,191,67191,HERBITZHEIM,RD 38,332710,0,3,RD,38,2,2,1,820,0,1,0,0,,1,7,0,1,0,0
1,3,1,1,1,67,FRANCE,ALSACE,479,67479,STEINSELTZ,VC 0,332718,0,4,VC,0,2,2,0,0,0,1,4901300,793300,,1,7,0,1,0,0
1,4,1,2,1,67,FRANCE,ALSACE,137,67137,FEGERSHEIM,RD 221,332724,0,3,RD,221,2,0,0,0,0,1,4849400,769400,,1,10,0,1,0,0
1,3,9,1,1,67,FRANCE,ALSACE,415,67415,ROTHBACH,RD 28,332745,0,3,RD,28,2,2,6,100,0,1,0,0,,1,7,0,1,0,0
1,8,1,8,6,67,FRANCE,ALSACE,482,67482,STRASBOURG,ROUTE DE LA WANTZENAU ,332749,0,4,VC,0,2,3,,,0,1,,,,1,7,0,1,0,0
1,8,2,1,1,67,FRANCE,ALSACE,482,67482,STRASBOURG,ROUTE DE L'HOPITAL,332776,5,4,VC,0,2,3,,,0,1,,,,1,10,0,1,0,0
1,8,3,1,5,67,FRANCE,ALSACE,482,67482,STRASBOURG,RUE JEANNE D'ARC,332784,0,4,VC,0,2,2,,,0,4,,,,1,10,0,0,0,1
2,4,3,5,3,67,FRANCE,ALSACE,282,67282,MARLENHEIM,RN 420,332792,5,2,RN,420,2,2,0,0,0,1,4862400,750100,,1,21,0,1,0,0
1,4,2,1,3,67,FRANCE,ALSACE,106,67106,DRUSENHEIM,VC 0,332816,0,4,VC,0,2,2,0,0,1,1,0,0,,1,7,0,1,0,0
2,8,3,1,6,67,FRANCE,ALSACE,482,67482,STRASBOURG,RUE DU CHEMIN DE FER,332819,0,4,VC,0,2,2,1,0,0,1,,,,1,13,0,1,0,0
1,8,1,1,5,67,FRANCE,ALSACE,482,67482,STRASBOURG,AVENUE DE COLMAR,332822,0,4,VC,0,2,2,,,2,5,,,,1,7,0,1,0,0
1,6,1,1,6,67,FRANCE,ALSACE,447,67447,SCHILTIGHEIM,ROUTE DE BISCHWILLER,332823,0,4,VC,0,2,2,,,0,1,,,,1,7,0,1,0,0
1,8,3,3,3,67,FRANCE,ALSACE,482,67482,STRASBOURG,AVENUE JEAN JAURES,332826,5,4,VC,0,2,3,,,0,1,,,,1,14,0,1,0,0
1,8,2,1,3,67,FRANCE,ALSACE,482,67482,STRASBOURG,QUAI FUSTEL DE COULANGES,332827,0,4,VC,0,2,2,,,1,0,,,,1,38,0,1,0,0
1,1,1,1,7,67,FRANCE,ALSACE,101,67101,DORLISHEIM,RD 422,332847,0,3,RD,422,2,2,12,100,0,1,4853300,749900,,1,,0,1,0,0
1,4,1,1,1,67,FRANCE,ALSACE,194,67194,HERRLISHEIM,RD 468,332861,0,3,RD,468,2,0,0,0,0,1,0,0,,1,7,0,1,0,0
2,8,1,1,3,67,FRANCE,ALSACE,482,67482,STRASBOURG,AVENUE DES VOSGES,332865,0,4,VC,0,2,4,,,0,1,,,,1,7,0,1,0,0
5,5,1,8,3,67,FRANCE,ALSACE,067,67067,BRUMATH,RD 263,332873,0,3,RD,263,2,2,0,0,1,1,0,0,,1,7,0,1,0,0
1,1,1,2,6,67,FRANCE,ALSACE,174,67174,GUMBRECHTSHOFFEN,RD 242,332886,0,3,RD,242,2,0,0,0,0,1,0,0,,1,,0,1,0,0
1,8,2,2,3,67,FRANCE,ALSACE,482,67482,STRASBOURG,ROND-POINT PIERRE MENDES FRANCE,332888,0,4,VC,0,1,3,,,0,1,,,,1,7,0,1,0,0
1,8,1,1,3,67,FRANCE,ALSACE,482,67482,STRASBOURG,RUE DE LAUSANNE,332909,0,4,VC,0,2,2,,,0,1,,,,1,7,0,1,0,0
1,8,3,1,3,67,FRANCE,ALSACE,482,67482,STRASBOURG,BOULEVARD PRESIDENT WILSON,332910,0,4,VC,0,3,2,,,0,1,,,,1,7,0,1,0,0
1,3,1,1,3,67,FRANCE,ALSACE,554,67554,WOLXHEIM,RD 45,332916,0,3,RD,45,2,1,16,0,0,1,4857200,750000,,1,,0,0,0,1
1,1,1,1,3,67,FRANCE,ALSACE,181,67181,HANDSCHUHEIM,RD 718,332922,0,3,RD,718,2,2,2,400,0,1,4860600,757500,,1,21,0,1,0,0
1,1,1,1,1,67,FRANCE,ALSACE,326,67326,NIEDERHAUSBERGEN,RD 63,332929,0,3,RD,63,2,2,0,0,1,1,4863400,770500,,1,7,0,1,0,0
5,5,1,1,2,67,FRANCE,ALSACE,462,67462,SELESTAT,AVENUE DU GENERAL DE GAULLE,332933,2,2,RN,0,2,4,,,1,1,,,,1,7,0,1,0,0
1,1,1,1,1,67,FRANCE,ALSACE,544,67544,WISSEMBOURG,RD 263,332953,0,3,RD,263,2,2,0,0,0,1,4903600,795700,,1,7,0,1,0,0
1,8,3,1,3,67,FRANCE,ALSACE,482,67482,STRASBOURG,RUE DE LONDRES,332966,0,4,VC,0,2,2,,,0,1,,,,1,7,0,1,0,0
1,3,1,1,1,67,FRANCE,ALSACE,516,67516,WALTENHEIM-SUR-ZORN,VC 0,332973,0,4,VC,0,0,0,0,0,0,1,0,0,,1,7,0,1,0,0
1,8,5,1,3,67,FRANCE,ALSACE,482,67482,STRASBOURG,RUE DU MAIRE KUSS,332987,0,4,VC,0,1,2,,,0,1,,,,1,7,0,1,0,0
1,4,1,1,1,67,FRANCE,ALSACE,028,67028,BENFELD,RD 1,332990,0,3,RD,1,2,0,0,0,0,1,0,0,,1,7,0,1,0,0
1,5,3,1,5,67,FRANCE,ALSACE,544,67544,WISSEMBOURG,Autre 0,333003,0,9,Autre,0,2,2,0,0,0,1,4904100,795100,,1,7,0,1,0,0
1,5,1,2,3,67,FRANCE,ALSACE,152,67152,GEISPOLSHEIM,VC 0,333008,0,4,VC,0,3,0,0,0,0,1,4852300,765200,,1,7,0,1,0,0
1,1,1,1,2,67,FRANCE,ALSACE,001,67001,ACHENHEIM,Autre 0,333021,0,9,Autre,0,1,0,0,0,1,5,0,0,,1,,0,1,0,0
1,5,1,1,1,67,FRANCE,ALSACE,437,67437,SAVERNE,VC 0,333035,0,4,VC,0,2,2,0,0,0,1,0,0,,1,7,0,1,0,0
1,3,1,1,1,67,FRANCE,ALSACE,125,67125,EPFIG,VC 0,333041,0,4,VC,0,2,2,0,0,0,1,4836300,746900,,1,7,0,1,0,0
1,1,9,1,1,67,FRANCE,ALSACE,160,67160,GOERSDORF,RD 27,333044,0,3,RD,27,2,1,0,0,1,1,4897400,776500,,1,7,0,1,0,0
1,8,3,2,3,67,FRANCE,ALSACE,482,67482,STRASBOURG,AVENUE DU GENERAL DE GAULLE,333049,0,4,VC,0,2,2,,,1,5,,,,1,7,0,1,0,0
1,5,3,1,3,67,FRANCE,ALSACE,204,67204,HOENHEIM,RUE DU MARAIS,333052,0,4,VC,0,1,1,,,0,1,,,,1,7,0,1,0,0
1,4,1,1,2,67,FRANCE,ALSACE,268,67268,LIPSHEIM,RD 221,333054,5,3,RD,221,3,2,13,400,0,1,4849500,767400,,1,7,0,1,0,0
1,1,1,7,3,67,FRANCE,ALSACE,296,67296,MITTELHAUSBERGEN,VC 0,333077,0,4,VC,0,2,0,0,0,0,1,0,0,,1,7,0,1,0,0
1,1,1,2,3,67,FRANCE,ALSACE,180,67180,HAGUENAU,ROUTE DE BISCHWILLER,333080,0,3,RD,0,2,2,0,1,1,1,,,,1,7,0,1,0,0
1,8,1,1,3,67,FRANCE,ALSACE,482,67482,STRASBOURG,RUE DE MULHOUSE,333083,0,4,VC,0,2,2,,,0,0,,,,1,7,0,1,0,0
5,8,1,1,2,67,FRANCE,ALSACE,482,67482,STRASBOURG,RUE DE MOLSHEIM,333085,0,4,VC,0,2,1,,,0,1,,,,1,7,0,1,0,0
1,4,1,1,3,67,FRANCE,ALSACE,169,67169,GRIES,RD 48,333091,0,3,RD,48,2,2,0,0,0,1,0,0,,1,15,0,1,0,0
1,4,1,1,1,67,FRANCE,ALSACE,529,67529,WEYERSHEIM,VC 0,333097,0,4,VC,0,2,0,0,0,0,1,0,0,,1,7,0,1,0,0
1,4,2,1,3,67,FRANCE,ALSACE,350,67350,OBERSCHAEFFOLSHEIM,Autre 0,333099,0,9,Autre,0,2,0,0,0,0,1,4859000,764900,,1,7,0,1,0,0
1,3,1,1,3,67,FRANCE,ALSACE,405,67405,ROESCHWOOG,RD 468,333102,0,3,RD,468,2,2,0,0,0,1,4882900,803400,,1,7,0,1,0,0
1,1,6,1,3,67,FRANCE,ALSACE,152,67152,GEISPOLSHEIM,RD 484,333104,5,3,RD,484,2,2,0,0,0,1,4853500,769100,,1,10,0,1,0,0
3,1,1,1,2,67,FRANCE,ALSACE,089,67089,DETTWILLER,RD 421,333129,0,3,RD,421,0,2,0,0,0,1,0,0,,1,7,0,1,0,0
3,1,1,1,1,67,FRANCE,ALSACE,445,67445,SCHERWILLER,VC 0,333137,0,4,VC,0,2,1,0,0,1,1,4828400,743400,,1,7,0,1,0,0
1,8,1,1,3,67,FRANCE,ALSACE,482,67482,STRASBOURG,ROUTE DE SCHIRMECK,333154,0,4,VC,0,2,3,,,2,1,,,,1,7,0,1,0,0
1,4,1,1,1,67,FRANCE,ALSACE,222,67222,INGWILLER,RD 919,333164,0,3,RD,919,2,0,49,2,0,1,0,0,,1,7,0,1,0,0
3,1,1,1,1,67,FRANCE,ALSACE,351,67351,SEEBACH,RD 34,333172,0,3,RD,34,2,2,5,700,0,1,4899500,798300,,1,7,0,1,0,0
2,3,1,1,1,67,FRANCE,ALSACE,451,67451,SCHLEITHAL,RD 244,333173,0,3,RD,244,2,2,0,0,0,1,4899500,804000,,1,7,0,1,0,0
1,5,1,1,3,67,FRANCE,ALSACE,267,67267,LINGOLSHEIM,RUE D ECKBOLSHEIM,333181,0,4,VC,0,2,2,,,0,1,,,,1,7,0,1,0,0
1,8,3,1,3,67,FRANCE,ALSACE,482,67482,STRASBOURG,RUE DE LA DOUANE,333183,0,4,VC,0,2,2,,,0,1,,,,1,7,0,1,0,0
1,4,1,7,1,67,FRANCE,ALSACE,411,67411,ROSHEIM,RD 1035,333187,5,3,RD,1035,2,2,0,0,0,1,4850100,747600,,1,7,0,1,0,0
1,8,9,1,3,67,FRANCE,ALSACE,482,67482,STRASBOURG,RUE JACQUES KABLE,333202,0,4,VC,0,2,3,,,2,5,,,,1,7,0,1,0,0
1,4,1,1,3,67,FRANCE,ALSACE,028,67028,BENFELD,VC 0,333204,0,4,VC,0,2,2,0,0,0,1,4837400,759000,,1,7,0,1,0,0
1,3,1,1,1,67,FRANCE,ALSACE,322,67322,NEUWILLER-LES-SAVERNE,VC 0,333249,0,4,VC,0,2,2,0,0,0,1,0,0,,1,7,0,1,0,0
1,3,1,1,3,67,FRANCE,ALSACE,367,67367,OTTERSWILLER,RD 1004,333262,0,3,RD,1004,2,2,8,950,0,1,0,0,,1,31,0,1,0,0
1,5,1,1,3,67,FRANCE,ALSACE,544,67544,WISSEMBOURG,VC 0,333278,0,4,VC,0,2,0,0,0,3,4,4903700,794600,,1,7,0,1,0,0
1,8,1,1,3,67,FRANCE,ALSACE,482,67482,STRASBOURG,RUE DE FRANCHE COMTE,333288,0,4,VC,0,2,2,,,0,1,,,,1,7,0,1,0,0
1,8,1,1,1,67,FRANCE,ALSACE,482,67482,STRASBOURG,RUE BRANTOME,333289,0,4,VC,0,2,2,,,0,1,,,,1,7,0,1,0,0
1,4,1,1,1,67,FRANCE,ALSACE,137,67137,FEGERSHEIM,RD 1083,333294,5,3,RD,1083,2,2,0,0,0,1,0,0,,1,7,0,1,0,0
1,3,1,1,3,67,FRANCE,ALSACE,347,67347,OBERMODERN-ZUTZENDORF,RD 919,333300,0,3,RD,919,2,2,56,150,0,1,0,0,,1,7,0,1,0,0
1,5,1,1,3,67,FRANCE,ALSACE,520,67520,WASSELONNE,VC 0,333333,0,4,VC,0,2,2,0,0,0,1,4864200,744600,,1,7,0,1,0,0
1,1,1,9,1,67,FRANCE,ALSACE,239,67239,KINTZHEIM,RD 159,333342,5,3,RD,159,2,2,0,0,0,1,4826000,741100,,1,7,0,1,0,0
1,5,1,1,1,67,FRANCE,ALSACE,152,67152,GEISPOLSHEIM,RD 84,333353,0,3,RD,84,2,2,0,0,0,1,4852400,768400,,1,7,0,1,0,0
1,1,1,1,5,67,FRANCE,ALSACE,343,67343,OBERHAUSBERGEN,Hors_reseau 0,333354,0,5,Hors_reseau,0,0,0,0,0,1,5,4861000,769800,,1,14,0,0,0,1
1,1,6,1,3,67,FRANCE,ALSACE,343,67343,OBERHAUSBERGEN,RD 63,333355,5,3,RD,63,2,1,0,0,1,1,4861100,767900,,1,7,0,1,0,0
1,3,1,1,3,67,FRANCE,ALSACE,119,67119,ECKWERSHEIM,RD 226,333366,0,3,RD,226,2,2,0,0,0,1,4868000,769000,,1,7,0,1,0,0
1,8,1,1,6,67,FRANCE,ALSACE,482,67482,STRASBOURG,RUE SCHWEIGHAEUSER,333377,0,4,VC,0,1,1,,,2,5,,,,1,,0,0,0,1
1,4,6,1,3,67,FRANCE,ALSACE,073,67073,CHATENOIS,RN 59,333390,5,2,RN,59,2,2,5,650,0,1,4828000,740100,,1,7,0,1,0,0
1,8,2,2,3,67,FRANCE,ALSACE,482,67482,STRASBOURG,RUE SAINT ERHARD,333398,0,4,VC,0,1,1,,,0,1,,,,1,7,0,1,0,0
1,6,1,1,6,67,FRANCE,ALSACE,218,67218,ILLKIRCH-GRAFFENSTADEN,ROUTE DE STRASBOURG,333399,4,4,VC,0,3,2,,,1,1,,,,1,7,0,1,0,0
1,4,1,1,3,67,FRANCE,ALSACE,106,67106,DRUSENHEIM,VC 0,333413,0,4,VC,0,2,2,0,0,0,1,4876900,795400,,1,7,0,1,0,0
1,8,1,1,3,67,FRANCE,ALSACE,482,67482,STRASBOURG,ROUTE DE MITTELHAUSBERGEN,333438,0,6,Parking,0,0,0,,,0,0,,,,1,7,0,1,0,0
5,8,2,1,3,67,FRANCE,ALSACE,482,67482,STRASBOURG,RUE EDMOND MICHELET,333439,0,4,VC,0,2,2,,,0,1,,,,1,7,0,1,0,0
1,4,1,1,3,67,FRANCE,ALSACE,028,67028,BENFELD,VC 0,333445,0,4,VC,0,2,2,0,0,0,1,4837700,759500,,1,7,0,1,0,0
1,8,1,1,6,67,FRANCE,ALSACE,482,67482,STRASBOURG,RUE DU VIEUX MARCHE AUX POISSONS,333473,0,4,VC,0,1,1,0,0,1,5,0,0,,1,,,,,
1,1,1,1,6,67,FRANCE,ALSACE,416,67416,ROTT,RD 3,333500,0,3,RD,3,2,2,26,767,0,1,4902930,792065,,1,,0,1,0,0
1,5,3,1,3,67,FRANCE,ALSACE,152,67152,GEISPOLSHEIM,RD 84,333504,5,3,RD,84,2,2,5,431,1,5,4851680,765406,,1,,0,1,0,0
1,1,1,2,3,67,FRANCE,ALSACE,392,67392,REIPERTSWILLER,VC 0,333505,0,4,VC,0,2,2,0,0,0,1,0,0,,1,7,0,1,0,0
1,3,1,1,3,67,FRANCE,ALSACE,538,67538,WINGEN-SUR-MODER,VC 0,333507,0,4,VC,0,2,2,0,0,0,1,0,0,,1,7,0,1,0,0
1,5,1,1,3,67,FRANCE,ALSACE,462,67462,SELESTAT,ROUTE DE SAINTE MARIE-AUX-MINES,333513,0,3,RD,1059,2,1,8,654,0,1,4826500,743745,,1,37,0,1,0,0
1,4,1,1,1,67,FRANCE,ALSACE,389,67389,REICHSTETT,VC 0,333521,0,4,VC,0,2,0,0,0,0,1,4864900,774899,,1,7,0,1,0,0
1,4,7,1,3,67,FRANCE,ALSACE,028,67028,BENFELD,Parking 0,333530,0,6,Parking,0,0,2,0,0,0,0,4837700,758800,,1,7,0,1,0,0
1,8,1,3,6,67,FRANCE,ALSACE,482,67482,STRASBOURG,RUE DE SEBASTOPOL,333534,0,4,VC,0,1,3,0,0,0,1,0,0,,1,7,0,1,0,1
1,3,1,1,3,67,FRANCE,ALSACE,192,67192,HERBSHEIM,VC 0,333543,0,4,VC,0,2,2,0,0,0,1,4835500,763200,,1,10,0,1,0,0