lum,agg,int,atm,col,dep_bis,pays,region,com_bis,com_codeINSEE,communes,N_voie,numac,infra,catr,type_route,voie,circ,nbv,pr,pr1,vosp,situ,lat,long,adr,accident_velo,vehicule_imp,cycl_mort,cycl_bgv,cycl_blg,cycl_indm
1,4,1,1,2,67,FRANCE,ALSACE,268,67268,LIPSHEIM,VC 0,333547,0,4,VC,0,2,2,0,0,0,1,4849600,766700,,1,7,0,1,0,0
1,1,9,1,1,67,FRANCE,ALSACE,296,67296,MITTELHAUSBERGEN,RD 31,333548,0,3,RD,31,2,0,14,708,1,5,4862120,768991,,1,17,0,1,0,0
1,3,1,1,1,67,FRANCE,ALSACE,331,67331,NIEDERSCHAEFFOLSHEIM,RD 263,333557,5,3,RD,263,2,2,0,0,0,1,4877600,773400,,1,10,0,1,0,0
1,3,9,1,3,67,FRANCE,ALSACE,507,67507,VILLE,RD 439,333561,0,3,RD,439,2,2,2,0,0,1,4834070,729895,,1,7,0,1,0,0
1,4,1,2,7,67,FRANCE,ALSACE,001,67001,ACHENHEIM,RD 222,333562,0,3,RD,222,2,0,0,0,0,1,0,0,,1,,0,1,0,0
5,5,1,1,6,67,FRANCE,ALSACE,043,67043,BISCHHEIM,RUE DE LA ROBERTSAU,333567,0,4,VC,0,2,1,0,0,0,1,0,0,,1,,0,1,0,0
5,8,1,1,6,67,FRANCE,ALSACE,482,67482,STRASBOURG,RUE BOECKLIN,333570,0,4,VC,0,2,1,0,0,1,5,0,0,,1,,0,1,0,0
1,8,1,1,6,67,FRANCE,ALSACE,482,67482,STRASBOURG,ROUTE D OBERHAUSBERGEN,333571,0,4,VC,0,2,2,0,0,0,1,0,0,,1,,0,0,0,1
1,8,3,1,3,67,FRANCE,ALSACE,482,67482,STRASBOURG,RUE DES NARCISSES,333576,0,4,VC,0,2,2,0,0,0,1,0,0,,1,7,0,1,0,0
1,5,1,1,7,67,FRANCE,ALSACE,043,67043,BISCHHEIM,RUE DE LONGCHAMPS,333582,2,4,VC,0,2,1,0,0,1,5,0,0,,1,,0,1,0,0
1,8,2,1,3,67,FRANCE,ALSACE,482,67482,STRASBOURG,AVENUE JEAN JAURES,333585,0,4,VC,0,3,4,0,0,0,1,0,0,,1,40,0,1,0,0
1,8,3,1,6,67,FRANCE,ALSACE,482,67482,STRASBOURG,PAUL DOPF,333586,0,4,VC,0,2,2,0,0,0,1,0,0,,1,14,0,1,0,0
1,1,3,1,3,67,FRANCE,ALSACE,310,67310,MUSSIG,RD 205,333592,0,3,RD,205,2,2,1,548,0,1,4821340,751891,,1,7,0,1,0,0
1,5,1,8,1,67,FRANCE,ALSACE,544,67544,WISSEMBOURG,RD 334,333602,0,3,RD,334,2,2,1,890,0,1,4903990,792449,,1,10,0,1,0,0
1,4,1,1,3,67,FRANCE,ALSACE,378,67378,PLOBSHEIM,VC 0,333606,5,4,VC,0,3,2,0,0,0,1,0,0,,1,7,0,1,0,0
1,3,1,1,2,67,FRANCE,ALSACE,248,67248,KRAUTERGERSHEIM,VC 0,333612,0,4,VC,0,0,0,0,0,0,1,0,0,,1,7,0,1,0,0
1,5,2,2,3,67,FRANCE,ALSACE,365,67365,OSTWALD,RUE DE L'ILE DES PECHEURS,333623,5,4,VC,0,2,2,0,0,0,1,0,0,,1,7,0,1,0,0
3,1,1,1,2,67,FRANCE,ALSACE,389,67389,REICHSTETT,RD 63,333640,0,3,RD,63,2,2,14,0,0,1,4865330,775525,,1,14,0,1,0,0
1,1,1,1,2,67,FRANCE,ALSACE,338,67338,OBENHEIM,RD 468,333665,0,3,RD,468,2,2,29,500,0,1,4835440,768165,,1,7,0,1,0,0
1,3,1,1,3,67,FRANCE,ALSACE,486,67486,SUNDHOUSE,VC 0,333687,0,4,VC,0,2,2,0,0,0,1,0,0,,1,7,0,1,0,0
1,2,1,1,1,67,FRANCE,ALSACE,007,67007,ALTENSTADT,RD 303,333699,0,3,RD,303,0,0,0,521,0,0,4903130,796930,,1,14,0,1,0,0
1,8,2,1,3,67,FRANCE,ALSACE,482,67482,STRASBOURG,AVENUE ARISTIDE BRIAND,333702,0,4,VC,0,2,2,0,0,0,5,0,0,,1,7,0,1,0,0
5,8,3,1,6,67,FRANCE,ALSACE,482,67482,STRASBOURG,RUE DU FAUBOURG DE PIERRE,333703,0,4,VC,0,2,3,0,0,3,1,0,0,,1,7,0,1,0,0
1,3,1,1,1,67,FRANCE,ALSACE,392,67392,REIPERTSWILLER,VC 0,333716,0,4,VC,0,2,0,0,0,0,1,0,0,,1,10,0,1,0,0
1,5,1,1,3,67,FRANCE,ALSACE,130,67130,ERSTEIN,RD 288,333729,0,3,RD,288,2,2,5,600,1,1,0,0,,1,7,0,1,0,0
1,1,1,1,3,67,FRANCE,ALSACE,519,67519,WANTZENAU (LA),RD 301,333731,0,3,RD,301,2,0,0,0,1,1,4866900,782100,,1,7,0,1,0,0
1,1,6,1,1,67,FRANCE,ALSACE,061,67061,BOUXWILLER,RD 17,333734,0,3,RD,17,0,0,0,0,0,1,4883100,746600,,1,7,0,1,0,0
1,3,1,1,1,67,FRANCE,ALSACE,302,67302,MONSWILLER,VC 0,333747,0,4,VC,0,2,2,0,0,0,1,4876200,739400,,1,7,0,1,0,0
1,5,1,1,3,67,FRANCE,ALSACE,130,67130,ERSTEIN,Parking 0,333754,0,6,Parking,0,0,0,0,0,0,1,0,0,,1,7,0,1,0,0
1,5,2,1,3,67,FRANCE,ALSACE,152,67152,GEISPOLSHEIM,RD 484,333760,0,3,RD,484,2,0,0,0,1,5,4853700,769100,,1,7,0,1,0,0
1,3,1,1,2,67,FRANCE,ALSACE,055,67055,BOOFZHEIM,RD 5,333764,0,3,RD,5,2,2,19,495,0,1,0,0,,1,7,0,1,0,0
1,8,1,1,6,67,FRANCE,ALSACE,482,67482,STRASBOURG,ALLEE DE LA ROBERTSAU,333774,0,4,VC,0,3,1,,,0,1,,,,1,7,0,1,0,0
5,8,1,2,6,67,FRANCE,ALSACE,482,67482,STRASBOURG,PONT DES FRERES MATTHIS,333775,0,4,VC,0,2,4,,,0,1,,,,1,3,0,1,0,0
1,8,5,1,6,67,FRANCE,ALSACE,482,67482,STRASBOURG,BOULEVARD PRESIDENT WILSON,333792,0,4,VC,0,2,3,,,0,1,,,,1,7,0,1,0,0
1,8,2,1,3,67,FRANCE,ALSACE,482,67482,STRASBOURG,AVENUE DU GENERAL DE GAULLE,333797,0,4,VC,0,3,2,,,3,1,,,,1,7,0,1,0,0
1,6,1,1,3,67,FRANCE,ALSACE,180,67180,HAGUENAU,ROUTE DE MARIENTHAL,333800,0,4,VC,0,2,2,,,1,1,,,,1,7,0,1,0,0
1,8,2,1,6,67,FRANCE,ALSACE,482,67482,STRASBOURG,RUE DE LA PREMIERE ARMEE,333801,0,4,VC,0,2,2,1,0,0,1,,,,1,,0,0,0,1
1,8,2,1,3,67,FRANCE,ALSACE,482,67482,STRASBOURG,RUE JACQUES KABLE,333802,0,4,VC,0,2,2,,,1,1,,,,1,7,0,1,0,0
1,8,2,1,3,67,FRANCE,ALSACE,482,67482,STRASBOURG,RUE DES DUCS,333803,0,4,VC,0,2,2,,,0,1,,,,1,15,0,1,0,0
1,3,1,1,3,67,FRANCE,ALSACE,311,67311,MUTTERSHOLTZ,VC 0,333810,0,4,VC,0,2,0,0,0,0,1,4827400,753800,,1,7,0,1,0,0
1,1,1,1,1,67,FRANCE,ALSACE,028,67028,BENFELD,RD 5,333811,5,3,RD,5,2,0,12,0,1,5,4837000,761000,,1,30,0,1,0,0
1,4,1,1,1,67,FRANCE,ALSACE,445,67445,SCHERWILLER,Autre 0,333817,0,9,Autre,0,2,0,0,0,0,1,4828900,742500,,1,7,0,1,0,0
1,5,1,1,3,67,FRANCE,ALSACE,067,67067,BRUMATH,RD 30,333829,5,3,RD,30,2,2,0,0,1,5,0,0,,1,7,0,1,0,0
1,3,1,7,2,67,FRANCE,ALSACE,547,67547,WITTISHEIM,RD 82,333831,0,3,RD,82,2,2,0,0,0,1,4826540,759550,,1,7,0,1,0,0
1,5,2,1,3,67,FRANCE,ALSACE,462,67462,SELESTAT,AVENUE DU DOCTEUR HOUILLON,333840,0,4,VC,0,2,2,,,0,1,,,,1,7,0,1,0,0
1,5,9,7,3,67,FRANCE,ALSACE,313,67313,MUTZIG,RD 392,333853,0,3,RD,392,2,0,0,0,2,5,4853500,746600,,1,7,0,1,0,0
1,4,1,1,3,67,FRANCE,ALSACE,137,67137,FEGERSHEIM,RD 221,333855,0,3,RD,221,2,2,14,0,0,1,0,0,,1,7,0,1,0,0
4,6,1,1,3,67,FRANCE,ALSACE,218,67218,ILLKIRCH-GRAFFENSTADEN,RUE DES VIGNES,333857,0,4,VC,0,2,2,,,0,1,,,,1,7,0,1,0,0
1,1,1,1,1,67,FRANCE,ALSACE,191,67191,HERBITZHEIM,RD 38,333862,0,3,RD,38,2,2,1,950,0,1,4900900,707000,,1,10,0,1,0,0
5,5,1,1,3,67,FRANCE,ALSACE,118,67118,ECKBOLSHEIM,RD 445,333866,0,3,RD,445,2,0,0,0,0,4,0,0,,1,99,0,1,0,0
5,8,2,6,3,67,FRANCE,ALSACE,482,67482,STRASBOURG,PLACE PETRARQUE,333877,0,4,VC,0,2,2,,,0,1,,,,1,7,0,1,0,0
3,1,1,1,2,67,FRANCE,ALSACE,389,67389,REICHSTETT,RD 63,333881,0,3,RD,63,2,2,0,0,0,1,0,0,,1,7,0,1,0,0
1,1,9,8,1,67,FRANCE,ALSACE,253,67253,KUTTOLSHEIM,RD 228,333882,0,3,RD,228,2,0,4,300,0,1,4864500,753200,,1,7,0,1,0,0
1,4,1,1,1,67,FRANCE,ALSACE,474,67474,SOULTZ-SOUS-FORETS,RD 28,333888,0,3,RD,28,2,1,0,0,0,1,4894600,786100,,1,7,0,1,0,0
1,5,1,1,3,67,FRANCE,ALSACE,130,67130,ERSTEIN,VC 0,333915,0,4,VC,0,2,0,0,0,0,1,0,0,,1,7,0,1,0,0
1,1,3,1,3,67,FRANCE,ALSACE,266,67266,LIMERSHEIM,RD 207,333917,0,3,RD,207,0,2,0,0,1,5,0,0,,1,7,0,1,0,0
1,4,1,1,3,67,FRANCE,ALSACE,448,67448,SCHIRMECK,RD 392,333941,0,3,RD,392,2,2,0,0,0,1,4848300,722000,,1,7,0,1,0,0
2,2,1,8,1,67,FRANCE,ALSACE,139,67139,FLEXBOURG,VC 0,333945,0,4,VC,0,2,2,0,0,0,1,4857500,742900,,1,7,0,1,0,0
1,2,1,1,1,67,FRANCE,ALSACE,381,67381,PUBERG,VC 0,333962,0,4,VC,0,2,2,0,0,0,1,4891800,731700,,1,2,0,1,0,0
1,5,1,8,3,67,FRANCE,ALSACE,067,67067,BRUMATH,RD 263,333971,0,3,RD,263,2,0,0,0,1,1,4873700,771000,,1,7,0,1,0,0
1,4,1,1,3,67,FRANCE,ALSACE,495,67495,TRUCHTERSHEIM,RD 30,333984,5,3,RD,30,3,1,20,700,2,1,4866500,760600,,1,7,0,1,0,0
2,3,1,1,7,67,FRANCE,ALSACE,182,67182,HANGENBIETEN,RD 93,333993,0,3,RD,93,2,2,0,0,0,1,0,0,,1,,0,1,0,0
3,1,1,1,2,67,FRANCE,ALSACE,541,67541,WINTZENBACH,RD 468,334019,0,3,RD,468,3,2,0,0,0,1,4893300,810399,,1,7,0,1,0,0
1,1,1,1,3,67,FRANCE,ALSACE,184,67184,HATTEN,RD 28,334020,0,3,RD,28,2,2,45,928,0,1,0,0,,1,7,0,1,0,0
1,1,1,1,2,67,FRANCE,ALSACE,339,67339,BETSCHDORF,RD 344,334027,0,3,RD,344,2,2,0,0,0,1,4889900,793800,,1,2,0,1,0,0
1,1,1,1,1,67,FRANCE,ALSACE,180,67180,HAGUENAU,ROUTE DU RHIN,334072,0,3,RD,0,2,2,0,1,0,1,,,,1,7,0,1,0,0
1,5,1,1,3,67,FRANCE,ALSACE,462,67462,SELESTAT,RUE D EBERSHEIM,334079,0,4,VC,0,2,2,,,1,3,,,,1,7,0,1,0,0
5,6,2,1,6,67,FRANCE,ALSACE,447,67447,SCHILTIGHEIM,ROUTE DU GENERAL DE GAULLE,334081,0,4,VC,0,2,4,,,1,1,,,,1,15,0,1,0,0
1,8,1,1,3,67,FRANCE,ALSACE,482,67482,STRASBOURG,BOULEVARD LA FONTAINE,334086,0,4,VC,0,2,2,,,0,1,,,,1,7,0,1,0,0
1,8,1,1,6,67,FRANCE,ALSACE,482,67482,STRASBOURG,RUE ERNEST MUNCH,334088,0,4,VC,0,1,1,,,1,5,,,,1,,0,1,0,0
1,8,1,1,6,67,FRANCE,ALSACE,482,67482,STRASBOURG,RUE DE LA BRIGADE ALSACE LORRAINE,334091,0,4,VC,0,1,1,,,1,5,,,,1,,0,0,0,1
1,5,1,1,3,67,FRANCE,ALSACE,267,67267,LINGOLSHEIM,RUE DU MARECHAL FOCH,334098,0,4,VC,0,2,2,,,0,1,,,,1,7,0,1,0,0
1,8,7,1,3,67,FRANCE,ALSACE,482,67482,STRASBOURG,ROUTE DE BRUMATH,334099,0,4,VC,0,2,2,,,1,1,,,,1,7,0,1,0,0
2,5,2,8,3,67,FRANCE,ALSACE,043,67043,BISCHHEIM,RUE ROBERT KIEFFER,334101,0,4,VC,0,2,2,,,0,1,,,,1,7,0,1,0,0
1,8,3,2,3,67,FRANCE,ALSACE,482,67482,STRASBOURG,RUE DE LA KRUTENAU,334105,0,4,VC,0,3,2,,,0,1,,,,1,7,0,1,0,0
1,8,1,1,3,67,FRANCE,ALSACE,482,67482,STRASBOURG,AVENUE JEAN JAURES,334107,4,4,VC,0,3,4,,,3,1,,,,1,40,0,1,0,0
2,8,1,1,3,67,FRANCE,ALSACE,482,67482,STRASBOURG,PLACE DE L'ETOILE,334108,0,4,VC,0,2,2,,,2,1,,,,1,7,0,1,0,0
1,5,2,1,3,67,FRANCE,ALSACE,043,67043,BISCHHEIM,RUE DE LA TUILERIE,334110,0,4,VC,0,2,2,,,0,1,,,,1,7,0,1,0,0
1,8,2,1,3,67,FRANCE,ALSACE,482,67482,STRASBOURG,ROUTE DU RHIN,334115,0,4,VC,0,2,6,,,1,1,,,,1,7,0,1,0,0
1,8,1,1,2,67,FRANCE,ALSACE,482,67482,STRASBOURG,BOULEVARD DE L'ORANGERIE,334117,0,4,VC,0,2,2,,,0,1,,,,1,7,0,1,0,0
1,8,1,1,3,67,FRANCE,ALSACE,482,67482,STRASBOURG,ROUTE NEUHOF,334120,0,4,VC,0,2,2,,,1,5,,,,1,32,0,1,0,0
5,8,1,1,6,67,FRANCE,ALSACE,482,67482,STRASBOURG,QUAI KOCH,334121,0,4,VC,0,1,1,,,1,1,,,,1,7,0,1,0,0
1,6,1,1,6,67,FRANCE,ALSACE,447,67447,SCHILTIGHEIM,RUE DU BARRAGE,334123,0,4,VC,0,2,2,,,1,1,,,,1,7,0,1,0,0
5,8,3,3,3,67,FRANCE,ALSACE,482,67482,STRASBOURG,RUE DE RATHSAMHAUSEN,334126,0,4,VC,0,2,2,,,0,1,,,,1,7,0,1,0,0
2,5,3,1,3,67,FRANCE,ALSACE,043,67043,BISCHHEIM,RUE DES MAGASINS,334138,4,4,VC,0,2,10,,,0,1,,,,1,7,0,1,0,0
2,1,2,2,3,67,FRANCE,ALSACE,482,67482,STRASBOURG,RUE DE SELESTAT,334144,0,4,VC,0,2,2,,,0,1,,,,1,7,0,1,0,0
5,8,9,1,2,68,FRANCE,ALSACE,224,68224,MULHOUSE,RUE DE PFASTATT,334157,0,4,VC,0,2,0,,,0,1,,,,1,7,0,1,0,0
1,1,6,2,1,68,FRANCE,ALSACE,156,68156,ISSENHEIM,RD 3,334196,5,3,RD,3,1,2,0,0,0,1,0,0,,1,7,0,1,0,0
1,3,1,1,3,68,FRANCE,ALSACE,185,68185,LIEPVRE,VC 0,334226,0,4,VC,0,2,2,0,0,0,1,4827400,728300,,1,7,0,1,0,0
1,8,6,1,3,68,FRANCE,ALSACE,224,68224,MULHOUSE,PORTE DU MIROIR,334244,5,4,VC,0,1,1,,,0,1,,,,1,7,0,1,0,0
1,8,1,1,3,68,FRANCE,ALSACE,224,68224,MULHOUSE,QUAI DU FORST,334250,0,4,VC,0,1,1,,,2,4,,,,1,7,0,1,0,0
1,5,1,7,2,68,FRANCE,ALSACE,166,68166,KINGERSHEIM,RUE D'ILLZACH,334251,0,4,VC,0,3,3,,,0,1,,,,1,7,0,1,0,0
1,3,1,1,3,68,FRANCE,ALSACE,026,68026,BENNWIHR,VC 0,334257,0,4,VC,0,2,0,0,0,0,1,4815000,732300,,1,7,0,1,0,0
1,1,9,1,3,68,FRANCE,ALSACE,248,68248,OLTINGUE,RD 23,334260,0,3,RD,23,2,2,1,15,0,1,0,0,,1,21,0,1,0,0
1,3,1,1,1,68,FRANCE,ALSACE,070,68070,DIDENHEIM,RD 8,334267,0,3,RD,8,2,0,0,0,0,1,4772200,729300,,1,7,0,1,0,0
1,3,3,1,1,68,FRANCE,ALSACE,286,68286,ROSENAU,Autre 0,334269,2,9,Autre,0,2,1,0,0,0,1,4764100,753100,,1,7,0,1,0,0
1,4,1,1,6,68,FRANCE,ALSACE,015,68015,BALDERSHEIM,VC 0,334279,6,4,VC,0,0,1,0,0,1,5,0,0,,1,,0,1,0,0
1,3,1,1,3,68,FRANCE,ALSACE,070,68070,DIDENHEIM,RD 8,334280,5,3,RD,8,2,0,0,0,0,1,4772300,729700,,1,7,0,1,0,0
1,5,1,1,6,68,FRANCE,ALSACE,271,68271,RIEDISHEIM,RUE DE LA PAIX,334288,0,4,VC,0,2,2,,,0,1,,,,1,7,0,1,0,0
1,8,3,1,2,68,FRANCE,ALSACE,224,68224,MULHOUSE,RUE DES FLANDRES,334291,0,3,RD,0,2,2,,,0,1,,,,1,7,0,1,0,0
5,8,1,1,7,68,FRANCE,ALSACE,224,68224,MULHOUSE,AVENUE DE COLMAR,334292,0,4,VC,0,2,2,,,3,1,,,,1,,0,1,0,0
1,1,1,1,1,68,FRANCE,ALSACE,338,68338,TURCKHEIM,RD 11,334300,0,3,RD,11,0,2,0,0,0,1,4808800,725300,,1,7,0,1,0,0
1,8,1,1,3,68,FRANCE,ALSACE,224,68224,MULHOUSE,RUE D'ILLZACH,334316,0,4,VC,0,2,3,,,1,5,,,,1,7,0,1,0,0
1,5,1,1,1,68,FRANCE,ALSACE,154,68154,ILLZACH,VC 0,334323,5,4,VC,0,2,1,0,0,0,1,0,0,,1,7,0,1,0,0
5,4,1,1,3,68,FRANCE,ALSACE,294,68294,SAINTE-CROIX-AUX-MINES,RD 459,334342,5,3,RD,459,2,2,0,0,0,1,4826700,722100,,1,7,0,1,0,0
3,1,1,1,7,68,FRANCE,ALSACE,066,68066,COLMAR,AVENUE DE LORRAINE,334367,0,3,RD,0,2,2,53,550,0,3,,,,1,,0,1,0,0
1,8,3,2,3,68,FRANCE,ALSACE,224,68224,MULHOUSE,RUE LAVOISIER,334390,0,4,VC,0,0,0,,,1,1,,,,1,7,0,1,0,0
3,1,1,1,2,68,FRANCE,ALSACE,076,68076,DURRENENTZEN,RD 4,334395,0,3,RD,4,2,0,18,800,0,1,4809100,752100,,1,7,0,1,0,0
2,7,2,1,3,68,FRANCE,ALSACE,066,68066,COLMAR,RUE DU DR ALBERT SCHWEITZER,334400,0,4,VC,0,2,2,,,2,1,,,,1,7,0,1,0,0
1,7,2,1,3,68,FRANCE,ALSACE,066,68066,COLMAR,RUE RAPP,334401,0,4,VC,0,1,1,,,2,1,,,,1,7,0,1,0,0
1,7,1,1,6,68,FRANCE,ALSACE,066,68066,COLMAR,AVENUE FOCH,334402,0,4,VC,0,2,2,,,1,5,,,,1,,0,1,0,0
1,5,2,1,3,68,FRANCE,ALSACE,166,68166,KINGERSHEIM,RUE DE RICHWILLER,334408,0,3,RD,0,3,2,,,0,1,,,,1,7,0,1,0,0
1,3,3,1,3,68,FRANCE,ALSACE,135,68135,HESINGUE,RD 12,334415,0,3,RD,12,2,2,1,220,0,1,4757500,751300,,1,7,0,1,0,0
1,4,3,1,1,68,FRANCE,ALSACE,118,68118,HABSHEIM,RD 66,334420,5,3,RD,66,2,2,0,0,0,1,0,0,,1,7,0,1,0,0
1,8,3,1,3,68,FRANCE,ALSACE,224,68224,MULHOUSE,RUE DE LA DOLLER,334422,5,4,VC,0,1,2,,,0,0,,,,1,7,0,1,0,0
1,1,3,1,3,68,FRANCE,ALSACE,026,68026,BENNWIHR,RD 4,334427,0,3,RD,4,2,0,1,956,0,1,0,0,,1,7,0,1,0,0
1,4,2,1,1,68,FRANCE,ALSACE,269,68269,RIBEAUVILLE,VC 0,334428,0,4,VC,0,2,2,0,0,0,1,4813000,729000,,1,7,0,1,0,0
1,1,1,7,1,68,FRANCE,ALSACE,365,68365,WETTOLSHEIM,VC 1,334431,0,4,VC,1,2,0,0,0,0,1,4806500,729100,,1,7,0,1,0,0
1,1,1,1,1,68,FRANCE,ALSACE,350,68350,VOEGTLINSHOFFEN,RD 1,334432,0,3,RD,1,2,2,0,0,0,1,0,0,,1,7,0,1,0,0
1,7,2,1,3,68,FRANCE,ALSACE,066,68066,COLMAR,PLACE ST JOSEPH,334442,0,4,VC,0,2,3,,,0,1,,,,1,7,0,1,0,0
5,8,4,1,2,68,FRANCE,ALSACE,224,68224,MULHOUSE,RUE DE METZ,334449,0,4,VC,0,2,2,,,0,1,,,,1,10,0,1,0,0
1,1,1,1,3,68,FRANCE,ALSACE,310,68310,SIGOLSHEIM,RD 1,334458,5,3,RD,1,1,1,0,0,0,1,4813800,731700,,1,7,0,1,0,0
1,3,1,1,1,68,FRANCE,ALSACE,372,68372,WILLER-SUR-THUR,VC 0,334489,0,4,VC,0,2,1,0,0,0,1,0,0,,1,7,0,1,0,0
1,5,1,1,1,68,FRANCE,ALSACE,278,68278,RIXHEIM,RD 201,334490,0,3,RD,201,2,2,0,0,1,5,4774900,741300,,1,7,0,1,0,0
3,1,1,3,1,68,FRANCE,ALSACE,278,68278,RIXHEIM,RN 66,334491,0,2,RN,66,2,2,0,0,0,1,4775900,739200,,1,7,0,1,0,0
1,5,2,1,3,68,FRANCE,ALSACE,056,68056,BRUNSTATT,RUE ARTHUR ASHE,334494,5,3,RD,0,0,2,,,0,1,,,,1,7,0,1,0,0
1,8,1,1,3,68,FRANCE,ALSACE,224,68224,MULHOUSE,RUE GAY LUSSAC,334496,0,4,VC,0,2,2,,,1,5,,,,1,7,0,1,0,0
1,8,1,1,3,68,FRANCE,ALSACE,224,68224,MULHOUSE,RUE ALFRED WERNER,334522,0,4,VC,0,1,1,,,0,1,,,,1,7,0,1,0,0
1,8,3,1,3,68,FRANCE,ALSACE,224,68224,MULHOUSE,RUE SAINT-SAUVEUR,334523,0,4,VC,0,2,1,,,0,1,,,,1,7,0,1,0,0
2,8,1,1,7,68,FRANCE,ALSACE,224,68224,MULHOUSE,RUE DES GRAINS,334524,0,4,VC,0,2,2,,,0,1,,,,1,,0,1,0,0
1,5,1,1,6,68,FRANCE,ALSACE,375,68375,WITTELSHEIM,RD 19,334534,0,3,RD,19,2,2,0,0,0,1,4780800,723800,,1,,0,1,0,0
1,7,4,1,3,68,FRANCE,ALSACE,066,68066,COLMAR,BOULEVARDDU CHAMP DE MARS,334536,0,4,VC,0,1,2,,,0,1,,,,1,7,0,1,0,0
1,1,1,1,1,68,FRANCE,ALSACE,170,68170,KOETZINGUE,RD 19,334558,0,3,RD,19,2,0,0,0,0,1,0,0,,1,7,0,1,0,0
1,7,3,1,3,68,FRANCE,ALSACE,066,68066,COLMAR,RUE MESSIMY,334563,0,4,VC,0,1,1,,,0,1,,,,1,7,0,1,0,0
1,7,6,1,3,68,FRANCE,ALSACE,066,68066,COLMAR,AVENUE DU GENERAL DE GAULLE,334564,0,3,RD,0,1,1,35,309,2,1,,,,1,7,0,1,0,0
1,4,9,1,3,68,FRANCE,ALSACE,091,68091,FESSENHEIM,VC 0,334579,0,4,VC,0,2,2,0,0,0,1,4792000,753000,,1,7,0,1,0,0
1,4,1,1,1,68,FRANCE,ALSACE,287,68287,ROUFFACH,VC 0,334626,0,4,VC,0,2,2,0,0,1,1,4796400,729700,,1,7,0,1,0,0
2,1,1,2,2,68,FRANCE,ALSACE,126,68126,HEGENHEIM,VC 0,334628,0,4,VC,0,2,2,0,0,0,1,4757000,753900,,1,33,0,1,0,0
5,5,9,8,3,68,FRANCE,ALSACE,256,68256,PFASTATT,RUE DE KINGERSHEIM,334659,0,3,RD,0,2,2,,,1,5,,,,1,7,0,1,0,0
1,1,2,1,3,68,FRANCE,ALSACE,066,68066,COLMAR,CD45,334665,0,3,RD,0,2,2,14,500,0,1,,,,1,7,0,1,0,0
1,5,1,1,1,68,FRANCE,ALSACE,063,68063,CERNAY,RD 2,334689,0,3,RD,2,2,2,0,0,0,1,4780800,717700,,1,7,0,1,0,0
1,4,2,2,3,68,FRANCE,ALSACE,349,68349,VILLAGE-NEUF,RD 105,334693,0,3,RD,105,2,0,0,0,0,1,0,0,,1,10,0,1,0,0
5,8,1,1,6,68,FRANCE,ALSACE,224,68224,MULHOUSE,BOULEVARD DES NATIONS,334700,0,2,RN,0,0,0,,,1,5,,,,1,7,0,1,0,0
1,7,3,1,3,68,FRANCE,ALSACE,066,68066,COLMAR,RUE DU TANET,334705,0,4,VC,0,2,2,,,0,0,,,,1,7,0,1,0,0
1,3,1,1,1,68,FRANCE,ALSACE,345,68345,URSCHENHEIM,RD 9,334716,0,3,RD,9,2,0,4,0,0,1,4809300,749100,,1,7,0,1,0,0
1,1,1,2,3,68,FRANCE,ALSACE,082,68082,ENSISHEIM,RD 4,334723,0,3,RD,4,2,2,0,0,0,1,4787500,733000,,1,7,0,1,0,0
1,4,3,1,3,68,FRANCE,ALSACE,349,68349,VILLAGE-NEUF,Autre 0,334727,0,9,Autre,0,0,0,0,0,1,5,0,0,,1,,0,1,0,0
1,5,1,1,3,68,FRANCE,ALSACE,154,68154,ILLZACH,VC 0,334734,0,4,VC,0,2,2,0,0,0,1,0,0,,1,7,0,1,0,0
1,1,1,1,7,68,FRANCE,ALSACE,171,68171,KRUTH,RD 13,334740,0,3,RD,13,2,2,6,943,0,1,4794700,696300,,1,,0,1,0,0
1,1,1,2,3,68,FRANCE,ALSACE,066,68066,COLMAR,RUE DU GRILLENBREIT,334741,0,4,VC,0,2,2,,,0,1,,,,1,7,0,1,0,0
1,7,2,1,3,68,FRANCE,ALSACE,066,68066,COLMAR,ROUTE DE ROUFFACH,334742,0,3,RD,0,2,3,3,100,2,1,,,,1,7,0,1,0,0
1,7,2,1,3,68,FRANCE,ALSACE,066,68066,COLMAR,ROUTE DE STRASBOURG,334743,0,3,RD,0,2,4,0,365,1,0,,,,1,7,0,1,0,0
1,8,2,1,3,68,FRANCE,ALSACE,224,68224,MULHOUSE,RUE DE STALINGRAD,334747,5,4,VC,0,2,4,,,2,1,,,,1,7,0,1,0,0
1,1,1,1,3,68,FRANCE,ALSACE,235,68235,NIEDERHERGHEIM,RD 1,334760,0,3,RD,1,2,2,33,0,0,1,4799600,738400,,1,7,0,1,0,0
1,5,1,1,6,68,FRANCE,ALSACE,256,68256,PFASTATT,RUE DE KINGERSHEIM,334770,0,3,RD,0,3,2,,,2,5,,,,1,7,0,1,0,0
1,8,3,1,3,68,FRANCE,ALSACE,224,68224,MULHOUSE,ALLEE GLUCK,334771,0,4,VC,0,2,2,,,0,1,,,,1,7,0,1,0,0
3,1,1,1,3,68,FRANCE,ALSACE,297,68297,SAINT-LOUIS,RUE DE LACHENWEG,334773,0,4,VC,0,2,1,1,0,0,1,,,,1,7,0,1,0,0