lum,agg,int,atm,col,dep_bis,pays,region,com_bis,com_codeINSEE,communes,N_voie,numac,infra,catr,type_route,voie,circ,nbv,pr,pr1,vosp,situ,lat,long,adr,accident_velo,vehicule_imp,cycl_mort,cycl_bgv,cycl_blg,cycl_indm
1,1,1,1,7,68,FRANCE,ALSACE,266,68266,REGUISHEIM,RD 201,334797,0,3,RD,201,2,0,22,400,2,5,4790800,735800,,1,,0,1,0,0
1,7,2,1,3,68,FRANCE,ALSACE,066,68066,COLMAR,ROUTE D'INGERSHEIM,334803,0,3,RD,0,2,3,31,56,2,5,,,,1,7,0,1,0,0
1,8,1,2,3,68,FRANCE,ALSACE,224,68224,MULHOUSE,RUE JULES SIEGFRIED,334804,0,2,RN,0,3,1,,,0,1,,,,1,7,0,1,0,0
5,8,1,1,6,68,FRANCE,ALSACE,224,68224,MULHOUSE,BOULEVARD CHARLES STOESSEL,334809,6,9,Autre,0,2,2,,,1,5,,,,1,,0,1,0,0
1,1,1,1,3,68,FRANCE,ALSACE,224,68224,MULHOUSE,RUE HUBNER,334810,0,3,RD,0,2,2,,,0,1,,,,1,7,0,1,0,0
5,5,3,2,3,68,FRANCE,ALSACE,297,68297,SAINT-LOUIS,AVENUE DU GENERAL LECLERC,334811,0,2,RN,0,4,3,,,1,1,,,,1,7,0,1,0,0
5,7,9,2,3,68,FRANCE,ALSACE,066,68066,COLMAR,RUE D'ALSACE,334828,0,3,RD,0,3,3,,,1,1,,,,1,7,0,1,0,0
1,5,2,1,3,68,FRANCE,ALSACE,271,68271,RIEDISHEIM,RUE DU SUNDGAU,334830,5,4,VC,0,2,2,,,0,1,,,,1,7,0,1,0,0
1,8,6,1,2,68,FRANCE,ALSACE,224,68224,MULHOUSE,AVENUE ARISTIDE BRIAND,334834,0,4,VC,0,2,2,,,0,0,,,,1,7,0,1,0,0
3,1,1,1,2,68,FRANCE,ALSACE,156,68156,ISSENHEIM,RD 3,334852,0,3,RD,3,2,0,0,0,0,1,4791800,726200,,1,7,0,1,0,0
1,7,4,1,6,68,FRANCE,ALSACE,066,68066,COLMAR,BOULEVARD DU GENERAL LECLERC,334875,0,4,VC,0,1,2,,,1,1,,,,1,7,0,1,0,0
1,7,2,1,6,68,FRANCE,ALSACE,066,68066,COLMAR,RUE D'ALSACE,334893,0,3,RD,201,3,2,1,480,2,1,4808018,736475,,1,7,0,1,0,0
1,7,2,2,3,68,FRANCE,ALSACE,066,68066,COLMAR,PLACE DES SIX MONTAGNES NOIRES,334919,0,4,VC,0,2,2,0,,0,1,,,,1,7,0,1,0,0
2,5,2,1,3,68,FRANCE,ALSACE,063,68063,CERNAY,RD 483,334936,0,3,RD,483,2,2,3,0,,1,4781200,717700,,1,7,0,1,0,0
1,1,1,1,5,68,FRANCE,ALSACE,301,68301,SCHLIERBACH,RD 201,334941,0,3,RD,201,2,2,50,0,0,1,0,0,,1,7,0,1,0,0
1,3,4,7,3,68,FRANCE,ALSACE,011,68011,ASPACH-LE-BAS,RD 483,334951,0,3,RD,483,2,2,6,392,0,1,4776200,715500,,1,7,0,1,0,0
1,5,1,1,2,68,FRANCE,ALSACE,166,68166,KINGERSHEIM,RUE D'ILLZACH,334961,0,3,RD,20,2,2,0,600,0,1,,,,1,7,0,1,0,0
1,4,3,1,3,68,FRANCE,ALSACE,258,68258,PULVERSHEIM,RD 2,334978,0,3,RD,2,2,2,11,0,1,5,4784200,730500,,1,7,0,1,0,0
1,3,1,1,7,68,FRANCE,ALSACE,237,68237,NIEDERMORSCHWIHR,RD 11,334979,0,3,RD,11,2,2,5,100,0,1,4810300,723500,,1,7,0,1,0,0
1,1,6,1,3,68,FRANCE,ALSACE,374,68374,WINTZENHEIM,RD 11,334982,0,3,RD,11,,,3,0,,0,4808800,731300,,1,14,0,1,0,0
1,7,2,1,3,68,FRANCE,ALSACE,066,68066,COLMAR,ROUTE D'INGERSHEIM,334986,0,3,RD,418,2,3,30,570,2,1,,,,1,7,0,1,0,0
1,1,1,1,7,68,FRANCE,ALSACE,204,68204,METZERAL,VC 0,334996,0,4,VC,0,0,0,0,0,0,1,4801900,704800,,1,,0,1,0,0
1,8,2,1,3,68,FRANCE,ALSACE,224,68224,MULHOUSE,RUE DE LA COMETE,335002,5,4,VC,0,1,1,0,0,0,1,,,,1,7,0,1,0,0
1,1,1,1,2,68,FRANCE,ALSACE,302,68302,SCHWEIGHOUSE-THANN,RD 20,335010,0,3,RD,20,2,2,22,500,0,1,4776200,718400,,1,7,0,1,0,0
1,7,1,1,3,68,FRANCE,ALSACE,066,68066,COLMAR,RUE GEILER,335012,0,4,VC,0,2,2,0,0,0,1,,,,1,7,0,1,0,0
1,7,2,1,3,68,FRANCE,ALSACE,066,68066,COLMAR,RUE ANDRE KIENER,335014,0,4,VC,0,2,3,0,0,0,1,,,,1,7,0,1,0,0
1,8,2,1,3,68,FRANCE,ALSACE,224,68224,MULHOUSE,RUE ZUBER,335016,0,4,VC,0,2,2,0,0,0,0,,,,1,7,0,1,0,0
1,3,1,2,7,68,FRANCE,ALSACE,182,68182,LEYMEN,RD 9,335027,0,3,RD,9,2,2,21,800,0,1,0,0,,1,,0,1,0,0
1,8,3,1,3,68,FRANCE,ALSACE,224,68224,MULHOUSE,RUE JOSUE HOFER,335028,0,4,VC,0,2,2,0,0,1,5,,,,1,7,0,1,0,0
1,8,1,1,6,68,FRANCE,ALSACE,224,68224,MULHOUSE,GARE CENTRALE,335029,0,4,VC,0,1,0,0,0,0,4,,,,1,,0,0,0,1
1,4,1,1,1,68,FRANCE,ALSACE,040,68040,BITSCHWILLER-LES-THANN,RD 14,335049,0,3,RD,14,2,2,13,900,0,1,0,0,,1,7,0,1,0,0
1,8,3,1,3,68,FRANCE,ALSACE,224,68224,MULHOUSE,BOULEVARD DU PRESIDENT ROOSEVELT,335065,0,4,VC,,2,2,,,0,1,,,,1,7,0,1,0,0
1,5,3,1,1,68,FRANCE,ALSACE,112,68112,GUEBWILLER,RUE DU GENERAL DE GAULLE ,335069,0,3,RD,430,2,2,35,600,3,1,,,,1,7,0,1,0,0
1,7,2,1,3,68,FRANCE,ALSACE,066,68066,COLMAR,CD4,335070,0,3,RD,4,2,2,7,574,2,1,,,,1,7,0,1,0,0
1,3,2,1,6,68,FRANCE,ALSACE,241,68241,OBERENTZEN,RD 18,335076,5,3,RD,18,2,2,14,692,0,1,4795400,738600,,1,7,0,1,0,1
1,3,4,7,3,68,FRANCE,ALSACE,135,68135,HESINGUE,RD 12,335088,0,3,RD,12,2,2,0,1,0,0,0,0,,1,7,0,1,0,0
1,7,2,1,3,68,FRANCE,ALSACE,066,68066,COLMAR,ROUTE D'INGERSHEIM,335107,0,3,RD,418,2,2,30,570,2,1,,,,1,7,0,1,0,0
5,1,1,1,6,68,FRANCE,ALSACE,068,68068,DANNEMARIE,RD 103,335124,0,3,RD,103,2,0,18,0,0,3,4763200,711700,,1,,0,1,0,0
1,8,3,1,3,68,FRANCE,ALSACE,224,68224,MULHOUSE,RUE DE LA TOUR DU DIABLE,335132,0,4,VC,,1,1,,,1,5,,,,1,7,0,1,0,0
1,8,2,3,3,68,FRANCE,ALSACE,224,68224,MULHOUSE,ALLEE NATHAN KATZ,335141,5,4,VC,,1,2,,,0,1,,,,1,7,0,1,0,0
1,8,1,1,3,68,FRANCE,ALSACE,224,68224,MULHOUSE,RUE DU LIEUTENANT JEAN DE LOISY,335149,0,4,VC,,2,2,,,0,1,4775610,734250,,1,7,0,1,0,0
5,8,1,1,6,68,FRANCE,ALSACE,224,68224,MULHOUSE,RUE JULES EHRMANN,335156,0,4,VC,,1,1,,,0,1,4774244,733928,,1,,0,0,0,1
1,7,2,1,3,68,FRANCE,ALSACE,066,68066,COLMAR,AVENUE DE L'EUROPE,335160,0,3,RD,11,3,2,0,698,2,1,4807745,733597,,1,7,0,1,0,0
5,8,6,8,3,68,FRANCE,ALSACE,224,68224,MULHOUSE,RUE DE THANN,335161,5,3,RD,20,2,3,13,0,1,1,4775229,730341,,1,7,0,1,0,0
1,8,3,1,3,68,FRANCE,ALSACE,224,68224,MULHOUSE,RUE DU TARN,335177,5,4,VC,,2,2,,,0,5,4775160,730919,,1,7,0,1,0,0
1,1,1,1,3,68,FRANCE,ALSACE,155,68155,INGERSHEIM,,335185,0,4,VC,,2,2,,,0,1,4810103,731319,,1,10,0,1,0,0
1,1,6,1,3,68,FRANCE,ALSACE,310,68310,SIGOLSHEIM,RD 1,335196,0,3,RD,1,1,1,15,920,0,1,4813253,731791,,1,7,0,1,0,0
1,5,3,8,1,68,FRANCE,ALSACE,334,68334,THANN,,335214,0,4,VC,,2,2,,,0,0,4780679,710082,,1,7,,,,
1,7,2,1,3,68,FRANCE,ALSACE,066,68066,COLMAR,AVENUE GEORGES CLEMENCEAU,335218,0,4,VC,0,2,4,,,1,1,4806952,736047,,1,7,0,1,0,0
1,5,3,1,3,68,FRANCE,ALSACE,112,68112,GUEBWILLER,RUE FRANCOIS STOCKHAUSEN,335222,0,4,VC,,1,1,,,0,0,4790633,721311,,1,7,0,1,0,0
1,5,6,1,3,68,FRANCE,ALSACE,374,68374,WINTZENHEIM,,335226,5,4,VC,,0,0,,,0,1,4808538,731989,,1,10,0,1,0,0
1,8,3,7,3,68,FRANCE,ALSACE,224,68224,MULHOUSE,RUE DE KINGERSHEIM,335235,0,3,RD,20,2,2,11,250,0,5,4777815,732870,,1,7,0,1,0,0
1,5,3,3,3,68,FRANCE,ALSACE,297,68297,SAINT-LOUIS,AVENUE DU GENERAL LECLERC,335245,0,3,RD,469,2,3,1,2150,2,1,4758081,755291,,1,7,0,1,0,0
1,7,2,1,6,68,FRANCE,ALSACE,066,68066,COLMAR,AVENUE DU GENERAL DE GAULLE,335248,0,3,RD,417,2,4,35,680,1,1,4807721,734791,,1,,0,0,0,1
1,5,6,1,3,68,FRANCE,ALSACE,300,68300,SAUSHEIM,RD 38,335250,5,3,RD,38,2,2,4,766,0,5,4777975,736491,,1,7,0,1,0,0
1,1,3,1,3,68,FRANCE,ALSACE,338,68338,TURCKHEIM,RD 10,335263,0,3,RD,10,2,2,20,454,0,1,4808579,727045,,1,7,0,1,0,0
1,5,3,1,3,68,FRANCE,ALSACE,154,68154,ILLZACH,,335269,0,4,VC,,2,2,,,0,0,4778152,734783,,1,7,0,1,0,0
2,5,3,2,3,68,FRANCE,ALSACE,298,68298,SAINTE-MARIE-AUX-MINES,RD 48,335274,0,3,RD,48,2,2,0,500,0,1,4824083,717917,,1,7,0,1,0,0
1,5,1,1,2,68,FRANCE,ALSACE,063,68063,CERNAY,RD 483,335275,0,3,RD,483,2,2,2,1,0,1,4780922,718027,,1,7,0,1,0,0
1,5,1,1,2,68,FRANCE,ALSACE,112,68112,GUEBWILLER,ROUTE DE COLMAR,335283,0,3,RD,430,3,2,35,760,0,1,4790438,722189,,1,7,0,1,0,0
1,7,3,1,3,68,FRANCE,ALSACE,066,68066,COLMAR,ROUTE DE SELESTAT,335285,0,3,RD,201,3,2,1,243,1,1,4808294,736308,,1,7,0,1,0,0
1,1,1,1,1,68,FRANCE,ALSACE,224,68224,MULHOUSE,AVENUE DU DOCTEUR RENE LAENNEC,335294,0,3,RD,21,2,2,3,800,0,1,4771847,734472,,1,7,0,1,0,0
1,4,1,1,2,68,FRANCE,ALSACE,348,68348,VIEUX-THANN,,335296,0,4,VC,,2,2,,,0,1,4780323,711858,,1,7,0,1,0,0
5,8,6,1,3,68,FRANCE,ALSACE,224,68224,MULHOUSE,RUE DE BELFORT,335308,0,4,VC,,3,2,,,2,1,4773845,729528,,1,7,0,1,0,0
1,5,3,1,3,68,FRANCE,ALSACE,149,68149,HUNINGUE,CD 105,335315,5,3,RD,105,2,3,2,225,0,1,4759651,756470,,1,7,0,1,0,0
1,5,2,1,1,68,FRANCE,ALSACE,278,68278,RIXHEIM,RD 201,335319,5,3,RD,201,2,2,39,35,2,1,4776748,739245,,1,7,0,1,0,0
1,1,1,1,3,68,FRANCE,ALSACE,374,68374,WINTZENHEIM,,335320,0,4,VC,,2,2,,,0,1,4807189,726561,,1,7,0,1,0,0
2,3,1,1,3,68,FRANCE,ALSACE,143,68143,HOLTZWIHR,RD 4,335325,0,3,RD,4,2,2,11,0,0,1,4811045,742416,,1,30,0,1,0,0
1,8,1,1,3,68,FRANCE,ALSACE,224,68224,MULHOUSE,ALLEE NATHAN KATZ,335331,0,4,VC,0,0,0,,,0,1,4775597,735052,,1,7,0,1,0,0
1,7,6,1,3,68,FRANCE,ALSACE,066,68066,COLMAR,ROUTE DE NEUF BRISACH,335357,0,3,RD,418,2,2,31,2443,2,1,4808029,738170,,1,7,0,1,0,0
1,3,6,1,3,68,FRANCE,ALSACE,007,68007,ANDOLSHEIM,RD 45,335362,0,3,RD,45,2,1,4,25,0,1,4806091,742143,,1,10,0,1,0,0
1,3,1,1,7,68,FRANCE,ALSACE,117,68117,GUNSBACH,RD 10,335373,0,3,RD,10,2,2,11,10,0,1,4804555,716752,,1,,0,1,0,0
1,3,3,1,3,68,FRANCE,ALSACE,317,68317,SOULTZEREN,RD 417,335374,0,3,RD,417,2,2,11,796,0,1,4807296,710061,,1,7,0,1,0,0
1,4,1,1,3,68,FRANCE,ALSACE,036,68036,BIESHEIM,VC 0,335378,0,4,VC,0,2,2,0,0,0,1,4804416,754682,,1,7,0,1,0,0
1,5,3,8,3,68,FRANCE,ALSACE,374,68374,WINTZENHEIM,RD 417,335394,0,3,RD,417,2,3,32,198,0,5,4806916,730066,,1,7,0,1,0,0
1,2,6,1,3,68,FRANCE,ALSACE,087,68087,FELDBACH,RD 432,335409,5,3,RD,432,2,2,32,736,0,1,4753586,726520,,1,7,0,1,0,0
1,1,3,1,3,68,FRANCE,ALSACE,082,68082,ENSISHEIM,RD 201,335413,0,3,RD,201,2,2,27,860,0,1,4786198,737170,,1,7,0,1,0,0
1,5,2,1,3,68,FRANCE,ALSACE,154,68154,ILLZACH,RUE DE MEYENHEIM,335424,0,4,VC,,2,2,,,0,1,4778407,735086,,1,7,0,1,0,0
1,4,3,8,1,68,FRANCE,ALSACE,384,68384,ZILLISHEIM,,335430,0,4,VC,,2,2,,,0,0,4769570,729791,,1,7,0,1,0,0
1,5,1,1,3,68,FRANCE,ALSACE,063,68063,CERNAY,RD 483,335446,0,3,RD,483,2,2,2,2000,1,5,4779443,717194,,1,7,0,1,0,0
1,1,1,8,3,68,FRANCE,ALSACE,063,68063,CERNAY,RN 66,335447,3,2,RN,66,3,4,29,195,0,1,4778731,718214,,1,7,0,1,0,0
2,4,1,1,3,68,FRANCE,ALSACE,015,68015,BALDERSHEIM,RD 20,335484,0,3,RD,20,2,2,0,175,0,1,4780191,738780,,1,7,0,1,0,0
5,5,6,1,3,68,FRANCE,ALSACE,300,68300,SAUSHEIM,RD 38,335485,5,3,RD,38,3,2,4,766,2,5,4777951,736502,,1,7,0,1,0,0
1,7,1,1,3,68,FRANCE,ALSACE,066,68066,COLMAR,RUE D'ALTKIRCH,335487,2,4,VC,,1,2,,,1,1,4806819,734403,,1,7,0,1,0,0
1,7,2,1,6,68,FRANCE,ALSACE,066,68066,COLMAR,RUE GAMBETTA,335491,0,4,VC,,2,2,,,0,0,4807170,734874,,1,7,0,1,0,0
1,7,1,1,3,68,FRANCE,ALSACE,066,68066,COLMAR,AVENUE FOCH,335492,0,4,VC,0,2,2,0,0,0,1,4806762,735241,,1,7,0,1,0,0
1,7,3,1,3,68,FRANCE,ALSACE,066,68066,COLMAR,RUE DE TURCKHEIM,335497,0,4,VC,,2,2,,,1,1,4807861,734168,,1,7,0,1,0,0
1,7,1,1,6,68,FRANCE,ALSACE,066,68066,COLMAR,AVENUE DE LA LIBERTE,335508,0,3,RD,11,3,2,1,290,1,1,4807725,733670,,1,7,0,1,0,0
1,8,1,1,3,68,FRANCE,ALSACE,224,68224,MULHOUSE,QUAI D'ALGER,335523,2,4,VC,,2,2,,,0,1,4774461,734586,,1,7,0,1,0,0
1,8,1,1,3,68,FRANCE,ALSACE,224,68224,MULHOUSE,RUE ZUBER,335530,0,4,VC,0,2,2,,,0,1,4774592,734563,,1,7,0,1,0,0
1,8,1,1,1,68,FRANCE,ALSACE,224,68224,MULHOUSE,QUAI DES CIGOGNES,335541,0,4,VC,,0,1,,,1,5,4774133,,,1,2,0,1,0,0
1,8,3,1,3,68,FRANCE,ALSACE,224,68224,MULHOUSE,RUE DE L'ARC,335547,0,4,VC,,2,2,,,0,1,4775100,733169,,1,10,0,1,0,0
1,8,1,1,3,68,FRANCE,ALSACE,224,68224,MULHOUSE,AVENUE ROBERT SCHUMAN,335554,0,4,VC,,1,2,,,0,1,4775438,734614,,1,7,0,1,0,0
3,8,1,1,2,68,FRANCE,ALSACE,224,68224,MULHOUSE,RUE DES ROMAINS,335559,3,3,RD,38,3,2,2,21,2,1,4777691,733080,,1,7,0,1,0,0
1,5,3,1,1,68,FRANCE,ALSACE,149,68149,HUNINGUE,RUE DE ST-LOUIS,335560,0,3,RD,469,2,3,1,232,0,1,4759111,757443,,1,7,0,1,0,0
1,5,2,1,3,68,FRANCE,ALSACE,149,68149,HUNINGUE,RUE DES BOULANGERS,335562,0,4,VC,,2,2,,,3,4,4759247,758523,,1,7,0,1,0,0
1,5,3,7,3,68,FRANCE,ALSACE,376,68376,WITTENHEIM,ROUTE DE SOULTZ,335568,0,3,RD,429,2,2,420,,0,1,4780321,731186,,1,7,0,1,0,0
1,5,6,1,6,68,FRANCE,ALSACE,166,68166,KINGERSHEIM,RUE DU BEARN,335569,0,4,VC,,2,2,,,0,1,4779135,732188,,1,,0,0,0,1
1,5,1,1,3,68,FRANCE,ALSACE,166,68166,KINGERSHEIM,RUE DE GUEBWILLER,335571,0,3,RD,429,2,3,52,578,2,5,4778290,731675,,1,7,0,1,0,0
1,1,1,2,1,69,FRANCE,RHONE-ALPES,050,69050,CHATILLON,RD 485,335668,5,3,RD,485,2,2,0,0,1,1,4587000,465000,,1,7,0,1,0,0
1,5,7,1,1,69,FRANCE,RHONE-ALPES,194,69194,SAINT-DIDIER-AU-MONT-D'OR,Autre 0,335673,0,9,Autre,0,1,0,0,0,0,1,0,0,,1,7,0,1,0,0
1,9,1,1,6,69,FRANCE,RHONE-ALPES,387,69387,LYON,AVENUE JEAN JAURES,335702,0,4,VC,0,2,2,,,0,5,,,,1,7,0,1,0,0
1,1,1,1,1,69,FRANCE,RHONE-ALPES,270,69270,CHAPONNAY,RD 151,335715,0,3,RD,151,2,2,0,0,0,1,0,0,,1,7,0,1,0,0
1,1,1,2,7,69,FRANCE,RHONE-ALPES,252,69252,TREVES,RD 502,335725,0,3,RD,502,2,2,0,0,0,1,0,0,,1,,0,1,0,0
1,3,1,2,7,69,FRANCE,RHONE-ALPES,193,69193,SAINT-CYR-SUR-LE-RHONE,VC 0,335726,0,4,VC,0,2,2,0,0,0,1,0,0,,1,,0,1,0,0
1,4,1,1,3,69,FRANCE,RHONE-ALPES,033,69033,CAILLOUX-SUR-FONTAINES,RD 1,335727,0,3,RD,1,2,2,0,0,0,0,0,0,,1,7,0,1,0,0
1,8,1,1,6,69,FRANCE,RHONE-ALPES,266,69266,VILLEURBANNE,RUE L'BLUM,335734,0,4,VC,0,2,0,,,0,4,,,,1,,0,0,0,1
1,5,1,1,1,69,FRANCE,RHONE-ALPES,089,69089,FRANCHEVILLE,RD 489,335749,0,3,RD,489,2,2,0,0,0,1,0,0,,1,7,0,1,0,0
1,1,1,1,2,69,FRANCE,RHONE-ALPES,269,69269,YZERON,VC 112,335762,0,4,VC,112,2,2,0,0,0,1,0,0,,1,33,0,1,0,0
1,5,1,1,6,69,FRANCE,RHONE-ALPES,142,69142,MULATIERE (LA),RUE STEPHANE DECHANT,335787,0,3,RD,0,2,2,,,0,1,,,,1,7,0,1,0,0
1,6,1,1,6,69,FRANCE,RHONE-ALPES,264,69264,VILLEFRANCHE-SUR-SAONE,HERON  PHILIPPE R,335790,0,4,VC,0,2,3,1,0,3,1,,,,1,,0,0,0,1
5,9,1,1,6,69,FRANCE,RHONE-ALPES,381,69381,LYON,QUAI JEAN MOULIN,335797,0,4,VC,0,2,4,,,0,1,,,,1,7,0,1,0,1
1,9,1,1,6,69,FRANCE,RHONE-ALPES,385,69385,LYON,RUE DE TRION,335801,0,4,VC,0,1,1,,,0,1,,,,1,99,0,1,0,0
1,9,9,1,6,69,FRANCE,RHONE-ALPES,381,69381,LYON,RUE DE LA REPUBLIQUE ,335833,0,4,VC,0,2,2,,,0,1,,,,1,,0,0,0,1
1,9,9,1,6,69,FRANCE,RHONE-ALPES,381,69381,LYON,PLACE LOUIS CHAZETTE,335834,0,4,VC,0,0,0,,,0,1,,,,1,7,0,1,0,0
1,5,1,1,3,69,FRANCE,RHONE-ALPES,283,69283,MIONS,RD 151,335861,0,3,RD,151,2,2,0,0,0,1,0,0,,1,7,0,1,0,0
1,4,1,1,7,69,FRANCE,RHONE-ALPES,299,69299,COLOMBIER-SAUGNIEU,RD 155,335886,0,3,RD,155,2,0,0,0,0,1,0,0,,1,,0,1,0,0
1,1,1,1,6,69,FRANCE,RHONE-ALPES,110,69110,LARAJASSE,RD 97,335890,0,3,RD,97,2,2,0,0,0,3,0,0,,1,,0,1,0,0
1,5,3,1,5,69,FRANCE,RHONE-ALPES,081,69081,ECULLY,VC 0,335899,5,4,VC,0,2,0,0,0,0,1,4578000,478500,,1,7,0,1,0,0
1,6,1,1,6,69,FRANCE,RHONE-ALPES,256,69256,VAULX-EN-VELIN,AVENUE DU 8 MAI 1945,335900,0,4,VC,0,1,1,1,0,0,1,,,,1,7,0,1,0,0
1,3,1,1,3,69,FRANCE,RHONE-ALPES,125,69125,MARCILLY-D'AZERGUES,RD 16,335913,0,3,RD,16,2,1,0,0,0,1,0,0,,1,7,0,1,0,0
1,6,1,1,3,69,FRANCE,RHONE-ALPES,029,69029,BRON,BOULEVARD EMILE BOLLAERT,335944,0,4,VC,0,0,1,,,0,1,,,,1,7,0,1,0,0
1,5,1,1,3,69,FRANCE,RHONE-ALPES,142,69142,MULATIERE (LA),QUAI JEAN JACQUES ROUSSEAU,335950,0,3,RD,0,2,2,,,0,1,,,,1,18,0,1,0,0
1,6,9,1,1,69,FRANCE,RHONE-ALPES,286,69286,RILLIEUX-LA-PAPE,RD 484,335972,0,3,RD,484,2,0,0,0,0,1,0,0,,1,14,0,1,0,0
1,6,1,1,6,69,FRANCE,RHONE-ALPES,286,69286,RILLIEUX-LA-PAPE,VC 0,335973,0,4,VC,0,2,0,0,0,1,5,0,0,,1,,0,1,0,0
2,4,6,9,1,69,FRANCE,RHONE-ALPES,288,69288,SAINT-LAURENT-DE-MURE,VC 0,335975,0,4,VC,0,2,2,0,0,0,1,4568700,503700,,1,7,0,1,0,0
1,7,1,1,3,69,FRANCE,RHONE-ALPES,259,69259,VENISSIEUX,AVENUE MARCEL CACHIN ,335993,0,4,VC,0,2,2,,,0,1,,,,1,7,0,1,0,0
1,8,2,1,3,69,FRANCE,RHONE-ALPES,266,69266,VILLEURBANNE,RUE EDOUARD AYNARD,335996,0,4,VC,0,2,2,,,0,1,,,,1,7,0,1,0,0
5,8,3,2,3,69,FRANCE,RHONE-ALPES,266,69266,VILLEURBANNE,COURS EMILE ZOLA,336022,0,4,VC,0,2,4,,,0,1,,,,1,10,0,1,0,0
1,1,1,7,7,69,FRANCE,RHONE-ALPES,257,69257,VAUX-EN-BEAUJOLAIS,RD 49,336046,0,3,RD,49,2,2,0,0,0,1,0,0,,1,,0,1,0,0
1,5,1,1,6,69,FRANCE,RHONE-ALPES,243,69243,TARARE,VC 0,336050,0,4,VC,0,2,0,0,0,0,1,0,0,,1,,0,1,0,0
2,5,3,2,1,69,FRANCE,RHONE-ALPES,027,69027,BRIGNAIS,VC 0,336053,0,4,VC,0,2,0,0,0,0,1,0,0,,1,7,0,1,0,0
1,8,1,1,2,69,FRANCE,RHONE-ALPES,266,69266,VILLEURBANNE,PLACE DES MAISONS NEUVES,336074,0,4,VC,0,2,4,,,0,1,,,,1,7,0,1,0,0
1,6,1,1,6,69,FRANCE,RHONE-ALPES,034,69034,CALUIRE-ET-CUIRE,RUE JEAN MOULIN,336115,0,3,RD,0,2,2,,,0,1,,,,1,7,0,1,0,0
1,9,2,1,6,69,FRANCE,RHONE-ALPES,381,69381,LYON,QUAI JEAN MOULIN,336127,2,4,VC,0,1,2,,,0,1,,,,1,7,0,1,0,0
1,1,1,1,2,69,FRANCE,RHONE-ALPES,015,69015,AVENAS,RD 18,336161,0,3,RD,18,2,0,0,0,0,1,0,0,,1,7,0,1,0,0
1,9,1,1,7,69,FRANCE,RHONE-ALPES,385,69385,LYON,CHEMIN DE CHOULANS,336180,0,3,RD,0,3,4,,,0,1,,,,1,,0,1,0,0
1,4,1,1,1,69,FRANCE,RHONE-ALPES,046,69046,CHARLY,RD 36,336204,0,3,RD,36,2,2,0,0,0,1,0,0,,1,7,0,1,0,0
1,9,1,1,1,69,FRANCE,RHONE-ALPES,383,69383,LYON,RUE GARIBALDI,336224,0,4,VC,0,2,4,,,0,1,,,,1,7,0,1,0,0
1,4,6,1,2,69,FRANCE,RHONE-ALPES,094,69094,GREZIEU-LA-VARENNE,RD 498,336239,0,3,RD,498,2,0,0,0,0,0,4574500,469400,,1,7,0,0,0,1
1,5,1,1,6,69,FRANCE,RHONE-ALPES,243,69243,TARARE,VC 0,336244,0,4,VC,0,2,2,0,0,0,4,0,0,,1,,0,1,0,0
1,5,1,1,1,69,FRANCE,RHONE-ALPES,081,69081,ECULLY,VC 0,336249,0,4,VC,0,1,0,0,0,0,1,4578500,479000,,1,7,0,1,0,0
1,8,2,1,3,69,FRANCE,RHONE-ALPES,266,69266,VILLEURBANNE,RUE VALENTIN HAUY,336260,0,4,VC,0,1,1,,,0,1,,,,1,7,0,1,0,0
1,9,1,1,6,69,FRANCE,RHONE-ALPES,387,69387,LYON,AVENUE LECLERC,336269,0,4,VC,0,2,2,,,1,5,,,,1,,0,1,0,0
1,5,1,1,6,69,FRANCE,RHONE-ALPES,019,69019,BELLEVILLE,RD 19,336296,5,3,RD,19,2,0,0,0,0,1,4611000,472000,,1,7,0,1,0,0
1,1,1,1,2,69,FRANCE,RHONE-ALPES,111,69111,LEGNY,RD 131,336298,0,3,RD,131,2,2,1,900,0,1,0,0,,1,7,0,1,0,0
1,6,2,1,3,69,FRANCE,RHONE-ALPES,264,69264,VILLEFRANCHE-SUR-SAONE,POLOT  FRANCOIS  R,336307,0,4,VC,0,2,2,1,0,0,1,,,,1,7,0,1,0,0
1,6,1,1,1,69,FRANCE,RHONE-ALPES,290,69290,SAINT-PRIEST,PLACE LOUIS FAVARD,336312,0,4,VC,0,2,2,,,0,1,,,,1,7,0,1,0,0
5,9,1,3,6,69,FRANCE,RHONE-ALPES,383,69383,LYON,RUE SERVIENT,336316,0,4,VC,0,1,2,,,0,1,,,,1,,0,1,0,0
1,5,1,1,6,69,FRANCE,RHONE-ALPES,010,69010,ARBRESLE (L'),Autre 0,336335,0,9,Autre,0,0,1,0,0,0,0,0,0,,1,,0,1,0,0