lum,agg,int,atm,col,dep_bis,pays,region,com_bis,com_codeINSEE,communes,N_voie,numac,infra,catr,type_route,voie,circ,nbv,pr,pr1,vosp,situ,lat,long,adr,accident_velo,vehicule_imp,cycl_mort,cycl_bgv,cycl_blg,cycl_indm
1,1,2,1,3,69,FRANCE,RHONE-ALPES,208,69208,SAINT-GERMAIN-SUR-L'ARBRESLE,VC 6,336336,0,4,VC,6,2,1,0,0,0,1,0,0,,1,7,0,1,0,0
1,1,1,1,1,69,FRANCE,RHONE-ALPES,255,69255,VAUGNERAY,RD 489,336340,0,3,RD,489,2,2,0,0,0,1,0,0,,1,7,0,1,0,0
1,1,1,2,1,69,FRANCE,RHONE-ALPES,176,69176,SOUCIEU-EN-JARREST,RD 30,336341,0,3,RD,30,2,2,32,540,0,1,4567200,469700,,1,10,0,1,0,0
1,5,1,1,3,69,FRANCE,RHONE-ALPES,019,69019,BELLEVILLE,RD 109,336344,0,3,RD,109,2,2,0,925,0,1,4610000,473000,,1,10,0,1,0,0
1,5,1,2,3,69,FRANCE,RHONE-ALPES,043,69043,CHAPONOST,RD 50,336346,0,3,RD,50,2,0,0,0,0,1,0,0,,1,7,0,1,0,0
1,6,1,3,6,69,FRANCE,RHONE-ALPES,034,69034,CALUIRE-ET-CUIRE,RUE PASTEUR,336349,0,4,VC,0,2,2,,,0,1,,,,1,7,0,1,0,0
1,1,1,1,3,69,FRANCE,RHONE-ALPES,074,69074,DENICE,RD 44,336380,0,3,RD,44,2,0,9,400,0,1,0,0,,1,7,0,1,0,0
1,6,1,1,6,69,FRANCE,RHONE-ALPES,034,69034,CALUIRE-ET-CUIRE,PLACE GUTENBERG,336389,0,4,VC,0,2,2,,,0,1,,,,1,7,0,1,0,0
1,1,2,1,3,69,FRANCE,RHONE-ALPES,013,69013,ARNAS,ROUTE DE LONGSARD,336392,5,4,VC,0,2,2,1,0,0,1,,,,1,7,0,1,0,0
1,6,1,1,1,69,FRANCE,RHONE-ALPES,264,69264,VILLEFRANCHE-SUR-SAONE,PIAF EDITH  R,336393,0,4,VC,0,2,1,,,0,1,,,,1,7,0,1,0,0
1,5,1,1,3,69,FRANCE,RHONE-ALPES,244,69244,TASSIN-LA-DEMI-LUNE,VC 0,336417,0,4,VC,0,4,5,0,0,0,1,0,0,,1,7,0,1,0,0
1,6,2,1,3,69,FRANCE,RHONE-ALPES,256,69256,VAULX-EN-VELIN,AVENUE DU 8 MAI 1945,336421,0,4,VC,0,2,2,,,0,1,,,,1,7,0,1,0,0
1,4,1,1,1,69,FRANCE,RHONE-ALPES,013,69013,ARNAS,ROUTE DE SAINT JULIEN,336425,0,3,RD,0,2,2,1,0,0,1,,,,1,7,0,1,0,0
1,9,1,1,3,69,FRANCE,RHONE-ALPES,386,69386,LYON,PLACE JULES FERRY,336439,0,4,VC,0,1,5,,,3,1,,,,1,7,0,1,0,0
1,1,1,1,6,69,FRANCE,RHONE-ALPES,028,69028,BRINDAS,RD 50,336465,0,3,RD,50,2,2,0,0,0,1,0,0,,1,,0,1,0,0
1,6,1,1,6,69,FRANCE,RHONE-ALPES,029,69029,BRON,AVENUE LOUIS MOUILLARD,336476,0,4,VC,0,2,2,,,0,1,,,,1,7,0,1,0,0
1,5,1,1,3,69,FRANCE,RHONE-ALPES,142,69142,MULATIERE (LA),QUAI JEAN JACQUES ROUSSEAU,336482,0,3,RD,0,2,2,,,0,1,,,,1,18,0,1,0,0
1,8,1,1,6,69,FRANCE,RHONE-ALPES,266,69266,VILLEURBANNE,autre,336493,0,4,VC,0,0,0,,,0,4,,,,1,,0,0,0,1
1,6,1,1,3,69,FRANCE,RHONE-ALPES,282,69282,MEYZIEU,RUE DE LA REPUBLIQUE ,336496,0,3,RD,0,1,2,,,0,1,,,,1,7,0,1,0,0
1,9,1,1,3,69,FRANCE,RHONE-ALPES,385,69385,LYON,RUE FRANCOIS GENIN,336503,0,4,VC,0,2,2,,,0,1,,,,1,7,0,1,0,0
1,5,1,1,1,69,FRANCE,RHONE-ALPES,089,69089,FRANCHEVILLE,VC 0,336513,0,4,VC,0,2,2,0,0,0,1,4574300,477100,,1,7,0,1,0,0
1,6,1,1,3,69,FRANCE,RHONE-ALPES,286,69286,RILLIEUX-LA-PAPE,RD 483,336517,0,3,RD,483,2,0,0,0,0,1,0,0,,1,7,0,1,0,0
1,5,1,1,1,69,FRANCE,RHONE-ALPES,100,69100,IRIGNY,VC 0,336538,0,4,VC,0,2,2,0,0,0,1,0,0,,1,7,0,1,0,0
5,8,1,1,6,69,FRANCE,RHONE-ALPES,266,69266,VILLEURBANNE,PLACE JULES GRANDCLEMENT,336569,0,4,VC,0,1,3,,,0,1,,,,1,7,0,1,0,0
1,5,1,1,1,69,FRANCE,RHONE-ALPES,204,69204,SAINT-GENIS-LAVAL,VC 0,336601,5,4,VC,0,2,1,0,0,1,1,0,0,,1,7,0,1,0,0
2,7,1,1,1,69,FRANCE,RHONE-ALPES,259,69259,VENISSIEUX,RUE DU PROFESSEUR ROUX,336610,0,4,VC,0,2,2,,,0,1,,,,1,7,0,1,0,0
5,9,1,1,6,69,FRANCE,RHONE-ALPES,383,69383,LYON,RUE PAUL BERT,336650,0,4,VC,0,2,3,,,0,1,,,,1,7,0,1,0,0
1,1,1,1,3,69,FRANCE,RHONE-ALPES,242,69242,TAPONAS,RD 109,336663,0,3,RD,109,2,2,3,0,0,1,0,0,,1,7,0,1,0,0
1,9,2,1,6,69,FRANCE,RHONE-ALPES,382,69382,LYON,PONT BONAPARTE,336677,2,9,Autre,0,1,2,,,0,1,,,,1,7,0,1,0,0
1,9,1,1,3,69,FRANCE,RHONE-ALPES,383,69383,LYON,COURS DOCTEUR LONG,336703,0,4,VC,0,1,1,,,0,1,,,,1,7,0,1,0,0
1,1,1,1,2,69,FRANCE,RHONE-ALPES,142,69142,MULATIERE (LA),PONT DE LA MULATIERE,336741,2,3,RD,0,1,4,,,0,1,,,,1,7,0,1,0,0
1,6,6,1,3,69,FRANCE,RHONE-ALPES,256,69256,VAULX-EN-VELIN,AVENUE D'ORCHA,336744,0,4,VC,0,2,2,,,0,1,,,,1,14,0,1,0,0
1,6,8,1,6,69,FRANCE,RHONE-ALPES,275,69275,DECINES-CHARPIEU,TRAMWAY LEA,336750,4,9,Autre,0,0,2,,,0,0,,,,1,40,0,1,0,0
1,9,1,1,6,69,FRANCE,RHONE-ALPES,384,69384,LYON,QUAI JOSEPH GILLET,336755,0,4,VC,0,2,2,,,0,1,,,,1,99,0,1,0,0
1,9,1,1,6,69,FRANCE,RHONE-ALPES,387,69387,LYON,PLACE JEAN MACE,336760,0,9,Autre,0,0,0,,,0,4,,,,1,,0,0,0,1
1,9,2,1,3,69,FRANCE,RHONE-ALPES,382,69382,LYON,RUE MARC ANTOINE PETIT,336790,0,4,VC,0,1,1,,,0,1,,,,1,7,0,1,0,0
5,9,1,1,2,69,FRANCE,RHONE-ALPES,382,69382,LYON,QUAI TILSITT,336791,0,4,VC,0,1,3,,,3,1,,,,1,7,0,1,0,0
1,9,1,1,3,69,FRANCE,RHONE-ALPES,389,69389,LYON,RUE ROQUETTE,336803,0,4,VC,0,1,2,,,0,1,,,,1,7,0,1,0,0
1,4,1,1,1,69,FRANCE,RHONE-ALPES,289,69289,SAINT-PIERRE-DE-CHANDIEU,VC 0,336807,0,4,VC,0,0,0,0,0,0,1,4565000,501800,,1,7,0,1,0,0
1,1,1,1,3,69,FRANCE,RHONE-ALPES,107,69107,LAMURE-SUR-AZERGUES,RD 385,336821,5,3,RD,385,2,2,20,120,2,5,0,0,,1,7,0,1,0,0
5,5,1,1,3,69,FRANCE,RHONE-ALPES,091,69091,GIVORS,RUE PIERRE SEMARD,336840,0,4,VC,0,3,2,,,0,1,,,,1,7,0,1,0,0
1,5,1,1,2,69,FRANCE,RHONE-ALPES,152,69152,PIERRE-BENITE,RUE JULES GUESDE ,336844,0,4,VC,0,2,2,,,0,1,,,,1,7,0,1,0,0
1,1,1,1,1,69,FRANCE,RHONE-ALPES,249,69249,THURINS,RD 25,336874,0,3,RD,25,2,0,0,0,1,5,0,0,,1,7,0,1,0,0
1,4,1,1,7,69,FRANCE,RHONE-ALPES,260,69260,VERNAISON,RD 315,336883,0,3,RD,315,2,2,10,800,0,1,0,0,,1,,0,1,0,0
1,7,1,1,3,69,FRANCE,RHONE-ALPES,259,69259,VENISSIEUX,ROUTE DE VIENNE,336889,0,4,VC,0,2,2,,,0,5,,,,1,14,0,1,0,0
1,5,1,3,3,69,FRANCE,RHONE-ALPES,152,69152,PIERRE-BENITE,BOULEVARD DE L'EUROPE,336922,0,2,RN,0,3,2,,,1,5,,,,1,7,0,1,0,0
1,1,1,1,1,69,FRANCE,RHONE-ALPES,227,69227,SAINT-MARTIN-EN-HAUT,VC 0,336931,0,4,VC,0,0,2,0,0,0,1,0,0,,1,21,0,1,0,0
1,5,9,8,1,69,FRANCE,RHONE-ALPES,069,69069,CRAPONNE,VC 32,336941,0,4,VC,32,2,2,0,0,0,1,0,0,,1,7,0,1,0,0
1,6,1,2,1,69,FRANCE,RHONE-ALPES,286,69286,RILLIEUX-LA-PAPE,Autre 0,336985,0,9,Autre,0,3,2,0,0,0,1,0,0,,1,7,0,1,0,0
1,6,6,1,6,69,FRANCE,RHONE-ALPES,290,69290,SAINT-PRIEST,AVENUE BERLIET,337020,0,4,VC,0,2,2,,,0,1,,,,1,7,0,1,0,0
2,9,1,1,1,69,FRANCE,RHONE-ALPES,385,69385,LYON,QUAI PIERRE SCIZE,337027,0,9,Autre,0,0,0,,,1,5,,,,1,,0,0,0,1
5,5,4,1,3,69,FRANCE,RHONE-ALPES,152,69152,PIERRE-BENITE,RUE CHARLES DE GAULLE,337050,0,4,VC,0,2,2,,,0,1,,,,1,7,0,1,0,0
1,9,2,1,2,69,FRANCE,RHONE-ALPES,383,69383,LYON,RUE MAURICE FLANDIN,337062,0,4,VC,0,2,3,,,0,1,,,,1,40,0,1,0,0
1,6,3,7,3,69,FRANCE,RHONE-ALPES,034,69034,CALUIRE-ET-CUIRE,QUAI CLEMENCEAU,337117,0,3,RD,433,2,3,,,0,1,,,,1,7,0,1,0,0
1,3,1,8,1,69,FRANCE,RHONE-ALPES,077,69077,DRACE,RD 9,337121,0,3,RD,9,2,0,2,0,0,0,4616300,476000,,1,7,0,1,0,0
1,5,3,1,3,69,FRANCE,RHONE-ALPES,096,69096,GRIGNY,RUE DE BOUTRAS,337137,5,3,RD,386,3,2,16,673,0,1,,,,1,15,0,1,0,0
1,1,1,7,1,69,FRANCE,RHONE-ALPES,268,69268,VOURLES,RD 386,337154,0,3,RD,386,2,0,13,530,2,1,4564900,475300,,1,7,0,1,0,0
1,9,1,1,7,69,FRANCE,RHONE-ALPES,385,69385,LYON,MONTEE DU CHEMIN NEUF,337172,0,4,VC,0,2,2,,,0,1,,,,1,,0,1,0,0
5,9,3,1,3,69,FRANCE,RHONE-ALPES,388,69388,LYON,AVENUE ROCKEFELLER,337182,0,4,VC,0,3,4,,,0,1,,,,1,7,0,1,0,0
1,6,1,1,2,69,FRANCE,RHONE-ALPES,029,69029,BRON,RUE LIONEL TERRAY,337219,0,4,VC,0,2,2,,,1,5,,,,1,7,0,1,0,0
1,9,2,1,6,69,FRANCE,RHONE-ALPES,386,69386,LYON,RUE TRONCHET,337244,0,4,VC,0,1,1,,,1,1,,,,1,31,0,1,0,0
5,9,1,1,3,69,FRANCE,RHONE-ALPES,385,69385,LYON,QUAI FULCHIRON,337246,0,4,VC,0,1,2,,,0,1,,,,1,37,0,1,0,0
5,9,3,1,3,69,FRANCE,RHONE-ALPES,382,69382,LYON,RUE DE LA CHARITE,337257,0,4,VC,0,1,1,,,0,1,,,,1,7,,,,
2,8,1,2,6,69,FRANCE,RHONE-ALPES,266,69266,VILLEURBANNE,COURS EMILE ZOLA,337264,0,4,VC,0,1,0,,,0,1,,,,1,10,0,1,0,0
1,1,2,1,6,69,FRANCE,RHONE-ALPES,286,69286,RILLIEUX-LA-PAPE,,337267,,4,VC,,,,,,,,,,,1,7,0,1,0,0
1,9,2,1,3,69,FRANCE,RHONE-ALPES,383,69383,LYON,RUE DE LA PART DIEU,337274,0,4,VC,0,2,1,,,1,5,,,,1,7,0,1,0,0
5,9,2,1,3,69,FRANCE,RHONE-ALPES,389,69389,LYON,PONT GEORGES CLEMENCEAU,337277,0,4,VC,0,2,4,,,0,1,,,,1,7,0,1,0,0
1,9,1,1,3,69,FRANCE,RHONE-ALPES,388,69388,LYON,RUE PROFESSEUR TAVERNIER,337280,0,4,VC,0,2,2,,,0,1,,,,1,7,0,1,0,0
1,5,1,1,3,69,FRANCE,RHONE-ALPES,244,69244,TASSIN-LA-DEMI-LUNE,RD 489,337288,0,3,RD,489,2,2,0,0,0,1,0,0,,1,7,0,1,0,0
1,5,1,1,3,69,FRANCE,RHONE-ALPES,096,69096,GRIGNY,RUE DE BOUTRAS,337307,0,4,VC,0,2,2,,,0,1,,,,1,7,0,1,0,0
1,9,2,1,6,69,FRANCE,RHONE-ALPES,383,69383,LYON,RUE PAUL BERT,337315,0,4,VC,0,1,1,,,0,1,,,,1,7,0,1,0,0
1,1,1,1,3,69,FRANCE,RHONE-ALPES,197,69197,SAINT-ETIENNE-DES-OULLIERES,RD 49,337353,0,3,RD,49,2,2,0,1,0,1,4605600,467800,,1,10,0,1,0,0
1,5,1,1,2,69,FRANCE,RHONE-ALPES,089,69089,FRANCHEVILLE,VC 0,337354,0,4,VC,0,2,2,0,0,0,1,0,0,,1,30,0,0,0,1
1,1,1,1,3,69,FRANCE,RHONE-ALPES,269,69269,YZERON,RD 122,337363,0,3,RD,122,2,0,1,0,0,1,0,0,,1,,0,1,0,0
1,9,1,1,7,69,FRANCE,RHONE-ALPES,385,69385,LYON,AVENUE BARTHELEMY BUYER,337368,0,4,VC,0,0,2,,,0,1,,,,1,,0,1,0,0
1,6,3,1,3,69,FRANCE,RHONE-ALPES,256,69256,VAULX-EN-VELIN,AVENUE JOLIOT CURIE,337385,0,4,VC,0,2,2,,,0,1,,,,1,7,0,1,0,0
1,9,1,1,6,69,FRANCE,RHONE-ALPES,385,69385,LYON,AVENUE ADOLPHE MAX,337389,0,4,VC,0,1,1,,,0,1,,,,1,7,0,1,0,0
1,4,1,1,1,69,FRANCE,RHONE-ALPES,238,69238,SAINT-SYMPHORIEN-SUR-COISE,RD 122,337399,0,3,RD,122,2,2,9,100,0,1,0,0,,1,7,0,1,0,0
1,5,9,1,1,69,FRANCE,RHONE-ALPES,142,69142,MULATIERE (LA),RUE DU GRAND ROULE,337408,0,4,VC,0,1,1,,,0,1,,,,1,7,0,1,0,0
1,5,6,1,3,69,FRANCE,RHONE-ALPES,091,69091,GIVORS,RUE DE MONTROND,337416,0,4,VC,0,0,0,,,0,1,,,,1,7,0,1,0,0
1,1,1,1,1,69,FRANCE,RHONE-ALPES,074,69074,DENICE,RD 504,337432,5,3,RD,504,2,0,53,535,2,5,0,0,,1,7,0,1,0,0
1,9,1,7,6,69,FRANCE,RHONE-ALPES,385,69385,LYON,AVENUE DU POINT DU JOUR,337436,6,9,Autre,0,0,0,,,0,4,,,,1,,,,,
1,7,1,1,1,69,FRANCE,RHONE-ALPES,259,69259,VENISSIEUX,RUE ANTOINE BILLON,337453,0,4,VC,0,1,1,,,0,1,,,,1,7,0,1,0,0
1,9,1,1,3,69,FRANCE,RHONE-ALPES,388,69388,LYON,BOULEVARD DES ETATS UNIS,337483,0,4,VC,0,2,2,,,1,1,,,,1,7,0,1,0,0
5,9,1,1,3,69,FRANCE,RHONE-ALPES,382,69382,LYON,PONT LAFAYETTE,337485,0,9,Autre,0,2,3,,,1,1,,,,1,7,0,1,0,0
1,3,1,1,6,69,FRANCE,RHONE-ALPES,269,69269,YZERON,RD 122,337550,,3,RD,122,2,,0,500,,1,,,,1,,0,0,0,1
1,6,6,1,2,69,FRANCE,RHONE-ALPES,264,69264,VILLEFRANCHE-SUR-SAONE,RUE DE LA MALADIERE ,337553,0,4,VC,0,3,3,,,0,0,,,,1,10,0,1,0,0
1,8,1,1,6,69,FRANCE,RHONE-ALPES,266,69266,VILLEURBANNE,PONT DE CUSSET,337555,2,4,VC,0,2,3,,,0,1,,,,1,14,0,1,0,0
1,4,6,1,1,69,FRANCE,RHONE-ALPES,227,69227,SAINT-MARTIN-EN-HAUT,Autre 0,337559,1,9,Autre,0,2,0,0,0,0,1,0,0,,1,7,0,1,0,0
1,4,6,1,3,69,FRANCE,RHONE-ALPES,094,69094,GREZIEU-LA-VARENNE,RD 489,337569,0,3,RD,489,2,2,6,1150,1,5,4575100,470500,,1,7,0,1,0,0
5,6,1,1,3,69,FRANCE,RHONE-ALPES,149,69149,OULLINS,RUE GRANDE  RUE,337576,0,4,VC,0,2,3,,,3,1,,,,1,7,0,1,0,0
1,9,2,1,3,69,FRANCE,RHONE-ALPES,383,69383,LYON,RUE BELLECOMBE,337618,0,4,VC,0,1,0,,,1,5,,,,1,7,0,1,0,0
1,9,2,8,3,69,FRANCE,RHONE-ALPES,386,69386,LYON,COURS LAFAYETTE,337681,0,4,VC,0,1,3,0,0,3,1,,,,1,7,0,1,0,0
1,9,2,1,3,69,FRANCE,RHONE-ALPES,383,69383,LYON,RUE SAINT ANTOINE,337688,0,4,VC,0,1,0,0,0,0,1,,,,1,7,0,1,0,0
1,9,1,1,6,69,FRANCE,RHONE-ALPES,384,69384,LYON,QUAI JOSEPH GILLET,337705,0,4,VC,0,2,3,0,0,0,1,,,,1,7,0,1,0,0
1,1,1,7,1,69,FRANCE,RHONE-ALPES,056,69056,CHESSY,RD 385,337706,5,3,RD,385,2,3,41,300,2,5,0,0,,1,7,0,1,0,0
2,4,1,1,1,69,FRANCE,RHONE-ALPES,068,69068,COUZON-AU-MONT-D'OR,RD 51,337713,0,3,RD,51,3,0,0,0,0,1,0,0,,1,14,0,1,0,0
5,6,1,1,3,69,FRANCE,RHONE-ALPES,029,69029,BRON,RUE DE LA PAGERE,337718,0,4,VC,0,2,2,0,0,0,1,,,,1,7,0,1,0,0
2,9,1,1,6,69,FRANCE,RHONE-ALPES,388,69388,LYON,RUE VILLON,337720,0,4,VC,0,1,1,0,0,0,1,,,,1,7,0,1,0,0
1,6,1,1,3,69,FRANCE,RHONE-ALPES,029,69029,BRON,AVENUE DU GENERAL DE GAULLE,337729,6,4,VC,0,2,0,0,0,0,1,,,,1,7,0,1,0,0
2,9,1,1,6,69,FRANCE,RHONE-ALPES,387,69387,LYON,AVENUE LECLERC,337742,6,4,VC,0,0,0,0,0,1,5,,,,1,,0,0,0,1
5,9,1,1,6,69,FRANCE,RHONE-ALPES,382,69382,LYON,PONT GALLIENI,337749,2,4,VC,0,2,4,0,0,0,1,,,,1,7,0,1,0,0
1,9,1,1,3,69,FRANCE,RHONE-ALPES,385,69385,LYON,RUE DE LA FAVORITE,337753,0,4,VC,0,2,2,,,0,4,,,,1,7,0,1,0,0
1,1,6,1,6,69,FRANCE,RHONE-ALPES,100,69100,IRIGNY,RD 315,337755,5,3,RD,315,2,2,0,0,0,1,0,0,,1,,0,1,0,1
1,1,1,1,6,69,FRANCE,RHONE-ALPES,126,69126,MARCY,RD 608,337757,0,3,RD,608,2,0,608,200,0,1,4592000,468900,,1,,0,1,0,0
4,9,2,1,3,69,FRANCE,RHONE-ALPES,387,69387,LYON,QUAI CLAUDE BERNARD,337768,0,4,VC,0,1,3,0,0,0,1,,,,1,7,0,1,0,0
2,9,2,2,6,69,FRANCE,RHONE-ALPES,383,69383,LYON,RUE TURBIL,337770,0,4,VC,0,1,1,0,0,0,1,,,,1,7,0,1,0,0
5,6,6,1,3,69,FRANCE,RHONE-ALPES,275,69275,DECINES-CHARPIEU,ROND-POINT DU GRAND LARGE,337785,5,4,VC,0,1,2,0,0,0,1,,,,1,7,0,1,0,0
1,9,1,1,6,69,FRANCE,RHONE-ALPES,388,69388,LYON,AVENUE PAUL SANTY,337786,0,4,VC,0,2,3,0,0,1,5,,,,1,7,0,1,0,0
1,6,1,1,6,69,FRANCE,RHONE-ALPES,034,69034,CALUIRE-ET-CUIRE,GRANDE RUE DE SAINT CLAIR ,337789,0,4,VC,0,1,1,0,0,0,1,,,,1,7,0,1,0,0
1,6,1,1,1,69,FRANCE,RHONE-ALPES,256,69256,VAULX-EN-VELIN,RUE DE LA REPUBLIQUE ,337793,0,4,VC,0,2,1,0,0,0,1,,,,1,7,0,1,0,0
1,9,1,1,6,69,FRANCE,RHONE-ALPES,386,69386,LYON,RUE NOTRE DAME,337801,0,4,VC,0,1,1,0,0,0,1,,,,1,7,0,1,0,0
1,6,1,1,3,69,FRANCE,RHONE-ALPES,202,69202,SAINTE-FOY-LES-LYON,BOULEVAR DES PROVINCES,337804,5,4,VC,0,2,2,0,0,0,1,,,,1,7,0,1,0,0
5,9,3,8,3,69,FRANCE,RHONE-ALPES,383,69383,LYON,AVENUE FELIX FAURE,337811,0,4,VC,0,2,2,0,0,0,1,,,,1,7,0,1,0,0
1,5,1,1,3,69,FRANCE,RHONE-ALPES,194,69194,SAINT-DIDIER-AU-MONT-D'OR,RD 73,337833,5,3,RD,73,2,0,0,0,0,1,0,0,,1,7,0,1,0,0
1,9,1,1,6,69,FRANCE,RHONE-ALPES,383,69383,LYON,ROUTE DE GENAS,337849,0,4,VC,0,2,2,0,0,0,1,,,,1,7,0,1,0,0
1,9,2,1,3,69,FRANCE,RHONE-ALPES,383,69383,LYON,RUE MAZENOD,337857,0,4,VC,0,1,1,0,0,2,1,,,,1,7,0,1,0,0
1,9,3,1,6,69,FRANCE,RHONE-ALPES,383,69383,LYON,RUE VOLTAIRE,337861,0,4,VC,0,1,1,0,0,0,1,,,,1,7,0,1,0,0
1,9,1,1,6,69,FRANCE,RHONE-ALPES,383,69383,LYON,COURS ALBERT THOMAS,337869,6,4,VC,0,2,3,0,0,1,5,,,,1,,0,0,0,1
1,9,1,1,3,69,FRANCE,RHONE-ALPES,383,69383,LYON,QUAI VICTOR AUGAGNEUR,337895,0,4,VC,0,1,3,0,0,0,1,,,,1,7,0,1,0,0
1,5,1,1,3,69,FRANCE,RHONE-ALPES,273,69273,CORBAS,VC 0,337901,0,4,VC,0,2,2,0,0,0,1,4567700,489999,,1,14,0,1,0,0
1,9,5,1,3,69,FRANCE,RHONE-ALPES,382,69382,LYON,QUAI JEAN MOULIN,337938,0,4,VC,0,3,3,,,1,1,,,,1,7,0,1,0,0
1,3,1,1,1,69,FRANCE,RHONE-ALPES,235,69235,SAINT-ROMAIN-EN-GAL,RD 502,337958,0,3,RD,502,2,2,0,30,0,1,0,0,,1,7,,,,
1,4,1,1,1,69,FRANCE,RHONE-ALPES,009,69009,ANSE,RD 306,337972,0,3,RD,306,2,0,29,50,0,1,0,0,,1,7,0,1,0,0
1,9,2,1,3,69,FRANCE,RHONE-ALPES,388,69388,LYON,COURS ALBERT THOMAS,337991,0,4,VC,0,3,2,,,3,1,,,,1,10,0,1,0,0
1,6,1,1,6,69,FRANCE,RHONE-ALPES,256,69256,VAULX-EN-VELIN,RUE FRANKLIN ROOSEVELT,338001,0,4,VC,0,2,2,,,1,5,,,,1,,0,1,0,0
1,6,2,1,3,69,FRANCE,RHONE-ALPES,149,69149,OULLINS,RUE GRANDE  RUE,338006,5,4,VC,0,4,3,,,0,1,,,,1,7,0,1,0,0
1,1,1,1,1,69,FRANCE,RHONE-ALPES,228,69228,SAINT-MAURICE-SUR-DARGOIRE,RD 2,338013,0,3,RD,2,2,2,0,0,0,1,0,0,,1,7,0,1,0,0
5,9,2,1,6,69,FRANCE,RHONE-ALPES,383,69383,LYON,RUE PAUL BERT,338021,0,4,VC,0,1,1,,,0,1,,,,1,7,0,1,0,0
1,6,2,1,3,69,FRANCE,RHONE-ALPES,034,69034,CALUIRE-ET-CUIRE,RUE DE L'AVENIR CROIX ROUSSIEN,338023,0,4,VC,0,2,2,,,0,1,,,,1,10,0,1,0,0
1,6,2,1,3,69,FRANCE,RHONE-ALPES,034,69034,CALUIRE-ET-CUIRE,VOIE DE LA DOMBES,338034,6,4,VC,0,2,1,,,1,1,,,,1,7,0,1,0,0
4,9,2,2,3,69,FRANCE,RHONE-ALPES,383,69383,LYON,RUE DOCTEUR REBATEL,338044,0,4,VC,0,1,1,,,0,1,,,,1,7,0,1,0,0
1,9,3,1,6,69,FRANCE,RHONE-ALPES,382,69382,LYON,RUE SAINTE HELENE,338049,5,4,VC,0,1,1,,,0,1,,,,1,,0,0,0,1
1,5,1,1,1,69,FRANCE,RHONE-ALPES,204,69204,SAINT-GENIS-LAVAL,VC 0,338071,0,4,VC,0,2,0,0,0,1,5,4570000,482400,,1,7,0,1,0,0
1,8,3,1,3,69,FRANCE,RHONE-ALPES,266,69266,VILLEURBANNE,RUE ANTOINE PRIMAT,338078,0,4,VC,0,2,2,,,0,0,,,,1,33,0,1,0,0
1,8,6,1,3,69,FRANCE,RHONE-ALPES,266,69266,VILLEURBANNE,RUE PIERRE JOSEPH PROUDHON,338090,0,4,VC,0,2,2,,,0,1,,,,1,7,0,1,0,0
1,9,3,1,1,69,FRANCE,RHONE-ALPES,382,69382,LYON,COURS DE VERDUN RECAMIER,338094,0,4,VC,,1,3,,,3,1,,,,1,40,0,1,0,0
1,4,1,1,1,69,FRANCE,RHONE-ALPES,136,69136,MONTAGNY,RD 105,338117,5,3,RD,105,0,0,0,0,0,1,0,0,,1,14,0,1,0,0
1,1,1,1,1,69,FRANCE,RHONE-ALPES,140,69140,MORANCE,RD 30,338125,0,3,RD,30,2,2,0,0,0,1,4590800,470200,,1,7,0,1,0,0
1,1,1,1,2,69,FRANCE,RHONE-ALPES,267,69267,VILLIE-MORGON,RD 9,338126,0,3,RD,9,2,2,7,5,0,1,4617000,470100,,1,7,0,1,0,0
1,6,1,1,3,69,FRANCE,RHONE-ALPES,264,69264,VILLEFRANCHE-SUR-SAONE,FRANS ROUTE DE,338136,0,3,RD,0,3,4,1,0,0,1,,,,1,7,0,1,0,0
2,4,1,1,6,69,FRANCE,RHONE-ALPES,064,69064,CONDRIEU,VC 0,338146,0,4,VC,0,1,1,0,0,0,3,,,,1,,0,0,0,1
1,1,1,1,5,69,FRANCE,RHONE-ALPES,236,69236,SAINT-ROMAIN-EN-GIER,RD 488,338168,0,3,RD,488,2,2,7,200,0,1,4556900,470100,,1,7,0,1,0,0
5,9,1,4,6,69,FRANCE,RHONE-ALPES,387,69387,LYON,AVENUE JEAN JAURES,338195,0,4,VC,0,2,4,,,1,4,,,,1,,0,0,0,1
1,4,6,1,3,69,FRANCE,RHONE-ALPES,068,69068,COUZON-AU-MONT-D'OR,RD 51,338261,,3,RD,51,2,2,7,500,,1,,,,1,7,0,1,0,0
1,5,9,1,1,69,FRANCE,RHONE-ALPES,243,69243,TARARE,RD 8,338262,,3,RD,8,,,3,500,,1,,,,1,7,0,1,0,0
3,1,1,2,2,69,FRANCE,RHONE-ALPES,049,69049,CHASSELAY,RD 16,338280,0,3,RD,16,2,2,0,0,0,1,0,0,,1,15,0,1,0,0
1,3,1,1,1,69,FRANCE,RHONE-ALPES,171,69171,SAIN-BEL,RD 7,338308,0,3,RD,7,2,2,0,0,0,1,0,0,,1,7,0,1,0,0
1,1,1,1,1,69,FRANCE,RHONE-ALPES,110,69110,LARAJASSE,VC 0,338325,0,4,VC,0,2,1,0,0,0,1,0,0,,1,21,0,1,0,0
2,1,1,1,3,69,FRANCE,RHONE-ALPES,272,69272,COMMUNAY,RD 150,338337,0,3,RD,150,2,2,0,0,0,1,0,0,,1,7,0,1,0,0
1,1,1,1,5,69,FRANCE,RHONE-ALPES,136,69136,MONTAGNY,RD 83,338350,0,3,RD,83,2,2,1,333,0,1,0,0,,1,7,0,1,0,0
1,1,1,1,3,69,FRANCE,RHONE-ALPES,017,69017,BAGNOLS,RD 338,338371,0,3,RD,338,2,0,13,900,0,5,0,0,,1,10,0,1,0,0