lum,agg,int,atm,col,dep_bis,pays,region,com_bis,com_codeINSEE,communes,N_voie,numac,infra,catr,type_route,voie,circ,nbv,pr,pr1,vosp,situ,lat,long,adr,accident_velo,vehicule_imp,cycl_mort,cycl_bgv,cycl_blg,cycl_indm
1,4,1,1,6,73,FRANCE,RHONE-ALPES,157,73157,MODANE,VC 0,342165,0,4,VC,0,2,2,0,0,0,1,4519905,666969,,1,,0,1,0,1
1,6,6,1,3,73,FRANCE,RHONE-ALPES,008,73008,AIX-LES-BAINS,BOULEVARD JEAN CHARCOT ,342176,5,3,RD,201,2,3,17,220,1,1,,,,1,7,0,1,0,0
1,6,1,1,6,73,FRANCE,RHONE-ALPES,008,73008,AIX-LES-BAINS,AVENUE DU GRAND PORT,342177,0,3,RD,991,2,2,0,100,0,1,,,,1,7,0,1,0,0
1,5,1,1,2,73,FRANCE,RHONE-ALPES,011,73011,ALBERTVILLE,ROUTE DE TOURS,342186,0,3,RD,990,2,2,27,350,0,1,4566424,642761,,1,3,0,1,0,0
4,4,2,1,3,73,FRANCE,RHONE-ALPES,029,73029,BARBERAZ,ROUTE DE CHALLES,342191,0,3,RD,1006,2,2,39,490,0,1,4556953,594502,,1,10,0,1,0,0
1,7,1,1,3,73,FRANCE,RHONE-ALPES,065,73065,CHAMBERY,ROUTE DE LABIAZ,342193,0,3,RD,14,2,2,1,620,2,5,4557629,588802,,1,,0,0,0,1
1,7,6,1,3,73,FRANCE,RHONE-ALPES,065,73065,CHAMBERY,RD 1006,342194,5,3,RD,1006,2,2,35,915,2,1,4556367,590334,,1,7,0,1,0,0
3,7,1,1,6,73,FRANCE,RHONE-ALPES,065,73065,CHAMBERY,AVENUE DES LANDIERS,342199,0,3,RD,10,2,2,1,320,1,1,4559223,590253,,1,,0,1,0,0
1,5,1,1,1,74,FRANCE,RHONE-ALPES,256,74256,SALLANCHES,VC 0,342216,5,4,VC,0,2,2,0,0,0,1,0,0,,1,7,0,1,0,0
1,3,1,1,1,74,FRANCE,RHONE-ALPES,037,74037,BOEGE,RD 20,342220,0,3,RD,20,2,2,19,250,0,1,4621200,640500,,1,7,0,1,0,0
1,1,1,1,1,74,FRANCE,RHONE-ALPES,077,74077,CLARAFOND,RD 908,342265,0,3,RD,908,2,2,3,200,0,1,0,0,,1,33,0,1,0,0
1,7,2,1,3,74,FRANCE,RHONE-ALPES,010,74010,ANNECY,MAVERIA,342270,0,4,VC,0,2,2,,,0,1,,,,1,7,0,1,0,0
1,1,2,8,1,74,FRANCE,RHONE-ALPES,104,74104,DOUSSARD,VC 10,342276,5,4,VC,10,2,2,0,0,0,1,0,0,,1,7,0,1,0,0
1,3,1,1,1,74,FRANCE,RHONE-ALPES,310,74310,VIUZ-LA-CHIESAZ,VC 0,342277,0,4,VC,0,2,0,0,0,0,1,0,0,,1,7,0,1,0,0
1,4,1,8,3,74,FRANCE,RHONE-ALPES,082,74082,COLLONGES-SOUS-SALEVE,RD 32,342283,5,3,RD,32,0,2,0,0,0,1,0,0,,1,7,0,1,0,0
1,5,2,1,6,74,FRANCE,RHONE-ALPES,093,74093,CRAN-GEVRIER,AVENUE PIERRE MENDES FRANCE,342294,0,4,VC,0,2,2,,,2,1,,,,1,7,0,1,0,0
1,5,1,1,7,74,FRANCE,RHONE-ALPES,133,74133,GAILLARD,RUE DES VIGNES,342295,0,4,VC,0,2,2,1,0,0,1,,,,1,,0,1,0,0
1,6,3,1,3,74,FRANCE,RHONE-ALPES,012,74012,ANNEMASSE,AVENUE DE VERDUN,342327,0,4,VC,0,2,2,1,0,0,1,,,,1,7,0,1,0,0
1,6,3,1,2,74,FRANCE,RHONE-ALPES,281,74281,THONON-LES-BAINS,AVENUE DES PRES VERTS,342334,0,4,VC,0,2,2,,,2,5,,,,1,7,0,1,0,0
1,5,2,1,3,74,FRANCE,RHONE-ALPES,008,74008,AMBILLY,RUE DE LA PAIX,342341,0,4,VC,0,2,2,1,0,0,1,,,,1,7,0,1,0,0
1,6,3,1,3,74,FRANCE,RHONE-ALPES,281,74281,THONON-LES-BAINS,AVENUE DE RIPAILLE,342347,0,4,VC,0,2,2,,,0,1,,,,1,7,0,1,0,0
1,4,1,1,7,74,FRANCE,RHONE-ALPES,080,74080,CLUSAZ (LA),VC 3,342353,0,4,VC,3,2,0,0,0,0,0,4590800,642400,,1,,0,1,0,0
1,3,1,1,1,74,FRANCE,RHONE-ALPES,302,74302,VILLARDS-SUR-THONES (LES),RD 909,342358,0,3,RD,909,2,2,24,580,0,1,0,0,,1,7,0,1,0,0
1,5,1,1,1,74,FRANCE,RHONE-ALPES,011,74011,ANNECY-LE-VIEUX,VC 0,342373,5,4,VC,0,2,2,0,0,0,1,0,0,,1,14,0,1,0,0
1,1,1,1,2,74,FRANCE,RHONE-ALPES,312,74312,VOUGY,RN 205,342375,0,2,RN,205,2,2,0,0,0,1,0,0,,1,33,0,1,0,0
1,1,2,7,1,74,FRANCE,RHONE-ALPES,116,74116,ETAUX,RN 203,342380,5,2,RN,203,2,2,22,600,0,1,0,0,,1,7,0,1,0,0
1,1,3,1,3,74,FRANCE,RHONE-ALPES,164,74164,MARIGNIER,RD 6,342394,5,3,RD,6,2,2,21,0,0,1,4609000,649300,,1,7,0,1,0,0
1,2,1,1,1,74,FRANCE,RHONE-ALPES,227,74227,SAINT-ANDRE-VAL-DE-FIER,RD 14,342403,0,3,RD,14,2,0,29,900,0,0,0,0,,1,21,0,1,0,0
1,4,1,1,1,74,FRANCE,RHONE-ALPES,112,74112,EPAGNY,VC 0,342422,0,4,VC,0,2,0,0,0,0,1,0,0,,1,7,0,1,0,0
1,6,3,1,3,74,FRANCE,RHONE-ALPES,281,74281,THONON-LES-BAINS,AVENUE DE SENEVULAZ,342429,0,4,VC,0,2,2,,,1,1,,,,1,7,0,1,0,0
1,5,4,1,1,74,FRANCE,RHONE-ALPES,042,74042,BONNEVILLE,Autre 0,342434,0,9,Autre,0,2,2,0,0,0,1,0,0,,1,13,0,1,0,0
1,5,1,1,1,74,FRANCE,RHONE-ALPES,236,74236,SAINT-GERVAIS-LES-BAINS,RD 205,342436,0,3,RD,205,2,2,0,0,0,1,0,0,,1,7,0,1,0,0
5,7,2,1,6,74,FRANCE,RHONE-ALPES,010,74010,ANNECY,PONT NEUF,342446,0,4,VC,0,2,0,,,2,1,,,,1,7,0,1,0,0
2,5,1,1,3,74,FRANCE,RHONE-ALPES,298,74298,VETRAZ-MONTHOUX,ROUTE DE TANINGES,342461,0,4,VC,0,2,2,1,0,0,1,,,,1,7,0,1,0,0
1,1,1,1,1,74,FRANCE,RHONE-ALPES,104,74104,DOUSSARD,RD 1508,342464,0,3,RD,1508,2,0,0,0,0,1,0,0,,1,7,0,1,0,0
1,5,1,1,3,74,FRANCE,RHONE-ALPES,123,74123,FAVERGES,RD 1508,342493,0,3,RD,1508,2,2,64,700,0,1,0,0,,1,7,0,1,0,0
1,5,1,1,6,74,FRANCE,RHONE-ALPES,256,74256,SALLANCHES,VC 0,342499,0,4,VC,0,2,0,0,0,0,1,0,0,,1,,0,1,0,0
1,7,3,1,6,74,FRANCE,RHONE-ALPES,010,74010,ANNECY,EUSTACHE CHAPPUIS,342508,0,4,VC,0,2,3,,,0,1,,,,1,33,0,1,0,0
1,5,2,1,3,74,FRANCE,RHONE-ALPES,242,74242,SAINT-JORIOZ,VC 0,342515,0,4,VC,0,2,0,0,0,0,1,0,0,,1,7,0,1,0,0
1,5,1,1,3,74,FRANCE,RHONE-ALPES,243,74243,SAINT-JULIEN-EN-GENEVOIS,VC 0,342520,0,4,VC,0,2,2,0,0,0,1,0,0,,1,32,0,1,0,0
1,1,1,1,3,74,FRANCE,RHONE-ALPES,220,74220,REIGNIER,RD 202,342543,0,3,RD,202,2,2,0,0,0,1,0,0,,1,2,0,0,0,1
3,1,1,1,3,74,FRANCE,RHONE-ALPES,314,74314,VULBENS,RN 206,342548,0,2,RN,206,2,2,0,0,0,1,0,0,,1,10,0,1,0,0
1,1,1,7,1,74,FRANCE,RHONE-ALPES,199,74199,NERNIER,RD 25,342550,0,3,RD,25,2,2,8,300,0,1,4636100,630700,,1,7,0,1,0,0
1,5,1,1,1,74,FRANCE,RHONE-ALPES,268,74268,SEYNOD,RD 16,342553,5,3,RD,16,0,1,0,0,0,1,0,0,,1,7,0,1,0,0
1,4,1,1,3,74,FRANCE,RHONE-ALPES,218,74218,PUBLIER,RUE DES HUTTINS,342585,0,9,Autre,0,2,1,,,0,1,,,,1,7,0,1,0,0
1,5,1,1,1,74,FRANCE,RHONE-ALPES,236,74236,SAINT-GERVAIS-LES-BAINS,VC 0,342613,0,4,VC,0,2,0,0,0,0,3,0,0,,1,7,0,0,0,1
1,3,1,1,1,74,FRANCE,RHONE-ALPES,156,74156,LULLY,VC 1,342620,0,4,VC,1,2,2,0,0,0,1,4628800,641900,,1,7,0,1,0,0
1,7,1,1,6,74,FRANCE,RHONE-ALPES,010,74010,ANNECY,SOMMEILLER,342629,0,4,VC,0,1,2,,,0,1,,,,1,,0,0,0,1
1,1,1,1,1,74,FRANCE,RHONE-ALPES,302,74302,VILLARDS-SUR-THONES (LES),RD 909,342635,0,3,RD,909,2,2,27,150,2,1,4592400,639000,,1,7,0,1,0,0
1,1,1,1,6,74,FRANCE,RHONE-ALPES,302,74302,VILLARDS-SUR-THONES (LES),RD 909,342636,0,3,RD,909,2,2,25,141,0,1,0,0,,1,,0,1,0,0
1,1,2,1,3,74,FRANCE,RHONE-ALPES,242,74242,SAINT-JORIOZ,VC 0,342663,0,4,VC,0,2,2,0,0,0,5,0,0,,1,10,0,1,0,0
1,1,1,1,2,74,FRANCE,RHONE-ALPES,188,74188,MONTRIOND,RD 228,342681,0,3,RD,228,2,2,0,0,0,1,0,0,,1,33,0,0,0,1
1,7,3,1,6,74,FRANCE,RHONE-ALPES,010,74010,ANNECY,DU DOCTEUR CECILE VOGT MUGNIER,342685,0,4,VC,0,1,0,,,0,1,,,,1,7,0,1,0,0
1,2,3,1,2,74,FRANCE,RHONE-ALPES,035,74035,BLOYE,RD 240,342686,0,3,RD,240,2,0,0,0,0,1,4582500,593600,,1,7,0,1,0,0
1,1,1,1,7,74,FRANCE,RHONE-ALPES,102,74102,DINGY-SAINT-CLAIR,VC 1,342690,0,4,VC,1,2,2,0,0,0,1,0,0,,1,,0,1,0,0
1,3,1,1,1,74,FRANCE,RHONE-ALPES,215,74215,PRAZ-SUR-ARLY,RD 1212,342692,0,3,RD,1212,2,0,0,0,0,1,0,0,,1,7,0,1,0,0
1,3,1,1,1,74,FRANCE,RHONE-ALPES,021,74021,ARTHAZ-PONT-NOTRE-DAME,VC 211,342698,0,4,VC,211,2,2,0,0,0,1,4616400,626200,,1,7,0,1,0,0
1,6,3,8,3,74,FRANCE,RHONE-ALPES,012,74012,ANNEMASSE,AVENUE DE VERDUN,342717,0,4,VC,0,3,2,0,1,1,5,,,,1,7,0,1,0,0
1,5,1,1,1,74,FRANCE,RHONE-ALPES,182,74182,MEYTHET,RD 14,342720,0,3,RD,14,2,2,0,0,2,1,0,0,,1,7,0,1,0,0
1,1,1,1,2,74,FRANCE,RHONE-ALPES,236,74236,SAINT-GERVAIS-LES-BAINS,RD 909,342724,0,3,RD,909,2,2,43,200,0,0,0,0,,1,7,0,1,0,0
1,4,3,1,3,74,FRANCE,RHONE-ALPES,218,74218,PUBLIER,AVENUE DE SAVOIE,342738,5,3,RD,0,2,2,1,0,0,1,,,,1,7,0,1,0,0
1,3,9,1,2,74,FRANCE,RHONE-ALPES,087,74087,CONTAMINE-SUR-ARVE,RN 205,342746,0,2,RN,205,2,2,0,0,0,1,4613100,634000,,1,7,0,1,0,0
2,1,1,1,1,74,FRANCE,RHONE-ALPES,165,74165,MARIGNY-SAINT-MARCEL,RD 53,342789,0,3,RD,53,2,2,7,560,0,1,4583900,596700,,1,7,0,1,0,0
1,5,3,1,3,74,FRANCE,RHONE-ALPES,011,74011,ANNECY-LE-VIEUX,VC 0,342802,5,4,VC,0,2,2,0,0,0,1,0,0,,1,7,0,1,0,0
1,4,1,1,2,74,FRANCE,RHONE-ALPES,299,74299,VEYRIER-DU-LAC,RD 909,342805,0,3,RD,909,2,2,5,725,0,1,4588800,617800,,1,7,0,1,0,0
1,6,1,1,3,74,FRANCE,RHONE-ALPES,281,74281,THONON-LES-BAINS,AVENUE DU GENERAL DE GAULLE,342810,0,3,RD,0,3,5,,,2,1,,,,1,7,0,1,0,0
1,1,2,1,3,74,FRANCE,RHONE-ALPES,044,74044,BOSSEY,RD 1206,342838,0,3,RD,1206,2,2,24,100,0,1,0,0,,1,7,0,1,0,0
1,5,3,1,6,74,FRANCE,RHONE-ALPES,119,74119,EVIAN-LES-BAINS,IMPASSE DU CLOU,342844,0,4,VC,0,2,2,1,0,0,1,,,,1,7,0,1,0,0
1,7,6,1,6,74,FRANCE,RHONE-ALPES,010,74010,ANNECY,AVENUE DE TRESUM,342845,0,4,VC,0,2,2,,,0,0,,,,1,7,0,1,0,0
1,6,1,1,7,74,FRANCE,RHONE-ALPES,281,74281,THONON-LES-BAINS,AVENUE DE CORZENT,342851,0,4,VC,0,2,2,1,0,0,1,,,,1,,0,1,0,0
1,1,6,1,1,74,FRANCE,RHONE-ALPES,208,74208,PASSY,RD 199,342859,0,3,RD,199,2,0,0,0,0,1,0,0,,1,7,0,1,0,0
1,1,1,1,3,74,FRANCE,RHONE-ALPES,112,74112,EPAGNY,RD 1508,342863,0,3,RD,1508,2,0,0,0,1,1,0,0,,1,7,0,1,0,0
1,5,1,1,1,74,FRANCE,RHONE-ALPES,182,74182,MEYTHET,Autre 0,342866,0,9,Autre,0,2,2,0,0,0,1,0,0,,1,7,0,1,0,0
3,1,1,1,3,74,FRANCE,RHONE-ALPES,104,74104,DOUSSARD,RD 1508,342868,0,3,RD,1508,2,2,61,500,0,1,0,0,,1,30,0,0,0,1
1,5,1,1,6,74,FRANCE,RHONE-ALPES,056,74056,CHAMONIX-MONT-BLANC,VC 0,342871,0,4,VC,0,2,1,0,0,0,1,0,0,,1,,0,1,0,0
1,4,1,1,1,74,FRANCE,RHONE-ALPES,173,74173,MEGEVE,Autre 0,342874,0,9,Autre,0,2,0,0,0,0,1,0,0,,1,10,0,1,0,0
1,4,1,1,3,74,FRANCE,RHONE-ALPES,278,74278,THYEZ,VC 43,342891,0,4,VC,43,2,2,3,500,0,1,4608900,653400,,1,7,0,1,0,0
1,1,1,1,6,74,FRANCE,RHONE-ALPES,164,74164,MARIGNIER,RD 26,342894,0,3,RD,26,2,2,40,900,0,1,4611600,650300,,1,,0,1,0,1
1,1,1,1,1,74,FRANCE,RHONE-ALPES,236,74236,SAINT-GERVAIS-LES-BAINS,RD 909,342903,0,3,RD,909,2,2,44,382,0,1,4589700,669100,,1,7,0,1,0,0
1,1,1,1,1,74,FRANCE,RHONE-ALPES,058,74058,CHAPELLE-D'ABONDANCE (LA),RD 22,342913,0,3,RD,22,2,0,0,0,0,1,0,0,,1,10,0,1,0,0
1,3,1,1,2,74,FRANCE,RHONE-ALPES,038,74038,BOGEVE,RD 190,342914,0,3,RD,190,2,2,0,100,0,1,4619800,643200,,1,17,0,1,0,0
1,5,1,1,1,74,FRANCE,RHONE-ALPES,119,74119,EVIAN-LES-BAINS,ROUTE DES TOURS,342929,0,4,VC,0,2,2,1,0,0,1,,,,1,7,0,1,0,0
1,5,2,1,7,74,FRANCE,RHONE-ALPES,119,74119,EVIAN-LES-BAINS,ROUTE DE LA CORNICHE,342930,0,3,RD,0,2,2,1,0,0,1,,,,1,,0,1,0,0
1,4,1,1,3,74,FRANCE,RHONE-ALPES,309,74309,VIRY,VC 0,342937,0,4,VC,0,2,0,0,0,0,1,0,0,,1,10,0,1,0,0
1,1,1,1,1,74,FRANCE,RHONE-ALPES,261,74261,SAXEL,RD 20,342940,0,3,RD,20,2,2,23,500,0,1,4624500,639700,,1,7,0,1,0,0
1,4,1,1,1,74,FRANCE,RHONE-ALPES,173,74173,MEGEVE,VC 0,342948,0,4,VC,0,2,2,0,0,0,1,0,0,,1,7,0,1,0,0
1,1,1,1,3,74,FRANCE,RHONE-ALPES,258,74258,SAMOENS,RD 907,342951,0,3,RD,907,2,2,42,0,0,1,0,0,,1,7,0,1,0,0
1,5,1,1,1,74,FRANCE,RHONE-ALPES,256,74256,SALLANCHES,VC 0,342964,0,4,VC,0,2,2,0,0,0,1,0,0,,1,14,0,1,0,0
1,7,2,1,3,74,FRANCE,RHONE-ALPES,010,74010,ANNECY,DE THONES,342985,0,4,VC,0,2,3,,,0,0,,,,1,7,0,1,0,0
1,7,1,2,6,74,FRANCE,RHONE-ALPES,010,74010,ANNECY,MARIUS VALLIN,343007,0,4,VC,0,2,2,,,0,1,,,,1,7,0,1,0,0
2,6,1,1,3,74,FRANCE,RHONE-ALPES,012,74012,ANNEMASSE,ROUTE DE THONON,343025,0,4,VC,0,2,2,0,1,0,4,,,,1,7,0,1,0,0
1,4,2,1,3,74,FRANCE,RHONE-ALPES,218,74218,PUBLIER,RD 1005,343052,0,3,RD,0,1,1,1,0,0,1,,,,1,7,0,1,0,0
1,5,6,8,3,74,FRANCE,RHONE-ALPES,011,74011,ANNECY-LE-VIEUX,VC 0,343064,5,4,VC,0,1,1,0,0,0,1,0,0,,1,7,0,1,0,0
1,5,3,1,1,74,FRANCE,RHONE-ALPES,242,74242,SAINT-JORIOZ,,343092,,4,VC,,,,,,,1,0,0,,1,7,0,1,0,0
1,1,1,1,1,74,FRANCE,RHONE-ALPES,064,74064,CHATILLON-SUR-CLUSES,RD 6,343101,0,3,RD,6,2,2,14,950,0,1,0,0,,1,14,0,1,0,0
1,1,3,1,3,74,FRANCE,RHONE-ALPES,056,74056,CHAMONIX-MONT-BLANC,,343102,0,4,VC,,2,0,,,0,1,0,0,,1,7,0,1,0,0
1,1,1,1,2,74,FRANCE,RHONE-ALPES,261,74261,SAXEL,RD 20,343166,0,3,RD,20,2,0,22,800,0,1,4624100,639600,,1,,0,1,0,0
3,1,1,1,7,74,FRANCE,RHONE-ALPES,024,74024,AYSE,VC 0,343181,0,4,VC,0,2,2,0,0,0,3,4609200,643700,,1,,0,1,0,0
1,1,1,1,6,74,FRANCE,RHONE-ALPES,104,74104,DOUSSARD,VC 180,343193,0,4,VC,180,2,0,0,0,0,1,0,0,,1,,0,1,0,0
1,1,1,1,1,74,FRANCE,RHONE-ALPES,243,74243,SAINT-JULIEN-EN-GENEVOIS,Parking 0,343196,0,6,Parking,0,0,0,0,0,0,1,0,0,,1,7,0,1,0,0
1,4,3,1,6,74,FRANCE,RHONE-ALPES,043,74043,BONS-EN-CHABLAIS,RD 20,343199,0,3,RD,20,2,2,33,450,0,1,4627300,637000,,1,7,0,1,0,0
1,1,3,1,3,74,FRANCE,RHONE-ALPES,031,74031,BEAUMONT,RD 145,343204,0,3,RD,145,2,2,9,940,0,1,0,0,,1,7,0,1,0,0
1,1,1,1,1,74,FRANCE,RHONE-ALPES,165,74165,MARIGNY-SAINT-MARCEL,RD 240,343208,0,3,RD,240,2,2,0,0,0,0,4584400,597400,,1,10,0,1,0,0
1,7,3,1,6,74,FRANCE,RHONE-ALPES,010,74010,ANNECY,AVENUE DE GENEVE,343224,0,3,RD,2201,2,4,1,890,0,1,,,,1,7,0,1,0,0
1,5,9,1,3,74,FRANCE,RHONE-ALPES,305,74305,VILLE-LA-GRAND,RUE PAUL DOUMER,343231,0,3,RD,0,1,1,0,1,0,1,,,,1,7,0,1,0,0
1,1,1,2,1,74,FRANCE,RHONE-ALPES,310,74310,VIUZ-LA-CHIESAZ,VC 0,343234,0,4,VC,0,2,0,0,0,0,1,0,0,,1,,0,0,0,1
1,1,1,1,2,74,FRANCE,RHONE-ALPES,293,74293,VEIGY-FONCENEX,RD 1005,343258,0,3,RD,1005,2,2,0,280,0,1,0,0,,1,7,0,1,0,0
5,1,8,8,1,74,FRANCE,RHONE-ALPES,256,74256,SALLANCHES,RD 13,343271,4,3,RD,13,2,0,0,165,2,5,0,0,,1,7,0,1,0,0
5,1,6,1,3,74,FRANCE,RHONE-ALPES,010,74010,ANNECY,LOUIS REVON,343287,0,4,VC,0,1,2,,,0,0,,,,1,7,0,1,0,0
1,1,1,1,7,74,FRANCE,RHONE-ALPES,240,74240,SAINT-JEAN-DE-THOLOME,RD 20,343304,0,3,RD,20,2,1,5,200,0,3,0,0,,1,,0,1,0,0
1,5,1,1,3,74,FRANCE,RHONE-ALPES,042,74042,BONNEVILLE,RD 1203,343309,0,3,RD,1203,2,2,32,970,0,4,4607700,639600,,1,7,0,1,0,0
1,6,6,1,3,74,FRANCE,RHONE-ALPES,012,74012,ANNEMASSE,RUE DE GENEVE ,343320,0,3,RD,1205,1,2,1,730,,1,,,,1,7,0,1,0,0
1,5,3,1,3,74,FRANCE,RHONE-ALPES,133,74133,GAILLARD,RUE DU PARADIS,343342,0,4,VC,,2,2,,,0,1,,,,1,10,0,1,0,0
1,1,1,1,1,74,FRANCE,RHONE-ALPES,234,74234,SAINT-FERREOL,RD 12,343348,0,3,RD,12,2,2,12,30,0,1,0,0,,1,7,0,1,0,0
1,1,1,1,7,74,FRANCE,RHONE-ALPES,045,74045,BOUCHET (LE),RD 162,343349,0,3,RD,162,2,2,5,600,0,1,0,0,,1,,0,1,0,0
1,1,1,1,1,74,FRANCE,RHONE-ALPES,236,74236,SAINT-GERVAIS-LES-BAINS,RD 909,343357,0,3,RD,909,2,2,44,420,0,1,4589600,668900,,1,7,0,1,0,0
1,1,1,1,3,74,FRANCE,RHONE-ALPES,025,74025,BALLAISON,RD 1,343373,0,3,RD,1,2,0,8,500,0,1,4630500,637900,,1,7,0,1,0,0
1,3,1,1,3,74,FRANCE,RHONE-ALPES,253,74253,SAINT-SIXT,VC 0,343376,0,4,VC,0,0,0,0,0,0,1,0,0,,1,2,0,1,0,0
1,1,1,1,1,74,FRANCE,RHONE-ALPES,275,74275,TALLOIRES,RD 42,343377,0,3,RD,42,2,2,0,830,0,1,0,0,,1,7,0,1,0,0
3,1,1,1,1,74,FRANCE,RHONE-ALPES,208,74208,PASSY,RD 43,343390,0,3,RD,43,2,0,12,200,0,1,0,0,,1,7,0,1,0,0
1,6,1,7,2,74,FRANCE,RHONE-ALPES,012,74012,ANNEMASSE,RUE JEAN MERMOZ,343393,0,3,RD,159,3,0,0,460,0,1,,,,1,7,0,1,0,0
1,1,1,1,3,74,FRANCE,RHONE-ALPES,268,74268,SEYNOD,RD 1201,343405,0,3,RD,1201,2,2,0,0,0,1,4586100,606500,,1,7,0,1,0,0
1,1,1,1,1,74,FRANCE,RHONE-ALPES,295,74295,VERNAZ (LA),RD 902,343408,0,3,RD,902,2,2,15,0,0,1,4631900,660600,,1,33,0,1,0,0
1,1,1,1,1,74,FRANCE,RHONE-ALPES,163,74163,MARGENCEL,RN 5,343412,0,2,RN,5,1,1,14,800,0,1,4634900,641800,,1,7,0,1,0,0
1,1,1,1,6,74,FRANCE,RHONE-ALPES,249,74249,SAINT-PAUL-EN-CHABLAIS,VC 0,343420,0,4,VC,0,0,0,0,0,0,1,0,0,,1,,0,1,0,0
1,3,1,1,1,74,FRANCE,RHONE-ALPES,215,74215,PRAZ-SUR-ARLY,ROUTE DES BELLES,343426,0,4,VC,0,2,0,0,0,0,1,0,0,,1,7,0,1,0,0
3,1,1,1,2,74,FRANCE,RHONE-ALPES,104,74104,DOUSSARD,RD 1508,343431,2,3,RD,1508,2,2,60,900,0,1,0,0,,1,7,0,1,0,0
1,1,1,1,6,74,FRANCE,RHONE-ALPES,275,74275,TALLOIRES,RD 42,343432,2,3,RD,42,2,2,10,52,0,1,0,0,,1,,0,1,0,0
1,1,1,1,3,74,FRANCE,RHONE-ALPES,001,74001,ABONDANCE,RD 22,343433,0,3,RD,22,2,2,41,900,0,1,0,0,,1,10,0,1,0,0
1,7,3,1,6,74,FRANCE,RHONE-ALPES,010,74010,ANNECY,CHEMIN DES TETS,343435,0,4,VC,0,2,2,,,0,0,,,,1,7,0,1,0,0
1,1,1,1,7,74,FRANCE,RHONE-ALPES,108,74108,DUINGT,Autre 0,343477,1,9,Autre,0,2,0,0,0,1,5,0,0,,1,,0,1,0,0
1,5,2,1,1,74,FRANCE,RHONE-ALPES,242,74242,SAINT-JORIOZ,VC 1,343512,0,4,VC,1,0,0,,,1,5,0,0,,1,7,0,1,0,0
1,1,1,1,3,74,FRANCE,RHONE-ALPES,255,74255,SALES,RD 3,343513,0,3,RD,3,2,2,15,480,0,1,0,0,,1,10,0,1,0,0
1,5,1,1,1,74,FRANCE,RHONE-ALPES,042,74042,BONNEVILLE,RD 27,343532,0,3,RD,27,2,2,34,740,0,1,4606500,639700,,1,7,0,1,0,0
1,5,1,1,3,74,FRANCE,RHONE-ALPES,042,74042,BONNEVILLE,,343533,0,4,VC,,2,0,,,0,1,0,0,,1,7,0,1,0,0
1,1,1,1,6,74,FRANCE,RHONE-ALPES,236,74236,SAINT-GERVAIS-LES-BAINS,,343540,0,4,VC,,2,2,,,0,1,0,0,,1,,0,1,0,0
1,5,3,1,3,74,FRANCE,RHONE-ALPES,236,74236,SAINT-GERVAIS-LES-BAINS,RD 902,343542,0,3,RD,902,2,0,0,120,0,1,0,0,,1,7,0,1,0,0
1,5,1,1,2,74,FRANCE,RHONE-ALPES,250,74250,SAINT-PIERRE-EN-FAUCIGNY,RD 1203,343553,0,3,RD,1203,2,2,32,400,0,1,0,0,,1,7,0,1,0,0
1,1,1,1,7,74,FRANCE,RHONE-ALPES,185,74185,MONNETIER-MORNEX,RD 41,343566,0,3,RD,41,2,0,25,500,0,1,0,0,,1,,0,1,0,0
1,1,4,1,1,74,FRANCE,RHONE-ALPES,220,74220,REIGNIER,route de MARSINGE,343571,0,4,VC,,2,2,,,0,1,0,0,,1,7,0,1,0,0
2,1,1,8,1,74,FRANCE,RHONE-ALPES,063,74063,CHATEL,RD 228,343588,0,3,RD,228,2,2,4,800,0,1,4623400,679300,,1,7,0,1,0,0
1,1,1,7,1,74,FRANCE,RHONE-ALPES,188,74188,MONTRIOND,RD 228,343617,0,3,RD,228,2,2,3,50,0,1,0,0,,1,7,0,1,0,0
1,1,1,1,6,74,FRANCE,RHONE-ALPES,191,74191,MORZINE,RD 338,343618,0,3,RD,338,2,2,3,700,0,1,4618800,671300,,1,7,0,1,0,0
1,5,1,1,1,74,FRANCE,RHONE-ALPES,264,74264,SCIONZIER,,343626,6,4,VC,,2,0,,,0,1,0,0,,1,7,0,1,0,0
1,1,1,1,1,74,FRANCE,RHONE-ALPES,014,74014,ARACHES-LA-FRASSE,RD 6,343629,0,3,RD,6,2,0,3,200,0,1,0,0,,1,7,0,1,0,0
1,5,6,1,1,74,FRANCE,RHONE-ALPES,268,74268,SEYNOD,,343636,0,4,VC,,0,0,,,0,5,4589000,610000,,1,7,0,1,0,0
1,5,1,1,3,74,FRANCE,RHONE-ALPES,164,74164,MARIGNIER,RD 26,343648,0,3,RD,26,3,2,44,500,0,1,0,0,,1,7,0,1,0,0
1,7,3,1,6,74,FRANCE,RHONE-ALPES,010,74010,ANNECY,PLAINE / ANEMONES,343660,0,4,VC,,2,3,,,2,1,,,,1,7,0,1,0,0
1,7,6,1,6,74,FRANCE,RHONE-ALPES,010,74010,ANNECY,AVENUE DE LA PLAINE,343665,0,4,VC,,3,0,,,2,1,,,,1,13,0,1,0,0
1,7,6,1,6,74,FRANCE,RHONE-ALPES,010,74010,ANNECY,ROUTE DES VIGNIERES,343667,0,4,VC,,3,0,,,0,1,,,,1,7,0,1,0,0