lum,agg,int,atm,col,dep_bis,pays,region,com_bis,com_codeINSEE,communes,N_voie,numac,infra,catr,type_route,voie,circ,nbv,pr,pr1,vosp,situ,lat,long,adr,accident_velo,vehicule_imp,cycl_mort,cycl_bgv,cycl_blg,cycl_indm
1,7,6,1,6,74,FRANCE,RHONE-ALPES,010,74010,ANNECY,BOULEVARD DU LYCEE,343668,0,4,VC,,3,0,,,0,1,,,,1,7,0,1,0,0
1,6,6,1,2,74,FRANCE,RHONE-ALPES,012,74012,ANNEMASSE,AVENUE FLORISSANT,343686,5,3,RD,0,1,2,0,1,0,1,,,,1,7,0,1,0,0
1,4,1,1,3,74,FRANCE,RHONE-ALPES,218,74218,PUBLIER,AVENUE DE THONON,343702,0,3,RD,1005,0,0,25,720,0,1,,,,1,7,0,1,0,0
5,9,2,1,3,75,FRANCE,ILE-DE-FRANCE,007,75007,PARIS,PLACE INVALIDES ,343718,0,4,VC,,1,2,1009,0,0,1,,,,1,7,0,1,0,0
5,9,1,1,6,75,FRANCE,ILE-DE-FRANCE,012,75012,PARIS,RUE CHARENTON ,343729,0,4,VC,,1,1,2009,146,0,1,,,,1,7,0,1,0,0
5,9,2,1,3,75,FRANCE,ILE-DE-FRANCE,014,75014,PARIS,BOULEVARD MONTPARNASSE ,343746,0,4,VC,,2,4,1009,0,3,1,,,,1,18,0,1,0,0
5,9,3,1,3,75,FRANCE,ILE-DE-FRANCE,005,75005,PARIS,PLACE SAINT MICHEL,343759,0,4,VC,,1,3,1009,0,0,1,,,,1,7,0,1,0,0
1,9,1,2,6,75,FRANCE,ILE-DE-FRANCE,015,75015,PARIS,BOULEVARD GRENELLE ,343808,0,4,VC,,2,4,2009,7,1,1,,,,1,,0,0,0,1
1,9,3,1,3,75,FRANCE,ILE-DE-FRANCE,012,75012,PARIS,AVENUE BEL AIR ,343810,0,4,VC,,2,2,1009,0,0,1,,,,1,7,0,1,0,0
5,9,3,2,6,75,FRANCE,ILE-DE-FRANCE,005,75005,PARIS,BOULEVARD SAINT MICHEL,343813,0,4,VC,,2,4,1009,0,3,1,,,,1,,0,0,0,1
1,9,4,2,3,75,FRANCE,ILE-DE-FRANCE,019,75019,PARIS,RUE DAVID D'ANGERS,343837,0,4,VC,,2,2,1009,0,0,1,,,,1,7,0,1,0,0
1,9,2,1,3,75,FRANCE,ILE-DE-FRANCE,012,75012,PARIS,AVENUE MINIMES ,343863,0,4,VC,,2,2,1009,0,0,1,,,,1,7,0,1,0,0
1,9,1,1,6,75,FRANCE,ILE-DE-FRANCE,017,75017,PARIS,AVENUE MAC MAHON ,343865,0,4,VC,,2,2,2009,24,0,1,,,,1,,0,1,0,0
5,9,1,1,3,75,FRANCE,ILE-DE-FRANCE,011,75011,PARIS,AVENUE PARMENTIER,343930,0,4,VC,,2,2,2009,92,0,1,,,,1,5,0,1,0,0
1,9,2,1,3,75,FRANCE,ILE-DE-FRANCE,020,75020,PARIS,RUE BELGRAND ,343952,0,4,VC,,2,2,1009,0,0,1,,,,1,18,0,1,0,0
1,9,1,1,3,75,FRANCE,ILE-DE-FRANCE,011,75011,PARIS,RUE CHARONNE ,343955,0,4,VC,,2,2,2009,102,0,1,,,,1,5,0,1,0,0
1,9,2,1,3,75,FRANCE,ILE-DE-FRANCE,010,75010,PARIS,RUE FAUBOURG SAINT MARTIN ,343965,0,4,VC,,1,1,1009,0,0,1,,,,1,7,0,1,0,0
1,9,1,1,6,75,FRANCE,ILE-DE-FRANCE,006,75006,PARIS,CONTI QUAI,343980,0,4,VC,,1,3,2101,11,3,1,,,,1,,0,0,0,1
1,9,3,2,6,75,FRANCE,ILE-DE-FRANCE,005,75005,PARIS,RUE BERNARDINS ,343989,0,4,VC,,1,1,1009,0,0,1,,,,1,,0,0,0,1
1,9,2,1,6,75,FRANCE,ILE-DE-FRANCE,015,75015,PARIS,RUE LECOURBE,343993,0,4,VC,,1,2,1803,0,0,1,,,,1,,0,1,0,0
1,9,3,1,3,75,FRANCE,ILE-DE-FRANCE,016,75016,PARIS,BOULOGNE A PASSY ROUTE,343995,0,4,VC,,2,2,1009,0,0,1,,,,1,5,0,1,0,0
1,9,1,1,7,75,FRANCE,ILE-DE-FRANCE,001,75001,PARIS,TUILERIES QUAI,344001,0,4,VC,,1,3,2101,8,3,1,,,,1,,0,1,0,0
1,9,1,1,3,75,FRANCE,ILE-DE-FRANCE,011,75011,PARIS,RUE MONTREUIL ,344014,0,4,VC,,1,1,2009,54,0,1,,,,1,10,0,1,0,0
1,9,3,1,6,75,FRANCE,ILE-DE-FRANCE,008,75008,PARIS,BOULEVARD COURCELLES ,344037,0,4,VC,,1,3,1009,0,0,1,,,,1,,0,1,0,0
1,9,2,1,3,75,FRANCE,ILE-DE-FRANCE,007,75007,PARIS,PLACE PALAIS BOURBON ,344062,0,4,VC,,2,2,1009,0,0,1,,,,1,7,0,1,0,0
1,9,3,1,3,75,FRANCE,ILE-DE-FRANCE,012,75012,PARIS,CEINTURE DU LAC DAUMESNIL ROUTE,344071,0,4,VC,,2,4,1009,0,0,1,,,,1,2,0,1,0,0
1,9,3,1,3,75,FRANCE,ILE-DE-FRANCE,015,75015,PARIS,PLACE CAMBRONNE ,344083,0,4,VC,,1,4,1009,0,0,1,,,,1,14,0,1,0,0
1,9,4,1,3,75,FRANCE,ILE-DE-FRANCE,010,75010,PARIS,RUE AQUEDUC ,344088,0,4,VC,,1,2,9,0,0,1,,,,1,7,0,1,0,0
1,9,2,8,3,75,FRANCE,ILE-DE-FRANCE,011,75011,PARIS,RUE CHARONNE ,344097,0,4,VC,,2,2,1009,0,0,1,,,,1,10,0,1,0,0
5,9,4,1,7,75,FRANCE,ILE-DE-FRANCE,017,75017,PARIS,RUE EPINETTES ,344099,0,4,VC,,1,1,1009,0,0,1,,,,1,,0,1,0,0
1,9,2,1,3,75,FRANCE,ILE-DE-FRANCE,008,75008,PARIS,REINE CRS,344100,0,4,VC,,3,2,1009,0,0,1,,,,1,14,0,1,0,0
1,9,1,1,6,75,FRANCE,ILE-DE-FRANCE,010,75010,PARIS,RUE PETITES ECURIES ,344104,0,4,VC,,1,2,2009,26,1,1,,,,1,,0,0,0,1
1,9,2,1,3,75,FRANCE,ILE-DE-FRANCE,011,75011,PARIS,RUE JEAN PIERRE TIMBAUD,344113,0,4,VC,,2,2,1009,0,0,1,,,,1,7,0,1,0,0
1,9,3,1,6,75,FRANCE,ILE-DE-FRANCE,011,75011,PARIS,BOULEVARD RICHARD LENOIR,344128,0,4,VC,,3,2,1009,0,1,1,,,,1,7,0,1,0,0
1,9,1,1,6,75,FRANCE,ILE-DE-FRANCE,013,75013,PARIS,AVENUE FRANCE,344131,0,4,VC,,2,4,2009,0,0,1,,,,1,,0,0,0,1
1,9,1,1,3,75,FRANCE,ILE-DE-FRANCE,016,75016,PARIS,SAINT EXUPERY QUAI,344135,0,4,VC,,1,2,2009,12,0,1,,,,1,7,0,1,0,0
1,9,1,1,6,75,FRANCE,ILE-DE-FRANCE,019,75019,PARIS,RUE PETIT,344139,0,4,VC,,1,1,2009,94,0,1,,,,1,10,0,1,0,0
1,9,1,1,7,75,FRANCE,ILE-DE-FRANCE,016,75016,PARIS,TRIBUNES ROUTE,344165,0,4,VC,,2,4,2009,0,0,1,,,,1,,0,1,0,0
1,9,1,1,3,75,FRANCE,ILE-DE-FRANCE,015,75015,PARIS,BOULEVARD GENERAL MARTIAL VALIN ,344166,0,4,VC,,2,4,2403,4,0,1,,,,1,7,0,1,0,0
1,9,3,1,6,75,FRANCE,ILE-DE-FRANCE,013,75013,PARIS,RUE NATIONALE,344171,0,4,VC,,1,1,1001,0,0,1,,,,1,,0,0,0,1
1,9,1,1,3,75,FRANCE,ILE-DE-FRANCE,018,75018,PARIS,RUE STEPHENSON,344201,0,4,VC,,2,2,2009,56,0,1,,,,1,7,0,1,0,0
1,9,1,1,6,75,FRANCE,ILE-DE-FRANCE,012,75012,PARIS,BOULEVARD BASTILLE ,344208,0,4,VC,,1,1,2009,0,1,1,,,,1,,0,0,0,1
1,9,1,2,7,75,FRANCE,ILE-DE-FRANCE,015,75015,PARIS,BOULEVARD VICTOR,344222,0,4,VC,,2,4,2403,8,1,1,,,,1,,0,1,0,0
1,9,3,1,6,75,FRANCE,ILE-DE-FRANCE,011,75011,PARIS,RUE DU FAUBOURG DU TEMPLE,344226,0,4,VC,,1,1,1009,0,0,1,,,,1,,0,0,0,1
5,9,1,1,6,75,FRANCE,ILE-DE-FRANCE,013,75013,PARIS,BOULEVARD ARAGO,344247,0,4,VC,,2,4,2009,52,0,1,,,,1,,0,1,0,0
1,9,1,1,6,75,FRANCE,ILE-DE-FRANCE,020,75020,PARIS,RUE BELGRAND ,344257,0,4,VC,,2,2,2009,70,0,1,,,,1,14,0,1,0,0
1,9,1,2,3,75,FRANCE,ILE-DE-FRANCE,005,75005,PARIS,RUE FOSSES SAINT BERNARD ,344267,0,4,VC,,2,2,2009,34,0,1,,,,1,18,0,1,0,0
5,9,2,1,6,75,FRANCE,ILE-DE-FRANCE,017,75017,PARIS,AVENUE VILLIERS ,344333,0,4,VC,,2,4,1009,0,0,1,,,,1,,0,0,0,1
1,9,3,1,3,75,FRANCE,ILE-DE-FRANCE,003,75003,PARIS,RUE OURS ,344348,0,4,VC,,2,4,1001,0,0,1,,,,1,14,0,1,0,0
1,9,1,1,6,75,FRANCE,ILE-DE-FRANCE,012,75012,PARIS,ROUTE DAUPHINE,344368,0,4,VC,,1,2,2009,0,1,1,,,,1,,0,1,0,0
1,9,3,1,3,75,FRANCE,ILE-DE-FRANCE,012,75012,PARIS,BERCY QUAI,344411,0,4,VC,,2,4,1009,0,0,1,,,,1,14,0,1,0,0
1,9,1,1,7,75,FRANCE,ILE-DE-FRANCE,012,75012,PARIS,AVENUE FONTENAY ,344427,0,4,VC,,1,2,2009,0,0,1,,,,1,,0,1,0,0
1,9,1,1,7,75,FRANCE,ILE-DE-FRANCE,007,75007,PARIS,AVENUE LA MOTTE PICQUET ,344431,0,4,VC,,2,3,2009,2,0,1,,,,1,,0,1,0,1
1,9,1,1,4,75,FRANCE,ILE-DE-FRANCE,020,75020,PARIS,BOULEVARD MORTIER,344447,0,4,VC,,2,4,2401,38,3,1,,,,1,7,0,1,0,0
1,9,1,2,7,75,FRANCE,ILE-DE-FRANCE,008,75008,PARIS,RUE CHRISTOPHE COLOMB ,344467,0,4,VC,,2,2,2009,6,0,1,,,,1,,0,1,0,0
1,9,2,1,3,75,FRANCE,ILE-DE-FRANCE,020,75020,PARIS,RUE JULIEN LACROIX,344489,0,4,VC,,1,2,1009,0,0,1,,,,1,4,0,1,0,0
1,9,2,1,3,75,FRANCE,ILE-DE-FRANCE,012,75012,PARIS,BOURDON ROUTE,344490,0,4,VC,,2,2,1009,0,0,1,,,,1,,0,1,0,0
1,9,1,8,6,75,FRANCE,ILE-DE-FRANCE,105,75105,PARIS,RUE HENRI BARBUSSE,344518,0,4,VC,0,1,1,,,0,1,,,,1,,0,1,0,0
5,9,1,2,7,75,FRANCE,ILE-DE-FRANCE,115,75115,PARIS,RUE DE JAVEL,344533,0,4,VC,0,1,1,,,0,1,,,,1,,0,1,0,0
1,9,1,1,6,75,FRANCE,ILE-DE-FRANCE,117,75117,PARIS,BOULEVARD PEREIRE,344541,0,4,VC,0,1,1,,,0,1,,,,1,7,0,1,0,0
5,9,7,1,3,75,FRANCE,ILE-DE-FRANCE,103,75103,PARIS,PLACE DE LA REPUBLIQUE,344570,0,4,VC,0,0,2,,,0,0,,,,1,38,0,1,0,0
1,9,1,1,6,75,FRANCE,ILE-DE-FRANCE,116,75116,PARIS,AVENUE VICTOR HUGO,344588,0,4,VC,0,2,0,,,0,1,,,,1,,0,1,0,0
1,9,1,1,3,75,FRANCE,ILE-DE-FRANCE,118,75118,PARIS,BOULEVARD NEY,344594,0,2,RN,0,2,3,,,3,1,,,,1,7,0,1,0,0
1,9,1,1,7,75,FRANCE,ILE-DE-FRANCE,118,75118,PARIS,BOULEVARD NEY,344596,2,9,Autre,0,0,4,,,3,1,,,,1,,0,1,0,0
5,9,1,1,7,75,FRANCE,ILE-DE-FRANCE,120,75120,PARIS,RUE DE MENILMONTANT,344601,0,4,VC,0,2,0,,,0,1,,,,1,,0,1,0,0
1,9,1,8,7,75,FRANCE,ILE-DE-FRANCE,112,75112,PARIS,CARREFOUR DE PYRAMIDE,344625,0,4,VC,0,0,1,,,1,5,,,,1,,0,1,0,0
1,9,6,8,2,75,FRANCE,ILE-DE-FRANCE,120,75120,PARIS,PORTE DE BAGNOLET,344638,5,4,VC,0,1,4,,,0,1,,,,1,7,0,1,0,0
5,9,5,3,3,75,FRANCE,ILE-DE-FRANCE,110,75110,PARIS,BOULEVARD DE MAGENTA,344641,5,4,VC,0,2,4,,,1,1,,,,1,14,0,1,0,0
1,9,1,2,3,75,FRANCE,ILE-DE-FRANCE,105,75105,PARIS,RUE GAY LUSSAC,344658,0,4,VC,0,2,4,,,3,1,,,,1,7,0,1,0,0
1,9,1,1,3,75,FRANCE,ILE-DE-FRANCE,106,75106,PARIS,QUAI DE CONTI,344659,0,2,RN,0,1,2,,,3,1,,,,1,38,0,1,0,0
1,9,1,1,7,75,FRANCE,ILE-DE-FRANCE,112,75112,PARIS,QUAI DE LA RAPEE,344668,2,4,VC,0,1,4,,,0,1,,,,1,,0,1,0,0
1,9,1,1,6,75,FRANCE,ILE-DE-FRANCE,114,75114,PARIS,AVENUE RENE COTY,344675,0,4,VC,0,3,1,,,0,1,,,,1,37,0,1,0,0
5,9,2,1,3,75,FRANCE,ILE-DE-FRANCE,103,75103,PARIS,RUE DE BRETAGNE ,344684,5,4,VC,0,2,2,,,0,1,,,,1,32,0,1,0,1
1,9,1,1,4,75,FRANCE,ILE-DE-FRANCE,116,75116,PARIS,ROUTE DE SEVRES A NEUILLY,344686,0,9,Autre,0,3,1,1,0,2,5,,,,1,,0,1,0,0
1,9,2,1,6,75,FRANCE,ILE-DE-FRANCE,107,75107,PARIS,RUE DU BAC,344709,0,4,VC,0,2,0,,,0,1,,,,1,2,0,0,0,1
5,9,1,1,6,75,FRANCE,ILE-DE-FRANCE,111,75111,PARIS,RUE DE BELFORT,344748,0,4,VC,0,1,1,,,0,1,,,,1,,0,0,0,1
5,9,1,1,6,75,FRANCE,ILE-DE-FRANCE,103,75103,PARIS,RUE DE TURBIGO,344754,0,4,VC,0,1,2,,,1,3,,,,1,,0,1,0,0
5,9,2,1,2,75,FRANCE,ILE-DE-FRANCE,108,75108,PARIS,PLACE DE L'ALMA,344768,0,4,VC,0,1,1,,,0,1,,,,1,7,0,1,0,0
1,9,1,1,6,75,FRANCE,ILE-DE-FRANCE,111,75111,PARIS,RUE SAINT MAUR,344776,0,4,VC,0,1,1,,,0,1,,,,1,10,0,1,0,0
2,9,1,1,7,75,FRANCE,ILE-DE-FRANCE,112,75112,PARIS,ROUTE ROYALE DE BEAUTE,344777,0,4,VC,0,1,2,,,3,5,,,,1,,0,1,0,0
3,9,1,2,6,75,FRANCE,ILE-DE-FRANCE,112,75112,PARIS,PORT DE LA RAPEE,344780,0,4,VC,0,0,0,,,3,1,,,,1,,0,1,0,0
5,9,1,8,6,75,FRANCE,ILE-DE-FRANCE,104,75104,PARIS,BOULEVARD BEAUMARCHAIS,344829,0,4,VC,0,3,6,,,3,1,,,,1,,0,0,0,1
1,9,1,1,3,75,FRANCE,ILE-DE-FRANCE,109,75109,PARIS,RUE LA BRUYERE,344838,0,9,Autre,0,1,1,,,0,1,,,,1,7,0,1,0,0
5,9,1,1,6,75,FRANCE,ILE-DE-FRANCE,112,75112,PARIS,BOULEVARD SOULT,344846,0,4,VC,0,0,1,,,2,5,,,,1,,0,0,0,1
1,9,1,1,2,75,FRANCE,ILE-DE-FRANCE,118,75118,PARIS,RUE RIQUET,344863,2,4,VC,0,1,2,,,1,1,,,,1,7,0,1,0,0
5,9,1,1,6,75,FRANCE,ILE-DE-FRANCE,118,75118,PARIS,RUE DE LA CHAPELLE,344907,6,4,VC,0,3,2,,,0,1,,,,1,,0,0,0,1
5,9,1,1,6,75,FRANCE,ILE-DE-FRANCE,106,75106,PARIS,RUE DE RENNES,344910,0,4,VC,0,2,4,0,10,0,1,,,,1,,0,1,0,0
5,9,2,1,3,75,FRANCE,ILE-DE-FRANCE,115,75115,PARIS,RUE DE JAVEL,344934,0,4,VC,0,1,1,,,0,1,,,,1,31,0,1,0,0
5,9,1,1,3,75,FRANCE,ILE-DE-FRANCE,119,75119,PARIS,RUE DE TANGER,344945,0,4,VC,0,1,1,,,0,1,,,,1,7,0,1,0,0
5,9,1,1,7,75,FRANCE,ILE-DE-FRANCE,120,75120,PARIS,RUE ELISA BOREY,344948,0,3,RD,0,1,1,,,0,1,,,,1,,0,1,0,0
1,9,1,1,3,75,FRANCE,ILE-DE-FRANCE,104,75104,PARIS,RUE DE L'HOTEL DE VILLE,344953,0,4,VC,0,1,1,,,0,1,,,,1,10,0,1,0,0
1,9,1,1,7,75,FRANCE,ILE-DE-FRANCE,106,75106,PARIS,RUE DES BEAUX ARTS,344959,0,4,VC,0,1,1,,,0,1,,,,1,,0,1,0,0
5,9,1,2,3,75,FRANCE,ILE-DE-FRANCE,105,75105,PARIS,RUE DES ECOLES,344966,0,4,VC,0,2,2,,,3,1,,,,1,7,0,1,0,0
1,9,2,1,3,75,FRANCE,ILE-DE-FRANCE,106,75106,PARIS,RUE SAINT PLACIDE,344967,0,4,VC,0,2,2,,,0,0,,,,1,37,0,1,0,0
1,9,1,1,6,75,FRANCE,ILE-DE-FRANCE,106,75106,PARIS,PLACE JUSTIN GODART,344968,0,4,VC,0,0,0,,,1,5,,,,1,,0,0,0,1
5,9,1,2,6,75,FRANCE,ILE-DE-FRANCE,115,75115,PARIS,BOULEVARD GARIBALDI,344986,0,5,Hors_reseau,0,1,1,,,1,5,,,,1,,0,1,0,0
1,9,1,1,2,75,FRANCE,ILE-DE-FRANCE,116,75116,PARIS,PLACE DU MARECHAL DE LATTRE DE TASSIGNY,344994,0,4,VC,0,0,0,,,0,1,,,,1,7,0,1,0,0
1,9,1,1,7,75,FRANCE,ILE-DE-FRANCE,113,75113,PARIS,BOULEVARD SAINT MARCEL,345058,0,4,VC,0,2,2,,,3,5,,,,1,,0,1,0,0
1,9,4,8,7,75,FRANCE,ILE-DE-FRANCE,104,75104,PARIS,RUE DE LA COUTELLERIE,345065,0,4,VC,0,1,3,,,0,0,,,,1,,0,1,0,0
1,9,1,1,6,75,FRANCE,ILE-DE-FRANCE,116,75116,PARIS,VC 0,345106,0,4,VC,0,1,3,,,1,5,,,,1,,0,1,0,0
1,9,1,1,6,75,FRANCE,ILE-DE-FRANCE,102,75102,PARIS,RUE ETIENNE MARCEL,345118,0,4,VC,0,2,3,,,3,1,,,,1,10,0,1,0,0
2,9,1,1,7,75,FRANCE,ILE-DE-FRANCE,116,75116,PARIS,ROUTE DES TRIBUNES,345166,0,4,VC,0,1,1,,,1,1,,,,1,,0,1,0,0
1,9,2,1,6,75,FRANCE,ILE-DE-FRANCE,111,75111,PARIS,BOULEVARD RICHARD LENOIR,345216,0,4,VC,0,3,0,,,0,1,,,,1,,0,0,0,1
3,9,1,1,3,75,FRANCE,ILE-DE-FRANCE,113,75113,PARIS,BOULEVARD SAINT MARCEL,345222,0,4,VC,0,2,1,,,3,5,,,,1,7,0,1,0,0
1,9,1,1,3,75,FRANCE,ILE-DE-FRANCE,120,75120,PARIS,AVENUE DU PROFESSEUR ANDRE LEMIERE,345233,0,4,VC,0,2,2,,,0,1,,,,1,7,0,1,0,0
1,9,1,1,6,75,FRANCE,ILE-DE-FRANCE,117,75117,PARIS,AVENUE DE WAGRAM,345239,0,4,VC,0,2,2,45,0,0,1,,,,1,14,0,1,0,0
1,9,1,2,6,75,FRANCE,ILE-DE-FRANCE,119,75119,PARIS,QUAI DE LA LOIRE,345261,0,4,VC,0,1,1,,,1,5,,,,1,,,,,
1,9,2,1,2,75,FRANCE,ILE-DE-FRANCE,117,75117,PARIS,AVENUE DE VILLIERS,345284,0,4,VC,0,1,1,,,0,1,,,,1,7,0,1,0,0
1,9,1,1,7,75,FRANCE,ILE-DE-FRANCE,105,75105,PARIS,RUE MONGE,345292,0,4,VC,0,2,2,,,0,1,,,,1,,0,1,0,0
5,9,4,1,3,75,FRANCE,ILE-DE-FRANCE,112,75112,PARIS,RUE DUBRUNFAUT,345294,0,4,VC,0,2,4,,,0,1,,,,1,7,0,1,0,0
1,9,3,1,3,75,FRANCE,ILE-DE-FRANCE,111,75111,PARIS,RUE SAINT SEBASTIEN,345300,0,4,VC,0,1,1,,,0,0,,,,1,7,0,1,0,0
5,9,1,1,2,75,FRANCE,ILE-DE-FRANCE,114,75114,PARIS,BOULEVARD JOURDAN,345307,0,4,VC,0,1,2,,,0,1,,,,1,7,0,1,0,0
1,9,2,1,6,75,FRANCE,ILE-DE-FRANCE,112,75112,PARIS,ROUTE DE BOURDON,345331,0,4,VC,0,3,2,,,0,5,,,,1,,0,0,0,1
1,9,1,1,3,75,FRANCE,ILE-DE-FRANCE,120,75120,PARIS,AVENUE GAMBETTA,345333,0,4,VC,0,2,3,,,0,1,,,,1,10,0,1,0,0
2,9,1,1,2,75,FRANCE,ILE-DE-FRANCE,113,75113,PARIS,BOULEVARD DE L'HOPITAL,345340,0,4,VC,0,2,2,,,0,1,,,,1,7,0,1,0,0
3,9,1,1,6,75,FRANCE,ILE-DE-FRANCE,111,75111,PARIS,RUE SAINT MAUR,345375,0,4,VC,0,1,1,,,0,1,,,,1,7,0,1,0,0
5,9,2,1,7,75,FRANCE,ILE-DE-FRANCE,113,75113,PARIS,QUAI PANHART ET LEVASSOR,345382,0,4,VC,0,0,0,,,0,0,,,,1,,0,1,0,0
1,9,1,1,3,75,FRANCE,ILE-DE-FRANCE,115,75115,PARIS,QUAI D'ISSY LES MOULINEAUX,345482,0,4,VC,0,1,1,,,0,1,,,,1,7,0,1,0,0
1,9,1,1,6,75,FRANCE,ILE-DE-FRANCE,110,75110,PARIS,BOULEVARD DE STRASBOURG,345492,0,4,VC,0,1,3,,,0,1,,,,1,13,0,1,0,0
2,9,1,1,3,75,FRANCE,ILE-DE-FRANCE,117,75117,PARIS,RUE GUY MOQUET,345502,0,4,VC,0,2,0,,,0,1,,,,1,7,0,1,0,0
5,9,2,1,3,75,FRANCE,ILE-DE-FRANCE,111,75111,PARIS,AVENUE DE TAILLEBOURG,345505,0,4,VC,0,2,2,,,0,1,,,,1,7,0,1,0,0
1,9,1,9,3,75,FRANCE,ILE-DE-FRANCE,114,75114,PARIS,PLACE DES CINQ MARTYRS DU LYCEE BUFFON,345563,0,4,VC,0,1,2,,,1,1,,,,1,31,0,1,0,0
1,9,2,1,3,75,FRANCE,ILE-DE-FRANCE,109,75109,PARIS,RUE DE DUNKERQUE,345568,0,4,VC,0,1,2,,,0,1,,,,1,7,0,1,0,0
2,9,5,1,3,75,FRANCE,ILE-DE-FRANCE,108,75108,PARIS,PLACE DE L'EUROPE,345649,0,4,VC,0,1,3,,,0,1,,,,1,7,0,1,0,0
5,9,1,1,6,75,FRANCE,ILE-DE-FRANCE,120,75120,PARIS,RUE DES PYRENEES,345650,0,4,VC,0,2,2,,,0,1,,,,1,,0,1,0,0
1,9,2,2,3,75,FRANCE,ILE-DE-FRANCE,119,75119,PARIS,RUE ADOLPHE MILLE,345654,0,4,VC,0,2,2,,,0,5,,,,1,14,0,1,0,0
1,9,2,1,2,75,FRANCE,ILE-DE-FRANCE,104,75104,PARIS,RUE SAINT MARTIN,345672,0,4,VC,0,1,3,,,1,1,,,,1,7,0,1,0,0
5,9,1,1,6,75,FRANCE,ILE-DE-FRANCE,101,75101,PARIS,QUAI DU LOUVRE,345690,2,4,VC,0,2,5,,,3,1,,,,1,33,0,1,0,0
1,9,1,1,3,75,FRANCE,ILE-DE-FRANCE,111,75111,PARIS,RUE DU FAUBOURG SAINT ANTOINE,345692,0,4,VC,0,2,1,,,0,1,,,,1,33,0,1,0,0
1,9,1,1,3,75,FRANCE,ILE-DE-FRANCE,109,75109,PARIS,RUE DE CAUMARTIN,345711,0,4,VC,0,1,1,,,0,1,,,,1,7,0,1,0,0
1,9,1,1,3,75,FRANCE,ILE-DE-FRANCE,105,75105,PARIS,BOULEVARD DE PORT ROYAL,345713,0,4,VC,0,2,1,,,0,1,,,,1,32,0,1,0,0
1,9,1,1,7,75,FRANCE,ILE-DE-FRANCE,115,75115,PARIS,BOULEVARD LEFEBVRE,345723,0,4,VC,0,1,1,,,1,5,,,,1,,0,1,0,0
1,9,1,1,2,75,FRANCE,ILE-DE-FRANCE,114,75114,PARIS,RUE DAGUERRE,345725,0,4,VC,0,1,1,,,0,1,,,,1,7,0,1,0,0
1,9,3,1,7,75,FRANCE,ILE-DE-FRANCE,102,75102,PARIS,RUE SAINT DENIS,345740,0,4,VC,0,1,4,,,0,1,,,,1,,0,1,0,0
1,9,1,1,6,75,FRANCE,ILE-DE-FRANCE,107,75107,PARIS,QUAI BRANLY,345761,0,4,VC,0,1,0,,,1,1,,,,1,37,0,1,0,0
5,9,1,1,7,75,FRANCE,ILE-DE-FRANCE,104,75104,PARIS,PLACE DU CHATELET,345768,0,4,VC,0,1,2,,,0,1,,,,1,,0,1,0,0
1,9,5,1,2,75,FRANCE,ILE-DE-FRANCE,111,75111,PARIS,RUE DE LA ROQUETTE,345781,0,4,VC,0,2,2,,,0,1,,,,1,7,0,1,0,0
1,9,1,1,6,75,FRANCE,ILE-DE-FRANCE,110,75110,PARIS,BOULEVARD DE MAGENTA,345782,0,4,VC,0,2,,,,3,1,,,,1,2,0,0,0,1
5,9,1,1,6,75,FRANCE,ILE-DE-FRANCE,119,75119,PARIS,AVENUE DE FLANDRE,345787,0,4,VC,0,1,0,,,0,1,,,,1,7,0,1,0,0
1,9,2,1,7,75,FRANCE,ILE-DE-FRANCE,116,75116,PARIS,RUE RAYNOUARD,345814,0,4,VC,0,2,2,,,0,0,,,,1,,0,1,0,0
1,9,1,1,3,75,FRANCE,ILE-DE-FRANCE,118,75118,PARIS,RUE BELLIARD,345830,0,4,VC,0,1,1,,,0,1,,,,1,7,0,1,0,0
1,9,1,1,3,75,FRANCE,ILE-DE-FRANCE,114,75114,PARIS,RUE BREZIN,345836,0,4,VC,0,1,1,,,0,1,,,,1,32,0,1,0,0
1,9,1,1,7,75,FRANCE,ILE-DE-FRANCE,111,75111,PARIS,RUE DE MONTREUIL,345847,0,4,VC,0,1,1,,,0,1,,,,1,,0,1,0,0
1,9,2,1,3,75,FRANCE,ILE-DE-FRANCE,112,75112,PARIS,BOULEVARD PONIATOWSKI,345858,2,4,VC,0,2,2,,,0,1,,,,1,7,0,1,0,0
1,9,1,1,7,75,FRANCE,ILE-DE-FRANCE,111,75111,PARIS,BOULEVARD JULES FERRY,345874,0,4,VC,0,1,1,,,1,5,,,,1,,0,1,0,0
5,9,5,1,3,75,FRANCE,ILE-DE-FRANCE,112,75112,PARIS,QUAI DE LA RAPEE,345888,5,4,VC,0,1,3,,,0,1,,,,1,7,0,1,0,0
1,9,1,1,3,75,FRANCE,ILE-DE-FRANCE,113,75113,PARIS,BOULEVARD ARAGO,345891,0,4,VC,0,2,2,,,0,1,,,,1,7,0,1,0,0
2,9,1,8,3,75,FRANCE,ILE-DE-FRANCE,120,75120,PARIS,RUE SAINT BLAISE,345919,6,4,VC,0,1,1,,,0,1,,,,1,7,0,1,0,0
1,9,1,1,7,75,FRANCE,ILE-DE-FRANCE,105,75105,PARIS,RUE DU CARDINAL LEMOINE,345920,0,4,VC,0,2,4,,,0,1,,,,1,,0,1,0,0
1,9,1,1,6,75,FRANCE,ILE-DE-FRANCE,113,75113,PARIS,QUAI D'AUSTERLITZ,345928,0,4,VC,0,2,4,,,1,5,,,,1,,0,1,0,0
1,9,1,1,6,75,FRANCE,ILE-DE-FRANCE,112,75112,PARIS,ROUTE DAUPHINE,345933,0,4,VC,0,1,1,,,1,5,,,,1,,0,1,0,0
3,9,1,1,2,75,FRANCE,ILE-DE-FRANCE,108,75108,PARIS,BOULEVARD MALESHERBES,345938,0,4,VC,0,0,2,,,0,1,,,,1,7,0,1,0,0