lum,agg,int,atm,col,dep_bis,pays,region,com_bis,com_codeINSEE,communes,N_voie,numac,infra,catr,type_route,voie,circ,nbv,pr,pr1,vosp,situ,lat,long,adr,accident_velo,vehicule_imp,cycl_mort,cycl_bgv,cycl_blg,cycl_indm
1,9,1,1,3,75,FRANCE,ILE-DE-FRANCE,115,75115,PARIS,BOULEVARD DE GRENELLE,345966,0,4,VC,0,0,0,,,1,5,,,,1,7,0,1,0,0
1,9,5,1,6,75,FRANCE,ILE-DE-FRANCE,109,75109,PARIS,BOULEVARD HAUSSMANN,345975,0,4,VC,0,1,1,0,1,0,1,,,,1,7,0,1,0,0
1,9,2,1,3,75,FRANCE,ILE-DE-FRANCE,111,75111,PARIS,BOULEVARD RICHARD LENOIR,345983,0,4,VC,0,3,4,,,0,1,,,,1,7,0,1,0,0
1,9,1,2,2,75,FRANCE,ILE-DE-FRANCE,106,75106,PARIS,PONT NEUF,346008,2,4,VC,0,2,3,,,0,1,,,,1,7,0,1,0,0
5,9,1,1,1,75,FRANCE,ILE-DE-FRANCE,106,75106,PARIS,BOULEVARD DU MONTPARNASSE,346034,0,4,VC,0,3,6,,,3,1,,,,1,7,0,1,0,0
2,9,1,8,6,75,FRANCE,ILE-DE-FRANCE,104,75104,PARIS,PONT DE SULLY,346061,2,4,VC,0,1,4,,,1,5,,,,1,,0,0,0,1
5,9,1,2,3,75,FRANCE,ILE-DE-FRANCE,110,75110,PARIS,QUAI DE JEMMAPES,346075,0,4,VC,0,1,1,,,0,1,,,,1,7,0,1,0,0
1,9,2,1,6,75,FRANCE,ILE-DE-FRANCE,101,75101,PARIS,AVENUE DE L'OPERA,346077,0,4,VC,0,3,3,,,0,1,,,,1,,,,,
1,9,1,4,7,75,FRANCE,ILE-DE-FRANCE,118,75118,PARIS,BOULEVARD BARBES,346099,0,4,VC,0,0,0,,,1,5,,,,1,,0,1,0,0
5,9,2,1,6,75,FRANCE,ILE-DE-FRANCE,102,75102,PARIS,RUE ETIENNE MARCEL,346114,5,4,VC,0,2,3,,,0,1,,,,1,,,,,
5,9,5,1,3,75,FRANCE,ILE-DE-FRANCE,111,75111,PARIS,PLACE DE LA BASTILLE,346122,0,4,VC,0,1,4,,,0,1,,,,1,37,0,1,0,0
1,9,5,8,3,75,FRANCE,ILE-DE-FRANCE,115,75115,PARIS,BOULEVARD LEFEBVRE,346148,0,4,VC,0,2,4,,,0,5,,,,1,10,0,1,0,0
5,9,1,8,3,75,FRANCE,ILE-DE-FRANCE,119,75119,PARIS,AVENUE DE LA PORTE DE LA VILLETTE,346164,0,4,VC,,1,2,,,3,1,,,,1,37,0,1,0,0
5,9,1,1,6,75,FRANCE,ILE-DE-FRANCE,111,75111,PARIS,BOULEVARD DU TEMPLE,346207,0,4,VC,0,2,4,,,0,1,,,,1,,0,1,0,0
1,9,1,1,7,75,FRANCE,ILE-DE-FRANCE,119,75119,PARIS,BOULEVARD MACDONALD,346248,0,4,VC,0,2,2,,,0,1,,,,1,,0,1,0,0
3,9,4,1,6,75,FRANCE,ILE-DE-FRANCE,117,75117,PARIS,AVENUE DE LA PORTE D'ASNIERES,346268,0,4,VC,0,1,3,,,0,1,,,,1,7,0,1,0,0
1,9,1,1,6,75,FRANCE,ILE-DE-FRANCE,112,75112,PARIS,ROUTE DU PESAGE,346271,0,4,VC,0,1,1,,,0,1,,,,1,,0,1,0,0
1,9,1,1,6,75,FRANCE,ILE-DE-FRANCE,114,75114,PARIS,BOULEVARD BRUNE,346328,0,4,VC,0,2,2,,,2,5,,,,1,,0,1,0,0
1,9,3,1,6,75,FRANCE,ILE-DE-FRANCE,110,75110,PARIS,RUE DU FAUBOURG SAINT MARTIN,346338,5,4,VC,0,2,4,,,1,1,,,,1,,0,1,0,0
1,9,1,1,7,75,FRANCE,ILE-DE-FRANCE,103,75103,PARIS,RUE BEAUBOURG,346364,0,4,VC,0,1,3,,,3,1,,,,1,,0,1,0,0
1,9,1,1,2,75,FRANCE,ILE-DE-FRANCE,110,75110,PARIS,BOULEVARD SAINT DENIS,346375,0,4,VC,0,1,4,,,0,1,,,,1,7,0,1,0,0
1,9,2,1,3,75,FRANCE,ILE-DE-FRANCE,120,75120,PARIS,RUE JEAN VEBER,346388,0,4,VC,0,2,1,,,0,1,,,,1,10,0,1,0,0
2,9,5,1,3,75,FRANCE,ILE-DE-FRANCE,106,75106,PARIS,RUE DE MEDICIS,346390,0,4,VC,0,2,2,,,0,1,,,,1,7,0,1,0,0
1,9,3,1,6,75,FRANCE,ILE-DE-FRANCE,119,75119,PARIS,AVENUE DE FLANDRE,346445,0,4,VC,0,1,2,,,3,1,,,,1,7,0,1,0,0
1,9,2,1,3,75,FRANCE,ILE-DE-FRANCE,104,75104,PARIS,RUE DU TEMPLE,346458,0,4,VC,0,2,2,,,0,1,,,,1,2,0,1,0,0
1,9,5,1,6,75,FRANCE,ILE-DE-FRANCE,118,75118,PARIS,AVENUE DE SAINT OUEN,346473,0,4,VC,0,2,2,,,0,1,,,,1,,0,0,0,1
1,9,1,1,6,75,FRANCE,ILE-DE-FRANCE,107,75107,PARIS,RUE DE BABYLONE,346474,0,4,VC,0,1,1,,,0,1,,,,1,,0,0,0,1
1,9,1,1,6,75,FRANCE,ILE-DE-FRANCE,110,75110,PARIS,BOULEVARD DE LA VILLETTE,346487,0,4,VC,0,1,2,,,0,1,,,,1,,0,1,0,0
2,9,1,1,7,75,FRANCE,ILE-DE-FRANCE,111,75111,PARIS,RUE DE CHARONNE,346504,0,4,VC,0,2,2,,,0,1,,,,1,,0,1,0,0
1,9,3,1,2,75,FRANCE,ILE-DE-FRANCE,113,75113,PARIS,BOULEVARD ARAGO,346508,0,4,VC,0,0,2,,,0,1,,,,1,10,0,1,0,0
5,9,1,1,3,75,FRANCE,ILE-DE-FRANCE,117,75117,PARIS,AVENUE DE CLICHY,346521,0,4,VC,0,2,3,,,0,1,,,,1,37,0,1,0,0
1,9,1,1,6,75,FRANCE,ILE-DE-FRANCE,117,75117,PARIS,AVENUE DE CLICHY,346530,0,4,VC,0,2,0,,,0,1,,,,1,,0,0,0,1
5,9,5,1,3,75,FRANCE,ILE-DE-FRANCE,105,75105,PARIS,QUAI SAINT BERNARD,346547,0,4,VC,0,1,0,,,0,0,,,,1,37,0,1,0,0
5,9,2,1,3,75,FRANCE,ILE-DE-FRANCE,117,75117,PARIS,BOULEVARD DU FORT DE VAUX,346554,0,4,VC,0,0,0,,,3,1,,,,1,7,0,1,0,0
1,9,2,8,3,75,FRANCE,ILE-DE-FRANCE,102,75102,PARIS,RUE FAVART,346555,0,4,VC,0,0,1,,,0,0,,,,1,14,0,1,0,0
1,9,2,1,3,75,FRANCE,ILE-DE-FRANCE,112,75112,PARIS,BOULEVARD DIDEROT,346568,0,4,VC,0,2,3,,,3,4,,,,1,32,0,1,0,0
1,9,1,2,3,75,FRANCE,ILE-DE-FRANCE,108,75108,PARIS,BOULEVARD HAUSSMANN,346571,0,4,VC,0,2,6,,,3,1,,,,1,10,0,1,0,0
1,9,1,1,2,75,FRANCE,ILE-DE-FRANCE,112,75112,PARIS,AVENUE DU TREMBLAY,346579,0,4,VC,0,3,5,,,0,1,,,,1,7,0,1,0,0
1,9,2,1,3,75,FRANCE,ILE-DE-FRANCE,106,75106,PARIS,RUE DE RENNES,346581,5,4,VC,0,2,6,,,1,1,,,,1,14,0,1,0,0
2,9,1,2,7,75,FRANCE,ILE-DE-FRANCE,118,75118,PARIS,RUE FRANCOEUR,346612,6,4,VC,0,1,1,,,0,1,,,,1,,0,1,0,0
1,9,1,1,3,75,FRANCE,ILE-DE-FRANCE,101,75101,PARIS,RUE DE LA MONNAIE,346658,0,4,VC,0,1,1,,,0,1,,,,1,37,0,1,0,0
1,9,1,1,6,75,FRANCE,ILE-DE-FRANCE,111,75111,PARIS,BOULEVARD VOLTAIRE,346667,0,4,VC,0,2,2,,,0,1,,,,1,3,0,1,0,0
5,9,2,8,3,75,FRANCE,ILE-DE-FRANCE,110,75110,PARIS,BOULEVARD DE STRASBOURG,346676,5,4,VC,0,2,4,,,0,1,,,,1,7,0,1,0,0
1,9,4,1,1,75,FRANCE,ILE-DE-FRANCE,104,75104,PARIS,RUE MALHER,346734,0,4,VC,0,2,1,,,2,1,,,,1,7,0,1,0,0
1,9,5,1,6,75,FRANCE,ILE-DE-FRANCE,105,75105,PARIS,PLACE SAINT MICHEL,346743,0,4,VC,0,2,4,,,0,1,,,,1,,0,1,0,0
1,9,1,1,6,75,FRANCE,ILE-DE-FRANCE,105,75105,PARIS,RUE SAINT JACQUES,346745,0,4,VC,0,1,1,,,1,1,,,,1,,0,0,0,1
5,9,2,1,3,75,FRANCE,ILE-DE-FRANCE,106,75106,PARIS,BOULEVARD DU MONTPARNASSE,346758,0,4,VC,0,2,3,,,0,1,,,,1,7,0,1,0,0
1,9,3,2,3,75,FRANCE,ILE-DE-FRANCE,106,75106,PARIS,RUE DU CHERCHE MIDI,346760,0,4,VC,0,1,1,,,0,1,,,,1,7,0,1,0,0
1,9,4,1,3,75,FRANCE,ILE-DE-FRANCE,107,75107,PARIS,QUAI D'ORSAY,346771,0,4,VC,0,1,3,,,0,1,,,,1,30,0,1,0,0
1,9,3,1,3,75,FRANCE,ILE-DE-FRANCE,101,75101,PARIS,RUE DE RIVOLI,346781,0,4,VC,0,1,1,,,0,1,,,,1,32,0,1,0,0
1,9,1,1,6,75,FRANCE,ILE-DE-FRANCE,110,75110,PARIS,RUE DE LANCRY,346807,0,4,VC,0,1,1,,,0,1,,,,1,,0,0,0,1
1,9,4,1,6,75,FRANCE,ILE-DE-FRANCE,111,75111,PARIS,AVENUE DE LA REPUBLIQUE,346820,0,4,VC,0,2,2,,,0,1,,,,1,,0,0,0,1
1,9,1,1,1,75,FRANCE,ILE-DE-FRANCE,111,75111,PARIS,RUE DU FAUBOURG SAINT ANTOINE,346822,0,4,VC,0,2,3,,,0,1,,,,1,2,0,1,0,0
2,9,5,3,7,75,FRANCE,ILE-DE-FRANCE,111,75111,PARIS,PLACE DE LA BASTILLE,346826,0,4,VC,0,1,1,,,0,1,,,,1,,0,1,0,0
1,9,2,8,7,75,FRANCE,ILE-DE-FRANCE,111,75111,PARIS,AVENUE DE LA REPUBLIQUE,346827,0,4,VC,0,2,2,,,0,1,,,,1,,0,1,0,0
5,9,1,1,6,75,FRANCE,ILE-DE-FRANCE,113,75113,PARIS,RUE VULPIAN,346854,0,4,VC,0,0,1,,,1,1,,,,1,,0,0,0,1
1,9,1,1,3,75,FRANCE,ILE-DE-FRANCE,113,75113,PARIS,AVENUE D'ITALIE,346857,0,4,VC,0,2,4,,,0,1,,,,1,7,0,1,0,0
1,9,5,1,7,75,FRANCE,ILE-DE-FRANCE,113,75113,PARIS,RUE JEANNE D'ARC,346863,0,4,VC,0,1,2,,,0,1,,,,1,,0,1,0,0
2,9,2,2,3,75,FRANCE,ILE-DE-FRANCE,114,75114,PARIS,RUE DES PLANTES,346880,0,4,VC,0,0,2,,,0,1,,,,1,7,0,1,0,0
1,9,1,1,6,75,FRANCE,ILE-DE-FRANCE,115,75115,PARIS,BOULEVARD LEFEBVRE,346892,0,4,VC,0,1,1,,,1,5,,,,1,,0,1,0,0
5,9,5,1,3,75,FRANCE,ILE-DE-FRANCE,115,75115,PARIS,BOULEVARD PASTEUR,346894,0,4,VC,0,0,1,,,0,1,,,,1,7,0,1,0,0
1,9,1,1,7,75,FRANCE,ILE-DE-FRANCE,116,75116,PARIS,ROUTE DES TRIBUNES,346904,0,4,VC,0,2,0,,,1,5,,,,1,,0,1,0,0
1,9,3,1,7,75,FRANCE,ILE-DE-FRANCE,116,75116,PARIS,BOULEVARD DE L'AMIRAL BRUIX,346909,0,4,VC,0,0,1,,,0,1,,,,1,,0,1,0,0
1,9,1,1,6,75,FRANCE,ILE-DE-FRANCE,116,75116,PARIS,RUE DU RANELAGH,346912,0,4,VC,0,1,1,,,0,4,,,,1,,0,0,0,1
1,9,5,1,6,75,FRANCE,ILE-DE-FRANCE,116,75116,PARIS,RUE CHANEZ,346914,0,4,VC,0,2,2,,,0,1,,,,1,,0,0,0,1
1,9,1,1,6,75,FRANCE,ILE-DE-FRANCE,116,75116,PARIS,ROUTE DE SEVRES A NEUILLY,346918,0,4,VC,0,1,1,,,1,5,,,,1,,0,1,0,0
1,9,2,1,3,75,FRANCE,ILE-DE-FRANCE,117,75117,PARIS,RUE JOUFFROY D'ABBANS,346936,0,4,VC,0,2,2,,,0,1,,,,1,30,0,1,0,0
1,9,3,1,3,75,FRANCE,ILE-DE-FRANCE,117,75117,PARIS,RUE BOULAY ,346942,0,4,VC,0,1,1,,,0,1,,,,1,7,0,1,0,0
1,9,2,1,3,75,FRANCE,ILE-DE-FRANCE,117,75117,PARIS,AVENUE BRUNETIERE,346946,6,4,VC,0,1,1,,,0,1,,,,1,30,0,1,0,0
5,9,5,1,6,75,FRANCE,ILE-DE-FRANCE,118,75118,PARIS,RUE DE LA CHAPELLE,346974,0,4,VC,0,0,0,,,0,4,,,,1,,0,0,0,1
1,9,2,1,2,75,FRANCE,ILE-DE-FRANCE,119,75119,PARIS,AVENUE JEAN JAURES,346994,0,4,VC,0,3,4,,,0,1,,,,1,10,0,1,0,0
1,9,1,1,2,75,FRANCE,ILE-DE-FRANCE,119,75119,PARIS,AVENUE DE FLANDRE,347002,0,4,VC,0,3,4,,,0,1,,,,1,7,0,1,0,0
2,9,1,1,2,75,FRANCE,ILE-DE-FRANCE,119,75119,PARIS,AVENUE DE FLANDRE,347010,0,4,VC,0,1,2,,,0,1,,,,1,7,0,1,0,0
1,9,1,1,3,75,FRANCE,ILE-DE-FRANCE,108,75108,PARIS,AVENUE DE WAGRAM,347072,0,4,VC,0,2,8,,,0,1,,,,1,7,0,1,0,0
1,9,1,1,3,75,FRANCE,ILE-DE-FRANCE,102,75102,PARIS,RUE REAUMUR,347079,0,4,VC,0,1,3,,,3,1,,,,1,10,0,1,0,0
1,9,1,1,2,75,FRANCE,ILE-DE-FRANCE,112,75112,PARIS,RUE DE PICPUS,347111,0,4,VC,0,2,2,,,0,1,,,,1,7,0,1,0,0
1,9,2,1,3,75,FRANCE,ILE-DE-FRANCE,113,75113,PARIS,QUAI D'AUSTERLITZ,347124,0,4,VC,0,2,5,,,0,0,,,,1,14,0,1,0,0
1,9,7,1,3,75,FRANCE,ILE-DE-FRANCE,110,75110,PARIS,PLACE DE LA REPUBLIQUE,347126,5,4,VC,0,1,3,,,0,1,,,,1,37,0,1,0,0
1,9,5,1,3,75,FRANCE,ILE-DE-FRANCE,117,75117,PARIS,AVENUE NIEL,347129,5,4,VC,0,2,3,,,0,1,,,,1,37,0,1,0,0
1,9,2,1,3,75,FRANCE,ILE-DE-FRANCE,116,75116,PARIS,AVENUE DE L'HIPPODROME,347146,5,4,VC,0,2,4,,,0,1,,,,1,14,0,1,0,0
1,9,1,1,3,75,FRANCE,ILE-DE-FRANCE,112,75112,PARIS,PONT D'AUSTERLITZ,347162,2,4,VC,0,1,7,,,2,1,,,,1,34,0,1,0,0
1,9,1,1,3,75,FRANCE,ILE-DE-FRANCE,111,75111,PARIS,BOULEVARD RICHARD LENOIR,347165,0,4,VC,0,1,2,,,1,1,,,,1,7,0,1,0,0
1,9,1,1,6,75,FRANCE,ILE-DE-FRANCE,102,75102,PARIS,RUE DE RICHELIEU,347172,0,4,VC,0,1,3,,,0,1,,,,1,,0,1,0,0
5,9,7,1,1,75,FRANCE,ILE-DE-FRANCE,113,75113,PARIS,BOULEVARD DE L'HOPITAL,347179,0,4,VC,0,2,5,,,3,1,,,,1,37,0,1,0,0
1,9,1,1,7,75,FRANCE,ILE-DE-FRANCE,110,75110,PARIS,BOULEVARD DE LA VILLETTE,347182,0,4,VC,0,1,1,,,2,5,,,,1,,0,1,0,0
1,9,5,1,3,75,FRANCE,ILE-DE-FRANCE,115,75115,PARIS,RUE DE LA CONVENTION,347185,0,4,VC,0,2,3,,,0,1,,,,1,,0,1,0,0
4,5,1,1,7,76,FRANCE,HAUTE-NORMANDIE,484,76484,OISSEL,PONT DE LA CHAPELLE,347359,0,4,VC,0,1,2,,,0,1,,,,1,,0,1,0,0
1,3,3,1,3,76,FRANCE,HAUTE-NORMANDIE,147,76147,BULLY,RD 48,347374,6,3,RD,48,2,2,19,0,0,1,0,0,,1,7,0,1,0,0
1,2,1,1,1,76,FRANCE,HAUTE-NORMANDIE,755,76755,YPREVILLE-BIVILLE,RD 926,347379,0,3,RD,926,2,0,0,0,0,4,0,0,,1,7,0,1,0,0
1,6,1,1,7,76,FRANCE,HAUTE-NORMANDIE,322,76322,GRAND-QUEVILLY (LE),AVENUE DES PROVINCES,347397,0,4,VC,0,3,2,,,0,1,,,,1,,0,1,0,0
1,8,1,1,6,76,FRANCE,HAUTE-NORMANDIE,351,76351,HAVRE (LE),HILAIRE COLOMBEL,347401,0,4,VC,0,1,2,,,0,1,,,,1,7,0,1,0,0
1,8,2,1,6,76,FRANCE,HAUTE-NORMANDIE,351,76351,HAVRE (LE),ERNEST RENAN,347402,0,4,VC,0,1,2,,,0,1,,,,1,7,0,1,0,0
1,8,1,1,3,76,FRANCE,HAUTE-NORMANDIE,351,76351,HAVRE (LE),BOULEVARD AMIRAL MOUCHEZ,347405,0,4,VC,0,2,2,,,2,1,,,,1,16,0,1,0,0
1,4,1,1,1,76,FRANCE,HAUTE-NORMANDIE,101,76101,BLANGY-SUR-BRESLE,VC 7,347414,0,4,VC,7,2,1,0,50,0,1,4992000,163000,,1,7,0,1,0,0
1,5,3,1,3,76,FRANCE,HAUTE-NORMANDIE,178,76178,CLEON,RUE DES MARTYRS,347457,0,2,RN,0,2,2,,,0,1,,,,1,7,0,1,0,0
1,5,1,1,2,76,FRANCE,HAUTE-NORMANDIE,484,76484,OISSEL,CD 13,347458,2,3,RD,0,2,2,,,0,1,,,,1,7,0,1,0,0
1,8,1,1,5,76,FRANCE,HAUTE-NORMANDIE,540,76540,ROUEN,PONT BOIELDIEU,347464,2,4,VC,0,2,3,,,1,1,,,,1,7,0,1,0,0
1,6,1,1,3,76,FRANCE,HAUTE-NORMANDIE,681,76681,SOTTEVILLE-LES-ROUEN,RUE PIERRE CORNEILLE,347465,0,4,VC,0,2,3,,,0,1,,,,1,7,0,1,0,0
1,1,1,1,1,76,FRANCE,HAUTE-NORMANDIE,631,76631,SAINT-PAER,RD 86,347471,0,3,RD,86,2,2,0,0,0,1,0,0,,1,7,0,1,0,0
1,2,2,1,3,76,FRANCE,HAUTE-NORMANDIE,032,76032,AUBERVILLE-LA-MANUEL,VC 1,347477,0,4,VC,1,2,0,35,100,0,1,0,0,,1,7,0,1,0,0
1,1,1,1,3,76,FRANCE,HAUTE-NORMANDIE,595,76595,SAINT-JOUIN-BRUNEVAL,VC 0,347490,0,4,VC,0,2,0,0,0,0,1,0,0,,1,7,0,1,0,0
1,1,1,1,1,76,FRANCE,HAUTE-NORMANDIE,714,76714,TROIS-PIERRES (LES),Autre 0,347491,0,9,Autre,0,2,1,0,0,0,1,4955700,40200,,1,7,0,1,0,0
1,3,1,1,3,76,FRANCE,HAUTE-NORMANDIE,258,76258,FAUVILLE-EN-CAUX,Autre 0,347492,0,9,Autre,0,2,2,0,0,0,1,0,0,,1,7,0,1,0,0
1,8,1,1,7,76,FRANCE,HAUTE-NORMANDIE,540,76540,ROUEN,RUE SAINT JULIEN,347552,0,4,VC,0,2,2,,,0,1,,,,1,,0,1,0,0
1,8,1,1,7,76,FRANCE,HAUTE-NORMANDIE,540,76540,ROUEN,RUE DE GENEVE ,347559,0,4,VC,0,2,2,,,0,1,,,,1,,0,1,0,0
1,5,1,1,1,76,FRANCE,HAUTE-NORMANDIE,462,76462,NEUFCHATEL-EN-BRAY,RD 1314,347569,0,3,RD,1314,2,2,17,650,0,1,0,0,,1,7,0,1,0,0
1,1,1,1,1,76,FRANCE,HAUTE-NORMANDIE,035,76035,AUMALE,RD 49,347570,0,3,RD,49,2,2,39,500,0,1,4979300,175000,,1,7,0,1,0,0
1,1,1,1,1,76,FRANCE,HAUTE-NORMANDIE,315,76315,GRAINVILLE-LA-TEINTURIERE,RD 268,347576,0,3,RD,268,2,2,8,500,0,1,0,0,,1,14,0,1,0,0
1,1,2,1,3,76,FRANCE,HAUTE-NORMANDIE,705,76705,TOURVILLE-LA-RIVIERE,CD 13,347582,0,3,RD,0,3,3,,,0,1,,,,1,7,0,1,0,0
1,5,1,1,3,76,FRANCE,HAUTE-NORMANDIE,157,76157,CANTELEU,RUE DE LA BEGUINIERE,347591,0,4,VC,0,2,2,,,0,1,,,,1,7,0,1,0,0
1,5,1,1,3,76,FRANCE,HAUTE-NORMANDIE,447,76447,MONTIVILLIERS,HOPITAL JACQUES MONOD,347613,5,4,VC,0,3,3,,,1,1,,,,1,7,0,1,0,0
1,1,1,1,1,76,FRANCE,HAUTE-NORMANDIE,614,76614,SAINT-MARTIN-DE-BOSCHERVILLE,RD 67,347627,0,3,RD,67,2,2,13,700,0,1,0,0,,1,7,0,1,0,0
1,1,1,1,1,76,FRANCE,HAUTE-NORMANDIE,659,76659,SAINT-WANDRILLE-RANCON,RD 64,347630,0,3,RD,64,2,0,0,0,0,1,0,0,,1,7,0,1,0,0
1,3,1,1,1,76,FRANCE,HAUTE-NORMANDIE,374,76374,INCHEVILLE,RD 49,347658,0,3,RD,49,2,2,8,500,0,1,5000900,151300,,1,7,0,1,0,0
5,8,1,1,2,76,FRANCE,HAUTE-NORMANDIE,351,76351,HAVRE (LE),DE VERDUN  >195,347666,0,2,RN,0,2,6,,,2,5,,,,1,7,0,1,0,0
1,8,1,1,3,76,FRANCE,HAUTE-NORMANDIE,540,76540,ROUEN,AVENUE JEAN RONDEAUX,347674,0,2,RN,0,2,5,21,728,0,1,,,,1,7,0,1,0,0
5,5,1,2,3,76,FRANCE,HAUTE-NORMANDIE,312,76312,GOURNAY-EN-BRAY,RD 916,347692,0,3,RD,916,2,0,0,0,0,1,0,0,,1,7,0,1,0,0
2,1,1,1,3,76,FRANCE,HAUTE-NORMANDIE,351,76351,HAVRE (LE),BOULEVARD DE GRAVILLE,347703,0,4,VC,0,2,4,,,0,1,,,,1,14,0,1,0,0
1,3,1,1,2,76,FRANCE,HAUTE-NORMANDIE,513,76513,QUEVILLON,RD 67,347747,0,3,RD,67,2,2,11,200,0,1,0,0,,1,10,0,1,0,0
1,3,2,1,3,76,FRANCE,HAUTE-NORMANDIE,693,76693,TILLEUL (LE),VC 0,347752,0,4,VC,0,2,2,0,0,0,1,0,0,,1,10,0,1,0,0
1,3,1,5,1,76,FRANCE,HAUTE-NORMANDIE,401,76401,MAILLERAYE-SUR-SEINE (LA),Autre 0,347781,0,9,Autre,0,0,0,0,0,0,1,4948100,76500,,1,7,0,1,0,0
1,8,2,1,3,76,FRANCE,HAUTE-NORMANDIE,351,76351,HAVRE (LE),RUE GEORGES LAFAURIE,347800,0,4,VC,0,2,3,,,0,1,,,,1,7,0,1,0,0
1,8,1,1,1,76,FRANCE,HAUTE-NORMANDIE,351,76351,HAVRE (LE),FELIX FAURE,347801,0,4,VC,0,2,2,,,0,1,,,,1,7,0,1,0,0
2,6,1,1,2,76,FRANCE,HAUTE-NORMANDIE,322,76322,GRAND-QUEVILLY (LE),AVENUE DU MARECHAL LECLERC,347804,0,3,RD,0,1,1,54,480,0,1,,,,1,7,0,1,0,0
1,1,1,1,1,76,FRANCE,HAUTE-NORMANDIE,496,76496,PENLY,RD 313,347897,5,3,RD,313,2,2,0,0,0,1,0,0,,1,7,0,1,0,0
1,5,1,1,3,76,FRANCE,HAUTE-NORMANDIE,410,76410,MAROMME,RUE DES BELGES,347917,0,4,VC,0,2,1,,,0,1,,,,1,7,0,1,0,0
1,4,1,1,3,76,FRANCE,HAUTE-NORMANDIE,222,76222,DUCLAIR,RD 982,347922,0,3,RD,982,2,0,18,500,0,1,0,0,,1,7,0,1,0,0
1,1,2,1,3,76,FRANCE,HAUTE-NORMANDIE,065,76065,BEAUSSAULT,RD 35,347963,5,3,RD,35,2,2,6,209,0,1,0,0,,1,7,0,1,0,0
1,5,1,1,3,76,FRANCE,HAUTE-NORMANDIE,447,76447,MONTIVILLIERS,CENTRE COMMERCIAL GRAND HAVRE,347972,6,6,Parking,0,0,1,,,3,0,,,,1,7,0,1,0,0
1,6,1,1,1,76,FRANCE,HAUTE-NORMANDIE,681,76681,SOTTEVILLE-LES-ROUEN,RUE VICTOR HUGO,347984,0,4,VC,0,2,2,,,0,1,,,,1,7,0,1,0,0
1,1,1,1,1,76,FRANCE,HAUTE-NORMANDIE,081,76081,BERNEVAL-LE-GRAND,RD 113,347996,0,3,RD,113,2,2,8,68,0,1,0,0,,1,7,0,1,0,0
1,1,2,1,3,76,FRANCE,HAUTE-NORMANDIE,161,76161,CARVILLE-POT-DE-FER,RD 149,348007,5,3,RD,149,2,2,25,800,0,1,4971200,72100,,1,7,0,1,0,0
1,6,1,1,3,76,FRANCE,HAUTE-NORMANDIE,575,76575,SAINT-ETIENNE-DU-ROUVRAY,AVENUE DES CANADIENS,348024,0,2,RN,0,3,2,1,100,1,5,,,,1,7,0,1,0,0
1,3,1,1,2,76,FRANCE,HAUTE-NORMANDIE,565,76565,SAINT-AUBIN-SUR-SCIE,RD54E,348033,0,2,RN,0,3,5,47,820,0,1,,,,1,10,0,1,0,0
1,3,2,1,3,76,FRANCE,HAUTE-NORMANDIE,330,76330,GRUCHET-SAINT-SIMEON,VC 0,348070,0,4,VC,0,2,2,0,0,0,1,0,0,,1,10,0,1,0,0
5,4,1,1,3,76,FRANCE,HAUTE-NORMANDIE,705,76705,TOURVILLE-LA-RIVIERE,RUE CLEMENT JEAN BAPTISTE ,348091,0,4,VC,0,2,1,,,0,1,,,,1,7,0,1,0,0
1,8,3,1,3,76,FRANCE,HAUTE-NORMANDIE,351,76351,HAVRE (LE),COCHET,348097,0,3,RD,0,2,3,,,0,1,,,,1,7,0,1,0,0
3,1,1,3,1,76,FRANCE,HAUTE-NORMANDIE,400,76400,LUNERAY,RD 27,348117,0,3,RD,27,2,2,19,200,0,1,0,0,,1,7,0,1,0,0
1,1,1,1,1,76,FRANCE,HAUTE-NORMANDIE,686,76686,THEUVILLE-AUX-MAILLOTS,RD 5,348126,0,3,RD,5,2,2,43,0,0,1,4978200,54100,,1,7,0,1,0,0
1,1,1,1,2,76,FRANCE,HAUTE-NORMANDIE,222,76222,DUCLAIR,RD 81,348153,0,3,RD,81,2,2,34,300,0,1,4952700,71400,,1,10,0,1,0,0
1,8,1,1,7,76,FRANCE,HAUTE-NORMANDIE,540,76540,ROUEN,RUE DE LAUSANNE,348192,0,4,VC,0,2,2,,,0,0,,,,1,,0,1,0,0
2,1,1,1,2,76,FRANCE,HAUTE-NORMANDIE,471,76471,NORVILLE,RD 81,348222,0,3,RD,81,2,2,23,600,0,1,0,0,,1,7,0,1,0,0
1,1,2,1,3,76,FRANCE,HAUTE-NORMANDIE,387,76387,LINDEBEUF,RD 55,348232,0,3,RD,55,2,2,14,0,0,1,4971500,88800,,1,7,0,1,0,0
1,1,1,1,6,76,FRANCE,HAUTE-NORMANDIE,285,76285,FRESNE-LE-PLAN,RD 42,348235,0,3,RD,42,2,2,0,0,0,1,4941600,130000,,1,,0,1,0,0
1,5,1,1,6,76,FRANCE,HAUTE-NORMANDIE,497,76497,PETIT-COURONNE,RN 138,348243,0,2,RN,0,1,2,1,100,0,1,,,,1,7,0,1,0,0
1,1,1,1,7,76,FRANCE,HAUTE-NORMANDIE,391,76391,LONDE (LA),RUE DE L' OUREE,348258,0,4,VC,0,2,1,,,0,0,,,,1,,0,1,0,0
1,4,1,1,1,76,FRANCE,HAUTE-NORMANDIE,116,76116,BOOS,Autre 0,348283,0,9,Autre,0,0,1,0,0,0,0,4941700,123300,,1,14,0,1,0,0
1,6,1,1,3,76,FRANCE,HAUTE-NORMANDIE,217,76217,DIEPPE,RUE ARISTIDE BRIAND,348307,0,4,VC,0,2,1,,,0,1,,,,1,7,0,1,0,0