lum,agg,int,atm,col,dep_bis,pays,region,com_bis,com_codeINSEE,communes,N_voie,numac,infra,catr,type_route,voie,circ,nbv,pr,pr1,vosp,situ,lat,long,adr,accident_velo,vehicule_imp,cycl_mort,cycl_bgv,cycl_blg,cycl_indm
1,6,1,7,6,76,FRANCE,HAUTE-NORMANDIE,681,76681,SOTTEVILLE-LES-ROUEN,AVENUE DU 14 JUILLET,348323,0,4,VC,0,2,2,,,0,1,,,,1,7,0,1,0,0
1,8,1,1,7,76,FRANCE,HAUTE-NORMANDIE,540,76540,ROUEN,RUE GIUSEPPE VERDI,348324,0,9,Autre,0,4,2,,,0,1,,,,1,,0,1,0,0
1,2,6,1,3,76,FRANCE,HAUTE-NORMANDIE,021,76021,ANNOUVILLE-VILMESNIL,RD 11,348334,5,3,RD,11,2,2,20,521,0,1,4968200,43300,,1,7,0,1,0,0
1,3,1,1,3,76,FRANCE,HAUTE-NORMANDIE,252,76252,ETALONDES,Parking 0,348345,0,6,Parking,0,0,0,0,0,0,0,0,0,,1,7,0,1,0,0
1,6,1,1,3,76,FRANCE,HAUTE-NORMANDIE,217,76217,DIEPPE,GUERRIER,348348,0,9,Autre,0,2,2,,,0,1,,,,1,7,0,1,0,0
1,1,2,1,3,76,FRANCE,HAUTE-NORMANDIE,481,76481,OCTEVILLE-SUR-MER,CHEMIN DE LA FORGE,348352,0,4,VC,0,2,2,,,0,1,,,,1,7,0,1,0,0
1,8,6,1,6,76,FRANCE,HAUTE-NORMANDIE,351,76351,HAVRE (LE),ALBERT 1ER,348353,0,4,VC,0,2,2,,,0,0,,,,1,7,0,1,0,0
1,8,1,1,7,76,FRANCE,HAUTE-NORMANDIE,540,76540,ROUEN,QUAI CAVELIER DE LA SALLE,348366,0,4,VC,0,1,2,,,0,1,,,,1,,0,1,0,0
1,5,3,1,3,76,FRANCE,HAUTE-NORMANDIE,484,76484,OISSEL,AVENUE DES BRUYERES,348367,0,4,VC,0,2,2,,,0,1,,,,1,7,0,1,0,0
2,8,1,1,7,76,FRANCE,HAUTE-NORMANDIE,351,76351,HAVRE (LE),AVENUE JACQUES ANQUETIL,348379,0,4,VC,0,1,2,,,0,1,,,,1,,0,1,0,0
1,5,1,1,6,76,FRANCE,HAUTE-NORMANDIE,319,76319,GRAND-COURONNE,RUE DU BAS,348384,0,4,VC,0,1,1,,,0,1,,,,1,,0,1,0,0
1,6,1,1,3,76,FRANCE,HAUTE-NORMANDIE,681,76681,SOTTEVILLE-LES-ROUEN,RUE PAUL ELUARD,348389,0,4,VC,0,2,2,,,0,1,,,,1,7,0,1,0,0
1,3,3,1,1,76,FRANCE,HAUTE-NORMANDIE,621,76621,SAINT-MARTIN-OSMONVILLE,RD 928,348397,0,3,RD,928,2,2,0,0,0,1,0,0,,1,7,0,1,0,0
1,1,6,1,1,76,FRANCE,HAUTE-NORMANDIE,357,76357,HERMEVILLE,RD 925,348412,0,3,RD,925,0,1,0,0,0,1,0,0,,1,7,0,1,0,0
4,5,1,1,6,76,FRANCE,HAUTE-NORMANDIE,552,76552,SAINTE-ADRESSE,GUSTAVE LENNIER,348436,0,4,VC,0,2,2,,,0,1,,,,1,7,0,1,0,0
1,1,1,1,1,76,FRANCE,HAUTE-NORMANDIE,342,76342,HATTENVILLE,RD 228,348501,0,3,RD,228,2,2,1,700,0,1,4965600,55300,,1,7,0,1,0,0
1,1,1,2,3,76,FRANCE,HAUTE-NORMANDIE,410,76410,MAROMME,ROUTE DE DUCLAIR,348551,0,3,RD,0,2,2,1,100,0,0,,,,1,7,0,1,0,0
5,5,3,1,3,76,FRANCE,HAUTE-NORMANDIE,178,76178,CLEON,RUE DES BRULINS,348569,5,4,VC,0,2,0,,,0,1,,,,1,7,0,1,0,0
1,8,3,1,3,76,FRANCE,HAUTE-NORMANDIE,351,76351,HAVRE (LE),AUGUSTE BLANQUI,348627,0,4,VC,0,2,2,,,0,1,,,,1,7,0,1,0,0
1,5,1,1,6,76,FRANCE,HAUTE-NORMANDIE,447,76447,MONTIVILLIERS,AVENUE PIERRE MENDES FRANCE,348636,0,3,RD,488,2,2,0,620,0,1,,,,1,37,0,1,0,0
1,8,1,8,3,76,FRANCE,HAUTE-NORMANDIE,351,76351,HAVRE (LE),RUE DENFERT ROCHEREAU,348647,0,4,VC,0,2,,,,0,1,,,,1,7,0,1,0,0
1,4,4,1,3,76,FRANCE,HAUTE-NORMANDIE,705,76705,TOURVILLE-LA-RIVIERE,RUE CAMILLE SAINT SAENS,348649,5,4,VC,0,2,1,,,0,1,,,,1,7,0,1,0,0
1,6,2,1,3,76,FRANCE,HAUTE-NORMANDIE,217,76217,DIEPPE,Jehan VERON,348666,0,4,VC,0,2,1,,,0,1,,,,1,7,0,1,0,0
1,1,3,1,2,76,FRANCE,HAUTE-NORMANDIE,157,76157,CANTELEU,RD 86,348672,0,3,RD,86,2,2,24,50,0,1,,,,1,7,0,1,0,0
1,4,3,1,6,76,FRANCE,HAUTE-NORMANDIE,481,76481,OCTEVILLE-SUR-MER,RUE DU CAFE BLANC,348679,0,4,VC,0,2,2,,,0,0,,,,1,7,0,1,0,0
1,8,1,1,3,76,FRANCE,HAUTE-NORMANDIE,351,76351,HAVRE (LE),RUE GUSTAVE BRINDEAU,348681,0,4,VC,0,2,2,,,0,1,,,,1,14,0,1,0,0
1,8,1,1,7,76,FRANCE,HAUTE-NORMANDIE,540,76540,ROUEN,RUE ALSACE LORRAINE ,348739,0,4,VC,0,1,3,,,0,4,,,,1,,0,1,0,0
1,6,1,1,6,76,FRANCE,HAUTE-NORMANDIE,498,76498,PETIT-QUEVILLY (LE),AVENUE JEAN JAURES,348742,0,4,VC,0,0,0,,,0,4,,,,1,,0,1,0,0
1,1,1,1,2,76,FRANCE,HAUTE-NORMANDIE,302,76302,GODERVILLE,RD 10,348759,0,3,RD,10,2,2,0,0,0,1,0,0,,1,7,0,1,0,0
1,5,1,1,1,76,FRANCE,HAUTE-NORMANDIE,157,76157,CANTELEU,rue olympe de gouges,348780,0,4,VC,0,2,0,,,0,1,,,,1,7,0,1,0,0
1,8,3,1,3,76,FRANCE,HAUTE-NORMANDIE,351,76351,HAVRE (LE),COLONEL FABIEN,348784,0,4,VC,0,2,2,,,0,1,,,,1,14,0,1,0,0
1,8,1,1,3,76,FRANCE,HAUTE-NORMANDIE,540,76540,ROUEN,AVENUE DU MONT RIBOUDET,348815,0,4,VC,0,1,1,,,0,1,,,,1,7,0,1,0,0
1,8,1,2,7,76,FRANCE,HAUTE-NORMANDIE,351,76351,HAVRE (LE),FREDERIC BELLENGER,348821,0,4,VC,0,2,4,,,0,1,,,,1,,0,1,0,0
1,1,2,1,5,76,FRANCE,HAUTE-NORMANDIE,490,76490,OURVILLE-EN-CAUX,RD 5,348851,0,3,RD,5,2,0,35,287,0,1,4973400,57500,,1,7,0,0,0,1
1,6,1,1,6,76,FRANCE,HAUTE-NORMANDIE,681,76681,SOTTEVILLE-LES-ROUEN,RUE GEORGES PETIT,348860,0,4,VC,0,2,2,,,0,1,,,,1,,0,1,0,0
1,8,1,1,7,76,FRANCE,HAUTE-NORMANDIE,351,76351,HAVRE (LE),BREQUE,348872,0,4,VC,0,2,3,,,0,1,,,,1,,0,1,0,0
1,8,1,1,7,76,FRANCE,HAUTE-NORMANDIE,540,76540,ROUEN,RUE JEAN LECANUET,348876,0,4,VC,0,2,1,,,0,1,,,,1,37,0,1,0,0
1,3,1,1,3,76,FRANCE,HAUTE-NORMANDIE,565,76565,SAINT-AUBIN-SUR-SCIE,ROUTE DE ROUEN,348930,0,2,RN,27,2,3,44,420,0,1,,,,1,7,0,1,0,0
1,6,1,1,7,76,FRANCE,HAUTE-NORMANDIE,217,76217,DIEPPE,QUAI GASTON LALITTE,348932,0,9,Autre,0,1,2,,,0,1,,,,1,15,0,1,0,0
1,5,5,1,3,76,FRANCE,HAUTE-NORMANDIE,165,76165,CAUDEBEC-LES-ELBEUF,RUE EMILE ZOLA,348939,5,4,VC,0,2,1,,,0,1,,,,1,17,0,1,0,0
3,1,1,1,1,76,FRANCE,HAUTE-NORMANDIE,476,76476,NOTRE-DAME-DE-GRAVENCHON,RUE HENRI DUNANT ,348943,0,3,RD,0,2,2,0,1,0,1,,,,1,7,0,1,0,0
1,6,2,1,3,76,FRANCE,HAUTE-NORMANDIE,217,76217,DIEPPE,RUE ALBERT LAMOTTE,348954,0,4,VC,0,2,2,,,0,1,,,,1,7,0,1,0,0
1,8,3,1,6,76,FRANCE,HAUTE-NORMANDIE,351,76351,HAVRE (LE),MAGELLAN,348964,0,4,VC,0,2,3,,,1,1,,,,1,14,0,1,0,0
1,6,1,3,5,76,FRANCE,HAUTE-NORMANDIE,451,76451,MONT-SAINT-AIGNAN,ALLEE DU FOND DU VAL,348996,0,4,VC,0,2,2,,,0,1,,,,1,7,0,1,0,0
2,8,3,1,3,76,FRANCE,HAUTE-NORMANDIE,351,76351,HAVRE (LE),RENE LE BIAN,349029,0,4,VC,0,2,2,,,0,1,,,,1,7,0,1,0,0
1,1,1,1,3,76,FRANCE,HAUTE-NORMANDIE,427,76427,MESNIERES-EN-BRAY,RD 1,349035,5,3,RD,1,2,2,38,810,0,1,4975700,140400,,1,7,0,1,0,0
1,2,1,1,3,76,FRANCE,HAUTE-NORMANDIE,151,76151,CAILLEVILLE,VC 0,349072,0,4,VC,0,0,2,0,0,0,0,0,0,,1,7,0,1,0,0
1,5,1,1,2,76,FRANCE,HAUTE-NORMANDIE,484,76484,OISSEL,PLACE DE LA PAIX,349087,6,4,VC,0,0,1,,,3,4,,,,1,30,0,1,0,0
1,8,3,1,3,76,FRANCE,HAUTE-NORMANDIE,351,76351,HAVRE (LE),Rue Arsitide Briand,349092,0,4,VC,0,1,2,,,0,1,,,,1,10,0,1,0,0
1,8,1,1,7,76,FRANCE,HAUTE-NORMANDIE,351,76351,HAVRE (LE),CHEMIN DE LA CLAIRIERE,349125,0,4,VC,0,2,2,,,0,1,,,,1,,0,1,0,0
1,8,1,1,6,76,FRANCE,HAUTE-NORMANDIE,351,76351,HAVRE (LE),HENRY GENESTAL,349127,0,4,VC,0,2,2,,,0,1,,,,1,7,0,1,0,0
1,8,6,1,5,76,FRANCE,HAUTE-NORMANDIE,351,76351,HAVRE (LE),ROND-POINT de la Bigne Ã  Fosse,349130,0,4,VC,0,1,2,,,0,1,,,,1,7,0,1,0,0
1,4,1,1,3,76,FRANCE,HAUTE-NORMANDIE,647,76647,SAINT-ROMAIN-DE-COLBOSC,RD 1,349137,0,3,RD,1,2,2,0,0,0,1,0,0,,1,7,0,1,0,0
5,6,1,1,6,76,FRANCE,HAUTE-NORMANDIE,259,76259,FECAMP,RUE DES PRES,349145,0,4,VC,0,2,2,,,0,4,,,,1,,0,1,0,0
1,8,1,1,6,76,FRANCE,HAUTE-NORMANDIE,351,76351,HAVRE (LE),RUE MARCEL PAUL,349170,0,4,VC,0,2,2,,,0,1,,,,1,7,0,1,0,0
1,4,2,1,3,76,FRANCE,HAUTE-NORMANDIE,377,76377,ISNEAUVILLE,RUE DE LA HAIE,349179,5,3,RD,66,2,2,12,520,0,1,4950100,113900,,1,7,0,1,0,0
4,8,1,1,6,76,FRANCE,HAUTE-NORMANDIE,351,76351,HAVRE (LE),QUAI FRISSARD,349180,0,4,VC,0,2,2,,,0,1,4948995,12595,,1,7,0,1,0,0
1,6,3,9,6,76,FRANCE,HAUTE-NORMANDIE,322,76322,GRAND-QUEVILLY (LE),RUE DES MARTYRS DE LA RESISTANCE,349214,0,4,VC,0,2,2,,,0,1,4941433,103776,,1,7,0,1,0,0
3,2,1,4,1,76,FRANCE,HAUTE-NORMANDIE,142,76142,BREMONTIER-MERVAL,RD 21,349223,0,3,RD,21,2,2,0,0,0,1,0,0,,1,21,0,1,0,0
1,8,1,1,6,76,FRANCE,HAUTE-NORMANDIE,351,76351,HAVRE (LE),RENE COTY,349256,0,4,VC,0,2,5,,,0,1,,,,1,,0,0,0,1
1,4,1,1,6,76,FRANCE,HAUTE-NORMANDIE,624,76624,SAINT-NICOLAS-D'ALIERMONT,VC 0,349284,0,4,VC,0,1,1,5,747,0,1,4987928,121897,,1,,0,0,0,1
1,6,2,1,3,76,FRANCE,HAUTE-NORMANDIE,259,76259,FECAMP,RUE LOUIS PASTEUR,349406,0,4,VC,0,2,2,,,0,1,4975467,37196,,1,7,0,1,0,1
2,8,1,1,2,76,FRANCE,HAUTE-NORMANDIE,351,76351,HAVRE (LE),PONT JEAN JACQUES ROUSSEAU,349443,2,4,VC,0,2,2,0,0,0,1,4949260,13219,,1,7,0,1,0,0
1,1,1,1,6,76,FRANCE,HAUTE-NORMANDIE,351,76351,HAVRE (LE),ROUTE DE L'ESTUAIRE,349445,0,4,VC,0,2,2,0,0,0,1,4945860,19897,,1,17,0,1,0,0
5,8,1,1,7,76,FRANCE,HAUTE-NORMANDIE,351,76351,HAVRE (LE),COURS DE LA REPUBLIQUE,349456,0,4,VC,0,2,2,,,0,1,4949731,12796,,1,,0,1,0,0
1,5,1,1,2,76,FRANCE,HAUTE-NORMANDIE,447,76447,MONTIVILLIERS,AVENUE DE LA BELLE ETOILE,349477,0,3,RD,488,2,4,0,1768,0,1,4953890,17432,,1,7,0,1,0,0
5,8,1,1,2,76,FRANCE,HAUTE-NORMANDIE,540,76540,ROUEN,AVENUE JEAN RONDEAUX,349484,0,3,RD,938,2,5,21,64,0,1,4943010,107249,,1,7,0,1,0,0
1,6,1,1,3,76,FRANCE,HAUTE-NORMANDIE,681,76681,SOTTEVILLE-LES-ROUEN,BOULEVARD INDUSTRIEL,349506,0,3,RD,18,1,2,1,660,0,1,4942310,110630,,1,17,0,1,0,0
1,6,1,1,3,76,FRANCE,HAUTE-NORMANDIE,322,76322,GRAND-QUEVILLY (LE),AVENUE DES CANADIENS,349511,0,3,RD,938,3,2,16,407,0,1,4939260,105880,,1,7,0,1,0,0
1,1,1,1,3,76,FRANCE,HAUTE-NORMANDIE,319,76319,GRAND-COURONNE,AVENUE JEAN LAGARRIGUE,349529,0,3,RD,13,2,2,0,6,0,1,4933970,101462,,1,7,0,1,0,0
1,1,1,1,6,77,FRANCE,ILE-DE-FRANCE,067,77067,CESSON,RD 0,349572,0,3,RD,0,2,2,4,0,0,1,,,,1,,0,1,0,0
5,5,1,2,6,77,FRANCE,ILE-DE-FRANCE,014,77014,AVON,PLACE DE LA GARE,349618,0,4,VC,0,2,2,,,1,5,,,,1,7,0,1,0,0
1,6,3,8,3,77,FRANCE,ILE-DE-FRANCE,514,77514,VILLEPARISIS,ROUTE NATIONALE 3,349631,0,3,RD,0,2,2,1,0,0,1,,,,1,7,0,1,0,0
1,5,1,1,3,77,FRANCE,ILE-DE-FRANCE,390,77390,ROISSY-EN-BRIE,AVENUE DE LA MALIBRAN,349648,0,4,VC,0,3,2,1,0,0,1,,,,1,7,0,1,0,0
5,1,1,1,1,77,FRANCE,ILE-DE-FRANCE,142,77142,CRECY-LA-CHAPELLE,RD 20,349654,0,3,RD,20,2,2,0,0,0,1,4886100,292300,,1,7,0,1,0,0
1,5,2,1,3,77,FRANCE,ILE-DE-FRANCE,131,77131,COULOMMIERS,AVENUE LEON BLUM,349673,5,2,RN,0,2,2,42,0,0,1,,,,1,7,0,1,0,0
1,1,1,6,5,77,FRANCE,ILE-DE-FRANCE,393,77393,ROZAY-EN-BRIE,RN 4,349697,3,2,RN,4,3,0,0,0,0,1,4872100,284900,,1,17,0,1,0,0
1,6,1,1,6,77,FRANCE,ILE-DE-FRANCE,108,77108,CHELLES,RUE AUGUSTE MEUNIER,349736,0,4,VC,0,2,3,,,0,1,,,,1,7,0,1,0,0
1,4,1,1,6,77,FRANCE,ILE-DE-FRANCE,307,77307,MONTEVRAIN,RUE DES RABOUTS,349738,0,4,VC,0,2,0,,,0,1,,,,1,,0,1,0,0
1,1,1,3,3,77,FRANCE,ILE-DE-FRANCE,018,77018,BAILLY-ROMAINVILLIERS,RD 406,349739,0,3,RD,0,2,2,1,0,0,1,,,,1,7,0,1,0,0
2,5,1,1,3,77,FRANCE,ILE-DE-FRANCE,464,77464,THORIGNY-SUR-MARNE,ALLEE DU CHATEAU,349744,0,4,VC,0,2,2,,,0,1,,,,1,7,0,1,0,0
1,4,1,1,2,77,FRANCE,ILE-DE-FRANCE,146,77146,CROISSY-BEAUBOURG,BOULEVARD DE COURCERIN,349753,0,4,VC,0,2,3,,,0,1,,,,1,17,0,1,0,0
1,4,2,1,3,77,FRANCE,ILE-DE-FRANCE,226,77226,HERICY,AVENUE SAINT MARC,349768,0,4,VC,0,0,2,,,0,1,,,,1,7,0,1,0,0
1,1,1,1,1,77,FRANCE,ILE-DE-FRANCE,442,77442,SAMOREAU,PONT DE VALVINS,349769,2,3,RD,0,2,2,4,280,0,1,,,,1,7,0,1,0,0
1,3,2,1,1,77,FRANCE,ILE-DE-FRANCE,374,77374,PONTCARRE,RUE DE LA GARE ,349784,5,4,VC,0,2,2,1,0,0,1,,,,1,7,0,1,0,0
1,6,6,1,3,77,FRANCE,ILE-DE-FRANCE,373,77373,PONTAULT-COMBAULT,RUE DES PRES ST MARTIN,349802,0,4,VC,0,1,1,1,0,0,1,,,,1,7,0,1,0,0
1,3,1,1,1,77,FRANCE,ILE-DE-FRANCE,504,77504,VILLEMARECHAL,RD 92,349830,0,3,RD,92,2,2,0,0,0,1,4827400,286100,,1,7,0,1,0,0
5,6,3,1,3,77,FRANCE,ILE-DE-FRANCE,445,77445,SAVIGNY-LE-TEMPLE,AVENUE PIERRE MENDES FRANCE,349846,0,4,VC,0,2,2,,,0,1,,,,1,7,0,1,0,0
1,6,1,1,3,77,FRANCE,ILE-DE-FRANCE,288,77288,MELUN,RUE SAINT BARTHELEMY,349848,0,4,VC,0,1,2,,,0,1,,,,1,7,0,1,0,0
1,6,3,1,1,77,FRANCE,ILE-DE-FRANCE,122,77122,COMBS-LA-VILLE,RUE DES VIGNES,349856,0,4,VC,0,1,1,0,1,0,1,,,,1,7,0,1,0,0
1,6,1,1,1,77,FRANCE,ILE-DE-FRANCE,350,77350,OZOIR-LA-FERRIERE,RUE AUGUSTE HUDIER,349861,0,4,VC,0,3,1,1,0,0,1,,,,1,7,0,1,0,0
1,3,1,1,7,77,FRANCE,ILE-DE-FRANCE,240,77240,JOUY-SUR-MORIN,RD 66,349869,0,3,RD,66,2,0,0,0,0,1,4879700,327500,,1,,0,1,0,0
1,4,3,1,3,77,FRANCE,ILE-DE-FRANCE,146,77146,CROISSY-BEAUBOURG,BOULEVARD DE BEAUBOURG,349893,0,4,VC,0,2,2,,,1,3,,,,1,7,0,1,0,0
1,6,3,1,3,77,FRANCE,ILE-DE-FRANCE,468,77468,TORCY,COURS DES LACS,349896,0,3,RD,0,0,2,,,0,0,,,,1,7,0,1,0,0
1,5,1,2,6,77,FRANCE,ILE-DE-FRANCE,186,77186,FONTAINEBLEAU,RUE DE FERRARE,349910,0,9,Autre,0,2,1,,,0,1,,,,1,7,0,1,0,0
1,6,3,1,2,77,FRANCE,ILE-DE-FRANCE,288,77288,MELUN,RUE LAVOISIER,349919,5,4,VC,0,2,3,,,0,1,,,,1,7,0,1,0,0
1,4,3,1,3,77,FRANCE,ILE-DE-FRANCE,048,77048,BOURRON-MARLOTTE,RUE MURGER,349928,0,3,RD,0,2,2,,,0,1,,,,1,99,0,1,0,0
1,1,6,1,3,77,FRANCE,ILE-DE-FRANCE,508,77508,VILLENEUVE-LE-COMTE,RD 231,349956,5,3,RD,231,2,1,44,800,0,1,4882400,281800,,1,7,0,1,0,0
3,6,1,2,1,77,FRANCE,ILE-DE-FRANCE,108,77108,CHELLES,CHEMIN DE LA GUETTE,349966,0,4,VC,0,2,2,,,0,1,,,,1,10,0,1,0,0
5,5,1,9,2,77,FRANCE,ILE-DE-FRANCE,131,77131,COULOMMIERS,RUE MARCEL CLAVIER,349971,0,9,Autre,0,2,1,,,0,1,,,,1,10,0,1,0,0
1,5,2,1,3,77,FRANCE,ILE-DE-FRANCE,333,77333,NEMOURS,AVENUE ROUX,350025,0,4,VC,0,2,1,,,0,1,,,,1,17,0,1,0,0
1,5,7,1,6,77,FRANCE,ILE-DE-FRANCE,390,77390,ROISSY-EN-BRIE,PLACE DU SOUVENIR,350058,0,4,VC,0,0,1,1,0,0,1,,,,1,,0,1,0,0
1,1,6,1,3,77,FRANCE,ILE-DE-FRANCE,374,77374,PONTCARRE,CD 471,350059,0,3,RD,0,1,2,1,0,0,1,,,,1,7,0,1,0,0
1,6,1,1,3,77,FRANCE,ILE-DE-FRANCE,373,77373,PONTAULT-COMBAULT,RUE DES PRES ST MARTIN,350062,0,4,VC,0,2,2,1,0,1,4,,,,1,7,0,1,0,0
3,4,1,1,3,77,FRANCE,ILE-DE-FRANCE,320,77320,MOUROUX,RUE DES BIBARNOUX,350076,0,9,Autre,0,0,0,,,1,1,,,,1,7,0,1,0,0
1,6,2,1,2,77,FRANCE,ILE-DE-FRANCE,122,77122,COMBS-LA-VILLE,RUE DU MARCHE,350084,5,9,Autre,0,2,2,0,1,0,1,,,,1,7,0,1,0,0
1,2,1,1,7,77,FRANCE,ILE-DE-FRANCE,331,77331,NANTEUIL-SUR-MARNE,VC 0,350099,0,4,VC,0,2,1,0,0,0,1,4898500,322000,,1,,0,1,0,0
1,1,9,1,1,77,FRANCE,ILE-DE-FRANCE,339,77339,NOISY-SUR-ECOLE,RD 16,350100,5,3,RD,16,2,0,22,500,0,1,0,0,,1,7,0,1,0,0
1,4,1,1,3,77,FRANCE,ILE-DE-FRANCE,210,77210,GRANDE-PAROISSE (LA),RUE MORIOT CLOVIS,350114,0,4,VC,0,2,2,,,0,1,,,,1,7,0,1,0,0
1,6,9,1,3,77,FRANCE,ILE-DE-FRANCE,468,77468,TORCY,RUE GERARD PHILIPE,350116,0,9,Autre,0,2,1,,,0,1,,,,1,7,0,1,0,0
1,6,6,1,3,77,FRANCE,ILE-DE-FRANCE,373,77373,PONTAULT-COMBAULT,RUE DE PARIS,350121,5,2,RN,0,1,2,1,0,0,1,,,,1,7,0,1,0,0
1,4,3,1,6,77,FRANCE,ILE-DE-FRANCE,121,77121,COLLEGIEN,RUE DES BLEUETS,350186,0,4,VC,0,2,0,,,0,1,,,,1,7,0,1,0,0
1,1,1,1,6,77,FRANCE,ILE-DE-FRANCE,294,77294,MITRY-MORY,ROUTE NEUVE,350212,0,3,RD,0,2,2,,,0,1,,,,1,7,0,1,0,0
1,3,2,1,3,77,FRANCE,ILE-DE-FRANCE,425,77425,SAINT-MARTIN-EN-BIERE,RD 50,350230,0,3,RD,50,2,0,0,0,0,1,4844200,256100,,1,7,0,1,0,0
1,3,1,1,6,77,FRANCE,ILE-DE-FRANCE,400,77400,SAINT-AUGUSTIN,RUE DU MONCET,350234,0,4,VC,0,2,1,,,0,3,,,,1,,0,1,0,0
1,5,2,1,3,77,FRANCE,ILE-DE-FRANCE,294,77294,MITRY-MORY,AVENUE DES FRENES,350241,0,4,VC,0,0,2,,,0,1,,,,1,7,0,1,0,0
2,1,1,1,3,77,FRANCE,ILE-DE-FRANCE,392,77392,ROUVRES,RD 401,350298,0,3,RD,401,2,2,11,400,0,1,4905900,271700,,1,7,0,1,0,0
5,5,6,1,3,77,FRANCE,ILE-DE-FRANCE,305,77305,MONTEREAU-FAULT-YONNE,RN105,350342,0,3,RD,0,1,2,48,230,0,1,,,,1,7,0,1,0,0
1,1,1,1,2,77,FRANCE,ILE-DE-FRANCE,458,77458,SOUPPES-SUR-LOING,route de MONTARGIS,350343,0,3,RD,0,2,2,50,80,0,1,,,,1,17,0,1,0,0
2,6,3,1,6,77,FRANCE,ILE-DE-FRANCE,083,77083,CHAMPS-SUR-MARNE,RUE DE LA GARENNE,350345,6,9,Autre,0,3,2,,,0,1,,,,1,7,0,1,0,0
2,1,1,1,3,77,FRANCE,ILE-DE-FRANCE,206,77206,GIREMOUTIERS,RD 44,350397,0,3,RD,44,2,2,4,3,0,0,4885800,304300,,1,10,0,1,0,0
1,6,8,2,3,77,FRANCE,ILE-DE-FRANCE,468,77468,TORCY,AVENUE LOUIS ARAGON,350415,0,4,VC,0,3,2,,,0,1,,,,1,7,0,1,0,0
1,6,4,7,3,77,FRANCE,ILE-DE-FRANCE,122,77122,COMBS-LA-VILLE,RUE PIERRE ET MARIE CURIE,350437,5,9,Autre,0,2,2,,,0,1,,,,1,7,0,1,0,0
1,6,1,1,6,77,FRANCE,ILE-DE-FRANCE,122,77122,COMBS-LA-VILLE,AVENUE DE LA REPUBLIQUE,350498,6,4,VC,0,0,1,,,0,4,,,,1,,0,0,0,1
1,5,6,1,3,77,FRANCE,ILE-DE-FRANCE,258,77258,LOGNES,ROND-POINT NELSON MANDELA,350501,5,9,Autre,0,0,0,,,0,1,,,,1,7,0,1,0,0
1,1,1,1,6,77,FRANCE,ILE-DE-FRANCE,186,77186,FONTAINEBLEAU,RD 142 GlanDEe au grand veneur,350516,0,3,RD,0,2,2,12,500,0,1,,,,1,7,0,1,0,0
1,5,3,1,1,77,FRANCE,ILE-DE-FRANCE,294,77294,MITRY-MORY,HONORE DE BALZAC,350522,0,4,VC,0,2,2,,,0,1,,,,1,7,0,1,0,0
1,4,1,1,1,77,FRANCE,ILE-DE-FRANCE,192,77192,FONTENAY-TRESIGNY,Autre 27,350541,0,9,Autre,27,2,2,0,0,0,1,4870800,286900,,1,7,0,1,0,0
1,6,1,1,1,77,FRANCE,ILE-DE-FRANCE,108,77108,CHELLES,AVENUE DU GENERAL DE GAULLE,350548,0,4,VC,0,2,2,,,0,1,,,,1,7,0,1,0,0
1,6,1,1,2,77,FRANCE,ILE-DE-FRANCE,108,77108,CHELLES,BOULEVARD PIERRE MENDES FRANCE,350549,0,3,RD,0,2,4,2,400,0,1,,,,1,7,0,1,0,0
1,1,1,1,2,77,FRANCE,ILE-DE-FRANCE,186,77186,FONTAINEBLEAU,D138,350556,0,3,RD,0,2,1,7,900,0,1,,,,1,7,0,1,0,0
1,6,1,1,2,77,FRANCE,ILE-DE-FRANCE,373,77373,PONTAULT-COMBAULT,RUE DES PRES ST MARTIN,350569,0,4,VC,0,2,2,,,1,1,,,,1,15,0,1,0,0
1,5,1,8,3,77,FRANCE,ILE-DE-FRANCE,251,77251,LIEUSAINT,CARREFOUR,350573,5,3,RD,0,2,2,0,1,0,1,,,,1,37,0,1,0,0
5,6,1,1,2,77,FRANCE,ILE-DE-FRANCE,152,77152,DAMMARIE-LES-LYS,AVENUE MONTAIGNE,350587,0,4,VC,0,2,4,,,0,1,,,,1,7,0,1,0,0
1,6,2,1,3,77,FRANCE,ILE-DE-FRANCE,288,77288,MELUN,BOULEVARD DE L'ALMONT,350595,0,4,VC,0,2,3,,,0,1,,,,1,10,0,1,0,0
1,1,1,7,6,77,FRANCE,ILE-DE-FRANCE,306,77306,MONTEREAU-SUR-LE-JARD,D57,350596,0,3,RD,0,2,2,21,400,0,1,,,,1,38,0,1,0,0
1,5,1,1,3,77,FRANCE,ILE-DE-FRANCE,258,77258,LOGNES,RUE DE LA MAISON ROUGE,350605,0,4,VC,0,0,2,,,1,5,,,,1,7,0,1,0,0
1,1,1,1,2,77,FRANCE,ILE-DE-FRANCE,390,77390,ROISSY-EN-BRIE,ROUTE DE PONTAULT,350606,0,3,RD,0,2,2,4,0,1,3,,,,1,7,0,1,0,0
1,1,1,1,6,77,FRANCE,ILE-DE-FRANCE,186,77186,FONTAINEBLEAU,RD152 de l'oBElisque panneau ONF,350608,0,2,RN,0,2,2,38,400,0,1,,,,1,7,0,1,0,0
1,5,1,1,7,77,FRANCE,ILE-DE-FRANCE,215,77215,GRETZ-ARMAINVILLIERS,RUE DE PARIS,350645,0,4,VC,0,2,0,,,0,1,,,,1,7,0,1,0,0
1,5,8,1,6,77,FRANCE,ILE-DE-FRANCE,186,77186,FONTAINEBLEAU,RUE SAINT HONORE,350664,0,4,VC,0,2,2,,,0,1,,,,1,,0,1,0,0