lum,agg,int,atm,col,dep_bis,pays,region,com_bis,com_codeINSEE,communes,N_voie,numac,infra,catr,type_route,voie,circ,nbv,pr,pr1,vosp,situ,lat,long,adr,accident_velo,vehicule_imp,cycl_mort,cycl_bgv,cycl_blg,cycl_indm
1,6,2,7,3,77,FRANCE,ILE-DE-FRANCE,288,77288,MELUN,RUE DE CREVOULIN,350666,5,4,VC,0,2,2,,,0,0,,,,1,7,0,1,0,0
3,1,1,1,2,77,FRANCE,ILE-DE-FRANCE,186,77186,FONTAINEBLEAU,D606 de l'oBElisque limite MORET,350700,0,3,RD,0,3,2,36,0,0,1,,,,1,7,0,1,0,0
1,5,1,1,6,77,FRANCE,ILE-DE-FRANCE,186,77186,FONTAINEBLEAU,RUE GRANDE  RUE,350739,0,4,VC,0,2,2,,,0,1,,,,1,15,0,1,0,0
1,5,4,1,6,77,FRANCE,ILE-DE-FRANCE,294,77294,MITRY-MORY,AVENUE LAFAYETTE,350775,0,4,VC,0,2,1,,,0,1,,,,1,7,0,1,0,0
3,1,1,5,2,77,FRANCE,ILE-DE-FRANCE,099,77099,CHATEAU-LANDON,RD 207,350788,0,3,RD,207,2,2,2,0,0,1,4817510,271666,,1,7,0,1,0,0
2,1,1,9,1,77,FRANCE,ILE-DE-FRANCE,483,77483,VARREDDES,RD 121,350815,0,3,RD,121,2,2,8,100,0,0,4900240,293696,,1,7,0,1,0,0
1,6,1,8,3,77,FRANCE,ILE-DE-FRANCE,083,77083,CHAMPS-SUR-MARNE,AVENUE DU GENERAL DE GAULLE,350832,0,4,VC,0,2,2,0,0,0,1,,,,1,7,0,1,0,0
1,1,2,1,2,77,FRANCE,ILE-DE-FRANCE,251,77251,LIEUSAINT,RD 305,350863,0,3,RD,305,0,0,4,391,0,0,,,,1,7,0,1,0,0
1,1,1,8,1,77,FRANCE,ILE-DE-FRANCE,326,77326,NANDY,AVENUE OLOF PALME,350878,0,3,RD,151,2,2,0,563,0,1,,,,1,7,0,1,0,0
1,5,6,1,3,77,FRANCE,ILE-DE-FRANCE,305,77305,MONTEREAU-FAULT-YONNE,RD 605,350886,0,3,RD,605,2,2,48,300,0,1,,,,1,99,0,1,0,0
1,4,2,1,3,77,FRANCE,ILE-DE-FRANCE,192,77192,FONTENAY-TRESIGNY,VC 0,350900,0,4,VC,0,0,0,0,0,0,0,0,0,,1,7,0,1,0,0
1,5,1,1,6,77,FRANCE,ILE-DE-FRANCE,390,77390,ROISSY-EN-BRIE,AVENUE JEAN MONNET,350910,2,3,RD,1021,2,2,0,720,1,5,,,,1,,0,0,0,1
1,5,1,1,1,77,FRANCE,ILE-DE-FRANCE,407,77407,SAINT-FARGEAU-PONTHIERRY,ALLEE DES MARINIERS,350931,0,4,VC,0,2,2,0,0,0,1,,,,1,7,,,,
1,6,3,1,1,77,FRANCE,ILE-DE-FRANCE,445,77445,SAVIGNY-LE-TEMPLE,RUE BENOIT MALON,350936,0,4,VC,0,2,1,0,1,0,0,,,,1,7,0,1,0,0
1,6,1,1,7,77,FRANCE,ILE-DE-FRANCE,373,77373,PONTAULT-COMBAULT,RUE LUCIEN BRUNET,350939,0,4,VC,0,1,1,0,0,0,1,,,,1,,0,1,0,0
1,4,1,1,1,77,FRANCE,ILE-DE-FRANCE,100,77100,CHATELET-EN-BRIE (LE),VC 0,350948,0,4,VC,0,2,0,0,0,0,1,0,0,,1,7,0,1,0,0
1,4,3,1,3,77,FRANCE,ILE-DE-FRANCE,018,77018,BAILLY-ROMAINVILLIERS,RUE DU BOIS DE TROU,350951,0,4,VC,0,2,2,0,0,0,1,,,,1,7,0,1,0,0
1,6,1,1,3,77,FRANCE,ILE-DE-FRANCE,373,77373,PONTAULT-COMBAULT,RUE DE PARIS,350971,0,3,RD,604,2,4,1,0,0,1,,,,1,7,0,1,0,0
1,1,1,1,3,77,FRANCE,ILE-DE-FRANCE,508,77508,VILLENEUVE-LE-COMTE,RD 21,350981,0,3,RD,21,2,2,20,100,0,1,4881670,285369,,1,7,0,1,0,0
5,5,1,1,6,77,FRANCE,ILE-DE-FRANCE,014,77014,AVON,RUE BERNARD PALISSY,351022,0,4,VC,0,1,1,0,0,0,1,,,,1,,0,1,0,0
5,6,1,1,6,77,FRANCE,ILE-DE-FRANCE,350,77350,OZOIR-LA-FERRIERE,AVENUE DU GENERAL LECLERC,351023,0,3,RD,350,2,2,0,556,0,1,,,,1,7,0,1,0,0
1,1,1,1,2,77,FRANCE,ILE-DE-FRANCE,406,77406,SAINT-DENIS-LES-REBAIS,RD 222,351037,0,3,RD,222,2,2,11,0,0,1,0,0,,1,7,0,1,0,0
3,1,4,1,1,77,FRANCE,ILE-DE-FRANCE,107,77107,CHAUMES-EN-BRIE,RD 402,351038,0,3,RD,402,2,2,24,108,0,1,0,0,,1,3,0,1,0,0
1,5,1,1,3,77,FRANCE,ILE-DE-FRANCE,249,77249,LESIGNY,RESIDENCE DU PARC,351087,0,4,VC,0,2,2,0,0,0,1,,,,1,7,0,1,0,0
1,1,1,1,2,77,FRANCE,ILE-DE-FRANCE,118,77118,CLAYE-SOUILLY,ROUTE DEPARTEMENTAL 34,351098,0,3,RD,34,2,1,1,0,0,1,,,,1,7,0,1,0,0
5,5,3,4,3,77,FRANCE,ILE-DE-FRANCE,390,77390,ROISSY-EN-BRIE,RUE DENIS PAPIN,351099,0,3,RD,361,2,2,2,326,0,1,,,,1,99,0,1,0,0
1,1,1,1,2,77,FRANCE,ILE-DE-FRANCE,123,77123,COMPANS,CD 212,351115,3,3,RD,212,1,2,5,890,0,0,,,,1,33,0,1,0,0
5,6,2,1,3,77,FRANCE,ILE-DE-FRANCE,468,77468,TORCY,AVENUE JACQUES PREVERT,351124,5,3,RD,34,2,2,0,130,0,1,,,,1,7,0,1,0,0
1,4,6,9,3,77,FRANCE,ILE-DE-FRANCE,146,77146,CROISSY-BEAUBOURG,ROND-POINT DES VIEILLES VIGNES,351132,0,3,RD,10,0,2,3,150,0,1,,,,1,7,0,1,0,0
1,1,1,1,2,77,FRANCE,ILE-DE-FRANCE,186,77186,FONTAINEBLEAU,RD148 carrefour DIANE A SORQUES,351154,0,3,RD,148,2,2,2,700,0,1,,,,1,7,0,1,0,0
1,1,1,1,3,77,FRANCE,ILE-DE-FRANCE,508,77508,VILLENEUVE-LE-COMTE,RD 231,351174,0,3,RD,231,2,2,42,900,0,1,0,0,,1,10,0,1,0,0
1,1,1,1,2,77,FRANCE,ILE-DE-FRANCE,099,77099,CHATEAU-LANDON,RD 207,351177,0,3,RD,207,2,2,2,1500,0,1,0,0,,1,7,0,1,0,0
1,3,1,1,3,77,FRANCE,ILE-DE-FRANCE,429,77429,SAINT-OUEN-SUR-MORIN,RD 31,351179,0,3,RD,31,2,2,4,38,0,1,0,0,,1,7,0,1,0,0
1,1,1,1,2,77,FRANCE,ILE-DE-FRANCE,186,77186,FONTAINEBLEAU,RD116 PanONF rte Buttes aux aires,351191,0,4,VC,0,2,2,8,400,0,1,,,,1,7,0,1,0,0
3,1,1,1,2,77,FRANCE,ILE-DE-FRANCE,255,77255,LIVRY-SUR-SEINE,D 39,351194,0,3,RD,0,3,2,,,0,1,,,,1,31,0,1,0,0
1,1,1,1,7,77,FRANCE,ILE-DE-FRANCE,114,77114,CHEVRY-COSSIGNY,RD 216,351202,0,3,RD,0,3,2,0,1,0,3,,,,1,,0,1,0,0
1,1,1,1,1,77,FRANCE,ILE-DE-FRANCE,512,77512,VILLENEUVE-SUR-BELLOT,VC 0,351207,0,4,VC,0,2,2,0,0,0,1,4887700,332900,,1,7,0,1,0,0
1,6,1,1,6,77,FRANCE,ILE-DE-FRANCE,108,77108,CHELLES,RUE DES CITES ,351228,0,4,VC,0,2,2,,,1,1,,,,1,7,0,1,0,0
1,1,1,1,3,77,FRANCE,ILE-DE-FRANCE,142,77142,CRECY-LA-CHAPELLE,RD 934,351240,5,3,RD,934,3,2,26,60,0,1,4886800,288300,,1,7,0,1,0,0
5,5,1,1,7,77,FRANCE,ILE-DE-FRANCE,014,77014,AVON,RUE DE LA GARE ,351254,0,4,VC,0,1,1,,,0,1,,,,1,,0,1,0,0
1,4,1,1,7,77,FRANCE,ILE-DE-FRANCE,533,77533,VULAINES-SUR-SEINE,ROUTE D'HERICY,351283,0,4,VC,0,2,2,,,0,4,,,,1,,0,1,0,0
1,1,1,1,2,77,FRANCE,ILE-DE-FRANCE,186,77186,FONTAINEBLEAU,RD148 carrefour DIANE A SORQUES,351284,0,3,RD,0,2,1,5,300,0,1,,,,1,,0,0,0,1
1,6,3,8,3,77,FRANCE,ILE-DE-FRANCE,468,77468,TORCY,RUE PIERRE MENDES FRANCE,351311,5,4,VC,0,2,2,,,0,1,,,,1,7,0,1,0,0
1,4,1,1,1,77,FRANCE,ILE-DE-FRANCE,222,77222,GUIGNES,Autre 0,351344,0,9,Autre,0,2,0,0,0,0,1,0,0,,1,15,0,1,0,0
1,2,1,1,2,77,FRANCE,ILE-DE-FRANCE,091,77091,CHAPELLES-BOURBON (LES),VC 0,351348,0,4,VC,0,2,2,0,0,0,1,4874500,283800,,1,13,0,1,0,0
1,5,1,1,6,77,FRANCE,ILE-DE-FRANCE,037,77037,BOIS-LE-ROI,AVENUE GALLIENI,351371,0,4,VC,0,2,2,,,0,1,,,,1,,0,1,0,0
1,4,3,7,3,77,FRANCE,ILE-DE-FRANCE,146,77146,CROISSY-BEAUBOURG,RUE DES VIEILLES VIGNES,351377,0,4,VC,0,2,2,,,0,1,,,,1,7,0,1,0,0
1,5,1,1,3,77,FRANCE,ILE-DE-FRANCE,390,77390,ROISSY-EN-BRIE,AVENUE PIERRE MENDES FRANCE,351388,0,4,VC,0,2,2,,,0,1,,,,1,7,0,1,0,0
5,6,6,1,1,77,FRANCE,ILE-DE-FRANCE,122,77122,COMBS-LA-VILLE,AVENUE DE QUINCY,351399,0,4,VC,0,1,1,0,1,0,1,,,,1,30,0,1,0,0
5,5,6,1,3,77,FRANCE,ILE-DE-FRANCE,014,77014,AVON,RUE DU MONTCEAU,351402,0,4,VC,0,1,1,,,1,5,,,,1,7,0,1,0,0
3,1,1,1,6,77,FRANCE,ILE-DE-FRANCE,180,77180,FEROLLES-ATTILLY,CHEMIN DES CLOS,351419,0,4,VC,0,2,2,0,1,0,1,,,,1,7,0,1,0,0
3,1,1,8,2,77,FRANCE,ILE-DE-FRANCE,255,77255,LIVRY-SUR-SEINE,ROUTE DEPARTEMENTALE 39,351438,0,3,RD,39,2,2,29,0,0,1,,,,1,7,0,1,0,0
1,6,1,1,1,77,FRANCE,ILE-DE-FRANCE,373,77373,PONTAULT-COMBAULT,AVENUE DE CAMINHA,351452,0,4,VC,0,2,1,,,0,1,,,,1,10,0,1,0,0
5,4,2,1,3,77,FRANCE,ILE-DE-FRANCE,100,77100,CHATELET-EN-BRIE (LE),RD 116,351458,5,3,RD,116,2,2,0,0,0,1,,,,1,7,0,1,0,0
1,3,1,1,3,77,FRANCE,ILE-DE-FRANCE,086,77086,CHAPELLE-GAUTHIER (LA),RD 408,351463,5,3,RD,408,2,2,20,0,0,1,0,0,,1,7,0,1,0,0
5,6,1,1,1,77,FRANCE,ILE-DE-FRANCE,108,77108,CHELLES,ALLEE DES COUDRIERS,351544,0,4,VC,0,1,1,,,0,1,4890010,260437,,1,7,0,1,0,0
1,4,1,1,6,77,FRANCE,ILE-DE-FRANCE,320,77320,MOUROUX,RUE TRUCHOT,351555,1,4,VC,,2,2,,,0,4,4882061,304559,,1,,0,1,0,0
1,2,2,7,3,77,FRANCE,ILE-DE-FRANCE,013,77013,AULNOY,CHEMIN RURAL DU LAVOIR,351559,0,4,VC,,2,2,,,0,1,4885045,305985,,1,7,0,1,0,0
1,5,3,1,3,77,FRANCE,ILE-DE-FRANCE,037,77037,BOIS-LE-ROI,AVENUE PAUL DOUMER,351573,0,3,RD,115,2,2,13,100,0,1,,,,1,37,0,1,0,0
1,5,2,1,3,77,FRANCE,ILE-DE-FRANCE,037,77037,BOIS-LE-ROI,RUE GUIDO SIGRISTE,351574,0,4,VC,,2,2,,,0,1,4846485,269980,,1,7,0,1,0,0
1,1,1,1,2,77,FRANCE,ILE-DE-FRANCE,186,77186,FONTAINEBLEAU,D137,351576,0,3,RD,137,2,2,4,692,0,1,,,,1,10,0,1,0,0
1,1,2,1,3,77,FRANCE,ILE-DE-FRANCE,186,77186,FONTAINEBLEAU,RD 606,351578,5,3,RD,606,3,2,23,610,0,1,,,,1,10,0,1,0,0
1,1,1,1,2,77,FRANCE,ILE-DE-FRANCE,199,77199,FUBLAINES,CD 228A,351595,0,3,RD,228,2,2,3,0,0,1,,,,1,7,0,1,0,0
3,1,1,1,2,77,FRANCE,ILE-DE-FRANCE,199,77199,FUBLAINES,CD 228A,351601,0,3,RD,228,2,2,2,750,0,1,,,,1,7,0,1,0,0
1,5,4,1,1,77,FRANCE,ILE-DE-FRANCE,407,77407,SAINT-FARGEAU-PONTHIERRY,ALLEE DE LA GUICHE,351621,0,4,VC,,2,2,,,0,1,4856495,254195,,1,7,0,1,0,0
1,6,1,1,7,77,FRANCE,ILE-DE-FRANCE,288,77288,MELUN,RUE DE FRETEAU DE PENY,351623,0,6,Parking,,0,0,,,0,1,4853695,266932,,1,,0,1,0,0
1,6,1,1,3,77,FRANCE,ILE-DE-FRANCE,445,77445,SAVIGNY-LE-TEMPLE,AVENUE DU CLOCHER,351645,0,4,VC,,2,2,,,1,1,4858492,258165,,1,37,0,1,0,0
1,5,3,1,3,77,FRANCE,ILE-DE-FRANCE,251,77251,LIEUSAINT,CHEMIN DU LAVOIR,351654,0,4,VC,,2,2,,,0,1,4863934,254326,,1,7,0,1,0,0
1,1,4,9,1,77,FRANCE,ILE-DE-FRANCE,506,77506,VILLEMER,D 136,351672,0,3,RD,136,2,2,9,927,0,1,,,,1,7,0,1,0,0
5,5,1,1,7,77,FRANCE,ILE-DE-FRANCE,258,77258,LOGNES,RUE GABRIEL,351683,0,4,VC,0,0,2,,,0,5,4884085,263862,,1,,0,1,0,0
1,6,1,1,2,77,FRANCE,ILE-DE-FRANCE,083,77083,CHAMPS-SUR-MARNE,ALLEE EMILE ROUX,351687,0,4,VC,,2,2,,,0,1,4885434,258049,,1,33,0,1,0,0
1,6,1,1,7,77,FRANCE,ILE-DE-FRANCE,468,77468,TORCY,RUE DE LA REPUBLIQUE ,351694,0,4,VC,,2,2,,,0,1,4885503,264110,,1,7,0,1,0,0
1,6,2,1,6,77,FRANCE,ILE-DE-FRANCE,373,77373,PONTAULT-COMBAULT,AVENUE CHARLES ROUXEL,351712,0,4,VC,,2,2,,,0,1,4879402,260450,,1,7,0,1,0,0
1,3,1,1,1,78,FRANCE,ILE-DE-FRANCE,034,78034,AUTEUIL,RD 76,351800,0,3,RD,76,2,2,0,0,0,1,0,0,,1,7,0,1,0,0
3,6,1,2,3,78,FRANCE,ILE-DE-FRANCE,490,78490,PLAISIR,AVENUE DE SAINT GERMAIN,351806,0,4,VC,0,2,2,,,0,1,,,,1,7,0,1,0,0
5,6,2,9,3,78,FRANCE,ILE-DE-FRANCE,297,78297,GUYANCOURT,RUE AMBROISE CROIZAT,351808,0,4,VC,0,2,2,,,0,1,,,,1,7,0,1,0,0
1,6,1,1,6,78,FRANCE,ILE-DE-FRANCE,551,78551,SAINT-GERMAIN-EN-LAYE,DU PRESIDENT ROOSEVELT,351824,1,2,RN,0,2,2,,,0,1,,,,1,7,0,1,0,0
2,7,2,1,3,78,FRANCE,ILE-DE-FRANCE,646,78646,VERSAILLES,RD 0,351827,0,3,RD,0,2,3,4,283,0,1,,,,1,7,0,1,0,0
1,1,1,1,3,78,FRANCE,ILE-DE-FRANCE,536,78536,SAILLY,RD 913,351866,0,3,RD,913,2,2,11,167,0,1,0,0,,1,7,0,1,0,1
1,1,6,1,3,78,FRANCE,ILE-DE-FRANCE,674,78674,VILLEPREUX,CD 98,351873,5,3,RD,0,2,1,2,554,0,1,,,,1,7,0,1,0,0
5,1,1,1,7,78,FRANCE,ILE-DE-FRANCE,550,78550,SAINT-GERMAIN-DE-LA-GRANGE,VC 0,351894,0,4,VC,0,2,2,0,0,0,1,4883300,190200,,1,,0,1,0,0
1,6,1,1,6,78,FRANCE,ILE-DE-FRANCE,498,78498,POISSY,RUE DE LA BRUYERE ,351908,0,5,Hors_reseau,0,2,2,,,0,1,,,,1,7,0,1,0,0
1,7,3,1,3,78,FRANCE,ILE-DE-FRANCE,646,78646,VERSAILLES,RUE DU COLONEL DE BANGE,351913,0,4,VC,0,1,1,,,0,1,,,,1,18,0,1,0,0
1,1,1,1,3,78,FRANCE,ILE-DE-FRANCE,062,78062,BEYNES,RD 119,351925,0,3,RD,119,2,2,13,0,0,1,4885200,189800,,1,7,0,1,0,0
1,1,1,1,2,78,FRANCE,ILE-DE-FRANCE,601,78601,SONCHAMP,RD 1,351928,0,3,RD,1,2,2,26,600,0,1,0,0,,1,7,0,1,0,0
1,6,9,1,2,78,FRANCE,ILE-DE-FRANCE,490,78490,PLAISIR,RUE DE LA GARE ,351942,0,4,VC,0,2,1,,,0,1,,,,1,7,0,1,0,0
1,6,1,1,3,78,FRANCE,ILE-DE-FRANCE,490,78490,PLAISIR,ALLEE SAINT JUST,351943,0,4,VC,0,2,1,,,3,1,,,,1,5,0,1,0,0
1,1,4,1,3,78,FRANCE,ILE-DE-FRANCE,498,78498,POISSY,RUE DE MIGNEAUX ,351945,0,4,VC,0,2,2,,,0,1,,,,1,7,0,1,0,0
1,7,1,1,3,78,FRANCE,ILE-DE-FRANCE,646,78646,VERSAILLES,RUE DU MARECHAL DE LATTRE DE TASSIGNY,351955,0,4,VC,0,2,2,,,0,1,,,,1,7,0,1,0,0
1,5,1,1,7,78,FRANCE,ILE-DE-FRANCE,644,78644,VERRIERE (LA),AVENUE DES NOES,351961,0,4,VC,0,2,2,,,0,0,,,,1,7,0,1,0,0
1,6,9,1,3,78,FRANCE,ILE-DE-FRANCE,297,78297,GUYANCOURT,RUE GUSTAVE EIFFEL,351962,0,4,VC,0,2,0,,,0,1,,,,1,7,0,1,0,0
1,5,1,1,3,78,FRANCE,ILE-DE-FRANCE,674,78674,VILLEPREUX,AVENUE D'ANJOU,351963,0,4,VC,0,2,1,,,0,1,,,,1,7,0,1,0,0
1,1,1,1,3,78,FRANCE,ILE-DE-FRANCE,551,78551,SAINT-GERMAIN-EN-LAYE,ROUTE CENTRALE,351974,0,4,VC,0,2,2,,,0,1,,,,1,7,0,1,0,0
1,1,1,1,2,78,FRANCE,ILE-DE-FRANCE,128,78128,CERNAY-LA-VILLE,RD 906,351989,0,3,RD,906,2,2,24,577,0,1,4868000,198000,,1,7,0,1,0,0
1,1,1,1,5,78,FRANCE,ILE-DE-FRANCE,615,78615,THIVERVAL-GRIGNON,RD 119,351994,5,3,RD,119,2,2,13,5,0,1,4884000,190000,,1,7,0,1,0,0
1,6,1,1,6,78,FRANCE,ILE-DE-FRANCE,358,78358,MAISONS-LAFFITTE,RUE DU GROS MURGER,352003,0,4,VC,0,2,2,,,0,1,,,,1,,0,0,0,1
1,6,1,1,7,78,FRANCE,ILE-DE-FRANCE,208,78208,ELANCOURT,AVENUE DE LA VILLEDIEU  210,352010,0,4,VC,0,2,0,,,1,4,,,,1,7,0,1,0,0
1,6,1,9,3,78,FRANCE,ILE-DE-FRANCE,423,78423,MONTIGNY-LE-BRETONNEUX,BOULEVARD DESCARTES,352012,0,4,VC,0,0,0,,,0,4,,,,1,7,0,1,0,0
1,5,2,1,3,78,FRANCE,ILE-DE-FRANCE,123,78123,CARRIERES-SOUS-POISSY,PLACE SAINT BLAISE ,352019,0,4,VC,0,0,0,,,0,1,,,,1,7,0,1,0,0
1,5,1,1,7,78,FRANCE,ILE-DE-FRANCE,062,78062,BEYNES,VC 2,352031,0,4,VC,2,2,2,0,0,0,4,4885000,188600,,1,,0,1,0,0
1,3,1,1,1,78,FRANCE,ILE-DE-FRANCE,616,78616,THOIRY,RD 11,352033,0,3,RD,11,2,2,24,266,0,1,0,0,,1,17,0,1,0,0
1,6,6,1,3,78,FRANCE,ILE-DE-FRANCE,640,78640,VELIZY-VILLACOUBLAY,CARREFOUR DU JUMELAGE,352057,0,3,RD,0,1,2,2,615,0,1,,,,1,7,0,1,0,0
3,5,1,1,6,78,FRANCE,ILE-DE-FRANCE,624,78624,TRIEL-SUR-SEINE,RUE PAUL DOUMER,352079,0,4,VC,0,0,2,,,0,1,,,,1,,0,0,0,1
1,6,2,1,3,78,FRANCE,ILE-DE-FRANCE,621,78621,TRAPPES,RUE CASTIGLIONE DEL LAGO,352091,0,4,VC,0,2,2,1,0,0,1,,,,1,7,0,1,0,0
1,6,1,1,1,78,FRANCE,ILE-DE-FRANCE,498,78498,POISSY,RUE DES CHAMPS  GRANDS,352122,0,4,VC,0,1,2,,,0,1,,,,1,7,0,1,0,0
1,6,2,1,6,78,FRANCE,ILE-DE-FRANCE,158,78158,CHESNAY (LE),RD 0,352132,0,3,RD,0,2,2,1,432,0,1,,,,1,7,0,1,0,0
5,5,3,1,1,78,FRANCE,ILE-DE-FRANCE,383,78383,MAUREPAS,AVENUE DU VERCORS,352157,0,4,VC,0,1,2,,,0,1,,,,1,7,0,1,0,0
1,6,3,5,3,78,FRANCE,ILE-DE-FRANCE,423,78423,MONTIGNY-LE-BRETONNEUX,AVENUE DES FRERES LUMIERE,352159,0,4,VC,0,1,2,,,0,1,,,,1,7,0,1,0,0
2,5,3,1,3,78,FRANCE,ILE-DE-FRANCE,688,78688,VOISINS-LE-BRETONNEUX,CD 36,352160,0,3,RD,0,1,2,,,0,1,,,,1,7,0,1,0,0
1,6,3,1,3,78,FRANCE,ILE-DE-FRANCE,311,78311,HOUILLES,AVENUE DE LA VICTOIRE,352162,0,4,VC,0,2,2,,,0,1,,,,1,10,0,1,0,0
1,5,2,1,3,78,FRANCE,ILE-DE-FRANCE,643,78643,VERNOUILLET,AVENUE DE LA CHATAIGNERAIE,352173,0,4,VC,0,0,0,,,0,1,,,,1,7,0,1,0,0
1,1,1,1,2,78,FRANCE,ILE-DE-FRANCE,193,78193,DAMPIERRE-EN-YVELINES,RD 91,352248,0,3,RD,91,2,0,18,300,0,1,0,0,,1,7,0,1,0,0
1,5,6,1,3,78,FRANCE,ILE-DE-FRANCE,643,78643,VERNOUILLET,ROND-POINT DE L'EUROPE,352260,0,4,VC,0,1,0,,,0,1,,,,1,7,0,1,0,0
1,6,1,1,3,78,FRANCE,ILE-DE-FRANCE,423,78423,MONTIGNY-LE-BRETONNEUX,AVENUE DES QUATRE PAVES DU ROY,352287,0,4,VC,0,2,2,,,2,1,,,,1,7,0,1,0,0
1,6,1,1,3,78,FRANCE,ILE-DE-FRANCE,490,78490,PLAISIR,AVENUE DE SAINT GERMAIN,352290,0,4,VC,0,2,2,,,0,1,,,,1,7,0,1,0,0
1,6,6,1,3,78,FRANCE,ILE-DE-FRANCE,517,78517,RAMBOUILLET,RUE DE CLAIREFONTAINE,352297,5,4,VC,0,1,0,,,1,1,,,,1,32,0,1,0,0
1,6,6,1,3,78,FRANCE,ILE-DE-FRANCE,158,78158,CHESNAY (LE),CARREFOUR DE LA REDINGOTE,352307,0,4,VC,0,4,2,,,0,1,,,,1,7,0,1,0,0
1,6,3,1,3,78,FRANCE,ILE-DE-FRANCE,311,78311,HOUILLES,RUE CAMILLE PELLETAN,352326,0,4,VC,0,1,1,,,1,5,,,,1,13,0,1,0,0
1,6,6,1,2,78,FRANCE,ILE-DE-FRANCE,490,78490,PLAISIR,AVENUE DU DIX NEUF MARS 62,352330,0,4,VC,0,2,2,,,0,1,,,,1,7,0,1,0,0
1,5,2,1,3,78,FRANCE,ILE-DE-FRANCE,650,78650,VESINET (LE),BOULEVARD DES ETATS UNIS,352347,0,4,VC,0,2,2,,,0,1,,,,1,7,0,1,0,0
1,5,0,1,3,78,FRANCE,ILE-DE-FRANCE,335,78335,LIMAY,RUE DES FONTAINES,352386,0,4,VC,0,2,0,1,0,0,1,,,,1,7,0,1,0,0
2,7,3,1,3,78,FRANCE,ILE-DE-FRANCE,646,78646,VERSAILLES,RUE DU MARECHAL DE LATTRE DE TASSIGNY,352390,0,4,VC,0,2,2,,,1,5,,,,1,7,0,1,0,0
1,3,1,1,3,78,FRANCE,ILE-DE-FRANCE,290,78290,GUERNES,VC 0,352399,0,4,VC,0,2,2,0,0,0,1,0,0,,1,7,0,1,0,0
1,5,2,1,3,78,FRANCE,ILE-DE-FRANCE,123,78123,CARRIERES-SOUS-POISSY,AVENUE DE L'EUROPE,352416,5,3,RD,0,2,6,24,400,0,1,,,,1,10,0,1,0,0
2,6,1,1,3,78,FRANCE,ILE-DE-FRANCE,297,78297,GUYANCOURT,BOULEVARD JEAN JAURES,352435,0,4,VC,0,2,0,,,0,1,,,,1,7,0,1,0,0
1,5,1,1,6,78,FRANCE,ILE-DE-FRANCE,029,78029,AUBERGENVILLE,AVENUE DE L'UNION,352439,0,3,RD,0,3,4,40,240,0,1,,,,1,7,0,1,0,0
1,1,1,1,2,78,FRANCE,ILE-DE-FRANCE,189,78189,CRESPIERES,RD 307,352452,0,3,RD,307,2,0,27,0,0,3,4889000,189000,,1,10,0,1,0,0
1,6,2,8,3,78,FRANCE,ILE-DE-FRANCE,172,78172,CONFLANS-SAINTE-HONORINE,BOULEVARD DU GENERAL DE GAULLE,352457,5,3,RD,0,2,2,,,0,1,,,,1,7,0,1,0,0
1,1,1,1,3,78,FRANCE,ILE-DE-FRANCE,117,78117,BUC,RUE DE LA CROIX BLANCHE,352476,0,4,VC,0,2,2,,,0,1,,,,1,14,0,1,0,0
1,6,3,1,3,78,FRANCE,ILE-DE-FRANCE,640,78640,VELIZY-VILLACOUBLAY,AVENUE MORANE-SAULNIER,352510,5,3,RD,0,1,2,,,0,1,,,,1,7,0,1,0,0
2,7,2,1,3,78,FRANCE,ILE-DE-FRANCE,646,78646,VERSAILLES,AVENUE DU GENERAL DE GAULLE,352514,0,4,VC,0,2,4,,,0,1,,,,1,7,0,1,0,0
1,5,2,1,1,78,FRANCE,ILE-DE-FRANCE,688,78688,VOISINS-LE-BRETONNEUX,CD 36,352523,5,4,VC,0,3,0,,,0,1,,,,1,33,0,1,0,0
2,5,9,1,1,78,FRANCE,ILE-DE-FRANCE,688,78688,VOISINS-LE-BRETONNEUX,CD 36,352525,0,3,RD,0,1,0,,,0,1,,,,1,7,0,1,0,0
5,5,1,1,2,78,FRANCE,ILE-DE-FRANCE,481,78481,PECQ (LE),ROUTE DE CROISSY,352608,0,4,VC,0,2,3,,,0,1,,,,1,7,0,1,0,0
1,4,1,1,6,78,FRANCE,ILE-DE-FRANCE,524,78524,ROCQUENCOURT,RN 307,352616,0,3,RD,0,3,5,8,920,0,1,,,,1,7,0,1,0,0
3,1,1,1,2,78,FRANCE,ILE-DE-FRANCE,551,78551,SAINT-GERMAIN-EN-LAYE,ROUTE CENTRALE,352640,0,4,VC,0,2,2,,,0,1,,,,1,7,0,1,0,0
1,6,1,1,6,78,FRANCE,ILE-DE-FRANCE,358,78358,MAISONS-LAFFITTE,AVENUE EGLE,352649,0,9,Autre,0,2,1,0,1,1,5,,,,1,,0,0,0,1
1,5,3,8,6,78,FRANCE,ILE-DE-FRANCE,481,78481,PECQ (LE),AVENUE DU PAVILLON SULLY,352656,0,4,VC,0,2,2,,,0,1,,,,1,7,0,1,0,0
5,7,2,1,6,78,FRANCE,ILE-DE-FRANCE,646,78646,VERSAILLES,RUE DU GENERAL LECLERC,352660,0,4,VC,0,2,3,4,283,0,1,,,,1,7,0,1,0,0
1,6,1,1,3,78,FRANCE,ILE-DE-FRANCE,423,78423,MONTIGNY-LE-BRETONNEUX,AVENUE DES PRES,352676,0,4,VC,0,2,2,,,0,1,,,,1,10,0,1,0,0