lum,agg,int,atm,col,dep_bis,pays,region,com_bis,com_codeINSEE,communes,N_voie,numac,infra,catr,type_route,voie,circ,nbv,pr,pr1,vosp,situ,lat,long,adr,accident_velo,vehicule_imp,cycl_mort,cycl_bgv,cycl_blg,cycl_indm
1,5,3,1,1,78,FRANCE,ILE-DE-FRANCE,650,78650,VESINET (LE),RUE DE LA FAISANDERIE,352690,0,4,VC,0,2,2,,,0,1,,,,1,7,0,1,0,0
1,5,6,1,3,78,FRANCE,ILE-DE-FRANCE,642,78642,VERNEUIL-SUR-SEINE,RD 59,352716,5,3,RD,0,2,0,,,0,1,,,,1,7,0,1,0,0
1,1,1,1,1,78,FRANCE,ILE-DE-FRANCE,325,78325,JUMEAUVILLE,RD 158,352731,0,3,RD,158,2,0,10,814,0,1,0,0,,1,7,0,1,0,0
1,3,1,1,3,78,FRANCE,ILE-DE-FRANCE,516,78516,RAIZEUX,VC 1,352737,0,4,VC,1,2,0,0,0,0,1,0,0,,1,7,0,1,0,0
1,1,1,1,3,78,FRANCE,ILE-DE-FRANCE,010,78010,ALLUETS-LE-ROI (LES),RD 45,352739,0,3,RD,45,2,0,0,0,0,1,4892000,193300,,1,13,0,1,0,0
1,5,1,1,3,78,FRANCE,ILE-DE-FRANCE,015,78015,ANDRESY,RUE DE LA GARE ,352741,0,4,VC,0,2,2,,,0,1,,,,1,7,0,1,0,0
1,6,2,1,3,78,FRANCE,ILE-DE-FRANCE,517,78517,RAMBOUILLET,RUE MADAME DE MAINTENON,352783,0,4,VC,0,2,2,,,0,1,,,,1,30,0,0,0,1
1,5,1,1,2,78,FRANCE,ILE-DE-FRANCE,383,78383,MAUREPAS,RUE CLAUDE BERNARD,352800,0,4,VC,0,2,2,,,0,1,,,,1,15,0,1,0,0
1,5,3,1,3,78,FRANCE,ILE-DE-FRANCE,383,78383,MAUREPAS,SENTE DE RHUYS,352804,0,4,VC,0,2,1,,,0,1,,,,1,7,0,1,0,0
1,3,1,1,2,78,FRANCE,ILE-DE-FRANCE,601,78601,SONCHAMP,RD 936,352810,0,3,RD,936,2,0,28,400,0,1,0,0,,1,99,0,1,0,0
5,6,1,1,6,78,FRANCE,ILE-DE-FRANCE,358,78358,MAISONS-LAFFITTE,AVENUE DE SAINT GERMAIN,352814,0,9,Autre,0,0,0,,,0,4,,,,1,,0,0,0,1
5,6,1,1,3,78,FRANCE,ILE-DE-FRANCE,490,78490,PLAISIR,AVENUE DE SAINT GERMAIN,352821,0,3,RD,0,3,2,8,940,0,1,,,,1,7,0,1,0,0
1,1,3,1,6,78,FRANCE,ILE-DE-FRANCE,498,78498,POISSY,RD 30,352823,0,3,RD,0,2,2,12,925,0,1,,,,1,,0,1,0,0
1,4,1,1,3,78,FRANCE,ILE-DE-FRANCE,638,78638,VAUX-SUR-SEINE,RUE DU GENERAL DE GAULLE ,352831,0,3,RD,0,2,2,1,0,0,0,,,,1,7,0,1,0,0
1,5,2,1,2,78,FRANCE,ILE-DE-FRANCE,401,78401,MEULAN,RUE GEORGES CLEMENCEAU,352856,0,3,RD,0,2,2,43,316,0,1,,,,1,7,0,1,0,0
1,6,1,1,1,78,FRANCE,ILE-DE-FRANCE,621,78621,TRAPPES,ROUTE DEPARTEMENTALE 912,352868,0,3,RD,0,2,2,1,0,0,1,,,,1,7,0,1,0,0
1,7,4,1,3,78,FRANCE,ILE-DE-FRANCE,646,78646,VERSAILLES,AVENUE DES ETATS UNIS,352870,0,4,VC,0,2,1,,,0,1,,,,1,7,0,1,0,0
5,6,2,2,3,78,FRANCE,ILE-DE-FRANCE,297,78297,GUYANCOURT,RUE YOURI GAGARINE,352883,0,3,RD,0,2,1,,,0,1,,,,1,7,0,1,0,0
1,6,2,1,3,78,FRANCE,ILE-DE-FRANCE,208,78208,ELANCOURT,BOULEVARD BERNARD GREGORY,352910,0,4,VC,0,3,2,,,0,1,,,,1,7,0,1,0,0
2,6,1,2,1,78,FRANCE,ILE-DE-FRANCE,146,78146,CHATOU,RUE DES LANDES,352940,0,4,VC,0,1,1,0,0,0,1,4889250,214949,,1,7,0,1,0,0
1,6,2,1,1,78,FRANCE,ILE-DE-FRANCE,498,78498,POISSY,BOULEVARD ROBESPIERRE ,352975,0,3,RD,308,2,3,12,1008,0,1,4893340,204907,,1,7,0,1,0,0
3,5,1,1,6,78,FRANCE,ILE-DE-FRANCE,401,78401,MEULAN,RUE GAMBETTA,352986,0,3,RD,190,3,2,42,735,0,4,4900540,191385,,1,,0,1,0,0
1,5,3,1,3,78,FRANCE,ILE-DE-FRANCE,624,78624,TRIEL-SUR-SEINE,RUE PAUL DOUMER,352995,0,3,RD,190,2,2,34,802,0,1,4898000,200381,,1,7,0,1,0,0
1,5,1,1,3,78,FRANCE,ILE-DE-FRANCE,015,78015,ANDRESY,RUE DE PENTHIEVRE,353008,0,4,VC,0,2,2,0,0,0,1,4899050,205212,,1,7,0,1,0,0
1,6,1,1,6,78,FRANCE,ILE-DE-FRANCE,640,78640,VELIZY-VILLACOUBLAY,AVENUE DE L'EUROPE,353055,0,3,RD,57,3,2,2,170,0,1,4877980,220211,,1,,0,1,0,0
1,5,2,2,3,78,FRANCE,ILE-DE-FRANCE,674,78674,VILLEPREUX,AVENUE DU VAL JOYEUX,353077,0,4,VC,0,2,2,0,0,0,1,4882230,200055,,1,7,0,1,0,0
1,1,4,1,3,78,FRANCE,ILE-DE-FRANCE,524,78524,ROCQUENCOURT,RN 186,353081,0,3,RD,186,2,1,29,182,0,1,4883200,211270,,1,7,0,1,0,0
1,1,1,1,3,78,FRANCE,ILE-DE-FRANCE,615,78615,THIVERVAL-GRIGNON,ROUTE DE SAINT-GERMAIN DE LA GRANGE,353086,0,4,VC,0,2,0,0,0,0,1,4882250,192844,,1,7,0,1,0,0
1,6,3,7,3,78,FRANCE,ILE-DE-FRANCE,490,78490,PLAISIR,RUE DES EBISOIRES,353093,0,4,VC,0,2,0,0,0,0,1,4882890,194997,,1,7,0,1,0,0
1,5,1,1,3,78,FRANCE,ILE-DE-FRANCE,643,78643,VERNOUILLET,ALLEE DES PETUNIAS,353098,0,4,VC,0,2,2,0,0,0,1,4897590,198971,,1,7,0,1,0,0
1,7,1,1,6,78,FRANCE,ILE-DE-FRANCE,646,78646,VERSAILLES,BOULEVARD DE LA REINE,353101,0,4,VC,0,2,2,0,0,0,1,4881000,212168,,1,7,0,1,0,0
1,5,1,1,6,78,FRANCE,ILE-DE-FRANCE,165,78165,CLAYES-SOUS-BOIS (LES),CHEMIN DE LA BRETECHELLE,353125,0,4,VC,0,2,2,0,0,0,1,4882000,197781,,1,,0,1,0,0
1,6,1,1,3,78,FRANCE,ILE-DE-FRANCE,361,78361,MANTES-LA-JOLIE,QUAI DE LA VAUCOULEURS,353128,0,4,VC,0,2,2,0,0,0,1,4898830,172252,,1,7,0,1,0,0
1,1,4,1,2,78,FRANCE,ILE-DE-FRANCE,005,78005,ACHERES,RN 184,353131,3,2,RN,184,1,3,21,334,0,1,4898110,208667,,1,7,0,1,0,0
1,6,3,1,3,78,FRANCE,ILE-DE-FRANCE,517,78517,RAMBOUILLET,RUE DE LA LOUVIERE,353163,0,3,RD,906,3,2,35,1008,0,1,4864460,184597,,1,10,0,1,0,0
1,7,2,1,1,78,FRANCE,ILE-DE-FRANCE,586,78586,SARTROUVILLE,RUE BARIAN,353165,0,4,VC,0,2,2,0,0,0,1,4893850,220028,,1,10,0,1,0,0
1,1,6,7,2,78,FRANCE,ILE-DE-FRANCE,674,78674,VILLEPREUX,RD 97,353179,0,3,RD,97,2,0,0,803,0,0,4884030,200904,,1,7,0,1,0,0
1,6,1,1,3,78,FRANCE,ILE-DE-FRANCE,490,78490,PLAISIR,RUE DE LA GARE ,353182,0,4,VC,0,2,2,,,0,0,,,,1,15,0,1,0,0
1,5,1,1,7,78,FRANCE,ILE-DE-FRANCE,005,78005,ACHERES,RUE PAUL VAILLANT COUTURIER,353191,0,4,VC,0,2,1,,,0,1,,,,1,,0,0,0,1
1,6,1,1,3,78,FRANCE,ILE-DE-FRANCE,358,78358,MAISONS-LAFFITTE,AVENUE DE LONGUEIL,353216,0,3,RD,308,1,1,5,447,0,1,4894760,214725,,1,7,0,1,0,0
1,6,3,7,3,78,FRANCE,ILE-DE-FRANCE,358,78358,MAISONS-LAFFITTE,AVENUE FRANCOIS MANSART,353220,0,4,VC,0,1,1,,,0,1,,,,1,7,0,1,0,0
1,6,2,1,3,78,FRANCE,ILE-DE-FRANCE,146,78146,CHATOU,RUE CAMILLE PERIER,353222,0,4,VC,0,1,2,0,0,0,1,4889080,215695,,1,7,0,1,0,0
1,6,6,1,3,78,FRANCE,ILE-DE-FRANCE,297,78297,GUYANCOURT,PLACE GEORGES BESSE,353231,0,3,RD,91,1,3,6,40,0,1,4876620,207999,,1,7,0,1,0,0
1,7,1,1,2,78,FRANCE,ILE-DE-FRANCE,646,78646,VERSAILLES,RUE RICHAUD,353233,0,4,VC,0,1,1,0,0,0,1,4880720,213432,,1,7,0,1,0,0
1,6,3,1,3,78,FRANCE,ILE-DE-FRANCE,423,78423,MONTIGNY-LE-BRETONNEUX,AVENUE DU GENERAL LECLERC,353235,0,4,VC,0,3,6,0,0,3,1,4877460,204176,,1,38,0,1,0,0
1,6,3,3,3,78,FRANCE,ILE-DE-FRANCE,423,78423,MONTIGNY-LE-BRETONNEUX,AVENUE DU GENERAL LECLERC,353241,0,4,VC,0,3,2,,,0,1,,,,1,7,0,1,0,0
1,5,3,1,3,78,FRANCE,ILE-DE-FRANCE,481,78481,PECQ (LE),AVENUE DU MARECHAL DE LATTRE DE TASSIGNY,353257,0,3,RD,190,2,2,21,534,0,1,4889780,210175,,1,7,0,1,0,0
2,6,6,1,3,78,FRANCE,ILE-DE-FRANCE,208,78208,ELANCOURT,RD 58,353263,0,3,RD,58,2,0,12,785,0,1,4876790,196377,,1,7,0,1,0,0
5,7,1,1,5,78,FRANCE,ILE-DE-FRANCE,586,78586,SARTROUVILLE,AVENUE DE LA CONVENTION,353266,0,4,VC,0,2,0,0,0,0,1,4893580,216850,,1,7,0,1,0,0
1,5,7,8,3,78,FRANCE,ILE-DE-FRANCE,650,78650,VESINET (LE),ROND-POINT ROYAL,353304,0,4,VC,0,1,1,,,0,1,,,,1,7,0,1,0,0
1,7,1,1,6,78,FRANCE,ILE-DE-FRANCE,646,78646,VERSAILLES,RUE DES TOURNELLES,353338,0,4,VC,0,1,1,0,0,0,4,4879800,212751,,1,,0,0,0,1
3,1,1,1,6,78,FRANCE,ILE-DE-FRANCE,321,78321,JOUARS-PONTCHARTRAIN,RD 15,353369,0,3,RD,15,2,1,1,800,0,1,4879480,189961,,1,,0,1,0,0
1,7,6,1,3,78,FRANCE,ILE-DE-FRANCE,646,78646,VERSAILLES,BOULEVARD SAINT ANTOINE,353372,5,3,RD,186,3,2,31,43,1,5,4881530,212856,,1,7,0,1,0,0
1,4,3,1,3,78,FRANCE,ILE-DE-FRANCE,090,78090,BOUAFLE,RD 113,353377,5,3,RD,113,2,3,36,40,0,1,4895290,190891,,1,7,0,1,0,0
1,1,6,1,7,78,FRANCE,ILE-DE-FRANCE,640,78640,VELIZY-VILLACOUBLAY,VC 0,353381,0,4,VC,0,0,0,0,0,0,0,4878330,220595,,1,,0,1,0,0
5,5,1,1,2,78,FRANCE,ILE-DE-FRANCE,686,78686,VIROFLAY,ROUTE DU PAVE DE MEUDON,353385,0,4,VC,0,2,2,0,0,0,1,4879840,216748,,1,7,0,1,0,0
1,2,3,2,7,78,FRANCE,ILE-DE-FRANCE,561,78561,SAINT-LAMBERT,VC 0,353389,0,4,VC,0,1,1,0,0,0,1,4872860,200212,,1,,0,1,0,0
1,3,3,1,5,78,FRANCE,ILE-DE-FRANCE,451,78451,NEZEL,RD 191,353400,0,3,RD,191,2,2,95,51,0,1,4894330,183694,,1,7,0,0,0,1
1,6,6,1,3,78,FRANCE,ILE-DE-FRANCE,517,78517,RAMBOUILLET,RUE LENOTRE,353406,5,3,RD,150,2,2,1,950,2,5,4862300,182243,,1,7,0,1,0,0
1,5,3,1,3,78,FRANCE,ILE-DE-FRANCE,624,78624,TRIEL-SUR-SEINE,RUE DE HAUTIL ,353462,0,3,RD,2,2,2,2,37,0,1,4898320,200483,,1,7,0,1,0,0
1,6,3,1,6,78,FRANCE,ILE-DE-FRANCE,551,78551,SAINT-GERMAIN-EN-LAYE,RUE LEON DESOYER,353469,0,4,VC,0,2,2,0,0,2,1,4889970,208476,,1,14,0,1,0,0
1,4,9,1,6,78,FRANCE,ILE-DE-FRANCE,402,78402,MEZIERES-SUR-SEINE,CD  113,353493,0,3,RD,113,3,3,44,558,2,1,4896210,179866,,1,10,0,1,0,0
1,2,3,1,3,78,FRANCE,ILE-DE-FRANCE,618,78618,TILLY,RD 115,353500,0,3,RD,115,2,2,4,511,0,1,4888430,157569,,1,7,0,1,0,0
1,1,1,1,2,78,FRANCE,ILE-DE-FRANCE,123,78123,CARRIERES-SOUS-POISSY,ANDRESY ROUTE,353502,0,3,RD,55,2,2,2,165,0,1,4895640,204264,,1,7,0,1,0,0
1,1,1,1,7,78,FRANCE,ILE-DE-FRANCE,674,78674,VILLEPREUX,COTE DE SAINT NOM LA BRETECHE,353527,0,3,RD,0,2,2,,,0,1,,,,1,,0,1,0,0
1,4,1,1,2,78,FRANCE,ILE-DE-FRANCE,238,78238,FLINS-SUR-SEINE,ROUTE DE RENAULT,353583,0,4,VC,0,2,2,4,444,0,1,,,,1,7,0,1,0,0
1,6,1,1,3,78,FRANCE,ILE-DE-FRANCE,158,78158,CHESNAY (LE),AVENUE DU DOCTEUR SCHWEITZER,353598,0,4,VC,0,3,0,0,0,0,1,4882710,211634,,1,7,0,1,0,0
1,5,3,1,3,78,FRANCE,ILE-DE-FRANCE,322,78322,JOUY-EN-JOSAS,AVENUE JEAN JAURES,353599,0,4,VC,0,2,2,0,0,0,1,4876490,216809,,1,7,0,1,0,0
1,6,3,1,3,78,FRANCE,ILE-DE-FRANCE,440,78440,MUREAUX (LES),ALLEE DES FREGATES,353605,6,4,VC,0,1,1,0,0,0,1,4900000,191811,,1,7,0,1,0,0
1,4,1,1,3,78,FRANCE,ILE-DE-FRANCE,089,78089,BONNIERES-SUR-SEINE,RD 113,353611,0,3,RD,113,2,2,71,305,0,1,4903740,158044,,1,7,0,1,0,0
2,1,1,7,2,78,FRANCE,ILE-DE-FRANCE,048,78048,BAZAINVILLE,RD 912,353623,0,3,RD,912,2,0,17,900,0,1,0,0,,1,7,0,1,0,0
1,1,4,6,6,78,FRANCE,ILE-DE-FRANCE,108,78108,BREVIAIRES (LES),RD 191,353633,5,3,RD,191,2,0,68,748,0,0,4873120,183496,,1,7,0,1,0,0
1,1,1,1,1,78,FRANCE,ILE-DE-FRANCE,443,78443,NEAUPHLE-LE-VIEUX,RD 34,353643,0,3,RD,34,2,2,10,600,0,1,4881500,186500,,1,7,0,1,0,0
1,4,1,1,2,78,FRANCE,ILE-DE-FRANCE,466,78466,ORGEVAL,RD 113,353668,0,3,RD,113,3,1,28,782,0,1,4892440,199445,,1,7,0,1,0,0
1,4,1,1,7,78,FRANCE,ILE-DE-FRANCE,431,78431,MORAINVILLIERS,RD 1,353671,0,3,RD,1,2,0,0,0,0,1,4894800,196300,,1,,0,1,0,0
1,5,2,1,3,78,FRANCE,ILE-DE-FRANCE,383,78383,MAUREPAS,RUE DE BASSIGNY,353693,0,4,VC,0,0,0,0,0,0,1,4877250,193978,,1,7,0,1,0,0
1,6,2,1,6,78,FRANCE,ILE-DE-FRANCE,208,78208,ELANCOURT,BOULEVARD ANDRE MALRAUX,353694,0,4,VC,0,2,2,0,0,1,1,4877800,194489,,1,7,0,1,0,0
1,6,1,1,6,78,FRANCE,ILE-DE-FRANCE,423,78423,MONTIGNY-LE-BRETONNEUX,RUE DU CHAMPS D'AVOINE,353710,0,4,VC,0,2,2,,,0,1,,,,1,,0,1,0,0
1,6,1,2,6,78,FRANCE,ILE-DE-FRANCE,311,78311,HOUILLES,AVENUE JEAN-JACQUES ROUSSEAU,353719,0,3,RD,311,2,2,5,626,0,1,,,,1,7,0,1,0,0
1,6,3,2,3,78,FRANCE,ILE-DE-FRANCE,311,78311,HOUILLES,RUE DE L'ARGONNE,353724,0,4,VC,0,2,0,10,0,0,1,,,,1,7,0,1,0,0
1,6,3,1,3,78,FRANCE,ILE-DE-FRANCE,311,78311,HOUILLES,RUE CAMILLE PELLETAN,353726,0,4,VC,0,1,1,,,1,5,,,,1,7,0,1,0,0
1,6,1,1,3,78,FRANCE,ILE-DE-FRANCE,311,78311,HOUILLES,RUE DE BAPAUME,353728,0,4,VC,0,2,2,,,0,1,,,,1,7,0,1,0,0
1,6,1,2,6,78,FRANCE,ILE-DE-FRANCE,361,78361,MANTES-LA-JOLIE,RUE PIERRE SEMARD,353735,0,4,VC,0,3,2,0,0,1,1,4899280,169453,,1,37,0,1,0,0
1,6,1,1,3,78,FRANCE,ILE-DE-FRANCE,361,78361,MANTES-LA-JOLIE,QUAI DE LA TOUR,353741,0,4,VC,0,2,2,0,0,0,1,4899920,171388,,1,10,0,1,0,0
1,5,1,1,6,78,FRANCE,ILE-DE-FRANCE,362,78362,MANTES-LA-VILLE,RUE LOUISE MICHEL,353743,0,4,VC,0,2,2,0,0,0,1,4897630,170335,,1,7,0,1,0,0
1,5,3,1,3,78,FRANCE,ILE-DE-FRANCE,401,78401,MEULAN,BOULEVARD THIERS,353776,0,3,RD,190,0,1,42,110,0,1,,,,1,7,0,1,0,0
1,5,6,1,3,78,FRANCE,ILE-DE-FRANCE,674,78674,VILLEPREUX,RD 98,353794,5,3,RD,98,2,2,1,0,0,1,4883000,199578,,1,7,0,1,0,0
5,6,2,2,3,78,FRANCE,ILE-DE-FRANCE,490,78490,PLAISIR,AVENUE DE SAINT GERMAIN,353801,0,3,RD,11,2,2,10,40,0,1,,,,1,7,0,1,0,0
1,5,3,1,1,78,FRANCE,ILE-DE-FRANCE,624,78624,TRIEL-SUR-SEINE,RUE DE L'HAUTIL,353808,0,3,RD,2,2,2,3,210,0,1,,,,1,7,0,1,0,0
1,6,2,1,3,78,FRANCE,ILE-DE-FRANCE,498,78498,POISSY,BOULEVARD DEVAUX,353809,0,4,VC,0,2,2,,,0,1,,,,1,7,0,1,0,0
1,5,2,1,3,78,FRANCE,ILE-DE-FRANCE,545,78545,SAINT-CYR-L'ECOLE,ALLEE DU PETIT CHAMP,353828,0,4,VC,0,0,0,0,0,0,0,4880440,207174,,1,7,0,1,0,0
1,1,1,1,3,78,FRANCE,ILE-DE-FRANCE,545,78545,SAINT-CYR-L'ECOLE,CHEMIN DES AVENUES,353830,0,3,RD,129,2,2,0,896,0,1,4879350,206339,,1,7,0,1,0,0
1,7,6,1,3,78,FRANCE,ILE-DE-FRANCE,586,78586,SARTROUVILLE,RUE GUY DE MAUPASSANT,353847,5,4,VC,0,2,2,0,0,0,1,4894740,217104,,1,7,0,1,0,0
1,7,3,1,3,78,FRANCE,ILE-DE-FRANCE,586,78586,SARTROUVILLE,RUE GUSTAVE FLAUBERT,353848,0,4,VC,0,2,2,0,0,0,1,4894570,219449,,1,7,0,1,0,0
1,1,1,1,2,78,FRANCE,ILE-DE-FRANCE,524,78524,ROCQUENCOURT,RN 307,353882,0,3,RD,307,3,4,10,366,1,1,4883620,210057,,1,7,0,1,0,0
1,5,1,1,3,79,FRANCE,POITOU-CHARENTES,329,79329,THOUARS,AVENUE VICTOR HUGO,353988,0,4,VC,0,2,2,,,0,1,,,,1,30,0,1,0,0
1,3,1,1,3,79,FRANCE,POITOU-CHARENTES,189,79189,NANTEUIL,Autre 0,353991,0,9,Autre,0,2,2,0,0,0,1,4641600,-17000,,1,7,0,1,0,0
1,3,2,1,1,79,FRANCE,POITOU-CHARENTES,249,79249,SAINT-GELAIS,RD 8,354000,0,3,RD,8,2,2,0,0,0,1,0,0,,1,7,0,1,0,0
1,7,1,1,3,79,FRANCE,POITOU-CHARENTES,191,79191,NIORT,BRISSON,354048,0,4,VC,0,2,2,,,0,1,,,,1,7,0,1,0,0
1,1,1,3,2,79,FRANCE,POITOU-CHARENTES,134,79134,GLENAY,RD 938,354109,0,3,RD,938,2,0,78,150,0,1,0,0,,1,7,0,1,0,0
1,1,1,1,1,79,FRANCE,POITOU-CHARENTES,075,79075,CHAPELLE-SAINT-ETIENNE (LA),VC 5,354169,0,4,VC,5,2,2,0,0,0,1,4666300,-60000,,1,7,0,1,0,0
1,5,6,1,3,79,FRANCE,POITOU-CHARENTES,202,79202,PARTHENAY,Autre 0,354179,0,9,Autre,0,1,2,0,0,0,1,4664700,-24800,,1,7,0,1,0,0
1,4,1,1,1,79,FRANCE,POITOU-CHARENTES,081,79081,CHAURAY,RUE DE LA VALLEE ,354185,0,4,VC,0,2,2,,,0,1,,,,1,10,0,1,0,0
1,1,1,1,1,79,FRANCE,POITOU-CHARENTES,216,79216,PRAHECQ,RD 740,354191,0,3,RD,740,2,2,0,0,0,3,4626100,-33900,,1,17,0,1,0,0
1,7,6,3,3,79,FRANCE,POITOU-CHARENTES,191,79191,NIORT,ROUTE D'AIFFRES,354233,5,3,RD,0,2,2,2,0,1,1,,,,1,7,0,1,0,0
1,1,1,1,1,79,FRANCE,POITOU-CHARENTES,056,79056,BRION-PRES-THOUET,RD 162,354248,0,3,RD,162,2,1,0,0,0,1,0,0,,1,14,0,1,0,0
1,1,1,1,3,79,FRANCE,POITOU-CHARENTES,353,79353,VITRE,RD 103,354250,0,3,RD,103,0,2,10,980,0,1,0,0,,1,7,0,1,0,0
2,1,1,7,2,79,FRANCE,POITOU-CHARENTES,056,79056,BRION-PRES-THOUET,RD 162,354255,0,3,RD,162,2,1,0,0,0,1,0,0,,1,7,0,1,0,0
1,5,1,1,6,79,FRANCE,POITOU-CHARENTES,329,79329,THOUARS,AVENUE EMILE ZOLA,354265,0,4,VC,0,2,2,,,0,4,,,,1,,0,1,0,0
1,7,2,1,3,79,FRANCE,POITOU-CHARENTES,191,79191,NIORT,JACQUES DAGUERRE,354271,0,4,VC,0,2,2,,,0,1,,,,1,7,0,1,0,0
1,4,9,1,7,79,FRANCE,POITOU-CHARENTES,292,79292,SAINTE-RADEGONDE,RD 759,354279,2,3,RD,759,2,0,18,0,0,1,0,0,,1,,0,1,0,0
1,1,1,1,1,79,FRANCE,POITOU-CHARENTES,189,79189,NANTEUIL,RD 58,354286,0,3,RD,58,2,2,10,0,0,1,0,0,,1,10,0,1,0,0
1,3,1,1,3,79,FRANCE,POITOU-CHARENTES,322,79322,TALLUD (LE),RD 949,354309,0,3,RD,949,2,2,0,0,0,1,0,0,,1,33,0,1,0,0
5,7,4,1,3,79,FRANCE,POITOU-CHARENTES,191,79191,NIORT,RUE DE RIBRAY,354314,0,3,RD,0,2,2,1,140,0,1,,,,1,7,0,1,0,0
1,7,6,1,2,79,FRANCE,POITOU-CHARENTES,191,79191,NIORT,AVENUE SAINT JEAN D'ANGELY,354360,0,3,RD,811,2,2,2,832,0,1,,,,1,3,0,1,0,0
1,1,1,1,6,79,FRANCE,POITOU-CHARENTES,329,79329,THOUARS,RUE CAMILLE GUERIN,354377,0,3,RD,37,2,2,21,630,0,3,,,,1,,0,1,0,0
1,1,1,1,1,79,FRANCE,POITOU-CHARENTES,013,79013,ARGENTON-CHATEAU,RD 759,354392,0,3,RD,759,2,0,33,50,0,1,0,0,,1,7,0,1,0,0
1,7,3,1,3,79,FRANCE,POITOU-CHARENTES,191,79191,NIORT,RUE DE RIBRAY,354402,5,4,VC,0,2,2,,,0,1,,,,1,7,0,1,0,0
1,4,6,1,1,79,FRANCE,POITOU-CHARENTES,100,79100,COULON,Autre 0,354423,0,9,Autre,0,1,1,0,0,0,1,0,0,,1,7,0,1,0,0
1,5,9,8,3,79,FRANCE,POITOU-CHARENTES,329,79329,THOUARS,AVENUE DES MARTYRS DE LA RESISTANCE,354514,0,3,RD,39,2,2,1,105,0,1,,,,1,7,0,1,0,0
1,4,2,8,2,79,FRANCE,POITOU-CHARENTES,061,79061,CELLES-SUR-BELLE,,354516,0,4,VC,,2,2,0,0,0,1,0,0,,1,7,0,1,0,0
1,4,3,1,1,79,FRANCE,POITOU-CHARENTES,170,79170,MAUZE-SUR-LE-MIGNON,RUE DU CONTRE AMIRAL SAVARY,354537,0,3,RD,101,2,2,40,675,0,1,0,0,,1,7,0,1,0,0
1,1,1,1,1,79,FRANCE,POITOU-CHARENTES,078,79078,PRISSE-LA-CHARRIERE,RD 650,354540,0,3,RD,650,2,2,19,500,0,1,0,0,,1,7,0,1,0,0
2,1,1,8,2,79,FRANCE,POITOU-CHARENTES,058,79058,BRULAIN,RD 740,354541,0,3,RD,740,2,2,15,900,0,1,0,0,,1,7,0,1,0,0
1,1,1,1,1,79,FRANCE,POITOU-CHARENTES,201,79201,PAMPROUX,RD 5,354544,0,3,RD,5,2,2,33,650,0,1,0,0,,1,7,0,1,0,0
1,3,2,1,3,79,FRANCE,POITOU-CHARENTES,210,79210,PIN (LE),RD 155,354554,5,3,RD,155,2,0,4,340,0,1,0,0,,1,7,0,1,0,0
1,1,2,1,3,79,FRANCE,POITOU-CHARENTES,013,79013,ARGENTON-CHATEAU,RD 146,354557,5,3,RD,146,2,2,9,20,0,1,0,0,,1,7,0,1,0,0
5,1,1,1,6,79,FRANCE,POITOU-CHARENTES,299,79299,SAINT-VARENT,RUE DU PONT CLERGEAU,354565,2,3,RD,147,2,2,2,740,0,3,0,0,,1,,0,1,0,0
1,4,2,2,1,79,FRANCE,POITOU-CHARENTES,061,79061,CELLES-SUR-BELLE,ROUTE DE CHIZE,354570,0,4,VC,,2,2,0,0,0,1,0,0,,1,7,0,1,0,0
1,1,2,1,3,79,FRANCE,POITOU-CHARENTES,029,79029,BEAULIEU-SOUS-PARTHENAY,RD 22,354582,0,3,RD,22,2,2,11,220,0,1,0,0,,1,7,0,1,0,0
1,1,1,1,5,79,FRANCE,POITOU-CHARENTES,135,79135,GOURGE,RD 134,354591,0,3,RD,134,2,2,23,200,0,1,0,0,,1,7,0,1,0,0
1,7,1,1,7,79,FRANCE,POITOU-CHARENTES,191,79191,NIORT,RUE DU MARECHAL LECLERC,354610,0,3,RD,743,2,2,35,680,1,1,,,,1,,0,1,0,0
1,3,1,1,2,80,FRANCE,PICARDIE,627,80627,PLACHY-BUYON,RD 8,354642,0,3,RD,8,2,2,7,757,0,1,4982000,222200,,1,10,0,1,0,0
5,8,1,1,7,80,FRANCE,PICARDIE,021,80021,AMIENS,RUE DE NOYON,354678,0,4,VC,0,2,2,,,0,1,,,,1,,0,1,0,0
1,3,1,2,1,80,FRANCE,PICARDIE,700,80700,SAINT-BLIMONT,RD 2,354684,0,3,RD,2,2,2,0,0,0,1,0,0,,1,3,0,1,0,0
1,4,1,1,2,80,FRANCE,PICARDIE,721,80721,SAINT-VALERY-SUR-SOMME,RD 3,354710,0,3,RD,3,0,2,0,0,0,1,0,0,,1,7,0,1,0,0
1,5,3,1,5,80,FRANCE,PICARDIE,253,80253,DOULLENS,RN 25,354711,0,2,RN,25,2,2,0,0,0,1,5016000,234000,,1,7,0,1,0,0