lum,agg,int,atm,col,dep_bis,pays,region,com_bis,com_codeINSEE,communes,N_voie,numac,infra,catr,type_route,voie,circ,nbv,pr,pr1,vosp,situ,lat,long,adr,accident_velo,vehicule_imp,cycl_mort,cycl_bgv,cycl_blg,cycl_indm
1,6,1,1,6,80,FRANCE,PICARDIE,001,80001,ABBEVILLE,des GRANDES ECOLES,354720,0,4,VC,0,1,1,,,0,1,,,,1,7,0,1,0,0
1,4,1,1,6,80,FRANCE,PICARDIE,721,80721,SAINT-VALERY-SUR-SOMME,RD 3,354740,0,3,RD,3,2,2,0,0,0,1,0,0,,1,,0,1,0,0
3,1,2,1,3,80,FRANCE,PICARDIE,177,80177,CARTIGNY,RD 44,354807,5,3,RD,44,2,0,8,850,0,1,4990600,300600,,1,7,0,1,0,0
2,8,1,8,1,80,FRANCE,PICARDIE,021,80021,AMIENS,RUE ROBERT LE COQ,354819,0,4,VC,0,2,2,,,0,1,,,,1,7,0,1,0,0
1,3,1,1,7,80,FRANCE,PICARDIE,798,80798,VILLERS-BOCAGE,RN 25,354825,0,2,RN,25,2,2,17,0,0,4,0,0,,1,,0,1,0,0
5,6,6,1,3,80,FRANCE,PICARDIE,001,80001,ABBEVILLE,GENERAL DE GAULLE,354897,0,2,RN,0,1,2,,,0,1,,,,1,7,0,1,0,0
1,1,1,6,1,80,FRANCE,PICARDIE,826,80826,WOIGNARUE,RD 940,354902,0,3,RD,940,1,2,5,200,0,3,5012200,148300,,1,7,0,1,0,0
1,3,1,1,2,80,FRANCE,PICARDIE,716,80716,SAINT-RIQUIER,VC 0,354918,0,4,VC,0,2,0,0,0,0,1,0,0,,1,7,0,1,0,0
1,3,9,1,3,80,FRANCE,PICARDIE,834,80834,YZENGREMER,VC 0,354920,0,4,VC,0,2,2,0,0,0,1,0,0,,1,7,0,1,0,0
1,5,4,1,1,80,FRANCE,PICARDIE,685,80685,ROYE,RD 1,354928,0,3,RD,1,2,2,0,0,0,1,4969800,279100,,1,10,0,1,0,0
1,1,1,1,7,80,FRANCE,PICARDIE,531,80531,MERICOURT-EN-VIMEU,VC 205,354970,0,4,VC,205,0,0,0,0,0,3,0,0,,1,,0,1,0,0
1,1,1,1,6,80,FRANCE,PICARDIE,211,80211,CONTY,RD 8,354971,0,3,RD,8,2,2,15,980,0,1,0,0,,1,,0,0,0,1
1,3,2,1,3,80,FRANCE,PICARDIE,136,80136,BRAY-SUR-SOMME,RD 1,354993,0,3,RD,1,2,2,33,700,0,1,0,0,,1,7,0,1,0,0
1,3,1,1,1,80,FRANCE,PICARDIE,096,80096,BETHENCOURT-SUR-MER,RD 19,355005,0,3,RD,19,0,2,0,0,0,1,0,0,,1,7,0,1,0,0
1,4,1,1,1,80,FRANCE,PICARDIE,373,80373,GAMACHES,RD 22,355006,0,3,RD,22,2,0,0,0,0,1,0,0,,1,7,0,1,0,0
3,1,1,6,3,80,FRANCE,PICARDIE,761,80761,TILLOY-LES-CONTY,RD 8,355076,0,3,RD,8,2,2,15,400,0,1,0,0,,1,10,0,1,0,0
1,5,1,1,6,80,FRANCE,PICARDIE,253,80253,DOULLENS,VC 0,355078,0,4,VC,0,2,0,0,0,0,4,5016000,234000,,1,,0,1,0,0
1,4,1,9,7,80,FRANCE,PICARDIE,010,80010,AILLY-SUR-NOYE,RD 90,355097,0,3,RD,90,2,2,0,0,0,1,4976100,236500,,1,,0,1,0,0
1,6,6,1,3,80,FRANCE,PICARDIE,001,80001,ABBEVILLE,du PRESIDENT ROBERT SCHUMAN,355134,0,4,VC,0,0,0,,,0,1,,,,1,7,0,1,0,0
2,8,2,1,3,80,FRANCE,PICARDIE,021,80021,AMIENS,RUE DE L'AMIRAL COURREJOLLES,355135,0,4,VC,0,2,2,,,0,1,,,,1,7,0,1,0,0
1,3,9,1,7,80,FRANCE,PICARDIE,584,80584,NAOURS,RD 77,355145,0,3,RD,77,2,2,0,0,0,1,5004000,228000,,1,,0,1,0,0
1,1,1,1,1,80,FRANCE,PICARDIE,058,80058,BAYONVILLERS,RD 337,355162,0,3,RD,337,2,2,0,0,0,1,4986000,264700,,1,15,0,1,0,0
1,3,1,1,3,80,FRANCE,PICARDIE,464,80464,LANCHERES,RD 940,355194,0,3,RD,940,2,2,0,0,0,1,0,0,,1,7,0,1,0,0
1,2,1,1,3,80,FRANCE,PICARDIE,342,80342,FRAMERVILLE-RAINECOURT,VC 0,355210,0,4,VC,0,2,2,0,0,0,1,0,0,,1,10,0,1,0,0
1,5,1,3,3,80,FRANCE,PICARDIE,016,80016,ALBERT,Autre 0,355258,0,9,Autre,0,2,0,0,0,0,1,5000600,264700,,1,7,0,1,0,0
1,3,1,1,3,80,FRANCE,PICARDIE,579,80579,MUILLE-VILLETTE,RD 932,355262,0,3,RD,932,2,2,2,900,0,1,0,0,,1,7,0,1,0,0
5,5,1,2,1,80,FRANCE,PICARDIE,253,80253,DOULLENS,RD 938,355286,0,3,RD,938,2,0,0,0,0,1,0,0,,1,7,0,1,0,0
1,6,9,1,3,80,FRANCE,PICARDIE,001,80001,ABBEVILLE,des DEPORTES ET INTERNES,355311,0,4,VC,0,0,1,,,0,1,,,,1,10,0,1,0,0
1,5,1,1,2,80,FRANCE,PICARDIE,561,80561,MONTDIDIER,RD 930,355391,0,3,RD,930,2,2,6,500,0,1,0,0,,1,7,0,1,0,0
1,8,3,2,3,80,FRANCE,PICARDIE,021,80021,AMIENS,RUE DU BOUT DE LA VEILLERE,355420,0,4,VC,0,2,2,,,0,1,,,,1,7,0,1,0,0
1,8,1,1,3,80,FRANCE,PICARDIE,021,80021,AMIENS,RUE EMILE FRANCFORT,355421,0,4,VC,0,2,2,,,0,1,,,,1,7,0,1,0,0
1,1,6,1,1,80,FRANCE,PICARDIE,063,80063,BEAUCHAMPS,RD 2,355440,5,3,RD,2,2,2,0,0,0,1,0,0,,1,7,0,1,0,0
1,2,1,3,3,80,FRANCE,PICARDIE,484,80484,LIOMER,RD 211,355441,0,3,RD,211,2,0,0,0,0,1,0,0,,1,7,0,1,0,0
1,5,6,1,1,80,FRANCE,PICARDIE,410,80410,HAM,RD 198,355444,5,3,RD,198,0,0,0,0,0,1,4975300,307500,,1,7,0,1,0,0
1,3,1,1,1,80,FRANCE,PICARDIE,086,80086,BERNAVILLE,Autre 0,355506,0,9,Autre,0,2,2,0,0,0,1,0,0,,1,7,0,1,0,0
1,3,1,1,1,80,FRANCE,PICARDIE,791,80791,VERS-SUR-SELLES,RD 8,355542,0,3,RD,8,3,0,4,150,0,1,0,0,,1,7,0,1,0,0
1,2,2,1,1,80,FRANCE,PICARDIE,180,80180,CAVILLON,RD 156,355547,0,3,RD,156,2,2,15,128,0,1,0,0,,1,7,0,1,0,0
1,5,3,1,1,80,FRANCE,PICARDIE,489,80489,LONGUEAU,RUE GRACCHUS BABEUF,355589,0,4,VC,0,2,2,,,0,1,,,,1,7,0,1,0,0
1,6,9,1,6,80,FRANCE,PICARDIE,001,80001,ABBEVILLE,d'AMIENS,355591,0,3,RD,1001,1,1,69,500,0,1,,,,1,7,0,1,0,0
1,1,2,1,3,80,FRANCE,PICARDIE,791,80791,VERS-SUR-SELLES,RD 138,355651,0,3,RD,138,2,2,3,800,0,1,0,0,,1,7,0,1,0,0
1,4,1,1,1,80,FRANCE,PICARDIE,721,80721,SAINT-VALERY-SUR-SOMME,,355686,0,4,VC,,1,1,0,0,0,1,0,0,,1,7,0,1,0,0
1,4,1,1,3,80,FRANCE,PICARDIE,228,80228,CROTOY (LE),VC 2,355696,0,4,VC,2,2,2,0,0,0,0,0,0,,1,7,0,1,0,0
1,5,6,1,2,80,FRANCE,PICARDIE,685,80685,ROYE,VC 0,355721,5,4,VC,0,2,2,0,0,0,1,0,0,,1,7,0,1,0,0
3,5,1,2,1,80,FRANCE,PICARDIE,016,80016,ALBERT,VC 0,355734,0,4,VC,0,2,2,0,0,0,1,0,0,,1,7,0,1,0,0
5,8,3,1,3,80,FRANCE,PICARDIE,021,80021,AMIENS,QUAI DE LA SOMME,355771,0,4,VC,0,2,2,,,0,1,,,,1,7,0,1,0,0
1,6,1,8,3,81,FRANCE,MIDI-PYRENEES,004,81004,ALBI,PLACE LAPEROUSE,355782,5,4,VC,0,2,2,,,0,1,,,,1,7,0,1,0,0
1,6,1,1,3,81,FRANCE,MIDI-PYRENEES,065,81065,CASTRES,RUE THERON PERIE,355799,0,4,VC,0,2,2,,,0,1,,,,1,7,0,1,0,0
1,1,1,1,2,81,FRANCE,MIDI-PYRENEES,036,81036,BOUT-DU-PONT-DE-LARN,RD 612,355806,0,3,RD,612,2,2,0,0,0,1,4349800,244100,,1,7,0,1,0,0
1,1,1,1,1,81,FRANCE,MIDI-PYRENEES,088,81088,FAUCH,RD 13,355815,5,3,RD,13,2,2,59,750,0,1,4383200,225800,,1,7,0,1,0,0
1,1,1,1,1,81,FRANCE,MIDI-PYRENEES,070,81070,COUFOULEUX,RD 12,355818,0,3,RD,12,2,2,28,300,0,1,0,0,,1,7,0,1,0,0
1,6,3,1,3,81,FRANCE,MIDI-PYRENEES,065,81065,CASTRES,BOULEVARD GEORGES CLEMENCEAU,355830,0,4,VC,0,1,3,,,0,1,,,,1,7,0,1,0,0
2,6,1,1,3,81,FRANCE,MIDI-PYRENEES,065,81065,CASTRES,RUE DU REY,355832,0,4,VC,0,2,2,1,0,0,1,,,,1,15,0,1,0,0
1,3,6,1,3,81,FRANCE,MIDI-PYRENEES,235,81235,SAINT-AFFRIQUE-LES-MONTAGNES,RD 85,355857,5,3,RD,85,2,2,9,910,0,1,0,0,,1,7,0,1,0,0
1,1,1,1,2,81,FRANCE,MIDI-PYRENEES,004,81004,ALBI,ROUTE DE TEILLET,355868,0,3,RD,0,2,2,10,0,0,1,,,,1,10,0,1,0,0
1,1,1,1,2,81,FRANCE,MIDI-PYRENEES,144,81144,LESCURE-D'ALBIGEOIS,RN 88,355869,0,2,RN,0,1,3,30,830,0,1,,,,1,15,0,1,0,0
1,6,3,1,3,81,FRANCE,MIDI-PYRENEES,065,81065,CASTRES,AVENUE RENE CASSIN,355872,0,4,VC,0,3,4,,,0,1,,,,1,7,0,1,0,0
5,6,6,1,3,81,FRANCE,MIDI-PYRENEES,004,81004,ALBI,DE TERSSAC,355901,0,3,RD,0,1,1,44,570,0,1,,,,1,7,0,1,0,0
1,6,3,1,3,81,FRANCE,MIDI-PYRENEES,065,81065,CASTRES,AVENUE CHARLES DE GAULLE,355913,0,3,RD,0,2,3,41,0,0,1,,,,1,7,0,1,0,0
1,6,1,1,3,81,FRANCE,MIDI-PYRENEES,004,81004,ALBI,ROUTE DE TEILLET,355921,0,3,RD,0,2,2,1,0,0,1,,,,1,10,0,1,0,0
1,6,1,1,2,81,FRANCE,MIDI-PYRENEES,065,81065,CASTRES,RUE EMILE ZOLA,355935,0,4,VC,0,1,1,,,0,1,,,,1,7,0,1,0,0
1,5,1,1,1,81,FRANCE,MIDI-PYRENEES,120,81120,LABRUGUIERE,RD 621,355948,0,3,RD,621,2,2,0,0,0,1,4354100,226300,,1,14,0,1,0,0
1,6,1,1,2,81,FRANCE,MIDI-PYRENEES,065,81065,CASTRES,AVENUE LUCIEN COUDERT,355952,0,3,RD,0,2,2,,,0,1,,,,1,7,0,1,0,0
1,4,1,1,3,81,FRANCE,MIDI-PYRENEES,002,81002,AIGUEFONDE,RD 53,355958,0,3,RD,53,2,2,0,0,0,1,4349500,232900,,1,7,0,1,0,0
3,1,1,1,1,81,FRANCE,MIDI-PYRENEES,289,81289,SOUAL,RD 621,355969,0,3,RD,621,2,2,28,950,0,1,0,0,,1,7,0,1,0,0
1,6,1,1,2,81,FRANCE,MIDI-PYRENEES,004,81004,ALBI,RN112 SUD,355970,0,3,RD,0,2,2,1,0,0,1,,,,1,7,0,1,0,0
2,1,1,1,1,81,FRANCE,MIDI-PYRENEES,180,81180,MONTIRAT,RD 2,355991,0,3,RD,2,2,2,0,900,0,1,4416200,211100,,1,7,0,1,0,0
1,1,1,1,7,81,FRANCE,MIDI-PYRENEES,174,81174,MONTDRAGON,RD 30,356027,0,3,RD,30,2,2,42,0,0,1,4379100,209400,,1,,0,1,0,0
1,6,3,1,2,81,FRANCE,MIDI-PYRENEES,004,81004,ALBI,JACQUES MONOD,356031,0,4,VC,0,2,2,1,0,0,1,,,,1,7,0,1,0,0
1,6,1,1,3,81,FRANCE,MIDI-PYRENEES,004,81004,ALBI,AVENUE DU COLONEL TEYSSIER,356045,0,4,VC,0,2,3,,,2,5,,,,1,10,0,1,0,0
1,1,2,1,1,81,FRANCE,MIDI-PYRENEES,285,81285,SERENAC,RD 94,356064,0,3,RD,94,2,0,8,300,0,1,0,0,,1,7,0,1,0,0
1,5,2,1,3,81,FRANCE,MIDI-PYRENEES,163,81163,MAZAMET,PERIE,356076,0,4,VC,0,1,1,42,16,0,1,,,,1,7,0,1,0,0
2,4,1,1,6,81,FRANCE,MIDI-PYRENEES,048,81048,CAGNAC-LES-MINES,VC 8,356119,0,4,VC,8,0,0,0,0,0,1,4398600,213600,,1,,0,1,0,0
1,3,1,1,3,81,FRANCE,MIDI-PYRENEES,315,81315,VIELMUR-SUR-AGOUT,RD 92,356128,0,3,RD,92,2,2,22,440,0,1,4362400,209399,,1,7,0,1,0,0
1,1,1,1,7,81,FRANCE,MIDI-PYRENEES,120,81120,LABRUGUIERE,RN 112,356135,0,2,RN,112,2,2,31,500,0,1,0,0,,1,,0,1,0,0
2,5,9,1,7,81,FRANCE,MIDI-PYRENEES,021,81021,AUSSILLON,JEAN DE LA FONTAINE,356158,0,4,VC,0,2,2,0,,0,1,,,,1,,0,1,0,0
1,3,1,2,1,81,FRANCE,MIDI-PYRENEES,284,81284,SEQUESTRE (LE),VC 0,356161,0,4,VC,0,2,0,0,0,0,1,0,0,,1,7,0,1,0,0
1,1,1,1,6,81,FRANCE,MIDI-PYRENEES,052,81052,CAMBON,VC 0,356165,0,4,VC,0,0,2,0,0,0,1,4391800,220500,,1,,0,1,0,0
1,6,2,1,3,81,FRANCE,MIDI-PYRENEES,065,81065,CASTRES,RUE HENRI  IV,356185,0,3,RD,0,1,1,0,780,0,1,,,,1,7,0,1,0,0
1,1,1,1,2,81,FRANCE,MIDI-PYRENEES,025,81025,BELCASTEL,RD 28,356195,0,3,RD,28,2,1,35,500,0,1,4365720,175624,,1,7,0,1,0,0
1,6,3,2,3,81,FRANCE,MIDI-PYRENEES,004,81004,ALBI,AVENUE JEAN RIEUX,356218,0,4,VC,0,2,2,1,0,0,1,,,,1,7,0,1,0,0
1,4,1,1,2,81,FRANCE,MIDI-PYRENEES,222,81222,REALMONT,RD 631,356237,0,3,RD,631,2,0,43,200,0,1,4377010,217244,,1,7,0,1,0,0
1,1,1,7,3,81,FRANCE,MIDI-PYRENEES,249,81249,SAINTE-GEMME,RN 88,356243,0,2,RN,88,2,2,13,750,0,1,4407710,218999,,1,10,0,1,0,0
1,1,1,1,1,81,FRANCE,MIDI-PYRENEES,147,81147,LOMBERS,RD 71,356264,0,3,RD,71,2,2,1,694,0,1,4381800,216930,,1,7,0,1,0,0
3,3,1,1,6,81,FRANCE,MIDI-PYRENEES,139,81139,LAUTREC,VC 0,356272,0,4,VC,0,2,0,0,0,0,1,4370500,213602,,1,7,0,1,0,0
1,4,1,1,4,81,FRANCE,MIDI-PYRENEES,124,81124,LACAUNE,RD 622,356274,0,3,RD,622,2,2,57,433,0,1,4371440,273555,,1,7,0,1,0,0
3,1,1,1,2,81,FRANCE,MIDI-PYRENEES,225,81225,RIVIERES,RD 988,356283,0,3,RD,988,2,2,49,306,0,1,4391970,198178,,1,7,0,1,0,0
1,7,3,1,3,82,FRANCE,MIDI-PYRENEES,121,82121,MONTAUBAN,FAUBOURG DE MOUSTIER,356330,0,4,VC,0,2,2,,,0,0,,,,1,7,0,1,0,0
1,7,3,1,3,82,FRANCE,MIDI-PYRENEES,121,82121,MONTAUBAN,AVENUE DE TOULOUSE ,356382,0,4,VC,0,2,2,,,0,1,,,,1,33,0,1,0,0
1,1,2,1,1,82,FRANCE,MIDI-PYRENEES,136,82136,ORGUEIL,VC 4,356388,0,4,VC,4,2,2,0,0,0,1,0,0,,1,7,0,1,0,0
1,7,3,1,1,82,FRANCE,MIDI-PYRENEES,121,82121,MONTAUBAN,ROUTE DE VIGNARNAUD,356402,0,4,VC,0,2,2,,,0,1,,,,1,7,0,1,0,0
1,7,6,1,3,82,FRANCE,MIDI-PYRENEES,121,82121,MONTAUBAN,ROND-point DE LATTRE TASSIGNY,356431,5,4,VC,0,1,2,,,0,1,,,,1,2,0,1,0,0
1,7,1,1,6,82,FRANCE,MIDI-PYRENEES,121,82121,MONTAUBAN,RUE ARISTIDE BRIAND,356488,0,4,VC,0,2,2,,,0,4,,,,1,,0,0,0,1
1,1,6,1,2,82,FRANCE,MIDI-PYRENEES,126,82126,MONTEILS,RD 17,356500,5,3,RD,17,2,0,1,150,0,1,4416900,155200,,1,7,0,1,0,0
1,7,6,1,3,82,FRANCE,MIDI-PYRENEES,121,82121,MONTAUBAN,AVENUE DE PARIS,356526,5,2,RN,0,1,1,,,0,1,,,,1,7,0,1,0,0
1,3,1,1,7,82,FRANCE,MIDI-PYRENEES,155,82155,SAINT-ANTONIN-NOBLE-VAL,RD 958,356533,0,3,RD,958,2,2,0,0,0,4,4415700,175200,,1,,0,1,0,0
1,1,1,1,6,82,FRANCE,MIDI-PYRENEES,087,82087,LAFRANCAISE,VC 2,356553,0,4,VC,2,2,2,2,0,0,3,4412900,130800,,1,,0,1,0,0
3,1,1,8,2,82,FRANCE,MIDI-PYRENEES,096,82096,VILLE-DIEU-DU-TEMPLE (LA),RD 958,356576,0,3,RD,958,2,0,72,500,0,1,4403000,124600,,1,7,0,1,0,0
5,5,3,1,3,82,FRANCE,MIDI-PYRENEES,033,82033,CASTELSARRASIN,du Docteur POTTEVIN,356588,0,4,VC,0,1,1,,,0,1,,,,1,7,0,1,0,0
1,5,1,1,1,82,FRANCE,MIDI-PYRENEES,037,82037,CAUSSADE,RD 964,356616,0,3,RD,964,2,0,0,450,0,1,4416300,154300,,1,7,0,1,0,0
1,1,1,7,2,82,FRANCE,MIDI-PYRENEES,172,82172,SAINT-PROJET,RD 33,356641,0,3,RD,33,2,2,18,200,0,1,4430100,181800,,1,10,0,1,0,0
1,4,1,1,1,82,FRANCE,MIDI-PYRENEES,186,82186,VALENCE,RD 813,356647,0,3,RD,813,2,2,0,0,0,1,0,0,,1,7,0,1,0,0
1,7,2,1,3,82,FRANCE,MIDI-PYRENEES,121,82121,MONTAUBAN,CHEMIN DE LANIS,356672,0,4,VC,0,2,2,,,0,0,,,,1,7,0,1,0,0
2,1,1,1,1,82,FRANCE,MIDI-PYRENEES,186,82186,VALENCE,RD 813,356696,0,3,RD,813,2,2,51,0,0,1,4411000,89600,,1,10,0,1,0,0
1,4,1,1,3,82,FRANCE,MIDI-PYRENEES,125,82125,MONTECH,RD 928,356701,0,3,RD,928,0,0,10,0,0,1,4396300,123600,,1,7,0,1,0,0
1,1,3,1,3,82,FRANCE,MIDI-PYRENEES,121,82121,MONTAUBAN,CHEMIN DE NAUZE GRAOUILLE,356744,0,4,VC,0,2,2,,,0,0,,,,1,,0,0,0,1
1,1,1,1,6,82,FRANCE,MIDI-PYRENEES,121,82121,MONTAUBAN,CHEMIN DES BOURDENS,356748,0,4,VC,0,2,2,,,0,1,,,,1,,0,1,0,0
1,1,3,1,3,82,FRANCE,MIDI-PYRENEES,121,82121,MONTAUBAN,ROUTE DE SAINT-MARTIAL,356802,0,3,RD,8,2,2,,,0,1,,,,1,7,0,1,0,0
3,3,1,1,7,82,FRANCE,MIDI-PYRENEES,080,82080,LABASTIDE-DU-TEMPLE,VC 0,356808,0,4,VC,0,2,2,0,0,0,3,0,0,,1,,0,1,0,0
1,1,1,1,2,82,FRANCE,MIDI-PYRENEES,073,82073,GOUDOURVILLE,RD 953,356816,5,3,RD,953,2,0,28,700,0,1,0,0,,1,7,0,1,0,0
1,1,1,1,2,82,FRANCE,MIDI-PYRENEES,087,82087,LAFRANCAISE,RD 40,356817,0,3,RD,40,2,2,0,0,0,1,0,0,,1,7,0,1,0,0
3,1,1,6,1,82,FRANCE,MIDI-PYRENEES,149,82149,REALVILLE,VC 0,356878,0,4,VC,0,2,2,0,0,0,1,0,0,,1,2,0,1,0,0
1,1,1,1,3,82,FRANCE,MIDI-PYRENEES,090,82090,LAMOTHE-CAPDEVILLE,VC 0,356882,0,4,VC,0,2,0,0,0,0,1,0,0,,1,7,0,1,0,0
1,4,6,1,2,82,FRANCE,MIDI-PYRENEES,134,82134,NEGREPELISSE,RD 115,356897,5,3,RD,115,2,2,32,900,0,1,4407600,153700,,1,7,0,1,0,0
1,1,3,7,3,82,FRANCE,MIDI-PYRENEES,117,82117,MONTAIGU-DE-QUERCY,RD 656,356912,5,3,RD,656,2,2,13,600,0,1,0,0,,1,7,0,1,0,0
1,3,1,1,1,82,FRANCE,MIDI-PYRENEES,050,82050,DUNES,RD 48,356930,0,3,RD,48,2,2,0,0,0,1,4410000,76800,,1,7,0,1,0,0
1,5,6,2,3,82,FRANCE,MIDI-PYRENEES,033,82033,CASTELSARRASIN,Gaston BENAC,356939,5,3,RD,813,4,1,,,0,1,,,,1,7,0,1,0,0
1,7,3,1,6,82,FRANCE,MIDI-PYRENEES,121,82121,MONTAUBAN,PONT DE POUTY,356951,1,4,VC,0,2,1,,,0,1,,,,1,7,0,1,0,0
1,7,6,3,6,82,FRANCE,MIDI-PYRENEES,121,82121,MONTAUBAN,GIRATOIRE CAF,356954,0,4,VC,0,1,1,,,0,1,,,,1,7,0,1,0,0
1,7,1,1,7,82,FRANCE,MIDI-PYRENEES,121,82121,MONTAUBAN,RUE DE L'HOTEL DE VILLE,356956,0,4,VC,0,2,3,,,0,1,,,,1,7,0,1,0,0
3,1,1,1,3,83,FRANCE,PROVENCE-ALPES-COTE-D'AZUR,061,83061,FREJUS,CD8,356974,0,3,RD,0,2,1,,,0,1,,,,1,7,0,1,0,0
1,8,1,1,2,83,FRANCE,PROVENCE-ALPES-COTE-D'AZUR,137,83137,TOULON,RUE DAVID,357042,0,4,VC,0,2,2,,,0,1,,,,1,7,0,1,0,0
1,8,1,8,2,83,FRANCE,PROVENCE-ALPES-COTE-D'AZUR,137,83137,TOULON,AVENUE SAINT ROCH,357049,0,9,Autre,0,2,3,,,0,1,,,,1,7,0,1,0,0
2,1,1,1,3,83,FRANCE,PROVENCE-ALPES-COTE-D'AZUR,069,83069,HYERES,BOULEVARD DE LA MARINE,357054,0,3,RD,0,2,2,9,0,0,1,,,,1,7,0,1,0,0
1,5,1,1,3,83,FRANCE,PROVENCE-ALPES-COTE-D'AZUR,072,83072,LORGUES,Hors_reseau 0,357095,0,5,Hors_reseau,0,2,0,0,0,0,1,0,0,,1,7,0,1,0,0
1,5,1,1,5,83,FRANCE,PROVENCE-ALPES-COTE-D'AZUR,042,83042,COGOLIN,Parking 0,357104,0,6,Parking,0,0,0,0,0,0,1,0,0,,1,7,0,1,0,0
1,6,1,1,6,83,FRANCE,PROVENCE-ALPES-COTE-D'AZUR,062,83062,GARDE (LA),AVENUE FRANKLIN ROOSEVELT,357129,0,4,VC,0,2,1,,,0,1,,,,1,7,0,1,0,0
1,1,1,1,1,83,FRANCE,PROVENCE-ALPES-COTE-D'AZUR,007,83007,AUPS,VC 0,357140,0,4,VC,0,2,0,0,0,0,1,0,0,,1,14,0,1,0,0
1,1,2,1,5,83,FRANCE,PROVENCE-ALPES-COTE-D'AZUR,140,83140,TOURVES,RD 1,357145,5,3,RD,1,2,2,0,0,0,1,0,0,,1,7,0,1,0,0
1,1,1,1,1,83,FRANCE,PROVENCE-ALPES-COTE-D'AZUR,120,83120,SAINT-ZACHARIE,RD 85,357146,0,3,RD,85,0,2,2,100,0,1,0,0,,1,7,0,1,0,0
1,1,1,1,7,83,FRANCE,PROVENCE-ALPES-COTE-D'AZUR,068,83068,GRIMAUD,RD 14,357153,0,3,RD,14,2,0,0,0,0,3,0,0,,1,,0,1,0,0
1,8,1,1,3,83,FRANCE,PROVENCE-ALPES-COTE-D'AZUR,137,83137,TOULON,AVENUE JOSEPH GASQUET,357179,0,4,VC,0,3,1,,,0,4,,,,1,7,,,,
1,4,1,1,1,83,FRANCE,PROVENCE-ALPES-COTE-D'AZUR,033,83033,CARNOULES,RD 13,357192,0,3,RD,13,0,0,0,0,0,1,0,0,,1,7,0,1,0,0
1,1,1,1,1,83,FRANCE,PROVENCE-ALPES-COTE-D'AZUR,107,83107,ROQUEBRUNE-SUR-ARGENS,VC 0,357196,0,4,VC,0,0,0,0,0,0,1,4346600,662400,,1,10,0,1,0,0
1,1,1,1,1,83,FRANCE,PROVENCE-ALPES-COTE-D'AZUR,048,83048,CROIX-VALMER (LA),RD 93,357199,0,3,RD,93,2,0,13,600,0,1,0,0,,1,7,0,1,0,0
1,1,1,1,3,83,FRANCE,PROVENCE-ALPES-COTE-D'AZUR,069,83069,HYERES,ROUTE DES MARAIS,357222,0,4,VC,0,2,2,7,0,1,1,,,,1,13,0,1,0,0
1,8,1,1,2,83,FRANCE,PROVENCE-ALPES-COTE-D'AZUR,137,83137,TOULON,BOULEVARD GENERAL BROSSET,357256,0,4,VC,0,3,1,,,0,1,,,,1,7,0,1,0,0
1,1,1,1,5,83,FRANCE,PROVENCE-ALPES-COTE-D'AZUR,019,83019,BORMES-LES-MIMOSAS,RN 98,357280,0,2,RN,98,2,2,0,0,0,1,0,0,,1,10,0,1,0,0
1,1,1,1,2,83,FRANCE,PROVENCE-ALPES-COTE-D'AZUR,054,83054,FARLEDE (LA),RD 554,357284,3,3,RD,554,2,0,0,0,0,1,0,0,,1,7,0,1,0,0
1,1,1,1,2,83,FRANCE,PROVENCE-ALPES-COTE-D'AZUR,035,83035,CASTELLET (LE),RN 8,357309,0,2,RN,8,2,2,0,0,0,1,0,0,,1,7,0,1,0,0
1,5,6,1,1,83,FRANCE,PROVENCE-ALPES-COTE-D'AZUR,047,83047,CRAU (LA),RD 554,357310,5,3,RD,554,0,0,0,0,0,1,4315400,607500,,1,7,0,1,0,0
1,5,3,1,3,83,FRANCE,PROVENCE-ALPES-COTE-D'AZUR,009,83009,BANDOL,RUE DE MADAGASCAR,357321,0,4,VC,0,2,2,,,0,1,,,,1,7,0,1,0,0
1,5,3,1,3,83,FRANCE,PROVENCE-ALPES-COTE-D'AZUR,098,83098,PRADET (LE),AVENUE ALAIN LE LEAP,357374,0,4,VC,0,3,2,,,1,5,,,,1,7,0,1,0,0
1,4,3,1,3,83,FRANCE,PROVENCE-ALPES-COTE-D'AZUR,140,83140,TOURVES,VC 0,357385,0,4,VC,0,2,1,0,0,0,1,4340100,591800,,1,7,0,1,0,0
1,8,2,1,5,83,FRANCE,PROVENCE-ALPES-COTE-D'AZUR,137,83137,TOULON,AVENUE DU COLONEL PICOT,357414,0,4,VC,0,2,2,,,0,1,,,,1,32,0,1,0,0
1,8,1,1,6,83,FRANCE,PROVENCE-ALPES-COTE-D'AZUR,137,83137,TOULON,AVENUE LOUIS BOZZO,357424,0,4,VC,0,1,1,,,0,1,,,,1,,0,0,0,1
1,6,1,1,3,83,FRANCE,PROVENCE-ALPES-COTE-D'AZUR,144,83144,VALETTE-DU-VAR (LA),AVENUE DE L'UNIVERSITE,357428,0,3,RD,0,2,2,,,0,1,,,,1,7,0,1,0,0