lum,agg,int,atm,col,dep_bis,pays,region,com_bis,com_codeINSEE,communes,N_voie,numac,infra,catr,type_route,voie,circ,nbv,pr,pr1,vosp,situ,lat,long,adr,accident_velo,vehicule_imp,cycl_mort,cycl_bgv,cycl_blg,cycl_indm
5,6,1,1,2,83,FRANCE,PROVENCE-ALPES-COTE-D'AZUR,061,83061,FREJUS,BOULEVARD SEVERIN DECUERS,357433,0,4,VC,0,2,2,,,0,1,,,,1,7,0,1,0,0
5,7,2,1,3,83,FRANCE,PROVENCE-ALPES-COTE-D'AZUR,126,83126,SEYNE-SUR-MER (LA),AVENUE MAX BAREL,357437,0,3,RD,0,2,2,,,0,1,,,,1,7,0,1,0,0
1,8,1,1,2,83,FRANCE,PROVENCE-ALPES-COTE-D'AZUR,137,83137,TOULON,PLACE DOUAUMONT,357447,0,4,VC,0,1,2,,,0,1,,,,1,7,0,1,0,0
1,8,2,1,3,83,FRANCE,PROVENCE-ALPES-COTE-D'AZUR,137,83137,TOULON,BOULEVARD COMMANDANT NICOLAS,357492,0,4,VC,0,2,4,,,0,1,,,,1,7,0,1,0,0
1,1,1,1,1,83,FRANCE,PROVENCE-ALPES-COTE-D'AZUR,118,83118,SAINT-RAPHAEL,AVENUE DU GRATADIS,357522,0,4,VC,0,2,1,,,0,1,,,,1,7,0,1,0,0
2,1,1,1,3,83,FRANCE,PROVENCE-ALPES-COTE-D'AZUR,035,83035,CASTELLET (LE),VC 334,357582,0,4,VC,334,2,0,0,0,0,1,0,0,,1,7,0,1,0,0
1,6,1,1,3,83,FRANCE,PROVENCE-ALPES-COTE-D'AZUR,129,83129,SIX-FOURS-LES-PLAGES,CORNICHE DU RAYOLET,357591,0,4,VC,0,0,0,,,1,1,,,,1,7,0,1,0,0
1,8,6,1,3,83,FRANCE,PROVENCE-ALPES-COTE-D'AZUR,137,83137,TOULON,QUAI COMMANDANT RIVIERE,357599,0,4,VC,0,0,2,,,0,1,,,,1,7,0,1,0,0
1,5,1,1,3,83,FRANCE,PROVENCE-ALPES-COTE-D'AZUR,042,83042,COGOLIN,RD 14,357614,0,3,RD,14,0,0,41,550,0,1,0,0,,1,14,0,1,0,0
1,6,1,1,6,83,FRANCE,PROVENCE-ALPES-COTE-D'AZUR,129,83129,SIX-FOURS-LES-PLAGES,CORNICHE DE SOLVIOU,357627,0,4,VC,0,2,1,,,1,5,,,,1,,0,1,0,0
1,1,1,1,3,83,FRANCE,PROVENCE-ALPES-COTE-D'AZUR,035,83035,CASTELLET (LE),RD 559,357648,0,3,RD,559,2,2,7,500,0,2,0,0,,1,7,0,1,0,0
1,7,1,1,2,83,FRANCE,PROVENCE-ALPES-COTE-D'AZUR,126,83126,SEYNE-SUR-MER (LA),AVENUE DE LA 1ERE ARMEE FRANCAISE,357661,0,3,RD,0,1,2,26,400,0,1,,,,1,7,0,1,0,0
1,1,1,1,2,83,FRANCE,PROVENCE-ALPES-COTE-D'AZUR,107,83107,ROQUEBRUNE-SUR-ARGENS,RD 7,357676,0,3,RD,7,0,0,0,0,0,1,4346700,663400,,1,7,0,1,0,0
1,5,1,1,2,83,FRANCE,PROVENCE-ALPES-COTE-D'AZUR,090,83090,OLLIOULES,ROUTE DE LA SEYNE,357754,0,3,RD,0,2,3,,,0,1,,,,1,13,0,1,0,0
1,6,4,7,1,83,FRANCE,PROVENCE-ALPES-COTE-D'AZUR,118,83118,SAINT-RAPHAEL,BOULEVARD JEAN MOULIN,357786,5,4,VC,0,0,2,,,0,1,,,,1,7,0,1,0,0
1,6,1,1,1,83,FRANCE,PROVENCE-ALPES-COTE-D'AZUR,118,83118,SAINT-RAPHAEL,BOULEVARD JEAN MOULIN,357787,0,4,VC,0,2,2,,,0,1,,,,1,10,0,1,0,0
1,5,1,1,3,83,FRANCE,PROVENCE-ALPES-COTE-D'AZUR,153,83153,SAINT-MANDRIER-SUR-MER,AVENUE MARIE FLICHE BERGIS,357803,0,4,VC,0,2,2,,,0,1,,,,1,7,0,1,0,0
1,1,1,1,5,83,FRANCE,PROVENCE-ALPES-COTE-D'AZUR,046,83046,COTIGNAC,RD 13,357812,0,3,RD,13,2,2,27,500,0,1,4352000,616200,,1,21,0,0,0,1
1,4,1,1,2,83,FRANCE,PROVENCE-ALPES-COTE-D'AZUR,141,83141,TRANS-EN-PROVENCE,CHEMIN DE MENENPENTY,357826,0,3,RD,0,2,1,,,0,1,,,,1,7,0,1,0,0
1,6,1,1,3,83,FRANCE,PROVENCE-ALPES-COTE-D'AZUR,129,83129,SIX-FOURS-LES-PLAGES,AVENUE DU MARECHAL JUIN,357834,0,3,RD,0,1,1,,,1,5,,,,1,7,0,1,0,0
1,5,1,1,3,83,FRANCE,PROVENCE-ALPES-COTE-D'AZUR,009,83009,BANDOL,AVENUE DE LA LIBERATION ,357837,0,3,RD,0,2,2,,,0,1,,,,1,7,0,1,0,0
1,6,1,7,6,83,FRANCE,PROVENCE-ALPES-COTE-D'AZUR,062,83062,GARDE (LA),AVENUE HENRI BARBUSSE,357848,0,4,VC,0,2,2,,,0,4,,,,1,,0,1,0,0
1,3,1,1,3,83,FRANCE,PROVENCE-ALPES-COTE-D'AZUR,025,83025,BRUE-AURIAC,RD 560,357861,0,3,RD,560,2,0,0,0,0,1,0,0,,1,7,0,1,0,0
1,1,1,1,7,83,FRANCE,PROVENCE-ALPES-COTE-D'AZUR,093,83093,PLAN-D'AUPS-SAINTE-BAUME,VC 0,357863,0,4,VC,0,2,2,0,0,0,1,4338800,580700,,1,,0,1,0,0
3,1,1,1,7,83,FRANCE,PROVENCE-ALPES-COTE-D'AZUR,119,83119,SAINT-TROPEZ,Hors_reseau 0,357865,0,5,Hors_reseau,0,0,0,0,0,0,3,0,0,,1,,0,1,0,0
5,7,3,1,1,83,FRANCE,PROVENCE-ALPES-COTE-D'AZUR,126,83126,SEYNE-SUR-MER (LA),AVENUE DU DOCTEUR MAZEN,357878,0,4,VC,0,2,1,,,0,1,,,,1,30,0,1,0,0
1,6,5,2,3,83,FRANCE,PROVENCE-ALPES-COTE-D'AZUR,118,83118,SAINT-RAPHAEL,AVENUE DES MAGNOLIAS,357896,0,4,VC,0,0,2,,,0,1,,,,1,7,0,1,0,0
5,8,1,1,3,83,FRANCE,PROVENCE-ALPES-COTE-D'AZUR,137,83137,TOULON,CHEMIN BONNES HERBES,357905,0,4,VC,0,2,2,,,0,1,,,,1,7,0,1,0,0
5,1,1,9,1,83,FRANCE,PROVENCE-ALPES-COTE-D'AZUR,137,83137,TOULON,CHEMIN DE LA BRASSERIE,357909,0,9,Autre,0,2,2,,,1,5,,,,1,2,0,1,0,0
1,3,1,1,3,83,FRANCE,PROVENCE-ALPES-COTE-D'AZUR,007,83007,AUPS,RD 31,357917,0,3,RD,31,2,2,0,500,0,1,0,0,,1,7,0,1,0,0
1,6,1,1,3,83,FRANCE,PROVENCE-ALPES-COTE-D'AZUR,062,83062,GARDE (LA),AVENUE JEAN MOULIN,357946,0,4,VC,0,2,2,,,0,1,,,,1,10,0,1,0,0
1,4,1,1,3,83,FRANCE,PROVENCE-ALPES-COTE-D'AZUR,046,83046,COTIGNAC,RD 50,357954,0,3,RD,50,2,2,0,100,0,1,0,0,,1,7,0,1,0,0
1,6,1,1,2,83,FRANCE,PROVENCE-ALPES-COTE-D'AZUR,050,83050,DRAGUIGNAN,AVENUE DE MONTFERRAT,357964,0,6,Parking,0,0,1,,,0,1,,,,1,7,0,1,0,0
1,1,2,1,5,83,FRANCE,PROVENCE-ALPES-COTE-D'AZUR,062,83062,GARDE (LA),CHEMIN DES NEOULIERS,357980,0,4,VC,0,2,1,,,0,1,,,,1,7,0,0,0,1
1,7,1,1,3,83,FRANCE,PROVENCE-ALPES-COTE-D'AZUR,126,83126,SEYNE-SUR-MER (LA),PABLO NERUDA,358007,0,3,RD,0,2,2,,,0,4,,,,1,7,0,1,0,0
1,4,1,1,6,83,FRANCE,PROVENCE-ALPES-COTE-D'AZUR,106,83106,ROCBARON,VC 0,358047,0,4,VC,0,2,1,0,0,0,1,0,0,,1,7,0,1,0,0
1,4,2,6,3,83,FRANCE,PROVENCE-ALPES-COTE-D'AZUR,035,83035,CASTELLET (LE),RD 2,358054,5,3,RD,2,3,2,20,0,0,1,0,0,,1,7,0,1,0,0
1,1,1,1,3,83,FRANCE,PROVENCE-ALPES-COTE-D'AZUR,085,83085,MOTTE (LA),RD 47,358064,5,3,RD,47,2,2,13,700,0,1,0,0,,1,10,0,1,0,0
1,1,1,1,6,83,FRANCE,PROVENCE-ALPES-COTE-D'AZUR,068,83068,GRIMAUD,Autre 0,358068,0,9,Autre,0,0,0,0,0,0,5,0,0,,1,,0,1,0,0
1,1,1,8,1,83,FRANCE,PROVENCE-ALPES-COTE-D'AZUR,050,83050,DRAGUIGNAN,RACCOURCI DU COL DE L'ANGE,358081,0,4,VC,0,1,1,,,0,1,,,,1,14,0,1,0,0
1,6,1,1,3,83,FRANCE,PROVENCE-ALPES-COTE-D'AZUR,061,83061,FREJUS,AVENUE DE SAINT-LAMBERT,358099,0,4,VC,0,2,2,,,1,1,,,,1,7,0,1,0,0
1,5,1,1,6,83,FRANCE,PROVENCE-ALPES-COTE-D'AZUR,034,83034,CARQUEIRANNE,AVENUE VALERANE,358101,0,3,RD,0,2,2,,,0,1,,,,1,7,0,1,0,0
1,7,3,1,3,83,FRANCE,PROVENCE-ALPES-COTE-D'AZUR,069,83069,HYERES,CHEMIN DES NARTETTES,358220,0,4,VC,0,0,1,,,0,1,,,,1,7,0,1,0,0
2,5,1,1,6,83,FRANCE,PROVENCE-ALPES-COTE-D'AZUR,123,83123,SANARY-SUR-MER,ROND-POINT RENE CASSIN,358223,5,4,VC,0,1,1,,,0,1,,,,1,7,0,1,0,0
1,7,1,1,6,83,FRANCE,PROVENCE-ALPES-COTE-D'AZUR,126,83126,SEYNE-SUR-MER (LA),ROUTE DE JANAS,358230,0,3,RD,0,2,2,,,0,1,,,,1,,0,1,0,0
1,5,1,1,3,83,FRANCE,PROVENCE-ALPES-COTE-D'AZUR,098,83098,PRADET (LE),AVENUE DU PIN DE GALLE,358233,0,3,RD,0,2,2,,,0,1,,,,1,14,0,1,0,0
1,6,1,1,7,83,FRANCE,PROVENCE-ALPES-COTE-D'AZUR,050,83050,DRAGUIGNAN,CHEMIN DE LA CALADE,358238,0,4,VC,0,0,1,,,0,1,,,,1,,0,1,0,0
1,5,1,1,3,83,FRANCE,PROVENCE-ALPES-COTE-D'AZUR,009,83009,BANDOL,ROUTE DU BEAUSSET,358244,0,3,RD,0,3,2,,,0,1,,,,1,7,0,1,0,0
1,8,1,1,1,83,FRANCE,PROVENCE-ALPES-COTE-D'AZUR,137,83137,TOULON,AVENUE LAZARE CARNOT,358246,0,4,VC,0,2,3,,,0,1,,,,1,7,0,1,0,0
1,1,1,1,3,83,FRANCE,PROVENCE-ALPES-COTE-D'AZUR,093,83093,PLAN-D'AUPS-SAINTE-BAUME,VC 0,358264,0,4,VC,0,2,0,0,0,0,1,0,0,,1,7,0,1,0,0
1,4,1,1,3,83,FRANCE,PROVENCE-ALPES-COTE-D'AZUR,068,83068,GRIMAUD,RD 558,358289,0,3,RD,558,2,0,29,200,0,1,0,0,,1,15,0,1,0,0
1,5,1,1,3,83,FRANCE,PROVENCE-ALPES-COTE-D'AZUR,112,83112,SAINT-CYR-SUR-MER,VC 0,358294,0,4,VC,0,2,1,0,0,0,1,0,0,,1,7,0,1,0,0
1,6,1,1,2,83,FRANCE,PROVENCE-ALPES-COTE-D'AZUR,129,83129,SIX-FOURS-LES-PLAGES,AVENUE DE LAENNEC,358307,0,4,VC,0,2,2,,,0,1,,,,1,7,0,1,0,0
1,1,1,8,1,83,FRANCE,PROVENCE-ALPES-COTE-D'AZUR,126,83126,SEYNE-SUR-MER (LA),CORNICHE VAROISE,358312,0,3,RD,0,2,2,,,0,1,,,,1,7,0,1,0,0
1,8,1,1,3,83,FRANCE,PROVENCE-ALPES-COTE-D'AZUR,137,83137,TOULON,ROND-POINT MIRASOULEOU,358319,0,4,VC,0,1,2,,,0,1,,,,1,7,0,1,0,0
1,8,1,1,3,83,FRANCE,PROVENCE-ALPES-COTE-D'AZUR,137,83137,TOULON,CHEMIN DU FORT ROUGE,358321,0,4,VC,0,2,1,,,0,1,,,,1,7,0,1,0,0
1,6,1,1,2,83,FRANCE,PROVENCE-ALPES-COTE-D'AZUR,050,83050,DRAGUIGNAN,AVENUE ANCIENS COMBATTANTS A.F.N,358350,0,4,VC,0,3,4,,,0,1,,,,1,7,0,1,0,0
1,6,1,1,3,83,FRANCE,PROVENCE-ALPES-COTE-D'AZUR,061,83061,FREJUS,AVENUE MARECHAL DE LATTRE DE TASSIGNY,358351,0,4,VC,0,3,2,,,2,5,,,,1,7,0,1,0,0
1,1,1,1,3,83,FRANCE,PROVENCE-ALPES-COTE-D'AZUR,015,83015,BAUDUEN,RD 49,358373,0,3,RD,49,2,2,26,600,0,1,0,0,,1,7,0,1,0,0
3,1,1,1,2,83,FRANCE,PROVENCE-ALPES-COTE-D'AZUR,023,83023,BRIGNOLES,RD 43,358375,0,3,RD,43,2,2,0,800,0,1,0,0,,1,7,0,1,0,0
3,1,6,1,1,83,FRANCE,PROVENCE-ALPES-COTE-D'AZUR,054,83054,FARLEDE (LA),RD 554,358406,5,3,RD,554,1,2,95,500,0,1,0,0,,1,7,0,1,0,0
1,6,1,1,6,83,FRANCE,PROVENCE-ALPES-COTE-D'AZUR,129,83129,SIX-FOURS-LES-PLAGES,AVENUE DE LA REPUBLIQUE,358416,0,4,VC,0,1,1,,,0,1,,,,1,,,,,
2,1,1,9,2,83,FRANCE,PROVENCE-ALPES-COTE-D'AZUR,107,83107,ROQUEBRUNE-SUR-ARGENS,RN 7,358442,0,2,RN,7,2,3,84,500,0,1,0,0,,1,7,0,1,0,0
1,6,1,1,2,83,FRANCE,PROVENCE-ALPES-COTE-D'AZUR,061,83061,FREJUS,RN 7,358476,0,3,RD,7,1,1,,,0,1,,,,1,7,0,1,0,0
1,1,1,1,2,83,FRANCE,PROVENCE-ALPES-COTE-D'AZUR,069,83069,HYERES,ROUTE DE GIENS,358487,0,3,RD,97,0,2,,,0,1,,,,1,7,0,1,0,0
1,5,4,1,3,83,FRANCE,PROVENCE-ALPES-COTE-D'AZUR,073,83073,LUC (LE),RD 33,358499,0,3,RD,33,2,2,0,0,0,1,0,0,,1,7,0,1,0,0
1,1,1,1,2,83,FRANCE,PROVENCE-ALPES-COTE-D'AZUR,133,83133,TANNERON,RD 38,358533,0,3,RD,38,2,2,12,300,0,1,0,0,,1,10,0,1,0,0
1,7,1,1,6,83,FRANCE,PROVENCE-ALPES-COTE-D'AZUR,126,83126,SEYNE-SUR-MER (LA),BOULEVARD JEAN ROSTAND,358544,0,4,VC,0,2,2,,,3,1,,,,1,7,0,1,0,0
1,1,1,1,1,83,FRANCE,PROVENCE-ALPES-COTE-D'AZUR,094,83094,PLAN-DE-LA-TOUR,RD 44,358569,0,3,RD,44,2,2,7,0,0,1,0,0,,1,7,0,1,0,0
1,5,6,1,3,83,FRANCE,PROVENCE-ALPES-COTE-D'AZUR,047,83047,CRAU (LA),RD 29,358580,0,3,RD,29,0,2,3,750,0,1,0,0,,1,7,0,1,0,0
1,6,6,1,3,83,FRANCE,PROVENCE-ALPES-COTE-D'AZUR,118,83118,SAINT-RAPHAEL,AVENUE DES MIMOSAS,358594,0,4,VC,0,2,2,,,0,1,,,,1,7,0,1,0,0
1,5,1,1,3,83,FRANCE,PROVENCE-ALPES-COTE-D'AZUR,023,83023,BRIGNOLES,RD 24,358612,0,3,RD,24,2,0,3,0,0,1,0,0,,1,7,0,1,0,0
2,1,1,2,3,83,FRANCE,PROVENCE-ALPES-COTE-D'AZUR,061,83061,FREJUS,D8,358637,0,3,RD,8,2,2,,,0,1,,,,1,7,0,1,0,0
1,1,1,1,7,83,FRANCE,PROVENCE-ALPES-COTE-D'AZUR,030,83030,CAMPS-LA-SOURCE,RD 12,358641,0,3,RD,12,2,1,6,900,0,1,0,0,,1,,0,1,0,0
1,4,1,1,3,83,FRANCE,PROVENCE-ALPES-COTE-D'AZUR,106,83106,ROCBARON,RD 81,358642,0,3,RD,81,2,2,0,100,0,1,0,0,,1,7,0,1,0,0
1,6,1,1,1,83,FRANCE,PROVENCE-ALPES-COTE-D'AZUR,129,83129,SIX-FOURS-LES-PLAGES,PROMENADE CHARLES DE GAULLE,358656,0,3,RD,559,1,2,,,1,1,,,,1,7,0,1,0,0
1,6,1,1,3,83,FRANCE,PROVENCE-ALPES-COTE-D'AZUR,129,83129,SIX-FOURS-LES-PLAGES,RUE DE TAILAN,358671,0,4,VC,0,1,1,,,0,1,,,,1,7,0,1,0,0
1,8,1,1,3,83,FRANCE,PROVENCE-ALPES-COTE-D'AZUR,137,83137,TOULON,ROND-POINT DU GENERAL BONAPARTE,358686,0,4,VC,0,0,1,,,0,0,,,,1,17,0,1,0,0
1,5,1,1,3,83,FRANCE,PROVENCE-ALPES-COTE-D'AZUR,107,83107,ROQUEBRUNE-SUR-ARGENS,VC 0,358716,0,4,VC,0,2,2,0,0,0,1,0,0,,1,7,0,1,0,0
1,1,1,1,1,83,FRANCE,PROVENCE-ALPES-COTE-D'AZUR,027,83027,CADIERE-D'AZUR (LA),RD 82,358723,0,3,RD,82,2,2,0,500,0,1,0,0,,1,7,0,1,0,0
1,1,6,1,2,83,FRANCE,PROVENCE-ALPES-COTE-D'AZUR,064,83064,GAREOULT,RD 554,358743,0,3,RD,554,1,2,74,0,0,1,0,0,,1,7,0,1,0,0
1,8,1,8,6,83,FRANCE,PROVENCE-ALPES-COTE-D'AZUR,137,83137,TOULON,RUE D'ALGER ,358752,6,4,VC,0,0,1,,,3,0,,,,1,,0,0,0,1
1,5,1,1,1,83,FRANCE,PROVENCE-ALPES-COTE-D'AZUR,123,83123,SANARY-SUR-MER,CHEMIN BACCHUS,358819,0,4,VC,0,2,2,,,0,1,,,,1,7,0,1,0,0
1,1,1,1,3,83,FRANCE,PROVENCE-ALPES-COTE-D'AZUR,107,83107,ROQUEBRUNE-SUR-ARGENS,RD 8,358830,0,3,RD,8,2,2,8,0,0,1,0,0,,1,7,0,1,0,0
1,5,6,1,3,83,FRANCE,PROVENCE-ALPES-COTE-D'AZUR,070,83070,LAVANDOU (LE),VC 0,358831,5,4,VC,0,0,0,0,0,0,0,0,0,,1,7,0,1,0,0
1,8,3,1,1,83,FRANCE,PROVENCE-ALPES-COTE-D'AZUR,137,83137,TOULON,AVENUE DU 15EME CORPS,358876,0,4,VC,0,2,2,,,0,1,,,,1,7,0,1,0,0
1,7,6,1,3,83,FRANCE,PROVENCE-ALPES-COTE-D'AZUR,069,83069,HYERES,AVENUE DE L'AEROPORT,358892,0,3,RD,0,1,2,,,0,1,,,,1,7,0,1,0,0
1,1,1,1,1,83,FRANCE,PROVENCE-ALPES-COTE-D'AZUR,035,83035,CASTELLET (LE),RD 26,358908,0,3,RD,26,2,2,9,900,0,1,0,0,,1,7,0,1,0,0
1,4,1,8,3,83,FRANCE,PROVENCE-ALPES-COTE-D'AZUR,104,83104,RIANS,RD 23,358926,0,3,RD,23,2,2,8,600,0,1,0,0,,1,7,0,1,0,0
1,5,6,1,1,83,FRANCE,PROVENCE-ALPES-COTE-D'AZUR,071,83071,LONDE-LES-MAURES (LA),RD 559,358927,5,3,RD,559,2,0,26,420,0,1,4300000,600000,,1,7,0,1,0,0
1,6,6,1,3,83,FRANCE,PROVENCE-ALPES-COTE-D'AZUR,050,83050,DRAGUIGNAN,ROND-POINT BACHAGA BOUALAM,358939,0,4,VC,0,1,2,,,0,1,,,,1,7,0,1,0,0
1,6,1,1,3,83,FRANCE,PROVENCE-ALPES-COTE-D'AZUR,061,83061,FREJUS,AVENUE EUGENE JOLY,358954,0,4,VC,0,2,2,,,0,1,,,,1,7,0,1,0,0
1,5,6,1,1,83,FRANCE,PROVENCE-ALPES-COTE-D'AZUR,112,83112,SAINT-CYR-SUR-MER,RD 559,358960,0,3,RD,559,1,0,2,300,0,1,0,0,,1,7,0,1,0,0
1,1,1,1,7,83,FRANCE,PROVENCE-ALPES-COTE-D'AZUR,043,83043,COLLOBRIERES,RD 14,358963,0,3,RD,14,2,0,36,200,0,1,0,0,,1,,0,1,0,0
2,6,1,1,3,83,FRANCE,PROVENCE-ALPES-COTE-D'AZUR,062,83062,GARDE (LA),AVENUE ABEL GANCE,358981,0,4,VC,0,2,1,,,0,1,,,,1,7,0,1,0,0
1,1,1,1,3,83,FRANCE,PROVENCE-ALPES-COTE-D'AZUR,081,83081,MONTAUROUX,RD 37,359005,0,3,RD,37,2,2,37,300,0,1,0,0,,1,7,0,1,0,0
1,1,1,1,1,83,FRANCE,PROVENCE-ALPES-COTE-D'AZUR,115,83115,SAINTE-MAXIME,RD 559,359020,0,3,RD,559,2,2,103,200,0,1,0,0,,1,7,0,1,0,0
1,1,6,1,1,83,FRANCE,PROVENCE-ALPES-COTE-D'AZUR,019,83019,BORMES-LES-MIMOSAS,RD 559,359023,5,3,RD,559,2,2,52,800,1,0,0,0,,1,15,0,1,0,0
1,1,1,1,7,83,FRANCE,PROVENCE-ALPES-COTE-D'AZUR,090,83090,OLLIOULES,ROUTE DU GROS CERVEAU,359027,0,3,RD,0,2,1,,,0,1,,,,1,,0,1,0,0
1,6,3,1,3,83,FRANCE,PROVENCE-ALPES-COTE-D'AZUR,129,83129,SIX-FOURS-LES-PLAGES,CORNICHE DU CROS,359029,0,4,VC,0,2,3,,,0,1,,,,1,7,0,1,0,0
1,6,6,1,3,83,FRANCE,PROVENCE-ALPES-COTE-D'AZUR,129,83129,SIX-FOURS-LES-PLAGES,AVENUE DU LAC,359045,5,4,VC,0,0,1,,,0,1,,,,1,7,0,1,0,0
1,1,1,1,3,83,FRANCE,PROVENCE-ALPES-COTE-D'AZUR,068,83068,GRIMAUD,RD 559,359064,0,3,RD,559,2,2,94,0,0,1,0,0,,1,7,0,1,0,0
1,7,1,1,2,83,FRANCE,PROVENCE-ALPES-COTE-D'AZUR,126,83126,SEYNE-SUR-MER (LA),QUAI GABRIEL PERI,359076,5,4,VC,0,2,3,,,0,1,,,,1,7,0,1,0,0
1,6,1,1,6,83,FRANCE,PROVENCE-ALPES-COTE-D'AZUR,129,83129,SIX-FOURS-LES-PLAGES,AVENUE DU LYCEE DE LA COUDOULIERE,359081,0,4,VC,0,1,1,,,0,1,,,,1,3,0,1,0,0
1,6,1,1,3,83,FRANCE,PROVENCE-ALPES-COTE-D'AZUR,061,83061,FREJUS,AVENUE DE PROVENCE ,359084,0,3,RD,0,0,0,,,0,1,,,,1,7,0,1,0,0
5,3,1,1,1,83,FRANCE,PROVENCE-ALPES-COTE-D'AZUR,088,83088,NEOULES,VC 0,359127,0,4,VC,0,2,2,0,0,0,1,0,0,,1,7,0,1,0,0
1,5,6,1,3,83,FRANCE,PROVENCE-ALPES-COTE-D'AZUR,042,83042,COGOLIN,RD 98,359128,5,3,RD,98,1,1,53,600,0,1,4341600,690300,,1,7,0,1,0,0
5,7,1,1,6,83,FRANCE,PROVENCE-ALPES-COTE-D'AZUR,069,83069,HYERES,ALLEE VICTOR BELLAGUET,359150,0,4,VC,0,2,2,,,0,1,,,,1,,0,1,0,0
1,8,1,1,3,83,FRANCE,PROVENCE-ALPES-COTE-D'AZUR,137,83137,TOULON,AVENUE DES TIRAILLEURS SENEGALAIS,359158,0,4,VC,0,2,2,,,2,1,,,,1,14,0,1,0,0
1,1,1,1,1,83,FRANCE,PROVENCE-ALPES-COTE-D'AZUR,124,83124,SEILLANS,RD 53,359184,0,3,RD,53,2,2,12,800,0,1,0,0,,1,10,0,1,0,0
1,1,1,1,7,83,FRANCE,PROVENCE-ALPES-COTE-D'AZUR,016,83016,BEAUSSET (LE),RD 8,359192,0,3,RD,8,2,2,10,700,0,1,0,0,,1,,0,1,0,0
1,1,1,1,2,83,FRANCE,PROVENCE-ALPES-COTE-D'AZUR,152,83152,RAYOL-CANADEL-SUR-MER,RD 27,359197,0,3,RD,27,2,2,10,200,0,1,4327500,677600,,1,7,0,1,0,0
1,5,1,1,6,83,FRANCE,PROVENCE-ALPES-COTE-D'AZUR,123,83123,SANARY-SUR-MER,CHEMIN DE LA BUGE ,359206,0,4,VC,0,1,1,,,1,1,,,,1,7,0,1,0,0
1,8,1,1,3,83,FRANCE,PROVENCE-ALPES-COTE-D'AZUR,137,83137,TOULON,RUE AMIRAL NOMY,359220,0,4,VC,0,2,2,,,1,1,,,,1,7,0,1,0,0
1,4,1,1,1,83,FRANCE,PROVENCE-ALPES-COTE-D'AZUR,091,83091,PIERREFEU-DU-VAR,VC 0,359234,0,4,VC,0,2,0,0,0,0,1,0,0,,1,10,0,1,0,0
2,5,1,7,1,83,FRANCE,PROVENCE-ALPES-COTE-D'AZUR,019,83019,BORMES-LES-MIMOSAS,RD 241,359241,0,3,RD,241,0,2,0,120,0,1,0,0,,1,7,0,1,0,0
1,4,1,1,3,83,FRANCE,PROVENCE-ALPES-COTE-D'AZUR,132,83132,SOLLIES-VILLE,RD 97,359246,0,3,RD,97,2,2,12,0,0,1,0,0,,1,7,0,1,0,0
1,7,6,9,7,83,FRANCE,PROVENCE-ALPES-COTE-D'AZUR,126,83126,SEYNE-SUR-MER (LA),AVENUE AUGUSTE RENOIR,359249,0,4,VC,0,1,1,,,0,1,,,,1,,0,1,0,0
1,6,6,3,3,83,FRANCE,PROVENCE-ALPES-COTE-D'AZUR,050,83050,DRAGUIGNAN,RUE JEAN AICARD ,359250,0,4,VC,0,0,1,1,0,0,1,,,,1,7,0,1,0,0
1,8,6,1,3,83,FRANCE,PROVENCE-ALPES-COTE-D'AZUR,137,83137,TOULON,ROND-POINT SCARONNE,359257,0,4,VC,0,1,3,,,0,1,,,,1,7,0,1,0,0
1,8,6,1,3,83,FRANCE,PROVENCE-ALPES-COTE-D'AZUR,137,83137,TOULON,QUAI EMILE GRENIER,359258,0,3,RD,0,3,2,,,0,1,,,,1,7,0,1,0,0
3,6,1,1,3,83,FRANCE,PROVENCE-ALPES-COTE-D'AZUR,144,83144,VALETTE-DU-VAR (LA),AVENUE DE LA LIBERATION ,359259,0,4,VC,0,0,0,,,0,1,,,,1,7,0,1,0,0
5,5,3,1,3,83,FRANCE,PROVENCE-ALPES-COTE-D'AZUR,123,83123,SANARY-SUR-MER,ANCIEN CHEMIN DE TOULON,359283,0,4,VC,0,2,2,,,0,1,,,,1,10,0,1,0,0
1,1,1,1,3,83,FRANCE,PROVENCE-ALPES-COTE-D'AZUR,151,83151,VINS-SUR-CARAMY,RD 24,359296,0,3,RD,24,2,2,8,0,0,1,0,0,,1,7,0,1,0,0
1,1,1,1,3,83,FRANCE,PROVENCE-ALPES-COTE-D'AZUR,118,83118,SAINT-RAPHAEL,BOULEVARD DE LA BAUMETTE,359324,0,4,VC,0,2,2,,,0,1,,,,1,7,0,1,0,0
3,1,1,1,6,83,FRANCE,PROVENCE-ALPES-COTE-D'AZUR,055,83055,FAYENCE,RD 563,359350,0,3,RD,563,2,2,1,700,0,1,0,0,,1,,0,1,0,0
1,1,1,1,1,83,FRANCE,PROVENCE-ALPES-COTE-D'AZUR,023,83023,BRIGNOLES,RD 7,359376,0,3,RD,7,1,2,40,200,0,1,0,0,,1,14,0,1,0,0
1,1,1,1,2,83,FRANCE,PROVENCE-ALPES-COTE-D'AZUR,032,83032,CARCES,RD 562,359384,0,3,RD,562,2,2,7,600,0,1,0,0,,1,7,0,1,0,0
1,1,1,7,2,83,FRANCE,PROVENCE-ALPES-COTE-D'AZUR,012,83012,BARJOLS,RD 560,359386,0,3,RD,560,2,2,36,400,0,1,0,0,,1,7,0,1,0,0
1,4,1,7,1,83,FRANCE,PROVENCE-ALPES-COTE-D'AZUR,150,83150,VINON-SUR-VERDON,RD 554,359388,2,3,RD,554,2,2,3,100,0,1,0,0,,1,7,0,1,0,0
1,5,6,1,3,83,FRANCE,PROVENCE-ALPES-COTE-D'AZUR,115,83115,SAINTE-MAXIME,RD 74,359432,0,3,RD,74,0,0,0,0,0,1,0,0,,1,7,0,1,0,0