lum,agg,int,atm,col,dep_bis,pays,region,com_bis,com_codeINSEE,communes,N_voie,numac,infra,catr,type_route,voie,circ,nbv,pr,pr1,vosp,situ,lat,long,adr,accident_velo,vehicule_imp,cycl_mort,cycl_bgv,cycl_blg,cycl_indm
1,1,1,1,3,83,FRANCE,PROVENCE-ALPES-COTE-D'AZUR,016,83016,BEAUSSET (LE),RD 8,359444,0,3,RD,8,3,0,9,0,0,1,0,0,,1,14,0,1,0,0
1,1,1,1,1,83,FRANCE,PROVENCE-ALPES-COTE-D'AZUR,091,83091,PIERREFEU-DU-VAR,RD 14,359480,0,3,RD,14,2,2,10,900,0,1,0,0,,1,15,0,1,0,0
1,6,4,1,3,83,FRANCE,PROVENCE-ALPES-COTE-D'AZUR,050,83050,DRAGUIGNAN,AVENUE DE GRASSE,359504,0,4,VC,0,2,2,1,0,0,1,,,,1,7,0,1,0,0
1,6,1,1,2,83,FRANCE,PROVENCE-ALPES-COTE-D'AZUR,050,83050,DRAGUIGNAN,CHEMIN DU BEAUSSARET,359505,0,4,VC,0,2,2,1,0,0,1,,,,1,10,0,1,0,0
1,6,6,1,3,83,FRANCE,PROVENCE-ALPES-COTE-D'AZUR,061,83061,FREJUS,RUE DE L'ESTEREL,359510,0,4,VC,0,2,2,,,0,1,,,,1,7,0,1,0,0
1,1,1,1,3,83,FRANCE,PROVENCE-ALPES-COTE-D'AZUR,061,83061,FREJUS,RN98 ST AYGULF,359522,2,3,RD,559,2,2,,,0,1,,,,1,7,0,1,0,0
5,6,1,1,3,83,FRANCE,PROVENCE-ALPES-COTE-D'AZUR,118,83118,SAINT-RAPHAEL,BOULEVARD FELIX MARTIN,359533,0,4,VC,0,1,2,,,0,1,,,,1,7,0,1,0,0
1,6,1,1,6,83,FRANCE,PROVENCE-ALPES-COTE-D'AZUR,129,83129,SIX-FOURS-LES-PLAGES,LA COUDOULIERE,359561,0,9,Autre,0,2,2,,,1,5,,,,1,,0,1,0,0
1,7,1,1,7,83,FRANCE,PROVENCE-ALPES-COTE-D'AZUR,126,83126,SEYNE-SUR-MER (LA),ROND-POINT DU DOCTEUR SAUVET,359587,0,4,VC,0,2,2,,,0,1,,,,1,7,0,1,0,0
1,5,1,1,1,83,FRANCE,PROVENCE-ALPES-COTE-D'AZUR,153,83153,SAINT-MANDRIER-SUR-MER,QUAI JULES GUESDE,359588,0,4,VC,0,2,2,,,0,1,,,,1,7,0,1,0,0
1,7,1,1,6,83,FRANCE,PROVENCE-ALPES-COTE-D'AZUR,126,83126,SEYNE-SUR-MER (LA),IMPASSE CABLAT,359592,0,4,VC,0,2,1,,,0,1,,,,1,,0,0,0,1
1,7,6,1,2,83,FRANCE,PROVENCE-ALPES-COTE-D'AZUR,126,83126,SEYNE-SUR-MER (LA),YITZHAK RABIN,359596,5,3,RD,0,2,2,,,0,1,,,,1,7,0,1,0,0
1,7,1,1,3,83,FRANCE,PROVENCE-ALPES-COTE-D'AZUR,126,83126,SEYNE-SUR-MER (LA),BOULEVARD JEAN ROSTAND,359597,5,4,VC,0,2,2,,,3,1,,,,1,7,0,1,0,0
1,7,1,1,7,83,FRANCE,PROVENCE-ALPES-COTE-D'AZUR,126,83126,SEYNE-SUR-MER (LA),AVENUE CHARLES DE GAULLE,359598,0,4,VC,0,3,2,,,1,5,,,,1,,0,1,0,0
2,7,1,1,3,83,FRANCE,PROVENCE-ALPES-COTE-D'AZUR,126,83126,SEYNE-SUR-MER (LA),CHEMIN DE FABREGAS,359607,0,4,VC,0,2,2,,,0,1,,,,1,7,0,1,0,0
1,8,1,1,6,83,FRANCE,PROVENCE-ALPES-COTE-D'AZUR,137,83137,TOULON,BOULEVARD COMMANDANT NICOLAS,359624,0,3,RD,0,1,3,,,0,1,,,,1,7,0,1,0,0
1,1,1,1,1,83,FRANCE,PROVENCE-ALPES-COTE-D'AZUR,137,83137,TOULON,ROUTE DES POMETS,359642,0,3,RD,0,2,1,,,0,1,,,,1,7,0,1,0,0
1,8,1,1,3,83,FRANCE,PROVENCE-ALPES-COTE-D'AZUR,137,83137,TOULON,CHEMIN DU PONT DE BOIS,359643,0,4,VC,0,2,2,,,0,0,,,,1,7,0,1,0,0
1,1,1,1,1,83,FRANCE,PROVENCE-ALPES-COTE-D'AZUR,144,83144,VALETTE-DU-VAR (LA),CHEMIN TOURRIS,359649,0,3,RD,0,2,1,,,0,1,,,,1,7,0,1,0,0
1,5,1,1,1,83,FRANCE,PROVENCE-ALPES-COTE-D'AZUR,098,83098,PRADET (LE),AVENUE ALAIN LE LEAP,359651,0,4,VC,0,2,2,,,1,5,,,,1,,0,1,0,0
2,1,6,1,3,83,FRANCE,PROVENCE-ALPES-COTE-D'AZUR,090,83090,OLLIOULES,CHEMIN DE LAGOUBRAN,359658,5,9,Autre,0,1,2,,,0,1,,,,1,7,0,1,0,0
1,8,3,1,3,83,FRANCE,PROVENCE-ALPES-COTE-D'AZUR,137,83137,TOULON,CHEMIN DE LA CARRAIRE,359664,0,4,VC,0,2,2,,,0,1,,,,1,10,0,1,0,0
1,8,1,3,6,83,FRANCE,PROVENCE-ALPES-COTE-D'AZUR,137,83137,TOULON,AVENUE JOSEPH GASQUET,359690,0,3,RD,0,2,1,,,0,1,,,,1,37,0,1,0,0
1,8,3,1,6,83,FRANCE,PROVENCE-ALPES-COTE-D'AZUR,137,83137,TOULON,RUE GENERAL MICHEL AUDEOUD,359698,0,3,RD,0,2,0,,,0,1,,,,1,,0,0,0,1
2,6,1,1,1,84,FRANCE,PROVENCE-ALPES-COTE-D'AZUR,035,84035,CAVAILLON,CHEMIN DONNE,359722,0,4,VC,0,2,2,,,0,1,,,,1,7,0,1,0,0
1,1,1,1,1,84,FRANCE,PROVENCE-ALPES-COTE-D'AZUR,025,84025,CABRIERES-D'AVIGNON,RD 2,359725,0,3,RD,2,2,0,0,0,0,1,0,0,,1,7,0,1,0,0
1,7,3,1,3,84,FRANCE,PROVENCE-ALPES-COTE-D'AZUR,007,84007,AVIGNON,PONT ROYAUME ET DALADIER,359745,0,2,RN,0,2,0,0,437,1,5,,,,1,7,0,1,0,0
1,6,1,1,2,84,FRANCE,PROVENCE-ALPES-COTE-D'AZUR,031,84031,CARPENTRAS,AVENUE DU MOULIN,359746,0,4,VC,0,2,2,,,1,1,,,,1,7,0,1,0,0
1,4,1,1,1,84,FRANCE,PROVENCE-ALPES-COTE-D'AZUR,017,84017,BEDOIN,VC 1,359799,0,4,VC,1,2,1,0,0,0,1,0,0,,1,7,0,1,0,0
1,5,1,1,1,84,FRANCE,PROVENCE-ALPES-COTE-D'AZUR,019,84019,BOLLENE,VC 0,359800,0,4,VC,0,2,0,0,0,0,1,4429900,475100,,1,7,0,1,0,0
1,1,1,7,1,84,FRANCE,PROVENCE-ALPES-COTE-D'AZUR,142,84142,VELLERON,RD 31,359826,0,3,RD,31,2,2,16,990,1,1,4395100,502900,,1,7,0,1,0,0
1,1,1,1,3,84,FRANCE,PROVENCE-ALPES-COTE-D'AZUR,019,84019,BOLLENE,RD 994,359828,0,3,RD,994,2,2,0,0,0,1,0,0,,1,7,0,1,0,0
3,1,1,1,3,84,FRANCE,PROVENCE-ALPES-COTE-D'AZUR,069,84069,MALAUCENE,RD 938,359839,0,3,RD,938,2,0,18,100,0,1,0,0,,1,7,0,1,0,0
3,1,1,1,2,84,FRANCE,PROVENCE-ALPES-COTE-D'AZUR,035,84035,CAVAILLON,RD 973,359847,0,3,RD,0,2,2,5,872,0,1,,,,1,7,0,1,0,0
1,5,1,1,1,84,FRANCE,PROVENCE-ALPES-COTE-D'AZUR,019,84019,BOLLENE,RD 994,359873,0,3,RD,994,2,1,0,0,0,5,0,0,,1,7,0,1,0,0
1,7,1,1,3,84,FRANCE,PROVENCE-ALPES-COTE-D'AZUR,007,84007,AVIGNON,Avenue de la REINE JEANNE,359888,0,4,VC,0,2,2,0,110,1,1,,,,1,7,0,1,0,0
2,4,1,1,3,84,FRANCE,PROVENCE-ALPES-COTE-D'AZUR,034,84034,CAUMONT-SUR-DURANCE,RD 6,359925,0,3,RD,6,0,2,0,0,0,1,0,0,,1,7,0,1,0,0
2,1,1,1,2,84,FRANCE,PROVENCE-ALPES-COTE-D'AZUR,039,84039,COURTHEZON,RD 950,359931,0,3,RD,950,2,2,0,0,0,1,0,0,,1,7,0,1,0,0
1,7,9,1,3,84,FRANCE,PROVENCE-ALPES-COTE-D'AZUR,007,84007,AVIGNON,Avenue SAINT RUF,359961,6,4,VC,0,3,4,,,0,1,,,,1,7,0,1,0,0
1,5,1,1,3,84,FRANCE,PROVENCE-ALPES-COTE-D'AZUR,088,84088,PERNES-LES-FONTAINES,VC 0,359971,0,4,VC,0,2,2,0,474,0,1,4400900,505700,,1,7,0,1,0,0
1,1,4,1,3,84,FRANCE,PROVENCE-ALPES-COTE-D'AZUR,072,84072,MAZAN,RD 1,359988,0,3,RD,1,2,2,0,0,0,1,4403200,511700,,1,10,0,1,0,0
1,1,2,1,3,84,FRANCE,PROVENCE-ALPES-COTE-D'AZUR,007,84007,AVIGNON,Avenue des SOURCES,359993,0,4,VC,0,1,1,0,250,2,1,,,,1,7,0,1,0,0
1,1,1,1,1,84,FRANCE,PROVENCE-ALPES-COTE-D'AZUR,074,84074,MERINDOL,VC 0,360002,0,4,VC,0,2,0,0,0,0,1,4376300,519600,,1,7,0,1,0,0
1,7,1,1,3,84,FRANCE,PROVENCE-ALPES-COTE-D'AZUR,007,84007,AVIGNON,Avenue de COLCHESTER,360015,0,4,VC,0,2,2,0,55,2,1,,,,1,7,0,1,0,0
1,5,9,1,1,84,FRANCE,PROVENCE-ALPES-COTE-D'AZUR,054,84054,ISLE-SUR-LA-SORGUE (L'),RD 132,360019,0,3,RD,132,2,2,0,0,0,1,4392100,504700,,1,7,0,1,0,0
1,1,3,1,3,84,FRANCE,PROVENCE-ALPES-COTE-D'AZUR,118,84118,SAINT-SATURNIN-LES-APT,VC 4,360022,0,4,VC,4,2,2,0,0,0,1,4392800,531600,,1,7,0,1,0,0
5,7,1,1,6,84,FRANCE,PROVENCE-ALPES-COTE-D'AZUR,007,84007,AVIGNON,COURS JEAN JAURES,360051,6,4,VC,0,1,1,,,0,4,,,,1,,0,0,0,1
1,6,2,1,3,84,FRANCE,PROVENCE-ALPES-COTE-D'AZUR,035,84035,CAVAILLON,COURS LEON GAMBETTA,360067,0,4,VC,0,2,2,,,0,1,,,,1,17,0,1,0,0
1,5,1,1,3,84,FRANCE,PROVENCE-ALPES-COTE-D'AZUR,138,84138,VALREAS,Autre 0,360076,0,9,Autre,0,1,1,0,0,0,1,0,0,,1,7,0,1,0,0
1,7,1,1,3,84,FRANCE,PROVENCE-ALPES-COTE-D'AZUR,007,84007,AVIGNON,TARASCON,360078,0,3,RD,0,2,2,3,800,1,1,,,,1,7,0,1,0,0
1,7,3,1,3,84,FRANCE,PROVENCE-ALPES-COTE-D'AZUR,007,84007,AVIGNON,AVENUE PIERRE SEMARD,360081,0,4,VC,0,2,2,51,800,1,5,,,,1,7,0,1,0,0
2,1,1,1,1,84,FRANCE,PROVENCE-ALPES-COTE-D'AZUR,132,84132,THOR (LE),RD 1,360092,5,3,RD,1,2,2,0,0,0,1,4394100,499600,,1,7,0,1,0,0
1,5,1,1,1,84,FRANCE,PROVENCE-ALPES-COTE-D'AZUR,019,84019,BOLLENE,VC 0,360131,0,4,VC,0,1,1,0,0,0,1,0,0,,1,7,0,1,0,0
3,6,3,1,3,84,FRANCE,PROVENCE-ALPES-COTE-D'AZUR,087,84087,ORANGE,ROUTE DE LYON ,360141,2,2,RN,0,2,2,22,0,0,1,,,,1,7,0,1,0,0
1,1,1,1,6,84,FRANCE,PROVENCE-ALPES-COTE-D'AZUR,017,84017,BEDOIN,RD 974,360147,0,3,RD,974,2,2,28,300,0,1,0,0,,1,,0,1,0,0
1,7,1,6,3,84,FRANCE,PROVENCE-ALPES-COTE-D'AZUR,007,84007,AVIGNON,RUE DU 27EME R.T.A.,360157,0,4,VC,0,2,2,,,0,1,,,,1,7,0,1,0,0
1,5,1,1,3,84,FRANCE,PROVENCE-ALPES-COTE-D'AZUR,089,84089,PERTUIS,BOULEVARD DES JARDINS,360170,0,3,RD,0,2,2,,,0,1,,,,1,7,0,1,0,0
1,1,1,1,1,84,FRANCE,PROVENCE-ALPES-COTE-D'AZUR,017,84017,BEDOIN,RD 974,360180,0,3,RD,974,2,1,0,0,0,1,4412600,525000,,1,7,0,1,0,0
1,4,1,1,1,84,FRANCE,PROVENCE-ALPES-COTE-D'AZUR,078,84078,MONDRAGON,Autre 0,360182,0,9,Autre,0,0,0,0,0,0,0,0,0,,1,7,0,1,0,0
1,7,1,1,6,84,FRANCE,PROVENCE-ALPES-COTE-D'AZUR,007,84007,AVIGNON,BOULEVARD SAINT MICHEL,360208,0,2,RN,0,2,4,0,50,2,5,,,,1,17,0,1,0,0
1,5,1,7,1,84,FRANCE,PROVENCE-ALPES-COTE-D'AZUR,054,84054,ISLE-SUR-LA-SORGUE (L'),RD 901,360214,0,3,RD,901,2,2,0,0,0,5,0,0,,1,7,0,1,0,0
2,1,1,1,2,84,FRANCE,PROVENCE-ALPES-COTE-D'AZUR,086,84086,OPPEDE,RD 900,360219,0,3,RD,900,2,0,21,500,0,1,0,0,,1,10,0,1,0,0
1,3,1,1,1,84,FRANCE,PROVENCE-ALPES-COTE-D'AZUR,123,84123,SAULT,VC 0,360224,0,4,VC,0,2,2,0,0,0,1,0,0,,1,7,0,1,0,0
1,1,1,1,1,84,FRANCE,PROVENCE-ALPES-COTE-D'AZUR,098,84098,ROAIX,RD 20,360228,0,3,RD,20,2,0,0,0,0,1,0,0,,1,7,0,1,0,0
1,7,1,1,6,84,FRANCE,PROVENCE-ALPES-COTE-D'AZUR,007,84007,AVIGNON,CHARLES DE GAULLE,360235,0,4,VC,0,3,3,8,500,0,1,,,,1,7,0,1,0,0
1,5,6,1,2,84,FRANCE,PROVENCE-ALPES-COTE-D'AZUR,054,84054,ISLE-SUR-LA-SORGUE (L'),VC 0,360241,0,4,VC,0,4,1,0,0,1,1,0,0,,1,7,0,1,0,0
1,1,1,1,2,84,FRANCE,PROVENCE-ALPES-COTE-D'AZUR,030,84030,CAROMB,RD 70,360245,0,3,RD,70,2,0,0,0,0,1,0,0,,1,7,0,1,0,0
1,1,1,1,1,84,FRANCE,PROVENCE-ALPES-COTE-D'AZUR,069,84069,MALAUCENE,RD 974,360248,0,3,RD,974,2,2,0,0,1,1,0,0,,1,10,0,1,0,0
1,1,1,1,1,84,FRANCE,PROVENCE-ALPES-COTE-D'AZUR,017,84017,BEDOIN,RD 974,360249,0,3,RD,974,2,2,0,0,0,1,0,0,,1,10,0,1,0,0
1,1,1,1,7,84,FRANCE,PROVENCE-ALPES-COTE-D'AZUR,019,84019,BOLLENE,RD 12,360251,0,3,RD,12,2,2,0,0,0,3,4428100,477500,,1,,0,1,0,0
1,7,1,1,2,84,FRANCE,PROVENCE-ALPES-COTE-D'AZUR,007,84007,AVIGNON,Avenue SAINT RUF,360274,0,2,RN,0,2,3,,,0,1,,,,1,7,0,1,0,0
1,1,1,1,1,84,FRANCE,PROVENCE-ALPES-COTE-D'AZUR,050,84050,GORDES,RD 15,360290,0,3,RD,15,2,2,0,0,0,1,0,0,,1,7,0,1,0,0
1,6,1,1,3,84,FRANCE,PROVENCE-ALPES-COTE-D'AZUR,035,84035,CAVAILLON,ALLEE  Auguste RODIN,360303,6,4,VC,0,0,1,1,0,3,4,,,,1,31,0,1,0,0
5,5,6,1,3,84,FRANCE,PROVENCE-ALPES-COTE-D'AZUR,039,84039,COURTHEZON,Autre 0,360313,5,9,Autre,0,1,0,0,0,0,1,4408900,488600,,1,7,0,1,0,0
1,1,3,1,3,84,FRANCE,PROVENCE-ALPES-COTE-D'AZUR,007,84007,AVIGNON,Rocade CHARLES DE GAULLE,360344,5,4,VC,0,3,4,0,450,1,1,,,,1,17,0,1,0,0
1,7,1,1,3,84,FRANCE,PROVENCE-ALPES-COTE-D'AZUR,007,84007,AVIGNON,Avenue SAINT RUF,360347,0,4,VC,0,2,3,1,420,0,1,,,,1,7,0,1,0,0
1,1,1,1,7,84,FRANCE,PROVENCE-ALPES-COTE-D'AZUR,022,84022,BUISSON,RD 51,360350,0,3,RD,51,2,0,0,0,0,1,0,0,,1,,0,1,0,0
1,6,1,1,3,84,FRANCE,PROVENCE-ALPES-COTE-D'AZUR,087,84087,ORANGE,RUE ALBIN DURAND,360361,0,4,VC,0,2,2,,,0,1,,,,1,7,0,1,0,0
1,1,3,1,1,84,FRANCE,PROVENCE-ALPES-COTE-D'AZUR,033,84033,CASTELLET,RD 223,360363,0,3,RD,223,0,2,0,0,0,1,4384700,550100,,1,7,0,1,0,0
1,7,6,1,3,84,FRANCE,PROVENCE-ALPES-COTE-D'AZUR,007,84007,AVIGNON,ROND-point de REALPANIER,360385,5,3,RD,28,1,3,0,199,0,1,,,,1,7,0,1,0,0
1,5,1,1,1,84,FRANCE,PROVENCE-ALPES-COTE-D'AZUR,092,84092,PONTET (LE),RD 1,360389,0,3,RD,1,2,1,0,0,0,1,4397500,485700,,1,7,0,1,0,0
1,1,1,1,1,84,FRANCE,PROVENCE-ALPES-COTE-D'AZUR,072,84072,MAZAN,RD 1,360397,0,3,RD,1,0,2,0,0,0,1,4403000,511000,,1,7,0,1,0,0
1,1,1,1,2,84,FRANCE,PROVENCE-ALPES-COTE-D'AZUR,132,84132,THOR (LE),RD 1,360399,0,3,RD,1,2,0,0,0,1,5,0,0,,1,7,0,1,0,0
1,4,1,1,3,84,FRANCE,PROVENCE-ALPES-COTE-D'AZUR,119,84119,SAINT-SATURNIN-LES-AVIGNON,RD 28,360407,0,3,RD,28,2,1,0,0,0,1,0,0,,1,7,0,1,0,0
1,1,1,1,2,84,FRANCE,PROVENCE-ALPES-COTE-D'AZUR,132,84132,THOR (LE),RD 25,360412,0,3,RD,25,2,0,0,0,0,1,0,0,,1,13,0,1,0,0
1,1,1,1,1,84,FRANCE,PROVENCE-ALPES-COTE-D'AZUR,143,84143,VENASQUE,RD 38,360413,0,3,RD,38,2,2,0,0,0,1,4397600,524100,,1,7,0,1,0,0
1,5,1,1,3,84,FRANCE,PROVENCE-ALPES-COTE-D'AZUR,129,84129,SORGUES,VC 0,360418,5,4,VC,0,2,2,0,0,0,1,4401200,487900,,1,7,0,1,0,0
1,4,1,1,1,84,FRANCE,PROVENCE-ALPES-COTE-D'AZUR,099,84099,ROBION,RD 2,360421,0,3,RD,2,2,0,0,0,0,1,0,0,,1,7,0,1,0,0
1,1,6,1,1,84,FRANCE,PROVENCE-ALPES-COTE-D'AZUR,088,84088,PERNES-LES-FONTAINES,RD 31,360429,0,3,RD,31,4,0,0,0,0,1,4398600,501800,,1,7,0,1,0,0
1,6,1,1,1,84,FRANCE,PROVENCE-ALPES-COTE-D'AZUR,035,84035,CAVAILLON,AVENUE DU CAGNARD,360430,0,4,VC,0,2,2,,,0,1,,,,1,7,0,1,0,0
1,1,1,8,7,84,FRANCE,PROVENCE-ALPES-COTE-D'AZUR,017,84017,BEDOIN,RD 974,360435,0,3,RD,974,2,0,0,0,0,3,0,0,,1,,0,1,0,0
1,1,1,1,1,84,FRANCE,PROVENCE-ALPES-COTE-D'AZUR,040,84040,CRESTET,RD 938,360440,0,3,RD,938,2,2,9,100,0,1,0,0,,1,7,0,1,0,0
1,7,1,1,2,84,FRANCE,PROVENCE-ALPES-COTE-D'AZUR,007,84007,AVIGNON,Avenue MONCLAR,360451,0,4,VC,0,2,2,,,1,1,,,,1,7,0,1,0,0
1,6,6,1,1,84,FRANCE,PROVENCE-ALPES-COTE-D'AZUR,035,84035,CAVAILLON,ROUTE DE MARSEILLE,360456,5,3,RD,0,2,2,1,0,2,1,,,,1,15,0,1,0,0
1,4,1,1,1,84,FRANCE,PROVENCE-ALPES-COTE-D'AZUR,072,84072,MAZAN,RD 1,360464,0,3,RD,1,2,0,0,0,0,1,0,0,,1,7,0,1,0,0
1,7,1,1,6,84,FRANCE,PROVENCE-ALPES-COTE-D'AZUR,007,84007,AVIGNON,chemin VerdIEre,360471,5,4,VC,0,1,1,0,100,1,1,,,,1,7,0,1,0,0
1,7,6,1,2,84,FRANCE,PROVENCE-ALPES-COTE-D'AZUR,007,84007,AVIGNON,Avenue de l'AMANDIER,360473,0,4,VC,0,2,2,0,1,0,1,,,,1,15,0,1,0,0
1,5,1,1,3,84,FRANCE,PROVENCE-ALPES-COTE-D'AZUR,043,84043,ENTRAIGUES-SUR-LA-SORGUE,VC 0,360480,0,4,VC,0,2,2,0,0,0,1,0,0,,1,7,0,1,0,0
1,5,6,1,3,84,FRANCE,PROVENCE-ALPES-COTE-D'AZUR,129,84129,SORGUES,RD 6,360483,5,3,RD,6,2,0,0,0,1,1,4399800,488700,,1,17,0,1,0,0
1,1,2,1,3,84,FRANCE,PROVENCE-ALPES-COTE-D'AZUR,007,84007,AVIGNON,RUE NINON VALIN,360488,0,4,VC,0,1,1,0,10,1,5,,,,1,7,0,1,0,0
3,7,1,1,6,84,FRANCE,PROVENCE-ALPES-COTE-D'AZUR,007,84007,AVIGNON,Boulevard MONOD,360497,0,4,VC,0,2,2,,,2,5,,,,1,7,0,1,0,0
1,6,1,1,6,84,FRANCE,PROVENCE-ALPES-COTE-D'AZUR,031,84031,CARPENTRAS,AVENUE NOTRE DAME DE SANTE ,360530,0,3,RD,0,2,2,,,0,1,,,,1,15,0,1,0,0
1,1,3,1,6,84,FRANCE,PROVENCE-ALPES-COTE-D'AZUR,087,84087,ORANGE,CAVALADE,360533,0,3,RD,0,2,2,,,0,1,,,,1,7,0,1,0,0
1,5,3,7,3,84,FRANCE,PROVENCE-ALPES-COTE-D'AZUR,019,84019,BOLLENE,RD 8,360550,0,3,RD,8,2,0,0,0,0,1,4428300,478300,,1,10,0,1,0,0
1,1,1,1,2,84,FRANCE,PROVENCE-ALPES-COTE-D'AZUR,137,84137,VAISON-LA-ROMAINE,RD 51,360567,0,3,RD,51,2,2,0,0,0,1,0,0,,1,7,0,1,0,0
1,1,6,1,3,84,FRANCE,PROVENCE-ALPES-COTE-D'AZUR,141,84141,VEDENE,RD 942,360575,0,3,RD,942,0,0,0,0,0,1,4398600,488700,,1,17,0,1,0,0
1,1,1,1,3,84,FRANCE,PROVENCE-ALPES-COTE-D'AZUR,054,84054,ISLE-SUR-LA-SORGUE (L'),VC 0,360611,0,4,VC,0,2,1,0,0,0,1,0,0,,1,7,,,,
1,1,1,1,3,84,FRANCE,PROVENCE-ALPES-COTE-D'AZUR,019,84019,BOLLENE,VC 0,360619,0,4,VC,0,2,1,0,0,0,1,0,0,,1,7,0,1,0,0
1,1,6,1,1,84,FRANCE,PROVENCE-ALPES-COTE-D'AZUR,127,84127,SERIGNAN-DU-COMTAT,RD 976,360630,0,3,RD,976,2,2,11,700,0,1,0,0,,1,7,0,1,0,0
1,3,1,1,3,84,FRANCE,PROVENCE-ALPES-COTE-D'AZUR,008,84008,BARROUX (LE),RD 90,360659,0,3,RD,90,2,0,0,0,0,1,4414600,509600,,1,7,0,1,0,0
1,5,1,1,3,84,FRANCE,PROVENCE-ALPES-COTE-D'AZUR,092,84092,PONTET (LE),VC 0,360676,0,4,VC,0,2,2,0,0,0,1,0,0,,1,7,0,1,0,0
1,1,1,1,1,84,FRANCE,PROVENCE-ALPES-COTE-D'AZUR,151,84151,VITROLLES-EN-LUBERON,RD 33,360695,0,3,RD,33,2,0,0,0,0,1,0,0,,1,7,0,1,0,0
1,1,1,1,7,84,FRANCE,PROVENCE-ALPES-COTE-D'AZUR,017,84017,BEDOIN,RD 19,360716,0,3,RD,19,2,0,0,0,0,1,0,0,,1,,0,1,0,0
1,1,1,1,2,84,FRANCE,PROVENCE-ALPES-COTE-D'AZUR,137,84137,VAISON-LA-ROMAINE,RD 151,360741,5,3,RD,151,2,0,0,0,0,1,0,0,,1,7,0,1,0,0
1,6,6,1,3,84,FRANCE,PROVENCE-ALPES-COTE-D'AZUR,035,84035,CAVAILLON,AVENUE DU GENERAL DE GAULLE,360815,0,4,VC,0,2,2,1,0,0,1,,,,1,7,0,1,0,0
5,6,1,1,6,85,FRANCE,PAYS DE LA LOIRE,191,85191,ROCHE-SUR-YON (LA),SABLES ROUTE DES,360820,0,4,VC,0,2,2,,,0,1,,,,1,14,0,1,0,0
1,1,1,1,2,85,FRANCE,PAYS DE LA LOIRE,019,85019,BELLEVILLE-SUR-VIE,RD 937,360823,0,3,RD,937,2,1,14,500,0,1,0,0,,1,7,0,1,0,0
1,5,6,1,1,85,FRANCE,PAYS DE LA LOIRE,092,85092,FONTENAY-LE-COMTE,VC 0,360858,5,4,VC,0,0,0,0,0,0,1,4646800,-79200,,1,7,0,1,0,0
1,1,1,1,5,85,FRANCE,PAYS DE LA LOIRE,223,85223,SAINTE-HERMINE,RD 8,360863,0,3,RD,8,2,2,1,0,0,1,4655000,-104000,,1,7,0,1,0,0
1,1,1,1,1,85,FRANCE,PAYS DE LA LOIRE,113,85113,ILE-D'YEU (L'),RD 22,360864,0,3,RD,22,2,0,0,0,0,1,0,0,,1,33,0,1,0,0
1,6,3,1,3,85,FRANCE,PAYS DE LA LOIRE,191,85191,ROCHE-SUR-YON (LA),BOULEVARD LAVOISIER ,360870,0,4,VC,0,1,1,,,2,5,,,,1,7,0,1,0,0
1,3,1,1,2,85,FRANCE,PAYS DE LA LOIRE,061,85061,CHATEAU-GUIBERT,VC 0,360873,0,4,VC,0,2,2,0,0,0,1,0,0,,1,7,0,1,0,0
1,3,1,1,3,85,FRANCE,PAYS DE LA LOIRE,181,85181,POUILLE,RD 99,360877,0,3,RD,99,2,2,6,500,0,1,4650700,-95600,,1,7,0,1,0,0
1,5,1,1,3,85,FRANCE,PAYS DE LA LOIRE,222,85222,SAINT-GILLES-CROIX-DE-VIE,RD 38,360880,5,3,RD,38,3,2,22,400,0,1,4670000,-193800,,1,17,0,1,0,0
1,4,1,1,3,85,FRANCE,PAYS DE LA LOIRE,295,85295,TREIZE-SEPTIERS,RD 62,360888,0,3,RD,62,0,0,0,0,0,0,0,0,,1,7,0,1,0,0
1,3,1,1,6,85,FRANCE,PAYS DE LA LOIRE,167,85167,ORBRIE (L'),RD 65,360890,0,3,RD,65,2,0,18,200,0,3,4648600,-77600,,1,,0,1,0,0
1,3,1,1,1,85,FRANCE,PAYS DE LA LOIRE,130,85130,MACHE,RD 50,360896,0,3,RD,50,2,2,57,650,0,1,4675900,-168500,,1,7,0,1,0,0
1,1,1,1,3,85,FRANCE,PAYS DE LA LOIRE,218,85218,SAINT-GEORGES-DE-POINTINDOUX,RD 57,360899,0,3,RD,57,2,2,3,100,0,1,0,0,,1,10,0,1,0,0
1,5,1,1,2,85,FRANCE,PAYS DE LA LOIRE,194,85194,SABLES-D'OLONNE (LES),RUE DES SABLES,360908,0,4,VC,0,2,2,,,0,1,,,,1,7,0,1,0,0
1,3,1,1,1,85,FRANCE,PAYS DE LA LOIRE,202,85202,SAINTE-CECILE,RD 48,360911,0,3,RD,48,2,0,0,0,0,1,0,0,,1,7,0,1,0,0
1,3,3,1,1,85,FRANCE,PAYS DE LA LOIRE,307,85307,FAUTE-SUR-MER (LA),VC 1,360924,0,4,VC,1,2,2,0,0,0,1,0,0,,1,10,0,1,0,0
1,1,1,1,1,85,FRANCE,PAYS DE LA LOIRE,252,85252,SAINT-MAURICE-LE-GIRARD,VC 118,360938,0,4,VC,118,2,1,0,0,0,1,0,0,,1,7,0,1,0,0
1,1,1,1,1,85,FRANCE,PAYS DE LA LOIRE,277,85277,SAINT-VINCENT-SUR-GRAON,RD 747,360947,0,3,RD,747,2,2,15,580,0,1,0,0,,1,7,0,1,0,0