lum,agg,int,atm,col,dep_bis,pays,region,com_bis,com_codeINSEE,communes,N_voie,numac,infra,catr,type_route,voie,circ,nbv,pr,pr1,vosp,situ,lat,long,adr,accident_velo,vehicule_imp,cycl_mort,cycl_bgv,cycl_blg,cycl_indm
1,6,1,1,6,85,FRANCE,PAYS DE LA LOIRE,191,85191,ROCHE-SUR-YON (LA),BOULEVARD D'ANGLETERRE,360948,6,4,VC,0,0,0,,,0,3,,,,1,,0,0,0,1
2,1,1,1,3,85,FRANCE,PAYS DE LA LOIRE,019,85019,BELLEVILLE-SUR-VIE,RD 937,360955,0,3,RD,937,2,2,0,0,0,1,0,0,,1,14,0,1,0,0
1,1,1,1,3,85,FRANCE,PAYS DE LA LOIRE,083,85083,EPINE (L'),RD 95,360958,0,3,RD,95,0,0,0,0,0,5,0,0,,1,31,0,1,0,0
1,5,9,1,2,85,FRANCE,PAYS DE LA LOIRE,194,85194,SABLES-D'OLONNE (LES),BOULEVARD DE LATTRE DE TASSIGNY,360967,0,4,VC,0,2,2,,,0,1,,,,1,4,0,1,0,0
1,5,1,1,2,85,FRANCE,PAYS DE LA LOIRE,222,85222,SAINT-GILLES-CROIX-DE-VIE,RD 38,360980,0,3,RD,38,2,2,2,500,1,1,0,0,,1,7,0,1,0,0
1,6,6,1,6,85,FRANCE,PAYS DE LA LOIRE,191,85191,ROCHE-SUR-YON (LA),ROND-POINT SULLY,360981,5,4,VC,0,1,1,,,0,1,,,,1,7,0,1,0,0
1,5,9,2,6,85,FRANCE,PAYS DE LA LOIRE,194,85194,SABLES-D'OLONNE (LES),AVENUE DE BRETAGNE,360983,0,3,RD,0,2,2,,,1,5,,,,1,7,0,1,0,0
1,5,2,1,3,85,FRANCE,PAYS DE LA LOIRE,194,85194,SABLES-D'OLONNE (LES),AVENUE JEAN JAURES,360984,0,4,VC,0,2,3,,,0,1,,,,1,7,0,1,0,0
1,5,1,2,2,85,FRANCE,PAYS DE LA LOIRE,051,85051,CHANTONNAY,RD 31,361004,0,3,RD,31,2,0,37,0,0,1,0,0,,1,10,0,1,0,0
1,6,1,1,2,85,FRANCE,PAYS DE LA LOIRE,191,85191,ROCHE-SUR-YON (LA),RUE DU MARECHAL JOFFRE,361019,0,4,VC,0,2,1,,,0,1,,,,1,7,0,1,0,0
1,1,1,1,2,85,FRANCE,PAYS DE LA LOIRE,191,85191,ROCHE-SUR-YON (LA),MOUILLERON ROUTE DE,361052,0,3,RD,0,2,2,3,0,0,1,,,,1,7,0,1,0,0
1,1,1,1,1,85,FRANCE,PAYS DE LA LOIRE,019,85019,BELLEVILLE-SUR-VIE,RD 101,361076,0,3,RD,101,2,0,0,0,0,1,0,0,,1,7,0,1,0,0
1,1,1,1,3,85,FRANCE,PAYS DE LA LOIRE,236,85236,SAINT-JULIEN-DES-LANDES,RD 12,361084,0,3,RD,12,2,2,15,900,0,1,4663000,-168000,,1,10,0,1,0,0
5,5,1,1,7,85,FRANCE,PAYS DE LA LOIRE,222,85222,SAINT-GILLES-CROIX-DE-VIE,Autre 0,361086,0,9,Autre,0,1,0,0,0,0,4,0,0,,1,,0,1,0,0
2,5,1,1,6,85,FRANCE,PAYS DE LA LOIRE,194,85194,SABLES-D'OLONNE (LES),VC 0,361094,0,4,VC,0,1,1,1,0,1,5,,,,1,7,0,1,0,0
1,5,6,1,2,85,FRANCE,PAYS DE LA LOIRE,222,85222,SAINT-GILLES-CROIX-DE-VIE,VC 0,361100,5,4,VC,0,1,1,0,0,0,1,0,0,,1,7,0,1,0,0
1,5,6,1,3,85,FRANCE,PAYS DE LA LOIRE,047,85047,CHALLANS,RD 753,361116,5,3,RD,753,0,1,0,0,0,1,4685400,-188700,,1,7,0,1,0,0
1,6,1,1,6,85,FRANCE,PAYS DE LA LOIRE,191,85191,ROCHE-SUR-YON (LA),BOULEVARD DE L'INDUSTRIE,361120,0,4,VC,0,2,2,,,1,1,,,,1,7,0,1,0,0
1,1,1,1,6,85,FRANCE,PAYS DE LA LOIRE,191,85191,ROCHE-SUR-YON (LA),CHEMIN COMMUNAL,361121,0,4,VC,0,2,1,,,0,1,,,,1,7,0,1,0,0
1,5,1,1,3,85,FRANCE,PAYS DE LA LOIRE,128,85128,LUCON,VC 0,361153,5,4,VC,0,2,2,0,0,0,1,4645700,-117200,,1,7,0,1,0,0
1,5,1,1,3,85,FRANCE,PAYS DE LA LOIRE,226,85226,SAINT-HILAIRE-DE-RIEZ,Autre 0,361157,0,9,Autre,0,2,2,0,0,2,5,0,0,,1,7,0,1,0,0
2,5,1,1,3,85,FRANCE,PAYS DE LA LOIRE,092,85092,FONTENAY-LE-COMTE,RD 949,361187,0,3,RD,949,2,2,0,0,0,1,4644300,-80200,,1,7,0,1,0,0
1,1,3,1,3,85,FRANCE,PAYS DE LA LOIRE,303,85303,VIX,RD 25,361217,0,3,RD,25,2,0,2,250,0,1,4634200,-82400,,1,7,0,1,0,0
5,3,1,1,2,85,FRANCE,PAYS DE LA LOIRE,130,85130,MACHE,Autre 37,361219,0,9,Autre,37,2,2,0,0,0,1,0,0,,1,7,0,1,0,0
1,4,1,1,3,85,FRANCE,PAYS DE LA LOIRE,113,85113,ILE-D'YEU (L'),Autre 0,361220,0,9,Autre,0,1,2,0,0,1,5,4672600,-234700,,1,10,0,1,0,0
1,5,6,1,3,85,FRANCE,PAYS DE LA LOIRE,194,85194,SABLES-D'OLONNE (LES),BOULEVARD AMPERE,361255,0,4,VC,0,0,2,,,0,0,,,,1,7,0,1,0,0
1,4,1,1,3,85,FRANCE,PAYS DE LA LOIRE,084,85084,ESSARTS (LES),VC 0,361279,0,4,VC,0,2,2,0,0,0,1,0,0,,1,7,0,1,0,0
1,5,6,1,6,85,FRANCE,PAYS DE LA LOIRE,194,85194,SABLES-D'OLONNE (LES),RUE DU PONTREAU,361287,0,4,VC,0,0,2,,,0,0,,,,1,7,0,1,0,0
1,5,6,1,2,85,FRANCE,PAYS DE LA LOIRE,222,85222,SAINT-GILLES-CROIX-DE-VIE,Autre 0,361319,0,9,Autre,0,0,2,0,0,0,1,0,0,,1,7,0,1,0,0
1,5,2,1,3,85,FRANCE,PAYS DE LA LOIRE,194,85194,SABLES-D'OLONNE (LES),AVENUE FRANCOIS MITTERAND,361324,0,3,RD,0,4,2,,,0,1,,,,1,7,0,1,0,0
1,1,1,1,2,85,FRANCE,PAYS DE LA LOIRE,005,85005,ANTIGNY,RD 938,361328,5,3,RD,938,3,2,39,900,0,1,4662700,-77700,,1,7,0,1,0,0
1,5,1,1,2,85,FRANCE,PAYS DE LA LOIRE,194,85194,SABLES-D'OLONNE (LES),BOULEVARD ERIC TABARLY,361335,0,4,VC,0,3,2,,,1,5,,,,1,7,0,1,0,0
1,4,3,1,1,85,FRANCE,PAYS DE LA LOIRE,071,85071,COMMEQUIERS,VC 0,361344,0,4,VC,0,2,0,0,0,0,1,0,0,,1,21,0,1,0,0
1,5,1,1,1,85,FRANCE,PAYS DE LA LOIRE,234,85234,SAINT-JEAN-DE-MONTS,RD 38,361347,5,3,RD,38,2,0,0,0,0,1,4679400,-203900,,1,7,0,1,0,0
1,4,1,1,1,85,FRANCE,PAYS DE LA LOIRE,001,85001,AIGUILLON-SUR-MER (L'),VC 0,361353,0,4,VC,0,2,2,0,0,0,1,0,0,,1,7,0,1,0,0
1,6,3,3,5,85,FRANCE,PAYS DE LA LOIRE,191,85191,ROCHE-SUR-YON (LA),BOULEVARD DES BELGES,361357,0,4,VC,0,2,2,,,2,1,,,,1,7,0,1,0,0
2,5,1,1,3,85,FRANCE,PAYS DE LA LOIRE,178,85178,POIRE-SUR-VIE (LE),RD 6,361368,0,3,RD,6,0,2,0,0,0,1,0,0,,1,13,0,1,0,0
1,1,1,1,1,85,FRANCE,PAYS DE LA LOIRE,042,85042,CHAILLE-LES-MARAIS,RD 137,361371,0,3,RD,137,2,2,3,0,0,1,4637800,-100200,,1,7,0,1,0,0
4,5,6,5,3,85,FRANCE,PAYS DE LA LOIRE,194,85194,SABLES-D'OLONNE (LES),AVENUE FRANCOIS MITTERAND,361385,5,3,RD,0,2,2,,,0,1,,,,1,7,0,1,0,0
1,5,6,1,3,85,FRANCE,PAYS DE LA LOIRE,194,85194,SABLES-D'OLONNE (LES),BOULEVARD ERIC TABARLY,361402,0,4,VC,0,1,1,,,0,0,,,,1,7,0,1,0,0
1,5,6,1,3,85,FRANCE,PAYS DE LA LOIRE,234,85234,SAINT-JEAN-DE-MONTS,VC 0,361451,5,4,VC,0,3,2,0,0,2,5,4678993,-207998,,1,99,0,1,0,0
1,5,1,1,7,85,FRANCE,PAYS DE LA LOIRE,060,85060,CHATEAU-D'OLONNE,BOULEVARD DU VENDEE GLOBE,361480,0,4,VC,0,2,2,,,0,5,4650774,-175695,,1,,0,1,0,0
2,5,3,1,3,85,FRANCE,PAYS DE LA LOIRE,194,85194,SABLES-D'OLONNE (LES),RUE SAINT ARMEL,361481,0,4,VC,0,2,2,,,0,0,4650667,-178303,,1,10,0,1,0,0
1,1,1,1,3,85,FRANCE,PAYS DE LA LOIRE,194,85194,SABLES-D'OLONNE (LES),RUE DE LA BONNE VIERGE,361482,0,4,VC,0,2,2,,,0,5,4650203,-180708,,1,7,0,1,0,0
5,5,1,1,3,85,FRANCE,PAYS DE LA LOIRE,194,85194,SABLES-D'OLONNE (LES),PROMENADE GEORGES CLEMENCEAU,361483,0,4,VC,0,3,2,,,1,5,4649461,-178267,,1,10,0,1,0,0
1,5,6,1,3,85,FRANCE,PAYS DE LA LOIRE,226,85226,SAINT-HILAIRE-DE-RIEZ,VC 0,361490,0,4,VC,0,1,1,0,0,0,1,4671157,-195630,,1,7,0,1,0,0
1,4,6,1,3,85,FRANCE,PAYS DE LA LOIRE,001,85001,AIGUILLON-SUR-MER (L'),RD 46,361491,5,3,RD,46,0,0,0,0,0,1,0,0,,1,7,0,1,0,0
1,5,6,1,3,85,FRANCE,PAYS DE LA LOIRE,047,85047,CHALLANS,Autre 0,361500,5,9,Autre,0,1,0,0,0,0,1,4684029,-186502,,1,14,0,1,0,0
1,5,6,7,1,85,FRANCE,PAYS DE LA LOIRE,234,85234,SAINT-JEAN-DE-MONTS,RD 38,361504,5,3,RD,38,4,2,35,947,0,1,0,0,,1,10,0,1,0,0
1,4,1,1,3,85,FRANCE,PAYS DE LA LOIRE,113,85113,ILE-D'YEU (L'),VC 0,361514,0,4,VC,0,2,2,0,0,0,1,4672576,-235914,,1,7,0,1,0,0
1,4,1,1,1,85,FRANCE,PAYS DE LA LOIRE,019,85019,BELLEVILLE-SUR-VIE,RD 6,361524,0,3,RD,6,2,2,42,520,0,1,0,0,,1,15,0,1,0,0
1,1,1,8,6,85,FRANCE,PAYS DE LA LOIRE,166,85166,OLONNE-SUR-MER,ROUTE DES AMIS DE LA NATURE,361532,0,4,VC,0,2,2,,,0,1,4658273,-182547,,1,7,0,1,0,0
1,5,1,1,2,85,FRANCE,PAYS DE LA LOIRE,166,85166,OLONNE-SUR-MER,RUE DES SABLES,361537,0,4,VC,0,0,2,,,0,1,4653348,-177377,,1,99,0,1,0,0
1,5,6,1,1,85,FRANCE,PAYS DE LA LOIRE,222,85222,SAINT-GILLES-CROIX-DE-VIE,RD 6,361539,0,3,RD,6,1,1,2,767,0,1,0,0,,1,7,0,1,0,0
1,3,1,1,3,85,FRANCE,PAYS DE LA LOIRE,242,85242,SAINT-MARS-LA-REORTHE,RD 79,361620,5,3,RD,79,2,2,8,40,3,1,0,0,,1,7,0,1,0,0
1,1,1,3,2,85,FRANCE,PAYS DE LA LOIRE,051,85051,CHANTONNAY,RD 137,361632,0,3,RD,137,3,1,41,0,0,1,0,0,,1,14,0,1,0,0
1,1,1,1,6,85,FRANCE,PAYS DE LA LOIRE,191,85191,ROCHE-SUR-YON (LA),rue georges mazurelle,361644,0,3,RD,80,2,2,20,500,0,1,,,,1,10,0,1,0,0
1,5,1,1,3,85,FRANCE,PAYS DE LA LOIRE,194,85194,SABLES-D'OLONNE (LES),BOULEVARD Ile de Vertime,361680,0,4,VC,0,3,2,,,0,1,4650302,-178728,,1,7,0,1,0,0
1,5,6,2,2,85,FRANCE,PAYS DE LA LOIRE,226,85226,SAINT-HILAIRE-DE-RIEZ,VC 0,361688,5,4,VC,0,0,0,0,0,0,1,4670977,-196097,,1,10,0,1,0,0
1,6,6,1,3,85,FRANCE,PAYS DE LA LOIRE,191,85191,ROCHE-SUR-YON (LA),BOULEVARD DES ETATS UNIS,361698,5,3,RD,760,2,2,0,910,0,1,,,,1,7,0,1,0,0
3,1,1,8,2,85,FRANCE,PAYS DE LA LOIRE,236,85236,SAINT-JULIEN-DES-LANDES,RD 55,361716,0,3,RD,55,2,0,9,713,0,1,0,0,,1,7,0,1,0,0
1,5,6,1,3,85,FRANCE,PAYS DE LA LOIRE,166,85166,OLONNE-SUR-MER,Bv Eric Tabarly,361720,5,3,RD,949,1,1,76,980,0,1,,,,1,7,0,1,0,0
1,5,1,1,7,85,FRANCE,PAYS DE LA LOIRE,166,85166,OLONNE-SUR-MER,AVENUE FRANCOIS MITERRAND,361722,0,3,RD,32,0,2,1,890,0,1,,,,1,,0,1,0,0
3,1,1,9,3,85,FRANCE,PAYS DE LA LOIRE,157,85157,MOUTIERS-SUR-LE-LAY,RD 88,361731,0,3,RD,88,2,2,23,300,0,1,0,0,,1,7,,,,
1,5,3,1,3,85,FRANCE,PAYS DE LA LOIRE,051,85051,CHANTONNAY,VC 0,361740,0,4,VC,0,2,2,0,0,0,1,4667491,-104709,,1,7,0,1,0,0
1,5,1,1,7,85,FRANCE,PAYS DE LA LOIRE,109,85109,HERBIERS (LES),VC 0,361752,0,4,VC,0,2,2,0,0,0,1,4686866,-98840,,1,,0,1,0,0
1,1,1,1,1,85,FRANCE,PAYS DE LA LOIRE,301,85301,VENDRENNES,RD 137,361757,0,3,RD,137,2,2,62,500,0,3,0,0,,1,15,0,1,0,0
2,4,1,7,3,85,FRANCE,PAYS DE LA LOIRE,215,85215,SAINT-FULGENT,RD 11,361758,0,3,RD,11,2,2,11,650,0,1,0,0,,1,7,0,1,0,0
1,5,6,1,3,85,FRANCE,PAYS DE LA LOIRE,109,85109,HERBIERS (LES),RD 160,361761,0,3,RD,160,0,0,17,365,0,1,0,0,,1,7,0,1,0,0
2,1,1,8,2,85,FRANCE,PAYS DE LA LOIRE,107,85107,GUYONNIERE (LA),RD 23,361768,0,3,RD,23,2,2,79,700,0,1,0,0,,1,7,0,1,0,0
1,1,6,1,3,85,FRANCE,PAYS DE LA LOIRE,178,85178,POIRE-SUR-VIE (LE),RD 6,361778,5,3,RD,6,1,0,33,507,0,1,0,0,,1,7,0,1,0,0
3,3,1,2,3,85,FRANCE,PAYS DE LA LOIRE,227,85227,SAINT-HILAIRE-DES-LOGES,RD 35,361786,0,3,RD,35,2,2,0,700,0,1,0,0,,1,7,0,1,0,0
1,5,2,3,4,85,FRANCE,PAYS DE LA LOIRE,234,85234,SAINT-JEAN-DE-MONTS,RD 38,361817,5,3,RD,38,2,2,39,440,1,5,0,0,,1,7,0,1,0,0
1,4,1,1,6,85,FRANCE,PAYS DE LA LOIRE,018,85018,BEAUVOIR-SUR-MER,RD 758,361821,0,3,RD,758,0,2,13,50,0,1,0,0,,1,7,0,1,0,0
1,5,1,1,3,85,FRANCE,PAYS DE LA LOIRE,234,85234,SAINT-JEAN-DE-MONTS,VC 0,361824,0,4,VC,0,2,2,36,600,2,1,0,0,,1,7,0,1,0,0
1,6,1,1,3,85,FRANCE,PAYS DE LA LOIRE,191,85191,ROCHE-SUR-YON (LA),RUE ROUSSEAU-DECELLE,361848,0,4,VC,0,2,2,,,0,1,4666091,-142573,,1,7,0,1,0,0
1,5,2,7,3,85,FRANCE,PAYS DE LA LOIRE,194,85194,SABLES-D'OLONNE (LES),PLACE DU GENERAL COLLINEAU,361852,5,4,VC,0,4,2,,,0,1,4649707,-178233,,1,7,0,1,0,0
1,5,6,1,3,85,FRANCE,PAYS DE LA LOIRE,060,85060,CHATEAU-D'OLONNE,AVENUE DU PAS DU BOIS,361855,5,3,RD,2949,1,0,68,684,1,1,,,,1,7,0,1,0,0
1,5,1,1,6,85,FRANCE,PAYS DE LA LOIRE,194,85194,SABLES-D'OLONNE (LES),PROMENADE GEORGES CLEMENCEAU,361863,0,4,VC,0,4,2,,,1,5,4649457,-178260,,1,,0,1,0,0
1,5,1,1,6,85,FRANCE,PAYS DE LA LOIRE,194,85194,SABLES-D'OLONNE (LES),ROND-POINT ESTIENNE D'ORVES,361868,0,3,RD,87,1,2,19,940,0,1,,,,1,7,0,1,0,0
1,1,1,1,6,85,FRANCE,PAYS DE LA LOIRE,166,85166,OLONNE-SUR-MER,RUE DU MOULIN DE LA SALLE,361869,0,4,VC,0,2,1,,,3,0,4652790,-179198,,1,,,,,
1,5,1,1,2,85,FRANCE,PAYS DE LA LOIRE,194,85194,SABLES-D'OLONNE (LES),RUE DES SAUNIERS,361871,0,4,VC,0,2,0,,,0,1,4649949,-179893,,1,15,0,1,0,0
2,1,1,1,1,86,FRANCE,POITOU-CHARENTES,255,86255,SAVIGNE,RD 148,361923,0,3,RD,148,2,2,23,150,0,1,0,0,,1,15,0,1,0,0
2,7,1,1,3,86,FRANCE,POITOU-CHARENTES,194,86194,POITIERS,RUE DU FAUBOURG PONT NEUF,361940,0,4,VC,0,2,2,,,0,1,,,,1,30,0,1,0,0
1,2,1,1,1,86,FRANCE,POITOU-CHARENTES,217,86217,SAINT-CHRISTOPHE,RD 72,361980,0,3,RD,72,2,2,0,0,0,0,0,0,,1,7,0,1,0,0
1,7,1,1,3,86,FRANCE,POITOU-CHARENTES,194,86194,POITIERS,AVENUE DU RECTEUR PINEAU,362013,0,4,VC,0,3,2,,,2,1,,,,1,7,0,1,0,0
5,3,1,8,3,86,FRANCE,POITOU-CHARENTES,039,86039,BRUX,RD 98,362038,5,3,RD,98,2,2,0,0,0,1,0,0,,1,7,0,1,0,0
1,7,1,1,6,86,FRANCE,POITOU-CHARENTES,194,86194,POITIERS,AVENUE DE PARIS,362068,0,4,VC,0,2,2,,,2,1,,,,1,30,0,0,0,1
1,1,1,1,1,86,FRANCE,POITOU-CHARENTES,024,86024,BERUGES,RD 6,362129,0,3,RD,6,2,2,29,800,0,1,4657500,22000,,1,7,0,1,0,0
1,3,7,1,3,86,FRANCE,POITOU-CHARENTES,276,86276,USSON-DU-POITOU,VC 0,362132,0,4,VC,0,0,2,0,0,0,1,0,0,,1,,0,1,0,0
1,1,1,1,7,86,FRANCE,POITOU-CHARENTES,235,86235,SAINT-MAURICE-LA-CLOUERE,RD 2,362133,0,3,RD,2,2,2,53,0,0,1,4639800,41400,,1,,0,1,0,0
1,6,9,1,3,86,FRANCE,POITOU-CHARENTES,066,86066,CHATELLERAULT,RD 910,362159,0,3,RD,0,2,2,,,2,1,,,,1,7,0,1,0,0
1,7,1,1,6,86,FRANCE,POITOU-CHARENTES,194,86194,POITIERS,PASSERELLE DES ROCS,362225,2,9,Autre,0,2,1,,,0,5,,,,1,,0,1,0,0
1,4,1,1,1,86,FRANCE,POITOU-CHARENTES,297,86297,VOUNEUIL-SOUS-BIARD,RD 12,362228,0,3,RD,12,2,2,0,0,0,1,4657900,26700,,1,14,0,1,0,0
1,3,1,1,3,86,FRANCE,POITOU-CHARENTES,253,86253,SANXAY,VC 0,362233,5,4,VC,0,2,2,0,0,0,1,0,0,,1,7,0,1,0,0
1,4,1,1,1,86,FRANCE,POITOU-CHARENTES,140,86140,LUSSAC-LES-CHATEAUX,RD 11,362262,5,3,RD,11,2,2,45,980,0,1,4640400,72500,,1,7,0,1,0,0
1,5,6,1,3,86,FRANCE,POITOU-CHARENTES,115,86115,JAUNAY-CLAN,VC 62,362284,0,4,VC,62,0,2,0,0,0,1,0,0,,1,7,0,1,0,0
1,7,2,1,3,86,FRANCE,POITOU-CHARENTES,194,86194,POITIERS,AVENUE JOHN KENNEDY,362291,5,3,RD,0,3,8,2,261,0,1,,,,1,7,0,1,0,0
1,6,3,1,6,86,FRANCE,POITOU-CHARENTES,066,86066,CHATELLERAULT,RUE CREUZE,362302,0,4,VC,0,1,1,,,0,4,,,,1,,0,1,0,0
1,6,6,2,3,86,FRANCE,POITOU-CHARENTES,066,86066,CHATELLERAULT,PLACE DU CHATELET,362316,5,4,VC,0,1,2,22,101,0,1,,,,1,7,0,1,0,0
1,1,1,1,1,86,FRANCE,POITOU-CHARENTES,030,86030,BLASLAY,RD 18,362347,0,3,RD,18,2,2,18,755,0,1,4673200,19800,,1,7,0,1,0,0
1,5,1,1,7,86,FRANCE,POITOU-CHARENTES,115,86115,JAUNAY-CLAN,VC 12,362365,0,4,VC,12,2,2,0,0,0,1,0,0,,1,,0,1,0,0
1,3,1,1,1,86,FRANCE,POITOU-CHARENTES,121,86121,LATILLE,RD 27,362375,0,3,RD,27,2,2,0,0,0,1,0,0,,1,30,0,1,0,0
1,1,1,1,3,86,FRANCE,POITOU-CHARENTES,048,86048,CHABOURNAY,RD 91,362413,0,3,RD,91,2,2,0,0,0,1,0,0,,1,7,0,1,0,0
1,1,3,1,3,86,FRANCE,POITOU-CHARENTES,226,86226,SAINT-JULIEN-L'ARS,RD 951,362417,0,3,RD,951,2,2,6,500,0,1,0,0,,1,7,0,1,0,0
1,2,1,1,1,86,FRANCE,POITOU-CHARENTES,142,86142,MAILLE,RD 40,362422,0,3,RD,40,2,0,0,0,0,1,0,0,,1,7,0,1,0,0
1,7,1,1,6,86,FRANCE,POITOU-CHARENTES,194,86194,POITIERS,RUE DU FAUBOURG SAINT CYPRIEN,362446,0,4,VC,0,2,2,,,0,1,,,,1,,0,0,0,1
1,7,3,1,3,86,FRANCE,POITOU-CHARENTES,194,86194,POITIERS,BOULEVARD COLIGNY,362453,5,4,VC,0,2,2,,,0,1,,,,1,20,0,1,0,0
1,4,1,1,1,86,FRANCE,POITOU-CHARENTES,092,86092,DANGE-SAINT-ROMAIN,RD 78,362484,0,3,RD,78,2,2,0,600,0,1,4693200,61000,,1,7,0,1,0,0
1,1,1,1,3,86,FRANCE,POITOU-CHARENTES,183,86183,ORMES (LES),RD 910,362485,0,3,RD,910,2,0,5,850,0,1,0,0,,1,3,0,1,0,0
1,1,3,1,3,86,FRANCE,POITOU-CHARENTES,186,86186,OYRE,VC 0,362486,0,4,VC,0,2,2,0,0,0,1,4688500,61200,,1,7,0,1,0,0
1,7,2,1,3,86,FRANCE,POITOU-CHARENTES,194,86194,POITIERS,AVENUE JOHN KENNEDY,362526,5,3,RD,162,3,4,1,582,2,1,,,,1,7,0,1,0,0
1,2,9,1,1,86,FRANCE,POITOU-CHARENTES,229,86229,SAINT-LEGER-DE-MONTBRILLAIS,VC 0,362531,0,4,VC,0,2,2,0,0,0,1,0,0,,1,7,0,1,0,0
1,6,6,1,3,86,FRANCE,POITOU-CHARENTES,066,86066,CHATELLERAULT,AVENUE DU MARECHAL FOCH,362534,5,4,VC,0,2,0,16,770,0,1,,,,1,7,0,1,0,0
1,1,1,1,1,86,FRANCE,POITOU-CHARENTES,272,86272,THURE,VC 0,362539,0,4,VC,0,2,0,0,0,0,1,4681700,43300,,1,7,0,1,0,0
1,7,3,1,3,86,FRANCE,POITOU-CHARENTES,194,86194,POITIERS,RUE DE LA CHAINE,362548,0,4,VC,0,1,1,,,0,1,,,,1,10,0,1,0,0
2,4,1,1,1,86,FRANCE,POITOU-CHARENTES,294,86294,VOUILLE,RD 43,362579,0,3,RD,43,2,2,46,940,0,1,0,0,,1,7,0,1,0,0
1,3,1,1,1,86,FRANCE,POITOU-CHARENTES,178,86178,NIEUIL-L'ESPOIR,VC 0,362587,0,4,VC,0,0,0,0,0,0,1,4648800,45400,,1,7,0,1,0,0
1,4,1,1,1,86,FRANCE,POITOU-CHARENTES,258,86258,SCORBE-CLAIRVAUX,VC 0,362597,0,4,VC,0,2,2,0,0,0,1,4682000,41400,,1,7,0,1,0,0
1,1,1,1,6,86,FRANCE,POITOU-CHARENTES,154,86154,MAZEUIL,RD 40,362612,1,3,RD,40,2,0,36,200,0,1,4680900,8900,,1,,0,1,0,0
1,5,2,1,3,86,FRANCE,POITOU-CHARENTES,158,86158,MIGNE-AUXANCES,RUE DES COUDRES,362644,0,4,VC,0,2,2,,,0,1,,,,1,7,0,1,0,0
5,7,1,1,6,86,FRANCE,POITOU-CHARENTES,194,86194,POITIERS,RUE DE LA PLAINE,362645,0,4,VC,0,2,2,,,0,1,,,,1,7,0,1,0,0
5,7,1,1,7,86,FRANCE,POITOU-CHARENTES,194,86194,POITIERS,BOULEVARD DE L'ABBE FREMONT,362661,0,4,VC,0,2,4,,,0,0,,,,1,,0,1,0,0
1,8,1,1,6,87,FRANCE,LIMOUSIN,085,87085,LIMOGES,RUE CAMILLE PISSARO,362723,0,4,VC,0,2,2,,,0,1,,,,1,7,0,1,0,0
1,8,1,1,7,87,FRANCE,LIMOUSIN,085,87085,LIMOGES,BOULEVARD DE LA BORIE,362734,0,2,RN,520,3,4,,,0,4,,,,1,7,0,1,0,0
1,8,2,1,3,87,FRANCE,LIMOUSIN,085,87085,LIMOGES,AVENUE BERTHELOT,362763,0,4,VC,0,2,2,,,0,1,,,,1,7,0,1,0,0
1,1,1,1,3,87,FRANCE,LIMOUSIN,156,87156,SAINT-JUST-LE-MARTEL,RD 44,362775,0,3,RD,44,2,2,15,300,0,1,0,0,,1,7,0,1,0,0
1,1,1,1,2,87,FRANCE,LIMOUSIN,019,87019,BOISSEUIL,RD 65,362835,0,3,RD,65,2,2,3,800,0,1,0,0,,1,7,0,1,0,0
1,8,1,1,6,87,FRANCE,LIMOUSIN,085,87085,LIMOGES,AVENUE ERNEST RUBEN,362843,0,4,VC,0,0,50,,,0,1,,,,1,,0,1,0,0
5,5,1,1,6,87,FRANCE,LIMOUSIN,075,87075,ISLE,RUE DU TAURION,362852,0,6,Parking,0,2,2,,,0,3,,,,1,,0,1,0,0
1,1,1,1,3,87,FRANCE,LIMOUSIN,017,87017,BLANZAC,RD 1,362877,0,3,RD,1,2,2,3,150,0,1,4613100,109100,,1,7,0,1,0,0
1,8,1,1,7,87,FRANCE,LIMOUSIN,085,87085,LIMOGES,RUE DU NAVEIX,362890,0,4,VC,0,3,4,,,1,1,,,,1,,0,1,0,0
1,8,2,1,1,87,FRANCE,LIMOUSIN,085,87085,LIMOGES,RUE DU SOIXANTE ET ONZIEME MOBILE,362894,0,4,VC,0,1,1,,,0,1,,,,1,7,0,1,0,0
1,5,1,1,7,87,FRANCE,LIMOUSIN,050,87050,COUZEIX,RD 125,362900,0,3,RD,125,2,2,1,700,0,1,,,,1,,0,1,0,0
1,8,1,1,3,87,FRANCE,LIMOUSIN,085,87085,LIMOGES,RUE FERDINAND BUISSON,362901,0,4,VC,0,2,2,,,0,1,,,,1,7,0,1,0,0
1,8,3,1,3,87,FRANCE,LIMOUSIN,085,87085,LIMOGES,BOULEVARD DE VANTEAUX,362922,1,4,VC,0,2,2,,,1,5,,,,1,7,0,1,0,0
1,5,1,1,7,87,FRANCE,LIMOUSIN,065,87065,FEYTIAT,AVENUE GEORGES CLEMENCEAU,362928,0,4,VC,0,2,2,,,0,1,,,,1,,0,1,0,0