lum,agg,int,atm,col,dep_bis,pays,region,com_bis,com_codeINSEE,communes,N_voie,numac,infra,catr,type_route,voie,circ,nbv,pr,pr1,vosp,situ,lat,long,adr,accident_velo,vehicule_imp,cycl_mort,cycl_bgv,cycl_blg,cycl_indm
1,1,1,1,1,87,FRANCE,LIMOUSIN,133,87133,SAINT-AMAND-MAGNAZEIX,RN 145,362971,0,2,RN,145,2,2,27,0,0,1,4620400,135900,,1,7,0,1,0,0
1,1,1,1,3,87,FRANCE,LIMOUSIN,085,87085,LIMOGES,RUE MONTMAILLER,362984,0,4,VC,0,2,2,,,0,1,,,,1,7,0,1,0,0
1,8,1,1,7,87,FRANCE,LIMOUSIN,085,87085,LIMOGES,AVENUE DU GENERAL MARTIAL VALIN,363017,0,4,VC,0,1,2,,,0,1,,,,1,,0,1,0,0
1,5,6,2,6,87,FRANCE,LIMOUSIN,050,87050,COUZEIX,RD 947,363024,0,3,RD,947,2,2,7,392,0,1,,,,1,,0,1,0,0
1,1,1,1,6,87,FRANCE,LIMOUSIN,050,87050,COUZEIX,RUE ARTHUGERAS,363045,0,3,RD,128,2,2,17,140,0,1,,,,1,,0,1,0,0
1,3,2,1,3,87,FRANCE,LIMOUSIN,131,87131,SAILLAT-SUR-VIENNE,RD 86,363083,0,3,RD,86,2,2,5,149,0,1,,,,1,7,0,1,0,0
1,8,3,1,7,87,FRANCE,LIMOUSIN,085,87085,LIMOGES,AVENUE EMILE LABUSSIERE,363091,0,4,VC,0,2,2,0,0,0,1,,,,1,7,0,1,0,0
1,8,1,1,6,87,FRANCE,LIMOUSIN,085,87085,LIMOGES,RUE BOURNEVILLE,363092,0,4,VC,0,1,1,0,0,0,1,,,,1,7,0,1,0,0
1,1,1,1,6,87,FRANCE,LIMOUSIN,048,87048,CONDAT-SUR-VIENNE,LIEU DIT LE GUE DE CAMBON,363093,0,3,RD,32,2,2,14,700,0,1,,,,1,7,0,1,0,0
5,8,1,1,6,87,FRANCE,LIMOUSIN,085,87085,LIMOGES,RUE DU CLOS LES BRUNES,363129,0,4,VC,0,2,2,0,0,0,1,,,,1,,0,1,0,0
1,1,1,1,6,87,FRANCE,LIMOUSIN,029,87029,CARS (LES),RD 15,363172,0,3,RD,15,2,2,64,597,0,3,4567340,105896,,1,,0,1,0,0
1,1,4,1,3,87,FRANCE,LIMOUSIN,110,87110,ORADOUR-SUR-GLANE,RD 101,363180,0,3,RD,101,2,0,7,1182,0,1,4592990,104505,,1,7,0,1,0,0
1,8,1,1,7,87,FRANCE,LIMOUSIN,085,87085,LIMOGES,AVENUE DE SABLARD,363190,0,4,VC,0,2,2,0,0,0,1,,,,1,,0,1,0,0
5,8,2,1,3,87,FRANCE,LIMOUSIN,085,87085,LIMOGES,RUE GOUFFIER DE LASTOURS,363234,0,4,VC,0,2,2,0,0,0,1,0,0,,1,7,0,1,0,0
5,1,1,1,2,87,FRANCE,LIMOUSIN,107,87107,NIEUL,RD 20,363237,0,3,RD,20,2,2,38,220,0,1,0,0,,1,7,0,1,0,0
1,1,6,1,3,87,FRANCE,LIMOUSIN,126,87126,ROCHECHOUART,RD 208,363291,5,3,RD,208,2,2,2,828,0,0,4583760,84163,,1,7,0,1,0,0
1,8,1,1,7,87,FRANCE,LIMOUSIN,085,87085,LIMOGES,RUE JULES NORIAC,363316,0,4,VC,,2,2,,,0,1,,,,1,,0,1,0,0
1,8,1,1,3,87,FRANCE,LIMOUSIN,085,87085,LIMOGES,AVENUE ROLAND DORGELES,363324,0,4,VC,,2,2,,,0,1,,,,1,7,0,1,0,0
1,8,9,2,6,87,FRANCE,LIMOUSIN,085,87085,LIMOGES,RUE D'ANTONY,363332,0,4,VC,,2,2,,,0,1,,,,1,7,0,1,0,0
5,2,1,1,3,88,FRANCE,LORRAINE,047,88047,BEGNECOURT,RD 4,363379,0,3,RD,4,2,2,0,0,0,0,0,0,,1,7,0,1,0,0
1,3,1,1,1,88,FRANCE,LORRAINE,126,88126,DARNIEULLES,RD 266,363380,0,3,RD,266,0,0,66,300,0,0,0,0,,1,7,0,1,0,0
1,1,1,1,1,88,FRANCE,LORRAINE,196,88196,GERARDMER,RD 417,363399,0,3,RD,417,3,0,0,0,0,1,0,0,,1,7,0,1,0,0
1,6,2,1,3,88,FRANCE,LORRAINE,413,88413,SAINT-DIE-DES-VOSGES,Rue BEREGOVOY,363402,0,4,VC,0,2,2,,,0,0,,,,1,99,0,1,0,0
1,3,1,1,3,88,FRANCE,LORRAINE,206,88206,GIRONCOURT-SUR-VRAINE,VC 266,363408,5,4,VC,266,2,2,0,0,0,1,0,0,,1,7,0,1,0,0
1,1,1,1,1,88,FRANCE,LORRAINE,196,88196,GERARDMER,RD 23,363413,0,3,RD,23,2,2,2,100,0,1,0,0,,1,7,0,1,0,0
1,2,1,1,3,88,FRANCE,LORRAINE,154,88154,DOMREMY-LA-PUCELLE,RD 53,363421,0,3,RD,53,2,2,0,0,0,1,0,0,,1,7,0,1,0,0
1,5,1,1,1,88,FRANCE,LORRAINE,372,88372,RAON-L'ETAPE,RD 159,363428,0,3,RD,159,2,0,0,0,0,1,0,0,,1,7,0,1,0,0
1,4,1,3,3,88,FRANCE,LORRAINE,424,88424,SAINTE-MARGUERITE,RUE D'ALSACE,363461,5,3,RD,0,2,2,,,2,1,,,,1,7,0,1,0,0
1,3,2,1,1,88,FRANCE,LORRAINE,358,88358,POUXEUX,Autre 0,363495,0,9,Autre,0,2,2,0,0,0,1,0,0,,1,7,0,1,0,0
1,1,1,1,1,88,FRANCE,LORRAINE,237,88237,HENNECOURT,RD 6,363515,5,3,RD,6,2,0,0,0,0,1,0,0,,1,7,0,1,0,0
1,5,1,1,3,88,FRANCE,LORRAINE,209,88209,GOLBEY,RUE JEAN-JACQUES ROUSSEAU ,363528,0,4,VC,0,2,2,,,0,1,,,,1,7,0,1,0,0
1,5,1,1,2,88,FRANCE,LORRAINE,383,88383,REMIREMONT,RUE DES 5 EME ET 15 EME B.C.P.,363541,0,4,VC,0,0,1,,,0,1,,,,1,7,0,1,0,0
1,4,1,1,1,88,FRANCE,LORRAINE,158,88158,ELOYES,RD 42,363557,0,3,RD,42,2,2,0,0,0,1,4809900,661400,,1,15,0,1,0,0
1,4,1,1,1,88,FRANCE,LORRAINE,075,88075,BRESSE (LA),RD 486,363558,0,3,RD,486,2,2,0,0,0,1,0,0,,1,7,0,1,0,0
1,4,4,1,3,88,FRANCE,LORRAINE,087,88087,CHANTRAINE,RUE DES FORGES,363565,0,3,RD,0,2,2,,,0,1,,,,1,7,0,1,0,0
1,5,6,1,6,88,FRANCE,LORRAINE,516,88516,VITTEL,RD 44,363588,0,3,RD,44,1,1,0,0,0,4,0,0,,1,,0,0,0,1
1,1,1,1,3,88,FRANCE,LORRAINE,284,88284,MANDRAY,RD 58,363589,5,3,RD,58,2,0,0,0,0,1,4823100,697400,,1,7,0,1,0,0
1,1,1,1,2,88,FRANCE,LORRAINE,160,88160,EPINAL,TrancHEe de Docelles,363591,0,3,RD,0,2,2,,,0,1,,,,1,7,0,1,0,0
1,5,3,1,1,88,FRANCE,LORRAINE,304,88304,MIRECOURT,VC 0,363618,0,4,VC,0,2,2,0,0,0,1,4830800,613500,,1,7,0,1,0,0
1,1,1,1,1,88,FRANCE,LORRAINE,423,88423,SAINT-LEONARD,RD 31,363648,0,3,RD,31,2,2,7,0,0,1,0,0,,1,7,0,1,0,0
1,1,1,1,3,88,FRANCE,LORRAINE,259,88259,LANDAVILLE,RD 22,363675,0,3,RD,22,2,0,1,500,0,1,0,0,,1,7,0,1,0,0
1,1,2,1,3,88,FRANCE,LORRAINE,408,88408,RUPT-SUR-MOSELLE,VC 0,363695,0,4,VC,0,2,2,0,0,0,1,4795800,662900,,1,7,0,1,0,0
1,1,1,1,7,88,FRANCE,LORRAINE,073,88073,BRANTIGNY,RD 33,363703,0,3,RD,33,2,2,0,0,0,3,0,0,,1,,0,1,0,0
1,2,1,1,1,88,FRANCE,LORRAINE,140,88140,DOMBROT-LE-SEC,RD 164,363708,0,3,RD,164,2,2,0,0,0,1,0,0,,1,7,0,1,0,0
1,4,2,1,6,88,FRANCE,LORRAINE,415,88415,SAINT-ETIENNE-LES-REMIREMONT,RUE DE L'EGLISE,363714,0,4,VC,0,1,1,,,0,1,,,,1,7,0,1,0,0
1,3,1,7,3,88,FRANCE,LORRAINE,204,88204,GIRMONT,RD 12,363718,0,3,RD,12,2,2,16,850,0,1,4826800,643900,,1,7,0,1,0,0
1,4,1,1,1,88,FRANCE,LORRAINE,165,88165,ETIVAL-CLAIREFONTAINE,RD 424,363723,0,3,RD,424,2,2,0,0,0,3,4836400,684500,,1,7,0,1,0,0
1,2,1,7,1,88,FRANCE,LORRAINE,455,88455,SERECOURT,RD 15,363734,0,3,RD,15,2,2,0,0,0,1,4805900,584000,,1,21,0,1,0,0
5,6,1,2,2,88,FRANCE,LORRAINE,160,88160,EPINAL,RUE DES QUATRE VENTS,363754,0,3,RD,0,2,2,,,0,1,,,,1,7,0,1,0,0
1,1,1,1,1,88,FRANCE,LORRAINE,528,88528,XAMONTARUPT,VC 0,363789,0,4,VC,0,2,2,0,0,0,1,4813680,664119,,1,10,0,1,0,0
1,4,3,1,1,88,FRANCE,LORRAINE,225,88225,HADOL,RD 44,363814,0,3,RD,44,2,2,23,207,0,1,4809750,649813,,1,7,0,1,0,0
1,1,6,1,1,88,FRANCE,LORRAINE,075,88075,BRESSE (LA),RD 486,363824,5,3,RD,486,2,2,21,324,0,1,4799830,686079,,1,7,0,1,0,0
1,1,1,1,2,88,FRANCE,LORRAINE,486,88486,VAGNEY,RD 43,363827,0,3,RD,43,2,2,2,710,0,1,4801830,670684,,1,33,0,1,0,0
1,1,1,1,3,88,FRANCE,LORRAINE,196,88196,GERARDMER,RD 486,363836,0,3,RD,486,2,2,31,150,0,1,4804220,686765,,1,7,0,1,0,0
1,4,2,1,3,88,FRANCE,LORRAINE,087,88087,CHANTRAINE,RD 51,363842,0,3,RD,51,2,2,0,480,0,1,4817060,643490,,1,7,0,1,0,0
1,5,2,1,3,88,FRANCE,LORRAINE,383,88383,REMIREMONT,RD 466,363852,5,3,RD,466,2,4,2,340,0,1,4801680,659584,,1,7,0,1,0,0
1,1,1,1,1,88,FRANCE,LORRAINE,378,88378,REGNEY,RD 10,363858,0,3,RD,10,2,2,0,250,0,1,0,0,,1,7,0,1,0,0
1,4,3,1,3,88,FRANCE,LORRAINE,424,88424,SAINTE-MARGUERITE,Chemin du HOLAYE,363867,0,4,VC,0,2,2,0,0,0,1,4827200,696105,,1,7,0,1,0,0
1,3,3,1,3,88,FRANCE,LORRAINE,349,88349,PLAINFAING,VC 6,363909,0,4,VC,6,2,2,0,0,0,1,4817410,701473,,1,7,0,1,0,0
1,6,3,2,3,88,FRANCE,LORRAINE,160,88160,EPINAL,RUE JEANMAIRE,363935,0,4,VC,0,1,1,0,0,0,0,4817490,645244,,1,7,0,1,0,0
1,6,1,1,6,88,FRANCE,LORRAINE,160,88160,EPINAL,RUE LOUIS BARTHOU,363949,0,3,RD,12,2,2,25,583,0,1,4819020,644849,,1,10,0,1,0,0
1,1,1,1,6,88,FRANCE,LORRAINE,442,88442,SAPOIS,RD 23,363959,0,3,RD,23,2,2,55,800,0,1,4801260,675673,,1,,0,1,0,0
1,1,1,1,1,88,FRANCE,LORRAINE,124,88124,DARNEY,RD 1,363960,0,3,RD,1,2,2,23,580,0,1,4810260,572555,,1,7,0,1,0,0
1,3,1,1,3,88,FRANCE,LORRAINE,251,88251,JEANMENIL,VC 0,363970,0,4,VC,0,2,0,0,0,0,1,4833060,670498,,1,7,0,1,0,0
1,5,1,1,6,88,FRANCE,LORRAINE,209,88209,GOLBEY,rue de la ConvivialiTE,363971,0,4,VC,0,2,2,0,0,0,1,4818410,642646,,1,10,0,1,0,0
1,1,2,1,1,88,FRANCE,LORRAINE,233,88233,HAROL,RD 460,363988,0,3,RD,460,2,2,48,0,0,1,4814630,627454,,1,7,0,1,0,0
1,6,1,1,3,88,FRANCE,LORRAINE,413,88413,SAINT-DIE-DES-VOSGES,Avenue LEON GRANDJEAN,363990,0,4,VC,0,2,2,0,0,0,1,4829050,693985,,1,7,0,1,0,0
1,4,1,1,7,88,FRANCE,LORRAINE,468,88468,THILLOT (LE),Autre 86,364008,0,9,Autre,86,2,2,3,200,0,1,4787440,676171,,1,,0,1,0,0
1,6,2,1,1,88,FRANCE,LORRAINE,413,88413,SAINT-DIE-DES-VOSGES,rue du Gymnase Vosgien,364019,0,4,VC,0,2,2,0,0,0,0,4828700,694857,,1,7,0,1,0,0
1,1,1,1,2,88,FRANCE,LORRAINE,166,88166,EVAUX-ET-MENIL,RD 36,364033,0,3,RD,36,2,2,2,92,0,1,4834493,629997,,1,7,0,1,0,0
1,2,1,1,1,88,FRANCE,LORRAINE,286,88286,MARAINVILLE-SUR-MADON,RD 33,364035,0,3,RD,33,2,2,1,250,0,1,4840302,615545,,1,7,0,1,0,0
1,1,1,1,7,88,FRANCE,LORRAINE,258,88258,LAMARCHE,RD 429,364041,0,3,RD,429,2,2,3,350,0,1,4805958,575429,,1,,0,1,0,0
1,3,1,1,2,88,FRANCE,LORRAINE,099,88099,CHAVELOT,VC 0,364047,0,4,VC,0,2,2,0,0,0,1,4823883,643497,,1,7,0,1,0,0
1,2,1,1,3,88,FRANCE,LORRAINE,083,88083,CERTILLEUX,VC 0,364060,0,4,VC,0,2,2,0,0,0,0,4831236,572176,,1,7,0,1,0,0
5,5,1,4,2,88,FRANCE,LORRAINE,304,88304,MIRECOURT,RD 266,364067,0,3,RD,266,2,2,42,667,0,1,4829042,612875,,1,7,0,1,0,0
1,5,1,1,3,88,FRANCE,LORRAINE,516,88516,VITTEL,VC 0,364068,0,4,VC,0,2,2,0,0,0,1,4819556,594723,,1,7,0,1,0,0
1,3,1,1,2,88,FRANCE,LORRAINE,358,88358,POUXEUX,RD 157,364072,0,3,RD,157,2,2,47,150,0,1,4811218,655203,,1,7,0,1,0,0
1,4,1,1,1,88,FRANCE,LORRAINE,486,88486,VAGNEY,VC 0,364076,0,4,VC,0,2,2,0,0,0,1,4801800,671600,,1,7,0,1,0,0
5,6,1,8,1,88,FRANCE,LORRAINE,160,88160,EPINAL,RUE PRESIDENT WILSON,364111,0,4,VC,0,1,1,,,0,1,4816983,644434,,1,7,0,1,0,0
5,6,2,1,1,89,FRANCE,BOURGOGNE,387,89387,SENS,RUE GRANDE  RUE,364147,0,4,VC,0,1,1,,,0,1,,,,1,10,0,1,0,0
2,6,3,1,1,89,FRANCE,BOURGOGNE,024,89024,AUXERRE,AVENUE D'EGRISELLES,364197,0,4,VC,0,2,2,,,0,1,,,,1,7,0,1,0,0
1,5,1,1,3,89,FRANCE,BOURGOGNE,206,89206,JOIGNY,RD 943,364203,0,3,RD,943,2,2,26,700,0,1,4798700,341200,,1,7,0,1,0,0
1,2,1,1,3,89,FRANCE,BOURGOGNE,197,89197,GUILLON,Autre 0,364244,0,9,Autre,0,1,1,0,0,0,1,0,0,,1,7,0,1,0,0
1,6,1,1,3,89,FRANCE,BOURGOGNE,387,89387,SENS,ROUTE DE VOULX,364296,0,4,VC,0,2,2,,,0,1,,,,1,7,0,1,0,0
1,1,1,1,4,89,FRANCE,BOURGOGNE,337,89337,SAINT-BRIS-LE-VINEUX,RD 62,364316,0,3,RD,62,2,2,3,600,0,1,4774700,363900,,1,7,0,1,0,0
1,5,2,1,3,89,FRANCE,BOURGOGNE,345,89345,SAINT-FLORENTIN,Autre 0,364328,5,9,Autre,0,2,0,0,0,0,1,4800600,371600,,1,7,0,1,0,0
1,1,1,1,2,89,FRANCE,BOURGOGNE,370,89370,SAINT-VALERIEN,RD 65,364336,0,3,RD,65,2,1,6,800,0,1,4817500,310100,,1,7,0,1,0,0
1,2,1,1,6,89,FRANCE,BOURGOGNE,229,89229,LIXY,RD 70,364409,0,3,RD,70,2,2,0,0,0,1,4827200,313400,,1,,0,1,0,0
1,1,1,1,3,89,FRANCE,BOURGOGNE,201,89201,HERY,RD 203,364420,0,3,RD,203,2,2,11,500,0,1,4793700,366700,,1,7,0,1,0,0
1,4,1,1,3,89,FRANCE,BOURGOGNE,419,89419,TOUCY,RD 955,364497,0,3,RD,955,2,2,32,500,0,1,4773900,329500,,1,7,0,1,0,0
1,2,1,1,3,89,FRANCE,BOURGOGNE,371,89371,SAINTE-VERTU,RD 944,364500,0,3,RD,944,2,0,20,800,0,1,0,0,,1,7,0,1,0,0
1,6,3,1,6,89,FRANCE,BOURGOGNE,387,89387,SENS,RUE DE CANTORBERY,364518,0,4,VC,0,2,2,,,0,1,,,,1,,0,1,0,0
1,1,1,1,3,89,FRANCE,BOURGOGNE,382,89382,SEIGNELAY,RN 77,364521,0,2,RN,77,2,0,11,200,0,1,0,0,,1,7,0,1,0,0
2,4,1,2,6,89,FRANCE,BOURGOGNE,287,89287,PARON,AVENUE LIBERTE,364531,0,4,VC,0,2,2,,,0,1,,,,1,13,0,1,0,0
1,2,1,1,2,89,FRANCE,BOURGOGNE,380,89380,SAVIGNY-SUR-CLAIRIS,RD 103,364545,0,3,RD,103,2,0,1,700,0,1,4807800,309700,,1,7,0,1,0,0
1,1,1,1,1,89,FRANCE,BOURGOGNE,411,89411,THEIL-SUR-VANNE,RD 905,364551,0,3,RD,905,2,0,0,0,0,1,0,0,,1,30,0,1,0,0
2,5,1,1,6,89,FRANCE,BOURGOGNE,206,89206,JOIGNY,Autre 0,364565,0,9,Autre,0,0,2,0,0,0,1,0,0,,1,,0,1,0,0
1,1,1,1,2,89,FRANCE,BOURGOGNE,460,89460,VILLENEUVE-LA-GUYARD,RD 103,364586,0,3,RD,103,2,2,35,200,0,1,0,0,,1,7,0,1,0,0
1,6,3,1,3,89,FRANCE,BOURGOGNE,387,89387,SENS,RUE DU PARADIS,364637,0,4,VC,0,2,2,0,,0,1,,,,1,7,0,1,0,0
1,1,1,1,3,89,FRANCE,BOURGOGNE,136,89136,CUY,RD 23,364714,0,3,RD,23,2,2,2,600,0,1,4825300,328700,,1,7,0,1,0,0
1,1,1,1,3,89,FRANCE,BOURGOGNE,255,89255,MICHERY,RD 976,364718,0,3,RD,976,2,2,6,600,0,1,4831800,322100,,1,7,0,1,0,0
1,6,1,1,2,89,FRANCE,BOURGOGNE,387,89387,SENS,RUE DE LA PEPINIERE,364757,0,4,VC,0,2,2,,,0,1,,,,1,7,0,1,0,0
1,3,3,1,1,89,FRANCE,BOURGOGNE,438,89438,VENOY,,364761,,4,VC,,2,2,,,,,0,0,,1,7,0,1,0,0
1,1,1,1,1,89,FRANCE,BOURGOGNE,282,89282,ORMOY,RD 80,364775,0,3,RD,80,2,2,11,59,0,1,4796300,357700,,1,7,0,1,0,0
1,4,1,1,6,89,FRANCE,BOURGOGNE,013,89013,APPOIGNY,VC 0,364778,0,4,VC,0,2,2,0,0,0,1,0,0,,1,,0,1,0,0
1,1,1,1,1,89,FRANCE,BOURGOGNE,384,89384,SENAN,RD 955,364785,0,3,RD,955,2,2,5,500,0,1,0,0,,1,7,0,1,0,0
1,5,1,8,3,89,FRANCE,BOURGOGNE,206,89206,JOIGNY,VC 0,364788,0,4,VC,0,2,2,0,0,0,1,4798700,341300,,1,7,0,1,0,0
1,6,1,1,6,89,FRANCE,BOURGOGNE,024,89024,AUXERRE,ROUTE DE TOUCY,364790,0,4,VC,0,2,2,,,0,1,,,,1,7,0,1,0,0
1,2,1,1,1,89,FRANCE,BOURGOGNE,479,89479,VINCELOTTES,RD 38,364801,0,3,RD,38,2,2,15,800,0,1,0,0,,1,21,0,1,0,0
2,1,1,1,1,89,FRANCE,BOURGOGNE,173,89173,FONTAINES,VC 0,364816,0,4,VC,0,2,0,0,0,0,3,4768900,325100,,1,7,,,,
1,6,1,1,2,89,FRANCE,BOURGOGNE,387,89387,SENS,RUE VICTOR GUICHARD,364825,0,4,VC,0,2,2,,,0,1,,,,1,7,0,1,0,0
1,5,3,1,3,89,FRANCE,BOURGOGNE,206,89206,JOIGNY,Autre 0,364910,5,9,Autre,0,2,2,0,0,0,4,0,0,,1,7,0,1,0,0
1,7,1,1,2,90,FRANCE,FRANCHE-COMTE,010,90010,BELFORT,RUE DU MAGASIN,364975,0,4,VC,0,2,2,,,0,1,,,,1,15,0,1,0,0
1,5,1,1,1,90,FRANCE,FRANCHE-COMTE,033,90033,DELLE,RD 463,364978,5,3,RD,463,2,0,0,0,1,1,4751300,700000,,1,7,0,1,0,0
1,3,1,3,3,90,FRANCE,FRANCHE-COMTE,087,90087,ROPPE,VC 0,364990,0,4,VC,0,3,0,0,0,0,1,4767100,691300,,1,7,0,1,0,0
1,7,1,1,3,90,FRANCE,FRANCHE-COMTE,010,90010,BELFORT,AVENUE WILSON ,364995,0,4,VC,0,1,2,,,0,1,,,,1,7,0,1,0,0
1,3,6,1,3,90,FRANCE,FRANCHE-COMTE,001,90001,ANDELNANS,RUE DE BOTANS,364996,0,3,RD,0,2,2,0,360,0,1,,,,1,7,0,1,0,0
1,7,1,1,2,90,FRANCE,FRANCHE-COMTE,010,90010,BELFORT,PONT DE ROUBAIX,364997,2,4,VC,0,2,2,,,0,1,,,,1,7,0,1,0,0
1,1,9,1,1,90,FRANCE,FRANCHE-COMTE,067,90067,MENONCOURT,RN 83,365005,0,2,RN,83,2,2,16,300,1,5,0,0,,1,7,0,1,0,0
1,4,3,1,6,90,FRANCE,FRANCHE-COMTE,099,90099,VALDOIE,D465,365007,0,3,RD,465,2,2,24,800,0,1,,,,1,7,0,1,0,0
1,7,1,1,6,90,FRANCE,FRANCHE-COMTE,010,90010,BELFORT,PONT CARNOT,365022,2,4,VC,0,2,4,,,0,1,,,,1,7,0,1,0,0
1,1,1,7,3,90,FRANCE,FRANCHE-COMTE,068,90068,MEROUX,RD 23,365028,0,3,RD,23,2,2,0,0,0,1,4760000,688000,,1,7,0,1,0,0
1,7,2,1,3,90,FRANCE,FRANCHE-COMTE,010,90010,BELFORT,BOULEVARD KENNEDY,365040,0,4,VC,0,3,2,2,835,0,1,,,,1,7,0,1,0,0
1,2,1,1,3,90,FRANCE,FRANCHE-COMTE,046,90046,FLORIMONT,RD 21,365052,0,3,RD,21,2,2,0,0,0,1,0,0,,1,10,0,1,0,0
1,7,1,1,3,90,FRANCE,FRANCHE-COMTE,010,90010,BELFORT,BOULEVARD HENRI DUNANT,365053,0,4,VC,0,3,2,,,0,1,,,,1,7,0,1,0,0
1,7,1,1,2,90,FRANCE,FRANCHE-COMTE,010,90010,BELFORT,RUE ENGEL GROS,365056,0,6,Parking,0,2,1,,,0,1,,,,1,7,0,1,0,0
1,7,2,2,3,90,FRANCE,FRANCHE-COMTE,010,90010,BELFORT,RUE CASSIN,365060,0,4,VC,0,2,3,,,0,1,,,,1,7,0,1,0,0
5,7,1,1,3,90,FRANCE,FRANCHE-COMTE,010,90010,BELFORT,AVENUE DU GENERAL DE GAULLE,365082,0,9,Autre,0,2,2,,,0,1,,,,1,7,0,1,0,0
1,7,1,1,6,90,FRANCE,FRANCHE-COMTE,010,90010,BELFORT,RUE SCHWEITZER,365107,0,4,VC,0,2,2,,,0,1,,,,1,,0,0,0,1
1,3,1,1,1,90,FRANCE,FRANCHE-COMTE,041,90041,ETUEFFONT,RD 12,365126,0,3,RD,12,2,2,8,600,0,1,4772700,691800,,1,10,0,1,0,0
1,1,1,1,7,90,FRANCE,FRANCHE-COMTE,029,90029,CRAVANCHE,RUE DU SALBERT,365136,0,4,VC,,0,0,,,0,3,,,,1,,0,1,0,0
1,1,1,1,3,90,FRANCE,FRANCHE-COMTE,065,90065,LEPUIX,RD 465,365150,0,3,RD,465,2,0,14,80,0,1,0,0,,1,7,0,1,0,0
2,2,1,2,2,90,FRANCE,FRANCHE-COMTE,095,90095,SUARCE,RD 13,365215,0,3,RD,13,2,2,31,200,0,1,4755600,707600,,1,10,0,1,0,0
1,7,1,1,7,90,FRANCE,FRANCHE-COMTE,010,90010,BELFORT,RUE DE VIENNE,365236,0,4,VC,0,0,2,0,0,0,1,,,,1,,0,1,0,0
1,7,3,1,2,90,FRANCE,FRANCHE-COMTE,010,90010,BELFORT,PONT DU GENERAL DE GAULLE,365251,2,3,RD,19,2,2,3,337,1,1,,,,1,7,0,1,0,0
5,4,1,2,3,90,FRANCE,FRANCHE-COMTE,075,90075,OFFEMONT,RUE ARISTIDE BRIAND,365256,0,3,RD,22,2,2,1,0,1,1,,,,1,38,0,1,0,0
1,4,6,2,3,90,FRANCE,FRANCHE-COMTE,008,90008,BAVILLIERS,RUE PIERRE ENGEL,365257,0,3,RD,0,2,2,0,300,0,1,,,,1,7,0,1,0,0
1,6,3,1,3,91,FRANCE,ILE-DE-FRANCE,114,91114,BRUNOY,RUE GERMAINE,365299,0,4,VC,0,2,2,2,0,0,1,,,,1,7,0,1,0,0
1,3,1,1,5,91,FRANCE,ILE-DE-FRANCE,538,91538,SAINT-AUBIN,RD 128,365323,0,3,RD,128,2,2,0,400,0,1,0,0,,1,7,0,1,0,0
2,5,1,1,2,91,FRANCE,ILE-DE-FRANCE,216,91216,EPINAY-SUR-ORGE,CD 257,365345,0,3,RD,0,3,2,16,0,0,1,,,,1,7,0,1,0,0
1,6,1,1,2,91,FRANCE,ILE-DE-FRANCE,286,91286,GRIGNY,RUE RENE CLAIR,365361,0,4,VC,0,2,2,,,0,1,,,,1,15,0,1,0,0
1,6,1,1,3,91,FRANCE,ILE-DE-FRANCE,421,91421,MONTGERON,RUE SAINT HUBERT,365366,0,4,VC,0,2,2,,,0,1,,,,1,7,0,1,0,0
2,1,1,7,3,91,FRANCE,ILE-DE-FRANCE,494,91494,PLESSIS-PATE (LE),RD 19,365374,0,3,RD,19,3,0,0,0,0,1,0,0,,1,15,0,1,0,0
1,1,1,1,2,91,FRANCE,ILE-DE-FRANCE,377,91377,MASSY,RN 20,365396,0,2,RN,20,3,4,1,800,0,1,,,,1,7,0,1,0,0
1,5,3,1,3,91,FRANCE,ILE-DE-FRANCE,161,91161,CHILLY-MAZARIN,AVENUE PIERRE BROSSOLETTE,365408,0,4,VC,0,2,2,,,0,1,,,,1,7,0,1,0,0
1,1,6,2,3,91,FRANCE,ILE-DE-FRANCE,568,91568,SAINT-MAURICE-MONTCOURONNE,RD 27,365420,5,3,RD,27,0,0,0,0,0,1,4858200,213900,,1,7,0,1,0,0
3,1,1,1,1,91,FRANCE,ILE-DE-FRANCE,579,91579,SAINT-VRAIN,RD 31,365423,0,3,RD,31,2,0,0,0,0,1,0,0,,1,14,0,1,0,0
1,1,1,1,3,91,FRANCE,ILE-DE-FRANCE,546,91546,SAINT-CYR-SOUS-DOURDAN,RD 27,365434,0,3,RD,27,2,2,18,300,0,1,4856800,204200,,1,14,0,1,0,0
1,6,6,1,3,91,FRANCE,ILE-DE-FRANCE,223,91223,ETAMPES,AVENUE DE LA LIBERATION ,365438,5,4,VC,0,2,2,,,0,1,,,,1,7,0,1,0,0
1,6,1,1,6,91,FRANCE,ILE-DE-FRANCE,687,91687,VIRY-CHATILLON,RN 445,365466,0,2,RN,0,2,4,,,0,1,,,,1,7,0,1,0,0
1,6,2,9,3,91,FRANCE,ILE-DE-FRANCE,589,91589,SAVIGNY-SUR-ORGE,AVENUE DE LONGJUMEAU,365478,0,4,VC,0,2,2,,,0,1,,,,1,7,0,1,0,0