lum,agg,int,atm,col,dep_bis,pays,region,com_bis,com_codeINSEE,communes,N_voie,numac,infra,catr,type_route,voie,circ,nbv,pr,pr1,vosp,situ,lat,long,adr,accident_velo,vehicule_imp,cycl_mort,cycl_bgv,cycl_blg,cycl_indm
2,6,1,8,1,91,FRANCE,ILE-DE-FRANCE,272,91272,GIF-SUR-YVETTE,VC 0,365491,0,4,VC,0,2,2,0,0,0,1,0,0,,1,14,0,1,0,0
1,1,1,1,2,91,FRANCE,ILE-DE-FRANCE,692,91692,ULIS (LES),CD35,365562,0,3,RD,0,1,3,3,125,0,1,,,,1,10,0,1,0,0
2,6,1,2,3,91,FRANCE,ILE-DE-FRANCE,570,91570,SAINT-MICHEL-SUR-ORGE,RUE SAINTE GENEVIEVE,365638,0,4,VC,0,2,2,,,0,1,,,,1,7,0,1,0,0
1,6,6,1,6,91,FRANCE,ILE-DE-FRANCE,223,91223,ETAMPES,AVENUE DE BONNEVAUX,365680,0,4,VC,0,2,1,36,0,0,1,,,,1,7,0,1,0,0
1,6,2,1,3,91,FRANCE,ILE-DE-FRANCE,421,91421,MONTGERON,RUE RAYMOND POMIER,365685,0,4,VC,0,2,2,,,0,1,,,,1,7,0,1,0,0
1,6,1,1,1,91,FRANCE,ILE-DE-FRANCE,272,91272,GIF-SUR-YVETTE,VC 0,365701,6,4,VC,0,2,2,0,0,0,1,0,0,,1,7,0,1,0,0
2,4,3,1,1,91,FRANCE,ILE-DE-FRANCE,635,91635,VAUHALLAN,VC 0,365733,5,4,VC,0,2,2,0,0,0,1,4873700,220100,,1,7,0,1,0,0
1,5,3,3,6,91,FRANCE,ILE-DE-FRANCE,326,91326,JUVISY-SUR-ORGE,AVENUE DE LA COUR DE FRANCE,365740,0,2,RN,0,2,2,,,0,1,,,,1,7,0,1,0,0
1,1,6,1,3,91,FRANCE,ILE-DE-FRANCE,103,91103,BRETIGNY-SUR-ORGE,CD 19,365760,5,3,RD,0,2,2,15,0,0,1,,,,1,7,0,1,0,0
1,1,1,1,1,91,FRANCE,ILE-DE-FRANCE,577,91577,SAINTRY-SUR-SEINE,RD 446,365786,0,3,RD,446,2,2,0,0,0,0,4859600,250600,,1,7,0,1,0,0
1,6,1,1,3,91,FRANCE,ILE-DE-FRANCE,114,91114,BRUNOY,BOULEVARD GENERAL DE GAULLE,365788,0,4,VC,0,2,4,2,0,0,1,,,,1,7,0,1,0,0
1,1,1,1,3,91,FRANCE,ILE-DE-FRANCE,095,91095,BOURAY-SUR-JUINE,RD 449,365800,0,3,RD,449,2,0,0,0,0,1,4852000,230600,,1,7,0,1,0,0
1,1,1,2,2,91,FRANCE,ILE-DE-FRANCE,156,91156,CHEPTAINVILLE,RD 449,365891,0,3,RD,449,2,2,0,0,0,1,4854500,227100,,1,7,0,1,0,0
1,6,1,1,2,91,FRANCE,ILE-DE-FRANCE,201,91201,DRAVEIL,AVENUE DE VILLIERS,365921,0,4,VC,0,2,2,0,100,0,1,,,,1,7,0,1,0,0
1,6,1,1,3,91,FRANCE,ILE-DE-FRANCE,657,91657,VIGNEUX-SUR-SEINE,RUE DE LA SOURCE,365922,0,4,VC,0,2,2,0,100,0,1,,,,1,7,0,1,0,0
1,1,1,1,6,91,FRANCE,ILE-DE-FRANCE,200,91200,DOURDAN,VC 0,365943,0,4,VC,0,2,1,0,0,0,1,4852800,201300,,1,,0,1,0,1
5,6,8,1,3,91,FRANCE,ILE-DE-FRANCE,103,91103,BRETIGNY-SUR-ORGE,AVENUE BASTIE MARYSE,365947,0,4,VC,0,2,2,,,2,1,,,,1,7,0,1,0,0
1,5,2,1,3,91,FRANCE,ILE-DE-FRANCE,425,91425,MONTLHERY,ROUTE DES TEMPLIERS,365973,0,3,RD,0,1,1,0,300,0,1,,,,1,10,0,1,0,0
1,3,1,1,1,91,FRANCE,ILE-DE-FRANCE,630,91630,VAL-SAINT-GERMAIN (LE),RD 27,365987,0,3,RD,27,2,0,0,0,0,0,4856900,206100,,1,33,0,1,0,0
1,1,1,1,1,91,FRANCE,ILE-DE-FRANCE,635,91635,VAUHALLAN,RD 36,365990,0,3,RD,36,2,0,4,900,0,1,4872900,219000,,1,10,0,1,0,0
1,1,1,1,3,91,FRANCE,ILE-DE-FRANCE,156,91156,CHEPTAINVILLE,VC 0,365992,0,4,VC,0,2,2,0,0,0,1,4845600,236500,,1,7,0,1,0,0
1,5,1,1,1,91,FRANCE,ILE-DE-FRANCE,645,91645,VERRIERES-LE-BUISSON,ROUTE DES GATINES,366069,0,4,VC,0,2,2,,,0,1,,,,1,7,0,1,0,0
1,5,6,1,3,91,FRANCE,ILE-DE-FRANCE,386,91386,MENNECY,RD 153,366079,5,3,RD,153,2,2,0,0,1,1,4856100,243700,,1,7,0,1,0,0
1,6,1,1,2,91,FRANCE,ILE-DE-FRANCE,691,91691,YERRES,RUE RAYMOND POINCARE,366090,0,3,RD,0,2,2,,,1,5,,,,1,7,0,1,0,0
1,4,1,1,1,91,FRANCE,ILE-DE-FRANCE,458,91458,NOZAY,VC 0,366119,0,4,VC,0,2,0,0,0,1,1,4866600,224900,,1,7,0,1,0,0
1,1,1,1,3,91,FRANCE,ILE-DE-FRANCE,103,91103,BRETIGNY-SUR-ORGE,CD 19,366136,0,3,RD,0,3,4,15,700,0,1,,,,1,14,0,1,0,0
1,1,1,1,2,91,FRANCE,ILE-DE-FRANCE,136,91136,CHAMPLAN,RN 188 PARIS / A 10 PARIS,366180,0,2,RN,188,1,1,0,1,0,1,,,,1,7,0,1,0,0
1,6,1,1,2,91,FRANCE,ILE-DE-FRANCE,201,91201,DRAVEIL,ROUTE FORESTIERE CROIX DE L'ERMITAGE,366248,0,4,VC,0,2,1,0,100,0,1,,,,1,30,0,1,0,0
1,6,1,1,3,91,FRANCE,ILE-DE-FRANCE,377,91377,MASSY,RUE VICTOR BASCH,366286,0,4,VC,0,3,3,,,0,1,,,,1,33,0,0,0,1
5,4,4,8,1,91,FRANCE,ILE-DE-FRANCE,461,91461,OLLAINVILLE,,366288,0,4,VC,,2,2,,,,1,0,0,,1,7,0,1,0,0
1,5,1,8,1,91,FRANCE,ILE-DE-FRANCE,235,91235,FLEURY-MEROGIS,VC 121,366329,0,4,VC,121,2,2,0,0,0,1,4864100,236500,,1,7,0,1,0,0
1,5,1,1,3,91,FRANCE,ILE-DE-FRANCE,471,91471,ORSAY,AVENUE DU BOIS PERSAN,366339,0,4,VC,0,2,2,,,0,1,,,,1,7,0,1,0,0
1,5,1,1,6,91,FRANCE,ILE-DE-FRANCE,097,91097,BOUSSY-SAINT-ANTOINE,AVENUE JEAN MOULIN,366360,1,4,VC,0,0,2,2,0,0,5,,,,1,7,0,1,0,0
1,5,2,1,3,91,FRANCE,ILE-DE-FRANCE,573,91573,SAINT-PIERRE-DU-PERRAY,COURS JEAN JAURES,366369,0,4,VC,,2,2,,,0,0,4861800,250600,,1,7,0,1,0,0
1,5,3,1,3,91,FRANCE,ILE-DE-FRANCE,347,91347,LONGPONT-SUR-ORGE,RUE DU DOCTEUR DARIER,366390,0,3,RD,25,2,2,1,0,0,1,,,,1,7,0,1,0,0
1,4,1,1,1,91,FRANCE,ILE-DE-FRANCE,577,91577,SAINTRY-SUR-SEINE,VC 0,366398,0,4,VC,0,2,2,0,0,0,1,4860700,250200,,1,7,0,1,0,0
1,6,1,2,7,91,FRANCE,ILE-DE-FRANCE,223,91223,ETAMPES,RUE DU PETIT SAINT MARS,366402,0,4,VC,0,2,2,,,0,1,,,,1,,0,1,0,0
1,6,1,1,6,91,FRANCE,ILE-DE-FRANCE,589,91589,SAVIGNY-SUR-ORGE,RUE DE VIRY,366408,0,3,RD,167,3,1,3,150,0,0,,,,1,7,0,1,0,0
1,6,3,1,3,91,FRANCE,ILE-DE-FRANCE,377,91377,MASSY,RUE EMILE ZOLA,366435,0,4,VC,0,0,1,,,0,1,,,,1,10,0,1,0,0
2,4,3,1,3,91,FRANCE,ILE-DE-FRANCE,494,91494,PLESSIS-PATE (LE),,366461,0,4,VC,,2,2,,,0,1,4862500,234200,,1,10,0,1,0,0
2,6,1,1,3,91,FRANCE,ILE-DE-FRANCE,549,91549,SAINTE-GENEVIEVE-DES-BOIS,AVENUE GABRIEL PERI,366479,0,4,VC,0,2,2,,,0,1,,,,1,10,0,1,0,0
2,6,6,1,2,91,FRANCE,ILE-DE-FRANCE,589,91589,SAVIGNY-SUR-ORGE,RUE DE LA MONTAGNE PAVEE,366495,5,4,VC,0,1,1,,,0,1,,,,1,7,0,1,0,0
1,5,1,1,1,91,FRANCE,ILE-DE-FRANCE,216,91216,EPINAY-SUR-ORGE,CD 117,366549,0,3,RD,117,1,1,19,0,0,1,,,,1,7,0,1,0,0
2,6,6,2,1,91,FRANCE,ILE-DE-FRANCE,272,91272,GIF-SUR-YVETTE,Autre 0,366631,5,9,Autre,0,3,2,0,0,0,1,0,0,,1,7,0,1,0,0
1,1,1,1,2,91,FRANCE,ILE-DE-FRANCE,339,91339,LINAS,RN 20,366635,0,2,RN,20,3,2,12,500,0,1,,,,1,7,0,1,0,0
1,6,1,1,6,91,FRANCE,ILE-DE-FRANCE,687,91687,VIRY-CHATILLON,PLACE AMEDEE GORDINI,366642,0,6,Parking,0,0,0,,,0,0,,,,1,7,0,1,0,0
1,6,1,1,3,91,FRANCE,ILE-DE-FRANCE,570,91570,SAINT-MICHEL-SUR-ORGE,RUE CHENES VERTS,366651,0,4,VC,0,2,2,,,0,1,,,,1,7,0,1,0,0
1,6,1,1,2,91,FRANCE,ILE-DE-FRANCE,228,91228,EVRY,BOULEVARD YERRES,366677,0,4,VC,0,3,0,,,0,1,,,,1,7,0,1,0,0
1,5,3,1,3,91,FRANCE,ILE-DE-FRANCE,216,91216,EPINAY-SUR-ORGE,RUE GRANDE  RUE,366702,0,3,RD,117,2,2,15,0,0,1,,,,1,7,0,1,0,0
1,1,1,1,6,91,FRANCE,ILE-DE-FRANCE,191,91191,CROSNE,ROUTE FORESTIERE,366704,0,9,Autre,0,2,1,,,0,1,,,,1,,0,0,0,1
1,5,1,1,3,91,FRANCE,ILE-DE-FRANCE,425,91425,MONTLHERY,RUE DES BOURGUIGNONS,366705,0,4,VC,0,1,2,,,0,1,,,,1,7,0,1,0,0
1,6,1,1,1,91,FRANCE,ILE-DE-FRANCE,589,91589,SAVIGNY-SUR-ORGE,RUE DES CAPUCINES,366743,0,4,VC,0,1,1,,,0,1,,,,1,7,0,1,0,0
1,6,1,1,6,91,FRANCE,ILE-DE-FRANCE,027,91027,ATHIS-MONS,AVENUE HENRI DUNANT,366769,0,4,VC,0,3,1,,,0,1,,,,1,,0,1,0,0
5,5,2,1,3,91,FRANCE,ILE-DE-FRANCE,216,91216,EPINAY-SUR-ORGE,CD 257,366825,0,3,RD,257,3,2,,,0,1,,,,1,7,0,1,0,0
1,6,1,1,1,91,FRANCE,ILE-DE-FRANCE,272,91272,GIF-SUR-YVETTE,RN 306,366894,0,2,RN,306,2,2,7,500,0,1,0,0,,1,7,0,1,0,0
1,6,1,1,1,91,FRANCE,ILE-DE-FRANCE,103,91103,BRETIGNY-SUR-ORGE,RUE GAY LUSSAC,366920,0,4,VC,0,1,1,0,0,0,1,,,,1,7,0,1,0,0
1,6,2,8,3,91,FRANCE,ILE-DE-FRANCE,657,91657,VIGNEUX-SUR-SEINE,RUE DES CACTUS,366938,0,4,VC,0,2,2,0,100,0,1,,,,1,7,0,1,0,0
1,6,1,1,6,91,FRANCE,ILE-DE-FRANCE,201,91201,DRAVEIL,CHEMIN DU BAC DE RIS,366940,0,4,VC,0,2,2,0,100,0,1,,,,1,,,,,
1,6,1,1,5,91,FRANCE,ILE-DE-FRANCE,201,91201,DRAVEIL,BOULEVARD GENERAL DE GAULLE,366947,0,3,RD,931,3,2,24,0,0,1,,,,1,7,0,1,0,0
2,6,1,1,1,91,FRANCE,ILE-DE-FRANCE,521,91521,RIS-ORANGIS,CD31,366973,0,3,RD,31,2,2,22,200,0,1,,,,1,7,0,1,0,0
1,5,3,1,3,91,FRANCE,ILE-DE-FRANCE,161,91161,CHILLY-MAZARIN,RUE AMPERE ,366995,0,3,RD,120,2,2,5,120,0,1,,,,1,10,0,1,0,0
1,5,1,1,6,91,FRANCE,ILE-DE-FRANCE,645,91645,VERRIERES-LE-BUISSON,ALLEE  DES SAPINS ,367014,0,4,VC,0,1,1,,,0,1,,,,1,,0,1,0,0
1,4,1,1,1,91,FRANCE,ILE-DE-FRANCE,064,91064,BIEVRES,CD 118,367016,0,3,RD,118,2,2,,,0,1,,,,1,7,0,1,0,0
1,6,1,1,3,91,FRANCE,ILE-DE-FRANCE,692,91692,ULIS (LES),rue des lorrains,367023,0,4,VC,0,2,2,0,0,0,1,,,,1,7,0,1,0,0
1,6,6,1,3,91,FRANCE,ILE-DE-FRANCE,549,91549,SAINTE-GENEVIEVE-DES-BOIS,PLACE ROGER PERRIAUD,367031,0,4,VC,0,1,2,,,0,1,,,,1,7,0,1,0,0
1,6,1,1,6,91,FRANCE,ILE-DE-FRANCE,549,91549,SAINTE-GENEVIEVE-DES-BOIS,AVENUE PAUL VAILLANT COUTURIER,367037,0,4,VC,0,2,2,,,0,1,,,,1,,0,0,0,1
5,7,3,1,6,92,FRANCE,ILE-DE-FRANCE,025,92025,COLOMBES,VC 0,367125,0,4,VC,0,2,2,1,0,0,1,,,,1,10,0,1,0,0
1,7,1,1,6,92,FRANCE,ILE-DE-FRANCE,025,92025,COLOMBES,RUE GRES,367252,0,4,VC,0,2,2,,,0,1,,,,1,7,0,1,0,0
1,7,7,1,6,92,FRANCE,ILE-DE-FRANCE,004,92004,ASNIERES-SUR-SEINE,PLACE VOLTAIRE,367271,0,4,VC,0,1,2,,,0,1,,,,1,15,0,1,0,0
2,7,2,1,3,92,FRANCE,ILE-DE-FRANCE,040,92040,ISSY-LES-MOULINEAUX,AVENUE DU BAS MEUDON,367331,0,4,VC,0,1,1,,,0,1,,,,1,7,0,1,0,0
5,7,9,1,3,92,FRANCE,ILE-DE-FRANCE,040,92040,ISSY-LES-MOULINEAUX,BOULEVARD RODIN,367367,0,9,Autre,0,2,2,,,0,1,,,,1,7,0,1,0,0
1,7,1,1,7,92,FRANCE,ILE-DE-FRANCE,050,92050,NANTERRE,RUE PAUL VAILLANT COUTURIER,367372,0,3,RD,0,3,1,,,0,0,,,,1,,0,1,0,0
1,7,1,3,1,92,FRANCE,ILE-DE-FRANCE,051,92051,NEUILLY-SUR-SEINE,AVENUE DE MADRID,367399,0,4,VC,0,2,2,,,0,1,,,,1,7,0,1,0,0
1,6,1,1,6,92,FRANCE,ILE-DE-FRANCE,064,92064,SAINT-CLOUD,LELEGARD,367405,0,4,VC,0,1,1,,,0,1,,,,1,7,0,1,0,0
1,5,1,1,2,92,FRANCE,ILE-DE-FRANCE,022,92022,CHAVILLE,RUE DE JOUY,367407,0,3,RD,0,2,2,,,0,1,,,,1,37,0,1,0,0
1,6,9,1,3,92,FRANCE,ILE-DE-FRANCE,035,92035,GARENNE-COLOMBES (LA),BOULEVARD DE LA REPUBLIQUE,367551,0,3,RD,0,2,2,,,0,1,,,,1,20,0,1,0,0
1,7,1,1,6,92,FRANCE,ILE-DE-FRANCE,004,92004,ASNIERES-SUR-SEINE,ROBERT DUPONT,367570,0,4,VC,0,2,2,,,0,1,,,,1,7,0,1,0,0
5,7,2,3,3,92,FRANCE,ILE-DE-FRANCE,024,92024,CLICHY,QUAI DE CLICHY  DE,367582,0,4,VC,0,2,3,,,0,1,,,,1,7,0,1,0,0
1,6,2,1,3,92,FRANCE,ILE-DE-FRANCE,023,92023,CLAMART,RUE ALFRED,367612,5,4,VC,0,2,1,,,0,1,,,,1,7,0,1,0,0
1,7,2,1,2,92,FRANCE,ILE-DE-FRANCE,040,92040,ISSY-LES-MOULINEAUX,QUAI DU PRESIDENT ROOSEVELT,367618,1,2,RN,0,2,2,,,0,1,,,,1,7,0,1,0,0
1,5,1,1,7,92,FRANCE,ILE-DE-FRANCE,022,92022,CHAVILLE,RUE DES MORTES FONTAINES,367644,0,4,VC,0,2,2,,,0,1,,,,1,,0,1,0,0
1,6,2,6,3,92,FRANCE,ILE-DE-FRANCE,036,92036,GENNEVILLIERS,AVENUE MARCEL PAUL ,367658,0,3,RD,0,2,4,,,0,1,,,,1,7,0,1,0,0
1,7,1,9,6,92,FRANCE,ILE-DE-FRANCE,050,92050,NANTERRE,RUE DES FONTENELLES,367662,0,4,VC,0,2,2,,,0,1,,,,1,7,0,1,0,0
1,7,1,1,3,92,FRANCE,ILE-DE-FRANCE,063,92063,RUEIL-MALMAISON,RUE GALLIENI,367668,0,4,VC,0,2,2,,,0,0,,,,1,7,0,1,0,0
1,7,3,1,6,92,FRANCE,ILE-DE-FRANCE,002,92002,ANTONY,RUE DE L'ABBAYE,367680,0,4,VC,0,1,2,,,0,1,,,,1,7,0,1,0,0
1,6,1,1,3,92,FRANCE,ILE-DE-FRANCE,032,92032,FONTENAY-AUX-ROSES,RUE DES PARADIS,367684,0,4,VC,0,2,2,,,0,1,,,,1,7,0,1,0,0
1,6,1,1,1,92,FRANCE,ILE-DE-FRANCE,036,92036,GENNEVILLIERS,AVENUE DES GRESILLONS ,367750,0,3,RD,0,2,2,,,0,1,,,,1,7,0,1,0,0
1,8,6,1,2,92,FRANCE,ILE-DE-FRANCE,012,92012,BOULOGNE-BILLANCOURT,ROND-- POINT DES ANCIENS COMBATTANT,367759,0,3,RD,0,1,0,,,0,1,,,,1,,0,1,0,0
5,6,1,1,2,92,FRANCE,ILE-DE-FRANCE,036,92036,GENNEVILLIERS,AVENUE LAURENT CELY ,367765,0,3,RD,0,1,2,,,2,1,,,,1,7,0,1,0,0
1,7,1,1,3,92,FRANCE,ILE-DE-FRANCE,026,92026,COURBEVOIE,AVENUE DE L'EUROPE,367799,0,4,VC,0,3,2,,,0,1,,,,1,7,0,1,0,0
2,6,2,1,7,92,FRANCE,ILE-DE-FRANCE,062,92062,PUTEAUX,AVENUE DU GENERAL DE GAULLE,367826,0,3,RD,0,1,3,,,0,1,,,,1,,0,0,0,1
1,7,1,1,6,92,FRANCE,ILE-DE-FRANCE,004,92004,ASNIERES-SUR-SEINE,RUE DES BAS,367830,0,4,VC,0,1,2,,,0,1,,,,1,7,0,1,0,0
1,7,2,1,3,92,FRANCE,ILE-DE-FRANCE,051,92051,NEUILLY-SUR-SEINE,BOULEVARD DES SABLONS,367853,0,4,VC,0,2,2,,,0,1,,,,1,7,0,1,0,0
5,5,1,3,2,92,FRANCE,ILE-DE-FRANCE,076,92076,VAUCRESSON,LA CELLE SAINT CLOUD,367857,0,4,VC,0,2,2,1,0,0,1,,,,1,7,0,1,0,0
1,7,3,1,6,92,FRANCE,ILE-DE-FRANCE,002,92002,ANTONY,RUE JEAN MOULIN,367949,0,3,RD,0,2,2,,,0,0,,,,1,,0,0,0,1
1,7,1,1,3,92,FRANCE,ILE-DE-FRANCE,025,92025,COLOMBES,AVENUE D'ORGEMONT,368006,0,4,VC,0,2,2,,,0,1,,,,1,7,0,1,0,0
1,7,1,1,6,92,FRANCE,ILE-DE-FRANCE,025,92025,COLOMBES,ALLEE PAUL LANGEVIN,368052,0,4,VC,0,1,1,,,0,1,,,,1,7,0,1,0,0
1,6,2,1,7,92,FRANCE,ILE-DE-FRANCE,035,92035,GARENNE-COLOMBES (LA),avenue de Verdun 1916,368053,5,3,RD,0,4,4,,,0,3,,,,1,,0,1,0,0
1,8,1,1,3,92,FRANCE,ILE-DE-FRANCE,012,92012,BOULOGNE-BILLANCOURT,PLACE MARCEL SEMBAT,368071,5,2,RN,10,0,0,,,0,1,,,,1,13,0,1,0,0
1,5,1,1,2,92,FRANCE,ILE-DE-FRANCE,022,92022,CHAVILLE,AVENUE ROGER SALENGRO,368094,0,3,RD,0,2,2,,,0,1,,,,1,10,0,1,0,0
1,7,2,1,3,92,FRANCE,ILE-DE-FRANCE,024,92024,CLICHY,BOULEVARD JEAN JAURES,368113,0,3,RD,0,1,3,,,0,1,,,,1,7,0,1,0,0
1,7,1,1,7,92,FRANCE,ILE-DE-FRANCE,040,92040,ISSY-LES-MOULINEAUX,JEANNE D'ARC,368191,0,3,RD,0,1,2,,,0,1,,,,1,,0,1,0,0
1,6,2,1,3,92,FRANCE,ILE-DE-FRANCE,049,92049,MONTROUGE,RUE GABRIEL PERI,368198,0,3,RD,0,3,4,0,100,0,0,,,,1,7,0,1,0,0
1,6,3,1,3,92,FRANCE,ILE-DE-FRANCE,035,92035,GARENNE-COLOMBES (LA),rue Jean Bonal,368213,0,4,VC,0,2,2,,,0,1,,,,1,7,0,1,0,0
5,6,2,1,3,92,FRANCE,ILE-DE-FRANCE,035,92035,GARENNE-COLOMBES (LA),BOULEVARD DE LA REPUBLIQUE,368231,0,3,RD,0,2,2,,,0,1,,,,1,31,0,1,0,0
1,7,1,2,2,92,FRANCE,ILE-DE-FRANCE,040,92040,ISSY-LES-MOULINEAUX,HOCHE,368235,0,4,VC,0,1,1,,,0,1,,,,1,10,0,1,0,0
1,7,1,1,3,92,FRANCE,ILE-DE-FRANCE,050,92050,NANTERRE,AVENUE QUENTIN JULES ,368256,0,4,VC,0,2,1,,,0,1,,,,1,,0,0,0,1
1,7,1,1,3,92,FRANCE,ILE-DE-FRANCE,050,92050,NANTERRE,BOULEVARD DU HAVRE,368260,0,2,RN,0,1,3,,,0,1,,,,1,31,0,1,0,0
1,7,1,1,1,92,FRANCE,ILE-DE-FRANCE,050,92050,NANTERRE,RUE DE LA PAIX,368262,0,4,VC,0,2,1,,,0,1,,,,1,7,0,1,0,0
1,7,1,1,2,92,FRANCE,ILE-DE-FRANCE,050,92050,NANTERRE,RUE PAUL VAILLANT COUTURIER,368283,0,3,RD,0,2,3,,,0,1,,,,1,7,0,1,0,0
1,7,3,2,3,92,FRANCE,ILE-DE-FRANCE,050,92050,NANTERRE,AVENUE MARTIN HENRI ,368344,0,2,RN,0,1,2,,,0,1,,,,1,7,0,1,0,0
5,7,1,1,6,92,FRANCE,ILE-DE-FRANCE,026,92026,COURBEVOIE,RUE DU 22 SEPTEMBRE,368384,0,4,VC,0,2,2,,,0,1,,,,1,,0,0,0,1
1,5,1,1,6,92,FRANCE,ILE-DE-FRANCE,022,92022,CHAVILLE,AVENUE ROGER SALENGRO,368387,0,3,RD,0,2,2,,,0,1,,,,1,7,0,1,0,0
1,7,1,1,2,92,FRANCE,ILE-DE-FRANCE,004,92004,ASNIERES-SUR-SEINE,PONT DE GENNEVILLIERS,368412,0,4,VC,0,1,2,,,0,1,,,,1,,0,1,0,0
4,7,3,1,3,92,FRANCE,ILE-DE-FRANCE,026,92026,COURBEVOIE,FIN VERDUN,368416,0,3,RD,0,3,4,,,0,1,,,,1,33,0,1,0,0
5,7,3,9,3,92,FRANCE,ILE-DE-FRANCE,050,92050,NANTERRE,RUE DU DOUMER PAUL PRESIDENT ,368417,0,4,VC,0,2,2,,,0,1,,,,1,7,0,1,0,0
1,7,1,1,6,92,FRANCE,ILE-DE-FRANCE,063,92063,RUEIL-MALMAISON,AVENUE DU DIX-HUIT JUIN 1940,368437,0,3,RD,0,2,2,,,0,1,,,,1,,0,0,0,1
1,7,1,1,1,92,FRANCE,ILE-DE-FRANCE,050,92050,NANTERRE,AVENUE PABLO PICASSO,368488,0,3,RD,0,2,1,,,2,5,,,,1,99,0,0,0,1
1,7,3,1,7,92,FRANCE,ILE-DE-FRANCE,004,92004,ASNIERES-SUR-SEINE,QUAI DU DOCTEUR DERVAUX,368497,0,4,VC,0,2,2,,,0,1,,,,1,,0,1,0,0
1,7,1,1,2,92,FRANCE,ILE-DE-FRANCE,050,92050,NANTERRE,RUE DES FUSILLES DE LA RESISTANCE ,368531,0,3,RD,0,2,2,,,0,1,,,,1,7,0,1,0,0
1,6,1,1,3,92,FRANCE,ILE-DE-FRANCE,036,92036,GENNEVILLIERS,RUE PIERRE TIMBAUD ,368536,0,3,RD,0,1,1,,,0,1,,,,1,7,0,1,0,0
5,7,2,1,3,92,FRANCE,ILE-DE-FRANCE,050,92050,NANTERRE,AVENUE JOILIOT CURIE,368547,0,3,RD,0,1,2,,,0,1,,,,1,7,0,1,0,0
1,7,1,1,6,92,FRANCE,ILE-DE-FRANCE,025,92025,COLOMBES,PARC LAGRAVERE ILE MARANTE,368561,6,6,Parking,0,2,1,1,0,3,0,,,,1,,0,0,0,1
1,7,1,1,3,92,FRANCE,ILE-DE-FRANCE,050,92050,NANTERRE,AVENUE DE LA REPUBLIQUE,368583,0,3,RD,,2,2,,,2,5,,,,1,30,0,1,0,0
1,7,1,9,6,92,FRANCE,ILE-DE-FRANCE,050,92050,NANTERRE,BOULEVARD DE SEINE,368605,0,4,VC,0,2,2,,,0,1,,,,1,7,0,1,0,0
5,6,3,1,3,92,FRANCE,ILE-DE-FRANCE,046,92046,MALAKOFF,CHARLES DE GAULLE,368624,0,3,RD,,2,1,,,0,1,,,,1,7,0,1,0,0
1,6,1,1,3,92,FRANCE,ILE-DE-FRANCE,009,92009,BOIS-COLOMBES,RUE GERALDY,368646,0,4,VC,0,2,1,,,0,1,,,,1,31,0,1,0,0
1,7,9,1,3,92,FRANCE,ILE-DE-FRANCE,063,92063,RUEIL-MALMAISON,AVENUE DE COLMAR,368668,2,3,RD,991,3,5,,,0,1,,,,1,7,0,1,0,0
1,8,2,1,2,92,FRANCE,ILE-DE-FRANCE,012,92012,BOULOGNE-BILLANCOURT,RUE DE SILLY,368686,0,4,VC,116,2,2,,,0,1,,,,1,7,0,1,0,0
5,7,1,2,2,92,FRANCE,ILE-DE-FRANCE,050,92050,NANTERRE,AVENUE LENINE VLADIMIR ILITCH ,368721,0,3,RD,,2,2,,,0,1,,,,1,7,0,1,0,0
5,6,1,1,3,92,FRANCE,ILE-DE-FRANCE,049,92049,MONTROUGE,AVENUE DE LA MARNE,368743,0,4,VC,0,2,2,,,0,4,,,,1,7,0,1,0,0
5,6,1,1,2,92,FRANCE,ILE-DE-FRANCE,062,92062,PUTEAUX,QUAI DE DION BOUTON ,368744,0,3,RD,0,3,3,,,0,1,,,,1,7,0,1,0,0
1,5,5,1,6,92,FRANCE,ILE-DE-FRANCE,014,92014,BOURG-LA-REINE,AVENUE DU GENERAL LECLERC,368746,0,3,RD,0,3,5,,,0,1,,,,1,7,0,1,0,0
1,7,1,1,3,92,FRANCE,ILE-DE-FRANCE,051,92051,NEUILLY-SUR-SEINE,BOULEVARD VITAL-BOUHOT,368764,0,3,RD,0,1,1,,,0,1,,,,1,7,0,1,0,0
1,6,1,3,6,92,FRANCE,ILE-DE-FRANCE,060,92060,PLESSIS-ROBINSON (LE),AVENUE CHARLES DE GAULLE,368804,0,3,RD,0,2,2,,,0,1,,,,1,7,0,1,0,0
2,6,9,1,3,92,FRANCE,ILE-DE-FRANCE,036,92036,GENNEVILLIERS,AVENUE LAURENT CELY ,368839,0,3,RD,0,1,2,,,0,1,,,,1,7,0,1,0,0
1,6,1,1,7,92,FRANCE,ILE-DE-FRANCE,049,92049,MONTROUGE,AVENUE PIERRE BROSSOLETTE,368871,0,3,RD,0,2,4,,,3,1,,,,1,,0,1,0,0
1,6,1,1,6,92,FRANCE,ILE-DE-FRANCE,073,92073,SURESNES,AVENUE FRANKLIN ROOSVELT,368877,0,3,RD,0,2,4,,,0,1,,,,1,7,0,1,0,0
2,7,2,1,3,92,FRANCE,ILE-DE-FRANCE,051,92051,NEUILLY-SUR-SEINE,BOULEVARD D'INKERMANN,368923,0,4,VC,0,2,2,,,0,1,,,,1,7,0,1,0,0
1,6,1,1,6,92,FRANCE,ILE-DE-FRANCE,049,92049,MONTROUGE,AVENUE MAURICE ARNOUX,368945,0,3,RD,0,1,1,,,0,4,,,,1,,0,1,0,0
1,7,1,1,1,92,FRANCE,ILE-DE-FRANCE,040,92040,ISSY-LES-MOULINEAUX,BOULEVARD GAMBETTA,368954,0,3,RD,0,2,2,,,0,1,,,,1,7,0,1,0,0
1,6,1,1,2,92,FRANCE,ILE-DE-FRANCE,072,92072,SEVRES,RUE GRANDE  RUE,368961,6,3,RD,0,2,5,,,0,1,,,,1,10,0,1,0,0