lum,agg,int,atm,col,dep_bis,pays,region,com_bis,com_codeINSEE,communes,N_voie,numac,infra,catr,type_route,voie,circ,nbv,pr,pr1,vosp,situ,lat,long,adr,accident_velo,vehicule_imp,cycl_mort,cycl_bgv,cycl_blg,cycl_indm
5,7,2,1,3,92,FRANCE,ILE-DE-FRANCE,044,92044,LEVALLOIS-PERRET,RUE GUESDES,368997,0,4,VC,0,1,2,,,0,1,,,,1,7,0,1,0,0
1,7,1,1,3,92,FRANCE,ILE-DE-FRANCE,050,92050,NANTERRE,BOULEVARD DU HAVRE,369005,0,3,RD,992,3,4,,,0,1,,,,1,7,0,1,0,0
1,7,1,1,3,92,FRANCE,ILE-DE-FRANCE,050,92050,NANTERRE,AVENUE PABLO PICASSO,369040,0,3,RD,0,1,3,,,0,1,,,,1,7,0,1,0,0
1,5,2,1,3,92,FRANCE,ILE-DE-FRANCE,071,92071,SCEAUX,AVENUE GEORGES CLEMENCEAU,369045,5,3,RD,0,2,2,1,0,0,1,,,,1,7,0,1,0,0
1,6,1,1,1,92,FRANCE,ILE-DE-FRANCE,019,92019,CHATENAY-MALABRY,AVENUE DU PLESSIS,369093,0,3,RD,63,2,2,1,0,0,1,,,,1,7,0,1,0,0
1,6,3,2,3,92,FRANCE,ILE-DE-FRANCE,046,92046,MALAKOFF,AVENUE PIERRE LAROUSSE,369094,0,3,RD,0,2,2,,,0,1,,,,1,7,0,1,0,0
5,7,1,1,3,92,FRANCE,ILE-DE-FRANCE,026,92026,COURBEVOIE,BOULEVARD SAINT DENIS,369122,0,3,RD,9,2,2,,,0,1,,,,1,7,0,1,0,0
1,7,6,1,3,92,FRANCE,ILE-DE-FRANCE,002,92002,ANTONY,AVENUE LE BRUN,369164,0,3,RD,77,2,0,0,0,0,0,4876490,230609,,1,7,0,1,0,0
1,6,2,1,3,92,FRANCE,ILE-DE-FRANCE,007,92007,BAGNEUX,AVENUE LOUIS PASTEUR,369190,0,3,RD,77,2,4,0,0,0,1,4879780,231746,,1,7,0,1,0,0
5,6,2,2,3,92,FRANCE,ILE-DE-FRANCE,007,92007,BAGNEUX,AVENUE LOUIS PASTEUR,369198,0,3,RD,77,2,3,,,0,1,,,,1,7,0,1,0,0
5,7,1,1,6,92,FRANCE,ILE-DE-FRANCE,024,92024,CLICHY,PONT DE CLICHY,369244,2,4,VC,0,2,4,,,0,1,,,,1,34,0,1,0,0
1,6,1,1,6,92,FRANCE,ILE-DE-FRANCE,036,92036,GENNEVILLIERS,AVENUE D'ARGENTEUIL,369286,0,3,RD,909,3,3,0,0,0,1,4893710,225868,,1,7,0,1,0,0
1,7,3,1,6,92,FRANCE,ILE-DE-FRANCE,051,92051,NEUILLY-SUR-SEINE,RUE SOYER,369346,0,4,VC,0,2,2,0,0,0,1,4888780,226137,,1,,0,0,0,1
1,7,1,1,3,92,FRANCE,ILE-DE-FRANCE,063,92063,RUEIL-MALMAISON,AVENUE ALBERT 1ER,369363,0,4,VC,0,1,1,,,0,1,,,,1,7,0,1,0,0
1,6,3,1,7,92,FRANCE,ILE-DE-FRANCE,064,92064,SAINT-CLOUD,RUE DE BUZENVAL,369374,0,3,RD,180,2,2,1,0,0,1,4885020,221688,,1,,0,1,0,0
1,5,1,1,6,92,FRANCE,ILE-DE-FRANCE,022,92022,CHAVILLE,AVENUE DU PARC,369392,0,4,VC,0,2,1,,,0,1,,,,1,7,0,1,0,0
1,6,1,1,7,92,FRANCE,ILE-DE-FRANCE,062,92062,PUTEAUX,PARVIS ,369418,6,4,VC,0,0,0,0,0,0,1,,,,1,,0,1,0,0
1,7,1,1,6,93,FRANCE,ILE-DE-FRANCE,029,93029,DRANCY,AVENUE HENRI BARBUSSE,369512,0,3,RD,0,2,2,,,0,1,,,,1,13,0,1,0,0
1,6,1,8,6,93,FRANCE,ILE-DE-FRANCE,063,93063,ROMAINVILLE,BOULEVARD HENRI BARBUSSE,369527,0,2,RN,0,2,2,,,0,1,,,,1,13,0,1,0,0
3,6,1,1,7,93,FRANCE,ILE-DE-FRANCE,053,93053,NOISY-LE-SEC,BOULEVARD ROGER SALENGRO,369552,0,3,RD,0,2,1,,,0,4,,,,1,7,0,1,0,0
1,7,4,1,2,93,FRANCE,ILE-DE-FRANCE,029,93029,DRANCY,RD 0,369631,5,3,RD,0,4,3,1,0,3,1,,,,1,7,0,1,0,0
1,6,1,1,6,93,FRANCE,ILE-DE-FRANCE,063,93063,ROMAINVILLE,AVENUE DU COLONEL FABIEN,369639,0,4,VC,0,2,2,,,0,1,,,,1,7,0,1,0,0
1,7,7,2,1,93,FRANCE,ILE-DE-FRANCE,051,93051,NOISY-LE-GRAND,VC 0,369649,0,4,VC,0,1,2,1,0,0,1,,,,1,7,0,1,0,0
1,6,2,8,3,93,FRANCE,ILE-DE-FRANCE,053,93053,NOISY-LE-SEC,RUE ADRIEN DAMOISELET,369650,1,2,RN,0,1,0,,,0,1,,,,1,7,0,1,0,0
1,6,1,2,3,93,FRANCE,ILE-DE-FRANCE,070,93070,SAINT-OUEN,RUE CHARLES SCHMIDT,369671,0,4,VC,0,2,2,,,0,1,,,,1,7,0,1,0,0
1,6,6,8,3,93,FRANCE,ILE-DE-FRANCE,008,93008,BOBIGNY,AVENUE PAUL VAILLANT COUTURIER,369694,0,2,RN,0,3,2,,,0,1,,,,1,7,0,1,0,0
1,5,2,1,3,93,FRANCE,ILE-DE-FRANCE,074,93074,VAUJOURS,AVENUE DU GENERAL DE GAULLE,369812,0,4,VC,0,1,0,,,0,1,,,,1,10,0,1,0,0
1,7,1,8,2,93,FRANCE,ILE-DE-FRANCE,066,93066,SAINT-DENIS,SAULNIER JULES,369843,0,4,VC,0,1,2,,,0,1,,,,1,7,0,1,0,0
1,7,1,1,6,93,FRANCE,ILE-DE-FRANCE,029,93029,DRANCY,AVENUE HENRI BARBUSSE,369984,0,3,RD,0,2,2,,,0,1,,,,1,13,0,1,0,0
5,6,3,1,3,93,FRANCE,ILE-DE-FRANCE,063,93063,ROMAINVILLE,AVENUE PIERRE KERAUTRET,370008,5,3,RD,0,2,3,,,0,1,,,,1,7,0,1,0,0
1,6,1,7,3,93,FRANCE,ILE-DE-FRANCE,046,93046,LIVRY-GARGAN,BOULEVARD GUTEMBERG ,370009,0,4,VC,0,2,1,,,0,1,,,,1,7,0,1,0,0
1,6,3,2,3,93,FRANCE,ILE-DE-FRANCE,046,93046,LIVRY-GARGAN,AVENUE VOLTAIRE,370012,0,4,VC,0,2,2,,,0,1,,,,1,7,0,1,0,0
1,5,1,1,3,93,FRANCE,ILE-DE-FRANCE,074,93074,VAUJOURS,RUE DE SEVRAN,370014,0,4,VC,0,1,1,,,1,1,,,,1,7,0,1,0,0
1,6,2,1,1,93,FRANCE,ILE-DE-FRANCE,046,93046,LIVRY-GARGAN,AVENUE ARISTIDE BRIAND,370015,0,2,RN,0,3,4,,,0,1,,,,1,7,0,1,0,0
1,7,1,1,3,93,FRANCE,ILE-DE-FRANCE,048,93048,MONTREUIL,RUE DE ROSNY,370022,0,4,VC,0,2,2,,,0,1,,,,1,7,0,1,0,0
1,6,1,1,2,93,FRANCE,ILE-DE-FRANCE,053,93053,NOISY-LE-SEC,AVENUE DE ROSNY,370031,0,3,RD,0,2,2,,,0,1,,,,1,2,0,1,0,0
1,6,2,1,3,93,FRANCE,ILE-DE-FRANCE,014,93014,CLICHY-SOUS-BOIS,ALLEE DES ESPALIERS,370039,0,2,RN,0,1,1,,,0,1,,,,1,7,0,1,0,0
5,7,3,1,1,93,FRANCE,ILE-DE-FRANCE,066,93066,SAINT-DENIS,OWENS JESSE,370051,0,4,VC,0,2,2,,,0,1,,,,1,7,0,1,0,0
1,6,1,8,3,93,FRANCE,ILE-DE-FRANCE,071,93071,SEVRAN,AVENUE JOHN FITZGERALD KENNEDY,370061,5,4,VC,0,1,1,,,0,1,,,,1,7,0,1,0,0
1,6,1,7,7,93,FRANCE,ILE-DE-FRANCE,078,93078,VILLEPINTE,BOULEVARD DU PRESIDENT KENNEDY,370067,0,4,VC,0,1,1,,,0,0,,,,1,,0,1,0,0
1,7,1,1,2,93,FRANCE,ILE-DE-FRANCE,005,93005,AULNAY-SOUS-BOIS,ALLEE DES BOSQUETS,370097,0,4,VC,0,1,1,,,0,1,,,,1,7,0,1,0,0
1,5,1,1,7,93,FRANCE,ILE-DE-FRANCE,039,93039,ILE-SAINT-DENIS (L'),QUAI DU CHATELIER,370163,0,4,VC,0,2,2,1,0,1,1,,,,1,7,0,1,0,0
1,7,1,1,2,93,FRANCE,ILE-DE-FRANCE,005,93005,AULNAY-SOUS-BOIS,CHEMIN DU MOULIN DE LA VILLE,370196,0,4,VC,0,2,2,,,0,1,,,,1,7,0,1,0,0
1,6,3,1,3,93,FRANCE,ILE-DE-FRANCE,027,93027,COURNEUVE (LA),AVENUE JEAN JAURES,370203,4,4,VC,0,3,2,,,0,1,,,,1,7,0,1,0,0
1,1,1,1,6,93,FRANCE,ILE-DE-FRANCE,046,93046,LIVRY-GARGAN,ROUTE STRATEGIQUE,370217,0,4,VC,0,2,2,,,0,1,,,,1,,0,1,0,0
1,7,5,1,3,93,FRANCE,ILE-DE-FRANCE,048,93048,MONTREUIL,RUE DE ROSNY,370218,5,4,VC,0,2,2,,,0,1,,,,1,10,0,1,0,0
1,6,3,1,3,93,FRANCE,ILE-DE-FRANCE,027,93027,COURNEUVE (LA),RUE DE LA CONVENTION,370290,0,3,RD,0,3,0,,,0,1,,,,1,7,0,1,0,0
5,7,2,1,3,93,FRANCE,ILE-DE-FRANCE,029,93029,DRANCY,SADI CARNOT,370294,5,4,VC,0,2,3,,,0,1,,,,1,7,0,1,0,0
1,6,1,1,6,93,FRANCE,ILE-DE-FRANCE,031,93031,EPINAY-SUR-SEINE,AVENUE GALLIENI,370296,0,4,VC,0,1,1,,,0,1,,,,1,7,0,1,0,0
1,6,1,8,2,93,FRANCE,ILE-DE-FRANCE,032,93032,GAGNY,CHEMIN DE MONTGUICHET,370298,0,3,RD,0,2,2,,,0,1,,,,1,7,0,1,0,0
1,6,4,8,3,93,FRANCE,ILE-DE-FRANCE,055,93055,PANTIN,AVENUE DU GENERAL LECLERC,370316,0,3,RD,0,2,2,,,0,1,,,,1,7,0,1,0,0
1,5,3,1,2,93,FRANCE,ILE-DE-FRANCE,039,93039,ILE-SAINT-DENIS (L'),MECHIN,370329,0,4,VC,0,2,3,,,0,1,,,,1,7,0,1,0,0
1,7,2,1,3,93,FRANCE,ILE-DE-FRANCE,066,93066,SAINT-DENIS,BARBUSSE HENRI,370420,5,4,VC,0,2,2,,,0,1,,,,1,7,0,1,0,0
1,6,1,1,3,93,FRANCE,ILE-DE-FRANCE,073,93073,TREMBLAY-EN-FRANCE,BOULEVARD CHARLES VAILLANT,370435,5,4,VC,0,2,2,,,0,1,,,,1,7,0,1,0,0
1,6,1,1,3,93,FRANCE,ILE-DE-FRANCE,078,93078,VILLEPINTE,AVENUE EMILE DAMBEL,370517,0,4,VC,0,2,2,,,0,1,,,,1,7,0,1,0,0
5,6,1,2,3,93,FRANCE,ILE-DE-FRANCE,078,93078,VILLEPINTE,BOULEVARD ROBERT BALLANGER ,370518,0,3,RD,0,2,2,,,0,1,,,,1,7,0,1,0,0
5,7,6,8,3,93,FRANCE,ILE-DE-FRANCE,005,93005,AULNAY-SOUS-BOIS,CARREFOUR DE L'EUROPE,370537,5,2,RN,0,1,3,,,0,1,,,,1,7,0,1,0,0
5,6,1,8,2,93,FRANCE,ILE-DE-FRANCE,010,93010,BONDY,AVENUE GALLIENI,370541,0,2,RN,0,1,0,,,0,1,,,,1,7,0,1,0,0
1,6,1,1,2,93,FRANCE,ILE-DE-FRANCE,032,93032,GAGNY,CHEMIN DE MONTGUICHET,370554,0,4,VC,0,2,0,1,0,0,1,,,,1,7,0,1,0,0
2,6,3,2,3,93,FRANCE,ILE-DE-FRANCE,047,93047,MONTFERMEIL,AVENUE JEAN JAURES,370556,0,4,VC,0,2,2,1,0,0,1,,,,1,7,0,1,0,0
1,7,1,8,2,93,FRANCE,ILE-DE-FRANCE,066,93066,SAINT-DENIS,LIBERTE,370576,0,4,VC,0,0,2,,,0,1,,,,1,7,0,1,0,0
4,6,3,5,3,93,FRANCE,ILE-DE-FRANCE,071,93071,SEVRAN,CHEMIN DE SAVIGNY,370590,0,4,VC,0,2,3,,,0,0,,,,1,7,0,1,0,0
1,7,2,1,3,93,FRANCE,ILE-DE-FRANCE,005,93005,AULNAY-SOUS-BOIS,AVENUE JEAN-JACQUES ROUSSEAU,370774,5,4,VC,0,2,2,,,0,1,,,,1,7,0,1,0,0
1,7,2,1,3,93,FRANCE,ILE-DE-FRANCE,005,93005,AULNAY-SOUS-BOIS,AVENUE PAUL LANGEVIN,370781,0,4,VC,0,1,0,,,0,1,,,,1,10,0,1,0,0
1,6,3,1,1,93,FRANCE,ILE-DE-FRANCE,071,93071,SEVRAN,AVENUE SALVADOR ALLENDE,370836,5,3,RD,0,2,2,,,0,1,,,,1,7,0,1,0,0
1,7,1,1,6,93,FRANCE,ILE-DE-FRANCE,001,93001,AUBERVILLIERS,RUE DU MOUTIER,370862,0,4,VC,0,1,1,,,0,4,,,,1,,,,,
1,7,3,1,3,93,FRANCE,ILE-DE-FRANCE,005,93005,AULNAY-SOUS-BOIS,RUE HENRI MONDOR,370870,0,4,VC,0,2,2,,,0,1,,,,1,31,0,1,0,0
1,1,1,1,2,93,FRANCE,ILE-DE-FRANCE,005,93005,AULNAY-SOUS-BOIS,BOULEVARD GEORGES BRAQUE,370874,3,2,RN,0,1,2,,,0,1,,,,1,7,0,1,0,0
1,1,1,1,1,93,FRANCE,ILE-DE-FRANCE,057,93057,PAVILLONS-SOUS-BOIS (LES),CHEMIN DE HALAGE,370892,0,4,VC,0,0,1,,,1,5,,,,1,30,0,1,0,0
1,6,2,1,3,93,FRANCE,ILE-DE-FRANCE,027,93027,COURNEUVE (LA),RUE DE CREVECOEUR,370895,0,4,VC,0,2,2,,,0,1,,,,1,13,0,1,0,0
1,5,2,1,3,93,FRANCE,ILE-DE-FRANCE,079,93079,VILLETANEUSE,AVENUE DIVISION LECLERC,370905,0,6,Parking,0,1,1,,,0,1,,,,1,7,0,1,0,0
1,7,2,1,3,93,FRANCE,ILE-DE-FRANCE,048,93048,MONTREUIL,BOULEVARD THEOPHILE SUEUR,370925,0,4,VC,0,2,2,,,0,1,,,,1,37,0,1,0,0
1,5,1,1,1,93,FRANCE,ILE-DE-FRANCE,033,93033,GOURNAY-SUR-MARNE,PUITS PERDU,370930,0,4,VC,0,1,1,,,0,1,,,,1,7,0,1,0,1
1,7,1,1,3,93,FRANCE,ILE-DE-FRANCE,066,93066,SAINT-DENIS,GABRIEL PERI,370941,0,4,VC,0,2,2,,,0,1,,,,1,7,0,1,0,0
1,7,1,1,2,93,FRANCE,ILE-DE-FRANCE,066,93066,SAINT-DENIS,CHEMIN RU DE MONTFORT,370952,2,2,RN,0,2,2,0,1,0,3,,,,1,7,0,1,0,0
1,6,1,1,6,93,FRANCE,ILE-DE-FRANCE,059,93059,PIERREFITTE-SUR-SEINE,BOULEVARD CHARLES DE GAULLE,370971,0,2,RN,0,2,2,,,0,0,,,,1,,0,1,0,0
1,6,1,1,7,93,FRANCE,ILE-DE-FRANCE,073,93073,TREMBLAY-EN-FRANCE,RUE GILBERT BERGER,370973,5,4,VC,0,1,2,,,1,5,,,,1,99,0,1,0,0
1,6,9,1,1,93,FRANCE,ILE-DE-FRANCE,078,93078,VILLEPINTE,RUE HENRI BARBUSSE,370974,0,4,VC,0,2,1,,,0,1,,,,1,10,0,1,0,0
4,7,1,1,6,93,FRANCE,ILE-DE-FRANCE,001,93001,AUBERVILLIERS,RUE DE LA COURNEUVE,370996,0,9,Autre,0,1,1,,,0,4,,,,1,,,,,
1,5,1,1,6,93,FRANCE,ILE-DE-FRANCE,062,93062,RAINCY (LE),ALLEE DE MONTFERMEIL  74 - 114,371054,0,4,VC,0,1,2,,,0,4,,,,1,,0,0,0,1
1,6,1,2,1,93,FRANCE,ILE-DE-FRANCE,070,93070,SAINT-OUEN,PLACE DE LA REPUBLIQUE,371070,0,4,VC,0,1,1,,,0,1,,,,1,7,0,1,0,0
1,6,7,2,6,93,FRANCE,ILE-DE-FRANCE,070,93070,SAINT-OUEN,BOULEVARD JEAN JAURES,371073,5,3,RD,0,2,6,,,0,1,,,,1,,,,,
1,6,1,1,3,93,FRANCE,ILE-DE-FRANCE,078,93078,VILLEPINTE,BOULEVARD ROBERT BALLANGER ,371081,0,4,VC,0,2,1,,,0,1,,,,1,7,0,1,0,0
1,6,2,1,2,93,FRANCE,ILE-DE-FRANCE,078,93078,VILLEPINTE,BOULEVARD ROBERT BALLANGER ,371083,0,4,VC,0,2,2,,,0,1,,,,1,7,0,1,0,0
1,1,1,1,6,93,FRANCE,ILE-DE-FRANCE,078,93078,VILLEPINTE,RUE CLAUDE NICOLAS LEDOUX,371086,0,3,RD,0,0,2,,,0,0,,,,1,,0,1,0,0
1,6,9,2,3,93,FRANCE,ILE-DE-FRANCE,078,93078,VILLEPINTE,BOULEVARD ROBERT BALLANGER ,371087,0,4,VC,0,2,2,,,0,1,,,,1,7,0,1,0,0
1,6,5,2,1,93,FRANCE,ILE-DE-FRANCE,070,93070,SAINT-OUEN,RUE DU DOCTEUR BAUER,371270,0,4,VC,0,3,2,,,0,0,,,,1,7,0,1,0,0
1,6,2,1,3,93,FRANCE,ILE-DE-FRANCE,027,93027,COURNEUVE (LA),AVENUE JEAN JAURES,371299,0,2,RN,0,1,2,,,0,1,,,,1,7,0,1,0,0
1,6,1,2,2,93,FRANCE,ILE-DE-FRANCE,070,93070,SAINT-OUEN,AVENUE GABRIEL PERI,371328,0,3,RD,0,2,2,,,0,0,,,,1,10,0,1,0,0
1,6,1,7,1,93,FRANCE,ILE-DE-FRANCE,071,93071,SEVRAN,AVENUE DU GENERAL LECLERC,371329,0,4,VC,0,2,2,,,0,1,,,,1,7,0,1,0,0
1,6,1,2,6,93,FRANCE,ILE-DE-FRANCE,070,93070,SAINT-OUEN,PLACE DE LA REPUBLIQUE,371345,0,4,VC,0,2,5,,,0,1,,,,1,,0,1,0,0
1,7,1,1,1,93,FRANCE,ILE-DE-FRANCE,001,93001,AUBERVILLIERS,RUE HEMET ,371350,0,4,VC,0,1,1,,,0,1,,,,1,2,0,1,0,0
1,7,1,1,3,93,FRANCE,ILE-DE-FRANCE,001,93001,AUBERVILLIERS,AVENUE VICTOR HUGO,371352,0,3,RD,0,2,4,,,0,1,,,,1,30,0,1,0,0
1,7,2,1,3,93,FRANCE,ILE-DE-FRANCE,005,93005,AULNAY-SOUS-BOIS,ROUTE DE MITRY,371355,5,2,RN,0,3,2,,,0,1,,,,1,7,0,1,0,0
1,6,2,1,3,93,FRANCE,ILE-DE-FRANCE,071,93071,SEVRAN,RUE DE LA MARNE,371563,0,4,VC,0,1,1,,,0,1,,,,1,7,0,1,0,0
1,6,6,1,3,93,FRANCE,ILE-DE-FRANCE,072,93072,STAINS,AVENUE ARISTIDE BRIAND,371565,5,2,RN,0,1,1,0,1,0,1,,,,1,17,,,,
5,7,1,1,3,93,FRANCE,ILE-DE-FRANCE,001,93001,AUBERVILLIERS,AVENUE VICTOR HUGO,371599,0,4,VC,0,3,4,,,0,1,,,,1,7,0,1,0,0
1,6,3,1,6,93,FRANCE,ILE-DE-FRANCE,006,93006,BAGNOLET,RUE JEAN LOLIVE,371629,0,4,VC,0,2,0,,,0,1,,,,1,7,0,1,0,0
1,6,1,1,3,93,FRANCE,ILE-DE-FRANCE,045,93045,LILAS (LES),BOULEVARD DE LA LIBERTE,371630,0,4,VC,0,2,1,,,0,1,,,,1,7,0,1,0,0
3,7,1,1,1,93,FRANCE,ILE-DE-FRANCE,051,93051,NOISY-LE-GRAND,AVENUE NEUILLY,371643,0,4,VC,0,3,2,1,0,0,1,,,,1,7,0,1,0,0
1,7,3,1,1,93,FRANCE,ILE-DE-FRANCE,066,93066,SAINT-DENIS,RUE JEAN-JACQUES ROUSSEAU ,371660,0,4,VC,0,2,2,0,1,0,1,,,,1,7,0,1,0,0
1,6,3,2,3,93,FRANCE,ILE-DE-FRANCE,070,93070,SAINT-OUEN,RUE JEAN-BAPTISTE CLEMENT,371669,0,4,VC,0,2,2,,,0,1,,,,1,7,0,1,0,0
2,7,6,8,3,93,FRANCE,ILE-DE-FRANCE,005,93005,AULNAY-SOUS-BOIS,ROUTE DE BONDY,371703,0,4,VC,0,3,2,,,0,1,,,,1,7,0,0,0,1
2,6,1,7,3,93,FRANCE,ILE-DE-FRANCE,073,93073,TREMBLAY-EN-FRANCE,ROUTE DE VILLEPINTE,371786,0,4,VC,0,2,0,,,0,1,,,,1,2,0,1,0,0
1,6,2,7,3,93,FRANCE,ILE-DE-FRANCE,073,93073,TREMBLAY-EN-FRANCE,AVENUE DU BOIS,371787,0,4,VC,0,2,2,,,0,0,,,,1,7,0,1,0,0
1,6,1,1,5,93,FRANCE,ILE-DE-FRANCE,007,93007,BLANC-MESNIL (LE),AVENUE JEAN-JACQUES ROUSSEAU,371811,0,4,VC,0,1,1,,,0,1,,,,1,7,0,1,0,0
1,7,3,1,3,93,FRANCE,ILE-DE-FRANCE,005,93005,AULNAY-SOUS-BOIS,AVENUE RAOUL DUFY,371899,0,2,RN,0,2,3,,,0,1,,,,1,7,0,1,0,0
1,6,3,3,3,93,FRANCE,ILE-DE-FRANCE,007,93007,BLANC-MESNIL (LE),RUE DE LA VICTOIRE,371906,5,4,VC,0,2,2,,,0,1,,,,1,7,0,1,0,0
5,5,1,1,1,93,FRANCE,ILE-DE-FRANCE,033,93033,GOURNAY-SUR-MARNE,AVENUE MARECHAL JOFFRE,371944,0,4,VC,0,0,0,1,0,0,1,,,,1,,0,1,0,0
1,5,1,1,3,93,FRANCE,ILE-DE-FRANCE,033,93033,GOURNAY-SUR-MARNE,ROUTE NATIONALE 34,371946,0,2,RN,0,1,0,1,0,0,1,,,,1,7,0,1,0,0
1,7,1,1,6,93,FRANCE,ILE-DE-FRANCE,001,93001,AUBERVILLIERS,RUE DU LANDY,371995,0,3,RD,0,2,2,,,0,1,,,,1,,0,0,0,1
1,6,8,1,1,93,FRANCE,ILE-DE-FRANCE,008,93008,BOBIGNY,AVENUE PAUL VAILLANT COUTURIER,372000,0,4,VC,0,3,3,,,0,1,,,,1,7,0,1,0,0
1,6,1,1,6,93,FRANCE,ILE-DE-FRANCE,032,93032,GAGNY,AVENUE JEAN JAURES,372020,0,3,RD,0,2,0,,,0,0,,,,1,13,0,1,0,0
1,6,1,8,2,93,FRANCE,ILE-DE-FRANCE,027,93027,COURNEUVE (LA),AVENUE ROGER SALENGRO,372080,0,4,VC,0,1,3,,,0,1,,,,1,7,0,1,0,0
1,5,1,8,3,93,FRANCE,ILE-DE-FRANCE,030,93030,DUGNY,RUE PIERRE ET MARIE CURIE,372083,0,9,Autre,0,1,1,,,0,0,,,,1,7,0,1,0,0
5,7,1,1,1,93,FRANCE,ILE-DE-FRANCE,001,93001,AUBERVILLIERS,RUE LOPEZ ET JULES MARTIN,372085,0,3,RD,0,2,2,,,0,1,,,,1,7,0,1,0,0
1,7,1,2,2,93,FRANCE,ILE-DE-FRANCE,001,93001,AUBERVILLIERS,RUE DU GOULET,372096,0,3,RD,0,1,1,,,0,1,,,,1,7,0,1,0,0
1,7,1,1,3,93,FRANCE,ILE-DE-FRANCE,005,93005,AULNAY-SOUS-BOIS,RUE JULES PRINCET,372151,0,3,RD,0,2,3,,,0,1,,,,1,14,0,1,0,0
1,7,1,1,3,93,FRANCE,ILE-DE-FRANCE,001,93001,AUBERVILLIERS,AVENUE JEAN JAURES,372196,6,9,Autre,0,0,1,,,0,4,,,,1,33,,,,
1,7,1,1,3,93,FRANCE,ILE-DE-FRANCE,005,93005,AULNAY-SOUS-BOIS,ROUTE DE MITRY,372200,0,3,RD,0,3,4,,,1,5,,,,1,10,0,1,0,0
1,7,1,1,2,93,FRANCE,ILE-DE-FRANCE,066,93066,SAINT-DENIS,ROUTE COURNEUVE,372265,2,2,RN,0,1,3,0,1,0,1,,,,1,7,0,1,0,0
1,7,1,1,3,93,FRANCE,ILE-DE-FRANCE,066,93066,SAINT-DENIS,BOULEVARD ANATOLE FRANCE,372271,0,3,RD,0,1,1,,,0,1,,,,1,7,0,1,0,0
1,7,4,1,3,93,FRANCE,ILE-DE-FRANCE,001,93001,AUBERVILLIERS,RUE LEOPOLD RECHOSSIERE,372308,0,3,RD,0,1,0,,,0,1,,,,1,7,0,1,0,0
1,6,2,1,1,93,FRANCE,ILE-DE-FRANCE,046,93046,LIVRY-GARGAN,AVENUE CONSUL GENERAL NORDLING ,372360,0,2,RN,0,3,2,,,0,1,,,,1,7,0,1,0,0
1,7,6,1,2,93,FRANCE,ILE-DE-FRANCE,051,93051,NOISY-LE-GRAND,BOULEVARD LEVANT,372373,0,4,VC,0,0,2,,,0,1,,,,1,7,0,1,0,0
1,6,9,1,3,93,FRANCE,ILE-DE-FRANCE,053,93053,NOISY-LE-SEC,RUE DE LA CHASSE,372375,0,4,VC,0,1,0,,,0,1,,,,1,7,0,1,0,0
1,6,2,1,3,93,FRANCE,ILE-DE-FRANCE,053,93053,NOISY-LE-SEC,ALLEE DE BOURGOGNE,372377,0,4,VC,0,1,1,,,0,1,,,,1,7,0,1,0,0
1,6,3,1,3,93,FRANCE,ILE-DE-FRANCE,055,93055,PANTIN,AVENUE JEAN LOLIVE,372378,0,2,RN,0,3,3,,,0,1,,,,1,7,0,1,0,0
1,6,1,1,3,93,FRANCE,ILE-DE-FRANCE,014,93014,CLICHY-SOUS-BOIS,ALLEE DE GAGNY,372382,0,3,RD,0,2,4,,,0,1,,,,1,7,0,1,0,0
1,6,1,1,3,93,FRANCE,ILE-DE-FRANCE,014,93014,CLICHY-SOUS-BOIS,ALLEE ROMAIN ROLLAND,372386,0,4,VC,0,2,2,,,0,1,,,,1,7,0,1,0,0
1,6,1,1,2,93,FRANCE,ILE-DE-FRANCE,071,93071,SEVRAN,CHEMIN DE SAVIGNY,372402,0,4,VC,0,2,2,,,0,1,,,,1,7,0,1,0,0
1,6,1,1,2,93,FRANCE,ILE-DE-FRANCE,072,93072,STAINS,BOULEVARD MAXIME GORKI,372406,0,3,RD,0,2,4,,,0,1,,,,1,13,0,1,0,0
1,6,1,1,3,93,FRANCE,ILE-DE-FRANCE,059,93059,PIERREFITTE-SUR-SEINE,BOULEVARD PASTEUR,372410,0,4,VC,0,1,1,,,1,5,,,,1,7,0,1,0,0
5,7,1,1,2,93,FRANCE,ILE-DE-FRANCE,066,93066,SAINT-DENIS,ERNEST RENAN,372518,0,4,VC,0,1,1,0,1,0,1,,,,1,7,0,1,0,0
2,7,1,1,3,93,FRANCE,ILE-DE-FRANCE,001,93001,AUBERVILLIERS,BOULEVARD EDOUARD VAILLANT,372539,0,4,VC,0,1,1,,,0,1,,,,1,7,0,1,0,0
1,5,2,1,3,93,FRANCE,ILE-DE-FRANCE,057,93057,PAVILLONS-SOUS-BOIS (LES),ALLLE DANIELLE CASANOVA ,372551,0,4,VC,0,4,2,,,0,1,,,,1,7,0,1,0,0
1,6,3,1,3,93,FRANCE,ILE-DE-FRANCE,055,93055,PANTIN,HOTEL DE VILLE,372581,0,4,VC,0,0,1,,,0,1,,,,1,7,0,1,0,0
5,6,2,1,1,93,FRANCE,ILE-DE-FRANCE,014,93014,CLICHY-SOUS-BOIS,ALLEE JULES VALLES,372586,0,4,VC,0,2,2,,,0,0,,,,1,7,0,1,0,0
5,6,1,1,1,93,FRANCE,ILE-DE-FRANCE,078,93078,VILLEPINTE,AVENUE BARBES,372603,0,4,VC,0,4,1,,,0,1,,,,1,,0,0,0,1
1,5,1,1,3,93,FRANCE,ILE-DE-FRANCE,013,93013,BOURGET (LE),RUE ANIZAN CAVILLON,372609,0,4,VC,0,2,2,,,0,1,,,,1,7,0,1,0,0
1,7,1,1,6,93,FRANCE,ILE-DE-FRANCE,001,93001,AUBERVILLIERS,RUE DE LA COURNEUVE,372615,0,4,VC,0,1,1,,,0,1,,,,1,7,0,1,0,0
2,7,1,2,3,93,FRANCE,ILE-DE-FRANCE,001,93001,AUBERVILLIERS,AVENUE DU PRESIDENT ROOSEVELT,372616,0,2,RN,0,2,2,,,0,1,,,,1,7,0,1,0,0