lum,agg,int,atm,col,dep_bis,pays,region,com_bis,com_codeINSEE,communes,N_voie,numac,infra,catr,type_route,voie,circ,nbv,pr,pr1,vosp,situ,lat,long,adr,accident_velo,vehicule_imp,cycl_mort,cycl_bgv,cycl_blg,cycl_indm
1,6,1,1,1,93,FRANCE,ILE-DE-FRANCE,070,93070,SAINT-OUEN,AVENUE CAPITAINE-GLARNER,372699,5,2,RN,0,2,2,,,0,1,,,,1,7,0,1,0,0
5,6,6,2,6,93,FRANCE,ILE-DE-FRANCE,008,93008,BOBIGNY,AVENUE PAUL VAILLANT COUTURIER,372738,5,2,RN,0,1,2,,,0,1,,,,1,7,0,1,0,0
2,7,2,3,1,93,FRANCE,ILE-DE-FRANCE,051,93051,NOISY-LE-GRAND,VERDUN,372773,5,3,RD,0,2,1,1,0,0,1,,,,1,7,0,1,0,0
1,7,1,1,3,93,FRANCE,ILE-DE-FRANCE,051,93051,NOISY-LE-GRAND,AVENUE MEDERIC,372858,0,3,RD,0,2,0,,,0,1,,,,1,7,0,1,0,0
1,6,1,1,3,93,FRANCE,ILE-DE-FRANCE,055,93055,PANTIN,DU CHEMIN DE FER,372863,0,9,Autre,0,0,1,,,2,5,,,,1,7,0,1,0,0
1,7,1,1,6,93,FRANCE,ILE-DE-FRANCE,001,93001,AUBERVILLIERS,ALLEE PAUL ELUARD,372910,0,6,Parking,0,2,2,,,0,0,,,,1,,0,1,0,0
1,7,1,8,6,93,FRANCE,ILE-DE-FRANCE,001,93001,AUBERVILLIERS,RUE HENRI BARBUSSE  142 =>,372913,0,4,VC,0,1,1,,,0,1,,,,1,,0,1,0,0
5,6,3,2,3,93,FRANCE,ILE-DE-FRANCE,008,93008,BOBIGNY,RUE GUYNEMER,372946,0,4,VC,0,0,1,,,0,0,,,,1,7,0,1,0,0
1,7,2,2,1,93,FRANCE,ILE-DE-FRANCE,048,93048,MONTREUIL,AVENUE WALWEIN,372979,5,4,VC,0,2,2,,,0,1,,,,1,37,0,1,0,0
1,7,2,1,3,93,FRANCE,ILE-DE-FRANCE,048,93048,MONTREUIL,RUE MICHELET,372980,5,4,VC,0,1,1,,,0,1,,,,1,7,0,1,0,0
1,6,1,1,3,93,FRANCE,ILE-DE-FRANCE,031,93031,EPINAY-SUR-SEINE,AVENUE GALLIENI,373058,0,2,RN,311,3,1,0,999,0,1,4896410,229838,,1,37,0,1,0,0
1,5,2,1,3,93,FRANCE,ILE-DE-FRANCE,062,93062,RAINCY (LE),ALLEE DES COTEAUX,373067,0,4,VC,0,2,1,0,0,0,1,4889340,251997,,1,7,,,,
1,6,3,1,2,93,FRANCE,ILE-DE-FRANCE,053,93053,NOISY-LE-SEC,RUE DE BREMENT,373103,0,3,RD,116,2,2,0,0,0,1,4888820,245998,,1,33,0,0,0,1
2,6,1,2,6,93,FRANCE,ILE-DE-FRANCE,008,93008,BOBIGNY,BOULEVARD LENINE,373123,0,4,VC,0,2,2,0,0,0,1,4890640,244164,,1,7,0,1,0,0
1,7,1,1,3,93,FRANCE,ILE-DE-FRANCE,029,93029,DRANCY,AVENUE JEAN JAURES,373149,0,3,RD,30,2,2,0,0,0,1,4892130,244889,,1,7,0,1,0,0
2,7,6,1,3,93,FRANCE,ILE-DE-FRANCE,005,93005,AULNAY-SOUS-BOIS,CHEMIN DU MOULIN DE LA VILLE,373156,5,4,VC,0,2,2,0,0,0,1,4894840,249306,,1,7,0,1,0,0
1,7,1,1,3,93,FRANCE,ILE-DE-FRANCE,005,93005,AULNAY-SOUS-BOIS,RUE JULES VALLES ,373182,0,4,VC,0,2,2,0,0,0,1,4893360,250356,,1,7,0,1,0,0
1,6,2,1,3,93,FRANCE,ILE-DE-FRANCE,014,93014,CLICHY-SOUS-BOIS,AVENUE DE SEVIGNE,373211,0,2,RN,370,2,2,21,17,0,1,4891280,253994,,1,7,0,1,0,0
5,7,1,2,3,93,FRANCE,ILE-DE-FRANCE,066,93066,SAINT-DENIS,BOULEVARD MARCEL SEMBAT,373223,0,4,VC,0,2,1,0,0,3,1,4893250,235202,,1,7,0,1,0,0
1,7,1,1,3,93,FRANCE,ILE-DE-FRANCE,066,93066,SAINT-DENIS,AVENUE DU PRESIDENT WILSON,373238,0,2,RN,1,1,2,7,194,0,1,4891510,235803,,1,7,0,1,0,0
1,7,1,2,3,93,FRANCE,ILE-DE-FRANCE,048,93048,MONTREUIL,RUE DE LA NOUVELLE FRANCE,373256,0,4,VC,0,2,4,0,0,0,1,4886330,246335,,1,7,0,1,0,0
1,6,2,1,3,93,FRANCE,ILE-DE-FRANCE,070,93070,SAINT-OUEN,RUE DOCTEUR BAUER,373290,0,3,RD,22,1,0,0,0,0,1,4891270,233492,,1,10,0,1,0,0
1,6,1,1,3,93,FRANCE,ILE-DE-FRANCE,032,93032,GAGNY,RUE PIERRE BEZET,373307,0,4,VC,0,2,1,0,0,0,1,4887890,255125,,1,7,0,1,0,0
1,7,1,1,3,93,FRANCE,ILE-DE-FRANCE,005,93005,AULNAY-SOUS-BOIS,RUE AUGUSTE RENOIR,373315,0,4,VC,0,2,2,0,0,0,1,4895390,249201,,1,7,0,1,0,0
1,6,1,1,3,93,FRANCE,ILE-DE-FRANCE,007,93007,BLANC-MESNIL (LE),AVENUE CHARLES FLOQUET,373383,0,4,VC,0,3,1,0,0,0,1,4894050,244758,,1,7,0,1,0,0
1,7,1,1,6,93,FRANCE,ILE-DE-FRANCE,005,93005,AULNAY-SOUS-BOIS,BOULEVARD FELIX FAURE,373385,0,4,VC,0,2,1,0,0,0,1,4893290,249849,,1,7,0,1,0,0
1,7,1,1,5,93,FRANCE,ILE-DE-FRANCE,005,93005,AULNAY-SOUS-BOIS,ROUTE DES PETITS PONTS,373386,2,4,VC,0,2,2,0,0,0,0,4893150,248822,,1,7,0,0,0,1
1,6,1,1,3,93,FRANCE,ILE-DE-FRANCE,027,93027,COURNEUVE (LA),AVENUE ROGER SALENGRO,373398,0,2,RN,301,3,2,4,260,0,1,4893370,238707,,1,7,0,1,0,0
1,6,1,1,2,93,FRANCE,ILE-DE-FRANCE,031,93031,EPINAY-SUR-SEINE,BOULEVARD FOCH,373445,0,2,RN,14,2,2,5,789,0,1,4894920,232986,,1,37,0,1,0,0
1,7,1,1,3,93,FRANCE,ILE-DE-FRANCE,005,93005,AULNAY-SOUS-BOIS,PONT PIERRE BROSSOLETTE,373447,2,4,VC,0,2,2,0,0,0,1,4893200,248637,,1,99,0,1,0,0
1,7,1,1,3,93,FRANCE,ILE-DE-FRANCE,048,93048,MONTREUIL,RUE DE LAGNY,373458,0,3,RD,43,0,0,0,0,0,4,4884910,242370,,1,7,0,1,0,0
1,6,1,1,1,93,FRANCE,ILE-DE-FRANCE,047,93047,MONTFERMEIL,AVENUE DESCARTES,373468,0,4,VC,0,2,2,0,0,0,1,4890810,258386,,1,2,0,1,0,0
1,6,1,1,3,93,FRANCE,ILE-DE-FRANCE,063,93063,ROMAINVILLE,RUE DES ORMES,373533,0,4,VC,0,1,1,0,0,0,1,4887260,244179,,1,7,0,1,0,0
1,6,1,1,1,93,FRANCE,ILE-DE-FRANCE,055,93055,PANTIN,AVENUE EDOUARD VAILLANT,373569,0,3,RD,20,2,2,0,0,0,1,4890230,239334,,1,7,0,1,0,0
1,6,6,1,2,93,FRANCE,ILE-DE-FRANCE,008,93008,BOBIGNY,AVENUE PAUL VAILLANT COUTURIER,373624,0,2,RN,186,1,2,40,255,0,1,4890590,246940,,1,7,0,1,0,0
1,7,1,1,2,93,FRANCE,ILE-DE-FRANCE,001,93001,AUBERVILLIERS,QUAI LUCIEN LEFRANC,373672,0,3,RD,24,1,1,0,0,0,1,4891170,237354,,1,33,0,0,0,1
1,7,1,1,6,93,FRANCE,ILE-DE-FRANCE,051,93051,NOISY-LE-GRAND,QUAI DE LA RIVE CHARMANTE,373729,0,4,VC,0,2,2,0,0,1,5,4885390,254544,,1,,0,0,0,1
1,6,2,1,3,93,FRANCE,ILE-DE-FRANCE,073,93073,TREMBLAY-EN-FRANCE,BOULEVARD VLADIMIR ILLITCH LENINE,373748,0,4,VC,0,0,0,0,0,0,0,4894950,256512,,1,7,0,1,0,0
1,6,1,1,1,93,FRANCE,ILE-DE-FRANCE,073,93073,TREMBLAY-EN-FRANCE,AVENUE DE LA STATION,373755,0,4,VC,0,4,2,0,0,0,1,4895670,257268,,1,7,0,1,0,0
1,6,3,1,1,93,FRANCE,ILE-DE-FRANCE,055,93055,PANTIN,AVENUE DU GENERAL LECLERC,373790,0,3,RD,115,2,4,0,0,0,1,4890050,241101,,1,7,,,,
2,7,1,1,3,93,FRANCE,ILE-DE-FRANCE,051,93051,NOISY-LE-GRAND,AVENUE DU BOIS SAINT-MARTIN,373825,0,4,VC,0,2,2,0,0,0,1,4882420,258305,,1,37,0,1,0,0
1,6,6,1,3,93,FRANCE,ILE-DE-FRANCE,055,93055,PANTIN,PLACE DE LA GARE DE MARCHANDISE,373847,5,4,VC,0,0,0,0,0,0,0,4890040,239520,,1,7,0,1,0,0
1,6,3,1,3,93,FRANCE,ILE-DE-FRANCE,055,93055,PANTIN,RUE JULES AUFFRET,373848,0,3,RD,20,2,2,0,0,0,1,4888680,241025,,1,7,0,1,0,0
1,6,1,1,6,93,FRANCE,ILE-DE-FRANCE,055,93055,PANTIN,RUE AUGER,373852,0,4,VC,0,1,1,0,0,0,1,4889200,240028,,1,7,0,1,0,0
2,5,1,3,3,93,FRANCE,ILE-DE-FRANCE,039,93039,ILE-SAINT-DENIS (L'),RUE MECHIN,373865,0,4,VC,0,2,1,0,0,0,1,4893580,233997,,1,7,0,1,0,0
1,6,1,1,3,93,FRANCE,ILE-DE-FRANCE,031,93031,EPINAY-SUR-SEINE,AVENUE JOFFRE ,373868,0,2,RN,14,3,0,8,835,0,1,4896150,229540,,1,7,0,1,0,0
1,6,1,1,3,93,FRANCE,ILE-DE-FRANCE,032,93032,GAGNY,RUE JEAN BOUIN,373885,1,4,VC,0,2,1,0,0,0,1,4887970,255418,,1,7,0,1,0,0
1,6,1,1,6,93,FRANCE,ILE-DE-FRANCE,031,93031,EPINAY-SUR-SEINE,AVENUE DE LA REPUBLIQUE,373888,0,2,RN,14,3,2,6,400,0,1,4895100,232357,,1,7,0,1,0,0
1,7,1,1,1,93,FRANCE,ILE-DE-FRANCE,001,93001,AUBERVILLIERS,BOULEVARD FELIX FAURE,373900,0,4,VC,0,2,2,0,0,0,1,4890610,238069,,1,7,0,1,0,0
1,7,6,1,1,93,FRANCE,ILE-DE-FRANCE,005,93005,AULNAY-SOUS-BOIS,CAR DE L'EUROPE,373933,0,2,RN,2,1,0,16,320,0,1,4895180,248481,,1,7,0,1,0,0
1,6,1,1,3,93,FRANCE,ILE-DE-FRANCE,027,93027,COURNEUVE (LA),AVENUE PAUL VAILLANT COUTURIER,373934,0,2,RN,2,3,6,9,960,0,1,4892880,241940,,1,10,0,1,0,0
1,6,3,1,3,93,FRANCE,ILE-DE-FRANCE,007,93007,BLANC-MESNIL (LE),AVENUE CHARLES FLOQUET,373944,0,4,VC,0,2,2,0,0,0,0,4894050,244627,,1,7,0,1,0,0
1,6,5,1,2,93,FRANCE,ILE-DE-FRANCE,073,93073,TREMBLAY-EN-FRANCE,AVENUE PIERRE COLONGO,374018,0,4,VC,0,2,2,0,0,0,1,4893800,257745,,1,7,0,1,0,0
1,6,1,1,6,93,FRANCE,ILE-DE-FRANCE,055,93055,PANTIN,AVENUE JEAN JAURES,374063,0,2,RN,2,1,1,0,178,0,1,4890200,239031,,1,7,0,1,0,0
1,6,1,1,3,93,FRANCE,ILE-DE-FRANCE,070,93070,SAINT-OUEN,RUE SOUBISE,374084,0,4,VC,0,1,0,0,0,0,1,4891620,233225,,1,7,0,1,0,0
1,6,1,1,3,93,FRANCE,ILE-DE-FRANCE,070,93070,SAINT-OUEN,AVENUE GABRIEL PERI,374086,0,3,RD,111,2,2,0,0,0,0,4890870,233274,,1,7,0,1,0,0
1,7,1,1,3,93,FRANCE,ILE-DE-FRANCE,066,93066,SAINT-DENIS,RUE DU LANDY,374092,0,3,RD,20,2,3,0,1,3,1,4891540,236465,,1,7,0,1,0,0
1,7,1,1,5,93,FRANCE,ILE-DE-FRANCE,048,93048,MONTREUIL,RUE DE ROSNY,374098,0,3,RD,37,2,0,0,0,0,1,4886410,245195,,1,7,0,0,0,1
1,6,1,9,3,93,FRANCE,ILE-DE-FRANCE,071,93071,SEVRAN,RUE D'AULNAY,374175,0,3,RD,0,1,2,,,0,1,,,,1,7,0,1,0,0
1,6,1,1,6,93,FRANCE,ILE-DE-FRANCE,027,93027,COURNEUVE (LA),RUE FREDERIC JOLLIOT-CURIE,374189,0,4,VC,0,0,1,,,0,1,,,,1,,0,1,0,0
1,6,2,2,3,93,FRANCE,ILE-DE-FRANCE,047,93047,MONTFERMEIL,AVENUE DES MUGUETS,374193,0,3,RD,0,2,2,1,0,0,1,,,,1,7,0,1,0,0
1,7,2,1,3,93,FRANCE,ILE-DE-FRANCE,005,93005,AULNAY-SOUS-BOIS,BOULEVARD DE STRASBOURG,374212,5,4,VC,0,2,1,,,0,1,,,,1,7,0,1,0,0
1,7,3,1,6,93,FRANCE,ILE-DE-FRANCE,051,93051,NOISY-LE-GRAND,VERTS BATONS,374221,0,4,VC,0,0,1,1,0,0,4,,,,1,,0,0,0,1
1,7,1,1,3,93,FRANCE,ILE-DE-FRANCE,029,93029,DRANCY,RUE ANATOLE FRANCE,374241,0,4,VC,0,2,2,,,0,1,,,,1,7,0,1,0,0
1,6,1,1,1,93,FRANCE,ILE-DE-FRANCE,006,93006,BAGNOLET,RUE PIERRE ET MARIE CURIE,374244,0,4,VC,0,2,1,,,0,1,,,,1,7,0,1,0,0
1,7,1,1,6,93,FRANCE,ILE-DE-FRANCE,066,93066,SAINT-DENIS,BLOCK JEAN RICHARD,374246,0,4,VC,0,1,1,,,0,1,,,,1,7,0,1,0,0
1,6,1,1,3,93,FRANCE,ILE-DE-FRANCE,008,93008,BOBIGNY,RUE ARAGO,374300,0,9,Autre,0,0,1,,,0,1,,,,1,7,0,1,0,0
1,7,1,1,6,93,FRANCE,ILE-DE-FRANCE,051,93051,NOISY-LE-GRAND,MAIL VICTOR JARRA,374301,0,4,VC,0,2,1,,,3,1,,,,1,,,,,
1,6,1,1,2,93,FRANCE,ILE-DE-FRANCE,047,93047,MONTFERMEIL,BOULEVARD HARDY,374312,0,4,VC,0,2,0,1,0,0,1,,,,1,7,0,1,0,0
1,5,1,1,3,93,FRANCE,ILE-DE-FRANCE,057,93057,PAVILLONS-SOUS-BOIS (LES),AVENUE DU GENERAL LECLERC,374348,0,4,VC,0,2,1,,,0,1,,,,1,7,,,,
3,6,6,1,3,93,FRANCE,ILE-DE-FRANCE,008,93008,BOBIGNY,AVENUE PIERRE SEMARD,374372,0,4,VC,0,3,2,,,0,1,,,,1,7,0,1,0,0
1,6,3,1,3,93,FRANCE,ILE-DE-FRANCE,008,93008,BOBIGNY,RUE DE LA DEVIATION,374416,0,3,RD,0,2,1,,,0,0,,,,1,7,0,1,0,0
1,6,3,1,3,93,FRANCE,ILE-DE-FRANCE,014,93014,CLICHY-SOUS-BOIS,ALLEE MAURICE AUDIN,374432,0,4,VC,0,3,2,,,0,4,,,,1,7,0,1,0,0
1,7,1,1,6,93,FRANCE,ILE-DE-FRANCE,029,93029,DRANCY,ROGER SALENGRO ,374472,0,4,VC,0,2,2,,,0,1,,,,1,7,0,1,0,0
5,6,1,1,6,93,FRANCE,ILE-DE-FRANCE,053,93053,NOISY-LE-SEC,RUE DE BREMENT,374473,0,4,VC,0,0,1,,,0,1,,,,1,33,0,1,0,0
5,7,1,1,3,93,FRANCE,ILE-DE-FRANCE,051,93051,NOISY-LE-GRAND,MAIL FEDERICO GARCIA LORCA,374488,0,4,VC,0,2,0,1,0,0,1,,,,1,7,,,,
1,6,1,1,3,93,FRANCE,ILE-DE-FRANCE,010,93010,BONDY,AVENUE CARNOT,374492,0,9,Autre,0,1,2,,,0,0,,,,1,7,0,0,0,1
1,6,3,1,1,93,FRANCE,ILE-DE-FRANCE,031,93031,EPINAY-SUR-SEINE,AVENUE DE LA MARNE,374541,0,4,VC,0,2,2,,,0,1,,,,1,10,0,1,0,0
1,5,1,8,1,93,FRANCE,ILE-DE-FRANCE,062,93062,RAINCY (LE),AVENUE THIERS,374567,0,4,VC,0,2,2,,,0,1,,,,1,7,0,1,0,0
5,7,1,1,2,93,FRANCE,ILE-DE-FRANCE,051,93051,NOISY-LE-GRAND,AVENUE NORMANDIE,374637,0,4,VC,0,2,2,,,0,1,,,,1,7,0,1,0,0
2,6,1,1,3,93,FRANCE,ILE-DE-FRANCE,008,93008,BOBIGNY,RUE DE STALINGRAD,374639,4,3,RD,0,2,2,,,3,1,,,,1,40,0,1,0,0
1,7,2,1,3,93,FRANCE,ILE-DE-FRANCE,001,93001,AUBERVILLIERS,RUE DE SAINT DENIS,374657,0,4,VC,0,2,1,,,0,1,,,,1,10,0,1,0,0
1,6,1,2,6,93,FRANCE,ILE-DE-FRANCE,053,93053,NOISY-LE-SEC,BOULEVARD MICHELET,374661,0,4,VC,0,1,1,,,0,1,,,,1,,0,1,0,0
5,5,1,8,1,93,FRANCE,ILE-DE-FRANCE,039,93039,ILE-SAINT-DENIS (L'),QUAI DU CHATELIER,374670,0,3,RD,0,2,2,,,1,1,,,,1,10,0,1,0,0
1,7,1,3,3,93,FRANCE,ILE-DE-FRANCE,066,93066,SAINT-DENIS,AVENUE STALINGRAD,374672,0,4,VC,0,2,4,0,1,0,1,,,,1,7,0,1,0,0
3,7,1,8,3,93,FRANCE,ILE-DE-FRANCE,066,93066,SAINT-DENIS,BOULEVARD CARNOT,374674,0,4,VC,0,1,2,,,0,1,,,,1,7,0,1,0,0
1,7,1,8,3,93,FRANCE,ILE-DE-FRANCE,066,93066,SAINT-DENIS,AVENUE STALINGRAD,374676,0,3,RD,0,2,0,,,0,1,,,,1,7,0,1,0,0
1,5,1,1,3,93,FRANCE,ILE-DE-FRANCE,013,93013,BOURGET (LE),AVENU DE LA DIVISION LECLERC,374679,0,2,RN,2,3,4,,,0,1,,,,1,15,0,1,0,0
5,6,1,4,2,93,FRANCE,ILE-DE-FRANCE,010,93010,BONDY,AVENUE MARX DORMOY,374717,0,4,VC,0,2,2,,,0,1,,,,1,7,0,1,0,0
5,7,1,9,6,93,FRANCE,ILE-DE-FRANCE,005,93005,AULNAY-SOUS-BOIS,RUE DU PREFET CHALEIL,374731,0,3,RD,0,2,2,,,0,0,,,,1,7,0,1,0,0
1,6,1,4,3,93,FRANCE,ILE-DE-FRANCE,071,93071,SEVRAN,AVENUE ANDRE ROUSSEAU,374759,0,4,VC,0,2,2,,,0,1,,,,1,7,0,1,0,0
2,7,1,1,1,93,FRANCE,ILE-DE-FRANCE,048,93048,MONTREUIL,RUE CUVIER,374797,0,4,VC,0,2,2,0,0,0,1,4885100,242312,,1,10,0,1,0,0
1,5,3,8,3,93,FRANCE,ILE-DE-FRANCE,061,93061,PRE-SAINT-GERVAIS (LE),RUE GABRIEL PERI,374804,0,4,VC,0,2,1,0,0,0,1,4888700,240778,,1,10,0,1,0,0
1,7,1,1,3,93,FRANCE,ILE-DE-FRANCE,029,93029,DRANCY,AVENUE MARCEAU,374935,0,3,RD,30,2,2,0,0,0,1,4892820,243646,,1,7,0,1,0,0
5,7,1,2,3,93,FRANCE,ILE-DE-FRANCE,066,93066,SAINT-DENIS,BOULEVARD DE LA LIBERATION,374983,0,2,RN,14,1,2,0,1,0,1,4893090,234144,,1,7,0,1,0,0
1,4,6,1,3,93,FRANCE,ILE-DE-FRANCE,015,93015,COUBRON,ROUTE STRATEGIQUE,374989,0,3,RD,129,2,2,0,0,0,1,4892440,256990,,1,7,0,1,0,0
1,6,6,1,3,93,FRANCE,ILE-DE-FRANCE,008,93008,BOBIGNY,RUE DU 19 MARS 1962,375052,0,4,VC,0,3,2,0,0,0,1,4890890,244208,,1,7,0,1,0,0
1,7,2,1,3,93,FRANCE,ILE-DE-FRANCE,029,93029,DRANCY,RUE DE LA REPUBLIQUE ,375113,0,4,VC,0,1,1,0,0,0,1,4892550,243137,,1,7,0,1,0,0
1,6,3,1,3,93,FRANCE,ILE-DE-FRANCE,010,93010,BONDY,RUE EDOUARD VAILLANT,375115,0,4,VC,0,2,1,0,0,0,1,4889640,247931,,1,7,0,1,0,0
1,6,1,1,6,93,FRANCE,ILE-DE-FRANCE,031,93031,EPINAY-SUR-SEINE,AVENUE JEAN JAURES,375122,0,3,RD,23,2,2,0,0,0,0,4895720,232130,,1,7,0,1,0,0
1,7,2,1,3,93,FRANCE,ILE-DE-FRANCE,066,93066,SAINT-DENIS,AVENUE DU PRESIDENT WILSON,375124,0,2,RN,1,1,2,0,0,0,1,4890940,235854,,1,7,0,1,0,0
1,7,2,1,3,93,FRANCE,ILE-DE-FRANCE,051,93051,NOISY-LE-GRAND,AVENUE MEDERIC,375135,5,2,RN,303,3,2,1,0,0,1,4883030,258477,,1,7,0,1,0,0
1,7,1,1,7,93,FRANCE,ILE-DE-FRANCE,066,93066,SAINT-DENIS,BOULEVARD DE LA LIBERATION,375150,1,2,RN,14,2,4,0,0,0,1,4893070,234135,,1,33,0,0,0,1
1,6,1,1,7,93,FRANCE,ILE-DE-FRANCE,032,93032,GAGNY,RUE DU 8 MAI 1945,375157,0,4,VC,0,1,1,1,0,0,3,4888420,253681,,1,,0,1,0,0
1,6,1,1,2,93,FRANCE,ILE-DE-FRANCE,006,93006,BAGNOLET,AVENUE DE STALINGRAD,375166,0,3,RD,20,2,1,0,0,0,1,4887300,242911,,1,7,0,1,0,0
1,7,1,2,3,93,FRANCE,ILE-DE-FRANCE,029,93029,DRANCY,RUE ROGER SALENGRO,375173,0,4,VC,0,2,2,0,0,2,5,4891920,243728,,1,7,0,1,0,0
1,6,1,1,2,93,FRANCE,ILE-DE-FRANCE,032,93032,GAGNY,RUE PAUL VAILLANT COUTURIER,375204,0,2,RN,302,3,2,12,255,0,1,4887670,254936,,1,7,0,1,0,0
1,5,3,1,3,93,FRANCE,ILE-DE-FRANCE,062,93062,RAINCY (LE),AVENUE THIERS,375210,0,3,RD,117,2,2,0,0,0,1,4889680,252418,,1,7,0,1,0,0
1,6,1,1,4,93,FRANCE,ILE-DE-FRANCE,010,93010,BONDY,AVENUE GALLIENI,375245,5,2,RN,3,3,0,13,62,0,1,4890770,249254,,1,7,0,0,0,2
1,7,1,1,6,93,FRANCE,ILE-DE-FRANCE,001,93001,AUBERVILLIERS,AVENUE VICTOR HUGO,375252,0,2,RN,301,0,0,1,327,0,4,4890970,237859,,1,7,0,1,0,0
1,7,5,1,3,93,FRANCE,ILE-DE-FRANCE,005,93005,AULNAY-SOUS-BOIS,RUE LOUIS COUTANT,375254,0,4,VC,0,2,2,0,0,0,1,4893750,249473,,1,7,0,1,0,0
1,6,1,1,3,93,FRANCE,ILE-DE-FRANCE,047,93047,MONTFERMEIL,AVENUE DES CERISES,375263,0,4,VC,0,1,0,1,0,0,1,4889850,256140,,1,7,0,1,0,0
1,6,3,3,1,93,FRANCE,ILE-DE-FRANCE,046,93046,LIVRY-GARGAN,ALLEE GALILEE,375274,0,4,VC,0,2,2,0,0,0,1,4891290,252213,,1,7,0,1,0,0
1,7,2,1,1,93,FRANCE,ILE-DE-FRANCE,048,93048,MONTREUIL,AVENUE DU COLONEL FABIEN,375331,0,4,VC,0,2,1,0,0,0,1,4887650,245464,,1,7,0,1,0,0
1,6,2,1,7,93,FRANCE,ILE-DE-FRANCE,006,93006,BAGNOLET,RUE DE LA BARRE NOUVELLE,375339,0,4,VC,0,2,1,0,0,0,1,4886990,242116,,1,,0,1,0,0
1,7,2,1,1,93,FRANCE,ILE-DE-FRANCE,001,93001,AUBERVILLIERS,AVENUE DE LA REPUBLIQUE,375377,0,3,RD,20,2,2,,,0,1,,,,1,7,0,1,0,0
1,7,1,1,6,93,FRANCE,ILE-DE-FRANCE,001,93001,AUBERVILLIERS,RUE DU GOULET,375394,0,4,VC,,1,1,,,0,1,,,,1,7,0,1,0,0
5,7,2,1,3,93,FRANCE,ILE-DE-FRANCE,001,93001,AUBERVILLIERS,AVENUE VICTOR HUGO,375409,0,2,RN,301,2,4,0,140,0,1,,,,1,7,0,1,0,0
1,1,2,1,3,93,FRANCE,ILE-DE-FRANCE,001,93001,AUBERVILLIERS,AVENUE DE LA REPUBLIQUE,375414,0,3,RD,30,3,2,,,0,1,,,,1,7,0,1,0,0
5,7,6,1,3,93,FRANCE,ILE-DE-FRANCE,005,93005,AULNAY-SOUS-BOIS,RUE DE BONDY,375437,5,4,VC,0,2,0,,,0,1,,,,1,7,0,1,0,0
5,7,3,9,3,93,FRANCE,ILE-DE-FRANCE,005,93005,AULNAY-SOUS-BOIS,PL DE L'HOTEL DE VILLE,375442,0,4,VC,0,1,1,,,0,1,,,,1,7,0,1,0,0
1,6,1,1,3,93,FRANCE,ILE-DE-FRANCE,071,93071,SEVRAN,AVENUE DU GENERAL LECLERC,375459,5,3,RD,44,2,1,,,0,1,,,,1,7,0,1,0,0
1,7,3,1,1,93,FRANCE,ILE-DE-FRANCE,005,93005,AULNAY-SOUS-BOIS,RUE LEON ,375474,0,4,VC,0,1,2,,,0,1,,,,1,7,0,1,0,0
1,7,2,1,3,93,FRANCE,ILE-DE-FRANCE,005,93005,AULNAY-SOUS-BOIS,BOULEVARD DE STRASBOURG,375483,0,4,VC,0,1,1,,,0,0,,,,1,13,0,1,0,0
5,7,1,1,1,93,FRANCE,ILE-DE-FRANCE,005,93005,AULNAY-SOUS-BOIS,RUE FRANCIS CRENO,375484,0,4,VC,0,1,1,,,0,0,,,,1,7,0,1,0,0
1,7,1,1,5,93,FRANCE,ILE-DE-FRANCE,005,93005,AULNAY-SOUS-BOIS,BOULEVARD GEORGES BRAQUE,375486,0,2,RN,370,2,2,,,0,1,,,,1,7,0,1,0,0
5,7,2,1,3,93,FRANCE,ILE-DE-FRANCE,005,93005,AULNAY-SOUS-BOIS,RUE JULES PRINCET,375489,0,3,RD,115,2,2,,,0,1,,,,1,7,0,1,0,0
1,6,1,1,3,93,FRANCE,ILE-DE-FRANCE,007,93007,BLANC-MESNIL (LE),AVENUE ARISTIDE BRIAND,375511,0,3,RD,41,2,1,,,0,4,,,,1,7,0,1,0,0
1,6,1,1,3,93,FRANCE,ILE-DE-FRANCE,007,93007,BLANC-MESNIL (LE),AVENUE DANIELLE CASANOVA,375520,0,4,VC,0,1,1,,,0,1,,,,1,7,,,,
1,6,1,2,6,93,FRANCE,ILE-DE-FRANCE,008,93008,BOBIGNY,AVENUE HENRI BARBUSSE,375542,0,3,RD,115,2,4,,,0,1,,,,1,15,0,1,0,0
1,6,3,1,3,93,FRANCE,ILE-DE-FRANCE,008,93008,BOBIGNY,CHEMIN DE LA MADELEINE,375550,5,4,VC,0,2,2,,,0,1,,,,1,7,0,1,0,0
5,6,1,2,6,93,FRANCE,ILE-DE-FRANCE,010,93010,BONDY,AVENUE GALLIENI,375605,0,2,RN,,0,0,,,0,0,,,,1,7,0,1,0,0
1,6,4,2,1,93,FRANCE,ILE-DE-FRANCE,047,93047,MONTFERMEIL,RUE DU GENERAL DE GAULLE ,375619,1,4,VC,0,2,2,,,0,1,,,,1,7,,,,