lum,agg,int,atm,col,dep_bis,pays,region,com_bis,com_codeINSEE,communes,N_voie,numac,infra,catr,type_route,voie,circ,nbv,pr,pr1,vosp,situ,lat,long,adr,accident_velo,vehicule_imp,cycl_mort,cycl_bgv,cycl_blg,cycl_indm
1,6,2,1,3,93,FRANCE,ILE-DE-FRANCE,047,93047,MONTFERMEIL,RUE DU JEU D'ARC,375643,0,4,VC,0,1,1,,,0,1,,,,1,10,0,1,0,0
5,7,1,2,3,93,FRANCE,ILE-DE-FRANCE,029,93029,DRANCY,AVENUE MARCEAU,375751,0,3,RD,30,2,2,,,0,1,,,,1,7,0,1,0,0
1,6,3,1,3,93,FRANCE,ILE-DE-FRANCE,031,93031,EPINAY-SUR-SEINE,AVENUE GALLIENI,375761,0,2,RN,311,2,2,0,1088,0,1,,,,1,7,0,1,0,0
1,5,1,1,3,93,FRANCE,ILE-DE-FRANCE,079,93079,VILLETANEUSE,ROUTE SAINT LEU,375804,0,2,RN,,2,2,,,0,1,,,,1,33,0,0,0,1
1,6,1,1,7,93,FRANCE,ILE-DE-FRANCE,006,93006,BAGNOLET,RUE LENINE ,375849,0,4,VC,0,2,2,,,0,1,,,,1,,0,1,0,0
1,6,3,1,3,93,FRANCE,ILE-DE-FRANCE,006,93006,BAGNOLET,RUE SADI CARNOT,375861,0,3,RD,118,1,1,,,0,1,,,,1,7,0,1,0,0
1,6,1,1,3,93,FRANCE,ILE-DE-FRANCE,006,93006,BAGNOLET,RUE DE LA CAPSULERIE,375869,0,4,VC,0,2,1,,,0,1,,,,1,7,,,,
2,6,1,1,6,93,FRANCE,ILE-DE-FRANCE,045,93045,LILAS (LES),RUE DE PARIS,375877,0,3,RD,117,0,2,,,0,1,,,,1,,0,0,0,1
2,6,2,1,3,93,FRANCE,ILE-DE-FRANCE,063,93063,ROMAINVILLE,ROUTE DE MONTREUIL,375881,5,3,RD,40,2,2,,,0,1,,,,1,7,0,1,0,0
1,5,2,8,3,93,FRANCE,ILE-DE-FRANCE,074,93074,VAUJOURS,RUE DE LA MARE NEUVE ,375938,0,4,VC,0,1,1,,,0,1,,,,1,7,0,1,0,0
2,7,1,2,3,93,FRANCE,ILE-DE-FRANCE,048,93048,MONTREUIL,RUE DE ROSNY,375939,0,3,RD,37,2,2,,,0,1,,,,1,99,0,1,0,0
1,7,1,1,3,93,FRANCE,ILE-DE-FRANCE,048,93048,MONTREUIL,RUE DE PARIS,375947,0,2,RN,302,2,2,0,275,0,1,,,,1,7,0,1,0,0
1,7,2,1,3,93,FRANCE,ILE-DE-FRANCE,048,93048,MONTREUIL,RUE ERNEST SAVART,375960,0,4,VC,0,2,2,,,0,1,,,,1,7,0,1,0,0
1,6,9,1,3,93,FRANCE,ILE-DE-FRANCE,050,93050,NEUILLY-SUR-MARNE,AVENUE JEAN STEPHAN,376012,0,4,VC,0,2,1,,,0,1,,,,1,7,0,1,0,0
1,7,9,1,7,93,FRANCE,ILE-DE-FRANCE,051,93051,NOISY-LE-GRAND,RUE DES HAUTS CHATEAUX,376040,0,6,Parking,0,0,0,1,0,0,1,,,,1,7,0,1,0,0
1,7,1,1,3,93,FRANCE,ILE-DE-FRANCE,051,93051,NOISY-LE-GRAND,BOULEVARD DU MONT D'EST,376042,0,3,RD,75,1,3,1,0,0,1,,,,1,7,0,1,0,0
1,5,4,1,3,93,FRANCE,ILE-DE-FRANCE,033,93033,GOURNAY-SUR-MARNE,AVENUE DU MARECHAL JOFFRE,376049,0,3,RD,104,1,1,,0,0,1,,,,1,33,0,1,0,0
1,6,1,1,7,93,FRANCE,ILE-DE-FRANCE,053,93053,NOISY-LE-SEC,RUE ANATOLE FRANCE,376060,6,3,RD,117,0,1,,,0,4,,,,1,,0,1,0,0
1,6,1,1,7,93,FRANCE,ILE-DE-FRANCE,053,93053,NOISY-LE-SEC,RUE ANATOLE FRANCE,376064,0,3,RD,117,2,2,,,0,1,,,,1,,0,1,0,1
1,6,1,1,2,93,FRANCE,ILE-DE-FRANCE,053,93053,NOISY-LE-SEC,RUE DE BREMENT,376073,0,3,RD,116,2,2,,,0,1,,,,1,10,0,1,0,0
3,6,9,2,6,93,FRANCE,ILE-DE-FRANCE,055,93055,PANTIN,AVENUE JEAN JAURES,376129,1,2,RN,,1,3,,,0,1,,,,1,,,,,
1,6,2,1,3,93,FRANCE,ILE-DE-FRANCE,077,93077,VILLEMOMBLE,RUE GRANDE  RUE,376132,0,2,RN,302,2,2,9,736,0,1,,,,1,7,0,1,0,0
1,6,1,1,3,93,FRANCE,ILE-DE-FRANCE,077,93077,VILLEMOMBLE,RUE JEAN FALLAY,376134,0,4,VC,0,2,1,,,0,1,,,,1,10,0,1,0,0
1,5,6,1,3,93,FRANCE,ILE-DE-FRANCE,062,93062,RAINCY (LE),AVENUE DE LIVRY,376140,5,3,RD,116,3,2,,,0,1,,,,1,7,0,1,0,0
1,5,1,1,3,93,FRANCE,ILE-DE-FRANCE,062,93062,RAINCY (LE),AVENUE THIERS,376152,0,3,RD,117,2,2,,,0,1,,,,1,7,0,1,0,0
1,7,2,1,2,93,FRANCE,ILE-DE-FRANCE,066,93066,SAINT-DENIS,ROUTE DE LA COURNEUVE,376221,0,2,RN,186,2,0,47,440,0,1,,,,1,7,0,1,0,0
1,7,5,1,3,93,FRANCE,ILE-DE-FRANCE,066,93066,SAINT-DENIS,RUE FRANCIADE,376271,0,4,VC,0,0,0,0,1,0,1,,,,1,7,0,1,0,0
2,6,1,1,3,93,FRANCE,ILE-DE-FRANCE,070,93070,SAINT-OUEN,AVENUE MICHELET,376339,0,3,RD,14,2,2,,,0,1,,,,1,7,0,1,0,0
1,6,1,1,6,93,FRANCE,ILE-DE-FRANCE,070,93070,SAINT-OUEN,AVENUE GABRIEL PERI,376344,0,3,RD,111,2,2,,,1,5,,,,1,10,0,1,0,0
3,1,1,1,1,93,FRANCE,ILE-DE-FRANCE,078,93078,VILLEPINTE,AVENUE DU SAUSSET,376397,0,4,VC,0,1,1,,,0,1,,,,1,37,0,1,0,0
1,6,1,1,3,93,FRANCE,ILE-DE-FRANCE,073,93073,TREMBLAY-EN-FRANCE,RUE PIERRE BROSSOLETTE,376406,0,4,VC,0,0,2,,,0,4,,,,1,7,0,1,0,0
2,7,1,3,2,94,FRANCE,ILE-DE-FRANCE,041,94041,IVRY-SUR-SEINE,AVENUE DE VERDUN,376548,0,2,RN,0,2,4,,,0,1,,,,1,7,0,1,0,0
1,7,1,1,6,94,FRANCE,ILE-DE-FRANCE,068,94068,SAINT-MAUR-DES-FOSSES,AVENUE DU BAC,376552,0,3,RD,0,2,3,,,0,1,,,,1,7,0,1,0,0
1,7,1,1,1,94,FRANCE,ILE-DE-FRANCE,028,94028,CRETEIL,AVENUE DE LA FRANCE LIBRE,376599,0,3,RD,0,2,3,,,0,1,4878100,0,,1,7,0,1,0,0
1,7,1,1,3,94,FRANCE,ILE-DE-FRANCE,041,94041,IVRY-SUR-SEINE,RUE LENINE ,376604,0,4,VC,0,1,2,,,0,0,,,,1,7,0,1,0,0
1,7,3,1,3,94,FRANCE,ILE-DE-FRANCE,017,94017,CHAMPIGNY-SUR-MARNE,BOULEVARD DE STALINGRAD ,376618,0,3,RD,0,3,4,,,0,1,,,,1,5,0,1,0,0
1,6,1,1,2,94,FRANCE,ILE-DE-FRANCE,076,94076,VILLEJUIF,AVENUE DE PARIS,376660,0,4,VC,0,2,0,,,0,1,,,,1,7,0,1,0,0
1,5,1,1,6,94,FRANCE,ILE-DE-FRANCE,067,94067,SAINT-MANDE,AVENUE DU GENERAL DE GAULLE,376675,0,3,RD,0,1,1,,,0,1,,,,1,,0,0,0,1
2,7,2,1,3,94,FRANCE,ILE-DE-FRANCE,033,94033,FONTENAY-SOUS-BOIS,BOULEVARD GALLIENI,376704,0,4,VC,0,2,2,1,0,0,1,,,,1,10,0,1,0,0
1,4,2,1,6,94,FRANCE,ILE-DE-FRANCE,053,94053,NOISEAU,GRANDE RUE PIERRE MENDES-FRANCE ,376739,0,3,RD,0,2,2,,,0,1,,,,1,7,0,1,0,0
1,7,1,1,2,94,FRANCE,ILE-DE-FRANCE,068,94068,SAINT-MAUR-DES-FOSSES,AVENUE GAMBETTA,376754,0,4,VC,0,2,2,,,0,1,,,,1,7,0,1,0,0
1,6,3,1,3,94,FRANCE,ILE-DE-FRANCE,078,94078,VILLENEUVE-SAINT-GEORGES,AVENUE DE VALENTON,376784,0,3,RD,0,2,2,14,110,0,1,,,,1,10,0,1,0,0
5,6,1,3,1,94,FRANCE,ILE-DE-FRANCE,052,94052,NOGENT-SUR-MARNE,BOULEVARD DE STRASBOURG,376838,0,4,VC,0,2,0,,,0,1,,,,1,7,0,1,0,0
1,7,1,1,6,94,FRANCE,ILE-DE-FRANCE,068,94068,SAINT-MAUR-DES-FOSSES,PONT DE CHAMPIGNY,376855,0,3,RD,0,2,2,,,0,1,,,,1,,,,,
1,6,1,1,7,94,FRANCE,ILE-DE-FRANCE,018,94018,CHARENTON-LE-PONT,AVENUE DE GRAVELLE,376874,0,4,VC,0,2,2,,,0,1,,,,1,7,0,1,0,0
1,1,2,1,3,94,FRANCE,ILE-DE-FRANCE,081,94081,VITRY-SUR-SEINE,BOULEVARD DE STALINGRAD ,376963,0,2,RN,0,2,2,,,0,1,,,,1,10,0,1,0,0
3,7,1,1,2,94,FRANCE,ILE-DE-FRANCE,041,94041,IVRY-SUR-SEINE,PONT D'IVRY,376977,0,2,RN,0,2,2,,,0,1,,,,1,7,0,1,0,0
1,7,1,1,6,94,FRANCE,ILE-DE-FRANCE,046,94046,MAISONS-ALFORT,RUE EUGENE RENAULT,376998,0,2,RN,0,2,0,,,0,1,,,,1,7,0,1,0,0
1,7,1,1,3,94,FRANCE,ILE-DE-FRANCE,041,94041,IVRY-SUR-SEINE,AVENUE DE VERDUN,377029,0,2,RN,0,2,4,,,3,1,,,,1,32,0,1,0,0
1,6,1,1,3,94,FRANCE,ILE-DE-FRANCE,052,94052,NOGENT-SUR-MARNE,BOULEVARD DE STRASBOURG,377067,0,4,VC,0,2,0,,,0,1,,,,1,7,0,1,0,0
1,6,2,1,5,94,FRANCE,ILE-DE-FRANCE,080,94080,VINCENNES,AVENUE DE LA REPUBLIQUE,377074,0,3,RD,0,2,1,,,0,1,,,,1,7,0,1,0,0
1,7,1,1,6,94,FRANCE,ILE-DE-FRANCE,081,94081,VITRY-SUR-SEINE,RUE GABRIEL PERI,377076,0,4,VC,0,0,2,,,0,1,,,,1,14,0,1,0,0
1,6,1,1,3,94,FRANCE,ILE-DE-FRANCE,038,94038,HAY-LES-ROSES (L'),RUE CHEVREUL,377139,0,4,VC,0,1,1,,,0,1,,,,1,7,0,1,0,0
1,5,2,1,6,94,FRANCE,ILE-DE-FRANCE,021,94021,CHEVILLY-LARUE,AVENUE DU GENERAL DE GAULLE,377141,5,3,RD,0,3,2,,,0,1,,,,1,10,0,1,0,0
1,6,1,1,7,94,FRANCE,ILE-DE-FRANCE,018,94018,CHARENTON-LE-PONT,QUAI DES CARRIERES,377177,0,3,RD,0,2,2,,,0,1,,,,1,30,0,1,0,0
1,5,2,1,7,94,FRANCE,ILE-DE-FRANCE,055,94055,ORMESSON-SUR-MARNE,RUE JEAN JAURES,377178,0,4,VC,0,1,2,,,0,1,,,,1,7,0,1,0,0
1,6,1,1,3,94,FRANCE,ILE-DE-FRANCE,078,94078,VILLENEUVE-SAINT-GEORGES,AVENUE DU PRESIDENT JOHN FITZGERALD KENNEDY,377267,0,4,VC,0,3,2,,,0,1,,,,1,7,0,1,0,0
1,6,1,1,2,94,FRANCE,ILE-DE-FRANCE,076,94076,VILLEJUIF,RUE AMBROISE CROIZAT,377324,0,4,VC,0,2,2,,,0,1,,,,1,7,0,1,0,0
1,7,1,1,6,94,FRANCE,ILE-DE-FRANCE,046,94046,MAISONS-ALFORT,RUE CONDORCET,377333,0,4,VC,0,2,2,,,0,0,,,,1,7,0,1,0,0
1,6,1,1,3,94,FRANCE,ILE-DE-FRANCE,080,94080,VINCENNES,RUE DE FONTENAY,377344,0,3,RD,0,2,2,,,0,1,,,,1,7,0,1,0,0
1,6,3,8,3,94,FRANCE,ILE-DE-FRANCE,073,94073,THIAIS,AVENUE RAYMOND POINCARE,377395,0,3,RD,0,2,0,,,0,1,,,,1,7,0,1,0,0
1,6,9,1,6,94,FRANCE,ILE-DE-FRANCE,076,94076,VILLEJUIF,RUE DES VILLAS,377417,0,4,VC,0,2,2,1,0,0,1,,,,1,7,0,1,0,0
1,7,1,1,6,94,FRANCE,ILE-DE-FRANCE,017,94017,CHAMPIGNY-SUR-MARNE,RUE PIERRE MARIE DERRIEN,377450,0,4,VC,0,1,2,1,0,0,1,,,,1,7,0,1,0,0
1,6,3,1,3,94,FRANCE,ILE-DE-FRANCE,018,94018,CHARENTON-LE-PONT,AVENUE DE LA LIBERTE,377454,0,3,RD,0,2,2,1,0,0,1,,,,1,10,0,1,0,0
1,7,1,1,3,94,FRANCE,ILE-DE-FRANCE,081,94081,VITRY-SUR-SEINE,AVENUE DU 8 MAI 1945,377481,0,4,VC,0,2,2,,,1,1,,,,1,7,0,1,0,0
1,6,6,1,2,94,FRANCE,ILE-DE-FRANCE,079,94079,VILLIERS-SUR-MARNE,AVENUE DE GAUMONT,377500,5,4,VC,0,4,2,,,0,1,,,,1,7,0,1,0,0
1,6,9,1,3,94,FRANCE,ILE-DE-FRANCE,043,94043,KREMLIN-BICETRE (LE),AVENUE DE FONTAINEBLEAU,377504,0,2,RN,0,1,4,1,0,3,1,,,,1,7,0,1,0,0
1,7,2,1,6,94,FRANCE,ILE-DE-FRANCE,033,94033,FONTENAY-SOUS-BOIS,AVENUE RABELAIS,377546,0,4,VC,0,2,2,1,0,0,1,,,,1,7,0,1,0,0
1,6,3,1,3,94,FRANCE,ILE-DE-FRANCE,034,94034,FRESNES,RUE YVON,377556,0,9,Autre,0,2,2,,,0,0,,,,1,7,0,1,0,0
1,6,1,7,6,94,FRANCE,ILE-DE-FRANCE,002,94002,ALFORTVILLE,ALLEE JEAN BAPTISTE PREUX,377571,0,4,VC,0,2,2,,,0,1,,,,1,,0,1,0,0
1,6,1,1,3,94,FRANCE,ILE-DE-FRANCE,018,94018,CHARENTON-LE-PONT,AVENUE DE GRAVELLE,377630,0,4,VC,0,0,0,,,0,1,,,,1,99,0,1,0,0
1,6,1,1,3,94,FRANCE,ILE-DE-FRANCE,079,94079,VILLIERS-SUR-MARNE,AVENUE DE L'EUROPE,377632,0,4,VC,0,0,0,,,0,4,,,,1,7,0,0,0,1
1,6,3,1,3,94,FRANCE,ILE-DE-FRANCE,078,94078,VILLENEUVE-SAINT-GEORGES,AVENUE DU 8 MAI 1945,377655,0,2,RN,0,2,5,,,0,1,,,,1,7,0,1,0,0
5,5,3,1,3,94,FRANCE,ILE-DE-FRANCE,021,94021,CHEVILLY-LARUE,RUE JULES BOHY,377720,0,3,RD,0,2,2,,,0,1,,,,1,10,0,1,0,0
3,6,1,2,3,94,FRANCE,ILE-DE-FRANCE,052,94052,NOGENT-SUR-MARNE,AVENUE DE JOINVILLE,377757,0,2,RN,186,3,2,32,375,0,1,4882750,246483,,1,7,0,1,0,0
1,5,1,1,3,94,FRANCE,ILE-DE-FRANCE,067,94067,SAINT-MANDE,AVENUE DAUMESNIL,377841,0,4,VC,0,2,4,0,0,0,1,4883390,241160,,1,17,0,1,0,0
1,6,3,1,6,94,FRANCE,ILE-DE-FRANCE,076,94076,VILLEJUIF,RUE JEAN JAURES,377849,0,3,RD,55,1,2,0,0,3,1,4879090,236666,,1,,0,0,0,1
1,6,3,1,3,94,FRANCE,ILE-DE-FRANCE,018,94018,CHARENTON-LE-PONT,AVENUE DE GRAVELLE,377851,5,4,VC,0,2,2,0,0,0,1,4882920,240349,,1,7,0,1,0,0
1,6,1,1,6,94,FRANCE,ILE-DE-FRANCE,043,94043,KREMLIN-BICETRE (LE),AVENUE CHARLES GIDE,377862,0,3,RD,54,2,1,1,196,3,4,4880770,235615,,1,,0,0,0,2
1,4,3,8,3,94,FRANCE,ILE-DE-FRANCE,056,94056,PERIGNY,RUE DE BRIE,377873,0,3,RD,53,2,2,6,565,0,1,4869840,255049,,1,7,0,1,0,0
1,5,2,1,2,94,FRANCE,ILE-DE-FRANCE,042,94042,JOINVILLE-LE-PONT,AVENUE PIERRE MENDES FRANCE,377886,0,3,RD,48,2,1,2,739,0,1,4881430,246247,,1,7,0,1,0,0
1,7,1,1,6,94,FRANCE,ILE-DE-FRANCE,028,94028,CRETEIL,RUE DU GENERAL LECLERC,377894,0,4,VC,0,1,1,0,0,3,0,4879290,246272,,1,,0,0,0,1
5,7,6,2,3,94,FRANCE,ILE-DE-FRANCE,081,94081,VITRY-SUR-SEINE,AVENUE MAXIMILIEN ROBESPIERRE,377897,5,2,RN,305,2,2,3,388,3,1,4879200,238682,,1,37,0,1,0,0
1,5,1,1,1,94,FRANCE,ILE-DE-FRANCE,075,94075,VILLECRESNES,RUE DE REVEILLON,377925,0,4,VC,0,2,2,0,0,0,1,4872100,254167,,1,7,0,1,0,0
1,7,2,1,7,94,FRANCE,ILE-DE-FRANCE,028,94028,CRETEIL,RUE DES PINSONS,377935,0,4,VC,0,2,2,0,0,0,1,4880510,245473,,1,,0,1,0,0
1,6,1,1,3,94,FRANCE,ILE-DE-FRANCE,022,94022,CHOISY-LE-ROI,AVENUE GAMBETTA,377963,0,2,RN,186,2,2,22,150,3,1,4876440,240526,,1,37,0,1,0,0
1,6,1,1,3,94,FRANCE,ILE-DE-FRANCE,034,94034,FRESNES,AVENUE DE STALINGRAD,377965,0,3,RD,126,3,4,2,442,0,1,4876310,233371,,1,7,0,1,0,0
1,6,1,1,3,94,FRANCE,ILE-DE-FRANCE,022,94022,CHOISY-LE-ROI,AVENUE DE LA FOLIE,378014,0,4,VC,0,0,0,0,0,0,0,4877200,241784,,1,7,0,1,0,0
1,7,2,1,3,94,FRANCE,ILE-DE-FRANCE,017,94017,CHAMPIGNY-SUR-MARNE,AVENUE DIANE,378015,0,4,VC,0,1,1,1,0,0,1,4881470,249549,,1,7,0,1,0,0
5,5,1,1,1,94,FRANCE,ILE-DE-FRANCE,048,94048,MAROLLES-EN-BRIE,AVENUE DE GROSBOIS,378021,0,3,RD,33,2,2,0,976,0,1,4873190,255013,,1,7,0,1,0,0
5,6,2,1,1,94,FRANCE,ILE-DE-FRANCE,002,94002,ALFORTVILLE,BOULEVARD CARNOT,378040,0,4,VC,0,2,2,0,0,0,1,4879630,242888,,1,7,0,1,0,0
1,5,3,1,1,94,FRANCE,ILE-DE-FRANCE,042,94042,JOINVILLE-LE-PONT,AVENUE DE NANTES,378048,0,4,VC,0,2,2,0,0,0,1,4882540,246903,,1,7,0,1,0,0
2,5,4,1,3,94,FRANCE,ILE-DE-FRANCE,042,94042,JOINVILLE-LE-PONT,QUAI PIERRE BROSSOLETTE,378050,0,3,RD,45,1,2,1,81,0,1,4881770,246766,,1,7,0,1,0,0
5,6,1,1,7,94,FRANCE,ILE-DE-FRANCE,080,94080,VINCENNES,AVENUE FOCH,378065,0,4,VC,0,1,1,0,0,0,1,4884570,244782,,1,7,0,1,0,0
1,5,6,7,3,94,FRANCE,ILE-DE-FRANCE,019,94019,CHENNEVIERES-SUR-MARNE,AVENUE DE L'HIPPODROME,378066,5,3,RD,33,1,2,0,0,0,0,4879480,256158,,1,7,0,1,0,0
1,6,3,1,3,94,FRANCE,ILE-DE-FRANCE,022,94022,CHOISY-LE-ROI,QUAI DE CHOISY,378071,0,4,VC,0,2,0,0,0,0,1,4875540,242065,,1,10,0,1,0,0
1,7,1,1,7,94,FRANCE,ILE-DE-FRANCE,028,94028,CRETEIL,AVENUE DU MARECHAL FOCH,378087,0,2,RN,6,2,4,13,630,1,1,4877110,244004,,1,7,0,1,0,0
5,7,3,1,3,94,FRANCE,ILE-DE-FRANCE,068,94068,SAINT-MAUR-DES-FOSSES,BOULEVARD DU GENERAL GIRAUD,378198,0,4,VC,0,2,2,0,0,0,1,4879540,247669,,1,7,0,1,0,0
1,6,1,1,7,94,FRANCE,ILE-DE-FRANCE,079,94079,VILLIERS-SUR-MARNE,ROUTE DE CHAMPIGNY,378277,0,4,VC,0,2,2,0,0,0,1,4882440,253432,,1,,0,1,0,0
1,6,2,7,3,94,FRANCE,ILE-DE-FRANCE,022,94022,CHOISY-LE-ROI,AVENUE GAMBETTA,378280,0,2,RN,186,3,4,21,861,3,1,4876290,240145,,1,7,0,1,0,0
1,7,2,1,3,94,FRANCE,ILE-DE-FRANCE,081,94081,VITRY-SUR-SEINE,QUAI JULES GUESDE,378291,0,3,RD,52,2,2,3,824,0,1,4879470,241863,,1,14,0,1,0,0
1,7,1,1,3,94,FRANCE,ILE-DE-FRANCE,028,94028,CRETEIL,ROUTE DE CHOISY,378293,0,2,RN,186,2,4,26,509,3,1,4878380,244727,,1,7,0,1,0,0
1,7,1,1,2,94,FRANCE,ILE-DE-FRANCE,068,94068,SAINT-MAUR-DES-FOSSES,AVENUE PIERRE SEMARD,378294,0,4,VC,0,2,2,0,0,0,1,4880050,251211,,1,10,0,1,0,0
1,5,6,1,5,94,FRANCE,ILE-DE-FRANCE,042,94042,JOINVILLE-LE-PONT,AVENUE DU GENERAL GALLIENI,378297,0,2,RN,4,2,3,11,325,0,1,4882010,247438,,1,7,0,1,0,0
1,5,1,2,6,94,FRANCE,ILE-DE-FRANCE,069,94069,SAINT-MAURICE,RUE DU MARECHAL LECLERC,378316,6,3,RD,123,2,2,4,135,3,0,4881790,244273,,1,7,0,1,0,0
1,5,1,1,3,94,FRANCE,ILE-DE-FRANCE,055,94055,ORMESSON-SUR-MARNE,AVENUE OLIVIER D'ORMESSON,378366,0,3,RD,0,2,2,,,0,1,,,,1,15,0,1,0,0
5,6,3,1,3,94,FRANCE,ILE-DE-FRANCE,080,94080,VINCENNES,RUE DE FONTENAY,378375,0,3,RD,43,2,2,,,0,1,,,,1,7,0,1,0,0
1,6,1,1,3,94,FRANCE,ILE-DE-FRANCE,018,94018,CHARENTON-LE-PONT,PONT MARTINET,378509,0,4,VC,0,2,0,0,499,1,5,4881790,241230,,1,7,,,,
1,5,1,8,3,94,FRANCE,ILE-DE-FRANCE,044,94044,LIMEIL-BREVANNES,RUE GEORGES CLEMENCEAU,378539,0,4,VC,0,2,2,0,0,0,1,4874420,247588,,1,37,0,1,0,0
1,5,2,1,6,94,FRANCE,ILE-DE-FRANCE,067,94067,SAINT-MANDE,AVENUE DU GENERAL DE GAULLE,378551,0,3,RD,38,2,3,0,0,0,1,4884360,241761,,1,,0,0,0,1
1,6,1,1,3,94,FRANCE,ILE-DE-FRANCE,002,94002,ALFORTVILLE,RUE EDOUARD VAILLANT,378570,0,4,VC,0,1,1,0,0,0,1,4880850,241895,,1,7,0,1,0,0
1,5,1,4,7,94,FRANCE,ILE-DE-FRANCE,044,94044,LIMEIL-BREVANNES,AVENUE DESCARTES,378589,2,3,RD,0,2,2,,,0,1,,,,1,,0,1,0,0
1,5,1,1,6,94,FRANCE,ILE-DE-FRANCE,044,94044,LIMEIL-BREVANNES,RUE ALBERT GARRY,378594,0,4,VC,0,2,1,0,0,0,4,4875800,248713,,1,,0,0,0,1
1,7,3,1,6,94,FRANCE,ILE-DE-FRANCE,017,94017,CHAMPIGNY-SUR-MARNE,QUAI DU VIADUC,378623,0,4,VC,0,0,1,1,0,0,1,,,,1,,0,0,0,1
1,6,1,1,4,94,FRANCE,ILE-DE-FRANCE,018,94018,CHARENTON-LE-PONT,AVENUE DE LA LIBERTE,378637,0,3,RD,50,2,3,0,0,0,1,4882560,240661,,1,7,0,1,0,0
1,5,2,1,1,94,FRANCE,ILE-DE-FRANCE,059,94059,PLESSIS-TREVISE (LE),AVENUE HERCULANUM,378656,0,4,VC,0,1,1,,,0,1,,,,1,10,0,1,0,0
2,6,3,1,3,94,FRANCE,ILE-DE-FRANCE,022,94022,CHOISY-LE-ROI,AVENUE VILLENEUVE SAINT-GEORGES,378661,0,3,RD,38,2,0,0,0,0,1,4876120,242050,,1,7,0,1,0,0
1,5,1,1,3,94,FRANCE,ILE-DE-FRANCE,065,94065,RUNGIS,AVENUE DE FRESNES,378722,0,4,VC,0,2,2,0,0,0,1,4874850,234192,,1,7,0,1,0,0
1,5,1,1,3,94,FRANCE,ILE-DE-FRANCE,021,94021,CHEVILLY-LARUE,RUE D'AVIGNON,378725,0,4,VC,0,1,1,0,0,0,1,4876250,235097,,1,7,0,1,0,0
1,5,1,1,2,94,FRANCE,ILE-DE-FRANCE,065,94065,RUNGIS,BOULEVARD CIRCULAIRE OUEST,378741,0,4,VC,0,1,4,0,0,0,1,4875640,235128,,1,15,0,1,0,0
1,7,1,1,3,94,FRANCE,ILE-DE-FRANCE,041,94041,IVRY-SUR-SEINE,AVENUE DE VERDUN,378780,0,2,RN,305,2,4,0,715,0,1,4881310,237016,,1,33,0,1,0,0
5,7,1,1,2,94,FRANCE,ILE-DE-FRANCE,041,94041,IVRY-SUR-SEINE,BOULEVARD DU COLONEL FABIEN,378792,2,2,RN,19,2,4,,,0,1,,,,1,7,0,1,0,0
1,7,1,1,7,94,FRANCE,ILE-DE-FRANCE,046,94046,MAISONS-ALFORT,RUE DU PLATEAU,378803,0,4,VC,0,1,1,0,0,0,1,4880380,245020,,1,,0,1,0,0
1,7,1,1,3,94,FRANCE,ILE-DE-FRANCE,046,94046,MAISONS-ALFORT,AVENUE GAMBETTA,378806,0,4,VC,0,2,2,0,0,0,1,4880980,245175,,1,7,0,1,0,0
1,6,3,1,3,94,FRANCE,ILE-DE-FRANCE,052,94052,NOGENT-SUR-MARNE,BOULEVARD DES 2 COMMUNES,378816,5,4,VC,0,1,1,0,0,0,1,4884010,247318,,1,7,0,1,0,0
1,5,3,1,3,94,FRANCE,ILE-DE-FRANCE,067,94067,SAINT-MANDE,AVENUE DU GENERAL DE GAULLE,378880,0,3,RD,38,2,2,0,0,0,1,4884310,241762,,1,7,0,1,0,0
1,6,5,1,1,94,FRANCE,ILE-DE-FRANCE,080,94080,VINCENNES,RUE FELIX FAURE,378882,0,3,RD,40,2,2,0,0,0,1,4884880,245478,,1,7,0,1,0,0
4,5,1,1,2,95,FRANCE,ILE-DE-FRANCE,476,95476,OSNY,ROUTE DE DIEPPE,379015,0,3,RD,0,3,4,,,0,1,,,,1,7,0,1,0,0
1,3,1,1,5,95,FRANCE,ILE-DE-FRANCE,658,95658,VIGNY,RD 81,379032,0,3,RD,81,2,2,0,0,0,1,0,0,,1,7,0,1,0,0
5,7,1,1,1,95,FRANCE,ILE-DE-FRANCE,127,95127,CERGY,AVENUE DES HERONS,379088,0,4,VC,0,2,2,,,0,1,,,,1,7,0,1,0,0
5,5,1,1,2,95,FRANCE,ILE-DE-FRANCE,563,95563,SAINT-LEU-LA-FORET,RUE DE CHAUVRY,379101,0,4,VC,0,2,2,,,0,1,,,,1,7,0,1,0,0
1,1,1,1,5,95,FRANCE,ILE-DE-FRANCE,370,95370,MARINES,RD 915,379106,0,3,RD,915,4,3,0,0,0,1,0,0,,1,7,0,1,0,0
1,1,1,1,2,95,FRANCE,ILE-DE-FRANCE,018,95018,ARGENTEUIL,BOULEVARDvDES MARTYRS DE CHATEAUBRIAND,379115,0,4,VC,0,2,4,,,0,1,,,,1,7,0,1,0,0
1,5,1,1,7,95,FRANCE,ILE-DE-FRANCE,424,95424,MONTIGNY-LES-CORMEILLES,RUE DE VERDUN ,379123,0,3,RD,0,2,2,,,0,4,,,,1,,0,1,0,0
1,1,1,1,6,95,FRANCE,ILE-DE-FRANCE,042,95042,BAILLET-EN-FRANCE,VC 0,379130,0,4,VC,0,2,1,0,0,0,0,0,0,,1,,0,1,0,0