lum,agg,int,atm,col,dep_bis,pays,region,com_bis,com_codeINSEE,communes,N_voie,numac,infra,catr,type_route,voie,circ,nbv,pr,pr1,vosp,situ,lat,long,adr,accident_velo,vehicule_imp,cycl_mort,cycl_bgv,cycl_blg,cycl_indm
1,6,1,1,6,95,FRANCE,ILE-DE-FRANCE,306,95306,HERBLAY,QUAI DE GAILLON,379137,0,4,VC,0,2,0,,,0,1,,,,1,,0,0,0,1
1,1,1,7,2,95,FRANCE,ILE-DE-FRANCE,604,95604,SURVILLIERS,RD 317,379173,0,3,RD,317,2,0,0,0,0,1,0,0,,1,14,0,1,0,0
1,7,6,1,3,95,FRANCE,ILE-DE-FRANCE,018,95018,ARGENTEUIL,PLACE DE LA COMMUNE DE PARIS,379179,0,4,VC,0,1,2,,,1,1,,,,1,7,0,1,0,0
1,5,9,1,1,95,FRANCE,ILE-DE-FRANCE,637,95637,VAUREAL,VC 0,379200,0,4,VC,0,2,0,0,0,0,4,4902700,202700,,1,7,0,1,0,0
1,6,1,1,7,95,FRANCE,ILE-DE-FRANCE,306,95306,HERBLAY,RUE DE LA MARNE,379207,0,4,VC,0,2,0,,,0,1,,,,1,2,0,1,0,0
5,7,1,2,3,95,FRANCE,ILE-DE-FRANCE,018,95018,ARGENTEUIL,ROUTE DE CORMEILLES,379226,2,3,RD,0,2,4,,,0,1,,,,1,7,0,1,0,0
1,6,1,1,7,95,FRANCE,ILE-DE-FRANCE,582,95582,SANNOIS,PUITS GOHIER,379227,0,4,VC,0,2,2,,,0,1,,,,1,,0,1,0,0
3,1,6,1,2,95,FRANCE,ILE-DE-FRANCE,487,95487,PERSAN,AVENUE JACQUES VOGT,379245,5,4,VC,0,1,1,1,0,0,1,,,,1,7,0,1,0,0
1,4,2,1,3,95,FRANCE,ILE-DE-FRANCE,504,95504,PRESLES,ALEXANDRE PRACHAY,379247,0,4,VC,0,2,2,1,0,0,1,,,,1,7,0,1,0,0
1,5,1,1,3,95,FRANCE,ILE-DE-FRANCE,323,95323,JOUY-LE-MOUTIER,VC 0,379327,0,4,VC,0,2,2,0,0,0,1,0,0,,1,14,0,1,0,0
1,6,3,1,3,95,FRANCE,ILE-DE-FRANCE,306,95306,HERBLAY,RUE ETIENNE FOURMONT,379340,0,4,VC,0,1,0,,,0,1,,,,1,7,0,1,0,0
1,5,2,1,2,95,FRANCE,ILE-DE-FRANCE,563,95563,SAINT-LEU-LA-FORET,RUE JEAN JAURES,379343,0,4,VC,0,0,1,,,0,1,,,,1,7,0,1,0,0
1,4,1,1,3,95,FRANCE,ILE-DE-FRANCE,392,95392,MERIEL,Autre 0,379395,0,9,Autre,0,1,1,0,0,0,0,0,0,,1,7,0,1,0,0
1,1,1,1,3,95,FRANCE,ILE-DE-FRANCE,313,95313,ISLE-ADAM (L'),MAISON FORESTIERE,379437,0,3,RD,0,2,2,1,0,1,5,,,,1,7,0,1,0,0
1,5,1,1,6,95,FRANCE,ILE-DE-FRANCE,598,95598,SOISY-SOUS-MONTMORENCY,AVENUE KELLERMANN ,379451,0,3,RD,0,2,2,1,0,0,1,,,,1,7,0,1,0,0
1,4,1,1,6,95,FRANCE,ILE-DE-FRANCE,426,95426,MONTLIGNON,ROUTE DE PARIS ,379472,0,3,RD,0,1,1,,,0,1,,,,1,7,0,1,0,0
1,6,1,1,2,95,FRANCE,ILE-DE-FRANCE,306,95306,HERBLAY,BOULEVARD DU 8 MAI 1945,379475,0,3,RD,0,3,4,,,0,1,,,,1,7,0,1,0,0
1,1,1,1,1,95,FRANCE,ILE-DE-FRANCE,370,95370,MARINES,RD 915,379485,0,3,RD,915,0,0,49,500,0,1,0,0,,1,7,0,1,0,0
1,5,1,1,1,95,FRANCE,ILE-DE-FRANCE,183,95183,COURDIMANCHE,VC 0,379492,0,4,VC,0,2,2,0,0,0,1,0,0,,1,7,0,1,0,0
5,5,2,1,3,95,FRANCE,ILE-DE-FRANCE,218,95218,ERAGNY,RUE DE PIERRELAYE,379503,5,4,VC,0,2,2,,,0,1,,,,1,7,0,1,0,0
1,7,1,1,7,95,FRANCE,ILE-DE-FRANCE,127,95127,CERGY,RUE DE VAUREAL,379504,0,4,VC,0,2,2,,,0,1,,,,1,7,0,1,0,0
1,6,1,1,6,95,FRANCE,ILE-DE-FRANCE,219,95219,ERMONT,RUE DU STAND,379508,0,4,VC,0,2,2,,,0,1,,,,1,99,0,1,0,0
1,1,1,1,3,95,FRANCE,ILE-DE-FRANCE,280,95280,GOUSSAINVILLE,ROUTE DE LA GARE,379510,0,4,VC,0,3,4,,,0,1,,,,1,10,0,1,0,0
1,5,2,1,3,95,FRANCE,ILE-DE-FRANCE,424,95424,MONTIGNY-LES-CORMEILLES,BOULEVARD VICTOR BORDIER,379513,0,3,RD,0,3,4,,,0,1,,,,1,37,0,1,0,0
1,7,1,1,3,95,FRANCE,ILE-DE-FRANCE,585,95585,SARCELLES,ROUTE DES REFUZNICKS,379544,0,3,RD,0,2,4,1,900,0,1,,,,1,7,0,1,0,0
1,1,1,1,1,95,FRANCE,ILE-DE-FRANCE,604,95604,SURVILLIERS,RD 922,379607,0,3,RD,922,2,0,0,0,0,1,0,0,,1,7,0,1,0,0
1,5,2,1,3,95,FRANCE,ILE-DE-FRANCE,487,95487,PERSAN,PIERRE BROSSOLETTE,379617,0,4,VC,0,2,2,1,0,0,1,,,,1,7,0,1,0,0
1,1,1,1,6,95,FRANCE,ILE-DE-FRANCE,094,95094,BOUQUEVAL,RD 10,379677,0,3,RD,10,2,0,0,0,0,5,0,0,,1,2,0,1,0,0
2,3,9,1,1,95,FRANCE,ILE-DE-FRANCE,353,95353,MAFFLIERS,VC 0,379679,0,4,VC,0,2,1,0,0,0,1,4908100,231200,,1,7,0,1,0,0
1,1,6,1,3,95,FRANCE,ILE-DE-FRANCE,308,95308,HEROUVILLE,RD 927,379680,5,3,RD,927,0,0,0,0,0,1,0,0,,1,7,0,1,0,0
1,7,2,1,3,95,FRANCE,ILE-DE-FRANCE,018,95018,ARGENTEUIL,BOULEVARD YOURI GAGARINE,379687,0,4,VC,0,2,2,,,0,1,,,,1,7,0,1,0,0
1,3,1,1,3,95,FRANCE,ILE-DE-FRANCE,142,95142,CHARS,RD 915,379697,0,3,RD,915,2,2,51,500,0,1,4916300,194000,,1,38,0,1,0,0
1,7,1,1,6,95,FRANCE,ILE-DE-FRANCE,018,95018,ARGENTEUIL,BOULEVARD LEON FEIX,379703,0,4,VC,0,2,4,,,3,4,,,,1,,,,,
1,7,1,1,7,95,FRANCE,ILE-DE-FRANCE,585,95585,SARCELLES,AVEUE PAUL VALERY,379766,0,4,VC,0,2,0,1,0,0,1,,,,1,10,0,1,0,0
1,7,1,1,3,95,FRANCE,ILE-DE-FRANCE,018,95018,ARGENTEUIL,RUE DE RETHONDES,379846,0,4,VC,0,1,1,,,0,1,4894580,223210,,1,7,0,1,0,0
1,5,3,1,3,95,FRANCE,ILE-DE-FRANCE,424,95424,MONTIGNY-LES-CORMEILLES,BOULEVARD VICTOR BORDIER,379872,5,3,RD,14,2,2,,,0,1,4899370,219600,,1,7,0,1,0,0
5,6,3,1,3,95,FRANCE,ILE-DE-FRANCE,219,95219,ERMONT,AVENUE GEORGES POMPIDOU,379893,0,3,RD,140,2,4,,,0,1,4898440,224640,,1,7,0,1,0,0
1,5,1,1,3,95,FRANCE,ILE-DE-FRANCE,199,95199,DOMONT,AVENUE DU LYCEE ,379924,0,3,RD,124,2,2,0,0,0,1,4903010,233970,,1,7,0,1,0,0
1,5,6,1,7,95,FRANCE,ILE-DE-FRANCE,176,95176,CORMEILLES-EN-PARISIS,Avenue Louis Hayet,379927,0,3,RD,121,2,2,,,0,1,4895930,220310,,1,,0,1,0,0
5,6,1,1,6,95,FRANCE,ILE-DE-FRANCE,063,95063,BEZONS,RUE EMILE ZOLA,379935,0,3,RD,308,2,4,,,0,1,4892328,221190,,1,7,0,1,0,0
1,6,3,1,1,95,FRANCE,ILE-DE-FRANCE,203,95203,EAUBONNE,RUE TARBE DES SABLONS,379978,0,3,RD,140,1,0,,,1,5,4899401,227364,,1,10,0,1,0,0
1,4,1,1,1,95,FRANCE,ILE-DE-FRANCE,527,95527,ROISSY-EN-FRANCE,rue de la belle Etoile,379982,0,4,VC,,2,3,,,0,1,4898147,250440,,1,7,0,1,0,0
1,5,3,1,3,95,FRANCE,ILE-DE-FRANCE,288,95288,GROSLAY,ALLEE  de la Pommeraie,380058,0,4,VC,,2,2,,,0,1,4898340,235480,,1,,0,0,0,1
1,7,3,1,6,95,FRANCE,ILE-DE-FRANCE,018,95018,ARGENTEUIL,RUE AMEDEE JOUY,380102,0,4,VC,0,1,1,,,0,0,4895350,226300,,1,,0,1,0,0
1,7,1,1,6,95,FRANCE,ILE-DE-FRANCE,018,95018,ARGENTEUIL,BOULEVARD JEANNE D'ARC,380103,0,4,VC,,2,2,,,0,1,4894520,224650,,1,,0,1,0,0
1,6,1,1,3,95,FRANCE,ILE-DE-FRANCE,500,95500,PONTOISE,AVENUE REDOUANE BOUGARA,380112,0,3,RD,915,3,2,2,0,0,1,4906120,209039,,1,7,0,1,0,0
1,5,3,1,6,95,FRANCE,ILE-DE-FRANCE,313,95313,ISLE-ADAM (L'),GENERAL DE GAULLE,380130,0,4,VC,,2,2,,,0,1,4911370,221390,,1,7,0,1,0,0
1,5,6,1,3,95,FRANCE,ILE-DE-FRANCE,637,95637,VAUREAL,,380132,5,4,VC,,2,0,,,0,1,4903080,201460,,1,7,0,1,0,0
1,5,4,1,3,95,FRANCE,ILE-DE-FRANCE,572,95572,SAINT-OUEN-L'AUMONE,AVENUE DU CHATEAU,380150,0,3,RD,922,2,2,16,500,0,1,4905290,211760,,1,7,0,1,0,0
1,4,3,1,1,95,FRANCE,ILE-DE-FRANCE,134,95134,CHAMPAGNE-SUR-OISE,RD 4,380176,0,3,RD,4,2,2,14,700,1,5,4913790,224800,,1,10,0,1,0,0
1,3,1,1,7,95,FRANCE,ILE-DE-FRANCE,592,95592,SERAINCOURT,RD 913,380190,0,3,RD,913,2,2,3,700,0,1,4902560,187140,,1,7,0,1,0,0
5,7,2,8,3,95,FRANCE,ILE-DE-FRANCE,127,95127,CERGY,BOULEVARD DE L'OISE,380215,0,4,VC,,2,2,,,0,1,4904490,202619,,1,7,0,1,0,0
1,3,1,1,3,95,FRANCE,ILE-DE-FRANCE,287,95287,GRISY-LES-PLATRES,RUE DU VEXIN,380258,0,3,RD,64,2,2,5,500,0,1,4913240,204930,,1,10,0,1,0,0
1,3,3,8,1,95,FRANCE,ILE-DE-FRANCE,628,95628,VALMONDOIS,RUE GRANDE  RUE,380261,0,3,RD,151,2,2,1,350,0,1,4909340,219520,,1,7,0,1,0,0
1,4,1,1,1,95,FRANCE,ILE-DE-FRANCE,211,95211,ENNERY,,380262,0,4,VC,,2,1,,,3,1,4907090,210350,,1,7,0,1,0,0
1,3,1,1,3,95,FRANCE,ILE-DE-FRANCE,489,95489,PISCOP,RUE de la TEte richard,380269,0,4,VC,,2,2,,,0,1,4901850,234960,,1,7,0,1,0,0
1,4,1,1,1,95,FRANCE,ILE-DE-FRANCE,058,95058,BERNES-SUR-OISE,RUE DE CREIL,380280,0,3,RD,4,2,2,19,300,0,1,4916090,229730,,1,7,0,1,0,0
1,1,1,1,1,95,FRANCE,ILE-DE-FRANCE,026,95026,ASNIERES-SUR-OISE,ROUTE D'ASNIERES,380281,0,4,VC,2,2,2,,,0,1,4914450,237960,,1,7,0,1,0,0
1,5,3,1,3,95,FRANCE,ILE-DE-FRANCE,371,95371,MARLY-LA-VILLE,RUE DE LA GARENNE,380285,0,4,VC,,2,2,,,0,1,4908460,250350,,1,7,0,1,0,0
1,6,2,1,3,95,FRANCE,ILE-DE-FRANCE,306,95306,HERBLAY,RUE DE LA TOUR FINE,380371,0,4,VC,,2,2,,,0,1,4898930,216870,,1,7,0,1,0,1
2,5,1,1,6,95,FRANCE,ILE-DE-FRANCE,313,95313,ISLE-ADAM (L'),RD 922,380382,0,3,RD,922,2,2,30,0,1,5,4912220,224390,,1,30,0,1,0,0
1,1,2,7,3,1,FRANCE,RHONE-ALPES,229,1229,MALAFRETAZ,RD 28,384020,0,3,RD,28,2,0,12,432,0,1,0,0,,1,7,0,1,0,0
1,1,1,1,5,1,FRANCE,RHONE-ALPES,322,1322,REYRIEUX,RD 6,384060,0,3,RD,6,2,0,0,0,0,1,0,0,,1,10,0,1,0,0
3,1,1,1,2,1,FRANCE,RHONE-ALPES,007,1007,AMBRONAY,RD 36,384090,0,3,RD,36,2,0,0,0,0,1,0,0,,1,7,0,1,0,0
1,5,6,1,1,1,FRANCE,RHONE-ALPES,143,1143,DIVONNE-LES-BAINS,RD 1005,384092,5,3,RD,1005,0,0,0,0,0,1,0,0,,1,7,0,1,0,0
1,4,1,1,6,1,FRANCE,RHONE-ALPES,304,1304,PONT-D'AIN,VC 0,384134,0,4,VC,0,2,0,0,0,0,1,0,0,,1,,0,0,1,0
3,1,1,1,5,1,FRANCE,RHONE-ALPES,027,1027,BALAN,RD 84,384144,0,3,RD,84,2,2,0,0,0,1,0,0,,1,7,0,0,1,0
1,6,1,7,3,1,FRANCE,RHONE-ALPES,283,1283,OYONNAX,LAENNEC,384160,0,9,Autre,0,2,1,,,0,1,,,,1,10,0,1,0,0
1,3,1,1,2,1,FRANCE,RHONE-ALPES,196,1196,JAYAT,VC 0,384163,0,4,VC,0,2,2,0,0,0,1,0,0,,1,7,0,1,0,0
1,1,1,1,1,2,FRANCE,PICARDIE,805,2805,VILLENEUVE-SAINT-GERMAIN,ROUTE NATIONALE 31,384193,0,9,Autre,0,1,1,,,1,5,,,,1,30,0,0,0,1
1,2,1,1,3,2,FRANCE,PICARDIE,258,2258,DAMMARD,FAUBOURG ST FIMRIM,384233,0,4,VC,0,0,1,,,0,1,,,,1,30,0,1,0,0
1,5,1,8,1,2,FRANCE,PICARDIE,173,2173,CHAUNY,RD 937,384240,0,3,RD,937,2,2,19,300,0,1,0,0,,1,7,0,1,1,0
1,3,1,1,1,2,FRANCE,PICARDIE,775,2775,VENDEUIL,RD 421,384315,2,3,RD,421,2,0,7,0,0,1,0,0,,1,21,0,1,1,0
5,5,4,3,1,2,FRANCE,PICARDIE,810,2810,VILLERS-COTTERETS,AVENUE DE LA GARE ,384342,0,4,VC,,2,2,,,0,1,4924686,308732,,1,7,0,1,0,0
1,1,9,1,3,2,FRANCE,PICARDIE,830,2830,WASSIGNY,RD 28,384345,0,3,RD,28,2,0,35,0,0,1,0,0,,1,10,0,1,0,0
1,5,1,1,6,2,FRANCE,PICARDIE,168,2168,CHATEAU-THIERRY,avenue d'essomes,384349,0,4,VC,,2,2,,,0,1,4904116,338880,,1,,0,0,1,0
1,1,1,1,5,3,FRANCE,AUVERGNE,055,3055,CHAPELAUDE (LA),RD 149,384366,0,3,RD,149,2,2,17,300,0,1,0,0,,1,7,0,1,0,0
1,1,1,1,2,4,FRANCE,PROVENCE-ALPES-COTE-D'AZUR,193,4193,SAINT-PAUL-SUR-UBAYE,RD 902,384456,0,3,RD,902,2,0,6,950,0,1,4452300,674500,,1,33,0,1,0,0
1,1,1,1,3,4,FRANCE,PROVENCE-ALPES-COTE-D'AZUR,112,4112,MANOSQUE,D907,384473,0,3,RD,0,0,2,,,0,1,,,,1,33,0,1,0,0
1,1,1,1,3,4,FRANCE,PROVENCE-ALPES-COTE-D'AZUR,116,4116,MEES (LES),RD 4,384474,0,3,RD,4,2,2,0,0,0,1,0,0,,1,10,0,1,0,0
2,5,1,1,6,4,FRANCE,PROVENCE-ALPES-COTE-D'AZUR,070,4070,DIGNE-LES-BAINS,AVENUE DU 8 MAI 1945,384507,0,4,VC,20,2,2,,,0,1,,,,1,7,0,1,0,0
1,1,1,1,1,4,FRANCE,PROVENCE-ALPES-COTE-D'AZUR,096,4096,JAUSIERS,VC 2,384514,0,4,VC,2,2,2,13,32,0,1,0,0,,1,7,0,1,0,0
1,9,1,1,6,6,FRANCE,PROVENCE-ALPES-COTE-D'AZUR,088,6088,NICE,PROMENADE DES ANGLAIS,384611,0,3,RD,0,3,4,,,3,1,,,,1,,0,1,0,0
1,1,1,1,1,6,FRANCE,PROVENCE-ALPES-COTE-D'AZUR,148,6148,TOURRETTES-SUR-LOUP,RD 2210,384682,0,3,RD,2210,2,2,19,100,0,1,0,0,,1,33,0,1,0,0
1,7,1,1,6,6,FRANCE,PROVENCE-ALPES-COTE-D'AZUR,004,6004,ANTIBES,AVENUE MARECHAL JUIN,384683,0,4,VC,0,2,2,1,0,0,1,,,,1,,0,0,1,0
1,7,1,1,3,6,FRANCE,PROVENCE-ALPES-COTE-D'AZUR,004,6004,ANTIBES,BOULEVARD RAYMOND POINCARE,384690,0,4,VC,0,0,2,,,0,1,,,,1,32,0,1,0,0
1,7,1,2,4,6,FRANCE,PROVENCE-ALPES-COTE-D'AZUR,004,6004,ANTIBES,RN98 LITTORAL,384700,0,2,RN,0,2,2,1,0,0,1,,,,1,7,0,0,1,0
1,5,1,1,7,6,FRANCE,PROVENCE-ALPES-COTE-D'AZUR,161,6161,VILLENEUVE-LOUBET,RD 2085,384914,0,3,RD,2085,2,2,23,30,0,1,0,0,,1,,0,1,1,0
1,6,1,1,3,6,FRANCE,PROVENCE-ALPES-COTE-D'AZUR,155,6155,VALLAURIS,AVENUE DES FRERES ROUSTAN,385019,0,6,Parking,0,1,1,,,0,3,,,,1,32,0,1,0,0
1,9,1,1,2,6,FRANCE,PROVENCE-ALPES-COTE-D'AZUR,088,6088,NICE,ROUTE DE GRENOBLE,385115,0,3,RD,0,1,2,,,0,1,,,,1,2,0,0,1,0
1,1,1,1,1,6,FRANCE,PROVENCE-ALPES-COTE-D'AZUR,018,6018,BIOT,RD 2,385118,0,3,RD,2,2,2,3,800,0,1,0,0,,1,7,0,1,0,0
1,1,1,1,4,7,FRANCE,RHONE-ALPES,070,7070,CORNAS,AVENUE DU COLONNEL ROUSSET,385137,0,2,RN,0,2,2,,,0,1,,,,1,7,0,0,0,1
1,3,1,7,6,7,FRANCE,RHONE-ALPES,167,7167,OLLIERES-SUR-EYRIEUX (LES),RD 120,385171,0,3,RD,120,2,2,17,576,0,1,0,0,,1,,0,1,0,0
1,5,1,1,3,8,FRANCE,CHAMPAGNE-ARDENNE,363,8363,REVIN,VC 0,385233,0,4,VC,0,2,0,0,0,0,1,4993800,464500,,1,7,0,1,0,0
1,7,2,1,3,8,FRANCE,CHAMPAGNE-ARDENNE,105,8105,CHARLEVILLE-MEZIERES,RUE PIERRE BROSOLETTE,385237,0,4,VC,0,2,2,,,0,1,,,,1,2,0,1,0,0
1,1,1,1,3,8,FRANCE,CHAMPAGNE-ARDENNE,188,8188,GESPUNSART,RD 979,385252,0,3,RD,979,2,2,9,800,0,1,0,0,,1,30,0,1,0,0
1,7,1,1,3,10,FRANCE,CHAMPAGNE-ARDENNE,387,10387,TROYES,RUE ANATOLE FRANCE,385346,0,2,RN,0,2,2,,,2,1,,,,1,33,0,1,0,0
1,1,1,1,2,10,FRANCE,CHAMPAGNE-ARDENNE,384,10384,TRANNES,RD 396,385377,0,3,RD,396,2,2,26,500,0,1,4831900,457700,,1,2,0,0,1,0
3,1,1,1,2,11,FRANCE,LANGUEDOC-ROUSSILLON,198,11198,LAURE-MINERVOIS,RD 111,385495,0,3,RD,111,2,2,22,500,0,1,0,0,,1,33,0,0,1,0
3,1,1,1,2,11,FRANCE,LANGUEDOC-ROUSSILLON,041,11041,BIZE-MINERVOIS,RD 607,385501,0,3,RD,607,2,2,9,800,0,1,4330600,287000,,1,2,0,1,0,0
1,5,1,8,6,11,FRANCE,LANGUEDOC-ROUSSILLON,076,11076,CASTELNAUDARY,COURS DE LA REPUBLIQUE,385506,0,4,VC,0,2,2,,,0,1,,,,1,,0,0,1,0
1,1,1,1,2,12,FRANCE,MIDI-PYRENEES,297,12297,VIBAL (LE),RD 29,385544,0,3,RD,29,2,0,15,600,0,1,4433200,278700,,1,7,0,1,0,0
1,6,1,2,6,12,FRANCE,MIDI-PYRENEES,202,12202,RODEZ,AVENUE DURAND DEGROS,385562,0,4,VC,0,2,50,,,0,1,,,,1,,0,0,1,0
1,1,1,1,3,13,FRANCE,PROVENCE-ALPES-COTE-D'AZUR,113,13113,VENELLES,RD 96,385772,5,3,RD,96,3,4,39,900,0,1,0,0,,1,7,0,1,0,0
1,1,1,1,3,13,FRANCE,PROVENCE-ALPES-COTE-D'AZUR,001,13001,AIX-EN-PROVENCE,ROUTE DE GARDANNE,385886,0,3,RD,0,2,5,,,2,1,,,,1,7,0,1,0,0
5,9,1,1,1,13,FRANCE,PROVENCE-ALPES-COTE-D'AZUR,055,13055,MARSEILLE,TRAVERSE COLGATE,385915,0,4,VC,1,2,2,,,0,1,,,,1,7,0,1,0,0
1,1,1,1,3,13,FRANCE,PROVENCE-ALPES-COTE-D'AZUR,027,13027,CHATEAURENARD,RD 571,385924,0,3,RD,571,2,2,0,0,0,1,4391000,481500,,1,7,0,1,0,0
5,1,1,1,4,13,FRANCE,PROVENCE-ALPES-COTE-D'AZUR,055,13055,MARSEILLE,BOULEVARD PIERRE MENARD,385980,0,4,VC,1,1,2,,,0,1,,,,1,7,0,0,1,0
1,1,1,1,5,13,FRANCE,PROVENCE-ALPES-COTE-D'AZUR,004,13004,ARLES,ROUTE DE BARBEGAL,385991,2,4,VC,0,2,2,,,0,1,,,,1,36,0,1,0,0
1,1,1,1,2,13,FRANCE,PROVENCE-ALPES-COTE-D'AZUR,033,13033,ENSUES-LA-REDONNE,RD 9,386032,0,3,RD,9,2,2,0,0,0,1,4337800,518700,,1,10,0,1,0,0
2,9,1,1,2,13,FRANCE,PROVENCE-ALPES-COTE-D'AZUR,055,13055,MARSEILLE,BOULEVARD RABATAU,386044,0,4,VC,1,2,0,,,0,1,,,,1,30,0,1,0,0
1,7,1,1,3,13,FRANCE,PROVENCE-ALPES-COTE-D'AZUR,004,13004,ARLES,BOULEVARD DES LICES,386133,0,4,VC,0,4,3,0,0,0,1,,,,1,7,0,1,0,0
1,9,1,1,3,13,FRANCE,PROVENCE-ALPES-COTE-D'AZUR,208,13208,MARSEILLE,PROMENADE POMPIDOU,386167,0,4,VC,1,3,2,0,0,0,1,,,,1,33,0,1,0,0
4,9,2,1,3,13,FRANCE,PROVENCE-ALPES-COTE-D'AZUR,055,13055,MARSEILLE,CR DE SAINT MITRE A FOUR DE BUZE,386234,0,4,VC,0,2,4,0,0,0,1,4334210,542006,,1,7,0,0,1,0
1,1,1,1,2,13,FRANCE,PROVENCE-ALPES-COTE-D'AZUR,082,13082,ROGNES,RD 66,386302,0,3,RD,66,2,2,1,250,0,1,4371210,534830,,1,7,0,1,0,0
1,1,1,1,1,13,FRANCE,PROVENCE-ALPES-COTE-D'AZUR,097,13097,SAINT-MARTIN-DE-CRAU,,386345,0,4,VC,,2,2,0,0,1,5,0,0,,1,7,0,1,0,0
1,1,1,1,3,13,FRANCE,PROVENCE-ALPES-COTE-D'AZUR,085,13085,ROQUEFORT-LA-BEDOULE,RD 3,386351,0,3,RD,3,2,2,10,0,0,1,0,0,,1,33,0,1,0,0
1,1,1,1,5,13,FRANCE,PROVENCE-ALPES-COTE-D'AZUR,051,13051,LANCON-PROVENCE,RD 21,386362,0,3,RD,21,2,2,,,0,1,0,0,,1,7,0,0,1,0
2,1,1,1,3,13,FRANCE,PROVENCE-ALPES-COTE-D'AZUR,005,13005,AUBAGNE,CAMP MAJOR CD 2,386378,0,3,RD,0,2,2,,,1,1,,,,1,34,0,0,1,0
1,5,1,1,3,13,FRANCE,PROVENCE-ALPES-COTE-D'AZUR,108,13108,TARASCON,CHEMIN DE MEZOARGUES,386446,0,3,RD,0,2,1,,,0,1,,,,1,7,0,1,1,0
1,1,6,1,2,14,FRANCE,BASSE-NORMANDIE,407,14407,MATHIEU,RD 141,386473,5,3,RD,141,0,2,0,0,0,1,4925500,-38300,,1,7,0,1,0,0
1,5,1,1,6,14,FRANCE,BASSE-NORMANDIE,341,14341,IFS,CHEMIN DU VAL,386508,0,4,VC,0,2,2,49,999,1,5,,,,1,,0,1,0,0
1,6,3,1,6,14,FRANCE,BASSE-NORMANDIE,366,14366,LISIEUX,BOULEVARD LOUIS PASTEUR,386534,0,4,VC,0,2,2,,,0,1,,,,1,,0,0,1,0
1,1,3,1,5,14,FRANCE,BASSE-NORMANDIE,514,14514,PONT-L'EVEQUE,RD 48,386572,5,3,RD,48,2,2,14,800,0,1,4927000,19849,,1,10,0,1,0,0
2,1,9,1,1,15,FRANCE,AUVERGNE,255,15255,VEZAC,RD 990,386663,0,3,RD,990,2,2,4,300,0,1,4490000,251673,,1,,0,0,1,0
1,5,2,1,3,17,FRANCE,POITOU-CHARENTES,274,17274,PERIGNY,AVENUE LOUIS LUMIERE,386733,0,4,VC,0,2,2,,,2,1,,,,1,33,0,1,0,0
1,6,1,1,5,17,FRANCE,POITOU-CHARENTES,299,17299,ROCHEFORT,RUE BENES ,386767,0,4,VC,0,2,2,,,0,1,,,,1,10,0,0,0,1
1,1,1,1,6,17,FRANCE,POITOU-CHARENTES,380,17380,SAINT-PALAIS-SUR-MER,AVENUE DES TAMARIS,386839,0,4,VC,0,1,2,,,0,1,,,,1,31,0,1,0,0
1,3,1,1,3,17,FRANCE,POITOU-CHARENTES,019,17019,ARS-EN-RE,RD 735,386863,0,3,RD,735,0,0,0,0,1,1,0,0,,1,14,0,1,1,0
1,7,1,1,1,17,FRANCE,POITOU-CHARENTES,300,17300,ROCHELLE (LA),AVENUE CARNOT,386914,0,4,VC,0,1,0,2,0,0,1,,,,1,7,0,1,0,0
1,3,1,1,2,18,FRANCE,CENTRE,233,18233,SAINT-SATUR,RD 2,386961,2,3,RD,2,0,2,1,500,0,1,0,0,,1,7,0,1,0,0
1,1,1,1,1,18,FRANCE,CENTRE,229,18229,SAINT-PALAIS,RD 58,386984,0,3,RD,58,2,2,18,800,0,1,4724480,237477,,1,7,0,1,0,0
3,6,1,2,6,59,FRANCE,NORD-PAS-DE-CALAIS,163,59163,CROIX,RUE VERTE,393771,0,4,VC,0,2,2,,,0,4,,,,1,,0,1,0,0
1,5,2,1,6,59,FRANCE,NORD-PAS-DE-CALAIS,603,59603,TRITH-SAINT-LEGER,RUE DE L'EGALITE,393790,0,4,VC,0,2,2,,,0,1,,,,1,,0,0,1,0
1,3,1,1,2,60,FRANCE,PICARDIE,273,60273,GIRAUMONT,RD 142,393812,0,3,RD,142,2,2,0,0,0,1,4946300,281500,,1,7,0,1,0,0
1,1,1,1,6,60,FRANCE,PICARDIE,491,60491,PIERREFONDS,VC 0,393817,0,4,VC,0,2,2,0,0,0,1,0,0,,1,,0,1,1,0
1,3,1,2,1,60,FRANCE,PICARDIE,156,60156,CLAIROIX,RD 932,393836,0,3,RD,932,2,2,0,0,1,5,4944400,285500,,1,2,0,1,0,0
1,3,1,1,1,60,FRANCE,PICARDIE,539,60539,RIEUX,VC 0,393846,0,4,VC,0,0,0,0,0,0,1,0,0,,1,7,0,1,0,0
1,3,1,1,5,60,FRANCE,PICARDIE,065,60065,BERTHECOURT,VC 0,393864,5,4,VC,0,2,2,0,0,0,1,0,0,,1,7,0,1,0,0
1,5,1,1,6,60,FRANCE,PICARDIE,141,60141,CHANTILLY,VC 0,393875,0,4,VC,0,2,0,0,0,2,1,0,0,,1,,0,0,1,0
1,1,1,1,3,60,FRANCE,PICARDIE,488,60488,PASSEL,RD 1032,393907,5,3,RD,1032,2,4,0,0,0,1,0,0,,1,7,0,1,0,0