lum,agg,int,atm,col,dep_bis,pays,region,com_bis,com_codeINSEE,communes,N_voie,numac,infra,catr,type_route,voie,circ,nbv,pr,pr1,vosp,situ,lat,long,adr,accident_velo,vehicule_imp,cycl_mort,cycl_bgv,cycl_blg,cycl_indm
1,4,1,1,3,60,FRANCE,PICARDIE,670,60670,VERNEUIL-EN-HALATTE,VC 0,393934,0,4,VC,0,2,2,0,0,0,1,0,0,,1,10,0,1,0,0
1,1,1,1,1,60,FRANCE,PICARDIE,373,60373,MACHEMONT,RD 15,393962,0,3,RD,15,2,2,17,0,0,1,0,0,,1,7,0,1,1,0
1,1,1,1,1,60,FRANCE,PICARDIE,570,60570,SAINT-CREPIN-IBOUVILLERS,RD 619,393977,0,3,RD,619,2,2,4,500,0,1,0,0,,1,7,0,1,0,0
1,1,1,1,1,60,FRANCE,PICARDIE,616,60616,SERIFONTAINE,RD 915,393981,0,3,RD,915,2,2,18,0,0,1,4934700,177500,,1,2,0,0,1,0
1,1,2,1,1,61,FRANCE,BASSE-NORMANDIE,337,61337,PREAUX-DU-PERCHE,RD 211,394071,0,3,RD,211,2,1,5,800,0,1,0,0,,1,30,0,1,0,0
1,6,3,1,3,61,FRANCE,BASSE-NORMANDIE,001,61001,ALENCON,RUE JOSEPH ONFRAY,394117,0,4,VC,0,2,2,,,0,1,,,,1,2,0,1,0,0
1,2,1,1,5,62,FRANCE,NORD-PAS-DE-CALAIS,307,62307,ESCALLES,RD 940,394153,0,3,RD,940,2,0,0,0,0,1,0,0,,1,7,0,0,1,0
1,5,3,2,3,62,FRANCE,NORD-PAS-DE-CALAIS,907,62907,LIBERCOURT,BOULEVARD SCHUMANN,394158,0,4,VC,0,2,2,,,0,1,,,,1,33,0,1,0,0
1,4,1,1,2,62,FRANCE,NORD-PAS-DE-CALAIS,773,62773,SAMER,RN 2,394162,0,2,RN,2,2,2,0,0,0,1,0,0,,1,10,0,1,0,0
3,1,1,3,1,62,FRANCE,NORD-PAS-DE-CALAIS,035,62035,ANNEZIN,ROUTE NATIONALE 43,394175,0,3,RD,0,2,3,,,1,5,,,,1,30,0,1,0,0
1,5,1,1,3,62,FRANCE,NORD-PAS-DE-CALAIS,570,62570,MERICOURT,SALLAUMINES,394188,0,4,VC,0,1,1,,,0,1,,,,1,7,0,1,1,0
1,1,1,1,1,62,FRANCE,NORD-PAS-DE-CALAIS,623,62623,NOUVELLE-EGLISE,RD 219,394268,0,3,RD,219,2,2,0,0,0,1,0,0,,1,33,0,1,0,0
3,1,1,2,2,62,FRANCE,NORD-PAS-DE-CALAIS,215,62215,CARVIN,RD 917,394290,0,3,RD,0,0,1,,,1,5,,,,1,30,0,0,1,0
1,4,2,1,5,62,FRANCE,NORD-PAS-DE-CALAIS,224,62224,CHOCQUES,RUE DE LA PLANCHE,394339,0,4,VC,0,2,0,,,0,0,,,,1,7,0,1,0,0
1,1,1,8,2,63,FRANCE,AUVERGNE,113,63113,CLERMONT-FERRAND,BOULEVARD EDGAR QUINET,394437,0,4,VC,0,3,3,,,0,1,,,,1,5,0,1,0,0
1,4,1,1,1,63,FRANCE,AUVERGNE,195,63195,LEZOUX,VC 0,394479,0,4,VC,0,2,2,0,0,0,1,0,0,,1,7,0,1,1,0
1,4,1,1,6,63,FRANCE,AUVERGNE,210,63210,MARINGUES,RD 1093,394534,0,3,RD,1093,2,2,0,0,0,1,0,0,,1,,0,1,0,0
1,4,1,1,6,63,FRANCE,AUVERGNE,263,63263,ORCINES,RD 768,394570,0,3,RD,768,2,0,4,800,0,1,4577300,302500,,1,,0,0,1,0
1,3,1,7,1,63,FRANCE,AUVERGNE,397,63397,SAINT-SAUVES-D'AUVERGNE,RD 996,394577,0,3,RD,996,2,2,0,250,0,1,0,0,,1,7,0,1,0,0
1,6,3,1,3,64,FRANCE,AQUITAINE,024,64024,ANGLET,RUE DES QUATRE CANTONS,394656,0,4,VC,0,2,2,,,0,1,,,,1,,0,0,1,0
1,5,1,1,3,64,FRANCE,AQUITAINE,260,64260,HENDAYE,AVENUE DE LA BAIE DE CHINGUDY,394666,0,4,VC,0,2,2,,,0,1,,,,1,31,0,1,0,0
5,5,1,1,3,64,FRANCE,AQUITAINE,260,64260,HENDAYE,RUE BIGARENA,394705,0,4,VC,0,2,2,,,0,1,,,,1,2,0,0,1,0
1,1,1,1,5,64,FRANCE,AQUITAINE,527,64527,SOURAIDE,RD 20,394722,0,3,RD,20,2,2,5,10,0,1,4333500,-146500,,1,7,0,1,1,0
1,1,6,1,1,64,FRANCE,AQUITAINE,422,64422,OLORON-SAINTE-MARIE,RD 936,394736,0,3,RD,936,2,0,0,0,1,5,4319500,-61800,,1,7,0,1,0,0
1,5,2,1,3,64,FRANCE,AQUITAINE,335,64335,LESCAR,D509,394761,0,3,RD,817,2,2,33,540,0,1,4334290,-41264,,1,33,0,0,1,0
1,1,1,2,3,64,FRANCE,AQUITAINE,495,64495,SAINT-PEE-SUR-NIVELLE,RD 3,394776,0,3,RD,3,2,2,13,213,0,1,4337240,-151792,,1,7,0,1,0,0
1,5,1,1,6,64,FRANCE,AQUITAINE,140,64140,BOUCAU,AVENUE LOUIS DE FOIX,394779,0,3,RD,309,2,2,3,32,0,1,4352430,-149338,,1,,0,0,1,0
1,1,1,1,5,64,FRANCE,AQUITAINE,303,64303,LAGUINGE-RESTOUE,RD 918,394810,0,3,RD,918,2,2,105,0,0,1,4310500,-83500,,1,7,0,0,1,0
1,1,1,1,5,64,FRANCE,AQUITAINE,420,64420,OGENNE-CAMPTORT,RD 111,394818,0,3,RD,111,2,2,11,750,0,1,4333500,-71200,,1,7,0,0,0,1
1,5,1,1,1,64,FRANCE,AQUITAINE,483,64483,SAINT-JEAN-DE-LUZ,RUE MENDI ALDE,394837,0,4,VC,,2,2,,,0,1,4338230,-165209,,1,7,0,1,0,0
1,1,1,1,2,65,FRANCE,MIDI-PYRENEES,399,65399,SALIGOS,RD 921,394878,0,3,RD,921,2,0,0,0,0,1,0,0,,1,14,0,1,0,0
1,1,1,1,1,65,FRANCE,MIDI-PYRENEES,006,65006,ANCIZAN,RD 113,394889,0,3,RD,113,2,0,0,0,0,1,4290800,30300,,1,7,0,1,0,0
1,1,1,1,1,65,FRANCE,MIDI-PYRENEES,007,65007,ANDREST,RD 935,394897,0,3,RD,935,3,1,15,600,0,1,4330900,7000,,1,7,0,1,0,0
1,1,1,5,1,65,FRANCE,MIDI-PYRENEES,481,65481,BAREGES,RD 918,394910,0,3,RD,918,2,0,36,400,0,1,0,0,,1,33,0,1,0,0
1,4,1,1,3,65,FRANCE,MIDI-PYRENEES,331,65331,ODOS,AVENUE DE LOURDES,394917,0,3,RD,921,2,0,2,10,0,1,,,,1,30,0,1,0,0
1,1,1,1,2,66,FRANCE,LANGUEDOC-ROUSSILLON,212,66212,TORREILLES,RD 81,394930,0,3,RD,81,2,2,8,0,0,3,4275500,302100,,1,33,0,0,1,0
2,1,1,1,5,66,FRANCE,LANGUEDOC-ROUSSILLON,130,66130,OSSEJA,RD 70,395002,0,3,RD,70,2,0,1,830,0,3,0,0,,1,2,0,1,0,0
1,1,1,1,2,66,FRANCE,LANGUEDOC-ROUSSILLON,136,66136,PERPIGNAN,RUE D900,395004,0,3,RD,900,1,4,26,88,0,1,,,,1,14,0,1,0,0
1,8,1,1,3,66,FRANCE,LANGUEDOC-ROUSSILLON,136,66136,PERPIGNAN,AVENUE PIERRE CAMBRES,395017,0,4,VC,0,3,3,,,0,1,4269108,290013,,1,31,0,1,0,0
1,1,9,1,2,66,FRANCE,LANGUEDOC-ROUSSILLON,180,66180,SAINT-LAURENT-DE-LA-SALANQUE,RD 81,395019,0,3,RD,81,2,0,2,280,0,2,0,0,,1,10,0,1,0,0
1,8,1,1,6,67,FRANCE,ALSACE,482,67482,STRASBOURG,QUAI DU GENERAL KOENIG,395054,0,4,VC,0,2,2,,,1,5,,,,1,,0,0,1,0
1,5,1,1,1,67,FRANCE,ALSACE,313,67313,MUTZIG,VC 0,395055,0,4,VC,0,2,0,0,0,0,1,4854100,745400,,1,30,0,1,0,0
1,1,1,1,1,67,FRANCE,ALSACE,437,67437,SAVERNE,Autre 0,395066,0,9,Autre,0,2,1,0,0,1,5,0,0,,1,,0,0,1,0
1,8,9,1,3,67,FRANCE,ALSACE,482,67482,STRASBOURG,RUE DU DOUBS,395098,0,4,VC,0,2,1,,,1,1,,,,1,,0,1,0,0
1,1,1,9,6,67,FRANCE,ALSACE,462,67462,SELESTAT,RD 424,395104,0,3,RD,0,2,2,35,500,1,5,,,,1,,0,0,1,0
1,4,1,1,3,67,FRANCE,ALSACE,052,67052,BOERSCH,RD 1035,395113,0,3,RD,1035,2,2,0,0,0,1,4848200,744200,,1,7,0,1,0,0
1,8,1,1,3,67,FRANCE,ALSACE,482,67482,STRASBOURG,ROND-POINT PIERRE MENDES FRANCE,395137,0,4,VC,0,2,4,,,0,1,,,,1,7,0,1,0,0
1,8,1,1,1,67,FRANCE,ALSACE,482,67482,STRASBOURG,PLACE DE HAGUENAU,395146,0,9,Autre,0,2,0,,,1,5,,,,1,30,0,1,0,0
1,5,1,1,1,67,FRANCE,ALSACE,130,67130,ERSTEIN,RD 468,395154,0,3,RD,468,2,2,0,0,0,1,4842000,770000,,1,7,0,1,0,0
1,1,6,1,3,67,FRANCE,ALSACE,462,67462,SELESTAT,ROUTE D EPFIG,395170,5,3,RD,1422,2,2,31,0,0,1,4828310,745905,,1,7,0,0,1,0
1,8,1,1,6,67,FRANCE,ALSACE,482,67482,STRASBOURG,QUAI DU CANAL DE LA MARNE AU RHIN,395172,0,4,VC,0,2,1,0,0,1,5,0,0,,1,,0,0,1,0
5,3,1,1,3,67,FRANCE,ALSACE,233,67233,KERTZFELD,VC 0,395181,0,4,VC,0,2,2,0,0,0,1,0,0,,1,30,0,0,1,0
1,3,1,1,1,67,FRANCE,ALSACE,237,67237,KILSTETT,RD 468,395198,0,3,RD,468,2,0,69,745,0,1,4867860,785840,,1,7,0,1,0,0
1,5,1,1,6,67,FRANCE,ALSACE,544,67544,WISSEMBOURG,RD 534,395213,0,3,RD,534,0,0,0,0,1,4,4904100,795800,,1,,,,,
1,3,1,1,3,67,FRANCE,ALSACE,289,67289,MENCHHOFFEN,RD 919,395248,0,3,RD,919,2,2,0,0,0,1,4886600,749100,,1,30,0,1,0,0
5,1,6,1,3,67,FRANCE,ALSACE,033,67033,BERNOLSHEIM,RD 177,395254,0,3,RD,177,0,0,2,0,0,1,0,0,,1,7,0,1,0,0
1,5,1,1,1,67,FRANCE,ALSACE,152,67152,GEISPOLSHEIM,RD 221,395263,0,3,RD,221,2,0,0,0,0,1,4852200,765000,,1,2,0,1,0,0
1,6,3,1,3,67,FRANCE,ALSACE,180,67180,HAGUENAU,RUE DU TROMPETTE,395266,0,4,VC,0,2,2,0,1,0,1,,,,1,,0,0,1,0
3,1,1,1,5,68,FRANCE,ALSACE,286,68286,ROSENAU,RD 21,395285,0,3,RD,21,2,2,4,480,0,1,0,0,,1,33,0,1,0,0
1,8,1,1,6,68,FRANCE,ALSACE,224,68224,MULHOUSE,PLACE DE LA REPUBLIQUE,395299,0,4,VC,0,1,1,,,0,1,,,,1,,0,0,1,0
1,7,1,1,3,68,FRANCE,ALSACE,066,68066,COLMAR,AVENUE GEORGES CLEMENCEAU,395323,0,4,VC,0,2,3,,,0,4,,,,1,,0,0,1,0
1,5,1,1,1,68,FRANCE,ALSACE,300,68300,SAUSHEIM,RD 432,395325,3,3,RD,432,3,4,0,0,0,1,0,0,,1,7,0,1,0,0
1,1,1,1,3,68,FRANCE,ALSACE,066,68066,COLMAR,AVENUE DE LORRAINE,395381,0,3,RD,0,2,2,53,850,1,1,,,,1,33,0,1,0,0
1,7,2,1,3,68,FRANCE,ALSACE,066,68066,COLMAR,RUE DU LADHOF,395389,0,3,RD,0,2,2,,,1,1,,,,1,7,0,1,1,0
1,7,1,1,5,68,FRANCE,ALSACE,066,68066,COLMAR,AVENUE DU GENERAL DE GAULLE,395423,2,3,RD,417,2,4,35,880,1,5,,,,1,33,0,1,0,0
1,8,1,1,6,68,FRANCE,ALSACE,224,68224,MULHOUSE,AVENUE D'ALTKIRCH,395455,0,3,RD,432,2,2,0,410,0,1,4773721,733445,,1,,0,0,1,0
1,7,1,1,6,68,FRANCE,ALSACE,066,68066,COLMAR,BOULEVARDDU CHAMP DE MARS,395487,0,4,VC,,1,2,,,1,1,4807763,735477,,1,7,0,1,1,0
5,9,1,1,6,69,FRANCE,RHONE-ALPES,388,69388,LYON,RUE DU PROFESSEUR ROLLET,395493,0,4,VC,0,1,0,,,0,1,,,,1,5,0,1,0,0
1,9,1,1,6,69,FRANCE,RHONE-ALPES,389,69389,LYON,QUAI PAUL SEDAILLIAN,395541,0,3,RD,0,3,0,,,0,1,,,,1,,0,0,1,0
5,9,5,1,3,69,FRANCE,RHONE-ALPES,387,69387,LYON,COURS GAMBETTA,395612,0,4,VC,0,3,5,,,0,1,,,,1,7,0,1,1,0
2,9,1,1,6,69,FRANCE,RHONE-ALPES,387,69387,LYON,GRANDE RUE DE LA GUILLOTIERE ,395643,0,4,VC,0,1,2,,,0,1,,,,1,33,0,0,1,0
5,6,6,1,2,69,FRANCE,RHONE-ALPES,290,69290,SAINT-PRIEST,ROUTE D'HEYRIEUX,395663,5,4,VC,0,1,2,,,1,5,,,,1,7,0,1,1,0
1,1,1,1,1,69,FRANCE,RHONE-ALPES,204,69204,SAINT-GENIS-LAVAL,RD 2,395668,0,3,RD,2,2,0,0,0,0,1,0,0,,1,7,0,1,0,0
1,4,6,1,1,69,FRANCE,RHONE-ALPES,028,69028,BRINDAS,RD 50,395698,5,3,RD,50,4,2,0,0,0,1,0,0,,1,10,0,1,0,0
1,1,1,1,1,69,FRANCE,RHONE-ALPES,203,69203,SAINT-GENIS-L'ARGENTIERE,RD 489,395702,0,3,RD,489,2,2,33,800,0,1,0,0,,1,10,0,1,0,0
1,3,1,3,3,69,FRANCE,RHONE-ALPES,201,69201,SAINTE-FOY-L'ARGENTIERE,RD 489,395712,0,3,RD,489,2,2,37,0,0,1,0,0,,1,7,0,1,0,0
5,9,3,1,3,69,FRANCE,RHONE-ALPES,387,69387,LYON,RUE JABOULAY,395720,0,4,VC,0,1,1,,,0,1,,,,1,2,0,0,1,0
1,4,3,1,3,69,FRANCE,RHONE-ALPES,141,69141,MORNANT,RD 63,395771,0,3,RD,63,2,2,1,500,0,1,0,0,,1,7,0,1,0,0
1,9,1,1,3,69,FRANCE,RHONE-ALPES,383,69383,LYON,AVENUE FELIX FAURE,395779,0,4,VC,0,2,3,,,0,1,,,,1,30,0,0,1,0
1,1,1,8,3,69,FRANCE,RHONE-ALPES,084,69084,FLEURIE,RD 32,395780,0,3,RD,32,2,2,5,300,0,1,0,0,,1,7,0,1,0,0
1,1,6,1,3,69,FRANCE,RHONE-ALPES,086,69086,FLEURIEUX-SUR-L'ARBRESLE,RN 7,395791,5,2,RN,7,0,0,29,500,0,1,0,0,,1,7,0,1,0,0
1,4,1,1,1,69,FRANCE,RHONE-ALPES,006,69006,AMPLEPUIS,Autre 0,395806,1,9,Autre,0,2,0,0,0,0,1,0,0,,1,7,0,1,0,0
5,9,1,1,6,69,FRANCE,RHONE-ALPES,384,69384,LYON,RUE AIME BOUSSANGE,395855,0,4,VC,0,2,2,,,0,1,,,,1,,0,0,1,0
1,4,1,1,3,69,FRANCE,RHONE-ALPES,064,69064,CONDRIEU,RD 386,395866,0,3,RD,386,2,1,0,0,0,1,0,0,,1,38,0,1,0,0
1,6,9,1,3,69,FRANCE,RHONE-ALPES,029,69029,BRON,RUE MARCEL BRAMET,395877,0,4,VC,0,0,1,0,0,0,4,,,,1,32,0,1,0,0
1,5,1,1,6,69,FRANCE,RHONE-ALPES,244,69244,TASSIN-LA-DEMI-LUNE,VC 0,395891,0,4,VC,0,2,2,0,0,0,1,0,0,,1,,0,0,1,0
5,9,2,2,3,69,FRANCE,RHONE-ALPES,383,69383,LYON,COURS GAMBETTA,395927,0,4,VC,0,2,3,,,3,1,,,,1,7,0,1,1,0
1,1,1,1,1,69,FRANCE,RHONE-ALPES,269,69269,YZERON,RD 113,395937,0,3,RD,113,2,0,0,0,0,0,0,0,,1,,0,0,1,0
1,1,1,1,2,69,FRANCE,RHONE-ALPES,268,69268,VOURLES,RD 114,395993,0,3,RD,114,2,0,0,0,0,1,0,0,,1,7,0,1,0,0
1,8,2,1,6,69,FRANCE,RHONE-ALPES,266,69266,VILLEURBANNE,RUE LOUIS GUERIN,396009,0,4,VC,0,2,2,,,0,1,,,,1,7,0,1,0,0
1,9,1,1,1,69,FRANCE,RHONE-ALPES,389,69389,LYON,QUAI ARLOING,396043,0,4,VC,0,2,4,,,0,1,,,,1,31,0,1,0,0
1,1,1,1,3,70,FRANCE,FRANCHE-COMTE,513,70513,VAIVRE-ET-MONTOILLE,AVENUE DES RIVES DEU LAC,396057,0,4,VC,0,2,2,0,1,0,1,,,,1,33,0,1,0,0
1,2,2,1,3,71,FRANCE,BOURGOGNE,245,71245,JUGY,VC 0,396125,0,4,VC,0,2,2,0,0,0,1,0,0,,1,7,0,1,0,0
1,5,6,1,3,71,FRANCE,BOURGOGNE,342,71342,PARAY-LE-MONIAL,VC 0,396162,5,4,VC,0,0,0,0,0,0,1,0,0,,1,7,0,1,0,0
1,5,1,1,4,71,FRANCE,BOURGOGNE,543,71543,TOURNUS,RD 37,396165,0,3,RD,37,2,2,14,400,0,1,4656700,491800,,1,30,0,1,0,0
1,1,1,1,2,71,FRANCE,BOURGOGNE,110,71110,CHASSIGNY-SOUS-DUN,RD 987,396234,0,3,RD,987,2,2,8,900,0,1,4624900,427500,,1,10,0,1,0,0
1,7,9,1,3,71,FRANCE,BOURGOGNE,076,71076,CHALON-SUR-SAONE,RUE ANDRE GIDE,396291,0,4,VC,,2,2,,,0,1,4679760,484401,,1,7,0,1,0,0
1,4,1,1,1,72,FRANCE,PAYS DE LA LOIRE,373,72373,VIBRAYE,VC 0,396345,0,4,VC,0,1,0,0,0,0,1,0,0,,1,32,0,1,0,0
1,4,2,1,1,72,FRANCE,PAYS DE LA LOIRE,300,72300,SAINT-MARS-LA-BRIERE,VC 0,396392,0,4,VC,0,2,2,0,0,0,1,0,0,,1,7,0,1,0,0
1,3,1,1,1,72,FRANCE,PAYS DE LA LOIRE,062,72062,CHAPELLE-DU-BOIS (LA),RD 2,396393,0,3,RD,2,2,0,0,0,0,1,4822600,59400,,1,15,0,1,0,0
1,5,1,1,1,72,FRANCE,PAYS DE LA LOIRE,132,72132,FERTE-BERNARD (LA),Autre 0,396398,0,9,Autre,0,2,0,0,0,0,1,4819300,64600,,1,7,0,1,0,0
3,1,1,3,1,73,FRANCE,RHONE-ALPES,028,73028,BALME (LA),RD 1516,396480,0,3,RD,1516,2,2,8,350,0,1,4566300,570100,,1,7,0,1,0,0
1,1,9,1,6,73,FRANCE,RHONE-ALPES,328,73328,VIVIERS-DU-LAC,RD 1201,396500,5,3,RD,1201,3,2,13,120,2,5,4566100,589500,,1,10,0,1,0,0
1,1,3,7,5,73,FRANCE,RHONE-ALPES,124,73124,GILLY-SUR-ISERE,RD 990,396536,0,3,RD,990,2,2,20,520,2,1,4565700,634000,,1,7,0,1,0,0
1,7,1,1,3,73,FRANCE,RHONE-ALPES,065,73065,CHAMBERY,PARKING SNCF,396543,6,4,VC,0,1,1,,,0,4,4557007,592019,,1,,0,1,0,0
1,5,1,1,1,74,FRANCE,RHONE-ALPES,011,74011,ANNECY-LE-VIEUX,Autre 0,396555,0,9,Autre,0,2,2,0,0,0,1,4590900,613100,,1,7,0,1,0,0
2,5,6,1,1,74,FRANCE,RHONE-ALPES,011,74011,ANNECY-LE-VIEUX,VC 5,396571,5,4,VC,5,2,2,25,0,0,1,0,0,,1,7,0,1,0,0
1,7,2,1,6,74,FRANCE,RHONE-ALPES,010,74010,ANNECY,VAUGELAS,396593,0,4,VC,0,1,2,,,3,1,,,,1,,0,0,1,0
1,1,1,1,1,74,FRANCE,RHONE-ALPES,242,74242,SAINT-JORIOZ,Autre 0,396610,0,9,Autre,0,2,2,0,0,1,5,0,0,,1,,0,0,1,0
1,7,1,1,6,74,FRANCE,RHONE-ALPES,010,74010,ANNECY,AVENUE ALBIGNY,396679,0,3,RD,909,2,0,0,60,0,1,,,,1,7,0,1,1,0
1,4,3,1,1,74,FRANCE,RHONE-ALPES,272,74272,SILLINGY,RUE GENETTE,396699,,4,VC,,2,2,,,,,0,0,,1,7,0,1,0,0
1,1,3,1,3,74,FRANCE,RHONE-ALPES,223,74223,RIVIERE-ENVERSE (LA),RD 4,396727,,3,RD,4,,,32,860,,,0,0,,1,7,0,1,0,0
1,1,2,1,3,74,FRANCE,RHONE-ALPES,242,74242,SAINT-JORIOZ,RD 1508,396729,0,3,RD,1508,2,2,51,950,0,1,0,0,,1,30,0,1,0,0
2,7,3,1,6,74,FRANCE,RHONE-ALPES,010,74010,ANNECY,AVENUE ALBIGNY,396784,0,4,VC,,2,2,,,0,1,,,,1,33,0,1,0,0
1,9,2,1,2,75,FRANCE,ILE-DE-FRANCE,012,75012,PARIS,ROUTE DAUPHINE,396799,0,4,VC,,2,4,1009,0,0,1,,,,1,,0,1,0,0
1,9,3,1,3,75,FRANCE,ILE-DE-FRANCE,011,75011,PARIS,RUE LACHARRIERE ,396803,0,4,VC,,1,1,1009,0,0,1,,,,1,5,0,1,0,0
1,9,1,1,1,75,FRANCE,ILE-DE-FRANCE,012,75012,PARIS,RUE TAINE ,396807,0,4,VC,,2,2,2009,40,0,1,,,,1,4,0,0,1,0
5,9,2,8,3,75,FRANCE,ILE-DE-FRANCE,005,75005,PARIS,RUE ECOLES ,396816,0,4,VC,,1,1,1009,0,0,1,,,,1,,0,0,1,0
1,9,3,8,3,75,FRANCE,ILE-DE-FRANCE,008,75008,PARIS,PLACE CONCORDE ,396843,0,4,VC,,2,4,1009,0,0,1,,,,1,5,0,0,1,0
1,9,1,1,6,75,FRANCE,ILE-DE-FRANCE,006,75006,PARIS,QUAI MALAQUAIS,396848,0,4,VC,,2,3,2101,9,3,1,,,,1,,0,1,0,0
1,9,1,1,6,75,FRANCE,ILE-DE-FRANCE,011,75011,PARIS,RUE FAUBOURG SAINT ANTOINE ,396900,0,4,VC,,2,2,2009,248,0,1,,,,1,,0,1,0,0
1,9,2,1,3,75,FRANCE,ILE-DE-FRANCE,013,75013,PARIS,AVENUE FRANCE,396910,0,4,VC,,1,2,1009,0,0,1,,,,1,4,0,1,0,0
1,9,1,1,6,75,FRANCE,ILE-DE-FRANCE,119,75119,PARIS,RUE DE BELLEVILLE,396936,0,4,VC,0,2,2,,,0,1,,,,1,,0,0,1,0
1,9,1,1,3,75,FRANCE,ILE-DE-FRANCE,103,75103,PARIS,RUE REAUMUR,396939,0,4,VC,0,1,28,,,0,1,,,,1,32,0,1,0,0
2,9,1,1,6,75,FRANCE,ILE-DE-FRANCE,116,75116,PARIS,ROUTE DE SEVRES A NEUILLY,396942,0,9,Autre,0,2,1,,,0,5,,,,1,,0,0,1,0
1,9,1,1,2,75,FRANCE,ILE-DE-FRANCE,112,75112,PARIS,ROUTE DE BOURDON,396948,0,4,VC,0,0,1,,,1,5,,,,1,,0,1,0,0
1,9,1,1,7,75,FRANCE,ILE-DE-FRANCE,116,75116,PARIS,CARREFOUR DE NORVEGE,396949,0,4,VC,0,1,1,,,1,5,,,,1,,0,1,0,0
5,9,1,1,3,75,FRANCE,ILE-DE-FRANCE,109,75109,PARIS,RUE CONDORCET,396956,0,4,VC,0,1,1,,,0,1,,,,1,33,0,1,0,0
5,9,3,2,3,75,FRANCE,ILE-DE-FRANCE,107,75107,PARIS,AVENUE DE LA MOTTE PICQUET,396970,0,4,VC,0,2,3,,,0,1,,,,1,30,0,1,0,0
5,9,2,1,6,75,FRANCE,ILE-DE-FRANCE,117,75117,PARIS,RUE LEGENDRE,396991,0,4,VC,0,2,3,,,0,1,,,,1,,0,0,1,0
1,9,1,8,6,75,FRANCE,ILE-DE-FRANCE,116,75116,PARIS,ROUTE DES TRIBUNES,397010,0,5,Hors_reseau,0,1,1,,,1,5,,,,1,,0,0,1,0
1,9,1,1,1,75,FRANCE,ILE-DE-FRANCE,104,75104,PARIS,BOULEVARD BEAUMARCHAIS,397028,5,4,VC,0,2,6,,,0,1,,,,1,31,0,1,0,0
1,9,1,1,2,75,FRANCE,ILE-DE-FRANCE,116,75116,PARIS,ROUTE DE SEVRES A NEUILLY,397034,0,4,VC,0,1,0,,,1,5,,,,1,,0,1,0,0
1,9,1,1,3,75,FRANCE,ILE-DE-FRANCE,114,75114,PARIS,RUE D'ALESIA,397037,0,4,VC,0,2,3,,,3,1,,,,1,33,0,0,1,0
1,9,3,1,3,75,FRANCE,ILE-DE-FRANCE,111,75111,PARIS,RUE DE CRUSSOL,397040,0,4,VC,0,1,0,,,0,1,,,,1,33,0,1,0,0
4,9,2,1,3,75,FRANCE,ILE-DE-FRANCE,109,75109,PARIS,RUE DU HAVRE,397048,5,4,VC,0,2,2,,,0,1,,,,1,32,0,0,1,0
5,9,1,1,1,75,FRANCE,ILE-DE-FRANCE,111,75111,PARIS,RUE DU FAUBOURG DU TEMPLE,397067,0,4,VC,0,1,1,,,0,1,,,,1,34,0,1,0,0
1,9,3,1,3,75,FRANCE,ILE-DE-FRANCE,104,75104,PARIS,RUE DU PONT LOUIS PHILIPPE,397069,0,4,VC,0,1,1,,,0,1,,,,1,30,0,0,1,0
5,9,5,1,6,75,FRANCE,ILE-DE-FRANCE,118,75118,PARIS,RUE SIMART,397072,0,4,VC,0,1,1,,,0,1,,,,1,,0,1,1,0
1,9,2,1,6,75,FRANCE,ILE-DE-FRANCE,119,75119,PARIS,AVENUE SECRETAN,397082,0,4,VC,0,2,2,,,0,1,,,,1,,0,0,1,0
1,9,1,1,3,75,FRANCE,ILE-DE-FRANCE,109,75109,PARIS,BOULEVARD DE LA MADELEINE,397102,0,4,VC,0,3,2,,,0,1,,,,1,7,0,1,0,0
1,9,1,1,6,75,FRANCE,ILE-DE-FRANCE,112,75112,PARIS,AVENUE DU DOCTEUR ARNOLD NETTER,397123,0,4,VC,0,2,2,,,0,1,,,,1,,0,0,1,0
1,9,1,1,2,75,FRANCE,ILE-DE-FRANCE,112,75112,PARIS,ROUTE DAUPHINE,397141,0,4,VC,0,1,1,,,1,5,,,,1,,0,1,0,0
1,9,1,1,3,75,FRANCE,ILE-DE-FRANCE,107,75107,PARIS,QUAI ANATOLE FRANCE,397150,0,4,VC,0,1,2,,,0,1,,,,1,34,0,0,1,0
3,9,1,2,1,75,FRANCE,ILE-DE-FRANCE,118,75118,PARIS,RUE MARX DORMOY,397164,0,4,VC,0,2,2,,,0,1,,,,1,30,0,1,0,0
1,9,1,1,6,75,FRANCE,ILE-DE-FRANCE,116,75116,PARIS,ROUTE DE SEVRES A NEUILLY,397202,0,4,VC,0,2,4,,,0,1,,,,1,33,0,0,1,0
1,9,2,1,6,75,FRANCE,ILE-DE-FRANCE,101,75101,PARIS,RUE ETIENNE MARCEL,397238,0,4,VC,0,2,3,,,0,1,,,,1,34,0,1,0,0
1,9,1,1,3,75,FRANCE,ILE-DE-FRANCE,108,75108,PARIS,BOULEVARD DES BATIGNOLLES,397254,0,4,VC,0,1,3,,,1,1,,,,1,33,0,1,0,0
5,9,1,1,1,75,FRANCE,ILE-DE-FRANCE,104,75104,PARIS,QUAI DES CELESTINS,397265,0,4,VC,0,0,2,,,1,5,,,,1,,0,1,0,0
1,9,5,1,3,75,FRANCE,ILE-DE-FRANCE,107,75107,PARIS,PLACE VAUBAN,397266,0,4,VC,0,2,1,,,0,1,,,,1,33,0,0,1,0