lum,agg,int,atm,col,dep_bis,pays,region,com_bis,com_codeINSEE,communes,N_voie,numac,infra,catr,type_route,voie,circ,nbv,pr,pr1,vosp,situ,lat,long,adr,accident_velo,vehicule_imp,cycl_mort,cycl_bgv,cycl_blg,cycl_indm
1,9,2,1,6,75,FRANCE,ILE-DE-FRANCE,109,75109,PARIS,BOULEVARD DE ROCHECHOUART,397275,0,4,VC,0,3,4,,,3,1,,,,1,,0,0,1,0
5,9,2,1,6,75,FRANCE,ILE-DE-FRANCE,120,75120,PARIS,RUE DE BAGNOLET,397312,0,4,VC,0,1,1,,,0,1,,,,1,7,0,1,1,0
1,9,5,1,3,75,FRANCE,ILE-DE-FRANCE,119,75119,PARIS,PLACE DE LA BATAILLE DE STALINGRAD,397317,5,4,VC,0,3,3,,,1,1,,,,1,2,0,1,0,0
2,6,3,1,3,76,FRANCE,HAUTE-NORMANDIE,498,76498,PETIT-QUEVILLY (LE),RUE JACQUARD,397372,0,4,VC,0,2,2,,,0,1,,,,1,7,0,1,1,0
2,4,1,1,3,76,FRANCE,HAUTE-NORMANDIE,366,76366,HOULME (LE),RUE DE VERDUN ,397440,0,4,VC,0,2,1,,,0,1,,,,1,30,0,0,0,1
5,3,1,1,3,76,FRANCE,HAUTE-NORMANDIE,715,76715,TROUVILLE,RD 40,397449,0,3,RD,40,2,2,0,0,0,1,0,0,,1,7,0,1,0,0
1,5,1,1,2,76,FRANCE,HAUTE-NORMANDIE,495,76495,PAVILLY,VC 6,397473,0,4,VC,6,2,1,0,0,0,1,0,0,,1,30,0,1,0,0
2,1,2,8,1,76,FRANCE,HAUTE-NORMANDIE,202,76202,CROIXDALLE,RD 12,397550,0,3,RD,12,2,2,4,800,0,1,0,0,,1,7,0,1,0,0
1,1,1,1,6,76,FRANCE,HAUTE-NORMANDIE,474,76474,NOTRE-DAME-DE-BONDEVILLE,RUE DE L'ABBAYE,397552,0,3,RD,0,2,2,,,0,1,,,,1,7,0,1,0,0
1,5,1,2,3,76,FRANCE,HAUTE-NORMANDIE,216,76216,DEVILLE-LES-ROUEN,RUE GEORGES HEBERT,397564,0,4,VC,0,2,2,,,0,1,,,,1,30,0,1,0,0
1,8,2,1,6,76,FRANCE,HAUTE-NORMANDIE,540,76540,ROUEN,QUAI HAUT DU HAVRE,397568,0,2,RN,15,0,4,13,710,0,1,,,,1,7,0,0,1,0
1,3,1,1,6,77,FRANCE,ILE-DE-FRANCE,241,77241,JUILLY,RUE BARRE,397658,0,3,RD,0,2,1,,,0,1,,,,1,,0,0,1,0
1,5,1,1,2,77,FRANCE,ILE-DE-FRANCE,249,77249,LESIGNY,RUE DE VILLARCEAU,397712,0,4,VC,0,2,2,1,0,1,1,,,,1,33,0,1,0,0
1,3,1,1,3,77,FRANCE,ILE-DE-FRANCE,261,77261,LORREZ-LE-BOCAGE-PREAUX,RD 218,397741,0,3,RD,218,2,2,16,850,0,1,4824400,290300,,1,10,0,1,0,0
3,1,1,1,1,77,FRANCE,ILE-DE-FRANCE,518,77518,VILLIERS-EN-BIERE,CHEMIN DE FORTOISEAU,397759,0,4,VC,0,1,1,,,0,1,,,,1,,0,0,1,0
2,1,1,1,5,77,FRANCE,ILE-DE-FRANCE,011,77011,AUFFERVILLE,RD 7,397778,0,3,RD,7,2,2,12,105,0,1,4819000,259200,,1,10,0,1,0,0
1,1,2,1,3,77,FRANCE,ILE-DE-FRANCE,384,77384,REAU,RD 305,397844,5,3,RD,305,3,2,6,401,0,1,,,,1,33,0,1,0,0
1,1,1,1,2,77,FRANCE,ILE-DE-FRANCE,158,77158,DIANT,RD 219,397848,0,3,RD,219,2,2,2,400,0,1,0,0,,1,7,0,1,0,0
1,4,1,1,6,77,FRANCE,ILE-DE-FRANCE,018,77018,BAILLY-ROMAINVILLIERS,RUE DES MARNONS,397898,0,4,VC,0,2,2,,,0,1,,,,1,7,0,1,0,0
1,6,9,1,3,77,FRANCE,ILE-DE-FRANCE,468,77468,TORCY,AVENUE GEORGES BRASSENS,397900,0,3,RD,0,2,2,,,0,1,,,,1,33,0,0,1,0
2,5,1,1,3,77,FRANCE,ILE-DE-FRANCE,390,77390,ROISSY-EN-BRIE,ROUTE DE MONTHETY,397960,0,4,VC,,2,2,,,0,1,4878436,264958,,1,33,0,1,0,0
1,1,1,1,6,78,FRANCE,ILE-DE-FRANCE,551,78551,SAINT-GERMAIN-EN-LAYE,ROUTE DE LA PORTE DAUPHINE,398049,6,3,RD,0,0,1,,,0,1,,,,1,,0,0,1,0
1,3,1,1,1,78,FRANCE,ILE-DE-FRANCE,084,78084,BOISSY-SANS-AVOIR,VC 0,398069,0,4,VC,0,0,0,0,0,0,1,4882300,179400,,1,7,0,1,0,0
3,1,1,1,1,78,FRANCE,ILE-DE-FRANCE,043,78043,BAILLY,RD 7,398076,0,3,RD,7,2,2,0,0,0,1,4884600,208700,,1,7,0,1,0,0
5,5,1,2,6,78,FRANCE,ILE-DE-FRANCE,688,78688,VOISINS-LE-BRETONNEUX,CD 36,398082,0,4,VC,0,2,0,,,1,5,,,,1,33,0,1,0,0
1,1,1,1,6,78,FRANCE,ILE-DE-FRANCE,401,78401,MEULAN,D 922,398103,0,3,RD,0,2,3,1,0,0,1,,,,1,7,0,0,1,0
1,7,1,1,3,78,FRANCE,ILE-DE-FRANCE,646,78646,VERSAILLES,RUE DU MARECHAL FOCH,398126,0,4,VC,0,2,2,,,0,1,,,,1,32,0,0,1,0
1,7,1,1,6,78,FRANCE,ILE-DE-FRANCE,646,78646,VERSAILLES,RUE DU MARECHAL FOCH,398157,0,4,VC,0,2,2,0,0,3,1,4880980,213393,,1,,0,1,0,0
2,5,3,1,3,78,FRANCE,ILE-DE-FRANCE,123,78123,CARRIERES-SOUS-POISSY,BOULEVARD PELLETIER ,398168,0,3,RD,55,2,2,1,300,0,1,4894920,204260,,1,32,0,1,0,0
1,6,1,1,2,78,FRANCE,ILE-DE-FRANCE,172,78172,CONFLANS-SAINTE-HONORINE,AVENUE CARNOT,398174,0,4,VC,0,2,2,0,0,0,1,4900710,209338,,1,7,0,0,1,0
1,1,1,1,5,78,FRANCE,ILE-DE-FRANCE,356,78356,MAGNY-LES-HAMEAUX,RD 195,398256,0,3,RD,195,2,2,5,200,0,1,4873400,207600,,1,10,0,1,0,0
1,5,3,1,6,78,FRANCE,ILE-DE-FRANCE,117,78117,BUC,RUE LOUIS BLERIOT,398282,0,3,RD,938,2,2,3,405,0,1,4877660,212965,,1,,0,1,0,0
1,7,1,1,6,78,FRANCE,ILE-DE-FRANCE,646,78646,VERSAILLES,BOULEVARD DE LA REINE,398284,0,4,VC,0,3,4,,,0,1,,,,1,,0,1,0,0
1,5,1,7,6,79,FRANCE,POITOU-CHARENTES,329,79329,THOUARS,RUE PORTE DE PARIS,398353,6,4,VC,0,1,1,,,3,1,,,,1,,0,0,1,0
1,8,1,1,6,80,FRANCE,PICARDIE,021,80021,AMIENS,RUE CONDORCET,398451,0,4,VC,0,2,2,,,0,1,,,,1,7,0,1,1,0
4,4,1,1,1,80,FRANCE,PICARDIE,011,80011,AILLY-SUR-SOMME,RD 1235,398463,0,3,RD,1235,3,0,7,700,0,1,0,0,,1,33,0,1,0,0
1,6,1,1,1,81,FRANCE,MIDI-PYRENEES,065,81065,CASTRES,AVENUE DE LAVAUR,398493,0,3,RD,0,2,2,,,0,1,,,,1,7,0,1,1,0
1,1,1,1,2,81,FRANCE,MIDI-PYRENEES,038,81038,BRENS,RD 87,398497,0,3,RD,87,2,2,19,300,0,1,4388000,189000,,1,7,0,0,1,0
1,1,1,1,1,81,FRANCE,MIDI-PYRENEES,128,81128,LACROUZETTE,RD 30,398520,0,3,RD,30,4,0,18,0,3,1,0,0,,1,,0,0,1,0
1,1,1,1,3,81,FRANCE,MIDI-PYRENEES,262,81262,SAINT-MARCEL-CAMPES,RD 91,398527,0,3,RD,91,2,2,19,100,0,1,4408400,199300,,1,33,0,0,1,0
1,1,1,1,1,81,FRANCE,MIDI-PYRENEES,242,81242,SAINT-AVIT,RD 14,398533,0,3,RD,14,2,2,68,600,0,1,0,0,,1,7,0,1,0,0
1,7,1,1,6,82,FRANCE,MIDI-PYRENEES,121,82121,MONTAUBAN,BOULEVARD VINCENT AURIOL,398613,0,4,VC,0,2,2,,,0,1,,,,1,2,0,1,0,0
1,1,6,1,3,83,FRANCE,PROVENCE-ALPES-COTE-D'AZUR,099,83099,PUGET-SUR-ARGENS,RN 7,398643,0,2,RN,7,2,0,0,0,0,1,0,0,,1,33,0,1,0,1
1,8,1,1,1,83,FRANCE,PROVENCE-ALPES-COTE-D'AZUR,137,83137,TOULON,BOULEVARD DR FRANCOIS FENELON,398647,0,4,VC,0,2,1,,,0,1,,,,1,7,0,1,0,0
1,6,1,1,3,83,FRANCE,PROVENCE-ALPES-COTE-D'AZUR,061,83061,FREJUS,RUE DES COMBATTANTS D'AFRIQUE DU NORD,398682,0,3,RD,0,2,2,,,0,1,,,,1,7,0,1,1,0
1,7,1,1,3,83,FRANCE,PROVENCE-ALPES-COTE-D'AZUR,126,83126,SEYNE-SUR-MER (LA),CD63,398685,0,3,RD,0,2,2,5,0,0,1,,,,1,2,0,0,1,0
1,4,1,1,3,83,FRANCE,PROVENCE-ALPES-COTE-D'AZUR,068,83068,GRIMAUD,RD 558,398709,0,3,RD,558,2,2,0,0,0,1,0,0,,1,7,0,1,0,0
2,1,1,1,1,83,FRANCE,PROVENCE-ALPES-COTE-D'AZUR,112,83112,SAINT-CYR-SUR-MER,RD 559,398724,0,3,RD,559,2,2,4,600,0,1,0,0,,1,7,0,1,0,0
1,1,1,1,1,83,FRANCE,PROVENCE-ALPES-COTE-D'AZUR,096,83096,POURCIEUX,RN 7,398729,5,2,RN,7,3,2,0,0,0,1,0,0,,1,33,0,1,0,0
5,5,1,1,3,83,FRANCE,PROVENCE-ALPES-COTE-D'AZUR,153,83153,SAINT-MANDRIER-SUR-MER,QUAI JULES GUESDE,398752,0,4,VC,0,3,2,,,0,1,,,,1,7,0,1,1,0
1,6,1,1,7,83,FRANCE,PROVENCE-ALPES-COTE-D'AZUR,050,83050,DRAGUIGNAN,CHEMIN DES NEGADIS,398824,0,4,VC,0,2,1,,,0,1,,,,1,30,0,0,1,0
1,6,1,1,6,83,FRANCE,PROVENCE-ALPES-COTE-D'AZUR,129,83129,SIX-FOURS-LES-PLAGES,AVENUE JF KENNEDY,398830,0,4,VC,0,2,2,,,0,1,,,,1,34,0,1,0,0
1,1,1,1,2,83,FRANCE,PROVENCE-ALPES-COTE-D'AZUR,016,83016,BEAUSSET (LE),RN 8,398838,0,2,RN,8,2,0,0,0,0,1,0,0,,1,33,0,1,0,0
1,1,1,1,1,83,FRANCE,PROVENCE-ALPES-COTE-D'AZUR,073,83073,LUC (LE),RD 33,398887,0,3,RD,33,2,2,19,200,0,1,4335300,634200,,1,10,0,1,0,0
1,5,1,3,5,83,FRANCE,PROVENCE-ALPES-COTE-D'AZUR,098,83098,PRADET (LE),CHEMIN DE LA FOUX,398890,0,4,VC,0,2,2,,,0,1,,,,1,7,0,0,1,0
5,8,2,1,6,83,FRANCE,PROVENCE-ALPES-COTE-D'AZUR,137,83137,TOULON,AVENUE AMIRAL COLLET,398913,0,9,Autre,0,1,2,,,0,1,,,,1,,0,0,1,0
5,5,9,1,1,83,FRANCE,PROVENCE-ALPES-COTE-D'AZUR,119,83119,SAINT-TROPEZ,VC 2,399025,0,4,VC,2,1,0,0,0,0,1,0,0,,1,32,0,1,0,0
3,1,1,1,6,84,FRANCE,PROVENCE-ALPES-COTE-D'AZUR,077,84077,MODENE,RD 974,399058,0,3,RD,974,2,0,7,500,0,1,0,0,,1,7,0,0,1,0
1,7,1,1,2,84,FRANCE,PROVENCE-ALPES-COTE-D'AZUR,007,84007,AVIGNON,Avenue des SOURCES,399066,0,4,VC,0,2,2,,,1,1,,,,1,7,0,1,1,0
1,1,1,1,1,84,FRANCE,PROVENCE-ALPES-COTE-D'AZUR,069,84069,MALAUCENE,RD 242,399127,0,3,RD,242,2,2,5,290,0,1,0,0,,1,33,0,1,0,0
1,5,1,1,1,84,FRANCE,PROVENCE-ALPES-COTE-D'AZUR,122,84122,SARRIANS,RD 950,399148,3,3,RD,950,2,2,0,0,0,3,4408800,497500,,1,31,0,1,0,0
1,1,1,1,5,84,FRANCE,PROVENCE-ALPES-COTE-D'AZUR,138,84138,VALREAS,RD 47,399191,0,3,RD,47,2,2,0,0,0,1,4440800,499000,,1,33,0,1,0,0
1,1,1,1,5,84,FRANCE,PROVENCE-ALPES-COTE-D'AZUR,142,84142,VELLERON,RD 938,399201,0,3,RD,938,2,0,0,0,1,5,0,0,,1,3,0,0,1,0
1,7,1,1,3,84,FRANCE,PROVENCE-ALPES-COTE-D'AZUR,007,84007,AVIGNON,PONT DE LEO SUR DURANCE,399213,2,2,RN,,3,4,5,450,0,1,,,,1,33,0,1,0,0
3,1,1,2,3,85,FRANCE,PAYS DE LA LOIRE,019,85019,BELLEVILLE-SUR-VIE,RD 6,399251,0,3,RD,6,2,2,0,0,0,1,4678600,-143400,,1,33,0,1,0,0
1,5,1,1,1,85,FRANCE,PAYS DE LA LOIRE,194,85194,SABLES-D'OLONNE (LES),VOIE COMMUNALE 109,399276,0,4,VC,0,2,2,,,1,5,,,,1,,0,1,0,0
1,3,1,1,6,85,FRANCE,PAYS DE LA LOIRE,162,85162,NIEUL-SUR-L'AUTISE,RD 104,399287,0,3,RD,104,2,1,11,300,0,1,4643800,-68400,,1,,0,0,1,0
1,4,1,1,6,86,FRANCE,POITOU-CHARENTES,095,86095,DISSAY,Autre 0,399390,6,9,Autre,0,1,2,0,0,0,1,0,0,,1,,0,0,1,0
5,7,1,1,7,86,FRANCE,POITOU-CHARENTES,194,86194,POITIERS,BOULEVARD FRANCOIS ALBERT,399420,0,4,VC,0,2,2,,,2,1,,,,1,,0,1,1,0
1,1,9,1,1,86,FRANCE,POITOU-CHARENTES,039,86039,BRUX,VC 0,399469,0,4,VC,0,2,1,0,0,0,1,4622600,20600,,1,7,0,1,0,0
1,1,3,1,3,87,FRANCE,LIMOUSIN,192,87192,SOLIGNAC,RD 32,399514,5,3,RD,32,2,2,15,500,0,1,4576700,124100,,1,,0,1,0,0
1,8,2,1,3,87,FRANCE,LIMOUSIN,085,87085,LIMOGES,RUE DU GRAND-TREUIL,399521,0,4,VC,0,2,2,,,0,1,,,,1,7,0,1,1,0
1,3,9,1,2,88,FRANCE,LORRAINE,498,88498,VECOUX,RD 35,399598,0,3,RD,35,2,2,4,0,0,1,4798200,663700,,1,33,0,1,0,0
1,5,1,1,6,88,FRANCE,LORRAINE,196,88196,GERARDMER,RD 486,399631,0,3,RD,486,1,2,35,720,0,1,4806970,687541,,1,,0,0,1,0
5,5,3,8,3,88,FRANCE,LORRAINE,465,88465,THAON-LES-VOSGES,VC 0,399637,0,4,VC,0,2,2,0,0,0,1,4825340,641103,,1,7,0,1,0,0
1,1,1,1,1,88,FRANCE,LORRAINE,381,88381,RELANGES,RD 18,399662,0,3,RD,18,2,2,29,386,0,1,4812250,602611,,1,7,0,1,0,0
1,1,1,1,2,88,FRANCE,LORRAINE,196,88196,GERARDMER,RD 417,399673,0,3,RD,417,2,2,27,493,0,1,4807351,683226,,1,7,0,1,0,0
1,5,1,1,3,88,FRANCE,LORRAINE,372,88372,RAON-L'ETAPE,VC 0,399674,0,4,VC,0,2,0,0,0,0,1,4840068,683528,,1,7,0,1,0,0
1,1,1,1,2,89,FRANCE,BOURGOGNE,060,89060,BUSSY-LE-REPOS,RD 1,399686,0,3,RD,1,2,1,15,215,0,1,0,0,,1,31,0,0,1,0
5,4,3,1,3,89,FRANCE,BOURGOGNE,287,89287,PARON,RUE PIERRE CURIE,399716,0,4,VC,0,2,2,,,0,1,,,,1,7,0,1,0,0
3,1,9,1,1,89,FRANCE,BOURGOGNE,478,89478,VINCELLES,RD 85,399728,0,3,RD,85,0,2,41,800,0,1,0,0,,1,10,0,1,1,0
3,1,1,1,3,89,FRANCE,BOURGOGNE,026,89026,AVROLLES,RD 943,399736,0,3,RD,943,2,2,47,0,0,1,0,0,,1,2,0,1,0,0
1,2,1,1,5,89,FRANCE,BOURGOGNE,479,89479,VINCELOTTES,RD 362,399740,0,3,RD,362,2,2,8,400,0,1,0,0,,1,7,0,1,0,0
5,7,2,2,3,90,FRANCE,FRANCHE-COMTE,010,90010,BELFORT,BOULEVARD KENNEDY,399753,5,3,RD,0,3,4,2,180,0,1,,,,1,7,0,1,0,0
1,6,1,1,3,91,FRANCE,ILE-DE-FRANCE,114,91114,BRUNOY,ROUTE NATIONALE 6,399850,0,2,RN,0,3,4,2,0,0,1,,,,1,32,0,1,0,0
2,5,1,2,3,91,FRANCE,ILE-DE-FRANCE,471,91471,ORSAY,AVENUE DU MARECHAL JOFFRE,399908,0,4,VC,0,2,2,,,0,1,,,,1,,0,0,1,0
1,1,9,1,2,91,FRANCE,ILE-DE-FRANCE,235,91235,FLEURY-MEROGIS,RN 445,399920,2,2,RN,445,3,0,0,0,0,1,4863000,235600,,1,99,0,0,1,0
1,5,1,1,6,91,FRANCE,ILE-DE-FRANCE,689,91689,WISSOUS,BOULEVARD DE L'EUROPE,399929,0,9,Autre,0,0,2,,,1,5,,,,1,,0,1,0,0
1,1,1,1,6,91,FRANCE,ILE-DE-FRANCE,479,91479,PARAY-VIEILLE-POSTE,BOULEVARD DE FONTAINEBLEAU,399955,1,9,Autre,0,2,2,,,1,5,,,,1,,0,0,1,0
1,5,4,1,3,92,FRANCE,ILE-DE-FRANCE,071,92071,SCEAUX,RUE CHERRIER ALPHONSE,400006,0,3,RD,0,3,2,,,0,1,,,,1,7,0,1,0,0
1,6,2,1,1,92,FRANCE,ILE-DE-FRANCE,036,92036,GENNEVILLIERS,RUE JEAN JAURES,400054,0,3,RD,0,2,2,,,0,1,,,,1,32,0,1,0,0
1,1,1,1,3,92,FRANCE,ILE-DE-FRANCE,064,92064,SAINT-CLOUD,PARC SAINT CLOUD,400129,0,9,Autre,0,2,1,1,0,3,0,,,,1,,0,1,0,0
1,7,5,1,3,92,FRANCE,ILE-DE-FRANCE,026,92026,COURBEVOIE,QUAI DU PRESIDENT PAUL DOUMER,400209,2,3,RD,7,1,2,0,0,0,1,4889660,226344,,1,7,0,1,0,0
1,7,1,1,3,92,FRANCE,ILE-DE-FRANCE,040,92040,ISSY-LES-MOULINEAUX,AVENUE VICTOR CRESSON,400212,0,3,RD,989,1,2,,,0,1,,,,1,31,0,0,1,0
1,7,1,1,3,93,FRANCE,ILE-DE-FRANCE,048,93048,MONTREUIL,BOULEVARD CHANZY,400254,0,4,VC,0,2,4,,,0,1,,,,1,7,0,0,1,0
1,7,1,1,2,93,FRANCE,ILE-DE-FRANCE,005,93005,AULNAY-SOUS-BOIS,ROUTE DE MITRY,400260,0,4,VC,0,3,4,,,0,1,,,,1,32,0,0,1,0
1,6,1,1,3,93,FRANCE,ILE-DE-FRANCE,027,93027,COURNEUVE (LA),RUE DE LA CONVENTION,400276,0,2,RN,0,1,2,,,0,1,,,,1,32,0,1,0,0
1,7,1,1,2,93,FRANCE,ILE-DE-FRANCE,048,93048,MONTREUIL,RUE DE PARIS,400331,0,2,RN,0,2,1,,,0,1,,,,1,32,0,0,1,0
3,5,1,1,1,93,FRANCE,ILE-DE-FRANCE,033,93033,GOURNAY-SUR-MARNE,HERMANN REGNIER,400336,0,6,Parking,0,2,2,1,0,1,5,,,,1,,0,0,1,0
1,1,6,1,2,93,FRANCE,ILE-DE-FRANCE,078,93078,VILLEPINTE,AUTOROUTE A 104,400345,0,1,Autoroute,0,0,1,,,0,1,,,,1,33,0,1,0,0
2,6,1,1,2,93,FRANCE,ILE-DE-FRANCE,070,93070,SAINT-OUEN,BOULEVARD VICTOR HUGO,400405,0,2,RN,0,1,1,,,0,1,,,,1,34,0,1,0,0
1,6,1,1,3,93,FRANCE,ILE-DE-FRANCE,007,93007,BLANC-MESNIL (LE),AVENUE DANIELLE CASANOVA,400486,0,4,VC,0,2,2,0,0,0,1,4892280,247355,,1,33,0,1,0,0
1,6,1,1,6,93,FRANCE,ILE-DE-FRANCE,071,93071,SEVRAN,ALLEE DU CANAL,400495,0,9,Autre,0,0,0,,,1,5,,,,1,,0,0,1,0
1,7,1,1,6,93,FRANCE,ILE-DE-FRANCE,001,93001,AUBERVILLIERS,RUE DU LANDY,400509,0,4,VC,0,2,2,,,0,1,,,,1,,0,1,0,0
1,6,1,1,3,93,FRANCE,ILE-DE-FRANCE,072,93072,STAINS,AVENUE DE STALINGRAD,400584,0,3,RD,29,2,2,,,0,1,,,,1,7,0,1,0,0
1,5,1,1,6,94,FRANCE,ILE-DE-FRANCE,065,94065,RUNGIS,BOULEVARD CIRCULAIRE,400608,0,9,Autre,0,2,0,,,0,1,,,,1,,0,0,1,0
1,6,3,1,3,94,FRANCE,ILE-DE-FRANCE,076,94076,VILLEJUIF,AVENUE DES HAUTES BRUYERES,400618,0,4,VC,0,2,0,,,0,1,,,,1,7,0,1,1,0
5,6,2,1,3,94,FRANCE,ILE-DE-FRANCE,078,94078,VILLENEUVE-SAINT-GEORGES,RUE ALEXANDRE DUMAS,400656,0,3,RD,0,2,2,,,0,0,,,,1,2,0,1,0,0
5,7,3,1,3,94,FRANCE,ILE-DE-FRANCE,033,94033,FONTENAY-SOUS-BOIS,RUE ALFRED DE MUSSET,400703,0,4,VC,0,2,2,1,0,0,1,,,,1,2,0,1,0,0
1,7,1,1,3,94,FRANCE,ILE-DE-FRANCE,041,94041,IVRY-SUR-SEINE,RUE PIERRE GALAIS,400706,0,4,VC,0,1,1,,,0,1,,,,1,7,0,1,0,0
1,6,1,1,3,94,FRANCE,ILE-DE-FRANCE,076,94076,VILLEJUIF,RUE MARCEL GROSMENIL,400740,0,4,VC,0,2,0,0,0,0,1,4879650,235464,,1,30,0,1,0,0
1,5,1,1,2,94,FRANCE,ILE-DE-FRANCE,042,94042,JOINVILLE-LE-PONT,AVENUE PIERRE MENDES FRANCE,400753,0,3,RD,48,2,2,2,739,1,1,4881150,245803,,1,33,0,0,1,0
1,5,3,1,4,94,FRANCE,ILE-DE-FRANCE,004,94004,BOISSY-SAINT-LEGER,AVENUE DU GENERAL LECLERC,400819,0,2,RN,19,2,4,17,51,0,1,4875370,250654,,1,7,0,1,0,0
1,7,2,2,6,94,FRANCE,ILE-DE-FRANCE,033,94033,FONTENAY-SOUS-BOIS,RUE NOTRE DAME,400834,0,3,RD,0,1,1,1,0,0,1,,,,1,,0,1,0,0
1,6,3,1,6,94,FRANCE,ILE-DE-FRANCE,080,94080,VINCENNES,AVENUE PIERRE BROSSOLETTE,400856,0,4,VC,0,1,1,0,0,1,1,4884660,244682,,1,,0,0,1,0
1,5,1,1,6,95,FRANCE,ILE-DE-FRANCE,491,95491,PLESSIS-BOUCHARD (LE),CHEMIN AUTOUR DU BOIS,400892,0,4,VC,0,2,2,,,0,0,,,,1,,0,1,0,0
1,6,1,1,6,95,FRANCE,ILE-DE-FRANCE,607,95607,TAVERNY,VOIE DES SPORTS,400927,0,4,VC,0,2,1,,,0,4,,,,1,,0,0,1,0
1,5,1,1,6,95,FRANCE,ILE-DE-FRANCE,176,95176,CORMEILLES-EN-PARISIS,SQUARE GUILLAUME APPOLINAIRE,400963,0,4,VC,0,2,2,,,0,1,4896410,219390,,1,,0,0,1,0
1,6,1,1,3,95,FRANCE,ILE-DE-FRANCE,306,95306,HERBLAY,RUE DU GENERALE DE GAULLE,400986,0,4,VC,,2,2,,,0,1,4899030,216590,,1,30,0,0,1,0
1,1,1,1,6,95,FRANCE,ILE-DE-FRANCE,313,95313,ISLE-ADAM (L'),AVENUE DE PARIS,401028,0,3,RD,64,2,2,23,500,1,5,4910410,224930,,1,7,0,1,0,0
1,5,1,1,5,6,FRANCE,PROVENCE-ALPES-COTE-D'AZUR,161,6161,VILLENEUVE-LOUBET,RD 6007,401863,0,3,RD,6007,2,0,28,0,2,1,4363300,711700,,1,7,0,0,1,0
1,1,1,1,1,7,FRANCE,RHONE-ALPES,186,7186,PRIVAS,CHEMIN DE TAULEAC,401879,0,4,VC,0,1,0,,,0,1,,,,1,7,0,1,2,0
1,1,1,4,4,13,FRANCE,PROVENCE-ALPES-COTE-D'AZUR,039,13039,FOS-SUR-MER,ROUTE NATIONALE 569,401992,0,2,RN,0,2,2,,,0,2,,,,1,2,0,0,1,0
1,6,1,1,2,13,FRANCE,PROVENCE-ALPES-COTE-D'AZUR,005,13005,AUBAGNE,RN 8,402086,0,2,RN,8,2,2,0,0,0,1,,,,1,34,0,1,0,0
1,2,1,1,3,14,FRANCE,BASSE-NORMANDIE,575,14575,SAINT-ETIENNE-LA-THILLAYE,RD 58,402155,0,3,RD,58,2,0,0,0,0,1,0,0,,1,7,0,1,0,0
1,1,1,1,4,17,FRANCE,POITOU-CHARENTES,026,17026,AUTHON-EBEON,RD 120,402228,0,3,RD,120,2,2,32,800,0,1,0,0,,1,7,0,1,0,0
3,1,1,2,2,18,FRANCE,CENTRE,197,18197,SAINT-AMAND-MONTROND,RD 101,402269,0,3,RD,101,2,2,2,100,0,1,4671800,253400,,1,7,0,1,0,0
1,1,1,1,5,18,FRANCE,CENTRE,165,18165,NEUVY-SUR-BARANGEON,RD 79,402279,0,3,RD,79,2,2,16,336,0,1,4734560,224491,,1,,0,0,1,0
1,5,1,1,5,24,FRANCE,AQUITAINE,053,24053,BOULAZAC,ROUTE D'ATUR,402442,0,4,VC,0,2,2,,,0,1,,,,1,,0,0,1,0
1,1,1,1,3,26,FRANCE,RHONE-ALPES,026,26026,BARRET-DE-LIOURE,RD 542,402485,0,3,RD,542,2,2,11,600,0,1,4419500,548800,,1,33,0,0,1,0
1,1,1,1,4,26,FRANCE,RHONE-ALPES,072,26072,CHANTEMERLE-LES-BLES,RD 109,402495,0,3,RD,109,2,2,3,900,0,1,0,0,,1,7,0,1,0,0
1,1,1,1,2,30,FRANCE,LANGUEDOC-ROUSSILLON,166,30166,MEYNES,RD 500,402610,0,3,RD,500,2,2,3,500,0,3,4389200,455400,,1,10,0,1,0,0
1,1,1,1,5,31,FRANCE,MIDI-PYRENEES,025,31025,AUREVILLE,RD 24,402667,0,3,RD,24,2,2,44,600,0,1,4349500,144100,,1,,0,1,0,0
1,1,1,1,5,31,FRANCE,MIDI-PYRENEES,547,31547,SEYSSES,RD 50,402670,0,3,RD,50,0,2,21,0,0,1,72500,2100,,1,2,0,0,1,0
1,1,1,1,5,42,FRANCE,RHONE-ALPES,208,42208,SAINT-CHRISTO-EN-JAREZ,RD 23,403146,0,3,RD,23,2,0,0,0,0,1,4552779,446420,,1,7,0,1,0,0
1,7,1,1,6,56,FRANCE,BRETAGNE,260,56260,VANNES,RUE DU MENE,403496,0,4,VC,0,1,1,,,0,1,,,,1,,0,0,1,0
1,7,4,1,6,56,FRANCE,BRETAGNE,260,56260,VANNES,AVENUE DE VERDUN,403530,0,4,VC,0,2,2,,,2,1,4766067,-274372,,1,33,0,1,0,0
1,1,1,1,5,57,FRANCE,LORRAINE,544,57544,PLAINE-DE-WALSCH,RD 45,403533,0,3,RD,45,2,2,9,300,0,1,4869500,715700,,1,10,0,1,0,0
1,1,1,1,5,60,FRANCE,PICARDIE,173,60173,CRAMOISY,RD 12,403704,0,3,RD,12,2,0,29,200,0,3,0,0,,1,7,0,0,1,0