lum,agg,int,atm,col,dep_bis,pays,region,com_bis,com_codeINSEE,communes,N_voie,numac,infra,catr,type_route,voie,circ,nbv,pr,pr1,vosp,situ,lat,long,adr,accident_velo,vehicule_imp,cycl_mort,cycl_bgv,cycl_blg,cycl_indm
1,1,1,1,1,67,FRANCE,ALSACE,067,67067,BRUMATH,RD 30,403940,5,3,RD,30,2,1,0,0,0,1,4871800,768400,,1,33,0,1,0,0
1,8,1,1,1,67,FRANCE,ALSACE,482,67482,STRASBOURG,RUE JEAN GIRAUDOUX,403944,2,4,VC,0,1,2,,,0,4,,,,1,30,0,1,0,0
1,1,1,1,1,67,FRANCE,ALSACE,345,67345,OBERHOFFEN-SUR-MODER,VC 0,403958,0,4,VC,0,2,0,0,0,0,1,0,0,,1,2,0,1,0,0
1,9,1,1,6,69,FRANCE,RHONE-ALPES,383,69383,LYON,COURS GAMBETTA,404095,0,4,VC,0,2,3,,,3,1,,,,1,,0,0,0,1
1,6,1,1,3,71,FRANCE,BOURGOGNE,270,71270,MACON,RUE DE MALCUS,404123,0,4,VC,0,2,2,,,0,1,,,,1,2,0,1,0,0
1,5,1,1,5,71,FRANCE,BOURGOGNE,176,71176,DIGOIN,RD 994,404145,0,3,RD,994,2,0,3,0,1,5,4649800,400500,,1,7,0,1,0,0
2,8,1,1,3,72,FRANCE,PAYS DE LA LOIRE,181,72181,MANS (LE),AVENUE JEAN JAURES,404161,0,4,VC,0,1,1,,,1,1,,,,1,31,0,1,0,0
1,1,1,1,2,74,FRANCE,RHONE-ALPES,042,74042,BONNEVILLE,RD 1205,404232,5,3,RD,1205,2,2,25,930,0,1,4607300,644300,,1,33,0,1,0,0
1,9,2,1,6,75,FRANCE,ILE-DE-FRANCE,113,75113,PARIS,RUE LEON MAURICE NORDMANN,404297,0,4,VC,0,1,1,,,0,1,,,,1,33,0,0,1,0
1,9,5,1,3,75,FRANCE,ILE-DE-FRANCE,102,75102,PARIS,BOULEVARD DES CAPUCINES,404304,0,4,VC,0,2,4,,,0,1,,,,1,32,0,0,1,0
1,1,1,1,5,84,FRANCE,PROVENCE-ALPES-COTE-D'AZUR,040,84040,CRESTET,RD 938,404710,0,3,RD,938,0,2,0,0,0,1,0,0,,1,,0,0,1,0
2,5,1,7,4,85,FRANCE,PAYS DE LA LOIRE,051,85051,CHANTONNAY,RD 2949,404744,5,3,RD,2949,2,0,32,20,0,1,0,0,,1,10,0,1,0,0
1,6,2,1,3,91,FRANCE,ILE-DE-FRANCE,223,91223,ETAMPES,ALLEE DE LA VICTOIRE,404877,5,2,RN,0,2,2,35,0,0,1,,,,1,33,0,1,0,0
1,6,1,1,5,93,FRANCE,ILE-DE-FRANCE,031,93031,EPINAY-SUR-SEINE,AVENUE D'ENGHIEN,404960,0,4,VC,0,2,2,,,0,1,,,,1,7,0,0,1,0
1,5,1,1,5,94,FRANCE,ILE-DE-FRANCE,065,94065,RUNGIS,BOULEVARD CIRCULAIRE,404990,0,9,Autre,0,1,4,,,0,1,,,,1,,0,0,1,0
1,1,1,1,5,13,FRANCE,PROVENCE-ALPES-COTE-D'AZUR,072,13072,PEYNIER,RD 908,405345,0,3,RD,908,2,2,34,700,0,1,4343000,562000,,1,10,0,1,0,0
1,1,2,1,5,22,FRANCE,BRETAGNE,353,22353,TREGASTEL,RD 11,405431,5,3,RD,11,2,0,82,400,0,1,4881200,-350200,,1,7,0,0,1,0
1,1,1,1,5,32,FRANCE,MIDI-PYRENEES,076,32076,CASTELNAU-BARBARENS,RD 349,405540,0,3,RD,349,2,2,2,800,0,1,4359800,73100,,1,,0,0,0,1
1,3,1,1,5,59,FRANCE,NORD-PAS-DE-CALAIS,214,59214,ESTREES,RD 135,405815,0,3,RD,135,0,2,1,58,0,1,5030500,306900,,1,7,0,1,0,0
1,1,1,1,5,64,FRANCE,AQUITAINE,219,64219,ESTIALESCQ,RD 24,405880,0,3,RD,24,2,2,35,650,0,1,4321510,-54281,,1,10,0,0,1,0
1,5,1,1,5,83,FRANCE,PROVENCE-ALPES-COTE-D'AZUR,148,83148,VIDAUBAN,RN 7,406115,0,2,RN,7,2,2,0,0,0,1,0,0,,1,7,0,1,0,0
1,1,2,2,5,86,FRANCE,POITOU-CHARENTES,161,86161,MONCONTOUR,RD 44,406138,5,3,RD,44,2,2,0,0,0,1,0,0,,1,7,0,1,0,0
1,7,1,1,6,2,FRANCE,PICARDIE,691,2691,SAINT-QUENTIN,RUE D'ISLE,407072,0,4,VC,0,2,2,,,0,1,,,,1,,0,1,0,0
2,1,1,1,1,2,FRANCE,PICARDIE,430,2430,LIESSE-NOTRE-DAME,RD 977,407109,0,3,RD,977,2,2,29,800,0,1,0,0,,1,7,0,2,0,0
1,1,1,1,1,2,FRANCE,PICARDIE,680,2680,SAINT-GOBAIN,RD 534,407123,0,3,RD,534,2,2,2,900,0,1,0,0,,1,33,0,1,0,0
1,1,1,1,1,2,FRANCE,PICARDIE,420,2420,LESDINS,RD 71,407157,0,3,RD,71,2,2,12,0,0,1,0,0,,1,,0,1,0,0
1,1,1,1,5,3,FRANCE,AUVERGNE,226,3226,SAINT-DIDIER-EN-DONJON,RD 994,407222,0,3,RD,994,2,2,0,0,0,3,4637600,386400,,1,7,0,1,0,0
1,1,1,1,1,4,FRANCE,PROVENCE-ALPES-COTE-D'AZUR,166,4166,RIEZ,RD 211,407324,0,3,RD,211,2,2,4,700,0,1,4375500,610000,,1,33,0,1,0,0
3,1,1,1,5,5,FRANCE,PROVENCE-ALPES-COTE-D'AZUR,065,5065,GUILLESTRE,RD 902,407376,0,3,RD,902,2,2,0,500,0,1,0,0,,1,7,0,1,0,0
1,6,1,1,3,6,FRANCE,PROVENCE-ALPES-COTE-D'AZUR,123,6123,SAINT-LAURENT-DU-VAR,RD 98,407474,0,2,RN,0,3,3,,,0,1,,,,1,33,0,1,0,0
5,6,1,1,6,6,FRANCE,PROVENCE-ALPES-COTE-D'AZUR,027,6027,CAGNES-SUR-MER,BOULEVARD DE LA PLAGE,407595,0,4,VC,0,2,4,,,1,5,,,,1,,0,1,0,0
1,5,1,1,1,7,FRANCE,RHONE-ALPES,324,7324,TOURNON-SUR-RHONE,RD 219,407682,0,3,RD,219,2,0,29,190,0,1,0,0,,1,33,0,1,0,0
3,1,1,5,2,10,FRANCE,CHAMPAGNE-ARDENNE,262,10262,NEUVILLE-SUR-SEINE,RD 971,407886,0,3,RD,971,2,2,4,100,0,1,4804000,442100,,1,31,0,1,0,0
1,1,1,1,5,10,FRANCE,CHAMPAGNE-ARDENNE,238,10238,MESNIL-SAINT-PERE,RD 619,407904,0,3,RD,619,2,2,85,920,0,1,4824260,435310,,1,7,0,1,0,0
1,5,2,1,5,11,FRANCE,LANGUEDOC-ROUSSILLON,206,11206,LIMOUX,RD 118,407931,0,3,RD,118,2,2,0,0,0,1,0,0,,1,7,0,1,0,0
1,1,1,1,1,11,FRANCE,LANGUEDOC-ROUSSILLON,038,11038,BESSEDE-DE-SAULT,RD 118,407947,0,3,RD,118,2,2,102,700,0,1,4277900,213500,,1,33,0,1,0,0
1,1,1,1,1,11,FRANCE,LANGUEDOC-ROUSSILLON,188,11188,PALME (LA),RD 709,407973,0,3,RD,709,2,2,0,0,0,1,0,0,,1,2,0,1,0,0
1,6,1,1,1,12,FRANCE,MIDI-PYRENEES,202,12202,RODEZ,VOIE COMMUNALE ,408044,0,3,RD,162,2,1,1,300,0,1,,,,1,7,0,1,0,0
1,9,1,1,3,13,FRANCE,PROVENCE-ALPES-COTE-D'AZUR,055,13055,MARSEILLE,BOULEVARD DE LA CARTONNERIE,408079,0,4,VC,1,2,2,,,0,1,,,,1,4,0,1,0,0
1,1,1,1,6,13,FRANCE,PROVENCE-ALPES-COTE-D'AZUR,040,13040,FUVEAU,RD 46,408404,0,3,RD,46,2,0,5,400,0,1,0,0,,1,,0,1,0,0
1,7,3,1,3,13,FRANCE,PROVENCE-ALPES-COTE-D'AZUR,004,13004,ARLES,RUE CONDORCET,408735,0,4,VC,0,1,1,0,0,0,1,4367950,463389,,1,33,0,1,0,0
1,1,1,1,5,14,FRANCE,BASSE-NORMANDIE,070,14070,BEUVRON-EN-AUGE,RD 49,408961,0,3,RD,49,2,0,0,0,0,1,4919500,-4600,,1,7,0,1,0,0
1,6,1,1,6,14,FRANCE,BASSE-NORMANDIE,327,14327,HEROUVILLE-SAINT-CLAIR,CHEMIN DU HALAGE,409053,0,9,Autre,0,2,1,,,0,5,,,,1,,0,1,0,0
1,7,1,1,3,17,FRANCE,POITOU-CHARENTES,300,17300,ROCHELLE (LA),BOULEVARD ANDRE SAUTEL ,409181,0,4,VC,0,2,0,,,0,1,,,,1,7,0,2,0,0
1,7,1,2,6,17,FRANCE,POITOU-CHARENTES,300,17300,ROCHELLE (LA),RUE JEAN GODEFROY,409226,0,4,VC,0,2,1,,,0,1,,,,1,33,0,1,0,0
1,4,1,1,6,17,FRANCE,POITOU-CHARENTES,380,17380,SAINT-PALAIS-SUR-MER,VOIE EXPRESS,409265,0,4,VC,0,2,2,,,0,1,,,,1,33,0,1,0,0
5,1,1,1,1,17,FRANCE,POITOU-CHARENTES,004,17004,ILE-D'AIX,RD 214,409322,0,3,RD,214,2,2,0,0,0,1,0,0,,1,,0,1,0,0
2,4,1,1,1,18,FRANCE,CENTRE,242,18242,SANCOINS,VC 0,409410,0,4,VC,0,2,2,0,0,0,1,4683600,292600,,1,7,0,2,0,0
1,1,1,1,4,2A,FRANCE,CORSE,017,2A017,APPIETTO,RD 81,409505,0,3,RD,81,2,2,10,700,0,1,0,0,,1,7,0,1,0,0
1,1,1,1,3,2A,FRANCE,CORSE,098,2A098,COTI-CHIAVARI,RD 55,409556,0,3,RD,55,2,2,16,600,0,1,0,0,,1,30,0,1,0,0
1,1,1,1,1,2B,FRANCE,CORSE,354,2B354,VIVARIO,RN 193,409628,0,2,RN,193,2,2,50,550,0,1,0,0,,1,7,0,1,0,0
1,3,1,1,3,21,FRANCE,BOURGOGNE,060,21060,BELLENEUVE,RD 104,409691,0,3,RD,104,2,2,0,0,0,1,0,0,,1,7,0,2,0,0
1,1,1,1,2,21,FRANCE,BOURGOGNE,473,21473,OUGES,RD 968,409741,5,3,RD,968,2,3,1,0,0,1,4726600,506700,,1,33,0,1,0,0
1,4,3,1,3,21,FRANCE,BOURGOGNE,599,21599,SELONGEY,VC 0,409772,0,4,VC,0,2,2,0,0,0,1,0,0,,1,7,0,2,0,0
1,1,1,1,5,22,FRANCE,BRETAGNE,215,22215,PLOUFRAGAN,D 45,409812,0,3,RD,0,2,2,,,0,1,,,,1,7,0,1,0,0
1,1,1,1,2,22,FRANCE,BRETAGNE,207,22207,PLOUARET,RD 88,409908,0,3,RD,88,2,0,0,0,0,1,0,0,,1,,0,1,0,0
1,4,1,1,1,25,FRANCE,FRANCHE-COMTE,527,25527,SAINT-VIT,RD 12,410086,0,3,RD,12,2,0,0,0,0,1,0,0,,1,33,0,1,0,0
1,5,3,1,6,25,FRANCE,FRANCHE-COMTE,462,25462,PONTARLIER,RUE DU CRET,410127,5,4,VC,0,2,2,,,0,0,,,,1,,0,1,0,0
1,1,6,1,3,26,FRANCE,RHONE-ALPES,323,26323,SAINT-PAUL-LES-ROMANS,RD 123,410223,5,3,RD,123,2,2,0,0,1,1,4506900,509500,,1,7,0,1,0,0
1,1,1,1,3,26,FRANCE,RHONE-ALPES,116,26116,DONZERE,RD 844,410265,0,3,RD,844,2,2,8,200,0,1,0,0,,1,33,0,1,0,0
1,1,1,1,5,26,FRANCE,RHONE-ALPES,079,26079,CHARPEY,RD 102,410276,0,3,RD,102,2,0,5,180,0,1,0,0,,1,7,0,1,0,0
1,3,9,1,3,27,FRANCE,HAUTE-NORMANDIE,150,27150,CHAPELLE-REANVILLE (LA),VC 19,410316,0,4,VC,19,2,1,0,0,0,1,0,0,,1,7,0,2,0,0
1,1,1,1,4,29,FRANCE,BRETAGNE,158,29158,PENMARCH,VC 1,410652,0,4,VC,1,0,2,0,0,0,1,0,0,,1,2,0,1,0,0
1,1,1,7,1,29,FRANCE,BRETAGNE,020,29020,BRIEC,RD 785,410655,0,3,RD,785,2,2,60,650,0,1,4809500,-400300,,1,30,0,2,0,0
1,4,1,8,5,29,FRANCE,BRETAGNE,055,29055,FOLGOET (LE),VC 0,410673,0,4,VC,0,2,0,0,0,1,5,4856449,-434370,,1,7,0,1,0,0
1,4,1,1,3,29,FRANCE,BRETAGNE,302,29302,PONT-DE-BUIS-LES-QUIMERCH,RD 770,410696,0,3,RD,770,2,2,0,0,0,1,4825884,-408122,,1,33,0,1,0,0
3,4,1,1,5,30,FRANCE,LANGUEDOC-ROUSSILLON,117,30117,FOURQUES,VC 0,410742,0,4,VC,0,2,2,0,0,0,1,0,0,,1,7,0,1,0,1
1,8,1,1,2,30,FRANCE,LANGUEDOC-ROUSSILLON,189,30189,NIMES,BOULEVARD TALABOT,410843,0,4,VC,0,1,3,,,0,1,4383493,436860,,1,7,0,1,0,0
1,4,1,7,1,30,FRANCE,LANGUEDOC-ROUSSILLON,221,30221,ROQUEMAURE,RD 980,410879,0,3,RD,980,2,2,0,0,0,1,4405331,477607,,1,7,0,2,0,0
1,5,1,1,5,31,FRANCE,MIDI-PYRENEES,033,31033,AUTERIVE,RN 20,410970,0,2,RN,20,2,2,0,0,0,1,4335700,147000,,1,7,0,1,0,0
1,1,3,1,5,31,FRANCE,MIDI-PYRENEES,547,31547,SEYSSES,RD 68,410991,0,3,RD,68,2,0,14,987,0,1,0,0,,1,7,0,1,0,0
1,9,3,1,3,31,FRANCE,MIDI-PYRENEES,555,31555,TOULOUSE,RUE DU TELEGRAPHE,411005,0,4,VC,0,1,1,,,0,1,,,,1,,0,1,0,0
1,9,1,1,1,31,FRANCE,MIDI-PYRENEES,555,31555,TOULOUSE,BOULEVARD DE LA MARQUETTE,411019,0,4,VC,0,2,4,,,0,4,,,,1,,0,1,0,0
1,1,1,1,1,31,FRANCE,MIDI-PYRENEES,500,31500,SAINT-MAMET,RD 618,411051,0,3,RD,618,2,2,6,450,0,1,0,0,,1,10,0,2,0,0
1,3,9,1,6,31,FRANCE,MIDI-PYRENEES,429,31429,POMPERTUZAT,VC 0,411056,0,4,VC,0,2,2,0,0,0,4,4349600,151800,,1,,0,2,0,0
1,1,1,1,5,31,FRANCE,MIDI-PYRENEES,517,31517,SAINT-SULPICE-SUR-LEZE,RD 622,411116,0,3,RD,622,2,2,11,10,0,1,4333600,137300,,1,17,0,1,0,0
1,1,1,1,4,32,FRANCE,MIDI-PYRENEES,013,32013,AUCH,ROUTE DE BARRAN,411176,0,3,RD,943,2,2,0,954,0,1,4365190,53097,,1,7,0,1,0,0
1,1,1,1,1,33,FRANCE,AQUITAINE,362,33362,SABLONS,RD 910,411231,5,3,RD,910,2,2,0,0,0,1,4503800,-18400,,1,33,0,1,0,0
1,1,1,1,5,33,FRANCE,AQUITAINE,394,33394,SAINT-EMILION,RD 243,411279,0,3,RD,243,2,2,0,0,0,1,4491200,-17700,,1,7,0,1,0,0
1,7,2,1,3,33,FRANCE,AQUITAINE,281,33281,MERIGNAC,AVENUE DE L'YSER,411296,0,4,VC,0,2,2,,,0,1,,,,1,7,0,1,0,0
3,1,1,1,1,33,FRANCE,AQUITAINE,407,33407,SAINT-GENES-DE-FRONSAC,RD 246,411304,0,3,RD,246,2,0,0,0,0,1,4502500,-35600,,1,30,0,1,0,0
1,1,1,1,2,33,FRANCE,AQUITAINE,394,33394,SAINT-EMILION,RD 243,411323,0,3,RD,243,2,2,2,900,0,1,4491400,-19900,,1,,0,1,0,0
2,5,1,1,1,33,FRANCE,AQUITAINE,199,33199,GUJAN-MESTRAS,VC 0,411327,0,4,VC,0,2,0,0,0,0,1,4464600,-106100,,1,30,0,1,0,0
1,1,1,1,2,33,FRANCE,AQUITAINE,476,33476,SAINT-SEURIN-DE-CADOURNE,RD 2,411349,0,3,RD,2,2,2,31,200,0,1,4530400,-78900,,1,2,0,1,0,0
5,6,1,1,6,33,FRANCE,AQUITAINE,249,33249,LORMONT,AVENUE CARNOT,411366,0,4,VC,0,3,3,,,1,1,,,,1,,0,1,0,0
5,4,1,2,1,33,FRANCE,AQUITAINE,514,33514,SOULAC-SUR-MER,VC 0,411367,0,4,VC,0,2,2,0,0,0,1,4550900,-112100,,1,7,0,2,0,0
1,8,7,1,3,33,FRANCE,AQUITAINE,063,33063,BORDEAUX,VC 0,411376,0,4,VC,0,3,,0,0,2,1,,,,1,7,0,1,0,0
1,1,1,1,1,33,FRANCE,AQUITAINE,015,33015,ARVEYRES,RD 128,411409,0,3,RD,128,0,0,0,0,0,0,0,0,,1,2,0,1,0,0
1,1,1,1,1,33,FRANCE,AQUITAINE,297,33297,MOULIS-EN-MEDOC,RD 5,411424,0,3,RD,5,2,2,0,0,0,1,0,0,,1,7,0,2,0,0
1,5,1,1,3,34,FRANCE,LANGUEDOC-ROUSSILLON,108,34108,FRONTIGNAN,AVENUE D'INGRIL,411581,0,3,RD,0,2,2,,,0,1,,,,1,31,0,1,0,0
3,1,1,1,1,34,FRANCE,LANGUEDOC-ROUSSILLON,315,34315,USCLAS-D'HERAULT,RD 128,411668,0,3,RD,128,2,2,0,900,0,1,4352000,346400,,1,,0,1,0,0
1,1,1,1,6,34,FRANCE,LANGUEDOC-ROUSSILLON,192,34192,PALAVAS-LES-FLOTS,Autre 0,411677,0,9,Autre,0,0,0,0,0,0,5,0,0,,1,,0,1,0,0
1,6,1,1,3,34,FRANCE,LANGUEDOC-ROUSSILLON,145,34145,LUNEL,VC 0,411704,0,4,VC,0,2,2,0,0,0,1,4368951,413599,,1,7,0,1,0,0
1,1,1,1,1,34,FRANCE,LANGUEDOC-ROUSSILLON,056,34056,CASTELNAU-DE-GUERS,RD 32,411716,0,3,RD,32,2,2,52,300,0,1,4342345,343091,,1,7,0,1,0,0
2,1,1,2,1,35,FRANCE,BRETAGNE,206,35206,NOYAL-CHATILLON-SUR-SEICHE,RD 482,411796,0,3,RD,482,2,0,0,0,0,1,0,0,,1,7,0,1,0,0
1,1,1,1,3,35,FRANCE,BRETAGNE,057,35057,CHAPELLE-BOUEXIC (LA),RD 776,411850,0,3,RD,776,2,2,11,700,0,1,0,0,,1,33,0,1,0,0
1,1,1,1,5,35,FRANCE,BRETAGNE,049,35049,CANCALE,RD 76,411878,0,3,RD,76,2,2,0,0,0,1,0,0,,1,7,0,1,0,0
2,1,1,1,2,35,FRANCE,BRETAGNE,126,35126,GUICHEN,RD 38,411900,0,3,RD,38,2,2,28,100,0,1,0,0,,1,30,0,1,0,0
1,1,1,1,1,35,FRANCE,BRETAGNE,234,35234,QUEDILLAC,VC 103,411911,0,4,VC,103,0,2,0,0,0,1,0,0,,1,30,0,1,0,0
2,1,1,7,1,36,FRANCE,CENTRE,005,36005,ARDENTES,RD 19,411934,0,3,RD,19,2,2,30,0,0,1,0,0,,1,7,0,2,0,0
1,6,2,1,3,36,FRANCE,CENTRE,044,36044,CHATEAUROUX,BOULEVARD DE CLUIS,411948,0,4,VC,0,2,2,0,1,0,1,,,,1,7,0,1,0,0
1,1,1,1,1,37,FRANCE,CENTRE,176,37176,NOYANT-DE-TOURAINE,RD 58,411978,0,3,RD,58,2,0,0,0,0,1,4710300,54900,,1,,0,1,0,0
1,8,1,1,6,37,FRANCE,CENTRE,261,37261,TOURS,QUAI PAUL BERT,412019,1,9,Autre,0,2,3,,,0,1,,,,1,,0,1,0,0
1,6,1,1,6,37,FRANCE,CENTRE,122,37122,JOUE-LES-TOURS,BOULEVARD DES BRETONNIERES,412048,0,4,VC,0,2,2,,,1,5,,,,1,,0,1,0,0
1,8,1,1,6,37,FRANCE,CENTRE,261,37261,TOURS,RUE NATIONALE,412117,0,4,VC,0,2,2,0,0,3,1,4739140,68818,,1,,0,1,0,0
1,5,1,1,6,38,FRANCE,RHONE-ALPES,517,38517,TULLINS,VC 0,412206,0,4,VC,0,2,2,0,0,0,1,4531100,549700,,1,,0,1,0,0
1,1,1,1,5,38,FRANCE,RHONE-ALPES,408,38408,SAINT-JUST-CHALEYSSIN,RD 36,412208,0,3,RD,36,2,2,0,0,0,1,0,0,,1,7,0,1,0,0
1,6,1,1,3,38,FRANCE,RHONE-ALPES,421,38421,SAINT-MARTIN-D'HERES,AVENUE GABRIEL PERI,412209,0,4,VC,0,2,4,,,0,1,,,,1,33,0,1,0,0
1,1,1,1,6,38,FRANCE,RHONE-ALPES,545,38545,VIF,VC 0,412211,0,4,VC,0,2,0,0,0,0,1,0,0,,1,,0,1,0,0
1,1,1,1,3,38,FRANCE,RHONE-ALPES,151,38151,ECHIROLLES,piste cyclable du drac,412267,0,5,Hors_reseau,0,2,1,,,1,5,,,,1,32,0,1,0,0
1,1,1,1,2,38,FRANCE,RHONE-ALPES,182,38182,GRAND-LEMPS (LE),RD 73,412372,0,3,RD,73,2,2,0,0,0,1,4539000,543000,,1,33,0,1,0,0
1,1,1,1,5,40,FRANCE,AQUITAINE,312,40312,TARNOS,RN 10,412485,0,2,RN,10,1,1,0,0,0,2,0,0,,1,2,0,1,0,0
1,3,3,1,5,40,FRANCE,AQUITAINE,157,40157,LIT-ET-MIXE,RD 340,412543,5,3,RD,340,2,2,7,500,0,1,4403900,-125900,,1,7,0,1,0,0
1,5,2,1,6,40,FRANCE,AQUITAINE,310,40310,SOUSTONS,VC 0,412564,0,4,VC,0,2,2,0,0,0,0,0,0,,1,31,0,1,0,0
1,5,1,1,2,42,FRANCE,RHONE-ALPES,316,42316,UNIEUX,RUE JEAN JAURES,412690,0,4,VC,0,2,2,,,0,1,,,,1,30,0,1,0,0
4,1,1,1,1,42,FRANCE,RHONE-ALPES,284,42284,SAINT-ROMAIN-LA-MOTTE,RD 39,412692,5,3,RD,39,2,2,26,0,0,4,0,0,,1,7,0,1,0,0
5,6,1,1,5,42,FRANCE,RHONE-ALPES,187,42187,ROANNE,RUE ELISEE RECLUS,412737,0,4,VC,0,1,1,,,3,1,,,,1,30,0,1,0,0
1,3,1,1,1,42,FRANCE,RHONE-ALPES,215,42215,SAINT-DENIS-DE-CABANNE,RD 2,412782,0,3,RD,2,2,0,37,500,0,1,4617600,421000,,1,7,0,2,0,0
1,3,1,1,3,42,FRANCE,RHONE-ALPES,206,42206,SAINT-BONNET-LES-OULES,RD 54,412803,0,3,RD,54,2,0,19,970,0,1,4554284,433203,,1,7,0,2,0,0
1,1,1,1,2,42,FRANCE,RHONE-ALPES,284,42284,SAINT-ROMAIN-LA-MOTTE,RD 18,412810,0,3,RD,18,0,2,23,100,0,1,4606787,397834,,1,,0,1,0,0
1,1,1,1,5,43,FRANCE,AUVERGNE,058,43058,CHAPELLE-D'AUREC (LA),RD 471,412833,0,3,RD,471,2,0,0,0,0,1,0,0,,1,14,0,1,0,0
5,5,1,1,2,44,FRANCE,PAYS DE LA LOIRE,158,44158,SAINT-ETIENNE-DE-MONTLUC,VC 0,412934,0,4,VC,0,2,0,0,0,0,0,0,0,,1,7,0,1,0,0
2,8,1,1,6,44,FRANCE,PAYS DE LA LOIRE,109,44109,NANTES,PONT ANNE DE BRETAGNE,412941,2,4,VC,0,2,4,76,0,2,5,,,,1,2,0,1,0,0
1,8,1,1,6,44,FRANCE,PAYS DE LA LOIRE,109,44109,NANTES,RUE PAUL BELLAMY,412992,0,4,VC,0,0,0,,,0,1,,,,1,,0,1,0,0
1,1,1,1,1,44,FRANCE,PAYS DE LA LOIRE,156,44156,CORCOUE-SUR-LOGNE,RD 72,413011,0,3,RD,72,2,2,5,200,0,1,4695400,-161500,,1,7,0,2,0,0
2,1,1,1,2,44,FRANCE,PAYS DE LA LOIRE,026,44026,CARQUEFOU,VC 0,413102,0,4,VC,0,2,0,0,0,2,5,0,0,,1,31,0,1,0,0
1,8,1,8,2,44,FRANCE,PAYS DE LA LOIRE,109,44109,NANTES,BOULEVARD DE CARDIFF,413106,0,4,VC,,2,2,,,0,1,,,,1,32,0,1,0,0
1,8,6,1,2,44,FRANCE,PAYS DE LA LOIRE,109,44109,NANTES,PLACE VICTOR MANGIN,413107,0,4,VC,0,2,0,,,0,1,,,,1,7,0,1,0,0
1,5,1,1,2,44,FRANCE,PAYS DE LA LOIRE,003,44003,ANCENIS,VC 0,413136,0,4,VC,0,2,2,0,0,0,1,0,0,,1,33,0,1,0,0
1,1,1,2,6,44,FRANCE,PAYS DE LA LOIRE,188,44188,SAINT-PHILBERT-DE-GRAND-LIEU,VC 0,413149,0,4,VC,0,2,2,0,0,0,1,4704100,-161800,,1,,0,1,0,0
1,3,1,1,1,45,FRANCE,CENTRE,167,45167,HUISSEAU-SUR-MAUVES,RD 3,413228,0,3,RD,3,2,2,0,0,0,1,4789600,170600,,1,33,0,1,0,0
1,5,1,1,5,50,FRANCE,BASSE-NORMANDIE,602,50602,TOURLAVILLE,RUE DES ALLIES ,413619,0,4,VC,0,2,2,,,0,1,,,,1,7,0,1,0,0
3,3,1,1,1,51,FRANCE,CHAMPAGNE-ARDENNE,303,51303,JALONS,RD 3,413794,0,3,RD,3,2,2,46,800,0,1,4901400,417700,,1,33,0,0,0,1
1,1,1,1,2,52,FRANCE,CHAMPAGNE-ARDENNE,050,52050,BIESLES,RD 131,413892,0,3,RD,131,2,0,2,0,0,1,4809700,531544,,1,10,0,2,0,0
1,1,1,1,6,53,FRANCE,PAYS DE LA LOIRE,086,53086,CROIXILLE (LA),RD 30,413956,2,3,RD,30,2,2,24,500,0,1,0,0,,1,10,0,1,0,0
1,1,1,1,2,56,FRANCE,BRETAGNE,081,56081,GUISCRIFF,RD 27,414242,0,3,RD,27,2,2,8,50,0,1,0,0,,1,33,0,1,0,0
1,1,1,1,3,56,FRANCE,BRETAGNE,020,56020,BOHAL,VC 105,414278,5,4,VC,105,2,1,0,0,0,1,4778936,-246240,,1,7,0,1,0,0
1,4,1,1,1,57,FRANCE,LORRAINE,589,57589,ROHRBACH-LES-BITCHE,VC 0,414372,0,4,VC,0,2,0,0,0,0,1,0,0,,1,2,0,1,0,0
1,8,1,1,2,57,FRANCE,LORRAINE,463,57463,METZ,AVENUE FOCH,414427,0,4,VC,,3,1,,,0,1,,,,1,33,0,0,0,1
1,8,2,1,3,59,FRANCE,NORD-PAS-DE-CALAIS,350,59350,LILLE,RUE VICTOR HUGO,414558,0,4,VC,0,2,4,,,1,1,,,,1,5,0,1,0,0
1,6,1,1,6,59,FRANCE,NORD-PAS-DE-CALAIS,163,59163,CROIX,RUE KLEBER,414561,0,4,VC,0,0,0,,,1,1,,,,1,,0,1,0,0
1,7,9,1,3,59,FRANCE,NORD-PAS-DE-CALAIS,512,59512,ROUBAIX,AVENUE FRASEZ,414564,0,4,VC,0,2,2,,,0,1,,,,1,33,0,2,0,0
1,1,1,2,5,59,FRANCE,NORD-PAS-DE-CALAIS,431,59431,NIEPPE,RUE DU TOUQUET,414621,0,4,VC,0,2,2,,,0,0,,,,1,7,0,1,0,0
1,5,1,2,2,59,FRANCE,NORD-PAS-DE-CALAIS,153,59153,CONDE-SUR-L'ESCAUT,RUE DE LA CHAUSSIETTE,414660,0,3,RD,0,2,2,,,0,1,,,,1,2,0,1,0,0
3,1,1,1,2,59,FRANCE,NORD-PAS-DE-CALAIS,051,59051,BASSEE (LA),RD 145,414709,0,3,RD,145,2,0,0,0,0,1,0,0,,1,13,0,1,0,0
1,5,9,1,1,59,FRANCE,NORD-PAS-DE-CALAIS,205,59205,ESCAUDAIN,RUE JULES GUESDE ,414743,0,4,VC,0,2,2,,,0,1,,,,1,7,0,1,0,0