lum,agg,int,atm,col,dep_bis,pays,region,com_bis,com_codeINSEE,communes,N_voie,numac,infra,catr,type_route,voie,circ,nbv,pr,pr1,vosp,situ,lat,long,adr,accident_velo,vehicule_imp,cycl_mort,cycl_bgv,cycl_blg,cycl_indm
1,1,1,1,3,59,FRANCE,NORD-PAS-DE-CALAIS,512,59512,ROUBAIX,BOULEVARD DE BELFORT,414744,0,4,VC,0,3,2,,,2,1,,,,1,30,0,1,0,0
1,1,3,1,3,59,FRANCE,NORD-PAS-DE-CALAIS,163,59163,CROIX,RUE DU DOCTEUR ZAMENHOF,414748,0,4,VC,0,2,2,,,0,1,,,,1,33,0,1,0,0
1,1,2,1,3,59,FRANCE,NORD-PAS-DE-CALAIS,369,59369,MAING,RD 40,414752,0,3,RD,0,2,2,,,0,1,,,,1,31,0,1,0,0
1,1,1,1,1,59,FRANCE,NORD-PAS-DE-CALAIS,646,59646,WASQUEHAL,AVENUE DE LA MARNE,414760,0,4,VC,0,3,2,,,0,5,,,,1,2,0,1,0,0
1,5,1,1,1,59,FRANCE,NORD-PAS-DE-CALAIS,456,59456,PECQUENCOURT,RUE GUSTAVE COLIEZ,414762,0,9,Autre,0,0,1,0,230,0,0,,,,1,99,0,1,0,0
1,5,1,1,2,59,FRANCE,NORD-PAS-DE-CALAIS,508,59508,RONCQ,RUE DE LINSELLES,414777,0,4,VC,0,2,2,,,0,1,,,,1,2,0,1,0,0
1,4,1,1,6,59,FRANCE,NORD-PAS-DE-CALAIS,479,59479,QUAROUBLE,RUE DU COLONEL GLINEUR,414778,0,4,VC,0,2,2,,,0,1,,,,1,,0,1,0,0
1,7,1,1,2,59,FRANCE,NORD-PAS-DE-CALAIS,183,59183,DUNKERQUE,AVENUE PETITE-SYNTHE CD 940 ,414825,0,4,VC,0,2,2,,,2,1,,,,1,2,0,1,0,0
1,1,2,2,2,59,FRANCE,NORD-PAS-DE-CALAIS,152,59152,COMINES,boulevard de la lys,414846,0,3,RD,0,2,1,,,1,1,,,,1,7,0,1,0,0
1,1,2,1,5,59,FRANCE,NORD-PAS-DE-CALAIS,657,59657,WEST-CAPPEL,RD 4,414866,5,3,RD,4,2,2,13,790,0,1,5093300,250800,,1,7,0,1,0,0
1,3,1,1,1,59,FRANCE,NORD-PAS-DE-CALAIS,396,59396,MECQUIGNIES,RD 154,414897,0,3,RD,154,2,1,11,0,0,1,5027900,380100,,1,7,,,,
1,7,2,1,3,60,FRANCE,PICARDIE,057,60057,BEAUVAIS,AVENUE JEAN MERMOZ,415001,5,2,RN,0,2,2,,,0,1,,,,1,7,0,2,0,0
1,1,1,1,5,60,FRANCE,PICARDIE,088,60088,BORNEL,RD 105,415005,0,3,RD,105,2,2,0,0,0,1,0,0,,1,14,0,1,0,0
1,1,1,1,5,60,FRANCE,PICARDIE,282,60282,GOUVIEUX,RD 924,415010,0,3,RD,924,2,2,0,0,0,0,0,0,,1,7,0,1,0,0
1,4,1,1,1,60,FRANCE,PICARDIE,338,60338,LACROIX-SAINT-OUEN,RD 98,415029,0,3,RD,98,2,0,0,0,0,0,0,0,,1,33,0,1,0,0
1,1,1,1,1,60,FRANCE,PICARDIE,162,60162,CORBEIL-CERF,RD 927,415095,0,3,RD,927,2,0,0,0,0,1,0,0,,1,33,0,1,0,0
1,3,3,1,5,61,FRANCE,BASSE-NORMANDIE,494,61494,TRUN,VC 0,415219,0,4,VC,0,2,2,0,0,0,1,0,0,,1,7,0,1,0,0
1,1,2,1,3,61,FRANCE,BASSE-NORMANDIE,397,61397,SAINT-GERMAIN-DU-CORBEIS,CD 30,415227,0,3,RD,315,2,2,2,250,0,1,,,,1,33,0,1,0,0
3,1,1,2,5,62,FRANCE,NORD-PAS-DE-CALAIS,852,62852,VIEILLE-EGLISE,RD 229,415292,0,3,RD,229,2,2,0,0,0,1,5093300,206600,,1,7,0,1,0,0
1,6,3,8,6,62,FRANCE,NORD-PAS-DE-CALAIS,119,62119,BETHUNE,RUE DE LA FAIENCERIE,415342,0,4,VC,0,2,2,3,0,0,0,,,,1,7,0,1,0,0
5,4,1,1,3,62,FRANCE,NORD-PAS-DE-CALAIS,841,62841,VENDIN-LES-BETHUNE,RUE PIERRE MENDES FRANCE,415347,0,4,VC,0,2,2,3,0,0,1,,,,1,14,0,1,0,0
5,1,1,8,1,62,FRANCE,NORD-PAS-DE-CALAIS,224,62224,CHOCQUES,RD 943,415350,0,3,RD,0,2,2,32,200,1,5,,,,1,30,0,1,0,0
1,4,2,1,3,62,FRANCE,NORD-PAS-DE-CALAIS,688,62688,RANG-DU-FLIERS,ROUTE DE MERLIMONT,415387,5,3,RD,0,2,2,,,0,1,,,,1,33,0,1,0,0
1,5,1,1,3,62,FRANCE,NORD-PAS-DE-CALAIS,516,62516,LILLERS,CIRCONSCRIPTION,415400,0,4,VC,0,2,2,,,0,1,,,,1,33,0,1,0,0
1,1,9,1,3,64,FRANCE,AQUITAINE,518,64518,SENDETS,RD 38,415670,0,3,RD,38,2,2,12,500,0,1,4331200,-27400,,1,7,0,2,0,0
1,1,1,1,6,65,FRANCE,MIDI-PYRENEES,226,65226,IBOS,ROUTE NATIONALE 21 ,415788,0,2,RN,0,2,2,,,0,1,,,,1,33,0,1,0,0
1,5,6,7,3,66,FRANCE,LANGUEDOC-ROUSSILLON,028,66028,CABESTANY,RD 22,415901,3,3,RD,22,1,2,3,84,0,1,4268650,293478,,1,30,0,1,0,0
2,1,1,1,1,67,FRANCE,ALSACE,194,67194,HERRLISHEIM,RD 468,415990,0,3,RD,468,2,2,76,750,0,1,0,0,,1,7,0,2,0,0
1,4,1,1,1,67,FRANCE,ALSACE,202,67202,HOCHFELDEN,RD 421,415997,0,3,RD,421,2,2,17,100,0,1,4876000,758400,,1,33,0,1,0,0
2,4,3,1,3,67,FRANCE,ALSACE,202,67202,HOCHFELDEN,RD 100,416056,5,3,RD,100,2,0,0,0,0,1,4876200,757800,,1,7,0,2,0,0
5,8,2,1,3,67,FRANCE,ALSACE,482,67482,STRASBOURG,RUE DE MOLSHEIM,416088,0,4,VC,0,1,2,,,0,1,,,,1,7,0,2,0,0
1,1,1,1,2,68,FRANCE,ALSACE,251,68251,OSENBACH,RD 40,416116,0,3,RD,40,2,0,0,0,0,1,4800000,722100,,1,33,0,1,0,0
1,1,1,1,1,68,FRANCE,ALSACE,036,68036,BIESHEIM,RD 468,416159,0,3,RD,468,2,2,46,900,0,1,0,0,,1,31,0,1,0,0
1,5,6,1,3,68,FRANCE,ALSACE,297,68297,SAINT-LOUIS,CD 105,416179,5,3,RD,105,1,2,3,32,0,1,,,,1,7,0,1,0,0
1,1,1,1,5,68,FRANCE,ALSACE,314,68314,SOPPE-LE-HAUT,RD 14,416187,0,3,RD,14,2,2,6,800,0,1,4772500,707700,,1,7,0,1,0,0
1,1,1,1,2,68,FRANCE,ALSACE,311,68311,SONDERNACH,RD 27,416200,0,3,RD,27,2,2,0,361,0,1,4798894,706916,,1,,0,1,0,0
2,9,1,1,3,69,FRANCE,RHONE-ALPES,389,69389,LYON,QUAI ARLOING,416280,0,4,VC,0,2,2,,,1,1,,,,1,30,0,1,0,0
1,9,1,1,6,69,FRANCE,RHONE-ALPES,381,69381,LYON,PONT DE LATTRE DE TASSIGNY,416343,2,4,VC,0,2,6,,,0,1,,,,1,7,0,1,0,0
1,9,1,1,1,69,FRANCE,RHONE-ALPES,381,69381,LYON,RUE DE L'ANNONCIADE,416361,0,4,VC,0,2,2,,,0,1,,,,1,7,0,1,0,0
1,4,9,1,6,69,FRANCE,RHONE-ALPES,260,69260,VERNAISON,RD 315,416376,0,3,RD,315,2,0,0,0,1,1,0,0,,1,,0,1,0,0
1,1,1,1,2,70,FRANCE,FRANCHE-COMTE,240,70240,FONTAINE-LES-LUXEUIL,RD 64,416552,0,3,RD,64,2,2,0,0,0,1,0,0,,1,2,0,1,0,0
1,2,1,8,1,70,FRANCE,FRANCHE-COMTE,364,70364,MONTJUSTIN-ET-VELOTTE,RD 125,416570,0,3,RD,125,2,2,2,820,0,1,4761700,637800,,1,2,0,1,0,0
1,1,1,1,2,70,FRANCE,FRANCHE-COMTE,516,70516,VALLEROIS-LE-BOIS,RD 9,416578,0,3,RD,9,2,2,13,650,0,1,0,0,,1,33,0,1,0,0
1,3,1,1,1,71,FRANCE,BOURGOGNE,292,71292,MELLECEY,VC 0,416622,0,4,VC,0,2,2,0,0,0,1,0,0,,1,2,0,1,0,0
1,6,2,2,3,71,FRANCE,BOURGOGNE,270,71270,MACON,Carf LiberTE/FlaCE/HEritan/9 Clefs,416640,0,3,RD,0,2,20,1,150,0,0,,,,1,7,0,1,0,1
1,3,9,1,1,71,FRANCE,BOURGOGNE,448,71448,SAINT-MARTIN-BELLE-ROCHE,RD 205,416702,0,3,RD,205,2,2,1,900,1,3,0,0,,1,30,0,1,0,0
5,8,1,1,1,72,FRANCE,PAYS DE LA LOIRE,181,72181,MANS (LE),Autre 0,416752,0,9,Autre,0,2,2,2,0,0,1,,,,1,5,0,1,0,0
1,8,1,1,3,72,FRANCE,PAYS DE LA LOIRE,181,72181,MANS (LE),AVENUE RUBILLARD,416817,0,9,Autre,0,3,2,,,0,1,,,,1,33,0,1,0,0
5,1,1,3,2,73,FRANCE,RHONE-ALPES,064,73064,CHALLES-LES-EAUX,RD 1006,416904,5,3,RD,1006,2,1,42,930,0,1,0,0,,1,7,0,1,0,0
3,5,1,1,6,73,FRANCE,RHONE-ALPES,011,73011,ALBERTVILLE,CHEMIN DES ABATTOIRS,416927,0,4,VC,0,2,2,,,0,1,,,,1,,0,2,0,0
1,3,1,1,3,73,FRANCE,RHONE-ALPES,109,73109,EPIERRE,RD 75,416931,0,3,RD,75,2,0,0,800,0,1,4545800,629500,,1,,0,1,0,0
1,3,4,1,1,73,FRANCE,RHONE-ALPES,079,73079,CHATEAUNEUF,RD 202,416938,0,3,RD,202,2,2,2,896,0,0,,,,1,2,0,1,0,0
1,5,1,1,5,74,FRANCE,RHONE-ALPES,213,74213,POISY,RD 14,417010,5,3,RD,14,2,3,0,0,0,1,0,0,,1,7,0,1,0,0
1,1,1,1,3,74,FRANCE,RHONE-ALPES,315,74315,YVOIRE,RD 25,417017,0,3,RD,25,2,2,9,600,0,1,4637000,632100,,1,33,0,1,0,0
1,1,1,1,5,74,FRANCE,RHONE-ALPES,256,74256,SALLANCHES,VC 0,417031,0,4,VC,0,2,0,0,0,0,1,4597900,664000,,1,7,0,1,0,0
1,9,2,1,4,75,FRANCE,ILE-DE-FRANCE,006,75006,PARIS,PLACE PAUL CLAUDEL,417169,0,4,VC,,2,2,1009,0,0,1,,,,1,18,0,1,0,0
1,5,1,3,3,76,FRANCE,HAUTE-NORMANDIE,212,76212,DARNETAL,BOULEVARD DE LA PAIX,417303,0,3,RD,0,1,2,1,100,0,1,,,,1,7,0,2,0,0
1,8,2,9,3,76,FRANCE,HAUTE-NORMANDIE,540,76540,ROUEN,RUE DE LA REPUBLIQUE ,417348,0,4,VC,0,2,2,,,0,1,,,,1,30,0,1,0,0
2,6,2,1,3,76,FRANCE,HAUTE-NORMANDIE,681,76681,SOTTEVILLE-LES-ROUEN,RUE DES BRUYERES SAINT JULIEN,417378,0,4,VC,0,2,1,,,0,1,,,,1,7,0,1,0,0
1,4,1,1,5,76,FRANCE,HAUTE-NORMANDIE,101,76101,BLANGY-SUR-BRESLE,RD 49,417383,0,3,RD,49,2,0,0,0,0,1,4993800,162000,,1,2,0,1,0,0
5,8,3,1,3,76,FRANCE,HAUTE-NORMANDIE,540,76540,ROUEN,PONT PIERRE CORNEILLE,417388,0,4,VC,0,2,5,,,0,1,,,,1,7,0,2,0,0
1,1,1,1,1,76,FRANCE,HAUTE-NORMANDIE,750,76750,YAINVILLE,RD 20,417432,0,3,RD,20,2,2,0,81,0,1,4945770,82032,,1,7,0,1,0,0
5,8,1,1,6,76,FRANCE,HAUTE-NORMANDIE,540,76540,ROUEN,QUAI DE PARIS,417461,0,2,RN,15,1,0,13,100,0,1,4943650,110012,,1,33,0,1,0,0
1,1,1,1,3,77,FRANCE,ILE-DE-FRANCE,307,77307,MONTEVRAIN,ROUTE DEPARTEMENTALE 231,417490,0,3,RD,0,2,1,,,0,1,,,,1,33,0,1,0,0
1,1,1,1,1,77,FRANCE,ILE-DE-FRANCE,336,77336,NEUFMOUTIERS-EN-BRIE,RD 96,417596,0,3,RD,96,2,2,0,0,0,1,4878900,282400,,1,,0,1,0,0
5,6,1,1,3,77,FRANCE,ILE-DE-FRANCE,152,77152,DAMMARIE-LES-LYS,AVENUE DE MONTAIGNE,417604,0,3,RD,0,0,1,,,0,1,,,,1,7,0,2,0,0
1,1,1,1,5,77,FRANCE,ILE-DE-FRANCE,186,77186,FONTAINEBLEAU,CROIX DE GUISE,417636,0,3,RD,138,2,1,0,82,0,1,,,,1,7,0,1,0,0
1,6,1,1,1,77,FRANCE,ILE-DE-FRANCE,514,77514,VILLEPARISIS,PLACE DU MARCHE,417656,0,9,Autre,0,0,1,,,1,5,,,,1,,0,1,0,0
1,1,2,1,3,77,FRANCE,ILE-DE-FRANCE,433,77433,SAINTS,D 25,417663,0,4,VC,0,2,0,3,252,0,1,,,,1,7,0,1,0,0
1,5,6,1,5,77,FRANCE,ILE-DE-FRANCE,251,77251,LIEUSAINT,AVENUE DE CORBEIL,417698,5,3,RD,402,1,2,1,200,3,1,,,,1,37,0,1,0,0
1,1,1,1,6,78,FRANCE,ILE-DE-FRANCE,123,78123,CARRIERES-SOUS-POISSY,CHEMIN DU HALLAGE,417729,6,9,Autre,0,2,1,,,0,0,,,,1,5,0,1,0,0
1,6,2,1,3,78,FRANCE,ILE-DE-FRANCE,498,78498,POISSY,AVENUE DE VERSAILLES,417747,0,3,RD,0,2,3,,,0,1,,,,1,30,0,1,0,0
1,5,1,1,6,78,FRANCE,ILE-DE-FRANCE,322,78322,JOUY-EN-JOSAS,RUE DU PETIT ROBINSON,417795,0,4,VC,0,2,2,,,0,1,,,,1,7,0,1,0,0
5,6,1,1,1,78,FRANCE,ILE-DE-FRANCE,490,78490,PLAISIR,ROUTE DES DEUX PLATEAUX,417796,0,3,RD,0,2,2,1,495,1,5,,,,1,,0,1,0,0
1,5,1,1,5,78,FRANCE,ILE-DE-FRANCE,688,78688,VOISINS-LE-BRETONNEUX,RUE NICOLAS LEDOUX,417817,0,4,VC,0,2,2,,,0,1,,,,1,7,0,1,0,0
1,4,1,1,4,78,FRANCE,ILE-DE-FRANCE,638,78638,VAUX-SUR-SEINE,RUE DU GENERAL DE GAULLE ,417867,0,3,RD,190,2,2,38,780,0,1,4900510,196568,,1,7,0,1,0,0
1,1,1,7,5,79,FRANCE,POITOU-CHARENTES,230,79230,ROM,VC 2,417924,0,4,VC,2,2,2,0,0,0,1,4628200,13300,,1,7,0,1,0,0
5,5,2,1,3,81,FRANCE,MIDI-PYRENEES,163,81163,MAZAMET,FREDERIC MISTRAL,418150,5,3,RD,0,2,2,41,412,0,1,,,,1,7,0,1,0,0
1,1,4,1,5,82,FRANCE,MIDI-PYRENEES,079,82079,LABASTIDE-SAINT-PIERRE,RD 94,418251,0,3,RD,94,2,2,7,900,0,1,4391800,136700,,1,7,0,1,0,0
1,1,1,7,5,82,FRANCE,MIDI-PYRENEES,079,82079,LABASTIDE-SAINT-PIERRE,RD 6,418256,0,3,RD,6,2,0,0,0,0,1,4391900,134900,,1,7,0,1,0,0
1,6,6,1,1,83,FRANCE,PROVENCE-ALPES-COTE-D'AZUR,129,83129,SIX-FOURS-LES-PLAGES,AVENUE DU MARECHAL JUIN,418348,5,4,VC,0,3,3,,,1,5,,,,1,2,0,1,0,0
1,5,1,1,3,83,FRANCE,PROVENCE-ALPES-COTE-D'AZUR,019,83019,BORMES-LES-MIMOSAS,RD 298,418487,0,3,RD,298,2,2,0,800,0,1,0,0,,1,32,0,1,0,0
1,1,1,1,1,83,FRANCE,PROVENCE-ALPES-COTE-D'AZUR,043,83043,COLLOBRIERES,RD 41,418515,0,3,RD,41,0,2,2,900,0,1,0,0,,1,,0,1,0,0
1,1,3,1,6,83,FRANCE,PROVENCE-ALPES-COTE-D'AZUR,137,83137,TOULON,VALETTE CD 46 FIN,418667,5,4,VC,0,2,2,,,0,1,,,,1,7,0,1,0,0
1,1,1,1,3,84,FRANCE,PROVENCE-ALPES-COTE-D'AZUR,038,84038,CHEVAL-BLANC,VC 2,418711,0,4,VC,2,2,0,0,0,0,1,0,0,,1,30,0,1,0,0
1,1,1,1,1,84,FRANCE,PROVENCE-ALPES-COTE-D'AZUR,014,84014,BEAUMONT-DE-PERTUIS,RD 96,418726,0,3,RD,96,2,2,6,600,0,1,0,0,,1,33,0,1,0,0
5,5,1,1,1,84,FRANCE,PROVENCE-ALPES-COTE-D'AZUR,092,84092,PONTET (LE),VC 0,418744,0,4,VC,0,1,1,0,0,0,1,4396500,485500,,1,30,0,1,0,0
1,1,1,1,2,84,FRANCE,PROVENCE-ALPES-COTE-D'AZUR,141,84141,VEDENE,RD 225,418760,0,3,RD,225,3,4,0,0,0,2,0,0,,1,7,0,1,0,0
1,1,1,1,1,84,FRANCE,PROVENCE-ALPES-COTE-D'AZUR,131,84131,TAILLADES,RD 31,418770,0,3,RD,31,2,2,0,0,0,1,0,0,,1,33,0,1,0,0
1,5,1,1,3,84,FRANCE,PROVENCE-ALPES-COTE-D'AZUR,054,84054,ISLE-SUR-LA-SORGUE (L'),RD 901,418778,0,3,RD,901,2,2,0,0,2,1,4392400,503300,,1,33,0,1,0,0
1,1,1,1,2,85,FRANCE,PAYS DE LA LOIRE,234,85234,SAINT-JEAN-DE-MONTS,RD 82,418832,0,3,RD,82,2,2,30,100,0,1,0,0,,1,7,0,2,0,0
1,5,1,1,1,85,FRANCE,PAYS DE LA LOIRE,226,85226,SAINT-HILAIRE-DE-RIEZ,VC 0,418886,0,4,VC,0,2,0,38,200,0,1,0,0,,1,7,0,1,0,0
1,4,1,1,6,85,FRANCE,PAYS DE LA LOIRE,294,85294,TRANCHE-SUR-MER (LA),VC 0,418917,0,4,VC,0,1,1,0,0,1,5,4635480,-146561,,1,,0,1,0,0
1,1,1,1,5,85,FRANCE,PAYS DE LA LOIRE,070,85070,COEX,RD 40,418946,0,3,RD,40,2,2,17,250,0,1,0,0,,1,7,0,1,0,0
1,1,3,2,5,85,FRANCE,PAYS DE LA LOIRE,161,85161,NIEUL-LE-DOLENT,RD 36,418971,5,3,RD,36,2,2,21,122,0,1,0,0,,1,7,0,1,0,0
1,2,1,1,3,86,FRANCE,POITOU-CHARENTES,136,86136,LIZANT,RD 107,418983,0,3,RD,107,2,2,15,570,0,1,0,0,,1,2,0,1,0,0
1,1,1,8,2,86,FRANCE,POITOU-CHARENTES,272,86272,THURE,RD 725,418994,0,3,RD,725,2,2,28,500,0,1,0,0,,1,2,0,1,0,0
1,1,2,1,5,88,FRANCE,LORRAINE,513,88513,VINCEY,RD 33,419140,5,3,RD,33,2,0,0,0,0,0,4836300,630600,,1,10,0,1,0,0
1,1,1,8,3,88,FRANCE,LORRAINE,492,88492,VALTIN (LE),RD 61,419190,0,3,RD,61,2,2,1,600,0,1,4807200,702200,,1,33,0,1,0,0
1,6,6,1,5,88,FRANCE,LORRAINE,160,88160,EPINAL,AVENUE PIERRE BLANCK,419193,5,4,VC,0,2,2,,,0,1,4820364,645824,,1,7,0,1,0,0
1,1,1,1,5,89,FRANCE,BOURGOGNE,209,89209,JOUY,VC 0,419260,0,4,VC,0,2,1,0,0,0,1,4819600,295600,,1,10,0,1,0,0
1,2,1,1,2,89,FRANCE,BOURGOGNE,434,89434,VAUMORT,RD 905,419285,0,3,RD,905,2,2,0,0,0,1,0,0,,1,33,0,1,0,0
1,1,1,1,1,89,FRANCE,BOURGOGNE,021,89021,ASQUINS,RD 123,419291,0,3,RD,123,2,1,0,0,0,1,0,0,,1,33,0,1,0,0
3,1,1,1,2,89,FRANCE,BOURGOGNE,026,89026,AVROLLES,RD 943,419295,2,3,RD,943,2,2,46,800,0,1,0,0,,1,30,0,1,0,0
1,1,1,1,3,89,FRANCE,BOURGOGNE,118,89118,COULANGES-LA-VINEUSE,VC 38,419307,0,4,VC,38,2,2,12,600,0,1,0,0,,1,33,0,1,0,0
1,3,1,2,1,89,FRANCE,BOURGOGNE,439,89439,VERGIGNY,RD 43,419353,0,3,RD,43,2,2,13,700,0,3,0,0,,1,7,0,1,0,0
1,1,1,1,1,91,FRANCE,ILE-DE-FRANCE,377,91377,MASSY,VOIE DE LA VALLEE DE LA BIEVRE,419399,0,9,Autre,0,2,2,,,1,5,,,,1,,0,1,0,0
1,1,2,1,3,91,FRANCE,ILE-DE-FRANCE,345,91345,LONGJUMEAU,ROUTE DE CORBEIL,419402,0,4,VC,0,2,2,,,0,1,,,,1,31,0,1,0,0
1,6,1,1,3,91,FRANCE,ILE-DE-FRANCE,174,91174,CORBEIL-ESSONNES,AVENUE DU 08 MAI 1945,419441,0,2,RN,0,2,3,,,0,1,,,,1,33,0,1,0,0
5,5,1,1,2,91,FRANCE,ILE-DE-FRANCE,340,91340,LISSES,VC 0,419491,0,4,VC,0,2,2,0,0,0,1,4860700,242400,,1,33,0,1,0,0
1,1,1,1,1,91,FRANCE,ILE-DE-FRANCE,679,91679,VILLIERS-LE-BACLE,RD 36,419542,0,3,RD,36,2,2,0,0,0,1,0,0,,1,,0,1,0,0
1,6,4,1,3,92,FRANCE,ILE-DE-FRANCE,062,92062,PUTEAUX,RUE LOUIS POUEY ,419617,0,4,VC,0,2,2,,,0,1,,,,1,2,0,1,0,0
1,7,3,1,3,92,FRANCE,ILE-DE-FRANCE,025,92025,COLOMBES,BOULEVARD EDGARD QUINET,419618,0,4,VC,0,2,1,1,0,0,0,,,,1,7,0,2,0,0
2,7,1,1,3,92,FRANCE,ILE-DE-FRANCE,004,92004,ASNIERES-SUR-SEINE,RUE DES BAS,419641,0,3,RD,911,1,,,,0,1,,,,1,7,0,2,0,0
3,6,1,8,1,93,FRANCE,ILE-DE-FRANCE,071,93071,SEVRAN,AVENUE SALVADOR ALLENDE,419677,0,9,Autre,0,0,1,,,0,0,,,,1,99,0,1,0,0
2,6,2,1,1,93,FRANCE,ILE-DE-FRANCE,071,93071,SEVRAN,AVENUE RAOUL DAUTRY,419678,5,4,VC,0,1,1,,,0,1,,,,1,7,0,2,0,0
1,6,1,1,3,93,FRANCE,ILE-DE-FRANCE,008,93008,BOBIGNY,AVENUE JEAN JAURES,419691,0,4,VC,0,1,1,,,0,1,,,,1,7,0,1,0,0
1,5,3,1,5,93,FRANCE,ILE-DE-FRANCE,039,93039,ILE-SAINT-DENIS (L'),PONT DE SAINT OUEN,419697,2,4,VC,0,2,3,,,0,1,,,,1,7,0,1,0,0
1,7,1,1,6,93,FRANCE,ILE-DE-FRANCE,066,93066,SAINT-DENIS,DELAFONTAINE DOCTEUR,419698,0,4,VC,0,2,1,0,1,0,4,,,,1,7,0,1,0,0
1,7,2,1,3,93,FRANCE,ILE-DE-FRANCE,001,93001,AUBERVILLIERS,RUE DES CITES ,419825,0,4,VC,0,1,1,,,0,1,,,,1,34,0,1,0,0
1,6,1,6,4,93,FRANCE,ILE-DE-FRANCE,050,93050,NEUILLY-SUR-MARNE,AVENUE MARECHAL FOCH,419837,0,2,RN,0,3,2,,,3,1,,,,1,7,0,2,0,0
1,6,3,1,3,93,FRANCE,ILE-DE-FRANCE,007,93007,BLANC-MESNIL (LE),PLACE GABRIEL PERI,419845,0,4,VC,0,2,2,,,0,1,,,,1,7,0,2,0,0
5,6,1,2,5,93,FRANCE,ILE-DE-FRANCE,032,93032,GAGNY,AVENUE HENRI BARBUSSE,419918,0,4,VC,0,2,1,,,0,1,,,,1,7,0,1,0,0
1,6,2,1,6,93,FRANCE,ILE-DE-FRANCE,014,93014,CLICHY-SOUS-BOIS,AVENUE DE LA RESISTANCE,419928,5,4,VC,0,2,4,,,0,1,,,,1,30,0,1,0,0
1,7,1,1,6,93,FRANCE,ILE-DE-FRANCE,051,93051,NOISY-LE-GRAND,QUAI RIVE CHARMANTE,419941,0,9,Autre,0,2,2,1,0,1,5,,,,1,,0,1,0,0
1,6,2,1,3,93,FRANCE,ILE-DE-FRANCE,050,93050,NEUILLY-SUR-MARNE,PLACE DAUPHINE,419959,5,3,RD,0,2,1,,,1,1,,,,1,32,0,2,0,0
1,7,1,1,6,93,FRANCE,ILE-DE-FRANCE,066,93066,SAINT-DENIS,CASANOVA DANIELLE ,419961,0,4,VC,0,3,2,,,0,1,,,,1,7,0,2,0,0
3,1,1,1,6,93,FRANCE,ILE-DE-FRANCE,027,93027,COURNEUVE (LA),AVENUE ROGER SALENGRO,419967,2,3,RD,0,1,1,,,0,1,,,,1,7,0,1,0,0
2,5,2,1,3,93,FRANCE,ILE-DE-FRANCE,030,93030,DUGNY,RUE ALBERT CHARDAVOINE,420187,0,4,VC,0,1,2,,,0,1,,,,1,7,0,2,0,0
1,7,2,1,3,93,FRANCE,ILE-DE-FRANCE,001,93001,AUBERVILLIERS,RUE DES ECOLES,420269,0,4,VC,0,1,1,0,0,0,1,4890510,238941,,1,33,,,,
1,6,1,1,6,93,FRANCE,ILE-DE-FRANCE,006,93006,BAGNOLET,RUE JEAN LOLIVE,420275,0,4,VC,0,2,1,0,0,0,1,4886760,242958,,1,,0,1,0,0
1,6,1,1,2,93,FRANCE,ILE-DE-FRANCE,014,93014,CLICHY-SOUS-BOIS,ALLEE DE COUBRON,420300,0,3,RD,136,2,2,,,0,1,,,,1,33,0,0,0,1
1,5,1,1,3,93,FRANCE,ILE-DE-FRANCE,079,93079,VILLETANEUSE,RUE JEAN ALLEMANE,420313,0,4,VC,0,2,2,,,1,1,,,,1,33,0,1,0,0
2,1,3,1,3,94,FRANCE,ILE-DE-FRANCE,078,94078,VILLENEUVE-SAINT-GEORGES,RUE DE PARIS,420396,0,2,RN,0,2,2,,,0,1,,,,1,10,0,2,0,0
1,6,1,1,6,94,FRANCE,ILE-DE-FRANCE,022,94022,CHOISY-LE-ROI,AVENUE VICTOR HUGO,420408,2,2,RN,0,2,0,,,3,1,,,,1,7,0,1,0,0
1,5,1,1,3,94,FRANCE,ILE-DE-FRANCE,021,94021,CHEVILLY-LARUE,AVENUE DE STALINGRAD,420442,0,2,RN,0,3,3,,,0,1,,,,1,36,0,1,0,0
1,5,6,1,6,94,FRANCE,ILE-DE-FRANCE,077,94077,VILLENEUVE-LE-ROI,ALLEE MICHEL GASPARD ET ROBERT IMBERT,420475,0,4,VC,0,1,2,0,0,0,1,4873490,241763,,1,7,0,2,0,0
5,5,2,1,3,94,FRANCE,ILE-DE-FRANCE,042,94042,JOINVILLE-LE-PONT,AVENUE DU PRESIDENT JOHN FITZGERALD KENNEDY,420481,0,3,RD,123,2,2,0,0,0,1,4881500,246302,,1,30,0,1,0,0
5,6,2,1,3,94,FRANCE,ILE-DE-FRANCE,052,94052,NOGENT-SUR-MARNE,BOULEVARD DE STRASBOURG,420534,5,2,RN,34,2,2,10,920,0,1,,,,1,33,0,1,0,0
1,6,1,1,6,95,FRANCE,ILE-DE-FRANCE,252,95252,FRANCONVILLE,AVENUE DES MARAIS,420547,0,4,VC,0,2,2,,,0,1,,,,1,7,0,1,0,0
1,6,1,1,6,95,FRANCE,ILE-DE-FRANCE,607,95607,TAVERNY,VOIE DES SPORTS,420576,0,4,VC,0,1,1,,,0,1,,,,1,,0,2,0,0
1,5,9,1,3,95,FRANCE,ILE-DE-FRANCE,598,95598,SOISY-SOUS-MONTMORENCY,AVENUE DE PARIS,420590,0,6,Parking,0,0,0,,,0,0,,,,1,7,0,2,0,0