lum,agg,int,atm,col,dep_bis,pays,region,com_bis,com_codeINSEE,communes,N_voie,numac,infra,catr,type_route,voie,circ,nbv,pr,pr1,vosp,situ,lat,long,adr,accident_velo,vehicule_imp,cycl_mort,cycl_bgv,cycl_blg,cycl_indm
1,6,1,1,6,95,FRANCE,ILE-DE-FRANCE,280,95280,GOUSSAINVILLE,RUE DES ROUGES GORDES,420627,0,4,VC,0,0,0,,,0,1,,,,1,7,0,1,0,0
1,1,1,1,2,6,FRANCE,PROVENCE-ALPES-COTE-D'AZUR,004,6004,ANTIBES,GRASSE RTE DE,421230,0,4,VC,0,3,3,,,0,1,,,,1,31,0,1,0,0
1,1,1,1,5,6,FRANCE,PROVENCE-ALPES-COTE-D'AZUR,068,6068,GOURDON,RD 3,421244,0,3,RD,3,2,2,23,300,0,1,0,0,,1,7,0,1,0,0
2,1,1,1,5,9,FRANCE,MIDI-PYRENEES,167,9167,LEZAT-SUR-LEZE,RD 19,421282,0,3,RD,19,2,2,3,150,0,1,4328400,135200,,1,2,0,0,1,0
1,1,1,7,5,17,FRANCE,POITOU-CHARENTES,296,17296,RETAUD,RD 114,421526,0,3,RD,114,2,0,86,450,0,1,0,0,,1,7,0,0,1,0
1,1,1,1,1,2B,FRANCE,CORSE,217,2B217,PIAZZOLE,RD 46,421583,0,3,RD,46,2,2,0,10,0,1,0,0,,1,7,0,2,0,0
1,7,1,1,7,26,FRANCE,RHONE-ALPES,362,26362,VALENCE,RUE DES ALPES ,421687,0,4,VC,0,1,1,,,1,4,,,,1,3,0,0,0,1
1,1,1,1,1,26,FRANCE,RHONE-ALPES,368,26368,VERCHENY,VC 17,421690,0,4,VC,17,2,2,0,0,0,1,4470800,525600,,1,2,0,1,0,0
1,1,2,1,5,31,FRANCE,MIDI-PYRENEES,501,31501,SAINT-MARCEL-PAULEL,RD 32,421848,5,3,RD,32,2,2,29,784,0,1,4366339,160720,,1,7,0,1,0,0
1,6,1,8,5,33,FRANCE,AQUITAINE,243,33243,LIBOURNE,RD 243,421886,0,3,RD,243,2,2,6,700,0,1,0,0,,1,7,0,1,0,0
5,8,1,1,6,33,FRANCE,AQUITAINE,063,33063,BORDEAUX,RUE RAYMOND POINCARE,421917,0,4,VC,0,2,2,,,0,1,,,,1,33,0,1,1,0
1,1,1,1,5,35,FRANCE,BRETAGNE,266,35266,SAINT-ERBLON,RD 36,421976,0,3,RD,36,2,2,36,300,0,1,0,0,,1,7,0,1,0,0
1,5,1,1,1,36,FRANCE,CENTRE,088,36088,ISSOUDUN,VC 0,421997,0,4,VC,0,2,2,0,0,1,1,0,0,,1,14,0,2,0,0
2,1,1,1,5,37,FRANCE,CENTRE,028,37028,BOSSAY-SUR-CLAISE,RD 14,422013,0,3,RD,14,2,2,8,0,0,1,4677860,94611,,1,2,0,0,1,0
1,1,1,1,2,38,FRANCE,RHONE-ALPES,275,38275,SERRE-NERPOL,RD 155,422052,0,3,RD,155,2,2,1,600,0,1,4523880,536129,,1,7,0,1,0,0
1,1,1,1,5,38,FRANCE,RHONE-ALPES,451,38451,SAINT-ROMAIN-DE-JALIONAS,RD 75,422054,0,3,RD,75,2,0,36,950,0,1,4572850,523176,,1,7,0,1,0,0
1,1,1,1,5,42,FRANCE,RHONE-ALPES,038,42038,CHALAIN-LE-COMTAL,RD 110,422143,2,3,RD,110,2,0,0,0,0,1,4564576,418832,,1,7,0,0,1,0
1,1,1,1,5,44,FRANCE,PAYS DE LA LOIRE,026,44026,CARQUEFOU,RD 37,422185,5,3,RD,37,2,0,0,0,0,1,4729200,-146300,,1,7,0,1,0,0
1,1,1,1,5,45,FRANCE,CENTRE,175,45175,JOUY-LE-POTIER,RD 15,422198,0,3,RD,15,2,0,0,0,0,1,4777300,181800,,1,10,0,0,1,0
1,1,1,6,5,45,FRANCE,CENTRE,276,45276,SAINT-FIRMIN-SUR-LOIRE,RD 951,422199,0,3,RD,951,2,2,18,50,0,1,4764300,271600,,1,2,0,1,0,0
2,5,3,1,3,45,FRANCE,CENTRE,068,45068,CHALETTE-SUR-LOING,RUE EDOUARD LALO,422211,0,4,VC,0,2,2,0,0,0,1,4800593,271907,,1,7,0,2,0,0
1,5,1,1,3,47,FRANCE,AQUITAINE,252,47252,SAINTE-LIVRADE-SUR-LOT,VC 0,422242,0,4,VC,0,2,1,0,0,0,1,0,0,,1,7,0,2,0,0
1,1,1,1,5,53,FRANCE,PAYS DE LA LOIRE,005,53005,ANDOUILLE,RD 501,422333,0,3,RD,501,2,2,0,750,0,1,4819258,-79333,,1,7,0,1,0,0
1,3,6,1,3,54,FRANCE,LORRAINE,400,54400,NOMENY,RD 913,422334,0,3,RD,913,0,0,5,850,0,1,0,0,,1,7,0,2,0,0
1,1,1,1,1,54,FRANCE,LORRAINE,482,54482,SAINT-MAX,ALLEE DE LA MEURTHE,422349,0,9,Autre,0,2,2,,,1,0,,,,1,2,0,1,0,0
1,4,7,1,1,58,FRANCE,BOURGOGNE,079,58079,CLAMECY,Autre 0,422419,0,9,Autre,0,1,0,0,0,0,4,0,0,,1,7,0,1,0,0
1,5,1,1,5,69,FRANCE,RHONE-ALPES,069,69069,CRAPONNE,RD 11,422715,0,3,RD,11,2,2,0,500,0,1,4573900,471300,,1,7,0,1,0,0
1,9,1,1,6,75,FRANCE,ILE-DE-FRANCE,106,75106,PARIS,BOULEVARD SAINT GERMAIN,422893,0,4,VC,0,1,3,,,0,1,,,,1,,0,0,1,0
1,6,1,1,5,76,FRANCE,HAUTE-NORMANDIE,575,76575,SAINT-ETIENNE-DU-ROUVRAY,AVENUE DES CANADIENS,422898,0,2,RN,0,3,5,18,820,0,1,,,,1,7,0,1,0,0
1,5,2,1,3,77,FRANCE,ILE-DE-FRANCE,458,77458,SOUPPES-SUR-LOING,route de MONTARGIS,422947,0,4,VC,0,2,3,49,500,0,1,,,,1,7,0,2,0,0
1,4,1,1,3,78,FRANCE,ILE-DE-FRANCE,502,78502,PORT-MARLY (LE),ROUTE NATIONALE 13,423004,0,2,RN,0,1,4,20,535,0,1,,,,1,7,0,2,0,0
1,6,1,1,6,85,FRANCE,PAYS DE LA LOIRE,191,85191,ROCHE-SUR-YON (LA),RUE GUTEMBERG,423158,0,4,VC,0,2,2,,,0,1,,,,1,33,0,1,0,0
1,4,1,1,5,91,FRANCE,ILE-DE-FRANCE,115,91115,BRUYERES-LE-CHATEL,RD 152,423239,0,3,RD,152,2,0,0,0,1,5,4859700,220000,,1,,0,1,0,0
1,1,6,8,5,91,FRANCE,ILE-DE-FRANCE,534,91534,SACLAY,RD 306,423241,0,3,RD,306,4,2,4,0,0,1,0,0,,1,7,0,1,0,0
5,7,2,9,3,92,FRANCE,ILE-DE-FRANCE,050,92050,NANTERRE,Route Nationale  314,423259,3,3,RD,,1,2,,,0,1,,,,1,33,0,1,0,0
1,6,1,1,2,94,FRANCE,ILE-DE-FRANCE,079,94079,VILLIERS-SUR-MARNE,RUE DE PARIS,423309,0,4,VC,0,3,2,,,0,1,,,,1,34,0,1,0,0
1,1,1,1,5,95,FRANCE,ILE-DE-FRANCE,063,95063,BEZONS,RUE FRERES BONNEFF ,423323,0,4,VC,0,1,1,,,0,1,,,,1,7,0,1,0,0
1,6,1,8,5,18,FRANCE,CENTRE,279,18279,VIERZON,ROUTE VILLAGE D'EN HAUT,423560,0,4,VC,0,2,1,1,0,0,1,,,,1,7,0,1,0,0
1,1,1,1,5,42,FRANCE,RHONE-ALPES,031,42031,CALOIRE,CD 108,423743,0,3,RD,0,2,2,7,870,0,1,4542477,424050,,1,7,0,0,1,0
1,1,1,1,5,55,FRANCE,LORRAINE,552,55552,VIGNEUL-SOUS-MONTMEDY,RD 110,423814,0,3,RD,110,2,2,24,500,0,1,4950500,532700,,1,7,0,0,1,0
1,1,1,1,5,60,FRANCE,PICARDIE,086,60086,BORAN-SUR-OISE,RD 603,423859,0,3,RD,603,2,2,2,850,0,1,0,0,,1,10,0,0,1,0
1,1,1,1,5,63,FRANCE,AUVERGNE,405,63405,SALLEDES,RD 53,423881,0,3,RD,53,2,2,3,110,0,1,4565400,326300,,1,7,0,1,0,0
1,4,1,1,7,65,FRANCE,MIDI-PYRENEES,100,65100,BORDERES-SUR-L'ECHEZ,RUE PROLONGEE KLEBER,423886,0,4,VC,0,2,2,,,0,1,,,,1,33,0,1,1,0
1,1,1,1,5,87,FRANCE,LIMOUSIN,021,87021,BOSMIE-L'AIGUILLE,RD 11,424045,0,3,RD,11,2,2,9,150,0,1,4577500,122100,,1,7,0,1,0,0
1,6,1,1,5,93,FRANCE,ILE-DE-FRANCE,071,93071,SEVRAN,AVENUE DE LATTRE DE TASSIGNY,424075,0,4,VC,0,2,2,,,0,1,,,,1,7,0,1,0,0
1,1,1,1,6,13,FRANCE,PROVENCE-ALPES-COTE-D'AZUR,098,13098,SAINT-MITRE-LES-REMPARTS,D 51,424148,0,3,RD,0,2,2,2,550,0,1,,,,1,7,0,1,0,0
1,7,3,1,5,6,FRANCE,PROVENCE-ALPES-COTE-D'AZUR,004,6004,ANTIBES,BOULEVARD CHANCEL ,424631,0,4,VC,0,2,2,1,0,0,1,,,,1,2,0,1,0,0
1,1,1,1,1,16,FRANCE,POITOU-CHARENTES,347,16347,SAINT-ROMAIN,RD 2,424908,0,3,RD,2,2,2,7,600,0,1,0,0,,1,33,0,1,0,0
5,3,1,1,3,25,FRANCE,FRANCHE-COMTE,432,25432,ORCHAMPS-VENNES,,425101,0,4,VC,,2,2,,,0,1,0,0,,1,2,0,1,0,0
1,1,1,1,5,28,FRANCE,CENTRE,417,28417,VILLIERS-LE-MORHIER,RD 307,425174,0,3,RD,307,2,2,4,700,0,1,4863000,157800,,1,7,0,1,0,0
1,1,1,1,1,29,FRANCE,BRETAGNE,022,29022,CAMARET-SUR-MER,RD 355,425206,0,3,RD,355,2,0,0,0,0,1,0,0,,1,7,0,2,0,0
1,1,1,1,4,33,FRANCE,AQUITAINE,501,33501,SAUCATS,VC 0,425354,0,4,VC,0,2,2,0,0,0,1,0,0,,1,,0,0,0,1
5,8,1,1,6,33,FRANCE,AQUITAINE,063,33063,BORDEAUX,BOULEVARD ALBERT 1ER,425366,4,4,VC,0,3,4,,,2,1,,,,1,33,0,2,0,0
1,7,1,1,3,33,FRANCE,AQUITAINE,318,33318,PESSAC,AVENUE DE LA CHATAIGNERAIE,425379,0,4,VC,0,2,2,,,0,1,,,,1,31,0,2,0,0
1,1,6,1,5,33,FRANCE,AQUITAINE,555,33555,MARCHEPRIME,RD 5,425383,3,3,RD,5,3,0,0,0,0,1,0,0,,1,7,0,1,0,0
1,3,1,8,3,38,FRANCE,RHONE-ALPES,466,38466,SAINT-VINCENT-DE-MERCUZE,RD 9,425542,0,3,RD,9,2,2,1,850,0,1,0,0,,1,2,0,1,0,0
2,5,1,1,5,40,FRANCE,AQUITAINE,088,40088,DAX,ROUTE DE TERCIS,425594,0,3,RD,0,2,2,,,0,1,,,,1,7,0,1,0,0
1,4,1,1,5,44,FRANCE,PAYS DE LA LOIRE,211,44211,TURBALLE (LA),RD 92,425677,0,3,RD,92,2,0,0,0,0,1,0,0,,1,7,0,1,0,0
2,6,2,1,2,50,FRANCE,BASSE-NORMANDIE,129,50129,CHERBOURG-OCTEVILLE,RUE ROGER SALENGRO,425815,5,3,RD,0,2,2,,,0,1,,,,1,33,0,1,0,0
1,1,1,1,1,54,FRANCE,LORRAINE,466,54466,ROYAUMEIX,RD 904,425903,0,3,RD,904,2,2,18,250,0,1,4879730,585171,,1,33,0,2,0,0
1,1,6,1,4,56,FRANCE,BRETAGNE,081,56081,GUISCRIFF,VC 2,425920,0,4,VC,2,2,2,0,0,0,1,4805300,-363200,,1,10,0,1,0,0
1,1,2,1,1,56,FRANCE,BRETAGNE,240,56240,SARZEAU,RD 20,425930,0,3,RD,20,3,1,0,1,0,1,0,0,,1,7,0,3,0,0
1,1,3,1,3,59,FRANCE,NORD-PAS-DE-CALAIS,090,59090,BONDUES,AVENUE DU GENERAL DE GAULLE,425992,0,2,RN,0,2,3,,,0,1,,,,1,33,0,1,0,0
1,2,1,1,5,62,FRANCE,NORD-PAS-DE-CALAIS,644,62644,OUVE-WIRQUIN,RD 341,426159,0,3,RD,341,2,2,63,500,0,1,5065200,213700,,1,7,0,0,0,1
3,1,1,1,6,73,FRANCE,RHONE-ALPES,300,73300,TRESSERVE,RN 201,426423,0,2,RN,201,2,3,15,500,2,5,0,0,,1,,0,2,0,0
1,1,1,1,1,84,FRANCE,PROVENCE-ALPES-COTE-D'AZUR,069,84069,MALAUCENE,RD 974,426758,0,3,RD,974,2,0,52,300,0,1,4426500,524700,,1,33,0,1,0,0
3,1,1,1,5,86,FRANCE,POITOU-CHARENTES,159,86159,MILLAC,RD 11,426807,0,3,RD,11,2,2,69,960,0,1,4621400,70200,,1,7,0,1,0,0
1,8,1,1,3,87,FRANCE,LIMOUSIN,085,87085,LIMOGES,AVENUE DE BEAUBREUIL,426826,0,4,VC,0,2,2,,,0,1,,,,1,30,0,1,0,0
1,1,1,1,1,22,FRANCE,BRETAGNE,203,22203,PLOEUC-SUR-LIE,RD 27,427885,0,3,RD,27,2,2,0,0,0,1,4836700,-274700,,1,10,0,3,3,0
1,4,1,1,1,38,FRANCE,RHONE-ALPES,451,38451,SAINT-ROMAIN-DE-JALIONAS,Autre 0,427900,0,9,Autre,0,2,2,0,0,0,4,0,0,,1,7,0,3,3,0
1,6,1,1,5,69,FRANCE,RHONE-ALPES,290,69290,SAINT-PRIEST,DE MAUGUETTE,427963,0,4,VC,0,2,2,,,0,1,,,,1,7,0,1,0,0
1,1,1,1,5,13,FRANCE,PROVENCE-ALPES-COTE-D'AZUR,063,13063,MIRAMAS,CD 10,427966,0,3,RD,10,2,2,,,0,3,,,,1,33,0,0,1,0
1,1,1,1,5,52,FRANCE,CHAMPAGNE-ARDENNE,154,52154,CRENAY,RD 143,427971,0,3,RD,143,2,2,9,720,0,1,4801700,517000,,1,7,0,0,1,0
1,1,1,1,5,26,FRANCE,RHONE-ALPES,093,26093,CLANSAYES,RD 571,428172,0,3,RD,571,2,2,0,0,0,1,0,0,,1,31,0,1,0,0
2,1,1,1,5,26,FRANCE,RHONE-ALPES,085,26085,CHATEAUNEUF-DU-RHONE,RN 7,428177,0,2,RN,7,2,1,97,0,0,1,0,0,,1,7,0,2,0,0
1,1,1,1,5,34,FRANCE,LANGUEDOC-ROUSSILLON,175,34175,MOUREZE,RD 908,428275,0,3,RD,908,2,2,61,300,0,1,4360846,332264,,1,33,0,1,0,0
1,1,1,1,5,66,FRANCE,LANGUEDOC-ROUSSILLON,044,66044,CASTELNOU,RD 615,428489,0,3,RD,615,2,2,8,910,0,1,0,0,,1,7,0,1,0,0
5,9,1,1,6,69,FRANCE,RHONE-ALPES,381,69381,LYON,QUAI SAINT VINCENT,428523,0,4,VC,0,1,3,,,0,1,,,,1,10,0,1,0,0
1,1,1,9,5,33,FRANCE,AQUITAINE,474,33474,SAINT-SELVE,RD 109,428818,0,3,RD,109,2,0,0,0,0,1,4467000,-47000,,1,7,0,1,0,0
1,1,6,1,1,1,FRANCE,RHONE-ALPES,202,1202,LAGNIEU,RN 75,429515,5,2,RN,75,2,2,1,0,0,1,0,0,,1,10,1,0,0,0
1,1,1,1,1,1,FRANCE,RHONE-ALPES,345,1345,SAINT-DENIS-EN-BUGEY,RD 1075,429549,0,3,RD,1075,2,5,0,0,0,1,4595300,532100,,1,7,1,0,0,0
1,1,1,1,5,1,FRANCE,RHONE-ALPES,199,1199,JUJURIEUX,RD 1084,429553,0,3,RD,1084,2,2,42,500,0,1,0,0,,1,7,1,0,0,0
1,1,1,1,3,1,FRANCE,RHONE-ALPES,264,1264,MONTRACOL,RD 936,429580,0,3,RD,936,2,0,0,0,0,1,0,0,,1,7,1,0,0,0
1,1,2,1,3,1,FRANCE,RHONE-ALPES,325,1325,RIGNIEUX-LE-FRANC,RD 22,429584,5,3,RD,22,2,2,23,949,0,1,0,0,,1,7,1,0,0,0
3,1,1,1,2,1,FRANCE,RHONE-ALPES,320,1320,REPLONGES,RD 933,429596,2,3,RD,933,2,2,23,500,0,1,4632090,487926,,1,7,1,0,0,0
1,1,1,1,1,1,FRANCE,RHONE-ALPES,034,1034,BELLEY,VC 0,429601,0,4,VC,0,2,2,0,0,0,1,,,,1,10,1,0,0,0
1,1,1,6,2,1,FRANCE,RHONE-ALPES,007,1007,AMBRONAY,RD 36,429608,0,3,RD,36,2,2,8,600,0,1,0,0,,1,7,1,0,0,0
2,1,1,8,2,1,FRANCE,RHONE-ALPES,157,1157,FAREINS,RD 933,429635,0,3,RD,933,2,2,0,0,0,1,0,0,,1,7,1,0,0,0
1,1,1,7,2,1,FRANCE,RHONE-ALPES,305,1305,PONT-DE-VAUX,RD 933,429646,0,3,RD,933,2,2,2,320,0,1,0,0,,1,10,1,0,0,0
1,1,1,1,1,1,FRANCE,RHONE-ALPES,381,1381,SAINT-NIZIER-LE-DESERT,RD 70,429652,0,3,RD,70,2,2,25,591,0,1,4606300,515700,,1,7,1,0,0,0
1,1,1,1,3,1,FRANCE,RHONE-ALPES,001,1001,ABERGEMENT-CLEMENCIAT (L'),RD 64,429654,0,3,RD,64,2,2,0,0,0,1,0,0,,1,7,1,0,0,0
1,1,1,1,3,1,FRANCE,RHONE-ALPES,156,1156,FARAMANS,RD 4,429655,0,3,RD,4,2,2,0,0,0,1,0,0,,1,7,1,0,0,0
1,4,1,1,6,2,FRANCE,PICARDIE,059,2059,BEAUTOR,RUE DES ALOUETTES,429677,0,9,Autre,0,2,1,,,0,1,,,,1,,1,0,0,0
1,5,1,1,3,2,FRANCE,PICARDIE,168,2168,CHATEAU-THIERRY,VOIE EXPRESS  04,429724,0,3,RD,0,3,6,95,350,0,1,,,,1,7,1,0,0,0
1,1,3,1,1,2,FRANCE,PICARDIE,666,2666,ROZOY-SUR-SERRE,RD 978,429760,0,3,RD,978,2,0,3,480,0,1,0,0,,1,10,1,0,0,0
2,1,1,1,2,2,FRANCE,PICARDIE,756,2756,URVILLERS,RD 1001,429767,0,3,RD,1001,3,2,3,100,0,1,4980100,328500,,1,15,1,0,0,0
3,1,1,1,2,2,FRANCE,PICARDIE,408,2408,LAON,RD 967,429778,0,3,RD,0,2,2,73,690,0,1,,,,1,7,1,0,0,0
3,1,1,1,2,2,FRANCE,PICARDIE,359,2359,GRUGIES,RD 321,429810,0,3,RD,321,2,2,6,500,0,1,0,0,,1,7,1,0,0,0
1,5,9,1,6,2,FRANCE,PICARDIE,381,2381,HIRSON,route de blangy,429821,0,4,VC,,2,2,,,0,1,0,0,,1,7,1,0,0,0
1,5,3,1,5,3,FRANCE,AUVERGNE,095,3095,CUSSET,RUE DE PROVENCE,429841,5,4,VC,0,1,1,,,0,1,,,,1,7,1,0,0,0
3,1,1,1,2,3,FRANCE,AUVERGNE,040,3040,BRESSOLLES,RD 2009,429858,0,3,RD,2009,2,0,5,400,0,1,4652500,331900,,1,10,1,0,0,0
1,6,1,1,6,3,FRANCE,AUVERGNE,185,3185,MONTLUCON,AVENUE DE LA REPUBLIQUE,429902,0,3,RD,943,2,2,0,1000,0,1,0,0,,1,14,1,0,0,0
2,9,1,1,7,6,FRANCE,PROVENCE-ALPES-COTE-D'AZUR,088,6088,NICE,CHEMIN DE TERRON,430053,0,4,VC,0,2,2,,,0,1,,,,1,,1,0,0,0
1,1,1,1,6,6,FRANCE,PROVENCE-ALPES-COTE-D'AZUR,025,6025,BROC (LE),RD 1,430070,0,3,RD,1,2,0,16,100,0,1,0,0,,1,,1,0,0,0
1,2,1,1,6,6,FRANCE,PROVENCE-ALPES-COTE-D'AZUR,047,6047,CONSEGUDES,VC 0,430112,0,4,VC,0,2,2,0,0,0,1,4384800,704700,,1,,1,0,0,0
1,9,9,1,2,6,FRANCE,PROVENCE-ALPES-COTE-D'AZUR,088,6088,NICE,BOULEVARD CORNIGLION MOLINIER,430119,0,3,RD,0,1,3,,,0,1,,,,1,10,1,0,0,0
1,5,1,1,6,6,FRANCE,PROVENCE-ALPES-COTE-D'AZUR,079,6079,MANDELIEU-LA-NAPOULE,RD 6098,430156,0,3,RD,6098,2,1,0,0,0,1,4352700,694000,,1,,0,0,0,1
1,1,1,8,3,6,FRANCE,PROVENCE-ALPES-COTE-D'AZUR,064,6064,GATTIERES,RD 2210,430197,0,3,RD,2210,2,2,2,880,0,1,0,0,,1,14,1,0,0,0
1,9,1,1,6,6,FRANCE,PROVENCE-ALPES-COTE-D'AZUR,088,6088,NICE,BOULEVARD VERANY,430251,0,4,VC,0,1,2,,,0,1,,,,1,14,1,0,0,0
2,9,1,1,6,6,FRANCE,PROVENCE-ALPES-COTE-D'AZUR,088,6088,NICE,RUE CAPPATTI,430261,0,4,VC,0,2,2,,,0,1,,,,1,,1,0,0,0
1,1,1,1,7,6,FRANCE,PROVENCE-ALPES-COTE-D'AZUR,045,6045,COLLONGUES,RD 2211,430267,0,3,RD,2211,2,2,9,354,0,1,0,0,,1,,1,0,0,0
1,1,1,1,7,6,FRANCE,PROVENCE-ALPES-COTE-D'AZUR,071,6071,GUILLAUMES,RD 2202,430299,0,3,RD,2202,2,2,37,773,0,1,0,0,,1,,1,0,0,0
1,1,1,1,7,6,FRANCE,PROVENCE-ALPES-COTE-D'AZUR,069,6069,GRASSE,AVENUE DES GENETS,430312,0,4,VC,0,2,2,,,0,3,,,,1,,1,0,0,0
1,9,1,1,6,6,FRANCE,PROVENCE-ALPES-COTE-D'AZUR,088,6088,NICE,RD 6202,430326,0,3,RD,0,1,2,,,0,1,,,,1,,1,0,0,0
1,1,1,1,3,7,FRANCE,RHONE-ALPES,278,7278,SAINT-MICHEL-DE-CHABRILLANOUX,RD 2,430338,0,3,RD,2,2,2,30,300,0,1,0,0,,1,7,1,0,0,0
1,1,1,1,1,7,FRANCE,RHONE-ALPES,295,7295,SAINT-SAUVEUR-DE-MONTAGUT,RD 244,430360,5,3,RD,244,2,2,30,0,0,1,4482100,457000,,1,7,1,0,0,0
3,1,1,1,6,7,FRANCE,RHONE-ALPES,338,7338,VERNOUX-EN-VIVARAIS,RD 2,430362,2,3,RD,2,2,0,0,0,0,3,0,0,,1,,1,0,0,0
1,1,1,1,6,7,FRANCE,RHONE-ALPES,011,7011,ANTRAIGUES-SUR-VOLANE,RD 578,430364,0,3,RD,578,2,0,102,160,0,1,4473600,435000,,1,,1,0,0,0
1,1,1,1,7,7,FRANCE,RHONE-ALPES,261,7261,SAINT-LAURENT-DU-PAPE,VC 0,430368,0,4,VC,0,2,0,0,0,0,0,0,0,,1,,1,0,0,0
1,1,1,1,1,7,FRANCE,RHONE-ALPES,132,7132,LARGENTIERE,RD 5,430373,0,3,RD,5,2,2,5,800,0,1,0,0,,1,7,1,0,0,0
1,1,1,1,2,7,FRANCE,RHONE-ALPES,076,7076,CRUAS,RD 86,430392,0,3,RD,86,2,2,90,500,0,1,0,0,,1,7,1,0,0,0
1,5,3,1,3,7,FRANCE,RHONE-ALPES,102,7102,GUILHERAND-GRANGES,RUE ST EXUPERY,430396,0,4,VC,0,2,2,,,0,1,,,,1,7,1,0,0,0
1,1,1,1,7,7,FRANCE,RHONE-ALPES,219,7219,SAINT-BAUZILE,RD 3,430406,0,3,RD,3,2,1,6,810,0,1,0,0,,1,,1,0,0,0
1,4,1,1,3,7,FRANCE,RHONE-ALPES,330,7330,VALLON-PONT-D'ARC,VC 27,430411,0,4,VC,27,2,1,0,0,0,1,0,0,,1,7,1,0,0,0
1,1,1,1,7,7,FRANCE,RHONE-ALPES,301,7301,SAINT-VICTOR,Autre 0,430413,0,9,Autre,0,2,1,0,0,0,1,4508800,468000,,1,,1,0,0,0
1,1,9,1,3,7,FRANCE,RHONE-ALPES,261,7261,SAINT-LAURENT-DU-PAPE,RD 21,430416,0,3,RD,21,2,2,5,150,0,0,0,0,,1,7,1,0,0,0
1,1,1,1,6,7,FRANCE,RHONE-ALPES,269,7269,SAINT-MARTIN-DE-VALAMAS,RD 120,430419,0,3,RD,120,2,2,53,550,0,1,0,0,,1,,1,0,0,1
1,1,1,8,7,7,FRANCE,RHONE-ALPES,158,7158,MEZILHAC,RD 578,430429,0,3,RD,578,2,2,85,0,0,1,0,0,,1,,1,0,0,0
1,1,1,1,2,7,FRANCE,RHONE-ALPES,117,7117,LABLACHERE,RD 104,430433,0,3,RD,104,2,0,1,400,0,1,0,0,,1,,0,0,0,1
1,4,1,1,1,8,FRANCE,CHAMPAGNE-ARDENNE,090,8090,CARIGNAN,VC 0,430461,0,4,VC,0,1,0,0,0,0,1,0,0,,1,7,1,0,0,0
1,5,1,1,3,8,FRANCE,CHAMPAGNE-ARDENNE,362,8362,RETHEL,VC 0,430485,2,4,VC,0,2,2,0,0,0,1,0,0,,1,15,1,0,0,0
1,1,1,1,5,9,FRANCE,MIDI-PYRENEES,268,9268,SAINT-LIZIER,RD 117,430545,0,3,RD,117,2,2,87,0,0,1,4300300,113500,,1,7,1,0,0,0
1,1,1,1,2,9,FRANCE,MIDI-PYRENEES,082,9082,CASTELNAU-DURBAN,RD 117,430566,0,3,RD,117,2,2,65,500,0,1,0,0,,1,7,1,0,0,0
1,1,1,1,7,9,FRANCE,MIDI-PYRENEES,079,9079,CARLA-BAYLE,RD 614,430579,0,3,RD,614,2,0,1,0,0,1,4316395,140051,,1,,1,0,0,0
1,7,1,1,2,10,FRANCE,CHAMPAGNE-ARDENNE,387,10387,TROYES,RUE GEORGES POMPIDOU,430614,0,4,VC,0,3,5,,,0,1,,,,1,17,1,0,0,0
1,1,1,1,2,10,FRANCE,CHAMPAGNE-ARDENNE,280,10280,PARS-LES-ROMILLY,RD 160,430625,0,3,RD,160,2,0,2,0,0,1,0,0,,1,7,1,0,0,0
1,5,2,1,3,10,FRANCE,CHAMPAGNE-ARDENNE,323,10323,ROMILLY-SUR-SEINE,VC 0,430634,5,4,VC,0,2,2,0,0,0,1,4852000,372400,,1,7,1,0,0,0
1,2,1,1,2,10,FRANCE,CHAMPAGNE-ARDENNE,341,10341,SAINT-HILAIRE-SOUS-ROMILLY,RN 619,430635,0,2,RN,619,2,2,18,700,0,1,0,0,,1,13,1,0,0,0
1,7,1,1,6,10,FRANCE,CHAMPAGNE-ARDENNE,387,10387,TROYES,RUE DU 1ER MAI,430639,0,4,VC,0,2,4,,,0,1,,,,1,7,1,0,0,0
1,1,1,1,7,11,FRANCE,LANGUEDOC-ROUSSILLON,184,11184,LAFAGE,RD 325,430713,0,3,RD,325,2,2,5,600,0,3,4315500,188100,,1,,1,0,0,0
1,4,1,1,1,11,FRANCE,LANGUEDOC-ROUSSILLON,266,11266,PORT-LA-NOUVELLE,VC 0,430726,5,4,VC,0,3,0,0,0,0,1,4302700,304100,,1,7,1,0,0,0
1,3,9,1,1,11,FRANCE,LANGUEDOC-ROUSSILLON,024,11024,BAGES,RD 105,430740,0,3,RD,105,2,2,6,0,0,1,0,0,,1,7,1,0,0,0
3,1,1,1,2,11,FRANCE,LANGUEDOC-ROUSSILLON,116,11116,CUXAC-D'AUDE,RD 413,430755,0,3,RD,413,2,0,1,560,0,1,4326000,300600,,1,38,1,0,0,0
1,1,1,6,2,11,FRANCE,LANGUEDOC-ROUSSILLON,262,11262,NARBONNE,RD 13,430804,0,3,RD,13,2,2,4,400,0,1,0,0,,1,7,1,0,0,0
1,1,1,1,1,12,FRANCE,MIDI-PYRENEES,020,12020,BALSAC,RD 994,430886,5,3,RD,994,2,2,49,900,0,1,4438500,244900,,1,7,1,0,0,0