lum,agg,int,atm,col,dep_bis,pays,region,com_bis,com_codeINSEE,communes,N_voie,numac,infra,catr,type_route,voie,circ,nbv,pr,pr1,vosp,situ,lat,long,adr,accident_velo,vehicule_imp,cycl_mort,cycl_bgv,cycl_blg,cycl_indm
1,1,1,1,3,13,FRANCE,PROVENCE-ALPES-COTE-D'AZUR,040,13040,FUVEAU,RD 6,430976,0,3,RD,6,2,2,20,800,0,1,0,0,,1,7,1,0,0,0
1,8,4,1,2,13,FRANCE,PROVENCE-ALPES-COTE-D'AZUR,001,13001,AIX-EN-PROVENCE,RN 296,430994,0,3,RD,0,2,2,,,0,1,,,,1,7,1,0,0,0
3,1,1,1,6,13,FRANCE,PROVENCE-ALPES-COTE-D'AZUR,106,13106,SEPTEMES-LES-VALLONS,A51-Sens Aix en Provence vers Marseille,430997,3,1,Autoroute,51,3,2,0,800,0,1,,,,1,7,1,0,0,0
1,1,1,1,2,13,FRANCE,PROVENCE-ALPES-COTE-D'AZUR,047,13047,ISTRES,D5,431009,0,3,RD,0,2,2,43,334,0,1,,,,1,7,1,0,0,0
1,1,1,1,3,13,FRANCE,PROVENCE-ALPES-COTE-D'AZUR,108,13108,TARASCON,D33 ROUTE DE FONTVEILLE,431076,0,3,RD,0,2,2,,,0,1,,,,1,7,1,0,0,0
2,5,1,1,6,13,FRANCE,PROVENCE-ALPES-COTE-D'AZUR,078,13078,PORT-SAINT-LOUIS-DU-RHONE,LE MAZET,431086,0,4,VC,0,2,0,,,0,3,,,,1,,1,0,0,0
1,1,1,1,6,13,FRANCE,PROVENCE-ALPES-COTE-D'AZUR,011,13011,BAUX-DE-PROVENCE (LES),RD 5,431095,0,3,RD,5,2,2,67,915,0,3,4375400,483400,,1,,1,0,0,0
1,1,1,1,2,13,FRANCE,PROVENCE-ALPES-COTE-D'AZUR,055,13055,MARSEILLE,AVENUE DE LUMINY,431129,0,4,VC,1,2,4,,,1,5,,,,1,7,1,0,0,0
1,1,1,1,1,13,FRANCE,PROVENCE-ALPES-COTE-D'AZUR,056,13056,MARTIGUES,RD 49,431187,0,3,RD,49,2,1,9,644,0,1,4336580,505992,,1,7,1,0,0,0
1,9,1,1,3,13,FRANCE,PROVENCE-ALPES-COTE-D'AZUR,055,13055,MARSEILLE,RUE DU CARGO RHIN FIDELITY,431212,0,3,RD,5,1,3,0,1319,0,1,4332690,535647,,1,7,1,0,0,0
1,1,1,1,3,13,FRANCE,PROVENCE-ALPES-COTE-D'AZUR,023,13023,CEYRESTE,RD 3,431280,0,3,RD,3,2,2,7,600,0,1,4323200,566040,,1,7,1,0,0,0
1,1,1,1,6,13,FRANCE,PROVENCE-ALPES-COTE-D'AZUR,035,13035,EYGUIERES,RD 25,431342,0,3,RD,25,2,2,2,100,0,1,0,0,,1,,1,0,0,0
1,1,1,1,2,14,FRANCE,BASSE-NORMANDIE,648,14648,SAINT-PIERRE-DES-IFS,RD 511,431398,0,3,RD,511,2,2,6,600,0,1,4911400,14900,,1,10,1,0,0,0
1,8,1,1,3,14,FRANCE,BASSE-NORMANDIE,118,14118,CAEN,BOULEVARD DU MARECHAL JUIN,431442,0,4,VC,0,3,6,,,0,1,,,,1,10,1,0,0,0
1,1,3,7,3,14,FRANCE,BASSE-NORMANDIE,754,14754,VILLERS-SUR-MER,RD 27,431471,0,3,RD,27,2,2,7,591,0,1,4930010,2535,,1,10,1,0,0,0
1,5,1,1,3,14,FRANCE,BASSE-NORMANDIE,047,14047,BAYEUX,RD 6,431496,0,3,RD,6,2,2,0,0,0,1,4929300,-71900,,1,21,1,0,0,0
1,6,1,7,6,14,FRANCE,BASSE-NORMANDIE,327,14327,HEROUVILLE-SAINT-CLAIR,CHEMIN DU HALAGE,431502,0,9,Autre,0,2,1,,,3,5,,,,1,,1,0,0,0
1,1,3,1,3,15,FRANCE,AUVERGNE,153,15153,PLEAUX,RD 27,431567,0,3,RD,27,2,2,50,750,0,1,4512300,228100,,1,10,1,0,0,0
1,1,3,1,3,16,FRANCE,POITOU-CHARENTES,411,16411,VILLEJESUS,RD 737,431580,0,3,RD,737,2,0,16,350,0,1,0,0,,1,10,1,0,0,0
1,1,1,8,1,16,FRANCE,POITOU-CHARENTES,202,16202,MAINXE,RD 10,431616,0,3,RD,10,2,2,2,200,0,1,4566500,-18400,,1,7,1,0,0,0
3,1,1,1,2,16,FRANCE,POITOU-CHARENTES,011,16011,ANAIS,RN 10,431631,0,2,RN,10,3,0,38,700,0,1,4574600,18900,,1,38,1,0,0,0
1,1,1,1,2,16,FRANCE,POITOU-CHARENTES,001,16001,ABZAC,RD 729,431640,0,3,RD,729,2,2,3,200,0,1,4610800,70900,,1,7,1,0,0,0
1,1,1,1,2,16,FRANCE,POITOU-CHARENTES,363,16363,SAULGOND,RD 193,431709,0,3,RD,193,2,2,9,920,0,1,4594510,78600,,1,14,1,0,0,0
1,1,3,1,2,17,FRANCE,POITOU-CHARENTES,274,17274,PERIGNY,RUE ARISTIDE BERGES,431727,0,4,VC,0,2,2,,,0,1,,,,1,17,1,0,0,0
1,4,2,1,3,17,FRANCE,POITOU-CHARENTES,291,17291,PUILBOREAU,RUE DE GRAMMONT ,431729,0,4,VC,0,2,2,,,0,1,,,,1,10,1,0,0,0
1,1,3,1,3,17,FRANCE,POITOU-CHARENTES,154,17154,ESSARDS (LES),RD 118,431736,0,3,RD,118,2,0,0,0,0,1,0,0,,1,7,1,0,0,0
1,1,9,1,5,17,FRANCE,POITOU-CHARENTES,323,17323,SAINT-DENIS-D'OLERON,RD 734,431770,0,3,RD,734,2,2,0,0,1,5,0,0,,1,10,1,0,0,0
1,1,1,8,2,17,FRANCE,POITOU-CHARENTES,093,17093,CHATEAU-D'OLERON (LE),RD 26,431793,5,3,RD,26,2,2,9,0,0,1,4588900,-122700,,1,7,1,0,0,0
1,1,1,1,2,17,FRANCE,POITOU-CHARENTES,385,17385,SAINT-PIERRE-D'OLERON,RD 274,431803,0,3,RD,274,2,2,0,0,0,1,0,0,,1,7,1,0,0,0
1,7,9,1,6,17,FRANCE,POITOU-CHARENTES,300,17300,ROCHELLE (LA),RUE DE LA VERRERIE ,431804,0,5,Hors_reseau,0,2,1,,,0,1,,,,1,7,1,0,0,0
5,7,1,2,2,17,FRANCE,POITOU-CHARENTES,300,17300,ROCHELLE (LA),AVENUE EDMOND GRASSET,431832,0,4,VC,0,2,2,,,0,5,,,,1,7,1,0,0,0
5,7,2,2,5,17,FRANCE,POITOU-CHARENTES,300,17300,ROCHELLE (LA),AVENUE MICHEL CREPEAU,431837,0,4,VC,0,2,2,,,2,1,,,,1,7,1,0,0,0
1,1,1,1,2,17,FRANCE,POITOU-CHARENTES,056,17056,BOUGNEAU,RD 134,431842,0,3,RD,134,2,0,0,0,0,1,0,0,,1,,1,0,0,0
1,1,1,1,2,17,FRANCE,POITOU-CHARENTES,476,17476,VILLEXAVIER,RD 19,431874,0,3,RD,19,2,2,0,0,0,1,0,0,,1,,1,0,0,0
1,1,1,1,1,17,FRANCE,POITOU-CHARENTES,075,17075,CABARIOT,RD 124,431897,5,3,RD,124,2,2,77,800,0,1,0,0,,1,7,1,0,0,0
2,3,1,1,1,18,FRANCE,CENTRE,047,18047,CHAPELLE-D'ANGILLON (LA),RD 926,431943,0,3,RD,926,2,2,0,0,0,1,0,0,,1,17,1,0,0,0
1,1,1,1,2,18,FRANCE,CENTRE,118,18118,JOUET-SUR-L'AUBOIS,RD 26,431946,0,3,RD,26,2,2,16,0,0,1,4705600,300000,,1,7,1,0,0,0
1,1,1,1,2,18,FRANCE,CENTRE,242,18242,SANCOINS,RD 40,431954,0,3,RD,40,2,2,1,190,0,1,4680900,291700,,1,7,1,0,0,0
1,3,1,1,3,18,FRANCE,CENTRE,066,18066,CIVRAY,RD 184,431957,0,3,RD,184,2,1,0,0,0,1,4699700,216800,,1,21,1,0,0,0
2,6,3,2,3,18,FRANCE,CENTRE,279,18279,VIERZON,RUE PETITE ,431997,0,4,VC,0,2,1,,,0,1,,,,1,7,1,0,0,0
3,1,1,1,1,18,FRANCE,CENTRE,281,18281,VIGNOUX-SUR-BARANGEON,RD 2076,432012,0,3,RD,2076,2,2,82,300,0,1,4718900,218600,,1,15,1,0,0,0
1,1,1,1,2,18,FRANCE,CENTRE,011,18011,ARGENT-SUR-SAULDRE,RD 176,432014,0,3,RD,176,2,2,3,100,0,1,0,0,,1,7,1,0,0,0
1,1,1,1,2,18,FRANCE,CENTRE,267,18267,TROUY,ROUTE DE SAINT-AMAND,432029,0,3,RD,2144,2,2,45,286,0,1,4702560,239030,,1,15,1,0,0,0
1,2,1,1,6,18,FRANCE,CENTRE,074,18074,COUARGUES,Autre 0,432054,0,9,Autre,0,0,1,0,0,1,5,0,0,,1,,1,0,0,0
1,1,1,1,1,19,FRANCE,LIMOUSIN,111,19111,LAVAL-SUR-LUZEGE,RD 98,432065,5,3,RD,98,2,2,0,0,0,1,0,0,,1,7,1,0,0,0
5,6,1,1,2,19,FRANCE,LIMOUSIN,031,19031,BRIVE-LA-GAILLARDE,AVENUE JEAN CHARLES RIVET,432071,0,2,RN,0,2,2,,,0,1,,,,1,7,1,0,0,0
1,1,1,1,2,19,FRANCE,LIMOUSIN,082,19082,FAVARS,RD 9,432081,0,3,RD,9,2,2,33,0,0,1,4527600,166500,,1,7,1,0,0,0
1,1,1,1,1,19,FRANCE,LIMOUSIN,076,19076,ESPARTIGNAC,RD 1120,432083,0,3,RD,1120,2,2,78,200,0,1,0,0,,1,7,1,0,0,0
1,1,1,1,6,2A,FRANCE,CORSE,254,2A254,QUENZA,RD 268,432149,0,3,RD,268,2,2,11,700,0,1,4184300,930900,,1,,1,0,0,0
1,1,1,1,1,2B,FRANCE,CORSE,354,2B354,VIVARIO,RN 193,432183,0,2,RN,193,2,2,52,790,0,1,4213600,914100,,1,17,1,0,0,0
1,5,1,1,2,2B,FRANCE,CORSE,037,2B037,BIGUGLIA,TOUTES RUES,432219,0,2,RN,193,3,4,142,400,0,2,,,,1,7,1,0,0,0
1,3,9,1,3,2B,FRANCE,CORSE,168,2B168,MONTICELLO,RN 197,432238,0,2,RN,197,2,2,24,430,0,1,0,0,,1,10,1,0,0,0
3,1,1,5,1,21,FRANCE,BOURGOGNE,342,21342,LAPERRIERE-SUR-SAONE,RD 24,432267,0,3,RD,24,2,2,27,400,0,1,4711200,533000,,1,7,1,0,0,0
1,3,1,1,1,21,FRANCE,BOURGOGNE,611,21611,SOMBERNON,RD 2,432297,0,3,RD,2,2,2,0,0,0,1,4731600,471000,,1,7,1,0,0,0
1,1,1,1,2,21,FRANCE,BOURGOGNE,714,21714,VOSNE-ROMANEE,RD 974,432319,0,3,RD,974,2,0,0,0,0,1,0,0,,1,10,1,0,0,0
1,1,1,1,3,21,FRANCE,BOURGOGNE,598,21598,SEIGNY,RD 905,432323,0,3,RD,905,2,2,21,400,0,1,4757100,443700,,1,10,1,0,0,0
1,1,1,1,5,21,FRANCE,BOURGOGNE,449,21449,NAN-SOUS-THIL,RD 70,432360,5,3,RD,70,2,2,17,0,2,1,4739390,434853,,1,7,1,0,0,0
1,8,2,1,3,21,FRANCE,BOURGOGNE,231,21231,DIJON,BOULEVARD VOLTAIRE,432366,5,3,RD,0,3,5,,,1,1,,,,1,14,1,0,0,0
1,5,6,1,3,22,FRANCE,BRETAGNE,136,22136,LOUDEAC,VC 0,432373,0,4,VC,0,3,4,0,0,1,1,4817600,-274900,,1,17,1,0,0,0
1,1,1,8,3,22,FRANCE,BRETAGNE,389,22389,YFFINIAC,RD 765,432385,5,3,RD,765,2,2,0,0,0,1,0,0,,1,10,1,0,0,0
3,1,1,1,2,22,FRANCE,BRETAGNE,242,22242,PLURIEN,RD 786,432392,0,3,RD,786,3,0,0,0,0,1,4862000,-242000,,1,10,1,0,0,0
2,1,1,8,1,22,FRANCE,BRETAGNE,311,22311,SAINT-LORMEL,RD 768,432400,0,3,RD,768,2,2,72,800,0,1,4853800,-222500,,1,99,1,0,0,0
1,1,1,1,1,22,FRANCE,BRETAGNE,098,22098,LANDEHEN,VC 0,432407,0,4,VC,0,2,2,0,0,0,1,0,0,,1,7,1,0,0,0
1,1,1,1,3,22,FRANCE,BRETAGNE,222,22222,PLOUHA,RD 2,432411,0,3,RD,2,2,0,0,0,0,1,0,0,,1,15,1,0,0,0
3,1,2,2,2,22,FRANCE,BRETAGNE,391,22391,YVIGNAC-LA-TOUR,RD 793,432471,0,3,RD,793,2,2,4,1650,0,1,4836152,-216359,,1,10,1,0,0,0
1,1,1,1,1,22,FRANCE,BRETAGNE,232,22232,PLOURHAN,RD 21,432487,0,3,RD,21,2,2,0,2811,0,1,4862499,-286119,,1,10,1,0,0,0
1,5,6,7,3,22,FRANCE,BRETAGNE,136,22136,LOUDEAC,VC 0,432492,0,4,VC,0,0,0,0,0,0,1,4817500,-275300,,1,7,1,0,0,0
1,1,6,1,2,22,FRANCE,BRETAGNE,081,22081,HILLION,RD 786,432495,0,3,RD,786,1,2,17,3878,0,1,4848167,-264573,,1,7,1,0,0,0
1,3,1,1,6,22,FRANCE,BRETAGNE,143,22143,MATIGNON,RD 768,432500,0,3,RD,768,2,2,0,0,0,0,0,0,,1,,1,0,0,0
1,1,4,1,2,22,FRANCE,BRETAGNE,196,22196,PLEUDANIEL,RD 72,432507,0,3,RD,72,2,2,0,1,0,1,4875744,-315311,,1,,1,0,0,0
1,5,6,7,3,22,FRANCE,BRETAGNE,050,22050,DINAN,AVENUE RENE CASSIN,432509,5,4,VC,0,1,2,0,1,0,1,,,,1,7,1,0,0,0
1,4,1,1,1,23,FRANCE,LIMOUSIN,008,23008,AUBUSSON,VC 1,432537,0,4,VC,1,2,3,0,0,0,1,0,0,,1,10,1,0,0,0
3,1,1,5,1,23,FRANCE,LIMOUSIN,155,23155,PONTARION,RD 13,432546,0,3,RD,13,2,0,0,0,0,1,4601000,186200,,1,7,1,0,0,0
1,1,1,1,1,24,FRANCE,AQUITAINE,082,24082,CARSAC-AILLAC,RD 703,432572,0,3,RD,703,2,2,72,900,0,1,0,0,,1,7,1,0,0,0
1,1,1,3,1,24,FRANCE,AQUITAINE,243,24243,LISLE,RD 78,432607,0,3,RD,78,2,2,6,400,0,1,4529200,54200,,1,7,1,0,0,0
5,6,1,1,2,24,FRANCE,AQUITAINE,322,24322,PERIGUEUX,ROUTE DE LYON ,432612,0,3,RD,0,2,2,,,0,1,,,,1,7,1,0,0,0
2,6,3,1,3,24,FRANCE,AQUITAINE,037,24037,BERGERAC,RD 13,432632,0,3,RD,13,2,2,0,1,0,1,,,,1,38,1,0,0,0
1,1,1,1,1,24,FRANCE,AQUITAINE,550,24550,THENON,VC 0,432666,0,4,VC,0,2,2,0,0,0,1,4513700,109700,,1,7,1,0,0,0
1,1,1,1,2,24,FRANCE,AQUITAINE,462,24462,SAINT-MEDARD-DE-MUSSIDAN,RD 6089,432672,0,3,RD,6089,2,2,101,650,0,1,0,0,,1,7,1,0,0,0
1,3,9,1,6,24,FRANCE,AQUITAINE,396,24396,SAINT-CYPRIEN,VC 0,432694,0,4,VC,0,1,1,0,0,0,1,0,0,,1,,0,0,0,1
1,1,1,1,6,25,FRANCE,FRANCHE-COMTE,415,25415,MOUTHIER-HAUTE-PIERRE,RD 67,432708,0,3,RD,67,2,2,62,500,0,3,0,0,,1,,1,0,0,0
1,3,1,1,6,25,FRANCE,FRANCHE-COMTE,190,25190,DAMPIERRE-LES-BOIS,RD 480,432748,0,3,RD,480,2,2,19,600,0,1,0,0,,1,,0,0,0,1
1,1,1,1,2,25,FRANCE,FRANCHE-COMTE,542,25542,SERRE-LES-SAPINS,RD 75,432763,0,3,RD,75,2,2,5,540,0,1,4724900,594600,,1,10,1,0,0,0
1,1,3,1,3,25,FRANCE,FRANCHE-COMTE,442,25442,OYE-ET-PALLET,RD 129,432790,5,3,RD,129,2,2,31,800,0,1,0,0,,1,7,1,0,0,0
1,1,1,7,2,25,FRANCE,FRANCHE-COMTE,418,25418,NANCRAY,RD 464,432802,0,3,RD,464,2,0,7,500,0,1,4724800,615800,,1,7,1,0,0,0
1,3,1,1,3,25,FRANCE,FRANCHE-COMTE,370,25370,MATHAY,RD 437,432803,0,3,RD,437,2,0,126,250,0,1,4743500,678400,,1,17,1,0,0,0
1,4,1,1,7,25,FRANCE,FRANCHE-COMTE,527,25527,SAINT-VIT,,432829,0,4,VC,,2,2,,,0,4,4718600,581500,,1,,1,0,0,0
1,3,2,1,3,25,FRANCE,FRANCHE-COMTE,156,25156,CLERVAL,RD 25,432839,5,3,RD,25,2,2,0,518,0,1,4739900,650200,,1,15,1,0,0,0
1,1,1,1,1,26,FRANCE,RHONE-ALPES,033,26033,BAUME-DE-TRANSIT (LA),RD 341,432865,0,3,RD,341,2,2,0,0,0,1,0,0,,1,14,1,0,0,0
1,4,3,1,1,26,FRANCE,RHONE-ALPES,037,26037,BEAUMONT-LES-VALENCE,RD 236,432876,0,3,RD,236,2,1,0,0,0,1,4487000,496000,,1,7,1,0,0,0
1,1,1,1,2,26,FRANCE,RHONE-ALPES,347,26347,TAIN-L'HERMITAGE,RD 67,432878,2,3,RD,67,2,2,7,900,0,1,0,0,,1,7,1,0,0,0
1,1,1,1,2,26,FRANCE,RHONE-ALPES,045,26045,BEGUDE-DE-MAZENC (LA),VC 0,432906,0,4,VC,0,2,2,0,0,0,1,4456900,493900,,1,,1,0,0,0
3,1,1,1,1,26,FRANCE,RHONE-ALPES,119,26119,EROME,RN 7,432917,0,2,RN,7,2,0,0,0,2,1,4512900,481900,,1,10,1,0,0,0
1,1,1,1,6,26,FRANCE,RHONE-ALPES,347,26347,TAIN-L'HERMITAGE,RN 7,432924,0,2,RN,7,2,2,0,0,0,1,4508200,483200,,1,7,1,0,0,0
1,6,6,1,6,26,FRANCE,RHONE-ALPES,281,26281,ROMANS-SUR-ISERE,PLACE JEAN JAURES,432931,5,3,RD,532,3,2,15,990,0,1,505551,4504525,,1,14,1,0,0,0
5,6,1,8,6,26,FRANCE,RHONE-ALPES,281,26281,ROMANS-SUR-ISERE,BOULEVARD LAPASSAT ETIENNE,432934,0,4,VC,0,2,2,1,850,0,1,,,,1,7,1,0,0,0
1,6,1,3,7,26,FRANCE,RHONE-ALPES,281,26281,ROMANS-SUR-ISERE,RUE APPERT NICOLAS,432952,0,4,VC,,2,2,,,0,1,4505670,508880,,1,,1,0,0,0
1,1,2,1,3,26,FRANCE,RHONE-ALPES,088,26088,CHATUZANGE-LE-GOUBET,RD 149,432966,0,3,RD,149,2,0,7,200,0,1,4502000,508300,,1,7,1,0,0,0
1,5,3,1,1,26,FRANCE,RHONE-ALPES,347,26347,TAIN-L'HERMITAGE,RN 7,432987,0,2,RN,7,2,2,28,260,2,1,4507700,483500,,1,17,1,0,0,0
3,3,1,1,6,27,FRANCE,HAUTE-NORMANDIE,588,27588,SAINT-PIERRE-D'AUTILS,ROUTE NATIONALE 15,433013,0,2,RN,0,2,2,,,0,1,,,,1,7,1,0,0,0
3,4,1,1,2,27,FRANCE,HAUTE-NORMANDIE,306,27306,GUICHAINVILLE,RD 6154,433147,0,3,RD,6154,0,2,23,0,0,1,4897490,115867,,1,7,1,0,0,0
1,1,1,2,2,27,FRANCE,HAUTE-NORMANDIE,228,27228,ETURQUERAYE,RD 675,433168,0,3,RD,675,2,2,18,600,0,1,4935860,68874,,1,7,1,0,0,0
1,4,1,8,1,28,FRANCE,CENTRE,422,28422,VOVES,RD 22,433175,5,3,RD,22,2,2,3,150,0,1,4827800,166900,,1,14,1,0,0,0
2,1,1,1,2,28,FRANCE,CENTRE,088,28088,CHATEAUDUN,RD 31,433211,0,3,RD,31,2,2,34,750,0,1,4806800,134300,,1,7,1,0,0,0
1,1,2,1,3,28,FRANCE,CENTRE,035,28035,BERCHERES-LES-PIERRES,RN 154,433214,0,2,RN,154,2,2,42,0,0,1,0,0,,1,7,1,0,0,0
1,3,1,1,3,28,FRANCE,CENTRE,199,28199,JANVILLE,RD 927,433245,0,3,RD,927,2,1,0,0,0,1,4820600,188100,,1,17,1,0,0,0
1,1,1,1,3,28,FRANCE,CENTRE,012,28012,ARROU,RD 111,433293,0,3,RD,111,2,0,2,80,0,1,4810430,114926,,1,7,1,0,0,0
1,1,1,1,1,28,FRANCE,CENTRE,140,28140,EPERNON,RD 28,433295,0,3,RD,28,2,2,61,649,0,1,4859520,167760,,1,7,1,0,0,0
1,2,1,1,2,28,FRANCE,CENTRE,313,28313,RECLAINVILLE,RD 17,433308,0,3,RD,17,2,2,61,543,0,1,4834080,175162,,1,7,1,0,0,0
1,1,1,6,7,28,FRANCE,CENTRE,178,28178,GERMAINVILLE,RD 147,433325,0,3,RD,147,2,2,7,405,0,1,4874800,149300,,1,,1,0,0,0
1,4,1,1,3,28,FRANCE,CENTRE,214,28214,LOUPE (LA),VC 0,433331,0,4,VC,0,2,2,0,0,0,1,4846898,100885,,1,7,1,0,0,0
1,5,1,7,2,28,FRANCE,CENTRE,218,28218,LUCE,RUE DES ECOLES,433337,0,3,RD,105,2,2,1,840,0,1,,,,1,7,1,0,0,0
3,1,1,3,2,29,FRANCE,BRETAGNE,232,29232,QUIMPER,BOULEVARD PRESIDENT ALLENDE ,433376,0,4,VC,0,3,4,,,0,1,,,,1,7,1,0,0,0
1,1,1,1,2,29,FRANCE,BRETAGNE,002,29002,ARZANO,RD 222,433386,0,3,RD,222,2,2,0,0,0,1,0,0,,1,21,1,0,0,0
1,1,1,1,7,29,FRANCE,BRETAGNE,032,29032,CLOHARS-FOUESNANT,RD 134,433414,0,3,RD,134,2,0,0,0,0,1,4790800,-407000,,1,,1,0,0,0
1,4,1,1,3,29,FRANCE,BRETAGNE,165,29165,PLOBANNALEC-LESCONIL,VC 0,433433,0,4,VC,0,2,2,0,0,0,1,0,0,,1,7,1,0,0,0
1,1,1,1,3,29,FRANCE,BRETAGNE,026,29026,CHATEAULIN,RD 887,433435,0,3,RD,887,2,2,1,0,0,1,4820800,-408100,,1,7,1,0,0,0
1,5,6,1,1,30,FRANCE,LANGUEDOC-ROUSSILLON,133,30133,GRAU-DU-ROI (LE),VC 0,433548,5,4,VC,0,1,2,0,0,0,1,0,0,,1,7,1,0,0,0
1,1,1,1,3,30,FRANCE,LANGUEDOC-ROUSSILLON,348,30348,VEZENOBRES,RD 936,433621,0,3,RD,936,2,4,29,970,0,1,0,0,,1,7,1,0,0,0
1,1,1,1,1,30,FRANCE,LANGUEDOC-ROUSSILLON,167,30167,MEYRANNES,RD 51,433624,0,3,RD,51,2,2,0,0,0,1,4427600,418000,,1,14,1,0,0,0
1,1,1,1,1,30,FRANCE,LANGUEDOC-ROUSSILLON,151,30151,LUSSAN,RD 37,433675,0,3,RD,37,2,2,4,435,0,1,4416940,431962,,1,7,1,0,0,0
1,1,1,1,2,30,FRANCE,LANGUEDOC-ROUSSILLON,133,30133,GRAU-DU-ROI (LE),RD 62,433682,0,3,RD,62,3,2,2,780,0,1,4355792,415129,,1,7,1,0,0,0
1,3,1,1,3,30,FRANCE,LANGUEDOC-ROUSSILLON,302,30302,SAINT-VICTOR-LA-COSTE,VC 0,433718,0,4,VC,0,2,0,0,0,0,1,4406269,464231,,1,7,1,0,0,0
1,1,1,1,2,30,FRANCE,LANGUEDOC-ROUSSILLON,356,30356,RODILHAN,RD 135,433723,0,3,RD,135,2,2,1,800,0,3,4401576,442498,,1,7,1,0,0,0
1,6,1,1,3,30,FRANCE,LANGUEDOC-ROUSSILLON,007,30007,ALES,AVENUE DU MARECHAL JUIN,433761,0,3,RD,60,1,2,4,294,0,1,4412935,410651,,1,15,1,0,0,0
1,3,9,1,3,31,FRANCE,MIDI-PYRENEES,080,31080,BOULOGNE-SUR-GESSE,Parking 0,433781,0,6,Parking,0,0,0,0,0,0,1,0,0,,1,7,1,0,0,0
1,1,1,1,2,31,FRANCE,MIDI-PYRENEES,516,31516,SAINT-SAUVEUR,RD 20,433785,0,3,RD,20,2,2,48,700,0,1,0,0,,1,10,1,0,0,0
1,5,8,1,3,31,FRANCE,MIDI-PYRENEES,483,31483,SAINT-GAUDENS,RUE DU PICON,433798,4,3,RD,0,2,2,,,3,1,,,,1,39,1,0,0,0
1,9,2,1,3,31,FRANCE,MIDI-PYRENEES,555,31555,TOULOUSE,ROUTE D'AGDE,433799,0,4,VC,0,2,2,,,0,1,,,,1,18,1,0,0,0
1,9,2,1,1,31,FRANCE,MIDI-PYRENEES,555,31555,TOULOUSE,AVENUE DES ETATS UNIS,433800,0,2,RN,0,2,3,,,0,1,,,,1,7,1,0,0,0
1,1,1,1,1,31,FRANCE,MIDI-PYRENEES,076,31076,BORDES-DE-RIVIERE,RN 117,433801,0,2,RN,117,2,0,84,600,0,1,4312200,65300,,1,14,1,0,0,0
1,9,1,1,6,31,FRANCE,MIDI-PYRENEES,555,31555,TOULOUSE,GRANDE RUE SAINT MICHEL ,433806,0,4,VC,0,2,2,,,0,1,,,,1,,0,0,0,1
1,1,1,1,3,31,FRANCE,MIDI-PYRENEES,013,31013,ARDIEGE,RD 8,433810,5,3,RD,8,2,0,4,23,0,1,4308000,63500,,1,7,1,0,0,0
1,1,1,1,6,31,FRANCE,MIDI-PYRENEES,454,31454,RIEUMES,RD 7,433840,0,3,RD,7,2,0,23,400,0,3,0,0,,1,,1,0,0,0
1,9,1,1,1,31,FRANCE,MIDI-PYRENEES,555,31555,TOULOUSE,QUAI DE TOUNIS,433856,0,4,VC,0,1,1,,,0,5,,,,1,7,1,0,0,0
2,9,1,2,6,31,FRANCE,MIDI-PYRENEES,555,31555,TOULOUSE,AVENUE ANTOINE DE ST EXUPERY,433865,0,4,VC,0,2,2,,,0,1,,,,1,33,1,0,0,0
5,9,1,1,2,31,FRANCE,MIDI-PYRENEES,555,31555,TOULOUSE,VC 0,433912,0,4,VC,0,2,5,0,0,0,1,4360590,142813,,1,7,1,0,0,0
1,9,1,1,2,31,FRANCE,MIDI-PYRENEES,555,31555,TOULOUSE,BOULINGRIN,433926,0,3,RD,2,1,2,22,940,0,1,4359480,145257,,1,7,1,0,0,0
1,6,1,1,2,31,FRANCE,MIDI-PYRENEES,069,31069,BLAGNAC,RUE CARRIERE,433941,0,4,VC,0,2,2,,,0,1,,,,1,7,1,0,0,0
1,4,6,3,1,31,FRANCE,MIDI-PYRENEES,042,31042,BAGNERES-DE-LUCHON,RD 27,433994,5,3,RD,27,2,0,0,0,0,1,4279509,59436,,1,7,1,0,0,0
2,6,1,1,2,31,FRANCE,MIDI-PYRENEES,149,31149,COLOMIERS,BOULEVARD EMILE CALVET,433999,0,4,VC,,1,2,,,1,1,4361266,133260,,1,7,1,0,0,0
1,9,1,1,2,31,FRANCE,MIDI-PYRENEES,555,31555,TOULOUSE,BOULEVARD PIERRE PAUL RIQUET,434001,0,4,VC,0,1,0,,,0,1,,,,1,37,1,0,0,0
1,1,1,1,3,32,FRANCE,MIDI-PYRENEES,096,32096,CAZAUBON,RD 626,434010,0,3,RD,626,2,0,96,200,0,1,0,0,,1,10,1,0,0,0