lum,agg,int,atm,col,dep_bis,pays,region,com_bis,com_codeINSEE,communes,N_voie,numac,infra,catr,type_route,voie,circ,nbv,pr,pr1,vosp,situ,lat,long,adr,accident_velo,vehicule_imp,cycl_mort,cycl_bgv,cycl_blg,cycl_indm
1,3,1,1,3,32,FRANCE,MIDI-PYRENEES,459,32459,VALENCE-SUR-BAISE,RD 931,434012,5,3,RD,931,2,2,26,550,0,1,4388400,38600,,1,7,1,0,0,0
1,1,1,1,6,32,FRANCE,MIDI-PYRENEES,208,32208,LECTOURE,VC 10,434055,0,4,VC,10,2,2,0,0,0,3,4391930,63286,,1,,1,0,0,0
1,1,1,1,3,32,FRANCE,MIDI-PYRENEES,381,32381,SAINT-JEAN-LE-COMTAL,RN 21,434067,0,2,RN,21,2,2,57,800,0,1,4358130,54034,,1,17,1,0,0,0
1,1,1,1,1,32,FRANCE,MIDI-PYRENEES,418,32418,SAUVETERRE,RD 632,434079,0,3,RD,632,2,1,16,230,0,1,4345400,87300,,1,10,1,0,0,0
1,5,2,7,3,33,FRANCE,AQUITAINE,167,33167,FLOIRAC,VOIE PENETRANTE EST,434099,0,4,VC,0,3,5,,,0,1,,,,1,7,1,0,0,0
1,1,1,1,3,33,FRANCE,AQUITAINE,473,33473,SAINT-SAVIN,RD 115,434122,5,3,RD,115,2,2,14,900,0,1,4518000,-44000,,1,7,1,0,0,0
1,4,1,8,3,33,FRANCE,AQUITAINE,011,33011,ARES,Autre 0,434144,0,9,Autre,0,0,0,0,0,0,1,4476800,-114200,,1,7,1,0,0,0
5,6,3,1,3,33,FRANCE,AQUITAINE,039,33039,BEGLES,QUAI DU PRESIDENT WILSON,434145,0,4,VC,0,2,2,,,2,1,,,,1,7,1,0,0,0
1,1,1,1,1,33,FRANCE,AQUITAINE,067,33067,BOURG,RD 669,434152,0,3,RD,669,2,0,16,400,0,1,4504400,-54900,,1,7,1,0,0,0
1,1,4,1,1,33,FRANCE,AQUITAINE,393,33393,SAINT-DENIS-DE-PILE,RD 22,434153,0,3,RD,22,2,2,4,400,0,1,4497800,-19900,,1,7,1,0,0,0
1,1,1,1,7,33,FRANCE,AQUITAINE,203,33203,HOURTIN,Autre 0,434154,0,9,Autre,0,0,0,0,0,1,5,4522900,-109400,,1,,1,0,0,0
5,7,2,1,3,33,FRANCE,AQUITAINE,281,33281,MERIGNAC,AVENUE DE MAGUDAS,434183,0,4,VC,0,2,2,,,2,1,,,,1,7,1,0,0,0
1,5,2,2,3,33,FRANCE,AQUITAINE,009,33009,ARCACHON,BOULEVARD COTE D'ARGENT ,434204,0,4,VC,0,2,2,,,0,1,,,,1,14,1,0,0,0
1,1,1,1,2,33,FRANCE,AQUITAINE,003,33003,AMBARES-ET-LAGRAVE,RD 242,434206,0,3,RD,242,2,2,5,0,0,1,4491800,-41100,,1,7,1,0,0,0
3,5,1,3,5,33,FRANCE,AQUITAINE,273,33273,MARTIGNAS-SUR-JALLE,RD 211,434214,0,3,RD,211,2,2,26,900,0,3,0,0,,1,10,1,0,0,0
1,1,1,1,7,33,FRANCE,AQUITAINE,471,33471,SAINT-SAUVEUR,VC 15,434216,0,4,VC,15,2,0,0,0,0,1,0,0,,1,,1,0,0,0
5,8,2,1,3,33,FRANCE,AQUITAINE,063,33063,BORDEAUX,COURS DU MEDOC,434228,0,4,VC,0,2,2,,,1,1,,,,1,14,1,0,0,0
2,6,3,1,3,33,FRANCE,AQUITAINE,243,33243,LIBOURNE,RUE PLINE PARMENTIER,434249,0,4,VC,0,1,1,,,0,1,,,,1,7,1,0,0,0
1,1,1,1,1,33,FRANCE,AQUITAINE,314,33314,PAUILLAC,RD 2,434274,5,3,RD,2,2,2,0,0,0,1,4521100,-75700,,1,15,1,0,0,0
1,8,2,1,3,33,FRANCE,AQUITAINE,063,33063,BORDEAUX,COURS LOUIS FARGUE,434278,0,4,VC,0,1,2,,,2,1,,,,1,17,1,0,0,0
1,1,1,1,6,33,FRANCE,AQUITAINE,051,33051,BIGANOS,VC 0,434283,0,4,VC,0,2,1,0,0,0,1,4465000,-94700,,1,,1,0,0,0
1,5,1,1,7,33,FRANCE,AQUITAINE,032,33032,BASSENS,QUAI FRANCAIS,434302,0,4,VC,0,3,4,,,0,1,,,,1,,1,0,0,0
1,6,6,1,3,33,FRANCE,AQUITAINE,522,33522,TALENCE,AVENUE ROUL,434305,4,4,VC,0,3,4,,,3,1,,,,1,40,1,0,0,0
1,1,1,1,1,33,FRANCE,AQUITAINE,529,33529,TESTE-DE-BUCH (LA),BOULEVARD DE CAZAUX,434321,0,3,RD,0,2,2,9,441,0,1,,,,1,7,1,0,0,0
1,8,3,1,3,33,FRANCE,AQUITAINE,063,33063,BORDEAUX,ALLEE DE BRISTOL,434322,4,4,VC,0,1,1,0,0,0,1,5989380,-160089,,1,40,1,0,0,0
3,1,1,3,1,33,FRANCE,AQUITAINE,363,33363,SADIRAC,RD 14,434338,0,3,RD,14,2,2,6,400,0,1,0,0,,1,7,1,0,0,0
1,7,6,1,3,33,FRANCE,AQUITAINE,318,33318,PESSAC,AVENUE ROBERT CLAVE,434362,0,4,VC,0,2,2,,,0,1,,,,1,17,1,0,0,0
1,1,1,7,1,34,FRANCE,LANGUEDOC-ROUSSILLON,189,34189,OLONZAC,RD 910,434400,0,3,RD,910,2,2,3,150,0,1,0,0,,1,7,1,0,0,0
1,1,1,1,2,34,FRANCE,LANGUEDOC-ROUSSILLON,276,34276,SAINT-MATHIEU-DE-TREVIERS,RD 1,434489,0,3,RD,1,2,0,36,700,0,1,0,0,,1,7,1,0,0,0
1,1,1,1,1,34,FRANCE,LANGUEDOC-ROUSSILLON,114,34114,GIGNAC,RN 109,434501,2,2,RN,109,2,2,30,800,0,1,0,0,,1,7,1,0,0,0
1,6,1,6,3,34,FRANCE,LANGUEDOC-ROUSSILLON,301,34301,SETE,PROMENADE LECLERC PHILIPPE MARECHAL,434507,0,4,VC,0,2,2,,,0,1,,,,1,31,1,0,0,0
1,8,1,1,2,34,FRANCE,LANGUEDOC-ROUSSILLON,172,34172,MONTPELLIER,CHEMIN DE MOULARES,434515,0,4,VC,0,2,3,,,0,1,,,,1,14,1,0,0,0
1,1,1,1,2,34,FRANCE,LANGUEDOC-ROUSSILLON,039,34039,BOUZIGUES,RD 613,434556,0,3,RD,613,2,0,52,300,0,0,4345800,365500,,1,7,1,0,0,0
1,1,1,1,3,34,FRANCE,LANGUEDOC-ROUSSILLON,151,34151,MARSILLARGUES,RD 34,434570,0,3,RD,34,2,2,15,470,0,1,4365517,418295,,1,7,1,0,0,0
1,8,2,8,1,34,FRANCE,LANGUEDOC-ROUSSILLON,172,34172,MONTPELLIER,RUE DU PAS DU LOUP,434582,5,4,VC,0,2,3,,,0,1,4359653,384518,,1,10,1,0,0,0
5,5,1,1,3,34,FRANCE,LANGUEDOC-ROUSSILLON,003,34003,AGDE,SAINT CHRIST,434588,0,4,VC,0,1,1,,,1,1,,,,1,7,1,0,0,0
1,1,1,1,5,34,FRANCE,LANGUEDOC-ROUSSILLON,069,34069,CAZOULS-LES-BEZIERS,RD 162,434623,0,3,RD,162,2,2,1,140,0,1,4337947,310929,,1,7,0,0,0,1
1,1,1,1,6,34,FRANCE,LANGUEDOC-ROUSSILLON,052,34052,CAPESTANG,RD 16,434644,0,3,RD,16,2,0,7,0,0,1,4333576,304061,,1,,1,0,0,0
3,1,1,1,2,34,FRANCE,LANGUEDOC-ROUSSILLON,244,34244,SAINT-BRES,RN 113,434647,0,2,RN,113,2,0,10,860,0,1,4366764,404559,,1,7,1,0,0,0
1,1,1,1,1,34,FRANCE,LANGUEDOC-ROUSSILLON,092,34092,CRUZY,RD 178,434654,0,3,RD,178,2,1,10,500,0,1,4338410,293652,,1,14,1,0,0,0
1,4,1,1,6,34,FRANCE,LANGUEDOC-ROUSSILLON,052,34052,CAPESTANG,RD 16,434667,0,3,RD,16,0,0,6,280,0,1,4332968,304186,,1,,1,0,0,0
1,5,1,1,3,35,FRANCE,BRETAGNE,047,35047,BRUZ,VC 0,434713,5,4,VC,0,2,1,0,0,0,1,0,0,,1,21,1,0,0,0
1,4,1,1,2,35,FRANCE,BRETAGNE,189,35189,MONTGERMONT,BOULEVARD DE LA ROBIQUETTE,434757,0,4,VC,0,2,2,,,1,1,,,,1,37,1,0,0,0
1,1,1,1,3,35,FRANCE,BRETAGNE,139,35139,LAILLE,VC 0,434762,0,4,VC,0,2,0,0,0,0,1,4796600,-170600,,1,7,1,0,0,0
1,1,1,1,2,35,FRANCE,BRETAGNE,131,35131,HERMITAGE (L'),RD 125,434764,0,3,RD,125,2,0,32,5,0,1,0,0,,1,7,1,0,0,0
1,5,6,1,3,35,FRANCE,BRETAGNE,210,35210,PACE,RD 29,434793,5,3,RD,29,2,0,1,700,0,1,4815300,-175600,,1,14,1,0,0,0
5,8,2,1,3,35,FRANCE,BRETAGNE,238,35238,RENNES,RUE EDITH CAVELL,434800,0,4,VC,0,2,2,,,0,0,,,,1,,0,0,0,1
1,1,1,1,2,35,FRANCE,BRETAGNE,228,35228,PLEURTUIT,RD 168,434807,0,3,RD,168,3,2,5,400,0,1,0,0,,1,10,1,0,0,0
1,1,2,1,3,35,FRANCE,BRETAGNE,171,35171,MEDREAC,RD 21,434814,0,3,RD,21,2,2,0,950,0,1,0,0,,1,10,1,0,0,0
1,4,1,1,3,35,FRANCE,BRETAGNE,131,35131,HERMITAGE (L'),RD 21,434830,0,3,RD,21,2,2,26,300,0,1,0,0,,1,15,1,0,0,0
1,1,1,1,1,35,FRANCE,BRETAGNE,337,35337,TINTENIAC,RD 2137,434833,0,3,RD,2137,2,2,0,0,0,1,0,0,,1,7,1,0,0,0
1,1,1,1,5,35,FRANCE,BRETAGNE,128,35128,GUIPEL,RD 221,434846,0,3,RD,221,2,2,23,400,0,1,4830200,-174400,,1,7,1,0,0,0
1,1,1,1,7,35,FRANCE,BRETAGNE,318,35318,SAINT-THUAL,RD 68,434852,0,3,RD,68,2,0,0,200,0,1,0,0,,1,,1,0,0,0
1,1,1,1,1,35,FRANCE,BRETAGNE,128,35128,GUIPEL,RD 106,434862,0,3,RD,106,2,2,7,500,0,1,4828100,-171100,,1,7,1,0,0,0
1,7,6,1,3,35,FRANCE,BRETAGNE,288,35288,SAINT-MALO,RUE GENERAL DE CASTELNEAU,434892,0,4,VC,0,1,2,,,0,1,,,,1,7,1,0,0,0
2,1,3,1,3,35,FRANCE,BRETAGNE,047,35047,BRUZ,RD 36,434895,0,3,RD,36,2,2,0,0,0,1,4802107,-172154,,1,7,1,0,0,0
1,1,1,2,3,35,FRANCE,BRETAGNE,171,35171,MEDREAC,RD 220,434898,0,3,RD,220,2,0,13,350,0,1,4827900,-203399,,1,14,1,0,0,0
1,1,1,1,6,35,FRANCE,BRETAGNE,360,35360,VITRE,RD 24,434919,0,3,RD,24,2,0,0,0,0,1,0,0,,1,,1,0,0,0
2,1,1,1,2,35,FRANCE,BRETAGNE,206,35206,NOYAL-CHATILLON-SUR-SEICHE,RD 837,434925,0,3,RD,837,1,1,0,0,0,1,4808600,-169300,,1,7,1,0,0,0
3,1,1,3,2,36,FRANCE,CENTRE,006,36006,ARGENTON-SUR-CREUSE,RD 1,434932,0,3,RD,1,2,2,39,700,0,1,4652900,147400,,1,7,1,0,0,0
1,1,1,7,2,36,FRANCE,CENTRE,098,36098,LIZERAY,RD 960,434949,0,3,RD,960,2,0,7,200,0,3,0,0,,1,10,1,0,0,0
3,1,1,1,2,37,FRANCE,CENTRE,031,37031,BOURGUEIL,RD 749,435003,0,3,RD,749,2,2,36,200,0,1,0,0,,1,7,1,0,0,0
1,1,1,1,1,37,FRANCE,CENTRE,132,37132,LOCHES,RN 143,435004,2,2,RN,143,2,2,13,750,0,1,4711600,98100,,1,7,1,0,0,0
1,1,1,1,2,37,FRANCE,CENTRE,027,37027,BLERE,RD 52,435045,0,3,RD,52,2,0,4,200,0,0,0,0,,1,7,1,0,0,0
1,5,1,1,3,37,FRANCE,CENTRE,233,37233,SAINT-PIERRE-DES-CORPS,CHEMIN DE LA MORINERIE,435074,0,4,VC,0,2,2,,,0,1,,,,1,7,1,0,0,0
1,5,1,1,7,37,FRANCE,CENTRE,156,37156,MONTLOUIS-SUR-LOIRE,VC 0,435078,0,4,VC,0,2,1,0,0,0,1,0,0,,1,,1,0,0,0
1,5,6,1,3,37,FRANCE,CENTRE,195,37195,RICHE (LA),RUE DU PLESSIS,435085,0,4,VC,0,0,0,,,0,0,,,,1,15,1,0,0,0
1,4,1,1,1,37,FRANCE,CENTRE,074,37074,CHOUZE-SUR-LOIRE,VC 0,435096,0,4,VC,0,2,1,0,0,0,3,0,0,,1,31,1,0,0,0
1,1,1,1,1,37,FRANCE,CENTRE,240,37240,SAUNAY,RN 10,435099,0,2,RN,10,3,1,4,700,0,1,4759220,93064,,1,7,1,0,0,0
1,6,6,1,3,37,FRANCE,CENTRE,122,37122,JOUE-LES-TOURS,RUE DU FRANC PALAIS,435116,0,4,VC,0,2,2,0,0,0,1,4735770,64710,,1,10,1,0,0,0
2,3,2,8,1,37,FRANCE,CENTRE,251,37251,SOUVIGNE,,435138,0,4,VC,,2,0,,,0,1,4752210,39643,,1,38,1,0,0,0
1,1,3,1,1,37,FRANCE,CENTRE,243,37243,SAVONNIERES,RD 7,435146,0,3,RD,7,2,2,10,64,0,1,0,0,,1,7,,,,
1,5,1,1,1,37,FRANCE,CENTRE,018,37018,BALLAN-MIRE,Parking 0,435147,6,6,Parking,0,0,0,0,0,0,1,4735070,62857,,1,32,1,0,0,0
1,4,1,1,2,37,FRANCE,CENTRE,031,37031,BOURGUEIL,,435154,0,4,VC,,2,2,,,0,1,4726050,16982,,1,7,1,0,0,0
1,5,1,1,1,38,FRANCE,RHONE-ALPES,317,38317,PONT-DE-CLAIX (LE),RD 75,435169,5,3,RD,75,2,0,0,0,0,1,0,0,,1,13,1,0,0,0
1,1,1,1,7,38,FRANCE,RHONE-ALPES,034,38034,BEAUREPAIRE,VC 0,435188,0,4,VC,0,2,2,0,0,0,1,4543300,517700,,1,,1,0,0,0
1,8,1,1,3,38,FRANCE,RHONE-ALPES,185,38185,GRENOBLE,BOULEVARD PAIN,435201,0,3,RD,0,0,0,,,3,0,,,,1,40,1,0,0,0
1,5,1,1,1,38,FRANCE,RHONE-ALPES,314,38314,PONTCHARRA,VC 0,435203,5,4,VC,0,2,2,0,0,0,1,0,0,,1,7,1,0,0,0
1,1,1,1,1,38,FRANCE,RHONE-ALPES,345,38345,ROVON,RD 1532,435211,0,3,RD,1532,2,2,23,300,0,1,0,0,,1,15,1,0,0,0
1,5,1,1,3,38,FRANCE,RHONE-ALPES,563,38563,VOIRON,RUE DU LAVOIR DE CRIEL,435216,0,3,RD,0,2,2,,,0,1,,,,1,7,1,0,0,0
1,5,1,1,2,38,FRANCE,RHONE-ALPES,517,38517,TULLINS,RD 45,435224,0,3,RD,45,2,2,5,150,0,1,0,0,,1,7,1,0,0,0
2,3,1,2,3,38,FRANCE,RHONE-ALPES,349,38349,SABLONS,RD 1082,435238,0,3,RD,1082,2,2,0,0,0,1,4532300,477100,,1,7,1,0,0,0
5,6,3,1,6,38,FRANCE,RHONE-ALPES,169,38169,FONTAINE,QUAI DU DRAC,435239,0,3,RD,0,2,2,,,0,1,,,,1,16,1,0,0,0
3,1,1,2,1,38,FRANCE,RHONE-ALPES,261,38261,MORESTEL,RD 33,435253,0,3,RD,33,2,2,2,0,0,3,4567600,548900,,1,7,1,0,0,0
1,8,1,1,6,38,FRANCE,RHONE-ALPES,185,38185,GRENOBLE,AVENUE FELIX VIALLET,435261,0,4,VC,0,2,3,,,1,1,,,,1,15,1,0,0,0
1,6,1,1,3,38,FRANCE,RHONE-ALPES,151,38151,ECHIROLLES,AVENUE DU 8 MAI 1945,435272,0,4,VC,0,2,6,,,3,5,,,,1,40,1,0,0,0
1,1,1,2,7,38,FRANCE,RHONE-ALPES,177,38177,GARDE (LA),RD 211,435276,0,3,RD,211,2,0,0,0,0,0,4507000,604300,,1,,1,0,0,0
1,1,6,1,1,38,FRANCE,RHONE-ALPES,072,38072,CHANAS,RN 7,435288,3,2,RN,7,1,0,0,0,0,1,4532400,481300,,1,14,1,0,0,0
1,1,8,1,1,38,FRANCE,RHONE-ALPES,454,38454,SAINT-SAUVEUR,Autre 0,435297,4,9,Autre,0,2,2,0,0,3,1,0,0,,1,39,1,0,0,0
1,6,1,6,3,38,FRANCE,RHONE-ALPES,151,38151,ECHIROLLES,PONT VICTOR HUGO,435303,2,4,VC,0,2,3,,,2,1,,,,1,14,1,0,0,0
3,1,1,1,2,38,FRANCE,RHONE-ALPES,185,38185,GRENOBLE,99 VOIE NON IDENTIFIEE,435304,0,1,Autoroute,480,3,4,2,230,0,1,,,,1,10,1,0,0,0
1,6,1,1,3,38,FRANCE,RHONE-ALPES,151,38151,ECHIROLLES,AVENUE DE GRUGLIASCO,435306,5,4,VC,0,2,5,,,0,1,,,,1,14,1,0,0,0
3,1,1,1,2,38,FRANCE,RHONE-ALPES,011,38011,ANTHON,RD 55,435307,0,3,RD,55,2,2,7,65,0,1,4578800,516000,,1,7,1,0,0,0
1,1,1,1,1,38,FRANCE,RHONE-ALPES,556,38556,VILLE-SOUS-ANJOU,RD 131,435311,0,3,RD,131,2,0,0,0,0,1,4535800,485600,,1,14,1,0,0,0
1,1,1,8,1,38,FRANCE,RHONE-ALPES,215,38215,LUZINAY,RD 36,435322,0,3,RD,36,3,2,0,0,0,1,4557000,495700,,1,14,1,0,0,0
3,1,1,1,1,38,FRANCE,RHONE-ALPES,528,38528,VAULNAVEYS-LE-BAS,RD 524,435326,0,3,RD,524,0,0,0,0,0,0,0,0,,1,7,1,0,0,0
1,2,1,1,6,38,FRANCE,RHONE-ALPES,038,38038,BELMONT,VC 0,435334,0,4,VC,0,2,2,0,0,0,0,4547500,535600,,1,,1,0,0,0
3,1,1,1,2,38,FRANCE,RHONE-ALPES,053,38053,BOURGOIN-JALLIEU,ROUTE DE SAINT MARCEL BEL ACCUEIL,435335,0,3,RD,0,2,2,0,1,0,1,,,,1,7,1,0,0,0
1,6,2,1,3,38,FRANCE,RHONE-ALPES,421,38421,SAINT-MARTIN-D'HERES,AVENUE GABRIEL PERI,435343,0,2,RN,2087,3,4,0,0,1,1,4518440,576821,,1,15,1,0,0,0
1,4,1,7,1,38,FRANCE,RHONE-ALPES,431,38431,SAINT-NAZAIRE-LES-EYMES,RD 30,435357,0,3,RD,30,2,0,29,900,0,1,4526060,584443,,1,7,1,0,0,0
1,4,1,1,3,38,FRANCE,RHONE-ALPES,022,38022,AVENIERES (LES),RD 40,435366,0,3,RD,40,2,2,0,0,0,1,0,0,,1,7,1,0,0,0
1,1,1,1,3,38,FRANCE,RHONE-ALPES,451,38451,SAINT-ROMAIN-DE-JALIONAS,RD 517,435387,0,3,RD,517,2,0,0,0,0,1,0,0,,1,14,1,0,0,0
1,4,1,1,1,38,FRANCE,RHONE-ALPES,261,38261,MORESTEL,VC 0,435390,0,4,VC,0,2,2,0,0,0,1,0,0,,1,7,1,0,0,0
1,1,9,1,6,38,FRANCE,RHONE-ALPES,527,38527,VAUJANY,RD 526,435404,0,3,RD,526,2,2,85,200,0,1,0,0,,1,,1,0,0,0
1,5,6,1,3,38,FRANCE,RHONE-ALPES,193,38193,ISLE-D'ABEAU (L'),RD 208,435408,0,3,RD,208,0,0,,,0,0,4561530,522570,,1,7,1,0,0,0
1,8,1,1,3,38,FRANCE,RHONE-ALPES,185,38185,GRENOBLE,AVENUE PAUL VERLAINE,435413,0,3,RD,5,3,4,,,1,1,4516200,571591,,1,14,1,0,0,0
1,3,3,1,3,39,FRANCE,FRANCHE-COMTE,415,39415,PETIT-NOIR,RD 13,435435,0,3,RD,13,2,2,10,860,0,1,0,0,,1,7,1,0,0,0
1,1,1,1,1,39,FRANCE,FRANCHE-COMTE,097,39097,CHAMPAGNOLE,VC 0,435443,0,4,VC,0,2,2,0,0,0,1,0,0,,1,7,1,0,0,0
1,1,2,1,3,39,FRANCE,FRANCHE-COMTE,331,39331,MIGNOVILLARD,RD 35,435456,5,3,RD,35,2,2,10,10,0,1,0,0,,1,7,1,0,0,0
1,1,1,6,2,39,FRANCE,FRANCHE-COMTE,015,39015,ARDON,RN 5,435475,0,2,RN,5,2,2,62,600,0,1,4630500,548300,,1,7,1,0,0,0
1,3,3,1,3,39,FRANCE,FRANCHE-COMTE,415,39415,PETIT-NOIR,RD 11,435479,0,3,RD,11,2,0,10,500,2,4,4694200,534400,,1,21,1,0,0,0
1,1,1,5,2,40,FRANCE,AQUITAINE,261,40261,SAINT-GEOURS-DE-MAREMNE,RD 12,435533,0,3,RD,12,2,2,2,200,0,1,0,0,,1,10,1,0,0,0
1,5,1,1,1,40,FRANCE,AQUITAINE,001,40001,AIRE-SUR-L'ADOUR,RN 134,435553,2,2,RN,134,2,2,0,0,0,1,0,0,,1,17,1,0,0,0
2,4,1,9,1,40,FRANCE,AQUITAINE,283,40283,SAINT-VINCENT-DE-PAUL,VC 0,435555,0,4,VC,0,2,0,0,0,0,1,4375900,-98100,,1,37,1,0,0,0
1,3,1,1,5,40,FRANCE,AQUITAINE,075,40075,CASTETS,RD 42,435556,5,3,RD,42,2,2,22,600,0,1,4388700,-114800,,1,7,1,0,0,0
1,3,1,1,7,40,FRANCE,AQUITAINE,150,40150,LEON,RD 652,435582,0,3,RD,652,2,2,0,0,0,4,4387900,-130200,,1,,1,0,0,0
1,1,1,1,2,40,FRANCE,AQUITAINE,179,40179,MEES,RD 824,435625,0,3,RD,824,3,2,91,0,0,1,0,0,,1,14,1,0,0,0
1,1,1,1,1,40,FRANCE,AQUITAINE,233,40233,POUILLON,RD 22,435648,0,3,RD,22,2,2,2,25,0,1,0,0,,1,7,1,0,0,0
1,1,1,1,6,41,FRANCE,CENTRE,185,41185,PRUNIERS-EN-SOLOGNE,RD 724,435683,0,3,RD,724,2,2,24,200,0,1,0,0,,1,15,1,0,0,0
5,1,1,2,5,41,FRANCE,CENTRE,269,41269,VENDOME,ROUTE DU MANS,435711,3,3,RD,0,2,3,36,700,0,1,,,,1,7,1,0,0,0
1,1,1,1,2,41,FRANCE,CENTRE,067,41067,COUR-CHEVERNY,RD 765,435730,0,3,RD,765,2,0,6,0,0,1,0,0,,1,2,1,0,0,0
1,6,1,1,3,41,FRANCE,CENTRE,018,41018,BLOIS,AVENUE DE VENDOME,435735,0,4,VC,0,2,2,,,1,1,,,,1,33,1,0,0,0
1,1,1,1,1,41,FRANCE,CENTRE,148,41148,MONTLIVAULT,RD 98,435738,0,3,RD,98,2,2,0,0,0,1,4762900,143400,,1,7,1,0,0,0
1,1,9,1,1,41,FRANCE,CENTRE,067,41067,COUR-CHEVERNY,RD 77,435758,0,3,RD,77,2,2,13,800,0,1,4753540,146206,,1,7,1,0,0,0
2,1,1,1,2,41,FRANCE,CENTRE,171,41171,OUCQUES,RD 917,435759,0,3,RD,917,2,2,20,360,0,1,4782030,132182,,1,10,1,0,0,0
1,1,1,7,2,41,FRANCE,CENTRE,265,41265,TROO,RD 917,435774,0,3,RD,917,2,2,69,124,0,1,4777600,76825,,1,7,1,0,0,0
3,1,1,1,2,42,FRANCE,RHONE-ALPES,127,42127,MABLY,RUE DE BRIENNON,435807,0,3,RD,0,2,2,10,967,0,3,,,,1,7,1,0,0,0
1,4,1,1,7,42,FRANCE,RHONE-ALPES,271,42271,SAINT-PAUL-EN-JAREZ,RD 7,435827,0,3,RD,7,2,1,0,0,0,1,4548500,457900,,1,,1,0,0,0
3,1,1,1,2,42,FRANCE,RHONE-ALPES,285,42285,SAINT-ROMAIN-LE-PUY,RD 8,435840,0,3,RD,8,4,1,83,250,0,1,0,0,,1,7,1,0,0,0
1,1,1,1,2,42,FRANCE,RHONE-ALPES,299,42299,SAVIGNEUX,RD 204,435847,0,3,RD,204,3,3,3,0,0,1,,,,1,7,1,0,0,0
1,5,3,1,2,42,FRANCE,RHONE-ALPES,127,42127,MABLY,RUE PIERRE CORNEILLE,435880,0,3,RD,0,2,2,13,530,0,1,,,,1,34,1,0,0,0
1,5,1,1,7,42,FRANCE,RHONE-ALPES,184,42184,RIORGES,RUE DU CHATEAU D'EAU,435882,0,4,VC,,2,2,,,0,1,0,0,,1,,1,0,0,0
1,1,9,1,7,42,FRANCE,RHONE-ALPES,038,42038,CHALAIN-LE-COMTAL,RD 110,435886,0,3,RD,110,2,0,57,200,0,0,4564491,416259,,1,,1,0,0,0
1,1,1,1,3,42,FRANCE,RHONE-ALPES,294,42294,SAINT-VINCENT-DE-BOISSET,RD 27,435895,0,3,RD,27,2,2,0,0,0,1,4601026,406404,,1,7,1,0,0,0
1,6,5,1,3,42,FRANCE,RHONE-ALPES,187,42187,ROANNE,AVENUE DE LYON,435910,0,3,RD,0,2,5,3,700,0,1,4603693,407718,,1,14,1,0,0,0
1,1,1,1,2,42,FRANCE,RHONE-ALPES,149,42149,MONTROND-LES-BAINS,RD 496,435917,0,3,RD,496,2,2,31,150,0,1,4564235,422334,,1,7,1,0,0,0
5,8,1,1,2,42,FRANCE,RHONE-ALPES,218,42218,SAINT-ETIENNE,BERGSON ,435945,0,4,VC,0,3,4,,,0,1,4545663,438217,,1,7,1,0,0,0
1,1,2,2,3,43,FRANCE,AUVERGNE,256,43256,VENTEUGES,RD 323,435953,0,3,RD,323,2,0,0,0,0,0,4496000,348000,,1,14,1,0,0,0
1,1,1,1,7,43,FRANCE,AUVERGNE,038,43038,BOURNONCLE-SAINT-PIERRE,RD 19,435997,0,3,RD,19,2,2,8,600,0,1,4533800,330600,,1,,1,0,0,0
5,5,6,1,5,44,FRANCE,PAYS DE LA LOIRE,003,44003,ANCENIS,VC 0,436021,5,4,VC,0,1,1,0,0,0,1,4737900,-117900,,1,7,1,0,0,0
1,1,1,1,3,44,FRANCE,PAYS DE LA LOIRE,007,44007,AVESSAC,RD 775,436036,0,3,RD,775,2,2,0,0,0,1,4764300,-198800,,1,7,1,0,0,0
1,1,1,1,3,44,FRANCE,PAYS DE LA LOIRE,189,44189,SAINTE-REINE-DE-BRETAGNE,RD 33,436040,0,3,RD,33,2,2,72,600,0,1,0,0,,1,7,1,0,0,0
1,5,1,1,6,44,FRANCE,PAYS DE LA LOIRE,055,44055,BAULE-ESCOUBLAC (LA),BOULEVARD DE L'OCEAN,436041,0,4,VC,0,2,2,,,2,1,,,,1,7,1,0,0,0
1,1,1,1,2,44,FRANCE,PAYS DE LA LOIRE,215,44215,VERTOU,RD 76,436054,0,3,RD,76,2,2,0,0,0,1,0,0,,1,7,1,0,0,0
1,1,1,1,2,44,FRANCE,PAYS DE LA LOIRE,103,44103,MONTOIR-DE-BRETAGNE,RD 213,436079,2,3,RD,213,2,3,20,660,0,1,0,0,,1,17,1,0,0,0
1,8,9,1,6,44,FRANCE,PAYS DE LA LOIRE,109,44109,NANTES,BOULEVARD MARTYRS DE LA RESISTANCE,436084,0,4,VC,0,3,4,,,2,1,,,,1,15,1,0,0,0
1,1,1,1,1,44,FRANCE,PAYS DE LA LOIRE,073,44073,HERIC,RD 164,436098,0,3,RD,164,2,2,0,0,0,1,4747600,-173600,,1,10,1,0,0,0