lum,agg,int,atm,col,dep_bis,pays,region,com_bis,com_codeINSEE,communes,N_voie,numac,infra,catr,type_route,voie,circ,nbv,pr,pr1,vosp,situ,lat,long,adr,accident_velo,vehicule_imp,cycl_mort,cycl_bgv,cycl_blg,cycl_indm
1,1,1,1,3,44,FRANCE,PAYS DE LA LOIRE,212,44212,VALLET,RD 763,436144,0,3,RD,763,2,2,0,0,0,1,0,0,,1,7,1,0,0,0
1,5,1,1,3,44,FRANCE,PAYS DE LA LOIRE,198,44198,SORINIERES (LES),Autre 0,436196,0,9,Autre,0,3,2,0,0,1,1,0,0,,1,7,1,0,0,0
1,5,1,1,2,44,FRANCE,PAYS DE LA LOIRE,135,44135,POULIGUEN (LE),VC 0,436198,0,4,VC,0,2,2,0,0,1,1,,,,1,14,1,0,0,0
1,4,1,1,1,44,FRANCE,PAYS DE LA LOIRE,010,44010,BATZ-SUR-MER,VC 0,436201,0,4,VC,0,2,2,0,0,0,1,0,0,,1,7,1,0,0,0
1,8,2,1,3,44,FRANCE,PAYS DE LA LOIRE,109,44109,NANTES,ROUTE DE SAINT JOSEPH,436217,0,4,VC,0,2,2,,,2,1,,,,1,14,1,0,0,0
1,3,1,1,1,44,FRANCE,PAYS DE LA LOIRE,220,44220,VUE,RD 723,436226,0,3,RD,723,2,2,16,450,0,1,4718900,-185800,,1,14,1,0,0,0
1,1,1,1,1,44,FRANCE,PAYS DE LA LOIRE,041,44041,CHEVROLIERE (LA),RD 62,436241,0,3,RD,62,2,2,0,0,0,0,4708600,-158400,,1,10,1,0,0,0
1,1,2,1,3,44,FRANCE,PAYS DE LA LOIRE,073,44073,HERIC,VC 3,436252,5,4,VC,3,2,2,0,0,0,1,4743300,-168100,,1,7,1,0,0,0
2,1,1,7,3,44,FRANCE,PAYS DE LA LOIRE,120,44120,PELLERIN (LE),RD 80,436257,0,3,RD,80,2,2,0,0,0,1,0,0,,1,7,1,0,0,0
2,8,1,1,6,44,FRANCE,PAYS DE LA LOIRE,109,44109,NANTES,RUE DU COUDRAY,436259,0,4,VC,0,2,2,,,0,1,,,,1,7,1,0,0,0
1,1,2,1,3,44,FRANCE,PAYS DE LA LOIRE,191,44191,SAINT-SULPICE-DES-LANDES,RD 878,436269,5,3,RD,878,2,2,13,300,0,1,0,0,,1,7,1,0,0,0
1,1,4,1,1,44,FRANCE,PAYS DE LA LOIRE,163,44163,SAINT-HERBLON,RD 18,436270,0,3,RD,18,2,2,13,421,0,1,0,0,,1,7,1,0,0,0
1,3,1,1,3,44,FRANCE,PAYS DE LA LOIRE,157,44157,SAINT-ETIENNE-DE-MER-MORTE,RD 63,436291,5,3,RD,63,2,2,35,177,0,1,0,0,,1,7,1,0,0,0
5,8,1,1,6,44,FRANCE,PAYS DE LA LOIRE,109,44109,NANTES,RUE EUGENE THOMAS,436314,0,4,VC,,2,2,,,0,1,,,,1,7,1,0,0,0
2,1,1,1,1,45,FRANCE,CENTRE,244,45244,OUZOUER-SUR-LOIRE,RD 952,436332,0,3,RD,952,2,2,28,40,0,0,0,0,,1,7,1,0,0,0
5,5,1,1,1,45,FRANCE,CENTRE,146,45146,FERTE-SAINT-AUBIN (LA),VC 0,436346,0,4,VC,0,2,2,0,0,0,1,4772000,194800,,1,38,1,0,0,0
1,4,1,1,1,45,FRANCE,CENTRE,145,45145,FERRIERES-EN-GATINAIS,VC 0,436349,0,4,VC,0,2,2,0,0,0,1,4809800,279600,,1,14,1,0,0,0
2,3,1,1,6,45,FRANCE,CENTRE,317,45317,TAVERS,RN 152,436405,0,2,RN,152,2,2,86,700,0,1,4777000,161100,,1,,1,0,0,0
1,1,1,1,6,45,FRANCE,CENTRE,224,45224,NEUVILLE-AUX-BOIS,RD 11,436443,0,3,RD,11,2,2,37,935,0,1,4808818,204504,,1,99,1,0,0,0
1,3,3,1,3,45,FRANCE,CENTRE,025,45025,BAZOCHES-LES-GALLERANDES,VC 0,436494,0,4,VC,0,2,2,0,0,0,1,4814398,207906,,1,10,1,0,0,0
1,1,2,1,3,45,FRANCE,CENTRE,063,45063,CERDON,RD 51,436499,0,3,RD,51,2,2,23,599,0,1,4763669,244842,,1,10,1,0,0,0
1,1,1,1,1,46,FRANCE,MIDI-PYRENEES,075,46075,CORN,RD 802,436528,0,3,RD,802,2,2,28,650,0,1,0,0,,1,7,1,0,0,0
1,1,1,1,3,46,FRANCE,MIDI-PYRENEES,176,46176,LIVERNON,RD 13,436538,0,3,RD,13,2,2,26,117,0,1,4463000,185000,,1,7,1,0,0,0
1,1,1,1,1,46,FRANCE,MIDI-PYRENEES,329,46329,VAYLATS,RD 19,436560,0,3,RD,19,2,2,90,180,0,1,4434200,164300,,1,10,1,0,0,0
1,1,1,1,7,46,FRANCE,MIDI-PYRENEES,057,46057,CARDAILLAC,RD 18,436582,0,3,RD,18,2,0,19,0,0,0,4469000,200100,,1,,1,0,0,0
1,1,1,1,1,47,FRANCE,AQUITAINE,046,47046,CALONGES,RD 143,436618,0,3,RD,143,2,2,8,200,0,1,0,0,,1,10,1,0,0,0
1,1,1,1,3,47,FRANCE,AQUITAINE,306,47306,TEMPLE-SUR-LOT (LE),RD 13,436645,2,3,RD,13,2,0,0,0,0,1,4440000,49500,,1,7,1,0,0,0
1,5,1,1,3,47,FRANCE,AQUITAINE,157,47157,MARMANDE,VC 0,436656,0,4,VC,0,2,2,0,0,0,1,0,0,,1,7,1,0,0,0
1,4,1,1,2,47,FRANCE,AQUITAINE,052,47052,CASTELJALOUX,RD 933,436690,0,3,RD,933,2,2,55,400,0,1,4431200,7900,,1,10,1,0,0,0
1,1,1,1,1,47,FRANCE,AQUITAINE,306,47306,TEMPLE-SUR-LOT (LE),RD 13,436711,0,3,RD,13,2,0,28,1800,0,1,4438610,49639,,1,10,1,0,0,0
1,6,6,1,3,47,FRANCE,AQUITAINE,001,47001,AGEN,PLACE DU PIN,436715,0,3,RD,813,1,3,15,612,0,1,4420520,62574,,1,15,1,0,0,0
1,6,1,1,6,49,FRANCE,PAYS DE LA LOIRE,328,49328,SAUMUR,BOULEVARD LOUIS RENAULT,436760,0,4,VC,0,3,2,,,1,5,,,,1,17,1,0,0,0
2,1,1,6,2,49,FRANCE,PAYS DE LA LOIRE,220,49220,MORANNES,RD 52,436782,0,3,RD,52,2,2,0,0,0,1,0,0,,1,7,1,0,0,0
1,1,1,1,6,49,FRANCE,PAYS DE LA LOIRE,246,49246,PONTS-DE-CE (LES),leVEe de sainte gemmes,436790,0,4,VC,0,2,1,,,0,1,,,,1,,1,0,0,0
1,8,3,1,6,49,FRANCE,PAYS DE LA LOIRE,007,49007,ANGERS,AVENUE TALET ,436833,5,4,VC,0,1,2,,,0,1,,,,1,17,1,0,0,0
3,1,1,1,1,49,FRANCE,PAYS DE LA LOIRE,020,49020,BEAUCOUZE,RD 323,436837,0,3,RD,323,3,2,42,600,0,1,4746900,-63300,,1,7,1,0,0,0
1,1,9,1,3,49,FRANCE,PAYS DE LA LOIRE,029,49029,BLAISON-GOHIER,RD 55,436850,0,3,RD,55,4,2,22,500,1,1,0,0,,1,10,1,0,0,0
1,5,6,1,3,49,FRANCE,PAYS DE LA LOIRE,092,49092,CHEMILLE,VC 0,436863,5,4,VC,0,1,1,0,0,0,1,0,0,,1,7,1,0,0,0
1,5,1,1,2,49,FRANCE,PAYS DE LA LOIRE,353,49353,TRELAZE,VC 0,436872,0,4,VC,0,2,2,0,0,1,1,,,,1,7,1,0,0,0
1,5,1,2,1,49,FRANCE,PAYS DE LA LOIRE,015,49015,AVRILLE,VC 0,436873,0,4,VC,0,2,2,0,0,1,1,,,,1,7,1,0,0,0
1,1,9,1,2,49,FRANCE,PAYS DE LA LOIRE,163,49163,JARZE,RD 766,436886,0,3,RD,766,2,2,31,800,0,1,4755440,-21698,,1,7,1,0,0,0
1,1,1,1,1,49,FRANCE,PAYS DE LA LOIRE,361,49361,VARENNES-SUR-LOIRE,RD 952,436894,0,3,RD,952,2,0,106,652,0,1,4724760,-559,,1,7,1,0,0,0
1,3,1,1,1,49,FRANCE,PAYS DE LA LOIRE,259,49259,ROCHEFORT-SUR-LOIRE,RD 751,436895,0,3,RD,751,0,0,51,750,0,1,4735570,-66190,,1,38,1,0,0,0
1,1,1,1,2,49,FRANCE,PAYS DE LA LOIRE,053,49053,BROSSAY,RD 761,436897,0,3,RD,761,2,2,27,400,0,1,4716800,-21334,,1,10,1,0,0,0
1,1,1,1,3,49,FRANCE,PAYS DE LA LOIRE,343,49343,TESSOUALLE (LA),RD 200,436898,0,3,RD,200,2,2,10,500,0,1,4701900,-84018,,1,7,1,0,0,0
1,1,1,1,1,49,FRANCE,PAYS DE LA LOIRE,285,49285,SAINT-GERMAIN-SUR-MOINE,RD 67,436912,0,3,RD,67,2,2,22,600,0,1,4710995,-112308,,1,3,1,0,0,0
1,1,2,1,3,50,FRANCE,BASSE-NORMANDIE,512,50512,SAINT-MARTIN-DE-BONFOSSE,RD 77,436933,0,3,RD,77,2,2,0,0,0,1,0,0,,1,14,1,0,0,0
1,2,2,7,3,50,FRANCE,BASSE-NORMANDIE,259,50259,JUILLEY,RD 998,436935,5,3,RD,998,2,3,12,57,3,1,4860400,-134800,,1,21,1,0,0,0
1,3,1,1,6,50,FRANCE,BASSE-NORMANDIE,159,50159,DANGY,RD 89,436938,0,3,RD,89,2,0,0,0,0,1,4904500,-121800,,1,7,1,0,0,0
3,1,1,2,1,50,FRANCE,BASSE-NORMANDIE,431,50431,REMILLY-SUR-LOZON,RD 8,436947,0,3,RD,8,2,0,0,0,0,1,4918000,-125100,,1,7,1,0,0,0
1,5,6,9,3,50,FRANCE,BASSE-NORMANDIE,025,50025,AVRANCHES,RD 7,436950,0,3,RD,7,4,0,0,0,0,1,4868600,-135500,,1,14,1,0,0,0
1,1,1,8,1,50,FRANCE,BASSE-NORMANDIE,489,50489,SAINT-JEAN-DE-LA-HAIZE,RD 31,436951,0,3,RD,31,2,0,0,0,0,1,0,0,,1,7,1,0,0,0
1,1,1,1,2,50,FRANCE,BASSE-NORMANDIE,130,50130,CHERENCE-LE-HERON,RD 999,436978,0,3,RD,999,2,0,29,950,0,1,4878900,-119200,,1,7,1,0,0,0
1,1,2,1,3,50,FRANCE,BASSE-NORMANDIE,455,50455,SAINT-CLAIR-SUR-L'ELLE,RD 54,437038,5,3,RD,54,2,2,8,342,0,1,4919050,-104097,,1,7,1,0,0,0
1,1,1,1,2,50,FRANCE,BASSE-NORMANDIE,603,50603,TOURVILLE-SUR-SIENNE,RD 44,437051,0,3,RD,44,2,2,4,290,0,1,4905480,-150359,,1,7,1,0,0,0
1,1,1,1,2,51,FRANCE,CHAMPAGNE-ARDENNE,482,51482,SAINT-GERMAIN-LA-VILLE,RD 60,437111,0,3,RD,60,2,2,0,0,0,1,0,0,,1,7,1,0,0,0
1,1,1,1,1,51,FRANCE,CHAMPAGNE-ARDENNE,571,51571,VAL-DE-VESLE,RD 931,437123,5,3,RD,931,2,2,36,508,0,1,4920700,423400,,1,14,1,0,0,0
1,1,1,1,1,51,FRANCE,CHAMPAGNE-ARDENNE,630,51630,VILLERS-AUX-BOIS,RD 36,437148,0,3,RD,36,2,2,20,410,0,1,4894600,392400,,1,7,1,0,0,0
1,1,3,1,6,51,FRANCE,CHAMPAGNE-ARDENNE,168,51168,COOLUS,Route DEpartementale 977,437172,0,3,RD,977,2,2,24,750,0,1,,,,1,15,1,0,0,0
1,2,1,7,1,51,FRANCE,CHAMPAGNE-ARDENNE,140,51140,CHAUMUZY,RD 386,437179,0,3,RD,386,2,2,17,171,0,1,0,0,,1,7,1,0,0,0
1,2,1,1,3,51,FRANCE,CHAMPAGNE-ARDENNE,279,51279,GRANGES-SUR-AUBE,RD 373,437222,0,3,RD,373,2,2,42,20,0,1,0,0,,1,7,1,0,0,0
1,1,1,1,2,51,FRANCE,CHAMPAGNE-ARDENNE,065,51065,BLACY,RD 4,437227,0,3,RD,4,2,2,84,,0,2,4872998,457171,,1,13,1,0,0,0
1,2,3,7,3,51,FRANCE,CHAMPAGNE-ARDENNE,027,51027,AUVE,RD 70,437229,0,3,RD,70,2,2,4,930,0,1,4903607,469364,,1,7,1,0,0,0
1,1,1,1,2,51,FRANCE,CHAMPAGNE-ARDENNE,450,51450,PUISIEULX,RD 8,437234,0,3,RD,8,2,2,7,750,0,1,0,0,,1,7,1,0,0,0
3,1,1,8,2,51,FRANCE,CHAMPAGNE-ARDENNE,344,51344,MARDEUIL,ALLEE  DE CUMIERES,437235,0,3,RD,301,2,2,2,500,0,1,,,,1,7,1,0,0,0
1,1,8,1,6,52,FRANCE,CHAMPAGNE-ARDENNE,534,52534,VILLIERS-EN-LIEU,ROUTE DE HALLIGNICOURT,437245,4,3,RD,0,2,2,6,700,0,1,,,,1,7,1,0,0,0
1,2,1,1,3,52,FRANCE,CHAMPAGNE-ARDENNE,365,52365,ORGES,VC 0,437281,0,4,VC,0,2,2,0,0,0,1,4808080,492537,,1,7,1,0,0,0
1,3,4,1,3,52,FRANCE,CHAMPAGNE-ARDENNE,017,52017,ARC-EN-BARROIS,RD 159,437282,0,3,RD,159,2,2,0,0,0,1,4795070,500614,,1,7,1,0,0,0
1,3,2,1,3,53,FRANCE,PAYS DE LA LOIRE,064,53064,CHATILLON-SUR-COLMONT,RD 248,437310,0,3,RD,248,2,2,12,200,0,1,4834100,-74300,,1,7,1,0,0,0
1,1,1,1,3,53,FRANCE,PAYS DE LA LOIRE,014,53014,AZE,RN 162,437320,0,2,RN,162,2,0,10,500,0,1,0,0,,1,10,1,0,0,0
1,1,1,1,3,53,FRANCE,PAYS DE LA LOIRE,236,53236,SAINT-MARS-DU-DESERT,RD 16,437327,0,3,RD,16,3,2,0,0,0,1,0,0,,1,7,1,0,0,0
1,1,1,1,3,53,FRANCE,PAYS DE LA LOIRE,048,53048,CHAILLAND,VC 2,437336,0,4,VC,2,2,2,0,0,0,1,4823900,-86500,,1,7,1,0,0,0
1,1,1,1,2,53,FRANCE,PAYS DE LA LOIRE,186,53186,QUELAINES-SAINT-GAULT,RD 4,437342,0,3,RD,4,2,2,11,450,0,1,4793600,-83600,,1,7,1,0,0,0
1,1,1,1,2,53,FRANCE,PAYS DE LA LOIRE,119,53119,HUISSERIE (L'),RD 910,437350,0,3,RD,910,2,2,0,0,0,1,4800000,-76000,,1,7,1,0,0,0
1,1,3,1,1,53,FRANCE,PAYS DE LA LOIRE,123,53123,JUVIGNE,RD 165,437352,0,3,RD,165,2,2,14,650,0,1,0,0,,1,10,1,0,0,0
1,1,1,1,2,53,FRANCE,PAYS DE LA LOIRE,132,53132,LEVARE,RD 33,437390,0,3,RD,33,2,2,43,935,0,1,4841874,-89930,,1,7,1,0,0,0
1,1,1,1,2,53,FRANCE,PAYS DE LA LOIRE,055,53055,CHANTRIGNE,RD 34,437393,0,3,RD,34,2,2,14,950,0,1,4840400,-50200,,1,7,1,0,0,0
2,5,1,1,1,54,FRANCE,LORRAINE,115,54115,CHAMPIGNEULLES,RN 57,437403,5,2,RN,57,2,2,0,0,0,1,4875800,614100,,1,7,1,0,0,0
1,1,1,1,2,54,FRANCE,LORRAINE,504,54504,SERROUVILLE,RD 16,437422,0,3,RD,16,2,2,12,0,0,1,4940300,588300,,1,7,1,0,0,0
1,1,1,1,2,54,FRANCE,LORRAINE,027,54027,ATTON,RD 120,437423,0,3,RD,120,2,2,5,583,0,1,4889200,612300,,1,7,1,0,0,0
1,5,2,2,3,54,FRANCE,LORRAINE,280,54280,JOEUF,RUE PASTEUR,437476,0,4,VC,0,2,2,,,0,0,,,,1,7,1,0,0,0
5,5,3,1,6,54,FRANCE,LORRAINE,431,54431,PONT-A-MOUSSON,CHEMIN DE LA COTE CHADEVEE,437487,5,4,VC,0,2,2,0,1,0,1,,,,1,,1,0,0,0
1,1,4,8,3,54,FRANCE,LORRAINE,051,54051,BATILLY,DEPARTEMENTALE 13,437493,0,3,RD,13,0,2,23,155,0,1,4917520,596249,,1,7,1,0,0,0
1,1,1,1,1,54,FRANCE,LORRAINE,507,54507,SIONVILLER,RD 108,437497,0,3,RD,108,2,2,4,650,0,1,4862860,652476,,1,7,1,0,0,0
1,1,1,1,6,54,FRANCE,LORRAINE,528,54528,TOUL,RD 960,437514,0,3,RD,960,2,2,3,200,0,1,4864970,587004,,1,7,1,0,0,0
1,2,1,1,2,54,FRANCE,LORRAINE,468,54468,SAFFAIS,VC 0,437528,0,4,VC,0,2,2,0,0,0,1,4855000,630000,,1,14,1,0,0,0
1,1,1,1,2,54,FRANCE,LORRAINE,428,54428,PIERREPONT,RD 643,437545,0,3,RD,643,2,2,38,550,0,0,4942800,570200,,1,7,1,0,0,0
1,5,1,8,3,55,FRANCE,LORRAINE,545,55545,VERDUN,DU HUIT MAI 1945,437561,0,4,VC,0,2,2,,,0,1,,,,1,7,1,0,0,0
1,3,1,7,2,55,FRANCE,LORRAINE,398,55398,PAGNY-SUR-MEUSE,AVENUE DU GENERAL DE GAULLE,437586,0,3,RD,41,2,2,0,700,0,1,4869207,572623,,1,7,1,0,0,0
3,1,1,5,2,55,FRANCE,LORRAINE,247,55247,HORVILLE-EN-ORNOIS,RD 32,437605,0,3,RD,32,2,2,0,0,0,1,0,0,,1,7,1,0,0,0
1,1,2,1,3,55,FRANCE,LORRAINE,043,55043,BELLEVILLE-SUR-MEUSE,CD 964,437609,5,3,RD,964,2,2,90,720,0,1,4918606,537189,,1,16,1,0,0,0
1,1,1,1,2,56,FRANCE,BRETAGNE,176,56176,PLUNERET,RD 19,437611,0,3,RD,19,2,0,0,0,0,0,0,0,,1,10,1,0,0,0
1,6,1,1,2,56,FRANCE,BRETAGNE,098,56098,LANESTER,AVENUE PRESIDENT SALVADOR ALLENDE,437617,0,9,Autre,0,2,2,,,0,1,,,,1,18,1,0,0,0
1,1,1,1,2,56,FRANCE,BRETAGNE,015,56015,BERRIC,RD 7,437628,0,3,RD,7,2,2,15,900,0,1,0,0,,1,7,1,0,0,0
1,1,1,1,2,56,FRANCE,BRETAGNE,005,56005,ARZON,RD 780,437633,0,3,RD,780,2,2,18,800,0,1,4754000,-288000,,1,7,1,0,0,0
1,7,1,1,7,56,FRANCE,BRETAGNE,260,56260,VANNES,RUE JEAN JAURES,437634,0,4,VC,0,2,2,,,0,1,,,,1,,1,0,0,0
1,1,1,1,2,56,FRANCE,BRETAGNE,240,56240,SARZEAU,RD 780,437663,0,3,RD,780,3,4,11,850,0,1,4754700,-272500,,1,7,1,0,0,0
1,1,1,1,2,56,FRANCE,BRETAGNE,143,56143,MUZILLAC,RD 765,437665,0,3,RD,765,2,0,9,276,0,1,0,0,,1,7,1,0,0,0
1,7,1,1,7,56,FRANCE,BRETAGNE,260,56260,VANNES,PLACE DE LA REPUBLIQUE,437679,5,4,VC,0,3,4,,,0,1,,,,1,,1,0,0,0
1,4,6,1,3,56,FRANCE,BRETAGNE,117,56117,LOCMINE,RD 767,437703,0,3,RD,767,2,2,0,0,0,1,4788800,-283100,,1,7,1,0,0,0
1,1,1,8,1,56,FRANCE,BRETAGNE,177,56177,PLUVIGNER,Autre 201,437726,0,9,Autre,201,2,0,0,0,0,1,4781753,-304186,,1,7,1,0,0,0
3,1,1,1,2,56,FRANCE,BRETAGNE,001,56001,ALLAIRE,RD 114,437736,0,3,RD,114,2,2,18,500,0,1,0,0,,1,7,1,0,0,0
1,1,1,1,5,56,FRANCE,BRETAGNE,251,56251,THEIX,RD 780,437744,0,3,RD,780,2,2,1,300,0,1,0,0,,1,10,1,0,0,0
1,1,1,1,1,56,FRANCE,BRETAGNE,132,56132,MEUCON,RD 778,437753,0,3,RD,778,2,2,41,800,0,1,0,0,,1,14,1,0,0,0
1,1,1,1,2,56,FRANCE,BRETAGNE,227,56227,SAINT-MALO-DES-TROIS-FONTAINES,RD 16,437773,0,3,RD,16,2,2,16,800,0,1,0,0,,1,7,1,0,0,0
3,1,1,1,3,56,FRANCE,BRETAGNE,074,56074,GUENIN,RD 768,437778,0,3,RD,768,3,4,58,0,0,1,0,0,,1,7,1,0,0,0
1,1,1,1,1,57,FRANCE,LORRAINE,212,57212,FEY,RD 66,437811,0,3,RD,66,2,0,2,700,0,1,0,0,,1,17,1,0,0,0
1,1,1,1,6,57,FRANCE,LORRAINE,490,57490,MOYENVIC,RD 914,437812,5,3,RD,914,2,2,0,0,0,1,4878000,656500,,1,,1,0,0,0
5,8,1,8,5,57,FRANCE,LORRAINE,463,57463,METZ,BOULEVARD DE TREVES,437836,0,3,RD,0,4,3,,,0,1,,,,1,7,1,0,0,0
3,1,1,5,2,57,FRANCE,LORRAINE,242,57242,GANDRANGE,RD 54,437864,0,3,RD,54,2,2,9,200,0,1,4928100,614300,,1,15,1,0,0,0
1,5,1,1,3,57,FRANCE,LORRAINE,663,57663,TALANGE,RD 55,437868,5,3,RD,55,2,2,0,0,0,1,4924700,617300,,1,7,1,0,0,0
1,3,1,1,2,57,FRANCE,LORRAINE,197,57197,ERNESTVILLER,RD 174,437889,0,3,RD,174,2,0,0,400,0,1,4906300,698300,,1,7,1,0,0,0
1,5,1,1,2,57,FRANCE,LORRAINE,663,57663,TALANGE,VC 0,437893,0,4,VC,0,2,2,0,0,0,1,0,0,,1,20,1,0,0,0
1,8,1,1,6,57,FRANCE,LORRAINE,463,57463,METZ,RUE DU FORT GAMBETTA,437927,,3,RD,113,2,2,0,531,0,1,,,,1,17,1,0,0,0
4,2,1,1,6,57,FRANCE,LORRAINE,711,57711,VIBERSVILLER,RD 92,437952,0,3,RD,92,2,0,11,500,0,1,0,0,,1,,1,0,0,0
1,1,1,1,1,57,FRANCE,LORRAINE,162,57162,CUVRY,RD 5,437963,0,3,RD,5,2,2,7,540,0,1,0,0,,1,7,1,0,0,0
1,1,1,1,2,57,FRANCE,LORRAINE,218,57218,FLEURY,RD 913,437964,0,3,RD,913,2,2,8,50,0,1,0,0,,1,7,1,0,0,0
1,1,1,1,1,57,FRANCE,LORRAINE,582,57582,RICHEMONT,RD 60,437980,2,3,RD,60,2,2,0,340,0,1,0,0,,1,7,1,0,0,0
3,1,1,1,1,57,FRANCE,LORRAINE,582,57582,RICHEMONT,RD 54,437981,0,3,RD,54,2,0,10,0,0,1,0,0,,1,7,1,0,0,0
1,1,3,8,3,58,FRANCE,BOURGOGNE,127,58127,GIRY,RD 977,437990,5,3,RD,977,2,2,37,210,0,1,0,0,,1,17,1,0,0,0
1,1,1,1,2,58,FRANCE,BOURGOGNE,051,58051,CHALLUY,RN 7,437995,0,2,RN,7,2,2,78,300,0,1,0,0,,1,7,1,0,0,0
3,3,1,1,2,58,FRANCE,BOURGOGNE,261,58261,SAINT-PERE,RD 33,438015,0,3,RD,33,2,2,2,379,0,1,4740800,295100,,1,7,1,0,0,0
1,1,1,1,2,58,FRANCE,BOURGOGNE,016,58016,ASNOIS,RD 985,438034,5,3,RD,985,2,2,4,870,0,1,0,0,,1,17,1,0,0,0
1,5,1,1,2,59,FRANCE,NORD-PAS-DE-CALAIS,291,59291,HAUTMONT,ROUTE DE LANDRECIES,438104,0,3,RD,0,2,2,33,614,0,1,,,,1,7,1,0,0,0
1,3,1,1,1,59,FRANCE,NORD-PAS-DE-CALAIS,546,59546,SAINT-SYLVESTRE-CAPPEL,RD 916,438117,5,3,RD,916,2,0,0,0,0,1,5078100,255400,,1,21,1,0,0,0
2,1,2,8,2,59,FRANCE,NORD-PAS-DE-CALAIS,088,59088,BOIS-GRENIER,RD 222,438128,0,3,RD,222,2,0,5,800,0,1,0,0,,1,7,1,0,0,0
1,8,2,1,3,59,FRANCE,NORD-PAS-DE-CALAIS,350,59350,LILLE,RUE SOLFERINO,438156,0,4,VC,0,2,2,,,0,1,,,,1,14,1,0,0,0
1,6,6,1,1,59,FRANCE,NORD-PAS-DE-CALAIS,178,59178,DOUAI,RUE PAUL THERY,438165,5,4,VC,0,1,1,,,0,1,,,,1,14,1,0,0,0
1,3,1,1,1,59,FRANCE,NORD-PAS-DE-CALAIS,528,59528,SAINT-AUBERT,RD 45,438185,0,3,RD,45,2,2,6,750,0,1,5021100,341800,,1,17,1,0,0,0
1,7,9,1,3,59,FRANCE,NORD-PAS-DE-CALAIS,183,59183,DUNKERQUE,DARSES CHAUSSEE,438191,2,4,VC,0,2,2,,,0,1,,,,1,17,1,0,0,0
1,5,2,1,3,59,FRANCE,NORD-PAS-DE-CALAIS,431,59431,NIEPPE,RUE D'ARMENTIERES,438200,0,3,RD,0,2,2,,,2,1,,,,1,14,1,0,0,0
3,5,1,3,6,59,FRANCE,NORD-PAS-DE-CALAIS,286,59286,HAUBOURDIN,RUE DE LA RACHE ,438203,0,4,VC,0,2,2,,,0,1,,,,1,17,1,0,0,0
3,1,1,1,1,59,FRANCE,NORD-PAS-DE-CALAIS,456,59456,PECQUENCOURT,LE CHEMIN NOIR,438217,0,3,RD,0,2,2,0,200,0,1,,,,1,7,1,0,0,0
5,5,2,1,3,59,FRANCE,NORD-PAS-DE-CALAIS,273,59273,GRAVELINES,RUE PIERRE BROSSOLETTE,438236,0,4,VC,0,2,2,,,3,1,,,,1,7,1,0,0,0
5,6,9,1,3,59,FRANCE,NORD-PAS-DE-CALAIS,271,59271,GRANDE-SYNTHE,KRUYSBELLAERT,438244,5,3,RD,0,3,3,,,0,0,,,,1,7,1,0,0,0
1,6,9,1,2,59,FRANCE,NORD-PAS-DE-CALAIS,271,59271,GRANDE-SYNTHE,RD 131,438273,3,3,RD,131,1,3,,,0,1,,,,1,7,1,0,0,0
1,1,1,1,7,59,FRANCE,NORD-PAS-DE-CALAIS,663,59663,WORMHOUT,RD 916,438298,0,3,RD,916,2,2,0,0,2,1,0,0,,1,,1,0,0,0
1,5,1,1,1,59,FRANCE,NORD-PAS-DE-CALAIS,011,59011,ANNOEULLIN,RD 39,438300,0,3,RD,39,2,2,0,0,0,1,0,0,,1,7,1,0,0,0
1,5,1,1,1,59,FRANCE,NORD-PAS-DE-CALAIS,616,59616,VIEUX-CONDE,RUE MARCEL DERAMEZ,438326,0,4,VC,0,2,1,,,0,1,,,,1,7,1,0,0,0
5,5,1,2,2,59,FRANCE,NORD-PAS-DE-CALAIS,646,59646,WASQUEHAL,RUE DE LILLE,438363,0,4,VC,0,2,2,,,0,1,,,,1,7,1,0,0,0
1,1,1,1,6,59,FRANCE,NORD-PAS-DE-CALAIS,447,59447,ONNAING,ZONE INDUSTRIELLE ,438364,0,3,RD,0,2,2,,,0,1,,,,1,7,1,0,0,0
3,1,2,3,2,59,FRANCE,NORD-PAS-DE-CALAIS,452,59452,OSTRICOURT,RD 354,438373,0,3,RD,354,2,2,0,952,0,1,5046900,302900,,1,7,1,0,0,0
1,5,1,1,1,59,FRANCE,NORD-PAS-DE-CALAIS,225,59225,FEIGNIES,RUE DES LANIERES,438374,0,4,VC,0,2,2,,,0,1,,,,1,7,1,0,0,0
3,1,1,6,2,59,FRANCE,NORD-PAS-DE-CALAIS,359,59359,LOON-PLAGE,RD 601,438382,2,3,RD,601,2,4,,,0,1,,,,1,7,1,0,0,0