lum,agg,int,atm,col,dep_bis,pays,region,com_bis,com_codeINSEE,communes,N_voie,numac,infra,catr,type_route,voie,circ,nbv,pr,pr1,vosp,situ,lat,long,adr,accident_velo,vehicule_imp,cycl_mort,cycl_bgv,cycl_blg,cycl_indm
1,8,2,5,6,59,FRANCE,NORD-PAS-DE-CALAIS,350,59350,LILLE,BOULEVARD VICTOR HUGO,438386,0,4,VC,0,3,4,,,2,5,,,,1,14,1,0,0,0
1,3,1,1,3,59,FRANCE,NORD-PAS-DE-CALAIS,545,59545,SAINT-SOUPLET,RD 115,438400,0,3,RD,115,2,2,20,750,0,1,5005597,353921,,1,14,1,0,0,0
1,5,2,1,3,59,FRANCE,NORD-PAS-DE-CALAIS,043,59043,BAILLEUL,RUE DU KORTENKER,438408,0,3,RD,10,2,2,10,760,0,1,5074371,273366,,1,21,1,0,0,0
5,8,1,2,3,59,FRANCE,NORD-PAS-DE-CALAIS,350,59350,LILLE,AVENUE BEETHOVEN ,438418,0,3,RD,941,2,2,20,750,1,5,5061800,303022,,1,17,1,0,0,0
2,6,1,1,6,59,FRANCE,NORD-PAS-DE-CALAIS,606,59606,VALENCIENNES,BOULEVARD FROISSART,438436,0,4,VC,0,3,2,,,2,5,5036399,352261,,1,,1,0,0,0
1,5,1,1,6,59,FRANCE,NORD-PAS-DE-CALAIS,491,59491,RAISMES,RUE HENRI DURRE,438439,0,3,RD,169,2,2,43,470,2,5,5038123,349345,,1,7,1,0,0,0
1,2,2,2,3,60,FRANCE,PICARDIE,026,60026,AUCHY-LA-MONTAGNE,VC 1,438495,0,4,VC,1,2,2,0,0,0,1,0,0,,1,21,1,0,0,0
1,1,1,1,1,60,FRANCE,PICARDIE,574,60574,SAINT-FELIX,RD 12,438510,0,3,RD,12,2,2,12,8,0,1,0,0,,1,7,1,0,0,0
1,5,1,1,7,60,FRANCE,PICARDIE,282,60282,GOUVIEUX,RD 162,438540,0,3,RD,162,2,2,0,0,0,1,4918900,241400,,1,,1,0,0,0
1,1,1,1,6,60,FRANCE,PICARDIE,351,60351,LATAULE,RD 938,438544,0,3,RD,938,2,0,49,500,0,1,0,0,,1,7,1,0,0,0
1,1,2,1,3,60,FRANCE,PICARDIE,155,60155,CIRES-LES-MELLO,RD 44,438573,5,3,RD,44,2,2,11,300,0,1,0,0,,1,7,1,0,0,0
1,6,6,1,7,60,FRANCE,PICARDIE,159,60159,COMPIEGNE,CARREFOUR DE LA CROIX-ROUGE,438582,5,4,VC,0,4,2,0,1,0,1,,,,1,,1,0,0,0
1,1,1,1,1,60,FRANCE,PICARDIE,060,60060,BELLE-EGLISE,RD 105,438608,0,3,RD,105,2,2,22,0,0,1,0,0,,1,7,1,0,0,0
1,1,1,1,1,60,FRANCE,PICARDIE,428,60428,MONT-SAINT-ADRIEN (LE),RD 1,438622,0,3,RD,1,2,2,5,930,0,1,4946200,200000,,1,7,1,0,0,0
1,1,2,2,3,61,FRANCE,BASSE-NORMANDIE,070,61070,CALIGNY,RD 806,438734,0,3,RD,806,2,2,4,814,0,1,4881590,-61382,,1,7,1,0,0,0
1,1,1,7,1,61,FRANCE,BASSE-NORMANDIE,078,61078,CERISY-BELLE-ETOILE,RD 265,438738,0,3,RD,265,2,2,1,0,0,1,0,0,,1,7,1,0,0,0
1,6,6,1,3,61,FRANCE,BASSE-NORMANDIE,001,61001,ALENCON,BOULEVARD DE LA REPUBLIQUE,438752,5,3,RD,438,2,2,1,403,2,1,4842320,8961,,1,15,1,0,0,0
3,7,2,1,6,62,FRANCE,NORD-PAS-DE-CALAIS,193,62193,CALAIS,VC 0,438771,4,4,VC,0,2,2,1,0,0,0,,,,1,19,1,0,0,0
4,1,9,1,1,62,FRANCE,NORD-PAS-DE-CALAIS,035,62035,ANNEZIN,ROUTE NATIONALE 43,438775,5,2,RN,0,2,3,3,0,0,1,,,,1,7,1,0,0,0
1,1,9,1,2,62,FRANCE,NORD-PAS-DE-CALAIS,589,62589,MONT-SAINT-ELOI,RD 341,438806,0,3,RD,341,2,2,9,200,0,1,5036300,267200,,1,7,1,0,0,0
1,1,1,1,2,62,FRANCE,NORD-PAS-DE-CALAIS,491,62491,LAVENTIE,RD 168,438808,0,3,RD,168,2,2,7,600,0,1,5061100,277600,,1,7,1,0,0,0
3,1,1,1,2,62,FRANCE,NORD-PAS-DE-CALAIS,652,62652,PERNES,RD 70,438810,0,3,RD,70,0,0,0,0,0,1,0,0,,1,7,1,0,0,0
3,1,1,1,2,62,FRANCE,NORD-PAS-DE-CALAIS,700,62700,REGNAUVILLE,RD 928,438845,0,3,RD,928,2,2,5,700,0,1,5032300,201700,,1,7,1,0,0,0
3,1,1,1,1,62,FRANCE,NORD-PAS-DE-CALAIS,353,62353,FREMICOURT,RD 930,438876,0,3,RD,930,2,2,14,100,0,1,0,0,,1,14,1,0,0,0
5,1,1,2,2,62,FRANCE,NORD-PAS-DE-CALAIS,706,62706,RICHEBOURG,RD 947,438883,0,3,RD,947,2,0,17,950,0,1,5059700,276200,,1,7,1,0,0,0
1,1,1,1,1,62,FRANCE,NORD-PAS-DE-CALAIS,485,62485,LAIRES,RD 95,438907,0,3,RD,95,2,2,0,0,0,1,5054700,225000,,1,7,1,0,0,0
3,1,1,2,5,62,FRANCE,NORD-PAS-DE-CALAIS,817,62817,TILLOY-LES-MOFFLAINES,RD 939,438915,0,3,RD,939,3,4,183,0,0,1,5027900,283500,,1,15,1,0,0,0
1,3,1,1,1,62,FRANCE,NORD-PAS-DE-CALAIS,811,62811,THEROUANNE,RD 341,438938,0,3,RD,341,2,2,54,100,0,1,5064700,225000,,1,14,1,0,0,0
5,4,1,1,6,62,FRANCE,NORD-PAS-DE-CALAIS,034,62034,ANNEQUIN,RUE LEON BLUM,438970,0,4,VC,0,2,2,,,0,4,,,,1,,1,0,0,0
1,1,2,1,5,62,FRANCE,NORD-PAS-DE-CALAIS,516,62516,LILLERS,CD 916,438971,0,3,RD,0,2,3,,,0,1,,,,1,7,1,0,0,0
1,4,1,2,7,62,FRANCE,NORD-PAS-DE-CALAIS,557,62557,MAROEUIL,RD 56,438981,0,3,RD,56,2,2,5,950,0,1,5032600,270100,,1,,1,0,0,0
1,1,1,1,7,62,FRANCE,NORD-PAS-DE-CALAIS,688,62688,RANG-DU-FLIERS,CHEMIN DE VERTON,438991,0,4,VC,0,4,1,,,0,1,,,,1,7,1,0,0,0
1,4,1,1,2,62,FRANCE,NORD-PAS-DE-CALAIS,080,62080,BAPAUME,RD 7,439015,0,3,RD,7,2,2,0,0,0,1,0,0,,1,7,1,0,0,0
1,2,1,2,2,62,FRANCE,NORD-PAS-DE-CALAIS,670,62670,PREURES,RD 343,439030,0,3,RD,343,0,2,45,0,0,1,0,0,,1,7,1,0,0,0
1,5,3,1,3,62,FRANCE,NORD-PAS-DE-CALAIS,083,62083,BARLIN,RUE DE COUPIGNY,439059,0,4,VC,0,2,2,,,0,1,,,,1,7,1,0,0,0
1,1,1,1,7,63,FRANCE,AUVERGNE,263,63263,ORCINES,RD 768,439069,0,3,RD,768,2,2,3,400,0,1,4577800,302700,,1,,1,0,0,0
1,1,1,1,2,63,FRANCE,AUVERGNE,054,63054,BROC (LE),RD 909,439128,0,3,RD,909,2,2,5,300,0,1,4549800,325400,,1,7,1,0,0,0
1,5,6,1,3,63,FRANCE,AUVERGNE,164,63164,GERZAT,CARREFOUR DES CHARMES,439177,5,3,RD,0,3,2,4,424,0,1,,,,1,17,1,0,0,0
1,2,1,1,1,63,FRANCE,AUVERGNE,202,63202,MADRIAT,RD 723,439179,0,3,RD,723,2,2,0,100,0,1,4543600,318800,,1,21,1,0,0,0
1,1,1,1,1,63,FRANCE,AUVERGNE,426,63426,TAUVES,RD 922,439183,5,3,RD,922,2,2,19,700,0,1,4559000,264800,,1,10,1,0,0,0
1,7,1,1,1,64,FRANCE,AQUITAINE,445,64445,PAU,GASTON LACOSTE,439220,0,4,VC,0,2,2,,,0,1,,,,1,10,1,0,0,0
1,5,1,1,3,64,FRANCE,AQUITAINE,483,64483,SAINT-JEAN-DE-LUZ,ROND-POINT DU MARECHAL DE LATTRE DE TASSIGNY,439281,5,4,VC,0,1,1,,,0,1,,,,1,7,1,0,0,0
1,7,2,1,3,64,FRANCE,AQUITAINE,445,64445,PAU,RECTEUR JEAN SARRAILH,439295,0,4,VC,0,2,2,,,0,1,,,,1,17,1,0,0,0
1,1,1,1,2,64,FRANCE,AQUITAINE,545,64545,URRUGNE,RD 810,439342,0,3,RD,810,2,2,33,467,0,1,4335900,-173110,,1,7,1,0,0,0
1,5,6,2,3,64,FRANCE,AQUITAINE,335,64335,LESCAR,EUROPE DE L',439349,0,4,VC,0,2,0,0,0,0,1,4332620,-44050,,1,15,1,0,0,0
1,1,1,1,2,64,FRANCE,AQUITAINE,279,64279,ITXASSOU,RD 932,439360,0,3,RD,932,2,0,18,650,0,3,0,0,,1,7,1,0,0,0
1,1,1,1,7,65,FRANCE,MIDI-PYRENEES,078,65078,BEAUDEAN,RD 29,439389,0,3,RD,29,2,2,1,700,0,1,4302200,15700,,1,,1,0,0,0
1,1,1,1,6,65,FRANCE,MIDI-PYRENEES,481,65481,BAREGES,RD 918,439392,0,3,RD,918,2,2,30,600,0,3,4290200,7200,,1,,1,0,0,0
1,4,1,3,6,65,FRANCE,MIDI-PYRENEES,025,65025,ARGELES-GAZOST,RD 918,439404,0,3,RD,918,2,0,0,0,0,4,4301200,-10100,,1,,1,0,0,0
1,1,1,1,1,65,FRANCE,MIDI-PYRENEES,257,65257,LANNE,RN 21,439420,0,2,RN,21,2,2,32,649,2,1,0,0,,1,7,1,0,0,0
1,6,1,1,6,65,FRANCE,MIDI-PYRENEES,440,65440,TARBES,RUE LARREY,439428,0,4,VC,0,1,1,,,0,1,,,,1,7,1,0,0,0
1,6,1,1,2,65,FRANCE,MIDI-PYRENEES,440,65440,TARBES,AVENUE DES VOSGES,439441,0,4,VC,0,2,2,,,0,1,,,,1,7,1,0,0,0
1,4,3,1,6,65,FRANCE,MIDI-PYRENEES,226,65226,IBOS,RUE CHARLES MANCIET,439444,0,4,VC,0,2,2,,,0,1,,,,1,17,1,0,0,0
1,1,1,1,3,66,FRANCE,LANGUEDOC-ROUSSILLON,037,66037,CANET-EN-ROUSSILLON,VC 1,439459,0,4,VC,1,0,0,0,0,0,1,0,0,,1,7,1,0,0,0
1,5,1,1,1,66,FRANCE,LANGUEDOC-ROUSSILLON,037,66037,CANET-EN-ROUSSILLON,VC 81,439460,0,4,VC,81,2,1,0,0,0,1,71300,5000,,1,7,1,0,0,0
3,1,1,1,2,66,FRANCE,LANGUEDOC-ROUSSILLON,173,66173,SAINT-FELIU-D'AMONT,RD 916,439464,0,3,RD,916,2,0,14,400,0,1,0,0,,1,7,1,0,0,0
3,1,1,1,6,66,FRANCE,LANGUEDOC-ROUSSILLON,136,66136,PERPIGNAN,DEpartementale  617,439493,0,3,RD,0,3,2,5,700,0,1,,,,1,7,1,0,0,0
1,1,1,1,7,66,FRANCE,LANGUEDOC-ROUSSILLON,171,66171,SAINT-CYPRIEN,RD 81,439498,0,3,RD,81,2,2,0,0,0,3,0,0,,1,,1,0,0,0
1,1,1,1,6,66,FRANCE,LANGUEDOC-ROUSSILLON,043,66043,CASTEIL,VC 0,439502,0,4,VC,0,2,2,0,0,0,1,0,0,,1,,1,0,0,0
1,1,1,6,1,66,FRANCE,LANGUEDOC-ROUSSILLON,008,66008,ARGELES-SUR-MER,RN 914,439506,3,2,RN,914,0,0,15,500,0,1,4298000,264800,,1,7,1,0,0,0
3,1,1,1,2,66,FRANCE,LANGUEDOC-ROUSSILLON,017,66017,BARCARES (LE),RD 83,439515,0,3,RD,83,3,0,5,450,0,1,0,0,,1,7,1,0,0,0
1,1,1,1,2,67,FRANCE,ALSACE,025,67025,BEINHEIM,RD 87,439567,0,3,RD,87,2,2,0,0,0,1,4885600,810300,,1,7,1,0,0,0
1,8,4,1,3,67,FRANCE,ALSACE,482,67482,STRASBOURG,RUE MELANIE,439580,5,4,VC,0,2,2,,,0,1,,,,1,20,1,0,0,0
5,6,1,1,6,67,FRANCE,ALSACE,447,67447,SCHILTIGHEIM,ROUTE DE HAUSBERGEN,439591,2,4,VC,0,2,2,,,0,1,,,,1,7,1,0,0,0
1,8,3,7,3,67,FRANCE,ALSACE,482,67482,STRASBOURG,RUE JEAN WENGER VALENTIN,439606,0,4,VC,0,2,2,,,0,1,,,,1,14,1,0,0,0
1,8,3,2,3,67,FRANCE,ALSACE,482,67482,STRASBOURG,RUE D OSTWALD,439625,5,4,VC,0,3,2,,,0,1,,,,1,15,1,0,0,0
1,3,1,1,1,67,FRANCE,ALSACE,276,67276,LUTZELHOUSE,RD 392,439630,0,3,RD,392,0,2,0,0,0,1,4852100,728500,,1,7,1,0,0,0
3,1,1,1,1,67,FRANCE,ALSACE,434,67434,SARRE-UNION,RD 61,439647,0,3,RD,61,2,0,18,500,0,1,0,0,,1,7,1,0,0,0
3,1,1,1,2,67,FRANCE,ALSACE,014,67014,AUENHEIM,RD 468,439650,0,3,RD,468,2,2,90,540,0,1,0,0,,1,7,1,0,0,0
1,3,1,1,1,67,FRANCE,ALSACE,511,67511,WALBOURG,RD 72,439683,0,3,RD,72,2,1,12,326,0,1,4888830,778095,,1,7,1,0,0,0
2,8,1,4,2,67,FRANCE,ALSACE,482,67482,STRASBOURG,RUE BOECKLIN,439690,0,4,VC,0,2,4,,,0,1,,,,1,7,1,0,0,0
1,3,1,1,1,67,FRANCE,ALSACE,299,67299,MOLLKIRCH,RD 704,439692,0,3,RD,704,2,2,3,840,0,1,4851500,738700,,1,10,1,0,0,0
1,4,1,1,1,67,FRANCE,ALSACE,001,67001,ACHENHEIM,VC 0,439697,0,4,VC,0,3,0,0,0,0,1,0,0,,1,15,1,0,0,0
1,5,2,1,3,68,FRANCE,ALSACE,166,68166,KINGERSHEIM,RD 430,439787,5,3,RD,0,3,6,53,600,0,1,,,,1,17,1,0,0,0
1,8,3,1,3,68,FRANCE,ALSACE,224,68224,MULHOUSE,RUE DU NORDFELD,439832,0,4,VC,0,2,2,0,0,0,1,,,,1,7,1,0,0,0
1,2,1,7,3,68,FRANCE,ALSACE,233,68233,NIEDERBRUCK,RD 466,439842,0,3,RD,466,2,2,17,150,0,1,4778900,696800,,1,7,1,0,0,0
1,7,3,1,3,68,FRANCE,ALSACE,066,68066,COLMAR,ROUTE DE NEUF BRISACH,439861,0,3,RD,418,2,2,31,1790,1,1,4807966,737356,,1,14,1,0,0,0
1,1,1,1,2,68,FRANCE,ALSACE,352,68352,VOLGELSHEIM,RD 468,439873,0,3,RD,468,2,2,44,70,0,1,4801125,753417,,1,7,1,0,0,0
3,1,1,1,2,68,FRANCE,ALSACE,134,68134,HERRLISHEIM-PRES-COLMAR,RD 1,439878,3,3,RD,1,2,2,26,232,0,1,4802671,731775,,1,7,1,0,0,0
1,7,2,1,3,68,FRANCE,ALSACE,066,68066,COLMAR,RUE D'ALSACE,439885,0,3,RD,418,2,4,31,1054,1,1,4808094,736431,,1,15,1,0,0,0
2,5,6,8,1,68,FRANCE,ALSACE,271,68271,RIEDISHEIM,RUE DE BALE,439887,5,3,RD,66,1,2,46,5179,0,1,4775650,737883,,1,14,1,0,0,0
1,8,1,8,6,69,FRANCE,RHONE-ALPES,266,69266,VILLEURBANNE,AVENUE A DUTRIEVOZ,439897,0,9,Autre,0,2,0,,,1,5,,,,1,,1,0,0,0
1,5,1,1,1,69,FRANCE,RHONE-ALPES,204,69204,SAINT-GENIS-LAVAL,RD 486,439919,5,3,RD,486,2,2,0,0,0,1,4569300,478900,,1,14,1,0,0,0
1,1,1,1,7,69,FRANCE,RHONE-ALPES,184,69184,SAINTE-CATHERINE,RD 113,439920,0,3,RD,113,2,2,0,0,0,1,0,0,,1,,1,0,0,0
5,5,2,1,6,69,FRANCE,RHONE-ALPES,100,69100,IRIGNY,RD 315,439939,0,3,RD,315,2,2,0,0,0,1,0,0,,1,7,1,0,0,0
1,6,8,1,6,69,FRANCE,RHONE-ALPES,275,69275,DECINES-CHARPIEU,AVENUE FRANKLIN ROOSEVELT,439946,4,5,Hors_reseau,0,0,0,,,0,0,,,,1,40,1,0,0,0
1,1,1,1,7,69,FRANCE,RHONE-ALPES,249,69249,THURINS,RD 75,439958,0,3,RD,75,2,0,0,0,0,1,0,0,,1,,1,0,0,0
1,8,2,1,3,69,FRANCE,RHONE-ALPES,266,69266,VILLEURBANNE,RUE ANATOLE FRANCE,439978,0,4,VC,0,1,2,,,0,1,,,,1,14,1,0,0,0
1,8,3,1,6,69,FRANCE,RHONE-ALPES,266,69266,VILLEURBANNE,RUE EMILE DECORPS,440034,0,4,VC,0,2,2,,,0,1,,,,1,7,1,0,0,0
1,1,1,1,7,69,FRANCE,RHONE-ALPES,180,69180,SAINT-ANDRE-LA-COTE,RD 113,440091,0,3,RD,113,2,2,16,800,0,1,0,0,,1,,1,0,0,0
5,9,1,1,7,69,FRANCE,RHONE-ALPES,385,69385,LYON,MONTEE SAINT BARTHELEMY,440134,0,4,VC,0,1,1,,,0,1,0,0,,1,,1,0,0,0
5,9,2,1,3,69,FRANCE,RHONE-ALPES,387,69387,LYON,AVENUE JEAN JAURES,440137,0,4,VC,0,2,2,,,0,1,,,,1,7,1,0,0,1
1,3,1,4,1,70,FRANCE,FRANCHE-COMTE,093,70093,BREUCHES,VC 0,440145,0,4,VC,0,2,1,0,0,0,1,0,0,,1,7,1,0,0,0
1,5,6,1,6,70,FRANCE,FRANCHE-COMTE,550,70550,VESOUL,ROCADE OUEST RD 457,440148,5,3,RD,0,2,1,3,779,0,1,,,,1,15,1,0,0,0
1,1,1,1,3,70,FRANCE,FRANCHE-COMTE,516,70516,VALLEROIS-LE-BOIS,RD 9,440169,0,3,RD,9,2,2,12,610,0,1,0,0,,1,17,1,0,0,0
1,1,6,1,6,70,FRANCE,FRANCHE-COMTE,550,70550,VESOUL,ROCADE OUEST RD 457,440178,0,3,RD,0,1,2,0,2,0,1,,,,1,15,1,0,0,0
2,1,1,1,2,71,FRANCE,BOURGOGNE,494,71494,SALLE (LA),RN 6,440240,0,2,RN,6,2,3,62,700,0,1,4641900,487800,,1,7,1,0,0,0
1,1,1,1,6,71,FRANCE,BOURGOGNE,056,71056,BRANGES,RD 978,440249,0,3,RD,978,2,0,105,129,0,1,0,0,,1,7,1,0,0,0
1,1,1,1,3,71,FRANCE,BOURGOGNE,215,71215,GERGY,VC 7,440281,0,4,VC,7,2,0,0,0,0,1,4686800,491600,,1,20,1,0,0,0
1,1,2,1,3,71,FRANCE,BOURGOGNE,581,71581,VINDECY,VC 0,440293,0,4,VC,0,2,0,0,0,0,1,0,0,,1,7,1,0,0,0
1,6,1,1,2,71,FRANCE,BOURGOGNE,306,71306,MONTCEAU-LES-MINES,RUE DE LA LOGE,440324,0,4,VC,0,2,2,,,0,1,,,,1,7,1,0,0,0
1,5,1,1,6,71,FRANCE,BOURGOGNE,014,71014,AUTUN,VC 0,440331,0,4,VC,0,2,2,0,0,0,1,0,0,,1,,0,0,0,1
1,4,1,1,1,71,FRANCE,BOURGOGNE,555,71555,VARENNES-LE-GRAND,VC 0,440357,0,4,VC,0,2,0,0,0,0,1,0,0,,1,7,1,0,0,0
1,2,1,1,1,71,FRANCE,BOURGOGNE,134,71134,CLERMAIN,VC 4,440374,0,4,VC,4,2,1,0,0,0,1,0,0,,1,10,1,0,0,0
1,1,1,1,3,72,FRANCE,PAYS DE LA LOIRE,181,72181,MANS (LE),ROUTE TOURS  LIGNE DROITE DES HUNAUDIERES,440440,0,9,Autre,0,2,2,2,0,0,1,,,,1,7,1,0,0,0
1,8,3,1,3,72,FRANCE,PAYS DE LA LOIRE,181,72181,MANS (LE),RUE DE MONTHEARD,440446,5,9,Autre,0,2,2,1,0,2,5,,,,1,7,1,0,0,0
1,1,1,1,3,72,FRANCE,PAYS DE LA LOIRE,011,72011,ASSE-LE-BOISNE,RD 15,440488,0,3,RD,15,2,1,1,500,0,1,4830000,1600,,1,7,1,0,0,0
1,1,1,1,2,73,FRANCE,RHONE-ALPES,241,73241,SAINTE-HELENE-SUR-ISERE,RD 925,440539,0,3,RD,925,2,0,27,450,0,1,4560300,629600,,1,15,1,0,0,0
1,1,1,1,6,73,FRANCE,RHONE-ALPES,034,73034,BEAUFORT,RD 217,440557,0,3,RD,217,2,2,2,200,0,1,4570400,665300,,1,,1,0,0,0
1,1,1,7,1,73,FRANCE,RHONE-ALPES,034,73034,BEAUFORT,RD 218,440566,0,3,RD,218,2,2,3,0,0,1,4573700,654900,,1,7,1,0,0,0
1,1,2,1,2,73,FRANCE,RHONE-ALPES,084,73084,CHIGNIN,RD 1006,440585,0,3,RD,1006,2,3,46,990,0,1,4552500,599600,,1,7,1,0,0,0
1,1,1,1,7,73,FRANCE,RHONE-ALPES,262,73262,SAINT-NICOLAS-LA-CHAPELLE,RD 1212,440599,0,3,RD,1212,2,2,6,870,0,3,0,0,,1,,1,0,0,0
1,6,6,1,3,73,FRANCE,RHONE-ALPES,008,73008,AIX-LES-BAINS,CARREFOUR DU LAC,440601,5,3,RD,1201,4,2,17,115,0,1,,,,1,14,1,0,0,0
1,1,1,1,2,73,FRANCE,RHONE-ALPES,330,73330,YENNE,RD 921,440603,0,3,RD,921,2,2,16,450,0,1,4572300,577700,,1,10,1,0,0,0
1,1,1,1,6,74,FRANCE,RHONE-ALPES,105,74105,DOUVAINE,VC 0,440647,0,4,VC,0,2,2,0,0,0,1,4629900,631100,,1,,1,0,0,0
1,4,8,1,3,74,FRANCE,RHONE-ALPES,218,74218,PUBLIER,RUE DES VIGNES ROUGES,440668,4,4,VC,0,2,2,206,150,0,0,,,,1,39,1,0,0,0
3,1,9,5,2,74,FRANCE,RHONE-ALPES,262,74262,SCIENTRIER,RD 903,440690,0,3,RD,903,0,2,0,0,0,1,0,0,,1,7,1,0,0,0
1,3,3,1,6,74,FRANCE,RHONE-ALPES,118,74118,ETREMBIERES,RUE JULES FERRY,440696,0,4,VC,0,2,0,0,1,0,1,,,,1,7,1,0,0,0
1,1,1,1,6,74,FRANCE,RHONE-ALPES,160,74160,MANIGOD,RD 16,440702,0,3,RD,16,2,2,33,360,0,3,0,0,,1,,1,0,0,0
1,1,1,1,7,74,FRANCE,RHONE-ALPES,234,74234,SAINT-FERREOL,RD 12,440727,0,3,RD,12,2,2,13,50,0,1,0,0,,1,,1,0,0,0
1,3,1,1,6,74,FRANCE,RHONE-ALPES,176,74176,MENTHON-SAINT-BERNARD,RD 909,440741,0,3,RD,909,2,2,9,700,0,1,0,0,,1,,0,0,0,1
1,1,1,1,1,74,FRANCE,RHONE-ALPES,070,74070,CHENS-SUR-LEMAN,RD 1005,440767,0,3,RD,1005,2,2,2,900,0,1,4629200,626900,,1,7,1,0,0,0
1,1,1,1,7,74,FRANCE,RHONE-ALPES,258,74258,SAMOENS,RD 354,440768,0,3,RD,354,2,0,8,900,0,1,4611200,669800,,1,,1,0,0,0
3,1,1,1,1,74,FRANCE,RHONE-ALPES,197,74197,NANGY,RD 903,440792,2,3,RD,903,2,3,45,330,3,1,0,0,,1,7,1,0,0,0
3,1,1,1,1,74,FRANCE,RHONE-ALPES,063,74063,CHATEL,RD 22,440798,0,3,RD,22,2,0,52,330,0,1,4624500,685200,,1,7,1,0,0,0
2,9,1,1,3,75,FRANCE,ILE-DE-FRANCE,003,75003,PARIS,BOULEVARD BEAUMARCHAIS,440838,0,4,VC,,2,4,2009,93,0,1,,,,1,7,1,0,0,0
1,9,3,1,3,75,FRANCE,ILE-DE-FRANCE,015,75015,PARIS,PONT GRENELLE,440840,0,4,VC,,2,4,1009,0,0,1,,,,1,17,1,0,0,0
2,9,1,1,3,75,FRANCE,ILE-DE-FRANCE,013,75013,PARIS,IVRY QUAI,440860,0,4,VC,,2,4,2009,25,0,1,,,,1,17,1,0,0,0
1,9,2,1,3,75,FRANCE,ILE-DE-FRANCE,110,75110,PARIS,QUAI DE VALMY,440867,0,4,VC,0,3,2,,,1,1,,,,1,14,1,0,0,0
1,9,1,1,6,75,FRANCE,ILE-DE-FRANCE,112,75112,PARIS,ROUTE DAUPHINE,440868,0,4,VC,0,1,2,1,0,3,1,,,,1,,1,0,0,0
1,9,4,1,3,75,FRANCE,ILE-DE-FRANCE,112,75112,PARIS,QUAI DE LA RAPEE,440873,5,4,VC,0,3,3,,,2,1,,,,1,14,1,0,0,0
5,9,2,1,6,75,FRANCE,ILE-DE-FRANCE,117,75117,PARIS,RUE DES ACACIAS,440877,0,4,VC,0,1,1,,,0,1,,,,1,7,1,0,0,0
1,9,5,1,3,75,FRANCE,ILE-DE-FRANCE,110,75110,PARIS,RUE D'ABBEVILLE,440895,5,4,VC,0,1,1,,,0,0,,,,1,37,1,0,0,0
1,9,5,1,3,75,FRANCE,ILE-DE-FRANCE,108,75108,PARIS,RUE DE SAINT PETERSBOURG,440896,0,4,VC,0,2,3,,,0,1,,,,1,14,1,0,0,0
1,9,2,7,3,75,FRANCE,ILE-DE-FRANCE,105,75105,PARIS,PLACE DU PETIT PONT,440898,0,4,VC,0,1,3,,,1,1,,,,1,14,1,0,0,0
4,9,2,1,3,75,FRANCE,ILE-DE-FRANCE,114,75114,PARIS,RUE DU COMMANDANT MOUCHOTTE,440915,0,4,VC,0,2,1,,,0,1,,,,1,38,1,0,0,0
1,9,3,1,3,75,FRANCE,ILE-DE-FRANCE,113,75113,PARIS,RUE BRUNESEAU,440918,0,4,VC,0,1,2,,,0,1,,,,1,14,1,0,0,0
1,9,2,1,3,75,FRANCE,ILE-DE-FRANCE,108,75108,PARIS,AVENUE DE FRIEDLAND,440931,0,4,VC,0,1,2,,,3,1,,,,1,14,1,0,0,0
1,9,1,1,5,75,FRANCE,ILE-DE-FRANCE,103,75103,PARIS,RUE DE TURENNE,440936,0,4,VC,0,2,2,,,0,1,,,,1,10,1,0,0,0
1,9,5,1,3,75,FRANCE,ILE-DE-FRANCE,102,75102,PARIS,RUE DES CAPUCINES,440944,0,4,VC,0,1,1,,,0,1,,,,1,38,1,0,0,0
1,9,2,1,3,75,FRANCE,ILE-DE-FRANCE,112,75112,PARIS,QUAI DE BERCY,440949,0,4,VC,0,2,4,,,0,1,,,,1,13,1,0,0,0
1,9,1,1,7,75,FRANCE,ILE-DE-FRANCE,112,75112,PARIS,ROUTE ROYALE DE BEAUTE,440952,0,4,VC,0,1,2,,,1,1,,,,1,,1,0,0,0
1,9,1,7,3,75,FRANCE,ILE-DE-FRANCE,108,75108,PARIS,AVENUE DES CHAMPS ELYSEES,440978,0,4,VC,0,2,8,,,0,1,,,,1,38,1,0,0,0
2,9,5,2,3,75,FRANCE,ILE-DE-FRANCE,116,75116,PARIS,PLACE DU MARECHAL DE LATTRE DE TASSIGNY,440983,0,4,VC,0,1,3,,,1,1,,,,1,7,1,0,0,0
1,1,1,1,2,76,FRANCE,HAUTE-NORMANDIE,215,76215,DERCHIGNY,RD 925,441023,0,3,RD,925,2,0,107,900,0,1,4994400,118500,,1,7,1,0,0,0
5,5,1,1,2,76,FRANCE,HAUTE-NORMANDIE,231,76231,ELBEUF,PONT GUYNEMER,441052,2,3,RD,0,2,2,,,0,1,,,,1,7,1,0,0,0