lum,agg,int,atm,col,dep_bis,pays,region,com_bis,com_codeINSEE,communes,N_voie,numac,infra,catr,type_route,voie,circ,nbv,pr,pr1,vosp,situ,lat,long,adr,accident_velo,vehicule_imp,cycl_mort,cycl_bgv,cycl_blg,cycl_indm
1,5,1,1,2,76,FRANCE,HAUTE-NORMANDIE,561,76561,SAINT-AUBIN-LES-ELBEUF,RUE WINSTON CHURCHILL,441054,2,3,RD,0,2,4,,,0,1,,,,1,7,1,0,0,0
1,8,1,1,1,76,FRANCE,HAUTE-NORMANDIE,351,76351,HAVRE (LE),PLACE MAURICE BLARD,441062,0,4,VC,0,2,4,,,0,1,,,,1,7,1,0,0,0
1,1,1,1,2,76,FRANCE,HAUTE-NORMANDIE,157,76157,CANTELEU,RUE DE DUCLAIR CD 982,441074,0,3,RD,982,2,3,1,100,0,3,,,,1,16,1,0,0,0
1,4,2,1,3,76,FRANCE,HAUTE-NORMANDIE,329,76329,GRUCHET-LE-VALASSE,RUE DE L'ABBAYE,441113,0,3,RD,0,4,5,,,0,1,,,,1,7,1,0,0,0
2,2,1,1,3,76,FRANCE,HAUTE-NORMANDIE,625,76625,SAINT-NICOLAS-DE-BLIQUETUIT,Autre 0,441136,0,9,Autre,0,2,2,0,0,0,1,4951900,72600,,1,14,1,0,0,0
5,5,1,1,7,76,FRANCE,HAUTE-NORMANDIE,341,76341,HARFLEUR,REPUBLIQUE,441147,0,4,VC,0,2,2,,,0,1,,,,1,,1,0,0,0
1,4,1,1,2,76,FRANCE,HAUTE-NORMANDIE,035,76035,AUMALE,RD 316,441163,5,3,RD,316,2,0,0,0,0,1,4977100,175500,,1,17,1,0,0,0
1,8,1,9,6,76,FRANCE,HAUTE-NORMANDIE,540,76540,ROUEN,RUE DU MAIL/RUE DE BAMMEVILLE,441167,5,4,VC,0,1,1,,,0,1,,,,1,14,1,0,0,0
1,1,1,1,5,76,FRANCE,HAUTE-NORMANDIE,547,76547,RUE-SAINT-PIERRE (LA),RD 6,441172,0,3,RD,6,2,2,25,350,0,1,0,0,,1,7,0,0,0,1
1,1,1,1,2,76,FRANCE,HAUTE-NORMANDIE,067,76067,BEAUVOIR-EN-LYONS,RD 1,441227,0,3,RD,1,2,2,66,350,0,1,4949100,161300,,1,7,1,0,0,0
1,1,1,1,7,76,FRANCE,HAUTE-NORMANDIE,391,76391,LONDE (LA),ROUTE FOREST DE LA LOUVETERIE,441238,5,9,Autre,0,2,1,0,0,0,1,4933970,93988,,1,,1,0,0,0
1,1,9,8,7,77,FRANCE,ILE-DE-FRANCE,458,77458,SOUPPES-SUR-LOING,RD 0,441253,0,3,RD,0,2,2,7,0,0,1,,,,1,,1,0,0,0
1,1,1,1,1,77,FRANCE,ILE-DE-FRANCE,470,77470,TOURNAN-EN-BRIE,RD 21,441262,0,3,RD,21,2,2,29,500,0,1,4880500,273400,,1,7,1,0,0,0
1,6,1,2,3,77,FRANCE,ILE-DE-FRANCE,373,77373,PONTAULT-COMBAULT,RUE DES PRES ST MARTIN,441279,0,3,RD,0,2,2,,,2,1,,,,1,7,1,0,0,0
1,4,1,9,1,77,FRANCE,ILE-DE-FRANCE,491,77491,VENEUX-LES-SABLONS,RUE DU VIADUC,441308,0,4,VC,0,2,2,,,0,1,,,,1,7,1,0,0,0
1,5,1,1,3,77,FRANCE,ILE-DE-FRANCE,305,77305,MONTEREAU-FAULT-YONNE,RUE DES CHESNOIS,441327,0,9,Autre,0,1,1,,,0,1,,,,1,7,1,0,0,0
1,4,1,2,6,77,FRANCE,ILE-DE-FRANCE,482,77482,VARENNES-SUR-SEINE,AVENUE ALBERT GRAVE,441361,0,4,VC,0,2,2,,,0,1,,,,1,,1,0,0,0
1,5,1,1,2,77,FRANCE,ILE-DE-FRANCE,464,77464,THORIGNY-SUR-MARNE,RUE DE  CLAYE,441474,0,3,RD,0,2,0,,,0,1,,,,1,7,1,0,0,0
2,1,1,1,2,77,FRANCE,ILE-DE-FRANCE,186,77186,FONTAINEBLEAU,D606 de l'oBElisque limite MORET,441486,0,3,RD,0,3,1,36,700,0,1,,,,1,7,1,0,0,0
3,1,1,1,2,77,FRANCE,ILE-DE-FRANCE,182,77182,FERTE-GAUCHER (LA),RD 934,441488,0,3,RD,934,2,2,0,0,0,1,4828700,300000,,1,7,1,0,0,0
1,5,1,3,7,77,FRANCE,ILE-DE-FRANCE,407,77407,SAINT-FARGEAU-PONTHIERRY,RUE DE LA LIBERATION,441492,1,4,VC,0,0,1,,,0,1,,,,1,99,1,0,0,0
3,1,4,1,3,77,FRANCE,ILE-DE-FRANCE,107,77107,CHAUMES-EN-BRIE,RD 402,441501,0,3,RD,402,2,2,24,108,0,1,0,0,,1,7,1,0,0,0
3,1,1,1,2,77,FRANCE,ILE-DE-FRANCE,230,77230,ICHY,RD 7,441505,0,3,RD,7,2,2,17,95,0,1,0,0,,1,7,1,0,0,0
1,1,2,1,3,77,FRANCE,ILE-DE-FRANCE,297,77297,MONDREVILLE,RD 43,441506,0,3,RD,43,2,2,10,500,0,1,0,0,,1,7,1,0,0,0
3,1,1,1,1,77,FRANCE,ILE-DE-FRANCE,383,77383,RAMPILLON,RD 619,441515,0,3,RD,619,2,2,42,0,0,0,0,0,,1,7,1,0,0,0
1,5,1,1,1,77,FRANCE,ILE-DE-FRANCE,139,77139,COURTRY,AVENUE DU GENERAL DE GAULLE,441520,0,3,RD,86,2,2,9,0,0,1,,,,1,10,1,0,0,0
2,5,1,1,1,78,FRANCE,ILE-DE-FRANCE,092,78092,BOUGIVAL,QUAI RENNEQUIN SUALEM,441547,0,2,RN,0,3,4,26,140,0,1,,,,1,16,1,0,0,0
1,6,1,1,6,78,FRANCE,ILE-DE-FRANCE,297,78297,GUYANCOURT,RUE JEAN MONNET,441583,0,4,VC,0,2,0,,,0,1,,,,1,7,1,0,0,0
1,3,1,1,1,78,FRANCE,ILE-DE-FRANCE,143,78143,CHATEAUFORT,RD 938,441592,0,3,RD,938,2,2,10,20,0,1,0,0,,1,37,1,0,0,0
1,6,6,1,3,78,FRANCE,ILE-DE-FRANCE,297,78297,GUYANCOURT,AVENUE DE L'EUROPE,441605,0,4,VC,0,3,4,,,3,1,,,,1,38,1,0,0,0
1,1,1,1,6,78,FRANCE,ILE-DE-FRANCE,276,78276,GOMMECOURT,RD 220,441627,0,3,RD,220,0,0,0,0,0,1,0,0,,1,7,1,0,0,0
2,5,3,1,3,78,FRANCE,ILE-DE-FRANCE,624,78624,TRIEL-SUR-SEINE,AVENUE DE LA FORET,441653,0,4,VC,0,2,2,0,0,0,1,4898150,201806,,1,7,1,0,0,0
1,4,1,1,3,78,FRANCE,ILE-DE-FRANCE,118,78118,BUCHELAY,CHEMIN DES MEUNIERS,441667,0,4,VC,0,2,2,0,0,0,1,4898700,168198,,1,7,1,0,0,0
1,5,2,1,3,78,FRANCE,ILE-DE-FRANCE,688,78688,VOISINS-LE-BRETONNEUX,CD 36,441681,0,3,RD,36,3,2,17,430,0,1,4876240,204427,,1,17,1,0,0,0
1,1,1,1,6,78,FRANCE,ILE-DE-FRANCE,015,78015,ANDRESY,RD 55,441690,0,3,RD,55,2,2,6,800,0,1,4899190,206001,,1,,1,0,0,0
1,3,1,1,3,78,FRANCE,ILE-DE-FRANCE,057,78057,BENNECOURT,RD 201,441701,0,3,RD,201,2,2,0,0,0,1,4904100,157300,,1,10,1,0,0,0
1,1,4,1,3,78,FRANCE,ILE-DE-FRANCE,172,78172,CONFLANS-SAINTE-HONORINE,RN 184,441702,3,2,RN,184,1,1,,,0,1,,,,1,15,1,0,0,0
1,1,1,1,3,79,FRANCE,POITOU-CHARENTES,003,79003,AIFFRES,RD 740,441740,0,3,RD,740,2,0,5,500,0,1,4628600,-40600,,1,17,1,0,0,0
1,1,3,1,3,79,FRANCE,POITOU-CHARENTES,084,79084,CHENAY,RD 950,441749,0,3,RD,950,2,2,4,825,0,1,0,0,,1,7,1,0,0,0
1,1,1,1,1,79,FRANCE,POITOU-CHARENTES,243,79243,SAINT-COUTANT,VC 4,441773,0,4,VC,4,1,1,0,0,0,1,0,0,,1,7,1,0,0,0
1,1,1,1,1,79,FRANCE,POITOU-CHARENTES,310,79310,SECONDIGNE-SUR-BELLE,RD 103,441778,0,3,RD,103,2,2,29,400,0,1,4616200,-30500,,1,7,1,0,0,0
3,1,1,1,2,79,FRANCE,POITOU-CHARENTES,191,79191,NIORT,BOULEVARD PIERRE MENDES FRANCE,441783,0,3,RD,0,2,3,53,700,0,1,,,,1,7,1,0,0,0
1,1,2,1,3,79,FRANCE,POITOU-CHARENTES,127,79127,FOYE-MONJAULT (LA),RD 117,441822,5,3,RD,117,2,1,4,700,0,1,0,0,,1,7,1,0,0,0
1,1,1,1,2,79,FRANCE,POITOU-CHARENTES,319,79319,SOUVIGNE,RD 5,441854,0,3,RD,5,2,2,15,900,0,1,0,0,,1,7,1,0,0,0
1,5,1,1,3,79,FRANCE,POITOU-CHARENTES,202,79202,PARTHENAY,RD 949,441862,5,3,RD,949,0,2,1,915,0,1,0,0,,1,7,1,0,0,0
1,3,1,7,1,80,FRANCE,PICARDIE,826,80826,WOIGNARUE,VC 0,441869,0,4,VC,0,2,0,0,0,0,1,0,0,,1,7,1,0,0,0
1,1,1,1,3,80,FRANCE,PICARDIE,024,80024,ARGOEUVES,RN 1,441897,5,2,RN,1,2,2,0,0,0,1,4994600,223100,,1,7,1,0,0,0
1,3,1,7,3,80,FRANCE,PICARDIE,199,80199,CLERY-SUR-SOMME,RD 938,441903,0,3,RD,938,0,2,4,0,0,1,0,0,,1,7,1,0,0,0
1,8,1,1,3,80,FRANCE,PICARDIE,021,80021,AMIENS,RUE DU MARECHAL DE LATTRE DE TASSIGNY,441951,0,4,VC,0,2,5,,,0,1,,,,1,7,1,0,0,0
3,1,1,1,1,80,FRANCE,PICARDIE,688,80688,RUE,RD 940,441971,0,3,RD,940,3,4,43,0,0,1,0,0,,1,7,1,0,0,0
1,1,1,1,2,80,FRANCE,PICARDIE,130,80130,BOVELLES,RD 211,441976,0,3,RD,211,2,2,10,763,0,1,0,0,,1,7,1,0,0,0
1,1,1,1,4,80,FRANCE,PICARDIE,293,80293,ETELFAY,RD 135,442000,0,3,RD,135,2,2,1,500,0,1,0,0,,1,7,1,0,0,0
1,5,1,1,6,81,FRANCE,MIDI-PYRENEES,021,81021,AUSSILLON,VAL D'AUSSILLON,442053,0,4,VC,0,2,1,,,0,1,,,,1,7,1,0,0,0
1,4,1,1,1,81,FRANCE,MIDI-PYRENEES,124,81124,LACAUNE,RD 607,442069,0,3,RD,607,2,2,26,630,0,1,4371600,270500,,1,7,1,0,0,0
1,3,1,1,3,81,FRANCE,MIDI-PYRENEES,097,81097,FREJAIROLLES,RD 81,442108,0,3,RD,81,2,2,8,250,0,1,4388700,222600,,1,7,1,0,0,0
1,6,1,1,7,81,FRANCE,MIDI-PYRENEES,065,81065,CASTRES,ROUTE DE TOULOUSE,442115,0,2,RN,0,2,3,36,600,0,5,,,,1,15,1,0,0,0
1,1,3,1,3,81,FRANCE,MIDI-PYRENEES,066,81066,CAUCALIERES,RN 112,442137,5,2,RN,112,2,0,30,700,0,1,4352100,230900,,1,14,1,0,0,0
1,1,3,1,2,81,FRANCE,MIDI-PYRENEES,105,81105,GRAULHET,LEZIGNAC,442167,0,3,RD,10,0,2,27,176,0,1,4376620,197209,,1,7,1,0,0,0
1,5,3,7,1,81,FRANCE,MIDI-PYRENEES,105,81105,GRAULHET,RD 43,442176,0,3,RD,43,0,0,22,786,0,0,4376000,196834,,1,7,1,0,0,0
1,1,1,1,1,81,FRANCE,MIDI-PYRENEES,217,81217,PUYCELCI,VC 0,442179,0,4,VC,0,2,0,0,0,0,1,4399130,171448,,1,7,1,0,0,0
1,5,1,7,2,81,FRANCE,MIDI-PYRENEES,060,81060,CARMAUX,AVENUE DE NECKARSULM,442189,0,4,VC,0,2,2,1,0,2,5,4405560,215136,,1,7,1,0,0,0
5,1,1,1,3,82,FRANCE,MIDI-PYRENEES,121,82121,MONTAUBAN,AVENUE D'ARDUS,442203,0,3,RD,0,2,2,,,0,1,,,,1,7,1,0,0,0
5,7,1,1,6,82,FRANCE,MIDI-PYRENEES,121,82121,MONTAUBAN,RUE DE LA MANDOUNE,442240,0,4,VC,0,2,2,,,0,1,,,,1,,0,0,0,1
1,3,3,1,3,82,FRANCE,MIDI-PYRENEES,150,82150,REYNIES,RD 21,442245,0,3,RD,21,2,2,12,500,0,1,0,0,,1,7,1,0,0,0
1,7,6,1,6,82,FRANCE,MIDI-PYRENEES,121,82121,MONTAUBAN,avenue fernand BELONDRADE,442246,0,4,VC,0,2,2,,,0,0,,,,1,14,1,0,0,0
1,5,1,1,1,82,FRANCE,MIDI-PYRENEES,112,82112,MOISSAC,RD 927,442273,5,3,RD,927,2,2,0,0,2,1,0,0,,1,15,1,0,0,0
1,1,1,1,2,82,FRANCE,MIDI-PYRENEES,186,82186,VALENCE,RD 11,442286,0,3,RD,11,2,2,0,0,0,1,4410300,89800,,1,7,1,0,0,0
1,5,4,1,3,83,FRANCE,PROVENCE-ALPES-COTE-D'AZUR,009,83009,BANDOL,RUE DE PROVENCE,442306,0,4,VC,0,1,1,,,0,1,,,,1,7,1,0,0,0
3,1,1,1,2,83,FRANCE,PROVENCE-ALPES-COTE-D'AZUR,072,83072,LORGUES,RD 10,442309,0,3,RD,10,2,2,10,0,0,1,0,0,,1,7,1,0,0,0
1,1,1,1,3,83,FRANCE,PROVENCE-ALPES-COTE-D'AZUR,127,83127,SIGNES,RD 2,442325,0,3,RD,2,2,1,8,0,0,1,0,0,,1,7,1,0,0,0
1,5,3,1,3,83,FRANCE,PROVENCE-ALPES-COTE-D'AZUR,130,83130,SOLLIES-PONT,RN 97,442356,5,2,RN,97,2,2,14,200,0,1,0,0,,1,2,1,0,0,0
1,5,1,1,3,83,FRANCE,PROVENCE-ALPES-COTE-D'AZUR,034,83034,CARQUEIRANNE,AVENUE VALERANE,442357,0,3,RD,0,2,2,,,0,1,,,,1,7,1,0,0,0
3,1,1,1,6,83,FRANCE,PROVENCE-ALPES-COTE-D'AZUR,007,83007,AUPS,RD 9,442362,0,3,RD,9,2,0,1,506,0,1,0,0,,1,7,1,0,0,0
1,1,1,1,1,83,FRANCE,PROVENCE-ALPES-COTE-D'AZUR,107,83107,ROQUEBRUNE-SUR-ARGENS,RD 2,442363,0,3,RD,2,0,0,0,0,1,5,4345100,662700,,1,10,1,0,0,0
1,1,3,1,3,83,FRANCE,PROVENCE-ALPES-COTE-D'AZUR,138,83138,TOURRETTES,RD 562,442378,0,3,RD,562,2,2,69,20,0,1,0,0,,1,7,1,0,0,0
1,1,1,1,2,83,FRANCE,PROVENCE-ALPES-COTE-D'AZUR,094,83094,PLAN-DE-LA-TOUR,RD 44,442384,0,3,RD,44,0,0,0,0,0,1,0,0,,1,14,1,0,0,0
1,1,1,1,3,83,FRANCE,PROVENCE-ALPES-COTE-D'AZUR,141,83141,TRANS-EN-PROVENCE,ROUTE DES ARCS,442431,0,3,RD,0,2,2,1,0,0,1,,,,1,37,1,0,0,0
1,1,6,7,3,83,FRANCE,PROVENCE-ALPES-COTE-D'AZUR,107,83107,ROQUEBRUNE-SUR-ARGENS,RD 7,442467,0,3,RD,7,4,2,86,400,0,1,0,0,,1,7,1,0,0,0
1,1,1,2,7,83,FRANCE,PROVENCE-ALPES-COTE-D'AZUR,141,83141,TRANS-EN-PROVENCE,CHEMIN DU PUITS NEUF,442468,0,9,Autre,0,0,1,,,0,1,,,,1,,1,0,0,0
1,8,9,1,6,83,FRANCE,PROVENCE-ALPES-COTE-D'AZUR,137,83137,TOULON,BOULEVARD COMMANDANT NICOLAS,442490,0,4,VC,0,1,2,,,0,1,,,,1,14,1,0,0,0
1,1,1,1,5,83,FRANCE,PROVENCE-ALPES-COTE-D'AZUR,068,83068,GRIMAUD,RD 14,442504,5,3,RD,14,4,3,45,0,3,1,4344000,690000,,1,7,1,0,0,0
5,8,1,6,6,83,FRANCE,PROVENCE-ALPES-COTE-D'AZUR,137,83137,TOULON,AVENUE DE LA REPUBLIQUE,442508,0,4,VC,0,2,4,,,0,4,,,,1,,1,0,0,0
1,1,1,1,7,83,FRANCE,PROVENCE-ALPES-COTE-D'AZUR,097,83097,POURRIERES,RD 23,442540,0,3,RD,23,2,2,18,0,0,1,0,0,,1,,1,0,0,0
1,1,1,1,1,83,FRANCE,PROVENCE-ALPES-COTE-D'AZUR,071,83071,LONDE-LES-MAURES (LA),RD 559,442554,0,3,RD,559,3,0,0,0,0,1,0,0,,1,14,1,0,0,0
1,1,1,1,2,83,FRANCE,PROVENCE-ALPES-COTE-D'AZUR,035,83035,CASTELLET (LE),RD 26,442605,0,3,RD,26,2,0,5,110,0,1,0,0,,1,7,1,0,0,0
1,7,2,1,3,84,FRANCE,PROVENCE-ALPES-COTE-D'AZUR,007,84007,AVIGNON,AVENUE PIERRE SEMARD,442631,1,2,RN,0,3,6,54,214,0,1,,,,1,10,1,0,0,0
1,1,1,1,1,84,FRANCE,PROVENCE-ALPES-COTE-D'AZUR,130,84130,SUZETTE,RD 90,442632,0,3,RD,90,2,2,0,0,0,1,0,0,,1,7,1,0,0,0
1,1,1,1,1,84,FRANCE,PROVENCE-ALPES-COTE-D'AZUR,022,84022,BUISSON,RD 51,442635,0,3,RD,51,2,0,0,0,0,1,0,0,,1,10,1,0,0,0
1,5,1,8,3,84,FRANCE,PROVENCE-ALPES-COTE-D'AZUR,092,84092,PONTET (LE),Autre 0,442637,0,9,Autre,0,2,1,0,0,0,1,4395800,486400,,1,7,1,0,0,0
2,5,1,1,1,84,FRANCE,PROVENCE-ALPES-COTE-D'AZUR,092,84092,PONTET (LE),VC 0,442640,2,4,VC,0,2,3,0,0,0,1,0,0,,1,10,1,0,0,0
3,1,1,1,6,84,FRANCE,PROVENCE-ALPES-COTE-D'AZUR,087,84087,ORANGE,ROUTE DE CAMARET,442662,0,4,VC,0,2,2,3,575,0,1,,,,1,10,1,0,0,0
1,5,9,1,5,84,FRANCE,PROVENCE-ALPES-COTE-D'AZUR,088,84088,PERNES-LES-FONTAINES,VC 0,442675,0,4,VC,0,2,0,0,0,0,1,4401000,503700,,1,7,1,0,0,0
2,2,1,1,7,84,FRANCE,PROVENCE-ALPES-COTE-D'AZUR,077,84077,MODENE,RD 55,442743,0,3,RD,55,2,0,0,0,0,3,0,0,,1,,1,0,0,0
1,1,1,1,7,84,FRANCE,PROVENCE-ALPES-COTE-D'AZUR,099,84099,ROBION,RD 900,442745,0,3,RD,900,2,0,0,0,0,1,0,0,,1,,1,0,0,0
1,1,1,1,2,84,FRANCE,PROVENCE-ALPES-COTE-D'AZUR,076,84076,MIRABEAU,RD 973,442764,0,3,RD,973,2,2,24,200,0,1,0,0,,1,7,1,0,0,0
5,6,1,1,6,84,FRANCE,PROVENCE-ALPES-COTE-D'AZUR,087,84087,ORANGE,DESCENTE DES PRINCES DES BAUX,442765,0,4,VC,0,1,1,,,0,3,,,,1,,1,0,0,0
1,7,1,1,7,84,FRANCE,PROVENCE-ALPES-COTE-D'AZUR,007,84007,AVIGNON,Boulevard SIXTE ISNARD,442772,0,9,Autre,0,0,0,,,0,4,,,,1,,1,0,0,0
3,1,1,2,2,84,FRANCE,PROVENCE-ALPES-COTE-D'AZUR,054,84054,ISLE-SUR-LA-SORGUE (L'),RD 99,442788,0,3,RD,99,2,2,0,0,0,1,0,0,,1,7,1,0,0,0
3,5,1,1,2,84,FRANCE,PROVENCE-ALPES-COTE-D'AZUR,129,84129,SORGUES,RD 183,442793,0,3,RD,183,2,2,0,0,0,1,4402500,488500,,1,7,1,0,0,0
3,1,1,1,1,84,FRANCE,PROVENCE-ALPES-COTE-D'AZUR,020,84020,BONNIEUX,RD 900,442797,0,3,RD,900,0,0,33,100,0,1,4386600,527800,,1,7,1,0,0,0
1,1,1,1,6,84,FRANCE,PROVENCE-ALPES-COTE-D'AZUR,077,84077,MODENE,VC 0,442800,0,4,VC,0,2,0,0,0,0,3,0,0,,1,,1,0,0,0
3,1,1,1,2,84,FRANCE,PROVENCE-ALPES-COTE-D'AZUR,038,84038,CHEVAL-BLANC,RD 973,442809,0,3,RD,973,2,2,0,0,0,3,0,0,,1,7,1,0,0,0
1,1,1,1,5,84,FRANCE,PROVENCE-ALPES-COTE-D'AZUR,087,84087,ORANGE,ROUTE DE CADEROUSSE,442816,0,3,RD,0,2,2,,,0,1,,,,1,7,1,0,0,0
1,3,2,1,3,85,FRANCE,PAYS DE LA LOIRE,273,85273,SAINT-URBAIN,RD 59,442846,0,3,RD,59,2,0,0,0,0,1,0,0,,1,7,1,0,0,0
1,1,1,1,1,85,FRANCE,PAYS DE LA LOIRE,155,85155,MOUILLERON-LE-CAPTIF,RD 948,442909,0,3,RD,948,3,2,39,500,0,1,4670800,-150300,,1,14,1,0,0,0
1,5,1,1,1,85,FRANCE,PAYS DE LA LOIRE,234,85234,SAINT-JEAN-DE-MONTS,VC 0,442922,0,4,VC,0,2,2,0,0,2,5,4678000,-205100,,1,7,1,0,0,0
1,1,1,1,3,85,FRANCE,PAYS DE LA LOIRE,021,85021,BERNARDIERE (LA),RD 763,442928,0,3,RD,763,2,0,0,0,0,1,0,0,,1,7,1,0,0,0
1,1,1,1,7,85,FRANCE,PAYS DE LA LOIRE,178,85178,POIRE-SUR-VIE (LE),RD 2,442958,0,3,RD,2,2,2,1,500,0,1,0,0,,1,,1,0,0,0
1,1,3,1,3,85,FRANCE,PAYS DE LA LOIRE,071,85071,COMMEQUIERS,RD 82,442982,,3,RD,82,,,13,311,,,0,0,,1,7,1,0,0,0
1,1,1,1,2,85,FRANCE,PAYS DE LA LOIRE,003,85003,AIZENAY,RD 6,442988,0,3,RD,6,2,2,24,200,0,1,0,0,,1,7,1,0,0,0
5,5,1,1,6,85,FRANCE,PAYS DE LA LOIRE,194,85194,SABLES-D'OLONNE (LES),QUAI ALBERT PROUTEAU,442999,6,4,VC,0,1,0,,,0,0,4650266,-179480,,1,,1,0,0,0
2,1,1,1,3,85,FRANCE,PAYS DE LA LOIRE,003,85003,AIZENAY,RD 6,443015,0,3,RD,6,2,2,20,980,0,1,0,0,,1,7,1,0,0,0
1,1,2,1,5,85,FRANCE,PAYS DE LA LOIRE,113,85113,ILE-D'YEU (L'),VC 0,443022,0,4,VC,0,2,1,0,0,0,1,4671608,-232321,,1,7,1,0,0,0
1,4,1,1,1,86,FRANCE,POITOU-CHARENTES,092,86092,DANGE-SAINT-ROMAIN,RD 910,443053,0,3,RD,910,2,2,7,500,0,1,0,0,,1,10,1,0,0,0
1,1,1,7,1,86,FRANCE,POITOU-CHARENTES,219,86219,SAINT-CYR,RD 4,443066,0,3,RD,4,2,2,0,500,0,1,0,0,,1,7,1,0,0,0
2,1,2,1,3,86,FRANCE,POITOU-CHARENTES,258,86258,SCORBE-CLAIRVAUX,RD 725,443074,0,3,RD,725,2,2,33,700,0,1,4681800,39100,,1,7,1,0,0,0
3,1,1,1,2,86,FRANCE,POITOU-CHARENTES,174,86174,NAINTRE,RD 910,443081,0,3,RD,910,2,2,32,600,0,1,0,0,,1,10,1,0,0,0
1,1,1,1,1,86,FRANCE,POITOU-CHARENTES,113,86113,ITEUIL,RD 4,443088,0,3,RD,4,2,0,30,0,0,1,0,0,,1,7,1,0,0,0
1,1,1,1,1,86,FRANCE,POITOU-CHARENTES,137,86137,LOUDUN,RD 347,443110,0,3,RD,347,2,0,46,700,0,1,4702300,6800,,1,17,1,0,0,0
1,1,1,1,3,86,FRANCE,POITOU-CHARENTES,174,86174,NAINTRE,RD 910,443119,0,3,RD,910,3,0,27,800,0,1,0,0,,1,17,1,0,0,0
1,1,1,1,6,87,FRANCE,LIMOUSIN,075,87075,ISLE,RN 21,443151,0,2,RN,0,2,2,7,940,0,1,,,,1,,1,0,0,0
1,1,2,1,3,87,FRANCE,LIMOUSIN,085,87085,LIMOGES,AVENUE DE AEROPORT LIMOGES BELLEGARDE,443180,0,3,RD,20,2,2,33,640,0,1,,,,1,7,1,0,0,0
3,1,6,1,6,87,FRANCE,LIMOUSIN,017,87017,BLANZAC,RN 147,443192,0,2,RN,147,2,2,0,0,0,0,4612560,107374,,1,,1,0,0,0
1,1,1,1,3,87,FRANCE,LIMOUSIN,018,87018,BLOND,RD 675,443212,0,3,RD,675,2,2,34,220,0,1,0,0,,1,14,1,0,0,0
1,1,1,1,3,88,FRANCE,LORRAINE,369,88369,RAMONCHAMP,RN 66,443224,0,2,RN,66,2,0,22,0,0,1,4789400,674900,,1,7,1,0,0,0
1,5,3,7,3,88,FRANCE,LORRAINE,209,88209,GOLBEY,RUE DE LORRAINE,443232,0,3,RD,0,2,2,,,0,1,,,,1,17,1,0,0,0
1,1,1,1,3,88,FRANCE,LORRAINE,251,88251,JEANMENIL,RD 32,443246,0,3,RD,32,2,2,32,0,0,1,0,0,,1,7,1,0,0,0
1,1,1,1,1,88,FRANCE,LORRAINE,391,88391,ROCHESSON,RD 23,443301,0,3,RD,23,2,2,53,585,0,1,4802280,678099,,1,7,1,0,0,0
1,1,1,1,7,88,FRANCE,LORRAINE,196,88196,GERARDMER,RD 486,443316,0,3,RD,486,2,2,31,425,0,3,4804440,686796,,1,,1,0,0,0
5,5,1,2,3,89,FRANCE,BOURGOGNE,345,89345,SAINT-FLORENTIN,RD 905,443422,0,3,RD,905,2,2,32,850,0,1,0,0,,1,7,1,0,0,0
5,5,1,1,6,89,FRANCE,BOURGOGNE,418,89418,TONNERRE,RD 117,443431,0,3,RD,117,2,2,0,100,0,4,0,0,,1,,1,0,0,0
1,2,3,1,1,89,FRANCE,BOURGOGNE,101,89101,CHEU,RD 43,443434,0,3,RD,43,0,2,21,500,0,1,0,0,,1,7,1,0,0,0
3,1,1,8,1,90,FRANCE,FRANCHE-COMTE,034,90034,DENNEY,RD 83,443491,3,3,RD,83,2,4,11,0,0,1,0,0,,1,7,1,0,0,0
1,2,1,1,3,90,FRANCE,FRANCHE-COMTE,005,90005,AUXELLES-BAS,RD 12,443492,0,3,RD,12,2,2,21,300,0,0,0,0,,1,17,1,0,0,0
1,3,1,1,1,90,FRANCE,FRANCHE-COMTE,081,90081,RECHESY,VC 0,443494,0,4,VC,0,0,0,0,0,0,1,0,0,,1,14,1,0,0,0
1,5,1,1,6,91,FRANCE,ILE-DE-FRANCE,326,91326,JUVISY-SUR-ORGE,QUAI GAMBETTA,443506,0,4,VC,0,2,2,,,0,1,,,,1,7,0,0,0,1
1,1,1,1,3,91,FRANCE,ILE-DE-FRANCE,275,91275,GOMETZ-LE-CHATEL,RD 35,443514,5,3,RD,35,3,1,1,800,0,1,0,0,,1,7,1,0,0,0
1,1,1,1,1,91,FRANCE,ILE-DE-FRANCE,148,91148,CHAUFFOUR-LES-ETRECHY,RD 148,443515,0,3,RD,148,2,2,12,400,0,1,0,0,,1,7,1,0,0,0
1,6,2,1,6,91,FRANCE,ILE-DE-FRANCE,027,91027,ATHIS-MONS,AVENUE LEON BLUM,443518,0,3,RD,0,2,3,,,0,1,,,,1,14,1,0,0,0
3,1,1,1,1,91,FRANCE,ILE-DE-FRANCE,332,91332,LEUDEVILLE,RD 117,443534,0,3,RD,117,2,2,27,700,0,1,0,0,,1,7,1,0,0,0
1,1,1,1,7,91,FRANCE,ILE-DE-FRANCE,433,91433,MORIGNY-CHAMPIGNY,RN 191,443544,0,2,RN,0,2,2,33,0,0,1,,,,1,,1,0,0,0