lum,agg,int,atm,col,dep_bis,pays,region,com_bis,com_codeINSEE,communes,N_voie,numac,infra,catr,type_route,voie,circ,nbv,pr,pr1,vosp,situ,lat,long,adr,accident_velo,vehicule_imp,cycl_mort,cycl_bgv,cycl_blg,cycl_indm
1,1,1,1,6,91,FRANCE,ILE-DE-FRANCE,477,91477,PALAISEAU,CD 36,443567,3,3,RD,0,1,2,2,600,0,1,,,,1,7,1,0,0,0
5,6,1,1,7,91,FRANCE,ILE-DE-FRANCE,272,91272,GIF-SUR-YVETTE,Autre 0,443571,0,9,Autre,0,0,0,0,0,0,1,0,0,,1,,1,0,0,0
1,6,1,1,6,91,FRANCE,ILE-DE-FRANCE,114,91114,BRUNOY,AVENUE JOFFRE ,443575,0,4,VC,0,2,0,,,0,1,,,,1,10,1,0,0,0
5,6,3,1,3,91,FRANCE,ILE-DE-FRANCE,687,91687,VIRY-CHATILLON,AVENUE GABRIEL PERI,443578,0,3,RD,0,2,2,,,0,1,,,,1,2,1,0,0,0
1,6,1,1,1,91,FRANCE,ILE-DE-FRANCE,421,91421,MONTGERON,AVENUE JEAN JAURES,443623,0,3,RD,50,2,2,0,950,0,1,,,,1,7,1,0,0,0
3,1,1,1,2,91,FRANCE,ILE-DE-FRANCE,103,91103,BRETIGNY-SUR-ORGE,CD 19,443637,0,3,RD,19,3,4,,,0,1,,,,1,7,1,0,0,0
1,7,1,1,3,92,FRANCE,ILE-DE-FRANCE,025,92025,COLOMBES,AVENUE DE L'EUROPE,443702,0,4,VC,0,2,2,,,0,1,,,,1,7,1,0,0,0
1,6,1,1,3,92,FRANCE,ILE-DE-FRANCE,009,92009,BOIS-COLOMBES,RUE FAIDHERBE,443705,4,3,RD,11,2,2,,,0,1,,,,1,15,1,0,0,0
1,7,2,1,3,92,FRANCE,ILE-DE-FRANCE,024,92024,CLICHY,BOULEVARD VICTOR HUGO,443714,0,3,RD,0,2,2,,,0,1,,,,1,14,1,0,0,0
1,6,2,1,3,92,FRANCE,ILE-DE-FRANCE,049,92049,MONTROUGE,RUE GABRIEL PERI,443715,5,3,RD,0,2,2,,,0,1,,,,1,17,1,0,0,0
5,7,1,8,2,92,FRANCE,ILE-DE-FRANCE,050,92050,NANTERRE,AVENUE BENOIT FRACHON ,443724,0,4,VC,0,1,3,,,0,1,,,,1,7,1,0,0,0
1,7,1,1,6,93,FRANCE,ILE-DE-FRANCE,066,93066,SAINT-DENIS,LIBERATION,443760,0,3,RD,0,3,1,,,0,1,,,,1,7,1,0,0,0
1,6,1,1,6,93,FRANCE,ILE-DE-FRANCE,059,93059,PIERREFITTE-SUR-SEINE,AVENUE ELYSEE RECLUS,443765,0,2,RN,0,2,4,,,0,1,,,,1,,0,0,0,1
1,6,2,2,3,93,FRANCE,ILE-DE-FRANCE,046,93046,LIVRY-GARGAN,BOULEVARD DE L'EUROPE,443775,0,2,RN,0,2,0,,,0,0,,,,1,14,1,0,0,0
1,6,1,1,3,93,FRANCE,ILE-DE-FRANCE,073,93073,TREMBLAY-EN-FRANCE,RUE PIERRE BROSSOLETTE,443791,0,4,VC,0,2,2,,,0,1,,,,1,37,1,0,0,0
1,7,6,1,3,93,FRANCE,ILE-DE-FRANCE,051,93051,NOISY-LE-GRAND,AVENUE VICTOR BASCH,443792,0,4,VC,0,4,1,1,0,0,1,,,,1,7,1,0,0,0
1,1,1,1,1,1,FRANCE,RHONE-ALPES,241,1241,MEILLONNAS,RD 52,444813,0,3,RD,52,2,0,0,0,0,1,0,0,,1,7,1,0,0,0
1,1,1,1,1,2,FRANCE,PICARDIE,510,2510,MONTHUREL,RD 85,444846,0,3,RD,85,2,2,12,750,0,1,0,0,,1,10,1,0,0,0
1,1,1,1,5,4,FRANCE,PROVENCE-ALPES-COTE-D'AZUR,143,4143,ORAISON,RD 4,444879,5,3,RD,4,2,2,78,0,0,1,4389000,591000,,1,7,1,0,0,0
3,1,2,2,3,13,FRANCE,PROVENCE-ALPES-COTE-D'AZUR,108,13108,TARASCON,RD79 D,445012,0,3,RD,0,2,2,0,0,0,0,4377960,468126,,1,10,1,0,0,0
1,1,1,7,2,13,FRANCE,PROVENCE-ALPES-COTE-D'AZUR,025,13025,CHATEAUNEUF-LE-ROUGE,RD 7,445016,0,3,RD,7,2,0,72,870,0,1,4348960,554566,,1,7,1,0,0,0
1,1,3,1,3,14,FRANCE,BASSE-NORMANDIE,164,14164,CLINCHAMPS-SUR-ORNE,RD 257,445056,0,3,RD,257,2,2,6,227,0,1,4906950,-40316,,1,38,1,0,0,0
1,3,1,1,1,14,FRANCE,BASSE-NORMANDIE,685,14685,THAON,RD 170,445057,0,3,RD,170,2,2,16,500,0,1,4926040,-45688,,1,31,1,0,0,0
1,2,1,1,1,15,FRANCE,AUVERGNE,266,15266,YOLET,RN 122,445068,0,2,RN,122,2,2,59,900,0,1,0,0,,1,7,1,0,0,0
1,1,1,1,2,17,FRANCE,POITOU-CHARENTES,300,17300,ROCHELLE (LA),D 106,445086,0,3,RD,0,2,2,,,0,1,,,,1,7,1,0,0,0
1,1,1,1,4,17,FRANCE,POITOU-CHARENTES,047,17047,BIRON,RD 700,445089,0,3,RD,700,2,2,0,0,0,1,0,0,,1,10,0,0,1,0
3,1,1,1,2,17,FRANCE,POITOU-CHARENTES,193,17193,JARNE (LA),RD 939,445090,0,3,RD,939,2,1,85,500,0,1,0,0,,1,7,1,0,0,0
1,1,1,1,1,17,FRANCE,POITOU-CHARENTES,337,17337,SAINT-GEORGES-D'OLERON,VC 0,445092,0,4,VC,0,0,2,0,0,0,1,4596600,-132100,,1,7,1,0,0,0
1,3,1,1,1,18,FRANCE,CENTRE,281,18281,VIGNOUX-SUR-BARANGEON,VC 0,445106,0,4,VC,0,2,1,0,0,0,1,0,0,,1,7,1,0,0,0
1,1,1,1,2,19,FRANCE,LIMOUSIN,066,19066,CUBLAC,RD 147,445129,0,3,RD,147,2,2,14,171,0,1,4514410,132547,,1,7,1,0,0,0
1,1,1,1,1,22,FRANCE,BRETAGNE,199,22199,PLEUMEUR-GAUTIER,RD 786,445186,0,3,RD,786,2,0,0,0,0,1,4878500,-318300,,1,7,1,0,0,0
1,3,1,1,1,27,FRANCE,HAUTE-NORMANDIE,003,27003,ACQUIGNY,RD 836,445235,0,3,RD,836,2,2,0,0,0,1,0,0,,1,7,0,0,1,0
1,1,1,1,2,27,FRANCE,HAUTE-NORMANDIE,602,27602,SAINT-SEBASTIEN-DE-MORSENT,RD 830,445245,0,3,RD,830,2,2,5,0,0,1,4900590,107393,,1,33,0,0,1,0
3,1,1,3,5,27,FRANCE,HAUTE-NORMANDIE,226,27226,ETREPAGNY,RD 6,445251,0,3,RD,6,2,2,8,800,0,1,4931460,160332,,1,7,1,0,0,0
1,1,1,1,3,33,FRANCE,AQUITAINE,030,33030,BARSAC,RD 1113,445378,0,3,RD,1113,2,2,0,0,0,1,4460000,-30000,,1,7,1,0,0,0
1,1,1,1,5,34,FRANCE,LANGUEDOC-ROUSSILLON,129,34129,LATTES,AVENUE DE BOIRARGUES,445420,0,3,RD,0,2,2,,,0,1,4357906,391639,,1,33,0,0,1,0
1,1,1,1,1,35,FRANCE,BRETAGNE,108,35108,ESSE,RD 48,445463,0,3,RD,48,2,2,58,600,0,1,4795400,-140000,,1,7,1,0,0,0
1,5,1,1,1,36,FRANCE,CENTRE,088,36088,ISSOUDUN,RN 151,445479,0,2,RN,151,2,0,81,700,0,1,0,0,,1,15,1,0,0,0
1,8,1,1,3,37,FRANCE,CENTRE,261,37261,TOURS,BOULEVARD DE LATTRE DE TASSIGNY,445492,0,4,VC,0,2,2,0,0,2,1,,,,1,7,1,0,0,0
2,1,1,8,1,40,FRANCE,AQUITAINE,027,40027,BASSERCLES,RD 450,445542,0,3,RD,450,2,2,3,0,0,1,4356500,-61200,,1,7,1,0,0,0
1,1,1,8,1,44,FRANCE,PAYS DE LA LOIRE,072,44072,HERBIGNAC,RD 33,445606,0,3,RD,33,2,2,0,0,0,1,0,0,,1,7,1,0,0,0
1,1,1,1,5,45,FRANCE,CENTRE,249,45249,PAUCOURT,Autre 0,445648,0,9,Autre,0,2,2,0,0,0,1,4805210,279450,,1,7,0,0,1,0
1,3,1,1,6,47,FRANCE,AQUITAINE,078,47078,DAMAZAN,VC 7,445680,0,4,VC,7,2,2,0,0,0,1,4428660,28022,,1,,0,0,1,0
1,1,1,1,1,50,FRANCE,BASSE-NORMANDIE,027,50027,BACILLY,RD 41,445724,0,3,RD,41,2,2,0,0,0,1,4872500,-142400,,1,10,1,0,0,0
1,1,1,2,1,56,FRANCE,BRETAGNE,156,56156,PERSQUEN,VC 1,445776,0,4,VC,1,2,0,0,0,0,1,0,0,,1,7,1,0,0,0
1,1,1,1,2,65,FRANCE,MIDI-PYRENEES,164,65164,ESCOUBES-POUTS,RD 937,445955,0,3,RD,937,2,2,18,600,0,1,4311400,3700,,1,10,1,0,0,0
1,1,1,8,2,66,FRANCE,LANGUEDOC-ROUSSILLON,026,66026,BROUILLA,RD 2,445963,0,3,RD,2,2,2,0,0,0,1,4256600,290600,,1,7,1,0,0,0
1,1,1,1,1,67,FRANCE,ALSACE,281,67281,MARCKOLSHEIM,RD 20,445987,0,3,RD,20,2,0,0,150,0,1,4812900,757000,,1,7,1,0,0,0
1,9,1,1,6,69,FRANCE,RHONE-ALPES,383,69383,LYON,AVENUE MARECHAL DE SAXE,446033,0,4,VC,0,2,4,0,0,3,1,,,,1,,0,0,1,0
1,9,1,1,6,75,FRANCE,ILE-DE-FRANCE,109,75109,PARIS,RUE SAINT GEORGES,446127,0,4,VC,0,1,1,,,0,1,,,,1,,0,0,1,0
1,9,1,1,3,75,FRANCE,ILE-DE-FRANCE,112,75112,PARIS,ROUTE ROYALE DE BEAUTE,446135,0,4,VC,0,1,2,,,1,1,,,,1,,1,0,0,0
1,1,1,1,3,76,FRANCE,HAUTE-NORMANDIE,291,76291,FROBERVILLE,RD 104,446154,0,3,RD,104,2,2,0,0,0,1,4973600,32300,,1,7,1,0,0,0
1,6,1,1,6,77,FRANCE,ILE-DE-FRANCE,288,77288,MELUN,PLACE DES TROIS HORLOGES,446173,0,4,VC,0,2,2,,,0,1,,,,1,,0,0,1,1
3,1,1,1,6,77,FRANCE,ILE-DE-FRANCE,085,77085,CHANTELOUP-EN-BRIE,RD 231,446189,0,3,RD,0,2,0,,,0,0,,,,1,7,1,0,0,0
1,1,3,1,3,77,FRANCE,ILE-DE-FRANCE,482,77482,VARENNES-SUR-SEINE,ROUTE DEPARTEMENTALE 28A,446199,0,3,RD,28,2,1,3,94,0,1,,,,1,10,1,0,0,0
1,1,1,1,1,80,FRANCE,PICARDIE,222,80222,CRECY-EN-PONTHIEU,RD 12,446236,0,3,RD,12,3,2,54,0,0,1,0,0,,1,7,1,0,0,0
1,1,3,8,3,83,FRANCE,PROVENCE-ALPES-COTE-D'AZUR,098,83098,PRADET (LE),AVENUE DU GENERAL BROSSET,446300,0,3,RD,0,2,2,34,300,1,1,,,,1,33,1,0,0,0
1,1,2,1,3,88,FRANCE,LORRAINE,447,88447,SAULXURES-SUR-MOSELOTTE,VC 0,446406,5,4,VC,0,2,2,0,0,1,1,4795060,677793,,1,10,1,0,0,0
1,5,1,1,3,91,FRANCE,ILE-DE-FRANCE,645,91645,VERRIERES-LE-BUISSON,VOIE DE LA VALLEE DE LA BIEVRES,446435,0,3,RD,0,2,2,5,0,1,1,,,,1,7,1,0,0,0
1,6,1,1,6,92,FRANCE,ILE-DE-FRANCE,009,92009,BOIS-COLOMBES,RUE DU GENERAL LECLERC,446459,0,3,RD,13,1,1,,,0,1,,,,1,,0,0,1,0
1,6,1,1,1,93,FRANCE,ILE-DE-FRANCE,053,93053,NOISY-LE-SEC,RUE DE PARIS,446472,2,9,Autre,0,2,1,,,1,1,,,,1,,1,0,0,0
3,1,1,1,1,31,FRANCE,MIDI-PYRENEES,161,31161,DEYME,Autre 0,446700,0,9,Autre,0,2,0,0,0,1,1,4349300,154000,,1,30,1,0,0,0
1,1,1,1,1,33,FRANCE,AQUITAINE,452,33452,SAINT-MICHEL-DE-RIEUFRET,RD 117,446712,0,3,RD,117,2,2,5,500,0,1,0,0,,1,7,1,0,0,0
1,1,1,1,3,39,FRANCE,FRANCHE-COMTE,396,39396,ORCHAMPS,RD 76,446739,0,3,RD,76,2,2,9,150,0,1,4714400,565500,,1,7,1,0,2,0
3,1,1,1,2,45,FRANCE,CENTRE,145,45145,FERRIERES-EN-GATINAIS,RD 33,446773,0,3,RD,33,2,0,4,800,0,1,0,0,,1,7,1,0,0,0
1,6,6,1,3,91,FRANCE,ILE-DE-FRANCE,570,91570,SAINT-MICHEL-SUR-ORGE,RUE TIPHOINES,446942,0,4,VC,0,2,2,,,0,1,,,,1,30,1,0,0,0
5,6,1,2,6,92,FRANCE,ILE-DE-FRANCE,032,92032,FONTENAY-AUX-ROSES,RUE GABRIEL PERI,446944,0,3,RD,0,2,2,,,0,1,,,,1,7,1,0,0,0
4,8,1,1,5,45,FRANCE,CENTRE,234,45234,ORLEANS,PONT JOFFRE,447024,2,2,RN,0,2,4,,,0,1,4789773,345699,,1,7,0,0,1,0
1,5,2,1,6,54,FRANCE,LORRAINE,526,54526,TOMBLAINE,RUE EUGENE POTIER,447029,0,4,VC,0,2,3,,,0,1,,,,1,7,0,0,1,0
1,8,1,1,6,63,FRANCE,AUVERGNE,113,63113,CLERMONT-FERRAND,BOULEVARD JEAN MOULIN,447130,0,4,VC,0,3,6,,,0,1,,,,1,7,1,0,0,0
1,1,1,1,2,1,FRANCE,RHONE-ALPES,303,1303,PONCIN,RD 1084,447185,0,3,RD,1084,2,2,46,500,0,1,0,0,,1,31,1,0,0,0
1,1,9,1,3,1,FRANCE,RHONE-ALPES,354,1354,SAINT-GENIS-POUILLY,RD 35,447192,5,3,RD,35,2,2,2,250,1,1,0,0,,1,33,0,1,0,0
5,5,1,1,6,2,FRANCE,PICARDIE,340,2340,GAUCHY,RUE PIERRE SEMARD,447205,0,4,VC,0,2,2,,,0,4,,,,1,7,0,1,0,0
1,5,3,1,2,3,FRANCE,AUVERGNE,321,3321,YZEURE,ROUTE DE MONTBEUGNY,447230,0,4,VC,0,2,2,,,0,1,,,,1,7,1,0,0,0
2,1,1,1,1,6,FRANCE,PROVENCE-ALPES-COTE-D'AZUR,150,6150,TURBIE (LA),RD 53,447291,0,3,RD,53,2,2,0,260,0,1,0,0,,1,7,1,0,0,0
1,3,1,1,6,7,FRANCE,RHONE-ALPES,090,7090,FLAVIAC,RD 104,447309,0,3,RD,104,2,2,7,100,0,1,0,0,,1,,0,1,0,0
1,1,1,1,4,13,FRANCE,PROVENCE-ALPES-COTE-D'AZUR,097,13097,SAINT-MARTIN-DE-CRAU,RD 5,447471,0,3,RD,5,2,2,52,0,0,1,4362970,491912,,1,7,1,0,0,0
1,1,1,1,1,14,FRANCE,BASSE-NORMANDIE,516,14516,POTIGNY,RD 658,447505,0,3,RD,658,2,0,17,0,0,1,0,0,,1,,1,0,0,0
1,1,1,1,6,14,FRANCE,BASSE-NORMANDIE,341,14341,IFS,RD 235,447510,0,2,RN,0,2,2,,,0,1,,,,1,7,1,0,0,0
1,1,1,1,5,17,FRANCE,POITOU-CHARENTES,385,17385,SAINT-PIERRE-D'OLERON,RD 126,447577,0,3,RD,126,2,2,0,0,0,1,0,0,,1,7,1,0,0,0
1,1,1,1,3,21,FRANCE,BOURGOGNE,577,21577,SAINT-USAGE,RD 968,447711,0,3,RD,968,2,2,24,0,0,1,4711500,525700,,1,33,1,0,0,0
2,2,1,8,6,22,FRANCE,BRETAGNE,900,22900,BOTLEZAN,RD 32,447737,0,3,RD,32,2,1,0,0,0,1,4862600,-332700,,1,,0,1,0,0
1,6,2,1,2,24,FRANCE,AQUITAINE,037,24037,BERGERAC,RUE DOCTEUR ROUX,447768,0,2,RN,0,2,1,,,0,1,,,,1,17,1,0,0,0
1,1,1,1,2,26,FRANCE,RHONE-ALPES,196,26196,MONTELEGER,RD 261,447838,0,3,RD,261,2,2,0,0,0,1,4489300,492000,,1,18,1,1,0,0
1,4,4,1,5,27,FRANCE,HAUTE-NORMANDIE,279,27279,GASNY,RD 5,447905,0,3,RD,5,2,2,10,594,0,1,4909870,161067,,1,10,0,1,0,0
1,2,1,1,2,28,FRANCE,CENTRE,133,28133,DOUY,RD 111,447951,0,3,RD,111,3,2,3,450,0,1,4804710,128487,,1,33,1,0,0,0
1,1,1,1,3,34,FRANCE,LANGUEDOC-ROUSSILLON,299,34299,SERIGNAN,RD 37,448187,0,3,RD,37,2,0,3,302,0,1,4328000,332200,,1,33,1,0,0,0
3,4,1,1,6,34,FRANCE,LANGUEDOC-ROUSSILLON,077,34077,CLAPIERS,Autre 0,448189,0,9,Autre,0,0,0,0,0,1,5,0,0,,1,,0,1,0,0
1,3,1,1,2,34,FRANCE,LANGUEDOC-ROUSSILLON,258,34258,SAINT-GENIES-DE-FONTEDIT,RD 154,448201,0,3,RD,154,2,1,0,0,0,1,4346900,318300,,1,,1,0,0,0
1,1,1,1,6,34,FRANCE,LANGUEDOC-ROUSSILLON,174,34174,MOULES-ET-BAUCELS,RD 999,448220,0,3,RD,999,2,2,0,440,0,1,4394958,378360,,1,7,1,0,0,0
1,1,1,7,1,37,FRANCE,CENTRE,052,37052,CHANCAY,Autre 0,448319,0,9,Autre,0,0,0,0,0,0,0,0,0,,1,31,0,1,0,0
1,1,1,1,3,37,FRANCE,CENTRE,192,37192,REIGNAC-SUR-INDRE,RD 58,448327,0,3,RD,58,2,2,11,0,0,1,0,0,,1,33,0,1,0,0
1,1,1,1,1,39,FRANCE,FRANCHE-COMTE,519,39519,SOUCIA,RD 27,448408,0,3,RD,27,0,2,34,500,0,1,0,0,,1,7,1,0,0,0
2,1,1,1,1,42,FRANCE,RHONE-ALPES,208,42208,SAINT-CHRISTO-EN-JAREZ,RD 23,448491,0,3,RD,23,1,0,0,0,0,1,4550011,438520,,1,30,1,0,0,0
5,1,1,1,3,43,FRANCE,AUVERGNE,224,43224,SAINTE-SIGOLENE,RD 44,448514,0,3,RD,44,2,2,37,470,0,1,4526000,425500,,1,7,1,0,0,0
1,1,1,1,3,44,FRANCE,PAYS DE LA LOIRE,018,44018,BOUAYE,RD 751,448521,0,3,RD,751,2,2,7,300,0,1,0,0,,1,5,1,0,0,0
1,1,1,1,2,44,FRANCE,PAYS DE LA LOIRE,175,44175,SAINT-LYPHARD,RD 51,448548,0,3,RD,51,2,2,0,0,0,1,0,0,,1,33,1,0,0,0
1,1,1,1,3,45,FRANCE,CENTRE,272,45272,SAINT-CYR-EN-VAL,RD 326,448578,0,3,RD,326,2,1,0,0,0,1,0,0,,1,7,1,0,0,0
1,1,1,1,5,45,FRANCE,CENTRE,289,45289,SAINT-LYE-LA-FORET,RD 97,448580,0,3,RD,97,2,2,14,900,0,1,4804000,197800,,1,7,0,0,0,1
5,5,1,2,4,45,FRANCE,CENTRE,284,45284,SAINT-JEAN-DE-BRAYE,RUE DE CHARBONNIERE,448596,0,4,VC,0,2,2,,,0,1,4792577,197462,,1,7,0,1,0,0
1,1,1,1,1,47,FRANCE,AQUITAINE,057,47057,CASTILLONNES,RD 2,448628,0,3,RD,2,2,2,1,900,0,1,4465100,61000,,1,7,1,0,0,0
1,1,1,1,4,47,FRANCE,AQUITAINE,323,47323,VILLENEUVE-SUR-LOT,SUD MONMARES,448632,0,3,RD,0,2,2,7,400,0,1,,,,1,7,0,1,0,0
1,3,1,1,1,48,FRANCE,LANGUEDOC-ROUSSILLON,070,48070,GRANDRIEU,RD 5,448658,0,3,RD,5,0,0,0,0,0,1,4478000,363000,,1,7,1,1,0,0
1,1,1,1,5,49,FRANCE,PAYS DE LA LOIRE,367,49367,VERN-D'ANJOU,RD 51,448697,0,3,RD,51,2,2,22,40,0,1,4758012,-85457,,1,10,0,1,0,0
1,1,1,1,5,51,FRANCE,CHAMPAGNE-ARDENNE,224,51224,ECRIENNES,RD 58,448737,0,3,RD,58,2,2,16,500,0,1,4869500,469600,,1,7,0,1,0,0
3,1,1,1,2,51,FRANCE,CHAMPAGNE-ARDENNE,525,51525,SARRY,CD 80,448743,0,3,RD,0,2,2,2,520,0,1,,,,1,2,1,0,0,0
1,1,1,1,3,57,FRANCE,LORRAINE,238,57238,FRESNES-EN-SAULNOIS,RD 955,448877,5,3,RD,955,4,3,40,400,0,1,4884400,646500,,1,7,1,0,0,0
2,5,1,1,1,59,FRANCE,NORD-PAS-DE-CALAIS,484,59484,QUIEVRECHAIN,AVENUE JEAN JAURES,448965,0,3,RD,0,2,2,,,0,1,,,,1,7,1,1,0,0
1,4,1,1,3,69,FRANCE,RHONE-ALPES,297,69297,TERNAY,VC 1,449261,0,4,VC,1,2,0,0,0,0,1,0,0,,1,31,0,1,0,0
3,1,1,1,5,72,FRANCE,PAYS DE LA LOIRE,075,72075,CHEMIRE-LE-GAUDIN,RD 31,449389,0,3,RD,31,2,1,0,0,0,1,4793200,-2800,,1,7,0,1,0,0
1,1,1,1,1,74,FRANCE,RHONE-ALPES,232,74232,SAINT-EUSTACHE,RD 912,449452,0,3,RD,912,2,2,8,950,0,1,0,0,,1,33,1,0,0,0
3,1,1,1,5,78,FRANCE,ILE-DE-FRANCE,389,78389,MERE,RD 155,449578,0,3,RD,155,2,2,0,0,0,0,0,0,,1,7,1,0,0,0
3,1,1,1,2,80,FRANCE,PICARDIE,793,80793,VIGNACOURT,RD 12,449650,0,3,RD,12,2,0,0,0,0,1,0,0,,1,33,1,0,0,0
1,3,1,1,3,80,FRANCE,PICARDIE,029,80029,ARREST,RD 80,449673,0,3,RD,80,2,2,0,0,0,1,0,0,,1,13,1,1,0,0
1,5,9,1,3,89,FRANCE,BOURGOGNE,206,89206,JOIGNY,RD 47,449948,0,3,RD,47,2,2,0,0,0,1,4798300,342400,,1,7,1,1,0,0
1,5,1,1,6,92,FRANCE,ILE-DE-FRANCE,022,92022,CHAVILLE,ROUTE DU PAVE DE MEUDON,449999,0,4,VC,0,2,2,,,0,1,,,,1,,0,1,0,0
1,7,3,7,3,93,FRANCE,ILE-DE-FRANCE,066,93066,SAINT-DENIS,AVENUE DU STADE DE FRANCE,450014,0,4,VC,0,2,2,,,0,1,,,,1,37,1,1,0,0
1,6,3,1,6,93,FRANCE,ILE-DE-FRANCE,072,93072,STAINS,RUE ROGER SALENGRO,450020,0,4,VC,0,2,2,,,0,1,,,,1,34,0,1,0,0
1,1,1,1,1,7,FRANCE,RHONE-ALPES,087,7087,FABRAS,RD 5,450209,0,3,RD,5,2,2,25,900,0,1,4466000,427000,,1,7,1,0,0,0
1,1,1,1,5,13,FRANCE,PROVENCE-ALPES-COTE-D'AZUR,060,13060,MEYREUIL,RD 58,450255,0,3,RD,58,2,2,4,300,0,0,0,0,,1,7,0,1,0,0
1,6,1,1,1,83,FRANCE,PROVENCE-ALPES-COTE-D'AZUR,118,83118,SAINT-RAPHAEL,BOULEVARD RAYMOND POINCARE,450620,0,2,RN,0,2,1,,,0,1,,,,1,7,1,0,0,0
5,6,2,1,3,89,FRANCE,BOURGOGNE,387,89387,SENS,BOULEVARD DU PONT NEUF,450661,0,4,VC,0,2,2,,,0,1,,,,1,7,1,0,0,0
1,1,1,1,5,4,FRANCE,PROVENCE-ALPES-COTE-D'AZUR,124,4124,MONTAGNAC-MONTPEZAT,RD 11,450713,0,3,RD,11,2,2,4,700,0,1,4379150,613412,,1,7,1,0,0,0
1,1,1,1,3,37,FRANCE,CENTRE,281,37281,VOUVRAY,RD 142,451272,2,3,RD,142,2,2,0,0,0,1,0,0,,1,7,1,0,0,0
1,4,3,1,6,62,FRANCE,NORD-PAS-DE-CALAIS,023,62023,ALLOUAGNE,RUE DU CIMETIERE,451490,0,4,VC,0,2,1,,,0,1,,,,1,7,1,0,0,0
3,1,1,1,5,74,FRANCE,RHONE-ALPES,029,74029,BASSY,RD 14,451882,0,3,RD,14,2,2,0,0,0,1,4600700,582000,,1,33,1,0,0,0
1,1,1,1,5,76,FRANCE,HAUTE-NORMANDIE,018,76018,VAL-DE-SAANE,RD 23,452239,0,3,RD,23,2,2,27,400,0,1,0,0,,1,7,1,0,0,0
1,1,1,1,5,57,FRANCE,LORRAINE,134,57134,CHATEL-SAINT-GERMAIN,RD 643,452555,0,3,RD,643,2,2,3,100,0,1,4914100,607100,,1,7,0,0,1,0
1,1,1,1,4,31,FRANCE,MIDI-PYRENEES,407,31407,PAULHAC,RD 30,452570,0,3,RD,30,2,2,29,500,0,1,0,0,,1,7,0,0,0,1
1,1,1,8,5,32,FRANCE,MIDI-PYRENEES,464,32464,VILLECOMTAL-SUR-ARROS,RN 21,452630,0,2,RN,21,2,2,100,146,0,1,4339640,18032,,1,7,0,1,0,0
1,1,1,1,1,11,FRANCE,LANGUEDOC-ROUSSILLON,091,11091,CHALABRE,RD 12,452702,0,3,RD,12,2,2,24,535,0,1,0,0,,1,31,1,0,0,0
1,5,1,1,1,26,FRANCE,RHONE-ALPES,347,26347,TAIN-L'HERMITAGE,AVENUE DU PRESIDENT ROOSEVELT,452800,0,2,RN,7,3,2,28,452,0,1,0,0,,1,17,2,0,0,0
5,9,1,1,1,31,FRANCE,MIDI-PYRENEES,555,31555,TOULOUSE,AVENUE DE LYON,452834,0,4,VC,0,2,3,,,0,1,,,,1,33,1,0,0,0
1,1,2,1,3,33,FRANCE,AQUITAINE,530,33530,TEUILLAC,RD 250,452851,0,3,RD,250,2,2,8,500,0,1,4510200,-54300,,1,33,1,0,0,0
2,1,1,7,1,34,FRANCE,LANGUEDOC-ROUSSILLON,322,34322,VALFLAUNES,RD 1,452877,0,3,RD,1,2,2,29,120,0,1,4378806,383400,,1,33,1,0,0,0
1,1,1,1,2,56,FRANCE,BRETAGNE,160,56160,PLEUGRIFFET,RD 764,453023,0,3,RD,764,2,2,50,100,0,1,0,0,,1,33,1,0,0,0
1,1,1,1,2,57,FRANCE,LORRAINE,331,57331,HOMBOURG-BUDANGE,RD 918,453031,0,3,RD,918,3,3,15,600,0,1,4930300,635300,,1,33,1,0,0,0
1,3,1,1,3,77,FRANCE,ILE-DE-FRANCE,214,77214,GRESSY,V.C. ,453163,2,3,RD,0,2,2,,,0,1,,,,1,33,1,0,0,0
2,1,1,2,2,77,FRANCE,ILE-DE-FRANCE,063,77063,CELLE-SUR-MORIN (LA),RD 216,453171,0,3,RD,216,2,2,7,500,0,1,4880000,296300,,1,7,2,0,0,0
1,1,1,1,5,85,FRANCE,PAYS DE LA LOIRE,069,85069,CLOUZEAUX (LES),VC 0,453444,0,4,VC,0,2,0,0,0,0,1,4665020,-146676,,1,7,1,0,0,0
1,1,1,1,5,1,FRANCE,RHONE-ALPES,374,1374,SAINT-MARTIN-DU-MONT,RD 1075,453471,0,3,RD,1075,2,2,11,550,0,1,0,0,,1,7,1,0,0,0
3,1,1,1,5,11,FRANCE,LANGUEDOC-ROUSSILLON,170,11170,GRUISSAN,RD 332,453492,0,3,RD,332,2,2,5,550,1,1,4314300,313900,,1,7,1,1,0,0
1,5,1,1,5,33,FRANCE,AQUITAINE,056,33056,BLANQUEFORT,VC 0,453561,0,4,VC,0,2,0,0,0,1,5,4495100,-58900,,1,7,1,0,0,0
2,1,1,2,6,37,FRANCE,CENTRE,153,37153,MONNAIE,RD 5,453576,0,3,RD,5,2,2,17,900,0,1,0,0,,1,7,1,0,0,0